# Blender v2.92.0 OBJ File: 'model.blend'
# www.blender.org
o cup.001
v -24.560375 -19.366667 8.440975
v -24.543831 -11.418561 8.500069
v -26.885733 -11.418560 8.835018
v -26.886417 -19.366667 8.773657
v -33.614861 -10.081040 6.550924
v -31.634842 -10.081040 8.035431
v -32.788818 -6.615524 10.086714
v -35.260426 -6.615525 8.233641
v -35.143192 -10.081040 4.604535
v -37.168205 -6.615525 5.804008
v -36.115685 -10.081041 2.328905
v -38.382145 -6.615527 2.963397
v -36.466064 -10.081041 -0.120883
v -38.819519 -6.615526 -0.094615
v -36.170456 -10.081041 -2.577882
v -38.450512 -6.615527 -3.161626
v -35.248997 -10.081042 -4.874651
v -37.300278 -6.615527 -6.028627
v -33.764492 -10.081042 -6.854669
v -35.447208 -6.615528 -8.500237
v -31.818104 -10.081042 -8.383001
v -33.017578 -6.615528 -10.408016
v -29.542473 -10.081043 -9.355495
v -30.176966 -6.615528 -11.621956
v -27.092686 -10.081043 -9.705875
v -27.118954 -6.615528 -12.059327
v -24.635685 -10.081043 -9.410265
v -24.051943 -6.615528 -11.690323
v -22.338917 -10.081042 -8.488809
v -21.184940 -6.615528 -10.540093
v -20.358898 -10.081042 -7.004303
v -18.713331 -6.615528 -8.687021
v -18.830564 -10.081042 -5.057913
v -16.805550 -6.615527 -6.257388
v -17.858070 -10.081041 -2.782284
v -15.591610 -6.615527 -3.416776
v -17.507690 -10.081041 -0.332495
v -15.154237 -6.615526 -0.358766
v -17.803301 -10.081041 2.124503
v -15.523243 -6.615526 2.708246
v -18.724756 -10.081040 4.421272
v -16.673471 -6.615525 5.575247
v -20.209261 -10.081040 6.401291
v -18.526543 -6.615525 8.046856
v -22.155649 -10.081040 7.929625
v -20.956173 -6.615524 9.954638
v -24.431278 -10.081039 8.902118
v -23.796785 -6.615524 11.168578
v -29.219301 -19.366667 8.492979
v -29.234522 -11.418561 8.552425
v -31.430136 -11.418561 7.671552
v -31.400049 -19.366667 7.618070
v -26.881073 -10.081039 9.252501
v -26.854805 -6.615524 11.605950
v -35.987221 -19.366669 -0.126226
v -36.048584 -11.418562 -0.125542
v -35.765991 -11.418562 -2.474331
v -35.706543 -19.366669 -2.459109
v -29.413378 -19.366671 -8.894349
v -29.429920 -11.418563 -8.953445
v -27.088026 -11.418564 -9.288393
v -27.087339 -19.366671 -9.227030
v -19.242582 -19.366669 -4.813861
v -19.189785 -11.418563 -4.845137
v -18.260120 -11.418562 -2.669731
v -18.319214 -19.366669 -2.653186
v -20.551634 -19.366667 6.066478
v -20.507761 -11.418561 6.109383
v -22.368425 -11.418561 7.570406
v -22.399700 -19.366667 7.517608
v -34.731174 -19.366669 4.360486
v -34.783974 -11.418561 4.391759
v -35.713634 -11.418562 2.216352
v -35.654541 -19.366669 2.199811
v -33.422119 -19.366671 -6.519854
v -33.465992 -11.418563 -6.562759
v -31.605328 -11.418563 -8.023782
v -31.574053 -19.366671 -7.970983
v -22.573709 -19.366671 -8.071445
v -22.543621 -11.418563 -8.124928
v -20.650806 -11.418563 -6.705804
v -20.693712 -19.366671 -6.661929
v -18.267212 -19.366669 2.005734
v -18.207764 -11.418562 2.020953
v -19.088634 -11.418561 4.216568
v -19.142118 -19.366669 4.186481
v -33.322952 -11.418561 6.252425
v -33.280045 -19.366667 6.208553
v -34.885117 -11.418563 -4.669946
v -34.831635 -19.366669 -4.639856
v -24.739237 -11.418563 -9.005802
v -24.754457 -19.366671 -8.946353
v -17.925171 -11.418562 -0.327835
v -17.986534 -19.366669 -0.327149
v -29.338074 -10.081039 8.956888
v -29.921818 -6.615524 11.236945
v -26.884342 -10.723987 8.959635
v -29.265430 -10.723987 8.673154
v -31.491240 -10.723988 7.780168
v -33.410084 -10.723988 6.341525
v -34.891197 -10.723988 4.455272
v -35.833645 -10.723988 2.249949
v -36.173199 -10.723989 -0.124151
v -35.886723 -10.723988 -2.505240
v -34.993736 -10.723989 -4.731049
v -33.555092 -10.723989 -6.649892
v -31.668839 -10.723989 -8.131006
v -29.463516 -10.723990 -9.073453
v -27.089417 -10.723990 -9.413010
v -24.708328 -10.723990 -9.126531
v -22.482517 -10.723989 -8.233545
v -20.563673 -10.723989 -6.794905
v -19.082560 -10.723989 -4.908649
v -18.140114 -10.723989 -2.703327
v -17.800556 -10.723989 -0.329226
v -18.087034 -10.723989 2.051861
v -18.980021 -10.723988 4.277671
v -20.418661 -10.723988 6.196514
v -22.304913 -10.723988 7.677629
v -24.510235 -10.723987 8.620077
v -26.851555 -5.972571 11.897164
v -29.994049 -5.972571 11.519077
v -26.850208 -5.277982 12.017787
v -30.023968 -5.277982 11.635940
v -32.931610 -5.972571 10.340534
v -32.990757 -5.277982 10.445673
v -35.464046 -5.972571 8.441857
v -35.548389 -5.277983 8.528103
v -37.418777 -5.972572 5.952429
v -37.522572 -5.277983 6.013908
v -38.662598 -5.972574 3.041908
v -38.778759 -5.277984 3.074429
v -39.110733 -5.972573 -0.091364
v -39.231354 -5.277984 -0.090018
v -38.732643 -5.972573 -3.233858
v -38.849506 -5.277985 -3.263777
v -37.554104 -5.972574 -6.171419
v -37.659241 -5.277985 -6.230565
v -35.655426 -5.972574 -8.703856
v -35.741669 -5.277986 -8.788198
v -33.166000 -5.972575 -10.658588
v -33.227478 -5.277986 -10.762379
v -30.255476 -5.972575 -11.902406
v -30.287998 -5.277986 -12.018569
v -27.122206 -5.972575 -12.350541
v -27.123550 -5.277986 -12.471164
v -23.979710 -5.972575 -11.972457
v -23.949791 -5.277986 -12.089317
v -21.042150 -5.972575 -10.793915
v -20.983004 -5.277986 -10.899052
v -18.509712 -5.972574 -8.895238
v -18.425369 -5.277986 -8.981484
v -16.554977 -5.972574 -6.405809
v -16.451187 -5.277985 -6.467288
v -15.311161 -5.972573 -3.495288
v -15.194996 -5.277985 -3.527808
v -14.863023 -5.972573 -0.362016
v -14.742399 -5.277984 -0.363363
v -15.241111 -5.972572 2.780477
v -15.124249 -5.277984 2.810397
v -16.419649 -5.972572 5.718038
v -16.314512 -5.277983 5.777184
v -18.318325 -5.972571 8.250477
v -18.232079 -5.277983 8.334819
v -20.807751 -5.972571 10.205212
v -20.746273 -5.277982 10.309000
v -23.718273 -5.972571 11.449025
v -23.685753 -5.277982 11.565192
v -37.522572 21.737242 6.013904
v -35.548389 21.737242 8.528098
v -35.006767 21.737242 7.974250
v -36.856056 21.737240 5.619108
v -15.124249 21.737240 2.810393
v -14.742399 21.737240 -0.363367
v -15.517015 21.737240 -0.354721
v -15.874706 21.737240 2.618259
v -27.123550 21.737238 -12.471169
v -30.287998 21.737238 -12.018574
v -30.079161 21.737238 -11.272592
v -27.114904 21.737238 -11.696554
v -38.778759 21.737240 3.074424
v -38.032776 21.737240 2.865587
v -16.314512 21.737242 5.777180
v -16.989672 21.737240 5.397361
v -23.949791 21.737238 -12.089322
v -24.141926 21.737238 -11.338863
v -39.231354 21.737240 -0.090023
v -38.456738 21.737240 -0.098669
v -18.232079 21.737242 8.334814
v -18.785929 21.737242 7.793193
v -20.983004 21.737238 -10.899056
v -21.362823 21.737238 -10.223898
v -38.849506 21.737240 -3.263782
v -38.099045 21.737240 -3.071648
v -20.746273 21.737242 10.308995
v -21.141068 21.737242 9.642483
v -18.425369 21.737238 -8.981489
v -18.966991 21.737238 -8.427640
v -37.659241 21.737238 -6.230569
v -36.984081 21.737240 -5.850751
v -23.685753 21.737242 11.565187
v -23.894588 21.737242 10.819205
v -30.023968 21.737242 11.635935
v -26.850208 21.737242 12.017782
v -26.858854 21.737242 11.243168
v -29.831835 21.737242 10.885477
v -16.451187 21.737238 -6.467292
v -17.117701 21.737240 -6.072498
v -35.741669 21.737238 -8.788202
v -35.187820 21.737238 -8.246580
v -32.990757 21.737242 10.445668
v -32.610935 21.737242 9.770510
v -15.194996 21.737240 -3.527813
v -15.940978 21.737240 -3.318976
v -33.227478 21.737238 -10.762383
v -32.832680 21.737238 -10.095870
v -36.856056 -3.892990 5.619113
v -38.032776 -3.892991 2.865591
v -15.874706 -3.892991 2.618263
v -16.989672 -3.892990 5.397365
v -27.114904 -3.892993 -11.696549
v -24.141926 -3.892993 -11.338860
v -38.456738 -3.892991 -0.098664
v -18.785929 -3.892990 7.793197
v -21.362823 -3.892993 -10.223893
v -38.099045 -3.892992 -3.071644
v -21.141068 -3.892989 9.642487
v -18.966991 -3.892992 -8.427636
v -36.984081 -3.892992 -5.850746
v -23.894588 -3.892989 10.819209
v -26.858854 -3.892989 11.243173
v -29.831835 -3.892989 10.885481
v -17.117701 -3.892992 -6.072494
v -35.187820 -3.892992 -8.246576
v -32.610935 -3.892989 9.770514
v -15.940978 -3.892992 -3.318971
v -32.832680 -3.892993 -10.095865
v -35.006767 -3.892990 7.974254
v -15.517015 -3.892991 -0.354717
v -30.079161 -3.892993 -11.272588
v -21.619696 -11.376897 -5.715042
v -20.382088 -11.376897 -4.138900
v -33.677345 -11.376897 -3.990499
v -32.475231 -11.376897 -5.593871
v -24.917414 -11.376895 7.165605
v -26.901201 -11.376895 7.449335
v -28.890820 -11.376895 7.209955
v -30.750690 -11.376895 6.463782
v -19.594584 -11.376896 -2.296150
v -30.899090 -11.376897 -6.831479
v -32.354061 -11.376895 5.261662
v -19.310854 -11.376896 -0.312369
v -29.056339 -11.376897 -7.618980
v -33.591671 -11.376895 3.685521
v -19.550232 -11.376896 1.677252
v -27.072559 -11.376897 -7.902710
v -34.379173 -11.376896 1.842772
v -20.296406 -11.376895 3.537121
v -25.082937 -11.376897 -7.663332
v -34.662903 -11.376896 -0.141010
v -21.498524 -11.376895 5.140493
v -23.223068 -11.376897 -6.917159
v -34.423523 -11.376896 -2.130630
v -23.074663 -11.376895 6.378103
v -33.591671 -18.057222 3.685522
v -34.379173 -18.057222 1.842773
v -19.550232 -18.057222 1.677253
v -20.296406 -18.057222 3.537122
v -27.072559 -18.057224 -7.902709
v -25.082937 -18.057224 -7.663331
v -34.662903 -18.057222 -0.141009
v -21.498524 -18.057222 5.140494
v -23.223068 -18.057224 -6.917158
v -34.423523 -18.057222 -2.130629
v -23.074663 -18.057220 6.378104
v -21.619696 -18.057222 -5.715041
v -33.677345 -18.057222 -3.990498
v -24.917414 -18.057220 7.165606
v -26.901201 -18.057220 7.449336
v -28.890820 -18.057220 7.209956
v -20.382088 -18.057222 -4.138899
v -32.475231 -18.057222 -5.593870
v -30.750690 -18.057220 6.463783
v -19.594584 -18.057222 -2.296149
v -30.899090 -18.057224 -6.831478
v -32.354061 -18.057222 5.261663
v -19.310854 -18.057222 -0.312368
v -29.056339 -18.057224 -7.618979
vt 0.041666 0.598930
vt 0.041666 0.966216
vt -0.000000 0.966216
vt -0.000000 0.598930
vt 0.875000 1.000000
vt 0.916667 1.000000
vt 0.916667 1.000000
vt 0.875000 1.000000
vt 0.833333 1.000000
vt 0.833333 1.000000
vt 0.791667 1.000000
vt 0.791667 1.000000
vt 0.750000 1.000000
vt 0.750000 1.000000
vt 0.708333 1.000000
vt 0.708333 1.000000
vt 0.666667 1.000000
vt 0.666667 1.000000
vt 0.625000 1.000000
vt 0.625000 1.000000
vt 0.583333 1.000000
vt 0.583333 1.000000
vt 0.541666 1.000000
vt 0.541666 1.000000
vt 0.500000 1.000000
vt 0.500000 1.000000
vt 0.458333 1.000000
vt 0.458333 1.000000
vt 0.416666 1.000000
vt 0.416666 1.000000
vt 0.375000 1.000000
vt 0.375000 1.000000
vt 0.333333 1.000000
vt 0.333333 1.000000
vt 0.291667 1.000000
vt 0.291667 1.000000
vt 0.250000 1.000000
vt 0.250000 1.000000
vt 0.208333 1.000000
vt 0.208333 1.000000
vt 0.166666 1.000000
vt 0.166667 1.000000
vt 0.125000 1.000000
vt 0.125000 1.000000
vt 0.083333 1.000000
vt 0.083333 1.000000
vt 0.041666 1.000000
vt 0.041666 1.000000
vt 0.958333 0.598930
vt 0.958333 0.966216
vt 0.916667 0.966216
vt 0.916667 0.598930
vt -0.000000 1.000000
vt -0.000000 1.000000
vt 0.750000 0.598930
vt 0.750000 0.966216
vt 0.708333 0.966216
vt 0.708333 0.598930
vt 0.541667 0.598931
vt 0.541666 0.966216
vt 0.500000 0.966216
vt 0.500000 0.598930
vt 0.333333 0.598930
vt 0.333333 0.966216
vt 0.291667 0.966216
vt 0.291667 0.598930
vt 0.125000 0.598930
vt 0.125000 0.966216
vt 0.083333 0.966216
vt 0.083333 0.598930
vt 0.833333 0.598930
vt 0.833333 0.966216
vt 0.791667 0.966216
vt 0.791667 0.598930
vt 0.625000 0.598930
vt 0.625000 0.966216
vt 0.583333 0.966216
vt 0.583333 0.598930
vt 0.416666 0.598930
vt 0.416666 0.966216
vt 0.375000 0.966216
vt 0.375000 0.598930
vt 0.208333 0.598930
vt 0.208333 0.966216
vt 0.166666 0.966216
vt 0.166666 0.598930
vt 0.875000 0.966216
vt 0.875000 0.598930
vt 0.666667 0.966216
vt 0.666667 0.598930
vt 1.000000 0.598930
vt 1.000000 0.966216
vt 0.458333 0.966216
vt 0.458333 0.598930
vt 0.250000 0.966216
vt 0.250000 0.598930
vt 0.958333 1.000000
vt 0.958333 1.000000
vt 1.000000 1.000000
vt 0.958333 1.000000
vt 1.000000 1.000000
vt 0.916667 1.000000
vt 0.875000 1.000000
vt 0.833333 1.000000
vt 0.791667 1.000000
vt 0.750000 1.000000
vt 0.708333 1.000000
vt 0.666667 1.000000
vt 0.625000 1.000000
vt 0.583333 1.000000
vt 0.541666 1.000000
vt 0.500000 1.000000
vt 0.458333 1.000000
vt 0.416666 1.000000
vt 0.375000 1.000000
vt 0.333333 1.000000
vt 0.291667 1.000000
vt 0.250000 1.000000
vt 0.208333 1.000000
vt 0.166666 1.000000
vt 0.125000 1.000000
vt 0.083333 1.000000
vt 0.041666 1.000000
vt -0.000000 1.000000
vt 1.000000 1.000000
vt 0.999795 1.000000
vt 0.958333 1.000000
vt 1.000000 1.000000
vt 0.958333 1.000000
vt 0.916667 1.000000
vt 0.916667 1.000000
vt 0.875000 1.000000
vt 0.875000 1.000000
vt 0.833333 1.000000
vt 0.833333 1.000000
vt 0.791667 1.000000
vt 0.791667 1.000000
vt 0.750000 1.000000
vt 0.750000 1.000000
vt 0.708333 1.000000
vt 0.708333 1.000000
vt 0.666667 1.000000
vt 0.666667 1.000000
vt 0.625000 1.000000
vt 0.625000 1.000000
vt 0.583333 1.000000
vt 0.583333 1.000000
vt 0.541666 1.000000
vt 0.541666 1.000000
vt 0.500000 1.000000
vt 0.500000 1.000000
vt 0.458333 1.000000
vt 0.458333 1.000000
vt 0.416666 1.000000
vt 0.416666 1.000000
vt 0.375000 1.000000
vt 0.375000 1.000000
vt 0.333333 1.000000
vt 0.333333 1.000000
vt 0.291667 1.000000
vt 0.291667 1.000000
vt 0.250000 1.000000
vt 0.250000 1.000000
vt 0.208333 1.000000
vt 0.208333 1.000000
vt 0.166666 1.000000
vt 0.166666 1.000000
vt 0.125000 1.000000
vt 0.125000 1.000000
vt 0.083333 1.000000
vt 0.083333 1.000000
vt 0.041666 1.000000
vt 0.041666 1.000000
vt 0.000205 1.000000
vt -0.000000 1.000000
vt 0.833333 1.000000
vt 0.875000 1.000000
vt 0.875000 1.000000
vt 0.833333 1.000000
vt 0.208333 1.000000
vt 0.250000 1.000000
vt 0.250000 1.000000
vt 0.208333 1.000000
vt 0.500000 1.000000
vt 0.541666 1.000000
vt 0.541666 1.000000
vt 0.500000 1.000000
vt 0.791667 1.000000
vt 0.791667 1.000000
vt 0.166666 1.000000
vt 0.166666 1.000000
vt 0.458333 1.000000
vt 0.458333 1.000000
vt 0.750000 1.000000
vt 0.750000 1.000000
vt 0.125000 1.000000
vt 0.125000 1.000000
vt 0.416666 1.000000
vt 0.416666 1.000000
vt 0.708333 1.000000
vt 0.708333 1.000000
vt 0.083333 1.000000
vt 0.083333 1.000000
vt 0.375000 1.000000
vt 0.375000 1.000000
vt 0.666667 1.000000
vt 0.666667 1.000000
vt 0.041666 1.000000
vt 0.041666 1.000000
vt 0.958333 1.000000
vt 1.000000 1.000000
vt 1.000000 1.000000
vt 0.958333 1.000000
vt 0.333333 1.000000
vt 0.333333 1.000000
vt 0.625000 1.000000
vt 0.625000 1.000000
vt -0.000000 1.000000
vt -0.000000 1.000000
vt 0.916667 1.000000
vt 0.916667 1.000000
vt 0.291667 1.000000
vt 0.291667 1.000000
vt 0.583333 1.000000
vt 0.583333 1.000000
vt 0.833333 1.000000
vt 0.791667 1.000000
vt 0.208333 1.000000
vt 0.166666 1.000000
vt 0.500000 1.000000
vt 0.458333 1.000000
vt 0.750000 1.000000
vt 0.125000 1.000000
vt 0.416666 1.000000
vt 0.708333 1.000000
vt 0.083333 1.000000
vt 0.375000 1.000000
vt 0.666667 1.000000
vt 0.041666 1.000000
vt 1.000000 1.000000
vt 0.958333 1.000000
vt 0.333333 1.000000
vt 0.625000 1.000000
vt -0.000000 1.000000
vt 0.916667 1.000000
vt 0.291667 1.000000
vt 0.583333 1.000000
vt 0.875000 1.000000
vt 0.250000 1.000000
vt 0.541666 1.000000
vt 0.375000 1.000000
vt 0.333333 1.000000
vt 0.666667 1.000000
vt 0.625000 1.000000
vt 0.041666 1.000000
vt -0.000000 1.000000
vt 0.958333 1.000000
vt 0.916667 1.000000
vt 0.291667 1.000000
vt 0.583333 1.000000
vt 0.875000 1.000000
vt 0.250000 1.000000
vt 0.541666 1.000000
vt 0.833333 1.000000
vt 0.208333 1.000000
vt 0.500000 1.000000
vt 0.791667 1.000000
vt 0.166666 1.000000
vt 0.458333 1.000000
vt 0.750000 1.000000
vt 0.125000 1.000000
vt 0.416666 1.000000
vt 0.708333 1.000000
vt 0.083333 1.000000
vt 1.000000 1.000000
vt 0.833333 1.000000
vt 0.791667 1.000000
vt 0.208333 1.000000
vt 0.166666 1.000000
vt 0.500000 1.000000
vt 0.458333 1.000000
vt 0.750000 1.000000
vt 0.125000 1.000000
vt 0.416666 1.000000
vt 0.708333 1.000000
vt 0.083333 1.000000
vt 0.375000 1.000000
vt 0.666667 1.000000
vt 0.041666 1.000000
vt 1.000000 1.000000
vt 0.958333 1.000000
vt 0.333333 1.000000
vt 0.625000 1.000000
vt -0.000000 1.000000
vt 0.916667 1.000000
vt 0.291667 1.000000
vt 0.583333 1.000000
vt 0.875000 1.000000
vt 0.250000 1.000000
vt 0.541666 1.000000
vn 0.2696 -0.0077 0.9629
vn 0.2684 -0.0932 0.9588
vn 0.0111 -0.0932 0.9956
vn 0.0112 -0.0077 0.9999
vn -0.6083 -0.4930 0.6220
vn -0.4266 -0.4930 0.7583
vn -0.4285 -0.4860 0.7617
vn -0.6110 -0.4860 0.6248
vn -0.7486 -0.4930 0.4434
vn -0.7519 -0.4860 0.4454
vn -0.8378 -0.4930 0.2346
vn -0.8416 -0.4860 0.2356
vn -0.8700 -0.4930 0.0097
vn -0.8739 -0.4860 0.0098
vn -0.8429 -0.4930 -0.2158
vn -0.8467 -0.4860 -0.2168
vn -0.7583 -0.4930 -0.4266
vn -0.7617 -0.4860 -0.4285
vn -0.6220 -0.4930 -0.6083
vn -0.6248 -0.4860 -0.6110
vn -0.4434 -0.4930 -0.7486
vn -0.4454 -0.4860 -0.7519
vn -0.2346 -0.4930 -0.8378
vn -0.2356 -0.4860 -0.8416
vn -0.0097 -0.4930 -0.8700
vn -0.0098 -0.4860 -0.8739
vn 0.2158 -0.4930 -0.8429
vn 0.2168 -0.4860 -0.8467
vn 0.4266 -0.4930 -0.7583
vn 0.4285 -0.4860 -0.7617
vn 0.6083 -0.4930 -0.6220
vn 0.6110 -0.4860 -0.6248
vn 0.7486 -0.4930 -0.4434
vn 0.7519 -0.4860 -0.4454
vn 0.8378 -0.4930 -0.2346
vn 0.8416 -0.4860 -0.2356
vn 0.8700 -0.4930 -0.0097
vn 0.8739 -0.4860 -0.0098
vn 0.8429 -0.4930 0.2158
vn 0.8467 -0.4860 0.2168
vn 0.7583 -0.4930 0.4266
vn 0.7617 -0.4860 0.4285
vn 0.6220 -0.4930 0.6083
vn 0.6248 -0.4860 0.6110
vn 0.4434 -0.4930 0.7486
vn 0.4454 -0.4860 0.7519
vn 0.2346 -0.4930 0.8378
vn 0.2356 -0.4860 0.8416
vn -0.2480 -0.0077 0.9687
vn -0.2469 -0.0932 0.9645
vn -0.4882 -0.0932 0.8678
vn -0.4903 -0.0077 0.8715
vn 0.0097 -0.4930 0.8700
vn 0.0098 -0.4860 0.8739
vn -0.9999 -0.0077 0.0112
vn -0.9956 -0.0932 0.0111
vn -0.9645 -0.0932 -0.2469
vn -0.9687 -0.0077 -0.2480
vn -0.2696 -0.0077 -0.9629
vn -0.2684 -0.0932 -0.9588
vn -0.0111 -0.0932 -0.9956
vn -0.0112 -0.0077 -0.9999
vn 0.8604 -0.0077 -0.5096
vn 0.8566 -0.0932 -0.5074
vn 0.9588 -0.0932 -0.2684
vn 0.9629 -0.0077 -0.2696
vn 0.7149 -0.0077 0.6991
vn 0.7118 -0.0932 0.6961
vn 0.5074 -0.0932 0.8566
vn 0.5096 -0.0077 0.8604
vn -0.8604 -0.0077 0.5096
vn -0.8566 -0.0932 0.5074
vn -0.9588 -0.0931 0.2684
vn -0.9629 -0.0077 0.2696
vn -0.7149 -0.0077 -0.6991
vn -0.7118 -0.0932 -0.6961
vn -0.5074 -0.0932 -0.8566
vn -0.5096 -0.0077 -0.8604
vn 0.4903 -0.0077 -0.8715
vn 0.4882 -0.0932 -0.8678
vn 0.6961 -0.0932 -0.7118
vn 0.6991 -0.0077 -0.7149
vn 0.9687 -0.0077 0.2480
vn 0.9645 -0.0932 0.2469
vn 0.8678 -0.0932 0.4882
vn 0.8715 -0.0077 0.4903
vn -0.6961 -0.0932 0.7118
vn -0.6991 -0.0077 0.7149
vn -0.8678 -0.0932 -0.4882
vn -0.8715 -0.0077 -0.4903
vn 0.2469 -0.0932 -0.9645
vn 0.2480 -0.0077 -0.9687
vn 0.9956 -0.0932 -0.0111
vn 0.9999 -0.0077 -0.0112
vn -0.2158 -0.4930 0.8429
vn -0.2168 -0.4860 0.8467
vn 0.0106 -0.3009 0.9536
vn -0.2365 -0.3009 0.9239
vn -0.4676 -0.3009 0.8312
vn -0.6668 -0.3009 0.6818
vn -0.8205 -0.3009 0.4860
vn -0.9184 -0.3009 0.2571
vn -0.9536 -0.3009 0.0106
vn -0.9239 -0.3009 -0.2365
vn -0.8312 -0.3009 -0.4676
vn -0.6818 -0.3009 -0.6668
vn -0.4860 -0.3009 -0.8205
vn -0.2571 -0.3009 -0.9184
vn -0.0106 -0.3009 -0.9536
vn 0.2365 -0.3009 -0.9239
vn 0.4676 -0.3009 -0.8312
vn 0.6668 -0.3009 -0.6818
vn 0.8205 -0.3009 -0.4860
vn 0.9184 -0.3009 -0.2571
vn 0.9536 -0.3009 -0.0106
vn 0.9239 -0.3009 0.2365
vn 0.8312 -0.3009 0.4676
vn 0.6818 -0.3009 0.6668
vn 0.4860 -0.3009 0.8205
vn 0.2571 -0.3009 0.9184
vn 0.0107 -0.2913 0.9566
vn -0.2373 -0.2913 0.9267
vn 0.0110 -0.1711 0.9852
vn -0.2444 -0.1711 0.9545
vn -0.4690 -0.2913 0.8338
vn -0.4831 -0.1711 0.8587
vn -0.6688 -0.2913 0.6839
vn -0.6889 -0.1711 0.7044
vn -0.8231 -0.2913 0.4875
vn -0.8477 -0.1711 0.5021
vn -0.9212 -0.2913 0.2579
vn -0.9488 -0.1711 0.2656
vn -0.9566 -0.2913 0.0107
vn -0.9852 -0.1711 0.0110
vn -0.9267 -0.2913 -0.2373
vn -0.9545 -0.1711 -0.2444
vn -0.8338 -0.2913 -0.4690
vn -0.8587 -0.1711 -0.4831
vn -0.6839 -0.2913 -0.6688
vn -0.7044 -0.1711 -0.6889
vn -0.4875 -0.2913 -0.8231
vn -0.5021 -0.1711 -0.8477
vn -0.2579 -0.2913 -0.9212
vn -0.2656 -0.1711 -0.9488
vn -0.0107 -0.2913 -0.9566
vn -0.0110 -0.1711 -0.9852
vn 0.2373 -0.2913 -0.9267
vn 0.2444 -0.1711 -0.9545
vn 0.4690 -0.2913 -0.8338
vn 0.4831 -0.1711 -0.8587
vn 0.6688 -0.2913 -0.6839
vn 0.6889 -0.1711 -0.7044
vn 0.8231 -0.2913 -0.4875
vn 0.8477 -0.1711 -0.5021
vn 0.9212 -0.2913 -0.2579
vn 0.9488 -0.1711 -0.2656
vn 0.9566 -0.2913 -0.0107
vn 0.9852 -0.1711 -0.0110
vn 0.9267 -0.2913 0.2373
vn 0.9545 -0.1711 0.2444
vn 0.8338 -0.2913 0.4690
vn 0.8587 -0.1711 0.4831
vn 0.6839 -0.2913 0.6688
vn 0.7044 -0.1711 0.6889
vn 0.4875 -0.2913 0.8231
vn 0.5021 -0.1711 0.8477
vn 0.2579 -0.2913 0.9212
vn 0.2656 -0.1711 0.9488
vn 0.0000 1.0000 -0.0000
vn 0.9630 -0.0000 -0.2696
vn 0.8604 0.0000 -0.5096
vn 0.8377 0.2282 -0.4962
vn 0.9376 0.2282 -0.2625
vn -0.8716 -0.0000 -0.4903
vn -0.9688 -0.0000 -0.2480
vn -0.9432 0.2282 -0.2415
vn -0.8486 0.2282 -0.4774
vn -0.2480 0.0000 0.9688
vn 0.0112 0.0000 0.9999
vn 0.0109 0.2282 0.9736
vn -0.2415 0.2282 0.9432
vn 0.9999 0.0000 -0.0112
vn 0.9736 0.2282 -0.0109
vn -0.7150 -0.0000 -0.6992
vn -0.6961 0.2282 -0.6807
vn -0.4903 0.0000 0.8716
vn -0.4774 0.2282 0.8486
vn 0.9688 0.0000 0.2480
vn 0.9432 0.2282 0.2415
vn -0.5096 -0.0000 -0.8604
vn -0.4962 0.2282 -0.8377
vn -0.6992 0.0000 0.7150
vn -0.6807 0.2282 0.6961
vn 0.8716 0.0000 0.4903
vn 0.8486 0.2282 0.4774
vn -0.2696 -0.0000 -0.9630
vn -0.2625 0.2282 -0.9376
vn 0.2480 -0.0000 -0.9688
vn -0.0112 -0.0000 -0.9999
vn -0.0109 0.2282 -0.9736
vn 0.2415 0.2282 -0.9432
vn -0.8604 0.0000 0.5096
vn -0.8377 0.2282 0.4962
vn 0.7150 0.0000 0.6992
vn 0.6961 0.2282 0.6807
vn 0.4903 -0.0000 -0.8716
vn 0.4774 0.2282 -0.8486
vn -0.9630 0.0000 0.2696
vn -0.9376 0.2282 0.2625
vn 0.5096 0.0000 0.8604
vn 0.4962 0.2282 0.8377
vn 0.6992 -0.0000 -0.7150
vn 0.6807 0.2282 -0.6961
vn -0.9999 0.0000 0.0112
vn -0.9736 0.2282 0.0109
vn 0.2696 0.0000 0.9630
vn 0.2625 0.2282 0.9376
vn -0.6793 0.2369 0.6946
vn -0.8359 0.2369 0.4951
vn 0.8467 0.2369 0.4763
vn 0.6946 0.2369 0.6793
vn -0.2619 0.2369 -0.9356
vn -0.0108 0.2369 -0.9715
vn 0.2410 0.2369 -0.9412
vn 0.4763 0.2369 -0.8467
vn -0.9356 0.2369 0.2619
vn 0.4951 0.2369 0.8359
vn 0.6793 0.2369 -0.6946
vn -0.9715 0.2369 0.0108
vn 0.2619 0.2369 0.9356
vn 0.8359 0.2369 -0.4951
vn -0.9412 0.2369 -0.2410
vn 0.0108 0.2369 0.9715
vn 0.9356 0.2369 -0.2619
vn -0.8467 0.2369 -0.4763
vn -0.2410 0.2369 0.9412
vn 0.9715 0.2369 -0.0108
vn -0.6946 0.2369 -0.6793
vn -0.4763 0.2369 0.8467
vn 0.9412 0.2369 0.2410
vn -0.4951 0.2369 -0.8359
s 1
f 1/1/1 2/2/2 3/3/3 4/4/4
f 5/5/5 6/6/6 7/7/7 8/8/8
f 9/9/9 5/5/5 8/8/8 10/10/10
f 11/11/11 9/9/9 10/10/10 12/12/12
f 13/13/13 11/11/11 12/12/12 14/14/14
f 15/15/15 13/13/13 14/14/14 16/16/16
f 17/17/17 15/15/15 16/16/16 18/18/18
f 19/19/19 17/17/17 18/18/18 20/20/20
f 21/21/21 19/19/19 20/20/20 22/22/22
f 23/23/23 21/21/21 22/22/22 24/24/24
f 25/25/25 23/23/23 24/24/24 26/26/26
f 27/27/27 25/25/25 26/26/26 28/28/28
f 29/29/29 27/27/27 28/28/28 30/30/30
f 31/31/31 29/29/29 30/30/30 32/32/32
f 33/33/33 31/31/31 32/32/32 34/34/34
f 35/35/35 33/33/33 34/34/34 36/36/36
f 37/37/37 35/35/35 36/36/36 38/38/38
f 39/39/39 37/37/37 38/38/38 40/40/40
f 41/41/41 39/39/39 40/40/40 42/42/42
f 43/43/43 41/41/41 42/42/42 44/44/44
f 45/45/45 43/43/43 44/44/44 46/46/46
f 47/47/47 45/45/45 46/46/46 48/48/48
f 49/49/49 50/50/50 51/51/51 52/52/52
f 53/53/53 47/47/47 48/48/48 54/54/54
f 55/55/55 56/56/56 57/57/57 58/58/58
f 59/59/59 60/60/60 61/61/61 62/62/62
f 63/63/63 64/64/64 65/65/65 66/66/66
f 67/67/67 68/68/68 69/69/69 70/70/70
f 71/71/71 72/72/72 73/73/73 74/74/74
f 75/75/75 76/76/76 77/77/77 78/78/78
f 79/79/79 80/80/80 81/81/81 82/82/82
f 83/83/83 84/84/84 85/85/85 86/86/86
f 52/52/52 51/51/51 87/87/87 88/88/88
f 58/58/58 57/57/57 89/89/89 90/90/90
f 4/91/4 3/92/3 50/50/50 49/49/49
f 62/62/62 61/61/61 91/93/91 92/94/92
f 66/66/66 65/65/65 93/95/93 94/96/94
f 70/70/70 69/69/69 2/2/2 1/1/1
f 74/74/74 73/73/73 56/56/56 55/55/55
f 78/78/78 77/77/77 60/60/60 59/59/59
f 82/82/82 81/81/81 64/64/64 63/63/63
f 86/86/86 85/85/85 68/68/68 67/67/67
f 88/88/88 87/87/87 72/72/72 71/71/71
f 90/90/90 89/89/89 76/76/76 75/75/75
f 92/94/92 91/93/91 80/80/80 79/79/79
f 94/96/94 93/95/93 84/84/84 83/83/83
f 6/6/6 95/97/95 96/98/96 7/7/7
f 50/50/50 3/92/3 97/99/97 98/100/98
f 98/100/98 97/99/97 53/101/53 95/97/95
f 51/51/51 50/50/50 98/100/98 99/102/99
f 99/102/99 98/100/98 95/97/95 6/6/6
f 87/87/87 51/51/51 99/102/99 100/103/100
f 100/103/100 99/102/99 6/6/6 5/5/5
f 72/72/72 87/87/87 100/103/100 101/104/101
f 101/104/101 100/103/100 5/5/5 9/9/9
f 73/73/73 72/72/72 101/104/101 102/105/102
f 102/105/102 101/104/101 9/9/9 11/11/11
f 56/56/56 73/73/73 102/105/102 103/106/103
f 103/106/103 102/105/102 11/11/11 13/13/13
f 57/57/57 56/56/56 103/106/103 104/107/104
f 104/107/104 103/106/103 13/13/13 15/15/15
f 89/89/89 57/57/57 104/107/104 105/108/105
f 105/108/105 104/107/104 15/15/15 17/17/17
f 76/76/76 89/89/89 105/108/105 106/109/106
f 106/109/106 105/108/105 17/17/17 19/19/19
f 77/77/77 76/76/76 106/109/106 107/110/107
f 107/110/107 106/109/106 19/19/19 21/21/21
f 60/60/60 77/77/77 107/110/107 108/111/108
f 108/111/108 107/110/107 21/21/21 23/23/23
f 61/61/61 60/60/60 108/111/108 109/112/109
f 109/112/109 108/111/108 23/23/23 25/25/25
f 91/93/91 61/61/61 109/112/109 110/113/110
f 110/113/110 109/112/109 25/25/25 27/27/27
f 80/80/80 91/93/91 110/113/110 111/114/111
f 111/114/111 110/113/110 27/27/27 29/29/29
f 81/81/81 80/80/80 111/114/111 112/115/112
f 112/115/112 111/114/111 29/29/29 31/31/31
f 64/64/64 81/81/81 112/115/112 113/116/113
f 113/116/113 112/115/112 31/31/31 33/33/33
f 65/65/65 64/64/64 113/116/113 114/117/114
f 114/117/114 113/116/113 33/33/33 35/35/35
f 93/95/93 65/65/65 114/117/114 115/118/115
f 115/118/115 114/117/114 35/35/35 37/37/37
f 84/84/84 93/95/93 115/118/115 116/119/116
f 116/119/116 115/118/115 37/37/37 39/39/39
f 85/85/85 84/84/84 116/119/116 117/120/117
f 117/120/117 116/119/116 39/39/39 41/41/41
f 68/68/68 85/85/85 117/120/117 118/121/118
f 118/121/118 117/120/117 41/41/41 43/43/43
f 69/69/69 68/68/68 118/121/118 119/122/119
f 119/122/119 118/121/118 43/43/43 45/45/45
f 2/2/2 69/69/69 119/122/119 120/123/120
f 120/123/120 119/122/119 45/45/45 47/47/47
f 3/3/3 2/2/2 120/123/120 97/124/97
f 97/124/97 120/123/120 47/47/47 53/53/53
f 96/98/96 54/125/54 121/126/121 122/127/122
f 122/127/122 121/126/121 123/128/123 124/129/124
f 7/7/7 96/98/96 122/127/122 125/130/125
f 125/130/125 122/127/122 124/129/124 126/131/126
f 8/8/8 7/7/7 125/130/125 127/132/127
f 127/132/127 125/130/125 126/131/126 128/133/128
f 10/10/10 8/8/8 127/132/127 129/134/129
f 129/134/129 127/132/127 128/133/128 130/135/130
f 12/12/12 10/10/10 129/134/129 131/136/131
f 131/136/131 129/134/129 130/135/130 132/137/132
f 14/14/14 12/12/12 131/136/131 133/138/133
f 133/138/133 131/136/131 132/137/132 134/139/134
f 16/16/16 14/14/14 133/138/133 135/140/135
f 135/140/135 133/138/133 134/139/134 136/141/136
f 18/18/18 16/16/16 135/140/135 137/142/137
f 137/142/137 135/140/135 136/141/136 138/143/138
f 20/20/20 18/18/18 137/142/137 139/144/139
f 139/144/139 137/142/137 138/143/138 140/145/140
f 22/22/22 20/20/20 139/144/139 141/146/141
f 141/146/141 139/144/139 140/145/140 142/147/142
f 24/24/24 22/22/22 141/146/141 143/148/143
f 143/148/143 141/146/141 142/147/142 144/149/144
f 26/26/26 24/24/24 143/148/143 145/150/145
f 145/150/145 143/148/143 144/149/144 146/151/146
f 28/28/28 26/26/26 145/150/145 147/152/147
f 147/152/147 145/150/145 146/151/146 148/153/148
f 30/30/30 28/28/28 147/152/147 149/154/149
f 149/154/149 147/152/147 148/153/148 150/155/150
f 32/32/32 30/30/30 149/154/149 151/156/151
f 151/156/151 149/154/149 150/155/150 152/157/152
f 34/34/34 32/32/32 151/156/151 153/158/153
f 153/158/153 151/156/151 152/157/152 154/159/154
f 36/36/36 34/34/34 153/158/153 155/160/155
f 155/160/155 153/158/153 154/159/154 156/161/156
f 38/38/38 36/36/36 155/160/155 157/162/157
f 157/162/157 155/160/155 156/161/156 158/163/158
f 40/40/40 38/38/38 157/162/157 159/164/159
f 159/164/159 157/162/157 158/163/158 160/165/160
f 42/42/42 40/40/40 159/164/159 161/166/161
f 161/166/161 159/164/159 160/165/160 162/167/162
f 44/44/44 42/42/42 161/166/161 163/168/163
f 163/168/163 161/166/161 162/167/162 164/169/164
f 46/46/46 44/44/44 163/168/163 165/170/165
f 165/170/165 163/168/163 164/169/164 166/171/166
f 48/48/48 46/46/46 165/170/165 167/172/167
f 167/172/167 165/170/165 166/171/166 168/173/168
f 54/54/54 48/48/48 167/172/167 121/174/121
f 121/174/121 167/172/167 168/173/168 123/175/123
f 95/97/95 53/101/53 54/125/54 96/98/96
f 169/176/169 170/177/169 171/178/169 172/179/169
f 173/180/169 174/181/169 175/182/169 176/183/169
f 177/184/169 178/185/169 179/186/169 180/187/169
f 181/188/169 169/176/169 172/179/169 182/189/169
f 183/190/169 173/180/169 176/183/169 184/191/169
f 185/192/169 177/184/169 180/187/169 186/193/169
f 187/194/169 181/188/169 182/189/169 188/195/169
f 189/196/169 183/190/169 184/191/169 190/197/169
f 191/198/169 185/192/169 186/193/169 192/199/169
f 193/200/169 187/194/169 188/195/169 194/201/169
f 195/202/169 189/196/169 190/197/169 196/203/169
f 197/204/169 191/198/169 192/199/169 198/205/169
f 199/206/169 193/200/169 194/201/169 200/207/169
f 201/208/169 195/202/169 196/203/169 202/209/169
f 203/210/169 204/211/169 205/212/169 206/213/169
f 207/214/169 197/204/169 198/205/169 208/215/169
f 209/216/169 199/206/169 200/207/169 210/217/169
f 204/218/169 201/208/169 202/209/169 205/219/169
f 211/220/169 203/210/169 206/213/169 212/221/169
f 213/222/169 207/214/169 208/215/169 214/223/169
f 215/224/169 209/216/169 210/217/169 216/225/169
f 170/177/169 211/220/169 212/221/169 171/178/169
f 174/181/169 213/222/169 214/223/169 175/182/169
f 178/185/169 215/224/169 216/225/169 179/186/169
f 182/189/170 172/179/171 217/226/172 218/227/173
f 184/191/174 176/183/175 219/228/176 220/229/177
f 186/193/178 180/187/179 221/230/180 222/231/181
f 188/195/182 182/189/170 218/227/173 223/232/183
f 190/197/184 184/191/174 220/229/177 224/233/185
f 192/199/186 186/193/178 222/231/181 225/234/187
f 194/201/188 188/195/182 223/232/183 226/235/189
f 196/203/190 190/197/184 224/233/185 227/236/191
f 198/205/192 192/199/186 225/234/187 228/237/193
f 200/207/194 194/201/188 226/235/189 229/238/195
f 202/209/196 196/203/190 227/236/191 230/239/197
f 206/213/198 205/212/199 231/240/200 232/241/201
f 208/215/202 198/205/192 228/237/193 233/242/203
f 210/217/204 200/207/194 229/238/195 234/243/205
f 205/219/199 202/209/196 230/239/197 231/244/200
f 212/221/206 206/213/198 232/241/201 235/245/207
f 214/223/208 208/215/202 233/242/203 236/246/209
f 216/225/210 210/217/204 234/243/205 237/247/211
f 171/178/212 212/221/206 235/245/207 238/248/213
f 175/182/214 214/223/208 236/246/209 239/249/215
f 179/186/216 216/225/210 237/247/211 240/250/217
f 172/179/171 171/178/212 238/248/213 217/226/172
f 176/183/175 175/182/214 239/249/215 219/228/176
f 180/187/179 179/186/216 240/250/217 221/230/180
f 233/242/203 228/237/193 241/251/218 242/252/219
f 234/243/205 229/238/195 243/253/220 244/254/221
f 231/244/200 230/239/197 245/255/222 246/256/223
f 235/245/207 232/241/201 247/257/224 248/258/225
f 236/246/209 233/242/203 242/252/219 249/259/226
f 237/247/211 234/243/205 244/254/221 250/260/227
f 238/248/213 235/245/207 248/258/225 251/261/228
f 239/249/215 236/246/209 249/259/226 252/262/229
f 240/250/217 237/247/211 250/260/227 253/263/230
f 217/226/172 238/248/213 251/261/228 254/264/231
f 219/228/176 239/249/215 252/262/229 255/265/232
f 221/230/180 240/250/217 253/263/230 256/266/233
f 218/227/173 217/226/172 254/264/231 257/267/234
f 220/229/177 219/228/176 255/265/232 258/268/235
f 222/231/181 221/230/180 256/266/233 259/269/236
f 223/232/183 218/227/173 257/267/234 260/270/237
f 224/233/185 220/229/177 258/268/235 261/271/238
f 225/234/187 222/231/181 259/269/236 262/272/239
f 226/235/189 223/232/183 260/270/237 263/273/240
f 227/236/191 224/233/185 261/271/238 264/274/241
f 228/237/193 225/234/187 262/272/239 241/251/218
f 229/238/195 226/235/189 263/273/240 243/253/220
f 230/239/197 227/236/191 264/274/241 245/255/222
f 232/241/201 231/240/200 246/275/223 247/257/224
f 257/267/234 254/264/231 265/276/171 266/277/170
f 258/268/235 255/265/232 267/278/175 268/279/174
f 259/269/236 256/266/233 269/280/179 270/281/178
f 260/270/237 257/267/234 266/277/170 271/282/182
f 261/271/238 258/268/235 268/279/174 272/283/184
f 262/272/239 259/269/236 270/281/178 273/284/186
f 263/273/240 260/270/237 271/282/182 274/285/188
f 264/274/241 261/271/238 272/283/184 275/286/190
f 241/251/218 262/272/239 273/284/186 276/287/192
f 243/253/220 263/273/240 274/285/188 277/288/194
f 245/255/222 264/274/241 275/286/190 278/289/196
f 247/257/224 246/275/223 279/290/199 280/291/198
f 242/252/219 241/251/218 276/287/192 281/292/202
f 244/254/221 243/253/220 277/288/194 282/293/204
f 246/256/223 245/255/222 278/289/196 279/294/199
f 248/258/225 247/257/224 280/291/198 283/295/206
f 249/259/226 242/252/219 281/292/202 284/296/208
f 250/260/227 244/254/221 282/293/204 285/297/210
f 251/261/228 248/258/225 283/295/206 286/298/212
f 252/262/229 249/259/226 284/296/208 287/299/214
f 253/263/230 250/260/227 285/297/210 288/300/216
f 254/264/231 251/261/228 286/298/212 265/276/171
f 255/265/232 252/262/229 287/299/214 267/278/175
f 256/266/233 253/263/230 288/300/216 269/280/179
f 267/278/169 287/299/169 284/296/169 268/279/169
f 268/279/169 284/296/169 281/292/169 272/283/169
f 272/283/169 281/292/169 276/287/169 275/286/169
f 275/286/169 276/287/169 273/284/169 278/289/169
f 278/289/169 273/284/169 270/281/169 279/294/169
f 279/290/169 270/281/169 269/280/169 280/291/169
f 280/291/169 269/280/169 288/300/169 283/295/169
f 283/295/169 288/300/169 285/297/169 286/298/169
f 286/298/169 285/297/169 282/293/169 265/276/169
f 265/276/169 282/293/169 277/288/169 266/277/169
f 266/277/169 277/288/169 274/285/169 271/282/169
o bottom.001
v -24.542311 -19.527966 8.505505
v -24.560375 -19.366667 8.440975
v -26.886417 -19.366667 8.773657
v -26.885670 -19.527966 8.840664
v -29.235922 -19.527966 8.557896
v -29.219301 -19.366667 8.492979
v -31.400049 -19.366667 7.618070
v -31.432905 -19.527966 7.676474
v -26.885670 -21.234333 8.840664
v -29.235922 -21.234333 8.557896
v -22.365549 -19.527966 7.575263
v -22.399700 -19.366667 7.517608
v -20.503723 -19.527966 6.113330
v -20.551634 -19.366667 6.066478
v -19.083715 -19.527967 4.219337
v -19.142118 -19.366669 4.186481
v -18.202295 -19.527967 2.022354
v -18.267212 -19.366669 2.005734
v -17.919529 -19.527967 -0.327897
v -17.986534 -19.366669 -0.327149
v -18.254686 -19.527967 -2.671251
v -18.319214 -19.366669 -2.653186
v -19.184927 -19.527967 -4.848012
v -19.242582 -19.366669 -4.813861
v -20.646860 -19.527969 -6.709839
v -20.693712 -19.366671 -6.661929
v -22.540855 -19.527969 -8.129848
v -22.573709 -19.366671 -8.071445
v -24.737837 -19.527969 -9.011270
v -24.754457 -19.366671 -8.946353
v -27.088089 -19.527969 -9.294037
v -27.087339 -19.366671 -9.227030
v -29.431442 -19.527969 -8.958879
v -29.413378 -19.366671 -8.894349
v -31.608204 -19.527969 -8.028637
v -31.574053 -19.366671 -7.970983
v -33.470028 -19.527969 -6.566706
v -33.422119 -19.366671 -6.519854
v -34.890038 -19.527967 -4.672712
v -34.831635 -19.366669 -4.639856
v -35.771461 -19.527967 -2.475729
v -35.706543 -19.366669 -2.459109
v -36.054230 -19.527967 -0.125478
v -35.987221 -19.366669 -0.126226
v -35.719070 -19.527967 2.217875
v -35.654541 -19.366669 2.199811
v -34.788830 -19.527967 4.394636
v -34.731174 -19.366669 4.360486
v -33.326897 -19.527966 6.256462
v -33.280045 -19.366667 6.208553
v -29.097677 -23.493322 8.017920
v -31.159613 -23.493322 7.190678
v -31.001942 -23.493322 6.910403
v -29.017916 -23.493322 7.706388
v -26.885670 -22.940699 8.840665
v -29.235922 -22.940699 8.557897
v -29.195431 -23.331465 8.399741
v -26.887493 -23.331465 8.677419
v -26.891891 -23.493322 8.283307
v -31.432905 -22.940699 7.676474
v -31.352859 -23.331465 7.534186
v -33.326897 -22.940699 6.256463
v -33.212753 -23.331465 6.139744
v -32.937187 -23.493322 5.857953
v -34.788830 -22.940701 4.394637
v -34.648365 -23.331467 4.311435
v -34.309258 -23.493324 4.110570
v -35.719070 -22.940701 2.217876
v -35.561859 -23.331467 2.173864
v -35.182316 -23.493324 2.067612
v -36.054230 -22.940701 -0.125477
v -35.890984 -23.331467 -0.127299
v -35.496872 -23.493324 -0.131698
v -35.771461 -22.940701 -2.475729
v -35.613304 -23.331467 -2.435237
v -35.231483 -23.493324 -2.337483
v -34.890038 -22.940701 -4.672711
v -34.747753 -23.331467 -4.592667
v -34.404243 -23.493324 -4.399420
v -33.470028 -22.940702 -6.566705
v -33.353310 -23.331469 -6.452560
v -33.071518 -23.493326 -6.176992
v -31.608204 -22.940702 -8.028637
v -31.525002 -23.331469 -7.888173
v -31.324135 -23.493326 -7.549061
v -29.431442 -22.940702 -8.958878
v -29.387430 -23.331469 -8.801666
v -29.281178 -23.493326 -8.422123
v -27.088089 -22.940702 -9.294036
v -27.086266 -23.331469 -9.130790
v -27.081867 -23.493326 -8.736678
v -24.737837 -22.940702 -9.011269
v -24.778328 -23.331469 -8.853113
v -24.876083 -23.493326 -8.471292
v -22.540855 -22.940702 -8.129847
v -22.620899 -23.331469 -7.987560
v -22.814146 -23.493326 -7.644050
v -20.646860 -22.940702 -6.709838
v -20.761005 -23.331469 -6.593117
v -21.036575 -23.493326 -6.311329
v -19.184927 -22.940701 -4.848011
v -19.325392 -23.331467 -4.764810
v -19.664503 -23.493324 -4.563944
v -18.254686 -22.940701 -2.671251
v -18.411898 -23.331467 -2.627239
v -18.791441 -23.493324 -2.520986
v -17.919529 -22.940701 -0.327897
v -18.082773 -23.331467 -0.326074
v -18.476885 -23.493324 -0.321675
v -18.202295 -22.940701 2.022355
v -18.360451 -23.331467 1.981862
v -18.742270 -23.493324 1.884107
v -19.083715 -22.940701 4.219337
v -19.226002 -23.331467 4.139292
v -19.569513 -23.493324 3.946047
v -20.503723 -22.940699 6.113331
v -20.620445 -23.331465 5.999188
v -20.902235 -23.493322 5.723619
v -22.365549 -22.940699 7.575264
v -22.448750 -23.331465 7.434800
v -22.649616 -23.493322 7.095689
v -24.542311 -22.940699 8.505506
v -24.586321 -23.331465 8.348294
v -24.692574 -23.493322 7.968750
v -31.432905 -21.234333 7.676474
v -33.326897 -21.234333 6.256463
v -34.788830 -21.234335 4.394637
v -35.719070 -21.234335 2.217876
v -36.054230 -21.234335 -0.125478
v -35.771461 -21.234335 -2.475729
v -34.890038 -21.234335 -4.672711
v -33.470028 -21.234337 -6.566705
v -31.608204 -21.234337 -8.028637
v -29.431442 -21.234337 -8.958879
v -27.088089 -21.234337 -9.294036
v -24.737837 -21.234337 -9.011269
v -22.540855 -21.234337 -8.129847
v -20.646860 -21.234337 -6.709838
v -19.184927 -21.234335 -4.848011
v -18.254686 -21.234335 -2.671251
v -17.919529 -21.234335 -0.327897
v -18.202295 -21.234335 2.022355
v -19.083715 -21.234335 4.219337
v -20.503723 -21.234333 6.113331
v -22.365549 -21.234333 7.575264
v -24.542311 -21.234333 8.505506
v -34.872643 -23.493324 1.980919
v -34.032570 -23.493324 3.946681
v -34.123966 -23.493324 -4.241748
v -34.919952 -23.493324 -2.257724
v -29.194485 -23.493326 -8.112448
v -31.160248 -23.493326 -7.272377
v -22.971819 -23.493326 -7.363776
v -24.955841 -23.493326 -8.159760
v -19.101116 -23.493324 -2.434293
v -19.941187 -23.493324 -4.400055
v -19.849789 -23.493324 3.788375
v -19.053804 -23.493324 1.804348
v -24.779268 -23.493322 7.659075
v -22.813503 -23.493322 6.819002
v -26.895481 -23.493322 7.961746
v -32.712345 -23.493324 5.628037
v -35.175308 -23.493324 -0.135289
v -32.841602 -23.493324 -5.952151
v -27.078278 -23.493326 -8.415117
v -21.261414 -23.493324 -6.081413
v -18.798447 -23.493324 -0.318086
v -21.132151 -23.493324 5.498779
v -34.019882 -22.945841 -4.183194
v -34.804260 -22.945841 -2.228104
v -24.811462 -22.945839 7.544074
v -22.874367 -22.945839 6.716252
v -28.988298 -22.945839 7.590696
v -26.896814 -22.945839 7.842331
v -20.043938 -22.945841 -4.339192
v -21.344910 -22.945841 -5.996031
v -32.756218 -22.945841 -5.868655
v -30.943386 -22.945839 6.806320
v -19.216118 -22.945841 -2.402098
v -31.099384 -22.945843 -7.169625
v -32.628849 -22.945841 5.542655
v -18.917862 -22.945841 -0.316753
v -29.162291 -22.945843 -7.997447
v -33.929821 -22.945841 3.885820
v -19.169495 -22.945841 1.774728
v -27.076944 -22.945843 -8.295702
v -34.757637 -22.945841 1.948725
v -19.953873 -22.945841 3.729822
v -24.985462 -22.945843 -8.044068
v -35.055893 -22.945841 -0.136622
v -21.217533 -22.945841 5.415282
v -23.030371 -22.945843 -7.259692
vt 0.041666 0.595064
vt 0.041666 0.598930
vt -0.000000 0.598930
vt -0.000000 0.595064
vt 0.958333 0.595064
vt 0.958333 0.598930
vt 0.916667 0.598930
vt 0.916667 0.595064
vt 1.000000 0.554156
vt 1.000000 0.595064
vt 0.958333 0.554156
vt 0.083333 0.595064
vt 0.083333 0.598930
vt 0.125000 0.595064
vt 0.125000 0.598930
vt 0.166666 0.595064
vt 0.166666 0.598930
vt 0.208333 0.595064
vt 0.208333 0.598930
vt 0.250000 0.595064
vt 0.250000 0.598930
vt 0.291667 0.595064
vt 0.291667 0.598930
vt 0.333333 0.595064
vt 0.333333 0.598930
vt 0.375000 0.595064
vt 0.375000 0.598930
vt 0.416666 0.595064
vt 0.416666 0.598930
vt 0.458333 0.595064
vt 0.458333 0.598930
vt 0.500000 0.595064
vt 0.500000 0.598930
vt 0.541667 0.595064
vt 0.541667 0.598931
vt 0.583333 0.595064
vt 0.583333 0.598930
vt 0.625000 0.595064
vt 0.625000 0.598930
vt 0.666667 0.595064
vt 0.666667 0.598930
vt 0.708333 0.595064
vt 0.708333 0.598930
vt 0.750000 0.595064
vt 0.750000 0.598930
vt 0.791667 0.595064
vt 0.791667 0.598930
vt 0.833333 0.595064
vt 0.833333 0.598930
vt 0.875000 0.595064
vt 0.875000 0.598930
vt 0.808299 0.467573
vt 0.862624 0.445070
vt 0.862624 0.445070
vt 0.808299 0.467573
vt 1.000000 0.513248
vt 0.958333 0.513248
vt 0.958708 0.500000
vt 0.999625 0.500000
vt 0.750559 0.489926
vt 0.811557 0.481896
vt 0.750000 0.475248
vt 0.916667 0.513248
vt 0.917042 0.500000
vt 0.957958 0.500000
vt 0.812638 0.481606
vt 0.869479 0.458062
vt 0.875000 0.513248
vt 0.875375 0.500000
vt 0.916292 0.500000
vt 0.870447 0.457503
vt 0.919258 0.420049
vt 0.909274 0.409274
vt 0.833333 0.513248
vt 0.833708 0.500000
vt 0.874625 0.500000
vt 0.920049 0.419258
vt 0.957503 0.370447
vt 0.945070 0.362624
vt 0.791667 0.513248
vt 0.792042 0.500000
vt 0.832958 0.500000
vt 0.958062 0.369479
vt 0.981606 0.312638
vt 0.967572 0.308298
vt 0.750000 0.513248
vt 0.750375 0.500000
vt 0.791291 0.500000
vt 0.981896 0.311557
vt 0.989926 0.250559
vt 0.975247 0.250000
vt 0.708333 0.513248
vt 0.708708 0.500000
vt 0.749625 0.500000
vt 0.989926 0.249441
vt 0.981896 0.188443
vt 0.967573 0.191702
vt 0.666667 0.513248
vt 0.667042 0.500000
vt 0.707958 0.500000
vt 0.981606 0.187362
vt 0.958062 0.130521
vt 0.945070 0.137376
vt 0.625000 0.513248
vt 0.625375 0.500000
vt 0.666291 0.500000
vt 0.957503 0.129553
vt 0.920049 0.080742
vt 0.909274 0.090726
vt 0.583333 0.513248
vt 0.583708 0.500000
vt 0.624625 0.500000
vt 0.919258 0.079951
vt 0.870448 0.042497
vt 0.862624 0.054930
vt 0.541666 0.513248
vt 0.542042 0.500000
vt 0.582958 0.500000
vt 0.869479 0.041938
vt 0.812638 0.018394
vt 0.808298 0.032428
vt 0.500000 0.513248
vt 0.500375 0.500000
vt 0.541291 0.500000
vt 0.811557 0.018104
vt 0.750559 0.010074
vt 0.750000 0.024752
vt 0.458333 0.513248
vt 0.458708 0.500000
vt 0.499625 0.500000
vt 0.749441 0.010074
vt 0.688443 0.018104
vt 0.691702 0.032428
vt 0.416666 0.513248
vt 0.417042 0.500000
vt 0.457958 0.500000
vt 0.687362 0.018394
vt 0.630521 0.041938
vt 0.637376 0.054930
vt 0.375000 0.513248
vt 0.375375 0.500000
vt 0.416291 0.500000
vt 0.629553 0.042497
vt 0.580742 0.079951
vt 0.590726 0.090726
vt 0.333333 0.513248
vt 0.333708 0.500000
vt 0.374625 0.500000
vt 0.579951 0.080742
vt 0.542497 0.129552
vt 0.554930 0.137376
vt 0.291667 0.513248
vt 0.292042 0.500000
vt 0.332958 0.500000
vt 0.541938 0.130521
vt 0.518394 0.187362
vt 0.532428 0.191702
vt 0.250000 0.513248
vt 0.250375 0.500000
vt 0.291291 0.500000
vt 0.518104 0.188442
vt 0.510074 0.249441
vt 0.524752 0.250000
vt 0.208333 0.513248
vt 0.208708 0.500000
vt 0.249625 0.500000
vt 0.510074 0.250559
vt 0.518104 0.311557
vt 0.532427 0.308298
vt 0.166666 0.513248
vt 0.167042 0.500000
vt 0.207958 0.500000
vt 0.518394 0.312638
vt 0.541938 0.369479
vt 0.554930 0.362624
vt 0.125000 0.513248
vt 0.125375 0.500000
vt 0.166291 0.500000
vt 0.542497 0.370447
vt 0.579951 0.419258
vt 0.590726 0.409274
vt 0.083333 0.513248
vt 0.083708 0.500000
vt 0.124625 0.500000
vt 0.580742 0.420049
vt 0.629552 0.457503
vt 0.637376 0.445070
vt 0.041666 0.513248
vt 0.042042 0.500000
vt 0.082958 0.500000
vt 0.630521 0.458062
vt 0.687362 0.481606
vt 0.691701 0.467572
vt -0.000000 0.513248
vt 0.000375 0.500000
vt 0.041291 0.500000
vt 0.688442 0.481896
vt 0.749441 0.489926
vt 1.000000 0.598930
vt 0.916667 0.554156
vt 0.875000 0.554156
vt 0.833333 0.554156
vt 0.791667 0.554156
vt 0.750000 0.554156
vt 0.708333 0.554156
vt 0.666667 0.554156
vt 0.625000 0.554156
vt 0.583333 0.554156
vt 0.541667 0.554156
vt 0.500000 0.554156
vt 0.458333 0.554156
vt 0.416666 0.554156
vt 0.375000 0.554156
vt 0.333333 0.554156
vt 0.291667 0.554156
vt 0.250000 0.554156
vt 0.208333 0.554156
vt 0.166666 0.554156
vt 0.125000 0.554156
vt 0.083333 0.554156
vt 0.041666 0.554156
vt -0.000000 0.554156
vt 0.967572 0.308298
vt 0.945070 0.362624
vt 0.945070 0.137376
vt 0.967573 0.191702
vt 0.808298 0.032428
vt 0.862624 0.054930
vt 0.637376 0.054930
vt 0.691702 0.032428
vt 0.532428 0.191702
vt 0.554930 0.137376
vt 0.554930 0.362624
vt 0.532427 0.308298
vt 0.691701 0.467572
vt 0.637376 0.445070
vt 0.750000 0.475248
vt 0.909274 0.409274
vt 0.975247 0.250000
vt 0.909274 0.090726
vt 0.750000 0.024752
vt 0.590726 0.090726
vt 0.524752 0.250000
vt 0.590726 0.409274
vt 0.945070 0.137376
vt 0.967573 0.191702
vt 0.691701 0.467572
vt 0.637376 0.445070
vt 0.808299 0.467573
vt 0.750000 0.475248
vt 0.554930 0.137376
vt 0.590726 0.090726
vt 0.909274 0.090726
vt 0.862624 0.445070
vt 0.532428 0.191702
vt 0.862624 0.054930
vt 0.909274 0.409274
vt 0.524752 0.250000
vt 0.808298 0.032428
vt 0.945070 0.362624
vt 0.532427 0.308298
vt 0.750000 0.024752
vt 0.967572 0.308298
vt 0.554930 0.362624
vt 0.691702 0.032428
vt 0.975247 0.250000
vt 0.590726 0.409274
vt 0.637376 0.054930
vn 0.2645 0.1926 0.9450
vn 0.2490 0.3837 0.8893
vn 0.0103 0.3837 0.9234
vn 0.0110 0.1926 0.9812
vn -0.2434 0.1926 0.9506
vn -0.2290 0.3837 0.8946
vn -0.4528 0.3837 0.8049
vn -0.4811 0.1926 0.8552
vn 0.0112 0.0000 0.9999
vn -0.2480 0.0000 0.9688
vn 0.5001 0.1926 0.8443
vn 0.4706 0.3837 0.7945
vn 0.7016 0.1926 0.6861
vn 0.6602 0.3837 0.6457
vn 0.8552 0.1926 0.4811
vn 0.8049 0.3837 0.4528
vn 0.9506 0.1926 0.2434
vn 0.8946 0.3837 0.2290
vn 0.9812 0.1926 -0.0110
vn 0.9234 0.3836 -0.0103
vn 0.9450 0.1926 -0.2645
vn 0.8893 0.3836 -0.2490
vn 0.8443 0.1926 -0.5001
vn 0.7945 0.3837 -0.4706
vn 0.6861 0.1926 -0.7016
vn 0.6457 0.3837 -0.6602
vn 0.4811 0.1926 -0.8552
vn 0.4528 0.3837 -0.8049
vn 0.2434 0.1926 -0.9506
vn 0.2290 0.3837 -0.8946
vn -0.0110 0.1926 -0.9812
vn -0.0103 0.3837 -0.9234
vn -0.2645 0.1926 -0.9450
vn -0.2490 0.3837 -0.8893
vn -0.5001 0.1926 -0.8443
vn -0.4706 0.3837 -0.7946
vn -0.7016 0.1926 -0.6861
vn -0.6602 0.3837 -0.6457
vn -0.8552 0.1926 -0.4811
vn -0.8049 0.3837 -0.4528
vn -0.9506 0.1926 -0.2434
vn -0.8946 0.3837 -0.2290
vn -0.9812 0.1926 0.0110
vn -0.9234 0.3837 0.0103
vn -0.9450 0.1926 0.2645
vn -0.8893 0.3837 0.2490
vn -0.8443 0.1926 0.5001
vn -0.7945 0.3837 0.4706
vn -0.6861 0.1926 0.7016
vn -0.6457 0.3837 0.6602
vn -0.0518 -0.9779 0.2025
vn -0.1025 -0.9779 0.1822
vn -0.0000 -1.0000 0.0000
vn 0.0110 -0.1935 0.9810
vn -0.2433 -0.1935 0.9504
vn -0.2289 -0.3855 0.8939
vn 0.0103 -0.3855 0.9227
vn 0.0042 -0.9250 0.3799
vn -0.0942 -0.9250 0.3680
vn 0.0023 -0.9779 0.2090
vn -0.4810 -0.1935 0.8551
vn -0.4524 -0.3855 0.8042
vn -0.1863 -0.9250 0.3311
vn -0.6860 -0.1935 0.7014
vn -0.6451 -0.3855 0.6597
vn -0.2656 -0.9250 0.2716
vn -0.1462 -0.9779 0.1495
vn -0.8441 -0.1935 0.5000
vn -0.7939 -0.3855 0.4702
vn -0.3268 -0.9250 0.1936
vn -0.1799 -0.9779 0.1065
vn -0.9448 -0.1935 0.2645
vn -0.8885 -0.3855 0.2487
vn -0.3658 -0.9250 0.1024
vn -0.2013 -0.9779 0.0564
vn -0.9810 -0.1935 0.0110
vn -0.9227 -0.3855 0.0103
vn -0.3799 -0.9250 0.0042
vn -0.2090 -0.9779 0.0023
vn -0.9504 -0.1935 -0.2433
vn -0.8939 -0.3855 -0.2289
vn -0.3680 -0.9250 -0.0942
vn -0.2025 -0.9779 -0.0518
vn -0.8551 -0.1935 -0.4810
vn -0.8042 -0.3855 -0.4524
vn -0.3311 -0.9250 -0.1863
vn -0.1822 -0.9779 -0.1025
vn -0.7014 -0.1935 -0.6860
vn -0.6597 -0.3855 -0.6451
vn -0.2716 -0.9250 -0.2656
vn -0.1494 -0.9779 -0.1461
vn -0.5000 -0.1935 -0.8441
vn -0.4702 -0.3855 -0.7939
vn -0.1936 -0.9250 -0.3268
vn -0.1065 -0.9779 -0.1798
vn -0.2645 -0.1935 -0.9448
vn -0.2487 -0.3855 -0.8885
vn -0.1024 -0.9250 -0.3658
vn -0.0564 -0.9779 -0.2013
vn -0.0110 -0.1935 -0.9810
vn -0.0103 -0.3855 -0.9227
vn -0.0042 -0.9250 -0.3799
vn -0.0023 -0.9779 -0.2090
vn 0.2433 -0.1935 -0.9504
vn 0.2289 -0.3855 -0.8939
vn 0.0942 -0.9250 -0.3680
vn 0.0518 -0.9779 -0.2025
vn 0.4810 -0.1935 -0.8551
vn 0.4524 -0.3855 -0.8042
vn 0.1863 -0.9250 -0.3311
vn 0.1025 -0.9779 -0.1822
vn 0.6860 -0.1935 -0.7014
vn 0.6451 -0.3855 -0.6597
vn 0.2656 -0.9250 -0.2716
vn 0.1461 -0.9779 -0.1494
vn 0.8441 -0.1935 -0.5000
vn 0.7939 -0.3855 -0.4702
vn 0.3268 -0.9250 -0.1936
vn 0.1798 -0.9779 -0.1065
vn 0.9448 -0.1935 -0.2645
vn 0.8886 -0.3855 -0.2487
vn 0.3658 -0.9250 -0.1024
vn 0.2013 -0.9779 -0.0564
vn 0.9810 -0.1935 -0.0110
vn 0.9227 -0.3855 -0.0103
vn 0.3799 -0.9250 -0.0042
vn 0.2090 -0.9779 -0.0023
vn 0.9504 -0.1935 0.2433
vn 0.8939 -0.3855 0.2289
vn 0.3680 -0.9250 0.0942
vn 0.2025 -0.9779 0.0518
vn 0.8551 -0.1935 0.4810
vn 0.8042 -0.3855 0.4524
vn 0.3311 -0.9250 0.1863
vn 0.1822 -0.9779 0.1025
vn 0.7014 -0.1935 0.6860
vn 0.6597 -0.3855 0.6451
vn 0.2716 -0.9250 0.2656
vn 0.1494 -0.9779 0.1461
vn 0.5000 -0.1935 0.8441
vn 0.4702 -0.3855 0.7939
vn 0.1936 -0.9250 0.3268
vn 0.1065 -0.9779 0.1798
vn 0.2645 -0.1935 0.9448
vn 0.2487 -0.3855 0.8885
vn 0.1024 -0.9250 0.3658
vn 0.0564 -0.9779 0.2013
vn -0.4903 -0.0000 0.8716
vn -0.6992 0.0000 0.7150
vn -0.8604 0.0000 0.5096
vn -0.9630 -0.0000 0.2696
vn -0.9999 -0.0000 0.0112
vn -0.9688 -0.0000 -0.2480
vn -0.8716 -0.0000 -0.4903
vn -0.7150 0.0000 -0.6992
vn -0.5096 -0.0000 -0.8604
vn -0.2696 -0.0000 -0.9630
vn -0.0112 -0.0000 -0.9999
vn 0.2480 -0.0000 -0.9688
vn 0.4903 -0.0000 -0.8716
vn 0.6992 -0.0000 -0.7150
vn 0.8604 -0.0000 -0.5096
vn 0.9630 -0.0000 -0.2696
vn 0.9999 0.0000 -0.0112
vn 0.9688 0.0000 0.2480
vn 0.8716 0.0000 0.4903
vn 0.7150 0.0000 0.6992
vn 0.5096 0.0000 0.8604
vn 0.2696 0.0000 0.9630
vn 0.9465 -0.2131 0.2423
vn 0.8515 -0.2131 0.4790
vn -0.4979 -0.2131 -0.8406
vn -0.2634 -0.2131 -0.9409
vn -0.0109 -0.2131 -0.9770
vn 0.2423 -0.2131 -0.9465
vn -0.6831 -0.2131 0.6985
vn -0.8406 -0.2131 0.4979
vn 0.6985 -0.2131 0.6831
vn 0.4790 -0.2131 -0.8515
vn -0.9409 -0.2131 0.2634
vn 0.4979 -0.2131 0.8406
vn 0.6831 -0.2131 -0.6985
vn -0.9770 -0.2131 0.0109
vn 0.2634 -0.2131 0.9409
vn 0.8406 -0.2131 -0.4979
vn -0.9465 -0.2131 -0.2423
vn 0.0109 -0.2131 0.9770
vn 0.9409 -0.2131 -0.2634
vn -0.8515 -0.2131 -0.4790
vn -0.2423 -0.2131 0.9465
vn 0.9770 -0.2131 -0.0109
vn -0.6985 -0.2131 -0.6831
vn -0.4790 -0.2131 0.8515
vn -0.0000 1.0000 -0.0000
s 1
f 289/301/242 290/302/243 291/303/244 292/304/245
f 293/305/246 294/306/247 295/307/248 296/308/249
f 297/309/250 292/310/245 293/305/246 298/311/251
f 299/312/252 300/313/253 290/302/243 289/301/242
f 301/314/254 302/315/255 300/313/253 299/312/252
f 303/316/256 304/317/257 302/315/255 301/314/254
f 305/318/258 306/319/259 304/317/257 303/316/256
f 307/320/260 308/321/261 306/319/259 305/318/258
f 309/322/262 310/323/263 308/321/261 307/320/260
f 311/324/264 312/325/265 310/323/263 309/322/262
f 313/326/266 314/327/267 312/325/265 311/324/264
f 315/328/268 316/329/269 314/327/267 313/326/266
f 317/330/270 318/331/271 316/329/269 315/328/268
f 319/332/272 320/333/273 318/331/271 317/330/270
f 321/334/274 322/335/275 320/333/273 319/332/272
f 323/336/276 324/337/277 322/335/275 321/334/274
f 325/338/278 326/339/279 324/337/277 323/336/276
f 327/340/280 328/341/281 326/339/279 325/338/278
f 329/342/282 330/343/283 328/341/281 327/340/280
f 331/344/284 332/345/285 330/343/283 329/342/282
f 333/346/286 334/347/287 332/345/285 331/344/284
f 335/348/288 336/349/289 334/347/287 333/346/286
f 337/350/290 338/351/291 336/349/289 335/348/288
f 296/308/249 295/307/248 338/351/291 337/350/290
f 339/352/292 340/353/293 341/354/294 342/355/294
f 343/356/295 344/357/296 345/358/297 346/359/298
f 346/360/299 345/361/300 339/352/292 347/362/301
f 344/357/296 348/363/302 349/364/303 345/365/297
f 345/366/300 349/367/304 340/353/293 339/352/292
f 348/363/302 350/368/305 351/369/306 349/370/303
f 349/371/304 351/372/307 352/373/308 340/353/293
f 350/368/305 353/374/309 354/375/310 351/376/306
f 351/377/307 354/378/311 355/379/312 352/373/308
f 353/374/309 356/380/313 357/381/314 354/382/310
f 354/383/311 357/384/315 358/385/316 355/379/312
f 356/380/313 359/386/317 360/387/318 357/388/314
f 357/389/315 360/390/319 361/391/320 358/385/316
f 359/386/317 362/392/321 363/393/322 360/394/318
f 360/395/319 363/396/323 364/397/324 361/391/320
f 362/392/321 365/398/325 366/399/326 363/400/322
f 363/401/323 366/402/327 367/403/328 364/397/324
f 365/398/325 368/404/329 369/405/330 366/406/326
f 366/407/327 369/408/331 370/409/332 367/403/328
f 368/404/329 371/410/333 372/411/334 369/412/330
f 369/413/331 372/414/335 373/415/336 370/409/332
f 371/410/333 374/416/337 375/417/338 372/418/334
f 372/419/335 375/420/339 376/421/340 373/415/336
f 374/416/337 377/422/341 378/423/342 375/424/338
f 375/425/339 378/426/343 379/427/344 376/421/340
f 377/422/341 380/428/345 381/429/346 378/430/342
f 378/431/343 381/432/347 382/433/348 379/427/344
f 380/428/345 383/434/349 384/435/350 381/436/346
f 381/437/347 384/438/351 385/439/352 382/433/348
f 383/434/349 386/440/353 387/441/354 384/442/350
f 384/443/351 387/444/355 388/445/356 385/439/352
f 386/440/353 389/446/357 390/447/358 387/448/354
f 387/449/355 390/450/359 391/451/360 388/445/356
f 389/446/357 392/452/361 393/453/362 390/454/358
f 390/455/359 393/456/363 394/457/364 391/451/360
f 392/452/361 395/458/365 396/459/366 393/460/362
f 393/461/363 396/462/367 397/463/368 394/457/364
f 395/458/365 398/464/369 399/465/370 396/466/366
f 396/467/367 399/468/371 400/469/372 397/463/368
f 398/464/369 401/470/373 402/471/374 399/472/370
f 399/473/371 402/474/375 403/475/376 400/469/372
f 401/470/373 404/476/377 405/477/378 402/478/374
f 402/479/375 405/480/379 406/481/380 403/475/376
f 404/476/377 407/482/381 408/483/382 405/484/378
f 405/485/379 408/486/383 409/487/384 406/481/380
f 407/482/381 410/488/385 411/489/386 408/490/382
f 408/491/383 411/492/387 412/493/388 409/487/384
f 410/488/385 343/494/295 346/495/298 411/496/386
f 411/497/387 346/498/299 347/362/301 412/493/388
f 292/310/245 291/499/244 294/306/247 293/305/246
f 413/500/389 296/308/249 337/350/290 414/501/390
f 414/501/390 337/350/290 335/348/288 415/502/391
f 415/502/391 335/348/288 333/346/286 416/503/392
f 416/503/392 333/346/286 331/344/284 417/504/393
f 417/504/393 331/344/284 329/342/282 418/505/394
f 418/505/394 329/342/282 327/340/280 419/506/395
f 419/506/395 327/340/280 325/338/278 420/507/396
f 420/507/396 325/338/278 323/336/276 421/508/397
f 421/508/397 323/336/276 321/334/274 422/509/398
f 422/509/398 321/334/274 319/332/272 423/510/399
f 423/510/399 319/332/272 317/330/270 424/511/400
f 424/511/400 317/330/270 315/328/268 425/512/401
f 425/512/401 315/328/268 313/326/266 426/513/402
f 426/513/402 313/326/266 311/324/264 427/514/403
f 427/514/403 311/324/264 309/322/262 428/515/404
f 428/515/404 309/322/262 307/320/260 429/516/405
f 429/516/405 307/320/260 305/318/258 430/517/406
f 430/517/406 305/318/258 303/316/256 431/518/407
f 431/518/407 303/316/256 301/314/254 432/519/408
f 432/519/408 301/314/254 299/312/252 433/520/409
f 433/520/409 299/312/252 289/301/242 434/521/410
f 298/311/251 293/305/246 296/308/249 413/500/389
f 434/521/410 289/301/242 292/304/245 297/522/250
f 355/379/312 358/385/316 435/523/294 436/524/294
f 364/397/324 367/403/328 437/525/294 438/526/294
f 373/415/336 376/421/340 439/527/294 440/528/294
f 382/433/348 385/439/352 441/529/294 442/530/294
f 391/451/360 394/457/364 443/531/294 444/532/294
f 400/469/372 403/475/376 445/533/294 446/534/294
f 409/487/384 412/493/388 447/535/294 448/536/294
f 347/362/301 339/352/292 342/355/294 449/537/294
f 352/373/308 355/379/312 436/524/294 450/538/294
f 361/391/320 364/397/324 438/526/294 451/539/294
f 370/409/332 373/415/336 440/528/294 452/540/294
f 379/427/344 382/433/348 442/530/294 453/541/294
f 388/445/356 391/451/360 444/532/294 454/542/294
f 397/463/368 400/469/372 446/534/294 455/543/294
f 406/481/380 409/487/384 448/536/294 456/544/294
f 412/493/388 347/362/301 449/537/294 447/535/294
f 340/353/293 352/373/308 450/538/294 341/354/294
f 358/385/316 361/391/320 451/539/294 435/523/294
f 367/403/328 370/409/332 452/540/294 437/525/294
f 376/421/340 379/427/344 453/541/294 439/527/294
f 385/439/352 388/445/356 454/542/294 441/529/294
f 394/457/364 397/463/368 455/543/294 443/531/294
f 403/475/376 406/481/380 456/544/294 445/533/294
f 438/526/411 437/525/412 457/545/412 458/546/411
f 448/536/413 447/535/414 459/547/414 460/548/413
f 449/537/415 342/355/416 461/549/416 462/550/415
f 454/542/417 444/532/418 463/551/418 464/552/417
f 437/525/412 452/540/419 465/553/419 457/545/412
f 447/535/414 449/537/415 462/550/415 459/547/414
f 342/355/416 341/354/420 466/554/420 461/549/416
f 444/532/418 443/531/421 467/555/421 463/551/418
f 452/540/419 440/528/422 468/556/422 465/553/419
f 341/354/420 450/538/423 469/557/423 466/554/420
f 443/531/421 455/543/424 470/558/424 467/555/421
f 440/528/422 439/527/425 471/559/425 468/556/422
f 450/538/423 436/524/426 472/560/426 469/557/423
f 455/543/424 446/534/427 473/561/427 470/558/424
f 439/527/425 453/541/428 474/562/428 471/559/425
f 436/524/426 435/523/429 475/563/429 472/560/426
f 446/534/427 445/533/430 476/564/430 473/561/427
f 453/541/428 442/530/431 477/565/431 474/562/428
f 435/523/429 451/539/432 478/566/432 475/563/429
f 445/533/430 456/544/433 479/567/433 476/564/430
f 442/530/431 441/529/434 480/568/434 477/565/431
f 451/539/432 438/526/411 458/546/411 478/566/432
f 456/544/433 448/536/413 460/548/413 479/567/433
f 441/529/434 454/542/417 464/552/417 480/568/434
f 459/547/294 476/564/294 479/567/294 460/548/294
f 462/550/294 473/561/294 476/564/294 459/547/294
f 461/549/294 470/558/294 473/561/294 462/550/294
f 466/554/294 467/555/294 470/558/294 461/549/294
f 469/557/294 463/551/294 467/555/294 466/554/294
f 472/560/294 464/552/294 463/551/294 469/557/294
f 475/563/294 480/568/294 464/552/294 472/560/294
f 478/566/294 477/565/294 480/568/294 475/563/294
f 458/546/294 474/562/294 477/565/294 478/566/294
f 457/545/294 471/559/294 474/562/294 458/546/294
f 465/553/294 468/556/294 471/559/294 457/545/294
f 326/339/435 320/333/435 322/335/435 324/337/435
f 328/341/435 318/331/435 320/333/435 326/339/435
f 330/343/435 316/329/435 318/331/435 328/341/435
f 332/345/435 314/327/435 316/329/435 330/343/435
f 334/347/435 312/325/435 314/327/435 332/345/435
f 336/349/435 310/323/435 312/325/435 334/347/435
f 338/351/435 308/321/435 310/323/435 336/349/435
f 295/307/435 306/319/435 308/321/435 338/351/435
f 294/306/435 304/317/435 306/319/435 295/307/435
f 291/499/435 302/315/435 304/317/435 294/306/435
f 290/302/435 300/313/435 302/315/435 291/303/435
f 410/488/385 434/521/410 297/522/250 343/494/295
f 344/357/296 298/311/251 413/500/389 348/363/302
f 407/482/381 433/520/409 434/521/410 410/488/385
f 404/476/377 432/519/408 433/520/409 407/482/381
f 401/470/373 431/518/407 432/519/408 404/476/377
f 398/464/369 430/517/406 431/518/407 401/470/373
f 395/458/365 429/516/405 430/517/406 398/464/369
f 392/452/361 428/515/404 429/516/405 395/458/365
f 389/446/357 427/514/403 428/515/404 392/452/361
f 386/440/353 426/513/402 427/514/403 389/446/357
f 383/434/349 425/512/401 426/513/402 386/440/353
f 380/428/345 424/511/400 425/512/401 383/434/349
f 377/422/341 423/510/399 424/511/400 380/428/345
f 374/416/337 422/509/398 423/510/399 377/422/341
f 371/410/333 421/508/397 422/509/398 374/416/337
f 368/404/329 420/507/396 421/508/397 371/410/333
f 365/398/325 419/506/395 420/507/396 368/404/329
f 362/392/321 418/505/394 419/506/395 365/398/325
f 359/386/317 417/504/393 418/505/394 362/392/321
f 356/380/313 416/503/392 417/504/393 359/386/317
f 353/374/309 415/502/391 416/503/392 356/380/313
f 350/368/305 414/501/390 415/502/391 353/374/309
f 348/363/302 413/500/389 414/501/390 350/368/305
f 343/356/295 297/309/250 298/311/251 344/357/296
o handle.001
v -46.597206 18.688663 -2.344993
v -46.851704 18.421268 -2.342152
v -47.793030 19.714161 -2.355096
v -47.488136 20.065439 -2.358501
v -49.209625 11.955122 -2.339282
v -47.603100 11.400738 -2.333763
v -47.439453 8.007181 -2.335589
v -48.988934 8.104637 -2.341745
v -45.016296 21.222364 -2.324363
v -44.505451 19.498426 -2.368341
v -45.411919 19.344698 -2.358223
v -46.135010 20.762465 -2.342909
v -39.089664 20.795925 -2.452241
v -38.639458 21.005823 -2.457266
v -38.636169 17.971031 -2.433852
v -39.068581 18.136200 -2.429025
v -46.561050 3.542277 -2.368843
v -45.631485 4.436176 -2.355768
v -44.443336 3.812529 -2.369030
v -44.734570 2.424834 -2.389229
v -48.200714 19.049627 -2.350546
v -47.116997 17.875301 -2.339191
v -47.373337 16.757082 -2.336330
v -48.758972 17.783426 -2.344314
v -48.089546 5.303804 -2.351782
v -46.718323 5.711509 -2.343638
v -42.972031 1.808579 -2.408902
v -43.215622 3.593945 -2.382733
v -41.962509 3.618356 -2.396720
v -41.599178 1.564664 -2.424225
v -49.136215 15.514507 -2.340103
v -47.507843 14.685211 -2.334828
v -43.537590 21.142986 -2.395092
v -43.159222 19.514359 -2.383367
v -39.022797 4.954494 -2.429532
v -38.731426 5.089786 -2.432785
v -38.538967 1.778743 -2.458382
v -38.820580 1.686590 -2.455239
v -41.789337 20.988462 -2.422108
v -41.597221 19.263039 -2.400801
v -46.726963 20.549913 -2.356198
v -45.967987 19.130503 -2.352016
v -46.328522 18.908964 -2.347992
v -47.157276 20.323795 -2.360843
v -40.766434 3.902546 -2.410070
v -40.499344 1.545918 -2.436501
v -45.023804 21.619513 -2.308101
v -43.620461 21.618837 -2.379535
v -45.305531 21.637848 -1.704181
v -45.135666 21.632681 -1.997812
v -45.887108 21.629688 -1.851661
v -46.022827 21.632240 -1.554158
v -45.770332 21.617512 -2.163554
v -46.085827 21.611816 -1.983418
v -46.292000 21.624043 -1.643958
v -41.894409 21.616554 -2.404815
v -46.438099 21.624943 -1.358021
v -41.598129 21.638630 0.441729
v -41.735199 21.638630 0.886390
v -40.799072 21.632681 1.426116
v -39.036976 20.795925 2.268443
v -40.147850 20.823236 2.280842
v -40.073776 18.695402 2.256565
v -39.016415 18.136198 2.244763
v -46.276352 18.908960 2.325797
v -45.915817 19.130501 2.321772
v -47.914909 19.986792 2.180241
v -47.588867 20.359203 2.178765
v -47.160664 20.676453 1.356093
v -47.257561 20.621614 2.176473
v -47.206043 20.643970 1.806495
v -47.224541 20.738884 -0.336101
v -47.230812 20.740257 -0.000736
v -46.965088 20.940897 -0.003702
v -46.961639 20.938986 -0.331195
v -47.205574 20.729265 -0.662182
v -46.951069 20.925606 -0.650537
v -48.991676 17.994276 2.191950
v -49.040176 17.994274 -2.153571
v -49.474823 15.680134 -2.148719
v -49.426319 15.680134 2.196802
v -46.202797 21.112597 -1.992120
v -46.435806 21.573755 -1.698510
v -46.302925 21.061308 -2.043330
v -46.440357 21.015591 -1.866920
v -46.397552 21.056734 -1.795868
v -41.842079 21.616554 2.283633
v -40.241600 21.614017 2.262621
v -40.595314 21.630140 1.812075
v -42.265854 21.632683 1.908113
v -46.647030 20.958069 -1.602703
v -46.660126 21.002445 -1.388298
v -46.697090 21.582659 -1.250747
v -45.835953 21.194241 -2.179216
v -47.637428 20.359200 -2.171702
v -47.963425 19.986792 -2.165900
v -47.190968 20.676453 -1.358792
v -47.246387 20.643974 -1.808070
v -46.877483 20.879293 -1.373014
v -46.924919 20.832216 -1.833443
v -47.306152 20.621616 -2.176806
v -46.945557 20.822790 -2.161001
v -39.363525 21.627674 -1.907785
v -39.499470 21.628485 -1.471839
v -38.942871 21.623951 -1.429055
v -38.835205 21.623852 -1.884685
v -43.889221 21.633526 -2.049473
v -42.309700 21.632681 -2.019930
v -44.082672 21.638498 -1.802904
v -42.625801 21.637852 -1.677610
v -39.163509 21.613693 -2.429343
v -38.702282 21.614309 -2.433286
v -46.842697 21.022268 -0.606033
v -46.824936 21.001360 -0.884147
v -46.936737 20.896296 -0.967376
v -46.863617 21.582884 -0.559250
v -46.827530 21.582876 -0.804482
v -46.772114 20.988283 -1.151199
v -40.293858 21.614019 -2.419534
v -40.200542 20.823236 -2.439842
v -46.773159 21.582865 -1.031308
v -46.647911 21.625351 -0.721643
v -46.693550 21.625357 -0.370662
v -46.445278 21.633314 -0.450200
v -46.362213 21.633318 -0.862353
v -46.704136 21.625357 -0.006615
v -46.467163 21.633318 -0.009260
v -46.236328 21.638628 -0.011836
v -46.202896 21.638630 -0.520719
v -46.080410 21.638628 -0.981179
v -47.164474 20.706421 0.980803
v -47.186401 20.706421 -0.983510
v -40.832523 21.632681 -1.570793
v -42.040386 21.638565 -1.351354
v -41.756371 21.638634 -1.010306
v -48.413864 19.293041 -2.160563
v -48.365356 19.293043 2.184960
v -39.734291 4.441988 -2.421591
v -39.522167 1.613942 -2.447408
v -43.014145 21.225166 -0.893211
v -43.216801 21.232292 -1.106393
v -44.112034 21.172413 -1.056770
v -44.109802 21.162783 -0.856688
v -43.483231 21.266758 -1.214116
v -44.113594 21.239416 -1.195903
v -44.744202 21.266754 -1.200042
v -45.008156 21.232290 -1.086399
v -45.206005 21.225164 -0.868746
v -44.105778 21.162783 -0.496193
v -42.906277 21.225170 -0.519894
v -45.305511 21.225170 -0.493115
v -45.329762 21.225166 -0.021955
v -44.100639 21.162788 -0.035674
v -42.871513 21.225166 -0.049393
v -38.913055 21.623951 1.242235
v -39.468559 21.628485 1.297432
v -41.609406 21.638630 -0.568816
v -41.561722 21.638630 -0.064013
v -39.682121 4.441987 2.252195
v -40.714264 3.902547 2.263715
v -40.637432 21.630142 -1.961204
v -42.011532 21.638565 1.233692
v -42.589520 21.637848 1.572934
v -41.736649 20.988464 2.298576
v -41.545052 19.263039 2.272987
v -44.453285 19.498425 2.305448
v -45.359756 19.344698 2.315566
v -48.936241 8.104637 2.378937
v -47.387283 8.007183 2.338197
v -47.550934 11.400740 2.340023
v -49.156933 11.955120 2.381399
v -45.837059 21.638563 -1.359590
v -45.645866 21.630358 -1.381167
v -45.074654 21.630327 -1.608518
v -45.943893 21.630365 -1.022027
v -45.884041 21.557886 -0.994356
v -45.565613 21.557886 -1.316122
v -44.992043 21.557886 -1.503354
v -46.091335 21.630365 -0.548556
v -46.130867 21.630367 -0.013013
v -46.082069 21.557884 -0.013558
v -46.041100 21.557890 -0.540355
v -42.583687 21.630358 -1.385260
v -42.245209 21.630365 -1.052339
v -43.201893 21.630322 -1.595917
v -43.270950 21.557886 -1.511727
v -42.681816 21.557886 -1.338376
v -42.344810 21.557886 -1.030247
v -42.073551 21.630365 -0.591931
v -42.020012 21.630367 -0.058897
v -42.172649 21.557890 -0.583082
v -42.119213 21.557884 -0.057790
v -44.152580 21.630344 -1.676565
v -44.134323 21.557886 -1.566734
v -45.440491 21.392874 -1.193736
v -44.910339 21.396917 -1.334941
v -45.741753 21.391527 -0.928000
v -45.890755 21.391529 -0.514138
v -45.929001 21.391531 -0.015266
v -42.789124 21.392876 -1.222088
v -42.480568 21.391527 -0.963949
v -43.323730 21.396917 -1.351295
v -42.321735 21.391529 -0.553919
v -42.272285 21.391531 -0.056082
v -44.117733 21.394226 -1.381526
v -38.511875 1.181800 -2.435234
v -38.544128 1.095387 -2.270720
v -38.816681 1.014599 -2.267678
v -38.790337 1.099373 -2.432126
v -48.394043 19.260717 -2.324937
v -47.959103 19.947147 -2.329831
v -47.643822 20.313972 -2.333620
v -46.561256 21.625301 -1.049576
v -46.211082 21.633200 -1.225533
v -47.306992 20.577644 -2.334351
v -46.900188 20.794035 -2.313972
v -49.434067 15.659431 -2.313328
v -49.007256 17.967682 -2.318093
v -49.264633 8.123535 -2.315217
v -49.498985 12.053747 -2.312602
v -49.302380 8.126127 -2.150642
v -49.538574 12.067808 -2.148007
v -46.725666 3.383114 -2.343555
v -48.335346 5.230626 -2.325589
v -46.747513 3.360294 -2.179158
v -48.368675 5.220172 -2.161063
v -42.924217 1.490654 -2.385985
v -44.780846 2.179552 -2.365262
v -42.915272 1.445448 -2.221931
v -44.785152 2.144852 -2.201060
v -40.451042 1.123685 -2.413590
v -41.532047 1.197216 -2.401524
v -40.448929 1.063129 -2.249459
v -41.521339 1.144789 -2.237489
v -39.486610 1.106603 -2.424355
v -39.499443 1.033444 -2.260057
v -46.004761 21.111961 -2.207476
v -46.423073 20.974844 -2.261402
v -46.577667 20.969265 -2.108884
v -46.632225 20.949852 -1.872505
v -46.885765 21.582895 -0.004587
v -46.882271 21.582891 -0.289154
v -46.855373 21.033260 -0.004926
v -46.852875 21.031883 -0.310962
v -40.125938 18.695402 -2.417223
v -46.846043 21.031885 0.300977
v -46.829285 21.022266 0.595748
v -46.851242 21.582882 0.549443
v -46.875916 21.582890 0.279830
v -48.036858 5.303805 2.368897
v -46.666161 5.711510 2.330149
v -38.584000 17.971031 2.239937
v -38.586769 21.005821 2.263418
v -47.740334 19.714161 2.365587
v -46.799545 18.421265 2.331636
v -46.545036 18.688663 2.328795
v -47.435440 20.065441 2.362185
v -46.083004 20.762463 2.316395
v -44.964981 21.222366 2.272882
v -46.508358 3.542276 2.351837
v -45.579319 4.436176 2.318017
v -44.681873 2.424835 2.331451
v -44.391167 3.812530 2.304755
v -48.148018 19.049625 2.370138
v -47.064827 17.875303 2.334597
v -48.706276 17.783428 2.376369
v -47.321171 16.757084 2.337459
v -42.919342 1.808580 2.311778
v -43.163452 3.593946 2.291052
v -41.546486 1.564665 2.296454
v -41.910339 3.618356 2.277065
v -49.083527 15.514511 2.380580
v -47.455681 14.685211 2.338960
v -43.485065 21.142982 2.310589
v -43.107056 19.514357 2.290422
v -40.446655 1.545918 2.284178
v -38.486275 1.778743 2.262297
v -38.679256 5.089787 2.241000
v -38.970627 4.954494 2.244252
v -38.767887 1.686590 2.265440
v -46.674511 20.549913 2.342893
v -46.041859 21.611816 1.955895
v -46.398109 21.573755 1.678870
v -46.158604 21.112591 1.967206
v -45.267990 21.637848 1.659312
v -45.988453 21.632236 1.525336
v -45.846130 21.629688 1.819736
v -45.091614 21.632681 1.949078
v -46.407997 21.624945 1.338517
v -46.255554 21.624044 1.621122
v -43.568264 21.618834 2.296885
v -45.722420 21.617512 2.128944
v -47.104614 20.323795 2.357142
v -47.190811 20.729263 0.659982
v -46.936634 20.925606 0.642660
v -46.954330 20.938986 0.323632
v -47.217056 20.738886 0.334406
v -49.490067 12.067808 2.197514
v -49.253876 8.126127 2.194877
v -48.320168 5.220174 2.184456
v -46.699013 3.360294 2.166361
v -44.736649 2.144852 2.144457
v -42.866768 1.445449 2.123586
v -41.472839 1.144789 2.108028
v -40.400421 1.063129 2.096058
v -39.450935 1.033443 2.085460
v -38.768177 1.014599 2.077839
v -38.650108 21.614311 2.240846
v -39.111313 21.613693 2.247198
v -44.972847 21.619513 2.256793
v -46.257568 21.061306 2.020639
v -46.357693 21.056734 1.775350
v -46.398899 21.015591 1.847340
v -46.669323 21.582659 1.237050
v -46.629295 21.002443 1.373742
v -46.611420 20.958069 1.587802
v -45.787678 21.194237 2.146067
v -46.897411 20.822790 2.152624
v -46.884087 20.832216 1.824687
v -46.846939 20.879293 1.363314
v -39.322918 21.627672 1.730234
v -38.795242 21.623850 1.695348
v -43.844322 21.633526 1.972904
v -44.043232 21.638498 1.730714
v -46.915230 20.896296 0.959100
v -46.805313 21.001358 0.873396
v -46.746552 20.988285 1.139202
v -46.809685 21.582874 0.793808
v -46.631966 21.625351 0.706980
v -46.343193 21.633318 0.841279
v -46.435440 21.633316 0.431083
v -46.685432 21.625357 0.357106
v -46.058807 21.638630 0.953785
v -46.191551 21.638634 0.496174
v -46.750271 21.582865 1.019364
v -39.469475 1.613943 2.273272
v -42.995274 21.225166 0.797398
v -44.091473 21.162781 0.785340
v -44.089241 21.172413 0.985422
v -43.193123 21.232292 1.015051
v -45.187134 21.225166 0.821863
v -44.984478 21.232294 1.035045
v -44.718048 21.266754 1.142768
v -44.087685 21.239416 1.124555
v -43.457077 21.266758 1.128694
v -42.895767 21.225174 0.421767
v -44.095497 21.162781 0.424845
v -45.294998 21.225168 0.448546
v -38.495625 1.095387 2.074797
v -45.039299 21.630325 1.558519
v -45.615444 21.630358 1.343974
v -45.807076 21.638565 1.326670
v -44.959061 21.557886 1.451537
v -45.536667 21.557886 1.277154
v -45.862198 21.557886 0.962576
v -45.921417 21.630365 0.991576
v -46.079391 21.630363 0.521514
v -46.029346 21.557888 0.512193
v -42.222980 21.630365 0.939323
v -42.553940 21.630354 1.279716
v -42.323048 21.557886 0.919460
v -42.653091 21.557886 1.235034
v -43.238213 21.557886 1.421492
v -43.167290 21.630322 1.504120
v -42.061642 21.630363 0.475199
v -42.160912 21.557888 0.468564
v -44.115944 21.630346 1.605968
v -44.100140 21.557886 1.495756
v -44.881142 21.396917 1.281342
v -45.414307 21.392874 1.152006
v -45.721420 21.391525 0.893060
v -45.879631 21.391527 0.482628
v -42.460255 21.391525 0.856209
v -42.762970 21.392874 1.121170
v -43.294563 21.396919 1.262278
v -42.310612 21.391527 0.442735
v -44.087692 21.394228 1.310224
v -38.738163 1.099374 2.241658
v -38.459705 1.181800 2.238550
v -47.906929 19.947149 2.344035
v -48.341873 19.260715 2.348851
v -47.591652 20.313972 2.340786
v -46.183994 21.633200 1.200995
v -46.538010 21.625301 1.032898
v -47.254883 20.577646 2.333998
v -46.848637 20.794033 2.304544
v -48.955086 17.967684 2.355696
v -49.381905 15.659431 2.360460
v -49.446823 12.053747 2.361184
v -49.212463 8.123535 2.358569
v -48.283184 5.230628 2.348197
v -46.673500 3.383116 2.330230
v -44.728676 2.179553 2.308522
v -42.872047 1.490654 2.287800
v -41.479881 1.197216 2.272261
v -40.398876 1.123685 2.260195
v -39.434441 1.106603 2.249430
v -46.530769 20.969267 2.092308
v -46.372810 20.974844 2.241338
v -45.955811 21.111959 2.178088
v -46.590599 20.949856 1.857207
vt 0.000000 0.000000
vt 0.000000 0.000000
vt 0.000000 0.000000
vt 0.000000 0.000000
vt 0.000000 0.000000
vt 0.000000 0.000000
vt 0.000000 0.000000
vt 0.000000 0.000000
vt 0.000000 0.000000
vt 0.000000 0.000000
vt 0.000000 0.000000
vt 0.000000 0.000000
vt 0.000000 0.000000
vt 0.000000 0.000000
vt 0.000000 0.000000
vt 0.000000 0.000000
vt 0.000000 0.000000
vt 0.000000 0.000000
vt 0.000000 0.000000
vt 0.000000 0.000000
vt 0.000000 0.000000
vt 0.000000 0.000000
vt 0.000000 0.000000
vt 0.000000 0.000000
vt 0.000000 0.000000
vt 0.000000 0.000000
vt 0.000000 0.000000
vt 0.000000 0.000000
vt 0.000000 0.000000
vt 0.000000 0.000000
vt 0.000000 0.000000
vt 0.000000 0.000000
vt 0.000000 0.000000
vt 0.000000 0.000000
vt 0.000000 0.000000
vt 0.000000 0.000000
vt 0.000000 0.000000
vt 0.000000 0.000000
vt 0.000000 0.000000
vt 0.000000 0.000000
vt 0.000000 0.000000
vt 0.000000 0.000000
vt 0.000000 0.000000
vt 0.000000 0.000000
vt 0.000000 0.000000
vt 0.000000 0.000000
vt 0.000000 0.000000
vt 0.000000 0.000000
vt 0.000000 0.000000
vt 0.000000 0.000000
vt 0.000000 0.000000
vt 0.000000 0.000000
vt 0.000000 0.000000
vt 0.000000 0.000000
vt 0.000000 0.000000
vt 0.000000 0.000000
vt 0.000000 0.000000
vt 0.000000 0.000000
vt 0.000000 0.000000
vt 0.000000 0.000000
vt 0.000000 0.000000
vt 0.000000 0.000000
vt 0.000000 0.000000
vt 0.000000 0.000000
vt 0.000000 0.000000
vt 0.000000 0.000000
vt 0.000000 0.000000
vt 0.000000 0.000000
vt 0.000000 0.000000
vt 0.000000 0.000000
vt 0.000000 0.000000
vt 0.000000 0.000000
vt 0.000000 0.000000
vt 0.000000 0.000000
vt 0.000000 0.000000
vt 0.000000 0.000000
vt 0.000000 0.000000
vt 0.000000 0.000000
vt 0.000000 0.000000
vt 0.000000 0.000000
vt 0.000000 0.000000
vt 0.000000 0.000000
vt 0.000000 0.000000
vt 0.000000 0.000000
vt 0.000000 0.000000
vt 0.000000 0.000000
vt 0.000000 0.000000
vt 0.000000 0.000000
vt 0.000000 0.000000
vt 0.000000 0.000000
vt 0.000000 0.000000
vt 0.000000 0.000000
vt 0.000000 0.000000
vt 0.000000 0.000000
vt 0.000000 0.000000
vt 0.000000 0.000000
vt 0.000000 0.000000
vt 0.000000 0.000000
vt 0.000000 0.000000
vt 0.000000 0.000000
vt 0.000000 0.000000
vt 0.000000 0.000000
vt 0.000000 0.000000
vt 0.000000 0.000000
vt 0.000000 0.000000
vt 0.000000 0.000000
vt 0.000000 0.000000
vt 0.000000 0.000000
vt 0.000000 0.000000
vt 0.000000 0.000000
vt 0.000000 0.000000
vt 0.000000 0.000000
vt 0.000000 0.000000
vt 0.000000 0.000000
vt 0.000000 0.000000
vt 0.000000 0.000000
vt 0.000000 0.000000
vt 0.000000 0.000000
vt 0.000000 0.000000
vt 0.000000 0.000000
vt 0.000000 0.000000
vt 0.000000 0.000000
vt 0.000000 0.000000
vt 0.000000 0.000000
vt 0.000000 0.000000
vt 0.000000 0.000000
vt 0.000000 0.000000
vt 0.000000 0.000000
vt 0.000000 0.000000
vt 0.000000 0.000000
vt 0.000000 0.000000
vt 0.000000 0.000000
vt 0.000000 0.000000
vt 0.000000 0.000000
vt 0.000000 0.000000
vt 0.000000 0.000000
vt 0.000000 0.000000
vt 0.000000 0.000000
vt 0.000000 0.000000
vt 0.000000 0.000000
vt 0.000000 0.000000
vt 0.000000 0.000000
vt 0.000000 0.000000
vt 0.000000 0.000000
vt 0.000000 0.000000
vt 0.000000 0.000000
vt 0.000000 0.000000
vt 0.000000 0.000000
vt 0.000000 0.000000
vt 0.000000 0.000000
vt 0.000000 0.000000
vt 0.000000 0.000000
vt 0.000000 0.000000
vt 0.000000 0.000000
vt 0.000000 0.000000
vt 0.000000 0.000000
vt 0.000000 0.000000
vt 0.000000 0.000000
vt 0.000000 0.000000
vt 0.000000 0.000000
vt 0.000000 0.000000
vt 0.000000 0.000000
vt 0.000000 0.000000
vt 0.000000 0.000000
vt 0.000000 0.000000
vt 0.000000 0.000000
vt 0.000000 0.000000
vt 0.000000 0.000000
vt 0.000000 0.000000
vt 0.000000 0.000000
vt 0.000000 0.000000
vt 0.000000 0.000000
vt 0.000000 0.000000
vt 0.000000 0.000000
vt 0.000000 0.000000
vt 0.000000 0.000000
vt 0.000000 0.000000
vt 0.000000 0.000000
vt 0.000000 0.000000
vt 0.000000 0.000000
vt 0.000000 0.000000
vt 0.000000 0.000000
vt 0.000000 0.000000
vt 0.000000 0.000000
vt 0.000000 0.000000
vt 0.000000 0.000000
vt 0.000000 0.000000
vt 0.000000 0.000000
vt 0.000000 0.000000
vt 0.000000 0.000000
vt 0.000000 0.000000
vt 0.000000 0.000000
vt 0.000000 0.000000
vt 0.000000 0.000000
vt 0.000000 0.000000
vt 0.000000 0.000000
vt 0.000000 0.000000
vt 0.000000 0.000000
vt 0.000000 0.000000
vt 0.000000 0.000000
vt 0.000000 0.000000
vt 0.000000 0.000000
vt 0.000000 0.000000
vt 0.000000 0.000000
vt 0.000000 0.000000
vt 0.000000 0.000000
vt 0.000000 0.000000
vt 0.000000 0.000000
vt 0.000000 0.000000
vt 0.000000 0.000000
vt 0.000000 0.000000
vt 0.000000 0.000000
vt 0.000000 0.000000
vt 0.000000 0.000000
vt 0.000000 0.000000
vt 0.000000 0.000000
vt 0.000000 0.000000
vt 0.000000 0.000000
vt 0.000000 0.000000
vt 0.000000 0.000000
vt 0.000000 0.000000
vt 0.000000 0.000000
vt 0.000000 0.000000
vt 0.000000 0.000000
vt 0.000000 0.000000
vt 0.000000 0.000000
vt 0.000000 0.000000
vt 0.000000 0.000000
vt 0.000000 0.000000
vt 0.000000 0.000000
vt 0.000000 0.000000
vt 0.000000 0.000000
vt 0.000000 0.000000
vt 0.000000 0.000000
vt 0.000000 0.000000
vt 0.000000 0.000000
vt 0.000000 0.000000
vt 0.000000 0.000000
vt 0.000000 0.000000
vt 0.000000 0.000000
vt 0.000000 0.000000
vt 0.000000 0.000000
vt 0.000000 0.000000
vt 0.000000 0.000000
vt 0.000000 0.000000
vt 0.000000 0.000000
vt 0.000000 0.000000
vt 0.000000 0.000000
vt 0.000000 0.000000
vt 0.000000 0.000000
vt 0.000000 0.000000
vt 0.000000 0.000000
vt 0.000000 0.000000
vt 0.000000 0.000000
vt 0.000000 0.000000
vt 0.000000 0.000000
vt 0.000000 0.000000
vt 0.000000 0.000000
vt 0.000000 0.000000
vt 0.000000 0.000000
vt 0.000000 0.000000
vt 0.000000 0.000000
vt 0.000000 0.000000
vt 0.000000 0.000000
vt 0.000000 0.000000
vt 0.000000 0.000000
vt 0.000000 0.000000
vt 0.000000 0.000000
vt 0.000000 0.000000
vt 0.000000 0.000000
vt 0.000000 0.000000
vt 0.000000 0.000000
vt 0.000000 0.000000
vt 0.000000 0.000000
vt 0.000000 0.000000
vt 0.000000 0.000000
vt 0.000000 0.000000
vt 0.000000 0.000000
vt 0.000000 0.000000
vt 0.000000 0.000000
vt 0.000000 0.000000
vt 0.000000 0.000000
vt 0.000000 0.000000
vt 0.000000 0.000000
vt 0.000000 0.000000
vt 0.000000 0.000000
vt 0.000000 0.000000
vt 0.000000 0.000000
vt 0.000000 0.000000
vt 0.000000 0.000000
vt 0.000000 0.000000
vt 0.000000 0.000000
vt 0.000000 0.000000
vt 0.000000 0.000000
vt 0.000000 0.000000
vt 0.000000 0.000000
vt 0.000000 0.000000
vt 0.000000 0.000000
vt 0.000000 0.000000
vt 0.000000 0.000000
vt 0.000000 0.000000
vt 0.000000 0.000000
vt 0.000000 0.000000
vt 0.000000 0.000000
vt 0.000000 0.000000
vt 0.000000 0.000000
vt 0.000000 0.000000
vt 0.000000 0.000000
vt 0.000000 0.000000
vt 0.000000 0.000000
vt 0.000000 0.000000
vt 0.000000 0.000000
vt 0.000000 0.000000
vt 0.000000 0.000000
vt 0.000000 0.000000
vt 0.000000 0.000000
vt 0.000000 0.000000
vt 0.000000 0.000000
vt 0.000000 0.000000
vt 0.000000 0.000000
vt 0.000000 0.000000
vt 0.000000 0.000000
vt 0.000000 0.000000
vt 0.000000 0.000000
vt 0.000000 0.000000
vt 0.000000 0.000000
vt 0.000000 0.000000
vt 0.000000 0.000000
vt 0.000000 0.000000
vt 0.000000 0.000000
vt 0.000000 0.000000
vt 0.000000 0.000000
vt 0.000000 0.000000
vt 0.000000 0.000000
vt 0.000000 0.000000
vt 0.000000 0.000000
vt 0.000000 0.000000
vt 0.000000 0.000000
vt 0.000000 0.000000
vt 0.000000 0.000000
vt 0.000000 0.000000
vt 0.000000 0.000000
vt 0.000000 0.000000
vt 0.000000 0.000000
vt 0.000000 0.000000
vt 0.000000 0.000000
vt 0.000000 0.000000
vt 0.000000 0.000000
vt 0.000000 0.000000
vt 0.000000 0.000000
vt 0.000000 0.000000
vt 0.000000 0.000000
vt 0.000000 0.000000
vt 0.000000 0.000000
vt 0.000000 0.000000
vt 0.000000 0.000000
vt 0.000000 0.000000
vt 0.000000 0.000000
vt 0.000000 0.000000
vt 0.000000 0.000000
vt 0.000000 0.000000
vt 0.000000 0.000000
vt 0.000000 0.000000
vt 0.000000 0.000000
vt 0.000000 0.000000
vt 0.000000 0.000000
vt 0.000000 0.000000
vt 0.000000 0.000000
vt 0.000000 0.000000
vt 0.000000 0.000000
vt 0.000000 0.000000
vt 0.000000 0.000000
vt 0.000000 0.000000
vt 0.000000 0.000000
vt 0.000000 0.000000
vt 0.000000 0.000000
vt 0.000000 0.000000
vt 0.000000 0.000000
vt 0.000000 0.000000
vt 0.000000 0.000000
vt 0.000000 0.000000
vt 0.000000 0.000000
vt 0.000000 0.000000
vt 0.000000 0.000000
vt 0.000000 0.000000
vt 0.000000 0.000000
vt 0.000000 0.000000
vt 0.000000 0.000000
vt 0.000000 0.000000
vt 0.000000 0.000000
vt 0.000000 0.000000
vt 0.000000 0.000000
vt 0.000000 0.000000
vt 0.000000 0.000000
vt 0.000000 0.000000
vt 0.000000 0.000000
vt 0.000000 0.000000
vt 0.000000 0.000000
vt 0.000000 0.000000
vt 0.000000 0.000000
vt 0.000000 0.000000
vn -0.0005 -0.0100 -0.9999
vn 0.0015 -0.0086 -1.0000
vn -0.0418 0.0216 -0.9989
vn -0.0357 0.0271 -0.9990
vn -0.0460 -0.0012 -0.9989
vn 0.0036 0.0003 -1.0000
vn 0.0042 0.0032 -1.0000
vn -0.0503 -0.0086 -0.9987
vn -0.0728 0.0542 -0.9959
vn -0.0176 0.0089 -0.9998
vn 0.0010 0.0129 -0.9999
vn -0.0411 0.1783 -0.9831
vn -0.0125 0.0069 -0.9999
vn -0.0147 0.0165 -0.9998
vn -0.0107 -0.0082 -0.9999
vn -0.0118 -0.0088 -0.9999
vn -0.0413 -0.0364 -0.9985
vn 0.0001 0.0139 -0.9999
vn -0.0044 0.0152 -0.9999
vn -0.0316 -0.0386 -0.9988
vn -0.0432 0.0171 -0.9989
vn 0.0031 -0.0059 -1.0000
vn 0.0034 -0.0029 -1.0000
vn -0.0457 0.0101 -0.9989
vn -0.0503 -0.0245 -0.9984
vn 0.0033 0.0088 -1.0000
vn -0.0226 -0.0349 -0.9991
vn -0.0084 0.0137 -0.9999
vn -0.0112 0.0114 -0.9999
vn -0.0161 -0.0294 -0.9994
vn -0.0452 0.0027 -0.9990
vn 0.0032 -0.0009 -1.0000
vn -0.0263 0.0127 -0.9996
vn -0.0212 -0.0067 -0.9998
vn -0.0140 0.0071 -0.9999
vn -0.0139 0.0070 -0.9999
vn -0.0077 -0.0121 -0.9999
vn -0.0085 -0.0183 -0.9998
vn -0.0127 0.0070 -0.9999
vn -0.0144 -0.0124 -0.9998
vn -0.0136 0.0965 -0.9952
vn 0.0036 0.0010 -1.0000
vn 0.0010 -0.0073 -1.0000
vn -0.0231 0.0449 -0.9987
vn -0.0132 0.0095 -0.9999
vn -0.0125 -0.0237 -0.9996
vn -0.1167 0.0415 -0.9923
vn -0.0330 0.0296 -0.9990
vn 0.0054 0.9999 0.0125
vn -0.0064 0.9994 -0.0328
vn -0.0266 0.9989 -0.0390
vn -0.0190 0.9997 -0.0178
vn -0.0212 0.9986 -0.0492
vn -0.0748 0.9943 -0.0762
vn -0.1461 0.9841 -0.1012
vn -0.0116 0.0264 -0.9996
vn -0.1147 0.9920 -0.0520
vn -0.0049 1.0000 -0.0010
vn -0.0051 1.0000 -0.0023
vn 0.0037 1.0000 0.0039
vn 0.0098 0.0069 0.9999
vn 0.0106 0.0067 0.9999
vn 0.0084 -0.0108 0.9999
vn 0.0105 -0.0088 0.9999
vn 0.5801 -0.8145 -0.0065
vn 0.4433 -0.8964 -0.0049
vn -0.7846 0.6139 0.0872
vn -0.6951 0.7173 0.0493
vn -0.5933 0.8034 0.0500
vn -0.5475 0.8289 0.1145
vn -0.5573 0.8303 -0.0010
vn -0.6456 0.7631 -0.0289
vn -0.6639 0.7478 0.0074
vn -0.6251 0.7805 0.0070
vn -0.6266 0.7786 -0.0331
vn -0.6162 0.7844 -0.0713
vn -0.6243 0.7773 -0.0775
vn -0.9410 0.3124 0.1299
vn -0.9437 0.3124 -0.1089
vn -0.9881 0.1029 -0.1144
vn -0.9853 0.1029 0.1364
vn -0.5493 0.1374 -0.8243
vn -0.6113 0.1164 -0.7828
vn -0.7755 0.0905 -0.6248
vn -0.3430 0.9221 -0.1791
vn -0.3944 0.9141 -0.0939
vn -0.4705 0.8636 -0.1812
vn -0.3801 0.8872 -0.2615
vn 0.0026 0.9993 0.0377
vn 0.0025 0.9995 0.0317
vn 0.0028 0.9998 0.0197
vn 0.0023 0.9997 0.0257
vn -0.4333 0.8918 -0.1300
vn -0.4935 0.8476 -0.1952
vn -0.8966 0.0531 -0.4396
vn -0.7889 0.0655 -0.6110
vn -0.8876 0.0531 -0.4575
vn -0.2972 0.4003 -0.8668
vn -0.3236 0.0829 -0.9425
vn -0.6960 0.7172 -0.0338
vn -0.7863 0.6139 -0.0696
vn -0.5942 0.8034 -0.0368
vn -0.5572 0.8303 0.0135
vn -0.5140 0.8518 -0.1013
vn -0.4448 0.8955 -0.0142
vn -0.5500 0.8289 -0.1022
vn -0.4186 0.8979 -0.1364
vn 0.0040 0.9999 -0.0134
vn 0.0052 1.0000 -0.0006
vn 0.0079 1.0000 0.0005
vn 0.0054 0.9999 -0.0112
vn 0.0002 0.9991 -0.0428
vn -0.0004 0.9995 -0.0308
vn 0.0018 0.9997 -0.0258
vn 0.0018 0.9993 -0.0377
vn -0.0012 0.9998 0.0197
vn -0.0042 1.0000 0.0056
vn 0.0029 0.9997 -0.0242
vn 0.0036 0.9998 -0.0208
vn -0.6453 0.7607 -0.0700
vn -0.6236 0.7737 -0.1119
vn -0.5977 0.7945 -0.1070
vn -0.9969 -0.0266 -0.0747
vn -0.9882 0.0102 -0.1529
vn -0.9862 0.0146 -0.1647
vn -0.9966 -0.0242 -0.0784
vn -0.5657 0.8105 -0.1517
vn -0.0092 0.0255 -0.9996
vn -0.0117 0.0067 -0.9999
vn -0.9570 0.0421 -0.2869
vn -0.9506 0.0445 -0.3072
vn -0.1261 0.9917 -0.0240
vn -0.1302 0.9914 -0.0099
vn -0.0277 0.9996 -0.0034
vn -0.0265 0.9996 -0.0081
vn -0.1318 0.9913 0.0015
vn -0.0280 0.9996 0.0003
vn 0.0246 0.9997 -0.0003
vn 0.0234 0.9997 0.0031
vn 0.0194 0.9998 0.0066
vn -0.5929 0.7988 0.1016
vn -0.5950 0.7988 -0.0884
vn 0.0036 1.0000 -0.0040
vn -0.0052 1.0000 0.0039
vn -0.0051 1.0000 0.0024
vn -0.8679 0.4879 -0.0932
vn -0.8656 0.4879 0.1125
vn -0.0141 0.0079 -0.9999
vn -0.0117 -0.0194 -0.9997
vn -0.1774 0.9746 0.1366
vn -0.1259 0.9299 0.3455
vn 0.0026 0.9714 0.2373
vn 0.0004 0.9993 0.0377
vn -0.0502 0.8380 0.5434
vn 0.0057 0.8444 0.5357
vn 0.0618 0.8389 0.5407
vn 0.1331 0.9308 0.3406
vn 0.1801 0.9748 0.1318
vn 0.0001 1.0000 0.0046
vn -0.1711 0.9846 0.0351
vn 0.1718 0.9846 0.0311
vn 0.1659 0.9861 -0.0018
vn -0.0000 1.0000 0.0000
vn -0.1660 0.9861 0.0019
vn 0.0079 1.0000 -0.0007
vn 0.0052 1.0000 0.0005
vn -0.0049 1.0000 0.0012
vn -0.0045 1.0000 0.0001
vn -0.5251 0.8510 0.0059
vn -0.3498 0.9368 0.0039
vn 0.0018 0.9995 -0.0317
vn 0.0023 0.9998 -0.0197
vn -0.0056 0.9990 -0.0449
vn -0.0053 1.0000 -0.0038
vn -0.0043 1.0000 -0.0055
vn -0.0131 0.0284 -0.9995
vn -0.0170 0.0312 -0.9994
vn 0.0096 0.0070 0.9999
vn 0.0079 -0.0124 0.9999
vn 0.0898 -0.9960 -0.0010
vn 0.2646 -0.9643 -0.0030
vn -0.0280 -0.0086 0.9996
vn 0.0265 0.0032 0.9996
vn 0.0259 0.0003 0.9997
vn -0.0237 -0.0012 0.9997
vn 0.0140 0.9999 0.0095
vn 0.1836 0.9520 0.2451
vn 0.0693 0.9555 0.2869
vn 0.3360 0.9233 0.1859
vn 0.6137 0.6999 0.3654
vn 0.3421 0.7688 0.5403
vn 0.1134 0.7901 0.6024
vn 0.0739 0.9972 0.0151
vn 0.0766 0.9971 -0.0009
vn 0.7871 0.5976 0.1530
vn 0.8239 0.5667 -0.0092
vn 0.7836 0.6212 -0.0087
vn 0.7549 0.6378 0.1529
vn -0.1679 0.9548 0.2455
vn -0.2419 0.9590 0.1476
vn -0.0710 0.9432 0.3246
vn -0.1083 0.7563 0.6452
vn -0.3156 0.7428 0.5904
vn -0.5401 0.7512 0.3793
vn -0.2884 0.9553 0.0652
vn -0.3025 0.9531 0.0034
vn -0.6432 0.7499 0.1549
vn -0.6630 0.7486 0.0074
vn 0.0018 0.9491 0.3151
vn 0.0003 0.7825 0.6227
vn 0.2943 0.8110 0.5056
vn 0.1135 0.7594 0.6407
vn 0.4686 0.8311 0.2995
vn 0.5301 0.8410 0.1081
vn 0.5341 0.8454 -0.0060
vn -0.2895 0.7966 0.5307
vn -0.4675 0.8233 0.3219
vn -0.1045 0.7473 0.6562
vn -0.5298 0.8392 0.1225
vn -0.5346 0.8451 0.0060
vn 0.0052 0.7461 0.6659
vn 0.2548 -0.8756 -0.4103
vn 0.2741 -0.9338 -0.2299
vn 0.1173 -0.9694 -0.2157
vn 0.1357 -0.8949 -0.4251
vn 0.0010 -0.0390 -0.9992
vn -0.0044 -0.0410 -0.9992
vn -0.0851 0.0412 -0.9955
vn -0.0783 0.0508 -0.9956
vn -0.8586 0.4726 -0.1986
vn -0.7940 0.5833 -0.1714
vn -0.6889 0.7020 -0.1804
vn -0.0645 0.0615 -0.9960
vn -0.1201 0.9920 -0.0388
vn -0.0238 0.9996 -0.0137
vn -0.0441 0.0925 -0.9947
vn -0.5401 0.8095 -0.2302
vn -0.3804 0.8841 -0.2715
vn -0.0298 0.1694 -0.9851
vn -0.0891 0.0090 -0.9960
vn -0.0870 0.0263 -0.9959
vn -0.9664 0.0928 -0.2397
vn -0.9274 0.2948 -0.2304
vn -0.0960 -0.0143 -0.9953
vn -0.0919 -0.0010 -0.9958
vn -0.9584 -0.1840 -0.2182
vn -0.9780 -0.1809 -0.1036
vn -0.9936 -0.0198 -0.1112
vn -0.9725 -0.0225 -0.2320
vn -0.0768 -0.0760 -0.9941
vn -0.0933 -0.0439 -0.9947
vn -0.6354 -0.7484 -0.1904
vn -0.6460 -0.7579 -0.0912
vn -0.8685 -0.4863 -0.0958
vn -0.8502 -0.4859 -0.2026
vn -0.0306 -0.0750 -0.9967
vn -0.0508 -0.0848 -0.9951
vn -0.2791 -0.9294 -0.2417
vn -0.2773 -0.9531 -0.1213
vn -0.4375 -0.8937 -0.0994
vn -0.4360 -0.8768 -0.2029
vn -0.0116 -0.0545 -0.9984
vn -0.0181 -0.0639 -0.9978
vn -0.0495 -0.9355 -0.3499
vn -0.0521 -0.9828 -0.1773
vn -0.1405 -0.9789 -0.1487
vn -0.1419 -0.9451 -0.2943
vn -0.0095 -0.0463 -0.9989
vn -0.0275 -0.9780 -0.2069
vn -0.0242 -0.9127 -0.4080
vn -0.2400 0.7105 -0.6615
vn -0.2851 0.9284 -0.2381
vn -0.3260 0.9356 -0.1353
vn -0.0542 0.2886 -0.9559
vn -0.3490 0.9368 -0.0254
vn -0.2245 0.9745 0.0025
vn -0.2224 0.9749 -0.0112
vn -0.9985 -0.0540 0.0112
vn -0.9984 -0.0482 -0.0296
vn -0.9984 -0.0478 -0.0309
vn -0.2164 0.9759 -0.0284
vn -0.2007 0.9771 -0.0707
vn -0.2026 0.9744 -0.0974
vn -0.2626 0.9477 -0.1814
vn -0.2085 0.9768 -0.0495
vn -0.6461 0.7632 0.0072
vn -0.6473 0.7617 -0.0284
vn -0.0139 -0.0108 -0.9998
vn -0.9974 -0.0478 0.0531
vn -0.9946 -0.0242 0.1006
vn -0.9949 -0.0265 0.0969
vn -0.9975 -0.0482 0.0518
vn -0.0280 -0.0245 0.9993
vn 0.0257 0.0088 0.9996
vn 0.0116 -0.0082 0.9999
vn 0.0076 0.0165 0.9998
vn -0.0195 0.0216 0.9996
vn 0.0239 -0.0086 0.9997
vn 0.0218 -0.0100 0.9997
vn -0.0134 0.0271 0.9995
vn -0.0191 0.1783 0.9838
vn 0.0233 0.0129 0.9996
vn 0.0047 0.0089 0.9999
vn -0.0505 0.0542 0.9972
vn -0.0190 -0.0364 0.9992
vn 0.0224 0.0139 0.9997
vn -0.0093 -0.0386 0.9992
vn 0.0179 0.0152 0.9997
vn -0.0209 0.0171 0.9996
vn 0.0255 -0.0059 0.9997
vn -0.0234 0.0101 0.9997
vn 0.0257 -0.0029 0.9997
vn -0.0003 -0.0349 0.9994
vn 0.0139 0.0137 0.9998
vn 0.0063 -0.0294 0.9995
vn 0.0111 0.0114 0.9999
vn -0.0229 0.0027 0.9997
vn 0.0256 -0.0009 0.9997
vn -0.0040 0.0127 0.9999
vn 0.0011 -0.0067 1.0000
vn 0.0098 -0.0237 0.9997
vn 0.0091 0.0095 0.9999
vn 0.0146 -0.0121 0.9998
vn 0.0084 0.0070 0.9999
vn 0.0083 0.0071 0.9999
vn 0.0138 -0.0183 0.9997
vn 0.0086 0.0965 0.9953
vn 0.0259 0.0010 0.9997
vn -0.5307 0.1374 0.8363
vn -0.7614 0.0905 0.6420
vn -0.5937 0.1164 0.7962
vn 0.0051 0.9999 -0.0126
vn -0.0186 0.9997 0.0182
vn -0.0257 0.9989 0.0396
vn -0.0056 0.9994 0.0329
vn -0.1135 0.9920 0.0545
vn -0.1438 0.9841 0.1044
vn 0.0107 0.0264 0.9996
vn -0.0107 0.0296 0.9995
vn -0.0731 0.9943 0.0779
vn -0.0201 0.9986 0.0497
vn -0.0008 0.0449 0.9990
vn 0.0233 -0.0073 0.9997
vn -0.6144 0.7844 0.0851
vn -0.6225 0.7773 0.0915
vn -0.6257 0.7786 0.0471
vn -0.6448 0.7631 0.0433
vn 0.9844 0.1754 -0.0110
vn 0.8751 0.4839 -0.0098
vn -0.9909 -0.0198 0.1334
vn -0.9755 -0.1809 0.1254
vn 0.6242 0.7812 -0.0070
vn 0.3238 0.9461 -0.0036
vn -0.8662 -0.4863 0.1152
vn -0.6438 -0.7579 0.1056
vn 0.0783 0.9969 -0.0009
vn -0.1260 0.9920 0.0014
vn -0.4129 -0.9108 0.0046
vn -0.4144 -0.9101 0.0046
vn -0.4351 -0.8937 0.1092
vn -0.2746 -0.9531 0.1275
vn -0.2608 -0.9654 0.0029
vn -0.5050 0.8631 0.0056
vn -0.4211 0.9070 0.0047
vn -0.0738 -0.9973 0.0008
vn -0.1372 -0.9789 0.1518
vn -0.0482 -0.9828 0.1785
vn 0.6804 -0.7328 -0.0076
vn 0.8216 -0.5700 -0.0092
vn -0.0229 -0.9780 0.2074
vn 0.1220 -0.9694 0.2130
vn 0.0053 0.0312 0.9995
vn 0.0092 0.0284 0.9996
vn -0.0945 0.0415 0.9947
vn 0.9431 -0.3324 -0.0105
vn 0.9894 -0.1446 -0.0110
vn -0.3389 0.9221 0.1867
vn -0.3742 0.8872 0.2699
vn -0.4664 0.8636 0.1916
vn -0.3922 0.9141 0.1026
vn -0.7751 0.0655 0.6284
vn -0.8866 0.0531 0.4595
vn -0.8772 0.0531 0.4772
vn -0.4890 0.8476 0.2062
vn -0.4303 0.8918 0.1397
vn 0.9988 -0.0469 -0.0111
vn 0.9999 0.0096 -0.0112
vn -0.2778 0.4003 0.8732
vn -0.3025 0.0829 0.9495
vn -0.4154 0.8979 0.1457
vn -0.4444 0.8955 0.0242
vn -0.5116 0.8518 0.1127
vn 0.0043 0.9999 0.0133
vn 0.0056 0.9999 0.0111
vn 0.0011 0.9991 0.0428
vn 0.0003 0.9995 0.0308
vn 0.0034 0.9997 0.0242
vn 0.0041 0.9998 0.0208
vn -0.0017 0.9998 -0.0196
vn -0.5952 0.7945 0.1203
vn -0.6210 0.7737 0.1258
vn -0.6436 0.7607 0.0844
vn -0.5622 0.8105 0.1643
vn -0.9823 0.0146 0.1867
vn -0.9845 0.0102 0.1750
vn -0.1255 0.9917 0.0268
vn -0.0263 0.9996 0.0087
vn -0.0276 0.9996 0.0040
vn -0.1300 0.9914 0.0128
vn 0.0193 0.9998 -0.0070
vn 0.0233 0.9997 -0.0037
vn -0.9504 0.0421 0.3081
vn -0.9435 0.0445 0.3283
vn 0.0106 -0.0194 0.9998
vn 0.0082 0.0079 0.9999
vn -0.1804 0.9746 -0.1326
vn -0.0004 0.9993 -0.0377
vn -0.0026 0.9714 -0.2373
vn -0.1336 0.9299 -0.3426
vn 0.1771 0.9748 -0.1358
vn 0.1254 0.9308 -0.3434
vn 0.0497 0.8389 -0.5419
vn -0.0062 0.8444 -0.5357
vn -0.0623 0.8380 -0.5421
vn -0.1719 0.9846 -0.0312
vn -0.0001 1.0000 -0.0046
vn 0.1711 0.9846 -0.0350
vn -0.0046 0.9990 0.0450
vn 0.0131 0.0255 0.9996
vn -0.3568 -0.9342 0.0040
vn 0.2792 -0.9338 0.2237
vn 0.0629 0.9555 -0.2884
vn 0.1781 0.9520 -0.2491
vn 0.0137 0.9999 -0.0098
vn 0.0999 0.7901 -0.6048
vn 0.3299 0.7688 -0.5478
vn 0.6054 0.6999 -0.3791
vn 0.3317 0.9233 -0.1933
vn 0.0735 0.9972 -0.0168
vn 0.7513 0.6378 -0.1698
vn 0.7835 0.5976 -0.1705
vn -0.2452 0.9590 -0.1422
vn -0.1733 0.9548 -0.2416
vn -0.5485 0.7512 -0.3672
vn -0.3287 0.7429 -0.5832
vn -0.1226 0.7563 -0.6426
vn -0.0782 0.9432 -0.3229
vn -0.2897 0.9553 -0.0587
vn -0.6465 0.7499 -0.1405
vn -0.0052 0.9491 -0.3150
vn -0.0136 0.7825 -0.6225
vn 0.0991 0.7594 -0.6431
vn 0.2830 0.8110 -0.5120
vn 0.4618 0.8311 -0.3098
vn 0.5276 0.8410 -0.1199
vn -0.4746 0.8233 -0.3114
vn -0.3013 0.7966 -0.5241
vn -0.1191 0.7473 -0.6537
vn -0.5324 0.8392 -0.1107
vn -0.0097 0.7461 -0.6658
vn 0.0179 -0.0410 0.9990
vn 0.0233 -0.0390 0.9990
vn 0.2639 -0.8756 0.4045
vn 0.1451 -0.8949 0.4220
vn -0.0560 0.0508 0.9971
vn -0.0629 0.0412 0.9972
vn -0.0422 0.0615 0.9972
vn -0.7900 0.5833 0.1891
vn -0.6847 0.7020 0.1958
vn -0.8539 0.4726 0.2178
vn -0.0235 0.9996 0.0142
vn -0.1192 0.9920 0.0415
vn -0.0219 0.0925 0.9955
vn -0.0078 0.1694 0.9855
vn -0.5348 0.8095 0.2422
vn -0.3743 0.8841 0.2800
vn -0.0648 0.0263 0.9976
vn -0.0668 0.0090 0.9977
vn -0.9220 0.2948 0.2510
vn -0.9608 0.0928 0.2612
vn -0.0696 -0.0010 0.9976
vn -0.0737 -0.0143 0.9972
vn -0.9671 -0.0225 0.2536
vn -0.9533 -0.1840 0.2396
vn -0.0711 -0.0439 0.9965
vn -0.0546 -0.0760 0.9956
vn -0.8455 -0.4859 0.2215
vn -0.6310 -0.7484 0.2046
vn -0.0286 -0.0848 0.9960
vn -0.0084 -0.0750 0.9971
vn -0.4314 -0.8768 0.2126
vn -0.2736 -0.9294 0.2479
vn 0.0042 -0.0639 0.9979
vn 0.0107 -0.0545 0.9985
vn -0.1353 -0.9451 0.2974
vn -0.0417 -0.9355 0.3509
vn 0.0128 -0.0463 0.9988
vn -0.0151 -0.9127 0.4084
vn -0.3229 0.9356 0.1426
vn -0.2798 0.9284 0.2444
vn -0.2252 0.7105 0.6667
vn -0.0329 0.2886 0.9569
vn -0.3483 0.9368 0.0332
vn -0.2221 0.9749 0.0162
vn -0.2157 0.9759 0.0333
vn -0.2585 0.9477 0.1872
vn -0.2004 0.9744 0.1019
vn -0.1990 0.9771 0.0752
vn -0.2073 0.9768 0.0542
vn -0.6465 0.7617 0.0429
vn 0.9981 0.0092 0.0608
vn 0.9996 0.0289 0.0063
vn 0.9992 0.0289 -0.0286
vn 0.9744 0.0527 0.2187
vn 0.9982 0.0581 -0.0111
vn 0.9692 0.0527 -0.2404
vn 0.9965 0.0092 -0.0830
vn 0.9635 0.0317 0.2657
vn 0.9682 0.0908 0.2330
vn 0.9687 0.0938 0.2299
vn 0.9925 0.0683 0.1019
vn 0.9899 0.0683 -0.1240
vn 0.9953 0.0721 -0.0642
vn 0.9965 0.0721 0.0419
vn 0.9633 0.0938 -0.2515
vn 0.9574 0.0317 -0.2872
vn 0.9628 0.0908 -0.2546
s 1
f 481/569/436 482/570/437 483/571/438 484/572/439
f 485/573/440 486/574/441 487/575/442 488/576/443
f 489/577/444 490/578/445 491/579/446 492/580/447
f 493/581/448 494/582/449 495/583/450 496/584/451
f 497/585/452 498/586/453 499/587/454 500/588/455
f 501/589/456 502/590/457 503/591/458 504/592/459
f 505/593/460 506/594/461 498/586/453 497/585/452
f 507/595/462 508/596/463 509/597/464 510/598/465
f 483/571/438 482/570/437 502/590/457 501/589/456
f 511/599/466 512/600/467 486/574/441 485/573/440
f 500/588/455 499/587/454 508/596/463 507/595/462
f 489/577/444 513/601/468 514/602/469 490/578/445
f 504/592/459 503/591/458 512/600/467 511/599/466
f 515/603/470 516/604/471 517/605/472 518/606/473
f 514/602/469 513/601/468 519/607/474 520/608/475
f 521/609/476 522/610/477 523/611/478 524/612/479
f 510/598/465 509/597/464 525/613/480 526/614/481
f 527/615/482 528/616/483 513/601/468 489/577/444
f 529/617/484 530/618/485 531/619/486 532/620/487
f 531/619/486 533/621/488 534/622/489 535/623/490
f 528/616/483 536/624/491 519/607/474 513/601/468
f 532/620/487 531/619/486 535/623/490 537/625/492
f 538/626/493 539/627/494 540/628/495
f 541/629/496 542/630/497 543/631/498 544/632/499
f 492/580/447 491/579/446 522/610/477 521/609/476
f 545/633/500 523/611/500 522/610/501 546/634/501
f 547/635/502 548/636/503 549/637/504
f 548/636/503 550/638/505 551/639/506
f 552/640/507 553/641/508 554/642/509 555/643/510
f 556/644/511 552/640/507 555/643/510 557/645/512
f 558/646/513 559/647/514 560/648/515 561/649/516
f 534/622/517 562/650/518 563/651/519
f 564/652/520 565/653/521 566/654/522 562/650/523
f 567/655/524 568/656/525 569/657/526 570/658/527
f 571/659/528 572/660/529 566/654/522 565/653/521
f 573/661/530 563/651/519 566/654/531 572/660/532
f 574/662/533 562/650/518 534/622/517 533/621/534
f 575/663/535 576/664/536 577/665/537
f 576/664/536 547/635/502 553/641/508
f 578/666/538 577/665/537 579/667/539 580/668/540
f 581/669/541 578/666/538 580/668/540 582/670/542
f 583/671/543 584/672/544 585/673/545 586/674/546
f 528/616/547 587/675/548 588/676/549 536/624/550
f 530/618/485 529/617/484 589/677/551 587/675/548
f 587/675/548 589/677/551 590/678/552 588/676/549
f 591/679/553 583/671/543 586/674/546 592/680/554
f 557/645/512 593/681/555 594/682/556 595/683/557
f 566/654/531 563/651/519 562/650/518
f 596/684/558 597/685/559 594/682/560 593/681/561
f 595/683/557 594/682/556 598/686/562 579/667/539
f 536/624/491 599/687/563 600/688/564 519/607/474
f 601/689/565 573/661/530 572/660/532 598/686/566
f 602/690/567 603/691/568 604/692/569 605/693/570
f 603/691/568 606/694/571 607/695/572 604/692/569
f 604/692/569 607/695/572 608/696/573 609/697/574
f 605/693/570 604/692/569 609/697/574 610/698/575
f 549/637/504 548/636/503 551/639/506
f 549/637/504 611/699/576 547/635/502
f 612/700/577 556/644/511 557/645/512 595/683/557
f 577/665/537 612/700/577 595/683/557 579/667/539
f 613/701/578 614/702/579 615/703/580
f 571/659/528 579/667/539 598/686/562 572/660/529
f 594/682/560 597/685/559 601/689/565 598/686/566
f 547/635/502 576/664/536 616/704/581 617/705/582
f 526/614/481 525/613/480 618/706/583 619/707/584
f 524/612/479 523/611/478 481/569/436 484/572/439
f 620/708/585 621/709/586 622/710/587 623/711/588
f 621/709/586 624/712/589 625/713/590 622/710/587
f 622/710/587 625/713/590 626/714/591 627/715/592
f 623/711/588 622/710/587 627/715/592 628/716/593
f 620/708/585 623/711/588 629/717/594 630/718/595
f 623/711/588 628/716/593 631/719/596 629/717/594
f 629/717/594 631/719/596 632/720/597 633/721/598
f 630/718/595 629/717/594 633/721/598 634/722/599
f 635/723/600 585/673/545 584/672/544 636/724/601
f 613/701/578 637/725/602 638/726/603
f 639/727/604 618/706/604 525/613/605 640/728/605
f 599/687/606 641/729/607 583/671/543 591/679/553
f 588/676/549 590/678/552 613/701/578 641/729/607
f 641/729/607 613/701/578 584/672/544 583/671/543
f 527/615/608 530/618/485 587/675/548 528/616/547
f 613/701/578 615/703/580 637/725/602
f 642/730/609 643/731/610 540/628/495
f 591/679/611 592/680/612 494/582/449 493/581/448
f 543/631/498 542/630/497 644/732/613 645/733/614
f 488/576/443 487/575/442 506/594/461 505/593/460
f 646/734/615 647/735/616 491/579/616 490/578/615
f 648/736/617 649/737/618 650/738/619 651/739/620
f 619/707/584 618/706/583 515/603/470 518/606/473
f 529/617/484 652/740/621 653/741/622 654/742/623
f 652/740/621 610/698/575 655/743/624 653/741/622
f 653/741/622 655/743/624 656/744/625 657/745/626
f 654/742/623 653/741/622 657/745/626 658/746/627
f 610/698/575 609/697/574 659/747/628 655/743/624
f 609/697/574 608/696/573 660/748/629 659/747/628
f 659/747/630 660/748/631 661/749/632 662/750/633
f 655/743/624 659/747/630 662/750/633 656/744/625
f 615/703/580 614/702/579 663/751/634 664/752/635
f 614/702/579 590/678/552 665/753/636 663/751/634
f 663/751/634 665/753/636 666/754/637 667/755/638
f 664/752/635 663/751/634 667/755/638 668/756/639
f 638/726/603 637/725/602 669/757/640 670/758/641
f 637/725/602 615/703/580 664/752/635 669/757/640
f 669/757/640 664/752/635 668/756/639 671/759/642
f 670/758/641 669/757/640 671/759/642 672/760/643
f 590/678/552 589/677/551 673/761/644 665/753/636
f 589/677/551 529/617/484 654/742/623 673/761/644
f 673/761/644 654/742/623 658/746/627 674/762/645
f 665/753/636 673/761/644 674/762/645 666/754/637
f 658/746/627 657/745/626 675/763/646 676/764/647
f 657/745/626 656/744/625 677/765/648 675/763/646
f 675/763/646 677/765/648 628/716/593 627/715/592
f 676/764/647 675/763/646 627/715/592 626/714/591
f 656/744/625 662/750/633 678/766/649 677/765/648
f 662/750/633 661/749/632 679/767/650 678/766/649
f 678/766/649 679/767/650 632/720/597 631/719/596
f 677/765/648 678/766/649 631/719/596 628/716/593
f 668/756/639 667/755/638 680/768/651 681/769/652
f 667/755/638 666/754/637 682/770/653 680/768/651
f 680/768/651 682/770/653 624/712/589 621/709/586
f 681/769/652 680/768/651 621/709/586 620/708/585
f 672/760/643 671/759/642 683/771/654 684/772/655
f 671/759/642 668/756/639 681/769/652 683/771/654
f 683/771/654 681/769/652 620/708/585 630/718/595
f 684/772/655 683/771/654 630/718/595 634/722/599
f 666/754/637 674/762/645 685/773/656 682/770/653
f 674/762/645 658/746/627 676/764/647 685/773/656
f 685/773/656 676/764/647 626/714/591 625/713/590
f 682/770/653 685/773/656 625/713/590 624/712/589
f 686/774/657 687/775/658 688/776/659 689/777/660
f 517/605/472 686/774/661 689/777/662 518/606/473
f 501/589/456 690/778/663 691/779/664 483/571/438
f 690/778/665 616/704/581 576/664/536 691/779/666
f 691/779/666 576/664/536 575/663/535 692/780/667
f 483/571/438 691/779/664 692/780/668 484/572/439
f 537/625/492 693/781/669 694/782/670 532/620/487
f 693/781/669 602/690/567 605/693/570 694/782/670
f 694/782/670 605/693/570 610/698/575 652/740/621
f 532/620/487 694/782/670 652/740/621 529/617/484
f 484/572/439 692/780/668 695/783/671 524/612/479
f 692/780/667 575/663/535 581/669/541 695/783/672
f 695/783/672 581/669/541 582/670/542 696/784/673
f 524/612/479 695/783/671 696/784/674 521/609/476
f 511/599/466 697/785/675 698/786/676 504/592/459
f 697/785/677 560/648/515 559/647/514 698/786/678
f 698/786/678 559/647/514 616/704/581 690/778/665
f 504/592/459 698/786/676 690/778/663 501/589/456
f 488/576/443 699/787/679 700/788/680 485/573/440
f 699/787/681 701/789/682 702/790/683 700/788/684
f 700/788/684 702/790/683 560/648/515 697/785/677
f 485/573/440 700/788/680 697/785/675 511/599/466
f 497/585/452 703/791/685 704/792/686 505/593/460
f 703/791/687 705/793/688 706/794/689 704/792/690
f 704/792/690 706/794/689 701/789/682 699/787/681
f 505/593/460 704/792/686 699/787/679 488/576/443
f 507/595/462 707/795/691 708/796/692 500/588/455
f 707/795/693 709/797/694 710/798/695 708/796/696
f 708/796/696 710/798/695 705/793/688 703/791/687
f 500/588/455 708/796/692 703/791/685 497/585/452
f 526/614/481 711/799/697 712/800/698 510/598/465
f 711/799/699 713/801/700 714/802/701 712/800/702
f 712/800/702 714/802/701 709/797/694 707/795/693
f 510/598/465 712/800/698 707/795/691 507/595/462
f 518/606/473 689/777/662 715/803/703 619/707/584
f 689/777/660 688/776/659 716/804/704 715/803/705
f 715/803/705 716/804/704 713/801/700 711/799/699
f 619/707/584 715/803/703 711/799/697 526/614/481
f 564/652/520 717/805/706 718/806/707 719/807/708
f 717/805/706 489/577/444 492/580/447 718/806/709
f 718/806/709 492/580/447 521/609/476 696/784/674
f 719/807/708 718/806/707 696/784/673 582/670/542
f 579/667/539 571/659/528 720/808/710 580/668/540
f 571/659/528 565/653/521 720/808/710
f 720/808/710 565/653/521 564/652/520 719/807/708
f 580/668/540 720/808/710 719/807/708 582/670/542
f 721/809/711 606/694/571 603/691/568 722/810/712
f 723/811/713 721/809/713 722/810/714 724/812/715
f 722/810/712 603/691/568 602/690/567 596/684/716
f 601/689/717 537/625/492 535/623/490 573/661/718
f 535/623/490 534/622/489 563/651/719 573/661/718
f 527/615/608 533/621/488 531/619/486 530/618/485
f 602/690/567 693/781/669 597/685/720 596/684/716
f 597/685/720 693/781/669 537/625/492 601/689/717
f 574/662/533 533/621/534 527/615/482 489/577/444
f 554/642/509 723/811/721 724/812/722 555/643/510
f 555/643/510 724/812/722 593/681/555 557/645/512
f 520/608/475 519/607/474 600/688/564 725/813/723
f 489/577/444 717/805/706 574/662/533
f 717/805/706 564/652/520 562/650/523 574/662/533
f 726/814/724 727/815/725 728/816/726 729/817/727
f 730/818/728 731/819/729 649/737/618 648/736/617
f 732/820/730 733/821/731 541/629/496 544/632/499
f 734/822/732 735/823/733 736/824/734 737/825/735
f 738/826/736 647/735/737 646/734/738 739/827/739
f 740/828/740 741/829/741 731/819/729 730/818/728
f 742/830/742 743/831/743 741/829/741 740/828/740
f 744/832/744 745/833/745 735/823/733 734/822/732
f 746/834/746 747/835/747 745/833/745 744/832/744
f 748/836/748 749/837/749 743/831/743 742/830/742
f 750/838/750 751/839/751 749/837/749 748/836/748
f 752/840/752 753/841/753 747/835/747 746/834/746
f 651/739/620 650/738/619 753/841/753 752/840/752
f 645/733/614 644/732/613 754/842/754 755/843/755
f 755/843/755 754/842/754 739/827/739 646/734/738
f 756/844/756 640/728/757 751/839/751 750/838/750
f 757/845/758 758/846/759 759/847/760 760/848/761
f 761/849/762 546/634/763 647/735/737 738/826/736
f 762/850/764 763/851/765 764/852/766
f 765/853/767 766/854/768 767/855/769 768/856/770
f 766/854/768 769/857/771 770/858/772 767/855/769
f 567/655/773 771/859/774 754/842/754 644/732/613
f 770/858/772 762/850/775 772/860/776 767/855/769
f 540/628/495 638/726/603 538/626/493
f 773/861/777 545/633/778 546/634/763 761/849/762
f 736/824/734 545/633/778 773/861/777 737/825/735
f 556/644/511 612/700/577 576/664/536
f 774/862/779 775/863/780 776/864/781 777/865/782
f 777/865/782 776/864/781 554/642/509 553/641/508
f 612/700/577 577/665/537 576/664/536
f 647/735/616 546/634/501 522/610/501 491/579/616
f 649/737/783 731/819/784 506/594/784 487/575/783
f 617/705/582 616/704/581 559/647/514 558/646/513
f 778/866/785 702/790/683 701/789/682 779/867/786
f 731/819/784 741/829/787 498/586/787 506/594/784
f 741/829/787 743/831/788 499/587/788 498/586/787
f 561/649/516 560/648/515 702/790/683 778/866/785
f 780/868/789 706/794/689 705/793/688 781/869/790
f 743/831/788 749/837/791 508/596/791 499/587/788
f 749/837/791 751/839/792 509/597/792 508/596/791
f 751/839/792 640/728/605 525/613/605 509/597/792
f 544/632/793 543/631/794 725/813/794 496/584/793
f 779/867/786 701/789/682 706/794/689 780/868/789
f 782/870/795 710/798/695 709/797/694 783/871/796
f 543/631/794 645/733/797 520/608/797 725/813/794
f 759/847/798 758/846/799 516/604/799 515/603/798
f 645/733/797 755/843/800 514/602/800 520/608/797
f 781/869/790 705/793/688 710/798/695 782/870/795
f 784/872/801 714/802/701 713/801/700 785/873/802
f 755/843/800 646/734/615 490/578/615 514/602/800
f 736/824/803 735/823/804 482/570/804 481/569/803
f 783/871/796 709/797/694 714/802/701 784/872/801
f 786/874/805 716/804/704 688/776/659 787/875/806
f 788/876/807 789/877/808 541/629/496 733/821/731
f 771/859/774 790/878/809 739/827/739 754/842/754
f 735/823/804 745/833/810 502/590/810 482/570/804
f 745/833/810 747/835/811 503/591/811 502/590/810
f 791/879/812 764/852/813 792/880/814 793/881/815
f 792/880/816 763/851/765 794/882/817 795/883/818
f 792/880/814 795/883/819 796/884/820 793/881/815
f 539/627/494 642/730/609 540/628/495
f 747/835/811 753/841/821 512/600/821 503/591/811
f 753/841/821 650/738/822 486/574/822 512/600/821
f 599/687/563 591/679/611 493/581/448 600/688/564
f 797/885/823 772/860/824 762/850/764 764/852/766
f 650/738/822 649/737/783 487/575/783 486/574/822
f 785/873/802 713/801/700 716/804/704 786/874/805
f 552/640/507 556/644/511 576/664/536
f 550/638/505 798/886/825 799/887/826 551/639/506
f 551/639/506 799/887/826 800/888/827 549/637/504
f 777/865/782 553/641/508 547/635/502
f 801/889/828 802/890/829 635/723/600 636/724/601
f 771/859/830 567/655/524 570/658/527 803/891/831
f 789/877/832 788/876/833 802/890/829 801/889/828
f 803/891/831 570/658/527 643/731/610 804/892/834
f 768/856/770 803/891/831 804/892/834 765/853/767
f 775/863/780 805/893/835 806/894/836 727/815/837
f 805/893/835 800/888/827 807/895/838 806/894/836
f 806/894/839 808/896/840 728/816/726 727/815/725
f 764/852/766 763/851/765 792/880/816
f 723/811/713 726/814/724 729/817/727 721/809/713
f 739/827/739 790/878/809 772/860/824 797/885/823
f 809/897/841 810/898/842 811/899/843 812/900/844
f 810/898/842 813/901/845 814/902/846 811/899/843
f 811/899/843 814/902/846 608/696/573 607/695/572
f 812/900/844 811/899/843 607/695/572 606/694/571
f 577/665/537 578/666/538 575/663/535
f 549/637/504 800/888/827 805/893/835 611/699/576
f 611/699/576 805/893/835 775/863/780 774/862/779
f 578/666/538 581/669/541 575/663/535
f 613/701/578 590/678/552 614/702/579
f 815/903/847 808/896/840 806/894/839 807/895/848
f 796/884/820 795/883/819 807/895/838 800/888/827
f 774/862/779 777/865/782 547/635/502
f 816/904/849 639/727/850 640/728/757 756/844/756
f 817/905/851 818/906/852 819/907/853 820/908/854
f 818/906/852 821/909/855 822/910/856 819/907/853
f 819/907/853 822/910/856 823/911/857 824/912/858
f 820/908/854 819/907/853 824/912/858 825/913/859
f 817/905/851 826/914/860 827/915/861 818/906/852
f 826/914/860 634/722/599 633/721/598 827/915/861
f 827/915/861 633/721/598 632/720/597 828/916/862
f 818/906/852 827/915/861 828/916/862 821/909/855
f 540/628/495 636/724/601 584/672/544 613/701/578
f 568/656/525 789/877/832 801/889/828 569/657/526
f 790/878/863 771/859/830 803/891/831 768/856/770
f 569/657/526 801/889/828 636/724/601 540/628/495
f 570/658/527 569/657/526 540/628/495 643/731/610
f 736/824/803 481/569/803 523/611/500 545/633/500
f 540/628/495 613/701/578 638/726/603
f 568/656/864 567/655/773 644/732/613 542/630/497
f 759/847/760 639/727/850 816/904/849 760/848/761
f 759/847/798 515/603/798 618/706/604 639/727/604
f 544/632/793 496/584/793 495/583/865 732/820/865
f 787/875/806 688/776/659 687/775/658 829/917/866
f 765/853/767 830/918/867 831/919/868 832/920/869
f 830/918/867 833/921/870 834/922/871 831/919/868
f 831/919/868 834/922/871 835/923/872 836/924/873
f 832/920/869 831/919/868 836/924/873 813/901/845
f 813/901/845 836/924/873 837/925/874 814/902/846
f 836/924/873 835/923/872 838/926/875 837/925/876
f 837/925/876 838/926/875 661/749/632 660/748/631
f 814/902/846 837/925/874 660/748/629 608/696/573
f 539/627/494 839/927/877 840/928/878 642/730/609
f 839/927/877 841/929/879 842/930/880 840/928/878
f 840/928/878 842/930/880 843/931/881 844/932/882
f 642/730/609 840/928/878 844/932/882 643/731/610
f 638/726/603 670/758/641 845/933/883 538/626/493
f 670/758/641 672/760/643 846/934/884 845/933/883
f 845/933/883 846/934/884 841/929/879 839/927/877
f 538/626/493 845/933/883 839/927/877 539/627/494
f 643/731/610 844/932/882 847/935/885 804/892/834
f 844/932/882 843/931/881 848/936/886 847/935/885
f 847/935/885 848/936/886 833/921/870 830/918/867
f 804/892/834 847/935/885 830/918/867 765/853/767
f 833/921/870 849/937/887 850/938/888 834/922/871
f 849/937/887 823/911/857 822/910/856 850/938/888
f 850/938/888 822/910/856 821/909/855 851/939/889
f 834/922/871 850/938/888 851/939/889 835/923/872
f 835/923/872 851/939/889 852/940/890 838/926/875
f 851/939/889 821/909/855 828/916/862 852/940/890
f 852/940/890 828/916/862 632/720/597 679/767/650
f 838/926/875 852/940/890 679/767/650 661/749/632
f 841/929/879 853/941/891 854/942/892 842/930/880
f 853/941/891 817/905/851 820/908/854 854/942/892
f 854/942/892 820/908/854 825/913/859 855/943/893
f 842/930/880 854/942/892 855/943/893 843/931/881
f 672/760/643 684/772/655 856/944/894 846/934/884
f 684/772/655 634/722/599 826/914/860 856/944/894
f 856/944/894 826/914/860 817/905/851 853/941/891
f 846/934/884 856/944/894 853/941/891 841/929/879
f 843/931/881 855/943/893 857/945/895 848/936/886
f 855/943/893 825/913/859 824/912/858 857/945/895
f 857/945/895 824/912/858 823/911/857 849/937/887
f 848/936/886 857/945/895 849/937/887 833/921/870
f 757/845/758 760/848/761 858/946/896 859/947/897
f 859/947/898 858/946/899 787/875/806 829/917/866
f 744/832/744 734/822/732 860/948/900 861/949/901
f 734/822/732 737/825/735 862/950/902 860/948/900
f 860/948/903 862/950/904 548/636/503 547/635/502
f 861/949/905 860/948/903 547/635/502 617/705/582
f 769/857/771 766/854/768 863/951/906 864/952/907
f 766/854/768 765/853/767 832/920/869 863/951/906
f 863/951/906 832/920/869 813/901/845 810/898/842
f 864/952/907 863/951/906 810/898/842 809/897/841
f 737/825/735 773/861/777 865/953/908 862/950/902
f 773/861/777 761/849/762 866/954/909 865/953/908
f 865/953/910 866/954/911 798/886/825 550/638/505
f 862/950/904 865/953/910 550/638/505 548/636/503
f 752/840/752 746/834/746 867/955/912 868/956/913
f 746/834/746 744/832/744 861/949/901 867/955/912
f 867/955/914 861/949/905 617/705/582 558/646/513
f 868/956/915 867/955/914 558/646/513 561/649/516
f 648/736/617 651/739/620 869/957/916 870/958/917
f 651/739/620 752/840/752 868/956/913 869/957/916
f 869/957/918 868/956/915 561/649/516 778/866/785
f 870/958/919 869/957/918 778/866/785 779/867/786
f 740/828/740 730/818/728 871/959/920 872/960/921
f 730/818/728 648/736/617 870/958/917 871/959/920
f 871/959/922 870/958/919 779/867/786 780/868/789
f 872/960/923 871/959/922 780/868/789 781/869/790
f 748/836/748 742/830/742 873/961/924 874/962/925
f 742/830/742 740/828/740 872/960/921 873/961/924
f 873/961/926 872/960/923 781/869/790 782/870/795
f 874/962/927 873/961/926 782/870/795 783/871/796
f 756/844/756 750/838/750 875/963/928 876/964/929
f 750/838/750 748/836/748 874/962/925 875/963/928
f 875/963/930 874/962/927 783/871/796 784/872/801
f 876/964/931 875/963/930 784/872/801 785/873/802
f 760/848/761 816/904/849 877/965/932 858/946/896
f 816/904/849 756/844/756 876/964/929 877/965/932
f 877/965/933 876/964/931 785/873/802 786/874/805
f 858/946/899 877/965/933 786/874/805 787/875/806
f 791/879/812 878/966/934 879/967/935 880/968/936
f 878/966/934 798/886/825 866/954/911 879/967/935
f 879/967/937 866/954/909 761/849/762 738/826/736
f 880/968/936 879/967/937 738/826/736 739/827/739
f 800/888/827 799/887/826 881/969/938 796/884/820
f 799/887/826 798/886/825 878/966/934 881/969/938
f 881/969/938 878/966/934 791/879/812 793/881/815
f 796/884/820 881/969/938 793/881/815
f 795/883/818 794/882/817 815/903/847 807/895/848
f 809/897/841 812/900/844 729/817/939 728/816/940
f 729/817/939 812/900/844 606/694/571 721/809/711
f 763/851/941 762/850/775 770/858/772 794/882/942
f 767/855/769 772/860/776 790/878/863 768/856/770
f 794/882/942 770/858/772 769/857/771 815/903/943
f 815/903/943 769/857/771 864/952/907 808/896/944
f 808/896/944 864/952/907 809/897/841 728/816/940
f 554/642/509 776/864/781 726/814/945 723/811/721
f 776/864/781 775/863/780 727/815/837 726/814/945
f 739/827/739 797/885/823 880/968/936
f 880/968/936 797/885/823 764/852/813 791/879/812
f 611/699/576 774/862/779 547/635/502
f 576/664/536 553/641/508 552/640/507
f 536/624/550 588/676/549 641/729/607 599/687/606
f 724/812/715 722/810/714 596/684/558 593/681/561
f 496/584/451 725/813/723 600/688/564 493/581/448
f 789/877/808 568/656/864 542/630/497 541/629/496
f 687/775/946 517/605/947 757/845/948
f 687/775/946 686/774/949 517/605/947
f 517/605/947 516/604/950 758/846/950
f 758/846/950 757/845/948 517/605/947
f 757/845/948 859/947/951 829/917/952
f 687/775/946 757/845/948 829/917/952
f 494/582/953 592/680/954 586/674/955
f 586/674/955 585/673/956 494/582/953
f 585/673/956 635/723/957 732/820/958
f 494/582/953 585/673/956 495/583/959
f 635/723/957 802/890/960 733/821/961
f 802/890/960 788/876/962 733/821/961
f 733/821/961 732/820/958 635/723/957
f 732/820/958 495/583/959 585/673/956
o cover.001
v -35.445972 21.668348 8.423369
v -32.918934 21.668348 10.318000
v -33.062817 21.668348 10.573759
v -35.651146 21.668348 8.633175
v -35.735291 22.921469 -8.781964
v -37.651463 22.921469 -6.226194
v -36.906563 22.921471 -5.807142
v -35.124229 22.921469 -8.184394
v -38.637699 21.668346 3.034934
v -37.396538 21.668348 5.939251
v -37.649021 21.668348 6.088804
v -38.920288 21.668346 3.114044
v -37.514893 22.921473 6.009356
v -35.542152 22.921473 8.521719
v -34.944580 22.921473 7.910659
v -36.779533 22.921471 5.573780
v -27.125187 22.103586 -12.618129
v -30.327618 22.103586 -12.160102
v -30.327618 22.766909 -12.160102
v -27.125187 22.766909 -12.618129
v -30.248507 21.668344 -11.877515
v -33.152824 21.668344 -10.636351
v -33.302380 21.668344 -10.888834
v -30.327618 21.668344 -12.160102
v -38.840858 22.921471 -3.261570
v -39.222427 22.921471 -0.090122
v -38.367802 22.921471 -0.099661
v -38.012878 22.921471 -3.049588
v -38.770164 22.921471 3.072018
v -37.947124 22.921471 2.841609
v -38.707596 21.668346 -3.227451
v -39.084877 21.668346 -0.091657
v -39.378311 21.668346 -0.088382
v -38.991882 21.668346 -3.300233
v -27.121912 21.668344 -12.324695
v -27.125187 21.668344 -12.618129
v -35.636940 21.668344 -8.685784
v -37.531570 21.668344 -6.158749
v -37.787331 21.668344 -6.302629
v -35.846748 21.668344 -8.890960
v -29.987637 21.668348 11.494028
v -26.851843 21.668348 11.871308
v -26.848568 21.668348 12.164742
v -30.060419 21.668348 11.778312
v -39.064369 22.103588 2.640280
v -37.649021 22.103590 6.088804
v -37.649021 22.766912 6.088804
v -39.064369 22.766911 2.640280
v -27.123447 22.921469 -12.462246
v -30.285591 22.921469 -12.009982
v -30.055183 22.921469 -11.186943
v -27.113907 22.921469 -11.607618
v -32.986382 22.921473 10.437892
v -30.021755 22.921473 11.627292
v -29.809774 22.921473 10.799313
v -32.567329 22.921473 9.692990
v -33.222931 22.921469 -10.754705
v -32.787354 22.921469 -10.019345
v -30.060419 22.103590 11.778312
v -26.848568 22.103590 12.164742
v -26.848568 22.766912 12.164742
v -30.060419 22.766912 11.778312
v -35.651146 22.103590 8.633175
v -35.651146 22.766912 8.633175
v -35.846748 22.103586 -8.890960
v -37.787331 22.103586 -6.302629
v -37.787331 22.766909 -6.302629
v -35.846748 22.766909 -8.890960
v -34.402008 19.665596 7.355840
v -32.186646 19.665228 9.016304
v -31.933308 19.182913 8.565970
v -34.040470 19.182913 6.986139
v -39.125355 22.103588 -2.823371
v -39.125355 22.766911 -2.823371
v -33.302380 22.103586 -10.888834
v -33.302380 22.766909 -10.888834
v -33.062817 22.103590 10.573759
v -33.062817 22.766912 10.573759
v -36.112362 19.666149 5.178596
v -35.666943 19.182911 4.914762
v -37.205544 19.669758 -3.007483
v -37.573990 19.648945 -0.108521
v -37.074764 19.182911 -0.114093
v -36.545868 19.182911 -3.263020
v -32.392490 19.666737 -9.352716
v -34.570786 19.667385 -7.643166
v -34.199711 19.182909 -7.280284
v -32.128334 19.182909 -8.906757
v -37.147652 19.666939 2.758142
v -36.513000 19.182911 2.934985
v -24.127947 19.665020 9.985669
v -24.267179 19.182913 9.488314
v -26.874279 19.182913 9.861193
v -26.868515 19.664951 10.377563
v -36.232807 19.668367 -5.428110
v -35.779541 19.182911 -5.173121
v -27.105255 19.666248 -10.832343
v -29.846203 19.666367 -10.440449
v -29.706579 19.182909 -9.941699
v -27.099476 19.182909 -10.314578
v -29.617149 19.665020 10.046938
v -29.489052 19.182913 9.546599
v -32.697369 22.768278 -9.867427
v -34.997993 22.768278 -8.060943
v -34.744453 20.140947 -7.813001
v -32.516640 20.140947 -9.562312
v -34.821129 22.768282 7.784421
v -32.480755 22.768282 9.539102
v -32.306885 20.140951 9.230031
v -34.573189 20.140951 7.530883
v -38.191242 22.768280 -0.101632
v -37.777096 22.768280 2.794009
v -37.435600 20.140949 2.698409
v -37.836643 20.140949 -0.105590
v -36.752670 22.768280 -5.720569
v -36.443600 20.140949 -5.546697
v -27.111937 22.768278 -11.431059
v -30.007582 22.768278 -11.016912
v -29.911982 20.140947 -10.675416
v -27.107979 20.140947 -11.076459
v -29.765982 22.768282 10.628261
v -26.861816 22.768282 10.977672
v -26.865776 20.140951 10.623072
v -29.678026 20.140951 10.284717
v -36.627613 22.768280 5.483794
v -36.322498 20.140949 5.303066
v -37.841831 22.768280 -3.005796
v -37.498287 20.140949 -2.917841
v -31.441483 20.026783 4.328476
v -30.110731 20.026783 5.326199
v -28.798531 19.272995 2.993659
v -29.570290 19.272995 2.415038
v -33.159073 20.026783 -1.806908
v -33.316147 20.026783 -0.501349
v -30.640009 19.272995 -0.531223
v -30.566389 19.272995 -1.143126
v -31.542049 20.026783 -4.681297
v -32.539772 20.026783 -3.350545
v -30.207232 19.272995 -2.038345
v -29.628611 19.272995 -2.810103
v -33.122261 20.026783 1.490898
v -32.468658 20.026783 3.020325
v -30.165991 19.272995 1.656387
v -30.545042 19.272995 0.769408
v -27.057987 20.026781 -6.597565
v -28.704470 20.026781 -6.362077
v -27.982981 19.272995 -3.784858
v -27.028116 19.272995 -3.921426
v -30.233898 20.026783 -5.708474
v -28.869959 19.272995 -3.405805
v -30.632301 19.272995 0.159301
v -26.983070 18.872561 0.114358
v -28.567093 20.026785 5.945499
v -27.903311 19.272995 3.352817
v -31.832296 20.031578 -4.965138
v -30.440794 20.031576 -6.057765
v -30.309780 20.031580 5.680021
v -31.725323 20.031578 4.618726
v -33.408394 20.031578 -2.266429
v -33.512020 20.645481 -2.265621
v -31.876947 21.351467 -1.737332
v -31.802807 20.965759 -1.737912
v -32.893593 20.031578 -3.549593
v -28.813911 20.031576 -6.753016
v -27.062517 20.031576 -7.003509
v -28.667782 20.031580 6.338785
v -26.911236 20.031580 6.550122
v -32.817951 20.031578 3.227221
v -33.386314 20.031578 1.897251
v -26.990685 18.872561 -0.567746
v -33.308441 20.026783 0.189168
v -26.913506 20.051794 6.346878
v -28.617371 20.051794 6.141879
v -26.915768 20.026785 6.144177
v -31.583214 20.051792 4.473406
v -32.643074 20.051792 3.123634
v -31.686977 20.051792 -4.823028
v -30.337208 20.051792 -5.882886
v -33.355450 20.051792 -1.857185
v -32.716446 20.051792 -3.449935
v -28.759117 20.051790 -6.557285
v -30.210123 20.051792 5.502872
v -33.317471 20.051792 1.545545
v -33.704445 20.031578 0.170537
v -32.009640 20.965759 0.154007
v -31.786604 20.965759 1.352933
v -32.014683 20.965759 -0.490159
v -31.102589 21.215855 -1.583278
v -31.263323 21.222939 -0.496788
v -27.060249 20.051790 -6.800264
v -26.945637 19.272995 3.468039
v -26.849077 22.876204 12.119085
v -30.049095 22.876204 11.734078
v -26.850307 22.921473 12.008860
v -35.619225 22.876204 8.600531
v -37.609734 22.876204 6.065535
v -39.378311 22.766911 -0.088382
v -39.332657 22.876202 -0.088892
v -38.947647 22.876202 -3.288908
v -35.814102 22.876200 -8.859035
v -33.279106 22.876200 -10.849550
v -37.747536 22.876200 -6.280244
v -30.315310 22.876200 -12.116133
v -33.040428 22.876204 10.533967
v -38.876320 22.876202 3.101735
v -27.124678 22.876200 -12.572472
v -26.859846 22.921473 11.154231
v -26.861145 22.876604 11.037949
v -29.780931 22.876604 10.686658
v -34.863277 22.876604 7.827519
v -36.679478 22.876602 5.514516
v -38.251518 22.876602 -0.100959
v -37.900227 22.876602 -3.020747
v -35.041092 22.876600 -8.103089
v -32.728088 22.876600 -9.919291
v -36.805210 22.876602 -5.750125
v -30.023832 22.876600 -11.074960
v -32.510311 22.876604 9.591640
v -37.835140 22.876602 2.810260
v -27.112610 22.876600 -11.491336
v -33.489941 20.645481 1.898058
v -36.478424 19.297678 2.924058
v -36.510147 19.301474 -3.274307
v -37.019188 19.367382 -0.131657
v -36.499676 19.367382 -3.224689
v -33.876831 20.701820 -0.150169
v -33.530914 20.701820 -2.209670
v -36.467690 19.367382 2.861708
v -33.509712 20.701820 1.842434
v -31.153175 21.605007 -1.580040
v -28.596884 21.859337 -1.151228
v -28.621523 22.246063 -1.151103
v -27.612720 22.334522 -1.057343
v -27.612625 21.948799 -1.058186
v -28.709236 22.311367 -0.195982
v -28.616278 22.304207 0.674199
v -27.594723 22.392654 0.567238
v -27.603987 22.397259 -0.204466
v -28.630133 22.303768 -1.094697
v -27.612150 22.392315 -1.000346
v -29.265499 21.704533 0.837373
v -29.379141 21.708218 0.131711
v -28.646549 21.864727 0.125906
v -28.581982 21.859791 0.730318
v -29.278299 21.704296 -1.250122
v -29.326702 22.085873 -1.251791
v -31.881805 21.407192 1.297966
v -32.154316 21.407192 -0.166897
v -31.897135 21.407192 -1.681447
v -31.860744 21.351467 1.353513
v -31.368448 21.671188 -0.173790
v -31.168831 21.662098 -1.523567
v -27.600029 21.952293 0.117973
v -27.593924 21.949165 0.625189
v -28.606621 22.246521 0.730444
v -27.594027 22.334881 0.624182
v -28.652557 21.864647 -0.518712
v -27.607199 21.952209 -0.526743
v -31.153320 21.662697 1.131844
v -31.086140 21.216450 1.190439
v -31.136744 21.605618 1.188036
v -26.995928 22.360508 -1.037610
v -26.995934 21.975468 -1.038051
v -29.313894 22.086128 0.839642
v -29.486980 22.148388 -0.189671
v -29.330069 22.143013 0.784142
v -29.384497 21.708191 -0.512681
v -26.983097 21.977478 0.111999
v -26.977716 21.975685 0.594018
v -26.990294 21.977428 -0.532737
v -26.986696 22.421017 -0.210464
v -26.995293 22.418129 -0.980686
v -26.978359 22.418327 0.536494
v -26.977724 22.360722 0.593376
v -29.341948 22.142769 -1.196049
v -17.439493 19.367382 2.649321
v -17.427368 19.297678 2.711415
v -17.392557 19.182911 2.721568
v -31.258026 21.223015 0.147474
v -33.709507 20.031578 -0.473676
v -36.814495 21.209843 -5.755348
v -37.910545 21.209843 -3.023389
v -35.048706 21.209841 -8.110536
v -27.112728 21.209841 -11.501987
v -30.026705 21.209841 -11.085217
v -32.733517 21.209841 -9.928456
v -38.262173 21.209843 -0.100840
v -37.845402 21.209843 2.813132
v -34.870724 21.209845 7.835135
v -32.515533 21.209845 9.600924
v -36.688644 21.209843 5.519945
v -29.783573 21.209845 10.696978
v -26.861025 21.209845 11.048601
v -35.048706 19.403570 -8.110535
v -36.814495 19.403572 -5.755348
v -29.783573 19.403574 10.696979
v -26.861025 19.403574 11.048602
v -37.910545 19.403572 -3.023389
v -38.262173 19.403572 -0.100840
v -34.870724 19.403574 7.835135
v -32.515533 19.403574 9.600924
v -36.688644 19.403572 5.519945
v -27.112728 19.403570 -11.501987
v -30.026705 19.403570 -11.085217
v -32.733517 19.403570 -9.928456
v -37.845402 19.403572 2.813132
v -31.884199 19.025721 8.478676
v -29.464211 19.025721 9.449567
v -27.098358 19.025717 -10.214422
v -29.679577 19.025717 -9.845245
v -32.077290 19.025717 -8.820580
v -34.128098 19.025717 -7.210253
v -36.605431 19.025719 2.466004
v -35.580765 19.025719 4.863717
v -36.974609 19.025719 -0.115211
v -35.692245 19.025719 -5.124012
v -26.875397 19.025721 9.761039
v -36.663136 19.025719 -2.704024
v -33.970440 19.025721 6.914528
v -30.338427 19.025717 -3.504247
v -31.072519 19.025717 -2.525123
v -28.149549 19.025717 4.314613
v -26.934557 19.025717 4.460793
v -31.528179 19.025717 -1.389363
v -31.674362 19.025717 -0.174371
v -30.264433 19.025717 3.124857
v -29.285309 19.025717 3.858950
v -31.020199 19.025717 2.162362
v -27.039198 19.025717 -4.914178
v -28.250626 19.025717 -4.740911
v -29.375931 19.025717 -4.260013
v -31.501097 19.025717 1.037057
v -26.986877 18.218885 -0.226691
v -39.378311 22.103588 -0.088382
v -42.464008 22.103588 -0.053941
v -42.366455 22.103588 0.446783
v -42.366455 22.766911 0.446783
v -42.464008 22.766911 -0.053941
v -40.394745 22.766911 2.397465
v -40.394745 22.103588 2.397465
v -42.006432 22.103588 -1.535347
v -41.300262 22.103588 -2.212568
v -41.973480 22.766911 1.416883
v -41.252373 22.766911 2.078173
v -40.449974 22.103588 -2.550922
v -40.449974 22.766911 -2.550922
v -41.252373 22.103588 2.078173
v -41.973480 22.103588 1.416883
v -42.377655 22.103588 -0.556716
v -42.377655 22.766911 -0.556716
v -41.300262 22.766911 -2.212568
v -42.006432 22.766911 -1.535347
v -18.336815 21.668348 8.232402
v -18.127010 21.668348 8.437576
v -20.671381 21.668348 10.435450
v -20.820934 21.668348 10.182965
v -18.431602 22.921469 -8.975102
v -19.029173 22.921469 -8.364042
v -17.194223 22.921471 -6.027165
v -16.458862 22.921469 -6.462740
v -15.266159 21.668346 2.774068
v -14.981874 21.668346 2.846851
v -16.186424 21.668348 5.849245
v -16.442184 21.668348 5.705364
v -16.322292 22.921473 5.772810
v -17.067192 22.921471 5.353757
v -18.849525 22.921473 7.731011
v -18.238468 22.921473 8.328581
v -23.913332 22.766909 -12.231696
v -23.913332 22.103586 -12.231696
v -23.986115 21.668344 -11.947413
v -23.913332 21.668344 -12.231696
v -20.910938 21.668344 -11.027143
v -21.054817 21.668344 -10.771385
v -15.203588 22.921471 -3.525402
v -16.026630 22.921471 -3.294992
v -15.605954 22.921471 -0.353722
v -14.751327 22.921471 -0.363262
v -15.132895 22.921471 2.808186
v -15.960875 22.921471 2.596205
v -15.336058 21.668346 -3.488317
v -15.053469 21.668346 -3.567427
v -14.595445 21.668346 -0.365001
v -14.888877 21.668346 -0.361726
v -18.527782 21.668344 -8.876752
v -18.322609 21.668344 -9.086558
v -16.324734 21.668344 -6.542189
v -16.577221 21.668344 -6.392635
v -23.725252 21.668348 11.424129
v -23.646143 21.668348 11.706717
v -14.844501 22.103588 2.719531
v -14.844501 22.766911 2.719531
v -16.186424 22.766912 5.849245
v -16.186424 22.103590 5.849245
v -24.163977 22.921469 -11.252699
v -23.951996 22.921469 -12.080676
v -20.750828 22.921473 10.301322
v -21.186403 22.921473 9.565960
v -23.918577 22.921473 10.733557
v -23.688168 22.921473 11.556598
v -21.406425 22.921469 -10.146377
v -20.987371 22.921469 -10.891275
v -23.646143 22.103590 11.706717
v -23.646143 22.766912 11.706717
v -18.127010 22.766912 8.437576
v -18.127010 22.103590 8.437576
v -18.322609 22.103586 -9.086558
v -18.322609 22.766909 -9.086558
v -16.324734 22.766909 -6.542189
v -16.324734 22.103586 -6.542189
v -21.582094 19.665228 8.897939
v -21.845423 19.182913 8.453373
v -14.913287 22.766911 -3.443205
v -14.913287 22.103588 -3.443205
v -20.910938 22.766909 -11.027143
v -20.910938 22.103586 -11.027143
v -20.671381 22.766912 10.435450
v -20.671381 22.103590 10.435450
v -17.743019 19.666149 4.973562
v -18.194214 19.182911 4.719737
v -19.774048 19.182913 6.826901
v -19.404346 19.665596 7.188440
v -16.832829 19.669758 -3.234877
v -17.498043 19.182911 -3.475626
v -16.898993 19.182911 -0.339289
v -16.399765 19.648945 -0.344862
v -21.786312 19.666737 -9.471099
v -22.040447 19.182909 -9.019355
v -19.933283 19.182909 -7.439522
v -19.570402 19.667385 -7.810596
v -16.762012 19.666939 2.530603
v -18.306812 19.182911 -5.368147
v -17.859352 19.668367 -5.633189
v -24.484699 19.182909 -9.999985
v -24.356241 19.666367 -10.501725
v -23.966175 22.768282 10.563525
v -24.061777 20.140951 10.222030
v -21.492998 22.768278 -9.992486
v -21.666870 20.140947 -9.683414
v -19.400564 20.140947 -7.984264
v -19.152622 22.768278 -8.237804
v -18.975765 22.768282 7.607559
v -19.229303 20.140951 7.359619
v -21.457119 20.140951 9.108929
v -21.276390 22.768282 9.414042
v -15.782514 22.768280 -0.351752
v -16.137112 20.140949 -0.347793
v -16.475468 20.140949 2.464458
v -16.131924 22.768280 2.552412
v -17.651257 20.140949 -5.756451
v -17.346144 22.768280 -5.937179
v -24.295725 20.140947 -10.738103
v -24.207771 22.768278 -11.081647
v -17.530155 20.140949 5.093312
v -17.221085 22.768280 5.267184
v -16.538155 20.140949 -3.151792
v -16.196659 22.768280 -3.247393
v -22.431709 20.026783 4.227912
v -24.345144 19.272995 2.356717
v -25.103796 19.272995 2.952420
v -23.739859 20.026783 5.255089
v -20.851494 20.026783 -1.944282
v -23.428713 19.272995 -1.222794
v -23.341454 19.272995 -0.612687
v -20.665314 20.026783 -0.642553
v -22.532272 20.026783 -4.781861
v -24.403465 19.272995 -2.868424
v -23.807764 19.272995 -2.109774
v -21.505096 20.026783 -3.473711
v -20.814686 20.026783 1.353524
v -23.407366 19.272995 0.689740
v -23.766525 19.272995 1.584958
v -21.433987 20.026783 2.897159
v -26.070442 19.272995 -3.806205
v -25.406660 20.026781 -6.398886
v -25.175224 19.272995 -3.447045
v -23.863024 20.026783 -5.779584
v -23.333746 19.272995 0.077837
v -25.990776 19.272995 3.331470
v -25.269289 20.026785 5.908690
v -23.663975 20.031576 -6.133406
v -22.248430 20.031578 -5.072110
v -22.141459 20.031578 4.511754
v -23.532963 20.031580 5.604381
v -20.612490 20.031578 -2.409253
v -22.205879 20.965759 -1.845030
v -22.131744 21.351467 -1.846105
v -20.508871 20.645481 -2.410759
v -21.155804 20.031578 -3.680606
v -25.305969 20.031576 -6.792171
v -25.159845 20.031580 6.299630
v -20.541626 20.031578 1.753882
v -21.080162 20.031578 3.096208
v -20.657606 20.026783 0.047964
v -25.214640 20.051794 6.103899
v -21.257311 20.051792 2.996549
v -22.286779 20.051792 4.369642
v -23.763632 20.051792 -5.956258
v -22.390541 20.051792 -4.926791
v -21.330683 20.051792 -3.577020
v -20.656286 20.051792 -1.998930
v -25.356382 20.051790 -6.595265
v -23.636549 20.051792 5.429501
v -20.618305 20.051792 1.403800
v -22.153088 20.965759 1.245406
v -21.956869 20.965759 0.041801
v -20.262119 20.031578 0.020498
v -21.966206 20.965759 -0.602317
v -22.717527 21.222939 -0.592174
v -22.902472 21.215855 -1.674805
v -23.658451 22.876204 11.662747
v -16.226219 22.876204 5.826859
v -18.159657 22.876204 8.405652
v -15.097438 22.876202 -3.555117
v -14.641099 22.876202 -0.364492
v -14.595445 22.766911 -0.365001
v -20.933325 22.876200 -10.987350
v -18.354530 22.876200 -9.053914
v -16.364021 22.876200 -6.518920
v -23.924656 22.876200 -12.187464
v -20.694651 22.876204 10.396167
v -15.026107 22.876202 2.835526
v -23.949926 22.876604 10.621573
v -17.168545 22.876602 5.296741
v -18.932667 22.876604 7.649707
v -16.138615 22.876602 -3.263644
v -15.722236 22.876602 -0.352425
v -21.463442 22.876600 -10.045024
v -19.110477 22.876600 -8.280902
v -17.294277 22.876602 -5.967900
v -24.192820 22.876600 -11.140044
v -21.245668 22.876604 9.465907
v -16.073530 22.876602 2.567363
v -20.438007 20.645481 1.752377
v -17.534004 19.301474 -3.486113
v -17.543365 19.367382 -3.436273
v -16.954948 19.367382 -0.355608
v -20.488731 20.701820 -2.355243
v -20.096935 20.701820 -0.303976
v -20.419483 20.701820 1.696324
v -22.851824 21.605007 -1.672697
v -25.264263 22.311367 -0.234433
v -26.369427 22.397259 -0.218246
v -26.361464 22.392654 0.553472
v -25.337776 22.304207 0.637605
v -24.636639 22.086128 0.787436
v -25.346174 22.246521 0.694052
v -25.370810 21.859791 0.694476
v -24.685074 21.704533 0.786248
v -26.379845 21.948799 -1.071946
v -26.379732 22.334522 -1.071105
v -25.319748 21.864727 0.088773
v -24.587212 21.708218 0.078225
v -25.363407 22.303768 -1.131159
v -26.379028 22.392315 -1.014110
v -21.819393 21.407192 -0.282253
v -22.059137 21.407192 1.188329
v -22.110317 21.407192 -1.790684
v -22.078955 21.351467 1.244332
v -22.834913 21.662098 -1.616587
v -22.605217 21.671188 -0.271602
v -26.360970 21.949165 0.611428
v -26.366186 21.952293 0.104201
v -26.360888 22.334881 0.610418
v -25.328131 21.864647 -0.555819
v -26.373409 21.952209 -0.540514
v -25.397909 21.859337 -1.186934
v -22.791149 21.662697 1.038507
v -22.806467 21.605618 1.095056
v -22.857006 21.216450 1.098587
v -24.718870 21.704296 -1.301013
v -25.373272 22.246063 -1.187359
v -24.670517 22.085873 -1.303762
v -24.486570 22.148388 -0.245484
v -24.621708 22.143013 0.731588
v -24.596237 21.708191 -0.566126
v -24.654030 22.142769 -1.248374
v -22.708439 21.223015 0.052046
v -20.271439 20.031578 -0.623667
v -16.128355 21.209843 -3.266515
v -17.285112 21.209843 -5.973330
v -19.103029 21.209841 -8.288517
v -24.190178 21.209841 -11.150363
v -21.458220 21.209841 -10.054308
v -15.711583 21.209843 -0.352543
v -16.063210 21.209843 2.570005
v -21.240240 21.209845 9.475072
v -18.925051 21.209845 7.657154
v -17.159262 21.209843 5.301964
v -23.947054 21.209845 10.631832
v -17.285112 19.403572 -5.973330
v -19.103029 19.403570 -8.288516
v -23.947054 19.403574 10.631833
v -15.711583 19.403572 -0.352543
v -16.128355 19.403572 -3.266515
v -21.240240 19.403574 9.475072
v -18.925051 19.403574 7.657154
v -17.159262 19.403572 5.301964
v -24.190178 19.403570 -11.150363
v -21.458220 19.403570 -10.054308
v -16.063210 19.403572 2.570006
v -24.294182 19.025721 9.391861
v -21.896469 19.025721 8.367196
v -24.509542 19.025717 -9.902951
v -22.089556 19.025717 -8.932059
v -20.003313 19.025717 -7.367909
v -18.281509 19.025719 4.670629
v -17.310619 19.025719 2.250641
v -16.999149 19.025719 -0.338171
v -18.392990 19.025719 -5.317101
v -17.368328 19.025719 -2.919387
v -19.845657 19.025721 6.756871
v -22.953558 19.025717 -2.615744
v -23.709320 19.025717 -3.578239
v -25.723129 19.025717 4.287531
v -22.299393 19.025717 -0.279012
v -22.472658 19.025717 -1.490438
v -24.597824 19.025717 3.806629
v -23.635330 19.025717 3.050865
v -22.901237 19.025717 2.071741
v -25.824203 19.025717 -4.767995
v -24.688444 19.025717 -4.312333
v -22.445574 19.025717 0.935982
v -14.595445 22.103588 -0.365001
vt 0.875000 1.000000
vt 0.916667 1.000000
vt 0.916667 1.000000
vt 0.875000 1.000000
vt 0.625000 1.000000
vt 0.666667 1.000000
vt 0.666667 1.000000
vt 0.625000 1.000000
vt 0.791667 1.000000
vt 0.833333 1.000000
vt 0.833333 1.000000
vt 0.791667 1.000000
vt 0.833333 1.000000
vt 0.875000 1.000000
vt 0.875000 1.000000
vt 0.833333 1.000000
vt 0.500000 1.000000
vt 0.541666 1.000000
vt 0.541666 1.000000
vt 0.500000 1.000000
vt 0.541666 1.000000
vt 0.583333 1.000000
vt 0.583333 1.000000
vt 0.541666 1.000000
vt 0.708333 1.000000
vt 0.750000 1.000000
vt 0.750000 1.000000
vt 0.708333 1.000000
vt 0.791667 1.000000
vt 0.791667 1.000000
vt 0.708333 1.000000
vt 0.750000 1.000000
vt 0.750000 1.000000
vt 0.708333 1.000000
vt 0.500000 1.000000
vt 0.500000 1.000000
vt 0.625000 1.000000
vt 0.666667 1.000000
vt 0.666667 1.000000
vt 0.625000 1.000000
vt 0.958333 1.000000
vt 1.000000 1.000000
vt 1.000000 1.000000
vt 0.958333 1.000000
vt 0.791667 1.000000
vt 0.833333 1.000000
vt 0.833333 1.000000
vt 0.791667 1.000000
vt 0.500000 1.000000
vt 0.541666 1.000000
vt 0.541666 1.000000
vt 0.500000 1.000000
vt 0.916667 1.000000
vt 0.958333 1.000000
vt 0.958333 1.000000
vt 0.916667 1.000000
vt 0.583333 1.000000
vt 0.583333 1.000000
vt 0.958333 1.000000
vt 1.000000 1.000000
vt 1.000000 1.000000
vt 0.958333 1.000000
vt 0.875000 1.000000
vt 0.875000 1.000000
vt 0.625000 1.000000
vt 0.666667 1.000000
vt 0.666667 1.000000
vt 0.625000 1.000000
vt 0.875000 1.000000
vt 0.916667 1.000000
vt 0.916667 1.000000
vt 0.875000 1.000000
vt 0.708333 1.000000
vt 0.708333 1.000000
vt 0.583333 1.000000
vt 0.583333 1.000000
vt 0.916667 1.000000
vt 0.916667 1.000000
vt 0.833333 1.000000
vt 0.833333 1.000000
vt 0.705789 1.000000
vt 0.750000 1.000000
vt 0.750000 1.000000
vt 0.699228 1.000000
vt 0.583333 1.000000
vt 0.625000 1.000000
vt 0.625000 1.000000
vt 0.583333 1.000000
vt 0.793823 1.000000
vt 0.799271 1.000000
vt 0.958333 1.000000
vt 0.958333 1.000000
vt 1.000000 1.000000
vt 1.000000 1.000000
vt 0.666667 1.000000
vt 0.666667 1.000000
vt 0.500000 1.000000
vt 0.541666 1.000000
vt 0.541666 1.000000
vt 0.500000 1.000000
vt 0.958333 1.000000
vt 0.958333 1.000000
vt 0.583333 1.000000
vt 0.625000 1.000000
vt 0.625000 1.000000
vt 0.583333 1.000000
vt 0.875000 1.000000
vt 0.916667 1.000000
vt 0.916667 1.000000
vt 0.875000 1.000000
vt 0.750000 1.000000
vt 0.791667 1.000000
vt 0.791667 1.000000
vt 0.750000 1.000000
vt 0.666667 1.000000
vt 0.666667 1.000000
vt 0.500000 1.000000
vt 0.541666 1.000000
vt 0.541666 1.000000
vt 0.500000 1.000000
vt 0.958333 1.000000
vt 1.000000 1.000000
vt 1.000000 1.000000
vt 0.958333 1.000000
vt 0.833333 1.000000
vt 0.833333 1.000000
vt 0.708333 1.000000
vt 0.708333 1.000000
vt 0.875000 1.000000
vt 0.916667 1.000000
vt 0.916667 1.000000
vt 0.875000 1.000000
vt 0.708333 1.000000
vt 0.741275 1.000000
vt 0.734956 1.000000
vt 0.708333 1.000000
vt 0.625000 1.000000
vt 0.666667 1.000000
vt 0.666667 1.000000
vt 0.625000 1.000000
vt 0.791667 1.000000
vt 0.833333 1.000000
vt 0.833333 1.000000
vt 0.791667 1.000000
vt 0.500000 1.000000
vt 0.541666 1.000000
vt 0.541666 1.000000
vt 0.500000 1.000000
vt 0.583333 1.000000
vt 0.583333 1.000000
vt 0.765044 1.000000
vt 0.764884 1.000000
vt 0.958333 1.000000
vt 0.958333 1.000000
vt 0.625000 1.000000
vt 0.583333 1.000000
vt 0.916667 1.000000
vt 0.875000 1.000000
vt 0.699228 1.000000
vt 0.699228 1.000000
vt 0.699228 1.000000
vt 0.699228 1.000000
vt 0.666667 1.000000
vt 0.541667 1.000000
vt 0.500000 1.000000
vt 0.958333 1.000000
vt 1.000000 1.000000
vt 0.833333 1.000000
vt 0.799271 1.000000
vt 0.846225 1.000000
vt 0.653826 1.000000
vt 0.885530 1.000000
vt 0.806044 1.000000
vt 0.614520 1.000000
vt 0.758724 1.000000
vt 0.537845 1.000000
vt 0.575929 1.000000
vt 0.924120 1.000000
vt 0.500024 1.000000
vt 1.000000 1.000000
vt 0.958333 1.000000
vt 1.000000 1.000000
vt 0.875000 1.000000
vt 0.833333 1.000000
vt 0.625000 1.000000
vt 0.583333 1.000000
vt 0.708333 1.000000
vt 0.666667 1.000000
vt 0.541666 1.000000
vt 0.916667 1.000000
vt 0.791667 1.000000
vt 0.757736 1.000000
vt 0.760420 1.000000
vt 0.799271 1.000000
vt 0.739570 1.000000
vt 0.699228 1.000000
vt 0.738377 1.000000
vt 0.500000 1.000000
vt 1.000000 1.000000
vt 0.999923 1.000000
vt 0.958333 1.000000
vt 1.000000 1.000000
vt 0.875000 1.000000
vt 0.833333 1.000000
vt 0.750000 1.000000
vt 0.750000 1.000000
vt 0.708333 1.000000
vt 0.625000 1.000000
vt 0.583333 1.000000
vt 0.666667 1.000000
vt 0.541667 1.000000
vt 0.916667 1.000000
vt 0.791667 1.000000
vt 0.500000 1.000000
vt 1.000000 1.000000
vt 1.000000 1.000000
vt 0.958333 1.000000
vt 0.875000 1.000000
vt 0.833333 1.000000
vt 0.750000 1.000000
vt 0.708333 1.000000
vt 0.625000 1.000000
vt 0.583333 1.000000
vt 0.666667 1.000000
vt 0.541666 1.000000
vt 0.916667 1.000000
vt 0.791667 1.000000
vt 0.500000 1.000000
vt 0.799271 1.000000
vt 0.799271 1.000000
vt 0.699228 1.000000
vt 0.750000 1.000000
vt 0.700129 1.000000
vt 0.750000 1.000000
vt 0.700569 1.000000
vt 0.798371 1.000000
vt 0.797931 1.000000
vt 0.699228 1.000000
vt 0.699228 1.000000
vt 0.699228 1.000000
vt 0.699228 1.000000
vt 0.699228 1.000000
vt 0.750000 1.000000
vt 0.796279 1.000000
vt 0.795893 1.000000
vt 0.750000 1.000000
vt 0.702225 1.000000
vt 0.702614 1.000000
vt 0.799271 1.000000
vt 0.765430 1.000000
vt 0.767126 1.000000
vt 0.799271 1.000000
vt 0.699228 1.000000
vt 0.699228 1.000000
vt 0.797468 1.000000
vt 0.750000 1.000000
vt 0.701032 1.000000
vt 0.799271 1.000000
vt 0.750000 1.000000
vt 0.701250 1.000000
vt 0.769144 1.000000
vt 0.799271 1.000000
vt 0.799271 1.000000
vt 0.799271 1.000000
vt 0.732852 1.000000
vt 0.730829 1.000000
vt 0.797250 1.000000
vt 0.799271 1.000000
vt 0.799271 1.000000
vt 0.699228 1.000000
vt 0.699228 1.000000
vt 0.962203 1.000000
vt 0.799271 1.000000
vt 0.750000 1.000000
vt 0.796599 1.000000
vt 0.734548 1.000000
vt 0.769720 1.000000
vt 0.799271 1.000000
vt 0.730199 1.000000
vt 0.749959 1.000000
vt 0.702715 1.000000
vt 0.795787 1.000000
vt 0.799271 1.000000
vt 0.701903 1.000000
vt 0.798371 1.000000
vt 0.799271 1.000000
vt 0.799271 1.000000
vt 0.761614 1.000000
vt 0.742256 1.000000
vt 0.694009 1.000000
vt 0.666667 1.000000
vt 0.708333 1.000000
vt 0.625000 1.000000
vt 0.500000 1.000000
vt 0.541666 1.000000
vt 0.583333 1.000000
vt 0.750000 1.000000
vt 0.791667 1.000000
vt 0.875000 1.000000
vt 0.916667 1.000000
vt 0.833333 1.000000
vt 0.958333 1.000000
vt 1.000000 1.000000
vt 0.625000 1.000000
vt 0.666667 1.000000
vt 0.958333 1.000000
vt 1.000000 1.000000
vt 0.708333 1.000000
vt 0.750000 1.000000
vt 0.875000 1.000000
vt 0.916667 1.000000
vt 0.833333 1.000000
vt 0.500000 1.000000
vt 0.541666 1.000000
vt 0.583333 1.000000
vt 0.791667 1.000000
vt 0.916667 1.000000
vt 0.958333 1.000000
vt 0.500000 1.000000
vt 0.541666 1.000000
vt 0.583333 1.000000
vt 0.625000 1.000000
vt 0.791667 1.000000
vt 0.833333 1.000000
vt 0.750000 1.000000
vt 0.666667 1.000000
vt 1.000000 1.000000
vt 0.708333 1.000000
vt 0.875000 1.000000
vt 0.625000 1.000000
vt 0.666667 1.000000
vt 0.958333 1.000000
vt 1.000000 1.000000
vt 0.708333 1.000000
vt 0.750000 1.000000
vt 0.875000 1.000000
vt 0.916667 1.000000
vt 0.833333 1.000000
vt 0.500000 1.000000
vt 0.541666 1.000000
vt 0.583333 1.000000
vt 0.791667 1.000000
vt 0.958333 1.000000
vt 0.541666 1.000000
vt 0.583333 1.000000
vt 0.625000 1.000000
vt 0.833333 1.000000
vt 0.791667 1.000000
vt 0.666667 1.000000
vt 1.000000 1.000000
vt 0.750000 1.000000
vt 0.708333 1.000000
vt 0.916667 1.000000
vt 0.875000 1.000000
vt 0.750000 1.000000
vt 0.750000 1.000000
vt 0.759074 1.000000
vt 0.759074 1.000000
vt 0.750000 1.000000
vt 0.791667 1.000000
vt 0.791667 1.000000
vt 0.722969 1.000000
vt 0.709502 1.000000
vt 0.777031 1.000000
vt 0.790497 1.000000
vt 0.708333 1.000000
vt 0.708333 1.000000
vt 0.790497 1.000000
vt 0.777031 1.000000
vt 0.740925 1.000000
vt 0.740925 1.000000
vt 0.709502 1.000000
vt 0.722969 1.000000
vt 0.875000 1.000000
vt 0.875000 1.000000
vt 0.916667 1.000000
vt 0.916667 1.000000
vt 0.625000 1.000000
vt 0.625000 1.000000
vt 0.666667 1.000000
vt 0.666667 1.000000
vt 0.791667 1.000000
vt 0.791667 1.000000
vt 0.833333 1.000000
vt 0.833333 1.000000
vt 0.833333 1.000000
vt 0.833333 1.000000
vt 0.875000 1.000000
vt 0.875000 1.000000
vt 0.541666 1.000000
vt 0.541666 1.000000
vt 0.541666 1.000000
vt 0.541666 1.000000
vt 0.583333 1.000000
vt 0.583333 1.000000
vt 0.708333 1.000000
vt 0.708333 1.000000
vt 0.750000 1.000000
vt 0.750000 1.000000
vt 0.791667 1.000000
vt 0.791667 1.000000
vt 0.708333 1.000000
vt 0.708333 1.000000
vt 0.750000 1.000000
vt 0.750000 1.000000
vt 0.625000 1.000000
vt 0.625000 1.000000
vt 0.666667 1.000000
vt 0.666667 1.000000
vt 0.958333 1.000000
vt 0.958333 1.000000
vt 0.791667 1.000000
vt 0.791667 1.000000
vt 0.833333 1.000000
vt 0.833333 1.000000
vt 0.541666 1.000000
vt 0.541666 1.000000
vt 0.916667 1.000000
vt 0.916667 1.000000
vt 0.958333 1.000000
vt 0.958333 1.000000
vt 0.583333 1.000000
vt 0.583333 1.000000
vt 0.958333 1.000000
vt 0.958333 1.000000
vt 0.875000 1.000000
vt 0.875000 1.000000
vt 0.625000 1.000000
vt 0.625000 1.000000
vt 0.666667 1.000000
vt 0.666667 1.000000
vt 0.916667 1.000000
vt 0.916667 1.000000
vt 0.708333 1.000000
vt 0.708333 1.000000
vt 0.583333 1.000000
vt 0.583333 1.000000
vt 0.916667 1.000000
vt 0.916667 1.000000
vt 0.833333 1.000000
vt 0.833333 1.000000
vt 0.875000 1.000000
vt 0.875000 1.000000
vt 0.705789 1.000000
vt 0.699228 1.000000
vt 0.750000 1.000000
vt 0.750000 1.000000
vt 0.583333 1.000000
vt 0.583333 1.000000
vt 0.625000 1.000000
vt 0.625000 1.000000
vt 0.793823 1.000000
vt 0.666667 1.000000
vt 0.666667 1.000000
vt 0.541666 1.000000
vt 0.541666 1.000000
vt 0.958333 1.000000
vt 0.958333 1.000000
vt 0.583333 1.000000
vt 0.583333 1.000000
vt 0.625000 1.000000
vt 0.625000 1.000000
vt 0.875000 1.000000
vt 0.875000 1.000000
vt 0.916667 1.000000
vt 0.916667 1.000000
vt 0.750000 1.000000
vt 0.750000 1.000000
vt 0.791667 1.000000
vt 0.791667 1.000000
vt 0.666667 1.000000
vt 0.666667 1.000000
vt 0.541666 1.000000
vt 0.541666 1.000000
vt 0.833333 1.000000
vt 0.833333 1.000000
vt 0.708333 1.000000
vt 0.708333 1.000000
vt 0.875000 1.000000
vt 0.875000 1.000000
vt 0.916667 1.000000
vt 0.916667 1.000000
vt 0.708333 1.000000
vt 0.708333 1.000000
vt 0.734956 1.000000
vt 0.741275 1.000000
vt 0.625000 1.000000
vt 0.625000 1.000000
vt 0.666667 1.000000
vt 0.666667 1.000000
vt 0.791667 1.000000
vt 0.791667 1.000000
vt 0.833333 1.000000
vt 0.833333 1.000000
vt 0.541666 1.000000
vt 0.541666 1.000000
vt 0.583333 1.000000
vt 0.583333 1.000000
vt 0.765044 1.000000
vt 0.958333 1.000000
vt 0.958333 1.000000
vt 0.583333 1.000000
vt 0.625000 1.000000
vt 0.875000 1.000000
vt 0.916667 1.000000
vt 0.699228 1.000000
vt 0.699228 1.000000
vt 0.699228 1.000000
vt 0.699228 1.000000
vt 0.666667 1.000000
vt 0.541667 1.000000
vt 0.958333 1.000000
vt 0.799271 1.000000
vt 0.833333 1.000000
vt 0.758724 1.000000
vt 0.958333 1.000000
vt 0.833333 1.000000
vt 0.875000 1.000000
vt 0.583333 1.000000
vt 0.625000 1.000000
vt 0.666667 1.000000
vt 0.708333 1.000000
vt 0.541666 1.000000
vt 0.916667 1.000000
vt 0.791667 1.000000
vt 0.799271 1.000000
vt 0.760420 1.000000
vt 0.757736 1.000000
vt 0.739570 1.000000
vt 0.738377 1.000000
vt 0.699228 1.000000
vt 0.958333 1.000000
vt 0.833333 1.000000
vt 0.875000 1.000000
vt 0.708333 1.000000
vt 0.750000 1.000000
vt 0.750000 1.000000
vt 0.583333 1.000000
vt 0.625000 1.000000
vt 0.666667 1.000000
vt 0.541667 1.000000
vt 0.916667 1.000000
vt 0.791667 1.000000
vt 0.958333 1.000000
vt 0.833333 1.000000
vt 0.875000 1.000000
vt 0.708333 1.000000
vt 0.750000 1.000000
vt 0.583333 1.000000
vt 0.625000 1.000000
vt 0.666667 1.000000
vt 0.541666 1.000000
vt 0.916667 1.000000
vt 0.791667 1.000000
vt 0.799271 1.000000
vt 0.699228 1.000000
vt 0.700129 1.000000
vt 0.750000 1.000000
vt 0.700569 1.000000
vt 0.750000 1.000000
vt 0.797931 1.000000
vt 0.699228 1.000000
vt 0.750000 1.000000
vt 0.750000 1.000000
vt 0.795893 1.000000
vt 0.796279 1.000000
vt 0.799271 1.000000
vt 0.799271 1.000000
vt 0.799271 1.000000
vt 0.799271 1.000000
vt 0.699228 1.000000
vt 0.699228 1.000000
vt 0.767126 1.000000
vt 0.765430 1.000000
vt 0.702225 1.000000
vt 0.702614 1.000000
vt 0.750000 1.000000
vt 0.797468 1.000000
vt 0.701032 1.000000
vt 0.799271 1.000000
vt 0.701250 1.000000
vt 0.750000 1.000000
vt 0.799271 1.000000
vt 0.769144 1.000000
vt 0.799271 1.000000
vt 0.732852 1.000000
vt 0.730829 1.000000
vt 0.699228 1.000000
vt 0.797250 1.000000
vt 0.799271 1.000000
vt 0.799271 1.000000
vt 0.699228 1.000000
vt 0.699228 1.000000
vt 0.699228 1.000000
vt 0.750000 1.000000
vt 0.796599 1.000000
vt 0.734548 1.000000
vt 0.701903 1.000000
vt 0.761614 1.000000
vt 0.742256 1.000000
vt 0.708333 1.000000
vt 0.666667 1.000000
vt 0.625000 1.000000
vt 0.541666 1.000000
vt 0.583333 1.000000
vt 0.750000 1.000000
vt 0.791667 1.000000
vt 0.916667 1.000000
vt 0.875000 1.000000
vt 0.833333 1.000000
vt 0.958333 1.000000
vt 0.666667 1.000000
vt 0.625000 1.000000
vt 0.958333 1.000000
vt 0.750000 1.000000
vt 0.708333 1.000000
vt 0.916667 1.000000
vt 0.875000 1.000000
vt 0.833333 1.000000
vt 0.541666 1.000000
vt 0.583333 1.000000
vt 0.791667 1.000000
vt 0.958333 1.000000
vt 0.916667 1.000000
vt 0.541666 1.000000
vt 0.583333 1.000000
vt 0.625000 1.000000
vt 0.833333 1.000000
vt 0.791667 1.000000
vt 0.750000 1.000000
vt 0.666667 1.000000
vt 0.708333 1.000000
vt 0.875000 1.000000
vt 0.666667 1.000000
vt 0.625000 1.000000
vt 0.958333 1.000000
vt 0.750000 1.000000
vt 0.708333 1.000000
vt 0.916667 1.000000
vt 0.875000 1.000000
vt 0.833333 1.000000
vt 0.541666 1.000000
vt 0.583333 1.000000
vt 0.791667 1.000000
vt 0.750000 1.000000
vn -0.1620 -0.9728 0.1656
vn -0.1136 -0.9728 0.2019
vn 0.0000 -1.0000 0.0000
vn -0.1494 0.9779 -0.1461
vn -0.1822 0.9779 -0.1025
vn 0.1466 0.9857 0.0825
vn 0.1203 0.9857 0.1176
vn -0.2231 -0.9728 0.0625
vn -0.1993 -0.9728 0.1181
vn -0.1799 0.9779 0.1065
vn -0.1462 0.9779 0.1494
vn 0.1176 0.9857 -0.1203
vn 0.1448 0.9857 -0.0858
vn -0.0112 0.0000 -0.9999
vn -0.2696 0.0000 -0.9630
vn -0.2645 0.1935 -0.9448
vn -0.0109 0.1935 -0.9810
vn -0.0624 -0.9728 -0.2231
vn -0.1181 -0.9728 -0.1993
vn -0.2025 0.9779 -0.0518
vn -0.2090 0.9779 0.0023
vn 0.1682 0.9857 -0.0019
vn 0.1630 0.9857 0.0417
vn -0.2013 0.9779 0.0564
vn 0.1620 0.9857 -0.0454
vn -0.2244 -0.9728 -0.0575
vn -0.2316 -0.9728 0.0026
vn -0.0026 -0.9728 -0.2316
vn -0.1656 -0.9728 -0.1620
vn -0.2019 -0.9728 -0.1136
vn -0.0575 -0.9728 0.2244
vn 0.0026 -0.9728 0.2316
vn -0.9662 -0.0394 0.2548
vn -0.8631 0.0144 0.5049
vn -0.8554 0.1422 0.4981
vn -0.8849 0.4093 0.2224
vn -0.0023 0.9779 -0.2090
vn -0.0564 0.9779 -0.2013
vn 0.0454 0.9857 0.1620
vn 0.0019 0.9857 0.1682
vn -0.1025 0.9779 0.1822
vn -0.0518 0.9779 0.2025
vn 0.0417 0.9857 -0.1630
vn 0.0825 0.9857 -0.1466
vn -0.1065 0.9779 -0.1798
vn 0.0858 0.9857 0.1448
vn -0.2480 0.0000 0.9688
vn 0.0112 0.0000 0.9999
vn 0.0110 0.1935 0.9810
vn -0.2433 0.1935 0.9504
vn -0.6992 0.0000 0.7150
vn -0.6860 0.1935 0.7014
vn -0.7150 0.0000 -0.6992
vn -0.8741 0.0144 -0.4855
vn -0.8663 0.1422 -0.4788
vn -0.7014 0.1935 -0.6860
vn 0.5611 0.5966 -0.5738
vn 0.3934 0.5967 -0.6994
vn 0.3346 0.7310 -0.5947
vn 0.4771 0.7310 -0.4879
vn -0.9717 -0.0393 -0.2331
vn -0.8896 0.4093 -0.2026
vn -0.5096 0.0000 -0.8604
vn -0.5000 0.1935 -0.8441
vn -0.4903 0.0000 0.8716
vn -0.4810 0.1935 0.8551
vn 0.6906 0.5964 -0.4091
vn 0.5871 0.7310 -0.3478
vn 0.7641 0.6128 0.2017
vn 0.7780 0.6282 -0.0080
vn 0.6502 0.7598 -0.0060
vn 0.6411 0.7404 0.2019
vn 0.4092 0.5961 0.6908
vn 0.5741 0.5959 0.5615
vn 0.4879 0.7310 0.4771
vn 0.3478 0.7310 0.5871
vn 0.7610 0.6111 -0.2179
vn 0.6388 0.7396 -0.2120
vn -0.2163 0.5968 -0.7727
vn -0.1840 0.7310 -0.6571
vn -0.0076 0.7310 -0.6823
vn -0.0090 0.5968 -0.8023
vn 0.7002 0.5955 0.3939
vn 0.5947 0.7310 0.3346
vn 0.0090 0.5963 0.8027
vn 0.2164 0.5963 0.7731
vn 0.1840 0.7310 0.6571
vn 0.0076 0.7310 0.6823
vn 0.1990 0.5968 -0.7773
vn 0.1692 0.7310 -0.6610
vn 0.4828 0.3202 0.8151
vn 0.6773 0.3202 0.6624
vn 0.6830 0.2954 0.6680
vn 0.4868 0.2957 0.8219
vn 0.6624 0.3202 -0.6773
vn 0.4645 0.3202 -0.8257
vn 0.4683 0.2964 -0.8324
vn 0.6678 0.2962 -0.6829
vn 0.9473 0.3202 -0.0106
vn 0.9123 0.3202 -0.2554
vn 0.9190 0.3052 -0.2494
vn 0.9496 0.3133 -0.0105
vn 0.8257 0.3202 0.4645
vn 0.8328 0.2950 0.4685
vn 0.0106 0.3202 0.9473
vn 0.2554 0.3202 0.9123
vn 0.2575 0.2959 0.9199
vn 0.0107 0.2959 0.9552
vn 0.2350 0.3202 -0.9177
vn -0.0106 0.3202 -0.9473
vn -0.0107 0.2965 -0.9550
vn 0.2369 0.2964 -0.9252
vn 0.8151 0.3202 -0.4828
vn 0.8218 0.2960 -0.4868
vn 0.9177 0.3202 0.2350
vn 0.9244 0.3060 0.2276
vn 0.1337 0.9815 -0.1367
vn 0.0938 0.9815 -0.1667
vn 0.0987 0.9796 -0.1750
vn 0.1401 0.9798 -0.1429
vn 0.1658 0.9850 0.0481
vn 0.1506 0.9883 0.0242
vn 0.1975 0.9800 0.0238
vn 0.1918 0.9802 0.0488
vn 0.1367 0.9815 0.1337
vn 0.1667 0.9815 0.0938
vn 0.1736 0.9800 0.0973
vn 0.1432 0.9798 0.1397
vn 0.1647 0.9850 -0.0518
vn 0.1646 0.9815 -0.0975
vn 0.1714 0.9800 -0.1012
vn 0.1907 0.9802 -0.0530
vn 0.0021 0.9815 0.1912
vn 0.0516 0.9815 0.1842
vn 0.0544 0.9795 0.1940
vn 0.0023 0.9795 0.2016
vn 0.0975 0.9815 0.1646
vn 0.1026 0.9796 0.1728
vn 0.1969 0.9800 -0.0282
vn -0.0009 0.9968 -0.0799
vn 0.0474 0.9815 -0.1853
vn 0.0501 0.9795 -0.1951
vn -0.1265 0.9687 -0.2136
vn -0.1775 0.9687 -0.1736
vn -0.1289 0.9836 -0.1260
vn -0.0919 0.9836 -0.1551
vn -0.1736 0.9687 0.1775
vn -0.1217 0.9687 0.2164
vn -0.0884 0.9836 0.1571
vn -0.1260 0.9836 0.1289
vn 0.2974 0.0306 -0.9543
vn 0.2943 0.0363 -0.9550
vn 0.2388 0.0439 -0.9701
vn 0.2497 0.0458 -0.9672
vn -0.2164 0.9687 -0.1217
vn -0.1571 0.9836 -0.0884
vn -0.0028 0.9687 -0.2483
vn -0.0669 0.9687 -0.2391
vn -0.0486 0.9836 -0.1736
vn -0.0020 0.9836 -0.1802
vn -0.0616 0.9687 0.2405
vn -0.0447 0.9836 0.1746
vn 0.0028 0.9687 0.2483
vn 0.0020 0.9836 0.1802
vn -0.2301 0.9682 0.0984
vn -0.2136 0.9687 0.1265
vn -0.1551 0.9836 0.0918
vn -0.1469 0.9873 0.0598
vn -0.2323 0.9682 -0.0932
vn -0.1479 0.9874 -0.0568
vn 0.0009 0.9968 0.0799
vn 0.1499 0.9883 -0.0275
vn -0.0000 1.0000 -0.0026
vn 0.0006 1.0000 -0.0025
vn -0.0021 0.9815 -0.1912
vn 0.0018 1.0000 -0.0019
vn 0.0022 1.0000 -0.0013
vn 0.0018 1.0000 0.0018
vn 0.0013 1.0000 0.0022
vn -0.0411 0.9992 -0.0003
vn 0.0023 1.0000 0.0013
vn 0.0007 1.0000 0.0025
vn 0.0013 1.0000 -0.0023
vn -0.0342 0.9994 -0.0002
vn 0.4799 -0.8728 -0.0888
vn 0.4111 -0.9084 -0.0760
vn 0.4073 -0.9102 -0.0753
vn 0.4126 -0.9083 0.0696
vn 0.4088 -0.9100 0.0689
vn 0.2890 -0.9561 0.0488
vn 0.2912 -0.9554 0.0492
vn 0.0000 1.0000 0.0026
vn -0.0023 0.9795 -0.2016
vn 0.0103 0.3855 0.9227
vn -0.2289 0.3855 0.8939
vn -0.0942 0.9250 0.3680
vn 0.0042 0.9250 0.3799
vn 0.0023 0.9779 0.2090
vn -0.6451 0.3855 0.6597
vn -0.8282 0.2867 0.4816
vn -0.3269 0.9250 0.1936
vn -0.2656 0.9250 0.2716
vn -0.7832 0.6217 0.0087
vn -0.6122 0.7906 0.0068
vn -0.7364 0.6292 -0.2488
vn -0.6597 0.3855 -0.6451
vn -0.4702 0.3855 -0.7939
vn -0.1936 0.9250 -0.3268
vn -0.2716 0.9250 -0.2656
vn -0.8387 0.2867 -0.4630
vn -0.3311 0.9250 -0.1863
vn -0.2488 0.3855 -0.8885
vn -0.1024 0.9250 -0.3658
vn -0.4524 0.3855 0.8042
vn -0.1863 0.9250 0.3311
vn -0.7306 0.6292 0.2652
vn -0.0103 0.3855 -0.9227
vn -0.0042 0.9250 -0.3799
vn -0.0019 0.9857 -0.1682
vn -0.0040 0.9330 -0.3599
vn 0.0893 0.9330 -0.3487
vn 0.2167 0.4863 -0.8465
vn -0.0098 0.4863 -0.8738
vn 0.2517 0.9330 -0.2574
vn 0.3097 0.9330 -0.1835
vn 0.7518 0.4863 -0.4453
vn 0.6109 0.4863 -0.6247
vn 0.3600 0.9330 -0.0040
vn 0.3487 0.9330 0.0893
vn 0.8465 0.4863 0.2167
vn 0.8738 0.4863 -0.0098
vn 0.2574 0.9330 0.2517
vn 0.1835 0.9330 0.3097
vn 0.4453 0.4863 0.7518
vn 0.6247 0.4863 0.6109
vn 0.3137 0.9330 0.1765
vn 0.7616 0.4863 0.4284
vn 0.0970 0.9330 0.3467
vn 0.2356 0.4863 0.8415
vn 0.1765 0.9330 -0.3137
vn 0.4284 0.4863 -0.7616
vn 0.3466 0.9330 -0.0970
vn 0.8415 0.4862 -0.2356
vn 0.0040 0.9330 0.3599
vn 0.0098 0.4863 0.8738
vn 0.3058 0.0422 0.9511
vn 0.3015 0.0460 0.9523
vn 0.3000 0.0474 0.9528
vn 0.3059 0.0147 -0.9520
vn -0.9569 0.2899 0.0165
vn -0.9575 0.2883 -0.0023
vn -0.9493 0.2709 -0.1594
vn -0.3904 0.9183 -0.0656
vn -0.3909 0.9204 0.0030
vn -0.3854 0.9228 0.0031
vn -0.3849 0.9207 -0.0648
vn -0.3895 0.9182 0.0718
vn -0.3839 0.9207 0.0709
vn 0.1851 0.0299 -0.9823
vn 0.1882 0.0314 -0.9816
vn 0.1178 0.0080 -0.9930
vn 0.1151 0.0076 -0.9933
vn 0.0614 0.0029 -0.9981
vn 0.0639 0.0030 -0.9980
vn -0.1499 0.9887 0.0013
vn -0.1466 0.9889 0.0238
vn -0.0613 0.9981 0.0089
vn -0.0606 0.9982 0.0005
vn -0.1475 0.9888 -0.0214
vn -0.0617 0.9981 -0.0078
vn 0.2312 -0.9720 -0.0409
vn 0.2328 -0.9716 -0.0414
vn 0.1533 -0.9879 -0.0247
vn 0.1504 -0.9883 -0.0242
vn 0.1572 0.0182 -0.9874
vn 0.1548 0.0172 -0.9878
vn -0.3492 0.9348 0.0646
vn -0.3521 0.9360 0.0027
vn -0.3505 0.9347 -0.0592
vn 0.2600 0.0449 0.9646
vn 0.2492 0.0430 0.9675
vn -0.2862 0.9582 0.0022
vn -0.2840 0.9576 -0.0482
vn 0.0639 -0.9979 -0.0091
vn 0.0648 -0.9979 -0.0092
vn 0.1265 0.0077 0.9919
vn 0.1293 0.0081 0.9916
vn 0.0786 0.0034 0.9969
vn 0.0763 0.0033 0.9971
vn 0.1539 -0.9878 0.0221
vn 0.1514 -0.9882 0.0217
vn 0.0652 -0.9978 0.0081
vn 0.0642 -0.9979 0.0080
vn -0.2830 0.9577 0.0526
vn 0.1990 0.0307 0.9795
vn 0.1959 0.0294 0.9802
vn -0.0112 0.0017 -0.9999
vn 0.1659 0.0170 0.9860
vn 0.1682 0.0179 0.9856
vn -0.2300 0.9732 0.0019
vn -0.2279 0.9728 0.0406
vn 0.2337 -0.9716 0.0376
vn 0.2322 -0.9720 0.0372
vn -0.0001 -1.0000 -0.0050
vn 0.0001 -1.0000 0.0052
vn -0.0000 1.0000 -0.0001
vn -0.0001 1.0000 -0.0050
vn 0.0001 1.0000 0.0048
vn 0.0112 0.0021 0.9999
vn -0.2288 0.9728 -0.0369
vn 0.9420 0.2992 0.1519
vn 0.2879 -0.9562 -0.0533
vn 0.2903 -0.9554 -0.0538
vn 0.4814 -0.8727 0.0812
vn 0.0355 0.9993 -0.0149
vn 0.0362 0.9992 0.0142
vn -0.0685 0.1067 -0.9919
vn -0.0106 0.0214 -0.9997
vn -0.0526 0.0833 -0.9951
vn -0.0100 0.0158 -0.9998
vn -0.0096 0.0143 -0.9999
vn -0.0089 0.0115 -0.9999
vn -0.0112 0.0115 -0.9999
vn -0.0092 0.0119 -0.9999
vn -0.0113 0.0135 -0.9998
vn 0.0112 0.0012 0.9999
vn 0.0110 0.0025 0.9999
vn 0.0100 0.0079 0.9999
vn 0.0068 0.0077 0.9999
vn 0.0062 0.0081 0.9999
vn 0.0095 0.0107 0.9999
vn 0.0101 0.0169 0.9998
vn -0.0302 0.0773 0.9966
vn -0.0455 0.1002 0.9939
vn -0.4243 -0.8735 -0.2387
vn -0.4716 -0.8735 -0.1207
vn -0.3480 -0.8735 -0.3403
vn -0.0054 -0.8735 -0.4868
vn -0.1312 -0.8735 -0.4688
vn -0.2481 -0.8735 -0.4188
vn -0.4868 -0.8735 0.0054
vn -0.4688 -0.8735 0.1312
vn -0.3404 -0.8735 0.3480
vn -0.2387 -0.8735 0.4243
vn -0.4188 -0.8735 0.2481
vn -0.1207 -0.8735 0.4716
vn 0.0054 -0.8735 0.4868
vn -0.8716 0.0000 -0.4903
vn -0.9999 0.0000 0.0112
vn -0.9688 0.0000 -0.2480
vn -0.8604 0.0000 0.5096
vn -0.9630 0.0000 0.2696
vn -0.0698 -0.9595 0.2728
vn -0.1381 -0.9595 0.2454
vn -0.0754 -0.9881 0.1340
vn -0.0381 -0.9881 0.1490
vn -0.0759 -0.9595 -0.2711
vn -0.0031 -0.9595 -0.2816
vn -0.0017 -0.9881 -0.1538
vn -0.0415 -0.9881 -0.1481
vn -0.1435 -0.9595 -0.2423
vn -0.0784 -0.9881 -0.1323
vn -0.2013 -0.9595 -0.1969
vn -0.1100 -0.9881 -0.1075
vn -0.2423 -0.9595 0.1435
vn -0.2711 -0.9595 0.0759
vn -0.1481 -0.9881 0.0415
vn -0.1323 -0.9881 0.0784
vn -0.2816 -0.9595 0.0031
vn -0.1538 -0.9881 0.0017
vn -0.2454 -0.9595 -0.1381
vn -0.1340 -0.9881 -0.0754
vn 0.0031 -0.9595 0.2816
vn 0.0017 -0.9881 0.1538
vn -0.2728 -0.9595 -0.0698
vn -0.1490 -0.9881 -0.0381
vn -0.1969 -0.9595 0.2013
vn -0.1075 -0.9881 0.1100
vn -0.0558 -0.9969 -0.0546
vn -0.0680 -0.9969 -0.0383
vn -0.0194 -0.9969 0.0756
vn 0.0009 -0.9969 0.0781
vn -0.0756 -0.9969 -0.0194
vn -0.0781 -0.9969 0.0009
vn -0.0546 -0.9969 0.0558
vn -0.0383 -0.9969 0.0680
vn -0.0672 -0.9969 0.0398
vn -0.0009 -0.9969 -0.0781
vn -0.0210 -0.9969 -0.0752
vn -0.0398 -0.9969 -0.0672
vn -0.0752 -0.9969 0.0210
vn -0.8730 0.0289 -0.4868
vn -0.9515 0.0222 -0.3069
vn -0.8619 0.0289 0.5062
vn -0.9955 -0.0941 0.0111
vn -0.9444 0.0222 0.3281
vn -0.9586 -0.0000 0.2847
vn -0.1795 0.0000 0.9837
vn -0.2653 0.0000 0.9642
vn 0.0000 1.0000 0.0000
vn -0.2015 0.0000 -0.9795
vn -0.2867 0.0000 -0.9580
vn -0.9647 -0.0000 -0.2632
vn -0.8215 -0.0000 0.5702
vn -0.5221 -0.0000 0.8529
vn -0.5410 -0.0000 -0.8410
vn -0.8340 -0.0000 -0.5517
vn 0.1656 -0.9728 0.1620
vn 0.1181 -0.9728 0.1993
vn 0.1461 0.9779 -0.1494
vn -0.1176 0.9857 0.1203
vn -0.1448 0.9857 0.0858
vn 0.1799 0.9779 -0.1065
vn 0.2244 -0.9728 0.0575
vn 0.2019 -0.9728 0.1136
vn 0.1822 0.9779 0.1025
vn -0.1466 0.9857 -0.0825
vn -0.1203 0.9857 -0.1176
vn 0.1494 0.9779 0.1461
vn 0.2433 0.1935 -0.9504
vn 0.2480 0.0000 -0.9688
vn 0.0575 -0.9728 -0.2244
vn 0.1136 -0.9728 -0.2019
vn 0.2013 0.9779 -0.0564
vn -0.1620 0.9857 0.0454
vn -0.1682 0.9857 0.0019
vn 0.2090 0.9779 -0.0023
vn 0.2025 0.9779 0.0518
vn -0.1630 0.9857 -0.0417
vn 0.2231 -0.9728 -0.0624
vn 0.2316 -0.9728 -0.0026
vn 0.1620 -0.9728 -0.1656
vn 0.1993 -0.9728 -0.1181
vn 0.0624 -0.9728 0.2231
vn 0.9720 -0.0605 0.2269
vn 0.9707 0.0000 0.2404
vn 0.8360 0.2564 0.4851
vn 0.8669 -0.0225 0.4980
vn -0.0417 0.9857 0.1630
vn 0.0518 0.9779 -0.2025
vn 0.1065 0.9779 0.1799
vn -0.0857 0.9857 -0.1448
vn -0.0454 0.9857 -0.1620
vn 0.0564 0.9779 0.2013
vn -0.0825 0.9857 0.1466
vn 0.1025 0.9779 -0.1822
vn 0.2696 0.0000 0.9630
vn 0.2645 0.1935 0.9448
vn 0.7014 0.1935 0.6860
vn 0.7150 0.0000 0.6992
vn 0.6992 0.0000 -0.7150
vn 0.6860 0.1935 -0.7014
vn 0.8250 0.2564 -0.5037
vn 0.8555 -0.0225 -0.5172
vn -0.4089 0.5967 -0.6904
vn -0.3478 0.7310 -0.5871
vn 0.9651 0.0000 -0.2620
vn 0.9667 -0.0605 -0.2486
vn 0.4810 0.1935 -0.8551
vn 0.4903 0.0000 -0.8716
vn 0.5000 0.1935 0.8441
vn 0.5096 0.0000 0.8604
vn -0.6996 0.5964 -0.3936
vn -0.5947 0.7310 -0.3346
vn -0.4879 0.7310 -0.4771
vn -0.5738 0.5966 -0.5611
vn -0.7594 0.6128 0.2187
vn -0.6365 0.7404 0.2161
vn -0.6501 0.7598 0.0085
vn -0.7780 0.6282 0.0093
vn -0.3936 0.5961 0.6998
vn -0.3346 0.7310 0.5947
vn -0.4771 0.7310 0.4879
vn -0.5615 0.5959 0.5742
vn -0.6433 0.7396 -0.1976
vn -0.7656 0.6111 -0.2008
vn -0.5871 0.7310 0.3478
vn -0.6912 0.5955 0.4095
vn -0.1692 0.7310 0.6610
vn -0.1991 0.5963 0.7777
vn -0.2554 0.3202 -0.9123
vn -0.2575 0.2964 -0.9197
vn -0.4645 0.3202 0.8257
vn -0.4684 0.2957 0.8326
vn -0.6679 0.2954 0.6831
vn -0.6624 0.3202 0.6773
vn -0.6773 0.3202 -0.6624
vn -0.6829 0.2962 -0.6678
vn -0.4867 0.2964 -0.8217
vn -0.4828 0.3202 -0.8151
vn -0.9473 0.3202 0.0106
vn -0.9496 0.3133 0.0107
vn -0.9244 0.3052 -0.2289
vn -0.9177 0.3202 -0.2350
vn -0.8221 0.2950 0.4870
vn -0.8151 0.3202 0.4828
vn -0.2369 0.2959 0.9254
vn -0.2350 0.3202 0.9177
vn -0.8325 0.2960 -0.4684
vn -0.8257 0.3202 -0.4645
vn -0.9191 0.3060 0.2481
vn -0.9123 0.3202 0.2554
vn -0.1367 0.9815 -0.1337
vn -0.1432 0.9798 -0.1397
vn -0.1026 0.9796 -0.1728
vn -0.0975 0.9815 -0.1646
vn -0.1647 0.9850 0.0518
vn -0.1907 0.9802 0.0530
vn -0.1969 0.9800 0.0282
vn -0.1500 0.9883 0.0275
vn -0.1337 0.9815 0.1367
vn -0.1401 0.9798 0.1429
vn -0.1714 0.9800 0.1012
vn -0.1646 0.9815 0.0975
vn -0.1658 0.9850 -0.0481
vn -0.1918 0.9802 -0.0488
vn -0.1736 0.9800 -0.0973
vn -0.1667 0.9815 -0.0938
vn -0.0501 0.9795 0.1951
vn -0.0474 0.9815 0.1853
vn -0.0987 0.9796 0.1750
vn -0.0938 0.9815 0.1667
vn -0.1975 0.9800 -0.0238
vn -0.0544 0.9795 -0.1940
vn -0.0516 0.9815 -0.1842
vn 0.1217 0.9687 -0.2164
vn 0.0884 0.9836 -0.1571
vn 0.1260 0.9836 -0.1289
vn 0.1736 0.9687 -0.1775
vn 0.1775 0.9687 0.1736
vn 0.1289 0.9836 0.1260
vn 0.0919 0.9836 0.1551
vn 0.1265 0.9687 0.2136
vn -0.3186 0.0306 -0.9474
vn -0.2713 0.0458 -0.9614
vn -0.2604 0.0439 -0.9645
vn -0.3155 0.0363 -0.9482
vn 0.1551 0.9836 -0.0919
vn 0.2136 0.9687 -0.1265
vn 0.0447 0.9836 -0.1746
vn 0.0616 0.9687 -0.2405
vn 0.0486 0.9836 0.1736
vn 0.0669 0.9687 0.2391
vn 0.2323 0.9682 0.0932
vn 0.1482 0.9873 0.0565
vn 0.1571 0.9836 0.0884
vn 0.2164 0.9687 0.1217
vn 0.1466 0.9874 -0.0601
vn 0.2301 0.9682 -0.0984
vn -0.1505 0.9883 -0.0242
vn -0.0007 1.0000 -0.0025
vn -0.0023 1.0000 -0.0013
vn -0.0019 1.0000 -0.0018
vn -0.0013 1.0000 0.0023
vn -0.0018 1.0000 0.0018
vn -0.0022 1.0000 0.0013
vn 0.0410 0.9992 -0.0012
vn -0.0006 1.0000 0.0025
vn -0.0013 1.0000 -0.0022
vn 0.0342 0.9994 -0.0010
vn -0.4817 -0.8728 -0.0780
vn -0.4088 -0.9102 -0.0662
vn -0.4127 -0.9084 -0.0668
vn -0.4109 -0.9083 0.0788
vn -0.2901 -0.9554 0.0557
vn -0.2878 -0.9561 0.0553
vn -0.4072 -0.9100 0.0780
vn 0.2487 0.3855 0.8885
vn 0.1024 0.9250 0.3658
vn 0.5793 0.7433 0.3345
vn 0.6597 0.3855 0.6451
vn 0.2716 0.9250 0.2656
vn 0.7169 0.6813 -0.1482
vn 0.5745 0.7963 -0.1893
vn 0.5662 0.8242 -0.0063
vn 0.7116 0.7025 -0.0079
vn 0.4524 0.3855 -0.8042
vn 0.6451 0.3855 -0.6597
vn 0.1863 0.9250 -0.3311
vn 0.2656 0.9250 -0.2716
vn 0.5717 0.7433 -0.3474
vn 0.2289 0.3855 -0.8939
vn 0.0942 0.9250 -0.3680
vn 0.4702 0.3855 0.7939
vn 0.1936 0.9250 0.3269
vn 0.7200 0.6813 0.1322
vn 0.5786 0.7963 0.1764
vn -0.0970 0.9330 -0.3466
vn -0.2356 0.4863 -0.8415
vn -0.3137 0.9330 -0.1765
vn -0.2574 0.9330 -0.2517
vn -0.7616 0.4863 -0.4284
vn -0.6247 0.4863 -0.6109
vn -0.3466 0.9330 0.0970
vn -0.3599 0.9330 0.0040
vn -0.8415 0.4863 0.2356
vn -0.8738 0.4863 0.0098
vn -0.1765 0.9330 0.3137
vn -0.2517 0.9330 0.2574
vn -0.4284 0.4863 0.7616
vn -0.6109 0.4863 0.6247
vn -0.3097 0.9330 0.1835
vn -0.7518 0.4863 0.4453
vn -0.0893 0.9330 0.3487
vn -0.2167 0.4863 0.8465
vn -0.1835 0.9330 -0.3097
vn -0.4453 0.4863 -0.7518
vn -0.3487 0.9330 -0.0893
vn -0.8465 0.4863 -0.2167
vn -0.2845 0.0422 0.9577
vn -0.2786 0.0474 0.9592
vn -0.2802 0.0460 0.9588
vn -0.3270 0.0147 -0.9449
vn 0.9455 0.2708 -0.1806
vn 0.9573 0.2883 -0.0236
vn 0.9571 0.2899 -0.0049
vn 0.3888 0.9183 -0.0743
vn 0.3834 0.9207 -0.0734
vn 0.3854 0.9228 -0.0055
vn 0.3908 0.9204 -0.0057
vn 0.3854 0.9207 0.0623
vn 0.3910 0.9182 0.0631
vn -0.2101 0.0314 -0.9772
vn -0.2069 0.0300 -0.9779
vn 0.1499 0.9887 -0.0021
vn 0.0606 0.9982 -0.0008
vn 0.0615 0.9981 0.0075
vn 0.1471 0.9889 0.0206
vn -0.1439 0.0170 0.9895
vn -0.1044 0.0077 0.9945
vn -0.1071 0.0081 0.9942
vn -0.1462 0.0179 0.9891
vn -0.0861 0.0030 -0.9963
vn -0.0836 0.0029 -0.9965
vn -0.2321 -0.9720 -0.0358
vn -0.1509 -0.9883 -0.0209
vn -0.1538 -0.9879 -0.0213
vn -0.2337 -0.9716 -0.0362
vn 0.1470 0.9888 -0.0247
vn 0.0615 0.9981 -0.0092
vn 0.3521 0.9360 -0.0051
vn 0.3506 0.9348 0.0568
vn 0.3491 0.9347 -0.0670
vn -0.2276 0.0430 0.9728
vn -0.2384 0.0449 0.9701
vn 0.2829 0.9576 -0.0545
vn 0.2862 0.9582 -0.0041
vn -0.0650 -0.9979 -0.0078
vn -0.0641 -0.9979 -0.0077
vn -0.0540 0.0033 0.9985
vn -0.0563 0.0034 0.9984
vn -0.1533 -0.9878 0.0256
vn -0.0640 -0.9979 0.0094
vn -0.0650 -0.9978 0.0096
vn -0.1508 -0.9882 0.0251
vn 0.2841 0.9577 0.0463
vn -0.1740 0.0294 0.9843
vn -0.1771 0.0307 0.9837
vn -0.1792 0.0182 -0.9837
vn -0.1399 0.0080 -0.9901
vn -0.1372 0.0076 -0.9905
vn -0.1769 0.0172 -0.9841
vn 0.2300 0.9732 -0.0033
vn 0.2287 0.9728 0.0355
vn -0.2328 -0.9716 0.0428
vn -0.2313 -0.9720 0.0424
vn 0.2279 0.9728 -0.0420
vn -0.2914 -0.9554 -0.0473
vn -0.2890 -0.9562 -0.0469
vn -0.4795 -0.8727 0.0920
vn -0.0358 0.9993 -0.0141
vn -0.0359 0.9992 0.0150
vn 0.0463 0.1067 -0.9932
vn 0.0303 0.0833 -0.9961
vn -0.0117 0.0214 -0.9997
vn -0.0127 0.0143 -0.9998
vn -0.0123 0.0158 -0.9998
vn -0.0134 0.0115 -0.9998
vn -0.0131 0.0119 -0.9998
vn -0.0110 0.0135 -0.9998
vn 0.0123 0.0079 0.9999
vn 0.0113 0.0025 0.9999
vn 0.0156 0.0077 0.9998
vn 0.0161 0.0081 0.9998
vn 0.0129 0.0107 0.9999
vn 0.0524 0.0773 0.9956
vn 0.0122 0.0169 0.9998
vn 0.0677 0.1002 0.9927
vn 0.4688 -0.8735 -0.1312
vn 0.4188 -0.8735 -0.2481
vn 0.3404 -0.8735 -0.3480
vn 0.1207 -0.8735 -0.4716
vn 0.2387 -0.8735 -0.4243
vn 0.4868 -0.8735 -0.0054
vn 0.4716 -0.8735 0.1207
vn 0.2481 -0.8735 0.4188
vn 0.3480 -0.8735 0.3404
vn 0.4243 -0.8735 0.2387
vn 0.1312 -0.8735 0.4688
vn 0.8604 0.0000 -0.5096
vn 0.9999 -0.0000 -0.0112
vn 0.9630 -0.0000 -0.2696
vn 0.8716 -0.0000 0.4903
vn 0.9688 -0.0000 0.2480
vn 0.0759 -0.9595 0.2711
vn 0.0415 -0.9881 0.1481
vn 0.0784 -0.9881 0.1323
vn 0.1435 -0.9595 0.2423
vn 0.0698 -0.9595 -0.2728
vn 0.0381 -0.9881 -0.1490
vn 0.1381 -0.9595 -0.2454
vn 0.0754 -0.9881 -0.1340
vn 0.1969 -0.9595 -0.2013
vn 0.1075 -0.9881 -0.1100
vn 0.2454 -0.9595 0.1381
vn 0.1340 -0.9881 0.0754
vn 0.1490 -0.9881 0.0381
vn 0.2728 -0.9595 0.0698
vn 0.1538 -0.9881 -0.0017
vn 0.2816 -0.9595 -0.0031
vn 0.2423 -0.9595 -0.1435
vn 0.1323 -0.9881 -0.0784
vn 0.1481 -0.9881 -0.0415
vn 0.2711 -0.9595 -0.0759
vn 0.1100 -0.9881 0.1075
vn 0.2013 -0.9595 0.1969
vn 0.0672 -0.9969 -0.0398
vn 0.0546 -0.9969 -0.0558
vn 0.0210 -0.9969 0.0752
vn 0.0781 -0.9969 -0.0009
vn 0.0752 -0.9969 -0.0210
vn 0.0398 -0.9969 0.0672
vn 0.0558 -0.9969 0.0546
vn 0.0680 -0.9969 0.0383
vn 0.0194 -0.9969 -0.0756
vn 0.0383 -0.9969 -0.0680
vn 0.0756 -0.9969 0.0194
vn 0.8563 -0.0450 -0.5145
vn 0.9492 -0.1108 -0.2945
vn 0.8676 -0.0450 0.4953
vn 0.9898 -0.1418 -0.0110
vn 0.9974 -0.0710 -0.0111
vn 0.9556 -0.1108 0.2732
vn -0.0577 0.6871 0.7242
vn -0.0554 0.6802 0.7309
vn -0.0571 0.6852 0.7261
vn -0.0488 0.6693 -0.7414
vn -0.0356 0.6518 -0.7576
vn -0.0541 0.6762 -0.7347
vn -0.0752 0.6914 -0.7186
vn -0.0773 0.6910 -0.7187
vn -0.0672 0.6905 0.7202
vn -0.0692 0.6901 0.7204
vn -0.0013 0.7017 -0.7125
vn -0.0079 0.7025 -0.7116
vn -0.0005 0.7016 -0.7126
vn 0.0103 0.7014 0.7127
vn 0.0079 0.7023 0.7118
vn 0.0098 0.7015 0.7126
vn -0.0231 0.6972 -0.7165
vn -0.0263 0.6968 -0.7168
vn -0.0143 0.6969 0.7170
vn -0.0173 0.6965 0.7173
vn -0.0453 0.6924 0.7201
vn -0.0595 0.6909 0.7205
vn -0.0625 0.6905 0.7206
vn -0.0678 0.6915 -0.7192
vn -0.0539 0.6928 -0.7191
vn -0.0539 0.6929 -0.7190
vn -0.0708 0.6912 -0.7192
vn 0.0732 0.6852 0.7247
vn 0.0717 0.6802 0.7295
vn 0.0739 0.6871 0.7228
vn 0.0377 0.6762 -0.7357
vn 0.0187 0.6518 -0.7582
vn 0.0322 0.6693 -0.7423
vn 0.0613 0.6910 -0.7203
vn 0.0591 0.6914 -0.7200
vn 0.0853 0.6901 0.7187
vn 0.0832 0.6905 0.7185
vn -0.0154 0.7016 -0.7124
vn -0.0147 0.7017 -0.7123
vn 0.0061 0.7015 0.7126
vn 0.0057 0.7014 0.7127
vn 0.0103 0.6968 -0.7172
vn 0.0071 0.6972 -0.7168
vn 0.0333 0.6965 0.7168
vn 0.0303 0.6970 0.7165
vn 0.0614 0.6924 0.7189
vn 0.0786 0.6905 0.7191
vn 0.0756 0.6909 0.7190
vn 0.0548 0.6912 -0.7206
vn 0.0378 0.6929 -0.7201
vn 0.0379 0.6928 -0.7201
vn 0.0517 0.6915 -0.7205
vn -0.9384 0.2992 0.1729
s 1
f 882/970/963 883/971/964 884/972/965 885/973/965
f 886/974/966 887/975/967 888/976/968 889/977/969
f 890/978/970 891/979/971 892/980/965 893/981/965
f 894/982/972 895/983/973 896/984/974 897/985/975
f 898/986/976 899/987/977 900/988/978 901/989/979
f 902/990/980 903/991/981 904/992/965 905/993/965
f 906/994/982 907/995/983 908/996/984 909/997/985
f 910/998/986 894/982/972 897/985/975 911/999/987
f 887/975/967 906/994/982 909/997/985 888/976/968
f 912/1000/988 913/1001/989 914/1002/965 915/1003/965
f 916/1004/990 902/990/980 905/993/965 917/1005/965
f 918/1006/991 919/1007/992 920/1008/965 921/1009/965
f 891/979/971 882/970/963 885/973/965 892/980/965
f 922/1010/993 923/1011/994 924/1012/965 925/1013/965
f 926/1014/995 927/1015/996 928/1016/997 929/1017/998
f 919/1007/992 912/1000/988 915/1003/965 920/1008/965
f 930/1018/999 931/1019/1000 932/1020/1001 933/1021/1002
f 934/1022/1003 935/1023/1004 936/1024/1005 937/1025/1006
f 913/1001/989 890/978/970 893/981/965 914/1002/965
f 903/991/981 918/1006/991 921/1009/965 904/992/965
f 895/983/973 934/1022/1003 937/1025/1006 896/984/974
f 883/971/964 922/1010/993 925/1013/965 884/972/965
f 931/1019/1000 938/1026/1007 939/1027/1008 932/1020/1001
f 907/995/983 910/998/986 911/999/987 908/996/984
f 940/1028/1009 941/1029/1010 942/1030/1011 943/1031/1012
f 927/1015/996 944/1032/1013 945/1033/1014 928/1016/997
f 946/1034/1015 947/1035/1016 948/1036/1017 949/1037/1018
f 950/1038/1019 951/1039/1020 952/1040/1021 953/1041/1022
f 947/1035/1016 954/1042/1023 955/1043/1024 948/1036/1017
f 899/987/977 956/1044/1025 957/1045/1026 900/988/978
f 944/1032/1013 958/1046/1027 959/1047/1028 945/1033/1014
f 958/1046/1027 940/1028/1009 943/1031/1012 959/1047/1028
f 938/1026/1007 886/974/966 889/977/969 939/1027/1008
f 956/1044/1025 946/1034/1015 949/1037/1018 957/1045/1026
f 960/1048/1029 950/1038/1019 953/1041/1022 961/1049/1030
f 962/1050/1031 963/1051/1032 964/1052/1033 965/1053/1034
f 966/1054/1035 967/1055/1036 968/1056/1037 969/1057/1038
f 963/1051/1032 970/1058/1039 971/1059/1040 964/1052/1033
f 972/1060/1041 973/1061/1042 974/1062/1043 975/1063/1044
f 967/1055/1036 976/1064/1045 977/1065/1046 968/1056/1037
f 978/1066/1047 979/1067/1048 980/1068/1049 981/1069/1050
f 970/1058/1039 960/1048/1029 961/1049/1030 971/1059/1040
f 976/1064/1045 962/1050/1031 965/1053/1034 977/1065/1046
f 979/1067/1048 966/1054/1035 969/1057/1038 980/1068/1049
f 951/1039/1020 982/1070/1051 983/1071/1052 952/1040/1021
f 984/1072/1053 985/1073/1054 986/1074/1055 987/1075/1056
f 988/1076/1057 989/1077/1058 990/1078/1059 991/1079/1060
f 992/1080/1061 993/1081/1062 994/1082/1063 995/1083/1064
f 985/1073/1054 996/1084/1065 997/1085/1066 986/1074/1055
f 998/1086/1067 999/1087/1068 1000/1088/1069 1001/1089/1070
f 1002/1090/1071 1003/1091/1072 1004/1092/1073 1005/1093/1074
f 989/1077/1058 1002/1090/1071 1005/1093/1074 990/1078/1059
f 993/1081/1062 1006/1094/1075 1007/1095/1076 994/1082/1063
f 996/1084/1065 1008/1096/1077 1009/1097/1078 997/1085/1066
f 1006/1094/1075 988/1076/1057 991/1079/1060 1007/1095/1076
f 999/1087/1068 984/1072/1053 987/1075/1056 1000/1088/1069
f 1008/1096/1077 992/1080/1061 995/1083/1064 1009/1097/1078
f 1010/1098/1079 1011/1099/1080 1012/1100/1081 1013/1101/1082
f 1014/1102/1083 1015/1103/1084 1016/1104/1085 1017/1105/1086
f 1018/1106/1087 1019/1107/1088 1020/1108/1089 1021/1109/1090
f 1022/1110/1091 1023/1111/1092 1024/1112/1093 1025/1113/1094
f 1026/1114/1095 1027/1115/1096 1028/1116/1097 1029/1117/1098
f 1019/1107/1088 1014/1102/1083 1017/1105/1086 1020/1108/1089
f 1027/1115/1096 1030/1118/1099 1031/1119/1100 1028/1116/1097
f 1023/1111/1092 1010/1098/1079 1013/1101/1082 1024/1112/1093
f 1032/1120/1101 1025/1113/1094 1033/1121/1102
f 1030/1118/1099 1018/1106/1087 1021/1109/1090 1031/1119/1100
f 1011/1099/1080 1034/1122/1103 1035/1123/1104 1012/1100/1081
f 969/1057/1105 968/1056/1106 1036/1124/1107 1037/1125/1108
f 953/1041/1109 952/1040/1110 1038/1126/1111 1039/1127/1112
f 1040/1128/1113 1041/1129/1114 1042/1130/1115 1043/1131/1116
f 968/1056/1106 977/1065/1117 1044/1132/1118 1036/1124/1107
f 981/1069/1119 980/1068/1120 1045/1133/1121 1046/1134/1122
f 952/1040/1110 983/1071/1123 1047/1135/1124 1038/1126/1111
f 983/1071/1123 974/1062/1125 1048/1136/1126 1047/1135/1124
f 971/1059/1127 961/1049/1128 1049/1137/1129 1050/1138/1130
f 977/1065/1117 965/1053/1131 1040/1128/1132 1044/1132/1118
f 961/1049/1128 953/1041/1109 1039/1127/1112 1049/1137/1129
f 980/1068/1120 969/1057/1105 1037/1125/1108 1045/1133/1121
f 1024/1112/1093 1013/1101/1082 1033/1139/1102
f 1020/1108/1089 1017/1105/1086 1051/1140/1133
f 1013/1101/1082 1012/1100/1081 1033/1141/1102
f 1025/1113/1094 1024/1112/1093 1033/1142/1102
f 1021/1109/1090 1020/1108/1089 1051/1143/1133
f 1052/1144/1134 1022/1110/1091 1025/1113/1094 1032/1120/1101
f 1028/1116/1097 1031/1119/1100 1051/1145/1133
f 1031/1119/1100 1021/1109/1090 1051/1146/1133
f 1012/1100/1081 1035/1123/1104 1033/1147/1102
f 1029/1117/1098 1028/1116/1097 1051/1148/1133
f 1047/1135/1124 1048/1136/1126 1053/1149/1135 1054/1150/1136
f 1054/1150/1136 1053/1149/1135 1055/1151/1137 1034/1122/1103
f 1049/1137/1129 1039/1127/1112 1056/1152/1138 1057/1153/1139
f 1057/1153/1139 1056/1152/1138 1010/1098/1079 1023/1111/1092
f 1037/1125/1108 1036/1124/1107 1058/1154/1140 1059/1155/1141
f 1059/1155/1141 1058/1154/1140 1018/1106/1087 1030/1118/1099
f 1044/1132/1118 1040/1128/1132 1060/1156/1142 1061/1157/1143
f 1061/1157/1143 1060/1156/1142 1014/1102/1083 1019/1107/1088
f 1045/1133/1121 1037/1125/1108 1059/1155/1141 1062/1158/1144
f 1062/1158/1144 1059/1155/1141 1030/1118/1099 1027/1115/1096
f 1038/1126/1111 1047/1135/1124 1054/1150/1136 1063/1159/1145
f 1063/1159/1145 1054/1150/1136 1034/1122/1103 1011/1099/1080
f 1050/1138/1130 1049/1137/1129 1057/1153/1139 1064/1160/1146
f 1064/1160/1146 1057/1153/1139 1023/1111/1092 1022/1110/1091
f 1039/1127/1112 1038/1126/1111 1063/1159/1145 1056/1152/1138
f 1056/1152/1138 1063/1159/1145 1011/1099/1080 1010/1098/1079
f 1050/1138/1147 1065/1161/1147 1066/1162/1148 1067/1163/1149
f 1068/1164/1150 1043/1131/1151 1069/1165/1152 1070/1166/1153
f 1036/1124/1107 1044/1132/1118 1061/1157/1143 1058/1154/1140
f 1058/1154/1140 1061/1157/1143 1019/1107/1088 1018/1106/1087
f 1046/1134/1122 1045/1133/1121 1062/1158/1144 1071/1167/1154
f 1071/1167/1154 1062/1158/1144 1027/1115/1096 1026/1114/1095
f 1034/1122/1103 1055/1151/1137 1072/1168/1155 1035/1123/1104
f 943/1031/1012 942/1030/1011 1073/1169/1156 1074/1170/1157
f 1074/1170/1158 1073/1169/1159 1075/1171/1160 935/1023/1004
f 928/1016/997 945/1033/1014 1076/1172/1161 1077/1173/1162
f 1077/1173/1163 1076/1172/1164 895/983/973 894/982/972
f 955/1043/1024 1078/1174/1165 1079/1175/1166 1080/1176/1167
f 1080/1176/1167 1079/1175/1166 907/995/983 906/994/982
f 957/1045/1026 949/1037/1018 1081/1177/1168 1082/1178/1169
f 1082/1178/1170 1081/1177/1171 886/974/966 938/1026/1007
f 948/1036/1017 955/1043/1024 1080/1176/1167 1083/1179/1172
f 1083/1179/1173 1080/1176/1167 906/994/982 887/975/967
f 900/988/978 957/1045/1026 1082/1178/1169 1084/1180/1174
f 1084/1180/1175 1082/1178/1170 938/1026/1007 931/1019/1000
f 959/1047/1028 943/1031/1012 1074/1170/1157 1085/1181/1176
f 1085/1181/1177 1074/1170/1158 935/1023/1004 934/1022/1003
f 929/1017/998 928/1016/997 1077/1173/1162 1086/1182/1178
f 1086/1182/1178 1077/1173/1163 894/982/972 910/998/986
f 945/1033/1014 959/1047/1028 1085/1181/1176 1076/1172/1161
f 1076/1172/1164 1085/1181/1177 934/1022/1003 895/983/973
f 1078/1174/1165 929/1017/998 1086/1182/1178 1079/1175/1166
f 1079/1175/1166 1086/1182/1178 910/998/986 907/995/983
f 949/1037/1018 948/1036/1017 1083/1179/1172 1081/1177/1168
f 1081/1177/1171 1083/1179/1173 887/975/967 886/974/966
f 901/989/979 900/988/978 1084/1180/1174 1087/1183/1179
f 1087/1183/1180 1084/1180/1175 931/1019/1000 930/1018/999
f 936/1024/1005 1088/1184/1181 1089/1185/1182 1090/1186/1183
f 1090/1186/1184 1089/1185/1185 1003/1091/1072 1002/1090/1071
f 897/985/975 896/984/974 1091/1187/1186 1092/1188/1187
f 1092/1188/1188 1091/1187/1189 988/1076/1057 1006/1094/1075
f 909/997/985 908/996/984 1093/1189/1190 1094/1190/1191
f 1094/1190/1192 1093/1189/1193 992/1080/1061 1008/1096/1077
f 939/1027/1008 889/977/969 1095/1191/1194 1096/1192/1195
f 1096/1192/1196 1095/1191/1197 985/1073/1054 984/1072/1053
f 888/976/968 909/997/985 1094/1190/1191 1097/1193/1198
f 1097/1193/1199 1094/1190/1192 1008/1096/1077 996/1084/1065
f 932/1020/1001 939/1027/1008 1096/1192/1195 1098/1194/1200
f 1098/1194/1201 1096/1192/1196 984/1072/1053 999/1087/1068
f 937/1025/1006 936/1024/1005 1090/1186/1183 1099/1195/1202
f 1099/1195/1203 1090/1186/1184 1002/1090/1071 989/1077/1058
f 911/999/987 897/985/975 1092/1188/1187 1100/1196/1204
f 1100/1196/1205 1092/1188/1188 1006/1094/1075 993/1081/1062
f 896/984/974 937/1025/1006 1099/1195/1202 1091/1187/1186
f 1091/1187/1189 1099/1195/1203 989/1077/1058 988/1076/1057
f 908/996/984 911/999/987 1100/1196/1204 1093/1189/1190
f 1093/1189/1193 1100/1196/1205 993/1081/1062 992/1080/1061
f 889/977/969 888/976/968 1097/1193/1198 1095/1191/1194
f 1095/1191/1197 1097/1193/1199 996/1084/1065 985/1073/1054
f 933/1021/1002 932/1020/1001 1098/1194/1200 1101/1197/1206
f 1101/1197/1207 1098/1194/1201 999/1087/1068 998/1086/1067
f 935/1023/1004 1075/1171/1160 1088/1184/1181 936/1024/1005
f 971/1059/1208 1050/1138/1209 1102/1198/1210 1103/1199/1208
f 1040/1128/1113 965/1053/1211 1104/1200/1211 1041/1129/1114
f 964/1052/1212 1105/1201/1213 1106/1202/1214
f 1106/1202/1215 1105/1201/1216 1107/1203/1217 1108/1204/1218
f 1105/1201/1216 1109/1205/1219 1110/1206/1220 1107/1203/1217
f 1043/1131/1116 1042/1130/1115 1111/1207/1221 1069/1165/1222
f 1112/1208/1223 1113/1209/1224 1114/1210/1225 1115/1211/1226
f 1116/1212/1227 1117/1213/1228 1118/1214/1229 1119/1215/1230
f 1120/1216/1231 1116/1212/1227 1119/1215/1230 1121/1217/1232
f 1122/1218/1233 1123/1219/1234 1124/1220/1235 1125/1221/1236
f 1126/1222/1237 1127/1223/1238 1113/1209/1224 1112/1208/1223
f 1107/1203/1217 1110/1206/1220 1128/1224/1239 1129/1225/1240
f 1108/1204/1218 1107/1203/1217 1129/1225/1240 1130/1226/1241
f 1102/1198/1210 1050/1138/1209 1067/1163/1242 1131/1227/1243
f 1130/1226/1241 1129/1225/1240 1132/1228/1244 1133/1229/1245
f 1125/1221/1236 1124/1220/1235 1134/1230/1246 1135/1231/1247
f 1136/1232/1248 1125/1221/1249 1135/1231/1250 1137/1233/1251
f 1138/1234/1252 1112/1208/1253 1115/1211/1254 1139/1235/1255
f 1129/1225/1240 1128/1224/1239 1140/1236/1256 1132/1228/1244
f 1131/1227/1243 1067/1163/1242 1141/1237/1257 1142/1238/1258
f 1115/1211/1226 1114/1210/1225 1143/1239/1259 1144/1240/1259
f 1035/1123/1104 1072/1168/1155 1033/1241/1102
f 1145/1242/1260 1122/1218/1261 1125/1221/1249 1136/1232/1248
f 1146/1243/1262 1147/1244/1263 1117/1213/1228 1116/1212/1227
f 1148/1245/1264 1126/1222/1265 1112/1208/1253 1138/1234/1252
f 1126/1222/1265 1148/1245/1264 1070/1166/1153 1069/1165/1152
f 1149/1246/1266 1150/1247/1266 1135/1231/1247 1134/1230/1246
f 1144/1240/1267 1151/1248/1267 1139/1235/1255 1115/1211/1254
f 1121/1217/1232 1119/1215/1230 1152/1249/1268 1153/1250/1269
f 1119/1215/1230 1118/1214/1229 1154/1251/1270 1152/1249/1268
f 1150/1247/1271 1155/1252/1271 1137/1233/1251 1135/1231/1250
f 1146/1243/1262 1156/1253/1272 1133/1229/1245 1132/1228/1244
f 1156/1253/1272 1146/1243/1262 1116/1212/1227 1120/1216/1231
f 1147/1244/1263 1146/1243/1262 1132/1228/1244 1140/1236/1256
f 1157/1254/1273 1158/1255/1273 1159/1256/1273
f 1122/1218/1261 1145/1242/1260 1142/1238/1258 1141/1237/1257
f 1123/1219/1234 1122/1218/1233 1141/1237/1274 1160/1257/1275
f 1127/1223/1238 1126/1222/1237 1069/1165/1222 1111/1207/1221
f 1067/1163/1149 1066/1162/1148 1160/1257/1275 1141/1237/1274
f 1161/1258/1276 1040/1128/1276 1043/1131/1151 1068/1164/1150
f 1017/1105/1086 1016/1104/1085 1051/1259/1133
f 1050/1138/1130 1064/1160/1146 1065/1161/1277
f 1064/1160/1146 1022/1110/1091 1052/1144/1134 1065/1161/1277
f 1040/1128/1132 1161/1258/1278 1060/1156/1142
f 1060/1156/1142 1161/1258/1278 1015/1103/1084 1014/1102/1083
f 1161/1258/1279 1068/1164/1280 1015/1103/1281
f 1068/1164/1280 1070/1166/1282 1016/1104/1283 1015/1103/1281
f 1139/1235/1284 1151/1248/1285 1051/1259/1285 1016/1104/1283
f 1139/1235/1284 1016/1104/1283 1138/1234/1286
f 1138/1234/1286 1016/1104/1283 1148/1245/1287
f 1148/1245/1287 1016/1104/1283 1070/1166/1282
f 1149/1246/1288 1134/1230/1289 1032/1120/1290 1033/1121/1288
f 1124/1220/1291 1032/1120/1290 1134/1230/1289
f 1123/1219/1292 1032/1120/1290 1124/1220/1291
f 1160/1257/1293 1032/1120/1290 1123/1219/1292
f 1160/1257/1293 1066/1162/1294 1052/1144/1295 1032/1120/1290
f 1065/1161/1296 1052/1144/1295 1066/1162/1294
f 912/1000/988 919/1007/992 1162/1260/1297 1163/1261/1298
f 919/1007/992 918/1006/991 1164/1262/1299 1162/1260/1297
f 902/990/980 916/1004/990 1165/1263/1300 1166/1264/1301
f 918/1006/991 903/991/981 1167/1265/1302 1164/1262/1299
f 913/1001/989 912/1000/988 1163/1261/1298 1168/1266/1303
f 890/978/970 913/1001/989 1168/1266/1303 1169/1267/1304
f 883/971/964 882/970/963 1170/1268/1305 1171/1269/1306
f 882/970/963 891/979/971 1172/1270/1307 1170/1268/1305
f 922/1010/993 883/971/964 1171/1269/1306 1173/1271/1308
f 903/991/981 902/990/980 1166/1264/1301 1167/1265/1302
f 923/1011/994 922/1010/993 1173/1271/1308 1174/1272/1309
f 891/979/971 890/978/970 1169/1267/1304 1172/1270/1307
f 1162/1260/1310 1164/1262/1015 1175/1273/1015 1176/1274/1310
f 1174/1272/1010 1173/1271/1009 1177/1275/1009 1178/1276/1010
f 1168/1266/1311 1163/1261/1312 1179/1277/1312 1180/1278/1311
f 1163/1261/1312 1162/1260/1310 1176/1274/1310 1179/1277/1312
f 1171/1269/1027 1170/1268/1013 1181/1279/1013 1182/1280/1027
f 1170/1268/1013 1172/1270/1313 1183/1281/1313 1181/1279/1013
f 1173/1271/1009 1171/1269/1027 1182/1280/1027 1177/1275/1009
f 1166/1264/977 1165/1263/976 1184/1282/976 1185/1283/977
f 1167/1265/1025 1166/1264/977 1185/1283/977 1186/1284/1025
f 1164/1262/1015 1167/1265/1025 1186/1284/1025 1175/1273/1015
f 1172/1270/1313 1169/1267/1314 1187/1285/1314 1183/1281/1313
f 1169/1267/1314 1168/1266/1311 1180/1278/1311 1187/1285/1314
f 1177/1275/1315 1182/1280/1316 1188/1286/1317 1189/1287/1318
f 1185/1283/1319 1184/1282/1320 1190/1288/1321 1191/1289/1322
f 1186/1284/1323 1185/1283/1319 1191/1289/1322 1192/1290/1324
f 1175/1273/1325 1186/1284/1323 1192/1290/1324 1193/1291/1326
f 1183/1281/1327 1187/1285/1328 1194/1292/1329 1195/1293/1330
f 1187/1285/1328 1180/1278/1331 1196/1294/1332 1194/1292/1329
f 1176/1274/1333 1175/1273/1325 1193/1291/1326 1197/1295/1334
f 1178/1276/1335 1177/1275/1315 1189/1287/1318 1198/1296/1336
f 1180/1278/1331 1179/1277/1337 1199/1297/1338 1196/1294/1332
f 1179/1277/1337 1176/1274/1333 1197/1295/1334 1199/1297/1338
f 1182/1280/1316 1181/1279/1339 1200/1298/1340 1188/1286/1317
f 1181/1279/1339 1183/1281/1327 1195/1293/1330 1200/1298/1340
f 1197/1295/1334 1193/1291/1326 1201/1299/1341 1202/1300/1342
f 1198/1296/1336 1189/1287/1318 1203/1301/1343 1204/1302/1344
f 1196/1294/1332 1199/1297/1338 1205/1303/1345 1206/1304/1346
f 1199/1297/1338 1197/1295/1334 1202/1300/1342 1205/1303/1345
f 1188/1286/1317 1200/1298/1340 1207/1305/1347 1208/1306/1348
f 1200/1298/1340 1195/1293/1330 1209/1307/1349 1207/1305/1347
f 1189/1287/1318 1188/1286/1317 1208/1306/1348 1203/1301/1343
f 1191/1289/1322 1190/1288/1321 1210/1308/1350 1211/1309/1351
f 1192/1290/1324 1191/1289/1322 1211/1309/1351 1212/1310/1352
f 1193/1291/1326 1192/1290/1324 1212/1310/1352 1201/1299/1341
f 1195/1293/1330 1194/1292/1329 1213/1311/1353 1209/1307/1349
f 1194/1292/1329 1196/1294/1332 1206/1304/1346 1213/1311/1353
f 1203/1301/1343 1208/1306/1348 1214/1312/965
f 1211/1309/1351 1210/1308/1350 1214/1313/965
f 1212/1310/1352 1211/1309/1351 1214/1314/965
f 1201/1299/1341 1212/1310/1352 1214/1315/965
f 1209/1307/1349 1213/1311/1353 1214/1316/965
f 1213/1311/1353 1206/1304/1346 1214/1317/965
f 1202/1300/1342 1201/1299/1341 1214/1318/965
f 1204/1302/1344 1203/1301/1343 1214/1319/965
f 1206/1304/1346 1205/1303/1345 1214/1320/965
f 1205/1303/1345 1202/1300/1342 1214/1321/965
f 1208/1306/1348 1207/1305/1347 1214/1322/965
f 1207/1305/1347 1209/1307/1349 1214/1323/965
f 904/992/1025 921/1009/1015 946/1034/1015 956/1044/1025
f 884/972/1027 925/1013/1009 940/1028/1009 958/1046/1027
f 885/973/1013 884/972/1027 958/1046/1027 944/1032/1013
f 905/993/977 904/992/1025 956/1044/1025 899/987/977
f 920/1008/1354 915/1003/1355 954/1042/1023 947/1035/1016
f 921/1009/1015 920/1008/1354 947/1035/1016 946/1034/1015
f 892/980/1356 885/973/1013 944/1032/1013 927/1015/996
f 925/1013/1009 924/1012/1010 941/1029/1010 940/1028/1009
f 914/1002/1357 893/981/1358 926/1014/995 1215/1324/1357
f 893/981/1358 892/980/1356 927/1015/996 926/1014/995
f 915/1003/1355 914/1002/1357 1215/1324/1357 954/1042/1023
f 917/1005/976 905/993/977 899/987/977 898/986/976
f 1216/1325/1311 1217/1326/1359 1218/1327/1359 1219/1328/1311
f 926/1014/1360 929/1017/1360 1220/1329/1361 1221/1330/1361
f 1222/1331/965 1223/1332/965 1215/1324/965
f 1078/1174/1362 1219/1328/1362 1218/1327/1362 1224/1333/1362 1225/1334/1362 1220/1329/1362 929/1017/1362
f 954/1042/1363 1226/1335/1364 1227/1336/1364 955/1043/1363
f 926/1014/965 1221/1330/965 1228/1337/965 1229/1338/965 1217/1326/965 1216/1325/965 1215/1324/965
f 1230/1339/1365 1216/1325/1311 1219/1328/1311 1231/1340/1365
f 1218/1327/1359 1217/1326/1359 1229/1338/1366 1224/1333/1366
f 1224/1333/1366 1229/1338/1366 1228/1337/1367 1225/1334/1367
f 1225/1334/1367 1228/1337/1367 1221/1330/1361 1220/1329/1361
f 1227/1336/1364 1226/1335/1364 1223/1332/1368 1232/1341/1368
f 1232/1341/1368 1223/1332/1368 1222/1331/1369 1233/1342/1369
f 1233/1342/1369 1222/1331/1369 1230/1339/1365 1231/1340/1365
f 1232/1341/1362 1233/1342/1362 1078/1174/1362
f 1219/1328/1362 1078/1174/1362 1231/1340/1362
f 1078/1174/1362 955/1043/1362 1227/1336/1362
f 1231/1340/1362 1078/1174/1362 1233/1342/1362
f 1227/1336/1362 1232/1341/1362 1078/1174/1362
f 954/1042/965 1215/1324/965 1226/1335/965
f 1215/1324/965 1216/1325/965 1230/1339/965
f 1226/1335/965 1215/1324/965 1223/1332/965
f 1230/1339/965 1222/1331/965 1215/1324/965
f 1234/1343/1370 1235/1344/965 1236/1345/965 1237/1346/1371
f 1238/1347/1372 1239/1348/1373 1240/1349/1374 1241/1350/1375
f 1242/1351/1376 1243/1352/965 1244/1353/965 1245/1354/1377
f 1246/1355/1378 1247/1356/1379 1248/1357/1380 1249/1358/1381
f 898/986/976 901/989/979 1250/1359/1382 1251/1360/1383
f 1252/1361/1384 1253/1362/965 1254/1363/965 1255/1364/1385
f 1256/1365/1386 1257/1366/1387 1258/1367/1388 1259/1368/1389
f 1260/1369/1390 1261/1370/1391 1247/1356/1379 1246/1355/1378
f 1241/1350/1375 1240/1349/1374 1257/1366/1387 1256/1365/1386
f 1262/1371/1392 1263/1372/965 1264/1373/965 1265/1374/1393
f 916/1004/990 917/1005/965 1253/1362/965 1252/1361/1384
f 1266/1375/1394 1267/1376/965 1268/1377/965 1269/1378/1395
f 1245/1354/1377 1244/1353/965 1235/1344/965 1234/1343/1370
f 1270/1379/1396 1271/1380/965 924/1012/965 923/1011/994
f 1272/1381/1397 1273/1382/1398 1274/1383/1399 1275/1384/1400
f 1269/1378/1395 1268/1377/965 1263/1372/965 1262/1371/1392
f 930/1018/999 933/1021/1002 1276/1385/1401 1277/1386/1402
f 1278/1387/1403 1279/1388/1404 1280/1389/1405 1281/1390/1406
f 1265/1374/1393 1264/1373/965 1243/1352/965 1242/1351/1376
f 1255/1364/1385 1254/1363/965 1267/1376/965 1266/1375/1394
f 1249/1358/1381 1248/1357/1380 1279/1388/1404 1278/1387/1403
f 1237/1346/1371 1236/1345/965 1271/1380/965 1270/1379/1396
f 1277/1386/1402 1276/1385/1401 1282/1391/1407 1283/1392/1408
f 1259/1368/1389 1258/1367/1388 1261/1370/1391 1260/1369/1390
f 1284/1393/1409 1285/1394/1410 942/1030/1011 941/1029/1010
f 1275/1384/1400 1274/1383/1399 1286/1395/1411 1287/1396/1412
f 1288/1397/1413 1289/1398/1414 1290/1399/1415 1291/1400/1416
f 1292/1401/1417 1293/1402/1418 973/1061/1042 972/1060/1041
f 1291/1400/1416 1290/1399/1415 1294/1403/1419 1295/1404/1420
f 1251/1360/1383 1250/1359/1382 1296/1405/1421 1297/1406/1422
f 1287/1396/1412 1286/1395/1411 1298/1407/1423 1299/1408/1424
f 1299/1408/1424 1298/1407/1423 1285/1394/1410 1284/1393/1409
f 1283/1392/1408 1282/1391/1407 1239/1348/1373 1238/1347/1372
f 1297/1406/1422 1296/1405/1421 1289/1398/1414 1288/1397/1413
f 1300/1409/1425 1301/1410/1426 1302/1411/1427 1303/1412/1428
f 1304/1413/1429 1305/1414/1430 1306/1415/1431 1307/1416/1432
f 1308/1417/1433 1309/1418/1434 1310/1419/1435 1311/1420/1436
f 1307/1416/1432 1306/1415/1431 1159/1256/1437 1312/1421/1438
f 1311/1420/1436 1310/1419/1435 1313/1422/1439 1314/1423/1440
f 978/1066/1047 981/1069/1050 1315/1424/1441 1316/1425/1442
f 1312/1421/1438 1159/1256/1437 1301/1410/1426 1300/1409/1425
f 1314/1423/1440 1313/1422/1439 1305/1414/1430 1304/1413/1429
f 1316/1425/1442 1315/1424/1441 1309/1418/1434 1308/1417/1433
f 1317/1426/1443 1318/1427/1444 1004/1092/1073 1003/1091/1072
f 1319/1428/1445 1320/1429/1446 1321/1430/1447 1322/1431/1448
f 1323/1432/1449 1324/1433/1450 1325/1434/1451 1326/1435/1452
f 1327/1436/1453 1328/1437/1454 1329/1438/1455 1330/1439/1456
f 1322/1431/1448 1321/1430/1447 1331/1440/1457 1332/1441/1458
f 998/1086/1067 1001/1089/1070 1333/1442/1459 1334/1443/1460
f 1303/1412/1428 1302/1411/1427 1293/1402/1418 1292/1401/1417
f 1326/1435/1452 1325/1434/1451 1318/1427/1444 1317/1426/1443
f 1330/1439/1456 1329/1438/1455 1335/1444/1461 1336/1445/1462
f 1332/1441/1458 1331/1440/1457 1337/1446/1463 1338/1447/1464
f 1336/1445/1462 1335/1444/1461 1324/1433/1450 1323/1432/1449
f 1334/1443/1460 1333/1442/1459 1320/1429/1446 1319/1428/1445
f 1338/1447/1464 1337/1446/1463 1328/1437/1454 1327/1436/1453
f 1339/1448/1465 1340/1449/1466 1341/1450/1467 1342/1451/1468
f 1343/1452/1469 1344/1453/1470 1345/1454/1471 1346/1455/1472
f 1347/1456/1473 1348/1457/1474 1349/1458/1475 1350/1459/1476
f 1351/1460/1477 1352/1461/1478 1353/1462/1479 1354/1463/1480
f 1026/1114/1095 1029/1117/1098 1355/1464/1481 1356/1465/1482
f 1350/1459/1476 1349/1458/1475 1344/1453/1470 1343/1452/1469
f 1356/1465/1482 1355/1464/1481 1357/1466/1483 1358/1467/1484
f 1354/1463/1480 1353/1462/1479 1340/1449/1466 1339/1448/1465
f 1359/1468/1485 1033/1121/1102 1352/1461/1478
f 1358/1467/1484 1357/1466/1483 1348/1457/1474 1347/1456/1473
f 1342/1451/1468 1341/1450/1467 1360/1469/1486 1361/1470/1487
f 1309/1418/1488 1362/1471/1489 1363/1472/1490 1310/1419/1491
f 1302/1411/1492 1364/1473/1493 1365/1474/1494 1293/1402/1495
f 1366/1475/1496 1367/1476/1497 1368/1477/1498 1369/1478/1499
f 1310/1419/1491 1363/1472/1490 1370/1479/1500 1313/1422/1501
f 981/1069/1119 1046/1134/1122 1371/1480/1502 1315/1424/1503
f 1293/1402/1495 1365/1474/1494 1372/1481/1504 973/1061/1505
f 973/1061/1505 1372/1481/1504 1048/1136/1126 974/1062/1125
f 1159/1256/1506 1373/1482/1507 1374/1483/1508 1301/1410/1509
f 1313/1422/1501 1370/1479/1500 1366/1475/1510 1305/1414/1511
f 1301/1410/1509 1374/1483/1508 1364/1473/1493 1302/1411/1492
f 1315/1424/1503 1371/1480/1502 1362/1471/1489 1309/1418/1488
f 1353/1462/1479 1033/1139/1102 1340/1449/1466
f 1349/1458/1475 1051/1140/1133 1344/1453/1470
f 1340/1449/1466 1033/1141/1102 1341/1450/1467
f 1352/1461/1478 1033/1142/1102 1353/1462/1479
f 1348/1457/1474 1051/1143/1133 1349/1458/1475
f 1375/1484/1512 1359/1468/1485 1352/1461/1478 1351/1460/1477
f 1355/1464/1481 1051/1145/1133 1357/1466/1483
f 1357/1466/1483 1051/1146/1133 1348/1457/1474
f 1341/1450/1467 1033/1147/1102 1360/1469/1486
f 1029/1117/1098 1051/1148/1133 1355/1464/1481
f 1372/1481/1504 1376/1485/1513 1053/1149/1135 1048/1136/1126
f 1376/1485/1513 1361/1470/1487 1055/1151/1137 1053/1149/1135
f 1374/1483/1508 1377/1486/1514 1378/1487/1515 1364/1473/1493
f 1377/1486/1514 1354/1463/1480 1339/1448/1465 1378/1487/1515
f 1362/1471/1489 1379/1488/1516 1380/1489/1517 1363/1472/1490
f 1379/1488/1516 1358/1467/1484 1347/1456/1473 1380/1489/1517
f 1370/1479/1500 1381/1490/1518 1382/1491/1519 1366/1475/1510
f 1381/1490/1518 1350/1459/1476 1343/1452/1469 1382/1491/1519
f 1371/1480/1502 1383/1492/1520 1379/1488/1516 1362/1471/1489
f 1383/1492/1520 1356/1465/1482 1358/1467/1484 1379/1488/1516
f 1365/1474/1494 1384/1493/1521 1376/1485/1513 1372/1481/1504
f 1384/1493/1521 1342/1451/1468 1361/1470/1487 1376/1485/1513
f 1373/1482/1507 1385/1494/1522 1377/1486/1514 1374/1483/1508
f 1385/1494/1522 1351/1460/1477 1354/1463/1480 1377/1486/1514
f 1364/1473/1493 1378/1487/1515 1384/1493/1521 1365/1474/1494
f 1378/1487/1515 1339/1448/1465 1342/1451/1468 1384/1493/1521
f 1373/1482/1523 1386/1495/1524 1387/1496/1525 1388/1497/1523
f 1389/1498/1526 1390/1499/1527 1391/1500/1528 1367/1476/1529
f 1363/1472/1490 1380/1489/1517 1381/1490/1518 1370/1479/1500
f 1380/1489/1517 1347/1456/1473 1350/1459/1476 1381/1490/1518
f 1046/1134/1122 1071/1167/1154 1383/1492/1520 1371/1480/1502
f 1071/1167/1154 1026/1114/1095 1356/1465/1482 1383/1492/1520
f 1361/1470/1487 1360/1469/1486 1072/1168/1155 1055/1151/1137
f 1285/1394/1410 1392/1501/1530 1073/1169/1156 942/1030/1011
f 1392/1501/1531 1281/1390/1406 1075/1171/1160 1073/1169/1159
f 1274/1383/1399 1393/1502/1532 1394/1503/1533 1286/1395/1411
f 1393/1502/1532 1246/1355/1378 1249/1358/1381 1394/1503/1534
f 1294/1403/1535 1395/1504/1536 1396/1505/1537 1397/1506/1538
f 1395/1504/1536 1256/1365/1386 1259/1368/1389 1396/1505/1537
f 1296/1405/1421 1398/1507/1539 1399/1508/1540 1289/1398/1414
f 1398/1507/1541 1283/1392/1408 1238/1347/1372 1399/1508/1542
f 1290/1399/1415 1400/1509/1543 1395/1504/1536 1294/1403/1535
f 1400/1509/1543 1241/1350/1375 1256/1365/1386 1395/1504/1536
f 1250/1359/1382 1401/1510/1544 1398/1507/1539 1296/1405/1421
f 1401/1510/1545 1277/1386/1402 1283/1392/1408 1398/1507/1541
f 1298/1407/1423 1402/1511/1546 1392/1501/1530 1285/1394/1410
f 1402/1511/1547 1278/1387/1403 1281/1390/1406 1392/1501/1531
f 1273/1382/1548 1403/1512/1549 1393/1502/1532 1274/1383/1399
f 1403/1512/1549 1260/1369/1390 1246/1355/1378 1393/1502/1532
f 1286/1395/1411 1394/1503/1533 1402/1511/1546 1298/1407/1423
f 1394/1503/1534 1249/1358/1381 1278/1387/1403 1402/1511/1547
f 1397/1506/1538 1396/1505/1537 1403/1512/1549 1273/1382/1548
f 1396/1505/1537 1259/1368/1389 1260/1369/1390 1403/1512/1549
f 1289/1398/1414 1399/1508/1540 1400/1509/1543 1290/1399/1415
f 1399/1508/1542 1238/1347/1372 1241/1350/1375 1400/1509/1543
f 901/989/979 1087/1183/1179 1401/1510/1544 1250/1359/1382
f 1087/1183/1180 930/1018/999 1277/1386/1402 1401/1510/1545
f 1280/1389/1405 1404/1513/1550 1089/1185/1182 1088/1184/1181
f 1404/1513/1551 1317/1426/1443 1003/1091/1072 1089/1185/1185
f 1247/1356/1379 1405/1514/1552 1406/1515/1553 1248/1357/1380
f 1405/1514/1554 1336/1445/1462 1323/1432/1449 1406/1515/1555
f 1257/1366/1387 1407/1516/1556 1408/1517/1557 1258/1367/1388
f 1407/1516/1558 1338/1447/1464 1327/1436/1453 1408/1517/1559
f 1282/1391/1407 1409/1518/1560 1410/1519/1561 1239/1348/1373
f 1409/1518/1562 1319/1428/1445 1322/1431/1448 1410/1519/1563
f 1240/1349/1374 1411/1520/1564 1407/1516/1556 1257/1366/1387
f 1411/1520/1565 1332/1441/1458 1338/1447/1464 1407/1516/1558
f 1276/1385/1401 1412/1521/1566 1409/1518/1560 1282/1391/1407
f 1412/1521/1567 1334/1443/1460 1319/1428/1445 1409/1518/1562
f 1279/1388/1404 1413/1522/1568 1404/1513/1550 1280/1389/1405
f 1413/1522/1569 1326/1435/1452 1317/1426/1443 1404/1513/1551
f 1261/1370/1391 1414/1523/1570 1405/1514/1552 1247/1356/1379
f 1414/1523/1571 1330/1439/1456 1336/1445/1462 1405/1514/1554
f 1248/1357/1380 1406/1515/1553 1413/1522/1568 1279/1388/1404
f 1406/1515/1555 1323/1432/1449 1326/1435/1452 1413/1522/1569
f 1258/1367/1388 1408/1517/1557 1414/1523/1570 1261/1370/1391
f 1408/1517/1559 1327/1436/1453 1330/1439/1456 1414/1523/1571
f 1239/1348/1373 1410/1519/1561 1411/1520/1564 1240/1349/1374
f 1410/1519/1563 1322/1431/1448 1332/1441/1458 1411/1520/1565
f 933/1021/1002 1101/1197/1206 1412/1521/1566 1276/1385/1401
f 1101/1197/1207 998/1086/1067 1334/1443/1460 1412/1521/1567
f 1281/1390/1406 1280/1389/1405 1088/1184/1181 1075/1171/1160
f 1159/1256/1572 1158/1255/1572 1415/1524/1573 1373/1482/1574
f 1366/1475/1496 1369/1478/1499 1416/1525/1575 1305/1414/1575
f 1417/1526/1576 1418/1527/1577 1306/1415/1578
f 1417/1526/1579 1419/1528/1580 1420/1529/1581 1418/1527/1582
f 1418/1527/1582 1420/1529/1581 1421/1530/1583 1157/1254/1584
f 1367/1476/1497 1391/1500/1585 1422/1531/1586 1368/1477/1498
f 1423/1532/1587 1424/1533/1588 1425/1534/1589 1426/1535/1590
f 1427/1536/1591 1428/1537/1592 1429/1538/1593 1430/1539/1594
f 1431/1540/1595 1144/1240/1259 1143/1239/1259 1432/1541/1596
f 1430/1539/1597 1429/1538/1598 1433/1542/1599 1434/1543/1600
f 1435/1544/1601 1436/1545/1602 1424/1533/1588 1423/1532/1587
f 1420/1529/1581 1437/1546/1603 1438/1547/1604 1421/1530/1583
f 1419/1528/1580 1439/1548/1605 1437/1546/1603 1420/1529/1581
f 1415/1524/1573 1440/1549/1606 1386/1495/1607 1373/1482/1574
f 1439/1548/1605 1441/1550/1608 1442/1551/1609 1437/1546/1603
f 1429/1538/1598 1443/1552/1610 1444/1553/1611 1433/1542/1599
f 1428/1537/1592 1445/1554/1612 1443/1552/1613 1429/1538/1593
f 1446/1555/1614 1447/1556/1615 1431/1540/1616 1448/1557/1617
f 1437/1546/1603 1442/1551/1609 1449/1558/1618 1438/1547/1604
f 1440/1549/1606 1450/1559/1619 1451/1560/1620 1386/1495/1607
f 1452/1561/1621 1448/1557/1622 1453/1562/1623 1454/1563/1624
f 1360/1469/1486 1033/1241/1102 1072/1168/1155
f 1448/1557/1622 1431/1540/1595 1432/1541/1596 1453/1562/1623
f 1455/1564/1625 1423/1532/1587 1426/1535/1590 1456/1565/1626
f 1457/1566/1627 1446/1555/1614 1448/1557/1617 1452/1561/1628
f 1452/1561/1628 1391/1500/1528 1390/1499/1527 1457/1566/1627
f 1149/1246/1266 1444/1553/1611 1443/1552/1610 1150/1247/1266
f 1144/1240/1267 1431/1540/1616 1447/1556/1615 1151/1248/1267
f 1436/1545/1602 1153/1250/1269 1152/1249/1268 1424/1533/1588
f 1424/1533/1588 1152/1249/1268 1154/1251/1270 1425/1534/1589
f 1150/1247/1271 1443/1552/1613 1445/1554/1612 1155/1252/1271
f 1455/1564/1625 1442/1551/1609 1441/1550/1608 1458/1567/1629
f 1458/1567/1629 1435/1544/1601 1423/1532/1587 1455/1564/1625
f 1456/1565/1626 1449/1558/1618 1442/1551/1609 1455/1564/1625
f 1430/1539/1594 1451/1560/1620 1450/1559/1619 1427/1536/1591
f 1434/1543/1600 1459/1568/1630 1451/1560/1631 1430/1539/1597
f 1454/1563/1624 1422/1531/1586 1391/1500/1585 1452/1561/1621
f 1386/1495/1524 1451/1560/1631 1459/1568/1630 1387/1496/1525
f 1460/1569/1632 1389/1498/1526 1367/1476/1529 1366/1475/1632
f 1344/1453/1470 1051/1259/1133 1345/1454/1471
f 1373/1482/1507 1388/1497/1633 1385/1494/1522
f 1385/1494/1522 1388/1497/1633 1375/1484/1512 1351/1460/1477
f 1366/1475/1510 1382/1491/1519 1460/1569/1634
f 1382/1491/1519 1343/1452/1469 1346/1455/1472 1460/1569/1634
f 1460/1569/1635 1346/1455/1636 1389/1498/1637
f 1389/1498/1637 1346/1455/1636 1345/1454/1638 1390/1499/1639
f 1447/1556/1640 1345/1454/1638 1051/1259/1285 1151/1248/1285
f 1447/1556/1640 1446/1555/1641 1345/1454/1638
f 1446/1555/1641 1457/1566/1642 1345/1454/1638
f 1457/1566/1642 1390/1499/1639 1345/1454/1638
f 1149/1246/1288 1033/1121/1288 1359/1468/1643 1444/1553/1644
f 1433/1542/1645 1444/1553/1644 1359/1468/1643
f 1434/1543/1646 1433/1542/1645 1359/1468/1643
f 1459/1568/1647 1434/1543/1646 1359/1468/1643
f 1459/1568/1647 1359/1468/1643 1375/1484/1648 1387/1496/1649
f 1388/1497/1650 1387/1496/1649 1375/1484/1648
f 1262/1371/1392 1461/1570/1651 1462/1571/1652 1269/1378/1395
f 1269/1378/1395 1462/1571/1652 1463/1572/1653 1266/1375/1394
f 1252/1361/1384 1464/1573/1654 1165/1263/1300 916/1004/990
f 1266/1375/1394 1463/1572/1653 1465/1574/1655 1255/1364/1385
f 1265/1374/1393 1466/1575/1656 1461/1570/1651 1262/1371/1392
f 1242/1351/1376 1467/1576/1657 1466/1575/1656 1265/1374/1393
f 1237/1346/1371 1468/1577/1658 1469/1578/1659 1234/1343/1370
f 1234/1343/1370 1469/1578/1659 1470/1579/1660 1245/1354/1377
f 1270/1379/1396 1471/1580/1661 1468/1577/1658 1237/1346/1371
f 1255/1364/1385 1465/1574/1655 1464/1573/1654 1252/1361/1384
f 923/1011/994 1174/1272/1309 1471/1580/1661 1270/1379/1396
f 1245/1354/1377 1470/1579/1660 1467/1576/1657 1242/1351/1376
f 1462/1571/1662 1472/1581/1662 1473/1582/1413 1463/1572/1413
f 1174/1272/1010 1178/1276/1010 1474/1583/1409 1471/1580/1409
f 1466/1575/1663 1475/1584/1663 1476/1585/1664 1461/1570/1664
f 1461/1570/1664 1476/1585/1664 1472/1581/1662 1462/1571/1662
f 1468/1577/1424 1477/1586/1424 1478/1587/1412 1469/1578/1412
f 1469/1578/1412 1478/1587/1412 1479/1588/1665 1470/1579/1665
f 1471/1580/1409 1474/1583/1409 1477/1586/1424 1468/1577/1424
f 1464/1573/1383 1480/1589/1383 1184/1282/976 1165/1263/976
f 1465/1574/1422 1481/1590/1422 1480/1589/1383 1464/1573/1383
f 1463/1572/1413 1473/1582/1413 1481/1590/1422 1465/1574/1422
f 1470/1579/1665 1479/1588/1665 1482/1591/1666 1467/1576/1666
f 1467/1576/1666 1482/1591/1666 1475/1584/1663 1466/1575/1663
f 1474/1583/1667 1483/1592/1668 1484/1593/1669 1477/1586/1670
f 1480/1589/1671 1485/1594/1672 1190/1288/1321 1184/1282/1320
f 1481/1590/1673 1486/1595/1674 1485/1594/1672 1480/1589/1671
f 1473/1582/1675 1487/1596/1676 1486/1595/1674 1481/1590/1673
f 1479/1588/1677 1488/1597/1678 1489/1598/1679 1482/1591/1680
f 1482/1591/1680 1489/1598/1679 1490/1599/1681 1475/1584/1682
f 1472/1581/1683 1491/1600/1684 1487/1596/1676 1473/1582/1675
f 1178/1276/1335 1198/1296/1336 1483/1592/1668 1474/1583/1667
f 1475/1584/1682 1490/1599/1681 1492/1601/1685 1476/1585/1686
f 1476/1585/1686 1492/1601/1685 1491/1600/1684 1472/1581/1683
f 1477/1586/1670 1484/1593/1669 1493/1602/1687 1478/1587/1688
f 1478/1587/1688 1493/1602/1687 1488/1597/1678 1479/1588/1677
f 1491/1600/1684 1494/1603/1689 1495/1604/1690 1487/1596/1676
f 1198/1296/1336 1204/1302/1344 1496/1605/1691 1483/1592/1668
f 1490/1599/1681 1497/1606/1692 1498/1607/1693 1492/1601/1685
f 1492/1601/1685 1498/1607/1693 1494/1603/1689 1491/1600/1684
f 1484/1593/1669 1499/1608/1694 1500/1609/1695 1493/1602/1687
f 1493/1602/1687 1500/1609/1695 1501/1610/1696 1488/1597/1678
f 1483/1592/1668 1496/1605/1691 1499/1608/1694 1484/1593/1669
f 1485/1594/1672 1502/1611/1697 1210/1308/1350 1190/1288/1321
f 1486/1595/1674 1503/1612/1698 1502/1611/1697 1485/1594/1672
f 1487/1596/1676 1495/1604/1690 1503/1612/1698 1486/1595/1674
f 1488/1597/1678 1501/1610/1696 1504/1613/1699 1489/1598/1679
f 1489/1598/1679 1504/1613/1699 1497/1606/1692 1490/1599/1681
f 1496/1605/1691 1214/1312/965 1499/1608/1694
f 1502/1611/1697 1214/1313/965 1210/1308/1350
f 1503/1612/1698 1214/1314/965 1502/1611/1697
f 1495/1604/1690 1214/1315/965 1503/1612/1698
f 1501/1610/1696 1214/1316/965 1504/1613/1699
f 1504/1613/1699 1214/1317/965 1497/1606/1692
f 1494/1603/1689 1214/1318/965 1495/1604/1690
f 1204/1302/1344 1214/1319/965 1496/1605/1691
f 1497/1606/1692 1214/1320/965 1498/1607/1693
f 1498/1607/1693 1214/1321/965 1494/1603/1689
f 1499/1608/1694 1214/1322/965 1500/1609/1695
f 1500/1609/1695 1214/1323/965 1501/1610/1696
f 1254/1363/1422 1297/1406/1422 1288/1397/1413 1267/1376/1413
f 1236/1345/1424 1299/1408/1424 1284/1393/1409 1271/1380/1409
f 1235/1344/1412 1287/1396/1412 1299/1408/1424 1236/1345/1424
f 1253/1362/1383 1251/1360/1383 1297/1406/1422 1254/1363/1422
f 1268/1377/1700 1291/1400/1416 1295/1404/1420 1263/1372/1701
f 1267/1376/1413 1288/1397/1413 1291/1400/1416 1268/1377/1700
f 1244/1353/1702 1275/1384/1400 1287/1396/1412 1235/1344/1412
f 1271/1380/1409 1284/1393/1409 941/1029/1010 924/1012/1010
f 1264/1373/1703 1505/1614/1704 1272/1381/1397 1243/1352/1705
f 1243/1352/1705 1272/1381/1397 1275/1384/1400 1244/1353/1702
f 1263/1372/1701 1295/1404/1420 1505/1614/1704 1264/1373/1703
f 917/1005/976 898/986/976 1251/1360/1383 1253/1362/1383
f 1294/1403/1419 1397/1506/1663 1505/1614/1704 1295/1404/1420
f 1397/1506/1663 1273/1382/1398 1272/1381/1397 1505/1614/1704
f 1110/1206/1706 1109/1205/1707 1103/1199/1707 1102/1198/1708
f 1041/1129/1709 1104/1200/1710 1106/1202/1710 1108/1204/1711
f 1042/1130/1712 1041/1129/1709 1108/1204/1711 1130/1226/1713
f 1102/1198/1708 1131/1227/1714 1128/1224/1715 1110/1206/1706
f 1121/1217/1716 1153/1250/1717 1143/1239/1717 1114/1210/1718
f 1137/1233/1719 1155/1252/1720 1154/1251/1720 1118/1214/1721
f 1120/1216/1722 1121/1217/1716 1114/1210/1718 1113/1209/1723
f 1118/1214/1721 1117/1213/1724 1136/1232/1725 1137/1233/1719
f 1147/1244/1726 1140/1236/1727 1142/1238/1728 1145/1242/1726
f 1133/1229/1729 1156/1253/1730 1127/1223/1731 1111/1207/1732
f 1130/1226/1713 1133/1229/1729 1111/1207/1732 1042/1130/1712
f 1156/1253/1730 1120/1216/1722 1113/1209/1723 1127/1223/1731
f 1131/1227/1714 1142/1238/1728 1140/1236/1727 1128/1224/1715
f 1145/1242/1726 1136/1232/1725 1117/1213/1724 1147/1244/1726
f 1415/1524/1733 1158/1255/1734 1157/1254/1734 1421/1530/1735
f 1419/1528/1736 1417/1526/1737 1416/1525/1737 1369/1478/1738
f 1439/1548/1739 1419/1528/1736 1369/1478/1738 1368/1477/1740
f 1421/1530/1735 1438/1547/1741 1440/1549/1742 1415/1524/1733
f 1432/1541/1743 1143/1239/1717 1153/1250/1717 1436/1545/1744
f 1425/1534/1745 1154/1251/1720 1155/1252/1720 1445/1554/1746
f 1453/1562/1747 1432/1541/1743 1436/1545/1744 1435/1544/1748
f 1445/1554/1746 1428/1537/1749 1426/1535/1750 1425/1534/1745
f 1427/1536/1751 1450/1559/1752 1449/1558/1753 1456/1565/1751
f 1422/1531/1754 1454/1563/1755 1458/1567/1756 1441/1550/1757
f 1368/1477/1740 1422/1531/1754 1441/1550/1757 1439/1548/1739
f 1454/1563/1755 1453/1562/1747 1435/1544/1748 1458/1567/1756
f 1438/1547/1741 1449/1558/1753 1450/1559/1752 1440/1549/1742
f 1456/1565/1751 1426/1535/1750 1428/1537/1749 1427/1536/1751
f 971/1059/1758 1103/1199/1758 1109/1205/1758
f 1159/1256/1273 1306/1415/1578 1157/1254/1273
f 1306/1415/1578 1418/1527/1577 1157/1254/1273
f 1306/1415/1578 1305/1414/1576 1417/1526/1576
f 1305/1414/1576 1416/1525/1576 1417/1526/1576
f 1104/1200/1214 965/1053/1214 1106/1202/1214
f 965/1053/1214 964/1052/1212 1106/1202/1214
f 1105/1201/1213 964/1052/1212 1109/1205/1758
f 964/1052/1212 971/1059/1758 1109/1205/1758
f 1007/1095/1076 991/1079/1060 950/1038/1019 960/1048/1029
f 995/1083/1064 994/1082/1063 970/1058/1039 963/1051/1032
f 1005/1093/1074 1004/1092/1073 975/1063/1044 982/1070/1051
f 991/1079/1060 990/1078/1059 951/1039/1020 950/1038/1019
f 994/1082/1063 1007/1095/1076 960/1048/1029 970/1058/1039
f 1000/1088/1069 987/1075/1056 966/1054/1035 979/1067/1048
f 1001/1089/1070 1000/1088/1069 979/1067/1048 978/1066/1047
f 987/1075/1056 986/1074/1055 967/1055/1036 966/1054/1035
f 997/1085/1066 1009/1097/1078 962/1050/1031 976/1064/1045
f 1009/1097/1078 995/1083/1064 963/1051/1032 962/1050/1031
f 986/1074/1055 997/1085/1066 976/1064/1045 967/1055/1036
f 990/1078/1059 1005/1093/1074 982/1070/1051 951/1039/1020
f 1300/1409/1425 1303/1412/1428 1324/1433/1450 1335/1444/1461
f 1307/1416/1432 1312/1421/1438 1329/1438/1455 1328/1437/1454
f 972/1060/1041 975/1063/1044 1004/1092/1073 1318/1427/1444
f 1303/1412/1428 1292/1401/1417 1325/1434/1451 1324/1433/1450
f 1312/1421/1438 1300/1409/1425 1335/1444/1461 1329/1438/1455
f 1316/1425/1442 1308/1417/1433 1320/1429/1446 1333/1442/1459
f 978/1066/1047 1316/1425/1442 1333/1442/1459 1001/1089/1070
f 1308/1417/1433 1311/1420/1436 1321/1430/1447 1320/1429/1446
f 1314/1423/1440 1304/1413/1429 1337/1446/1463 1331/1440/1457
f 1304/1413/1429 1307/1416/1432 1328/1437/1454 1337/1446/1463
f 1311/1420/1436 1314/1423/1440 1331/1440/1457 1321/1430/1447
f 1292/1401/1417 972/1060/1041 1318/1427/1444 1325/1434/1451
f 982/1070/1051 975/1063/1044 974/1062/1043 983/1071/1052
o print.001
v -30.023968 -5.277982 11.635940
v -26.850208 -5.277982 12.017787
v -26.850208 21.737242 12.017782
v -30.023968 21.737242 11.635935
v -16.314512 -5.277983 5.777184
v -15.124249 -5.277984 2.810397
v -15.124249 21.737240 2.810393
v -16.314512 21.737242 5.777180
v -23.949791 -5.277986 -12.089317
v -27.123550 -5.277986 -12.471164
v -27.123550 21.737238 -12.471169
v -23.949791 21.737238 -12.089322
v -39.231354 -5.277984 -0.090018
v -38.778759 -5.277984 3.074429
v -38.778759 21.737240 3.074424
v -39.231354 21.737240 -0.090023
v -18.232079 -5.277983 8.334819
v -18.232079 21.737242 8.334814
v -20.983004 -5.277986 -10.899052
v -20.983004 21.737238 -10.899056
v -38.849506 -5.277985 -3.263777
v -38.849506 21.737240 -3.263782
v -20.746273 -5.277982 10.309000
v -20.746273 21.737242 10.308995
v -18.425369 -5.277986 -8.981484
v -18.425369 21.737238 -8.981489
v -37.659241 -5.277985 -6.230565
v -37.659241 21.737238 -6.230569
v -23.685753 -5.277982 11.565192
v -23.685753 21.737242 11.565187
v -16.451187 -5.277985 -6.467288
v -16.451187 21.737238 -6.467292
v -35.741669 -5.277986 -8.788198
v -35.741669 21.737238 -8.788202
v -15.194996 -5.277985 -3.527808
v -15.194996 21.737240 -3.527813
v -33.227478 -5.277986 -10.762379
v -33.227478 21.737238 -10.762383
v -32.990757 -5.277982 10.445673
v -32.990757 21.737242 10.445668
v -35.548389 -5.277983 8.528103
v -35.548389 21.737242 8.528098
v -14.742399 -5.277984 -0.363363
v -14.742399 21.737240 -0.363367
v -30.287998 -5.277986 -12.018569
v -30.287998 21.737238 -12.018574
v -37.522572 -5.277983 6.013908
v -37.522572 21.737242 6.013904
vt 0.208333 0.000000
vt 0.250000 0.000000
vt 0.250000 0.999992
vt 0.208333 0.999992
vt 0.416666 0.000000
vt 0.458333 0.000000
vt 0.458333 0.999992
vt 0.416666 0.999992
vt 0.708333 0.000000
vt 0.750000 0.000000
vt 0.750000 0.999992
vt 0.708333 0.999992
vt 0.000000 0.000000
vt 0.041667 0.000000
vt 0.041667 0.999992
vt 0.000000 0.999992
vt 0.375000 0.000000
vt 0.375000 0.999992
vt 0.666667 0.000000
vt 0.666667 0.999992
vt 0.958333 0.000000
vt 1.000000 0.000000
vt 1.000000 0.999992
vt 0.958333 0.999992
vt 0.333333 0.000000
vt 0.333333 0.999992
vt 0.625000 0.000000
vt 0.625000 0.999992
vt 0.916666 0.000000
vt 0.916666 0.999992
vt 0.291667 0.000000
vt 0.291667 0.999992
vt 0.583333 0.000000
vt 0.583333 0.999992
vt 0.874999 0.000000
vt 0.874999 0.999992
vt 0.541666 0.000000
vt 0.541666 0.999992
vt 0.833333 0.000000
vt 0.833333 0.999992
vt 0.166667 0.000000
vt 0.166667 0.999992
vt 0.125000 0.000000
vt 0.125000 0.999992
vt 0.500000 0.000000
vt 0.500000 0.999992
vt 0.791666 0.000000
vt 0.791666 0.999992
vt 0.083333 0.000000
vt 0.083333 0.999992
vn -0.2480 0.0000 0.9688
vn 0.0112 0.0000 0.9999
vn 0.8716 0.0000 0.4903
vn 0.9688 0.0000 0.2480
vn 0.2480 -0.0000 -0.9688
vn -0.0112 -0.0000 -0.9999
vn -0.9999 0.0000 0.0112
vn -0.9630 0.0000 0.2696
vn 0.7150 0.0000 0.6992
vn 0.4903 -0.0000 -0.8716
vn -0.9688 -0.0000 -0.2480
vn 0.5096 0.0000 0.8604
vn 0.6992 -0.0000 -0.7150
vn -0.8716 -0.0000 -0.4903
vn 0.2696 0.0000 0.9630
vn 0.8604 -0.0000 -0.5096
vn -0.7150 -0.0000 -0.6992
vn 0.9630 -0.0000 -0.2696
vn -0.5096 -0.0000 -0.8604
vn -0.4903 0.0000 0.8716
vn -0.6992 0.0000 0.7150
vn 0.9999 0.0000 -0.0112
vn -0.2696 -0.0000 -0.9630
vn -0.8604 0.0000 0.5096
s 1
f 1506/1615/1759 1507/1616/1760 1508/1617/1760 1509/1618/1759
f 1510/1619/1761 1511/1620/1762 1512/1621/1762 1513/1622/1761
f 1514/1623/1763 1515/1624/1764 1516/1625/1764 1517/1626/1763
f 1518/1627/1765 1519/1628/1766 1520/1629/1766 1521/1630/1765
f 1522/1631/1767 1510/1619/1761 1513/1622/1761 1523/1632/1767
f 1524/1633/1768 1514/1623/1763 1517/1626/1763 1525/1634/1768
f 1526/1635/1769 1518/1636/1765 1521/1637/1765 1527/1638/1769
f 1528/1639/1770 1522/1631/1767 1523/1632/1767 1529/1640/1770
f 1530/1641/1771 1524/1633/1768 1525/1634/1768 1531/1642/1771
f 1532/1643/1772 1526/1635/1769 1527/1638/1769 1533/1644/1772
f 1534/1645/1773 1528/1639/1770 1529/1640/1770 1535/1646/1773
f 1536/1647/1774 1530/1641/1771 1531/1642/1771 1537/1648/1774
f 1538/1649/1775 1532/1643/1772 1533/1644/1772 1539/1650/1775
f 1507/1616/1760 1534/1645/1773 1535/1646/1773 1508/1617/1760
f 1540/1651/1776 1536/1647/1774 1537/1648/1774 1541/1652/1776
f 1542/1653/1777 1538/1649/1775 1539/1650/1775 1543/1654/1777
f 1544/1655/1778 1506/1615/1759 1509/1618/1759 1545/1656/1778
f 1546/1657/1779 1544/1655/1778 1545/1656/1778 1547/1658/1779
f 1548/1659/1780 1540/1651/1776 1541/1652/1776 1549/1660/1780
f 1550/1661/1781 1542/1653/1777 1543/1654/1777 1551/1662/1781
f 1552/1663/1782 1546/1657/1779 1547/1658/1779 1553/1664/1782
f 1511/1620/1762 1548/1659/1780 1549/1660/1780 1512/1621/1762
f 1515/1624/1764 1550/1661/1781 1551/1662/1781 1516/1625/1764
f 1519/1628/1766 1552/1663/1782 1553/1664/1782 1520/1629/1766
o bottom.002
v 24.614258 -19.527966 -7.984280
v 24.630478 -19.366667 -7.919262
v 26.965054 -19.366667 -8.185540
v 26.966215 -19.527966 -8.252542
v 29.307459 -19.527966 -7.902930
v 29.288994 -19.366667 -7.838514
v 31.443932 -19.366667 -6.901831
v 31.478437 -19.527966 -6.959274
v 26.966215 -21.234333 -8.252542
v 29.307459 -21.234333 -7.902930
v 22.411879 -19.527966 -7.116431
v 22.444374 -19.366667 -7.057826
v 20.509159 -19.527966 -5.708134
v 20.555716 -19.366667 -5.659935
v 19.035769 -19.527967 -3.855365
v 19.093212 -19.366669 -3.820859
v 18.092113 -19.527967 -1.684385
v 18.156532 -19.366669 -1.665922
v 17.742504 -19.527967 0.656856
v 17.809505 -19.366669 0.658018
v 18.010765 -19.527967 3.008808
v 18.075783 -19.366669 2.992588
v 18.878614 -19.527967 5.211186
v 18.937218 -19.366669 5.178692
v 20.286911 -19.527969 7.113908
v 20.335108 -19.366671 7.067352
v 22.139681 -19.527969 8.587299
v 22.174187 -19.366671 8.529856
v 24.310659 -19.527969 9.530954
v 24.329123 -19.366671 9.466538
v 26.651901 -19.527969 9.880565
v 26.653063 -19.366671 9.813563
v 29.003853 -19.527969 9.612304
v 28.987633 -19.366671 9.547287
v 31.206232 -19.527969 8.744455
v 31.173737 -19.366671 8.685851
v 33.108952 -19.527969 7.336159
v 33.062397 -19.366671 7.287961
v 34.582344 -19.527967 5.483390
v 34.524899 -19.366669 5.448884
v 35.526001 -19.527967 3.312411
v 35.461586 -19.366669 3.293948
v 35.875610 -19.527967 0.971170
v 35.808609 -19.366669 0.970008
v 35.607349 -19.527967 -1.380781
v 35.542332 -19.366669 -1.364563
v 34.739502 -19.527967 -3.583161
v 34.680897 -19.366669 -3.550666
v 33.331207 -19.527966 -5.485881
v 33.283009 -19.366667 -5.439326
v 29.153885 -23.493322 -7.367114
v 31.191416 -23.493322 -6.481462
v 31.025824 -23.493322 -6.205793
v 29.065281 -23.493322 -7.057978
v 26.966215 -22.940699 -8.252542
v 29.307459 -22.940699 -7.902931
v 29.262478 -23.331465 -7.745994
v 26.963387 -23.331465 -8.089311
v 26.956556 -23.493322 -7.695234
v 31.478437 -22.940699 -6.959275
v 31.394371 -23.331465 -6.819326
v 33.331207 -22.940699 -5.485882
v 33.213783 -23.331465 -5.372461
v 32.930298 -23.493322 -5.098636
v 34.739502 -22.940701 -3.583161
v 34.596725 -23.331467 -3.503995
v 34.252029 -23.493324 -3.312872
v 35.607349 -22.940701 -1.380782
v 35.448948 -23.331467 -1.341267
v 35.066532 -23.493324 -1.245871
v 35.875610 -22.940701 0.971169
v 35.712379 -23.331467 0.968340
v 35.318302 -23.493324 0.961509
v 35.526001 -22.940701 3.312410
v 35.369061 -23.331467 3.267430
v 34.990181 -23.493324 3.158837
v 34.582344 -22.940701 5.483390
v 34.442398 -23.331467 5.399324
v 34.104530 -23.493324 5.196370
v 33.108952 -22.940702 7.336159
v 32.995529 -23.331469 7.218736
v 32.721706 -23.493326 6.935251
v 31.206232 -22.940702 8.744455
v 31.127066 -23.331469 8.601678
v 30.935944 -23.493326 8.256981
v 29.003853 -22.940702 9.612303
v 28.964336 -23.331469 9.453901
v 28.868940 -23.493326 9.071486
v 26.651901 -22.940702 9.880565
v 26.654732 -23.331469 9.717334
v 26.661562 -23.493326 9.323256
v 24.310659 -22.940702 9.530953
v 24.355640 -23.331469 9.374017
v 24.464233 -23.493326 8.995136
v 22.139681 -22.940702 8.587298
v 22.223747 -23.331469 8.447351
v 22.426701 -23.493326 8.109486
v 20.286911 -22.940702 7.113907
v 20.404335 -23.331469 7.000485
v 20.687820 -23.493326 6.726662
v 18.878614 -22.940701 5.211186
v 19.021393 -23.331467 5.132021
v 19.366087 -23.493324 4.940897
v 18.010765 -22.940701 3.008807
v 18.169167 -23.331467 2.969291
v 18.551582 -23.493324 2.873895
v 17.742504 -22.940701 0.656856
v 17.905735 -23.331467 0.659685
v 18.299812 -23.493324 0.666516
v 18.092113 -22.940701 -1.684386
v 18.249052 -23.331467 -1.639404
v 18.627932 -23.493324 -1.530810
v 19.035769 -22.940701 -3.855365
v 19.175716 -23.331467 -3.771299
v 19.513582 -23.493324 -3.568346
v 20.509159 -22.940699 -5.708135
v 20.622581 -23.331465 -5.590713
v 20.896404 -23.493322 -5.307228
v 22.411879 -22.940699 -7.116431
v 22.491045 -23.331465 -6.973654
v 22.682167 -23.493322 -6.628958
v 24.614258 -22.940699 -7.984280
v 24.653772 -23.331465 -7.825879
v 24.749168 -23.493322 -7.443462
v 31.478437 -21.234333 -6.959275
v 33.331207 -21.234333 -5.485881
v 34.739502 -21.234335 -3.583161
v 35.607349 -21.234335 -1.380781
v 35.875610 -21.234335 0.971169
v 35.526001 -21.234335 3.312410
v 34.582344 -21.234335 5.483390
v 33.108952 -21.234337 7.336159
v 31.206232 -21.234337 8.744455
v 29.003853 -21.234337 9.612304
v 26.651901 -21.234337 9.880565
v 24.310659 -21.234337 9.530953
v 22.139681 -21.234337 8.587299
v 20.286911 -21.234337 7.113907
v 18.878614 -21.234335 5.211186
v 18.010765 -21.234335 3.008807
v 17.742504 -21.234335 0.656856
v 18.092113 -21.234335 -1.684386
v 19.035769 -21.234335 -3.855365
v 20.509159 -21.234333 -5.708134
v 22.411879 -21.234333 -7.116431
v 24.614258 -21.234333 -7.984280
v 34.754513 -23.493324 -1.168036
v 33.970787 -23.493324 -3.156933
v 33.828861 -23.493324 5.030776
v 34.681046 -23.493324 3.070235
v 28.791105 -23.493326 8.759466
v 30.780003 -23.493326 7.975739
v 22.592295 -23.493326 7.833817
v 24.552835 -23.493326 8.686001
v 18.863602 -23.493324 2.796060
v 19.647329 -23.493324 4.784957
v 19.789253 -23.493324 -3.402752
v 18.937067 -23.493324 -1.442208
v 24.827005 -23.493322 -7.131442
v 22.838106 -23.493322 -6.347715
v 26.950983 -23.493322 -7.373701
v 32.699001 -23.493324 -4.875219
v 34.996769 -23.493324 0.955936
v 32.498287 -23.493324 6.703951
v 26.667135 -23.493326 9.001723
v 20.919119 -23.493324 6.503246
v 18.621346 -23.493324 0.672089
v 21.119823 -23.493324 -5.075929
v 33.726490 -22.945841 4.969280
v 34.566246 -22.945841 3.037331
v 24.855911 -22.945839 -7.015571
v 22.896017 -22.945839 -6.243273
v 29.032379 -22.945839 -6.943178
v 26.948914 -22.945839 -7.254296
v 19.751772 -22.945841 4.727047
v 21.005013 -22.945841 6.420277
v 32.415321 -22.945841 6.618057
v 30.964329 -22.945839 -6.103421
v 18.979475 -22.945841 2.767155
v 30.722094 -22.945843 7.871296
v 32.613106 -22.945841 -4.792250
v 18.740751 -22.945841 0.674159
v 28.762201 -22.945843 8.643595
v 33.866344 -22.945841 -3.099024
v 19.051868 -22.945841 -1.409305
v 26.669205 -22.945843 8.882318
v 34.638641 -22.945841 -1.139130
v 19.891624 -22.945841 -3.341258
v 24.585739 -22.945843 8.571201
v 34.877365 -22.945841 0.953866
v 21.202791 -22.945841 -4.990033
v 22.653790 -22.945843 7.731443
vt 0.041666 0.595064
vt 0.041666 0.598930
vt -0.000000 0.598930
vt -0.000000 0.595064
vt 0.958333 0.595064
vt 0.958333 0.598930
vt 0.916667 0.598930
vt 0.916667 0.595064
vt 1.000000 0.554156
vt 1.000000 0.595064
vt 0.958333 0.554156
vt 0.083333 0.595064
vt 0.083333 0.598930
vt 0.125000 0.595064
vt 0.125000 0.598930
vt 0.166666 0.595064
vt 0.166666 0.598930
vt 0.208333 0.595064
vt 0.208333 0.598930
vt 0.250000 0.595064
vt 0.250000 0.598930
vt 0.291667 0.595064
vt 0.291667 0.598930
vt 0.333333 0.595064
vt 0.333333 0.598930
vt 0.375000 0.595064
vt 0.375000 0.598930
vt 0.416666 0.595064
vt 0.416666 0.598930
vt 0.458333 0.595064
vt 0.458333 0.598930
vt 0.500000 0.595064
vt 0.500000 0.598930
vt 0.541667 0.595064
vt 0.541667 0.598931
vt 0.583333 0.595064
vt 0.583333 0.598930
vt 0.625000 0.595064
vt 0.625000 0.598930
vt 0.666667 0.595064
vt 0.666667 0.598930
vt 0.708333 0.595064
vt 0.708333 0.598930
vt 0.750000 0.595064
vt 0.750000 0.598930
vt 0.791667 0.595064
vt 0.791667 0.598930
vt 0.833333 0.595064
vt 0.833333 0.598930
vt 0.875000 0.595064
vt 0.875000 0.598930
vt 0.808299 0.467573
vt 0.862624 0.445070
vt 0.862624 0.445070
vt 0.808299 0.467573
vt 1.000000 0.513248
vt 0.958333 0.513248
vt 0.958708 0.500000
vt 0.999625 0.500000
vt 0.750559 0.489926
vt 0.811557 0.481896
vt 0.750000 0.475248
vt 0.916667 0.513248
vt 0.917042 0.500000
vt 0.957958 0.500000
vt 0.812638 0.481606
vt 0.869479 0.458062
vt 0.875000 0.513248
vt 0.875375 0.500000
vt 0.916292 0.500000
vt 0.870447 0.457503
vt 0.919258 0.420049
vt 0.909274 0.409274
vt 0.833333 0.513248
vt 0.833708 0.500000
vt 0.874625 0.500000
vt 0.920049 0.419258
vt 0.957503 0.370447
vt 0.945070 0.362624
vt 0.791667 0.513248
vt 0.792042 0.500000
vt 0.832958 0.500000
vt 0.958062 0.369479
vt 0.981606 0.312638
vt 0.967572 0.308298
vt 0.750000 0.513248
vt 0.750375 0.500000
vt 0.791291 0.500000
vt 0.981896 0.311557
vt 0.989926 0.250559
vt 0.975247 0.250000
vt 0.708333 0.513248
vt 0.708708 0.500000
vt 0.749625 0.500000
vt 0.989926 0.249441
vt 0.981896 0.188443
vt 0.967573 0.191702
vt 0.666667 0.513248
vt 0.667042 0.500000
vt 0.707958 0.500000
vt 0.981606 0.187362
vt 0.958062 0.130521
vt 0.945070 0.137376
vt 0.625000 0.513248
vt 0.625375 0.500000
vt 0.666291 0.500000
vt 0.957503 0.129553
vt 0.920049 0.080742
vt 0.909274 0.090726
vt 0.583333 0.513248
vt 0.583708 0.500000
vt 0.624625 0.500000
vt 0.919258 0.079951
vt 0.870448 0.042497
vt 0.862624 0.054930
vt 0.541666 0.513248
vt 0.542042 0.500000
vt 0.582958 0.500000
vt 0.869479 0.041938
vt 0.812638 0.018394
vt 0.808298 0.032428
vt 0.500000 0.513248
vt 0.500375 0.500000
vt 0.541291 0.500000
vt 0.811557 0.018104
vt 0.750559 0.010074
vt 0.750000 0.024752
vt 0.458333 0.513248
vt 0.458708 0.500000
vt 0.499625 0.500000
vt 0.749441 0.010074
vt 0.688443 0.018104
vt 0.691702 0.032428
vt 0.416666 0.513248
vt 0.417042 0.500000
vt 0.457958 0.500000
vt 0.687362 0.018394
vt 0.630521 0.041938
vt 0.637376 0.054930
vt 0.375000 0.513248
vt 0.375375 0.500000
vt 0.416291 0.500000
vt 0.629553 0.042497
vt 0.580742 0.079951
vt 0.590726 0.090726
vt 0.333333 0.513248
vt 0.333708 0.500000
vt 0.374625 0.500000
vt 0.579951 0.080742
vt 0.542497 0.129552
vt 0.554930 0.137376
vt 0.291667 0.513248
vt 0.292042 0.500000
vt 0.332958 0.500000
vt 0.541938 0.130521
vt 0.518394 0.187362
vt 0.532428 0.191702
vt 0.250000 0.513248
vt 0.250375 0.500000
vt 0.291291 0.500000
vt 0.518104 0.188442
vt 0.510074 0.249441
vt 0.524752 0.250000
vt 0.208333 0.513248
vt 0.208708 0.500000
vt 0.249625 0.500000
vt 0.510074 0.250559
vt 0.518104 0.311557
vt 0.532427 0.308298
vt 0.166666 0.513248
vt 0.167042 0.500000
vt 0.207958 0.500000
vt 0.518394 0.312638
vt 0.541938 0.369479
vt 0.554930 0.362624
vt 0.125000 0.513248
vt 0.125375 0.500000
vt 0.166291 0.500000
vt 0.542497 0.370447
vt 0.579951 0.419258
vt 0.590726 0.409274
vt 0.083333 0.513248
vt 0.083708 0.500000
vt 0.124625 0.500000
vt 0.580742 0.420049
vt 0.629552 0.457503
vt 0.637376 0.445070
vt 0.041666 0.513248
vt 0.042042 0.500000
vt 0.082958 0.500000
vt 0.630521 0.458062
vt 0.687362 0.481606
vt 0.691701 0.467572
vt -0.000000 0.513248
vt 0.000375 0.500000
vt 0.041291 0.500000
vt 0.688442 0.481896
vt 0.749441 0.489926
vt 1.000000 0.598930
vt 0.916667 0.554156
vt 0.875000 0.554156
vt 0.833333 0.554156
vt 0.791667 0.554156
vt 0.750000 0.554156
vt 0.708333 0.554156
vt 0.666667 0.554156
vt 0.625000 0.554156
vt 0.583333 0.554156
vt 0.541667 0.554156
vt 0.500000 0.554156
vt 0.458333 0.554156
vt 0.416666 0.554156
vt 0.375000 0.554156
vt 0.333333 0.554156
vt 0.291667 0.554156
vt 0.250000 0.554156
vt 0.208333 0.554156
vt 0.166666 0.554156
vt 0.125000 0.554156
vt 0.083333 0.554156
vt 0.041666 0.554156
vt -0.000000 0.554156
vt 0.967572 0.308298
vt 0.945070 0.362624
vt 0.945070 0.137376
vt 0.967573 0.191702
vt 0.808298 0.032428
vt 0.862624 0.054930
vt 0.637376 0.054930
vt 0.691702 0.032428
vt 0.532428 0.191702
vt 0.554930 0.137376
vt 0.554930 0.362624
vt 0.532427 0.308298
vt 0.691701 0.467572
vt 0.637376 0.445070
vt 0.750000 0.475248
vt 0.909274 0.409274
vt 0.975247 0.250000
vt 0.909274 0.090726
vt 0.750000 0.024752
vt 0.590726 0.090726
vt 0.524752 0.250000
vt 0.590726 0.409274
vt 0.945070 0.137376
vt 0.967573 0.191702
vt 0.691701 0.467572
vt 0.637376 0.445070
vt 0.808299 0.467573
vt 0.750000 0.475248
vt 0.554930 0.137376
vt 0.590726 0.090726
vt 0.909274 0.090726
vt 0.862624 0.445070
vt 0.532428 0.191702
vt 0.862624 0.054930
vt 0.909274 0.409274
vt 0.524752 0.250000
vt 0.808298 0.032428
vt 0.945070 0.362624
vt 0.532427 0.308298
vt 0.750000 0.024752
vt 0.967572 0.308298
vt 0.554930 0.362624
vt 0.691702 0.032428
vt 0.975247 0.250000
vt 0.590726 0.409274
vt 0.637376 0.054930
vn -0.2375 0.1926 -0.9521
vn -0.2235 0.3837 -0.8960
vn 0.0160 0.3837 -0.9233
vn 0.0170 0.1926 -0.9811
vn 0.2704 0.1926 -0.9433
vn 0.2544 0.3837 -0.8877
vn 0.4755 0.3837 -0.7916
vn 0.5053 0.1926 -0.8412
vn 0.0173 0.0000 -0.9998
vn 0.2755 0.0000 -0.9613
vn -0.4758 0.1926 -0.8582
vn -0.4478 0.3837 -0.8076
vn -0.6817 0.1926 -0.7058
vn -0.6416 0.3837 -0.6642
vn -0.8412 0.1926 -0.5053
vn -0.7916 0.3837 -0.4755
vn -0.9433 0.1926 -0.2704
vn -0.8877 0.3837 -0.2544
vn -0.9811 0.1926 -0.0170
vn -0.9233 0.3837 -0.0160
vn -0.9521 0.1926 0.2375
vn -0.8960 0.3836 0.2235
vn -0.8582 0.1925 0.4758
vn -0.8076 0.3836 0.4478
vn -0.7058 0.1926 0.6817
vn -0.6642 0.3836 0.6416
vn -0.5053 0.1926 0.8412
vn -0.4755 0.3837 0.7916
vn -0.2704 0.1926 0.9433
vn -0.2544 0.3837 0.8877
vn -0.0170 0.1926 0.9811
vn -0.0160 0.3837 0.9233
vn 0.2375 0.1926 0.9521
vn 0.2235 0.3837 0.8960
vn 0.4758 0.1926 0.8582
vn 0.4478 0.3837 0.8076
vn 0.6817 0.1926 0.7058
vn 0.6416 0.3837 0.6642
vn 0.8412 0.1926 0.5053
vn 0.7916 0.3837 0.4755
vn 0.9433 0.1926 0.2704
vn 0.8877 0.3837 0.2544
vn 0.9811 0.1926 0.0170
vn 0.9233 0.3837 0.0160
vn 0.9521 0.1926 -0.2375
vn 0.8960 0.3837 -0.2235
vn 0.8582 0.1926 -0.4758
vn 0.8076 0.3836 -0.4478
vn 0.7058 0.1926 -0.6817
vn 0.6642 0.3837 -0.6416
vn 0.0576 -0.9779 -0.2009
vn 0.1076 -0.9779 -0.1792
vn 0.0000 -1.0000 -0.0000
vn 0.0170 -0.1935 -0.9810
vn 0.2703 -0.1935 -0.9431
vn 0.2542 -0.3855 -0.8870
vn 0.0160 -0.3855 -0.9226
vn 0.0066 -0.9250 -0.3798
vn 0.1047 -0.9250 -0.3652
vn 0.0036 -0.9779 -0.2090
vn 0.5052 -0.1935 -0.8410
vn 0.4751 -0.3855 -0.7910
vn 0.1956 -0.9250 -0.3256
vn 0.7057 -0.1935 -0.6816
vn 0.6637 -0.3855 -0.6410
vn 0.2732 -0.9250 -0.2639
vn 0.1503 -0.9779 -0.1452
vn 0.8580 -0.1935 -0.4758
vn 0.8070 -0.3855 -0.4474
vn 0.3322 -0.9250 -0.1842
vn 0.1828 -0.9779 -0.1014
vn 0.9519 -0.1935 -0.2375
vn 0.8953 -0.3855 -0.2233
vn 0.3686 -0.9250 -0.0919
vn 0.2028 -0.9779 -0.0506
vn 0.9810 -0.1935 0.0170
vn 0.9226 -0.3855 0.0160
vn 0.3798 -0.9250 0.0066
vn 0.2090 -0.9779 0.0036
vn 0.9431 -0.1935 0.2703
vn 0.8870 -0.3855 0.2542
vn 0.3652 -0.9250 0.1047
vn 0.2009 -0.9779 0.0576
vn 0.8410 -0.1935 0.5052
vn 0.7910 -0.3855 0.4751
vn 0.3256 -0.9250 0.1956
vn 0.1792 -0.9779 0.1076
vn 0.6816 -0.1935 0.7057
vn 0.6410 -0.3855 0.6637
vn 0.2639 -0.9250 0.2732
vn 0.1452 -0.9779 0.1503
vn 0.4758 -0.1935 0.8580
vn 0.4474 -0.3855 0.8070
vn 0.1842 -0.9250 0.3322
vn 0.1014 -0.9779 0.1828
vn 0.2375 -0.1935 0.9519
vn 0.2233 -0.3855 0.8953
vn 0.0919 -0.9250 0.3686
vn 0.0506 -0.9779 0.2028
vn -0.0170 -0.1935 0.9810
vn -0.0160 -0.3855 0.9226
vn -0.0066 -0.9250 0.3798
vn -0.0036 -0.9779 0.2090
vn -0.2703 -0.1935 0.9431
vn -0.2542 -0.3855 0.8870
vn -0.1047 -0.9250 0.3652
vn -0.0576 -0.9779 0.2009
vn -0.5052 -0.1935 0.8410
vn -0.4751 -0.3855 0.7910
vn -0.1956 -0.9250 0.3256
vn -0.1076 -0.9779 0.1792
vn -0.7057 -0.1935 0.6816
vn -0.6637 -0.3855 0.6410
vn -0.2732 -0.9250 0.2639
vn -0.1503 -0.9779 0.1452
vn -0.8580 -0.1935 0.4758
vn -0.8070 -0.3855 0.4474
vn -0.3322 -0.9250 0.1842
vn -0.1828 -0.9779 0.1014
vn -0.9519 -0.1935 0.2375
vn -0.8953 -0.3855 0.2233
vn -0.3686 -0.9250 0.0919
vn -0.2028 -0.9779 0.0506
vn -0.9810 -0.1935 -0.0170
vn -0.9226 -0.3855 -0.0160
vn -0.3798 -0.9250 -0.0066
vn -0.2090 -0.9779 -0.0036
vn -0.9431 -0.1935 -0.2703
vn -0.8870 -0.3855 -0.2542
vn -0.3652 -0.9250 -0.1047
vn -0.2009 -0.9779 -0.0576
vn -0.8410 -0.1935 -0.5052
vn -0.7910 -0.3855 -0.4751
vn -0.3256 -0.9250 -0.1956
vn -0.1792 -0.9779 -0.1076
vn -0.6816 -0.1935 -0.7057
vn -0.6410 -0.3855 -0.6637
vn -0.2639 -0.9250 -0.2732
vn -0.1452 -0.9779 -0.1503
vn -0.4758 -0.1935 -0.8580
vn -0.4474 -0.3855 -0.8070
vn -0.1842 -0.9250 -0.3322
vn -0.1014 -0.9779 -0.1828
vn -0.2375 -0.1935 -0.9519
vn -0.2233 -0.3855 -0.8953
vn -0.0919 -0.9250 -0.3686
vn -0.0506 -0.9779 -0.2028
vn 0.5149 0.0000 -0.8572
vn 0.7193 0.0000 -0.6947
vn 0.8746 0.0000 -0.4849
vn 0.9703 0.0000 -0.2420
vn 0.9998 0.0000 0.0173
vn 0.9613 0.0000 0.2755
vn 0.8572 0.0000 0.5149
vn 0.6947 0.0000 0.7193
vn 0.4849 -0.0000 0.8746
vn 0.2420 -0.0000 0.9703
vn -0.0173 -0.0000 0.9998
vn -0.2755 -0.0000 0.9613
vn -0.5149 -0.0000 0.8572
vn -0.7193 -0.0000 0.6947
vn -0.8746 -0.0000 0.4849
vn -0.9703 0.0000 0.2420
vn -0.9998 0.0000 -0.0173
vn -0.9613 0.0000 -0.2755
vn -0.8572 0.0000 -0.5149
vn -0.6947 0.0000 -0.7193
vn -0.4849 0.0000 -0.8746
vn -0.2420 0.0000 -0.9703
vn -0.9392 -0.2131 -0.2692
vn -0.8375 -0.2131 -0.5031
vn 0.4738 -0.2131 0.8545
vn 0.2365 -0.2131 0.9480
vn -0.0169 -0.2131 0.9769
vn -0.2692 -0.2131 0.9392
vn 0.7027 -0.2131 -0.6788
vn 0.8545 -0.2131 -0.4738
vn -0.6788 -0.2131 -0.7027
vn -0.5031 -0.2131 0.8375
vn 0.9480 -0.2131 -0.2365
vn -0.4738 -0.2131 -0.8545
vn -0.7027 -0.2131 0.6788
vn 0.9769 -0.2131 0.0169
vn -0.2365 -0.2131 -0.9480
vn -0.8545 -0.2131 0.4738
vn 0.9392 -0.2131 0.2692
vn 0.0169 -0.2131 -0.9769
vn -0.9480 -0.2131 0.2365
vn 0.8375 -0.2131 0.5031
vn 0.2692 -0.2131 -0.9392
vn -0.9769 -0.2131 -0.0169
vn 0.6788 -0.2131 0.7027
vn 0.5031 -0.2131 -0.8375
vn 0.0000 1.0000 0.0000
s 1
f 1554/1665/1783 1555/1666/1784 1556/1667/1785 1557/1668/1786
f 1558/1669/1787 1559/1670/1788 1560/1671/1789 1561/1672/1790
f 1562/1673/1791 1557/1674/1786 1558/1669/1787 1563/1675/1792
f 1564/1676/1793 1565/1677/1794 1555/1666/1784 1554/1665/1783
f 1566/1678/1795 1567/1679/1796 1565/1677/1794 1564/1676/1793
f 1568/1680/1797 1569/1681/1798 1567/1679/1796 1566/1678/1795
f 1570/1682/1799 1571/1683/1800 1569/1681/1798 1568/1680/1797
f 1572/1684/1801 1573/1685/1802 1571/1683/1800 1570/1682/1799
f 1574/1686/1803 1575/1687/1804 1573/1685/1802 1572/1684/1801
f 1576/1688/1805 1577/1689/1806 1575/1687/1804 1574/1686/1803
f 1578/1690/1807 1579/1691/1808 1577/1689/1806 1576/1688/1805
f 1580/1692/1809 1581/1693/1810 1579/1691/1808 1578/1690/1807
f 1582/1694/1811 1583/1695/1812 1581/1693/1810 1580/1692/1809
f 1584/1696/1813 1585/1697/1814 1583/1695/1812 1582/1694/1811
f 1586/1698/1815 1587/1699/1816 1585/1697/1814 1584/1696/1813
f 1588/1700/1817 1589/1701/1818 1587/1699/1816 1586/1698/1815
f 1590/1702/1819 1591/1703/1820 1589/1701/1818 1588/1700/1817
f 1592/1704/1821 1593/1705/1822 1591/1703/1820 1590/1702/1819
f 1594/1706/1823 1595/1707/1824 1593/1705/1822 1592/1704/1821
f 1596/1708/1825 1597/1709/1826 1595/1707/1824 1594/1706/1823
f 1598/1710/1827 1599/1711/1828 1597/1709/1826 1596/1708/1825
f 1600/1712/1829 1601/1713/1830 1599/1711/1828 1598/1710/1827
f 1602/1714/1831 1603/1715/1832 1601/1713/1830 1600/1712/1829
f 1561/1672/1790 1560/1671/1789 1603/1715/1832 1602/1714/1831
f 1604/1716/1833 1605/1717/1834 1606/1718/1835 1607/1719/1835
f 1608/1720/1836 1609/1721/1837 1610/1722/1838 1611/1723/1839
f 1611/1724/1840 1610/1725/1841 1604/1716/1833 1612/1726/1842
f 1609/1721/1837 1613/1727/1843 1614/1728/1844 1610/1729/1838
f 1610/1730/1841 1614/1731/1845 1605/1717/1834 1604/1716/1833
f 1613/1727/1843 1615/1732/1846 1616/1733/1847 1614/1734/1844
f 1614/1735/1845 1616/1736/1848 1617/1737/1849 1605/1717/1834
f 1615/1732/1846 1618/1738/1850 1619/1739/1851 1616/1740/1847
f 1616/1741/1848 1619/1742/1852 1620/1743/1853 1617/1737/1849
f 1618/1738/1850 1621/1744/1854 1622/1745/1855 1619/1746/1851
f 1619/1747/1852 1622/1748/1856 1623/1749/1857 1620/1743/1853
f 1621/1744/1854 1624/1750/1858 1625/1751/1859 1622/1752/1855
f 1622/1753/1856 1625/1754/1860 1626/1755/1861 1623/1749/1857
f 1624/1750/1858 1627/1756/1862 1628/1757/1863 1625/1758/1859
f 1625/1759/1860 1628/1760/1864 1629/1761/1865 1626/1755/1861
f 1627/1756/1862 1630/1762/1866 1631/1763/1867 1628/1764/1863
f 1628/1765/1864 1631/1766/1868 1632/1767/1869 1629/1761/1865
f 1630/1762/1866 1633/1768/1870 1634/1769/1871 1631/1770/1867
f 1631/1771/1868 1634/1772/1872 1635/1773/1873 1632/1767/1869
f 1633/1768/1870 1636/1774/1874 1637/1775/1875 1634/1776/1871
f 1634/1777/1872 1637/1778/1876 1638/1779/1877 1635/1773/1873
f 1636/1774/1874 1639/1780/1878 1640/1781/1879 1637/1782/1875
f 1637/1783/1876 1640/1784/1880 1641/1785/1881 1638/1779/1877
f 1639/1780/1878 1642/1786/1882 1643/1787/1883 1640/1788/1879
f 1640/1789/1880 1643/1790/1884 1644/1791/1885 1641/1785/1881
f 1642/1786/1882 1645/1792/1886 1646/1793/1887 1643/1794/1883
f 1643/1795/1884 1646/1796/1888 1647/1797/1889 1644/1791/1885
f 1645/1792/1886 1648/1798/1890 1649/1799/1891 1646/1800/1887
f 1646/1801/1888 1649/1802/1892 1650/1803/1893 1647/1797/1889
f 1648/1798/1890 1651/1804/1894 1652/1805/1895 1649/1806/1891
f 1649/1807/1892 1652/1808/1896 1653/1809/1897 1650/1803/1893
f 1651/1804/1894 1654/1810/1898 1655/1811/1899 1652/1812/1895
f 1652/1813/1896 1655/1814/1900 1656/1815/1901 1653/1809/1897
f 1654/1810/1898 1657/1816/1902 1658/1817/1903 1655/1818/1899
f 1655/1819/1900 1658/1820/1904 1659/1821/1905 1656/1815/1901
f 1657/1816/1902 1660/1822/1906 1661/1823/1907 1658/1824/1903
f 1658/1825/1904 1661/1826/1908 1662/1827/1909 1659/1821/1905
f 1660/1822/1906 1663/1828/1910 1664/1829/1911 1661/1830/1907
f 1661/1831/1908 1664/1832/1912 1665/1833/1913 1662/1827/1909
f 1663/1828/1910 1666/1834/1914 1667/1835/1915 1664/1836/1911
f 1664/1837/1912 1667/1838/1916 1668/1839/1917 1665/1833/1913
f 1666/1834/1914 1669/1840/1918 1670/1841/1919 1667/1842/1915
f 1667/1843/1916 1670/1844/1920 1671/1845/1921 1668/1839/1917
f 1669/1840/1918 1672/1846/1922 1673/1847/1923 1670/1848/1919
f 1670/1849/1920 1673/1850/1924 1674/1851/1925 1671/1845/1921
f 1672/1846/1922 1675/1852/1926 1676/1853/1927 1673/1854/1923
f 1673/1855/1924 1676/1856/1928 1677/1857/1929 1674/1851/1925
f 1675/1852/1926 1608/1858/1836 1611/1859/1839 1676/1860/1927
f 1676/1861/1928 1611/1862/1840 1612/1726/1842 1677/1857/1929
f 1557/1674/1786 1556/1863/1785 1559/1670/1788 1558/1669/1787
f 1678/1864/1930 1561/1672/1790 1602/1714/1831 1679/1865/1931
f 1679/1865/1931 1602/1714/1831 1600/1712/1829 1680/1866/1932
f 1680/1866/1932 1600/1712/1829 1598/1710/1827 1681/1867/1933
f 1681/1867/1933 1598/1710/1827 1596/1708/1825 1682/1868/1934
f 1682/1868/1934 1596/1708/1825 1594/1706/1823 1683/1869/1935
f 1683/1869/1935 1594/1706/1823 1592/1704/1821 1684/1870/1936
f 1684/1870/1936 1592/1704/1821 1590/1702/1819 1685/1871/1937
f 1685/1871/1937 1590/1702/1819 1588/1700/1817 1686/1872/1938
f 1686/1872/1938 1588/1700/1817 1586/1698/1815 1687/1873/1939
f 1687/1873/1939 1586/1698/1815 1584/1696/1813 1688/1874/1940
f 1688/1874/1940 1584/1696/1813 1582/1694/1811 1689/1875/1941
f 1689/1875/1941 1582/1694/1811 1580/1692/1809 1690/1876/1942
f 1690/1876/1942 1580/1692/1809 1578/1690/1807 1691/1877/1943
f 1691/1877/1943 1578/1690/1807 1576/1688/1805 1692/1878/1944
f 1692/1878/1944 1576/1688/1805 1574/1686/1803 1693/1879/1945
f 1693/1879/1945 1574/1686/1803 1572/1684/1801 1694/1880/1946
f 1694/1880/1946 1572/1684/1801 1570/1682/1799 1695/1881/1947
f 1695/1881/1947 1570/1682/1799 1568/1680/1797 1696/1882/1948
f 1696/1882/1948 1568/1680/1797 1566/1678/1795 1697/1883/1949
f 1697/1883/1949 1566/1678/1795 1564/1676/1793 1698/1884/1950
f 1698/1884/1950 1564/1676/1793 1554/1665/1783 1699/1885/1951
f 1563/1675/1792 1558/1669/1787 1561/1672/1790 1678/1864/1930
f 1699/1885/1951 1554/1665/1783 1557/1668/1786 1562/1886/1791
f 1620/1743/1853 1623/1749/1857 1700/1887/1835 1701/1888/1835
f 1629/1761/1865 1632/1767/1869 1702/1889/1835 1703/1890/1835
f 1638/1779/1877 1641/1785/1881 1704/1891/1835 1705/1892/1835
f 1647/1797/1889 1650/1803/1893 1706/1893/1835 1707/1894/1835
f 1656/1815/1901 1659/1821/1905 1708/1895/1835 1709/1896/1835
f 1665/1833/1913 1668/1839/1917 1710/1897/1835 1711/1898/1835
f 1674/1851/1925 1677/1857/1929 1712/1899/1835 1713/1900/1835
f 1612/1726/1842 1604/1716/1833 1607/1719/1835 1714/1901/1835
f 1617/1737/1849 1620/1743/1853 1701/1888/1835 1715/1902/1835
f 1626/1755/1861 1629/1761/1865 1703/1890/1835 1716/1903/1835
f 1635/1773/1873 1638/1779/1877 1705/1892/1835 1717/1904/1835
f 1644/1791/1885 1647/1797/1889 1707/1894/1835 1718/1905/1835
f 1653/1809/1897 1656/1815/1901 1709/1896/1835 1719/1906/1835
f 1662/1827/1909 1665/1833/1913 1711/1898/1835 1720/1907/1835
f 1671/1845/1921 1674/1851/1925 1713/1900/1835 1721/1908/1835
f 1677/1857/1929 1612/1726/1842 1714/1901/1835 1712/1899/1835
f 1605/1717/1834 1617/1737/1849 1715/1902/1835 1606/1718/1835
f 1623/1749/1857 1626/1755/1861 1716/1903/1835 1700/1887/1835
f 1632/1767/1869 1635/1773/1873 1717/1904/1835 1702/1889/1835
f 1641/1785/1881 1644/1791/1885 1718/1905/1835 1704/1891/1835
f 1650/1803/1893 1653/1809/1897 1719/1906/1835 1706/1893/1835
f 1659/1821/1905 1662/1827/1909 1720/1907/1835 1708/1895/1835
f 1668/1839/1917 1671/1845/1921 1721/1908/1835 1710/1897/1835
f 1703/1890/1952 1702/1889/1953 1722/1909/1953 1723/1910/1952
f 1713/1900/1954 1712/1899/1955 1724/1911/1955 1725/1912/1954
f 1714/1901/1956 1607/1719/1957 1726/1913/1957 1727/1914/1956
f 1719/1906/1958 1709/1896/1959 1728/1915/1959 1729/1916/1958
f 1702/1889/1953 1717/1904/1960 1730/1917/1960 1722/1909/1953
f 1712/1899/1955 1714/1901/1956 1727/1914/1956 1724/1911/1955
f 1607/1719/1957 1606/1718/1961 1731/1918/1961 1726/1913/1957
f 1709/1896/1959 1708/1895/1962 1732/1919/1962 1728/1915/1959
f 1717/1904/1960 1705/1892/1963 1733/1920/1963 1730/1917/1960
f 1606/1718/1961 1715/1902/1964 1734/1921/1964 1731/1918/1961
f 1708/1895/1962 1720/1907/1965 1735/1922/1965 1732/1919/1962
f 1705/1892/1963 1704/1891/1966 1736/1923/1966 1733/1920/1963
f 1715/1902/1964 1701/1888/1967 1737/1924/1967 1734/1921/1964
f 1720/1907/1965 1711/1898/1968 1738/1925/1968 1735/1922/1965
f 1704/1891/1966 1718/1905/1969 1739/1926/1969 1736/1923/1966
f 1701/1888/1967 1700/1887/1970 1740/1927/1970 1737/1924/1967
f 1711/1898/1968 1710/1897/1971 1741/1928/1971 1738/1925/1968
f 1718/1905/1969 1707/1894/1972 1742/1929/1972 1739/1926/1969
f 1700/1887/1970 1716/1903/1973 1743/1930/1973 1740/1927/1970
f 1710/1897/1971 1721/1908/1974 1744/1931/1974 1741/1928/1971
f 1707/1894/1972 1706/1893/1975 1745/1932/1975 1742/1929/1972
f 1716/1903/1973 1703/1890/1952 1723/1910/1952 1743/1930/1973
f 1721/1908/1974 1713/1900/1954 1725/1912/1954 1744/1931/1974
f 1706/1893/1975 1719/1906/1958 1729/1916/1958 1745/1932/1975
f 1724/1911/1835 1741/1928/1835 1744/1931/1835 1725/1912/1835
f 1727/1914/1835 1738/1925/1835 1741/1928/1835 1724/1911/1835
f 1726/1913/1835 1735/1922/1835 1738/1925/1835 1727/1914/1835
f 1731/1918/1835 1732/1919/1835 1735/1922/1835 1726/1913/1835
f 1734/1921/1835 1728/1915/1835 1732/1919/1835 1731/1918/1835
f 1737/1924/1835 1729/1916/1835 1728/1915/1835 1734/1921/1835
f 1740/1927/1835 1745/1932/1835 1729/1916/1835 1737/1924/1835
f 1743/1930/1835 1742/1929/1835 1745/1932/1835 1740/1927/1835
f 1723/1910/1835 1739/1926/1835 1742/1929/1835 1743/1930/1835
f 1722/1909/1835 1736/1923/1835 1739/1926/1835 1723/1910/1835
f 1730/1917/1835 1733/1920/1835 1736/1923/1835 1722/1909/1835
f 1591/1703/1976 1585/1697/1976 1587/1699/1976 1589/1701/1976
f 1593/1705/1976 1583/1695/1976 1585/1697/1976 1591/1703/1976
f 1595/1707/1976 1581/1693/1976 1583/1695/1976 1593/1705/1976
f 1597/1709/1976 1579/1691/1976 1581/1693/1976 1595/1707/1976
f 1599/1711/1976 1577/1689/1976 1579/1691/1976 1597/1709/1976
f 1601/1713/1976 1575/1687/1976 1577/1689/1976 1599/1711/1976
f 1603/1715/1976 1573/1685/1976 1575/1687/1976 1601/1713/1976
f 1560/1671/1976 1571/1683/1976 1573/1685/1976 1603/1715/1976
f 1559/1670/1976 1569/1681/1976 1571/1683/1976 1560/1671/1976
f 1556/1863/1976 1567/1679/1976 1569/1681/1976 1559/1670/1976
f 1555/1666/1976 1565/1677/1976 1567/1679/1976 1556/1667/1976
f 1675/1852/1926 1699/1885/1951 1562/1886/1791 1608/1858/1836
f 1609/1721/1837 1563/1675/1792 1678/1864/1930 1613/1727/1843
f 1672/1846/1922 1698/1884/1950 1699/1885/1951 1675/1852/1926
f 1669/1840/1918 1697/1883/1949 1698/1884/1950 1672/1846/1922
f 1666/1834/1914 1696/1882/1948 1697/1883/1949 1669/1840/1918
f 1663/1828/1910 1695/1881/1947 1696/1882/1948 1666/1834/1914
f 1660/1822/1906 1694/1880/1946 1695/1881/1947 1663/1828/1910
f 1657/1816/1902 1693/1879/1945 1694/1880/1946 1660/1822/1906
f 1654/1810/1898 1692/1878/1944 1693/1879/1945 1657/1816/1902
f 1651/1804/1894 1691/1877/1943 1692/1878/1944 1654/1810/1898
f 1648/1798/1890 1690/1876/1942 1691/1877/1943 1651/1804/1894
f 1645/1792/1886 1689/1875/1941 1690/1876/1942 1648/1798/1890
f 1642/1786/1882 1688/1874/1940 1689/1875/1941 1645/1792/1886
f 1639/1780/1878 1687/1873/1939 1688/1874/1940 1642/1786/1882
f 1636/1774/1874 1686/1872/1938 1687/1873/1939 1639/1780/1878
f 1633/1768/1870 1685/1871/1937 1686/1872/1938 1636/1774/1874
f 1630/1762/1866 1684/1870/1936 1685/1871/1937 1633/1768/1870
f 1627/1756/1862 1683/1869/1935 1684/1870/1936 1630/1762/1866
f 1624/1750/1858 1682/1868/1934 1683/1869/1935 1627/1756/1862
f 1621/1744/1854 1681/1867/1933 1682/1868/1934 1624/1750/1858
f 1618/1738/1850 1680/1866/1932 1681/1867/1933 1621/1744/1854
f 1615/1732/1846 1679/1865/1931 1680/1866/1932 1618/1738/1850
f 1613/1727/1843 1678/1864/1930 1679/1865/1931 1615/1732/1846
f 1608/1720/1836 1562/1673/1791 1563/1675/1792 1609/1721/1837
o cover.002
v 35.511154 21.668348 -7.591538
v 33.039120 21.668348 -9.557392
v 33.190228 21.668348 -9.808949
v 35.722221 21.668348 -7.795413
v 35.310181 22.921469 9.615055
v 37.298389 22.921469 7.114914
v 36.565731 22.921471 6.674809
v 34.716396 22.921469 9.000319
v 38.548069 21.668346 -2.114358
v 37.390156 21.668348 -5.052855
v 37.646797 21.668348 -5.195155
v 38.832798 21.668346 -2.185385
v 37.510464 22.921473 -5.119560
v 35.610096 22.921473 -7.687107
v 34.995361 22.921473 -7.093319
v 36.762989 22.921471 -4.705112
v 26.594282 22.103586 13.204364
v 29.808462 22.103586 12.837760
v 29.808462 22.766909 12.837760
v 26.594282 22.766909 13.204364
v 29.737434 21.668344 12.553033
v 32.675934 21.668344 11.395116
v 32.818233 21.668344 11.651758
v 29.808462 21.668344 12.837760
v 38.571766 22.921471 4.185379
v 39.043533 22.921471 1.026089
v 38.188980 22.921471 1.011276
v 37.750160 22.921471 3.949894
v 38.681541 22.921471 -2.147652
v 37.852268 22.921471 -1.940786
v 38.439529 21.668346 4.147477
v 38.905994 21.668346 1.023705
v 39.199402 21.668346 1.028791
v 38.721622 21.668346 4.228329
v 26.599369 21.668344 12.910955
v 26.594282 21.668344 13.204364
v 35.214615 21.668344 9.516113
v 37.180466 21.668344 7.044080
v 37.432026 21.668344 7.195189
v 35.418488 21.668344 9.727181
v 30.142517 21.668348 -10.816454
v 27.018744 21.668348 -11.282919
v 27.023830 21.668348 -11.576327
v 30.223370 21.668348 -11.098550
v 38.963326 22.103588 -1.707708
v 37.646797 22.103590 -5.195155
v 37.646797 22.766912 -5.195155
v 38.963326 22.766911 -1.707708
v 26.596985 22.921469 13.048495
v 29.770729 22.921469 12.686503
v 29.563864 22.921469 11.857234
v 26.611797 22.921469 12.193942
v 33.109955 22.921473 -9.675314
v 30.180418 22.921473 -10.948691
v 29.944935 22.921473 -10.127088
v 32.669849 22.921473 -8.942655
v 32.742638 22.921469 11.515420
v 32.328190 22.921469 10.767950
v 30.223370 22.103590 -11.098550
v 27.023830 22.103590 -11.576327
v 27.023830 22.766912 -11.576327
v 30.223370 22.766912 -11.098550
v 35.722221 22.103590 -7.795413
v 35.722221 22.766912 -7.795413
v 35.418488 22.103586 9.727181
v 37.432026 22.103586 7.195189
v 37.432026 22.766909 7.195189
v 35.418488 22.766909 9.727182
v 34.437202 19.665596 -6.554183
v 32.270046 19.665228 -8.277087
v 32.003979 19.182913 -7.834156
v 34.065277 19.182913 -6.194932
v 38.868629 22.103588 3.755462
v 38.868629 22.766911 3.755463
v 32.818233 22.103586 11.651758
v 32.818233 22.766909 11.651758
v 33.190228 22.103590 -9.808949
v 33.190228 22.766912 -9.808949
v 36.084831 19.666149 -4.329095
v 35.632076 19.182911 -4.078059
v 36.944351 19.669758 3.884805
v 37.395241 19.648945 0.997517
v 36.896057 19.182911 0.988864
v 36.277664 19.182911 4.121444
v 31.952477 19.666737 10.090341
v 34.178593 19.667385 8.443542
v 33.818008 19.182909 8.070237
v 31.701136 19.182909 9.637037
v 37.050743 19.666939 -1.880129
v 36.421387 19.182911 -2.074981
v 24.242233 19.665020 -9.475648
v 24.367239 19.182913 -8.974527
v 26.983904 19.182913 -9.272980
v 26.992853 19.664951 -9.789307
v 35.903046 19.668367 6.276737
v 35.457230 19.182911 6.008938
v 26.625235 19.666248 11.418736
v 29.376236 19.666367 11.105088
v 29.250877 19.182909 10.602564
v 26.634209 19.182909 10.901017
v 29.730953 19.665020 -9.380507
v 29.588654 19.182913 -8.884020
v 32.242569 22.768278 10.613529
v 34.593727 22.768278 8.873322
v 34.347351 20.140947 8.618257
v 32.070606 20.140947 10.303390
v 34.868362 22.768282 -6.970649
v 32.578926 22.768282 -8.791294
v 32.396320 20.140951 -8.487302
v 34.613297 20.140951 -6.724277
v 38.012436 22.768280 1.008216
v 37.680954 22.768280 -1.898049
v 37.336872 20.140949 -1.812217
v 37.657867 20.140949 1.002070
v 36.414368 22.768280 6.583888
v 36.110374 20.140949 6.401280
v 26.614857 22.768278 12.017399
v 29.521126 22.768278 11.685915
v 29.435293 20.140947 11.341835
v 26.621004 20.140947 11.662830
v 29.896286 22.768282 -9.957354
v 27.003256 22.768282 -10.389361
v 26.997108 20.140951 -10.034793
v 29.798580 20.140951 -9.616455
v 36.608566 22.768280 -4.619490
v 36.298428 20.140949 -4.447529
v 37.580429 22.768280 3.901246
v 37.239529 20.140949 3.803540
v 31.391628 20.026783 -3.612392
v 30.089842 20.026783 -4.647622
v 28.711721 19.272995 -2.353413
v 29.466681 19.272995 -1.753041
v 32.933723 20.026783 2.569435
v 33.127934 20.026783 1.268881
v 30.452030 19.272995 1.222501
v 30.361008 19.272995 1.832058
v 31.235470 20.026783 5.396589
v 32.270699 20.026783 4.094802
v 29.976490 19.272995 2.716681
v 29.376118 19.272995 3.471642
v 32.990883 20.026783 -0.728080
v 32.381123 20.026783 -2.275508
v 30.040527 19.272995 -0.977726
v 30.394156 19.272995 -0.080308
v 26.698633 20.026781 7.184330
v 28.351156 20.026781 6.995845
v 27.703384 19.272995 4.399117
v 26.745018 19.272995 4.508427
v 29.898586 20.026783 6.386081
v 28.600803 19.272995 4.045488
v 30.463999 19.272995 0.532037
v 26.814968 18.872561 0.472997
v 28.564476 20.026785 -5.310649
v 27.827097 19.272995 -2.737930
v 31.517513 20.031578 5.688584
v 30.095446 20.031576 6.741124
v 30.298889 20.031580 -4.995630
v 31.683624 20.031578 -3.894437
v 33.169853 20.031578 3.035873
v 33.273460 20.645481 3.038018
v 31.654104 21.351467 2.463360
v 31.579977 20.965759 2.461828
v 32.618706 20.031578 4.303849
v 28.449417 20.031576 7.389744
v 26.691597 20.031576 7.590238
v 28.676327 20.031580 -5.700906
v 26.926516 20.031580 -5.962201
v 32.736164 20.031578 -2.472369
v 33.266407 20.031578 -1.126746
v 26.803144 18.872561 1.155041
v 33.139900 20.026783 0.578425
v 26.922993 20.051794 -5.758975
v 28.620327 20.051794 -5.505517
v 26.919479 20.026785 -5.556292
v 31.537430 20.051792 -3.753225
v 32.558403 20.051792 -2.373806
v 31.376303 20.051792 5.542391
v 29.996883 20.051792 6.563365
v 33.128593 20.051792 2.625287
v 32.444469 20.051792 4.199185
v 28.400221 20.051790 7.192531
v 30.194225 20.051792 -4.821393
v 33.187569 20.051792 -0.777144
v 33.535213 20.031578 0.608330
v 31.840628 20.965759 0.576569
v 31.651836 20.965759 -0.628224
v 31.827316 20.965759 1.220617
v 30.884449 21.215855 2.287307
v 31.076073 21.222939 1.205838
v 26.695120 20.051790 7.387012
v 26.873095 19.272995 -2.880388
v 27.023039 22.876204 -11.530674
v 30.210789 22.876204 -11.054657
v 27.021128 22.921473 -11.420459
v 35.689381 22.876204 -7.763690
v 37.606865 22.876204 -5.173014
v 39.199402 22.766911 1.028791
v 39.153751 22.876202 1.028000
v 38.677731 22.876202 4.215748
v 35.386768 22.876200 9.694341
v 32.796093 22.876200 11.611827
v 37.392883 22.876200 7.171678
v 29.797411 22.876200 12.793459
v 33.166718 22.876204 -9.769810
v 38.788498 22.876202 -2.174334
v 26.595074 22.876200 13.158710
v 27.006315 22.921473 -10.565905
v 27.004299 22.876604 -10.449634
v 29.912895 22.876604 -10.015301
v 34.911720 22.876604 -7.012529
v 36.661289 22.876602 -4.648722
v 38.072708 22.876602 1.009261
v 37.638374 22.876602 3.917855
v 34.635605 22.876600 8.916679
v 32.271797 22.876600 10.666246
v 36.466045 22.876602 6.614929
v 29.535717 22.876600 11.744404
v 32.609970 22.876604 -8.842968
v 37.739437 22.876602 -1.912639
v 26.613813 22.876600 12.077671
v 33.370014 20.645481 -1.124601
v 36.386517 19.297678 -2.065044
v 36.241634 19.301474 4.131709
v 36.840000 19.367382 1.004837
v 36.232582 19.367382 4.081813
v 33.698395 20.701820 0.933817
v 33.293941 20.701820 2.982627
v 36.374008 19.367382 -2.003025
v 33.388191 20.701820 -1.068436
v 30.935108 21.605007 2.285512
v 28.392071 21.859337 1.784047
v 28.416702 22.246063 1.784624
v 27.410980 22.334522 1.662161
v 27.410862 21.948799 1.663001
v 28.531591 22.311367 0.832389
v 28.463461 22.304207 -0.040087
v 27.439274 22.392654 0.037727
v 27.426548 22.397259 0.809381
v 28.426916 22.303768 1.728485
v 27.412035 22.392315 1.605171
v 29.117069 21.704533 -0.184699
v 29.210560 21.708218 0.523915
v 28.478102 21.864727 0.508846
v 28.430779 21.859791 -0.097160
v 29.070391 21.704296 1.902313
v 29.118727 22.085873 1.905361
v 31.745434 21.407192 -0.570568
v 31.976101 21.407192 0.901465
v 31.675875 21.407192 2.408073
v 31.725965 21.351467 -0.626692
v 31.190357 21.671188 0.885966
v 30.952366 21.662098 2.229508
v 27.431778 21.952293 0.486961
v 27.440126 21.949165 -0.020224
v 28.455412 22.246521 -0.096584
v 27.440201 22.334881 -0.019213
v 28.465742 21.864647 1.153374
v 27.420578 21.952209 1.131619
v 31.012512 21.662697 -0.425266
v 30.947029 21.216450 -0.485752
v 30.997543 21.605618 -0.481909
v 26.795002 22.360508 1.624864
v 26.794994 21.975468 1.625305
v 29.165508 22.086128 -0.185588
v 29.309200 22.148388 0.848238
v 29.180094 22.143013 -0.129649
v 29.197556 21.708191 1.168197
v 26.814926 21.977478 0.475356
v 26.823280 21.975685 -0.006621
v 26.803751 21.977428 1.120035
v 26.809338 22.421017 0.797791
v 26.795988 22.418129 1.567945
v 26.822285 22.418327 0.050898
v 26.823271 22.360722 -0.005979
v 29.135555 22.142769 1.850076
v 17.347485 19.367382 -2.332830
v 17.337133 19.297678 -2.395243
v 17.302626 19.182911 -2.406384
v 31.089132 21.223015 0.561687
v 33.521919 20.031578 1.252426
v 36.475174 21.209843 6.620414
v 37.648613 21.209843 3.920790
v 34.643005 21.209841 8.924339
v 26.613628 21.209841 12.088321
v 29.538296 21.209841 11.754739
v 32.276962 21.209841 10.675564
v 38.083359 21.209843 1.009445
v 37.749775 21.209843 -1.915217
v 34.919380 21.209845 -7.019929
v 32.615452 21.209845 -8.852099
v 36.670605 21.209843 -4.653887
v 29.915829 21.209845 -10.025541
v 27.004484 21.209845 -10.460284
v 34.643005 19.403570 8.924339
v 36.475174 19.403572 6.620414
v 29.915829 19.403574 -10.025542
v 27.004484 19.403574 -10.460284
v 37.648613 19.403572 3.920789
v 38.083359 19.403572 1.009445
v 34.919380 19.403574 -7.019930
v 32.615452 19.403574 -8.852099
v 36.670605 19.403572 -4.653888
v 26.613628 19.403570 12.088321
v 29.538296 19.403570 11.754738
v 32.276962 19.403570 10.675564
v 37.749775 19.403572 -1.915218
v 31.952402 19.025721 -7.748295
v 29.561058 19.025721 -8.787735
v 26.635944 19.025717 10.800870
v 29.226635 19.025717 10.505380
v 31.652565 19.025717 9.549440
v 33.748421 19.025717 7.998194
v 36.500420 19.025719 -1.603557
v 35.544479 19.025719 -4.029489
v 36.795910 19.025719 0.987128
v 35.371368 19.025719 5.957362
v 26.982168 19.025721 -9.172834
v 36.410809 19.025719 3.566016
v 33.993237 19.025721 -6.125345
v 30.065868 19.025717 4.185726
v 30.827559 19.025717 3.227913
v 28.100637 19.025717 -3.692321
v 26.890303 19.025717 -3.873056
v 31.315392 19.025717 2.105597
v 31.496128 19.025717 0.895262
v 30.180767 19.025717 -2.442795
v 29.222954 19.025717 -3.204484
v 30.908804 19.025717 -1.459160
v 26.727812 19.025717 5.501091
v 27.943684 19.025717 5.362408
v 29.082233 19.025717 4.913764
v 31.357447 19.025717 -0.320610
v 26.809057 18.218885 0.814017
v 39.199402 22.103588 1.028791
v 42.284828 22.103588 1.082273
v 42.201576 22.103588 0.578974
v 42.201576 22.766911 0.578974
v 42.284828 22.766911 1.082273
v 40.286240 22.766911 -1.427090
v 40.286240 22.103588 -1.427090
v 41.785233 22.103588 2.550042
v 41.060055 22.103588 3.206870
v 41.836399 22.766911 -0.401928
v 41.134426 22.766911 -1.083494
v 40.200474 22.103588 3.520862
v 40.200474 22.766911 3.520862
v 41.134426 22.103588 -1.083494
v 41.836399 22.103588 -0.401928
v 42.184181 22.103588 1.582384
v 42.184181 22.766911 1.582384
v 41.060055 22.766911 3.206870
v 41.785233 22.766911 2.550042
v 18.403503 21.668348 -7.888081
v 18.199627 21.668348 -8.099148
v 20.799885 21.668348 -10.023723
v 20.942183 21.668348 -9.767079
v 18.008017 22.921469 9.315141
v 18.622753 22.921469 8.721354
v 16.855124 22.921471 6.333147
v 16.107651 22.921469 6.747595
v 15.178586 21.668346 -2.519443
v 14.896491 21.668346 -2.600296
v 16.186089 21.668348 -5.567153
v 16.437647 21.668348 -5.416045
v 16.319725 22.921473 -5.486879
v 17.052383 22.921471 -5.046774
v 18.901720 22.921473 -7.372285
v 18.307934 22.921473 -7.987021
v 23.394741 22.766909 12.726585
v 23.394741 22.103586 12.726585
v 23.475594 21.668344 12.444490
v 23.394741 21.668344 12.726584
v 20.427883 21.668344 11.436984
v 20.578991 21.668344 11.185428
v 14.936572 22.921471 3.775687
v 15.765844 22.921471 3.568819
v 15.429134 22.921471 0.616758
v 14.574581 22.921471 0.601946
v 15.046348 22.921471 -2.557344
v 15.867952 22.921471 -2.321861
v 15.070045 21.668346 3.742391
v 14.785316 21.668346 3.813418
v 14.418714 21.668346 0.599244
v 14.712119 21.668346 0.604329
v 18.106956 21.668344 9.219570
v 17.895891 21.668344 9.423446
v 15.971316 21.668344 6.823190
v 16.227959 21.668344 6.680891
v 23.880682 21.668348 -10.924996
v 23.809656 21.668348 -11.209724
v 14.755546 22.103588 -2.476941
v 14.755546 22.766911 -2.476941
v 16.186089 22.766912 -5.567153
v 16.186089 22.103590 -5.567153
v 23.673176 22.921469 11.755125
v 23.437693 22.921469 12.576727
v 20.875477 22.921473 -9.887385
v 21.289927 22.921473 -9.139914
v 24.054255 22.921473 -10.229197
v 23.847387 22.921473 -11.058468
v 20.948261 22.921469 10.570691
v 20.508156 22.921469 11.303349
v 23.809656 22.103590 -11.209724
v 23.809656 22.766912 -11.209724
v 18.199627 22.766912 -8.099148
v 18.199627 22.103590 -8.099148
v 17.895891 22.103586 9.423446
v 17.895891 22.766909 9.423446
v 15.971316 22.766909 6.823190
v 15.971316 22.103586 6.823190
v 21.666424 19.665228 -8.460890
v 21.916981 19.182913 -8.009003
v 14.648730 22.766911 3.685253
v 14.648730 22.103588 3.685253
v 20.427883 22.766909 11.436984
v 20.427883 22.103586 11.436984
v 20.799885 22.766912 -10.023723
v 20.799885 22.103590 -10.023723
v 17.717106 19.666149 -4.647480
v 18.160885 19.182911 -4.380903
v 19.800108 19.182913 -6.442204
v 19.440859 19.665596 -6.814129
v 16.573427 19.669758 3.531697
v 17.231514 19.182911 3.791299
v 16.722059 19.182911 0.639169
v 16.222874 19.648945 0.630516
v 21.347233 19.666737 9.906510
v 21.614134 19.182909 9.462190
v 19.552834 19.182909 7.822965
v 19.179531 19.667385 8.183550
v 16.666897 19.666939 -2.233461
v 17.986038 19.182911 5.706094
v 17.531208 19.668367 5.958281
v 24.029457 19.182909 10.512056
v 23.886757 19.666367 11.009934
v 24.096991 22.768282 -10.057878
v 24.182823 20.140951 -9.713799
v 21.039185 22.768278 10.419330
v 21.221790 20.140947 10.115336
v 19.004814 20.140947 8.352310
v 18.749750 22.768278 8.598682
v 19.024391 22.768282 -7.245287
v 19.270763 20.140951 -6.990224
v 21.547510 20.140951 -8.675355
v 21.375547 22.768282 -8.985494
v 15.605679 22.768280 0.619818
v 15.960246 20.140949 0.625964
v 16.378586 20.140949 -2.175506
v 16.037685 22.768280 -2.273212
v 17.319687 20.140949 6.075563
v 17.009548 22.768280 6.247526
v 23.819530 20.140947 11.244492
v 23.721825 22.768278 11.585391
v 17.507740 20.140949 -4.773246
v 17.203747 22.768280 -4.955852
v 16.281242 20.140949 3.440250
v 15.937161 22.768280 3.526083
v 22.382648 20.026783 -3.768553
v 24.241997 19.272995 -1.843605
v 25.017311 19.272995 -2.417452
v 23.719530 20.026783 -4.758045
v 20.627230 20.026783 2.356115
v 23.223957 19.272995 1.708344
v 23.154116 19.272995 1.095999
v 20.478212 20.026783 1.049611
v 22.226484 20.026783 5.240427
v 24.151432 19.272995 3.381077
v 23.577585 19.272995 2.605763
v 21.236994 20.026783 3.903544
v 20.684389 20.026783 -0.941401
v 23.257107 19.272995 -0.204021
v 23.641624 19.272995 -1.088644
v 21.347416 20.026783 -2.466765
v 25.791016 19.272995 4.365968
v 25.053637 20.026781 6.938685
v 24.906393 19.272995 3.981450
v 23.528271 20.026783 6.275658
v 23.166084 19.272995 0.405536
v 25.914730 19.272995 -2.771079
v 25.266960 20.026785 -5.367808
v 23.319223 20.031576 6.623666
v 21.934488 20.031578 5.522472
v 22.100601 20.031578 -4.060549
v 23.522669 20.031580 -5.113089
v 20.375076 20.031578 2.814089
v 21.983894 20.965759 2.295490
v 21.909760 21.351467 2.294452
v 20.271458 20.645481 2.812642
v 20.881948 20.031578 4.100405
v 24.941784 20.031576 7.328943
v 25.168699 20.031580 -5.761708
v 20.422848 20.031578 -1.349376
v 20.999407 20.031578 -2.675813
v 20.490179 20.026783 0.359155
v 25.217896 20.051794 -5.564494
v 21.173645 20.051792 -2.571149
v 22.241814 20.051792 -3.914355
v 23.423887 20.051792 6.449429
v 22.080681 20.051792 5.381261
v 21.059708 20.051792 4.001842
v 20.430546 20.051792 2.405180
v 24.997786 20.051790 7.133553
v 23.621231 20.051792 -4.935329
v 20.489521 20.051792 -0.997251
v 22.019169 20.965759 -0.795196
v 21.788738 20.965759 0.402330
v 20.094070 20.031578 0.375342
v 21.779720 20.965759 1.046453
v 22.531027 21.222939 1.057719
v 22.685053 21.215855 2.145180
v 23.820707 22.876204 -11.165421
v 16.225231 22.876204 -5.543643
v 18.231350 22.876204 -8.066307
v 14.829618 22.876202 3.802366
v 14.464363 22.876202 0.600035
v 14.418714 22.766911 0.599244
v 20.451395 22.876200 11.397844
v 17.928730 22.876200 9.391724
v 16.011250 22.876200 6.801050
v 23.407320 22.876200 12.682693
v 20.822025 22.876204 -9.983792
v 14.940383 22.876202 -2.587716
v 24.082401 22.876604 -10.116366
v 17.152069 22.876602 -4.986894
v 18.982510 22.876604 -7.288645
v 15.878676 22.876602 3.540673
v 15.545405 22.876602 0.618774
v 21.008142 22.876600 10.471004
v 18.706392 22.876600 8.640563
v 16.956825 22.876602 6.276757
v 23.705215 22.876600 11.643338
v 21.346317 22.876604 -9.038211
v 15.979741 22.876602 -2.289820
v 20.319229 20.645481 -1.350823
v 17.267162 19.301474 3.802807
v 17.277939 19.367382 3.753254
v 16.777527 19.367382 0.657075
v 20.252907 20.701820 2.756575
v 19.919708 20.701820 0.694978
v 20.299114 20.701820 -1.295321
v 22.634487 21.605007 2.141629
v 25.086920 22.311367 0.772679
v 26.192097 22.397259 0.787984
v 26.206123 22.392654 0.016352
v 25.185247 22.304207 -0.096911
v 24.488665 22.086128 -0.266657
v 25.195250 22.246521 -0.153096
v 25.219889 21.859791 -0.152817
v 24.537045 21.704533 -0.264089
v 26.178190 21.948799 1.641634
v 26.178101 22.334522 1.640790
v 25.151592 21.864727 0.451185
v 24.419052 21.708218 0.440859
v 25.160477 22.303768 1.671865
v 26.179022 22.392315 1.583798
v 21.642088 21.407192 0.722336
v 21.923632 21.407192 -0.740818
v 21.889917 21.407192 2.238444
v 21.945034 21.351467 -0.796234
v 22.619181 21.662098 2.085061
v 22.427896 21.671188 0.734078
v 26.207279 21.949165 -0.041594
v 26.198044 21.952293 0.465575
v 26.207170 22.334881 -0.040587
v 25.141605 21.864647 1.095753
v 26.186895 21.952209 1.110235
v 25.193377 21.859337 1.728601
v 22.651077 21.662697 -0.570203
v 22.667999 21.605618 -0.626292
v 22.718618 21.216450 -0.628383
v 24.511364 21.704296 1.823287
v 25.168737 22.246063 1.728324
v 24.462952 22.085873 1.824658
v 24.309231 22.148388 0.761569
v 24.472149 22.143013 -0.211257
v 24.409718 21.708191 1.085205
v 24.448050 22.142769 1.768823
v 22.540297 21.223015 0.413502
v 20.085033 20.031578 1.019511
v 15.868338 21.209843 3.543252
v 16.947510 21.209843 6.281922
v 18.698730 21.209841 8.647962
v 23.702280 21.209841 11.653578
v 21.002659 21.209841 10.480135
v 15.534754 21.209843 0.618589
v 15.969500 21.209843 -2.292756
v 21.341152 21.209845 -9.047527
v 18.975109 21.209845 -7.296307
v 17.142941 21.209843 -4.992379
v 24.079823 21.209845 -10.126702
v 16.947510 19.403572 6.281922
v 18.698730 19.403570 8.647962
v 24.079823 19.403574 -10.126703
v 15.534754 19.403572 0.618589
v 15.868338 19.403572 3.543251
v 21.341152 19.403574 -9.047528
v 18.975109 19.403574 -7.296307
v 17.142941 19.403572 -4.992379
v 23.702280 19.403570 11.653577
v 21.002659 19.403570 10.480135
v 15.969500 19.403572 -2.292756
v 24.391483 19.025721 -8.877344
v 21.965549 19.025721 -7.921407
v 24.057055 19.025717 10.415771
v 21.665710 19.025717 9.376328
v 19.624878 19.025717 7.753377
v 18.246744 19.025719 -4.329327
v 17.207306 19.025719 -1.937983
v 16.822205 19.025719 0.640905
v 18.073633 19.025719 5.657524
v 17.117695 19.025719 3.231590
v 19.869696 19.025721 -6.370162
v 22.709311 19.025717 3.087192
v 23.437346 19.025717 4.070828
v 25.674431 19.025717 -3.734376
v 22.121984 19.025717 0.732771
v 22.260666 19.025717 1.948642
v 24.535881 19.025717 -3.285730
v 23.552246 19.025717 -2.557694
v 22.790556 19.025717 -1.599881
v 25.517475 19.025717 5.320353
v 24.395159 19.025717 4.832518
v 22.302721 19.025717 -0.477564
v 14.418714 22.103588 0.599244
vt 0.875000 1.000000
vt 0.916667 1.000000
vt 0.916667 1.000000
vt 0.875000 1.000000
vt 0.625000 1.000000
vt 0.666667 1.000000
vt 0.666667 1.000000
vt 0.625000 1.000000
vt 0.791667 1.000000
vt 0.833333 1.000000
vt 0.833333 1.000000
vt 0.791667 1.000000
vt 0.833333 1.000000
vt 0.875000 1.000000
vt 0.875000 1.000000
vt 0.833333 1.000000
vt 0.500000 1.000000
vt 0.541666 1.000000
vt 0.541666 1.000000
vt 0.500000 1.000000
vt 0.541666 1.000000
vt 0.583333 1.000000
vt 0.583333 1.000000
vt 0.541666 1.000000
vt 0.708333 1.000000
vt 0.750000 1.000000
vt 0.750000 1.000000
vt 0.708333 1.000000
vt 0.791667 1.000000
vt 0.791667 1.000000
vt 0.708333 1.000000
vt 0.750000 1.000000
vt 0.750000 1.000000
vt 0.708333 1.000000
vt 0.500000 1.000000
vt 0.500000 1.000000
vt 0.625000 1.000000
vt 0.666667 1.000000
vt 0.666667 1.000000
vt 0.625000 1.000000
vt 0.958333 1.000000
vt 1.000000 1.000000
vt 1.000000 1.000000
vt 0.958333 1.000000
vt 0.791667 1.000000
vt 0.833333 1.000000
vt 0.833333 1.000000
vt 0.791667 1.000000
vt 0.500000 1.000000
vt 0.541666 1.000000
vt 0.541666 1.000000
vt 0.500000 1.000000
vt 0.916667 1.000000
vt 0.958333 1.000000
vt 0.958333 1.000000
vt 0.916667 1.000000
vt 0.583333 1.000000
vt 0.583333 1.000000
vt 0.958333 1.000000
vt 1.000000 1.000000
vt 1.000000 1.000000
vt 0.958333 1.000000
vt 0.875000 1.000000
vt 0.875000 1.000000
vt 0.625000 1.000000
vt 0.666667 1.000000
vt 0.666667 1.000000
vt 0.625000 1.000000
vt 0.875000 1.000000
vt 0.916667 1.000000
vt 0.916667 1.000000
vt 0.875000 1.000000
vt 0.708333 1.000000
vt 0.708333 1.000000
vt 0.583333 1.000000
vt 0.583333 1.000000
vt 0.916667 1.000000
vt 0.916667 1.000000
vt 0.833333 1.000000
vt 0.833333 1.000000
vt 0.705789 1.000000
vt 0.750000 1.000000
vt 0.750000 1.000000
vt 0.699228 1.000000
vt 0.583333 1.000000
vt 0.625000 1.000000
vt 0.625000 1.000000
vt 0.583333 1.000000
vt 0.793823 1.000000
vt 0.799271 1.000000
vt 0.958333 1.000000
vt 0.958333 1.000000
vt 1.000000 1.000000
vt 1.000000 1.000000
vt 0.666667 1.000000
vt 0.666667 1.000000
vt 0.500000 1.000000
vt 0.541666 1.000000
vt 0.541666 1.000000
vt 0.500000 1.000000
vt 0.958333 1.000000
vt 0.958333 1.000000
vt 0.583333 1.000000
vt 0.625000 1.000000
vt 0.625000 1.000000
vt 0.583333 1.000000
vt 0.875000 1.000000
vt 0.916667 1.000000
vt 0.916667 1.000000
vt 0.875000 1.000000
vt 0.750000 1.000000
vt 0.791667 1.000000
vt 0.791667 1.000000
vt 0.750000 1.000000
vt 0.666667 1.000000
vt 0.666667 1.000000
vt 0.500000 1.000000
vt 0.541666 1.000000
vt 0.541666 1.000000
vt 0.500000 1.000000
vt 0.958333 1.000000
vt 1.000000 1.000000
vt 1.000000 1.000000
vt 0.958333 1.000000
vt 0.833333 1.000000
vt 0.833333 1.000000
vt 0.708333 1.000000
vt 0.708333 1.000000
vt 0.875000 1.000000
vt 0.916667 1.000000
vt 0.916667 1.000000
vt 0.875000 1.000000
vt 0.708333 1.000000
vt 0.741275 1.000000
vt 0.734956 1.000000
vt 0.708333 1.000000
vt 0.625000 1.000000
vt 0.666667 1.000000
vt 0.666667 1.000000
vt 0.625000 1.000000
vt 0.791667 1.000000
vt 0.833333 1.000000
vt 0.833333 1.000000
vt 0.791667 1.000000
vt 0.500000 1.000000
vt 0.541666 1.000000
vt 0.541666 1.000000
vt 0.500000 1.000000
vt 0.583333 1.000000
vt 0.583333 1.000000
vt 0.765044 1.000000
vt 0.764884 1.000000
vt 0.958333 1.000000
vt 0.958333 1.000000
vt 0.625000 1.000000
vt 0.583333 1.000000
vt 0.916667 1.000000
vt 0.875000 1.000000
vt 0.699228 1.000000
vt 0.699228 1.000000
vt 0.699228 1.000000
vt 0.699228 1.000000
vt 0.666667 1.000000
vt 0.541667 1.000000
vt 0.500000 1.000000
vt 0.958333 1.000000
vt 1.000000 1.000000
vt 0.833333 1.000000
vt 0.799271 1.000000
vt 0.846225 1.000000
vt 0.653826 1.000000
vt 0.885530 1.000000
vt 0.806044 1.000000
vt 0.614520 1.000000
vt 0.758724 1.000000
vt 0.537845 1.000000
vt 0.575929 1.000000
vt 0.924120 1.000000
vt 0.500024 1.000000
vt 1.000000 1.000000
vt 0.958333 1.000000
vt 1.000000 1.000000
vt 0.875000 1.000000
vt 0.833333 1.000000
vt 0.625000 1.000000
vt 0.583333 1.000000
vt 0.708333 1.000000
vt 0.666667 1.000000
vt 0.541666 1.000000
vt 0.916667 1.000000
vt 0.791667 1.000000
vt 0.757736 1.000000
vt 0.760420 1.000000
vt 0.799271 1.000000
vt 0.739570 1.000000
vt 0.699228 1.000000
vt 0.738377 1.000000
vt 0.500000 1.000000
vt 1.000000 1.000000
vt 0.999923 1.000000
vt 0.958333 1.000000
vt 1.000000 1.000000
vt 0.875000 1.000000
vt 0.833333 1.000000
vt 0.750000 1.000000
vt 0.750000 1.000000
vt 0.708333 1.000000
vt 0.625000 1.000000
vt 0.583333 1.000000
vt 0.666667 1.000000
vt 0.541667 1.000000
vt 0.916667 1.000000
vt 0.791667 1.000000
vt 0.500000 1.000000
vt 1.000000 1.000000
vt 1.000000 1.000000
vt 0.958333 1.000000
vt 0.875000 1.000000
vt 0.833333 1.000000
vt 0.750000 1.000000
vt 0.708333 1.000000
vt 0.625000 1.000000
vt 0.583333 1.000000
vt 0.666667 1.000000
vt 0.541666 1.000000
vt 0.916667 1.000000
vt 0.791667 1.000000
vt 0.500000 1.000000
vt 0.799271 1.000000
vt 0.799271 1.000000
vt 0.699228 1.000000
vt 0.750000 1.000000
vt 0.700129 1.000000
vt 0.750000 1.000000
vt 0.700569 1.000000
vt 0.798371 1.000000
vt 0.797931 1.000000
vt 0.699228 1.000000
vt 0.699228 1.000000
vt 0.699228 1.000000
vt 0.699228 1.000000
vt 0.699228 1.000000
vt 0.750000 1.000000
vt 0.796279 1.000000
vt 0.795893 1.000000
vt 0.750000 1.000000
vt 0.702225 1.000000
vt 0.702614 1.000000
vt 0.799271 1.000000
vt 0.765430 1.000000
vt 0.767126 1.000000
vt 0.799271 1.000000
vt 0.699228 1.000000
vt 0.699228 1.000000
vt 0.797468 1.000000
vt 0.750000 1.000000
vt 0.701032 1.000000
vt 0.799271 1.000000
vt 0.750000 1.000000
vt 0.701250 1.000000
vt 0.769144 1.000000
vt 0.799271 1.000000
vt 0.799271 1.000000
vt 0.799271 1.000000
vt 0.732852 1.000000
vt 0.730829 1.000000
vt 0.797250 1.000000
vt 0.799271 1.000000
vt 0.799271 1.000000
vt 0.699228 1.000000
vt 0.699228 1.000000
vt 0.962203 1.000000
vt 0.799271 1.000000
vt 0.750000 1.000000
vt 0.796599 1.000000
vt 0.734548 1.000000
vt 0.769720 1.000000
vt 0.799271 1.000000
vt 0.730199 1.000000
vt 0.749959 1.000000
vt 0.702715 1.000000
vt 0.795787 1.000000
vt 0.799271 1.000000
vt 0.701903 1.000000
vt 0.798371 1.000000
vt 0.799271 1.000000
vt 0.799271 1.000000
vt 0.761614 1.000000
vt 0.742256 1.000000
vt 0.694009 1.000000
vt 0.666667 1.000000
vt 0.708333 1.000000
vt 0.625000 1.000000
vt 0.500000 1.000000
vt 0.541666 1.000000
vt 0.583333 1.000000
vt 0.750000 1.000000
vt 0.791667 1.000000
vt 0.875000 1.000000
vt 0.916667 1.000000
vt 0.833333 1.000000
vt 0.958333 1.000000
vt 1.000000 1.000000
vt 0.625000 1.000000
vt 0.666667 1.000000
vt 0.958333 1.000000
vt 1.000000 1.000000
vt 0.708333 1.000000
vt 0.750000 1.000000
vt 0.875000 1.000000
vt 0.916667 1.000000
vt 0.833333 1.000000
vt 0.500000 1.000000
vt 0.541666 1.000000
vt 0.583333 1.000000
vt 0.791667 1.000000
vt 0.916667 1.000000
vt 0.958333 1.000000
vt 0.500000 1.000000
vt 0.541666 1.000000
vt 0.583333 1.000000
vt 0.625000 1.000000
vt 0.791667 1.000000
vt 0.833333 1.000000
vt 0.750000 1.000000
vt 0.666667 1.000000
vt 1.000000 1.000000
vt 0.708333 1.000000
vt 0.875000 1.000000
vt 0.625000 1.000000
vt 0.666667 1.000000
vt 0.958333 1.000000
vt 1.000000 1.000000
vt 0.708333 1.000000
vt 0.750000 1.000000
vt 0.875000 1.000000
vt 0.916667 1.000000
vt 0.833333 1.000000
vt 0.500000 1.000000
vt 0.541666 1.000000
vt 0.583333 1.000000
vt 0.791667 1.000000
vt 0.958333 1.000000
vt 0.541666 1.000000
vt 0.583333 1.000000
vt 0.625000 1.000000
vt 0.833333 1.000000
vt 0.791667 1.000000
vt 0.666667 1.000000
vt 1.000000 1.000000
vt 0.750000 1.000000
vt 0.708333 1.000000
vt 0.916667 1.000000
vt 0.875000 1.000000
vt 0.750000 1.000000
vt 0.750000 1.000000
vt 0.759074 1.000000
vt 0.759074 1.000000
vt 0.750000 1.000000
vt 0.791667 1.000000
vt 0.791667 1.000000
vt 0.722969 1.000000
vt 0.709502 1.000000
vt 0.777031 1.000000
vt 0.790497 1.000000
vt 0.708333 1.000000
vt 0.708333 1.000000
vt 0.790497 1.000000
vt 0.777031 1.000000
vt 0.740925 1.000000
vt 0.740925 1.000000
vt 0.709502 1.000000
vt 0.722969 1.000000
vt 0.875000 1.000000
vt 0.875000 1.000000
vt 0.916667 1.000000
vt 0.916667 1.000000
vt 0.625000 1.000000
vt 0.625000 1.000000
vt 0.666667 1.000000
vt 0.666667 1.000000
vt 0.791667 1.000000
vt 0.791667 1.000000
vt 0.833333 1.000000
vt 0.833333 1.000000
vt 0.833333 1.000000
vt 0.833333 1.000000
vt 0.875000 1.000000
vt 0.875000 1.000000
vt 0.541666 1.000000
vt 0.541666 1.000000
vt 0.541666 1.000000
vt 0.541666 1.000000
vt 0.583333 1.000000
vt 0.583333 1.000000
vt 0.708333 1.000000
vt 0.708333 1.000000
vt 0.750000 1.000000
vt 0.750000 1.000000
vt 0.791667 1.000000
vt 0.791667 1.000000
vt 0.708333 1.000000
vt 0.708333 1.000000
vt 0.750000 1.000000
vt 0.750000 1.000000
vt 0.625000 1.000000
vt 0.625000 1.000000
vt 0.666667 1.000000
vt 0.666667 1.000000
vt 0.958333 1.000000
vt 0.958333 1.000000
vt 0.791667 1.000000
vt 0.791667 1.000000
vt 0.833333 1.000000
vt 0.833333 1.000000
vt 0.541666 1.000000
vt 0.541666 1.000000
vt 0.916667 1.000000
vt 0.916667 1.000000
vt 0.958333 1.000000
vt 0.958333 1.000000
vt 0.583333 1.000000
vt 0.583333 1.000000
vt 0.958333 1.000000
vt 0.958333 1.000000
vt 0.875000 1.000000
vt 0.875000 1.000000
vt 0.625000 1.000000
vt 0.625000 1.000000
vt 0.666667 1.000000
vt 0.666667 1.000000
vt 0.916667 1.000000
vt 0.916667 1.000000
vt 0.708333 1.000000
vt 0.708333 1.000000
vt 0.583333 1.000000
vt 0.583333 1.000000
vt 0.916667 1.000000
vt 0.916667 1.000000
vt 0.833333 1.000000
vt 0.833333 1.000000
vt 0.875000 1.000000
vt 0.875000 1.000000
vt 0.705789 1.000000
vt 0.699228 1.000000
vt 0.750000 1.000000
vt 0.750000 1.000000
vt 0.583333 1.000000
vt 0.583333 1.000000
vt 0.625000 1.000000
vt 0.625000 1.000000
vt 0.793823 1.000000
vt 0.666667 1.000000
vt 0.666667 1.000000
vt 0.541666 1.000000
vt 0.541666 1.000000
vt 0.958333 1.000000
vt 0.958333 1.000000
vt 0.583333 1.000000
vt 0.583333 1.000000
vt 0.625000 1.000000
vt 0.625000 1.000000
vt 0.875000 1.000000
vt 0.875000 1.000000
vt 0.916667 1.000000
vt 0.916667 1.000000
vt 0.750000 1.000000
vt 0.750000 1.000000
vt 0.791667 1.000000
vt 0.791667 1.000000
vt 0.666667 1.000000
vt 0.666667 1.000000
vt 0.541666 1.000000
vt 0.541666 1.000000
vt 0.833333 1.000000
vt 0.833333 1.000000
vt 0.708333 1.000000
vt 0.708333 1.000000
vt 0.875000 1.000000
vt 0.875000 1.000000
vt 0.916667 1.000000
vt 0.916667 1.000000
vt 0.708333 1.000000
vt 0.708333 1.000000
vt 0.734956 1.000000
vt 0.741275 1.000000
vt 0.625000 1.000000
vt 0.625000 1.000000
vt 0.666667 1.000000
vt 0.666667 1.000000
vt 0.791667 1.000000
vt 0.791667 1.000000
vt 0.833333 1.000000
vt 0.833333 1.000000
vt 0.541666 1.000000
vt 0.541666 1.000000
vt 0.583333 1.000000
vt 0.583333 1.000000
vt 0.765044 1.000000
vt 0.958333 1.000000
vt 0.958333 1.000000
vt 0.583333 1.000000
vt 0.625000 1.000000
vt 0.875000 1.000000
vt 0.916667 1.000000
vt 0.699228 1.000000
vt 0.699228 1.000000
vt 0.699228 1.000000
vt 0.699228 1.000000
vt 0.666667 1.000000
vt 0.541667 1.000000
vt 0.958333 1.000000
vt 0.799271 1.000000
vt 0.833333 1.000000
vt 0.758724 1.000000
vt 0.958333 1.000000
vt 0.833333 1.000000
vt 0.875000 1.000000
vt 0.583333 1.000000
vt 0.625000 1.000000
vt 0.666667 1.000000
vt 0.708333 1.000000
vt 0.541666 1.000000
vt 0.916667 1.000000
vt 0.791667 1.000000
vt 0.799271 1.000000
vt 0.760420 1.000000
vt 0.757736 1.000000
vt 0.739570 1.000000
vt 0.738377 1.000000
vt 0.699228 1.000000
vt 0.958333 1.000000
vt 0.833333 1.000000
vt 0.875000 1.000000
vt 0.708333 1.000000
vt 0.750000 1.000000
vt 0.750000 1.000000
vt 0.583333 1.000000
vt 0.625000 1.000000
vt 0.666667 1.000000
vt 0.541667 1.000000
vt 0.916667 1.000000
vt 0.791667 1.000000
vt 0.958333 1.000000
vt 0.833333 1.000000
vt 0.875000 1.000000
vt 0.708333 1.000000
vt 0.750000 1.000000
vt 0.583333 1.000000
vt 0.625000 1.000000
vt 0.666667 1.000000
vt 0.541666 1.000000
vt 0.916667 1.000000
vt 0.791667 1.000000
vt 0.799271 1.000000
vt 0.699228 1.000000
vt 0.700129 1.000000
vt 0.750000 1.000000
vt 0.700569 1.000000
vt 0.750000 1.000000
vt 0.797931 1.000000
vt 0.699228 1.000000
vt 0.750000 1.000000
vt 0.750000 1.000000
vt 0.795893 1.000000
vt 0.796279 1.000000
vt 0.799271 1.000000
vt 0.799271 1.000000
vt 0.799271 1.000000
vt 0.799271 1.000000
vt 0.699228 1.000000
vt 0.699228 1.000000
vt 0.767126 1.000000
vt 0.765430 1.000000
vt 0.702225 1.000000
vt 0.702614 1.000000
vt 0.750000 1.000000
vt 0.797468 1.000000
vt 0.701032 1.000000
vt 0.799271 1.000000
vt 0.701250 1.000000
vt 0.750000 1.000000
vt 0.799271 1.000000
vt 0.769144 1.000000
vt 0.799271 1.000000
vt 0.732852 1.000000
vt 0.730829 1.000000
vt 0.699228 1.000000
vt 0.797250 1.000000
vt 0.799271 1.000000
vt 0.799271 1.000000
vt 0.699228 1.000000
vt 0.699228 1.000000
vt 0.699228 1.000000
vt 0.750000 1.000000
vt 0.796599 1.000000
vt 0.734548 1.000000
vt 0.701903 1.000000
vt 0.761614 1.000000
vt 0.742256 1.000000
vt 0.708333 1.000000
vt 0.666667 1.000000
vt 0.625000 1.000000
vt 0.541666 1.000000
vt 0.583333 1.000000
vt 0.750000 1.000000
vt 0.791667 1.000000
vt 0.916667 1.000000
vt 0.875000 1.000000
vt 0.833333 1.000000
vt 0.958333 1.000000
vt 0.666667 1.000000
vt 0.625000 1.000000
vt 0.958333 1.000000
vt 0.750000 1.000000
vt 0.708333 1.000000
vt 0.916667 1.000000
vt 0.875000 1.000000
vt 0.833333 1.000000
vt 0.541666 1.000000
vt 0.583333 1.000000
vt 0.791667 1.000000
vt 0.958333 1.000000
vt 0.916667 1.000000
vt 0.541666 1.000000
vt 0.583333 1.000000
vt 0.625000 1.000000
vt 0.833333 1.000000
vt 0.791667 1.000000
vt 0.750000 1.000000
vt 0.666667 1.000000
vt 0.708333 1.000000
vt 0.875000 1.000000
vt 0.666667 1.000000
vt 0.625000 1.000000
vt 0.958333 1.000000
vt 0.750000 1.000000
vt 0.708333 1.000000
vt 0.916667 1.000000
vt 0.875000 1.000000
vt 0.833333 1.000000
vt 0.541666 1.000000
vt 0.583333 1.000000
vt 0.791667 1.000000
vt 0.750000 1.000000
vn 0.1666 -0.9728 -0.1609
vn 0.1193 -0.9728 -0.1986
vn 0.0000 -1.0000 0.0000
vn 0.1452 0.9779 0.1503
vn 0.1792 0.9779 0.1076
vn -0.1442 0.9857 -0.0866
vn -0.1169 0.9857 -0.1210
vn 0.2248 -0.9728 -0.0561
vn 0.2026 -0.9728 -0.1123
vn 0.1828 0.9779 -0.1014
vn 0.1503 0.9779 -0.1452
vn -0.1210 0.9857 0.1169
vn -0.1472 0.9857 0.0816
vn -0.0173 -0.0000 0.9998
vn 0.2420 0.0000 0.9703
vn 0.2375 0.1935 0.9519
vn -0.0170 0.1935 0.9810
vn 0.0561 -0.9728 0.2248
vn 0.1123 -0.9728 0.2026
vn 0.2009 0.9779 0.0576
vn 0.2090 0.9779 0.0036
vn -0.1682 0.9857 -0.0029
vn -0.1617 0.9857 -0.0464
vn 0.2028 0.9779 -0.0506
vn -0.1633 0.9857 0.0407
vn 0.2227 -0.9728 0.0638
vn 0.2316 -0.9728 0.0040
vn -0.0040 -0.9728 0.2316
vn 0.1609 -0.9728 0.1666
vn 0.1986 -0.9728 0.1193
vn 0.0638 -0.9728 -0.2227
vn 0.0040 -0.9728 -0.2316
vn 0.9731 -0.0394 -0.2271
vn 0.8771 0.0144 -0.4801
vn 0.8693 0.1422 -0.4735
vn 0.8908 0.4093 -0.1971
vn -0.0036 0.9779 0.2090
vn 0.0506 0.9779 0.2028
vn -0.0407 0.9857 -0.1633
vn 0.0029 0.9857 -0.1682
vn 0.1076 0.9779 -0.1792
vn 0.0576 0.9779 -0.2009
vn -0.0464 0.9857 0.1617
vn -0.0866 0.9857 0.1442
vn 0.1014 0.9779 0.1828
vn -0.0816 0.9857 -0.1472
vn 0.2755 0.0000 -0.9613
vn 0.0173 0.0000 -0.9998
vn 0.0170 0.1935 -0.9810
vn 0.2703 0.1935 -0.9431
vn 0.7193 0.0000 -0.6947
vn 0.7057 0.1935 -0.6816
vn 0.6947 -0.0000 0.7193
vn 0.8599 0.0144 0.5102
vn 0.8523 0.1422 0.5033
vn 0.6816 0.1935 0.7057
vn -0.5772 0.5966 0.5576
vn -0.4132 0.5967 0.6879
vn -0.3514 0.7310 0.5849
vn -0.4908 0.7310 0.4741
vn 0.9646 -0.0394 0.2607
vn 0.8835 0.4093 0.2278
vn 0.4849 0.0000 0.8746
vn 0.4757 0.1935 0.8580
vn 0.5149 0.0000 -0.8572
vn 0.5052 0.1935 -0.8410
vn -0.7020 0.5964 0.3893
vn -0.5968 0.7310 0.3309
vn -0.7580 0.6128 -0.2234
vn -0.7780 0.6282 -0.0141
vn -0.6501 0.7598 -0.0125
vn -0.6351 0.7404 -0.2200
vn -0.3893 0.5961 -0.7022
vn -0.5579 0.5959 -0.5776
vn -0.4741 0.7310 -0.4908
vn -0.3309 0.7310 -0.5968
vn -0.7669 0.6111 0.1961
vn -0.6445 0.7396 0.1937
vn 0.1942 0.5968 0.7785
vn 0.1652 0.7310 0.6621
vn -0.0118 0.7310 0.6823
vn -0.0139 0.5968 0.8022
vn -0.6886 0.5955 -0.4137
vn -0.5849 0.7310 -0.3514
vn 0.0139 0.5963 -0.8026
vn -0.1943 0.5963 -0.7789
vn -0.1652 0.7310 -0.6621
vn 0.0118 0.7310 -0.6823
vn -0.2211 0.5968 0.7713
vn -0.1880 0.7310 0.6560
vn -0.4594 0.3202 -0.8285
vn -0.6582 0.3202 -0.6814
vn -0.6637 0.2954 -0.6872
vn -0.4632 0.2957 -0.8355
vn -0.6814 0.3202 0.6582
vn -0.4878 0.3202 0.8121
vn -0.4918 0.2964 0.8187
vn -0.6870 0.2962 0.6636
vn -0.9472 0.3202 -0.0164
vn -0.9192 0.3202 0.2293
vn -0.9258 0.3052 0.2231
vn -0.9495 0.3133 -0.0166
vn -0.8121 0.3202 -0.4878
vn -0.8191 0.2950 -0.4921
vn 0.0164 0.3202 -0.9472
vn -0.2293 0.3202 -0.9192
vn -0.2312 0.2959 -0.9268
vn 0.0166 0.2959 -0.9551
vn -0.2610 0.3202 0.9107
vn -0.0164 0.3202 0.9472
vn -0.0166 0.2965 0.9549
vn -0.2631 0.2964 0.9181
vn -0.8285 0.3202 0.4594
vn -0.8354 0.2960 0.4632
vn -0.9107 0.3202 -0.2610
vn -0.9176 0.3060 -0.2538
vn -0.1376 0.9815 0.1329
vn -0.0985 0.9815 0.1639
vn -0.1036 0.9796 0.1721
vn -0.1441 0.9798 0.1388
vn -0.1644 0.9850 -0.0528
vn -0.1498 0.9883 -0.0285
vn -0.1968 0.9800 -0.0294
vn -0.1903 0.9802 -0.0542
vn -0.1329 0.9815 -0.1376
vn -0.1640 0.9815 -0.0985
vn -0.1708 0.9800 -0.1022
vn -0.1392 0.9798 -0.1437
vn -0.1661 0.9850 0.0471
vn -0.1673 0.9815 0.0927
vn -0.1742 0.9800 0.0962
vn -0.1921 0.9802 0.0476
vn 0.0033 0.9815 -0.1912
vn -0.0463 0.9815 -0.1856
vn -0.0489 0.9795 -0.1954
vn 0.0035 0.9795 -0.2016
vn -0.0927 0.9815 -0.1673
vn -0.0976 0.9796 -0.1756
vn -0.1977 0.9800 0.0225
vn -0.0014 0.9968 0.0799
vn -0.0527 0.9815 0.1839
vn -0.0556 0.9795 0.1936
vn 0.1204 0.9687 0.2171
vn 0.1725 0.9687 0.1786
vn 0.1252 0.9836 0.1296
vn 0.0874 0.9836 0.1576
vn 0.1786 0.9687 -0.1725
vn 0.1278 0.9687 -0.2128
vn 0.0928 0.9836 -0.1545
vn 0.1296 0.9836 -0.1252
vn -0.3244 0.0306 0.9454
vn -0.3214 0.0363 0.9463
vn -0.2664 0.0439 0.9629
vn -0.2772 0.0458 0.9597
vn 0.2128 0.9687 0.1278
vn 0.1545 0.9836 0.0928
vn -0.0043 0.9687 0.2482
vn 0.0601 0.9687 0.2409
vn 0.0436 0.9836 0.1749
vn -0.0031 0.9836 0.1802
vn 0.0684 0.9687 -0.2387
vn 0.0497 0.9836 -0.1733
vn 0.0043 0.9687 -0.2482
vn 0.0031 0.9836 -0.1802
vn 0.2329 0.9682 -0.0918
vn 0.2171 0.9687 -0.1204
vn 0.1576 0.9836 -0.0874
vn 0.1486 0.9873 -0.0556
vn 0.2295 0.9682 0.0998
vn 0.1462 0.9874 0.0610
vn 0.0014 0.9968 -0.0799
vn -0.1507 0.9883 0.0233
vn -0.0000 1.0000 0.0026
vn -0.0007 1.0000 0.0025
vn -0.0033 0.9815 0.1912
vn -0.0019 1.0000 0.0018
vn -0.0023 1.0000 0.0013
vn -0.0018 1.0000 -0.0019
vn -0.0013 1.0000 -0.0023
vn 0.0410 0.9992 0.0015
vn -0.0022 1.0000 -0.0013
vn -0.0006 1.0000 -0.0025
vn -0.0013 1.0000 0.0022
vn 0.0341 0.9994 0.0012
vn -0.4822 -0.8728 0.0751
vn -0.4131 -0.9084 0.0643
vn -0.4092 -0.9102 0.0637
vn -0.4104 -0.9083 -0.0813
vn -0.4067 -0.9100 -0.0806
vn -0.2875 -0.9561 -0.0570
vn -0.2897 -0.9554 -0.0575
vn 0.0000 1.0000 -0.0026
vn -0.0035 0.9795 0.2016
vn 0.0160 0.3855 -0.9226
vn 0.2542 0.3855 -0.8870
vn 0.1047 0.9250 -0.3652
vn 0.0066 0.9250 -0.3798
vn 0.0036 0.9779 -0.2090
vn 0.6637 0.3855 -0.6411
vn 0.8416 0.2867 -0.4578
vn 0.3322 0.9250 -0.1842
vn 0.2732 0.9250 -0.2639
vn 0.7832 0.6217 0.0136
vn 0.6122 0.7906 0.0106
vn 0.7290 0.6292 0.2697
vn 0.6410 0.3855 0.6637
vn 0.4474 0.3855 0.8070
vn 0.1842 0.9250 0.3322
vn 0.2639 0.9250 0.2732
vn 0.8252 0.2867 0.4867
vn 0.3256 0.9250 0.1956
vn 0.2233 0.3855 0.8953
vn 0.0919 0.9250 0.3686
vn 0.4751 0.3855 -0.7910
vn 0.1956 0.9250 -0.3256
vn 0.7379 0.6292 -0.2442
vn -0.0160 0.3855 0.9226
vn -0.0066 0.9250 0.3798
vn -0.0029 0.9857 0.1682
vn -0.0062 0.9330 0.3599
vn -0.0992 0.9330 0.3460
vn -0.2408 0.4863 0.8400
vn -0.0151 0.4863 0.8737
vn -0.2589 0.9330 0.2501
vn -0.3148 0.9330 0.1746
vn -0.7642 0.4863 0.4237
vn -0.6285 0.4863 0.6071
vn -0.3599 0.9330 -0.0062
vn -0.3460 0.9330 -0.0992
vn -0.8400 0.4863 -0.2408
vn -0.8737 0.4863 -0.0151
vn -0.2501 0.9330 -0.2589
vn -0.1746 0.9330 -0.3148
vn -0.4237 0.4863 -0.7642
vn -0.6071 0.4863 -0.6285
vn -0.3086 0.9330 -0.1854
vn -0.7491 0.4863 -0.4499
vn -0.0871 0.9330 -0.3493
vn -0.2115 0.4863 -0.8478
vn -0.1854 0.9330 0.3086
vn -0.4500 0.4863 0.7491
vn -0.3493 0.9330 0.0871
vn -0.8478 0.4863 0.2115
vn 0.0062 0.9330 -0.3599
vn 0.0151 0.4863 -0.8737
vn -0.2786 0.0422 -0.9595
vn -0.2743 0.0460 -0.9606
vn -0.2727 0.0474 -0.9609
vn -0.3329 0.0147 0.9429
vn 0.9570 0.2899 0.0108
vn 0.9571 0.2883 0.0295
vn 0.9444 0.2708 0.1864
vn 0.3883 0.9183 0.0767
vn 0.3908 0.9204 0.0081
vn 0.3853 0.9228 0.0079
vn 0.3829 0.9207 0.0757
vn 0.3914 0.9182 -0.0606
vn 0.3857 0.9207 -0.0599
vn -0.2130 0.0299 0.9766
vn -0.2161 0.0314 0.9759
vn -0.1460 0.0080 0.9892
vn -0.1433 0.0076 0.9896
vn -0.0898 0.0029 0.9960
vn -0.0923 0.0030 0.9957
vn 0.1499 0.9887 0.0030
vn 0.1472 0.9889 -0.0196
vn 0.0615 0.9981 -0.0071
vn 0.0606 0.9982 0.0012
vn 0.1468 0.9888 0.0256
vn 0.0615 0.9981 0.0096
vn -0.2323 -0.9720 0.0343
vn -0.2339 -0.9716 0.0348
vn -0.1539 -0.9879 0.0204
vn -0.1510 -0.9883 0.0199
vn -0.1852 0.0182 0.9825
vn -0.1829 0.0172 0.9830
vn 0.3509 0.9348 -0.0547
vn 0.3520 0.9360 0.0073
vn 0.3486 0.9347 0.0691
vn -0.2324 0.0449 -0.9716
vn -0.2216 0.0430 -0.9742
vn 0.2862 0.9582 0.0059
vn 0.2825 0.9576 0.0563
vn -0.0641 -0.9979 0.0073
vn -0.0650 -0.9979 0.0074
vn -0.0982 0.0077 -0.9951
vn -0.1009 0.0081 -0.9949
vn -0.0501 0.0034 -0.9987
vn -0.0479 0.0033 -0.9988
vn -0.1532 -0.9878 -0.0265
vn -0.1507 -0.9882 -0.0260
vn -0.0650 -0.9978 -0.0100
vn -0.0639 -0.9979 -0.0098
vn 0.2844 0.9577 -0.0446
vn -0.1710 0.0307 -0.9848
vn -0.1679 0.0294 -0.9854
vn -0.0173 0.0017 0.9998
vn -0.1378 0.0170 -0.9903
vn -0.1400 0.0179 -0.9900
vn 0.2300 0.9732 0.0047
vn 0.2289 0.9728 -0.0341
vn -0.2325 -0.9716 -0.0443
vn -0.2310 -0.9720 -0.0438
vn -0.0001 -1.0000 0.0050
vn 0.0001 -1.0000 -0.0052
vn -0.0000 1.0000 0.0001
vn -0.0001 1.0000 0.0050
vn 0.0001 1.0000 -0.0048
vn 0.0173 0.0021 -0.9998
vn 0.2276 0.9728 0.0434
vn -0.9373 0.2992 -0.1787
vn -0.9373 0.2992 -0.1786
vn -0.2893 -0.9562 0.0451
vn -0.2917 -0.9554 0.0455
vn -0.4789 -0.8727 -0.0949
vn -0.0359 0.9993 0.0139
vn -0.0358 0.9992 -0.0152
vn 0.0402 0.1067 0.9935
vn -0.0179 0.0214 0.9996
vn 0.0242 0.0833 0.9962
vn -0.0185 0.0158 0.9997
vn -0.0189 0.0143 0.9997
vn -0.0196 0.0115 0.9997
vn -0.0173 0.0115 0.9998
vn -0.0193 0.0119 0.9997
vn -0.0171 0.0135 0.9998
vn 0.0173 0.0012 -0.9998
vn 0.0175 0.0025 -0.9998
vn 0.0185 0.0079 -0.9998
vn 0.0217 0.0077 -0.9997
vn 0.0223 0.0081 -0.9997
vn 0.0190 0.0107 -0.9998
vn 0.0183 0.0169 -0.9997
vn 0.0586 0.0773 -0.9953
vn 0.0738 0.1002 -0.9922
vn 0.4173 -0.8735 0.2507
vn 0.4679 -0.8735 0.1341
vn 0.3382 -0.8735 0.3501
vn -0.0084 -0.8735 0.4867
vn 0.1178 -0.8735 0.4723
vn 0.2361 -0.8735 0.4257
vn 0.4867 -0.8735 0.0084
vn 0.4723 -0.8735 -0.1178
vn 0.3501 -0.8735 -0.3382
vn 0.2507 -0.8735 -0.4173
vn 0.4257 -0.8735 -0.2361
vn 0.1341 -0.8735 -0.4680
vn 0.0084 -0.8735 -0.4867
vn 0.8572 -0.0000 0.5149
vn 0.9998 0.0000 0.0173
vn 0.9613 -0.0000 0.2755
vn 0.8746 0.0000 -0.4849
vn 0.9703 0.0000 -0.2420
vn 0.0776 -0.9595 -0.2707
vn 0.1450 -0.9595 -0.2414
vn 0.0792 -0.9881 -0.1318
vn 0.0424 -0.9881 -0.1479
vn 0.0682 -0.9595 0.2732
vn -0.0049 -0.9595 0.2815
vn -0.0027 -0.9881 0.1538
vn 0.0372 -0.9881 0.1492
vn 0.1365 -0.9595 0.2463
vn 0.0746 -0.9881 0.1345
vn 0.1956 -0.9595 0.2025
vn 0.1069 -0.9881 0.1106
vn 0.2463 -0.9595 -0.1365
vn 0.2732 -0.9595 -0.0682
vn 0.1492 -0.9881 -0.0372
vn 0.1345 -0.9881 -0.0746
vn 0.2815 -0.9595 0.0049
vn 0.1538 -0.9881 0.0027
vn 0.2414 -0.9595 0.1450
vn 0.1318 -0.9881 0.0792
vn 0.0049 -0.9595 -0.2815
vn 0.0027 -0.9881 -0.1538
vn 0.2707 -0.9595 0.0776
vn 0.1479 -0.9881 0.0424
vn 0.2025 -0.9595 -0.1956
vn 0.1106 -0.9881 -0.1069
vn 0.0542 -0.9969 0.0562
vn 0.0669 -0.9969 0.0402
vn 0.0215 -0.9969 -0.0750
vn 0.0014 -0.9969 -0.0781
vn 0.0750 -0.9969 0.0215
vn 0.0781 -0.9969 0.0014
vn 0.0562 -0.9969 -0.0542
vn 0.0402 -0.9969 -0.0669
vn 0.0683 -0.9969 -0.0379
vn -0.0014 -0.9969 0.0781
vn 0.0189 -0.9969 0.0757
vn 0.0379 -0.9969 0.0683
vn 0.0757 -0.9969 -0.0189
vn 0.8588 0.0289 0.5115
vn 0.9423 0.0222 0.3339
vn 0.8760 0.0289 -0.4814
vn 0.9954 -0.0941 0.0173
vn 0.9533 0.0223 -0.3011
vn 0.9663 -0.0000 -0.2572
vn 0.2075 -0.0000 -0.9782
vn 0.2926 -0.0000 -0.9562
vn 0.0000 1.0000 0.0000
vn 0.1735 0.0000 0.9848
vn 0.2593 0.0000 0.9658
vn 0.9569 0.0000 0.2906
vn 0.8374 -0.0000 -0.5466
vn 0.5462 0.0000 -0.8377
vn 0.5168 0.0000 0.8561
vn 0.8180 0.0000 0.5753
vn -0.1609 -0.9728 -0.1666
vn -0.1123 -0.9728 -0.2026
vn -0.1503 0.9779 0.1452
vn 0.1210 0.9857 -0.1169
vn 0.1472 0.9857 -0.0816
vn -0.1828 0.9779 0.1014
vn -0.2227 -0.9728 -0.0638
vn -0.1986 -0.9728 -0.1193
vn -0.1792 0.9779 -0.1076
vn 0.1442 0.9857 0.0866
vn 0.1169 0.9857 0.1210
vn -0.1452 0.9779 -0.1503
vn -0.2703 0.1935 0.9431
vn -0.2755 -0.0000 0.9613
vn -0.0638 -0.9728 0.2227
vn -0.1193 -0.9728 0.1986
vn -0.2028 0.9779 0.0506
vn 0.1633 0.9857 -0.0407
vn 0.1682 0.9857 0.0029
vn -0.2090 0.9779 -0.0036
vn -0.2009 0.9779 -0.0576
vn 0.1617 0.9857 0.0464
vn -0.2248 -0.9728 0.0561
vn -0.2316 -0.9728 -0.0040
vn -0.1666 -0.9728 0.1609
vn -0.2026 -0.9728 0.1123
vn -0.0561 -0.9728 -0.2248
vn -0.9652 -0.0605 -0.2545
vn -0.9634 0.0000 -0.2680
vn -0.8218 0.2564 -0.5088
vn -0.8523 -0.0225 -0.5225
vn 0.0464 0.9857 -0.1617
vn -0.0576 0.9779 0.2009
vn -0.1014 0.9779 -0.1828
vn 0.0816 0.9857 0.1472
vn 0.0407 0.9857 0.1633
vn -0.0506 0.9779 -0.2028
vn 0.0866 0.9857 -0.1442
vn -0.1076 0.9779 0.1792
vn -0.2420 0.0000 -0.9703
vn -0.2375 0.1935 -0.9519
vn -0.6816 0.1935 -0.7057
vn -0.6947 0.0000 -0.7193
vn -0.7193 0.0000 0.6947
vn -0.7057 0.1935 0.6816
vn -0.8390 0.2564 0.4800
vn -0.8699 -0.0225 0.4927
vn 0.3891 0.5967 0.7018
vn 0.3309 0.7310 0.5968
vn -0.9721 0.0000 0.2344
vn -0.9734 -0.0605 0.2209
vn -0.5052 0.1935 0.8410
vn -0.5149 -0.0000 0.8572
vn -0.4758 0.1935 -0.8580
vn -0.4849 0.0000 -0.8746
vn 0.6881 0.5964 0.4134
vn 0.5849 0.7310 0.3514
vn 0.4741 0.7310 0.4908
vn 0.5576 0.5966 0.5773
vn 0.7653 0.6128 -0.1970
vn 0.6424 0.7404 -0.1979
vn 0.6501 0.7598 0.0100
vn 0.7780 0.6282 0.0128
vn 0.4134 0.5961 -0.6883
vn 0.3514 0.7310 -0.5849
vn 0.4908 0.7310 -0.4741
vn 0.5776 0.5959 -0.5580
vn 0.6374 0.7396 0.2159
vn 0.7596 0.6111 0.2226
vn 0.5968 0.7310 -0.3309
vn 0.7026 0.5955 -0.3896
vn 0.1880 0.7310 -0.6560
vn 0.2212 0.5963 -0.7717
vn 0.2293 0.3202 0.9192
vn 0.2312 0.2964 0.9267
vn 0.4878 0.3202 -0.8121
vn 0.4919 0.2957 -0.8189
vn 0.6871 0.2954 -0.6638
vn 0.6814 0.3202 -0.6582
vn 0.6582 0.3202 0.6814
vn 0.6636 0.2962 0.6870
vn 0.4631 0.2964 0.8353
vn 0.4594 0.3202 0.8285
vn 0.9472 0.3202 0.0164
vn 0.9495 0.3133 0.0163
vn 0.9175 0.3052 0.2551
vn 0.9107 0.3202 0.2610
vn 0.8356 0.2950 -0.4634
vn 0.8285 0.3202 -0.4594
vn 0.2632 0.2959 -0.9183
vn 0.2610 0.3202 -0.9107
vn 0.8188 0.2960 0.4919
vn 0.8121 0.3202 0.4878
vn 0.9258 0.3060 -0.2218
vn 0.9192 0.3202 -0.2293
vn 0.1329 0.9815 0.1376
vn 0.1392 0.9798 0.1437
vn 0.0976 0.9796 0.1756
vn 0.0927 0.9815 0.1673
vn 0.1661 0.9850 -0.0471
vn 0.1921 0.9802 -0.0476
vn 0.1977 0.9800 -0.0225
vn 0.1507 0.9883 -0.0233
vn 0.1376 0.9815 -0.1329
vn 0.1441 0.9798 -0.1388
vn 0.1742 0.9800 -0.0962
vn 0.1673 0.9815 -0.0927
vn 0.1643 0.9850 0.0528
vn 0.1903 0.9802 0.0542
vn 0.1708 0.9800 0.1022
vn 0.1640 0.9815 0.0985
vn 0.0556 0.9795 -0.1936
vn 0.0527 0.9815 -0.1839
vn 0.1036 0.9796 -0.1721
vn 0.0985 0.9815 -0.1639
vn 0.1968 0.9800 0.0294
vn 0.0489 0.9795 0.1954
vn 0.0463 0.9815 0.1856
vn -0.1278 0.9687 0.2128
vn -0.0928 0.9836 0.1545
vn -0.1296 0.9836 0.1252
vn -0.1786 0.9687 0.1725
vn -0.1725 0.9687 -0.1786
vn -0.1252 0.9836 -0.1296
vn -0.0874 0.9836 -0.1576
vn -0.1204 0.9687 -0.2171
vn 0.2915 0.0306 0.9561
vn 0.2438 0.0458 0.9688
vn 0.2329 0.0439 0.9715
vn 0.2884 0.0363 0.9568
vn -0.1576 0.9836 0.0874
vn -0.2171 0.9687 0.1204
vn -0.0497 0.9836 0.1733
vn -0.0684 0.9687 0.2387
vn -0.0436 0.9836 -0.1749
vn -0.0601 0.9687 -0.2409
vn -0.2295 0.9682 -0.0998
vn -0.1465 0.9873 -0.0607
vn -0.1545 0.9836 -0.0928
vn -0.2128 0.9687 -0.1278
vn -0.1482 0.9874 0.0559
vn -0.2329 0.9682 0.0918
vn 0.1498 0.9883 0.0285
vn 0.0006 1.0000 0.0025
vn 0.0022 1.0000 0.0013
vn 0.0018 1.0000 0.0019
vn 0.0013 1.0000 -0.0022
vn 0.0019 1.0000 -0.0018
vn 0.0023 1.0000 -0.0013
vn -0.0411 0.9992 0.0001
vn 0.0007 1.0000 -0.0025
vn 0.0013 1.0000 0.0023
vn -0.0342 0.9994 -0.0000
vn 0.4793 -0.8728 0.0917
vn 0.4068 -0.9102 0.0778
vn 0.4107 -0.9084 0.0785
vn 0.4130 -0.9083 -0.0670
vn 0.2915 -0.9554 -0.0474
vn 0.2893 -0.9561 -0.0470
vn 0.4092 -0.9100 -0.0664
vn -0.2233 0.3855 -0.8953
vn -0.0919 0.9250 -0.3686
vn -0.5695 0.7433 -0.3509
vn -0.6411 0.3855 -0.6637
vn -0.2639 0.9250 -0.2732
vn -0.7208 0.6813 0.1277
vn -0.5796 0.7963 0.1728
vn -0.5662 0.8242 -0.0098
vn -0.7116 0.7025 -0.0123
vn -0.4751 0.3855 0.7910
vn -0.6637 0.3855 0.6411
vn -0.1956 0.9250 0.3256
vn -0.2732 0.9250 0.2639
vn -0.5813 0.7433 0.3309
vn -0.2542 0.3855 0.8870
vn -0.1047 0.9250 0.3652
vn -0.4474 0.3855 -0.8070
vn -0.1842 0.9250 -0.3322
vn -0.7159 0.6813 -0.1526
vn -0.5733 0.7963 -0.1928
vn 0.0871 0.9330 0.3493
vn 0.2115 0.4863 0.8478
vn 0.3086 0.9330 0.1854
vn 0.2501 0.9330 0.2589
vn 0.7491 0.4863 0.4499
vn 0.6071 0.4863 0.6285
vn 0.3493 0.9330 -0.0871
vn 0.3599 0.9330 0.0062
vn 0.8478 0.4863 -0.2115
vn 0.8737 0.4863 0.0151
vn 0.1854 0.9330 -0.3086
vn 0.2589 0.9330 -0.2501
vn 0.4500 0.4863 -0.7491
vn 0.6285 0.4863 -0.6071
vn 0.3148 0.9330 -0.1746
vn 0.7642 0.4863 -0.4237
vn 0.0992 0.9330 -0.3460
vn 0.2408 0.4863 -0.8400
vn 0.1746 0.9330 0.3148
vn 0.4237 0.4863 0.7642
vn 0.3460 0.9330 0.0992
vn 0.8400 0.4863 0.2408
vn 0.3117 0.0422 -0.9492
vn 0.3059 0.0474 -0.9509
vn 0.3074 0.0460 -0.9505
vn 0.3000 0.0147 0.9538
vn -0.9503 0.2708 0.1536
vn -0.9575 0.2883 -0.0036
vn -0.9568 0.2899 -0.0224
vn -0.3908 0.9183 0.0632
vn -0.3853 0.9207 0.0624
vn -0.3854 0.9228 -0.0055
vn -0.3908 0.9204 -0.0054
vn -0.3834 0.9207 -0.0732
vn -0.3891 0.9182 -0.0742
vn 0.1822 0.0314 0.9828
vn 0.1790 0.0299 0.9834
vn -0.1499 0.9887 -0.0022
vn -0.0606 0.9982 -0.0009
vn -0.0613 0.9981 -0.0092
vn -0.1464 0.9889 -0.0247
vn 0.1720 0.0170 -0.9850
vn 0.1327 0.0077 -0.9911
vn 0.1354 0.0081 -0.9908
vn 0.1743 0.0179 -0.9845
vn 0.0577 0.0030 0.9983
vn 0.0552 0.0029 0.9985
vn 0.2310 -0.9720 0.0424
vn 0.1502 -0.9883 0.0251
vn 0.1531 -0.9879 0.0257
vn 0.2325 -0.9716 0.0428
vn -0.1476 0.9888 0.0205
vn -0.0618 0.9981 0.0074
vn -0.3521 0.9360 -0.0049
vn -0.3488 0.9348 -0.0668
vn -0.3508 0.9347 0.0570
vn 0.2552 0.0430 -0.9659
vn 0.2660 0.0449 -0.9629
vn -0.2843 0.9576 0.0464
vn -0.2862 0.9582 -0.0040
vn 0.0647 -0.9979 0.0096
vn 0.0638 -0.9979 0.0095
vn 0.0825 0.0033 -0.9966
vn 0.0847 0.0034 -0.9964
vn 0.1540 -0.9878 -0.0212
vn 0.0642 -0.9979 -0.0076
vn 0.0653 -0.9978 -0.0077
vn 0.1515 -0.9882 -0.0208
vn -0.2827 0.9577 -0.0544
vn 0.2019 0.0294 -0.9790
vn 0.2050 0.0307 -0.9783
vn 0.1511 0.0182 0.9884
vn 0.1117 0.0080 0.9937
vn 0.1089 0.0076 0.9940
vn 0.1487 0.0172 0.9887
vn -0.2300 0.9732 -0.0033
vn -0.2276 0.9728 -0.0420
vn 0.2339 -0.9716 -0.0362
vn 0.2324 -0.9720 -0.0358
vn -0.2290 0.9728 0.0355
vn 0.2899 -0.9554 0.0555
vn 0.2876 -0.9562 0.0551
vn 0.4819 -0.8727 -0.0783
vn 0.0354 0.9993 0.0152
vn 0.0363 0.9992 -0.0139
vn -0.0746 0.1067 0.9915
vn -0.0587 0.0833 0.9948
vn -0.0167 0.0214 0.9996
vn -0.0158 0.0143 0.9998
vn -0.0162 0.0158 0.9997
vn -0.0151 0.0115 0.9998
vn -0.0154 0.0119 0.9998
vn -0.0175 0.0135 0.9998
vn 0.0162 0.0079 -0.9998
vn 0.0172 0.0025 -0.9998
vn 0.0129 0.0077 -0.9999
vn 0.0124 0.0081 -0.9999
vn 0.0156 0.0107 -0.9998
vn -0.0240 0.0773 -0.9967
vn 0.0163 0.0169 -0.9997
vn -0.0394 0.1002 -0.9942
vn -0.4723 -0.8735 0.1178
vn -0.4257 -0.8735 0.2361
vn -0.3501 -0.8735 0.3382
vn -0.1341 -0.8735 0.4679
vn -0.2507 -0.8735 0.4173
vn -0.4867 -0.8735 -0.0084
vn -0.4679 -0.8735 -0.1341
vn -0.2361 -0.8735 -0.4257
vn -0.3382 -0.8735 -0.3501
vn -0.4173 -0.8735 -0.2507
vn -0.1178 -0.8735 -0.4723
vn -0.8746 0.0000 0.4849
vn -0.9998 -0.0000 -0.0173
vn -0.9703 -0.0000 0.2420
vn -0.8572 0.0000 -0.5149
vn -0.9613 0.0000 -0.2755
vn -0.0682 -0.9595 -0.2732
vn -0.0372 -0.9881 -0.1492
vn -0.0746 -0.9881 -0.1345
vn -0.1365 -0.9595 -0.2463
vn -0.0776 -0.9595 0.2707
vn -0.0424 -0.9881 0.1479
vn -0.1450 -0.9595 0.2414
vn -0.0792 -0.9881 0.1318
vn -0.2025 -0.9595 0.1956
vn -0.1106 -0.9881 0.1069
vn -0.2414 -0.9595 -0.1450
vn -0.1318 -0.9881 -0.0792
vn -0.1479 -0.9881 -0.0424
vn -0.2707 -0.9595 -0.0776
vn -0.1538 -0.9881 -0.0027
vn -0.2815 -0.9595 -0.0049
vn -0.2463 -0.9595 0.1365
vn -0.1345 -0.9881 0.0746
vn -0.1492 -0.9881 0.0372
vn -0.2732 -0.9595 0.0682
vn -0.1069 -0.9881 -0.1106
vn -0.1956 -0.9595 -0.2025
vn -0.0683 -0.9969 0.0379
vn -0.0562 -0.9969 0.0542
vn -0.0189 -0.9969 -0.0757
vn -0.0781 -0.9969 -0.0014
vn -0.0757 -0.9969 0.0189
vn -0.0379 -0.9969 -0.0683
vn -0.0542 -0.9969 -0.0562
vn -0.0669 -0.9969 -0.0402
vn -0.0215 -0.9969 0.0750
vn -0.0402 -0.9969 0.0669
vn -0.0750 -0.9969 -0.0215
vn -0.8706 -0.0450 0.4899
vn -0.9572 -0.1108 0.2673
vn -0.8531 -0.0450 -0.5198
vn -0.9898 -0.1418 -0.0172
vn -0.9973 -0.0710 -0.0173
vn -0.9474 -0.1108 -0.3003
vn 0.0783 0.6871 -0.7223
vn 0.0762 0.6802 -0.7291
vn 0.0777 0.6852 -0.7242
vn 0.0276 0.6692 0.7425
vn 0.0140 0.6517 0.7583
vn 0.0332 0.6762 0.7360
vn 0.0547 0.6914 0.7204
vn 0.0568 0.6910 0.7206
vn 0.0877 0.6905 -0.7180
vn 0.0897 0.6901 -0.7181
vn -0.0190 0.7017 0.7122
vn -0.0123 0.7025 0.7116
vn -0.0198 0.7016 0.7123
vn 0.0101 0.7014 -0.7127
vn 0.0123 0.7023 -0.7118
vn 0.0105 0.7015 -0.7126
vn 0.0026 0.6972 0.7169
vn 0.0058 0.6968 0.7173
vn 0.0347 0.6970 -0.7163
vn 0.0377 0.6965 -0.7165
vn 0.0658 0.6924 -0.7185
vn 0.0800 0.6909 -0.7185
vn 0.0830 0.6905 -0.7186
vn 0.0473 0.6915 0.7208
vn 0.0334 0.6928 0.7203
vn 0.0334 0.6929 0.7203
vn 0.0503 0.6912 0.7209
vn -0.0526 0.6852 -0.7265
vn -0.0509 0.6802 -0.7313
vn -0.0532 0.6871 -0.7246
vn -0.0587 0.6762 0.7344
vn -0.0403 0.6518 0.7574
vn -0.0534 0.6693 0.7411
vn -0.0817 0.6910 0.7182
vn -0.0796 0.6914 0.7181
vn -0.0648 0.6901 -0.7208
vn -0.0627 0.6905 -0.7206
vn -0.0049 0.7016 0.7125
vn -0.0056 0.7017 0.7124
vn 0.0142 0.7015 -0.7125
vn 0.0147 0.7014 -0.7126
vn -0.0307 0.6968 0.7166
vn -0.0275 0.6972 0.7163
vn -0.0129 0.6965 -0.7174
vn -0.0099 0.6969 -0.7171
vn -0.0409 0.6924 -0.7203
vn -0.0580 0.6905 -0.7210
vn -0.0551 0.6909 -0.7209
vn -0.0409 0.6924 -0.7204
vn -0.0753 0.6912 0.7188
vn -0.0583 0.6929 0.7187
vn -0.0584 0.6928 0.7187
vn -0.0722 0.6915 0.7187
vn 0.9430 0.2991 -0.1461
vn 0.9430 0.2992 -0.1460
vn 0.9430 0.2992 -0.1461
vn 0.9444 0.2709 0.1864
s 1
f 1746/1933/1977 1747/1934/1978 1748/1935/1979 1749/1936/1979
f 1750/1937/1980 1751/1938/1981 1752/1939/1982 1753/1940/1983
f 1754/1941/1984 1755/1942/1985 1756/1943/1979 1757/1944/1979
f 1758/1945/1986 1759/1946/1987 1760/1947/1988 1761/1948/1989
f 1762/1949/1990 1763/1950/1991 1764/1951/1992 1765/1952/1993
f 1766/1953/1994 1767/1954/1995 1768/1955/1979 1769/1956/1979
f 1770/1957/1996 1771/1958/1997 1772/1959/1998 1773/1960/1999
f 1774/1961/2000 1758/1945/1986 1761/1948/1989 1775/1962/2001
f 1751/1938/1981 1770/1957/1996 1773/1960/1999 1752/1939/1982
f 1776/1963/2002 1777/1964/2003 1778/1965/1979 1779/1966/1979
f 1780/1967/2004 1766/1953/1994 1769/1956/1979 1781/1968/1979
f 1782/1969/2005 1783/1970/2006 1784/1971/1979 1785/1972/1979
f 1755/1942/1985 1746/1933/1977 1749/1936/1979 1756/1943/1979
f 1786/1973/2007 1787/1974/2008 1788/1975/1979 1789/1976/1979
f 1790/1977/2009 1791/1978/2010 1792/1979/2011 1793/1980/2012
f 1783/1970/2006 1776/1963/2002 1779/1966/1979 1784/1971/1979
f 1794/1981/2013 1795/1982/2014 1796/1983/2015 1797/1984/2016
f 1798/1985/2017 1799/1986/2018 1800/1987/2019 1801/1988/2020
f 1777/1964/2003 1754/1941/1984 1757/1944/1979 1778/1965/1979
f 1767/1954/1995 1782/1969/2005 1785/1972/1979 1768/1955/1979
f 1759/1946/1987 1798/1985/2017 1801/1988/2020 1760/1947/1988
f 1747/1934/1978 1786/1973/2007 1789/1976/1979 1748/1935/1979
f 1795/1982/2014 1802/1989/2021 1803/1990/2022 1796/1983/2015
f 1771/1958/1997 1774/1961/2000 1775/1962/2001 1772/1959/1998
f 1804/1991/2023 1805/1992/2024 1806/1993/2025 1807/1994/2026
f 1791/1978/2010 1808/1995/2027 1809/1996/2028 1792/1979/2011
f 1810/1997/2029 1811/1998/2030 1812/1999/2031 1813/2000/2032
f 1814/2001/2033 1815/2002/2034 1816/2003/2035 1817/2004/2036
f 1811/1998/2030 1818/2005/2037 1819/2006/2038 1812/1999/2031
f 1763/1950/1991 1820/2007/2039 1821/2008/2040 1764/1951/1992
f 1808/1995/2027 1822/2009/2041 1823/2010/2042 1809/1996/2028
f 1822/2009/2041 1804/1991/2023 1807/1994/2026 1823/2010/2042
f 1802/1989/2021 1750/1937/1980 1753/1940/1983 1803/1990/2022
f 1820/2007/2039 1810/1997/2029 1813/2000/2032 1821/2008/2040
f 1824/2011/2043 1814/2001/2033 1817/2004/2036 1825/2012/2044
f 1826/2013/2045 1827/2014/2046 1828/2015/2047 1829/2016/2048
f 1830/2017/2049 1831/2018/2050 1832/2019/2051 1833/2020/2052
f 1827/2014/2046 1834/2021/2053 1835/2022/2054 1828/2015/2047
f 1836/2023/2055 1837/2024/2056 1838/2025/2057 1839/2026/2058
f 1831/2018/2050 1840/2027/2059 1841/2028/2060 1832/2019/2051
f 1842/2029/2061 1843/2030/2062 1844/2031/2063 1845/2032/2064
f 1834/2021/2053 1824/2011/2043 1825/2012/2044 1835/2022/2054
f 1840/2027/2059 1826/2013/2045 1829/2016/2048 1841/2028/2060
f 1843/2030/2062 1830/2017/2049 1833/2020/2052 1844/2031/2063
f 1815/2002/2034 1846/2033/2065 1847/2034/2066 1816/2003/2035
f 1848/2035/2067 1849/2036/2068 1850/2037/2069 1851/2038/2070
f 1852/2039/2071 1853/2040/2072 1854/2041/2073 1855/2042/2074
f 1856/2043/2075 1857/2044/2076 1858/2045/2077 1859/2046/2078
f 1849/2036/2068 1860/2047/2079 1861/2048/2080 1850/2037/2069
f 1862/2049/2081 1863/2050/2082 1864/2051/2083 1865/2052/2084
f 1866/2053/2085 1867/2054/2086 1868/2055/2087 1869/2056/2088
f 1853/2040/2072 1866/2053/2085 1869/2056/2088 1854/2041/2073
f 1857/2044/2076 1870/2057/2089 1871/2058/2090 1858/2045/2077
f 1860/2047/2079 1872/2059/2091 1873/2060/2092 1861/2048/2080
f 1870/2057/2089 1852/2039/2071 1855/2042/2074 1871/2058/2090
f 1863/2050/2082 1848/2035/2067 1851/2038/2070 1864/2051/2083
f 1872/2059/2091 1856/2043/2075 1859/2046/2078 1873/2060/2092
f 1874/2061/2093 1875/2062/2094 1876/2063/2095 1877/2064/2096
f 1878/2065/2097 1879/2066/2098 1880/2067/2099 1881/2068/2100
f 1882/2069/2101 1883/2070/2102 1884/2071/2103 1885/2072/2104
f 1886/2073/2105 1887/2074/2106 1888/2075/2107 1889/2076/2108
f 1890/2077/2109 1891/2078/2110 1892/2079/2111 1893/2080/2112
f 1883/2070/2102 1878/2065/2097 1881/2068/2100 1884/2071/2103
f 1891/2078/2110 1894/2081/2113 1895/2082/2114 1892/2079/2111
f 1887/2074/2106 1874/2061/2093 1877/2064/2096 1888/2075/2107
f 1896/2083/2115 1889/2076/2108 1897/2084/2116
f 1894/2081/2113 1882/2069/2101 1885/2072/2104 1895/2082/2114
f 1875/2062/2094 1898/2085/2117 1899/2086/2118 1876/2063/2095
f 1833/2020/2119 1832/2019/2120 1900/2087/2121 1901/2088/2122
f 1817/2004/2123 1816/2003/2124 1902/2089/2125 1903/2090/2126
f 1904/2091/2127 1905/2092/2128 1906/2093/2129 1907/2094/2130
f 1832/2019/2120 1841/2028/2131 1908/2095/2132 1900/2087/2121
f 1845/2032/2133 1844/2031/2134 1909/2096/2135 1910/2097/2136
f 1816/2003/2124 1847/2034/2137 1911/2098/2138 1902/2089/2125
f 1847/2034/2137 1838/2025/2139 1912/2099/2140 1911/2098/2138
f 1835/2022/2141 1825/2012/2142 1913/2100/2143 1914/2101/2144
f 1841/2028/2131 1829/2016/2145 1904/2091/2146 1908/2095/2132
f 1825/2012/2142 1817/2004/2123 1903/2090/2126 1913/2100/2143
f 1844/2031/2134 1833/2020/2119 1901/2088/2122 1909/2096/2135
f 1888/2075/2107 1877/2064/2096 1897/2102/2116
f 1884/2071/2103 1881/2068/2100 1915/2103/2147
f 1877/2064/2096 1876/2063/2095 1897/2104/2116
f 1889/2076/2108 1888/2075/2107 1897/2105/2116
f 1885/2072/2104 1884/2071/2103 1915/2106/2147
f 1916/2107/2148 1886/2073/2105 1889/2076/2108 1896/2083/2115
f 1892/2079/2111 1895/2082/2114 1915/2108/2147
f 1895/2082/2114 1885/2072/2104 1915/2109/2147
f 1876/2063/2095 1899/2086/2118 1897/2110/2116
f 1893/2080/2112 1892/2079/2111 1915/2111/2147
f 1911/2098/2138 1912/2099/2140 1917/2112/2149 1918/2113/2150
f 1918/2113/2150 1917/2112/2149 1919/2114/2151 1898/2085/2117
f 1913/2100/2143 1903/2090/2126 1920/2115/2152 1921/2116/2153
f 1921/2116/2153 1920/2115/2152 1874/2061/2093 1887/2074/2106
f 1901/2088/2122 1900/2087/2121 1922/2117/2154 1923/2118/2155
f 1923/2118/2155 1922/2117/2154 1882/2069/2101 1894/2081/2113
f 1908/2095/2132 1904/2091/2146 1924/2119/2156 1925/2120/2157
f 1925/2120/2157 1924/2119/2156 1878/2065/2097 1883/2070/2102
f 1909/2096/2135 1901/2088/2122 1923/2118/2155 1926/2121/2158
f 1926/2121/2158 1923/2118/2155 1894/2081/2113 1891/2078/2110
f 1902/2089/2125 1911/2098/2138 1918/2113/2150 1927/2122/2159
f 1927/2122/2159 1918/2113/2150 1898/2085/2117 1875/2062/2094
f 1914/2101/2144 1913/2100/2143 1921/2116/2153 1928/2123/2160
f 1928/2123/2160 1921/2116/2153 1887/2074/2106 1886/2073/2105
f 1903/2090/2126 1902/2089/2125 1927/2122/2159 1920/2115/2152
f 1920/2115/2152 1927/2122/2159 1875/2062/2094 1874/2061/2093
f 1914/2101/2161 1929/2124/2161 1930/2125/2162 1931/2126/2163
f 1932/2127/2164 1907/2094/2165 1933/2128/2166 1934/2129/2167
f 1900/2087/2121 1908/2095/2132 1925/2120/2157 1922/2117/2154
f 1922/2117/2154 1925/2120/2157 1883/2070/2102 1882/2069/2101
f 1910/2097/2136 1909/2096/2135 1926/2121/2158 1935/2130/2168
f 1935/2130/2168 1926/2121/2158 1891/2078/2110 1890/2077/2109
f 1898/2085/2117 1919/2114/2151 1936/2131/2169 1899/2086/2118
f 1807/1994/2026 1806/1993/2025 1937/2132/2170 1938/2133/2171
f 1938/2133/2172 1937/2132/2173 1939/2134/2174 1799/1986/2018
f 1792/1979/2011 1809/1996/2028 1940/2135/2175 1941/2136/2176
f 1941/2136/2177 1940/2135/2178 1759/1946/1987 1758/1945/1986
f 1819/2006/2038 1942/2137/2179 1943/2138/2180 1944/2139/2181
f 1944/2139/2181 1943/2138/2180 1771/1958/1997 1770/1957/1996
f 1821/2008/2040 1813/2000/2032 1945/2140/2182 1946/2141/2183
f 1946/2141/2184 1945/2140/2185 1750/1937/1980 1802/1989/2021
f 1812/1999/2031 1819/2006/2038 1944/2139/2181 1947/2142/2186
f 1947/2142/2187 1944/2139/2181 1770/1957/1996 1751/1938/1981
f 1764/1951/1992 1821/2008/2040 1946/2141/2183 1948/2143/2188
f 1948/2143/2189 1946/2141/2184 1802/1989/2021 1795/1982/2014
f 1823/2010/2042 1807/1994/2026 1938/2133/2171 1949/2144/2190
f 1949/2144/2191 1938/2133/2172 1799/1986/2018 1798/1985/2017
f 1793/1980/2012 1792/1979/2011 1941/2136/2176 1950/2145/2192
f 1950/2145/2192 1941/2136/2177 1758/1945/1986 1774/1961/2000
f 1809/1996/2028 1823/2010/2042 1949/2144/2190 1940/2135/2175
f 1940/2135/2178 1949/2144/2191 1798/1985/2017 1759/1946/1987
f 1942/2137/2179 1793/1980/2012 1950/2145/2192 1943/2138/2180
f 1943/2138/2180 1950/2145/2192 1774/1961/2000 1771/1958/1997
f 1813/2000/2032 1812/1999/2031 1947/2142/2186 1945/2140/2182
f 1945/2140/2185 1947/2142/2187 1751/1938/1981 1750/1937/1980
f 1765/1952/1993 1764/1951/1992 1948/2143/2188 1951/2146/2193
f 1951/2146/2194 1948/2143/2189 1795/1982/2014 1794/1981/2013
f 1800/1987/2019 1952/2147/2195 1953/2148/2196 1954/2149/2197
f 1954/2149/2198 1953/2148/2199 1867/2054/2086 1866/2053/2085
f 1761/1948/1989 1760/1947/1988 1955/2150/2200 1956/2151/2201
f 1956/2151/2202 1955/2150/2203 1852/2039/2071 1870/2057/2089
f 1773/1960/1999 1772/1959/1998 1957/2152/2204 1958/2153/2205
f 1958/2153/2206 1957/2152/2207 1856/2043/2075 1872/2059/2091
f 1803/1990/2022 1753/1940/1983 1959/2154/2208 1960/2155/2209
f 1960/2155/2210 1959/2154/2211 1849/2036/2068 1848/2035/2067
f 1752/1939/1982 1773/1960/1999 1958/2153/2205 1961/2156/2212
f 1961/2156/2213 1958/2153/2206 1872/2059/2091 1860/2047/2079
f 1796/1983/2015 1803/1990/2022 1960/2155/2209 1962/2157/2214
f 1962/2157/2215 1960/2155/2210 1848/2035/2067 1863/2050/2082
f 1801/1988/2020 1800/1987/2019 1954/2149/2197 1963/2158/2216
f 1963/2158/2217 1954/2149/2198 1866/2053/2085 1853/2040/2072
f 1775/1962/2001 1761/1948/1989 1956/2151/2201 1964/2159/2218
f 1964/2159/2219 1956/2151/2202 1870/2057/2089 1857/2044/2076
f 1760/1947/1988 1801/1988/2020 1963/2158/2216 1955/2150/2200
f 1955/2150/2203 1963/2158/2217 1853/2040/2072 1852/2039/2071
f 1772/1959/1998 1775/1962/2001 1964/2159/2218 1957/2152/2204
f 1957/2152/2207 1964/2159/2219 1857/2044/2076 1856/2043/2075
f 1753/1940/1983 1752/1939/1982 1961/2156/2212 1959/2154/2208
f 1959/2154/2211 1961/2156/2213 1860/2047/2079 1849/2036/2068
f 1797/1984/2016 1796/1983/2015 1962/2157/2214 1965/2160/2220
f 1965/2160/2221 1962/2157/2215 1863/2050/2082 1862/2049/2081
f 1799/1986/2018 1939/2134/2174 1952/2147/2195 1800/1987/2019
f 1835/2022/2222 1914/2101/2223 1966/2161/2224 1967/2162/2222
f 1904/2091/2127 1829/2016/2225 1968/2163/2225 1905/2092/2128
f 1828/2015/2226 1969/2164/2227 1970/2165/2228
f 1970/2165/2229 1969/2164/2230 1971/2166/2231 1972/2167/2232
f 1969/2164/2230 1973/2168/2233 1974/2169/2234 1971/2166/2231
f 1907/2094/2130 1906/2093/2129 1975/2170/2235 1933/2128/2236
f 1976/2171/2237 1977/2172/2238 1978/2173/2239 1979/2174/2240
f 1980/2175/2241 1981/2176/2242 1982/2177/2243 1983/2178/2244
f 1984/2179/2245 1980/2175/2241 1983/2178/2244 1985/2180/2246
f 1986/2181/2247 1987/2182/2248 1988/2183/2249 1989/2184/2250
f 1990/2185/2251 1991/2186/2252 1977/2172/2238 1976/2171/2237
f 1971/2166/2231 1974/2169/2234 1992/2187/2253 1993/2188/2254
f 1972/2167/2232 1971/2166/2231 1993/2188/2254 1994/2189/2255
f 1966/2161/2224 1914/2101/2223 1931/2126/2256 1995/2190/2257
f 1994/2189/2255 1993/2188/2254 1996/2191/2258 1997/2192/2259
f 1989/2184/2250 1988/2183/2249 1998/2193/2260 1999/2194/2261
f 2000/2195/2262 1989/2184/2263 1999/2194/2264 2001/2196/2265
f 2002/2197/2266 1976/2171/2267 1979/2174/2268 2003/2198/2269
f 1993/2188/2254 1992/2187/2253 2004/2199/2270 1996/2191/2258
f 1995/2190/2257 1931/2126/2256 2005/2200/2271 2006/2201/2272
f 1979/2174/2240 1978/2173/2239 2007/2202/2273 2008/2203/2273
f 1899/2086/2118 1936/2131/2169 1897/2204/2116
f 2009/2205/2274 1986/2181/2275 1989/2184/2263 2000/2195/2262
f 2010/2206/2276 2011/2207/2277 1981/2176/2242 1980/2175/2241
f 2012/2208/2278 1990/2185/2279 1976/2171/2267 2002/2197/2266
f 1990/2185/2279 2012/2208/2278 1934/2129/2167 1933/2128/2166
f 2013/2209/2280 2014/2210/2280 1999/2194/2261 1998/2193/2260
f 2008/2203/2281 2015/2211/2281 2003/2198/2269 1979/2174/2268
f 1985/2180/2246 1983/2178/2244 2016/2212/2282 2017/2213/2283
f 1983/2178/2244 1982/2177/2243 2018/2214/2284 2016/2212/2282
f 2014/2210/2285 2019/2215/2285 2001/2196/2265 1999/2194/2264
f 2010/2206/2276 2020/2216/2286 1997/2192/2259 1996/2191/2258
f 2020/2216/2286 2010/2206/2276 1980/2175/2241 1984/2179/2245
f 2011/2207/2277 2010/2206/2276 1996/2191/2258 2004/2199/2270
f 2021/2217/2287 2022/2218/2288 2023/2219/2287
f 1986/2181/2275 2009/2205/2274 2006/2201/2272 2005/2200/2271
f 1987/2182/2248 1986/2181/2247 2005/2200/2289 2024/2220/2290
f 1991/2186/2252 1990/2185/2251 1933/2128/2236 1975/2170/2235
f 1931/2126/2163 1930/2125/2162 2024/2220/2290 2005/2200/2289
f 2025/2221/2291 1904/2091/2291 1907/2094/2165 1932/2127/2164
f 1881/2068/2100 1880/2067/2099 1915/2222/2147
f 1914/2101/2144 1928/2123/2160 1929/2124/2292
f 1928/2123/2160 1886/2073/2105 1916/2107/2148 1929/2124/2292
f 1904/2091/2146 2025/2221/2293 1924/2119/2156
f 1924/2119/2156 2025/2221/2293 1879/2066/2098 1878/2065/2097
f 2025/2221/2294 1932/2127/2295 1879/2066/2296
f 1932/2127/2295 1934/2129/2297 1880/2067/2298 1879/2066/2296
f 2003/2198/2299 2015/2211/2300 1915/2222/2300 1880/2067/2298
f 2003/2198/2299 1880/2067/2298 2002/2197/2301
f 2002/2197/2301 1880/2067/2298 2012/2208/2302
f 2012/2208/2302 1880/2067/2298 1934/2129/2297
f 2013/2209/2303 1998/2193/2304 1896/2083/2305 1897/2084/2303
f 1988/2183/2306 1896/2083/2305 1998/2193/2304
f 1987/2182/2307 1896/2083/2305 1988/2183/2306
f 2024/2220/2308 1896/2083/2305 1987/2182/2307
f 2024/2220/2308 1930/2125/2309 1916/2107/2310 1896/2083/2305
f 1929/2124/2311 1916/2107/2310 1930/2125/2309
f 1776/1963/2002 1783/1970/2006 2026/2223/2312 2027/2224/2313
f 1783/1970/2006 1782/1969/2005 2028/2225/2314 2026/2223/2312
f 1766/1953/1994 1780/1967/2004 2029/2226/2315 2030/2227/2316
f 1782/1969/2005 1767/1954/1995 2031/2228/2317 2028/2225/2314
f 1777/1964/2003 1776/1963/2002 2027/2224/2313 2032/2229/2318
f 1754/1941/1984 1777/1964/2003 2032/2229/2318 2033/2230/2319
f 1747/1934/1978 1746/1933/1977 2034/2231/2320 2035/2232/2321
f 1746/1933/1977 1755/1942/1985 2036/2233/2322 2034/2231/2320
f 1786/1973/2007 1747/1934/1978 2035/2232/2321 2037/2234/2323
f 1767/1954/1995 1766/1953/1994 2030/2227/2316 2031/2228/2317
f 1787/1974/2008 1786/1973/2007 2037/2234/2323 2038/2235/2324
f 1755/1942/1985 1754/1941/1984 2033/2230/2319 2036/2233/2322
f 2026/2223/2325 2028/2225/2029 2039/2236/2029 2040/2237/2325
f 2038/2235/2024 2037/2234/2023 2041/2238/2023 2042/2239/2024
f 2032/2229/2326 2027/2224/2327 2043/2240/2327 2044/2241/2326
f 2027/2224/2327 2026/2223/2325 2040/2237/2325 2043/2240/2327
f 2035/2232/2041 2034/2231/2027 2045/2242/2027 2046/2243/2041
f 2034/2231/2027 2036/2233/2328 2047/2244/2328 2045/2242/2027
f 2037/2234/2023 2035/2232/2041 2046/2243/2041 2041/2238/2023
f 2030/2227/1991 2029/2226/1990 2048/2245/1990 2049/2246/1991
f 2031/2228/2039 2030/2227/1991 2049/2246/1991 2050/2247/2039
f 2028/2225/2029 2031/2228/2039 2050/2247/2039 2039/2236/2029
f 2036/2233/2328 2033/2230/2329 2051/2248/2329 2047/2244/2328
f 2033/2230/2329 2032/2229/2326 2044/2241/2326 2051/2248/2329
f 2041/2238/2330 2046/2243/2331 2052/2249/2332 2053/2250/2333
f 2049/2246/2334 2048/2245/2335 2054/2251/2336 2055/2252/2337
f 2050/2247/2338 2049/2246/2334 2055/2252/2337 2056/2253/2339
f 2039/2236/2340 2050/2247/2338 2056/2253/2339 2057/2254/2341
f 2047/2244/2342 2051/2248/2343 2058/2255/2344 2059/2256/2345
f 2051/2248/2343 2044/2241/2346 2060/2257/2347 2058/2255/2344
f 2040/2237/2348 2039/2236/2340 2057/2254/2341 2061/2258/2349
f 2042/2239/2350 2041/2238/2330 2053/2250/2333 2062/2259/2351
f 2044/2241/2346 2043/2240/2352 2063/2260/2353 2060/2257/2347
f 2043/2240/2352 2040/2237/2348 2061/2258/2349 2063/2260/2353
f 2046/2243/2331 2045/2242/2354 2064/2261/2355 2052/2249/2332
f 2045/2242/2354 2047/2244/2342 2059/2256/2345 2064/2261/2355
f 2061/2258/2349 2057/2254/2341 2065/2262/2356 2066/2263/2357
f 2062/2259/2351 2053/2250/2333 2067/2264/2358 2068/2265/2359
f 2060/2257/2347 2063/2260/2353 2069/2266/2360 2070/2267/2361
f 2063/2260/2353 2061/2258/2349 2066/2263/2357 2069/2266/2360
f 2052/2249/2332 2064/2261/2355 2071/2268/2362 2072/2269/2363
f 2064/2261/2355 2059/2256/2345 2073/2270/2364 2071/2268/2362
f 2053/2250/2333 2052/2249/2332 2072/2269/2363 2067/2264/2358
f 2055/2252/2337 2054/2251/2336 2074/2271/2365 2075/2272/2366
f 2056/2253/2339 2055/2252/2337 2075/2272/2366 2076/2273/2367
f 2057/2254/2341 2056/2253/2339 2076/2273/2367 2065/2262/2356
f 2059/2256/2345 2058/2255/2344 2077/2274/2368 2073/2270/2364
f 2058/2255/2344 2060/2257/2347 2070/2267/2361 2077/2274/2368
f 2067/2264/2358 2072/2269/2363 2078/2275/1979
f 2075/2272/2366 2074/2271/2365 2078/2276/1979
f 2076/2273/2367 2075/2272/2366 2078/2277/1979
f 2065/2262/2356 2076/2273/2367 2078/2278/1979
f 2073/2270/2364 2077/2274/2368 2078/2279/1979
f 2077/2274/2368 2070/2267/2361 2078/2280/1979
f 2066/2263/2357 2065/2262/2356 2078/2281/1979
f 2068/2265/2359 2067/2264/2358 2078/2282/1979
f 2070/2267/2361 2069/2266/2360 2078/2283/1979
f 2069/2266/2360 2066/2263/2357 2078/2284/1979
f 2072/2269/2363 2071/2268/2362 2078/2285/1979
f 2071/2268/2362 2073/2270/2364 2078/2286/1979
f 1768/1955/2039 1785/1972/2029 1810/1997/2029 1820/2007/2039
f 1748/1935/2041 1789/1976/2023 1804/1991/2023 1822/2009/2041
f 1749/1936/2027 1748/1935/2041 1822/2009/2041 1808/1995/2027
f 1769/1956/1991 1768/1955/2039 1820/2007/2039 1763/1950/1991
f 1784/1971/2369 1779/1966/2370 1818/2005/2037 1811/1998/2030
f 1785/1972/2029 1784/1971/2369 1811/1998/2030 1810/1997/2029
f 1756/1943/2371 1749/1936/2027 1808/1995/2027 1791/1978/2010
f 1789/1976/2023 1788/1975/2024 1805/1992/2024 1804/1991/2023
f 1778/1965/2372 1757/1944/2373 1790/1977/2009 2079/2287/2372
f 1757/1944/2373 1756/1943/2371 1791/1978/2010 1790/1977/2009
f 1779/1966/2370 1778/1965/2372 2079/2287/2372 1818/2005/2037
f 1781/1968/1990 1769/1956/1991 1763/1950/1991 1762/1949/1990
f 2080/2288/2326 2081/2289/2374 2082/2290/2374 2083/2291/2326
f 1790/1977/2375 1793/1980/2375 2084/2292/2376 2085/2293/2376
f 2086/2294/1979 2087/2295/1979 2079/2287/1979
f 1942/2137/2377 2083/2291/2377 2082/2290/2377 2088/2296/2377 2089/2297/2377 2084/2292/2377 1793/1980/2377
f 1818/2005/2378 2090/2298/2379 2091/2299/2379 1819/2006/2378
f 1790/1977/1979 2085/2293/1979 2092/2300/1979 2093/2301/1979 2081/2289/1979 2080/2288/1979 2079/2287/1979
f 2094/2302/2380 2080/2288/2326 2083/2291/2326 2095/2303/2380
f 2082/2290/2374 2081/2289/2374 2093/2301/2381 2088/2296/2381
f 2088/2296/2381 2093/2301/2381 2092/2300/2382 2089/2297/2382
f 2089/2297/2382 2092/2300/2382 2085/2293/2376 2084/2292/2376
f 2091/2299/2379 2090/2298/2379 2087/2295/2383 2096/2304/2383
f 2096/2304/2383 2087/2295/2383 2086/2294/2384 2097/2305/2384
f 2097/2305/2384 2086/2294/2384 2094/2302/2380 2095/2303/2380
f 2096/2304/2377 2097/2305/2377 1942/2137/2377
f 2083/2291/2377 1942/2137/2377 2095/2303/2377
f 1942/2137/2377 1819/2006/2377 2091/2299/2377
f 2095/2303/2377 1942/2137/2377 2097/2305/2377
f 2091/2299/2377 2096/2304/2377 1942/2137/2377
f 1818/2005/1979 2079/2287/1979 2090/2298/1979
f 2079/2287/1979 2080/2288/1979 2094/2302/1979
f 2090/2298/1979 2079/2287/1979 2087/2295/1979
f 2094/2302/1979 2086/2294/1979 2079/2287/1979
f 2098/2306/2385 2099/2307/1979 2100/2308/1979 2101/2309/2386
f 2102/2310/2387 2103/2311/2388 2104/2312/2389 2105/2313/2390
f 2106/2314/2391 2107/2315/1979 2108/2316/1979 2109/2317/2392
f 2110/2318/2393 2111/2319/2394 2112/2320/2395 2113/2321/2396
f 1762/1949/1990 1765/1952/1993 2114/2322/2397 2115/2323/2398
f 2116/2324/2399 2117/2325/1979 2118/2326/1979 2119/2327/2400
f 2120/2328/2401 2121/2329/2402 2122/2330/2403 2123/2331/2404
f 2124/2332/2405 2125/2333/2406 2111/2319/2394 2110/2318/2393
f 2105/2313/2390 2104/2312/2389 2121/2329/2402 2120/2328/2401
f 2126/2334/2407 2127/2335/1979 2128/2336/1979 2129/2337/2408
f 1780/1967/2004 1781/1968/1979 2117/2325/1979 2116/2324/2399
f 2130/2338/2409 2131/2339/1979 2132/2340/1979 2133/2341/2410
f 2109/2317/2392 2108/2316/1979 2099/2307/1979 2098/2306/2385
f 2134/2342/2411 2135/2343/1979 1788/1975/1979 1787/1974/2008
f 2136/2344/2412 2137/2345/2413 2138/2346/2414 2139/2347/2415
f 2133/2341/2410 2132/2340/1979 2127/2335/1979 2126/2334/2407
f 1794/1981/2013 1797/1984/2016 2140/2348/2416 2141/2349/2417
f 2142/2350/2418 2143/2351/2419 2144/2352/2420 2145/2353/2421
f 2129/2337/2408 2128/2336/1979 2107/2315/1979 2106/2314/2391
f 2119/2327/2400 2118/2326/1979 2131/2339/1979 2130/2338/2409
f 2113/2321/2396 2112/2320/2395 2143/2351/2419 2142/2350/2418
f 2101/2309/2386 2100/2308/1979 2135/2343/1979 2134/2342/2411
f 2141/2349/2417 2140/2348/2416 2146/2354/2422 2147/2355/2423
f 2123/2331/2404 2122/2330/2403 2125/2333/2406 2124/2332/2405
f 2148/2356/2424 2149/2357/2425 1806/1993/2025 1805/1992/2024
f 2139/2347/2415 2138/2346/2414 2150/2358/2426 2151/2359/2427
f 2152/2360/2428 2153/2361/2429 2154/2362/2430 2155/2363/2431
f 2156/2364/2432 2157/2365/2433 1837/2024/2056 1836/2023/2055
f 2155/2363/2431 2154/2362/2430 2158/2366/2434 2159/2367/2435
f 2115/2323/2398 2114/2322/2397 2160/2368/2436 2161/2369/2437
f 2151/2359/2427 2150/2358/2426 2162/2370/2438 2163/2371/2439
f 2163/2371/2439 2162/2370/2438 2149/2357/2425 2148/2356/2424
f 2147/2355/2423 2146/2354/2422 2103/2311/2388 2102/2310/2387
f 2161/2369/2437 2160/2368/2436 2153/2361/2429 2152/2360/2428
f 2164/2372/2440 2165/2373/2441 2166/2374/2442 2167/2375/2443
f 2168/2376/2444 2169/2377/2445 2170/2378/2446 2171/2379/2447
f 2172/2380/2448 2173/2381/2449 2174/2382/2450 2175/2383/2451
f 2171/2379/2447 2170/2378/2446 2023/2219/2452 2176/2384/2453
f 2175/2383/2451 2174/2382/2450 2177/2385/2454 2178/2386/2455
f 1842/2029/2061 1845/2032/2064 2179/2387/2456 2180/2388/2457
f 2176/2384/2453 2023/2219/2452 2165/2373/2441 2164/2372/2440
f 2178/2386/2455 2177/2385/2454 2169/2377/2445 2168/2376/2444
f 2180/2388/2457 2179/2387/2456 2173/2381/2449 2172/2380/2448
f 2181/2389/2458 2182/2390/2459 1868/2055/2087 1867/2054/2086
f 2183/2391/2460 2184/2392/2461 2185/2393/2462 2186/2394/2463
f 2187/2395/2464 2188/2396/2465 2189/2397/2466 2190/2398/2467
f 2191/2399/2468 2192/2400/2469 2193/2401/2470 2194/2402/2471
f 2186/2394/2463 2185/2393/2462 2195/2403/2472 2196/2404/2473
f 1862/2049/2081 1865/2052/2084 2197/2405/2474 2198/2406/2475
f 2167/2375/2443 2166/2374/2442 2157/2365/2433 2156/2364/2432
f 2190/2398/2467 2189/2397/2466 2182/2390/2459 2181/2389/2458
f 2194/2402/2471 2193/2401/2470 2199/2407/2476 2200/2408/2477
f 2196/2404/2473 2195/2403/2472 2201/2409/2478 2202/2410/2479
f 2200/2408/2477 2199/2407/2476 2188/2396/2465 2187/2395/2464
f 2198/2406/2475 2197/2405/2474 2184/2392/2461 2183/2391/2460
f 2202/2410/2479 2201/2409/2478 2192/2400/2469 2191/2399/2468
f 2203/2411/2480 2204/2412/2481 2205/2413/2482 2206/2414/2483
f 2207/2415/2484 2208/2416/2485 2209/2417/2486 2210/2418/2487
f 2211/2419/2488 2212/2420/2489 2213/2421/2490 2214/2422/2491
f 2215/2423/2492 2216/2424/2493 2217/2425/2494 2218/2426/2495
f 1890/2077/2109 1893/2080/2112 2219/2427/2496 2220/2428/2497
f 2214/2422/2491 2213/2421/2490 2208/2416/2485 2207/2415/2484
f 2220/2428/2497 2219/2427/2496 2221/2429/2498 2222/2430/2499
f 2218/2426/2495 2217/2425/2494 2204/2412/2481 2203/2411/2480
f 2223/2431/2500 1897/2084/2116 2216/2424/2493
f 2222/2430/2499 2221/2429/2498 2212/2420/2489 2211/2419/2488
f 2206/2414/2483 2205/2413/2482 2224/2432/2501 2225/2433/2502
f 2173/2381/2503 2226/2434/2504 2227/2435/2505 2174/2382/2506
f 2166/2374/2507 2228/2436/2508 2229/2437/2509 2157/2365/2510
f 2230/2438/2511 2231/2439/2512 2232/2440/2513 2233/2441/2514
f 2174/2382/2506 2227/2435/2505 2234/2442/2515 2177/2385/2516
f 1845/2032/2133 1910/2097/2136 2235/2443/2517 2179/2387/2518
f 2157/2365/2510 2229/2437/2509 2236/2444/2519 1837/2024/2520
f 1837/2024/2520 2236/2444/2519 1912/2099/2140 1838/2025/2139
f 2023/2219/2521 2237/2445/2522 2238/2446/2523 2165/2373/2524
f 2177/2385/2516 2234/2442/2515 2230/2438/2525 2169/2377/2526
f 2165/2373/2524 2238/2446/2523 2228/2436/2508 2166/2374/2507
f 2179/2387/2518 2235/2443/2517 2226/2434/2504 2173/2381/2503
f 2217/2425/2494 1897/2102/2116 2204/2412/2481
f 2213/2421/2490 1915/2103/2147 2208/2416/2485
f 2204/2412/2481 1897/2104/2116 2205/2413/2482
f 2216/2424/2493 1897/2105/2116 2217/2425/2494
f 2212/2420/2489 1915/2106/2147 2213/2421/2490
f 2239/2447/2527 2223/2431/2500 2216/2424/2493 2215/2423/2492
f 2219/2427/2496 1915/2108/2147 2221/2429/2498
f 2221/2429/2498 1915/2109/2147 2212/2420/2489
f 2205/2413/2482 1897/2110/2116 2224/2432/2501
f 1893/2080/2112 1915/2111/2147 2219/2427/2496
f 2236/2444/2519 2240/2448/2528 1917/2112/2149 1912/2099/2140
f 2240/2448/2528 2225/2433/2502 1919/2114/2151 1917/2112/2149
f 2238/2446/2523 2241/2449/2529 2242/2450/2530 2228/2436/2508
f 2241/2449/2529 2218/2426/2495 2203/2411/2480 2242/2450/2530
f 2226/2434/2504 2243/2451/2531 2244/2452/2532 2227/2435/2505
f 2243/2451/2531 2222/2430/2499 2211/2419/2488 2244/2452/2532
f 2234/2442/2515 2245/2453/2533 2246/2454/2534 2230/2438/2525
f 2245/2453/2533 2214/2422/2491 2207/2415/2484 2246/2454/2534
f 2235/2443/2517 2247/2455/2535 2243/2451/2531 2226/2434/2504
f 2247/2455/2535 2220/2428/2497 2222/2430/2499 2243/2451/2531
f 2229/2437/2509 2248/2456/2536 2240/2448/2528 2236/2444/2519
f 2248/2456/2536 2206/2414/2483 2225/2433/2502 2240/2448/2528
f 2237/2445/2522 2249/2457/2537 2241/2449/2529 2238/2446/2523
f 2249/2457/2537 2215/2423/2492 2218/2426/2495 2241/2449/2529
f 2228/2436/2508 2242/2450/2530 2248/2456/2536 2229/2437/2509
f 2242/2450/2530 2203/2411/2480 2206/2414/2483 2248/2456/2536
f 2237/2445/2538 2250/2458/2539 2251/2459/2540 2252/2460/2538
f 2253/2461/2541 2254/2462/2542 2255/2463/2543 2231/2439/2544
f 2227/2435/2505 2244/2452/2532 2245/2453/2533 2234/2442/2515
f 2244/2452/2532 2211/2419/2488 2214/2422/2491 2245/2453/2533
f 1910/2097/2136 1935/2130/2168 2247/2455/2535 2235/2443/2517
f 1935/2130/2168 1890/2077/2109 2220/2428/2497 2247/2455/2535
f 2225/2433/2502 2224/2432/2501 1936/2131/2169 1919/2114/2151
f 2149/2357/2425 2256/2464/2545 1937/2132/2170 1806/1993/2025
f 2256/2464/2546 2145/2353/2421 1939/2134/2174 1937/2132/2173
f 2138/2346/2414 2257/2465/2547 2258/2466/2548 2150/2358/2426
f 2257/2465/2547 2110/2318/2393 2113/2321/2396 2258/2466/2549
f 2158/2366/2550 2259/2467/2551 2260/2468/2552 2261/2469/2553
f 2259/2467/2551 2120/2328/2401 2123/2331/2404 2260/2468/2552
f 2160/2368/2436 2262/2470/2554 2263/2471/2555 2153/2361/2429
f 2262/2470/2556 2147/2355/2423 2102/2310/2387 2263/2471/2557
f 2154/2362/2430 2264/2472/2558 2259/2467/2551 2158/2366/2550
f 2264/2472/2558 2105/2313/2390 2120/2328/2401 2259/2467/2551
f 2114/2322/2397 2265/2473/2559 2262/2470/2554 2160/2368/2436
f 2265/2473/2560 2141/2349/2417 2147/2355/2423 2262/2470/2556
f 2162/2370/2438 2266/2474/2561 2256/2464/2545 2149/2357/2425
f 2266/2474/2562 2142/2350/2418 2145/2353/2421 2256/2464/2546
f 2137/2345/2563 2267/2475/2564 2257/2465/2547 2138/2346/2414
f 2267/2475/2564 2124/2332/2405 2110/2318/2393 2257/2465/2547
f 2150/2358/2426 2258/2466/2548 2266/2474/2561 2162/2370/2438
f 2258/2466/2549 2113/2321/2396 2142/2350/2418 2266/2474/2562
f 2261/2469/2553 2260/2468/2552 2267/2475/2564 2137/2345/2563
f 2260/2468/2552 2123/2331/2404 2124/2332/2405 2267/2475/2564
f 2153/2361/2429 2263/2471/2555 2264/2472/2558 2154/2362/2430
f 2263/2471/2557 2102/2310/2387 2105/2313/2390 2264/2472/2558
f 1765/1952/1993 1951/2146/2193 2265/2473/2559 2114/2322/2397
f 1951/2146/2194 1794/1981/2013 2141/2349/2417 2265/2473/2560
f 2144/2352/2420 2268/2476/2565 1953/2148/2196 1952/2147/2195
f 2268/2476/2566 2181/2389/2458 1867/2054/2086 1953/2148/2199
f 2111/2319/2394 2269/2477/2567 2270/2478/2568 2112/2320/2395
f 2269/2477/2569 2200/2408/2477 2187/2395/2464 2270/2478/2570
f 2121/2329/2402 2271/2479/2571 2272/2480/2572 2122/2330/2403
f 2271/2479/2573 2202/2410/2479 2191/2399/2468 2272/2480/2574
f 2146/2354/2422 2273/2481/2575 2274/2482/2576 2103/2311/2388
f 2273/2481/2577 2183/2391/2460 2186/2394/2463 2274/2482/2578
f 2104/2312/2389 2275/2483/2579 2271/2479/2571 2121/2329/2402
f 2275/2483/2580 2196/2404/2473 2202/2410/2479 2271/2479/2573
f 2140/2348/2416 2276/2484/2581 2273/2481/2575 2146/2354/2422
f 2276/2484/2582 2198/2406/2475 2183/2391/2460 2273/2481/2577
f 2143/2351/2419 2277/2485/2583 2268/2476/2565 2144/2352/2420
f 2277/2485/2584 2190/2398/2467 2181/2389/2458 2268/2476/2566
f 2125/2333/2406 2278/2486/2585 2269/2477/2567 2111/2319/2394
f 2278/2486/2586 2194/2402/2471 2200/2408/2477 2269/2477/2569
f 2112/2320/2395 2270/2478/2568 2277/2485/2583 2143/2351/2419
f 2270/2478/2570 2187/2395/2464 2190/2398/2467 2277/2485/2584
f 2122/2330/2403 2272/2480/2572 2278/2486/2585 2125/2333/2406
f 2272/2480/2574 2191/2399/2468 2194/2402/2471 2278/2486/2586
f 2103/2311/2388 2274/2482/2576 2275/2483/2579 2104/2312/2389
f 2274/2482/2578 2186/2394/2463 2196/2404/2473 2275/2483/2580
f 1797/1984/2016 1965/2160/2220 2276/2484/2581 2140/2348/2416
f 1965/2160/2221 1862/2049/2081 2198/2406/2475 2276/2484/2582
f 2145/2353/2421 2144/2352/2420 1952/2147/2195 1939/2134/2174
f 2023/2219/2587 2022/2218/2587 2279/2487/2588 2237/2445/2589
f 2230/2438/2511 2233/2441/2514 2280/2488/2590 2169/2377/2590
f 2281/2489/2591 2282/2490/2592 2170/2378/2593
f 2281/2489/2594 2283/2491/2595 2284/2492/2596 2282/2490/2597
f 2282/2490/2597 2284/2492/2596 2285/2493/2598 2021/2217/2599
f 2231/2439/2512 2255/2463/2600 2286/2494/2601 2232/2440/2513
f 2287/2495/2602 2288/2496/2603 2289/2497/2604 2290/2498/2605
f 2291/2499/2606 2292/2500/2607 2293/2501/2608 2294/2502/2609
f 2295/2503/2610 2008/2203/2273 2007/2202/2273 2296/2504/2611
f 2294/2502/2612 2293/2501/2613 2297/2505/2614 2298/2506/2615
f 2299/2507/2616 2300/2508/2617 2288/2496/2603 2287/2495/2602
f 2284/2492/2596 2301/2509/2618 2302/2510/2619 2285/2493/2598
f 2283/2491/2595 2303/2511/2620 2301/2509/2618 2284/2492/2596
f 2279/2487/2588 2304/2512/2621 2250/2458/2622 2237/2445/2589
f 2303/2511/2620 2305/2513/2623 2306/2514/2624 2301/2509/2618
f 2293/2501/2613 2307/2515/2625 2308/2516/2626 2297/2505/2614
f 2292/2500/2607 2309/2517/2627 2307/2515/2628 2293/2501/2608
f 2310/2518/2629 2311/2519/2630 2295/2503/2631 2312/2520/2632
f 2301/2509/2618 2306/2514/2624 2313/2521/2633 2302/2510/2619
f 2304/2512/2621 2314/2522/2634 2315/2523/2635 2250/2458/2622
f 2316/2524/2636 2312/2520/2637 2317/2525/2638 2318/2526/2639
f 2224/2432/2501 1897/2204/2116 1936/2131/2169
f 2312/2520/2637 2295/2503/2610 2296/2504/2611 2317/2525/2638
f 2319/2527/2640 2287/2495/2602 2290/2498/2605 2320/2528/2641
f 2321/2529/2642 2310/2518/2629 2312/2520/2632 2316/2524/2643
f 2316/2524/2643 2255/2463/2543 2254/2462/2542 2321/2529/2642
f 2013/2209/2280 2308/2516/2626 2307/2515/2625 2014/2210/2280
f 2008/2203/2281 2295/2503/2631 2311/2519/2630 2015/2211/2281
f 2300/2508/2617 2017/2213/2283 2016/2212/2282 2288/2496/2603
f 2288/2496/2603 2016/2212/2282 2018/2214/2284 2289/2497/2604
f 2014/2210/2285 2307/2515/2628 2309/2517/2627 2019/2215/2285
f 2319/2527/2640 2306/2514/2624 2305/2513/2623 2322/2530/2644
f 2322/2530/2644 2299/2507/2616 2287/2495/2602 2319/2527/2640
f 2320/2528/2641 2313/2521/2633 2306/2514/2624 2319/2527/2640
f 2294/2502/2609 2315/2523/2635 2314/2522/2634 2291/2499/2606
f 2298/2506/2615 2323/2531/2645 2315/2523/2646 2294/2502/2612
f 2318/2526/2639 2286/2494/2601 2255/2463/2600 2316/2524/2636
f 2250/2458/2539 2315/2523/2646 2323/2531/2645 2251/2459/2540
f 2324/2532/2647 2253/2461/2541 2231/2439/2544 2230/2438/2647
f 2208/2416/2485 1915/2222/2147 2209/2417/2486
f 2237/2445/2522 2252/2460/2648 2249/2457/2537
f 2249/2457/2537 2252/2460/2648 2239/2447/2527 2215/2423/2492
f 2230/2438/2525 2246/2454/2534 2324/2532/2649
f 2246/2454/2534 2207/2415/2484 2210/2418/2487 2324/2532/2649
f 2324/2532/2650 2210/2418/2651 2253/2461/2652
f 2253/2461/2652 2210/2418/2651 2209/2417/2653 2254/2462/2654
f 2311/2519/2655 2209/2417/2653 1915/2222/2300 2015/2211/2300
f 2311/2519/2655 2310/2518/2656 2209/2417/2653
f 2310/2518/2656 2321/2529/2657 2209/2417/2653
f 2321/2529/2657 2254/2462/2654 2209/2417/2653
f 2013/2209/2303 1897/2084/2303 2223/2431/2658 2308/2516/2659
f 2297/2505/2660 2308/2516/2659 2223/2431/2658
f 2298/2506/2661 2297/2505/2660 2223/2431/2658
f 2323/2531/2662 2298/2506/2661 2223/2431/2658
f 2323/2531/2662 2223/2431/2658 2239/2447/2663 2251/2459/2664
f 2252/2460/2665 2251/2459/2664 2239/2447/2663
f 2126/2334/2407 2325/2533/2666 2326/2534/2667 2133/2341/2410
f 2133/2341/2410 2326/2534/2667 2327/2535/2668 2130/2338/2409
f 2116/2324/2399 2328/2536/2669 2029/2226/2315 1780/1967/2004
f 2130/2338/2409 2327/2535/2668 2329/2537/2670 2119/2327/2400
f 2129/2337/2408 2330/2538/2671 2325/2533/2666 2126/2334/2407
f 2106/2314/2391 2331/2539/2672 2330/2538/2671 2129/2337/2408
f 2101/2309/2386 2332/2540/2673 2333/2541/2674 2098/2306/2385
f 2098/2306/2385 2333/2541/2674 2334/2542/2675 2109/2317/2392
f 2134/2342/2411 2335/2543/2676 2332/2540/2673 2101/2309/2386
f 2119/2327/2400 2329/2537/2670 2328/2536/2669 2116/2324/2399
f 1787/1974/2008 2038/2235/2324 2335/2543/2676 2134/2342/2411
f 2109/2317/2392 2334/2542/2675 2331/2539/2672 2106/2314/2391
f 2326/2534/2677 2336/2544/2677 2337/2545/2428 2327/2535/2428
f 2038/2235/2024 2042/2239/2024 2338/2546/2424 2335/2543/2424
f 2330/2538/2678 2339/2547/2678 2340/2548/2679 2325/2533/2679
f 2325/2533/2679 2340/2548/2679 2336/2544/2677 2326/2534/2677
f 2332/2540/2439 2341/2549/2439 2342/2550/2427 2333/2541/2427
f 2333/2541/2427 2342/2550/2427 2343/2551/2680 2334/2542/2680
f 2335/2543/2424 2338/2546/2424 2341/2549/2439 2332/2540/2439
f 2328/2536/2398 2344/2552/2398 2048/2245/1990 2029/2226/1990
f 2329/2537/2437 2345/2553/2437 2344/2552/2398 2328/2536/2398
f 2327/2535/2428 2337/2545/2428 2345/2553/2437 2329/2537/2437
f 2334/2542/2680 2343/2551/2680 2346/2554/2681 2331/2539/2681
f 2331/2539/2681 2346/2554/2681 2339/2547/2678 2330/2538/2678
f 2338/2546/2682 2347/2555/2683 2348/2556/2684 2341/2549/2685
f 2344/2552/2686 2349/2557/2687 2054/2251/2336 2048/2245/2335
f 2345/2553/2688 2350/2558/2689 2349/2557/2687 2344/2552/2686
f 2337/2545/2690 2351/2559/2691 2350/2558/2689 2345/2553/2688
f 2343/2551/2692 2352/2560/2693 2353/2561/2694 2346/2554/2695
f 2346/2554/2695 2353/2561/2694 2354/2562/2696 2339/2547/2697
f 2336/2544/2698 2355/2563/2699 2351/2559/2691 2337/2545/2690
f 2042/2239/2350 2062/2259/2351 2347/2555/2683 2338/2546/2682
f 2339/2547/2697 2354/2562/2696 2356/2564/2700 2340/2548/2701
f 2340/2548/2701 2356/2564/2700 2355/2563/2699 2336/2544/2698
f 2341/2549/2685 2348/2556/2684 2357/2565/2702 2342/2550/2703
f 2342/2550/2703 2357/2565/2702 2352/2560/2693 2343/2551/2692
f 2355/2563/2699 2358/2566/2704 2359/2567/2705 2351/2559/2691
f 2062/2259/2351 2068/2265/2359 2360/2568/2706 2347/2555/2683
f 2354/2562/2696 2361/2569/2707 2362/2570/2708 2356/2564/2700
f 2356/2564/2700 2362/2570/2708 2358/2566/2704 2355/2563/2699
f 2348/2556/2684 2363/2571/2709 2364/2572/2710 2357/2565/2702
f 2357/2565/2702 2364/2572/2710 2365/2573/2711 2352/2560/2693
f 2347/2555/2683 2360/2568/2706 2363/2571/2709 2348/2556/2684
f 2349/2557/2687 2366/2574/2712 2074/2271/2365 2054/2251/2336
f 2350/2558/2689 2367/2575/2713 2366/2574/2712 2349/2557/2687
f 2351/2559/2691 2359/2567/2705 2367/2575/2713 2350/2558/2689
f 2352/2560/2693 2365/2573/2711 2368/2576/2714 2353/2561/2694
f 2353/2561/2694 2368/2576/2714 2361/2569/2707 2354/2562/2696
f 2360/2568/2706 2078/2275/1979 2363/2571/2709
f 2366/2574/2712 2078/2276/1979 2074/2271/2365
f 2367/2575/2713 2078/2277/1979 2366/2574/2712
f 2359/2567/2705 2078/2278/1979 2367/2575/2713
f 2365/2573/2711 2078/2279/1979 2368/2576/2714
f 2368/2576/2714 2078/2280/1979 2361/2569/2707
f 2358/2566/2704 2078/2281/1979 2359/2567/2705
f 2068/2265/2359 2078/2282/1979 2360/2568/2706
f 2361/2569/2707 2078/2283/1979 2362/2570/2708
f 2362/2570/2708 2078/2284/1979 2358/2566/2704
f 2363/2571/2709 2078/2285/1979 2364/2572/2710
f 2364/2572/2710 2078/2286/1979 2365/2573/2711
f 2118/2326/2437 2161/2369/2437 2152/2360/2428 2131/2339/2428
f 2100/2308/2439 2163/2371/2439 2148/2356/2424 2135/2343/2424
f 2099/2307/2427 2151/2359/2427 2163/2371/2439 2100/2308/2439
f 2117/2325/2398 2115/2323/2398 2161/2369/2437 2118/2326/2437
f 2132/2340/2715 2155/2363/2431 2159/2367/2435 2127/2335/2716
f 2131/2339/2428 2152/2360/2428 2155/2363/2431 2132/2340/2715
f 2108/2316/2717 2139/2347/2415 2151/2359/2427 2099/2307/2427
f 2135/2343/2424 2148/2356/2424 1805/1992/2024 1788/1975/2024
f 2128/2336/2718 2369/2577/2719 2136/2344/2412 2107/2315/2720
f 2107/2315/2720 2136/2344/2412 2139/2347/2415 2108/2316/2717
f 2127/2335/2716 2159/2367/2435 2369/2577/2719 2128/2336/2718
f 1781/1968/1990 1762/1949/1990 2115/2323/2398 2117/2325/2398
f 2158/2366/2434 2261/2469/2678 2369/2577/2719 2159/2367/2435
f 2261/2469/2678 2137/2345/2413 2136/2344/2412 2369/2577/2719
f 1974/2169/2721 1973/2168/2722 1967/2162/2722 1966/2161/2723
f 1905/2092/2724 1968/2163/2725 1970/2165/2725 1972/2167/2726
f 1906/2093/2727 1905/2092/2724 1972/2167/2726 1994/2189/2728
f 1966/2161/2723 1995/2190/2729 1992/2187/2730 1974/2169/2721
f 1985/2180/2731 2017/2213/2732 2007/2202/2732 1978/2173/2733
f 2001/2196/2734 2019/2215/2735 2018/2214/2735 1982/2177/2736
f 1984/2179/2737 1985/2180/2731 1978/2173/2733 1977/2172/2738
f 1982/2177/2736 1981/2176/2739 2000/2195/2740 2001/2196/2734
f 2011/2207/2741 2004/2199/2742 2006/2201/2743 2009/2205/2741
f 1997/2192/2744 2020/2216/2745 1991/2186/2746 1975/2170/2747
f 1994/2189/2728 1997/2192/2744 1975/2170/2747 1906/2093/2727
f 2020/2216/2745 1984/2179/2737 1977/2172/2738 1991/2186/2746
f 1995/2190/2729 2006/2201/2743 2004/2199/2742 1992/2187/2730
f 2009/2205/2741 2000/2195/2740 1981/2176/2739 2011/2207/2741
f 2279/2487/2748 2022/2218/2749 2021/2217/2749 2285/2493/2750
f 2283/2491/2751 2281/2489/2752 2280/2488/2752 2233/2441/2753
f 2303/2511/2754 2283/2491/2751 2233/2441/2753 2232/2440/2755
f 2285/2493/2750 2302/2510/2756 2304/2512/2757 2279/2487/2748
f 2296/2504/2758 2007/2202/2732 2017/2213/2732 2300/2508/2759
f 2289/2497/2760 2018/2214/2735 2019/2215/2735 2309/2517/2761
f 2317/2525/2762 2296/2504/2758 2300/2508/2759 2299/2507/2763
f 2309/2517/2761 2292/2500/2764 2290/2498/2765 2289/2497/2760
f 2291/2499/2766 2314/2522/2767 2313/2521/2768 2320/2528/2769
f 2286/2494/2770 2318/2526/2771 2322/2530/2772 2305/2513/2773
f 2232/2440/2755 2286/2494/2770 2305/2513/2773 2303/2511/2754
f 2318/2526/2771 2317/2525/2762 2299/2507/2763 2322/2530/2772
f 2302/2510/2756 2313/2521/2768 2314/2522/2767 2304/2512/2757
f 2320/2528/2769 2290/2498/2765 2292/2500/2764 2291/2499/2766
f 1835/2022/2774 1967/2162/2775 1973/2168/2776
f 2023/2219/2287 2170/2378/2593 2021/2217/2287
f 2170/2378/2593 2282/2490/2592 2021/2217/2287
f 2170/2378/2593 2169/2377/2591 2281/2489/2591
f 2169/2377/2591 2280/2488/2591 2281/2489/2591
f 1968/2163/2777 1829/2016/2228 1970/2165/2228
f 1829/2016/2228 1828/2015/2226 1970/2165/2228
f 1969/2164/2227 1828/2015/2226 1973/2168/2776
f 1828/2015/2226 1835/2022/2774 1973/2168/2776
f 1871/2058/2090 1855/2042/2074 1814/2001/2033 1824/2011/2043
f 1859/2046/2078 1858/2045/2077 1834/2021/2053 1827/2014/2046
f 1869/2056/2088 1868/2055/2087 1839/2026/2058 1846/2033/2065
f 1855/2042/2074 1854/2041/2073 1815/2002/2034 1814/2001/2033
f 1858/2045/2077 1871/2058/2090 1824/2011/2043 1834/2021/2053
f 1864/2051/2083 1851/2038/2070 1830/2017/2049 1843/2030/2062
f 1865/2052/2084 1864/2051/2083 1843/2030/2062 1842/2029/2061
f 1851/2038/2070 1850/2037/2069 1831/2018/2050 1830/2017/2049
f 1861/2048/2080 1873/2060/2092 1826/2013/2045 1840/2027/2059
f 1873/2060/2092 1859/2046/2078 1827/2014/2046 1826/2013/2045
f 1850/2037/2069 1861/2048/2080 1840/2027/2059 1831/2018/2050
f 1854/2041/2073 1869/2056/2088 1846/2033/2065 1815/2002/2034
f 2164/2372/2440 2167/2375/2443 2188/2396/2465 2199/2407/2476
f 2171/2379/2447 2176/2384/2453 2193/2401/2470 2192/2400/2469
f 1836/2023/2055 1839/2026/2058 1868/2055/2087 2182/2390/2459
f 2167/2375/2443 2156/2364/2432 2189/2397/2466 2188/2396/2465
f 2176/2384/2453 2164/2372/2440 2199/2407/2476 2193/2401/2470
f 2180/2388/2457 2172/2380/2448 2184/2392/2461 2197/2405/2474
f 1842/2029/2061 2180/2388/2457 2197/2405/2474 1865/2052/2084
f 2172/2380/2448 2175/2383/2451 2185/2393/2462 2184/2392/2461
f 2178/2386/2455 2168/2376/2444 2201/2409/2478 2195/2403/2472
f 2168/2376/2444 2171/2379/2447 2192/2400/2469 2201/2409/2478
f 2175/2383/2451 2178/2386/2455 2195/2403/2472 2185/2393/2462
f 2156/2364/2432 1836/2023/2055 2182/2390/2459 2189/2397/2466
f 1846/2033/2065 1839/2026/2058 1838/2025/2057 1847/2034/2066
o cup.002
v 24.630478 -19.366667 -7.919262
v 24.615623 -11.418561 -7.978803
v 26.966118 -11.418560 -8.246896
v 26.965054 -19.366667 -8.185540
v 33.627441 -10.081040 -5.772019
v 31.690521 -10.081040 -7.312334
v 32.902466 -6.615524 -9.329906
v 35.320278 -6.615525 -7.407171
v 35.099701 -10.081040 -3.782879
v 37.158066 -6.615525 -4.924173
v 36.006966 -10.081041 -1.480467
v 38.290585 -6.615527 -2.050130
v 36.287411 -10.081041 0.978309
v 38.640656 -6.615526 1.019101
v 35.921921 -10.081041 3.425889
v 38.184422 -6.615527 4.074355
v 34.935406 -10.081042 5.695474
v 36.952980 -6.615527 6.907423
v 33.395092 -10.081042 7.632395
v 35.030243 -6.615528 9.325234
v 31.405951 -10.081042 9.104655
v 32.547249 -6.615528 11.163021
v 29.103539 -10.081043 10.011924
v 29.673203 -6.615528 12.295541
v 26.644764 -10.081043 10.292368
v 26.603973 -6.615528 12.645613
v 24.197184 -10.081043 9.926878
v 23.548717 -6.615528 12.189381
v 21.927597 -10.081042 8.940362
v 20.715651 -6.615528 10.957937
v 19.990677 -10.081042 7.400049
v 18.297838 -6.615528 9.035203
v 18.518415 -10.081042 5.410907
v 16.460051 -6.615527 6.552204
v 17.611149 -10.081041 3.108495
v 15.327531 -6.615527 3.678160
v 17.330704 -10.081041 0.649720
v 14.977457 -6.615526 0.608930
v 17.696194 -10.081041 -1.797860
v 15.433690 -6.615526 -2.446324
v 18.682709 -10.081040 -4.067445
v 16.665131 -6.615525 -5.279391
v 20.223019 -10.081040 -6.004367
v 18.587866 -6.615525 -7.697203
v 22.212160 -10.081040 -7.476628
v 21.070862 -6.615524 -9.534992
v 24.514570 -10.081039 -8.383895
v 23.944906 -6.615524 -10.667512
v 29.288994 -19.366667 -7.838514
v 29.305902 -11.418561 -7.897502
v 31.475531 -11.418561 -6.954434
v 31.443932 -19.366667 -6.901831
v 26.973354 -10.081039 -8.664341
v 27.014145 -6.615524 -11.017585
v 35.808609 -19.366669 0.970008
v 35.869965 -11.418562 0.971073
v 35.520573 -11.418562 3.310857
v 35.461586 -19.366669 3.293948
v 28.987633 -19.366671 9.547287
v 29.002487 -11.418563 9.606830
v 26.651999 -11.418564 9.874923
v 26.653063 -19.366671 9.813563
v 18.937218 -19.366669 5.178692
v 18.883551 -11.418563 5.208451
v 18.016243 -11.418562 3.007442
v 18.075783 -19.366669 2.992588
v 20.555716 -19.366667 -5.659935
v 20.513083 -11.418561 -5.704073
v 22.414616 -11.418561 -7.111494
v 22.444374 -19.366667 -7.057826
v 34.680897 -19.366669 -3.550666
v 34.734566 -11.418561 -3.580423
v 35.601875 -11.418562 -1.379413
v 35.542332 -19.366669 -1.364563
v 33.062397 -19.366671 7.287961
v 33.105030 -11.418563 7.332100
v 31.203495 -11.418563 8.739520
v 31.173737 -19.366671 8.685851
v 22.174187 -19.366671 8.529856
v 22.142586 -11.418563 8.582461
v 20.290970 -11.418563 7.109987
v 20.335108 -19.366671 7.067352
v 18.156532 -19.366669 -1.665922
v 18.097542 -11.418562 -1.682829
v 19.040607 -11.418561 -3.852457
v 19.093212 -19.366669 -3.820859
v 33.327145 -11.418561 -5.481957
v 33.283009 -19.366667 -5.439326
v 34.577507 -11.418563 5.480485
v 34.524899 -19.366669 5.448884
v 24.312216 -11.418563 9.525530
v 24.329123 -19.366671 9.466538
v 17.748148 -11.418562 0.656955
v 17.809505 -19.366669 0.658018
v 29.420935 -10.081039 -8.298850
v 30.069399 -6.615524 -10.561352
v 26.968277 -10.723987 -8.371501
v 29.340239 -10.723987 -8.017301
v 31.539703 -10.723988 -7.061265
v 33.416782 -10.723988 -5.568539
v 34.843555 -10.723988 -3.640855
v 35.722790 -10.723988 -1.409577
v 35.994572 -10.723989 0.973233
v 35.640373 -10.723988 3.345194
v 34.684334 -10.723989 5.544657
v 33.191612 -10.723989 7.421736
v 31.263926 -10.723989 8.848511
v 29.032650 -10.723990 9.727746
v 26.649839 -10.723990 9.999528
v 24.277878 -10.723990 9.645329
v 22.078413 -10.723989 8.689293
v 20.201334 -10.723989 7.196570
v 18.774559 -10.723989 5.268883
v 17.895325 -10.723989 3.037606
v 17.623543 -10.723989 0.654796
v 17.977741 -10.723989 -1.717164
v 18.933777 -10.723988 -3.916629
v 20.426500 -10.723988 -5.793708
v 22.354183 -10.723988 -7.220483
v 24.585461 -10.723987 -8.099720
v 27.019192 -5.972571 -11.308772
v 30.149639 -5.972571 -10.841311
v 27.021282 -5.277982 -11.429384
v 30.182877 -5.277982 -10.957273
v 33.052429 -5.972571 -9.579556
v 33.114548 -5.277982 -9.682968
v 35.529747 -5.972571 -7.609502
v 35.616512 -5.277983 -7.693310
v 37.412766 -5.972572 -5.065395
v 37.518265 -5.277983 -5.123892
v 38.573154 -5.972574 -2.120620
v 38.690201 -5.277984 -2.149817
v 38.931843 -5.972573 1.024148
v 39.052456 -5.277984 1.026239
v 38.464382 -5.972573 4.154595
v 38.580345 -5.277985 4.187831
v 37.202629 -5.972574 7.057387
v 37.306038 -5.277985 7.119504
v 35.232574 -5.972574 9.534704
v 35.316383 -5.277986 9.621469
v 32.688469 -5.972575 11.417720
v 32.746964 -5.277986 11.523221
v 29.743692 -5.972575 12.578113
v 29.772890 -5.277986 12.695156
v 26.598927 -5.972575 12.936801
v 26.596834 -5.277986 13.057413
v 23.468479 -5.972575 12.469341
v 23.435242 -5.277986 12.585302
v 20.565685 -5.972575 11.207588
v 20.503569 -5.277986 11.310998
v 18.088367 -5.972574 9.237534
v 18.001602 -5.277986 9.321342
v 16.205351 -5.972574 6.693426
v 16.099850 -5.277985 6.751922
v 15.044958 -5.972573 3.748650
v 14.927914 -5.277985 3.777848
v 14.686269 -5.972573 0.603883
v 14.565656 -5.277984 0.601792
v 15.153730 -5.972572 -2.526564
v 15.037768 -5.277984 -2.559800
v 16.415482 -5.972572 -5.429356
v 16.312073 -5.277983 -5.491473
v 18.385536 -5.972571 -7.906675
v 18.301727 -5.277983 -7.993439
v 20.929638 -5.972571 -9.789692
v 20.871143 -5.277982 -9.895190
v 23.874416 -5.972571 -10.950082
v 23.845217 -5.277982 -11.067128
v 37.518265 21.737242 -5.123888
v 35.616512 21.737242 -7.693305
v 35.059334 21.737242 -7.155113
v 36.840775 21.737240 -4.748241
v 15.037768 21.737240 -2.559796
v 14.565656 21.737240 0.601797
v 15.340203 21.737240 0.615223
v 15.782448 21.737240 -2.346361
v 26.596834 21.737238 13.057417
v 29.772890 21.737238 12.695161
v 29.585390 21.737238 11.943532
v 26.610260 21.737238 12.282870
v 38.690201 21.737240 -2.149813
v 37.938572 21.737240 -1.962313
v 16.312073 21.737242 -5.491469
v 16.976135 21.737240 -5.092568
v 23.435242 21.737238 12.585307
v 23.648678 21.737238 11.840628
v 39.052456 21.737240 1.026244
v 38.277908 21.737240 1.012818
v 18.301727 21.737242 -7.993434
v 18.839920 21.737242 -7.436254
v 20.503569 21.737238 11.311003
v 20.902468 21.737238 10.646938
v 38.580345 21.737240 4.187836
v 37.835663 21.737240 3.974400
v 20.871143 21.737242 -9.895186
v 21.246788 21.737242 -9.217696
v 18.001602 21.737238 9.321347
v 18.558784 21.737238 8.783154
v 37.306038 21.737238 7.119509
v 36.641975 21.737240 6.720609
v 23.845217 21.737242 -11.067123
v 24.032717 21.737242 -10.315495
v 30.182877 21.737242 -10.957269
v 27.021282 21.737242 -11.429380
v 27.007856 21.737242 -10.654834
v 29.969440 21.737242 -10.212589
v 16.099850 21.737238 6.751927
v 16.777340 21.737240 6.376281
v 35.316383 21.737238 9.621473
v 34.778191 21.737238 9.064293
v 33.114548 21.737242 -9.682963
v 32.715649 21.737242 -9.018899
v 14.927914 21.737240 3.777852
v 15.679543 21.737240 3.590353
v 32.746964 21.737238 11.523225
v 32.371319 21.737238 10.845734
v 36.840775 -3.892990 -4.748245
v 37.938572 -3.892991 -1.962318
v 15.782448 -3.892991 -2.346365
v 16.976135 -3.892990 -5.092573
v 26.610260 -3.892993 12.282866
v 23.648678 -3.892993 11.840623
v 38.277908 -3.892991 1.012813
v 18.839920 -3.892990 -7.436259
v 20.902468 -3.892993 10.646934
v 37.835663 -3.892992 3.974396
v 21.246788 -3.892989 -9.217700
v 18.558784 -3.892992 8.783150
v 36.641975 -3.892992 6.720605
v 24.032717 -3.892989 -10.315498
v 27.007856 -3.892989 -10.654838
v 29.969440 -3.892989 -10.212593
v 16.777340 -3.892992 6.376277
v 34.778191 -3.892992 9.064289
v 32.715649 -3.892989 -9.018903
v 15.679543 -3.892992 3.590348
v 32.371319 -3.892993 10.845730
v 35.059334 -3.892990 -7.155117
v 15.340203 -3.892991 0.615218
v 29.585390 -3.892993 11.943528
v 21.287693 -11.376897 6.147231
v 20.095490 -11.376897 4.536470
v 33.389580 -11.376897 4.766906
v 32.142273 -11.376897 6.335379
v 24.951036 -11.376895 -6.634237
v 26.942102 -11.376895 -6.861335
v 28.924093 -11.376895 -6.565369
v 30.761951 -11.376895 -5.766512
v 19.360806 -11.376896 2.672032
v 30.531513 -11.376897 7.527580
v 32.330421 -11.376895 -4.519200
v 19.133707 -11.376896 0.680973
v 28.667076 -11.376897 8.262263
v 33.522625 -11.376895 -2.908440
v 19.429674 -11.376896 -1.301021
v 26.676016 -11.376897 8.489361
v 34.257309 -11.376896 -1.044003
v 20.228531 -11.376895 -3.138877
v 24.694023 -11.376897 8.193397
v 34.484406 -11.376896 0.947057
v 21.475840 -11.376895 -4.707350
v 22.856167 -11.376897 7.394539
v 34.188438 -11.376896 2.929049
v 23.086597 -11.376895 -5.899554
v 33.522625 -18.057222 -2.908441
v 34.257309 -18.057222 -1.044004
v 19.429674 -18.057222 -1.301022
v 20.228531 -18.057222 -3.138878
v 26.676016 -18.057224 8.489360
v 24.694023 -18.057224 8.193396
v 34.484406 -18.057222 0.947056
v 21.475840 -18.057222 -4.707352
v 22.856167 -18.057224 7.394538
v 34.188438 -18.057222 2.929048
v 23.086597 -18.057220 -5.899555
v 21.287693 -18.057222 6.147230
v 33.389580 -18.057222 4.766905
v 24.951036 -18.057220 -6.634238
v 26.942102 -18.057220 -6.861336
v 28.924093 -18.057220 -6.565370
v 20.095490 -18.057222 4.536469
v 32.142273 -18.057222 6.335378
v 30.761951 -18.057220 -5.766513
v 19.360806 -18.057222 2.672030
v 30.531513 -18.057224 7.527579
v 32.330421 -18.057222 -4.519202
v 19.133707 -18.057222 0.680972
v 28.667076 -18.057224 8.262262
vt 0.041666 0.598930
vt 0.041666 0.966216
vt -0.000000 0.966216
vt -0.000000 0.598930
vt 0.875000 1.000000
vt 0.916667 1.000000
vt 0.916667 1.000000
vt 0.875000 1.000000
vt 0.833333 1.000000
vt 0.833333 1.000000
vt 0.791667 1.000000
vt 0.791667 1.000000
vt 0.750000 1.000000
vt 0.750000 1.000000
vt 0.708333 1.000000
vt 0.708333 1.000000
vt 0.666667 1.000000
vt 0.666667 1.000000
vt 0.625000 1.000000
vt 0.625000 1.000000
vt 0.583333 1.000000
vt 0.583333 1.000000
vt 0.541666 1.000000
vt 0.541666 1.000000
vt 0.500000 1.000000
vt 0.500000 1.000000
vt 0.458333 1.000000
vt 0.458333 1.000000
vt 0.416666 1.000000
vt 0.416666 1.000000
vt 0.375000 1.000000
vt 0.375000 1.000000
vt 0.333333 1.000000
vt 0.333333 1.000000
vt 0.291667 1.000000
vt 0.291667 1.000000
vt 0.250000 1.000000
vt 0.250000 1.000000
vt 0.208333 1.000000
vt 0.208333 1.000000
vt 0.166666 1.000000
vt 0.166667 1.000000
vt 0.125000 1.000000
vt 0.125000 1.000000
vt 0.083333 1.000000
vt 0.083333 1.000000
vt 0.041666 1.000000
vt 0.041666 1.000000
vt 0.958333 0.598930
vt 0.958333 0.966216
vt 0.916667 0.966216
vt 0.916667 0.598930
vt -0.000000 1.000000
vt -0.000000 1.000000
vt 0.750000 0.598930
vt 0.750000 0.966216
vt 0.708333 0.966216
vt 0.708333 0.598930
vt 0.541667 0.598931
vt 0.541666 0.966216
vt 0.500000 0.966216
vt 0.500000 0.598930
vt 0.333333 0.598930
vt 0.333333 0.966216
vt 0.291667 0.966216
vt 0.291667 0.598930
vt 0.125000 0.598930
vt 0.125000 0.966216
vt 0.083333 0.966216
vt 0.083333 0.598930
vt 0.833333 0.598930
vt 0.833333 0.966216
vt 0.791667 0.966216
vt 0.791667 0.598930
vt 0.625000 0.598930
vt 0.625000 0.966216
vt 0.583333 0.966216
vt 0.583333 0.598930
vt 0.416666 0.598930
vt 0.416666 0.966216
vt 0.375000 0.966216
vt 0.375000 0.598930
vt 0.208333 0.598930
vt 0.208333 0.966216
vt 0.166666 0.966216
vt 0.166666 0.598930
vt 0.875000 0.966216
vt 0.875000 0.598930
vt 0.666667 0.966216
vt 0.666667 0.598930
vt 1.000000 0.598930
vt 1.000000 0.966216
vt 0.458333 0.966216
vt 0.458333 0.598930
vt 0.250000 0.966216
vt 0.250000 0.598930
vt 0.958333 1.000000
vt 0.958333 1.000000
vt 1.000000 1.000000
vt 0.958333 1.000000
vt 1.000000 1.000000
vt 0.916667 1.000000
vt 0.875000 1.000000
vt 0.833333 1.000000
vt 0.791667 1.000000
vt 0.750000 1.000000
vt 0.708333 1.000000
vt 0.666667 1.000000
vt 0.625000 1.000000
vt 0.583333 1.000000
vt 0.541666 1.000000
vt 0.500000 1.000000
vt 0.458333 1.000000
vt 0.416666 1.000000
vt 0.375000 1.000000
vt 0.333333 1.000000
vt 0.291667 1.000000
vt 0.250000 1.000000
vt 0.208333 1.000000
vt 0.166666 1.000000
vt 0.125000 1.000000
vt 0.083333 1.000000
vt 0.041666 1.000000
vt -0.000000 1.000000
vt 1.000000 1.000000
vt 0.999795 1.000000
vt 0.958333 1.000000
vt 1.000000 1.000000
vt 0.958333 1.000000
vt 0.916667 1.000000
vt 0.916667 1.000000
vt 0.875000 1.000000
vt 0.875000 1.000000
vt 0.833333 1.000000
vt 0.833333 1.000000
vt 0.791667 1.000000
vt 0.791667 1.000000
vt 0.750000 1.000000
vt 0.750000 1.000000
vt 0.708333 1.000000
vt 0.708333 1.000000
vt 0.666667 1.000000
vt 0.666667 1.000000
vt 0.625000 1.000000
vt 0.625000 1.000000
vt 0.583333 1.000000
vt 0.583333 1.000000
vt 0.541666 1.000000
vt 0.541666 1.000000
vt 0.500000 1.000000
vt 0.500000 1.000000
vt 0.458333 1.000000
vt 0.458333 1.000000
vt 0.416666 1.000000
vt 0.416666 1.000000
vt 0.375000 1.000000
vt 0.375000 1.000000
vt 0.333333 1.000000
vt 0.333333 1.000000
vt 0.291667 1.000000
vt 0.291667 1.000000
vt 0.250000 1.000000
vt 0.250000 1.000000
vt 0.208333 1.000000
vt 0.208333 1.000000
vt 0.166666 1.000000
vt 0.166666 1.000000
vt 0.125000 1.000000
vt 0.125000 1.000000
vt 0.083333 1.000000
vt 0.083333 1.000000
vt 0.041666 1.000000
vt 0.041666 1.000000
vt 0.000205 1.000000
vt -0.000000 1.000000
vt 0.833333 1.000000
vt 0.875000 1.000000
vt 0.875000 1.000000
vt 0.833333 1.000000
vt 0.208333 1.000000
vt 0.250000 1.000000
vt 0.250000 1.000000
vt 0.208333 1.000000
vt 0.500000 1.000000
vt 0.541666 1.000000
vt 0.541666 1.000000
vt 0.500000 1.000000
vt 0.791667 1.000000
vt 0.791667 1.000000
vt 0.166666 1.000000
vt 0.166666 1.000000
vt 0.458333 1.000000
vt 0.458333 1.000000
vt 0.750000 1.000000
vt 0.750000 1.000000
vt 0.125000 1.000000
vt 0.125000 1.000000
vt 0.416666 1.000000
vt 0.416666 1.000000
vt 0.708333 1.000000
vt 0.708333 1.000000
vt 0.083333 1.000000
vt 0.083333 1.000000
vt 0.375000 1.000000
vt 0.375000 1.000000
vt 0.666667 1.000000
vt 0.666667 1.000000
vt 0.041666 1.000000
vt 0.041666 1.000000
vt 0.958333 1.000000
vt 1.000000 1.000000
vt 1.000000 1.000000
vt 0.958333 1.000000
vt 0.333333 1.000000
vt 0.333333 1.000000
vt 0.625000 1.000000
vt 0.625000 1.000000
vt -0.000000 1.000000
vt -0.000000 1.000000
vt 0.916667 1.000000
vt 0.916667 1.000000
vt 0.291667 1.000000
vt 0.291667 1.000000
vt 0.583333 1.000000
vt 0.583333 1.000000
vt 0.833333 1.000000
vt 0.791667 1.000000
vt 0.208333 1.000000
vt 0.166666 1.000000
vt 0.500000 1.000000
vt 0.458333 1.000000
vt 0.750000 1.000000
vt 0.125000 1.000000
vt 0.416666 1.000000
vt 0.708333 1.000000
vt 0.083333 1.000000
vt 0.375000 1.000000
vt 0.666667 1.000000
vt 0.041666 1.000000
vt 1.000000 1.000000
vt 0.958333 1.000000
vt 0.333333 1.000000
vt 0.625000 1.000000
vt -0.000000 1.000000
vt 0.916667 1.000000
vt 0.291667 1.000000
vt 0.583333 1.000000
vt 0.875000 1.000000
vt 0.250000 1.000000
vt 0.541666 1.000000
vt 0.375000 1.000000
vt 0.333333 1.000000
vt 0.666667 1.000000
vt 0.625000 1.000000
vt 0.041666 1.000000
vt -0.000000 1.000000
vt 0.958333 1.000000
vt 0.916667 1.000000
vt 0.291667 1.000000
vt 0.583333 1.000000
vt 0.875000 1.000000
vt 0.250000 1.000000
vt 0.541666 1.000000
vt 0.833333 1.000000
vt 0.208333 1.000000
vt 0.500000 1.000000
vt 0.791667 1.000000
vt 0.166666 1.000000
vt 0.458333 1.000000
vt 0.750000 1.000000
vt 0.125000 1.000000
vt 0.416666 1.000000
vt 0.708333 1.000000
vt 0.083333 1.000000
vt 1.000000 1.000000
vt 0.833333 1.000000
vt 0.791667 1.000000
vt 0.208333 1.000000
vt 0.166666 1.000000
vt 0.500000 1.000000
vt 0.458333 1.000000
vt 0.750000 1.000000
vt 0.125000 1.000000
vt 0.416666 1.000000
vt 0.708333 1.000000
vt 0.083333 1.000000
vt 0.375000 1.000000
vt 0.666667 1.000000
vt 0.041666 1.000000
vt 1.000000 1.000000
vt 0.958333 1.000000
vt 0.333333 1.000000
vt 0.625000 1.000000
vt -0.000000 1.000000
vt 0.916667 1.000000
vt 0.291667 1.000000
vt 0.583333 1.000000
vt 0.875000 1.000000
vt 0.250000 1.000000
vt 0.541666 1.000000
vn -0.2420 -0.0077 -0.9702
vn -0.2410 -0.0932 -0.9660
vn 0.0173 -0.0932 -0.9955
vn 0.0173 -0.0077 -0.9998
vn 0.6258 -0.4930 -0.6045
vn 0.4480 -0.4930 -0.7458
vn 0.4500 -0.4860 -0.7492
vn 0.6286 -0.4860 -0.6072
vn 0.7609 -0.4930 -0.4219
vn 0.7643 -0.4860 -0.4238
vn 0.8442 -0.4930 -0.2106
vn 0.8480 -0.4860 -0.2115
vn 0.8699 -0.4930 0.0151
vn 0.8738 -0.4860 0.0151
vn 0.8364 -0.4930 0.2397
vn 0.8401 -0.4860 0.2408
vn 0.7458 -0.4930 0.4480
vn 0.7492 -0.4860 0.4500
vn 0.6045 -0.4930 0.6258
vn 0.6072 -0.4860 0.6286
vn 0.4219 -0.4930 0.7609
vn 0.4238 -0.4860 0.7643
vn 0.2106 -0.4930 0.8442
vn 0.2115 -0.4860 0.8480
vn -0.0151 -0.4930 0.8699
vn -0.0151 -0.4860 0.8738
vn -0.2397 -0.4930 0.8364
vn -0.2408 -0.4860 0.8401
vn -0.4480 -0.4930 0.7458
vn -0.4500 -0.4860 0.7492
vn -0.6258 -0.4930 0.6045
vn -0.6286 -0.4860 0.6072
vn -0.7609 -0.4930 0.4219
vn -0.7643 -0.4860 0.4238
vn -0.8442 -0.4930 0.2106
vn -0.8480 -0.4860 0.2115
vn -0.8699 -0.4930 -0.0151
vn -0.8738 -0.4860 -0.0151
vn -0.8364 -0.4930 -0.2397
vn -0.8401 -0.4860 -0.2408
vn -0.7458 -0.4930 -0.4480
vn -0.7492 -0.4860 -0.4500
vn -0.6045 -0.4930 -0.6258
vn -0.6072 -0.4860 -0.6286
vn -0.4219 -0.4930 -0.7609
vn -0.4238 -0.4860 -0.7643
vn -0.2106 -0.4930 -0.8442
vn -0.2115 -0.4860 -0.8480
vn 0.2755 -0.0077 -0.9613
vn 0.2743 -0.0932 -0.9571
vn 0.5127 -0.0932 -0.8535
vn 0.5149 -0.0077 -0.8572
vn 0.0151 -0.4930 -0.8699
vn 0.0151 -0.4860 -0.8738
vn 0.9998 -0.0077 0.0173
vn 0.9955 -0.0932 0.0173
vn 0.9571 -0.0932 0.2743
vn 0.9613 -0.0077 0.2755
vn 0.2420 -0.0077 0.9702
vn 0.2410 -0.0932 0.9660
vn -0.0173 -0.0932 0.9955
vn -0.0173 -0.0077 0.9998
vn -0.8745 -0.0077 0.4849
vn -0.8708 -0.0932 0.4828
vn -0.9660 -0.0932 0.2410
vn -0.9702 -0.0077 0.2420
vn -0.6947 -0.0077 -0.7192
vn -0.6917 -0.0932 -0.7161
vn -0.4828 -0.0932 -0.8708
vn -0.4849 -0.0077 -0.8745
vn 0.8745 -0.0077 -0.4849
vn 0.8708 -0.0931 -0.4828
vn 0.9660 -0.0932 -0.2410
vn 0.9702 -0.0077 -0.2420
vn 0.6947 -0.0077 0.7192
vn 0.6917 -0.0932 0.7161
vn 0.4828 -0.0932 0.8708
vn 0.4849 -0.0077 0.8745
vn -0.5149 -0.0077 0.8572
vn -0.5127 -0.0932 0.8535
vn -0.7161 -0.0932 0.6917
vn -0.7192 -0.0077 0.6947
vn -0.9613 -0.0077 -0.2755
vn -0.9571 -0.0932 -0.2743
vn -0.8535 -0.0932 -0.5127
vn -0.8572 -0.0077 -0.5149
vn 0.7161 -0.0932 -0.6917
vn 0.7192 -0.0077 -0.6947
vn 0.8535 -0.0931 0.5127
vn 0.8572 -0.0077 0.5149
vn -0.2743 -0.0932 0.9571
vn -0.2755 -0.0077 0.9613
vn -0.9955 -0.0932 -0.0173
vn -0.9998 -0.0077 -0.0173
vn 0.2397 -0.4930 -0.8364
vn 0.2408 -0.4860 -0.8401
vn 0.0165 -0.3009 -0.9535
vn 0.2628 -0.3009 -0.9167
vn 0.4911 -0.3009 -0.8175
vn 0.6859 -0.3009 -0.6626
vn 0.8340 -0.3009 -0.4624
vn 0.9253 -0.3009 -0.2308
vn 0.9535 -0.3009 0.0165
vn 0.9167 -0.3009 0.2628
vn 0.8175 -0.3009 0.4911
vn 0.6626 -0.3009 0.6859
vn 0.4624 -0.3009 0.8340
vn 0.2308 -0.3009 0.9253
vn -0.0165 -0.3009 0.9535
vn -0.2628 -0.3009 0.9167
vn -0.4911 -0.3009 0.8175
vn -0.6859 -0.3009 0.6626
vn -0.8340 -0.3009 0.4624
vn -0.9253 -0.3009 0.2308
vn -0.9535 -0.3009 -0.0165
vn -0.9167 -0.3009 -0.2628
vn -0.8175 -0.3009 -0.4911
vn -0.6626 -0.3009 -0.6859
vn -0.4624 -0.3009 -0.8340
vn -0.2308 -0.3009 -0.9253
vn 0.0166 -0.2913 -0.9565
vn 0.2636 -0.2913 -0.9196
vn 0.0171 -0.1711 -0.9851
vn 0.2715 -0.1711 -0.9471
vn 0.4926 -0.2913 -0.8201
vn 0.5073 -0.1711 -0.8446
vn 0.6881 -0.2913 -0.6646
vn 0.7086 -0.1711 -0.6845
vn 0.8366 -0.2913 -0.4639
vn 0.8617 -0.1711 -0.4778
vn 0.9282 -0.2913 -0.2315
vn 0.9560 -0.1711 -0.2385
vn 0.9565 -0.2913 0.0166
vn 0.9851 -0.1711 0.0171
vn 0.9196 -0.2913 0.2636
vn 0.9471 -0.1711 0.2715
vn 0.8201 -0.2913 0.4926
vn 0.8446 -0.1711 0.5073
vn 0.6646 -0.2913 0.6881
vn 0.6845 -0.1711 0.7086
vn 0.4639 -0.2913 0.8366
vn 0.4778 -0.1711 0.8617
vn 0.2315 -0.2913 0.9282
vn 0.2385 -0.1711 0.9560
vn -0.0166 -0.2913 0.9565
vn -0.0171 -0.1711 0.9851
vn -0.2636 -0.2913 0.9196
vn -0.2715 -0.1711 0.9471
vn -0.4926 -0.2913 0.8201
vn -0.5073 -0.1711 0.8446
vn -0.6881 -0.2913 0.6646
vn -0.7086 -0.1711 0.6845
vn -0.8366 -0.2913 0.4639
vn -0.8617 -0.1711 0.4778
vn -0.9282 -0.2913 0.2315
vn -0.9560 -0.1711 0.2385
vn -0.9565 -0.2913 -0.0166
vn -0.9851 -0.1711 -0.0171
vn -0.9196 -0.2913 -0.2636
vn -0.9471 -0.1711 -0.2715
vn -0.8201 -0.2913 -0.4926
vn -0.8446 -0.1711 -0.5073
vn -0.6646 -0.2913 -0.6881
vn -0.6845 -0.1711 -0.7086
vn -0.4639 -0.2913 -0.8366
vn -0.4778 -0.1711 -0.8617
vn -0.2315 -0.2913 -0.9282
vn -0.2385 -0.1711 -0.9560
vn -0.0000 1.0000 0.0000
vn -0.9703 0.0000 0.2420
vn -0.8746 -0.0000 0.4849
vn -0.8515 0.2282 0.4721
vn -0.9447 0.2282 0.2357
vn 0.8572 -0.0000 0.5149
vn 0.9613 -0.0000 0.2755
vn 0.9359 0.2282 0.2683
vn 0.8346 0.2282 0.5013
vn 0.2755 0.0000 -0.9613
vn 0.0173 0.0000 -0.9998
vn 0.0169 0.2282 -0.9735
vn 0.2683 0.2282 -0.9359
vn -0.9998 0.0000 -0.0173
vn -0.9735 0.2282 -0.0169
vn 0.6947 -0.0000 0.7193
vn 0.6764 0.2282 0.7003
vn 0.5149 0.0000 -0.8572
vn 0.5013 0.2282 -0.8346
vn -0.9613 0.0000 -0.2755
vn -0.9359 0.2282 -0.2683
vn 0.4849 -0.0000 0.8746
vn 0.4721 0.2282 0.8515
vn 0.7193 0.0000 -0.6947
vn 0.7003 0.2282 -0.6764
vn -0.8572 0.0000 -0.5149
vn -0.8346 0.2282 -0.5013
vn 0.2420 -0.0000 0.9703
vn 0.2357 0.2282 0.9447
vn -0.2755 -0.0000 0.9613
vn -0.0173 -0.0000 0.9998
vn -0.0169 0.2282 0.9735
vn -0.2683 0.2282 0.9359
vn 0.8746 0.0000 -0.4849
vn 0.8515 0.2282 -0.4721
vn -0.6947 0.0000 -0.7193
vn -0.6764 0.2282 -0.7003
vn -0.5149 -0.0000 0.8572
vn -0.5013 0.2282 0.8346
vn 0.9703 0.0000 -0.2420
vn 0.9447 0.2282 -0.2357
vn -0.4849 0.0000 -0.8746
vn -0.4721 0.2282 -0.8515
vn -0.7193 -0.0000 0.6947
vn -0.7003 0.2282 0.6764
vn 0.9998 0.0000 0.0173
vn 0.9735 0.2282 0.0169
vn -0.2420 0.0000 -0.9703
vn -0.2357 0.2282 -0.9447
vn 0.6988 0.2369 -0.6750
vn 0.8497 0.2369 -0.4711
vn -0.8328 0.2369 -0.5003
vn -0.6750 0.2369 -0.6988
vn 0.2351 0.2369 0.9426
vn -0.0168 0.2369 0.9714
vn -0.2677 0.2369 0.9339
vn -0.5003 0.2369 0.8328
vn 0.9426 0.2369 -0.2351
vn -0.4711 0.2369 -0.8497
vn -0.6988 0.2369 0.6750
vn 0.9714 0.2369 0.0168
vn -0.2351 0.2369 -0.9426
vn -0.8497 0.2369 0.4711
vn 0.9339 0.2369 0.2677
vn 0.0168 0.2369 -0.9714
vn -0.9426 0.2369 0.2351
vn 0.8328 0.2369 0.5003
vn 0.2677 0.2369 -0.9339
vn -0.9714 0.2369 -0.0168
vn 0.6750 0.2369 0.6988
vn 0.5003 0.2369 -0.8328
vn -0.9339 0.2369 -0.2677
vn 0.4711 0.2369 0.8497
s 1
f 2370/2578/2778 2371/2579/2779 2372/2580/2780 2373/2581/2781
f 2374/2582/2782 2375/2583/2783 2376/2584/2784 2377/2585/2785
f 2378/2586/2786 2374/2582/2782 2377/2585/2785 2379/2587/2787
f 2380/2588/2788 2378/2586/2786 2379/2587/2787 2381/2589/2789
f 2382/2590/2790 2380/2588/2788 2381/2589/2789 2383/2591/2791
f 2384/2592/2792 2382/2590/2790 2383/2591/2791 2385/2593/2793
f 2386/2594/2794 2384/2592/2792 2385/2593/2793 2387/2595/2795
f 2388/2596/2796 2386/2594/2794 2387/2595/2795 2389/2597/2797
f 2390/2598/2798 2388/2596/2796 2389/2597/2797 2391/2599/2799
f 2392/2600/2800 2390/2598/2798 2391/2599/2799 2393/2601/2801
f 2394/2602/2802 2392/2600/2800 2393/2601/2801 2395/2603/2803
f 2396/2604/2804 2394/2602/2802 2395/2603/2803 2397/2605/2805
f 2398/2606/2806 2396/2604/2804 2397/2605/2805 2399/2607/2807
f 2400/2608/2808 2398/2606/2806 2399/2607/2807 2401/2609/2809
f 2402/2610/2810 2400/2608/2808 2401/2609/2809 2403/2611/2811
f 2404/2612/2812 2402/2610/2810 2403/2611/2811 2405/2613/2813
f 2406/2614/2814 2404/2612/2812 2405/2613/2813 2407/2615/2815
f 2408/2616/2816 2406/2614/2814 2407/2615/2815 2409/2617/2817
f 2410/2618/2818 2408/2616/2816 2409/2617/2817 2411/2619/2819
f 2412/2620/2820 2410/2618/2818 2411/2619/2819 2413/2621/2821
f 2414/2622/2822 2412/2620/2820 2413/2621/2821 2415/2623/2823
f 2416/2624/2824 2414/2622/2822 2415/2623/2823 2417/2625/2825
f 2418/2626/2826 2419/2627/2827 2420/2628/2828 2421/2629/2829
f 2422/2630/2830 2416/2624/2824 2417/2625/2825 2423/2631/2831
f 2424/2632/2832 2425/2633/2833 2426/2634/2834 2427/2635/2835
f 2428/2636/2836 2429/2637/2837 2430/2638/2838 2431/2639/2839
f 2432/2640/2840 2433/2641/2841 2434/2642/2842 2435/2643/2843
f 2436/2644/2844 2437/2645/2845 2438/2646/2846 2439/2647/2847
f 2440/2648/2848 2441/2649/2849 2442/2650/2850 2443/2651/2851
f 2444/2652/2852 2445/2653/2853 2446/2654/2854 2447/2655/2855
f 2448/2656/2856 2449/2657/2857 2450/2658/2858 2451/2659/2859
f 2452/2660/2860 2453/2661/2861 2454/2662/2862 2455/2663/2863
f 2421/2629/2829 2420/2628/2828 2456/2664/2864 2457/2665/2865
f 2427/2635/2835 2426/2634/2834 2458/2666/2866 2459/2667/2867
f 2373/2668/2781 2372/2669/2780 2419/2627/2827 2418/2626/2826
f 2431/2639/2839 2430/2638/2838 2460/2670/2868 2461/2671/2869
f 2435/2643/2843 2434/2642/2842 2462/2672/2870 2463/2673/2871
f 2439/2647/2847 2438/2646/2846 2371/2579/2779 2370/2578/2778
f 2443/2651/2851 2442/2650/2850 2425/2633/2833 2424/2632/2832
f 2447/2655/2855 2446/2654/2854 2429/2637/2837 2428/2636/2836
f 2451/2659/2859 2450/2658/2858 2433/2641/2841 2432/2640/2840
f 2455/2663/2863 2454/2662/2862 2437/2645/2845 2436/2644/2844
f 2457/2665/2865 2456/2664/2864 2441/2649/2849 2440/2648/2848
f 2459/2667/2867 2458/2666/2866 2445/2653/2853 2444/2652/2852
f 2461/2671/2869 2460/2670/2868 2449/2657/2857 2448/2656/2856
f 2463/2673/2871 2462/2672/2870 2453/2661/2861 2452/2660/2860
f 2375/2583/2783 2464/2674/2872 2465/2675/2873 2376/2584/2784
f 2419/2627/2827 2372/2669/2780 2466/2676/2874 2467/2677/2875
f 2467/2677/2875 2466/2676/2874 2422/2678/2830 2464/2674/2872
f 2420/2628/2828 2419/2627/2827 2467/2677/2875 2468/2679/2876
f 2468/2679/2876 2467/2677/2875 2464/2674/2872 2375/2583/2783
f 2456/2664/2864 2420/2628/2828 2468/2679/2876 2469/2680/2877
f 2469/2680/2877 2468/2679/2876 2375/2583/2783 2374/2582/2782
f 2441/2649/2849 2456/2664/2864 2469/2680/2877 2470/2681/2878
f 2470/2681/2878 2469/2680/2877 2374/2582/2782 2378/2586/2786
f 2442/2650/2850 2441/2649/2849 2470/2681/2878 2471/2682/2879
f 2471/2682/2879 2470/2681/2878 2378/2586/2786 2380/2588/2788
f 2425/2633/2833 2442/2650/2850 2471/2682/2879 2472/2683/2880
f 2472/2683/2880 2471/2682/2879 2380/2588/2788 2382/2590/2790
f 2426/2634/2834 2425/2633/2833 2472/2683/2880 2473/2684/2881
f 2473/2684/2881 2472/2683/2880 2382/2590/2790 2384/2592/2792
f 2458/2666/2866 2426/2634/2834 2473/2684/2881 2474/2685/2882
f 2474/2685/2882 2473/2684/2881 2384/2592/2792 2386/2594/2794
f 2445/2653/2853 2458/2666/2866 2474/2685/2882 2475/2686/2883
f 2475/2686/2883 2474/2685/2882 2386/2594/2794 2388/2596/2796
f 2446/2654/2854 2445/2653/2853 2475/2686/2883 2476/2687/2884
f 2476/2687/2884 2475/2686/2883 2388/2596/2796 2390/2598/2798
f 2429/2637/2837 2446/2654/2854 2476/2687/2884 2477/2688/2885
f 2477/2688/2885 2476/2687/2884 2390/2598/2798 2392/2600/2800
f 2430/2638/2838 2429/2637/2837 2477/2688/2885 2478/2689/2886
f 2478/2689/2886 2477/2688/2885 2392/2600/2800 2394/2602/2802
f 2460/2670/2868 2430/2638/2838 2478/2689/2886 2479/2690/2887
f 2479/2690/2887 2478/2689/2886 2394/2602/2802 2396/2604/2804
f 2449/2657/2857 2460/2670/2868 2479/2690/2887 2480/2691/2888
f 2480/2691/2888 2479/2690/2887 2396/2604/2804 2398/2606/2806
f 2450/2658/2858 2449/2657/2857 2480/2691/2888 2481/2692/2889
f 2481/2692/2889 2480/2691/2888 2398/2606/2806 2400/2608/2808
f 2433/2641/2841 2450/2658/2858 2481/2692/2889 2482/2693/2890
f 2482/2693/2890 2481/2692/2889 2400/2608/2808 2402/2610/2810
f 2434/2642/2842 2433/2641/2841 2482/2693/2890 2483/2694/2891
f 2483/2694/2891 2482/2693/2890 2402/2610/2810 2404/2612/2812
f 2462/2672/2870 2434/2642/2842 2483/2694/2891 2484/2695/2892
f 2484/2695/2892 2483/2694/2891 2404/2612/2812 2406/2614/2814
f 2453/2661/2861 2462/2672/2870 2484/2695/2892 2485/2696/2893
f 2485/2696/2893 2484/2695/2892 2406/2614/2814 2408/2616/2816
f 2454/2662/2862 2453/2661/2861 2485/2696/2893 2486/2697/2894
f 2486/2697/2894 2485/2696/2893 2408/2616/2816 2410/2618/2818
f 2437/2645/2845 2454/2662/2862 2486/2697/2894 2487/2698/2895
f 2487/2698/2895 2486/2697/2894 2410/2618/2818 2412/2620/2820
f 2438/2646/2846 2437/2645/2845 2487/2698/2895 2488/2699/2896
f 2488/2699/2896 2487/2698/2895 2412/2620/2820 2414/2622/2822
f 2371/2579/2779 2438/2646/2846 2488/2699/2896 2489/2700/2897
f 2489/2700/2897 2488/2699/2896 2414/2622/2822 2416/2624/2824
f 2372/2580/2780 2371/2579/2779 2489/2700/2897 2466/2701/2874
f 2466/2701/2874 2489/2700/2897 2416/2624/2824 2422/2630/2830
f 2465/2675/2873 2423/2702/2831 2490/2703/2898 2491/2704/2899
f 2491/2704/2899 2490/2703/2898 2492/2705/2900 2493/2706/2901
f 2376/2584/2784 2465/2675/2873 2491/2704/2899 2494/2707/2902
f 2494/2707/2902 2491/2704/2899 2493/2706/2901 2495/2708/2903
f 2377/2585/2785 2376/2584/2784 2494/2707/2902 2496/2709/2904
f 2496/2709/2904 2494/2707/2902 2495/2708/2903 2497/2710/2905
f 2379/2587/2787 2377/2585/2785 2496/2709/2904 2498/2711/2906
f 2498/2711/2906 2496/2709/2904 2497/2710/2905 2499/2712/2907
f 2381/2589/2789 2379/2587/2787 2498/2711/2906 2500/2713/2908
f 2500/2713/2908 2498/2711/2906 2499/2712/2907 2501/2714/2909
f 2383/2591/2791 2381/2589/2789 2500/2713/2908 2502/2715/2910
f 2502/2715/2910 2500/2713/2908 2501/2714/2909 2503/2716/2911
f 2385/2593/2793 2383/2591/2791 2502/2715/2910 2504/2717/2912
f 2504/2717/2912 2502/2715/2910 2503/2716/2911 2505/2718/2913
f 2387/2595/2795 2385/2593/2793 2504/2717/2912 2506/2719/2914
f 2506/2719/2914 2504/2717/2912 2505/2718/2913 2507/2720/2915
f 2389/2597/2797 2387/2595/2795 2506/2719/2914 2508/2721/2916
f 2508/2721/2916 2506/2719/2914 2507/2720/2915 2509/2722/2917
f 2391/2599/2799 2389/2597/2797 2508/2721/2916 2510/2723/2918
f 2510/2723/2918 2508/2721/2916 2509/2722/2917 2511/2724/2919
f 2393/2601/2801 2391/2599/2799 2510/2723/2918 2512/2725/2920
f 2512/2725/2920 2510/2723/2918 2511/2724/2919 2513/2726/2921
f 2395/2603/2803 2393/2601/2801 2512/2725/2920 2514/2727/2922
f 2514/2727/2922 2512/2725/2920 2513/2726/2921 2515/2728/2923
f 2397/2605/2805 2395/2603/2803 2514/2727/2922 2516/2729/2924
f 2516/2729/2924 2514/2727/2922 2515/2728/2923 2517/2730/2925
f 2399/2607/2807 2397/2605/2805 2516/2729/2924 2518/2731/2926
f 2518/2731/2926 2516/2729/2924 2517/2730/2925 2519/2732/2927
f 2401/2609/2809 2399/2607/2807 2518/2731/2926 2520/2733/2928
f 2520/2733/2928 2518/2731/2926 2519/2732/2927 2521/2734/2929
f 2403/2611/2811 2401/2609/2809 2520/2733/2928 2522/2735/2930
f 2522/2735/2930 2520/2733/2928 2521/2734/2929 2523/2736/2931
f 2405/2613/2813 2403/2611/2811 2522/2735/2930 2524/2737/2932
f 2524/2737/2932 2522/2735/2930 2523/2736/2931 2525/2738/2933
f 2407/2615/2815 2405/2613/2813 2524/2737/2932 2526/2739/2934
f 2526/2739/2934 2524/2737/2932 2525/2738/2933 2527/2740/2935
f 2409/2617/2817 2407/2615/2815 2526/2739/2934 2528/2741/2936
f 2528/2741/2936 2526/2739/2934 2527/2740/2935 2529/2742/2937
f 2411/2619/2819 2409/2617/2817 2528/2741/2936 2530/2743/2938
f 2530/2743/2938 2528/2741/2936 2529/2742/2937 2531/2744/2939
f 2413/2621/2821 2411/2619/2819 2530/2743/2938 2532/2745/2940
f 2532/2745/2940 2530/2743/2938 2531/2744/2939 2533/2746/2941
f 2415/2623/2823 2413/2621/2821 2532/2745/2940 2534/2747/2942
f 2534/2747/2942 2532/2745/2940 2533/2746/2941 2535/2748/2943
f 2417/2625/2825 2415/2623/2823 2534/2747/2942 2536/2749/2944
f 2536/2749/2944 2534/2747/2942 2535/2748/2943 2537/2750/2945
f 2423/2631/2831 2417/2625/2825 2536/2749/2944 2490/2751/2898
f 2490/2751/2898 2536/2749/2944 2537/2750/2945 2492/2752/2900
f 2464/2674/2872 2422/2678/2830 2423/2702/2831 2465/2675/2873
f 2538/2753/2946 2539/2754/2946 2540/2755/2946 2541/2756/2946
f 2542/2757/2946 2543/2758/2946 2544/2759/2946 2545/2760/2946
f 2546/2761/2946 2547/2762/2946 2548/2763/2946 2549/2764/2946
f 2550/2765/2946 2538/2753/2946 2541/2756/2946 2551/2766/2946
f 2552/2767/2946 2542/2757/2946 2545/2760/2946 2553/2768/2946
f 2554/2769/2946 2546/2761/2946 2549/2764/2946 2555/2770/2946
f 2556/2771/2946 2550/2765/2946 2551/2766/2946 2557/2772/2946
f 2558/2773/2946 2552/2767/2946 2553/2768/2946 2559/2774/2946
f 2560/2775/2946 2554/2769/2946 2555/2770/2946 2561/2776/2946
f 2562/2777/2946 2556/2771/2946 2557/2772/2946 2563/2778/2946
f 2564/2779/2946 2558/2773/2946 2559/2774/2946 2565/2780/2946
f 2566/2781/2946 2560/2775/2946 2561/2776/2946 2567/2782/2946
f 2568/2783/2946 2562/2777/2946 2563/2778/2946 2569/2784/2946
f 2570/2785/2946 2564/2779/2946 2565/2780/2946 2571/2786/2946
f 2572/2787/2946 2573/2788/2946 2574/2789/2946 2575/2790/2946
f 2576/2791/2946 2566/2781/2946 2567/2782/2946 2577/2792/2946
f 2578/2793/2946 2568/2783/2946 2569/2784/2946 2579/2794/2946
f 2573/2795/2946 2570/2785/2946 2571/2786/2946 2574/2796/2946
f 2580/2797/2946 2572/2787/2946 2575/2790/2946 2581/2798/2946
f 2582/2799/2946 2576/2791/2946 2577/2792/2946 2583/2800/2946
f 2584/2801/2946 2578/2793/2946 2579/2794/2946 2585/2802/2946
f 2539/2754/2946 2580/2797/2946 2581/2798/2946 2540/2755/2946
f 2543/2758/2946 2582/2799/2946 2583/2800/2946 2544/2759/2946
f 2547/2762/2946 2584/2801/2946 2585/2802/2946 2548/2763/2946
f 2551/2766/2947 2541/2756/2948 2586/2803/2949 2587/2804/2950
f 2553/2768/2951 2545/2760/2952 2588/2805/2953 2589/2806/2954
f 2555/2770/2955 2549/2764/2956 2590/2807/2957 2591/2808/2958
f 2557/2772/2959 2551/2766/2947 2587/2804/2950 2592/2809/2960
f 2559/2774/2961 2553/2768/2951 2589/2806/2954 2593/2810/2962
f 2561/2776/2963 2555/2770/2955 2591/2808/2958 2594/2811/2964
f 2563/2778/2965 2557/2772/2959 2592/2809/2960 2595/2812/2966
f 2565/2780/2967 2559/2774/2961 2593/2810/2962 2596/2813/2968
f 2567/2782/2969 2561/2776/2963 2594/2811/2964 2597/2814/2970
f 2569/2784/2971 2563/2778/2965 2595/2812/2966 2598/2815/2972
f 2571/2786/2973 2565/2780/2967 2596/2813/2968 2599/2816/2974
f 2575/2790/2975 2574/2789/2976 2600/2817/2977 2601/2818/2978
f 2577/2792/2979 2567/2782/2969 2597/2814/2970 2602/2819/2980
f 2579/2794/2981 2569/2784/2971 2598/2815/2972 2603/2820/2982
f 2574/2796/2976 2571/2786/2973 2599/2816/2974 2600/2821/2977
f 2581/2798/2983 2575/2790/2975 2601/2818/2978 2604/2822/2984
f 2583/2800/2985 2577/2792/2979 2602/2819/2980 2605/2823/2986
f 2585/2802/2987 2579/2794/2981 2603/2820/2982 2606/2824/2988
f 2540/2755/2989 2581/2798/2983 2604/2822/2984 2607/2825/2990
f 2544/2759/2991 2583/2800/2985 2605/2823/2986 2608/2826/2992
f 2548/2763/2993 2585/2802/2987 2606/2824/2988 2609/2827/2994
f 2541/2756/2948 2540/2755/2989 2607/2825/2990 2586/2803/2949
f 2545/2760/2952 2544/2759/2991 2608/2826/2992 2588/2805/2953
f 2549/2764/2956 2548/2763/2993 2609/2827/2994 2590/2807/2957
f 2602/2819/2980 2597/2814/2970 2610/2828/2995 2611/2829/2996
f 2603/2820/2982 2598/2815/2972 2612/2830/2997 2613/2831/2998
f 2600/2821/2977 2599/2816/2974 2614/2832/2999 2615/2833/3000
f 2604/2822/2984 2601/2818/2978 2616/2834/3001 2617/2835/3002
f 2605/2823/2986 2602/2819/2980 2611/2829/2996 2618/2836/3003
f 2606/2824/2988 2603/2820/2982 2613/2831/2998 2619/2837/3004
f 2607/2825/2990 2604/2822/2984 2617/2835/3002 2620/2838/3005
f 2608/2826/2992 2605/2823/2986 2618/2836/3003 2621/2839/3006
f 2609/2827/2994 2606/2824/2988 2619/2837/3004 2622/2840/3007
f 2586/2803/2949 2607/2825/2990 2620/2838/3005 2623/2841/3008
f 2588/2805/2953 2608/2826/2992 2621/2839/3006 2624/2842/3009
f 2590/2807/2957 2609/2827/2994 2622/2840/3007 2625/2843/3010
f 2587/2804/2950 2586/2803/2949 2623/2841/3008 2626/2844/3011
f 2589/2806/2954 2588/2805/2953 2624/2842/3009 2627/2845/3012
f 2591/2808/2958 2590/2807/2957 2625/2843/3010 2628/2846/3013
f 2592/2809/2960 2587/2804/2950 2626/2844/3011 2629/2847/3014
f 2593/2810/2962 2589/2806/2954 2627/2845/3012 2630/2848/3015
f 2594/2811/2964 2591/2808/2958 2628/2846/3013 2631/2849/3016
f 2595/2812/2966 2592/2809/2960 2629/2847/3014 2632/2850/3017
f 2596/2813/2968 2593/2810/2962 2630/2848/3015 2633/2851/3018
f 2597/2814/2970 2594/2811/2964 2631/2849/3016 2610/2828/2995
f 2598/2815/2972 2595/2812/2966 2632/2850/3017 2612/2830/2997
f 2599/2816/2974 2596/2813/2968 2633/2851/3018 2614/2832/2999
f 2601/2818/2978 2600/2817/2977 2615/2852/3000 2616/2834/3001
f 2626/2844/3011 2623/2841/3008 2634/2853/2948 2635/2854/2947
f 2627/2845/3012 2624/2842/3009 2636/2855/2952 2637/2856/2951
f 2628/2846/3013 2625/2843/3010 2638/2857/2956 2639/2858/2955
f 2629/2847/3014 2626/2844/3011 2635/2854/2947 2640/2859/2959
f 2630/2848/3015 2627/2845/3012 2637/2856/2951 2641/2860/2961
f 2631/2849/3016 2628/2846/3013 2639/2858/2955 2642/2861/2963
f 2632/2850/3017 2629/2847/3014 2640/2859/2959 2643/2862/2965
f 2633/2851/3018 2630/2848/3015 2641/2860/2961 2644/2863/2967
f 2610/2828/2995 2631/2849/3016 2642/2861/2963 2645/2864/2969
f 2612/2830/2997 2632/2850/3017 2643/2862/2965 2646/2865/2971
f 2614/2832/2999 2633/2851/3018 2644/2863/2967 2647/2866/2973
f 2616/2834/3001 2615/2852/3000 2648/2867/2976 2649/2868/2975
f 2611/2829/2996 2610/2828/2995 2645/2864/2969 2650/2869/2979
f 2613/2831/2998 2612/2830/2997 2646/2865/2971 2651/2870/2981
f 2615/2833/3000 2614/2832/2999 2647/2866/2973 2648/2871/2976
f 2617/2835/3002 2616/2834/3001 2649/2868/2975 2652/2872/2983
f 2618/2836/3003 2611/2829/2996 2650/2869/2979 2653/2873/2985
f 2619/2837/3004 2613/2831/2998 2651/2870/2981 2654/2874/2987
f 2620/2838/3005 2617/2835/3002 2652/2872/2983 2655/2875/2989
f 2621/2839/3006 2618/2836/3003 2653/2873/2985 2656/2876/2991
f 2622/2840/3007 2619/2837/3004 2654/2874/2987 2657/2877/2993
f 2623/2841/3008 2620/2838/3005 2655/2875/2989 2634/2853/2948
f 2624/2842/3009 2621/2839/3006 2656/2876/2991 2636/2855/2952
f 2625/2843/3010 2622/2840/3007 2657/2877/2993 2638/2857/2956
f 2636/2855/2946 2656/2876/2946 2653/2873/2946 2637/2856/2946
f 2637/2856/2946 2653/2873/2946 2650/2869/2946 2641/2860/2946
f 2641/2860/2946 2650/2869/2946 2645/2864/2946 2644/2863/2946
f 2644/2863/2946 2645/2864/2946 2642/2861/2946 2647/2866/2946
f 2647/2866/2946 2642/2861/2946 2639/2858/2946 2648/2871/2946
f 2648/2867/2946 2639/2858/2946 2638/2857/2946 2649/2868/2946
f 2649/2868/2946 2638/2857/2946 2657/2877/2946 2652/2872/2946
f 2652/2872/2946 2657/2877/2946 2654/2874/2946 2655/2875/2946
f 2655/2875/2946 2654/2874/2946 2651/2870/2946 2634/2853/2946
f 2634/2853/2946 2651/2870/2946 2646/2865/2946 2635/2854/2946
f 2635/2854/2946 2646/2865/2946 2643/2862/2946 2640/2859/2946
o handle.002
v 46.401012 18.688663 2.401454
v 46.655529 18.421268 2.401454
v 47.596649 19.714161 2.424903
v 47.291733 20.065439 2.424905
v 49.013336 11.955122 2.424901
v 47.406971 11.400738 2.401452
v 47.243313 8.007181 2.401451
v 48.792625 8.104637 2.424901
v 44.820435 21.222364 2.363181
v 44.309128 19.498426 2.401454
v 45.215652 19.344698 2.401454
v 45.938869 20.762465 2.394212
v 38.892746 20.795925 2.424903
v 38.442513 21.005823 2.424903
v 38.439480 17.971031 2.401454
v 38.871922 18.136200 2.401454
v 46.364594 3.542277 2.424899
v 45.435234 4.436176 2.401450
v 44.247009 3.812529 2.401450
v 44.538002 2.424834 2.424899
v 48.004356 19.049627 2.424903
v 46.920837 17.875301 2.401454
v 47.177193 16.757082 2.401454
v 48.562653 17.783426 2.424903
v 47.893185 5.303804 2.424899
v 46.522141 5.711509 2.401451
v 42.775352 1.808579 2.424898
v 43.019218 3.593945 2.401450
v 41.766026 3.618356 2.401450
v 41.402412 1.564664 2.424898
v 48.939919 15.514507 2.424903
v 47.311710 14.685211 2.401453
v 43.341026 21.142986 2.417402
v 42.962814 19.514359 2.401454
v 38.826130 4.954494 2.401450
v 38.534744 5.089786 2.401451
v 38.342010 1.778743 2.424898
v 38.623642 1.686590 2.424898
v 41.592583 20.988462 2.424903
v 41.400719 19.263039 2.401454
v 46.530640 20.549913 2.414107
v 45.771755 19.130503 2.401454
v 46.132317 18.908964 2.401454
v 46.960873 20.323795 2.423554
v 40.569878 3.902546 2.401450
v 40.302513 1.545918 2.424898
v 44.828117 21.619513 2.347004
v 43.424068 21.618837 2.402771
v 45.116570 21.637848 1.746266
v 44.943439 21.632681 2.037983
v 45.696465 21.629688 1.900228
v 45.835499 21.632240 1.604258
v 45.576218 21.617512 2.210798
v 45.893703 21.611816 2.034194
v 46.103653 21.624043 1.697057
v 41.697842 21.616554 2.408785
v 46.252934 21.624943 1.412768
v 41.433350 21.638630 -0.440889
v 41.575375 21.638630 -0.883992
v 40.645332 21.632681 -1.434133
v 38.892746 20.795925 -2.296074
v 40.003693 20.823236 -2.296074
v 39.929348 18.695402 -2.272626
v 38.871922 18.136198 -2.272626
v 46.132313 18.908960 -2.272626
v 45.771751 19.130501 -2.272626
v 47.769142 19.986792 -2.108792
v 47.443104 20.359203 -2.110955
v 47.005745 20.676453 -1.293113
v 47.111794 20.621614 -2.112360
v 47.056149 20.643970 -1.742980
v 47.050735 20.738884 0.399689
v 47.060745 20.740257 0.064415
v 46.795006 20.940897 0.064415
v 46.787899 20.938986 0.391849
v 47.028122 20.729265 0.725538
v 46.773766 20.925606 0.711054
v 48.845970 17.994276 -2.108482
v 48.845970 17.994274 2.237310
v 49.280640 15.680134 2.237310
v 49.280640 15.680134 -2.108482
v 46.010567 21.112597 2.044201
v 46.246838 21.573755 1.753210
v 46.110123 21.061308 2.096525
v 46.249512 21.015591 1.921661
v 46.207504 21.056734 1.850135
v 41.697842 21.616554 -2.279955
v 40.097229 21.614017 -2.276808
v 40.445892 21.630140 -1.822342
v 42.117401 21.632683 -1.899729
v 46.459122 20.958069 1.659767
v 46.474609 21.002445 1.445521
v 46.513107 21.582659 1.308391
v 45.641663 21.194241 2.227190
v 47.443104 20.359200 2.239784
v 47.769142 19.986792 2.237621
v 47.005745 20.676453 1.421942
v 47.056149 20.643974 1.871809
v 46.692123 20.879293 1.432664
v 46.734413 20.832216 1.893594
v 47.111794 20.621616 2.241190
v 46.751396 20.822790 2.221361
v 39.172665 21.627674 1.883538
v 39.313465 21.628485 1.449137
v 38.757378 21.623951 1.400143
v 38.644634 21.623852 1.854543
v 43.696495 21.633526 2.075729
v 42.117401 21.632681 2.028559
v 43.892685 21.638498 1.831334
v 42.437302 21.637852 1.689788
v 38.966839 21.613693 2.402831
v 38.505596 21.614309 2.401627
v 46.665901 21.022268 0.665343
v 46.645031 21.001360 0.943241
v 46.755898 20.896296 1.027713
v 46.687340 21.582884 0.618796
v 46.648514 21.582876 0.863610
v 46.589233 20.988283 1.209687
v 40.097229 21.614019 2.405639
v 40.003689 20.823236 2.424903
v 46.591621 21.582865 1.089815
v 46.469833 21.625351 0.778771
v 46.519386 21.625357 0.428322
v 46.270241 21.633314 0.505084
v 46.182583 21.633318 0.916284
v 46.534035 21.625357 0.064415
v 46.297050 21.633318 0.064415
v 46.066200 21.638628 0.064415
v 46.027092 21.638630 0.572893
v 45.899471 21.638628 1.031957
v 47.005371 20.706421 -0.917803
v 47.005367 20.706421 1.046632
v 40.645332 21.632681 1.562963
v 41.855568 21.638565 1.357018
v 41.575375 21.638634 1.012822
v 48.219616 19.293041 2.237311
v 48.219616 19.293043 -2.108483
v 39.537670 4.441988 2.401450
v 39.325272 1.613942 2.424898
v 42.834377 21.225166 0.909772
v 43.034645 21.232292 1.125203
v 43.930374 21.172413 1.085575
v 43.930374 21.162783 0.885480
v 43.299850 21.266758 1.235893
v 43.930382 21.239416 1.224716
v 44.560902 21.266754 1.235893
v 44.826111 21.232290 1.125203
v 45.026375 21.225164 0.909772
v 43.930374 21.162783 0.524963
v 42.730686 21.225170 0.535275
v 45.130066 21.225170 0.535275
v 45.159576 21.225166 0.064415
v 43.930374 21.162788 0.064415
v 42.701176 21.225166 0.064415
v 38.757378 21.623951 -1.271313
v 39.313465 21.628485 -1.320307
v 41.433350 21.638630 0.569719
v 41.391300 21.638630 0.064415
v 39.537666 4.441987 -2.272627
v 40.569878 3.902547 -2.272626
v 40.445892 21.630142 1.951172
v 41.855568 21.638565 -1.228188
v 42.437305 21.637848 -1.560958
v 41.592583 20.988464 -2.296074
v 41.400719 19.263039 -2.272626
v 44.309128 19.498425 -2.272626
v 45.215656 19.344698 -2.272626
v 48.792625 8.104637 -2.296075
v 47.243313 8.007183 -2.272627
v 47.406967 11.400740 -2.272626
v 49.013336 11.955120 -2.296075
v 45.651913 21.638563 1.407629
v 45.460487 21.630358 1.427070
v 44.886776 21.630327 1.648032
v 45.762508 21.630365 1.071279
v 45.702965 21.557886 1.042942
v 45.380966 21.557886 1.361134
v 44.805344 21.557886 1.541953
v 45.915226 21.630365 0.599483
v 45.960732 21.630367 0.064415
v 45.911926 21.557884 0.064415
v 45.865082 21.557890 0.590722
v 42.398460 21.630358 1.396986
v 42.063717 21.630365 1.060308
v 43.014275 21.630322 1.614530
v 43.084267 21.557886 1.531116
v 42.497101 21.557886 1.351200
v 42.163559 21.557886 1.039329
v 41.897209 21.630365 0.598013
v 41.849621 21.630367 0.064415
v 41.996399 21.557890 0.590271
v 41.948826 21.557884 0.064415
v 43.964005 21.630344 1.705784
v 43.946968 21.557886 1.595756
v 45.257217 21.392874 1.237359
v 44.725529 21.396917 1.372638
v 45.561428 21.391527 0.975002
v 45.715042 21.391529 0.562829
v 45.758850 21.391531 0.064415
v 42.605701 21.392876 1.236117
v 42.300049 21.391527 0.974551
v 43.138836 21.396917 1.371283
v 42.145802 21.391529 0.562773
v 42.101910 21.391531 0.064415
v 43.932449 21.394226 1.410374
v 38.315182 1.181800 2.401449
v 38.349266 1.095387 2.237305
v 38.621838 1.014599 2.237305
v 38.593658 1.099373 2.401449
v 48.197964 19.260717 2.401454
v 47.762993 19.947147 2.401494
v 47.447693 20.313972 2.401763
v 46.379524 21.625301 1.105717
v 46.027405 21.633200 1.277755
v 47.110874 20.577644 2.398735
v 46.704323 20.794035 2.373816
v 49.238052 15.659431 2.401454
v 48.811211 17.967682 2.401454
v 49.068607 8.123535 2.401452
v 49.302975 12.053747 2.401452
v 49.108189 8.126127 2.237308
v 49.344398 12.067808 2.237309
v 46.529484 3.383114 2.401450
v 48.139263 5.230626 2.401451
v 46.553162 3.360294 2.237307
v 48.174423 5.220172 2.237307
v 42.727795 1.490654 2.401449
v 44.584541 2.179552 2.401449
v 42.720680 1.445448 2.237305
v 44.590679 2.144852 2.237305
v 40.254471 1.123685 2.401449
v 41.335541 1.197216 2.401449
v 40.254185 1.063129 2.237305
v 41.326664 1.144789 2.237305
v 39.289974 1.106603 2.401449
v 39.304642 1.033444 2.237305
v 45.810143 21.111961 2.257334
v 46.227825 20.974844 2.315924
v 46.384109 20.969265 2.165142
v 46.441307 20.949852 1.929387
v 46.715675 21.582895 0.064415
v 46.709007 21.582891 0.348925
v 46.685284 21.033260 0.064415
v 46.679367 21.031883 0.370404
v 39.929344 18.695402 2.401454
v 46.679367 21.031885 -0.241574
v 46.665901 21.022266 -0.536513
v 46.687340 21.582882 -0.489966
v 46.709003 21.582890 -0.220095
v 47.893188 5.303805 -2.296075
v 46.522141 5.711510 -2.272627
v 38.439480 17.971031 -2.272626
v 38.442513 21.005821 -2.296074
v 47.596649 19.714161 -2.296075
v 46.655533 18.421265 -2.272626
v 46.401012 18.688663 -2.272626
v 47.291733 20.065441 -2.296076
v 45.938869 20.762463 -2.265383
v 44.820435 21.222366 -2.234351
v 46.364594 3.542276 -2.296075
v 45.435234 4.436176 -2.272626
v 44.537994 2.424835 -2.296075
v 44.247005 3.812530 -2.272626
v 48.004356 19.049625 -2.296075
v 46.920837 17.875303 -2.272626
v 48.562649 17.783428 -2.296075
v 47.177193 16.757084 -2.272626
v 42.775352 1.808580 -2.296076
v 43.019218 3.593946 -2.272626
v 41.402412 1.564665 -2.296076
v 41.766026 3.618356 -2.272626
v 48.939922 15.514511 -2.296075
v 47.311714 14.685211 -2.272626
v 43.341026 21.142982 -2.288573
v 42.962814 19.514357 -2.272626
v 40.302509 1.545918 -2.296076
v 38.342010 1.778743 -2.296076
v 38.534744 5.089787 -2.272626
v 38.826130 4.954494 -2.272626
v 38.623642 1.686590 -2.296076
v 46.530636 20.549913 -2.285278
v 45.893703 21.611816 -1.905364
v 46.246838 21.573755 -1.624380
v 46.010567 21.112591 -1.915371
v 45.116570 21.637848 -1.617437
v 45.835495 21.632236 -1.475428
v 45.696465 21.629688 -1.771398
v 44.943443 21.632681 -1.909153
v 46.252930 21.624945 -1.283938
v 46.103653 21.624044 -1.568227
v 43.424068 21.618834 -2.273941
v 45.576218 21.617512 -2.081968
v 46.960873 20.323795 -2.294724
v 47.028122 20.729263 -0.596708
v 46.773766 20.925606 -0.582224
v 46.787899 20.938986 -0.263019
v 47.050732 20.738886 -0.270859
v 49.344395 12.067808 -2.108483
v 49.108189 8.126127 -2.108482
v 48.174423 5.220174 -2.108483
v 46.553162 3.360294 -2.108483
v 44.590679 2.144852 -2.108483
v 42.720680 1.445449 -2.108483
v 41.326664 1.144789 -2.108483
v 40.254181 1.063129 -2.108483
v 39.304638 1.033443 -2.108483
v 38.621838 1.014599 -2.108483
v 38.505592 21.614311 -2.272797
v 38.966839 21.613693 -2.274001
v 44.828117 21.619513 -2.218174
v 46.110123 21.061306 -1.967697
v 46.207504 21.056734 -1.721305
v 46.249512 21.015591 -1.792831
v 46.513107 21.582659 -1.179561
v 46.474609 21.002443 -1.316691
v 46.459118 20.958069 -1.530937
v 45.641663 21.194237 -2.098361
v 46.751400 20.822790 -2.092532
v 46.734413 20.832216 -1.764765
v 46.692123 20.879293 -1.303834
v 39.172665 21.627672 -1.754707
v 38.644630 21.623850 -1.725713
v 43.696495 21.633526 -1.946899
v 43.892685 21.638498 -1.702504
v 46.755898 20.896296 -0.898883
v 46.645027 21.001358 -0.814411
v 46.589237 20.988285 -1.080857
v 46.648514 21.582874 -0.734780
v 46.469833 21.625351 -0.649941
v 46.182579 21.633318 -0.787454
v 46.270241 21.633316 -0.376254
v 46.519390 21.625357 -0.299492
v 45.899467 21.638630 -0.903127
v 46.027092 21.638634 -0.444063
v 46.591621 21.582865 -0.960985
v 39.325272 1.613943 -2.296076
v 42.834381 21.225166 -0.780942
v 43.930374 21.162781 -0.756650
v 43.930374 21.172413 -0.956745
v 43.034645 21.232292 -0.996373
v 45.026375 21.225166 -0.780942
v 44.826111 21.232294 -0.996373
v 44.560898 21.266754 -1.107063
v 43.930374 21.239416 -1.095886
v 43.299850 21.266758 -1.107063
v 42.730686 21.225174 -0.406445
v 43.930374 21.162781 -0.396133
v 45.130066 21.225168 -0.406445
v 38.349266 1.095387 -2.108483
v 44.886772 21.630325 -1.519202
v 45.460487 21.630358 -1.298240
v 45.651913 21.638565 -1.278799
v 44.805344 21.557886 -1.413123
v 45.380970 21.557886 -1.232304
v 45.702972 21.557886 -0.914112
v 45.762508 21.630365 -0.942449
v 45.915226 21.630363 -0.470653
v 45.865082 21.557888 -0.461892
v 42.063717 21.630365 -0.931478
v 42.398460 21.630354 -1.268156
v 42.163559 21.557886 -0.910499
v 42.497101 21.557886 -1.222370
v 43.084267 21.557886 -1.402286
v 43.014275 21.630322 -1.485700
v 41.897209 21.630363 -0.469183
v 41.996395 21.557888 -0.461441
v 43.964005 21.630346 -1.576954
v 43.946968 21.557886 -1.466925
v 44.725529 21.396917 -1.243808
v 45.257217 21.392874 -1.108529
v 45.561424 21.391525 -0.846172
v 45.715042 21.391527 -0.433999
v 42.300049 21.391525 -0.845721
v 42.605701 21.392874 -1.107287
v 43.138836 21.396919 -1.242453
v 42.145802 21.391527 -0.433943
v 43.932449 21.394228 -1.281544
v 38.593655 1.099374 -2.272627
v 38.315178 1.181800 -2.272627
v 47.762993 19.947149 -2.272665
v 48.197960 19.260715 -2.272626
v 47.447693 20.313972 -2.272934
v 46.027405 21.633200 -1.148925
v 46.379524 21.625301 -0.976887
v 47.110870 20.577646 -2.269906
v 46.704323 20.794033 -2.244987
v 48.811211 17.967684 -2.272626
v 49.238052 15.659431 -2.272626
v 49.302979 12.053747 -2.272626
v 49.068604 8.123535 -2.272626
v 48.139267 5.230628 -2.272627
v 46.529488 3.383116 -2.272626
v 44.584538 2.179553 -2.272627
v 42.727791 1.490654 -2.272627
v 41.335541 1.197216 -2.272627
v 40.254467 1.123685 -2.272627
v 39.289974 1.106603 -2.272627
v 46.384109 20.969267 -2.036313
v 46.227821 20.974844 -2.187095
v 45.810143 21.111959 -2.128505
v 46.441311 20.949856 -1.800557
vt 0.000000 0.000000
vt 0.000000 0.000000
vt 0.000000 0.000000
vt 0.000000 0.000000
vt 0.000000 0.000000
vt 0.000000 0.000000
vt 0.000000 0.000000
vt 0.000000 0.000000
vt 0.000000 0.000000
vt 0.000000 0.000000
vt 0.000000 0.000000
vt 0.000000 0.000000
vt 0.000000 0.000000
vt 0.000000 0.000000
vt 0.000000 0.000000
vt 0.000000 0.000000
vt 0.000000 0.000000
vt 0.000000 0.000000
vt 0.000000 0.000000
vt 0.000000 0.000000
vt 0.000000 0.000000
vt 0.000000 0.000000
vt 0.000000 0.000000
vt 0.000000 0.000000
vt 0.000000 0.000000
vt 0.000000 0.000000
vt 0.000000 0.000000
vt 0.000000 0.000000
vt 0.000000 0.000000
vt 0.000000 0.000000
vt 0.000000 0.000000
vt 0.000000 0.000000
vt 0.000000 0.000000
vt 0.000000 0.000000
vt 0.000000 0.000000
vt 0.000000 0.000000
vt 0.000000 0.000000
vt 0.000000 0.000000
vt 0.000000 0.000000
vt 0.000000 0.000000
vt 0.000000 0.000000
vt 0.000000 0.000000
vt 0.000000 0.000000
vt 0.000000 0.000000
vt 0.000000 0.000000
vt 0.000000 0.000000
vt 0.000000 0.000000
vt 0.000000 0.000000
vt 0.000000 0.000000
vt 0.000000 0.000000
vt 0.000000 0.000000
vt 0.000000 0.000000
vt 0.000000 0.000000
vt 0.000000 0.000000
vt 0.000000 0.000000
vt 0.000000 0.000000
vt 0.000000 0.000000
vt 0.000000 0.000000
vt 0.000000 0.000000
vt 0.000000 0.000000
vt 0.000000 0.000000
vt 0.000000 0.000000
vt 0.000000 0.000000
vt 0.000000 0.000000
vt 0.000000 0.000000
vt 0.000000 0.000000
vt 0.000000 0.000000
vt 0.000000 0.000000
vt 0.000000 0.000000
vt 0.000000 0.000000
vt 0.000000 0.000000
vt 0.000000 0.000000
vt 0.000000 0.000000
vt 0.000000 0.000000
vt 0.000000 0.000000
vt 0.000000 0.000000
vt 0.000000 0.000000
vt 0.000000 0.000000
vt 0.000000 0.000000
vt 0.000000 0.000000
vt 0.000000 0.000000
vt 0.000000 0.000000
vt 0.000000 0.000000
vt 0.000000 0.000000
vt 0.000000 0.000000
vt 0.000000 0.000000
vt 0.000000 0.000000
vt 0.000000 0.000000
vt 0.000000 0.000000
vt 0.000000 0.000000
vt 0.000000 0.000000
vt 0.000000 0.000000
vt 0.000000 0.000000
vt 0.000000 0.000000
vt 0.000000 0.000000
vt 0.000000 0.000000
vt 0.000000 0.000000
vt 0.000000 0.000000
vt 0.000000 0.000000
vt 0.000000 0.000000
vt 0.000000 0.000000
vt 0.000000 0.000000
vt 0.000000 0.000000
vt 0.000000 0.000000
vt 0.000000 0.000000
vt 0.000000 0.000000
vt 0.000000 0.000000
vt 0.000000 0.000000
vt 0.000000 0.000000
vt 0.000000 0.000000
vt 0.000000 0.000000
vt 0.000000 0.000000
vt 0.000000 0.000000
vt 0.000000 0.000000
vt 0.000000 0.000000
vt 0.000000 0.000000
vt 0.000000 0.000000
vt 0.000000 0.000000
vt 0.000000 0.000000
vt 0.000000 0.000000
vt 0.000000 0.000000
vt 0.000000 0.000000
vt 0.000000 0.000000
vt 0.000000 0.000000
vt 0.000000 0.000000
vt 0.000000 0.000000
vt 0.000000 0.000000
vt 0.000000 0.000000
vt 0.000000 0.000000
vt 0.000000 0.000000
vt 0.000000 0.000000
vt 0.000000 0.000000
vt 0.000000 0.000000
vt 0.000000 0.000000
vt 0.000000 0.000000
vt 0.000000 0.000000
vt 0.000000 0.000000
vt 0.000000 0.000000
vt 0.000000 0.000000
vt 0.000000 0.000000
vt 0.000000 0.000000
vt 0.000000 0.000000
vt 0.000000 0.000000
vt 0.000000 0.000000
vt 0.000000 0.000000
vt 0.000000 0.000000
vt 0.000000 0.000000
vt 0.000000 0.000000
vt 0.000000 0.000000
vt 0.000000 0.000000
vt 0.000000 0.000000
vt 0.000000 0.000000
vt 0.000000 0.000000
vt 0.000000 0.000000
vt 0.000000 0.000000
vt 0.000000 0.000000
vt 0.000000 0.000000
vt 0.000000 0.000000
vt 0.000000 0.000000
vt 0.000000 0.000000
vt 0.000000 0.000000
vt 0.000000 0.000000
vt 0.000000 0.000000
vt 0.000000 0.000000
vt 0.000000 0.000000
vt 0.000000 0.000000
vt 0.000000 0.000000
vt 0.000000 0.000000
vt 0.000000 0.000000
vt 0.000000 0.000000
vt 0.000000 0.000000
vt 0.000000 0.000000
vt 0.000000 0.000000
vt 0.000000 0.000000
vt 0.000000 0.000000
vt 0.000000 0.000000
vt 0.000000 0.000000
vt 0.000000 0.000000
vt 0.000000 0.000000
vt 0.000000 0.000000
vt 0.000000 0.000000
vt 0.000000 0.000000
vt 0.000000 0.000000
vt 0.000000 0.000000
vt 0.000000 0.000000
vt 0.000000 0.000000
vt 0.000000 0.000000
vt 0.000000 0.000000
vt 0.000000 0.000000
vt 0.000000 0.000000
vt 0.000000 0.000000
vt 0.000000 0.000000
vt 0.000000 0.000000
vt 0.000000 0.000000
vt 0.000000 0.000000
vt 0.000000 0.000000
vt 0.000000 0.000000
vt 0.000000 0.000000
vt 0.000000 0.000000
vt 0.000000 0.000000
vt 0.000000 0.000000
vt 0.000000 0.000000
vt 0.000000 0.000000
vt 0.000000 0.000000
vt 0.000000 0.000000
vt 0.000000 0.000000
vt 0.000000 0.000000
vt 0.000000 0.000000
vt 0.000000 0.000000
vt 0.000000 0.000000
vt 0.000000 0.000000
vt 0.000000 0.000000
vt 0.000000 0.000000
vt 0.000000 0.000000
vt 0.000000 0.000000
vt 0.000000 0.000000
vt 0.000000 0.000000
vt 0.000000 0.000000
vt 0.000000 0.000000
vt 0.000000 0.000000
vt 0.000000 0.000000
vt 0.000000 0.000000
vt 0.000000 0.000000
vt 0.000000 0.000000
vt 0.000000 0.000000
vt 0.000000 0.000000
vt 0.000000 0.000000
vt 0.000000 0.000000
vt 0.000000 0.000000
vt 0.000000 0.000000
vt 0.000000 0.000000
vt 0.000000 0.000000
vt 0.000000 0.000000
vt 0.000000 0.000000
vt 0.000000 0.000000
vt 0.000000 0.000000
vt 0.000000 0.000000
vt 0.000000 0.000000
vt 0.000000 0.000000
vt 0.000000 0.000000
vt 0.000000 0.000000
vt 0.000000 0.000000
vt 0.000000 0.000000
vt 0.000000 0.000000
vt 0.000000 0.000000
vt 0.000000 0.000000
vt 0.000000 0.000000
vt 0.000000 0.000000
vt 0.000000 0.000000
vt 0.000000 0.000000
vt 0.000000 0.000000
vt 0.000000 0.000000
vt 0.000000 0.000000
vt 0.000000 0.000000
vt 0.000000 0.000000
vt 0.000000 0.000000
vt 0.000000 0.000000
vt 0.000000 0.000000
vt 0.000000 0.000000
vt 0.000000 0.000000
vt 0.000000 0.000000
vt 0.000000 0.000000
vt 0.000000 0.000000
vt 0.000000 0.000000
vt 0.000000 0.000000
vt 0.000000 0.000000
vt 0.000000 0.000000
vt 0.000000 0.000000
vt 0.000000 0.000000
vt 0.000000 0.000000
vt 0.000000 0.000000
vt 0.000000 0.000000
vt 0.000000 0.000000
vt 0.000000 0.000000
vt 0.000000 0.000000
vt 0.000000 0.000000
vt 0.000000 0.000000
vt 0.000000 0.000000
vt 0.000000 0.000000
vt 0.000000 0.000000
vt 0.000000 0.000000
vt 0.000000 0.000000
vt 0.000000 0.000000
vt 0.000000 0.000000
vt 0.000000 0.000000
vt 0.000000 0.000000
vt 0.000000 0.000000
vt 0.000000 0.000000
vt 0.000000 0.000000
vt 0.000000 0.000000
vt 0.000000 0.000000
vt 0.000000 0.000000
vt 0.000000 0.000000
vt 0.000000 0.000000
vt 0.000000 0.000000
vt 0.000000 0.000000
vt 0.000000 0.000000
vt 0.000000 0.000000
vt 0.000000 0.000000
vt 0.000000 0.000000
vt 0.000000 0.000000
vt 0.000000 0.000000
vt 0.000000 0.000000
vt 0.000000 0.000000
vt 0.000000 0.000000
vt 0.000000 0.000000
vt 0.000000 0.000000
vt 0.000000 0.000000
vt 0.000000 0.000000
vt 0.000000 0.000000
vt 0.000000 0.000000
vt 0.000000 0.000000
vt 0.000000 0.000000
vt 0.000000 0.000000
vt 0.000000 0.000000
vt 0.000000 0.000000
vt 0.000000 0.000000
vt 0.000000 0.000000
vt 0.000000 0.000000
vt 0.000000 0.000000
vt 0.000000 0.000000
vt 0.000000 0.000000
vt 0.000000 0.000000
vt 0.000000 0.000000
vt 0.000000 0.000000
vt 0.000000 0.000000
vt 0.000000 0.000000
vt 0.000000 0.000000
vt 0.000000 0.000000
vt 0.000000 0.000000
vt 0.000000 0.000000
vt 0.000000 0.000000
vt 0.000000 0.000000
vt 0.000000 0.000000
vt 0.000000 0.000000
vt 0.000000 0.000000
vt 0.000000 0.000000
vt 0.000000 0.000000
vt 0.000000 0.000000
vt 0.000000 0.000000
vt 0.000000 0.000000
vt 0.000000 0.000000
vt 0.000000 0.000000
vt 0.000000 0.000000
vt 0.000000 0.000000
vt 0.000000 0.000000
vt 0.000000 0.000000
vt 0.000000 0.000000
vt 0.000000 0.000000
vt 0.000000 0.000000
vt 0.000000 0.000000
vt 0.000000 0.000000
vt 0.000000 0.000000
vt 0.000000 0.000000
vt 0.000000 0.000000
vt 0.000000 0.000000
vt 0.000000 0.000000
vt 0.000000 0.000000
vt 0.000000 0.000000
vt 0.000000 0.000000
vt 0.000000 0.000000
vt 0.000000 0.000000
vt 0.000000 0.000000
vt 0.000000 0.000000
vt 0.000000 0.000000
vt 0.000000 0.000000
vt 0.000000 0.000000
vt 0.000000 0.000000
vt 0.000000 0.000000
vt 0.000000 0.000000
vt 0.000000 0.000000
vt 0.000000 0.000000
vt 0.000000 0.000000
vt 0.000000 0.000000
vt 0.000000 0.000000
vt 0.000000 0.000000
vt 0.000000 0.000000
vt 0.000000 0.000000
vt 0.000000 0.000000
vt 0.000000 0.000000
vt 0.000000 0.000000
vt 0.000000 0.000000
vt 0.000000 0.000000
vt 0.000000 0.000000
vt 0.000000 0.000000
vt 0.000000 0.000000
vt 0.000000 0.000000
vt 0.000000 0.000000
vt 0.000000 0.000000
vt 0.000000 0.000000
vt 0.000000 0.000000
vt 0.000000 0.000000
vt 0.000000 0.000000
vt 0.000000 0.000000
vt 0.000000 0.000000
vt 0.000000 0.000000
vt 0.000000 0.000000
vt 0.000000 0.000000
vt 0.000000 0.000000
vt 0.000000 0.000000
vt 0.000000 0.000000
vn -0.0107 -0.0100 0.9999
vn -0.0127 -0.0086 0.9999
vn 0.0307 0.0216 0.9993
vn 0.0245 0.0271 0.9993
vn 0.0348 -0.0012 0.9994
vn -0.0148 0.0003 0.9999
vn -0.0153 0.0032 0.9999
vn 0.0391 -0.0086 0.9992
vn 0.0617 0.0542 0.9966
vn 0.0064 0.0089 0.9999
vn -0.0121 0.0129 0.9998
vn 0.0301 0.1783 0.9835
vn 0.0013 0.0069 1.0000
vn 0.0035 0.0165 0.9999
vn -0.0004 -0.0082 1.0000
vn 0.0007 -0.0088 1.0000
vn 0.0301 -0.0364 0.9989
vn -0.0112 0.0139 0.9998
vn -0.0068 0.0152 0.9999
vn 0.0204 -0.0386 0.9990
vn 0.0321 0.0171 0.9993
vn -0.0143 -0.0059 0.9999
vn -0.0145 -0.0029 0.9999
vn 0.0346 0.0101 0.9994
vn 0.0391 -0.0245 0.9989
vn -0.0145 0.0088 0.9999
vn 0.0115 -0.0349 0.9993
vn -0.0028 0.0137 0.9999
vn 0.0001 0.0114 0.9999
vn 0.0049 -0.0294 0.9996
vn 0.0341 0.0027 0.9994
vn -0.0144 -0.0009 0.9999
vn 0.0151 0.0127 0.9998
vn 0.0101 -0.0067 0.9999
vn 0.0029 0.0071 1.0000
vn 0.0028 0.0070 1.0000
vn -0.0034 -0.0121 0.9999
vn -0.0027 -0.0183 0.9998
vn 0.0016 0.0070 1.0000
vn 0.0033 -0.0124 0.9999
vn 0.0025 0.0965 0.9953
vn -0.0147 0.0010 0.9999
vn -0.0122 -0.0073 0.9999
vn 0.0120 0.0449 0.9989
vn 0.0020 0.0095 1.0000
vn 0.0013 -0.0237 0.9997
vn 0.1056 0.0415 0.9935
vn 0.0219 0.0296 0.9993
vn -0.0053 0.9999 -0.0126
vn 0.0060 0.9994 0.0329
vn 0.0261 0.9989 0.0393
vn 0.0188 0.9997 0.0180
vn 0.0206 0.9986 0.0494
vn 0.0740 0.9943 0.0771
vn 0.1450 0.9841 0.1028
vn 0.0004 0.0264 0.9997
vn 0.1141 0.9920 0.0533
vn 0.0049 1.0000 0.0011
vn 0.0051 1.0000 0.0024
vn -0.0036 1.0000 -0.0039
vn 0.0013 0.0069 -1.0000
vn 0.0005 0.0067 -1.0000
vn 0.0028 -0.0108 -0.9999
vn 0.0007 -0.0088 -1.0000
vn -0.5801 -0.8145 0.0000
vn -0.4433 -0.8964 0.0000
vn 0.7855 0.6139 -0.0784
vn 0.6956 0.7173 -0.0415
vn 0.5938 0.8034 -0.0434
vn 0.5488 0.8289 -0.1084
vn 0.5573 0.8303 0.0073
vn 0.6453 0.7631 0.0361
vn 0.6639 0.7478 -0.0000
vn 0.6251 0.7805 -0.0000
vn 0.6262 0.7786 0.0401
vn 0.6153 0.7844 0.0782
vn 0.6234 0.7773 0.0845
vn 0.9424 0.3124 -0.1194
vn 0.9424 0.3124 0.1194
vn 0.9868 0.1029 0.1254
vn 0.9868 0.1029 -0.1254
vn 0.5400 0.1374 0.8303
vn 0.6025 0.1164 0.7896
vn 0.7685 0.0905 0.6335
vn 0.3410 0.9221 0.1829
vn 0.3934 0.9141 0.0983
vn 0.4685 0.8636 0.1864
vn 0.3772 0.8872 0.2657
vn -0.0022 0.9993 -0.0377
vn -0.0022 0.9995 -0.0317
vn -0.0025 0.9998 -0.0197
vn -0.0021 0.9997 -0.0257
vn 0.4319 0.8918 0.1349
vn 0.4913 0.8476 0.2007
vn 0.8917 0.0531 0.4495
vn 0.7821 0.0656 0.6197
vn 0.8825 0.0531 0.4674
vn 0.2875 0.4003 0.8701
vn 0.3131 0.0829 0.9461
vn 0.6956 0.7172 0.0415
vn 0.7855 0.6139 0.0784
vn 0.5938 0.8034 0.0434
vn 0.5573 0.8303 -0.0073
vn 0.5128 0.8518 0.1070
vn 0.4446 0.8955 0.0192
vn 0.5488 0.8289 0.1084
vn 0.4170 0.8979 0.1411
vn -0.0042 0.9999 0.0134
vn -0.0052 1.0000 0.0006
vn -0.0079 1.0000 -0.0006
vn -0.0055 0.9999 0.0112
vn -0.0006 0.9991 0.0428
vn 0.0001 0.9995 0.0308
vn -0.0021 0.9997 0.0257
vn -0.0022 0.9993 0.0377
vn 0.0015 0.9998 -0.0196
vn 0.0043 1.0000 -0.0055
vn -0.0032 0.9997 0.0242
vn -0.0039 0.9998 0.0208
vn 0.6445 0.7607 0.0772
vn 0.6224 0.7737 0.1188
vn 0.5965 0.7945 0.1136
vn 0.9960 -0.0265 0.0858
vn 0.9864 0.0102 0.1640
vn 0.9843 0.0146 0.1757
vn 0.9957 -0.0242 0.0895
vn 0.5640 0.8105 0.1580
vn -0.0020 0.0255 0.9997
vn 0.0005 0.0067 1.0000
vn 0.9538 0.0421 0.2975
vn 0.9471 0.0445 0.3178
vn 0.1258 0.9917 0.0254
vn 0.1301 0.9914 0.0113
vn 0.0276 0.9996 0.0037
vn 0.0264 0.9996 0.0084
vn 0.1318 0.9913 0.0000
vn 0.0280 0.9996 0.0000
vn -0.0246 0.9997 0.0000
vn -0.0233 0.9997 -0.0034
vn -0.0194 0.9998 -0.0068
vn 0.5940 0.7988 -0.0950
vn 0.5940 0.7988 0.0950
vn -0.0036 1.0000 0.0039
vn 0.0053 1.0000 -0.0039
vn 0.0051 1.0000 -0.0024
vn 0.8668 0.4879 0.1029
vn 0.8668 0.4879 -0.1029
vn 0.0029 0.0079 1.0000
vn 0.0006 -0.0194 0.9998
vn 0.1789 0.9746 -0.1346
vn 0.1298 0.9299 -0.3440
vn 0.0000 0.9714 -0.2373
vn 0.0000 0.9993 -0.0377
vn 0.0563 0.8380 -0.5428
vn 0.0002 0.8444 -0.5357
vn -0.0557 0.8389 -0.5414
vn -0.1293 0.9308 -0.3420
vn -0.1786 0.9748 -0.1338
vn 0.0000 1.0000 -0.0046
vn 0.1715 0.9846 -0.0332
vn -0.1714 0.9846 -0.0331
vn -0.1660 0.9861 -0.0000
vn 0.0000 1.0000 -0.0000
vn 0.1660 0.9861 -0.0000
vn -0.0079 1.0000 0.0006
vn -0.0052 1.0000 -0.0006
vn 0.0049 1.0000 -0.0011
vn 0.0045 1.0000 -0.0000
vn 0.5251 0.8510 -0.0000
vn 0.3499 0.9368 -0.0000
vn -0.0022 0.9995 0.0317
vn -0.0025 0.9998 0.0197
vn 0.0051 0.9990 0.0449
vn 0.0053 1.0000 0.0039
vn 0.0043 1.0000 0.0055
vn 0.0019 0.0284 0.9996
vn 0.0059 0.0312 0.9995
vn 0.0016 0.0070 -1.0000
vn 0.0033 -0.0124 -0.9999
vn -0.0898 -0.9960 0.0000
vn -0.2646 -0.9643 0.0000
vn 0.0391 -0.0086 -0.9992
vn -0.0153 0.0032 -0.9999
vn -0.0148 0.0003 -0.9999
vn 0.0348 -0.0012 -0.9994
vn -0.0139 0.9999 -0.0097
vn -0.1808 0.9520 -0.2472
vn -0.0661 0.9554 -0.2876
vn -0.3339 0.9234 -0.1896
vn -0.6096 0.6999 -0.3723
vn -0.3360 0.7688 -0.5441
vn -0.1067 0.7901 -0.6037
vn -0.0737 0.9972 -0.0159
vn -0.0766 0.9971 0.0000
vn -0.7853 0.5976 -0.1617
vn -0.8239 0.5668 -0.0000
vn -0.7836 0.6212 -0.0000
vn -0.7531 0.6378 -0.1614
vn 0.1706 0.9548 -0.2436
vn 0.2436 0.9590 -0.1449
vn 0.0746 0.9432 -0.3238
vn 0.1154 0.7563 -0.6440
vn 0.3222 0.7428 -0.5868
vn 0.5443 0.7512 -0.3733
vn 0.2891 0.9553 -0.0620
vn 0.3026 0.9531 -0.0000
vn 0.6449 0.7499 -0.1477
vn 0.6630 0.7486 -0.0000
vn 0.0017 0.9491 -0.3151
vn 0.0066 0.7825 -0.6226
vn -0.2887 0.8110 -0.5088
vn -0.1063 0.7594 -0.6419
vn -0.4652 0.8311 -0.3047
vn -0.5289 0.8410 -0.1140
vn -0.5342 0.8454 -0.0000
vn 0.2955 0.7966 -0.5274
vn 0.4711 0.8233 -0.3167
vn 0.1118 0.7473 -0.6550
vn 0.5311 0.8392 -0.1166
vn 0.5346 0.8451 -0.0000
vn 0.0023 0.7461 -0.6659
vn -0.2594 -0.8756 0.4074
vn -0.2767 -0.9338 0.2268
vn -0.1197 -0.9694 0.2144
vn -0.1404 -0.8949 0.4236
vn -0.0122 -0.0390 0.9992
vn -0.0068 -0.0410 0.9991
vn 0.0740 0.0412 0.9964
vn 0.0671 0.0508 0.9965
vn 0.8563 0.4727 0.2082
vn 0.7920 0.5833 0.1803
vn 0.6869 0.7020 0.1881
vn 0.0534 0.0615 0.9967
vn 0.1197 0.9920 0.0401
vn 0.0236 0.9996 0.0139
vn 0.0330 0.0925 0.9952
vn 0.5375 0.8095 0.2362
vn 0.3774 0.8841 0.2757
vn 0.0188 0.1694 0.9854
vn 0.0779 0.0090 0.9969
vn 0.0759 0.0263 0.9968
vn 0.9637 0.0928 0.2505
vn 0.9248 0.2948 0.2407
vn 0.0849 -0.0143 0.9963
vn 0.0807 -0.0010 0.9967
vn 0.9559 -0.1840 0.2289
vn 0.9768 -0.1809 0.1145
vn 0.9923 -0.0198 0.1223
vn 0.9698 -0.0225 0.2428
vn 0.0657 -0.0760 0.9949
vn 0.0822 -0.0439 0.9956
vn 0.6332 -0.7484 0.1975
vn 0.6449 -0.7579 0.0984
vn 0.8674 -0.4863 0.1055
vn 0.8479 -0.4859 0.2121
vn 0.0195 -0.0750 0.9970
vn 0.0397 -0.0848 0.9956
vn 0.2764 -0.9294 0.2448
vn 0.2760 -0.9531 0.1244
vn 0.4363 -0.8937 0.1043
vn 0.4337 -0.8768 0.2077
vn 0.0004 -0.0545 0.9985
vn 0.0069 -0.0639 0.9979
vn 0.0456 -0.9355 0.3504
vn 0.0501 -0.9828 0.1779
vn 0.1388 -0.9789 0.1502
vn 0.1386 -0.9451 0.2958
vn -0.0017 -0.0463 0.9989
vn 0.0252 -0.9780 0.2072
vn 0.0197 -0.9127 0.4082
vn 0.2326 0.7105 0.6641
vn 0.2825 0.9284 0.2413
vn 0.3244 0.9356 0.1389
vn 0.0435 0.2886 0.9565
vn 0.3487 0.9368 0.0293
vn 0.2245 0.9745 -0.0000
vn 0.2223 0.9749 0.0137
vn 0.9985 -0.0540 -0.0000
vn 0.9980 -0.0482 0.0407
vn 0.9980 -0.0478 0.0420
vn 0.2160 0.9759 0.0309
vn 0.1999 0.9771 0.0730
vn 0.2015 0.9744 0.0996
vn 0.2606 0.9477 0.1843
vn 0.2079 0.9768 0.0518
vn 0.6462 0.7632 -0.0000
vn 0.6469 0.7617 0.0357
vn 0.0028 -0.0108 0.9999
vn 0.9980 -0.0478 -0.0420
vn 0.9957 -0.0242 -0.0895
vn 0.9960 -0.0265 -0.0858
vn 0.9980 -0.0482 -0.0407
vn 0.0391 -0.0245 -0.9989
vn -0.0145 0.0088 -0.9999
vn -0.0004 -0.0082 -1.0000
vn 0.0035 0.0165 -0.9999
vn 0.0307 0.0216 -0.9993
vn -0.0127 -0.0086 -0.9999
vn -0.0107 -0.0100 -0.9999
vn 0.0245 0.0271 -0.9993
vn 0.0301 0.1783 -0.9835
vn -0.0121 0.0129 -0.9998
vn 0.0064 0.0089 -0.9999
vn 0.0617 0.0542 -0.9966
vn 0.0301 -0.0364 -0.9989
vn -0.0112 0.0139 -0.9998
vn 0.0204 -0.0386 -0.9990
vn -0.0068 0.0152 -0.9999
vn 0.0321 0.0171 -0.9993
vn -0.0143 -0.0059 -0.9999
vn 0.0346 0.0101 -0.9994
vn -0.0145 -0.0029 -0.9999
vn 0.0115 -0.0349 -0.9993
vn -0.0028 0.0137 -0.9999
vn 0.0049 -0.0294 -0.9996
vn 0.0001 0.0114 -0.9999
vn 0.0341 0.0027 -0.9994
vn -0.0144 -0.0009 -0.9999
vn 0.0151 0.0127 -0.9998
vn 0.0101 -0.0067 -0.9999
vn 0.0013 -0.0237 -0.9997
vn 0.0020 0.0095 -1.0000
vn -0.0034 -0.0121 -0.9999
vn 0.0028 0.0070 -1.0000
vn 0.0029 0.0071 -1.0000
vn -0.0027 -0.0183 -0.9998
vn 0.0025 0.0965 -0.9953
vn -0.0147 0.0010 -0.9999
vn 0.5400 0.1374 -0.8303
vn 0.7685 0.0905 -0.6335
vn 0.6025 0.1164 -0.7896
vn -0.0053 0.9999 0.0126
vn 0.0188 0.9997 -0.0180
vn 0.0261 0.9989 -0.0393
vn 0.0060 0.9994 -0.0329
vn 0.1141 0.9920 -0.0533
vn 0.1450 0.9841 -0.1028
vn 0.0004 0.0264 -0.9997
vn 0.0219 0.0296 -0.9993
vn 0.0740 0.9943 -0.0771
vn 0.0206 0.9986 -0.0494
vn 0.0120 0.0449 -0.9989
vn -0.0122 -0.0073 -0.9999
vn 0.6154 0.7844 -0.0782
vn 0.6234 0.7773 -0.0845
vn 0.6262 0.7786 -0.0401
vn 0.6453 0.7631 -0.0361
vn -0.9845 0.1754 0.0000
vn -0.8751 0.4839 0.0000
vn 0.9923 -0.0198 -0.1223
vn 0.9768 -0.1809 -0.1145
vn -0.6242 0.7812 0.0000
vn -0.3238 0.9461 0.0000
vn 0.8674 -0.4863 -0.1055
vn 0.6449 -0.7579 -0.0984
vn -0.0783 0.9969 0.0000
vn 0.1260 0.9920 0.0000
vn 0.4129 -0.9108 0.0000
vn 0.4144 -0.9101 0.0000
vn 0.4363 -0.8937 -0.1043
vn 0.2760 -0.9531 -0.1244
vn 0.2608 -0.9654 0.0000
vn 0.5051 0.8631 0.0000
vn 0.4211 0.9070 0.0000
vn 0.0738 -0.9973 0.0000
vn 0.1388 -0.9789 -0.1502
vn 0.0501 -0.9828 -0.1779
vn -0.6805 -0.7328 0.0000
vn -0.8216 -0.5700 -0.0000
vn 0.0252 -0.9780 -0.2072
vn -0.1197 -0.9694 -0.2144
vn 0.0059 0.0312 -0.9995
vn 0.0019 0.0284 -0.9996
vn 0.1056 0.0415 -0.9935
vn -0.9431 -0.3324 -0.0000
vn -0.9895 -0.1446 -0.0000
vn 0.3410 0.9221 -0.1829
vn 0.3772 0.8872 -0.2657
vn 0.4685 0.8636 -0.1864
vn 0.3934 0.9141 -0.0983
vn 0.7821 0.0656 -0.6197
vn 0.8917 0.0531 -0.4496
vn 0.8825 0.0531 -0.4674
vn 0.4913 0.8476 -0.2007
vn 0.4319 0.8918 -0.1349
vn -0.9989 -0.0469 -0.0000
vn -1.0000 0.0096 0.0000
vn 0.2875 0.4003 -0.8701
vn 0.3131 0.0829 -0.9461
vn 0.4170 0.8979 -0.1411
vn 0.4446 0.8955 -0.0192
vn 0.5128 0.8518 -0.1070
vn -0.0042 0.9999 -0.0134
vn -0.0055 0.9999 -0.0112
vn -0.0006 0.9991 -0.0428
vn 0.0001 0.9995 -0.0308
vn -0.0032 0.9997 -0.0242
vn -0.0039 0.9998 -0.0208
vn 0.0015 0.9998 0.0196
vn 0.5965 0.7945 -0.1136
vn 0.6223 0.7737 -0.1188
vn 0.6445 0.7607 -0.0772
vn 0.5640 0.8105 -0.1580
vn 0.9843 0.0146 -0.1757
vn 0.9864 0.0102 -0.1640
vn 0.1258 0.9917 -0.0254
vn 0.0264 0.9996 -0.0084
vn 0.0276 0.9996 -0.0037
vn 0.1301 0.9914 -0.0113
vn -0.0194 0.9998 0.0068
vn -0.0233 0.9997 0.0034
vn 0.9538 0.0421 -0.2975
vn 0.9471 0.0445 -0.3178
vn 0.0006 -0.0194 -0.9998
vn 0.0029 0.0079 -1.0000
vn 0.1789 0.9746 0.1346
vn 0.0000 0.9993 0.0377
vn 0.0000 0.9714 0.2373
vn 0.1298 0.9299 0.3441
vn -0.1786 0.9748 0.1339
vn -0.1293 0.9308 0.3420
vn -0.0557 0.8389 0.5414
vn 0.0002 0.8444 0.5357
vn 0.0563 0.8380 0.5428
vn 0.1715 0.9846 0.0332
vn 0.0000 1.0000 0.0046
vn -0.1714 0.9846 0.0331
vn 0.0051 0.9990 -0.0449
vn -0.0020 0.0255 -0.9997
vn 0.3568 -0.9342 0.0000
vn -0.2767 -0.9338 -0.2268
vn -0.0661 0.9555 0.2876
vn -0.1809 0.9519 0.2472
vn -0.0139 0.9999 0.0097
vn -0.1067 0.7901 0.6037
vn -0.3360 0.7688 0.5441
vn -0.6096 0.6999 0.3723
vn -0.3339 0.9233 0.1896
vn -0.0737 0.9972 0.0159
vn -0.7531 0.6378 0.1614
vn -0.7853 0.5976 0.1617
vn 0.2436 0.9590 0.1449
vn 0.1706 0.9548 0.2436
vn 0.5443 0.7512 0.3733
vn 0.3222 0.7429 0.5868
vn 0.1154 0.7563 0.6440
vn 0.0746 0.9432 0.3238
vn 0.2891 0.9553 0.0620
vn 0.6448 0.7499 0.1477
vn 0.0017 0.9491 0.3151
vn 0.0066 0.7825 0.6226
vn -0.1063 0.7594 0.6419
vn -0.2887 0.8110 0.5088
vn -0.4652 0.8311 0.3047
vn -0.5289 0.8410 0.1140
vn 0.4711 0.8233 0.3167
vn 0.2955 0.7966 0.5274
vn 0.1118 0.7473 0.6550
vn 0.5311 0.8392 0.1166
vn 0.0023 0.7461 0.6659
vn -0.0068 -0.0410 -0.9991
vn -0.0122 -0.0390 -0.9992
vn -0.2594 -0.8756 -0.4074
vn -0.1404 -0.8949 -0.4236
vn 0.0671 0.0508 -0.9965
vn 0.0740 0.0412 -0.9964
vn 0.0534 0.0615 -0.9967
vn 0.7920 0.5833 -0.1803
vn 0.6869 0.7020 -0.1881
vn 0.8563 0.4726 -0.2082
vn 0.0236 0.9996 -0.0139
vn 0.1197 0.9920 -0.0401
vn 0.0330 0.0925 -0.9952
vn 0.0188 0.1694 -0.9854
vn 0.5375 0.8095 -0.2362
vn 0.3774 0.8841 -0.2758
vn 0.0759 0.0263 -0.9968
vn 0.0779 0.0090 -0.9969
vn 0.9248 0.2948 -0.2407
vn 0.9637 0.0928 -0.2505
vn 0.0807 -0.0010 -0.9967
vn 0.0849 -0.0143 -0.9963
vn 0.9698 -0.0225 -0.2428
vn 0.9559 -0.1840 -0.2289
vn 0.0822 -0.0439 -0.9956
vn 0.0657 -0.0760 -0.9949
vn 0.8479 -0.4859 -0.2120
vn 0.6332 -0.7484 -0.1975
vn 0.0397 -0.0848 -0.9956
vn 0.0195 -0.0750 -0.9970
vn 0.4337 -0.8768 -0.2077
vn 0.2764 -0.9294 -0.2448
vn 0.0069 -0.0639 -0.9979
vn 0.0004 -0.0545 -0.9985
vn 0.1386 -0.9451 -0.2958
vn 0.0456 -0.9355 -0.3504
vn -0.0017 -0.0463 -0.9989
vn 0.0197 -0.9127 -0.4082
vn 0.3244 0.9356 -0.1390
vn 0.2825 0.9284 -0.2413
vn 0.2326 0.7105 -0.6641
vn 0.0435 0.2886 -0.9565
vn 0.3487 0.9368 -0.0293
vn 0.2223 0.9749 -0.0137
vn 0.2161 0.9759 -0.0309
vn 0.2606 0.9477 -0.1843
vn 0.2015 0.9744 -0.0996
vn 0.1999 0.9771 -0.0730
vn 0.2079 0.9768 -0.0518
vn 0.6469 0.7617 -0.0357
vn -0.9974 0.0091 -0.0719
vn -0.9994 0.0289 -0.0174
vn -0.9994 0.0289 0.0174
vn -0.9719 0.0527 -0.2295
vn -0.9983 0.0581 0.0000
vn -0.9719 0.0527 0.2296
vn -0.9974 0.0092 0.0719
vn -0.9605 0.0317 -0.2765
vn -0.9656 0.0908 -0.2438
vn -0.9661 0.0938 -0.2407
vn -0.9913 0.0683 -0.1129
vn -0.9913 0.0683 0.1129
vn -0.9960 0.0721 0.0530
vn -0.9960 0.0721 -0.0530
vn -0.9661 0.0938 0.2407
vn -0.9605 0.0317 0.2765
vn -0.9656 0.0908 0.2438
s 1
f 2658/2878/3019 2659/2879/3020 2660/2880/3021 2661/2881/3022
f 2662/2882/3023 2663/2883/3024 2664/2884/3025 2665/2885/3026
f 2666/2886/3027 2667/2887/3028 2668/2888/3029 2669/2889/3030
f 2670/2890/3031 2671/2891/3032 2672/2892/3033 2673/2893/3034
f 2674/2894/3035 2675/2895/3036 2676/2896/3037 2677/2897/3038
f 2678/2898/3039 2679/2899/3040 2680/2900/3041 2681/2901/3042
f 2682/2902/3043 2683/2903/3044 2675/2895/3036 2674/2894/3035
f 2684/2904/3045 2685/2905/3046 2686/2906/3047 2687/2907/3048
f 2660/2880/3021 2659/2879/3020 2679/2899/3040 2678/2898/3039
f 2688/2908/3049 2689/2909/3050 2663/2883/3024 2662/2882/3023
f 2677/2897/3038 2676/2896/3037 2685/2905/3046 2684/2904/3045
f 2666/2886/3027 2690/2910/3051 2691/2911/3052 2667/2887/3028
f 2681/2901/3042 2680/2900/3041 2689/2909/3050 2688/2908/3049
f 2692/2912/3053 2693/2913/3054 2694/2914/3055 2695/2915/3056
f 2691/2911/3052 2690/2910/3051 2696/2916/3057 2697/2917/3058
f 2698/2918/3059 2699/2919/3060 2700/2920/3061 2701/2921/3062
f 2687/2907/3048 2686/2906/3047 2702/2922/3063 2703/2923/3064
f 2704/2924/3065 2705/2925/3066 2690/2910/3051 2666/2886/3027
f 2706/2926/3067 2707/2927/3068 2708/2928/3069 2709/2929/3070
f 2708/2928/3069 2710/2930/3071 2711/2931/3072 2712/2932/3073
f 2705/2925/3066 2713/2933/3074 2696/2916/3057 2690/2910/3051
f 2709/2929/3070 2708/2928/3069 2712/2932/3073 2714/2934/3075
f 2715/2935/3076 2716/2936/3077 2717/2937/3078
f 2718/2938/3079 2719/2939/3080 2720/2940/3081 2721/2941/3082
f 2669/2889/3030 2668/2888/3029 2699/2919/3060 2698/2918/3059
f 2722/2942/3083 2700/2920/3083 2699/2919/3084 2723/2943/3084
f 2724/2944/3085 2725/2945/3086 2726/2946/3087
f 2725/2945/3086 2727/2947/3088 2728/2948/3089
f 2729/2949/3090 2730/2950/3091 2731/2951/3092 2732/2952/3093
f 2733/2953/3094 2729/2949/3090 2732/2952/3093 2734/2954/3095
f 2735/2955/3096 2736/2956/3097 2737/2957/3098 2738/2958/3099
f 2711/2931/3100 2739/2959/3101 2740/2960/3102
f 2741/2961/3103 2742/2962/3104 2743/2963/3105 2739/2959/3106
f 2744/2964/3107 2745/2965/3108 2746/2966/3109 2747/2967/3110
f 2748/2968/3111 2749/2969/3112 2743/2963/3105 2742/2962/3104
f 2750/2970/3113 2740/2960/3102 2743/2963/3114 2749/2969/3115
f 2751/2971/3116 2739/2959/3101 2711/2931/3100 2710/2930/3117
f 2752/2972/3118 2753/2973/3119 2754/2974/3120
f 2753/2973/3119 2724/2944/3085 2730/2950/3091
f 2755/2975/3121 2754/2974/3120 2756/2976/3122 2757/2977/3123
f 2758/2978/3124 2755/2975/3121 2757/2977/3123 2759/2979/3125
f 2760/2980/3126 2761/2981/3127 2762/2982/3128 2763/2983/3129
f 2705/2925/3130 2764/2984/3131 2765/2985/3132 2713/2933/3133
f 2707/2927/3068 2706/2926/3067 2766/2986/3134 2764/2984/3131
f 2764/2984/3131 2766/2986/3134 2767/2987/3135 2765/2985/3132
f 2768/2988/3136 2760/2980/3126 2763/2983/3129 2769/2989/3137
f 2734/2954/3095 2770/2990/3138 2771/2991/3139 2772/2992/3140
f 2743/2963/3114 2740/2960/3102 2739/2959/3101
f 2773/2993/3141 2774/2994/3142 2771/2991/3143 2770/2990/3144
f 2772/2992/3140 2771/2991/3139 2775/2995/3145 2756/2976/3122
f 2713/2933/3074 2776/2996/3146 2777/2997/3147 2696/2916/3057
f 2778/2998/3148 2750/2970/3113 2749/2969/3115 2775/2995/3149
f 2779/2999/3150 2780/3000/3151 2781/3001/3152 2782/3002/3153
f 2780/3000/3151 2783/3003/3154 2784/3004/3155 2781/3001/3152
f 2781/3001/3152 2784/3004/3155 2785/3005/3156 2786/3006/3157
f 2782/3002/3153 2781/3001/3152 2786/3006/3157 2787/3007/3158
f 2726/2946/3087 2725/2945/3086 2728/2948/3089
f 2726/2946/3087 2788/3008/3159 2724/2944/3085
f 2789/3009/3160 2733/2953/3094 2734/2954/3095 2772/2992/3140
f 2754/2974/3120 2789/3009/3160 2772/2992/3140 2756/2976/3122
f 2790/3010/3161 2791/3011/3162 2792/3012/3163
f 2748/2968/3111 2756/2976/3122 2775/2995/3145 2749/2969/3112
f 2771/2991/3143 2774/2994/3142 2778/2998/3148 2775/2995/3149
f 2724/2944/3085 2753/2973/3119 2793/3013/3164 2794/3014/3165
f 2703/2923/3064 2702/2922/3063 2795/3015/3166 2796/3016/3167
f 2701/2921/3062 2700/2920/3061 2658/2878/3019 2661/2881/3022
f 2797/3017/3168 2798/3018/3169 2799/3019/3170 2800/3020/3171
f 2798/3018/3169 2801/3021/3172 2802/3022/3173 2799/3019/3170
f 2799/3019/3170 2802/3022/3173 2803/3023/3174 2804/3024/3175
f 2800/3020/3171 2799/3019/3170 2804/3024/3175 2805/3025/3176
f 2797/3017/3168 2800/3020/3171 2806/3026/3177 2807/3027/3178
f 2800/3020/3171 2805/3025/3176 2808/3028/3179 2806/3026/3177
f 2806/3026/3177 2808/3028/3179 2809/3029/3180 2810/3030/3181
f 2807/3027/3178 2806/3026/3177 2810/3030/3181 2811/3031/3182
f 2812/3032/3183 2762/2982/3128 2761/2981/3127 2813/3033/3184
f 2790/3010/3161 2814/3034/3185 2815/3035/3186
f 2816/3036/3187 2795/3015/3187 2702/2922/3188 2817/3037/3188
f 2776/2996/3189 2818/3038/3190 2760/2980/3126 2768/2988/3136
f 2765/2985/3132 2767/2987/3135 2790/3010/3161 2818/3038/3190
f 2818/3038/3190 2790/3010/3161 2761/2981/3127 2760/2980/3126
f 2704/2924/3191 2707/2927/3068 2764/2984/3131 2705/2925/3130
f 2790/3010/3161 2792/3012/3163 2814/3034/3185
f 2819/3039/3192 2820/3040/3193 2717/2937/3078
f 2768/2988/3194 2769/2989/3195 2671/2891/3032 2670/2890/3031
f 2720/2940/3081 2719/2939/3080 2821/3041/3196 2822/3042/3197
f 2665/2885/3026 2664/2884/3025 2683/2903/3044 2682/2902/3043
f 2823/3043/3198 2824/3044/3199 2668/2888/3199 2667/2887/3198
f 2825/3045/3200 2826/3046/3201 2827/3047/3202 2828/3048/3203
f 2796/3016/3167 2795/3015/3166 2692/2912/3053 2695/2915/3056
f 2706/2926/3067 2829/3049/3204 2830/3050/3205 2831/3051/3206
f 2829/3049/3204 2787/3007/3158 2832/3052/3207 2830/3050/3205
f 2830/3050/3205 2832/3052/3207 2833/3053/3208 2834/3054/3209
f 2831/3051/3206 2830/3050/3205 2834/3054/3209 2835/3055/3210
f 2787/3007/3158 2786/3006/3157 2836/3056/3211 2832/3052/3207
f 2786/3006/3157 2785/3005/3156 2837/3057/3212 2836/3056/3211
f 2836/3056/3213 2837/3057/3214 2838/3058/3215 2839/3059/3216
f 2832/3052/3207 2836/3056/3213 2839/3059/3216 2833/3053/3208
f 2792/3012/3163 2791/3011/3162 2840/3060/3217 2841/3061/3218
f 2791/3011/3162 2767/2987/3135 2842/3062/3219 2840/3060/3217
f 2840/3060/3217 2842/3062/3219 2843/3063/3220 2844/3064/3221
f 2841/3061/3218 2840/3060/3217 2844/3064/3221 2845/3065/3222
f 2815/3035/3186 2814/3034/3185 2846/3066/3223 2847/3067/3224
f 2814/3034/3185 2792/3012/3163 2841/3061/3218 2846/3066/3223
f 2846/3066/3223 2841/3061/3218 2845/3065/3222 2848/3068/3225
f 2847/3067/3224 2846/3066/3223 2848/3068/3225 2849/3069/3226
f 2767/2987/3135 2766/2986/3134 2850/3070/3227 2842/3062/3219
f 2766/2986/3134 2706/2926/3067 2831/3051/3206 2850/3070/3227
f 2850/3070/3227 2831/3051/3206 2835/3055/3210 2851/3071/3228
f 2842/3062/3219 2850/3070/3227 2851/3071/3228 2843/3063/3220
f 2835/3055/3210 2834/3054/3209 2852/3072/3229 2853/3073/3230
f 2834/3054/3209 2833/3053/3208 2854/3074/3231 2852/3072/3229
f 2852/3072/3229 2854/3074/3231 2805/3025/3176 2804/3024/3175
f 2853/3073/3230 2852/3072/3229 2804/3024/3175 2803/3023/3174
f 2833/3053/3208 2839/3059/3216 2855/3075/3232 2854/3074/3231
f 2839/3059/3216 2838/3058/3215 2856/3076/3233 2855/3075/3232
f 2855/3075/3232 2856/3076/3233 2809/3029/3180 2808/3028/3179
f 2854/3074/3231 2855/3075/3232 2808/3028/3179 2805/3025/3176
f 2845/3065/3222 2844/3064/3221 2857/3077/3234 2858/3078/3235
f 2844/3064/3221 2843/3063/3220 2859/3079/3236 2857/3077/3234
f 2857/3077/3234 2859/3079/3236 2801/3021/3172 2798/3018/3169
f 2858/3078/3235 2857/3077/3234 2798/3018/3169 2797/3017/3168
f 2849/3069/3226 2848/3068/3225 2860/3080/3237 2861/3081/3238
f 2848/3068/3225 2845/3065/3222 2858/3078/3235 2860/3080/3237
f 2860/3080/3237 2858/3078/3235 2797/3017/3168 2807/3027/3178
f 2861/3081/3238 2860/3080/3237 2807/3027/3178 2811/3031/3182
f 2843/3063/3220 2851/3071/3228 2862/3082/3239 2859/3079/3236
f 2851/3071/3228 2835/3055/3210 2853/3073/3230 2862/3082/3239
f 2862/3082/3239 2853/3073/3230 2803/3023/3174 2802/3022/3173
f 2859/3079/3236 2862/3082/3239 2802/3022/3173 2801/3021/3172
f 2863/3083/3240 2864/3084/3241 2865/3085/3242 2866/3086/3243
f 2694/2914/3055 2863/3083/3244 2866/3086/3245 2695/2915/3056
f 2678/2898/3039 2867/3087/3246 2868/3088/3247 2660/2880/3021
f 2867/3087/3248 2793/3013/3164 2753/2973/3119 2868/3088/3249
f 2868/3088/3249 2753/2973/3119 2752/2972/3118 2869/3089/3250
f 2660/2880/3021 2868/3088/3247 2869/3089/3251 2661/2881/3022
f 2714/2934/3075 2870/3090/3252 2871/3091/3253 2709/2929/3070
f 2870/3090/3252 2779/2999/3150 2782/3002/3153 2871/3091/3253
f 2871/3091/3253 2782/3002/3153 2787/3007/3158 2829/3049/3204
f 2709/2929/3070 2871/3091/3253 2829/3049/3204 2706/2926/3067
f 2661/2881/3022 2869/3089/3251 2872/3092/3254 2701/2921/3062
f 2869/3089/3250 2752/2972/3118 2758/2978/3124 2872/3092/3255
f 2872/3092/3255 2758/2978/3124 2759/2979/3125 2873/3093/3256
f 2701/2921/3062 2872/3092/3254 2873/3093/3257 2698/2918/3059
f 2688/2908/3049 2874/3094/3258 2875/3095/3259 2681/2901/3042
f 2874/3094/3260 2737/2957/3098 2736/2956/3097 2875/3095/3261
f 2875/3095/3261 2736/2956/3097 2793/3013/3164 2867/3087/3248
f 2681/2901/3042 2875/3095/3259 2867/3087/3246 2678/2898/3039
f 2665/2885/3026 2876/3096/3262 2877/3097/3263 2662/2882/3023
f 2876/3096/3264 2878/3098/3265 2879/3099/3266 2877/3097/3267
f 2877/3097/3267 2879/3099/3266 2737/2957/3098 2874/3094/3260
f 2662/2882/3023 2877/3097/3263 2874/3094/3258 2688/2908/3049
f 2674/2894/3035 2880/3100/3268 2881/3101/3269 2682/2902/3043
f 2880/3100/3270 2882/3102/3271 2883/3103/3272 2881/3101/3273
f 2881/3101/3273 2883/3103/3272 2878/3098/3265 2876/3096/3264
f 2682/2902/3043 2881/3101/3269 2876/3096/3262 2665/2885/3026
f 2684/2904/3045 2884/3104/3274 2885/3105/3275 2677/2897/3038
f 2884/3104/3276 2886/3106/3277 2887/3107/3278 2885/3105/3279
f 2885/3105/3279 2887/3107/3278 2882/3102/3271 2880/3100/3270
f 2677/2897/3038 2885/3105/3275 2880/3100/3268 2674/2894/3035
f 2703/2923/3064 2888/3108/3280 2889/3109/3281 2687/2907/3048
f 2888/3108/3282 2890/3110/3283 2891/3111/3284 2889/3109/3285
f 2889/3109/3285 2891/3111/3284 2886/3106/3277 2884/3104/3276
f 2687/2907/3048 2889/3109/3281 2884/3104/3274 2684/2904/3045
f 2695/2915/3056 2866/3086/3245 2892/3112/3286 2796/3016/3167
f 2866/3086/3243 2865/3085/3242 2893/3113/3287 2892/3112/3288
f 2892/3112/3288 2893/3113/3287 2890/3110/3283 2888/3108/3282
f 2796/3016/3167 2892/3112/3286 2888/3108/3280 2703/2923/3064
f 2741/2961/3103 2894/3114/3289 2895/3115/3290 2896/3116/3291
f 2894/3114/3289 2666/2886/3027 2669/2889/3030 2895/3115/3292
f 2895/3115/3292 2669/2889/3030 2698/2918/3059 2873/3093/3257
f 2896/3116/3291 2895/3115/3290 2873/3093/3256 2759/2979/3125
f 2756/2976/3122 2748/2968/3111 2897/3117/3293 2757/2977/3123
f 2748/2968/3111 2742/2962/3104 2897/3117/3293
f 2897/3117/3293 2742/2962/3104 2741/2961/3103 2896/3116/3291
f 2757/2977/3123 2897/3117/3293 2896/3116/3291 2759/2979/3125
f 2898/3118/3294 2783/3003/3154 2780/3000/3151 2899/3119/3295
f 2900/3120/3296 2898/3118/3296 2899/3119/3297 2901/3121/3298
f 2899/3119/3295 2780/3000/3151 2779/2999/3150 2773/2993/3299
f 2778/2998/3300 2714/2934/3075 2712/2932/3073 2750/2970/3301
f 2712/2932/3073 2711/2931/3072 2740/2960/3302 2750/2970/3301
f 2704/2924/3191 2710/2930/3071 2708/2928/3069 2707/2927/3068
f 2779/2999/3150 2870/3090/3252 2774/2994/3303 2773/2993/3299
f 2774/2994/3303 2870/3090/3252 2714/2934/3075 2778/2998/3300
f 2751/2971/3116 2710/2930/3117 2704/2924/3065 2666/2886/3027
f 2731/2951/3092 2900/3120/3304 2901/3121/3305 2732/2952/3093
f 2732/2952/3093 2901/3121/3305 2770/2990/3138 2734/2954/3095
f 2697/2917/3058 2696/2916/3057 2777/2997/3147 2902/3122/3306
f 2666/2886/3027 2894/3114/3289 2751/2971/3116
f 2894/3114/3289 2741/2961/3103 2739/2959/3106 2751/2971/3116
f 2903/3123/3307 2904/3124/3308 2905/3125/3309 2906/3126/3310
f 2907/3127/3311 2908/3128/3312 2826/3046/3201 2825/3045/3200
f 2909/3129/3313 2910/3130/3314 2718/2938/3079 2721/2941/3082
f 2911/3131/3315 2912/3132/3316 2913/3133/3317 2914/3134/3318
f 2915/3135/3319 2824/3044/3320 2823/3043/3321 2916/3136/3322
f 2917/3137/3323 2918/3138/3324 2908/3128/3312 2907/3127/3311
f 2919/3139/3325 2920/3140/3326 2918/3138/3324 2917/3137/3323
f 2921/3141/3327 2922/3142/3328 2912/3132/3316 2911/3131/3315
f 2923/3143/3329 2924/3144/3330 2922/3142/3328 2921/3141/3327
f 2925/3145/3331 2926/3146/3332 2920/3140/3326 2919/3139/3325
f 2927/3147/3333 2928/3148/3334 2926/3146/3332 2925/3145/3331
f 2929/3149/3335 2930/3150/3336 2924/3144/3330 2923/3143/3329
f 2828/3048/3203 2827/3047/3202 2930/3150/3336 2929/3149/3335
f 2822/3042/3197 2821/3041/3196 2931/3151/3337 2932/3152/3338
f 2932/3152/3338 2931/3151/3337 2916/3136/3322 2823/3043/3321
f 2933/3153/3339 2817/3037/3340 2928/3148/3334 2927/3147/3333
f 2934/3154/3341 2935/3155/3342 2936/3156/3343 2937/3157/3344
f 2938/3158/3345 2723/2943/3346 2824/3044/3320 2915/3135/3319
f 2939/3159/3347 2940/3160/3348 2941/3161/3349
f 2942/3162/3350 2943/3163/3351 2944/3164/3352 2945/3165/3353
f 2943/3163/3351 2946/3166/3354 2947/3167/3355 2944/3164/3352
f 2744/2964/3356 2948/3168/3357 2931/3151/3337 2821/3041/3196
f 2947/3167/3355 2939/3159/3358 2949/3169/3359 2944/3164/3352
f 2717/2937/3078 2815/3035/3186 2715/2935/3076
f 2950/3170/3360 2722/2942/3361 2723/2943/3346 2938/3158/3345
f 2913/3133/3317 2722/2942/3361 2950/3170/3360 2914/3134/3318
f 2733/2953/3094 2789/3009/3160 2753/2973/3119
f 2951/3171/3362 2952/3172/3363 2953/3173/3364 2954/3174/3365
f 2954/3174/3365 2953/3173/3364 2731/2951/3092 2730/2950/3091
f 2789/3009/3160 2754/2974/3120 2753/2973/3119
f 2824/3044/3199 2723/2943/3084 2699/2919/3084 2668/2888/3199
f 2826/3046/3366 2908/3128/3367 2683/2903/3367 2664/2884/3366
f 2794/3014/3165 2793/3013/3164 2736/2956/3097 2735/2955/3096
f 2955/3175/3368 2879/3099/3266 2878/3098/3265 2956/3176/3369
f 2908/3128/3367 2918/3138/3370 2675/2895/3370 2683/2903/3367
f 2918/3138/3370 2920/3140/3371 2676/2896/3371 2675/2895/3370
f 2738/2958/3099 2737/2957/3098 2879/3099/3266 2955/3175/3368
f 2957/3177/3372 2883/3103/3272 2882/3102/3271 2958/3178/3373
f 2920/3140/3371 2926/3146/3374 2685/2905/3374 2676/2896/3371
f 2926/3146/3374 2928/3148/3375 2686/2906/3375 2685/2905/3374
f 2928/3148/3375 2817/3037/3188 2702/2922/3188 2686/2906/3375
f 2721/2941/3376 2720/2940/3377 2902/3122/3377 2673/2893/3376
f 2956/3176/3369 2878/3098/3265 2883/3103/3272 2957/3177/3372
f 2959/3179/3378 2887/3107/3278 2886/3106/3277 2960/3180/3379
f 2720/2940/3377 2822/3042/3380 2697/2917/3380 2902/3122/3377
f 2936/3156/3381 2935/3155/3382 2693/2913/3382 2692/2912/3381
f 2822/3042/3380 2932/3152/3383 2691/2911/3383 2697/2917/3380
f 2958/3178/3373 2882/3102/3271 2887/3107/3278 2959/3179/3378
f 2961/3181/3384 2891/3111/3284 2890/3110/3283 2962/3182/3385
f 2932/3152/3383 2823/3043/3198 2667/2887/3198 2691/2911/3383
f 2913/3133/3386 2912/3132/3387 2659/2879/3387 2658/2878/3386
f 2960/3180/3379 2886/3106/3277 2891/3111/3284 2961/3181/3384
f 2963/3183/3388 2893/3113/3287 2865/3085/3242 2964/3184/3389
f 2965/3185/3390 2966/3186/3391 2718/2938/3079 2910/3130/3314
f 2948/3168/3357 2967/3187/3392 2916/3136/3322 2931/3151/3337
f 2912/3132/3387 2922/3142/3393 2679/2899/3393 2659/2879/3387
f 2922/3142/3393 2924/3144/3394 2680/2900/3394 2679/2899/3393
f 2968/3188/3395 2941/3161/3396 2969/3189/3397 2970/3190/3398
f 2969/3189/3399 2940/3160/3348 2971/3191/3400 2972/3192/3401
f 2969/3189/3397 2972/3192/3402 2973/3193/3403 2970/3190/3398
f 2716/2936/3077 2819/3039/3192 2717/2937/3078
f 2924/3144/3394 2930/3150/3404 2689/2909/3404 2680/2900/3394
f 2930/3150/3404 2827/3047/3405 2663/2883/3405 2689/2909/3404
f 2776/2996/3146 2768/2988/3194 2670/2890/3031 2777/2997/3147
f 2974/3194/3406 2949/3169/3407 2939/3159/3347 2941/3161/3349
f 2827/3047/3405 2826/3046/3366 2664/2884/3366 2663/2883/3405
f 2962/3182/3385 2890/3110/3283 2893/3113/3287 2963/3183/3388
f 2729/2949/3090 2733/2953/3094 2753/2973/3119
f 2727/2947/3088 2975/3195/3408 2976/3196/3409 2728/2948/3089
f 2728/2948/3089 2976/3196/3409 2977/3197/3410 2726/2946/3087
f 2954/3174/3365 2730/2950/3091 2724/2944/3085
f 2978/3198/3411 2979/3199/3412 2812/3032/3183 2813/3033/3184
f 2948/3168/3413 2744/2964/3107 2747/2967/3110 2980/3200/3414
f 2966/3186/3415 2965/3185/3416 2979/3199/3412 2978/3198/3411
f 2980/3200/3414 2747/2967/3110 2820/3040/3193 2981/3201/3417
f 2945/3165/3353 2980/3200/3414 2981/3201/3417 2942/3162/3350
f 2952/3172/3363 2982/3202/3418 2983/3203/3419 2904/3124/3420
f 2982/3202/3418 2977/3197/3410 2984/3204/3421 2983/3203/3419
f 2983/3203/3422 2985/3205/3423 2905/3125/3309 2904/3124/3308
f 2941/3161/3349 2940/3160/3348 2969/3189/3399
f 2900/3120/3296 2903/3123/3307 2906/3126/3310 2898/3118/3296
f 2916/3136/3322 2967/3187/3392 2949/3169/3407 2974/3194/3406
f 2986/3206/3424 2987/3207/3425 2988/3208/3426 2989/3209/3427
f 2987/3207/3425 2990/3210/3428 2991/3211/3429 2988/3208/3426
f 2988/3208/3426 2991/3211/3429 2785/3005/3156 2784/3004/3155
f 2989/3209/3427 2988/3208/3426 2784/3004/3155 2783/3003/3154
f 2754/2974/3120 2755/2975/3121 2752/2972/3118
f 2726/2946/3087 2977/3197/3410 2982/3202/3418 2788/3008/3159
f 2788/3008/3159 2982/3202/3418 2952/3172/3363 2951/3171/3362
f 2755/2975/3121 2758/2978/3124 2752/2972/3118
f 2790/3010/3161 2767/2987/3135 2791/3011/3162
f 2992/3212/3430 2985/3205/3423 2983/3203/3422 2984/3204/3431
f 2973/3193/3403 2972/3192/3402 2984/3204/3421 2977/3197/3410
f 2951/3171/3362 2954/3174/3365 2724/2944/3085
f 2993/3213/3432 2816/3036/3433 2817/3037/3340 2933/3153/3339
f 2994/3214/3434 2995/3215/3435 2996/3216/3436 2997/3217/3437
f 2995/3215/3435 2998/3218/3438 2999/3219/3439 2996/3216/3436
f 2996/3216/3436 2999/3219/3439 3000/3220/3440 3001/3221/3441
f 2997/3217/3437 2996/3216/3436 3001/3221/3441 3002/3222/3442
f 2994/3214/3434 3003/3223/3443 3004/3224/3444 2995/3215/3435
f 3003/3223/3443 2811/3031/3182 2810/3030/3181 3004/3224/3444
f 3004/3224/3444 2810/3030/3181 2809/3029/3180 3005/3225/3445
f 2995/3215/3435 3004/3224/3444 3005/3225/3445 2998/3218/3438
f 2717/2937/3078 2813/3033/3184 2761/2981/3127 2790/3010/3161
f 2745/2965/3108 2966/3186/3415 2978/3198/3411 2746/2966/3109
f 2967/3187/3446 2948/3168/3413 2980/3200/3414 2945/3165/3353
f 2746/2966/3109 2978/3198/3411 2813/3033/3184 2717/2937/3078
f 2747/2967/3110 2746/2966/3109 2717/2937/3078 2820/3040/3193
f 2913/3133/3386 2658/2878/3386 2700/2920/3083 2722/2942/3083
f 2717/2937/3078 2790/3010/3161 2815/3035/3186
f 2745/2965/3447 2744/2964/3356 2821/3041/3196 2719/2939/3080
f 2936/3156/3343 2816/3036/3433 2993/3213/3432 2937/3157/3344
f 2936/3156/3381 2692/2912/3381 2795/3015/3187 2816/3036/3187
f 2721/2941/3376 2673/2893/3376 2672/2892/3448 2909/3129/3448
f 2964/3184/3389 2865/3085/3242 2864/3084/3241 3006/3226/3449
f 2942/3162/3350 3007/3227/3450 3008/3228/3451 3009/3229/3452
f 3007/3227/3450 3010/3230/3453 3011/3231/3454 3008/3228/3451
f 3008/3228/3451 3011/3231/3454 3012/3232/3455 3013/3233/3456
f 3009/3229/3452 3008/3228/3451 3013/3233/3456 2990/3210/3428
f 2990/3210/3428 3013/3233/3456 3014/3234/3457 2991/3211/3429
f 3013/3233/3456 3012/3232/3455 3015/3235/3458 3014/3234/3459
f 3014/3234/3459 3015/3235/3458 2838/3058/3215 2837/3057/3214
f 2991/3211/3429 3014/3234/3457 2837/3057/3212 2785/3005/3156
f 2716/2936/3077 3016/3236/3460 3017/3237/3461 2819/3039/3192
f 3016/3236/3460 3018/3238/3462 3019/3239/3463 3017/3237/3461
f 3017/3237/3461 3019/3239/3463 3020/3240/3464 3021/3241/3465
f 2819/3039/3192 3017/3237/3461 3021/3241/3465 2820/3040/3193
f 2815/3035/3186 2847/3067/3224 3022/3242/3466 2715/2935/3076
f 2847/3067/3224 2849/3069/3226 3023/3243/3467 3022/3242/3466
f 3022/3242/3466 3023/3243/3467 3018/3238/3462 3016/3236/3460
f 2715/2935/3076 3022/3242/3466 3016/3236/3460 2716/2936/3077
f 2820/3040/3193 3021/3241/3465 3024/3244/3468 2981/3201/3417
f 3021/3241/3465 3020/3240/3464 3025/3245/3469 3024/3244/3468
f 3024/3244/3468 3025/3245/3469 3010/3230/3453 3007/3227/3450
f 2981/3201/3417 3024/3244/3468 3007/3227/3450 2942/3162/3350
f 3010/3230/3453 3026/3246/3470 3027/3247/3471 3011/3231/3454
f 3026/3246/3470 3000/3220/3440 2999/3219/3439 3027/3247/3471
f 3027/3247/3471 2999/3219/3439 2998/3218/3438 3028/3248/3472
f 3011/3231/3454 3027/3247/3471 3028/3248/3472 3012/3232/3455
f 3012/3232/3455 3028/3248/3472 3029/3249/3473 3015/3235/3458
f 3028/3248/3472 2998/3218/3438 3005/3225/3445 3029/3249/3473
f 3029/3249/3473 3005/3225/3445 2809/3029/3180 2856/3076/3233
f 3015/3235/3458 3029/3249/3473 2856/3076/3233 2838/3058/3215
f 3018/3238/3462 3030/3250/3474 3031/3251/3475 3019/3239/3463
f 3030/3250/3474 2994/3214/3434 2997/3217/3437 3031/3251/3475
f 3031/3251/3475 2997/3217/3437 3002/3222/3442 3032/3252/3476
f 3019/3239/3463 3031/3251/3475 3032/3252/3476 3020/3240/3464
f 2849/3069/3226 2861/3081/3238 3033/3253/3477 3023/3243/3467
f 2861/3081/3238 2811/3031/3182 3003/3223/3443 3033/3253/3477
f 3033/3253/3477 3003/3223/3443 2994/3214/3434 3030/3250/3474
f 3023/3243/3467 3033/3253/3477 3030/3250/3474 3018/3238/3462
f 3020/3240/3464 3032/3252/3476 3034/3254/3478 3025/3245/3469
f 3032/3252/3476 3002/3222/3442 3001/3221/3441 3034/3254/3478
f 3034/3254/3478 3001/3221/3441 3000/3220/3440 3026/3246/3470
f 3025/3245/3469 3034/3254/3478 3026/3246/3470 3010/3230/3453
f 2934/3154/3341 2937/3157/3344 3035/3255/3479 3036/3256/3480
f 3036/3256/3481 3035/3255/3482 2964/3184/3389 3006/3226/3449
f 2921/3141/3327 2911/3131/3315 3037/3257/3483 3038/3258/3484
f 2911/3131/3315 2914/3134/3318 3039/3259/3485 3037/3257/3483
f 3037/3257/3486 3039/3259/3487 2725/2945/3086 2724/2944/3085
f 3038/3258/3488 3037/3257/3486 2724/2944/3085 2794/3014/3165
f 2946/3166/3354 2943/3163/3351 3040/3260/3489 3041/3261/3490
f 2943/3163/3351 2942/3162/3350 3009/3229/3452 3040/3260/3489
f 3040/3260/3489 3009/3229/3452 2990/3210/3428 2987/3207/3425
f 3041/3261/3490 3040/3260/3489 2987/3207/3425 2986/3206/3424
f 2914/3134/3318 2950/3170/3360 3042/3262/3491 3039/3259/3485
f 2950/3170/3360 2938/3158/3345 3043/3263/3492 3042/3262/3491
f 3042/3262/3493 3043/3263/3494 2975/3195/3408 2727/2947/3088
f 3039/3259/3487 3042/3262/3493 2727/2947/3088 2725/2945/3086
f 2929/3149/3335 2923/3143/3329 3044/3264/3495 3045/3265/3496
f 2923/3143/3329 2921/3141/3327 3038/3258/3484 3044/3264/3495
f 3044/3264/3497 3038/3258/3488 2794/3014/3165 2735/2955/3096
f 3045/3265/3498 3044/3264/3497 2735/2955/3096 2738/2958/3099
f 2825/3045/3200 2828/3048/3203 3046/3266/3499 3047/3267/3500
f 2828/3048/3203 2929/3149/3335 3045/3265/3496 3046/3266/3499
f 3046/3266/3501 3045/3265/3498 2738/2958/3099 2955/3175/3368
f 3047/3267/3502 3046/3266/3501 2955/3175/3368 2956/3176/3369
f 2917/3137/3323 2907/3127/3311 3048/3268/3503 3049/3269/3504
f 2907/3127/3311 2825/3045/3200 3047/3267/3500 3048/3268/3503
f 3048/3268/3505 3047/3267/3502 2956/3176/3369 2957/3177/3372
f 3049/3269/3506 3048/3268/3505 2957/3177/3372 2958/3178/3373
f 2925/3145/3331 2919/3139/3325 3050/3270/3507 3051/3271/3508
f 2919/3139/3325 2917/3137/3323 3049/3269/3504 3050/3270/3507
f 3050/3270/3509 3049/3269/3506 2958/3178/3373 2959/3179/3378
f 3051/3271/3510 3050/3270/3509 2959/3179/3378 2960/3180/3379
f 2933/3153/3339 2927/3147/3333 3052/3272/3511 3053/3273/3512
f 2927/3147/3333 2925/3145/3331 3051/3271/3508 3052/3272/3511
f 3052/3272/3513 3051/3271/3510 2960/3180/3379 2961/3181/3384
f 3053/3273/3514 3052/3272/3513 2961/3181/3384 2962/3182/3385
f 2937/3157/3344 2993/3213/3432 3054/3274/3515 3035/3255/3479
f 2993/3213/3432 2933/3153/3339 3053/3273/3512 3054/3274/3515
f 3054/3274/3516 3053/3273/3514 2962/3182/3385 2963/3183/3388
f 3035/3255/3482 3054/3274/3516 2963/3183/3388 2964/3184/3389
f 2968/3188/3395 3055/3275/3517 3056/3276/3518 3057/3277/3519
f 3055/3275/3517 2975/3195/3408 3043/3263/3494 3056/3276/3518
f 3056/3276/3520 3043/3263/3492 2938/3158/3345 2915/3135/3319
f 3057/3277/3519 3056/3276/3520 2915/3135/3319 2916/3136/3322
f 2977/3197/3410 2976/3196/3409 3058/3278/3521 2973/3193/3403
f 2976/3196/3409 2975/3195/3408 3055/3275/3517 3058/3278/3521
f 3058/3278/3521 3055/3275/3517 2968/3188/3395 2970/3190/3398
f 2973/3193/3403 3058/3278/3521 2970/3190/3398
f 2972/3192/3401 2971/3191/3400 2992/3212/3430 2984/3204/3431
f 2986/3206/3424 2989/3209/3427 2906/3126/3522 2905/3125/3523
f 2906/3126/3522 2989/3209/3427 2783/3003/3154 2898/3118/3294
f 2940/3160/3524 2939/3159/3358 2947/3167/3355 2971/3191/3525
f 2944/3164/3352 2949/3169/3359 2967/3187/3446 2945/3165/3353
f 2971/3191/3525 2947/3167/3355 2946/3166/3354 2992/3212/3526
f 2992/3212/3526 2946/3166/3354 3041/3261/3490 2985/3205/3527
f 2985/3205/3527 3041/3261/3490 2986/3206/3424 2905/3125/3523
f 2731/2951/3092 2953/3173/3364 2903/3123/3528 2900/3120/3304
f 2953/3173/3364 2952/3172/3363 2904/3124/3420 2903/3123/3528
f 2916/3136/3322 2974/3194/3406 3057/3277/3519
f 3057/3277/3519 2974/3194/3406 2941/3161/3396 2968/3188/3395
f 2788/3008/3159 2951/3171/3362 2724/2944/3085
f 2753/2973/3119 2730/2950/3091 2729/2949/3090
f 2713/2933/3133 2765/2985/3132 2818/3038/3190 2776/2996/3189
f 2901/3121/3298 2899/3119/3297 2773/2993/3141 2770/2990/3144
f 2673/2893/3034 2902/3122/3306 2777/2997/3147 2670/2890/3031
f 2966/3186/3391 2745/2965/3447 2719/2939/3080 2718/2938/3079
f 2864/3084/3529 2694/2914/3530 2934/3154/3531
f 2864/3084/3529 2863/3083/3532 2694/2914/3530
f 2694/2914/3530 2693/2913/3533 2935/3155/3533
f 2935/3155/3533 2934/3154/3531 2694/2914/3530
f 2934/3154/3531 3036/3256/3534 3006/3226/3535
f 2864/3084/3529 2934/3154/3531 3006/3226/3535
f 2671/2891/3536 2769/2989/3537 2763/2983/3538
f 2763/2983/3538 2762/2982/3539 2671/2891/3536
f 2762/2982/3539 2812/3032/3540 2909/3129/3541
f 2671/2891/3536 2762/2982/3539 2672/2892/3542
f 2812/3032/3540 2979/3199/3543 2910/3130/3544
f 2979/3199/3543 2965/3185/3545 2910/3130/3544
f 2910/3130/3544 2909/3129/3541 2812/3032/3540
f 2909/3129/3541 2672/2892/3542 2762/2982/3539
o print.002
v 30.182877 -5.277982 -10.957273
v 27.021282 -5.277982 -11.429384
v 27.021282 21.737242 -11.429380
v 30.182877 21.737242 -10.957269
v 16.312073 -5.277983 -5.491473
v 15.037768 -5.277984 -2.559800
v 15.037768 21.737240 -2.559796
v 16.312073 21.737242 -5.491469
v 23.435242 -5.277986 12.585302
v 26.596834 -5.277986 13.057413
v 26.596834 21.737238 13.057417
v 23.435242 21.737238 12.585307
v 39.052456 -5.277984 1.026239
v 38.690201 -5.277984 -2.149817
v 38.690201 21.737240 -2.149813
v 39.052456 21.737240 1.026244
v 18.301727 -5.277983 -7.993439
v 18.301727 21.737242 -7.993434
v 20.503569 -5.277986 11.310998
v 20.503569 21.737238 11.311003
v 38.580345 -5.277985 4.187831
v 38.580345 21.737240 4.187836
v 20.871143 -5.277982 -9.895190
v 20.871143 21.737242 -9.895186
v 18.001602 -5.277986 9.321342
v 18.001602 21.737238 9.321347
v 37.306038 -5.277985 7.119504
v 37.306038 21.737238 7.119509
v 23.845217 -5.277982 -11.067128
v 23.845217 21.737242 -11.067123
v 16.099850 -5.277985 6.751922
v 16.099850 21.737238 6.751927
v 35.316383 -5.277986 9.621469
v 35.316383 21.737238 9.621473
v 14.927914 -5.277985 3.777848
v 14.927914 21.737240 3.777852
v 32.746964 -5.277986 11.523221
v 32.746964 21.737238 11.523225
v 33.114548 -5.277982 -9.682968
v 33.114548 21.737242 -9.682963
v 35.616512 -5.277983 -7.693310
v 35.616512 21.737242 -7.693305
v 14.565656 -5.277984 0.601792
v 14.565656 21.737240 0.601797
v 29.772890 -5.277986 12.695156
v 29.772890 21.737238 12.695161
v 37.518265 -5.277983 -5.123892
v 37.518265 21.737242 -5.123888
vt 0.208333 0.000000
vt 0.250000 0.000000
vt 0.250000 0.999992
vt 0.208333 0.999992
vt 0.416666 0.000000
vt 0.458333 0.000000
vt 0.458333 0.999992
vt 0.416666 0.999992
vt 0.708333 0.000000
vt 0.750000 0.000000
vt 0.750000 0.999992
vt 0.708333 0.999992
vt 0.000000 0.000000
vt 0.041667 0.000000
vt 0.041667 0.999992
vt 0.000000 0.999992
vt 0.375000 0.000000
vt 0.375000 0.999992
vt 0.666667 0.000000
vt 0.666667 0.999992
vt 0.958333 0.000000
vt 1.000000 0.000000
vt 1.000000 0.999992
vt 0.958333 0.999992
vt 0.333333 0.000000
vt 0.333333 0.999992
vt 0.625000 0.000000
vt 0.625000 0.999992
vt 0.916666 0.000000
vt 0.916666 0.999992
vt 0.291667 0.000000
vt 0.291667 0.999992
vt 0.583333 0.000000
vt 0.583333 0.999992
vt 0.874999 0.000000
vt 0.874999 0.999992
vt 0.541666 0.000000
vt 0.541666 0.999992
vt 0.833333 0.000000
vt 0.833333 0.999992
vt 0.166667 0.000000
vt 0.166667 0.999992
vt 0.125000 0.000000
vt 0.125000 0.999992
vt 0.500000 0.000000
vt 0.500000 0.999992
vt 0.791666 0.000000
vt 0.791666 0.999992
vt 0.083333 0.000000
vt 0.083333 0.999992
vn 0.2755 0.0000 -0.9613
vn 0.0173 0.0000 -0.9998
vn -0.8572 0.0000 -0.5149
vn -0.9613 0.0000 -0.2755
vn -0.2755 -0.0000 0.9613
vn -0.0173 -0.0000 0.9998
vn 0.9998 0.0000 0.0173
vn 0.9703 0.0000 -0.2420
vn -0.6947 0.0000 -0.7193
vn -0.5149 -0.0000 0.8572
vn 0.9613 -0.0000 0.2755
vn -0.4849 0.0000 -0.8746
vn -0.7193 -0.0000 0.6947
vn 0.8572 -0.0000 0.5149
vn -0.2420 0.0000 -0.9703
vn -0.8746 -0.0000 0.4849
vn 0.6947 -0.0000 0.7193
vn -0.9703 -0.0000 0.2420
vn 0.4849 -0.0000 0.8746
vn 0.5149 0.0000 -0.8572
vn 0.7193 0.0000 -0.6947
vn -0.9998 -0.0000 -0.0173
vn 0.2420 -0.0000 0.9703
vn 0.8746 0.0000 -0.4849
s 1
f 3059/3279/3546 3060/3280/3547 3061/3281/3547 3062/3282/3546
f 3063/3283/3548 3064/3284/3549 3065/3285/3549 3066/3286/3548
f 3067/3287/3550 3068/3288/3551 3069/3289/3551 3070/3290/3550
f 3071/3291/3552 3072/3292/3553 3073/3293/3553 3074/3294/3552
f 3075/3295/3554 3063/3283/3548 3066/3286/3548 3076/3296/3554
f 3077/3297/3555 3067/3287/3550 3070/3290/3550 3078/3298/3555
f 3079/3299/3556 3071/3300/3552 3074/3301/3552 3080/3302/3556
f 3081/3303/3557 3075/3295/3554 3076/3296/3554 3082/3304/3557
f 3083/3305/3558 3077/3297/3555 3078/3298/3555 3084/3306/3558
f 3085/3307/3559 3079/3299/3556 3080/3302/3556 3086/3308/3559
f 3087/3309/3560 3081/3303/3557 3082/3304/3557 3088/3310/3560
f 3089/3311/3561 3083/3305/3558 3084/3306/3558 3090/3312/3561
f 3091/3313/3562 3085/3307/3559 3086/3308/3559 3092/3314/3562
f 3060/3280/3547 3087/3309/3560 3088/3310/3560 3061/3281/3547
f 3093/3315/3563 3089/3311/3561 3090/3312/3561 3094/3316/3563
f 3095/3317/3564 3091/3313/3562 3092/3314/3562 3096/3318/3564
f 3097/3319/3565 3059/3279/3546 3062/3282/3546 3098/3320/3565
f 3099/3321/3566 3097/3319/3565 3098/3320/3565 3100/3322/3566
f 3101/3323/3567 3093/3315/3563 3094/3316/3563 3102/3324/3567
f 3103/3325/3568 3095/3317/3564 3096/3318/3564 3104/3326/3568
f 3105/3327/3569 3099/3321/3566 3100/3322/3566 3106/3328/3569
f 3064/3284/3549 3101/3323/3567 3102/3324/3567 3065/3285/3549
f 3068/3288/3551 3103/3325/3568 3104/3326/3568 3069/3289/3551
f 3072/3292/3553 3105/3327/3569 3106/3328/3569 3073/3293/3553
o bottom
v -8.426661 -19.527966 -13.325443
v -8.361893 -19.366667 -13.342630
v -8.662947 -19.366667 -15.672977
v -8.729958 -19.527966 -15.673140
v -8.415291 -19.527966 -18.019335
v -8.350607 -19.366667 -18.001833
v -7.446157 -19.366667 -20.170496
v -7.504108 -19.527966 -20.204142
v -8.729958 -21.234333 -15.673140
v -8.415293 -21.234333 -18.019335
v -7.526073 -19.527966 -11.136248
v -7.467958 -19.366667 -11.169613
v -6.089565 -19.527966 -9.254736
v -6.042066 -19.366667 -9.302006
v -4.215034 -19.527967 -7.809132
v -4.181388 -19.366669 -7.867084
v -2.030227 -19.527967 -6.897950
v -2.012726 -19.366669 -6.962636
v 0.315967 -19.527967 -6.583284
v 0.316129 -19.366669 -6.650294
v 2.663657 -19.527967 -6.886580
v 2.646470 -19.366669 -6.951349
v 4.852852 -19.527967 -7.787169
v 4.819488 -19.366669 -7.845283
v 6.734366 -19.527969 -9.223679
v 6.687097 -19.366671 -9.271175
v 8.179970 -19.527969 -11.098208
v 8.122019 -19.366671 -11.131854
v 9.091152 -19.527969 -13.283015
v 9.026468 -19.366671 -13.300516
v 9.405819 -19.527969 -15.629210
v 9.338808 -19.366671 -15.629372
v 9.102522 -19.527969 -17.976898
v 9.037754 -19.366671 -17.959713
v 8.201935 -19.527969 -20.166096
v 8.143821 -19.366671 -20.132730
v 6.765428 -19.527969 -22.047607
v 6.717929 -19.366671 -22.000338
v 4.890897 -19.527967 -23.493212
v 4.857252 -19.366669 -23.435261
v 2.706090 -19.527967 -24.404396
v 2.688589 -19.366669 -24.339710
v 0.359896 -19.527967 -24.719063
v 0.359734 -19.366669 -24.652050
v -1.987793 -19.527967 -24.415768
v -1.970607 -19.366669 -24.350998
v -4.176990 -19.527967 -23.515179
v -4.143625 -19.366669 -23.457066
v -6.058502 -19.527966 -22.078671
v -6.011233 -19.366667 -22.031174
v -7.877245 -23.493322 -17.873766
v -7.022069 -23.493322 -19.924276
v -6.743963 -23.493322 -19.762812
v -7.566823 -23.493322 -17.789782
v -8.729959 -22.940699 -15.673140
v -8.415293 -22.940699 -18.019335
v -8.257702 -23.331465 -17.976698
v -8.566704 -23.331465 -15.672745
v -8.172569 -23.493322 -15.671790
v -7.504109 -22.940699 -20.204142
v -7.362922 -23.331465 -20.122169
v -6.058503 -22.940699 -22.078671
v -5.943344 -23.331465 -21.962952
v -5.665323 -23.493322 -21.683582
v -4.176990 -22.940701 -23.515179
v -4.095704 -23.331467 -23.373596
v -3.899463 -23.493324 -23.031790
v -1.987794 -22.940701 -24.415768
v -1.945922 -23.331467 -24.257971
v -1.844835 -23.493324 -23.877018
v 0.359896 -22.940701 -24.719063
v 0.359500 -23.331467 -24.555805
v 0.358545 -23.493324 -24.161671
v 2.706089 -22.940701 -24.404396
v 2.663453 -23.331467 -24.246805
v 2.560521 -23.493324 -23.866348
v 4.890896 -22.940701 -23.493212
v 4.808927 -23.331467 -23.352028
v 4.611032 -23.493324 -23.011173
v 6.765427 -22.940702 -22.047607
v 6.649707 -23.331469 -21.932447
v 6.370337 -23.493326 -21.654427
v 8.201935 -22.940702 -20.166096
v 8.060352 -23.331469 -20.084810
v 7.718544 -23.493326 -19.888569
v 9.102522 -22.940702 -17.976898
v 8.944727 -23.331469 -17.935026
v 8.563774 -23.493326 -17.833939
v 9.405817 -22.940702 -15.629210
v 9.242563 -23.331469 -15.629604
v 8.848427 -23.493326 -15.630560
v 9.091152 -22.940702 -13.283015
v 8.933563 -23.331469 -13.325651
v 8.553104 -23.493326 -13.428583
v 8.179970 -22.940702 -11.098208
v 8.038784 -23.331469 -11.180179
v 7.697930 -23.493326 -11.378073
v 6.734365 -22.940702 -9.223679
v 6.619205 -23.331469 -9.339397
v 6.341186 -23.493326 -9.618769
v 4.852852 -22.940701 -7.787169
v 4.771567 -23.331467 -7.928751
v 4.575325 -23.493324 -8.270559
v 2.663657 -22.940701 -6.886580
v 2.621784 -23.331467 -7.044377
v 2.520696 -23.493324 -7.425328
v 0.315966 -22.940701 -6.583284
v 0.316362 -23.331467 -6.746540
v 0.317316 -23.493324 -7.140676
v -2.030227 -22.940701 -6.897950
v -1.987591 -23.331467 -7.055540
v -1.884658 -23.493324 -7.435997
v -4.215034 -22.940701 -7.809132
v -4.133064 -23.331467 -7.950318
v -3.935171 -23.493324 -8.291172
v -6.089565 -22.940699 -9.254736
v -5.973847 -23.331465 -9.369896
v -5.694477 -23.493322 -9.647917
v -7.526073 -22.940699 -11.136248
v -7.384492 -23.331465 -11.217533
v -7.042684 -23.493322 -11.413774
v -8.426661 -22.940699 -13.325443
v -8.268867 -23.331465 -13.367315
v -7.887915 -23.493322 -13.468402
v -7.504109 -21.234333 -20.204142
v -6.058502 -21.234333 -22.078671
v -4.176990 -21.234335 -23.515179
v -1.987794 -21.234335 -24.415768
v 0.359896 -21.234335 -24.719063
v 2.706089 -21.234335 -24.404396
v 4.890897 -21.234335 -23.493212
v 6.765428 -21.234337 -22.047607
v 8.201935 -21.234337 -20.166096
v 9.102522 -21.234337 -17.976898
v 9.405819 -21.234337 -15.629210
v 9.091152 -21.234337 -13.283015
v 8.179970 -21.234337 -11.098208
v 6.734366 -21.234337 -9.223679
v 4.852852 -21.234335 -7.787169
v 2.663657 -21.234335 -6.886580
v 0.315967 -21.234335 -6.583284
v -2.030227 -21.234335 -6.897950
v -4.215034 -21.234335 -7.809132
v -6.089565 -21.234333 -9.254736
v -7.526073 -21.234333 -11.136248
v -8.426661 -21.234333 -13.325443
v -1.762356 -23.493324 -23.566195
v -3.739348 -23.493324 -22.752903
v 4.449567 -23.493324 -22.733067
v 2.476538 -23.493324 -23.555925
v 8.252951 -23.493326 -17.751461
v 7.439659 -23.493326 -19.728455
v 7.419824 -23.493326 -11.539538
v 8.242683 -23.493326 -13.512567
v 2.438218 -23.493324 -7.736152
v 4.415210 -23.493324 -8.549444
v -3.773706 -23.493324 -8.569281
v -1.800674 -23.493324 -7.746420
v -7.577090 -23.493322 -13.550881
v -6.763797 -23.493322 -11.573889
v -7.850989 -23.493322 -15.671011
v -5.438482 -23.493324 -21.455641
v 0.357767 -23.493324 -23.840092
v 6.142394 -23.493324 -21.427586
v 8.526848 -23.493326 -15.631338
v 6.114347 -23.493324 -9.846711
v 0.318096 -23.493324 -7.462255
v -5.466535 -23.493324 -9.874758
v 4.389604 -22.945841 -22.629787
v 2.445350 -22.945841 -23.440647
v -7.461662 -22.945839 -13.581511
v -6.660230 -22.945839 -11.633350
v -7.451545 -22.945839 -17.758595
v -7.731566 -22.945839 -15.670722
v 4.355749 -22.945841 -8.653013
v 6.030106 -22.945841 -9.931359
v 6.057745 -22.945841 -21.343346
v -6.640685 -22.945839 -19.702848
v 2.407589 -22.945841 -7.851581
v 7.336091 -22.945843 -19.668991
v -5.354242 -22.945841 -21.370991
v 0.318385 -22.945841 -7.581678
v 8.137524 -22.945843 -17.720831
v -3.679888 -22.945841 -22.649336
v -1.769486 -22.945841 -7.861698
v 8.407425 -22.945843 -15.631628
v -1.731727 -22.945841 -23.450768
v -3.713744 -22.945841 -8.672558
v 8.127405 -22.945843 -13.543755
v 0.357478 -22.945841 -23.720669
v -5.381885 -22.945841 -9.958998
v 7.316545 -22.945843 -11.599500
vt 0.041666 0.595064
vt 0.041666 0.598930
vt -0.000000 0.598930
vt -0.000000 0.595064
vt 0.958333 0.595064
vt 0.958333 0.598930
vt 0.916667 0.598930
vt 0.916667 0.595064
vt 1.000000 0.554156
vt 1.000000 0.595064
vt 0.958333 0.554156
vt 0.083333 0.595064
vt 0.083333 0.598930
vt 0.125000 0.595064
vt 0.125000 0.598930
vt 0.166666 0.595064
vt 0.166666 0.598930
vt 0.208333 0.595064
vt 0.208333 0.598930
vt 0.250000 0.595064
vt 0.250000 0.598930
vt 0.291667 0.595064
vt 0.291667 0.598930
vt 0.333333 0.595064
vt 0.333333 0.598930
vt 0.375000 0.595064
vt 0.375000 0.598930
vt 0.416666 0.595064
vt 0.416666 0.598930
vt 0.458333 0.595064
vt 0.458333 0.598930
vt 0.500000 0.595064
vt 0.500000 0.598930
vt 0.541667 0.595064
vt 0.541667 0.598931
vt 0.583333 0.595064
vt 0.583333 0.598930
vt 0.625000 0.595064
vt 0.625000 0.598930
vt 0.666667 0.595064
vt 0.666667 0.598930
vt 0.708333 0.595064
vt 0.708333 0.598930
vt 0.750000 0.595064
vt 0.750000 0.598930
vt 0.791667 0.595064
vt 0.791667 0.598930
vt 0.833333 0.595064
vt 0.833333 0.598930
vt 0.875000 0.595064
vt 0.875000 0.598930
vt 0.808299 0.467573
vt 0.862624 0.445070
vt 0.862624 0.445070
vt 0.808299 0.467573
vt 1.000000 0.513248
vt 0.958333 0.513248
vt 0.958708 0.500000
vt 0.999625 0.500000
vt 0.750559 0.489926
vt 0.811557 0.481896
vt 0.750000 0.475248
vt 0.916667 0.513248
vt 0.917042 0.500000
vt 0.957958 0.500000
vt 0.812638 0.481606
vt 0.869479 0.458062
vt 0.875000 0.513248
vt 0.875375 0.500000
vt 0.916292 0.500000
vt 0.870447 0.457503
vt 0.919258 0.420049
vt 0.909274 0.409274
vt 0.833333 0.513248
vt 0.833708 0.500000
vt 0.874625 0.500000
vt 0.920049 0.419258
vt 0.957503 0.370447
vt 0.945070 0.362624
vt 0.791667 0.513248
vt 0.792042 0.500000
vt 0.832958 0.500000
vt 0.958062 0.369479
vt 0.981606 0.312638
vt 0.967572 0.308298
vt 0.750000 0.513248
vt 0.750375 0.500000
vt 0.791291 0.500000
vt 0.981896 0.311557
vt 0.989926 0.250559
vt 0.975247 0.250000
vt 0.708333 0.513248
vt 0.708708 0.500000
vt 0.749625 0.500000
vt 0.989926 0.249441
vt 0.981896 0.188443
vt 0.967573 0.191702
vt 0.666667 0.513248
vt 0.667042 0.500000
vt 0.707958 0.500000
vt 0.981606 0.187362
vt 0.958062 0.130521
vt 0.945070 0.137376
vt 0.625000 0.513248
vt 0.625375 0.500000
vt 0.666291 0.500000
vt 0.957503 0.129553
vt 0.920049 0.080742
vt 0.909274 0.090726
vt 0.583333 0.513248
vt 0.583708 0.500000
vt 0.624625 0.500000
vt 0.919258 0.079951
vt 0.870448 0.042497
vt 0.862624 0.054930
vt 0.541666 0.513248
vt 0.542042 0.500000
vt 0.582958 0.500000
vt 0.869479 0.041938
vt 0.812638 0.018394
vt 0.808298 0.032428
vt 0.500000 0.513248
vt 0.500375 0.500000
vt 0.541291 0.500000
vt 0.811557 0.018104
vt 0.750559 0.010074
vt 0.750000 0.024752
vt 0.458333 0.513248
vt 0.458708 0.500000
vt 0.499625 0.500000
vt 0.749441 0.010074
vt 0.688443 0.018104
vt 0.691702 0.032428
vt 0.416666 0.513248
vt 0.417042 0.500000
vt 0.457958 0.500000
vt 0.687362 0.018394
vt 0.630521 0.041938
vt 0.637376 0.054930
vt 0.375000 0.513248
vt 0.375375 0.500000
vt 0.416291 0.500000
vt 0.629553 0.042497
vt 0.580742 0.079951
vt 0.590726 0.090726
vt 0.333333 0.513248
vt 0.333708 0.500000
vt 0.374625 0.500000
vt 0.579951 0.080742
vt 0.542497 0.129552
vt 0.554930 0.137376
vt 0.291667 0.513248
vt 0.292042 0.500000
vt 0.332958 0.500000
vt 0.541938 0.130521
vt 0.518394 0.187362
vt 0.532428 0.191702
vt 0.250000 0.513248
vt 0.250375 0.500000
vt 0.291291 0.500000
vt 0.518104 0.188442
vt 0.510074 0.249441
vt 0.524752 0.250000
vt 0.208333 0.513248
vt 0.208708 0.500000
vt 0.249625 0.500000
vt 0.510074 0.250559
vt 0.518104 0.311557
vt 0.532427 0.308298
vt 0.166666 0.513248
vt 0.167042 0.500000
vt 0.207958 0.500000
vt 0.518394 0.312638
vt 0.541938 0.369479
vt 0.554930 0.362624
vt 0.125000 0.513248
vt 0.125375 0.500000
vt 0.166291 0.500000
vt 0.542497 0.370447
vt 0.579951 0.419258
vt 0.590726 0.409274
vt 0.083333 0.513248
vt 0.083708 0.500000
vt 0.124625 0.500000
vt 0.580742 0.420049
vt 0.629552 0.457503
vt 0.637376 0.445070
vt 0.041666 0.513248
vt 0.042042 0.500000
vt 0.082958 0.500000
vt 0.630521 0.458062
vt 0.687362 0.481606
vt 0.691701 0.467572
vt -0.000000 0.513248
vt 0.000375 0.500000
vt 0.041291 0.500000
vt 0.688442 0.481896
vt 0.749441 0.489926
vt 1.000000 0.598930
vt 0.916667 0.554156
vt 0.875000 0.554156
vt 0.833333 0.554156
vt 0.791667 0.554156
vt 0.750000 0.554156
vt 0.708333 0.554156
vt 0.666667 0.554156
vt 0.625000 0.554156
vt 0.583333 0.554156
vt 0.541667 0.554156
vt 0.500000 0.554156
vt 0.458333 0.554156
vt 0.416666 0.554156
vt 0.375000 0.554156
vt 0.333333 0.554156
vt 0.291667 0.554156
vt 0.250000 0.554156
vt 0.208333 0.554156
vt 0.166666 0.554156
vt 0.125000 0.554156
vt 0.083333 0.554156
vt 0.041666 0.554156
vt -0.000000 0.554156
vt 0.967572 0.308298
vt 0.945070 0.362624
vt 0.945070 0.137376
vt 0.967573 0.191702
vt 0.808298 0.032428
vt 0.862624 0.054930
vt 0.637376 0.054930
vt 0.691702 0.032428
vt 0.532428 0.191702
vt 0.554930 0.137376
vt 0.554930 0.362624
vt 0.532427 0.308298
vt 0.691701 0.467572
vt 0.637376 0.445070
vt 0.750000 0.475248
vt 0.909274 0.409274
vt 0.975247 0.250000
vt 0.909274 0.090726
vt 0.750000 0.024752
vt 0.590726 0.090726
vt 0.524752 0.250000
vt 0.590726 0.409274
vt 0.945070 0.137376
vt 0.967573 0.191702
vt 0.691701 0.467572
vt 0.637376 0.445070
vt 0.808299 0.467573
vt 0.750000 0.475248
vt 0.554930 0.137376
vt 0.590726 0.090726
vt 0.909274 0.090726
vt 0.862624 0.445070
vt 0.532428 0.191702
vt 0.862624 0.054930
vt 0.909274 0.409274
vt 0.524752 0.250000
vt 0.808298 0.032428
vt 0.945070 0.362624
vt 0.532427 0.308298
vt 0.750000 0.024752
vt 0.967572 0.308298
vt 0.554930 0.362624
vt 0.691702 0.032428
vt 0.975247 0.250000
vt 0.590726 0.409274
vt 0.637376 0.054930
vn -0.9485 0.1926 0.2517
vn -0.8926 0.3837 0.2369
vn -0.9235 0.3837 -0.0022
vn -0.9813 0.1926 -0.0024
vn -0.9472 0.1926 -0.2563
vn -0.8914 0.3837 -0.2412
vn -0.7986 0.3837 -0.4637
vn -0.8486 0.1926 -0.4927
vn -1.0000 0.0000 -0.0024
vn -0.9653 0.0000 -0.2612
vn -0.8510 0.1926 0.4886
vn -0.8009 0.3837 0.4598
vn -0.6956 0.1926 0.6922
vn -0.6546 0.3837 0.6514
vn -0.4927 0.1926 0.8486
vn -0.4637 0.3837 0.7986
vn -0.2563 0.1926 0.9472
vn -0.2412 0.3837 0.8914
vn -0.0024 0.1926 0.9813
vn -0.0022 0.3837 0.9235
vn 0.2517 0.1926 0.9485
vn 0.2369 0.3837 0.8926
vn 0.4886 0.1926 0.8510
vn 0.4598 0.3836 0.8009
vn 0.6922 0.1926 0.6956
vn 0.6514 0.3836 0.6546
vn 0.8486 0.1926 0.4927
vn 0.7986 0.3836 0.4637
vn 0.9472 0.1926 0.2563
vn 0.8914 0.3837 0.2412
vn 0.9813 0.1926 0.0024
vn 0.9235 0.3837 0.0022
vn 0.9485 0.1926 -0.2517
vn 0.8926 0.3836 -0.2369
vn 0.8510 0.1926 -0.4886
vn 0.8009 0.3837 -0.4598
vn 0.6956 0.1926 -0.6922
vn 0.6546 0.3837 -0.6514
vn 0.4927 0.1926 -0.8486
vn 0.4637 0.3837 -0.7986
vn 0.2563 0.1926 -0.9472
vn 0.2412 0.3837 -0.8914
vn 0.0024 0.1926 -0.9813
vn 0.0022 0.3837 -0.9235
vn -0.2517 0.1926 -0.9485
vn -0.2369 0.3837 -0.8926
vn -0.4886 0.1926 -0.8510
vn -0.4598 0.3837 -0.8009
vn -0.6922 0.1926 -0.6956
vn -0.6514 0.3837 -0.6546
vn -0.2018 -0.9779 -0.0546
vn -0.1808 -0.9779 -0.1050
vn -0.0000 -1.0000 -0.0000
vn -0.9811 -0.1935 -0.0024
vn -0.9471 -0.1935 -0.2562
vn -0.8907 -0.3855 -0.2410
vn -0.9227 -0.3855 -0.0022
vn -0.3799 -0.9250 -0.0009
vn -0.3667 -0.9250 -0.0992
vn -0.2090 -0.9779 -0.0005
vn -0.8485 -0.1935 -0.4926
vn -0.7980 -0.3855 -0.4633
vn -0.3285 -0.9250 -0.1907
vn -0.6921 -0.1935 -0.6954
vn -0.6509 -0.3855 -0.6540
vn -0.2680 -0.9250 -0.2693
vn -0.1475 -0.9779 -0.1482
vn -0.4885 -0.1935 -0.8508
vn -0.4594 -0.3855 -0.8002
vn -0.1891 -0.9250 -0.3294
vn -0.1041 -0.9779 -0.1813
vn -0.2516 -0.1935 -0.9483
vn -0.2367 -0.3855 -0.8918
vn -0.0974 -0.9250 -0.3672
vn -0.0536 -0.9779 -0.2020
vn 0.0024 -0.1935 -0.9811
vn 0.0022 -0.3855 -0.9227
vn 0.0009 -0.9250 -0.3799
vn 0.0005 -0.9779 -0.2090
vn 0.2562 -0.1935 -0.9471
vn 0.2410 -0.3855 -0.8907
vn 0.0992 -0.9250 -0.3667
vn 0.0546 -0.9779 -0.2018
vn 0.4926 -0.1935 -0.8485
vn 0.4633 -0.3855 -0.7980
vn 0.1907 -0.9250 -0.3285
vn 0.1050 -0.9779 -0.1808
vn 0.6954 -0.1935 -0.6921
vn 0.6540 -0.3855 -0.6509
vn 0.2693 -0.9250 -0.2680
vn 0.1482 -0.9779 -0.1474
vn 0.8508 -0.1935 -0.4885
vn 0.8002 -0.3855 -0.4594
vn 0.3294 -0.9250 -0.1891
vn 0.1813 -0.9779 -0.1041
vn 0.9483 -0.1935 -0.2516
vn 0.8918 -0.3855 -0.2367
vn 0.3672 -0.9250 -0.0974
vn 0.2020 -0.9779 -0.0536
vn 0.9811 -0.1935 0.0024
vn 0.9227 -0.3855 0.0022
vn 0.3799 -0.9250 0.0009
vn 0.2090 -0.9779 0.0005
vn 0.9471 -0.1935 0.2562
vn 0.8907 -0.3855 0.2410
vn 0.3667 -0.9250 0.0992
vn 0.2018 -0.9779 0.0546
vn 0.8485 -0.1935 0.4926
vn 0.7980 -0.3855 0.4633
vn 0.3285 -0.9250 0.1907
vn 0.1808 -0.9779 0.1050
vn 0.6921 -0.1935 0.6954
vn 0.6509 -0.3855 0.6540
vn 0.2680 -0.9250 0.2693
vn 0.1474 -0.9779 0.1482
vn 0.4885 -0.1935 0.8508
vn 0.4594 -0.3855 0.8002
vn 0.1891 -0.9250 0.3294
vn 0.1041 -0.9779 0.1813
vn 0.2516 -0.1935 0.9483
vn 0.2367 -0.3855 0.8918
vn 0.0974 -0.9250 0.3672
vn 0.0536 -0.9779 0.2020
vn -0.0024 -0.1935 0.9811
vn -0.0022 -0.3855 0.9227
vn -0.0009 -0.9250 0.3799
vn -0.0005 -0.9779 0.2090
vn -0.2562 -0.1935 0.9471
vn -0.2410 -0.3855 0.8907
vn -0.0992 -0.9250 0.3667
vn -0.0546 -0.9779 0.2018
vn -0.4926 -0.1935 0.8485
vn -0.4633 -0.3855 0.7980
vn -0.1907 -0.9250 0.3285
vn -0.1050 -0.9779 0.1808
vn -0.6954 -0.1935 0.6921
vn -0.6540 -0.3855 0.6509
vn -0.2693 -0.9250 0.2680
vn -0.1482 -0.9779 0.1475
vn -0.8508 -0.1935 0.4885
vn -0.8002 -0.3855 0.4594
vn -0.3294 -0.9250 0.1891
vn -0.1813 -0.9779 0.1041
vn -0.9483 -0.1935 0.2516
vn -0.8918 -0.3855 0.2367
vn -0.3672 -0.9250 0.0974
vn -0.2020 -0.9779 0.0536
vn -0.8648 0.0000 -0.5021
vn -0.7054 0.0000 -0.7088
vn -0.4979 0.0000 -0.8672
vn -0.2565 0.0000 -0.9665
vn 0.0024 -0.0000 -1.0000
vn 0.2612 -0.0000 -0.9653
vn 0.5021 -0.0000 -0.8648
vn 0.7088 -0.0000 -0.7054
vn 0.8672 -0.0000 -0.4979
vn 0.9665 -0.0000 -0.2565
vn 1.0000 -0.0000 0.0024
vn 0.9653 -0.0000 0.2612
vn 0.8648 0.0000 0.5021
vn 0.7054 -0.0000 0.7088
vn 0.4979 -0.0000 0.8672
vn 0.2565 -0.0000 0.9665
vn -0.0024 -0.0000 1.0000
vn -0.2612 0.0000 0.9653
vn -0.5021 0.0000 0.8648
vn -0.7088 0.0000 0.7054
vn -0.8672 0.0000 0.4979
vn -0.9665 0.0000 0.2565
vn -0.2552 -0.2131 0.9431
vn -0.4906 -0.2131 0.8449
vn 0.8473 -0.2131 -0.4865
vn 0.9443 -0.2131 -0.2506
vn 0.9770 -0.2131 0.0024
vn 0.9431 -0.2131 0.2552
vn -0.6892 -0.2131 -0.6925
vn -0.4865 -0.2131 -0.8473
vn -0.6925 -0.2131 0.6892
vn 0.8449 -0.2131 0.4906
vn -0.2506 -0.2131 -0.9443
vn -0.8473 -0.2131 0.4865
vn 0.6892 -0.2131 0.6925
vn 0.0024 -0.2131 -0.9770
vn -0.9443 -0.2131 0.2506
vn 0.4865 -0.2131 0.8473
vn 0.2552 -0.2131 -0.9431
vn -0.9770 -0.2131 -0.0024
vn 0.2506 -0.2131 0.9443
vn 0.4906 -0.2131 -0.8449
vn -0.9431 -0.2131 -0.2552
vn -0.0024 -0.2131 0.9770
vn 0.6925 -0.2131 -0.6892
vn -0.8449 -0.2131 -0.4906
vn 0.0000 1.0000 -0.0000
s 1
f 3107/3329/3570 3108/3330/3571 3109/3331/3572 3110/3332/3573
f 3111/3333/3574 3112/3334/3575 3113/3335/3576 3114/3336/3577
f 3115/3337/3578 3110/3338/3573 3111/3333/3574 3116/3339/3579
f 3117/3340/3580 3118/3341/3581 3108/3330/3571 3107/3329/3570
f 3119/3342/3582 3120/3343/3583 3118/3341/3581 3117/3340/3580
f 3121/3344/3584 3122/3345/3585 3120/3343/3583 3119/3342/3582
f 3123/3346/3586 3124/3347/3587 3122/3345/3585 3121/3344/3584
f 3125/3348/3588 3126/3349/3589 3124/3347/3587 3123/3346/3586
f 3127/3350/3590 3128/3351/3591 3126/3349/3589 3125/3348/3588
f 3129/3352/3592 3130/3353/3593 3128/3351/3591 3127/3350/3590
f 3131/3354/3594 3132/3355/3595 3130/3353/3593 3129/3352/3592
f 3133/3356/3596 3134/3357/3597 3132/3355/3595 3131/3354/3594
f 3135/3358/3598 3136/3359/3599 3134/3357/3597 3133/3356/3596
f 3137/3360/3600 3138/3361/3601 3136/3359/3599 3135/3358/3598
f 3139/3362/3602 3140/3363/3603 3138/3361/3601 3137/3360/3600
f 3141/3364/3604 3142/3365/3605 3140/3363/3603 3139/3362/3602
f 3143/3366/3606 3144/3367/3607 3142/3365/3605 3141/3364/3604
f 3145/3368/3608 3146/3369/3609 3144/3367/3607 3143/3366/3606
f 3147/3370/3610 3148/3371/3611 3146/3369/3609 3145/3368/3608
f 3149/3372/3612 3150/3373/3613 3148/3371/3611 3147/3370/3610
f 3151/3374/3614 3152/3375/3615 3150/3373/3613 3149/3372/3612
f 3153/3376/3616 3154/3377/3617 3152/3375/3615 3151/3374/3614
f 3155/3378/3618 3156/3379/3619 3154/3377/3617 3153/3376/3616
f 3114/3336/3577 3113/3335/3576 3156/3379/3619 3155/3378/3618
f 3157/3380/3620 3158/3381/3621 3159/3382/3622 3160/3383/3622
f 3161/3384/3623 3162/3385/3624 3163/3386/3625 3164/3387/3626
f 3164/3388/3627 3163/3389/3628 3157/3380/3620 3165/3390/3629
f 3162/3385/3624 3166/3391/3630 3167/3392/3631 3163/3393/3625
f 3163/3394/3628 3167/3395/3632 3158/3381/3621 3157/3380/3620
f 3166/3391/3630 3168/3396/3633 3169/3397/3634 3167/3398/3631
f 3167/3399/3632 3169/3400/3635 3170/3401/3636 3158/3381/3621
f 3168/3396/3633 3171/3402/3637 3172/3403/3638 3169/3404/3634
f 3169/3405/3635 3172/3406/3639 3173/3407/3640 3170/3401/3636
f 3171/3402/3637 3174/3408/3641 3175/3409/3642 3172/3410/3638
f 3172/3411/3639 3175/3412/3643 3176/3413/3644 3173/3407/3640
f 3174/3408/3641 3177/3414/3645 3178/3415/3646 3175/3416/3642
f 3175/3417/3643 3178/3418/3647 3179/3419/3648 3176/3413/3644
f 3177/3414/3645 3180/3420/3649 3181/3421/3650 3178/3422/3646
f 3178/3423/3647 3181/3424/3651 3182/3425/3652 3179/3419/3648
f 3180/3420/3649 3183/3426/3653 3184/3427/3654 3181/3428/3650
f 3181/3429/3651 3184/3430/3655 3185/3431/3656 3182/3425/3652
f 3183/3426/3653 3186/3432/3657 3187/3433/3658 3184/3434/3654
f 3184/3435/3655 3187/3436/3659 3188/3437/3660 3185/3431/3656
f 3186/3432/3657 3189/3438/3661 3190/3439/3662 3187/3440/3658
f 3187/3441/3659 3190/3442/3663 3191/3443/3664 3188/3437/3660
f 3189/3438/3661 3192/3444/3665 3193/3445/3666 3190/3446/3662
f 3190/3447/3663 3193/3448/3667 3194/3449/3668 3191/3443/3664
f 3192/3444/3665 3195/3450/3669 3196/3451/3670 3193/3452/3666
f 3193/3453/3667 3196/3454/3671 3197/3455/3672 3194/3449/3668
f 3195/3450/3669 3198/3456/3673 3199/3457/3674 3196/3458/3670
f 3196/3459/3671 3199/3460/3675 3200/3461/3676 3197/3455/3672
f 3198/3456/3673 3201/3462/3677 3202/3463/3678 3199/3464/3674
f 3199/3465/3675 3202/3466/3679 3203/3467/3680 3200/3461/3676
f 3201/3462/3677 3204/3468/3681 3205/3469/3682 3202/3470/3678
f 3202/3471/3679 3205/3472/3683 3206/3473/3684 3203/3467/3680
f 3204/3468/3681 3207/3474/3685 3208/3475/3686 3205/3476/3682
f 3205/3477/3683 3208/3478/3687 3209/3479/3688 3206/3473/3684
f 3207/3474/3685 3210/3480/3689 3211/3481/3690 3208/3482/3686
f 3208/3483/3687 3211/3484/3691 3212/3485/3692 3209/3479/3688
f 3210/3480/3689 3213/3486/3693 3214/3487/3694 3211/3488/3690
f 3211/3489/3691 3214/3490/3695 3215/3491/3696 3212/3485/3692
f 3213/3486/3693 3216/3492/3697 3217/3493/3698 3214/3494/3694
f 3214/3495/3695 3217/3496/3699 3218/3497/3700 3215/3491/3696
f 3216/3492/3697 3219/3498/3701 3220/3499/3702 3217/3500/3698
f 3217/3501/3699 3220/3502/3703 3221/3503/3704 3218/3497/3700
f 3219/3498/3701 3222/3504/3705 3223/3505/3706 3220/3506/3702
f 3220/3507/3703 3223/3508/3707 3224/3509/3708 3221/3503/3704
f 3222/3504/3705 3225/3510/3709 3226/3511/3710 3223/3512/3706
f 3223/3513/3707 3226/3514/3711 3227/3515/3712 3224/3509/3708
f 3225/3510/3709 3228/3516/3713 3229/3517/3714 3226/3518/3710
f 3226/3519/3711 3229/3520/3715 3230/3521/3716 3227/3515/3712
f 3228/3516/3713 3161/3522/3623 3164/3523/3626 3229/3524/3714
f 3229/3525/3715 3164/3526/3627 3165/3390/3629 3230/3521/3716
f 3110/3338/3573 3109/3527/3572 3112/3334/3575 3111/3333/3574
f 3231/3528/3717 3114/3336/3577 3155/3378/3618 3232/3529/3718
f 3232/3529/3718 3155/3378/3618 3153/3376/3616 3233/3530/3719
f 3233/3530/3719 3153/3376/3616 3151/3374/3614 3234/3531/3720
f 3234/3531/3720 3151/3374/3614 3149/3372/3612 3235/3532/3721
f 3235/3532/3721 3149/3372/3612 3147/3370/3610 3236/3533/3722
f 3236/3533/3722 3147/3370/3610 3145/3368/3608 3237/3534/3723
f 3237/3534/3723 3145/3368/3608 3143/3366/3606 3238/3535/3724
f 3238/3535/3724 3143/3366/3606 3141/3364/3604 3239/3536/3725
f 3239/3536/3725 3141/3364/3604 3139/3362/3602 3240/3537/3726
f 3240/3537/3726 3139/3362/3602 3137/3360/3600 3241/3538/3727
f 3241/3538/3727 3137/3360/3600 3135/3358/3598 3242/3539/3728
f 3242/3539/3728 3135/3358/3598 3133/3356/3596 3243/3540/3729
f 3243/3540/3729 3133/3356/3596 3131/3354/3594 3244/3541/3730
f 3244/3541/3730 3131/3354/3594 3129/3352/3592 3245/3542/3731
f 3245/3542/3731 3129/3352/3592 3127/3350/3590 3246/3543/3732
f 3246/3543/3732 3127/3350/3590 3125/3348/3588 3247/3544/3733
f 3247/3544/3733 3125/3348/3588 3123/3346/3586 3248/3545/3734
f 3248/3545/3734 3123/3346/3586 3121/3344/3584 3249/3546/3735
f 3249/3546/3735 3121/3344/3584 3119/3342/3582 3250/3547/3736
f 3250/3547/3736 3119/3342/3582 3117/3340/3580 3251/3548/3737
f 3251/3548/3737 3117/3340/3580 3107/3329/3570 3252/3549/3738
f 3116/3339/3579 3111/3333/3574 3114/3336/3577 3231/3528/3717
f 3252/3549/3738 3107/3329/3570 3110/3332/3573 3115/3550/3578
f 3173/3407/3640 3176/3413/3644 3253/3551/3622 3254/3552/3622
f 3182/3425/3652 3185/3431/3656 3255/3553/3622 3256/3554/3622
f 3191/3443/3664 3194/3449/3668 3257/3555/3622 3258/3556/3622
f 3200/3461/3676 3203/3467/3680 3259/3557/3622 3260/3558/3622
f 3209/3479/3688 3212/3485/3692 3261/3559/3622 3262/3560/3622
f 3218/3497/3700 3221/3503/3704 3263/3561/3622 3264/3562/3622
f 3227/3515/3712 3230/3521/3716 3265/3563/3622 3266/3564/3622
f 3165/3390/3629 3157/3380/3620 3160/3383/3622 3267/3565/3622
f 3170/3401/3636 3173/3407/3640 3254/3552/3622 3268/3566/3622
f 3179/3419/3648 3182/3425/3652 3256/3554/3622 3269/3567/3622
f 3188/3437/3660 3191/3443/3664 3258/3556/3622 3270/3568/3622
f 3197/3455/3672 3200/3461/3676 3260/3558/3622 3271/3569/3622
f 3206/3473/3684 3209/3479/3688 3262/3560/3622 3272/3570/3622
f 3215/3491/3696 3218/3497/3700 3264/3562/3622 3273/3571/3622
f 3224/3509/3708 3227/3515/3712 3266/3564/3622 3274/3572/3622
f 3230/3521/3716 3165/3390/3629 3267/3565/3622 3265/3563/3622
f 3158/3381/3621 3170/3401/3636 3268/3566/3622 3159/3382/3622
f 3176/3413/3644 3179/3419/3648 3269/3567/3622 3253/3551/3622
f 3185/3431/3656 3188/3437/3660 3270/3568/3622 3255/3553/3622
f 3194/3449/3668 3197/3455/3672 3271/3569/3622 3257/3555/3622
f 3203/3467/3680 3206/3473/3684 3272/3570/3622 3259/3557/3622
f 3212/3485/3692 3215/3491/3696 3273/3571/3622 3261/3559/3622
f 3221/3503/3704 3224/3509/3708 3274/3572/3622 3263/3561/3622
f 3256/3554/3739 3255/3553/3740 3275/3573/3740 3276/3574/3739
f 3266/3564/3741 3265/3563/3742 3277/3575/3742 3278/3576/3741
f 3267/3565/3743 3160/3383/3744 3279/3577/3744 3280/3578/3743
f 3272/3570/3745 3262/3560/3746 3281/3579/3746 3282/3580/3745
f 3255/3553/3740 3270/3568/3747 3283/3581/3747 3275/3573/3740
f 3265/3563/3742 3267/3565/3743 3280/3578/3743 3277/3575/3742
f 3160/3383/3744 3159/3382/3748 3284/3582/3748 3279/3577/3744
f 3262/3560/3746 3261/3559/3749 3285/3583/3749 3281/3579/3746
f 3270/3568/3747 3258/3556/3750 3286/3584/3750 3283/3581/3747
f 3159/3382/3748 3268/3566/3751 3287/3585/3751 3284/3582/3748
f 3261/3559/3749 3273/3571/3752 3288/3586/3752 3285/3583/3749
f 3258/3556/3750 3257/3555/3753 3289/3587/3753 3286/3584/3750
f 3268/3566/3751 3254/3552/3754 3290/3588/3754 3287/3585/3751
f 3273/3571/3752 3264/3562/3755 3291/3589/3755 3288/3586/3752
f 3257/3555/3753 3271/3569/3756 3292/3590/3756 3289/3587/3753
f 3254/3552/3754 3253/3551/3757 3293/3591/3757 3290/3588/3754
f 3264/3562/3755 3263/3561/3758 3294/3592/3758 3291/3589/3755
f 3271/3569/3756 3260/3558/3759 3295/3593/3759 3292/3590/3756
f 3253/3551/3757 3269/3567/3760 3296/3594/3760 3293/3591/3757
f 3263/3561/3758 3274/3572/3761 3297/3595/3761 3294/3592/3758
f 3260/3558/3759 3259/3557/3762 3298/3596/3762 3295/3593/3759
f 3269/3567/3760 3256/3554/3739 3276/3574/3739 3296/3594/3760
f 3274/3572/3761 3266/3564/3741 3278/3576/3741 3297/3595/3761
f 3259/3557/3762 3272/3570/3745 3282/3580/3745 3298/3596/3762
f 3277/3575/3622 3294/3592/3622 3297/3595/3622 3278/3576/3622
f 3280/3578/3622 3291/3589/3622 3294/3592/3622 3277/3575/3622
f 3279/3577/3622 3288/3586/3622 3291/3589/3622 3280/3578/3622
f 3284/3582/3622 3285/3583/3622 3288/3586/3622 3279/3577/3622
f 3287/3585/3622 3281/3579/3622 3285/3583/3622 3284/3582/3622
f 3290/3588/3622 3282/3580/3622 3281/3579/3622 3287/3585/3622
f 3293/3591/3622 3298/3596/3622 3282/3580/3622 3290/3588/3622
f 3296/3594/3622 3295/3593/3622 3298/3596/3622 3293/3591/3622
f 3276/3574/3622 3292/3590/3622 3295/3593/3622 3296/3594/3622
f 3275/3573/3622 3289/3587/3622 3292/3590/3622 3276/3574/3622
f 3283/3581/3622 3286/3584/3622 3289/3587/3622 3275/3573/3622
f 3144/3367/3763 3138/3361/3763 3140/3363/3763 3142/3365/3763
f 3146/3369/3763 3136/3359/3763 3138/3361/3763 3144/3367/3763
f 3148/3371/3763 3134/3357/3763 3136/3359/3763 3146/3369/3763
f 3150/3373/3763 3132/3355/3763 3134/3357/3763 3148/3371/3763
f 3152/3375/3763 3130/3353/3763 3132/3355/3763 3150/3373/3763
f 3154/3377/3763 3128/3351/3763 3130/3353/3763 3152/3375/3763
f 3156/3379/3763 3126/3349/3763 3128/3351/3763 3154/3377/3763
f 3113/3335/3763 3124/3347/3763 3126/3349/3763 3156/3379/3763
f 3112/3334/3763 3122/3345/3763 3124/3347/3763 3113/3335/3763
f 3109/3527/3763 3120/3343/3763 3122/3345/3763 3112/3334/3763
f 3108/3330/3763 3118/3341/3763 3120/3343/3763 3109/3331/3763
f 3228/3516/3713 3252/3549/3738 3115/3550/3578 3161/3522/3623
f 3162/3385/3624 3116/3339/3579 3231/3528/3717 3166/3391/3630
f 3225/3510/3709 3251/3548/3737 3252/3549/3738 3228/3516/3713
f 3222/3504/3705 3250/3547/3736 3251/3548/3737 3225/3510/3709
f 3219/3498/3701 3249/3546/3735 3250/3547/3736 3222/3504/3705
f 3216/3492/3697 3248/3545/3734 3249/3546/3735 3219/3498/3701
f 3213/3486/3693 3247/3544/3733 3248/3545/3734 3216/3492/3697
f 3210/3480/3689 3246/3543/3732 3247/3544/3733 3213/3486/3693
f 3207/3474/3685 3245/3542/3731 3246/3543/3732 3210/3480/3689
f 3204/3468/3681 3244/3541/3730 3245/3542/3731 3207/3474/3685
f 3201/3462/3677 3243/3540/3729 3244/3541/3730 3204/3468/3681
f 3198/3456/3673 3242/3539/3728 3243/3540/3729 3201/3462/3677
f 3195/3450/3669 3241/3538/3727 3242/3539/3728 3198/3456/3673
f 3192/3444/3665 3240/3537/3726 3241/3538/3727 3195/3450/3669
f 3189/3438/3661 3239/3536/3725 3240/3537/3726 3192/3444/3665
f 3186/3432/3657 3238/3535/3724 3239/3536/3725 3189/3438/3661
f 3183/3426/3653 3237/3534/3723 3238/3535/3724 3186/3432/3657
f 3180/3420/3649 3236/3533/3722 3237/3534/3723 3183/3426/3653
f 3177/3414/3645 3235/3532/3721 3236/3533/3722 3180/3420/3649
f 3174/3408/3641 3234/3531/3720 3235/3532/3721 3177/3414/3645
f 3171/3402/3637 3233/3530/3719 3234/3531/3720 3174/3408/3641
f 3168/3396/3633 3232/3529/3718 3233/3530/3719 3171/3402/3637
f 3166/3391/3630 3231/3528/3717 3232/3529/3718 3168/3396/3633
f 3161/3384/3623 3115/3337/3578 3116/3339/3579 3162/3385/3624
o cover
v -8.196424 21.668348 -24.226984
v -10.125206 21.668348 -21.725914
v -10.378988 21.668348 -21.873257
v -8.403423 21.668348 -24.434990
v 9.011251 22.921469 -24.282570
v 6.481746 22.921469 -26.233282
v 6.052614 22.921471 -25.494141
v 8.405437 22.921469 -23.679684
v -2.765132 21.668346 -27.345222
v -5.686040 21.668348 -26.143625
v -5.832150 21.668348 -26.398117
v -2.840396 21.668346 -27.628860
v -5.754531 22.921473 -26.262924
v -8.293459 22.921473 -24.324490
v -7.690572 22.921473 -23.718676
v -5.328984 22.921471 -25.521713
v 12.730108 22.103586 -15.621152
v 12.315622 22.103586 -18.829510
v 12.315622 22.766909 -18.829510
v 12.730108 22.766909 -15.621152
v 12.031986 21.668344 -18.754244
v 10.830389 21.668344 -21.675152
v 11.084879 21.668344 -21.821262
v 12.315622 21.668344 -18.829510
v 3.533551 22.921471 -27.462837
v 0.367579 22.921471 -27.887451
v 0.365508 22.921471 -27.032774
v 3.310342 22.921471 -26.637814
v -2.800413 22.921471 -27.478182
v -2.581206 22.921471 -26.652088
v 3.497625 21.668346 -27.330051
v 0.367245 21.668346 -27.749893
v 0.367956 21.668346 -28.043343
v 3.574262 21.668346 -27.613319
v 12.436657 21.668344 -15.621862
v 12.730108 21.668344 -15.621152
v 8.913746 21.668344 -24.185535
v 6.412678 21.668344 -26.114315
v 6.560019 21.668344 -26.368099
v 9.121750 21.668344 -24.392536
v -11.340942 21.668348 -18.810862
v -11.760782 21.668348 -15.680482
v -12.054234 21.668348 -15.681192
v -11.624212 21.668348 -18.887499
v -2.364719 22.103588 -27.766495
v -5.832150 22.103590 -26.398117
v -5.832150 22.766912 -26.398117
v -2.364718 22.766911 -27.766495
v 12.574217 22.921469 -15.621530
v 12.164948 22.921469 -18.789526
v 11.338854 22.921469 -18.570318
v 11.719538 22.921469 -15.623600
v -10.244171 22.921473 -21.794983
v -11.473730 22.921473 -18.846786
v -10.648706 22.921473 -18.623579
v -9.505032 22.921473 -21.365850
v 10.949684 22.921469 -21.743643
v 10.208477 22.921469 -21.318096
v -11.624212 22.103590 -18.887499
v -12.054234 22.103590 -15.681192
v -12.054234 22.766912 -15.681192
v -11.624212 22.766912 -18.887499
v -8.403423 22.103590 -24.434990
v -8.403423 22.766912 -24.434990
v 9.121750 22.103586 -24.392536
v 6.560019 22.103586 -26.368099
v 6.560019 22.766909 -26.368099
v 9.121750 22.766909 -24.392536
v -7.143174 19.665596 -23.168617
v -8.833578 19.665228 -20.976013
v -8.386726 19.182913 -20.716581
v -6.778418 19.182913 -22.802090
v 3.099257 22.103588 -27.753258
v 3.099257 22.766911 -27.753258
v 11.084879 22.103586 -21.821262
v 11.084879 22.766909 -21.821262
v -10.378988 22.103590 -21.873257
v -10.378988 22.766912 -21.873257
v -4.942899 19.666149 -24.849236
v -4.685140 19.182911 -24.400276
v 3.257274 19.669758 -25.831123
v 0.363585 19.648945 -26.238914
v 0.362375 19.182911 -25.739658
v 3.503827 19.182911 -25.168037
v 9.536545 19.666737 -20.932323
v 7.856740 19.667385 -23.133640
v 7.488852 19.182909 -22.767529
v 9.087038 19.182909 -20.674252
v -2.508605 19.666939 -25.851555
v -2.694053 19.182911 -25.219364
v -9.912317 19.665020 -12.931224
v -9.413116 19.182913 -13.063688
v -9.750547 19.182913 -15.675612
v -10.266951 19.664951 -15.676863
v 5.664465 19.668367 -24.825596
v 5.403343 19.182911 -24.375837
v 10.944218 19.666248 -15.625479
v 10.589590 19.666367 -18.371498
v 10.088989 19.182909 -18.238661
v 10.426420 19.182909 -15.626733
v -9.899019 19.665020 -18.420753
v -9.400465 19.182913 -18.285872
v 10.055349 22.768278 -21.230183
v 8.280281 22.768278 -23.555134
v 8.028919 20.140947 -23.304985
v 9.747808 20.140947 -21.053616
v -7.566022 22.768282 -23.593521
v -9.352331 22.768282 -21.277197
v -9.045650 20.140951 -21.099142
v -7.315876 20.140951 -23.342155
v 0.365080 22.768280 -26.856201
v -2.535919 22.768280 -26.481426
v -2.444967 20.140949 -26.138664
v 0.364221 20.140949 -26.501583
v 5.963959 22.768280 -25.341440
v 5.785904 20.140949 -25.034760
v 11.542969 22.768278 -15.624028
v 11.168192 22.768278 -18.525032
v 10.825428 20.140947 -18.434078
v 11.188347 20.140947 -15.624887
v -10.478266 22.768282 -18.577467
v -10.867094 22.768282 -15.678317
v -10.512472 20.140951 -15.677458
v -10.135950 20.140951 -18.484854
v -5.241070 22.768280 -25.368586
v -5.064504 20.140949 -25.061045
v 3.264230 22.768280 -26.467375
v 3.171617 20.140949 -26.125057
v -4.156303 20.026783 -20.167240
v -5.172010 20.026783 -18.850164
v -2.857510 19.272995 -17.506401
v -2.268460 19.272995 -18.270229
v 2.001845 20.026783 -21.801332
v 0.698540 20.026783 -21.976128
v 0.692060 19.272995 -19.299831
v 1.302907 19.272995 -19.217907
v 4.854004 20.026783 -20.145416
v 3.536928 20.026783 -21.161121
v 2.193165 19.272995 -18.846621
v 2.956992 19.272995 -18.257572
v -1.296156 20.026783 -21.809322
v -2.834320 20.026783 -21.176556
v -1.501786 19.272995 -18.855572
v -0.609741 19.272995 -19.222540
v 6.709187 20.026781 -15.635737
v 6.496085 20.026781 -17.285267
v 3.909304 19.272995 -16.598852
v 4.032889 19.272995 -15.642221
v 5.863318 20.026783 -18.823433
v 3.542335 19.272995 -17.490898
v 0.001495 19.272995 -19.301504
v -0.003135 18.872561 -15.651999
v -5.812222 20.026785 -17.315083
v -3.228794 19.272995 -16.616144
v 5.141762 20.031578 -20.431782
v 6.215387 20.031576 -19.025566
v -5.523096 20.031580 -19.054001
v -4.442671 20.031578 -20.454998
v 2.464710 20.031578 -22.044390
v 2.465311 20.645481 -22.148018
v 1.914860 21.351467 -20.520271
v 1.914433 20.965759 -20.446131
v 3.740763 20.031578 -21.512207
v 6.888476 20.031576 -17.389389
v 7.115154 20.031576 -15.634754
v -6.204103 20.031580 -17.421104
v -6.439281 20.031580 -15.667590
v -3.036453 20.031578 -21.528625
v -1.698885 20.031578 -22.078871
v 0.679010 18.872561 -15.650346
v 0.007982 20.026783 -21.977802
v -6.236024 20.051794 -15.667098
v -6.007900 20.051794 -17.368023
v -6.033312 20.026785 -15.666607
v -4.299295 20.051792 -20.310926
v -2.935251 20.051792 -21.352354
v 4.997691 20.051792 -20.288406
v 6.039116 20.051792 -18.924364
v 2.054785 20.051792 -21.997009
v 3.638709 20.051792 -21.336430
v 6.692018 20.051790 -17.337257
v -5.347318 20.051792 -18.951946
v -1.348146 20.051792 -22.005253
v 0.031991 20.031578 -22.373516
v 0.025498 20.965759 -20.678644
v -1.176347 20.965759 -20.471912
v 0.669673 20.965759 -20.674934
v 1.750302 21.215855 -19.748077
v 0.666096 21.222939 -19.923555
v 6.911899 20.051790 -15.635247
v -3.357014 19.272995 -15.660124
v -12.008574 22.876204 -15.681082
v -11.580135 22.876204 -18.875574
v -11.898342 22.921473 -15.680815
v -8.371216 22.876204 -24.402626
v -5.809416 22.876204 -26.358521
v 0.367956 22.766911 -28.043343
v 0.367846 22.876202 -27.997684
v 3.562337 22.876202 -27.569244
v 9.089386 22.876200 -24.360329
v 11.045282 22.876200 -21.798529
v 6.537095 22.876200 -26.328611
v 12.271490 22.876200 -18.817799
v -10.339502 22.876204 -21.850332
v -2.828686 22.876202 -27.584728
v 12.684448 22.876200 -15.621263
v -11.043663 22.921473 -15.678744
v -10.927374 22.876604 -15.678463
v -10.536455 22.876604 -18.593210
v -7.608544 22.876604 -23.636250
v -5.271084 22.876602 -25.420864
v 0.365227 22.876602 -26.916485
v 3.279973 22.876602 -26.525562
v 8.323009 22.876600 -23.597656
v 10.107626 22.876600 -21.260197
v 5.994226 22.876602 -25.393574
v 11.226456 22.876600 -18.540493
v -9.404463 22.876604 -21.307465
v -2.551380 22.876602 -26.539688
v 11.603249 22.876600 -15.623882
v -1.698285 20.645481 -22.182499
v -2.683597 19.297678 -25.184643
v 3.514627 19.301474 -25.132168
v 0.379182 19.367382 -25.683847
v 3.464872 19.367382 -25.122372
v 0.355009 20.701820 -22.541531
v 2.409621 20.701820 -22.167669
v -2.621398 19.367382 -25.173061
v -1.642397 20.701820 -22.201511
v 1.747751 21.605007 -19.798704
v 1.284256 21.859337 -17.248472
v 1.284466 22.246063 -17.273111
v 1.177011 22.334522 -16.265675
v 1.177853 21.948799 -16.265568
v 0.330624 22.311367 -17.373789
v -0.540739 22.304207 -17.292660
v -0.447664 22.392654 -16.269747
v 0.324094 22.397259 -16.268526
v 1.228181 22.303768 -17.282486
v 1.120012 22.392315 -16.265881
v -0.695080 21.704533 -17.944038
v 0.012061 21.708218 -18.048082
v 0.007915 21.864727 -17.315481
v -0.597319 21.859791 -17.259129
v 1.392397 21.704296 -17.928482
v 1.394723 22.085873 -17.976856
v -1.120092 21.407192 -20.566359
v 0.348338 21.407192 -20.818945
v 1.859254 21.407192 -20.541216
v -1.175920 21.351467 -20.546055
v 0.344555 21.671188 -20.033058
v 1.691496 21.662098 -19.815125
v 0.001631 21.952293 -16.268950
v -0.505621 21.949165 -16.269733
v -0.597110 22.246521 -17.283768
v -0.504612 22.334881 -16.269823
v 0.652555 21.864647 -17.312733
v 0.646385 21.952209 -16.267361
v -0.963880 21.662697 -19.835684
v -1.023382 21.216450 -19.769306
v -1.020292 21.605618 -19.819874
v 1.148902 22.360508 -15.649208
v 1.149343 21.975468 -15.649207
v -0.696692 22.086128 -17.992460
v 0.334878 22.148388 -18.151548
v -0.640976 22.143013 -18.007877
v 0.656466 21.708191 -18.044687
v -0.000775 21.977478 -15.651993
v -0.482823 21.975685 -15.653161
v 0.643999 21.977428 -15.650431
v 0.321707 22.421017 -15.651212
v 1.091975 22.418129 -15.649345
v -0.425296 22.418327 -15.653022
v -0.482181 22.360722 -15.653159
v 1.339194 22.142769 -17.992859
v -2.667497 19.367382 -6.143735
v -2.729750 19.297678 -6.132455
v -2.740375 19.182911 -6.097785
v 0.021821 21.223015 -19.927011
v 0.676213 20.031578 -22.369825
v 5.999574 21.209843 -25.402786
v 3.282755 21.209843 -26.535847
v 8.330559 21.209841 -23.605167
v 11.613899 21.209841 -15.623856
v 11.236750 21.209841 -18.543224
v 10.116863 21.209841 -21.265499
v 0.365252 21.209843 -26.927135
v -2.554112 21.209843 -26.549984
v -7.616058 21.209845 -23.643799
v -9.413675 21.209845 -21.312811
v -5.276388 21.209843 -25.430103
v -10.546738 21.209845 -18.595991
v -10.938026 21.209845 -15.678489
v 8.330559 19.403570 -23.605167
v 5.999574 19.403572 -25.402786
v -10.546738 19.403574 -18.595991
v -10.938026 19.403574 -15.678489
v 3.282754 19.403572 -26.535847
v 0.365252 19.403572 -26.927135
v -7.616058 19.403574 -23.643799
v -9.413675 19.403574 -21.312811
v -5.276388 19.403572 -25.430103
v 11.613899 19.403570 -15.623856
v 11.236750 19.403570 -18.543224
v 10.116863 19.403570 -21.265499
v -2.554112 19.403572 -26.549984
v -8.300108 19.025721 -20.666290
v -9.303780 19.025721 -18.259714
v 10.326258 19.025717 -15.626975
v 9.992176 19.025717 -18.212971
v 9.000175 19.025717 -20.624380
v 7.417855 19.025717 -22.696877
v -2.223860 19.025719 -25.305412
v -4.635270 19.025719 -24.313414
v 0.362132 19.025719 -25.639496
v 5.353052 19.025719 -24.289217
v -9.650387 19.025721 -15.675369
v 2.946475 19.025719 -25.292889
v -6.707765 19.025721 -22.731094
v 3.660714 19.025717 -18.957893
v 2.691651 19.025717 -19.705215
v -4.187157 19.025717 -16.875423
v -4.349828 19.025717 -15.662529
v 1.562186 19.025717 -20.176262
v 0.349292 19.025717 -20.338936
v -2.968784 19.025717 -18.973951
v -3.716108 19.025717 -18.004889
v -1.996112 19.025717 -19.716572
v 5.025700 19.025717 -15.639816
v 4.868905 19.025717 -16.853487
v 4.403336 19.025717 -17.985220
v -0.864378 19.025717 -20.182140
v 0.337935 18.218885 -15.651173
v 0.367956 22.103588 -28.043343
v 0.375432 22.103588 -31.129223
v -0.126570 22.103588 -31.038477
v -0.126570 22.766911 -31.038477
v 0.375432 22.766911 -31.129223
v -2.103855 22.766911 -29.093445
v -2.103855 22.103588 -29.093445
v 1.850486 22.103588 -30.651566
v 2.518052 22.103588 -29.936264
v -1.101919 22.766911 -30.658718
v -1.772943 22.766911 -29.946659
v 2.844826 22.103588 -29.081459
v 2.844826 22.766911 -29.081459
v -1.772943 22.103588 -29.946659
v -1.101919 22.103588 -30.658718
v 0.876988 22.103588 -31.036045
v 0.876988 22.766911 -31.036045
v 2.518053 22.766911 -29.936264
v 1.850486 22.766911 -30.651566
v -8.237875 21.668348 -7.116813
v -8.445879 21.668348 -6.909813
v -10.409008 21.668348 -9.481087
v -10.154516 21.668348 -9.627195
v 8.969330 22.921469 -6.977855
v 8.366444 22.921469 -7.583669
v 6.004857 22.921471 -5.780632
v 6.430403 22.921469 -5.039422
v -2.821754 21.668346 -3.972295
v -2.898391 21.668346 -3.689026
v -5.884147 21.668348 -4.934248
v -5.736805 21.668348 -5.188031
v -5.805874 22.921473 -5.069064
v -5.376740 22.921471 -5.808205
v -7.729566 22.921473 -7.622664
v -8.335381 22.921473 -7.019778
v 12.300083 22.766909 -12.414843
v 12.300083 22.103586 -12.414843
v 12.016815 21.668344 -12.491480
v 12.300083 21.668344 -12.414843
v 11.054859 21.668344 -9.429087
v 10.801079 21.668344 -9.576427
v 3.476285 22.921471 -3.824163
v 3.257077 22.921471 -4.650259
v 0.310364 22.921471 -4.269573
v 0.308293 22.921471 -3.414895
v -2.857678 22.921471 -3.839508
v -2.634471 22.921471 -4.664532
v 3.441003 21.668346 -3.957124
v 3.516267 21.668346 -3.673487
v 0.307915 21.668346 -3.259004
v 0.308626 21.668346 -3.552454
v 8.872295 21.668344 -7.075360
v 9.079294 21.668344 -6.867356
v 6.508022 21.668344 -4.904228
v 6.361912 21.668344 -5.158721
v -11.356113 21.668348 -12.548105
v -11.639751 21.668348 -12.472841
v -2.772949 22.103588 -3.549936
v -2.772949 22.766911 -3.549936
v -5.884147 22.766912 -4.934248
v -5.884147 22.103590 -4.934248
v 11.324581 22.921469 -12.678762
v 12.149603 22.921469 -12.455555
v -10.273813 22.921473 -9.558704
v -9.532604 22.921473 -9.984251
v -10.662979 22.921473 -12.732032
v -11.489075 22.921473 -12.512824
v 10.180904 22.921469 -9.936493
v 10.920042 22.921469 -9.507359
v -11.639751 22.103590 -12.472841
v -11.639751 22.766912 -12.472841
v -8.445879 22.766912 -6.909813
v -8.445879 22.103590 -6.909813
v 9.079294 22.103586 -6.867356
v 9.079294 22.766909 -6.867356
v 6.508022 22.766909 -4.904228
v 6.508022 22.103586 -4.904228
v -8.859268 19.665228 -10.370831
v -8.411167 19.182913 -10.628097
v 3.390152 22.766911 -3.535006
v 3.390152 22.103588 -3.535006
v 11.054859 22.766909 -9.429087
v 11.054859 22.103586 -9.429087
v -10.409008 22.766912 -9.481087
v -10.409008 22.103590 -9.481087
v -4.987402 19.666149 -6.478805
v -4.727470 19.182911 -6.926509
v -6.812981 19.182913 -8.534819
v -7.179509 19.665596 -8.170065
v 3.207918 19.669758 -5.457199
v 3.457680 19.182911 -6.119083
v 0.313496 19.182911 -5.562689
v 0.312286 19.648945 -5.063432
v 9.510849 19.666737 -10.325516
v 9.062599 19.182909 -10.585764
v 7.454289 19.182909 -8.500254
v 7.820399 19.667385 -8.132367
v -2.557993 19.666939 -5.464705
v 5.361012 19.182911 -6.902070
v 5.619953 19.668367 -6.451051
v 10.076338 19.182909 -13.016471
v 10.576288 19.666367 -12.881210
v -10.492317 22.768282 -12.777317
v -10.149555 20.140951 -12.868271
v 10.028204 22.768278 -10.025147
v 9.721521 20.140947 -10.203202
v 7.991745 20.140947 -7.960186
v 8.241894 22.768278 -7.708824
v -7.604411 22.768282 -7.747215
v -7.353049 20.140951 -7.997362
v -9.071938 20.140951 -10.248732
v -9.379477 22.768282 -10.072165
v 0.310791 22.768280 -4.446144
v 0.311650 20.140949 -4.800764
v -2.495746 20.140949 -5.177289
v -2.588358 22.768280 -4.834971
v 5.740376 20.140949 -6.241302
v 5.916943 22.768280 -5.933761
v 10.811823 20.140947 -12.817488
v 11.154140 22.768278 -12.724875
v -5.110032 20.140949 -6.267587
v -5.288085 22.768280 -5.960906
v 3.120838 20.140949 -5.163682
v 3.211791 22.768280 -4.820920
v -4.178131 20.026783 -11.156934
v -2.281118 19.272995 -13.044775
v -2.866461 19.272995 -13.811448
v -5.187445 20.026783 -12.478914
v 1.972028 20.026783 -9.493025
v 1.285614 19.272995 -12.079806
v 0.674378 19.272995 -12.000842
v 0.667891 20.026783 -9.324545
v 4.832176 20.026783 -11.135103
v 2.944333 19.272995 -13.032116
v 2.177661 19.272995 -12.446774
v 3.510194 20.026783 -10.125792
v -1.325973 20.026783 -9.501015
v -0.627033 19.272995 -12.084439
v -1.517290 19.272995 -12.455725
v -2.861054 20.026783 -10.141226
v 3.904670 19.272995 -14.686201
v 6.488096 20.026781 -13.987262
v 3.533384 19.272995 -13.795944
v 5.847883 20.026783 -12.452180
v -0.016187 19.272995 -12.002515
v -3.233428 19.272995 -14.703494
v -5.820211 20.026785 -14.017081
v 6.198969 20.031576 -12.248344
v 5.118544 20.031578 -10.847345
v -4.465890 20.031578 -10.870564
v -5.539514 20.031580 -12.276782
v 2.433710 20.031578 -9.247726
v 1.891183 20.965759 -10.848633
v 1.891250 21.351467 -10.774491
v 2.433808 20.645481 -9.144098
v 3.712326 20.031578 -9.773720
v 6.879977 20.031576 -13.881239
v -6.212602 20.031580 -13.912959
v -1.730004 20.031578 -9.233419
v -3.064890 20.031578 -9.790138
v -0.022667 20.026783 -9.326216
v -6.016144 20.051794 -13.965090
v -2.962835 20.051792 -9.965917
v -4.321817 20.051792 -11.013941
v 6.023191 20.051792 -12.350398
v 4.975168 20.051792 -10.991417
v 3.611125 20.051792 -9.949991
v 2.024019 20.051792 -9.297092
v 6.683774 20.051790 -13.934321
v -5.363244 20.051792 -12.377983
v -1.378912 20.051792 -9.305336
v -1.199685 20.965759 -10.837826
v 0.001143 20.965759 -10.625275
v -0.000576 20.031578 -8.930391
v 0.645329 20.965759 -10.625860
v 0.645392 21.222939 -11.377252
v 1.730435 21.215855 -11.547474
v -11.595617 22.876204 -12.484552
v -5.861222 22.876204 -4.973735
v -8.413515 22.876204 -6.942020
v 3.504556 22.876202 -3.717619
v 0.308026 22.876202 -3.304661
v 0.307916 22.766911 -3.259004
v 11.015373 22.876200 -9.452013
v 9.047087 22.876200 -6.899719
v 6.485289 22.876200 -4.943826
v 12.256008 22.876200 -12.426766
v -10.369411 22.876204 -9.503820
v -2.886467 22.876202 -3.733101
v -10.550581 22.876604 -12.761858
v -5.318353 22.876602 -5.908772
v -7.647139 22.876604 -7.704692
v 3.227252 22.876602 -4.762659
v 0.310645 22.876602 -4.385862
v 10.080336 22.876600 -9.994881
v 8.284415 22.876600 -7.666097
v 5.946957 22.876602 -5.881481
v 11.212330 22.876600 -12.709132
v -9.431753 22.876604 -10.042151
v -2.604101 22.876602 -4.776785
v -1.729906 20.645481 -9.129790
v 3.468654 19.301474 -6.154900
v 3.418947 19.367382 -6.164935
v 0.330573 19.367382 -5.618417
v 2.378024 20.701820 -9.124714
v 0.321624 20.701820 -8.760816
v -1.674110 20.701820 -9.110505
v 1.727640 21.605007 -11.496860
v 0.322278 22.311367 -13.928611
v 0.321103 22.397259 -15.033894
v -0.450652 22.392654 -15.036413
v -0.548682 22.304207 -14.013964
v -0.708023 22.086128 -13.314926
v -0.605009 22.246521 -14.023127
v -0.605098 21.859791 -14.047767
v -0.706177 21.704533 -13.363340
v 1.174866 21.948799 -15.032715
v 1.174024 22.334522 -15.032613
v -0.000145 21.864727 -13.988482
v 0.000452 21.708218 -13.255870
v 1.220267 22.303768 -14.015566
v 1.117025 22.392315 -15.032684
v 0.323300 21.407192 -10.483411
v -1.143890 21.407192 -10.743109
v 1.835544 21.407192 -10.753817
v -1.199618 21.351467 -10.763683
v 1.671306 21.662098 -11.480712
v 0.323325 21.671188 -11.269307
v -0.508608 21.949165 -15.036706
v -0.001358 21.952293 -15.035033
v -0.507599 22.334881 -15.036612
v 0.644501 21.864647 -13.988108
v 0.643396 21.952209 -15.033498
v 1.276506 21.859337 -14.049307
v -0.984139 21.662697 -11.473018
v -1.040474 21.605618 -11.489102
v -1.043319 21.216450 -11.539683
v 1.381351 21.704296 -13.368782
v 1.276596 22.246063 -14.024668
v 1.383443 22.085873 -13.320395
v 0.322764 22.148388 -13.150842
v -0.652383 22.143013 -13.299238
v 0.644866 21.708191 -13.256143
v 1.327836 22.142769 -13.304663
v 0.001108 21.223015 -11.376916
v 0.643656 20.031578 -8.930961
v 3.229984 21.209843 -4.752361
v 5.952260 21.209843 -5.872244
v 8.291927 21.209841 -7.658545
v 11.222610 21.209841 -12.706350
v 10.089548 21.209841 -9.989532
v 0.310619 21.209843 -4.375209
v -2.606883 21.209843 -4.766500
v -9.440992 21.209845 -10.036848
v -7.654689 21.209845 -7.697178
v -5.323701 21.209843 -5.899561
v -10.560879 21.209845 -12.759125
v 5.952260 19.403572 -5.872244
v 8.291927 19.403570 -7.658545
v -10.560879 19.403574 -12.759125
v 0.310619 19.403572 -4.375209
v 3.229983 19.403572 -4.752361
v -9.440992 19.403574 -10.036848
v -7.654690 19.403574 -7.697178
v -5.323702 19.403572 -5.899561
v 11.222610 19.403570 -12.706350
v 10.089548 19.403570 -9.989532
v -2.606884 19.403572 -4.766500
v -9.316305 19.025721 -13.089377
v -8.324305 19.025721 -10.677967
v 9.979652 19.025717 -13.042629
v 8.975979 19.025717 -10.636055
v 7.383635 19.025717 -8.571251
v -4.677180 19.025719 -7.013129
v -2.270605 19.025719 -6.009459
v 0.313738 19.025719 -5.662850
v 5.311141 19.025719 -6.988933
v 2.899730 19.025719 -5.996933
v -6.741985 19.025721 -8.605473
v 2.671982 19.025717 -11.585773
v 3.644654 19.025717 -12.328393
v -4.193036 19.025717 -14.448860
v 0.326579 19.025717 -10.963410
v 1.540247 19.025717 -11.120203
v -3.727465 19.025717 -13.317126
v -2.984844 19.025717 -12.344454
v -2.015781 19.025717 -11.597130
v 4.863027 19.025717 -14.426920
v 4.391979 19.025717 -13.297456
v -0.886316 19.025717 -11.126081
v 0.307915 22.103588 -3.259004
vt 0.875000 1.000000
vt 0.916667 1.000000
vt 0.916667 1.000000
vt 0.875000 1.000000
vt 0.625000 1.000000
vt 0.666667 1.000000
vt 0.666667 1.000000
vt 0.625000 1.000000
vt 0.791667 1.000000
vt 0.833333 1.000000
vt 0.833333 1.000000
vt 0.791667 1.000000
vt 0.833333 1.000000
vt 0.875000 1.000000
vt 0.875000 1.000000
vt 0.833333 1.000000
vt 0.500000 1.000000
vt 0.541666 1.000000
vt 0.541666 1.000000
vt 0.500000 1.000000
vt 0.541666 1.000000
vt 0.583333 1.000000
vt 0.583333 1.000000
vt 0.541666 1.000000
vt 0.708333 1.000000
vt 0.750000 1.000000
vt 0.750000 1.000000
vt 0.708333 1.000000
vt 0.791667 1.000000
vt 0.791667 1.000000
vt 0.708333 1.000000
vt 0.750000 1.000000
vt 0.750000 1.000000
vt 0.708333 1.000000
vt 0.500000 1.000000
vt 0.500000 1.000000
vt 0.625000 1.000000
vt 0.666667 1.000000
vt 0.666667 1.000000
vt 0.625000 1.000000
vt 0.958333 1.000000
vt 1.000000 1.000000
vt 1.000000 1.000000
vt 0.958333 1.000000
vt 0.791667 1.000000
vt 0.833333 1.000000
vt 0.833333 1.000000
vt 0.791667 1.000000
vt 0.500000 1.000000
vt 0.541666 1.000000
vt 0.541666 1.000000
vt 0.500000 1.000000
vt 0.916667 1.000000
vt 0.958333 1.000000
vt 0.958333 1.000000
vt 0.916667 1.000000
vt 0.583333 1.000000
vt 0.583333 1.000000
vt 0.958333 1.000000
vt 1.000000 1.000000
vt 1.000000 1.000000
vt 0.958333 1.000000
vt 0.875000 1.000000
vt 0.875000 1.000000
vt 0.625000 1.000000
vt 0.666667 1.000000
vt 0.666667 1.000000
vt 0.625000 1.000000
vt 0.875000 1.000000
vt 0.916667 1.000000
vt 0.916667 1.000000
vt 0.875000 1.000000
vt 0.708333 1.000000
vt 0.708333 1.000000
vt 0.583333 1.000000
vt 0.583333 1.000000
vt 0.916667 1.000000
vt 0.916667 1.000000
vt 0.833333 1.000000
vt 0.833333 1.000000
vt 0.705789 1.000000
vt 0.750000 1.000000
vt 0.750000 1.000000
vt 0.699228 1.000000
vt 0.583333 1.000000
vt 0.625000 1.000000
vt 0.625000 1.000000
vt 0.583333 1.000000
vt 0.793823 1.000000
vt 0.799271 1.000000
vt 0.958333 1.000000
vt 0.958333 1.000000
vt 1.000000 1.000000
vt 1.000000 1.000000
vt 0.666667 1.000000
vt 0.666667 1.000000
vt 0.500000 1.000000
vt 0.541666 1.000000
vt 0.541666 1.000000
vt 0.500000 1.000000
vt 0.958333 1.000000
vt 0.958333 1.000000
vt 0.583333 1.000000
vt 0.625000 1.000000
vt 0.625000 1.000000
vt 0.583333 1.000000
vt 0.875000 1.000000
vt 0.916667 1.000000
vt 0.916667 1.000000
vt 0.875000 1.000000
vt 0.750000 1.000000
vt 0.791667 1.000000
vt 0.791667 1.000000
vt 0.750000 1.000000
vt 0.666667 1.000000
vt 0.666667 1.000000
vt 0.500000 1.000000
vt 0.541666 1.000000
vt 0.541666 1.000000
vt 0.500000 1.000000
vt 0.958333 1.000000
vt 1.000000 1.000000
vt 1.000000 1.000000
vt 0.958333 1.000000
vt 0.833333 1.000000
vt 0.833333 1.000000
vt 0.708333 1.000000
vt 0.708333 1.000000
vt 0.875000 1.000000
vt 0.916667 1.000000
vt 0.916667 1.000000
vt 0.875000 1.000000
vt 0.708333 1.000000
vt 0.741275 1.000000
vt 0.734956 1.000000
vt 0.708333 1.000000
vt 0.625000 1.000000
vt 0.666667 1.000000
vt 0.666667 1.000000
vt 0.625000 1.000000
vt 0.791667 1.000000
vt 0.833333 1.000000
vt 0.833333 1.000000
vt 0.791667 1.000000
vt 0.500000 1.000000
vt 0.541666 1.000000
vt 0.541666 1.000000
vt 0.500000 1.000000
vt 0.583333 1.000000
vt 0.583333 1.000000
vt 0.765044 1.000000
vt 0.764884 1.000000
vt 0.958333 1.000000
vt 0.958333 1.000000
vt 0.625000 1.000000
vt 0.583333 1.000000
vt 0.916667 1.000000
vt 0.875000 1.000000
vt 0.699228 1.000000
vt 0.699228 1.000000
vt 0.699228 1.000000
vt 0.699228 1.000000
vt 0.666667 1.000000
vt 0.541667 1.000000
vt 0.500000 1.000000
vt 0.958333 1.000000
vt 1.000000 1.000000
vt 0.833333 1.000000
vt 0.799271 1.000000
vt 0.846225 1.000000
vt 0.653826 1.000000
vt 0.885530 1.000000
vt 0.806044 1.000000
vt 0.614520 1.000000
vt 0.758724 1.000000
vt 0.537845 1.000000
vt 0.575929 1.000000
vt 0.924120 1.000000
vt 0.500024 1.000000
vt 1.000000 1.000000
vt 0.958333 1.000000
vt 1.000000 1.000000
vt 0.875000 1.000000
vt 0.833333 1.000000
vt 0.625000 1.000000
vt 0.583333 1.000000
vt 0.708333 1.000000
vt 0.666667 1.000000
vt 0.541666 1.000000
vt 0.916667 1.000000
vt 0.791667 1.000000
vt 0.757736 1.000000
vt 0.760420 1.000000
vt 0.799271 1.000000
vt 0.739570 1.000000
vt 0.699228 1.000000
vt 0.738377 1.000000
vt 0.500000 1.000000
vt 1.000000 1.000000
vt 0.999923 1.000000
vt 0.958333 1.000000
vt 1.000000 1.000000
vt 0.875000 1.000000
vt 0.833333 1.000000
vt 0.750000 1.000000
vt 0.750000 1.000000
vt 0.708333 1.000000
vt 0.625000 1.000000
vt 0.583333 1.000000
vt 0.666667 1.000000
vt 0.541667 1.000000
vt 0.916667 1.000000
vt 0.791667 1.000000
vt 0.500000 1.000000
vt 1.000000 1.000000
vt 1.000000 1.000000
vt 0.958333 1.000000
vt 0.875000 1.000000
vt 0.833333 1.000000
vt 0.750000 1.000000
vt 0.708333 1.000000
vt 0.625000 1.000000
vt 0.583333 1.000000
vt 0.666667 1.000000
vt 0.541666 1.000000
vt 0.916667 1.000000
vt 0.791667 1.000000
vt 0.500000 1.000000
vt 0.799271 1.000000
vt 0.799271 1.000000
vt 0.699228 1.000000
vt 0.750000 1.000000
vt 0.700129 1.000000
vt 0.750000 1.000000
vt 0.700569 1.000000
vt 0.798371 1.000000
vt 0.797931 1.000000
vt 0.699228 1.000000
vt 0.699228 1.000000
vt 0.699228 1.000000
vt 0.699228 1.000000
vt 0.699228 1.000000
vt 0.750000 1.000000
vt 0.796279 1.000000
vt 0.795893 1.000000
vt 0.750000 1.000000
vt 0.702225 1.000000
vt 0.702614 1.000000
vt 0.799271 1.000000
vt 0.765430 1.000000
vt 0.767126 1.000000
vt 0.799271 1.000000
vt 0.699228 1.000000
vt 0.699228 1.000000
vt 0.797468 1.000000
vt 0.750000 1.000000
vt 0.701032 1.000000
vt 0.799271 1.000000
vt 0.750000 1.000000
vt 0.701250 1.000000
vt 0.769144 1.000000
vt 0.799271 1.000000
vt 0.799271 1.000000
vt 0.799271 1.000000
vt 0.732852 1.000000
vt 0.730829 1.000000
vt 0.797250 1.000000
vt 0.799271 1.000000
vt 0.799271 1.000000
vt 0.699228 1.000000
vt 0.699228 1.000000
vt 0.962203 1.000000
vt 0.799271 1.000000
vt 0.750000 1.000000
vt 0.796599 1.000000
vt 0.734548 1.000000
vt 0.769720 1.000000
vt 0.799271 1.000000
vt 0.730199 1.000000
vt 0.749959 1.000000
vt 0.702715 1.000000
vt 0.795787 1.000000
vt 0.799271 1.000000
vt 0.701903 1.000000
vt 0.798371 1.000000
vt 0.799271 1.000000
vt 0.799271 1.000000
vt 0.761614 1.000000
vt 0.742256 1.000000
vt 0.694009 1.000000
vt 0.666667 1.000000
vt 0.708333 1.000000
vt 0.625000 1.000000
vt 0.500000 1.000000
vt 0.541666 1.000000
vt 0.583333 1.000000
vt 0.750000 1.000000
vt 0.791667 1.000000
vt 0.875000 1.000000
vt 0.916667 1.000000
vt 0.833333 1.000000
vt 0.958333 1.000000
vt 1.000000 1.000000
vt 0.625000 1.000000
vt 0.666667 1.000000
vt 0.958333 1.000000
vt 1.000000 1.000000
vt 0.708333 1.000000
vt 0.750000 1.000000
vt 0.875000 1.000000
vt 0.916667 1.000000
vt 0.833333 1.000000
vt 0.500000 1.000000
vt 0.541666 1.000000
vt 0.583333 1.000000
vt 0.791667 1.000000
vt 0.916667 1.000000
vt 0.958333 1.000000
vt 0.500000 1.000000
vt 0.541666 1.000000
vt 0.583333 1.000000
vt 0.625000 1.000000
vt 0.791667 1.000000
vt 0.833333 1.000000
vt 0.750000 1.000000
vt 0.666667 1.000000
vt 1.000000 1.000000
vt 0.708333 1.000000
vt 0.875000 1.000000
vt 0.625000 1.000000
vt 0.666667 1.000000
vt 0.958333 1.000000
vt 1.000000 1.000000
vt 0.708333 1.000000
vt 0.750000 1.000000
vt 0.875000 1.000000
vt 0.916667 1.000000
vt 0.833333 1.000000
vt 0.500000 1.000000
vt 0.541666 1.000000
vt 0.583333 1.000000
vt 0.791667 1.000000
vt 0.958333 1.000000
vt 0.541666 1.000000
vt 0.583333 1.000000
vt 0.625000 1.000000
vt 0.833333 1.000000
vt 0.791667 1.000000
vt 0.666667 1.000000
vt 1.000000 1.000000
vt 0.750000 1.000000
vt 0.708333 1.000000
vt 0.916667 1.000000
vt 0.875000 1.000000
vt 0.750000 1.000000
vt 0.750000 1.000000
vt 0.759074 1.000000
vt 0.759074 1.000000
vt 0.750000 1.000000
vt 0.791667 1.000000
vt 0.791667 1.000000
vt 0.722969 1.000000
vt 0.709502 1.000000
vt 0.777031 1.000000
vt 0.790497 1.000000
vt 0.708333 1.000000
vt 0.708333 1.000000
vt 0.790497 1.000000
vt 0.777031 1.000000
vt 0.740925 1.000000
vt 0.740925 1.000000
vt 0.709502 1.000000
vt 0.722969 1.000000
vt 0.875000 1.000000
vt 0.875000 1.000000
vt 0.916667 1.000000
vt 0.916667 1.000000
vt 0.625000 1.000000
vt 0.625000 1.000000
vt 0.666667 1.000000
vt 0.666667 1.000000
vt 0.791667 1.000000
vt 0.791667 1.000000
vt 0.833333 1.000000
vt 0.833333 1.000000
vt 0.833333 1.000000
vt 0.833333 1.000000
vt 0.875000 1.000000
vt 0.875000 1.000000
vt 0.541666 1.000000
vt 0.541666 1.000000
vt 0.541666 1.000000
vt 0.541666 1.000000
vt 0.583333 1.000000
vt 0.583333 1.000000
vt 0.708333 1.000000
vt 0.708333 1.000000
vt 0.750000 1.000000
vt 0.750000 1.000000
vt 0.791667 1.000000
vt 0.791667 1.000000
vt 0.708333 1.000000
vt 0.708333 1.000000
vt 0.750000 1.000000
vt 0.750000 1.000000
vt 0.625000 1.000000
vt 0.625000 1.000000
vt 0.666667 1.000000
vt 0.666667 1.000000
vt 0.958333 1.000000
vt 0.958333 1.000000
vt 0.791667 1.000000
vt 0.791667 1.000000
vt 0.833333 1.000000
vt 0.833333 1.000000
vt 0.541666 1.000000
vt 0.541666 1.000000
vt 0.916667 1.000000
vt 0.916667 1.000000
vt 0.958333 1.000000
vt 0.958333 1.000000
vt 0.583333 1.000000
vt 0.583333 1.000000
vt 0.958333 1.000000
vt 0.958333 1.000000
vt 0.875000 1.000000
vt 0.875000 1.000000
vt 0.625000 1.000000
vt 0.625000 1.000000
vt 0.666667 1.000000
vt 0.666667 1.000000
vt 0.916667 1.000000
vt 0.916667 1.000000
vt 0.708333 1.000000
vt 0.708333 1.000000
vt 0.583333 1.000000
vt 0.583333 1.000000
vt 0.916667 1.000000
vt 0.916667 1.000000
vt 0.833333 1.000000
vt 0.833333 1.000000
vt 0.875000 1.000000
vt 0.875000 1.000000
vt 0.705789 1.000000
vt 0.699228 1.000000
vt 0.750000 1.000000
vt 0.750000 1.000000
vt 0.583333 1.000000
vt 0.583333 1.000000
vt 0.625000 1.000000
vt 0.625000 1.000000
vt 0.793823 1.000000
vt 0.666667 1.000000
vt 0.666667 1.000000
vt 0.541666 1.000000
vt 0.541666 1.000000
vt 0.958333 1.000000
vt 0.958333 1.000000
vt 0.583333 1.000000
vt 0.583333 1.000000
vt 0.625000 1.000000
vt 0.625000 1.000000
vt 0.875000 1.000000
vt 0.875000 1.000000
vt 0.916667 1.000000
vt 0.916667 1.000000
vt 0.750000 1.000000
vt 0.750000 1.000000
vt 0.791667 1.000000
vt 0.791667 1.000000
vt 0.666667 1.000000
vt 0.666667 1.000000
vt 0.541666 1.000000
vt 0.541666 1.000000
vt 0.833333 1.000000
vt 0.833333 1.000000
vt 0.708333 1.000000
vt 0.708333 1.000000
vt 0.875000 1.000000
vt 0.875000 1.000000
vt 0.916667 1.000000
vt 0.916667 1.000000
vt 0.708333 1.000000
vt 0.708333 1.000000
vt 0.734956 1.000000
vt 0.741275 1.000000
vt 0.625000 1.000000
vt 0.625000 1.000000
vt 0.666667 1.000000
vt 0.666667 1.000000
vt 0.791667 1.000000
vt 0.791667 1.000000
vt 0.833333 1.000000
vt 0.833333 1.000000
vt 0.541666 1.000000
vt 0.541666 1.000000
vt 0.583333 1.000000
vt 0.583333 1.000000
vt 0.765044 1.000000
vt 0.958333 1.000000
vt 0.958333 1.000000
vt 0.583333 1.000000
vt 0.625000 1.000000
vt 0.875000 1.000000
vt 0.916667 1.000000
vt 0.699228 1.000000
vt 0.699228 1.000000
vt 0.699228 1.000000
vt 0.699228 1.000000
vt 0.666667 1.000000
vt 0.541667 1.000000
vt 0.958333 1.000000
vt 0.799271 1.000000
vt 0.833333 1.000000
vt 0.758724 1.000000
vt 0.958333 1.000000
vt 0.833333 1.000000
vt 0.875000 1.000000
vt 0.583333 1.000000
vt 0.625000 1.000000
vt 0.666667 1.000000
vt 0.708333 1.000000
vt 0.541666 1.000000
vt 0.916667 1.000000
vt 0.791667 1.000000
vt 0.799271 1.000000
vt 0.760420 1.000000
vt 0.757736 1.000000
vt 0.739570 1.000000
vt 0.738377 1.000000
vt 0.699228 1.000000
vt 0.958333 1.000000
vt 0.833333 1.000000
vt 0.875000 1.000000
vt 0.708333 1.000000
vt 0.750000 1.000000
vt 0.750000 1.000000
vt 0.583333 1.000000
vt 0.625000 1.000000
vt 0.666667 1.000000
vt 0.541667 1.000000
vt 0.916667 1.000000
vt 0.791667 1.000000
vt 0.958333 1.000000
vt 0.833333 1.000000
vt 0.875000 1.000000
vt 0.708333 1.000000
vt 0.750000 1.000000
vt 0.583333 1.000000
vt 0.625000 1.000000
vt 0.666667 1.000000
vt 0.541666 1.000000
vt 0.916667 1.000000
vt 0.791667 1.000000
vt 0.799271 1.000000
vt 0.699228 1.000000
vt 0.700129 1.000000
vt 0.750000 1.000000
vt 0.700569 1.000000
vt 0.750000 1.000000
vt 0.797931 1.000000
vt 0.699228 1.000000
vt 0.750000 1.000000
vt 0.750000 1.000000
vt 0.795893 1.000000
vt 0.796279 1.000000
vt 0.799271 1.000000
vt 0.799271 1.000000
vt 0.799271 1.000000
vt 0.799271 1.000000
vt 0.699228 1.000000
vt 0.699228 1.000000
vt 0.767126 1.000000
vt 0.765430 1.000000
vt 0.702225 1.000000
vt 0.702614 1.000000
vt 0.750000 1.000000
vt 0.797468 1.000000
vt 0.701032 1.000000
vt 0.799271 1.000000
vt 0.701250 1.000000
vt 0.750000 1.000000
vt 0.799271 1.000000
vt 0.769144 1.000000
vt 0.799271 1.000000
vt 0.732852 1.000000
vt 0.730829 1.000000
vt 0.699228 1.000000
vt 0.797250 1.000000
vt 0.799271 1.000000
vt 0.799271 1.000000
vt 0.699228 1.000000
vt 0.699228 1.000000
vt 0.699228 1.000000
vt 0.750000 1.000000
vt 0.796599 1.000000
vt 0.734548 1.000000
vt 0.701903 1.000000
vt 0.761614 1.000000
vt 0.742256 1.000000
vt 0.708333 1.000000
vt 0.666667 1.000000
vt 0.625000 1.000000
vt 0.541666 1.000000
vt 0.583333 1.000000
vt 0.750000 1.000000
vt 0.791667 1.000000
vt 0.916667 1.000000
vt 0.875000 1.000000
vt 0.833333 1.000000
vt 0.958333 1.000000
vt 0.666667 1.000000
vt 0.625000 1.000000
vt 0.958333 1.000000
vt 0.750000 1.000000
vt 0.708333 1.000000
vt 0.916667 1.000000
vt 0.875000 1.000000
vt 0.833333 1.000000
vt 0.541666 1.000000
vt 0.583333 1.000000
vt 0.791667 1.000000
vt 0.958333 1.000000
vt 0.916667 1.000000
vt 0.541666 1.000000
vt 0.583333 1.000000
vt 0.625000 1.000000
vt 0.833333 1.000000
vt 0.791667 1.000000
vt 0.750000 1.000000
vt 0.666667 1.000000
vt 0.708333 1.000000
vt 0.875000 1.000000
vt 0.666667 1.000000
vt 0.625000 1.000000
vt 0.958333 1.000000
vt 0.750000 1.000000
vt 0.708333 1.000000
vt 0.916667 1.000000
vt 0.875000 1.000000
vt 0.833333 1.000000
vt 0.541666 1.000000
vt 0.583333 1.000000
vt 0.791667 1.000000
vt 0.750000 1.000000
vn -0.1634 -0.9728 -0.1642
vn -0.2003 -0.9728 -0.1163
vn 0.0000 -1.0000 0.0000
vn 0.1482 0.9779 -0.1474
vn 0.1050 0.9779 -0.1808
vn -0.0845 0.9857 0.1455
vn -0.1193 0.9857 0.1187
vn -0.0594 -0.9728 -0.2239
vn -0.1153 -0.9728 -0.2009
vn -0.1041 0.9779 -0.1813
vn -0.1474 0.9779 -0.1482
vn 0.1187 0.9857 0.1193
vn 0.0838 0.9857 0.1459
vn 1.0000 0.0000 0.0024
vn 0.9665 0.0000 -0.2565
vn 0.9483 0.1935 -0.2516
vn 0.9811 0.1935 0.0024
vn 0.2239 -0.9728 -0.0594
vn 0.2009 -0.9728 -0.1153
vn 0.0546 0.9779 -0.2018
vn 0.0005 0.9779 -0.2090
vn -0.0004 0.9857 0.1683
vn -0.0439 0.9857 0.1624
vn -0.0536 0.9779 -0.2020
vn 0.0432 0.9857 0.1626
vn 0.0605 -0.9728 -0.2236
vn 0.0006 -0.9728 -0.2316
vn 0.2317 -0.9728 0.0006
vn 0.1642 -0.9728 -0.1634
vn 0.1163 -0.9728 -0.2003
vn -0.2236 -0.9728 -0.0605
vn -0.2317 -0.9728 -0.0006
vn -0.2416 -0.0394 -0.9696
vn -0.4931 0.0144 -0.8699
vn -0.4864 0.1422 -0.8621
vn -0.2104 0.4093 -0.8878
vn 0.2090 0.9779 0.0005
vn 0.2020 0.9779 -0.0536
vn -0.1626 0.9857 0.0432
vn -0.1683 0.9857 -0.0004
vn -0.1808 0.9779 -0.1050
vn -0.2018 0.9779 -0.0546
vn 0.1624 0.9857 0.0439
vn 0.1455 0.9857 0.0845
vn 0.1813 0.9779 -0.1041
vn -0.1459 0.9857 0.0838
vn -0.9653 0.0000 -0.2612
vn -1.0000 0.0000 -0.0024
vn -0.9811 0.1935 -0.0024
vn -0.9471 0.1935 -0.2562
vn -0.7054 0.0000 -0.7088
vn -0.6921 0.1935 -0.6954
vn 0.7088 -0.0000 -0.7054
vn 0.4973 0.0144 -0.8675
vn 0.4906 0.1422 -0.8597
vn 0.6954 0.1935 -0.6921
vn 0.5661 0.5966 0.5689
vn 0.6940 0.5967 0.4029
vn 0.5901 0.7310 0.3426
vn 0.4813 0.7310 0.4837
vn 0.2463 -0.0394 -0.9684
vn 0.2146 0.4093 -0.8868
vn 0.8672 0.0000 -0.4979
vn 0.8508 0.1935 -0.4885
vn -0.8648 0.0000 -0.5021
vn -0.8485 0.1935 -0.4926
vn 0.3997 0.5964 0.6961
vn 0.3397 0.7310 0.5918
vn -0.2121 0.6128 0.7613
vn -0.0025 0.6282 0.7781
vn -0.0028 0.7598 0.6502
vn -0.2105 0.7404 0.6383
vn -0.6963 0.5961 0.3997
vn -0.5693 0.5959 0.5665
vn -0.4837 0.7310 0.4813
vn -0.5918 0.7310 0.3397
vn 0.2075 0.6111 0.7638
vn 0.2033 0.7396 0.6416
vn 0.7755 0.5968 -0.2058
vn 0.6595 0.7310 -0.1750
vn 0.6824 0.7310 0.0017
vn 0.8024 0.5968 0.0019
vn -0.4034 0.5955 0.6947
vn -0.3426 0.7310 0.5901
vn -0.8027 0.5963 -0.0019
vn -0.7759 0.5963 0.2059
vn -0.6595 0.7310 0.1750
vn -0.6824 0.7310 -0.0017
vn 0.7745 0.5968 0.2095
vn 0.6587 0.7310 0.1782
vn -0.8216 0.3202 0.4717
vn -0.6715 0.3202 0.6682
vn -0.6772 0.2954 0.6739
vn -0.8285 0.2957 0.4756
vn 0.6682 0.3202 0.6715
vn 0.8193 0.3202 0.4757
vn 0.8260 0.2964 0.4795
vn 0.6737 0.2962 0.6770
vn -0.0023 0.3202 0.9473
vn 0.2430 0.3202 0.9157
vn 0.2369 0.3052 0.9223
vn -0.0024 0.3133 0.9497
vn -0.4757 0.3202 0.8193
vn -0.4798 0.2950 0.8263
vn -0.9473 0.3202 -0.0023
vn -0.9157 0.3202 0.2430
vn -0.9233 0.2959 0.2450
vn -0.9552 0.2959 -0.0023
vn 0.9145 0.3202 0.2474
vn 0.9473 0.3202 0.0023
vn 0.9550 0.2965 0.0023
vn 0.9219 0.2964 0.2494
vn 0.4717 0.3202 0.8216
vn 0.4756 0.2960 0.8284
vn -0.2474 0.3202 0.9145
vn -0.2401 0.3060 0.9213
vn 0.1349 0.9815 0.1356
vn 0.1654 0.9815 0.0960
vn 0.1737 0.9796 0.1011
vn 0.1409 0.9798 0.1420
vn -0.0504 0.9850 0.1652
vn -0.0262 0.9883 0.1503
vn -0.0264 0.9800 0.1972
vn -0.0514 0.9802 0.1911
vn -0.1356 0.9815 0.1349
vn -0.0960 0.9815 0.1654
vn -0.0997 0.9800 0.1723
vn -0.1416 0.9798 0.1413
vn 0.0496 0.9850 0.1654
vn 0.0952 0.9815 0.1659
vn 0.0988 0.9800 0.1728
vn 0.0504 0.9802 0.1914
vn -0.1913 0.9815 -0.0005
vn -0.1849 0.9815 0.0491
vn -0.1947 0.9795 0.0518
vn -0.2016 0.9795 -0.0005
vn -0.1659 0.9815 0.0952
vn -0.1741 0.9796 0.1002
vn 0.0255 0.9800 0.1973
vn 0.0799 0.9968 0.0002
vn 0.1846 0.9815 0.0499
vn 0.1944 0.9795 0.0527
vn 0.2153 0.9687 -0.1236
vn 0.1760 0.9687 -0.1751
vn 0.1278 0.9836 -0.1271
vn 0.1563 0.9836 -0.0897
vn -0.1751 0.9687 -0.1760
vn -0.2147 0.9687 -0.1247
vn -0.1559 0.9836 -0.0905
vn -0.1271 0.9836 -0.1278
vn 0.9501 0.0306 0.3103
vn 0.9509 0.0363 0.3072
vn 0.9667 0.0439 0.2520
vn 0.9637 0.0458 0.2629
vn 0.1247 0.9687 -0.2147
vn 0.0905 0.9836 -0.1559
vn 0.2483 0.9687 0.0006
vn 0.2400 0.9687 -0.0637
vn 0.1742 0.9836 -0.0462
vn 0.1802 0.9836 0.0004
vn -0.2397 0.9687 -0.0648
vn -0.1740 0.9836 -0.0471
vn -0.2483 0.9687 -0.0006
vn -0.1802 0.9836 -0.0004
vn -0.0952 0.9682 -0.2315
vn -0.1236 0.9687 -0.2153
vn -0.0897 0.9836 -0.1563
vn -0.0578 0.9873 -0.1477
vn 0.0963 0.9682 -0.2310
vn 0.0588 0.9874 -0.1471
vn -0.0799 0.9968 -0.0002
vn 0.0255 0.9883 0.1503
vn 0.0026 1.0000 0.0000
vn 0.0025 1.0000 0.0007
vn 0.1913 0.9815 0.0005
vn 0.0018 1.0000 0.0018
vn 0.0013 1.0000 0.0022
vn -0.0018 1.0000 0.0018
vn -0.0022 1.0000 0.0013
vn 0.0009 0.9992 -0.0411
vn -0.0013 1.0000 0.0022
vn -0.0025 1.0000 0.0007
vn 0.0022 1.0000 0.0013
vn 0.0007 0.9994 -0.0342
vn 0.0822 -0.8728 0.4810
vn 0.0704 -0.9084 0.4121
vn 0.0698 -0.9102 0.4082
vn -0.0752 -0.9083 0.4116
vn -0.0745 -0.9100 0.4078
vn -0.0527 -0.9561 0.2883
vn -0.0531 -0.9554 0.2905
vn -0.0026 1.0000 -0.0000
vn 0.2016 0.9795 0.0005
vn -0.9227 0.3855 -0.0022
vn -0.8907 0.3855 -0.2410
vn -0.3667 0.9250 -0.0992
vn -0.3799 0.9250 -0.0009
vn -0.2090 0.9779 -0.0005
vn -0.6509 0.3855 -0.6540
vn -0.4703 0.2867 -0.8347
vn -0.1891 0.9250 -0.3294
vn -0.2680 0.9250 -0.2693
vn 0.0019 0.6217 -0.7833
vn 0.0015 0.7906 -0.6123
vn 0.2588 0.6292 -0.7329
vn 0.6540 0.3855 -0.6509
vn 0.8002 0.3855 -0.4594
vn 0.3294 0.9250 -0.1891
vn 0.2693 0.9250 -0.2680
vn 0.4743 0.2867 -0.8324
vn 0.1907 0.9250 -0.3285
vn 0.8918 0.3855 -0.2367
vn 0.3672 0.9250 -0.0974
vn -0.7980 0.3855 -0.4633
vn -0.3285 0.9250 -0.1907
vn -0.2552 0.6292 -0.7342
vn 0.9227 0.3855 0.0022
vn 0.3799 0.9250 0.0009
vn 0.1683 0.9857 0.0004
vn 0.3600 0.9330 0.0009
vn 0.3475 0.9330 0.0940
vn 0.8435 0.4863 0.2282
vn 0.8738 0.4863 0.0021
vn 0.2539 0.9330 0.2552
vn 0.1792 0.9330 0.3122
vn 0.4351 0.4863 0.7578
vn 0.6164 0.4863 0.6194
vn -0.0009 0.9330 0.3600
vn -0.0940 0.9330 0.3475
vn -0.2282 0.4863 0.8435
vn -0.0021 0.4863 0.8738
vn -0.2552 0.9330 0.2539
vn -0.3122 0.9330 0.1792
vn -0.7578 0.4863 0.4351
vn -0.6194 0.4863 0.6164
vn -0.1807 0.9330 0.3113
vn -0.4387 0.4863 0.7557
vn -0.3479 0.9330 0.0923
vn -0.8446 0.4863 0.2241
vn 0.3113 0.9330 0.1807
vn 0.7557 0.4863 0.4387
vn 0.0923 0.9330 0.3479
vn 0.2241 0.4863 0.8446
vn -0.3600 0.9330 -0.0009
vn -0.8738 0.4863 -0.0021
vn -0.9552 0.0422 0.2929
vn -0.9564 0.0460 0.2886
vn -0.9568 0.0474 0.2870
vn 0.9477 0.0147 0.3188
vn -0.0035 0.2899 -0.9571
vn 0.0153 0.2883 -0.9574
vn 0.1723 0.2708 -0.9471
vn 0.0709 0.9183 -0.3894
vn 0.0023 0.9204 -0.3909
vn 0.0021 0.9228 -0.3854
vn 0.0700 0.9207 -0.3840
vn -0.0665 0.9182 -0.3904
vn -0.0656 0.9207 -0.3848
vn 0.9797 0.0299 0.1984
vn 0.9790 0.0314 0.2015
vn 0.9913 0.0080 0.1313
vn 0.9917 0.0076 0.1285
vn 0.9972 0.0029 0.0749
vn 0.9970 0.0030 0.0774
vn 0.0008 0.9887 -0.1499
vn -0.0218 0.9889 -0.1469
vn -0.0080 0.9981 -0.0614
vn 0.0003 0.9982 -0.0606
vn 0.0234 0.9888 -0.1472
vn 0.0087 0.9981 -0.0616
vn 0.0378 -0.9720 0.2318
vn 0.0382 -0.9716 0.2333
vn 0.0227 -0.9879 0.1536
vn 0.0222 -0.9883 0.1507
vn 0.9852 0.0182 0.1706
vn 0.9856 0.0172 0.1682
vn -0.0599 0.9348 -0.3501
vn 0.0020 0.9360 -0.3521
vn 0.0639 0.9347 -0.3496
vn -0.9680 0.0449 0.2469
vn -0.9708 0.0430 0.2361
vn 0.0016 0.9582 -0.2862
vn 0.0521 0.9576 -0.2834
vn 0.0082 -0.9979 0.0640
vn 0.0083 -0.9979 0.0649
vn -0.9936 0.0077 0.1131
vn -0.9932 0.0081 0.1158
vn -0.9979 0.0034 0.0650
vn -0.9980 0.0033 0.0628
vn -0.0242 -0.9878 0.1536
vn -0.0238 -0.9882 0.1511
vn -0.0090 -0.9978 0.0651
vn -0.0088 -0.9979 0.0641
vn -0.0488 0.9577 -0.2837
vn -0.9821 0.0307 0.1857
vn -0.9828 0.0294 0.1826
vn 1.0000 0.0017 0.0024
vn -0.9882 0.0170 0.1525
vn -0.9878 0.0179 0.1548
vn 0.0013 0.9732 -0.2300
vn -0.0375 0.9728 -0.2284
vn -0.0408 -0.9716 0.2332
vn -0.0404 -0.9720 0.2317
vn 0.0050 -1.0000 0.0000
vn -0.0052 -1.0000 -0.0000
vn 0.0001 1.0000 0.0000
vn 0.0050 1.0000 0.0000
vn -0.0048 1.0000 -0.0000
vn -1.0000 0.0021 -0.0024
vn 0.0400 0.9728 -0.2282
vn -0.1647 0.2992 0.9399
vn 0.0494 -0.9562 0.2886
vn 0.0498 -0.9554 0.2910
vn -0.0878 -0.8727 0.4803
vn 0.0145 0.9993 0.0357
vn -0.0146 0.9992 0.0360
vn 0.9928 0.1067 -0.0550
vn 0.9998 0.0214 0.0030
vn 0.9958 0.0833 -0.0390
vn 0.9999 0.0158 0.0036
vn 0.9999 0.0143 0.0040
vn 0.9999 0.0115 0.0047
vn 0.9999 0.0115 0.0024
vn 0.9999 0.0119 0.0044
vn 0.9999 0.0135 0.0022
vn -1.0000 0.0012 -0.0024
vn -1.0000 0.0025 -0.0026
vn -1.0000 0.0079 -0.0036
vn -0.9999 0.0077 -0.0068
vn -0.9999 0.0081 -0.0074
vn -0.9999 0.0107 -0.0041
vn -0.9999 0.0169 -0.0034
vn -0.9960 0.0773 -0.0437
vn -0.9932 0.1002 -0.0590
vn 0.2444 -0.8735 -0.4210
vn 0.1271 -0.8735 -0.4699
vn 0.3450 -0.8735 -0.3434
vn 0.4868 -0.8735 0.0012
vn 0.4705 -0.8735 -0.1249
vn 0.4222 -0.8735 -0.2424
vn 0.0012 -0.8735 -0.4868
vn -0.1249 -0.8735 -0.4705
vn -0.3434 -0.8735 -0.3450
vn -0.4210 -0.8735 -0.2444
vn -0.2424 -0.8735 -0.4222
vn -0.4699 -0.8735 -0.1271
vn -0.4868 -0.8735 -0.0012
vn 0.5021 -0.0000 -0.8648
vn 0.0024 0.0000 -1.0000
vn 0.2612 -0.0000 -0.9653
vn -0.4979 0.0000 -0.8672
vn -0.2565 0.0000 -0.9666
vn -0.2718 -0.9595 -0.0735
vn -0.2435 -0.9595 -0.1414
vn -0.1330 -0.9881 -0.0772
vn -0.1485 -0.9881 -0.0402
vn 0.2722 -0.9595 -0.0722
vn 0.2816 -0.9595 0.0007
vn 0.1538 -0.9881 0.0004
vn 0.1487 -0.9881 -0.0394
vn 0.2442 -0.9595 -0.1402
vn 0.1334 -0.9881 -0.0766
vn 0.1996 -0.9595 -0.1986
vn 0.1090 -0.9881 -0.1085
vn -0.1402 -0.9595 -0.2442
vn -0.0722 -0.9595 -0.2722
vn -0.0394 -0.9881 -0.1487
vn -0.0766 -0.9881 -0.1334
vn 0.0007 -0.9595 -0.2816
vn 0.0004 -0.9881 -0.1538
vn 0.1414 -0.9595 -0.2435
vn 0.0772 -0.9881 -0.1330
vn -0.2816 -0.9595 -0.0007
vn -0.1538 -0.9881 -0.0004
vn 0.0735 -0.9595 -0.2718
vn 0.0402 -0.9881 -0.1485
vn -0.1986 -0.9595 -0.1996
vn -0.1085 -0.9881 -0.1090
vn 0.0553 -0.9969 -0.0551
vn 0.0392 -0.9969 -0.0675
vn -0.0754 -0.9969 -0.0204
vn -0.0781 -0.9969 -0.0002
vn 0.0204 -0.9969 -0.0754
vn 0.0002 -0.9969 -0.0781
vn -0.0551 -0.9969 -0.0553
vn -0.0675 -0.9969 -0.0392
vn -0.0389 -0.9969 -0.0677
vn 0.0781 -0.9969 0.0002
vn 0.0755 -0.9969 -0.0200
vn 0.0677 -0.9969 -0.0389
vn -0.0200 -0.9969 -0.0755
vn 0.4986 0.0289 -0.8663
vn 0.3198 0.0223 -0.9472
vn -0.4944 0.0289 -0.8687
vn 0.0024 -0.0941 -0.9956
vn -0.3152 0.0223 -0.9488
vn -0.2716 0.0000 -0.9624
vn -0.9812 0.0000 -0.1929
vn -0.9605 0.0000 -0.2783
vn 0.0000 1.0000 0.0000
vn 0.9821 0.0000 -0.1881
vn 0.9618 0.0000 -0.2737
vn 0.2763 -0.0000 -0.9611
vn -0.5590 0.0000 -0.8292
vn -0.8457 0.0000 -0.5336
vn 0.8483 -0.0000 -0.5295
vn 0.5630 -0.0000 -0.8265
vn -0.1642 -0.9728 0.1634
vn -0.2009 -0.9728 0.1153
vn 0.1475 0.9779 0.1482
vn -0.1187 0.9857 -0.1193
vn -0.0838 0.9857 -0.1459
vn 0.1041 0.9779 0.1813
vn -0.0605 -0.9728 0.2236
vn -0.1163 -0.9728 0.2003
vn -0.1050 0.9779 0.1808
vn 0.0845 0.9857 -0.1455
vn 0.1193 0.9857 -0.1187
vn -0.1482 0.9779 0.1475
vn 0.9471 0.1935 0.2562
vn 0.9653 0.0000 0.2612
vn 0.2236 -0.9728 0.0605
vn 0.2003 -0.9728 0.1163
vn 0.0536 0.9779 0.2020
vn -0.0432 0.9857 -0.1626
vn 0.0004 0.9857 -0.1683
vn -0.0005 0.9779 0.2090
vn -0.0546 0.9779 0.2018
vn 0.0439 0.9857 -0.1624
vn 0.0594 -0.9728 0.2239
vn -0.0006 -0.9728 0.2317
vn 0.1634 -0.9728 0.1642
vn 0.1153 -0.9728 0.2009
vn -0.2239 -0.9728 0.0594
vn -0.2401 -0.0605 0.9689
vn -0.2536 0.0000 0.9673
vn -0.4965 0.2564 0.8293
vn -0.5098 -0.0225 0.8600
vn -0.1624 0.9857 -0.0439
vn 0.2018 0.9779 0.0546
vn -0.1813 0.9779 0.1041
vn 0.1459 0.9857 -0.0838
vn 0.1626 0.9857 -0.0432
vn -0.2020 0.9779 0.0536
vn -0.1455 0.9857 -0.0845
vn 0.1808 0.9779 0.1050
vn -0.9665 0.0000 0.2565
vn -0.9483 0.1935 0.2516
vn -0.6954 0.1935 0.6921
vn -0.7088 0.0000 0.7054
vn 0.7054 0.0000 0.7088
vn 0.6921 0.1935 0.6954
vn 0.4924 0.2564 0.8317
vn 0.5056 -0.0225 0.8625
vn 0.6959 0.5967 -0.3995
vn 0.5918 0.7310 -0.3397
vn 0.2489 -0.0000 0.9685
vn 0.2354 -0.0605 0.9700
vn 0.8485 0.1935 0.4926
vn 0.8648 0.0000 0.5021
vn -0.8508 0.1935 0.4885
vn -0.8672 0.0000 0.4979
vn 0.4031 0.5964 -0.6942
vn 0.3426 0.7310 -0.5901
vn 0.4837 0.7310 -0.4813
vn 0.5689 0.5966 -0.5661
vn -0.2084 0.6128 -0.7623
vn -0.2074 0.7404 -0.6393
vn 0.0003 0.7598 -0.6502
vn 0.0012 0.6282 -0.7781
vn -0.6944 0.5961 -0.4031
vn -0.5901 0.7310 -0.3426
vn -0.4813 0.7310 -0.4837
vn -0.5665 0.5959 -0.5692
vn 0.2064 0.7396 -0.6406
vn 0.2112 0.6111 -0.7628
vn -0.3397 0.7310 -0.5918
vn -0.4000 0.5955 -0.6967
vn -0.6587 0.7310 -0.1782
vn -0.7749 0.5963 -0.2096
vn 0.9157 0.3202 -0.2430
vn 0.9231 0.2964 -0.2449
vn -0.8193 0.3202 -0.4757
vn -0.8261 0.2957 -0.4796
vn -0.6739 0.2954 -0.6772
vn -0.6682 0.3202 -0.6715
vn 0.6715 0.3202 -0.6682
vn 0.6770 0.2962 -0.6737
vn 0.8283 0.2964 -0.4755
vn 0.8216 0.3202 -0.4717
vn 0.0023 0.3202 -0.9473
vn 0.0022 0.3133 -0.9497
vn 0.2414 0.3052 -0.9212
vn 0.2474 0.3202 -0.9145
vn -0.4758 0.2950 -0.8286
vn -0.4717 0.3202 -0.8216
vn -0.9221 0.2959 -0.2495
vn -0.9145 0.3202 -0.2474
vn 0.4796 0.2960 -0.8261
vn 0.4757 0.3202 -0.8193
vn -0.2356 0.3060 -0.9224
vn -0.2430 0.3202 -0.9157
vn 0.1356 0.9815 -0.1349
vn 0.1416 0.9798 -0.1413
vn 0.1741 0.9796 -0.1002
vn 0.1659 0.9815 -0.0952
vn -0.0496 0.9850 -0.1654
vn -0.0504 0.9802 -0.1914
vn -0.0255 0.9800 -0.1973
vn -0.0255 0.9883 -0.1504
vn -0.1349 0.9815 -0.1356
vn -0.1409 0.9798 -0.1420
vn -0.0988 0.9800 -0.1728
vn -0.0952 0.9815 -0.1659
vn 0.0504 0.9850 -0.1651
vn 0.0514 0.9802 -0.1911
vn 0.0997 0.9800 -0.1723
vn 0.0960 0.9815 -0.1654
vn -0.1944 0.9795 -0.0527
vn -0.1846 0.9815 -0.0499
vn -0.1737 0.9796 -0.1011
vn -0.1654 0.9815 -0.0960
vn 0.0264 0.9800 -0.1972
vn 0.1947 0.9795 -0.0518
vn 0.1849 0.9815 -0.0491
vn 0.2147 0.9687 0.1247
vn 0.1559 0.9836 0.0905
vn 0.1271 0.9836 0.1277
vn 0.1751 0.9687 0.1760
vn -0.1760 0.9687 0.1751
vn -0.1277 0.9836 0.1271
vn -0.1563 0.9836 0.0897
vn -0.2153 0.9687 0.1236
vn 0.9516 0.0306 -0.3057
vn 0.9650 0.0458 -0.2582
vn 0.9679 0.0439 -0.2473
vn 0.9524 0.0363 -0.3026
vn 0.0897 0.9836 0.1563
vn 0.1236 0.9687 0.2153
vn 0.1740 0.9836 0.0471
vn 0.2397 0.9687 0.0648
vn -0.1742 0.9836 0.0462
vn -0.2400 0.9687 0.0637
vn -0.0963 0.9682 0.2310
vn -0.0585 0.9873 0.1474
vn -0.0905 0.9836 0.1559
vn -0.1247 0.9687 0.2147
vn 0.0581 0.9874 0.1474
vn 0.0952 0.9682 0.2315
vn 0.0262 0.9883 -0.1502
vn 0.0025 1.0000 -0.0007
vn 0.0013 1.0000 -0.0022
vn 0.0018 1.0000 -0.0018
vn -0.0022 1.0000 -0.0013
vn -0.0018 1.0000 -0.0018
vn -0.0013 1.0000 -0.0022
vn 0.0007 0.9992 0.0411
vn -0.0025 1.0000 -0.0007
vn 0.0022 1.0000 -0.0013
vn 0.0005 0.9994 0.0342
vn 0.0846 -0.8728 -0.4806
vn 0.0717 -0.9102 -0.4079
vn 0.0724 -0.9084 -0.4118
vn -0.0732 -0.9083 -0.4120
vn -0.0517 -0.9554 -0.2908
vn -0.0513 -0.9561 -0.2885
vn -0.0725 -0.9100 -0.4082
vn -0.8918 0.3855 0.2367
vn -0.3672 0.9250 0.0974
vn -0.3423 0.7433 0.5747
vn -0.6540 0.3855 0.6509
vn -0.2693 0.9250 0.2680
vn 0.1385 0.6813 0.7188
vn 0.1814 0.7963 0.5770
vn -0.0014 0.8242 0.5663
vn -0.0017 0.7025 0.7117
vn 0.7980 0.3855 0.4633
vn 0.6509 0.3855 0.6540
vn 0.3285 0.9250 0.1907
vn 0.2680 0.9250 0.2693
vn 0.3396 0.7433 0.5763
vn 0.8907 0.3855 0.2410
vn 0.3667 0.9250 0.0992
vn -0.8002 0.3855 0.4594
vn -0.3294 0.9250 0.1891
vn -0.1419 0.6813 0.7181
vn -0.1842 0.7963 0.5761
vn 0.3479 0.9330 -0.0923
vn 0.8446 0.4863 -0.2241
vn 0.1807 0.9330 -0.3113
vn 0.2552 0.9330 -0.2539
vn 0.4387 0.4863 -0.7557
vn 0.6194 0.4863 -0.6164
vn -0.0923 0.9330 -0.3479
vn 0.0009 0.9330 -0.3600
vn -0.2241 0.4863 -0.8446
vn 0.0021 0.4863 -0.8738
vn -0.3113 0.9330 -0.1807
vn -0.2539 0.9330 -0.2552
vn -0.7557 0.4863 -0.4387
vn -0.6164 0.4863 -0.6194
vn -0.1792 0.9330 -0.3122
vn -0.4351 0.4863 -0.7578
vn -0.3475 0.9330 -0.0940
vn -0.8435 0.4863 -0.2282
vn 0.3122 0.9330 -0.1792
vn 0.7578 0.4863 -0.4351
vn 0.0940 0.9330 -0.3475
vn 0.2282 0.4863 -0.8435
vn -0.9538 0.0422 -0.2975
vn -0.9554 0.0474 -0.2916
vn -0.9549 0.0460 -0.2932
vn 0.9493 0.0147 -0.3142
vn 0.1677 0.2708 0.9479
vn 0.0106 0.2883 0.9575
vn -0.0081 0.2899 0.9570
vn 0.0690 0.9183 0.3898
vn 0.0682 0.9207 0.3844
vn 0.0002 0.9228 0.3854
vn 0.0004 0.9204 0.3909
vn -0.0675 0.9207 0.3845
vn -0.0684 0.9182 0.3901
vn 0.9799 0.0314 -0.1968
vn 0.9806 0.0299 -0.1936
vn 0.0000 0.9887 0.1499
vn -0.0000 0.9982 0.0606
vn -0.0083 0.9981 0.0614
vn -0.0226 0.9889 0.1468
vn -0.9874 0.0170 -0.1573
vn -0.9930 0.0077 -0.1179
vn -0.9927 0.0081 -0.1206
vn -0.9870 0.0179 -0.1596
vn 0.9974 0.0030 -0.0726
vn 0.9975 0.0029 -0.0701
vn 0.0389 -0.9720 -0.2316
vn 0.0229 -0.9883 -0.1506
vn 0.0234 -0.9879 -0.1535
vn 0.0394 -0.9716 -0.2332
vn 0.0227 0.9888 0.1473
vn 0.0084 0.9981 0.0616
vn 0.0003 0.9360 0.3521
vn -0.0616 0.9348 0.3498
vn 0.0622 0.9347 0.3499
vn -0.9696 0.0430 -0.2408
vn -0.9668 0.0449 -0.2516
vn 0.0507 0.9576 0.2836
vn 0.0003 0.9582 0.2862
vn 0.0087 -0.9979 -0.0648
vn 0.0085 -0.9979 -0.0640
vn -0.9977 0.0033 -0.0676
vn -0.9976 0.0034 -0.0699
vn -0.0235 -0.9878 -0.1537
vn -0.0085 -0.9979 -0.0641
vn -0.0087 -0.9978 -0.0652
vn -0.0230 -0.9882 -0.1512
vn -0.0502 0.9577 0.2834
vn -0.9819 0.0294 -0.1873
vn -0.9812 0.0307 -0.1904
vn 0.9860 0.0182 -0.1658
vn 0.9919 0.0080 -0.1265
vn 0.9923 0.0076 -0.1237
vn 0.9864 0.0172 -0.1635
vn 0.0002 0.9732 0.2300
vn -0.0386 0.9728 0.2282
vn -0.0397 -0.9716 -0.2334
vn -0.0392 -0.9720 -0.2318
vn 0.0389 0.9728 0.2284
vn 0.0512 -0.9554 -0.2907
vn 0.0508 -0.9562 -0.2883
vn -0.0854 -0.8727 -0.4807
vn 0.0146 0.9993 -0.0356
vn -0.0145 0.9992 -0.0361
vn 0.9925 0.1067 0.0598
vn 0.9956 0.0833 0.0439
vn 0.9998 0.0214 0.0018
vn 0.9999 0.0143 0.0008
vn 0.9999 0.0158 0.0013
vn 0.9999 0.0115 0.0001
vn 0.9999 0.0119 0.0005
vn 0.9999 0.0135 0.0026
vn -1.0000 0.0079 -0.0013
vn -1.0000 0.0025 -0.0023
vn -1.0000 0.0077 0.0020
vn -1.0000 0.0081 0.0025
vn -0.9999 0.0107 -0.0007
vn -0.9962 0.0773 0.0389
vn -0.9999 0.0169 -0.0014
vn -0.9935 0.1002 0.0542
vn 0.1249 -0.8735 0.4705
vn 0.2424 -0.8735 0.4222
vn 0.3434 -0.8735 0.3450
vn 0.4699 -0.8735 0.1271
vn 0.4210 -0.8735 0.2444
vn -0.0012 -0.8735 0.4868
vn -0.1271 -0.8735 0.4699
vn -0.4222 -0.8735 0.2424
vn -0.3450 -0.8735 0.3434
vn -0.2444 -0.8735 0.4210
vn -0.4705 -0.8735 0.1249
vn 0.4979 -0.0000 0.8672
vn -0.0024 -0.0000 1.0000
vn 0.2565 -0.0000 0.9665
vn -0.5021 0.0000 0.8648
vn -0.2612 0.0000 0.9653
vn -0.2722 -0.9595 0.0722
vn -0.1487 -0.9881 0.0394
vn -0.1334 -0.9881 0.0766
vn -0.2442 -0.9595 0.1402
vn 0.2718 -0.9595 0.0735
vn 0.1485 -0.9881 0.0402
vn 0.2435 -0.9595 0.1414
vn 0.1330 -0.9881 0.0772
vn 0.1986 -0.9595 0.1996
vn 0.1085 -0.9881 0.1090
vn -0.1414 -0.9595 0.2435
vn -0.0772 -0.9881 0.1330
vn -0.0402 -0.9881 0.1485
vn -0.0735 -0.9595 0.2718
vn -0.0004 -0.9881 0.1538
vn -0.0007 -0.9595 0.2816
vn 0.1402 -0.9595 0.2442
vn 0.0766 -0.9881 0.1334
vn 0.0394 -0.9881 0.1487
vn 0.0722 -0.9595 0.2722
vn -0.1090 -0.9881 0.1085
vn -0.1996 -0.9595 0.1986
vn 0.0389 -0.9969 0.0677
vn 0.0551 -0.9969 0.0553
vn -0.0755 -0.9969 0.0200
vn -0.0002 -0.9969 0.0781
vn 0.0200 -0.9969 0.0755
vn -0.0677 -0.9969 0.0389
vn -0.0553 -0.9969 0.0551
vn -0.0392 -0.9969 0.0675
vn 0.0754 -0.9969 0.0204
vn 0.0675 -0.9969 0.0392
vn -0.0204 -0.9969 0.0754
vn 0.5028 -0.0450 0.8632
vn 0.2815 -0.1108 0.9531
vn -0.5070 -0.0450 0.8608
vn -0.0024 -0.1418 0.9899
vn -0.0024 -0.0710 0.9975
vn -0.2861 -0.1108 0.9518
vn -0.7234 0.6871 -0.0675
vn -0.7301 0.6802 -0.0653
vn -0.7253 0.6852 -0.0669
vn 0.7420 0.6693 -0.0387
vn 0.7580 0.6518 -0.0253
vn 0.7354 0.6762 -0.0441
vn 0.7195 0.6914 -0.0654
vn 0.7197 0.6910 -0.0675
vn -0.7192 0.6905 -0.0770
vn -0.7194 0.6901 -0.0790
vn 0.7124 0.7017 0.0084
vn 0.7117 0.7025 0.0017
vn 0.7125 0.7016 0.0092
vn -0.7127 0.7014 0.0006
vn -0.7119 0.7023 -0.0017
vn -0.7126 0.7015 0.0001
vn 0.7167 0.6972 -0.0133
vn 0.7171 0.6968 -0.0165
vn -0.7167 0.6970 -0.0240
vn -0.7170 0.6965 -0.0271
vn -0.7194 0.6924 -0.0551
vn -0.7196 0.6909 -0.0693
vn -0.7197 0.6905 -0.0723
vn 0.7200 0.6915 -0.0580
vn 0.7197 0.6928 -0.0442
vn 0.7197 0.6929 -0.0441
vn 0.7201 0.6912 -0.0610
vn -0.7256 0.6852 0.0634
vn -0.7304 0.6802 0.0618
vn -0.7237 0.6871 0.0640
vn 0.7352 0.6762 0.0477
vn 0.7579 0.6518 0.0290
vn 0.7418 0.6693 0.0423
vn 0.7194 0.6910 0.0710
vn 0.7192 0.6914 0.0689
vn -0.7197 0.6901 0.0755
vn -0.7196 0.6905 0.0735
vn 0.7125 0.7016 -0.0057
vn 0.7124 0.7017 -0.0050
vn -0.7126 0.7015 -0.0036
vn -0.7127 0.7014 -0.0040
vn 0.7170 0.6968 0.0200
vn 0.7167 0.6972 0.0168
vn -0.7171 0.6965 0.0236
vn -0.7168 0.6970 0.0206
vn -0.7196 0.6924 0.0516
vn -0.7201 0.6905 0.0688
vn -0.7200 0.6909 0.0658
vn -0.7197 0.6924 0.0516
vn 0.7198 0.6912 0.0645
vn 0.7195 0.6929 0.0476
vn 0.7195 0.6928 0.0477
vn 0.7197 0.6915 0.0615
vn -0.1601 0.2992 -0.9407
vn -0.1602 0.2992 -0.9407
s 1
f 3299/3597/3764 3300/3598/3765 3301/3599/3766 3302/3600/3766
f 3303/3601/3767 3304/3602/3768 3305/3603/3769 3306/3604/3770
f 3307/3605/3771 3308/3606/3772 3309/3607/3766 3310/3608/3766
f 3311/3609/3773 3312/3610/3774 3313/3611/3775 3314/3612/3776
f 3315/3613/3777 3316/3614/3778 3317/3615/3779 3318/3616/3780
f 3319/3617/3781 3320/3618/3782 3321/3619/3766 3322/3620/3766
f 3323/3621/3783 3324/3622/3784 3325/3623/3785 3326/3624/3786
f 3327/3625/3787 3311/3609/3773 3314/3612/3776 3328/3626/3788
f 3304/3602/3768 3323/3621/3783 3326/3624/3786 3305/3603/3769
f 3329/3627/3789 3330/3628/3790 3331/3629/3766 3332/3630/3766
f 3333/3631/3791 3319/3617/3781 3322/3620/3766 3334/3632/3766
f 3335/3633/3792 3336/3634/3793 3337/3635/3766 3338/3636/3766
f 3308/3606/3772 3299/3597/3764 3302/3600/3766 3309/3607/3766
f 3339/3637/3794 3340/3638/3795 3341/3639/3766 3342/3640/3766
f 3343/3641/3796 3344/3642/3797 3345/3643/3798 3346/3644/3799
f 3336/3634/3793 3329/3627/3789 3332/3630/3766 3337/3635/3766
f 3347/3645/3800 3348/3646/3801 3349/3647/3802 3350/3648/3803
f 3351/3649/3804 3352/3650/3805 3353/3651/3806 3354/3652/3807
f 3330/3628/3790 3307/3605/3771 3310/3608/3766 3331/3629/3766
f 3320/3618/3782 3335/3633/3792 3338/3636/3766 3321/3619/3766
f 3312/3610/3774 3351/3649/3804 3354/3652/3807 3313/3611/3775
f 3300/3598/3765 3339/3637/3794 3342/3640/3766 3301/3599/3766
f 3348/3646/3801 3355/3653/3808 3356/3654/3809 3349/3647/3802
f 3324/3622/3784 3327/3625/3787 3328/3626/3788 3325/3623/3785
f 3357/3655/3810 3358/3656/3811 3359/3657/3812 3360/3658/3813
f 3344/3642/3797 3361/3659/3814 3362/3660/3815 3345/3643/3798
f 3363/3661/3816 3364/3662/3817 3365/3663/3818 3366/3664/3819
f 3367/3665/3820 3368/3666/3821 3369/3667/3822 3370/3668/3823
f 3364/3662/3817 3371/3669/3824 3372/3670/3825 3365/3663/3818
f 3316/3614/3778 3373/3671/3826 3374/3672/3827 3317/3615/3779
f 3361/3659/3814 3375/3673/3828 3376/3674/3829 3362/3660/3815
f 3375/3673/3828 3357/3655/3810 3360/3658/3813 3376/3674/3829
f 3355/3653/3808 3303/3601/3767 3306/3604/3770 3356/3654/3809
f 3373/3671/3826 3363/3661/3816 3366/3664/3819 3374/3672/3827
f 3377/3675/3830 3367/3665/3820 3370/3668/3823 3378/3676/3831
f 3379/3677/3832 3380/3678/3833 3381/3679/3834 3382/3680/3835
f 3383/3681/3836 3384/3682/3837 3385/3683/3838 3386/3684/3839
f 3380/3678/3833 3387/3685/3840 3388/3686/3841 3381/3679/3834
f 3389/3687/3842 3390/3688/3843 3391/3689/3844 3392/3690/3845
f 3384/3682/3837 3393/3691/3846 3394/3692/3847 3385/3683/3838
f 3395/3693/3848 3396/3694/3849 3397/3695/3850 3398/3696/3851
f 3387/3685/3840 3377/3675/3830 3378/3676/3831 3388/3686/3841
f 3393/3691/3846 3379/3677/3832 3382/3680/3835 3394/3692/3847
f 3396/3694/3849 3383/3681/3836 3386/3684/3839 3397/3695/3850
f 3368/3666/3821 3399/3697/3852 3400/3698/3853 3369/3667/3822
f 3401/3699/3854 3402/3700/3855 3403/3701/3856 3404/3702/3857
f 3405/3703/3858 3406/3704/3859 3407/3705/3860 3408/3706/3861
f 3409/3707/3862 3410/3708/3863 3411/3709/3864 3412/3710/3865
f 3402/3700/3855 3413/3711/3866 3414/3712/3867 3403/3701/3856
f 3415/3713/3868 3416/3714/3869 3417/3715/3870 3418/3716/3871
f 3419/3717/3872 3420/3718/3873 3421/3719/3874 3422/3720/3875
f 3406/3704/3859 3419/3717/3872 3422/3720/3875 3407/3705/3860
f 3410/3708/3863 3423/3721/3876 3424/3722/3877 3411/3709/3864
f 3413/3711/3866 3425/3723/3878 3426/3724/3879 3414/3712/3867
f 3423/3721/3876 3405/3703/3858 3408/3706/3861 3424/3722/3877
f 3416/3714/3869 3401/3699/3854 3404/3702/3857 3417/3715/3870
f 3425/3723/3878 3409/3707/3862 3412/3710/3865 3426/3724/3879
f 3427/3725/3880 3428/3726/3881 3429/3727/3882 3430/3728/3883
f 3431/3729/3884 3432/3730/3885 3433/3731/3886 3434/3732/3887
f 3435/3733/3888 3436/3734/3889 3437/3735/3890 3438/3736/3891
f 3439/3737/3892 3440/3738/3893 3441/3739/3894 3442/3740/3895
f 3443/3741/3896 3444/3742/3897 3445/3743/3898 3446/3744/3899
f 3436/3734/3889 3431/3729/3884 3434/3732/3887 3437/3735/3890
f 3444/3742/3897 3447/3745/3900 3448/3746/3901 3445/3743/3898
f 3440/3738/3893 3427/3725/3880 3430/3728/3883 3441/3739/3894
f 3449/3747/3902 3442/3740/3895 3450/3748/3903
f 3447/3745/3900 3435/3733/3888 3438/3736/3891 3448/3746/3901
f 3428/3726/3881 3451/3749/3904 3452/3750/3905 3429/3727/3882
f 3386/3684/3906 3385/3683/3907 3453/3751/3908 3454/3752/3909
f 3370/3668/3910 3369/3667/3911 3455/3753/3912 3456/3754/3913
f 3457/3755/3914 3458/3756/3915 3459/3757/3916 3460/3758/3917
f 3385/3683/3907 3394/3692/3918 3461/3759/3919 3453/3751/3908
f 3398/3696/3920 3397/3695/3921 3462/3760/3922 3463/3761/3923
f 3369/3667/3911 3400/3698/3924 3464/3762/3925 3455/3753/3912
f 3400/3698/3924 3391/3689/3926 3465/3763/3927 3464/3762/3925
f 3388/3686/3928 3378/3676/3929 3466/3764/3930 3467/3765/3931
f 3394/3692/3918 3382/3680/3932 3457/3755/3933 3461/3759/3919
f 3378/3676/3929 3370/3668/3910 3456/3754/3913 3466/3764/3930
f 3397/3695/3921 3386/3684/3906 3454/3752/3909 3462/3760/3922
f 3441/3739/3894 3430/3728/3883 3450/3766/3903
f 3437/3735/3890 3434/3732/3887 3468/3767/3934
f 3430/3728/3883 3429/3727/3882 3450/3768/3903
f 3442/3740/3895 3441/3739/3894 3450/3769/3903
f 3438/3736/3891 3437/3735/3890 3468/3770/3934
f 3469/3771/3935 3439/3737/3892 3442/3740/3895 3449/3747/3902
f 3445/3743/3898 3448/3746/3901 3468/3772/3934
f 3448/3746/3901 3438/3736/3891 3468/3773/3934
f 3429/3727/3882 3452/3750/3905 3450/3774/3903
f 3446/3744/3899 3445/3743/3898 3468/3775/3934
f 3464/3762/3925 3465/3763/3927 3470/3776/3936 3471/3777/3937
f 3471/3777/3937 3470/3776/3936 3472/3778/3938 3451/3749/3904
f 3466/3764/3930 3456/3754/3913 3473/3779/3939 3474/3780/3940
f 3474/3780/3940 3473/3779/3939 3427/3725/3880 3440/3738/3893
f 3454/3752/3909 3453/3751/3908 3475/3781/3941 3476/3782/3942
f 3476/3782/3942 3475/3781/3941 3435/3733/3888 3447/3745/3900
f 3461/3759/3919 3457/3755/3933 3477/3783/3943 3478/3784/3944
f 3478/3784/3944 3477/3783/3943 3431/3729/3884 3436/3734/3889
f 3462/3760/3922 3454/3752/3909 3476/3782/3942 3479/3785/3945
f 3479/3785/3945 3476/3782/3942 3447/3745/3900 3444/3742/3897
f 3455/3753/3912 3464/3762/3925 3471/3777/3937 3480/3786/3946
f 3480/3786/3946 3471/3777/3937 3451/3749/3904 3428/3726/3881
f 3467/3765/3931 3466/3764/3930 3474/3780/3940 3481/3787/3947
f 3481/3787/3947 3474/3780/3940 3440/3738/3893 3439/3737/3892
f 3456/3754/3913 3455/3753/3912 3480/3786/3946 3473/3779/3939
f 3473/3779/3939 3480/3786/3946 3428/3726/3881 3427/3725/3880
f 3467/3765/3948 3482/3788/3948 3483/3789/3949 3484/3790/3950
f 3485/3791/3951 3460/3758/3952 3486/3792/3953 3487/3793/3954
f 3453/3751/3908 3461/3759/3919 3478/3784/3944 3475/3781/3941
f 3475/3781/3941 3478/3784/3944 3436/3734/3889 3435/3733/3888
f 3463/3761/3923 3462/3760/3922 3479/3785/3945 3488/3794/3955
f 3488/3794/3955 3479/3785/3945 3444/3742/3897 3443/3741/3896
f 3451/3749/3904 3472/3778/3938 3489/3795/3956 3452/3750/3905
f 3360/3658/3813 3359/3657/3812 3490/3796/3957 3491/3797/3958
f 3491/3797/3959 3490/3796/3960 3492/3798/3961 3352/3650/3805
f 3345/3643/3798 3362/3660/3815 3493/3799/3962 3494/3800/3963
f 3494/3800/3964 3493/3799/3965 3312/3610/3774 3311/3609/3773
f 3372/3670/3825 3495/3801/3966 3496/3802/3967 3497/3803/3968
f 3497/3803/3968 3496/3802/3967 3324/3622/3784 3323/3621/3783
f 3374/3672/3827 3366/3664/3819 3498/3804/3969 3499/3805/3970
f 3499/3805/3971 3498/3804/3972 3303/3601/3767 3355/3653/3808
f 3365/3663/3818 3372/3670/3825 3497/3803/3968 3500/3806/3973
f 3500/3806/3974 3497/3803/3968 3323/3621/3783 3304/3602/3768
f 3317/3615/3779 3374/3672/3827 3499/3805/3970 3501/3807/3975
f 3501/3807/3976 3499/3805/3971 3355/3653/3808 3348/3646/3801
f 3376/3674/3829 3360/3658/3813 3491/3797/3958 3502/3808/3977
f 3502/3808/3978 3491/3797/3959 3352/3650/3805 3351/3649/3804
f 3346/3644/3799 3345/3643/3798 3494/3800/3963 3503/3809/3979
f 3503/3809/3979 3494/3800/3964 3311/3609/3773 3327/3625/3787
f 3362/3660/3815 3376/3674/3829 3502/3808/3977 3493/3799/3962
f 3493/3799/3965 3502/3808/3978 3351/3649/3804 3312/3610/3774
f 3495/3801/3966 3346/3644/3799 3503/3809/3979 3496/3802/3967
f 3496/3802/3967 3503/3809/3979 3327/3625/3787 3324/3622/3784
f 3366/3664/3819 3365/3663/3818 3500/3806/3973 3498/3804/3969
f 3498/3804/3972 3500/3806/3974 3304/3602/3768 3303/3601/3767
f 3318/3616/3780 3317/3615/3779 3501/3807/3975 3504/3810/3980
f 3504/3810/3981 3501/3807/3976 3348/3646/3801 3347/3645/3800
f 3353/3651/3806 3505/3811/3982 3506/3812/3983 3507/3813/3984
f 3507/3813/3985 3506/3812/3986 3420/3718/3873 3419/3717/3872
f 3314/3612/3776 3313/3611/3775 3508/3814/3987 3509/3815/3988
f 3509/3815/3989 3508/3814/3990 3405/3703/3858 3423/3721/3876
f 3326/3624/3786 3325/3623/3785 3510/3816/3991 3511/3817/3992
f 3511/3817/3993 3510/3816/3994 3409/3707/3862 3425/3723/3878
f 3356/3654/3809 3306/3604/3770 3512/3818/3995 3513/3819/3996
f 3513/3819/3997 3512/3818/3998 3402/3700/3855 3401/3699/3854
f 3305/3603/3769 3326/3624/3786 3511/3817/3992 3514/3820/3999
f 3514/3820/4000 3511/3817/3993 3425/3723/3878 3413/3711/3866
f 3349/3647/3802 3356/3654/3809 3513/3819/3996 3515/3821/4001
f 3515/3821/4002 3513/3819/3997 3401/3699/3854 3416/3714/3869
f 3354/3652/3807 3353/3651/3806 3507/3813/3984 3516/3822/4003
f 3516/3822/4004 3507/3813/3985 3419/3717/3872 3406/3704/3859
f 3328/3626/3788 3314/3612/3776 3509/3815/3988 3517/3823/4005
f 3517/3823/4006 3509/3815/3989 3423/3721/3876 3410/3708/3863
f 3313/3611/3775 3354/3652/3807 3516/3822/4003 3508/3814/3987
f 3508/3814/3990 3516/3822/4004 3406/3704/3859 3405/3703/3858
f 3325/3623/3785 3328/3626/3788 3517/3823/4005 3510/3816/3991
f 3510/3816/3994 3517/3823/4006 3410/3708/3863 3409/3707/3862
f 3306/3604/3770 3305/3603/3769 3514/3820/3999 3512/3818/3995
f 3512/3818/3998 3514/3820/4000 3413/3711/3866 3402/3700/3855
f 3350/3648/3803 3349/3647/3802 3515/3821/4001 3518/3824/4007
f 3518/3824/4008 3515/3821/4002 3416/3714/3869 3415/3713/3868
f 3352/3650/3805 3492/3798/3961 3505/3811/3982 3353/3651/3806
f 3388/3686/4009 3467/3765/4010 3519/3825/4011 3520/3826/4009
f 3457/3755/3914 3382/3680/4012 3521/3827/4012 3458/3756/3915
f 3381/3679/4013 3522/3828/4014 3523/3829/4015
f 3523/3829/4016 3522/3828/4017 3524/3830/4018 3525/3831/4019
f 3522/3828/4017 3526/3832/4020 3527/3833/4021 3524/3830/4018
f 3460/3758/3917 3459/3757/3916 3528/3834/4022 3486/3792/4023
f 3529/3835/4024 3530/3836/4025 3531/3837/4026 3532/3838/4027
f 3533/3839/4028 3534/3840/4029 3535/3841/4030 3536/3842/4031
f 3537/3843/4032 3533/3839/4028 3536/3842/4031 3538/3844/4033
f 3539/3845/4034 3540/3846/4035 3541/3847/4036 3542/3848/4037
f 3543/3849/4038 3544/3850/4039 3530/3836/4025 3529/3835/4024
f 3524/3830/4018 3527/3833/4021 3545/3851/4040 3546/3852/4041
f 3525/3831/4019 3524/3830/4018 3546/3852/4041 3547/3853/4042
f 3519/3825/4011 3467/3765/4010 3484/3790/4043 3548/3854/4044
f 3547/3853/4042 3546/3852/4041 3549/3855/4045 3550/3856/4046
f 3542/3848/4037 3541/3847/4036 3551/3857/4047 3552/3858/4048
f 3553/3859/4049 3542/3848/4050 3552/3858/4051 3554/3860/4052
f 3555/3861/4053 3529/3835/4054 3532/3838/4055 3556/3862/4056
f 3546/3852/4041 3545/3851/4040 3557/3863/4057 3549/3855/4045
f 3548/3854/4044 3484/3790/4043 3558/3864/4058 3559/3865/4059
f 3532/3838/4027 3531/3837/4026 3560/3866/4060 3561/3867/4060
f 3452/3750/3905 3489/3795/3956 3450/3868/3903
f 3562/3869/4061 3539/3845/4062 3542/3848/4050 3553/3859/4049
f 3563/3870/4063 3564/3871/4064 3534/3840/4029 3533/3839/4028
f 3565/3872/4065 3543/3849/4066 3529/3835/4054 3555/3861/4053
f 3543/3849/4066 3565/3872/4065 3487/3793/3954 3486/3792/3953
f 3566/3873/4067 3567/3874/4067 3552/3858/4048 3551/3857/4047
f 3561/3867/4068 3568/3875/4068 3556/3862/4056 3532/3838/4055
f 3538/3844/4033 3536/3842/4031 3569/3876/4069 3570/3877/4070
f 3536/3842/4031 3535/3841/4030 3571/3878/4071 3569/3876/4069
f 3567/3874/4072 3572/3879/4072 3554/3860/4052 3552/3858/4051
f 3563/3870/4063 3573/3880/4073 3550/3856/4046 3549/3855/4045
f 3573/3880/4073 3563/3870/4063 3533/3839/4028 3537/3843/4032
f 3564/3871/4064 3563/3870/4063 3549/3855/4045 3557/3863/4057
f 3574/3881/4074 3575/3882/4074 3576/3883/4074
f 3539/3845/4062 3562/3869/4061 3559/3865/4059 3558/3864/4058
f 3540/3846/4035 3539/3845/4034 3558/3864/4075 3577/3884/4076
f 3544/3850/4039 3543/3849/4038 3486/3792/4023 3528/3834/4022
f 3484/3790/3950 3483/3789/3949 3577/3884/4076 3558/3864/4075
f 3578/3885/4077 3457/3755/4077 3460/3758/3952 3485/3791/3951
f 3434/3732/3887 3433/3731/3886 3468/3886/3934
f 3467/3765/3931 3481/3787/3947 3482/3788/4078
f 3481/3787/3947 3439/3737/3892 3469/3771/3935 3482/3788/4078
f 3457/3755/3933 3578/3885/4079 3477/3783/3943
f 3477/3783/3943 3578/3885/4079 3432/3730/3885 3431/3729/3884
f 3578/3885/4080 3485/3791/4081 3432/3730/4082
f 3485/3791/4081 3487/3793/4083 3433/3731/4084 3432/3730/4082
f 3556/3862/4085 3568/3875/4086 3468/3886/4086 3433/3731/4084
f 3556/3862/4085 3433/3731/4084 3555/3861/4087
f 3555/3861/4087 3433/3731/4084 3565/3872/4088
f 3565/3872/4088 3433/3731/4084 3487/3793/4083
f 3566/3873/4089 3551/3857/4090 3449/3747/4091 3450/3748/4089
f 3541/3847/4092 3449/3747/4091 3551/3857/4090
f 3540/3846/4093 3449/3747/4091 3541/3847/4092
f 3577/3884/4094 3449/3747/4091 3540/3846/4093
f 3577/3884/4094 3483/3789/4095 3469/3771/4096 3449/3747/4091
f 3482/3788/4097 3469/3771/4096 3483/3789/4095
f 3329/3627/3789 3336/3634/3793 3579/3887/4098 3580/3888/4099
f 3336/3634/3793 3335/3633/3792 3581/3889/4100 3579/3887/4098
f 3319/3617/3781 3333/3631/3791 3582/3890/4101 3583/3891/4102
f 3335/3633/3792 3320/3618/3782 3584/3892/4103 3581/3889/4100
f 3330/3628/3790 3329/3627/3789 3580/3888/4099 3585/3893/4104
f 3307/3605/3771 3330/3628/3790 3585/3893/4104 3586/3894/4105
f 3300/3598/3765 3299/3597/3764 3587/3895/4106 3588/3896/4107
f 3299/3597/3764 3308/3606/3772 3589/3897/4108 3587/3895/4106
f 3339/3637/3794 3300/3598/3765 3588/3896/4107 3590/3898/4109
f 3320/3618/3782 3319/3617/3781 3583/3891/4102 3584/3892/4103
f 3340/3638/3795 3339/3637/3794 3590/3898/4109 3591/3899/4110
f 3308/3606/3772 3307/3605/3771 3586/3894/4105 3589/3897/4108
f 3579/3887/4111 3581/3889/3816 3592/3900/3816 3593/3901/4111
f 3591/3899/3811 3590/3898/3810 3594/3902/3810 3595/3903/3811
f 3585/3893/4112 3580/3888/4113 3596/3904/4113 3597/3905/4112
f 3580/3888/4113 3579/3887/4111 3593/3901/4111 3596/3904/4113
f 3588/3896/3828 3587/3895/3814 3598/3906/3814 3599/3907/3828
f 3587/3895/3814 3589/3897/4114 3600/3908/4114 3598/3906/3814
f 3590/3898/3810 3588/3896/3828 3599/3907/3828 3594/3902/3810
f 3583/3891/3778 3582/3890/3777 3601/3909/3777 3602/3910/3778
f 3584/3892/3826 3583/3891/3778 3602/3910/3778 3603/3911/3826
f 3581/3889/3816 3584/3892/3826 3603/3911/3826 3592/3900/3816
f 3589/3897/4114 3586/3894/4115 3604/3912/4115 3600/3908/4114
f 3586/3894/4115 3585/3893/4112 3597/3905/4112 3604/3912/4115
f 3594/3902/4116 3599/3907/4117 3605/3913/4118 3606/3914/4119
f 3602/3910/4120 3601/3909/4121 3607/3915/4122 3608/3916/4123
f 3603/3911/4124 3602/3910/4120 3608/3916/4123 3609/3917/4125
f 3592/3900/4126 3603/3911/4124 3609/3917/4125 3610/3918/4127
f 3600/3908/4128 3604/3912/4129 3611/3919/4130 3612/3920/4131
f 3604/3912/4129 3597/3905/4132 3613/3921/4133 3611/3919/4130
f 3593/3901/4134 3592/3900/4126 3610/3918/4127 3614/3922/4135
f 3595/3903/4136 3594/3902/4116 3606/3914/4119 3615/3923/4137
f 3597/3905/4132 3596/3904/4138 3616/3924/4139 3613/3921/4133
f 3596/3904/4138 3593/3901/4134 3614/3922/4135 3616/3924/4139
f 3599/3907/4117 3598/3906/4140 3617/3925/4141 3605/3913/4118
f 3598/3906/4140 3600/3908/4128 3612/3920/4131 3617/3925/4141
f 3614/3922/4135 3610/3918/4127 3618/3926/4142 3619/3927/4143
f 3615/3923/4137 3606/3914/4119 3620/3928/4144 3621/3929/4145
f 3613/3921/4133 3616/3924/4139 3622/3930/4146 3623/3931/4147
f 3616/3924/4139 3614/3922/4135 3619/3927/4143 3622/3930/4146
f 3605/3913/4118 3617/3925/4141 3624/3932/4148 3625/3933/4149
f 3617/3925/4141 3612/3920/4131 3626/3934/4150 3624/3932/4148
f 3606/3914/4119 3605/3913/4118 3625/3933/4149 3620/3928/4144
f 3608/3916/4123 3607/3915/4122 3627/3935/4151 3628/3936/4152
f 3609/3917/4125 3608/3916/4123 3628/3936/4152 3629/3937/4153
f 3610/3918/4127 3609/3917/4125 3629/3937/4153 3618/3926/4142
f 3612/3920/4131 3611/3919/4130 3630/3938/4154 3626/3934/4150
f 3611/3919/4130 3613/3921/4133 3623/3931/4147 3630/3938/4154
f 3620/3928/4144 3625/3933/4149 3631/3939/3766
f 3628/3936/4152 3627/3935/4151 3631/3940/3766
f 3629/3937/4153 3628/3936/4152 3631/3941/3766
f 3618/3926/4142 3629/3937/4153 3631/3942/3766
f 3626/3934/4150 3630/3938/4154 3631/3943/3766
f 3630/3938/4154 3623/3931/4147 3631/3944/3766
f 3619/3927/4143 3618/3926/4142 3631/3945/3766
f 3621/3929/4145 3620/3928/4144 3631/3946/3766
f 3623/3931/4147 3622/3930/4146 3631/3947/3766
f 3622/3930/4146 3619/3927/4143 3631/3948/3766
f 3625/3933/4149 3624/3932/4148 3631/3949/3766
f 3624/3932/4148 3626/3934/4150 3631/3950/3766
f 3321/3619/3826 3338/3636/3816 3363/3661/3816 3373/3671/3826
f 3301/3599/3828 3342/3640/3810 3357/3655/3810 3375/3673/3828
f 3302/3600/3814 3301/3599/3828 3375/3673/3828 3361/3659/3814
f 3322/3620/3778 3321/3619/3826 3373/3671/3826 3316/3614/3778
f 3337/3635/4155 3332/3630/4156 3371/3669/3824 3364/3662/3817
f 3338/3636/3816 3337/3635/4155 3364/3662/3817 3363/3661/3816
f 3309/3607/4157 3302/3600/3814 3361/3659/3814 3344/3642/3797
f 3342/3640/3810 3341/3639/3811 3358/3656/3811 3357/3655/3810
f 3331/3629/4158 3310/3608/4159 3343/3641/3796 3632/3951/4158
f 3310/3608/4159 3309/3607/4157 3344/3642/3797 3343/3641/3796
f 3332/3630/4156 3331/3629/4158 3632/3951/4158 3371/3669/3824
f 3334/3632/3777 3322/3620/3778 3316/3614/3778 3315/3613/3777
f 3633/3952/4112 3634/3953/4160 3635/3954/4160 3636/3955/4112
f 3343/3641/4161 3346/3644/4161 3637/3956/4162 3638/3957/4162
f 3639/3958/3766 3640/3959/3766 3632/3951/3766
f 3495/3801/4163 3636/3955/4163 3635/3954/4163 3641/3960/4163 3642/3961/4163 3637/3956/4163 3346/3644/4163
f 3371/3669/4164 3643/3962/4165 3644/3963/4165 3372/3670/4164
f 3343/3641/3766 3638/3957/3766 3645/3964/3766 3646/3965/3766 3634/3953/3766 3633/3952/3766 3632/3951/3766
f 3647/3966/4166 3633/3952/4112 3636/3955/4112 3648/3967/4166
f 3635/3954/4160 3634/3953/4160 3646/3965/4167 3641/3960/4167
f 3641/3960/4167 3646/3965/4167 3645/3964/4168 3642/3961/4168
f 3642/3961/4168 3645/3964/4168 3638/3957/4162 3637/3956/4162
f 3644/3963/4165 3643/3962/4165 3640/3959/4169 3649/3968/4169
f 3649/3968/4169 3640/3959/4169 3639/3958/4170 3650/3969/4170
f 3650/3969/4170 3639/3958/4170 3647/3966/4166 3648/3967/4166
f 3649/3968/4163 3650/3969/4163 3495/3801/4163
f 3636/3955/4163 3495/3801/4163 3648/3967/4163
f 3495/3801/4163 3372/3670/4163 3644/3963/4163
f 3648/3967/4163 3495/3801/4163 3650/3969/4163
f 3644/3963/4163 3649/3968/4163 3495/3801/4163
f 3371/3669/3766 3632/3951/3766 3643/3962/3766
f 3632/3951/3766 3633/3952/3766 3647/3966/3766
f 3643/3962/3766 3632/3951/3766 3640/3959/3766
f 3647/3966/3766 3639/3958/3766 3632/3951/3766
f 3651/3970/4171 3652/3971/3766 3653/3972/3766 3654/3973/4172
f 3655/3974/4173 3656/3975/4174 3657/3976/4175 3658/3977/4176
f 3659/3978/4177 3660/3979/3766 3661/3980/3766 3662/3981/4178
f 3663/3982/4179 3664/3983/4180 3665/3984/4181 3666/3985/4182
f 3315/3613/3777 3318/3616/3780 3667/3986/4183 3668/3987/4184
f 3669/3988/4185 3670/3989/3766 3671/3990/3766 3672/3991/4186
f 3673/3992/4187 3674/3993/4188 3675/3994/4189 3676/3995/4190
f 3677/3996/4191 3678/3997/4192 3664/3983/4180 3663/3982/4179
f 3658/3977/4176 3657/3976/4175 3674/3993/4188 3673/3992/4187
f 3679/3998/4193 3680/3999/3766 3681/4000/3766 3682/4001/4194
f 3333/3631/3791 3334/3632/3766 3670/3989/3766 3669/3988/4185
f 3683/4002/4195 3684/4003/3766 3685/4004/3766 3686/4005/4196
f 3662/3981/4178 3661/3980/3766 3652/3971/3766 3651/3970/4171
f 3687/4006/4197 3688/4007/3766 3341/3639/3766 3340/3638/3795
f 3689/4008/4198 3690/4009/4199 3691/4010/4200 3692/4011/4201
f 3686/4005/4196 3685/4004/3766 3680/3999/3766 3679/3998/4193
f 3347/3645/3800 3350/3648/3803 3693/4012/4202 3694/4013/4203
f 3695/4014/4204 3696/4015/4205 3697/4016/4206 3698/4017/4207
f 3682/4001/4194 3681/4000/3766 3660/3979/3766 3659/3978/4177
f 3672/3991/4186 3671/3990/3766 3684/4003/3766 3683/4002/4195
f 3666/3985/4182 3665/3984/4181 3696/4015/4205 3695/4014/4204
f 3654/3973/4172 3653/3972/3766 3688/4007/3766 3687/4006/4197
f 3694/4013/4203 3693/4012/4202 3699/4018/4208 3700/4019/4209
f 3676/3995/4190 3675/3994/4189 3678/3997/4192 3677/3996/4191
f 3701/4020/4210 3702/4021/4211 3359/3657/3812 3358/3656/3811
f 3692/4011/4201 3691/4010/4200 3703/4022/4212 3704/4023/4213
f 3705/4024/4214 3706/4025/4215 3707/4026/4216 3708/4027/4217
f 3709/4028/4218 3710/4029/4219 3390/3688/3843 3389/3687/3842
f 3708/4027/4217 3707/4026/4216 3711/4030/4220 3712/4031/4221
f 3668/3987/4184 3667/3986/4183 3713/4032/4222 3714/4033/4223
f 3704/4023/4213 3703/4022/4212 3715/4034/4224 3716/4035/4225
f 3716/4035/4225 3715/4034/4224 3702/4021/4211 3701/4020/4210
f 3700/4019/4209 3699/4018/4208 3656/3975/4174 3655/3974/4173
f 3714/4033/4223 3713/4032/4222 3706/4025/4215 3705/4024/4214
f 3717/4036/4226 3718/4037/4227 3719/4038/4228 3720/4039/4229
f 3721/4040/4230 3722/4041/4231 3723/4042/4232 3724/4043/4233
f 3725/4044/4234 3726/4045/4235 3727/4046/4236 3728/4047/4237
f 3724/4043/4233 3723/4042/4232 3576/3883/4238 3729/4048/4239
f 3728/4047/4237 3727/4046/4236 3730/4049/4240 3731/4050/4241
f 3395/3693/3848 3398/3696/3851 3732/4051/4242 3733/4052/4243
f 3729/4048/4239 3576/3883/4238 3718/4037/4227 3717/4036/4226
f 3731/4050/4241 3730/4049/4240 3722/4041/4231 3721/4040/4230
f 3733/4052/4243 3732/4051/4242 3726/4045/4235 3725/4044/4234
f 3734/4053/4244 3735/4054/4245 3421/3719/3874 3420/3718/3873
f 3736/4055/4246 3737/4056/4247 3738/4057/4248 3739/4058/4249
f 3740/4059/4250 3741/4060/4251 3742/4061/4252 3743/4062/4253
f 3744/4063/4254 3745/4064/4255 3746/4065/4256 3747/4066/4257
f 3739/4058/4249 3738/4057/4248 3748/4067/4258 3749/4068/4259
f 3415/3713/3868 3418/3716/3871 3750/4069/4260 3751/4070/4261
f 3720/4039/4229 3719/4038/4228 3710/4029/4219 3709/4028/4218
f 3743/4062/4253 3742/4061/4252 3735/4054/4245 3734/4053/4244
f 3747/4066/4257 3746/4065/4256 3752/4071/4262 3753/4072/4263
f 3749/4068/4259 3748/4067/4258 3754/4073/4264 3755/4074/4265
f 3753/4072/4263 3752/4071/4262 3741/4060/4251 3740/4059/4250
f 3751/4070/4261 3750/4069/4260 3737/4056/4247 3736/4055/4246
f 3755/4074/4265 3754/4073/4264 3745/4064/4255 3744/4063/4254
f 3756/4075/4266 3757/4076/4267 3758/4077/4268 3759/4078/4269
f 3760/4079/4270 3761/4080/4271 3762/4081/4272 3763/4082/4273
f 3764/4083/4274 3765/4084/4275 3766/4085/4276 3767/4086/4277
f 3768/4087/4278 3769/4088/4279 3770/4089/4280 3771/4090/4281
f 3443/3741/3896 3446/3744/3899 3772/4091/4282 3773/4092/4283
f 3767/4086/4277 3766/4085/4276 3761/4080/4271 3760/4079/4270
f 3773/4092/4283 3772/4091/4282 3774/4093/4284 3775/4094/4285
f 3771/4090/4281 3770/4089/4280 3757/4076/4267 3756/4075/4266
f 3776/4095/4286 3450/3748/3903 3769/4088/4279
f 3775/4094/4285 3774/4093/4284 3765/4084/4275 3764/4083/4274
f 3759/4078/4269 3758/4077/4268 3777/4096/4287 3778/4097/4288
f 3726/4045/4289 3779/4098/4290 3780/4099/4291 3727/4046/4292
f 3719/4038/4293 3781/4100/4294 3782/4101/4295 3710/4029/4296
f 3783/4102/4297 3784/4103/4298 3785/4104/4299 3786/4105/4300
f 3727/4046/4292 3780/4099/4291 3787/4106/4301 3730/4049/4302
f 3398/3696/3920 3463/3761/3923 3788/4107/4303 3732/4051/4304
f 3710/4029/4296 3782/4101/4295 3789/4108/4305 3390/3688/4306
f 3390/3688/4306 3789/4108/4305 3465/3763/3927 3391/3689/3926
f 3576/3883/4307 3790/4109/4308 3791/4110/4309 3718/4037/4310
f 3730/4049/4302 3787/4106/4301 3783/4102/4311 3722/4041/4312
f 3718/4037/4310 3791/4110/4309 3781/4100/4294 3719/4038/4293
f 3732/4051/4304 3788/4107/4303 3779/4098/4290 3726/4045/4289
f 3770/4089/4280 3450/3766/3903 3757/4076/4267
f 3766/4085/4276 3468/3767/3934 3761/4080/4271
f 3757/4076/4267 3450/3768/3903 3758/4077/4268
f 3769/4088/4279 3450/3769/3903 3770/4089/4280
f 3765/4084/4275 3468/3770/3934 3766/4085/4276
f 3792/4111/4313 3776/4095/4286 3769/4088/4279 3768/4087/4278
f 3772/4091/4282 3468/3772/3934 3774/4093/4284
f 3774/4093/4284 3468/3773/3934 3765/4084/4275
f 3758/4077/4268 3450/3774/3903 3777/4096/4287
f 3446/3744/3899 3468/3775/3934 3772/4091/4282
f 3789/4108/4305 3793/4112/4314 3470/3776/3936 3465/3763/3927
f 3793/4112/4314 3778/4097/4288 3472/3778/3938 3470/3776/3936
f 3791/4110/4309 3794/4113/4315 3795/4114/4316 3781/4100/4294
f 3794/4113/4315 3771/4090/4281 3756/4075/4266 3795/4114/4316
f 3779/4098/4290 3796/4115/4317 3797/4116/4318 3780/4099/4291
f 3796/4115/4317 3775/4094/4285 3764/4083/4274 3797/4116/4318
f 3787/4106/4301 3798/4117/4319 3799/4118/4320 3783/4102/4311
f 3798/4117/4319 3767/4086/4277 3760/4079/4270 3799/4118/4320
f 3788/4107/4303 3800/4119/4321 3796/4115/4317 3779/4098/4290
f 3800/4119/4321 3773/4092/4283 3775/4094/4285 3796/4115/4317
f 3782/4101/4295 3801/4120/4322 3793/4112/4314 3789/4108/4305
f 3801/4120/4322 3759/4078/4269 3778/4097/4288 3793/4112/4314
f 3790/4109/4308 3802/4121/4323 3794/4113/4315 3791/4110/4309
f 3802/4121/4323 3768/4087/4278 3771/4090/4281 3794/4113/4315
f 3781/4100/4294 3795/4114/4316 3801/4120/4322 3782/4101/4295
f 3795/4114/4316 3756/4075/4266 3759/4078/4269 3801/4120/4322
f 3790/4109/4324 3803/4122/4325 3804/4123/4326 3805/4124/4324
f 3806/4125/4327 3807/4126/4328 3808/4127/4329 3784/4103/4330
f 3780/4099/4291 3797/4116/4318 3798/4117/4319 3787/4106/4301
f 3797/4116/4318 3764/4083/4274 3767/4086/4277 3798/4117/4319
f 3463/3761/3923 3488/3794/3955 3800/4119/4321 3788/4107/4303
f 3488/3794/3955 3443/3741/3896 3773/4092/4283 3800/4119/4321
f 3778/4097/4288 3777/4096/4287 3489/3795/3956 3472/3778/3938
f 3702/4021/4211 3809/4128/4331 3490/3796/3957 3359/3657/3812
f 3809/4128/4332 3698/4017/4207 3492/3798/3961 3490/3796/3960
f 3691/4010/4200 3810/4129/4333 3811/4130/4334 3703/4022/4212
f 3810/4129/4333 3663/3982/4179 3666/3985/4182 3811/4130/4335
f 3711/4030/4336 3812/4131/4337 3813/4132/4338 3814/4133/4339
f 3812/4131/4337 3673/3992/4187 3676/3995/4190 3813/4132/4338
f 3713/4032/4222 3815/4134/4340 3816/4135/4341 3706/4025/4215
f 3815/4134/4342 3700/4019/4209 3655/3974/4173 3816/4135/4343
f 3707/4026/4216 3817/4136/4344 3812/4131/4337 3711/4030/4336
f 3817/4136/4344 3658/3977/4176 3673/3992/4187 3812/4131/4337
f 3667/3986/4183 3818/4137/4345 3815/4134/4340 3713/4032/4222
f 3818/4137/4346 3694/4013/4203 3700/4019/4209 3815/4134/4342
f 3715/4034/4224 3819/4138/4347 3809/4128/4331 3702/4021/4211
f 3819/4138/4348 3695/4014/4204 3698/4017/4207 3809/4128/4332
f 3690/4009/4349 3820/4139/4350 3810/4129/4333 3691/4010/4200
f 3820/4139/4350 3677/3996/4191 3663/3982/4179 3810/4129/4333
f 3703/4022/4212 3811/4130/4334 3819/4138/4347 3715/4034/4224
f 3811/4130/4335 3666/3985/4182 3695/4014/4204 3819/4138/4348
f 3814/4133/4339 3813/4132/4338 3820/4139/4350 3690/4009/4349
f 3813/4132/4338 3676/3995/4190 3677/3996/4191 3820/4139/4350
f 3706/4025/4215 3816/4135/4341 3817/4136/4344 3707/4026/4216
f 3816/4135/4343 3655/3974/4173 3658/3977/4176 3817/4136/4344
f 3318/3616/3780 3504/3810/3980 3818/4137/4345 3667/3986/4183
f 3504/3810/3981 3347/3645/3800 3694/4013/4203 3818/4137/4346
f 3697/4016/4206 3821/4140/4351 3506/3812/3983 3505/3811/3982
f 3821/4140/4352 3734/4053/4244 3420/3718/3873 3506/3812/3986
f 3664/3983/4180 3822/4141/4353 3823/4142/4354 3665/3984/4181
f 3822/4141/4355 3753/4072/4263 3740/4059/4250 3823/4142/4356
f 3674/3993/4188 3824/4143/4357 3825/4144/4358 3675/3994/4189
f 3824/4143/4359 3755/4074/4265 3744/4063/4254 3825/4144/4360
f 3699/4018/4208 3826/4145/4361 3827/4146/4362 3656/3975/4174
f 3826/4145/4363 3736/4055/4246 3739/4058/4249 3827/4146/4364
f 3657/3976/4175 3828/4147/4365 3824/4143/4357 3674/3993/4188
f 3828/4147/4366 3749/4068/4259 3755/4074/4265 3824/4143/4359
f 3693/4012/4202 3829/4148/4367 3826/4145/4361 3699/4018/4208
f 3829/4148/4368 3751/4070/4261 3736/4055/4246 3826/4145/4363
f 3696/4015/4205 3830/4149/4369 3821/4140/4351 3697/4016/4206
f 3830/4149/4370 3743/4062/4253 3734/4053/4244 3821/4140/4352
f 3678/3997/4192 3831/4150/4371 3822/4141/4353 3664/3983/4180
f 3831/4150/4372 3747/4066/4257 3753/4072/4263 3822/4141/4355
f 3665/3984/4181 3823/4142/4354 3830/4149/4369 3696/4015/4205
f 3823/4142/4356 3740/4059/4250 3743/4062/4253 3830/4149/4370
f 3675/3994/4189 3825/4144/4358 3831/4150/4371 3678/3997/4192
f 3825/4144/4360 3744/4063/4254 3747/4066/4257 3831/4150/4372
f 3656/3975/4174 3827/4146/4362 3828/4147/4365 3657/3976/4175
f 3827/4146/4364 3739/4058/4249 3749/4068/4259 3828/4147/4366
f 3350/3648/3803 3518/3824/4007 3829/4148/4367 3693/4012/4202
f 3518/3824/4008 3415/3713/3868 3751/4070/4261 3829/4148/4368
f 3698/4017/4207 3697/4016/4206 3505/3811/3982 3492/3798/3961
f 3576/3883/4373 3575/3882/4373 3832/4151/4374 3790/4109/4375
f 3783/4102/4297 3786/4105/4300 3833/4152/4376 3722/4041/4376
f 3834/4153/4377 3835/4154/4378 3723/4042/4379
f 3834/4153/4380 3836/4155/4381 3837/4156/4382 3835/4154/4383
f 3835/4154/4383 3837/4156/4382 3838/4157/4384 3574/3881/4385
f 3784/4103/4298 3808/4127/4386 3839/4158/4387 3785/4104/4299
f 3840/4159/4388 3841/4160/4389 3842/4161/4390 3843/4162/4391
f 3844/4163/4392 3845/4164/4393 3846/4165/4394 3847/4166/4395
f 3848/4167/4396 3561/3867/4060 3560/3866/4060 3849/4168/4397
f 3847/4166/4398 3846/4165/4399 3850/4169/4400 3851/4170/4401
f 3852/4171/4402 3853/4172/4403 3841/4160/4389 3840/4159/4388
f 3837/4156/4382 3854/4173/4404 3855/4174/4405 3838/4157/4384
f 3836/4155/4381 3856/4175/4406 3854/4173/4404 3837/4156/4382
f 3832/4151/4374 3857/4176/4407 3803/4122/4408 3790/4109/4375
f 3856/4175/4406 3858/4177/4409 3859/4178/4410 3854/4173/4404
f 3846/4165/4399 3860/4179/4411 3861/4180/4412 3850/4169/4400
f 3845/4164/4393 3862/4181/4413 3860/4179/4414 3846/4165/4394
f 3863/4182/4415 3864/4183/4416 3848/4167/4417 3865/4184/4418
f 3854/4173/4404 3859/4178/4410 3866/4185/4419 3855/4174/4405
f 3857/4176/4407 3867/4186/4420 3868/4187/4421 3803/4122/4408
f 3869/4188/4422 3865/4184/4423 3870/4189/4424 3871/4190/4425
f 3777/4096/4287 3450/3868/3903 3489/3795/3956
f 3865/4184/4423 3848/4167/4396 3849/4168/4397 3870/4189/4424
f 3872/4191/4426 3840/4159/4388 3843/4162/4391 3873/4192/4427
f 3874/4193/4428 3863/4182/4415 3865/4184/4418 3869/4188/4429
f 3869/4188/4429 3808/4127/4329 3807/4126/4328 3874/4193/4428
f 3566/3873/4067 3861/4180/4412 3860/4179/4411 3567/3874/4067
f 3561/3867/4068 3848/4167/4417 3864/4183/4416 3568/3875/4068
f 3853/4172/4403 3570/3877/4070 3569/3876/4069 3841/4160/4389
f 3841/4160/4389 3569/3876/4069 3571/3878/4071 3842/4161/4390
f 3567/3874/4072 3860/4179/4414 3862/4181/4413 3572/3879/4072
f 3872/4191/4426 3859/4178/4410 3858/4177/4409 3875/4194/4430
f 3875/4194/4430 3852/4171/4402 3840/4159/4388 3872/4191/4426
f 3873/4192/4427 3866/4185/4419 3859/4178/4410 3872/4191/4426
f 3847/4166/4395 3868/4187/4421 3867/4186/4420 3844/4163/4392
f 3851/4170/4401 3876/4195/4431 3868/4187/4432 3847/4166/4398
f 3871/4190/4425 3839/4158/4387 3808/4127/4386 3869/4188/4422
f 3803/4122/4325 3868/4187/4432 3876/4195/4431 3804/4123/4326
f 3877/4196/4433 3806/4125/4327 3784/4103/4330 3783/4102/4433
f 3761/4080/4271 3468/3886/3934 3762/4081/4272
f 3790/4109/4308 3805/4124/4434 3802/4121/4323
f 3802/4121/4323 3805/4124/4434 3792/4111/4313 3768/4087/4278
f 3783/4102/4311 3799/4118/4320 3877/4196/4435
f 3799/4118/4320 3760/4079/4270 3763/4082/4273 3877/4196/4435
f 3877/4196/4436 3763/4082/4437 3806/4125/4438
f 3806/4125/4438 3763/4082/4437 3762/4081/4439 3807/4126/4440
f 3864/4183/4441 3762/4081/4439 3468/3886/4086 3568/3875/4086
f 3864/4183/4441 3863/4182/4442 3762/4081/4439
f 3863/4182/4442 3874/4193/4443 3762/4081/4439
f 3874/4193/4443 3807/4126/4440 3762/4081/4439
f 3566/3873/4089 3450/3748/4089 3776/4095/4444 3861/4180/4445
f 3850/4169/4446 3861/4180/4445 3776/4095/4444
f 3851/4170/4447 3850/4169/4446 3776/4095/4444
f 3876/4195/4448 3851/4170/4447 3776/4095/4444
f 3876/4195/4448 3776/4095/4444 3792/4111/4449 3804/4123/4450
f 3805/4124/4451 3804/4123/4450 3792/4111/4449
f 3679/3998/4193 3878/4197/4452 3879/4198/4453 3686/4005/4196
f 3686/4005/4196 3879/4198/4453 3880/4199/4454 3683/4002/4195
f 3669/3988/4185 3881/4200/4455 3582/3890/4101 3333/3631/3791
f 3683/4002/4195 3880/4199/4454 3882/4201/4456 3672/3991/4186
f 3682/4001/4194 3883/4202/4457 3878/4197/4452 3679/3998/4193
f 3659/3978/4177 3884/4203/4458 3883/4202/4457 3682/4001/4194
f 3654/3973/4172 3885/4204/4459 3886/4205/4460 3651/3970/4171
f 3651/3970/4171 3886/4205/4460 3887/4206/4461 3662/3981/4178
f 3687/4006/4197 3888/4207/4462 3885/4204/4459 3654/3973/4172
f 3672/3991/4186 3882/4201/4456 3881/4200/4455 3669/3988/4185
f 3340/3638/3795 3591/3899/4110 3888/4207/4462 3687/4006/4197
f 3662/3981/4178 3887/4206/4461 3884/4203/4458 3659/3978/4177
f 3879/4198/4463 3889/4208/4463 3890/4209/4214 3880/4199/4214
f 3591/3899/3811 3595/3903/3811 3891/4210/4210 3888/4207/4210
f 3883/4202/4464 3892/4211/4464 3893/4212/4465 3878/4197/4465
f 3878/4197/4465 3893/4212/4465 3889/4208/4463 3879/4198/4463
f 3885/4204/4225 3894/4213/4225 3895/4214/4213 3886/4205/4213
f 3886/4205/4213 3895/4214/4213 3896/4215/4466 3887/4206/4466
f 3888/4207/4210 3891/4210/4210 3894/4213/4225 3885/4204/4225
f 3881/4200/4184 3897/4216/4184 3601/3909/3777 3582/3890/3777
f 3882/4201/4223 3898/4217/4223 3897/4216/4184 3881/4200/4184
f 3880/4199/4214 3890/4209/4214 3898/4217/4223 3882/4201/4223
f 3887/4206/4466 3896/4215/4466 3899/4218/4467 3884/4203/4467
f 3884/4203/4467 3899/4218/4467 3892/4211/4464 3883/4202/4464
f 3891/4210/4468 3900/4219/4469 3901/4220/4470 3894/4213/4471
f 3897/4216/4472 3902/4221/4473 3607/3915/4122 3601/3909/4121
f 3898/4217/4474 3903/4222/4475 3902/4221/4473 3897/4216/4472
f 3890/4209/4476 3904/4223/4477 3903/4222/4475 3898/4217/4474
f 3896/4215/4478 3905/4224/4479 3906/4225/4480 3899/4218/4481
f 3899/4218/4481 3906/4225/4480 3907/4226/4482 3892/4211/4483
f 3889/4208/4484 3908/4227/4485 3904/4223/4477 3890/4209/4476
f 3595/3903/4136 3615/3923/4137 3900/4219/4469 3891/4210/4468
f 3892/4211/4483 3907/4226/4482 3909/4228/4486 3893/4212/4487
f 3893/4212/4487 3909/4228/4486 3908/4227/4485 3889/4208/4484
f 3894/4213/4471 3901/4220/4470 3910/4229/4488 3895/4214/4489
f 3895/4214/4489 3910/4229/4488 3905/4224/4479 3896/4215/4478
f 3908/4227/4485 3911/4230/4490 3912/4231/4491 3904/4223/4477
f 3615/3923/4137 3621/3929/4145 3913/4232/4492 3900/4219/4469
f 3907/4226/4482 3914/4233/4493 3915/4234/4494 3909/4228/4486
f 3909/4228/4486 3915/4234/4494 3911/4230/4490 3908/4227/4485
f 3901/4220/4470 3916/4235/4495 3917/4236/4496 3910/4229/4488
f 3910/4229/4488 3917/4236/4496 3918/4237/4497 3905/4224/4479
f 3900/4219/4469 3913/4232/4492 3916/4235/4495 3901/4220/4470
f 3902/4221/4473 3919/4238/4498 3627/3935/4151 3607/3915/4122
f 3903/4222/4475 3920/4239/4499 3919/4238/4498 3902/4221/4473
f 3904/4223/4477 3912/4231/4491 3920/4239/4499 3903/4222/4475
f 3905/4224/4479 3918/4237/4497 3921/4240/4500 3906/4225/4480
f 3906/4225/4480 3921/4240/4500 3914/4233/4493 3907/4226/4482
f 3913/4232/4492 3631/3939/3766 3916/4235/4495
f 3919/4238/4498 3631/3940/3766 3627/3935/4151
f 3920/4239/4499 3631/3941/3766 3919/4238/4498
f 3912/4231/4491 3631/3942/3766 3920/4239/4499
f 3918/4237/4497 3631/3943/3766 3921/4240/4500
f 3921/4240/4500 3631/3944/3766 3914/4233/4493
f 3911/4230/4490 3631/3945/3766 3912/4231/4491
f 3621/3929/4145 3631/3946/3766 3913/4232/4492
f 3914/4233/4493 3631/3947/3766 3915/4234/4494
f 3915/4234/4494 3631/3948/3766 3911/4230/4490
f 3916/4235/4495 3631/3949/3766 3917/4236/4496
f 3917/4236/4496 3631/3950/3766 3918/4237/4497
f 3671/3990/4223 3714/4033/4223 3705/4024/4214 3684/4003/4214
f 3653/3972/4225 3716/4035/4225 3701/4020/4210 3688/4007/4210
f 3652/3971/4213 3704/4023/4213 3716/4035/4225 3653/3972/4225
f 3670/3989/4184 3668/3987/4184 3714/4033/4223 3671/3990/4223
f 3685/4004/4501 3708/4027/4217 3712/4031/4221 3680/3999/4502
f 3684/4003/4214 3705/4024/4214 3708/4027/4217 3685/4004/4501
f 3661/3980/4503 3692/4011/4201 3704/4023/4213 3652/3971/4213
f 3688/4007/4210 3701/4020/4210 3358/3656/3811 3341/3639/3811
f 3681/4000/4504 3922/4241/4505 3689/4008/4198 3660/3979/4506
f 3660/3979/4506 3689/4008/4198 3692/4011/4201 3661/3980/4503
f 3680/3999/4502 3712/4031/4221 3922/4241/4505 3681/4000/4504
f 3334/3632/3777 3315/3613/3777 3668/3987/4184 3670/3989/4184
f 3711/4030/4220 3814/4133/4464 3922/4241/4505 3712/4031/4221
f 3814/4133/4464 3690/4009/4199 3689/4008/4198 3922/4241/4505
f 3527/3833/4507 3526/3832/4508 3520/3826/4508 3519/3825/4509
f 3458/3756/4510 3521/3827/4511 3523/3829/4511 3525/3831/4512
f 3459/3757/4513 3458/3756/4510 3525/3831/4512 3547/3853/4514
f 3519/3825/4509 3548/3854/4515 3545/3851/4516 3527/3833/4507
f 3538/3844/4517 3570/3877/4518 3560/3866/4518 3531/3837/4519
f 3554/3860/4520 3572/3879/4521 3571/3878/4521 3535/3841/4522
f 3537/3843/4523 3538/3844/4517 3531/3837/4519 3530/3836/4524
f 3535/3841/4522 3534/3840/4525 3553/3859/4526 3554/3860/4520
f 3564/3871/4527 3557/3863/4528 3559/3865/4529 3562/3869/4527
f 3550/3856/4530 3573/3880/4531 3544/3850/4532 3528/3834/4533
f 3547/3853/4514 3550/3856/4530 3528/3834/4533 3459/3757/4513
f 3573/3880/4531 3537/3843/4523 3530/3836/4524 3544/3850/4532
f 3548/3854/4515 3559/3865/4529 3557/3863/4528 3545/3851/4516
f 3562/3869/4527 3553/3859/4526 3534/3840/4525 3564/3871/4527
f 3832/4151/4534 3575/3882/4535 3574/3881/4535 3838/4157/4536
f 3836/4155/4537 3834/4153/4538 3833/4152/4538 3786/4105/4539
f 3856/4175/4540 3836/4155/4537 3786/4105/4539 3785/4104/4541
f 3838/4157/4536 3855/4174/4542 3857/4176/4543 3832/4151/4534
f 3849/4168/4544 3560/3866/4518 3570/3877/4518 3853/4172/4545
f 3842/4161/4546 3571/3878/4521 3572/3879/4521 3862/4181/4547
f 3870/4189/4548 3849/4168/4544 3853/4172/4545 3852/4171/4549
f 3862/4181/4547 3845/4164/4550 3843/4162/4551 3842/4161/4546
f 3844/4163/4552 3867/4186/4553 3866/4185/4554 3873/4192/4555
f 3839/4158/4556 3871/4190/4557 3875/4194/4558 3858/4177/4559
f 3785/4104/4541 3839/4158/4556 3858/4177/4559 3856/4175/4540
f 3871/4190/4557 3870/4189/4548 3852/4171/4549 3875/4194/4558
f 3855/4174/4542 3866/4185/4554 3867/4186/4553 3857/4176/4543
f 3873/4192/4555 3843/4162/4551 3845/4164/4550 3844/4163/4552
f 3388/3686/4560 3520/3826/4561 3526/3832/4560
f 3576/3883/4074 3723/4042/4379 3574/3881/4074
f 3723/4042/4379 3835/4154/4378 3574/3881/4074
f 3723/4042/4379 3722/4041/4377 3834/4153/4377
f 3722/4041/4377 3833/4152/4377 3834/4153/4377
f 3521/3827/4015 3382/3680/4015 3523/3829/4015
f 3382/3680/4015 3381/3679/4013 3523/3829/4015
f 3522/3828/4014 3381/3679/4013 3526/3832/4560
f 3381/3679/4013 3388/3686/4560 3526/3832/4560
f 3424/3722/3877 3408/3706/3861 3367/3665/3820 3377/3675/3830
f 3412/3710/3865 3411/3709/3864 3387/3685/3840 3380/3678/3833
f 3422/3720/3875 3421/3719/3874 3392/3690/3845 3399/3697/3852
f 3408/3706/3861 3407/3705/3860 3368/3666/3821 3367/3665/3820
f 3411/3709/3864 3424/3722/3877 3377/3675/3830 3387/3685/3840
f 3417/3715/3870 3404/3702/3857 3383/3681/3836 3396/3694/3849
f 3418/3716/3871 3417/3715/3870 3396/3694/3849 3395/3693/3848
f 3404/3702/3857 3403/3701/3856 3384/3682/3837 3383/3681/3836
f 3414/3712/3867 3426/3724/3879 3379/3677/3832 3393/3691/3846
f 3426/3724/3879 3412/3710/3865 3380/3678/3833 3379/3677/3832
f 3403/3701/3856 3414/3712/3867 3393/3691/3846 3384/3682/3837
f 3407/3705/3860 3422/3720/3875 3399/3697/3852 3368/3666/3821
f 3717/4036/4226 3720/4039/4229 3741/4060/4251 3752/4071/4262
f 3724/4043/4233 3729/4048/4239 3746/4065/4256 3745/4064/4255
f 3389/3687/3842 3392/3690/3845 3421/3719/3874 3735/4054/4245
f 3720/4039/4229 3709/4028/4218 3742/4061/4252 3741/4060/4251
f 3729/4048/4239 3717/4036/4226 3752/4071/4262 3746/4065/4256
f 3733/4052/4243 3725/4044/4234 3737/4056/4247 3750/4069/4260
f 3395/3693/3848 3733/4052/4243 3750/4069/4260 3418/3716/3871
f 3725/4044/4234 3728/4047/4237 3738/4057/4248 3737/4056/4247
f 3731/4050/4241 3721/4040/4230 3754/4073/4264 3748/4067/4258
f 3721/4040/4230 3724/4043/4233 3745/4064/4255 3754/4073/4264
f 3728/4047/4237 3731/4050/4241 3748/4067/4258 3738/4057/4248
f 3709/4028/4218 3389/3687/3842 3735/4054/4245 3742/4061/4252
f 3399/3697/3852 3392/3690/3845 3391/3689/3844 3400/3698/3853
o cup
v -8.361893 -19.366667 -13.342630
v -8.421206 -11.418561 -13.326891
v -8.724312 -11.418560 -15.673126
v -8.662947 -19.366667 -15.672977
v -6.349025 -10.081040 -22.370605
v -7.860290 -10.081040 -20.410936
v -9.895708 -6.615524 -21.592670
v -8.009233 -6.615525 -24.038879
v -4.382055 -10.081040 -23.872360
v -5.553912 -6.615525 -25.913481
v -2.093426 -10.081041 -24.813852
v -2.697073 -6.615527 -27.088722
v 0.360896 -10.081041 -25.130924
v 0.366598 -6.615526 -27.484514
v 2.813653 -10.081041 -24.801964
v 3.428314 -6.615527 -27.073883
v 5.097693 -10.081042 -23.849396
v 6.279427 -6.615527 -25.884813
v 7.057364 -10.081042 -22.338131
v 8.725636 -6.615528 -23.998341
v 8.559116 -10.081042 -20.371162
v 10.600239 -6.615528 -21.543020
v 9.500610 -10.081043 -18.082533
v 11.775480 -6.615528 -18.686180
v 9.817682 -10.081043 -15.628211
v 12.171274 -6.615528 -15.622511
v 9.488724 -10.081043 -13.175454
v 11.760643 -6.615528 -12.560794
v 8.536156 -10.081042 -10.891413
v 10.571575 -6.615528 -9.709681
v 7.024892 -10.081042 -8.931742
v 8.685102 -6.615528 -7.263470
v 5.057921 -10.081042 -7.429987
v 6.229780 -6.615527 -5.388867
v 2.769292 -10.081041 -6.488495
v 3.372940 -6.615527 -4.213625
v 0.314971 -10.081041 -6.171423
v 0.309271 -6.615526 -3.817830
v -2.137786 -10.081041 -6.500381
v -2.752445 -6.615526 -4.228462
v -4.421827 -10.081040 -7.452949
v -5.603559 -6.615525 -5.417528
v -6.381498 -10.081040 -8.964211
v -8.049768 -6.615525 -7.304001
v -7.883253 -10.081040 -10.931181
v -9.924374 -6.615524 -9.759319
v -8.824745 -10.081039 -13.219809
v -11.099615 -6.615524 -12.616160
v -8.350607 -19.366667 -18.001833
v -8.409842 -11.418561 -18.017860
v -7.499225 -11.418561 -20.201305
v -7.446157 -19.366667 -20.170496
v -9.141819 -10.081039 -15.674137
v -11.495409 -6.615524 -15.679839
v 0.359734 -19.366669 -24.652050
v 0.359884 -11.418562 -24.713417
v 2.704617 -11.418562 -24.398949
v 2.688589 -19.366669 -24.339710
v 9.037754 -19.366671 -17.959713
v 9.097069 -11.418563 -17.975452
v 9.400175 -11.418564 -15.629223
v 9.338808 -19.366671 -15.629372
v 4.819488 -19.366669 -7.845283
v 4.850044 -11.418563 -7.792065
v 2.662211 -11.418562 -6.892036
v 2.646470 -19.366669 -6.951349
v -6.042066 -19.366667 -9.302006
v -6.085563 -11.418561 -9.258718
v -7.521177 -11.418561 -11.139057
v -7.467958 -19.366667 -11.169613
v -4.143625 -19.366669 -23.457066
v -4.174178 -11.418561 -23.510284
v -1.986344 -11.418562 -24.410311
v -1.970607 -19.366669 -24.350998
v 6.717929 -19.366671 -22.000338
v 6.761427 -11.418563 -22.043625
v 8.197041 -11.418563 -20.163284
v 8.143821 -19.366671 -20.132730
v 8.122019 -19.366671 -11.131854
v 8.175089 -11.418563 -11.101042
v 6.730385 -11.418563 -9.227678
v 6.687097 -19.366671 -9.271175
v -2.012726 -19.366669 -6.962636
v -2.028751 -11.418562 -6.903399
v -4.212198 -11.418561 -7.814013
v -4.181388 -19.366669 -7.867084
v -6.054518 -11.418561 -22.074671
v -6.011233 -19.366667 -22.031174
v 4.888064 -11.418563 -23.488331
v 4.857252 -19.366669 -23.435261
v 9.085705 -11.418563 -13.284490
v 9.026468 -19.366671 -13.300516
v 0.315982 -11.418562 -6.588929
v 0.316129 -19.366669 -6.650294
v -8.812860 -10.081039 -18.126894
v -11.084778 -6.615524 -18.741556
v -8.848936 -10.723987 -15.673428
v -8.530140 -10.723987 -18.050406
v -7.607000 -10.723988 -20.263880
v -6.142426 -10.723988 -22.163004
v -4.236228 -10.723988 -23.618361
v -2.018307 -10.723988 -24.530766
v 0.360186 -10.723989 -24.838039
v 2.737164 -10.723988 -24.519245
v 4.950637 -10.723989 -23.596107
v 6.849762 -10.723989 -22.131533
v 8.305118 -10.723989 -20.225334
v 9.217522 -10.723990 -18.007414
v 9.524799 -10.723990 -15.628921
v 9.206003 -10.723990 -13.251944
v 8.282866 -10.723989 -11.038469
v 6.818295 -10.723989 -9.139343
v 4.912095 -10.723989 -7.683987
v 2.694174 -10.723989 -6.771584
v 0.315680 -10.723989 -6.464306
v -2.061297 -10.723989 -6.783101
v -4.274771 -10.723988 -7.706239
v -6.173896 -10.723988 -9.170811
v -7.629253 -10.723988 -11.077007
v -8.541660 -10.723987 -13.294928
v -11.786640 -5.972571 -15.680545
v -11.365902 -5.972571 -18.817614
v -11.907270 -5.277982 -15.680837
v -11.482347 -5.277982 -18.849117
v -10.147566 -5.972571 -21.738894
v -10.251892 -5.277982 -21.799463
v -8.214666 -5.972571 -24.245308
v -8.299757 -5.277983 -24.330814
v -5.698915 -5.972572 -26.166044
v -5.758978 -5.277983 -26.270662
v -2.771767 -5.972574 -27.370213
v -2.802707 -5.277984 -27.486809
v 0.367303 -5.972573 -27.775745
v 0.367596 -5.277984 -27.896376
v 3.504372 -5.972573 -27.355007
v 3.535876 -5.277985 -27.471451
v 6.425653 -5.972574 -26.136673
v 6.486221 -5.277985 -26.240997
v 8.932066 -5.972574 -24.203772
v 9.017570 -5.277986 -24.288864
v 10.852804 -5.972575 -21.688025
v 10.957420 -5.277986 -21.748087
v 12.056971 -5.972575 -18.760876
v 12.173567 -5.277986 -18.791815
v 12.462505 -5.972575 -15.621805
v 12.583134 -5.277986 -15.621513
v 12.041769 -5.972575 -12.484736
v 12.158215 -5.277986 -12.453232
v 10.823435 -5.972575 -9.563456
v 10.927759 -5.277986 -9.502886
v 8.890533 -5.972574 -7.057041
v 8.975626 -5.277986 -6.971535
v 6.374784 -5.972574 -5.136303
v 6.434846 -5.277985 -5.031686
v 3.447635 -5.972573 -3.932135
v 3.478575 -5.277985 -3.815538
v 0.308565 -5.972573 -3.526599
v 0.308273 -5.277984 -3.405968
v -2.828503 -5.972572 -3.947336
v -2.860007 -5.277984 -3.830893
v -5.749784 -5.972572 -5.165668
v -5.810353 -5.277983 -5.061345
v -8.256199 -5.972571 -7.098570
v -8.341705 -5.277983 -7.013476
v -10.176939 -5.972571 -9.614316
v -10.281553 -5.277982 -9.554254
v -11.381104 -5.972571 -12.541465
v -11.497702 -5.277982 -12.510525
v -5.758974 21.737242 -26.270662
v -8.299753 21.737242 -24.330814
v -7.753313 21.737242 -23.781719
v -5.373269 21.737240 -25.598848
v -2.860003 21.737240 -3.830893
v 0.308277 21.737240 -3.405968
v 0.310154 21.737240 -4.180630
v -2.657693 21.737240 -4.578670
v 12.583139 21.737238 -15.621513
v 12.173571 21.737238 -18.791815
v 11.424820 21.737238 -18.593130
v 11.808479 21.737238 -15.623388
v -2.802702 21.737240 -27.486809
v -2.604017 21.737240 -26.738056
v -5.810348 21.737242 -5.061345
v -5.421393 21.737240 -5.731283
v 12.158218 21.737238 -12.453232
v 11.410439 21.737238 -12.655542
v 0.367600 21.737240 -27.896376
v 0.365724 21.737240 -27.121716
v -8.341700 21.737242 -7.013476
v -7.792605 21.737242 -7.559918
v 10.927763 21.737238 -9.502886
v 10.257826 21.737238 -9.891841
v 3.535880 21.737240 -27.471451
v 3.333570 21.737240 -26.723675
v -10.281549 21.737242 -9.554254
v -9.609735 21.737242 -9.939959
v 8.975632 21.737238 -6.971535
v 8.429192 21.737238 -7.520630
v 6.486226 21.737238 -26.240997
v 6.097271 21.737240 -25.571060
v -11.497698 21.737242 -12.510525
v -10.748945 21.737242 -12.709209
v -11.482344 21.737242 -18.849117
v -11.907265 21.737242 -15.680837
v -11.132605 21.737242 -15.678960
v -10.734564 21.737242 -18.646809
v 6.434851 21.737238 -5.031686
v 6.049146 21.737240 -5.703501
v 9.017576 21.737238 -24.288864
v 8.468481 21.737238 -23.742424
v -10.251888 21.737242 -21.799463
v -9.581951 21.737242 -21.410509
v 3.478579 21.737240 -3.815538
v 3.279894 21.737240 -4.564289
v 10.957424 21.737238 -21.748087
v 10.285610 21.737238 -21.362381
v -5.373273 -3.892990 -25.598848
v -2.604022 -3.892991 -26.738056
v -2.657698 -3.892991 -4.578670
v -5.421398 -3.892990 -5.731283
v 11.808475 -3.892993 -15.623388
v 11.410435 -3.892993 -12.655542
v 0.365719 -3.892991 -27.121716
v -7.792610 -3.892990 -7.559918
v 10.257822 -3.892993 -9.891841
v 3.333566 -3.892992 -26.723675
v -9.609739 -3.892989 -9.939959
v 8.429186 -3.892992 -7.520630
v 6.097267 -3.892992 -25.571060
v -10.748951 -3.892989 -12.709209
v -11.132608 -3.892989 -15.678960
v -10.734568 -3.892989 -18.646809
v 6.049142 -3.892992 -5.703501
v 8.468477 -3.892992 -23.742424
v -9.581955 -3.892989 -21.410509
v 3.279890 -3.892992 -4.564289
v 10.285604 -3.892993 -21.362381
v -7.753316 -3.892990 -23.781719
v 0.310150 -3.892991 -4.180630
v 11.424816 -3.892993 -18.593130
v 5.752876 -11.376897 -10.209935
v 4.160068 -11.376897 -8.993851
v 4.192275 -11.376897 -22.289900
v 5.779170 -11.376897 -21.066114
v -7.081789 -11.376895 -13.682311
v -7.338547 -11.376895 -15.669770
v -7.072164 -11.376895 -17.655954
v -6.300796 -11.376895 -19.505518
v 2.306791 -11.376896 -8.231451
v 6.995254 -11.376897 -19.473309
v -5.077008 -11.376895 -21.092413
v 0.319339 -11.376896 -7.974693
v 7.757653 -11.376897 -17.620031
v -3.484201 -11.376895 -22.308496
v -1.666847 -11.376896 -8.241076
v 8.014410 -11.376897 -15.632580
v -1.630925 -11.376896 -23.070896
v -3.516409 -11.376895 -9.012444
v 7.748029 -11.376897 -13.646395
v 0.356528 -11.376896 -23.327652
v -5.103305 -11.376895 -10.236229
v 6.976661 -11.376897 -11.796831
v 2.342712 -11.376896 -23.061268
v -6.319390 -11.376895 -11.829034
v -3.484202 -18.057222 -22.308496
v -1.630926 -18.057222 -23.070896
v -1.666848 -18.057222 -8.241076
v -3.516410 -18.057222 -9.012444
v 8.014408 -18.057224 -15.632580
v 7.748027 -18.057224 -13.646395
v 0.356527 -18.057222 -23.327652
v -5.103306 -18.057222 -10.236229
v 6.976659 -18.057224 -11.796831
v 2.342711 -18.057222 -23.061268
v -6.319392 -18.057220 -11.829034
v 5.752875 -18.057222 -10.209935
v 4.192274 -18.057222 -22.289900
v -7.081790 -18.057220 -13.682311
v -7.338548 -18.057220 -15.669770
v -7.072165 -18.057220 -17.655954
v 4.160067 -18.057222 -8.993851
v 5.779169 -18.057222 -21.066114
v -6.300797 -18.057220 -19.505518
v 2.306789 -18.057222 -8.231451
v 6.995253 -18.057224 -19.473309
v -5.077009 -18.057222 -21.092413
v 0.319338 -18.057222 -7.974693
v 7.757652 -18.057224 -17.620031
vt 0.041666 0.598930
vt 0.041666 0.966216
vt -0.000000 0.966216
vt -0.000000 0.598930
vt 0.875000 1.000000
vt 0.916667 1.000000
vt 0.916667 1.000000
vt 0.875000 1.000000
vt 0.833333 1.000000
vt 0.833333 1.000000
vt 0.791667 1.000000
vt 0.791667 1.000000
vt 0.750000 1.000000
vt 0.750000 1.000000
vt 0.708333 1.000000
vt 0.708333 1.000000
vt 0.666667 1.000000
vt 0.666667 1.000000
vt 0.625000 1.000000
vt 0.625000 1.000000
vt 0.583333 1.000000
vt 0.583333 1.000000
vt 0.541666 1.000000
vt 0.541666 1.000000
vt 0.500000 1.000000
vt 0.500000 1.000000
vt 0.458333 1.000000
vt 0.458333 1.000000
vt 0.416666 1.000000
vt 0.416666 1.000000
vt 0.375000 1.000000
vt 0.375000 1.000000
vt 0.333333 1.000000
vt 0.333333 1.000000
vt 0.291667 1.000000
vt 0.291667 1.000000
vt 0.250000 1.000000
vt 0.250000 1.000000
vt 0.208333 1.000000
vt 0.208333 1.000000
vt 0.166666 1.000000
vt 0.166667 1.000000
vt 0.125000 1.000000
vt 0.125000 1.000000
vt 0.083333 1.000000
vt 0.083333 1.000000
vt 0.041666 1.000000
vt 0.041666 1.000000
vt 0.958333 0.598930
vt 0.958333 0.966216
vt 0.916667 0.966216
vt 0.916667 0.598930
vt -0.000000 1.000000
vt -0.000000 1.000000
vt 0.750000 0.598930
vt 0.750000 0.966216
vt 0.708333 0.966216
vt 0.708333 0.598930
vt 0.541667 0.598931
vt 0.541666 0.966216
vt 0.500000 0.966216
vt 0.500000 0.598930
vt 0.333333 0.598930
vt 0.333333 0.966216
vt 0.291667 0.966216
vt 0.291667 0.598930
vt 0.125000 0.598930
vt 0.125000 0.966216
vt 0.083333 0.966216
vt 0.083333 0.598930
vt 0.833333 0.598930
vt 0.833333 0.966216
vt 0.791667 0.966216
vt 0.791667 0.598930
vt 0.625000 0.598930
vt 0.625000 0.966216
vt 0.583333 0.966216
vt 0.583333 0.598930
vt 0.416666 0.598930
vt 0.416666 0.966216
vt 0.375000 0.966216
vt 0.375000 0.598930
vt 0.208333 0.598930
vt 0.208333 0.966216
vt 0.166666 0.966216
vt 0.166666 0.598930
vt 0.875000 0.966216
vt 0.875000 0.598930
vt 0.666667 0.966216
vt 0.666667 0.598930
vt 1.000000 0.598930
vt 1.000000 0.966216
vt 0.458333 0.966216
vt 0.458333 0.598930
vt 0.250000 0.966216
vt 0.250000 0.598930
vt 0.958333 1.000000
vt 0.958333 1.000000
vt 1.000000 1.000000
vt 0.958333 1.000000
vt 1.000000 1.000000
vt 0.916667 1.000000
vt 0.875000 1.000000
vt 0.833333 1.000000
vt 0.791667 1.000000
vt 0.750000 1.000000
vt 0.708333 1.000000
vt 0.666667 1.000000
vt 0.625000 1.000000
vt 0.583333 1.000000
vt 0.541666 1.000000
vt 0.500000 1.000000
vt 0.458333 1.000000
vt 0.416666 1.000000
vt 0.375000 1.000000
vt 0.333333 1.000000
vt 0.291667 1.000000
vt 0.250000 1.000000
vt 0.208333 1.000000
vt 0.166666 1.000000
vt 0.125000 1.000000
vt 0.083333 1.000000
vt 0.041666 1.000000
vt -0.000000 1.000000
vt 1.000000 1.000000
vt 0.999795 1.000000
vt 0.958333 1.000000
vt 1.000000 1.000000
vt 0.958333 1.000000
vt 0.916667 1.000000
vt 0.916667 1.000000
vt 0.875000 1.000000
vt 0.875000 1.000000
vt 0.833333 1.000000
vt 0.833333 1.000000
vt 0.791667 1.000000
vt 0.791667 1.000000
vt 0.750000 1.000000
vt 0.750000 1.000000
vt 0.708333 1.000000
vt 0.708333 1.000000
vt 0.666667 1.000000
vt 0.666667 1.000000
vt 0.625000 1.000000
vt 0.625000 1.000000
vt 0.583333 1.000000
vt 0.583333 1.000000
vt 0.541666 1.000000
vt 0.541666 1.000000
vt 0.500000 1.000000
vt 0.500000 1.000000
vt 0.458333 1.000000
vt 0.458333 1.000000
vt 0.416666 1.000000
vt 0.416666 1.000000
vt 0.375000 1.000000
vt 0.375000 1.000000
vt 0.333333 1.000000
vt 0.333333 1.000000
vt 0.291667 1.000000
vt 0.291667 1.000000
vt 0.250000 1.000000
vt 0.250000 1.000000
vt 0.208333 1.000000
vt 0.208333 1.000000
vt 0.166666 1.000000
vt 0.166666 1.000000
vt 0.125000 1.000000
vt 0.125000 1.000000
vt 0.083333 1.000000
vt 0.083333 1.000000
vt 0.041666 1.000000
vt 0.041666 1.000000
vt 0.000205 1.000000
vt -0.000000 1.000000
vt 0.833333 1.000000
vt 0.875000 1.000000
vt 0.875000 1.000000
vt 0.833333 1.000000
vt 0.208333 1.000000
vt 0.250000 1.000000
vt 0.250000 1.000000
vt 0.208333 1.000000
vt 0.500000 1.000000
vt 0.541666 1.000000
vt 0.541666 1.000000
vt 0.500000 1.000000
vt 0.791667 1.000000
vt 0.791667 1.000000
vt 0.166666 1.000000
vt 0.166666 1.000000
vt 0.458333 1.000000
vt 0.458333 1.000000
vt 0.750000 1.000000
vt 0.750000 1.000000
vt 0.125000 1.000000
vt 0.125000 1.000000
vt 0.416666 1.000000
vt 0.416666 1.000000
vt 0.708333 1.000000
vt 0.708333 1.000000
vt 0.083333 1.000000
vt 0.083333 1.000000
vt 0.375000 1.000000
vt 0.375000 1.000000
vt 0.666667 1.000000
vt 0.666667 1.000000
vt 0.041666 1.000000
vt 0.041666 1.000000
vt 0.958333 1.000000
vt 1.000000 1.000000
vt 1.000000 1.000000
vt 0.958333 1.000000
vt 0.333333 1.000000
vt 0.333333 1.000000
vt 0.625000 1.000000
vt 0.625000 1.000000
vt -0.000000 1.000000
vt -0.000000 1.000000
vt 0.916667 1.000000
vt 0.916667 1.000000
vt 0.291667 1.000000
vt 0.291667 1.000000
vt 0.583333 1.000000
vt 0.583333 1.000000
vt 0.833333 1.000000
vt 0.791667 1.000000
vt 0.208333 1.000000
vt 0.166666 1.000000
vt 0.500000 1.000000
vt 0.458333 1.000000
vt 0.750000 1.000000
vt 0.125000 1.000000
vt 0.416666 1.000000
vt 0.708333 1.000000
vt 0.083333 1.000000
vt 0.375000 1.000000
vt 0.666667 1.000000
vt 0.041666 1.000000
vt 1.000000 1.000000
vt 0.958333 1.000000
vt 0.333333 1.000000
vt 0.625000 1.000000
vt -0.000000 1.000000
vt 0.916667 1.000000
vt 0.291667 1.000000
vt 0.583333 1.000000
vt 0.875000 1.000000
vt 0.250000 1.000000
vt 0.541666 1.000000
vt 0.375000 1.000000
vt 0.333333 1.000000
vt 0.666667 1.000000
vt 0.625000 1.000000
vt 0.041666 1.000000
vt -0.000000 1.000000
vt 0.958333 1.000000
vt 0.916667 1.000000
vt 0.291667 1.000000
vt 0.583333 1.000000
vt 0.875000 1.000000
vt 0.250000 1.000000
vt 0.541666 1.000000
vt 0.833333 1.000000
vt 0.208333 1.000000
vt 0.500000 1.000000
vt 0.791667 1.000000
vt 0.166666 1.000000
vt 0.458333 1.000000
vt 0.750000 1.000000
vt 0.125000 1.000000
vt 0.416666 1.000000
vt 0.708333 1.000000
vt 0.083333 1.000000
vt 1.000000 1.000000
vt 0.833333 1.000000
vt 0.791667 1.000000
vt 0.208333 1.000000
vt 0.166666 1.000000
vt 0.500000 1.000000
vt 0.458333 1.000000
vt 0.750000 1.000000
vt 0.125000 1.000000
vt 0.416666 1.000000
vt 0.708333 1.000000
vt 0.083333 1.000000
vt 0.375000 1.000000
vt 0.666667 1.000000
vt 0.041666 1.000000
vt 1.000000 1.000000
vt 0.958333 1.000000
vt 0.333333 1.000000
vt 0.625000 1.000000
vt -0.000000 1.000000
vt 0.916667 1.000000
vt 0.291667 1.000000
vt 0.583333 1.000000
vt 0.875000 1.000000
vt 0.250000 1.000000
vt 0.541666 1.000000
vn -0.9665 -0.0077 0.2565
vn -0.9623 -0.0932 0.2554
vn -0.9956 -0.0932 -0.0024
vn -1.0000 -0.0077 -0.0024
vn -0.6137 -0.4930 -0.6167
vn -0.7524 -0.4930 -0.4368
vn -0.7558 -0.4860 -0.4388
vn -0.6165 -0.4860 -0.6195
vn -0.4332 -0.4930 -0.7545
vn -0.4351 -0.4860 -0.7579
vn -0.2231 -0.4930 -0.8409
vn -0.2242 -0.4860 -0.8447
vn 0.0021 -0.4930 -0.8700
vn 0.0021 -0.4860 -0.8740
vn 0.2272 -0.4930 -0.8399
vn 0.2282 -0.4860 -0.8436
vn 0.4368 -0.4930 -0.7524
vn 0.4388 -0.4860 -0.7558
vn 0.6167 -0.4930 -0.6137
vn 0.6195 -0.4860 -0.6165
vn 0.7545 -0.4930 -0.4332
vn 0.7579 -0.4860 -0.4351
vn 0.8409 -0.4930 -0.2231
vn 0.8447 -0.4860 -0.2242
vn 0.8700 -0.4930 0.0021
vn 0.8740 -0.4860 0.0021
vn 0.8399 -0.4930 0.2272
vn 0.8436 -0.4860 0.2282
vn 0.7524 -0.4930 0.4368
vn 0.7558 -0.4860 0.4388
vn 0.6137 -0.4930 0.6167
vn 0.6165 -0.4860 0.6195
vn 0.4332 -0.4930 0.7545
vn 0.4351 -0.4860 0.7579
vn 0.2231 -0.4930 0.8409
vn 0.2242 -0.4860 0.8447
vn -0.0021 -0.4930 0.8700
vn -0.0021 -0.4860 0.8740
vn -0.2272 -0.4930 0.8399
vn -0.2282 -0.4860 0.8436
vn -0.4368 -0.4930 0.7524
vn -0.4388 -0.4860 0.7558
vn -0.6167 -0.4930 0.6137
vn -0.6195 -0.4860 0.6165
vn -0.7545 -0.4930 0.4332
vn -0.7579 -0.4860 0.4351
vn -0.8409 -0.4930 0.2231
vn -0.8447 -0.4860 0.2242
vn -0.9653 -0.0077 -0.2612
vn -0.9611 -0.0932 -0.2600
vn -0.8611 -0.0932 -0.4999
vn -0.8648 -0.0077 -0.5021
vn -0.8700 -0.4930 -0.0021
vn -0.8740 -0.4860 -0.0021
vn 0.0024 -0.0077 -1.0000
vn 0.0024 -0.0932 -0.9956
vn 0.2600 -0.0932 -0.9611
vn 0.2612 -0.0077 -0.9653
vn 0.9665 -0.0077 -0.2565
vn 0.9623 -0.0932 -0.2554
vn 0.9956 -0.0932 0.0024
vn 1.0000 -0.0077 0.0024
vn 0.4979 -0.0077 0.8672
vn 0.4957 -0.0932 0.8635
vn 0.2554 -0.0932 0.9623
vn 0.2565 -0.0077 0.9665
vn -0.7088 -0.0077 0.7054
vn -0.7057 -0.0932 0.7023
vn -0.8635 -0.0932 0.4957
vn -0.8672 -0.0077 0.4979
vn -0.4979 -0.0077 -0.8672
vn -0.4957 -0.0932 -0.8635
vn -0.2554 -0.0932 -0.9623
vn -0.2565 -0.0077 -0.9665
vn 0.7088 -0.0077 -0.7054
vn 0.7057 -0.0932 -0.7023
vn 0.8635 -0.0932 -0.4957
vn 0.8672 -0.0077 -0.4979
vn 0.8648 -0.0077 0.5021
vn 0.8611 -0.0932 0.4999
vn 0.7023 -0.0932 0.7057
vn 0.7054 -0.0077 0.7088
vn -0.2612 -0.0077 0.9653
vn -0.2600 -0.0932 0.9611
vn -0.4999 -0.0932 0.8611
vn -0.5021 -0.0077 0.8648
vn -0.7023 -0.0932 -0.7057
vn -0.7054 -0.0077 -0.7088
vn 0.4999 -0.0932 -0.8611
vn 0.5021 -0.0077 -0.8648
vn 0.9611 -0.0932 0.2600
vn 0.9653 -0.0077 0.2612
vn -0.0024 -0.0932 0.9956
vn -0.0024 -0.0077 1.0000
vn -0.8399 -0.4930 -0.2272
vn -0.8436 -0.4860 -0.2282
vn -0.9537 -0.3009 -0.0023
vn -0.9206 -0.3009 -0.2491
vn -0.8247 -0.3009 -0.4788
vn -0.6727 -0.3009 -0.6760
vn -0.4748 -0.3009 -0.8270
vn -0.2446 -0.3009 -0.9218
vn 0.0023 -0.3009 -0.9537
vn 0.2491 -0.3009 -0.9206
vn 0.4788 -0.3009 -0.8247
vn 0.6760 -0.3009 -0.6727
vn 0.8270 -0.3009 -0.4748
vn 0.9218 -0.3009 -0.2446
vn 0.9537 -0.3009 0.0023
vn 0.9206 -0.3009 0.2491
vn 0.8247 -0.3009 0.4788
vn 0.6727 -0.3009 0.6760
vn 0.4748 -0.3009 0.8270
vn 0.2446 -0.3009 0.9218
vn -0.0023 -0.3009 0.9537
vn -0.2491 -0.3009 0.9206
vn -0.4788 -0.3009 0.8247
vn -0.6760 -0.3009 0.6727
vn -0.8270 -0.3009 0.4748
vn -0.9218 -0.3009 0.2446
vn -0.9566 -0.2913 -0.0023
vn -0.9234 -0.2913 -0.2498
vn -0.9852 -0.1711 -0.0024
vn -0.9511 -0.1711 -0.2573
vn -0.8273 -0.2913 -0.4803
vn -0.8521 -0.1711 -0.4947
vn -0.6748 -0.2913 -0.6781
vn -0.6950 -0.1711 -0.6984
vn -0.4763 -0.2913 -0.8296
vn -0.4906 -0.1711 -0.8544
vn -0.2454 -0.2913 -0.9246
vn -0.2527 -0.1711 -0.9523
vn 0.0023 -0.2913 -0.9566
vn 0.0024 -0.1711 -0.9852
vn 0.2498 -0.2913 -0.9234
vn 0.2573 -0.1711 -0.9511
vn 0.4803 -0.2913 -0.8273
vn 0.4947 -0.1711 -0.8521
vn 0.6781 -0.2913 -0.6748
vn 0.6984 -0.1711 -0.6950
vn 0.8296 -0.2913 -0.4763
vn 0.8544 -0.1711 -0.4906
vn 0.9246 -0.2913 -0.2454
vn 0.9523 -0.1711 -0.2527
vn 0.9566 -0.2913 0.0023
vn 0.9852 -0.1711 0.0024
vn 0.9234 -0.2913 0.2498
vn 0.9511 -0.1711 0.2573
vn 0.8273 -0.2913 0.4803
vn 0.8521 -0.1711 0.4947
vn 0.6748 -0.2913 0.6781
vn 0.6950 -0.1711 0.6984
vn 0.4763 -0.2913 0.8296
vn 0.4906 -0.1711 0.8544
vn 0.2454 -0.2913 0.9246
vn 0.2527 -0.1711 0.9523
vn -0.0023 -0.2913 0.9566
vn -0.0024 -0.1711 0.9852
vn -0.2498 -0.2913 0.9234
vn -0.2573 -0.1711 0.9511
vn -0.4803 -0.2913 0.8273
vn -0.4947 -0.1711 0.8521
vn -0.6781 -0.2913 0.6748
vn -0.6984 -0.1711 0.6950
vn -0.8296 -0.2913 0.4763
vn -0.8544 -0.1711 0.4906
vn -0.9246 -0.2913 0.2454
vn -0.9523 -0.1711 0.2527
vn 0.0000 1.0000 0.0000
vn 0.2565 -0.0000 0.9665
vn 0.4979 -0.0000 0.8672
vn 0.4848 0.2282 0.8444
vn 0.2497 0.2282 0.9410
vn 0.5021 -0.0000 -0.8648
vn 0.2612 -0.0000 -0.9653
vn 0.2543 0.2282 -0.9398
vn 0.4888 0.2282 -0.8420
vn -0.9653 0.0000 -0.2612
vn -1.0000 0.0000 -0.0024
vn -0.9736 0.2282 -0.0024
vn -0.9398 0.2282 -0.2543
vn -0.0024 0.0000 1.0000
vn -0.0024 0.2282 0.9736
vn 0.7088 -0.0000 -0.7054
vn 0.6901 0.2282 -0.6868
vn -0.8648 0.0000 -0.5021
vn -0.8420 0.2282 -0.4888
vn -0.2612 0.0000 0.9653
vn -0.2543 0.2282 0.9398
vn 0.8672 -0.0000 -0.4979
vn 0.8444 0.2282 -0.4848
vn -0.7054 0.0000 -0.7088
vn -0.6868 0.2282 -0.6901
vn -0.5021 0.0000 0.8648
vn -0.4888 0.2282 0.8420
vn 0.9665 -0.0000 -0.2565
vn 0.9410 0.2282 -0.2497
vn 0.9653 -0.0000 0.2612
vn 1.0000 -0.0000 0.0024
vn 0.9736 0.2282 0.0024
vn 0.9398 0.2282 0.2543
vn -0.4979 0.0000 -0.8672
vn -0.4848 0.2282 -0.8444
vn -0.7088 0.0000 0.7054
vn -0.6901 0.2282 0.6868
vn 0.8648 -0.0000 0.5021
vn 0.8420 0.2282 0.4888
vn -0.2565 0.0000 -0.9665
vn -0.2497 0.2282 -0.9410
vn -0.8672 0.0000 0.4979
vn -0.8444 0.2282 0.4848
vn 0.7054 -0.0000 0.7088
vn 0.6868 0.2282 0.6901
vn 0.0024 -0.0000 -1.0000
vn 0.0024 0.2282 -0.9736
vn -0.9665 0.0000 0.2565
vn -0.9410 0.2282 0.2497
vn -0.6853 0.2369 -0.6886
vn -0.4837 0.2369 -0.8425
vn -0.4878 0.2369 0.8402
vn -0.6886 0.2369 0.6853
vn 0.9390 0.2369 -0.2492
vn 0.9715 0.2369 0.0024
vn 0.9378 0.2369 0.2537
vn 0.8402 0.2369 0.4878
vn -0.2492 0.2369 -0.9390
vn -0.8425 0.2369 0.4837
vn 0.6853 0.2369 0.6886
vn 0.0024 0.2369 -0.9715
vn -0.9390 0.2369 0.2492
vn 0.4837 0.2369 0.8425
vn 0.2537 0.2369 -0.9378
vn -0.9715 0.2369 -0.0024
vn 0.2492 0.2369 0.9390
vn 0.4878 0.2369 -0.8402
vn -0.9378 0.2369 -0.2537
vn -0.0024 0.2369 0.9715
vn 0.6886 0.2369 -0.6853
vn -0.8402 0.2369 -0.4878
vn -0.2537 0.2369 0.9378
vn 0.8425 0.2369 -0.4837
s 1
f 3923/4242/4562 3924/4243/4563 3925/4244/4564 3926/4245/4565
f 3927/4246/4566 3928/4247/4567 3929/4248/4568 3930/4249/4569
f 3931/4250/4570 3927/4246/4566 3930/4249/4569 3932/4251/4571
f 3933/4252/4572 3931/4250/4570 3932/4251/4571 3934/4253/4573
f 3935/4254/4574 3933/4252/4572 3934/4253/4573 3936/4255/4575
f 3937/4256/4576 3935/4254/4574 3936/4255/4575 3938/4257/4577
f 3939/4258/4578 3937/4256/4576 3938/4257/4577 3940/4259/4579
f 3941/4260/4580 3939/4258/4578 3940/4259/4579 3942/4261/4581
f 3943/4262/4582 3941/4260/4580 3942/4261/4581 3944/4263/4583
f 3945/4264/4584 3943/4262/4582 3944/4263/4583 3946/4265/4585
f 3947/4266/4586 3945/4264/4584 3946/4265/4585 3948/4267/4587
f 3949/4268/4588 3947/4266/4586 3948/4267/4587 3950/4269/4589
f 3951/4270/4590 3949/4268/4588 3950/4269/4589 3952/4271/4591
f 3953/4272/4592 3951/4270/4590 3952/4271/4591 3954/4273/4593
f 3955/4274/4594 3953/4272/4592 3954/4273/4593 3956/4275/4595
f 3957/4276/4596 3955/4274/4594 3956/4275/4595 3958/4277/4597
f 3959/4278/4598 3957/4276/4596 3958/4277/4597 3960/4279/4599
f 3961/4280/4600 3959/4278/4598 3960/4279/4599 3962/4281/4601
f 3963/4282/4602 3961/4280/4600 3962/4281/4601 3964/4283/4603
f 3965/4284/4604 3963/4282/4602 3964/4283/4603 3966/4285/4605
f 3967/4286/4606 3965/4284/4604 3966/4285/4605 3968/4287/4607
f 3969/4288/4608 3967/4286/4606 3968/4287/4607 3970/4289/4609
f 3971/4290/4610 3972/4291/4611 3973/4292/4612 3974/4293/4613
f 3975/4294/4614 3969/4288/4608 3970/4289/4609 3976/4295/4615
f 3977/4296/4616 3978/4297/4617 3979/4298/4618 3980/4299/4619
f 3981/4300/4620 3982/4301/4621 3983/4302/4622 3984/4303/4623
f 3985/4304/4624 3986/4305/4625 3987/4306/4626 3988/4307/4627
f 3989/4308/4628 3990/4309/4629 3991/4310/4630 3992/4311/4631
f 3993/4312/4632 3994/4313/4633 3995/4314/4634 3996/4315/4635
f 3997/4316/4636 3998/4317/4637 3999/4318/4638 4000/4319/4639
f 4001/4320/4640 4002/4321/4641 4003/4322/4642 4004/4323/4643
f 4005/4324/4644 4006/4325/4645 4007/4326/4646 4008/4327/4647
f 3974/4293/4613 3973/4292/4612 4009/4328/4648 4010/4329/4649
f 3980/4299/4619 3979/4298/4618 4011/4330/4650 4012/4331/4651
f 3926/4332/4565 3925/4333/4564 3972/4291/4611 3971/4290/4610
f 3984/4303/4623 3983/4302/4622 4013/4334/4652 4014/4335/4653
f 3988/4307/4627 3987/4306/4626 4015/4336/4654 4016/4337/4655
f 3992/4311/4631 3991/4310/4630 3924/4243/4563 3923/4242/4562
f 3996/4315/4635 3995/4314/4634 3978/4297/4617 3977/4296/4616
f 4000/4319/4639 3999/4318/4638 3982/4301/4621 3981/4300/4620
f 4004/4323/4643 4003/4322/4642 3986/4305/4625 3985/4304/4624
f 4008/4327/4647 4007/4326/4646 3990/4309/4629 3989/4308/4628
f 4010/4329/4649 4009/4328/4648 3994/4313/4633 3993/4312/4632
f 4012/4331/4651 4011/4330/4650 3998/4317/4637 3997/4316/4636
f 4014/4335/4653 4013/4334/4652 4002/4321/4641 4001/4320/4640
f 4016/4337/4655 4015/4336/4654 4006/4325/4645 4005/4324/4644
f 3928/4247/4567 4017/4338/4656 4018/4339/4657 3929/4248/4568
f 3972/4291/4611 3925/4333/4564 4019/4340/4658 4020/4341/4659
f 4020/4341/4659 4019/4340/4658 3975/4342/4614 4017/4338/4656
f 3973/4292/4612 3972/4291/4611 4020/4341/4659 4021/4343/4660
f 4021/4343/4660 4020/4341/4659 4017/4338/4656 3928/4247/4567
f 4009/4328/4648 3973/4292/4612 4021/4343/4660 4022/4344/4661
f 4022/4344/4661 4021/4343/4660 3928/4247/4567 3927/4246/4566
f 3994/4313/4633 4009/4328/4648 4022/4344/4661 4023/4345/4662
f 4023/4345/4662 4022/4344/4661 3927/4246/4566 3931/4250/4570
f 3995/4314/4634 3994/4313/4633 4023/4345/4662 4024/4346/4663
f 4024/4346/4663 4023/4345/4662 3931/4250/4570 3933/4252/4572
f 3978/4297/4617 3995/4314/4634 4024/4346/4663 4025/4347/4664
f 4025/4347/4664 4024/4346/4663 3933/4252/4572 3935/4254/4574
f 3979/4298/4618 3978/4297/4617 4025/4347/4664 4026/4348/4665
f 4026/4348/4665 4025/4347/4664 3935/4254/4574 3937/4256/4576
f 4011/4330/4650 3979/4298/4618 4026/4348/4665 4027/4349/4666
f 4027/4349/4666 4026/4348/4665 3937/4256/4576 3939/4258/4578
f 3998/4317/4637 4011/4330/4650 4027/4349/4666 4028/4350/4667
f 4028/4350/4667 4027/4349/4666 3939/4258/4578 3941/4260/4580
f 3999/4318/4638 3998/4317/4637 4028/4350/4667 4029/4351/4668
f 4029/4351/4668 4028/4350/4667 3941/4260/4580 3943/4262/4582
f 3982/4301/4621 3999/4318/4638 4029/4351/4668 4030/4352/4669
f 4030/4352/4669 4029/4351/4668 3943/4262/4582 3945/4264/4584
f 3983/4302/4622 3982/4301/4621 4030/4352/4669 4031/4353/4670
f 4031/4353/4670 4030/4352/4669 3945/4264/4584 3947/4266/4586
f 4013/4334/4652 3983/4302/4622 4031/4353/4670 4032/4354/4671
f 4032/4354/4671 4031/4353/4670 3947/4266/4586 3949/4268/4588
f 4002/4321/4641 4013/4334/4652 4032/4354/4671 4033/4355/4672
f 4033/4355/4672 4032/4354/4671 3949/4268/4588 3951/4270/4590
f 4003/4322/4642 4002/4321/4641 4033/4355/4672 4034/4356/4673
f 4034/4356/4673 4033/4355/4672 3951/4270/4590 3953/4272/4592
f 3986/4305/4625 4003/4322/4642 4034/4356/4673 4035/4357/4674
f 4035/4357/4674 4034/4356/4673 3953/4272/4592 3955/4274/4594
f 3987/4306/4626 3986/4305/4625 4035/4357/4674 4036/4358/4675
f 4036/4358/4675 4035/4357/4674 3955/4274/4594 3957/4276/4596
f 4015/4336/4654 3987/4306/4626 4036/4358/4675 4037/4359/4676
f 4037/4359/4676 4036/4358/4675 3957/4276/4596 3959/4278/4598
f 4006/4325/4645 4015/4336/4654 4037/4359/4676 4038/4360/4677
f 4038/4360/4677 4037/4359/4676 3959/4278/4598 3961/4280/4600
f 4007/4326/4646 4006/4325/4645 4038/4360/4677 4039/4361/4678
f 4039/4361/4678 4038/4360/4677 3961/4280/4600 3963/4282/4602
f 3990/4309/4629 4007/4326/4646 4039/4361/4678 4040/4362/4679
f 4040/4362/4679 4039/4361/4678 3963/4282/4602 3965/4284/4604
f 3991/4310/4630 3990/4309/4629 4040/4362/4679 4041/4363/4680
f 4041/4363/4680 4040/4362/4679 3965/4284/4604 3967/4286/4606
f 3924/4243/4563 3991/4310/4630 4041/4363/4680 4042/4364/4681
f 4042/4364/4681 4041/4363/4680 3967/4286/4606 3969/4288/4608
f 3925/4244/4564 3924/4243/4563 4042/4364/4681 4019/4365/4658
f 4019/4365/4658 4042/4364/4681 3969/4288/4608 3975/4294/4614
f 4018/4339/4657 3976/4366/4615 4043/4367/4682 4044/4368/4683
f 4044/4368/4683 4043/4367/4682 4045/4369/4684 4046/4370/4685
f 3929/4248/4568 4018/4339/4657 4044/4368/4683 4047/4371/4686
f 4047/4371/4686 4044/4368/4683 4046/4370/4685 4048/4372/4687
f 3930/4249/4569 3929/4248/4568 4047/4371/4686 4049/4373/4688
f 4049/4373/4688 4047/4371/4686 4048/4372/4687 4050/4374/4689
f 3932/4251/4571 3930/4249/4569 4049/4373/4688 4051/4375/4690
f 4051/4375/4690 4049/4373/4688 4050/4374/4689 4052/4376/4691
f 3934/4253/4573 3932/4251/4571 4051/4375/4690 4053/4377/4692
f 4053/4377/4692 4051/4375/4690 4052/4376/4691 4054/4378/4693
f 3936/4255/4575 3934/4253/4573 4053/4377/4692 4055/4379/4694
f 4055/4379/4694 4053/4377/4692 4054/4378/4693 4056/4380/4695
f 3938/4257/4577 3936/4255/4575 4055/4379/4694 4057/4381/4696
f 4057/4381/4696 4055/4379/4694 4056/4380/4695 4058/4382/4697
f 3940/4259/4579 3938/4257/4577 4057/4381/4696 4059/4383/4698
f 4059/4383/4698 4057/4381/4696 4058/4382/4697 4060/4384/4699
f 3942/4261/4581 3940/4259/4579 4059/4383/4698 4061/4385/4700
f 4061/4385/4700 4059/4383/4698 4060/4384/4699 4062/4386/4701
f 3944/4263/4583 3942/4261/4581 4061/4385/4700 4063/4387/4702
f 4063/4387/4702 4061/4385/4700 4062/4386/4701 4064/4388/4703
f 3946/4265/4585 3944/4263/4583 4063/4387/4702 4065/4389/4704
f 4065/4389/4704 4063/4387/4702 4064/4388/4703 4066/4390/4705
f 3948/4267/4587 3946/4265/4585 4065/4389/4704 4067/4391/4706
f 4067/4391/4706 4065/4389/4704 4066/4390/4705 4068/4392/4707
f 3950/4269/4589 3948/4267/4587 4067/4391/4706 4069/4393/4708
f 4069/4393/4708 4067/4391/4706 4068/4392/4707 4070/4394/4709
f 3952/4271/4591 3950/4269/4589 4069/4393/4708 4071/4395/4710
f 4071/4395/4710 4069/4393/4708 4070/4394/4709 4072/4396/4711
f 3954/4273/4593 3952/4271/4591 4071/4395/4710 4073/4397/4712
f 4073/4397/4712 4071/4395/4710 4072/4396/4711 4074/4398/4713
f 3956/4275/4595 3954/4273/4593 4073/4397/4712 4075/4399/4714
f 4075/4399/4714 4073/4397/4712 4074/4398/4713 4076/4400/4715
f 3958/4277/4597 3956/4275/4595 4075/4399/4714 4077/4401/4716
f 4077/4401/4716 4075/4399/4714 4076/4400/4715 4078/4402/4717
f 3960/4279/4599 3958/4277/4597 4077/4401/4716 4079/4403/4718
f 4079/4403/4718 4077/4401/4716 4078/4402/4717 4080/4404/4719
f 3962/4281/4601 3960/4279/4599 4079/4403/4718 4081/4405/4720
f 4081/4405/4720 4079/4403/4718 4080/4404/4719 4082/4406/4721
f 3964/4283/4603 3962/4281/4601 4081/4405/4720 4083/4407/4722
f 4083/4407/4722 4081/4405/4720 4082/4406/4721 4084/4408/4723
f 3966/4285/4605 3964/4283/4603 4083/4407/4722 4085/4409/4724
f 4085/4409/4724 4083/4407/4722 4084/4408/4723 4086/4410/4725
f 3968/4287/4607 3966/4285/4605 4085/4409/4724 4087/4411/4726
f 4087/4411/4726 4085/4409/4724 4086/4410/4725 4088/4412/4727
f 3970/4289/4609 3968/4287/4607 4087/4411/4726 4089/4413/4728
f 4089/4413/4728 4087/4411/4726 4088/4412/4727 4090/4414/4729
f 3976/4295/4615 3970/4289/4609 4089/4413/4728 4043/4415/4682
f 4043/4415/4682 4089/4413/4728 4090/4414/4729 4045/4416/4684
f 4017/4338/4656 3975/4342/4614 3976/4366/4615 4018/4339/4657
f 4091/4417/4730 4092/4418/4730 4093/4419/4730 4094/4420/4730
f 4095/4421/4730 4096/4422/4730 4097/4423/4730 4098/4424/4730
f 4099/4425/4730 4100/4426/4730 4101/4427/4730 4102/4428/4730
f 4103/4429/4730 4091/4417/4730 4094/4420/4730 4104/4430/4730
f 4105/4431/4730 4095/4421/4730 4098/4424/4730 4106/4432/4730
f 4107/4433/4730 4099/4425/4730 4102/4428/4730 4108/4434/4730
f 4109/4435/4730 4103/4429/4730 4104/4430/4730 4110/4436/4730
f 4111/4437/4730 4105/4431/4730 4106/4432/4730 4112/4438/4730
f 4113/4439/4730 4107/4433/4730 4108/4434/4730 4114/4440/4730
f 4115/4441/4730 4109/4435/4730 4110/4436/4730 4116/4442/4730
f 4117/4443/4730 4111/4437/4730 4112/4438/4730 4118/4444/4730
f 4119/4445/4730 4113/4439/4730 4114/4440/4730 4120/4446/4730
f 4121/4447/4730 4115/4441/4730 4116/4442/4730 4122/4448/4730
f 4123/4449/4730 4117/4443/4730 4118/4444/4730 4124/4450/4730
f 4125/4451/4730 4126/4452/4730 4127/4453/4730 4128/4454/4730
f 4129/4455/4730 4119/4445/4730 4120/4446/4730 4130/4456/4730
f 4131/4457/4730 4121/4447/4730 4122/4448/4730 4132/4458/4730
f 4126/4459/4730 4123/4449/4730 4124/4450/4730 4127/4460/4730
f 4133/4461/4730 4125/4451/4730 4128/4454/4730 4134/4462/4730
f 4135/4463/4730 4129/4455/4730 4130/4456/4730 4136/4464/4730
f 4137/4465/4730 4131/4457/4730 4132/4458/4730 4138/4466/4730
f 4092/4418/4730 4133/4461/4730 4134/4462/4730 4093/4419/4730
f 4096/4422/4730 4135/4463/4730 4136/4464/4730 4097/4423/4730
f 4100/4426/4730 4137/4465/4730 4138/4466/4730 4101/4427/4730
f 4104/4430/4731 4094/4420/4732 4139/4467/4733 4140/4468/4734
f 4106/4432/4735 4098/4424/4736 4141/4469/4737 4142/4470/4738
f 4108/4434/4739 4102/4428/4740 4143/4471/4741 4144/4472/4742
f 4110/4436/4743 4104/4430/4731 4140/4468/4734 4145/4473/4744
f 4112/4438/4745 4106/4432/4735 4142/4470/4738 4146/4474/4746
f 4114/4440/4747 4108/4434/4739 4144/4472/4742 4147/4475/4748
f 4116/4442/4749 4110/4436/4743 4145/4473/4744 4148/4476/4750
f 4118/4444/4751 4112/4438/4745 4146/4474/4746 4149/4477/4752
f 4120/4446/4753 4114/4440/4747 4147/4475/4748 4150/4478/4754
f 4122/4448/4755 4116/4442/4749 4148/4476/4750 4151/4479/4756
f 4124/4450/4757 4118/4444/4751 4149/4477/4752 4152/4480/4758
f 4128/4454/4759 4127/4453/4760 4153/4481/4761 4154/4482/4762
f 4130/4456/4763 4120/4446/4753 4150/4478/4754 4155/4483/4764
f 4132/4458/4765 4122/4448/4755 4151/4479/4756 4156/4484/4766
f 4127/4460/4760 4124/4450/4757 4152/4480/4758 4153/4485/4761
f 4134/4462/4767 4128/4454/4759 4154/4482/4762 4157/4486/4768
f 4136/4464/4769 4130/4456/4763 4155/4483/4764 4158/4487/4770
f 4138/4466/4771 4132/4458/4765 4156/4484/4766 4159/4488/4772
f 4093/4419/4773 4134/4462/4767 4157/4486/4768 4160/4489/4774
f 4097/4423/4775 4136/4464/4769 4158/4487/4770 4161/4490/4776
f 4101/4427/4777 4138/4466/4771 4159/4488/4772 4162/4491/4778
f 4094/4420/4732 4093/4419/4773 4160/4489/4774 4139/4467/4733
f 4098/4424/4736 4097/4423/4775 4161/4490/4776 4141/4469/4737
f 4102/4428/4740 4101/4427/4777 4162/4491/4778 4143/4471/4741
f 4155/4483/4764 4150/4478/4754 4163/4492/4779 4164/4493/4780
f 4156/4484/4766 4151/4479/4756 4165/4494/4781 4166/4495/4782
f 4153/4485/4761 4152/4480/4758 4167/4496/4783 4168/4497/4784
f 4157/4486/4768 4154/4482/4762 4169/4498/4785 4170/4499/4786
f 4158/4487/4770 4155/4483/4764 4164/4493/4780 4171/4500/4787
f 4159/4488/4772 4156/4484/4766 4166/4495/4782 4172/4501/4788
f 4160/4489/4774 4157/4486/4768 4170/4499/4786 4173/4502/4789
f 4161/4490/4776 4158/4487/4770 4171/4500/4787 4174/4503/4790
f 4162/4491/4778 4159/4488/4772 4172/4501/4788 4175/4504/4791
f 4139/4467/4733 4160/4489/4774 4173/4502/4789 4176/4505/4792
f 4141/4469/4737 4161/4490/4776 4174/4503/4790 4177/4506/4793
f 4143/4471/4741 4162/4491/4778 4175/4504/4791 4178/4507/4794
f 4140/4468/4734 4139/4467/4733 4176/4505/4792 4179/4508/4795
f 4142/4470/4738 4141/4469/4737 4177/4506/4793 4180/4509/4796
f 4144/4472/4742 4143/4471/4741 4178/4507/4794 4181/4510/4797
f 4145/4473/4744 4140/4468/4734 4179/4508/4795 4182/4511/4798
f 4146/4474/4746 4142/4470/4738 4180/4509/4796 4183/4512/4799
f 4147/4475/4748 4144/4472/4742 4181/4510/4797 4184/4513/4800
f 4148/4476/4750 4145/4473/4744 4182/4511/4798 4185/4514/4801
f 4149/4477/4752 4146/4474/4746 4183/4512/4799 4186/4515/4802
f 4150/4478/4754 4147/4475/4748 4184/4513/4800 4163/4492/4779
f 4151/4479/4756 4148/4476/4750 4185/4514/4801 4165/4494/4781
f 4152/4480/4758 4149/4477/4752 4186/4515/4802 4167/4496/4783
f 4154/4482/4762 4153/4481/4761 4168/4516/4784 4169/4498/4785
f 4179/4508/4795 4176/4505/4792 4187/4517/4732 4188/4518/4731
f 4180/4509/4796 4177/4506/4793 4189/4519/4736 4190/4520/4735
f 4181/4510/4797 4178/4507/4794 4191/4521/4740 4192/4522/4739
f 4182/4511/4798 4179/4508/4795 4188/4518/4731 4193/4523/4743
f 4183/4512/4799 4180/4509/4796 4190/4520/4735 4194/4524/4745
f 4184/4513/4800 4181/4510/4797 4192/4522/4739 4195/4525/4747
f 4185/4514/4801 4182/4511/4798 4193/4523/4743 4196/4526/4749
f 4186/4515/4802 4183/4512/4799 4194/4524/4745 4197/4527/4751
f 4163/4492/4779 4184/4513/4800 4195/4525/4747 4198/4528/4753
f 4165/4494/4781 4185/4514/4801 4196/4526/4749 4199/4529/4755
f 4167/4496/4783 4186/4515/4802 4197/4527/4751 4200/4530/4757
f 4169/4498/4785 4168/4516/4784 4201/4531/4760 4202/4532/4759
f 4164/4493/4780 4163/4492/4779 4198/4528/4753 4203/4533/4763
f 4166/4495/4782 4165/4494/4781 4199/4529/4755 4204/4534/4765
f 4168/4497/4784 4167/4496/4783 4200/4530/4757 4201/4535/4760
f 4170/4499/4786 4169/4498/4785 4202/4532/4759 4205/4536/4767
f 4171/4500/4787 4164/4493/4780 4203/4533/4763 4206/4537/4769
f 4172/4501/4788 4166/4495/4782 4204/4534/4765 4207/4538/4771
f 4173/4502/4789 4170/4499/4786 4205/4536/4767 4208/4539/4773
f 4174/4503/4790 4171/4500/4787 4206/4537/4769 4209/4540/4775
f 4175/4504/4791 4172/4501/4788 4207/4538/4771 4210/4541/4777
f 4176/4505/4792 4173/4502/4789 4208/4539/4773 4187/4517/4732
f 4177/4506/4793 4174/4503/4790 4209/4540/4775 4189/4519/4736
f 4178/4507/4794 4175/4504/4791 4210/4541/4777 4191/4521/4740
f 4189/4519/4730 4209/4540/4730 4206/4537/4730 4190/4520/4730
f 4190/4520/4730 4206/4537/4730 4203/4533/4730 4194/4524/4730
f 4194/4524/4730 4203/4533/4730 4198/4528/4730 4197/4527/4730
f 4197/4527/4730 4198/4528/4730 4195/4525/4730 4200/4530/4730
f 4200/4530/4730 4195/4525/4730 4192/4522/4730 4201/4535/4730
f 4201/4531/4730 4192/4522/4730 4191/4521/4730 4202/4532/4730
f 4202/4532/4730 4191/4521/4730 4210/4541/4730 4205/4536/4730
f 4205/4536/4730 4210/4541/4730 4207/4538/4730 4208/4539/4730
f 4208/4539/4730 4207/4538/4730 4204/4534/4730 4187/4517/4730
f 4187/4517/4730 4204/4534/4730 4199/4529/4730 4188/4518/4730
f 4188/4518/4730 4199/4529/4730 4196/4526/4730 4193/4523/4730
o handle
v 2.722416 18.688663 -35.230919
v 2.723032 18.421268 -35.485435
v 2.748761 19.714161 -36.426491
v 2.748024 20.065439 -36.121582
v 2.752191 11.955122 -37.843174
v 2.724850 11.400738 -36.236874
v 2.724453 8.007181 -36.073215
v 2.751656 8.104637 -37.622467
v 2.680313 21.222364 -33.650436
v 2.717348 19.498426 -33.139038
v 2.719544 19.344698 -34.045563
v 2.714053 20.762465 -34.768791
v 2.727676 20.795925 -27.722614
v 2.726585 21.005823 -27.272381
v 2.703129 17.971031 -27.269407
v 2.704176 18.136200 -27.701847
v 2.745772 3.542277 -35.194443
v 2.720072 4.436176 -34.265144
v 2.717193 3.812529 -33.076920
v 2.741347 2.424834 -33.367851
v 2.749749 19.049627 -36.834202
v 2.723675 17.875301 -35.750740
v 2.724296 16.757082 -36.007095
v 2.751101 17.783426 -37.392494
v 2.749475 5.303804 -36.723030
v 2.722706 5.711509 -35.352043
v 2.737077 1.808579 -31.605211
v 2.714219 3.593945 -31.849133
v 2.711183 3.618356 -30.595943
v 2.733751 1.564664 -30.232277
v 2.752015 15.514507 -37.769760
v 2.724621 14.685211 -36.141613
v 2.730950 21.142986 -32.170902
v 2.714087 19.514359 -31.792732
v 2.704061 4.954494 -27.656057
v 2.703356 5.089786 -27.364670
v 2.726337 1.778743 -27.171883
v 2.727019 1.686590 -27.453510
v 2.734216 20.988462 -30.422447
v 2.710302 19.263039 -30.230637
v 2.735382 20.549913 -35.360512
v 2.720891 19.130503 -34.601662
v 2.721765 18.908964 -34.962219
v 2.745872 20.323795 -35.790722
v 2.708285 3.902546 -29.399797
v 2.731086 1.545918 -29.132378
v 2.664155 21.619513 -33.658161
v 2.716520 21.618837 -32.253979
v 2.064117 21.637848 -33.948067
v 2.355414 21.632681 -33.774231
v 2.219484 21.629688 -34.527584
v 1.923851 21.632240 -34.667336
v 2.529762 21.617512 -34.406586
v 2.353927 21.611816 -34.724499
v 2.017300 21.624043 -34.935265
v 2.718353 21.616554 -30.527744
v 1.733373 21.624943 -35.085232
v -0.131954 21.638630 -30.270155
v -0.574711 21.638630 -30.413254
v -1.127104 21.632681 -29.484545
v -1.993288 20.795925 -27.734051
v -1.990597 20.823236 -28.844994
v -1.967328 18.695402 -28.770594
v -1.969890 18.136198 -27.713173
v -1.952301 18.908960 -34.973541
v -1.953175 19.130501 -34.612984
v -1.784503 19.986792 -36.609966
v -1.787455 20.359203 -36.283936
v -0.970675 20.676453 -35.844597
v -1.789664 20.621614 -35.952629
v -1.420420 20.643970 -35.896091
v 0.722230 20.738884 -35.885483
v 0.386981 20.740257 -35.896309
v 0.386337 20.940897 -35.630569
v 0.713753 20.938986 -35.622673
v 1.048023 20.729265 -35.862083
v 1.032923 20.925606 -35.607765
v -1.781584 17.994276 -37.686798
v 2.564195 17.994274 -37.676266
v 2.565248 15.680134 -38.110935
v -1.780531 15.680134 -38.121464
v 2.364217 21.112597 -34.841339
v 2.073800 21.573755 -35.078316
v 2.416783 21.061308 -34.940765
v 2.242257 21.015591 -35.080578
v 2.170629 21.056734 -35.038742
v -1.970373 21.616554 -30.539101
v -1.971104 21.614017 -28.938484
v -1.515795 21.630140 -29.286049
v -1.589132 21.632683 -30.957739
v 1.980871 20.958069 -35.290821
v 1.766663 21.002445 -35.306831
v 1.629627 21.582659 -35.345657
v 2.546313 21.194241 -34.471989
v 2.563270 20.359200 -36.273399
v 2.561897 19.986792 -36.599442
v 1.744371 20.676453 -35.838020
v 2.194360 20.643974 -35.887333
v 1.754333 20.879293 -35.524376
v 2.215364 20.832216 -35.565548
v 2.563874 20.621616 -35.942081
v 2.543172 20.822790 -35.581738
v 2.186990 21.627674 -28.003845
v 1.752931 21.628485 -28.145699
v 1.702590 21.623951 -27.589731
v 2.156716 21.623852 -27.475885
v 2.390139 21.633526 -32.527195
v 2.339144 21.632681 -30.948223
v 2.146220 21.638498 -32.723980
v 2.001149 21.637852 -31.268944
v 2.705783 21.613693 -27.796762
v 2.703461 21.614309 -27.335522
v 0.986951 21.022268 -35.500008
v 1.264797 21.001360 -35.478470
v 1.349538 20.896296 -35.589134
v 0.940456 21.582884 -35.521561
v 1.185175 21.582876 -35.482143
v 1.531108 20.988283 -35.422028
v 2.711329 21.614019 -28.927139
v 2.730367 20.823236 -28.833557
v 1.411242 21.582865 -35.424702
v 1.099904 21.625351 -35.303673
v 0.749576 21.625357 -35.354073
v 0.825734 21.633314 -35.104740
v 1.236720 21.633318 -35.016087
v 0.385705 21.625357 -35.369602
v 0.385131 21.633318 -35.132614
v 0.384572 21.638628 -34.901768
v 0.892954 21.638630 -34.861427
v 1.351707 21.638628 -34.732697
v -0.595368 20.706421 -35.843315
v 1.369061 20.706421 -35.838551
v 1.869983 21.632681 -29.477283
v 1.666971 21.638565 -30.688015
v 1.322097 21.638634 -30.408657
v 2.562679 19.293041 -37.049911
v -1.783103 19.293043 -37.060440
v 2.705785 4.441988 -28.367594
v 2.728719 1.613942 -28.155140
v 1.222097 21.225166 -31.667906
v 1.438013 21.232292 -31.867649
v 1.400555 21.172413 -32.763474
v 1.200460 21.162783 -32.763962
v 1.549345 21.266758 -32.132591
v 1.539695 21.239416 -32.763142
v 1.552400 21.266754 -33.393635
v 1.442353 21.232290 -33.659111
v 1.227407 21.225164 -33.859894
v 0.839944 21.162783 -32.764832
v 0.847350 21.225170 -31.565123
v 0.853163 21.225170 -33.964497
v 0.382376 21.225166 -33.995148
v 0.379398 21.162788 -32.765949
v 0.376420 21.225166 -31.536753
v -0.968858 21.623951 -27.596203
v -1.016505 21.628485 -28.152407
v 0.878651 21.638630 -30.267706
v 0.373247 21.638630 -30.226883
v -1.968278 4.441987 -28.378918
v -1.965777 3.902547 -29.411121
v 2.257708 21.630142 -29.276907
v -0.918228 21.638565 -30.694277
v -1.249587 21.637848 -31.276819
v -1.986748 20.988464 -30.433884
v -1.963764 19.263039 -30.241961
v -1.956718 19.498425 -33.150360
v -1.954522 19.344698 -34.056885
v -1.969306 8.104637 -37.633904
v -1.949611 8.007183 -36.084538
v -1.949214 11.400740 -36.248192
v -1.968771 11.955120 -37.854610
v 1.726778 21.638563 -34.484226
v 1.745756 21.630358 -34.292755
v 1.965327 21.630327 -33.718513
v 1.390697 21.630365 -34.595634
v 1.362216 21.557886 -34.536163
v 1.679627 21.557886 -34.213394
v 1.859051 21.557886 -33.637337
v 0.919273 21.630365 -34.749496
v 0.384316 21.630367 -34.796303
v 0.384198 21.557884 -34.747498
v 0.910390 21.557890 -34.699379
v 1.708254 21.630358 -31.230808
v 1.370766 21.630365 -30.896881
v 1.927289 21.630322 -31.846092
v 1.844045 21.557886 -31.916288
v 1.662707 21.557886 -31.329561
v 1.350029 21.557886 -30.996777
v 0.908069 21.630365 -30.731495
v 0.374357 21.630367 -30.685200
v 0.900567 21.557890 -30.830704
v 0.374597 21.557884 -30.784405
v 2.020844 21.630344 -32.795601
v 1.910774 21.557886 -32.778831
v 1.555553 21.392874 -34.089947
v 1.689543 21.396917 -33.557930
v 1.293933 21.391527 -34.394791
v 0.882134 21.391529 -34.549400
v 0.383827 21.391531 -34.594418
v 1.547887 21.392876 -31.438440
v 1.285582 21.391527 -31.133421
v 1.684344 21.396917 -31.971245
v 0.873431 21.391529 -30.980171
v 0.374968 21.391531 -30.937489
v 1.725358 21.394226 -32.764763
v 2.702823 1.181800 -27.145107
v 2.538762 1.095387 -27.179592
v 2.539422 1.014599 -27.452162
v 2.703497 1.099373 -27.423584
v 2.726769 19.260717 -37.027863
v 2.725754 19.947147 -36.592896
v 2.725260 20.313972 -36.277596
v 1.426630 21.625301 -35.212566
v 1.597814 21.633200 -34.860035
v 2.721416 20.577644 -35.940781
v 2.695513 20.794035 -35.534294
v 2.729288 15.659431 -38.067951
v 2.728254 17.967682 -37.641113
v 2.728875 8.123535 -37.898506
v 2.729444 12.053747 -38.132874
v 2.564827 8.126127 -37.938484
v 2.565401 12.067808 -38.174690
v 2.722723 3.383114 -35.359390
v 2.726623 5.230626 -36.969162
v 2.558637 3.360294 -35.383465
v 2.562565 5.220172 -37.004723
v 2.713512 1.490654 -31.557711
v 2.718011 2.179552 -33.414452
v 2.549352 1.445448 -31.550995
v 2.553882 2.144852 -33.420986
v 2.707521 1.123685 -29.084391
v 2.710140 1.197216 -30.165459
v 2.543376 1.063129 -29.084503
v 2.545974 1.144789 -30.156982
v 2.705184 1.106603 -28.119900
v 2.541076 1.033444 -28.134964
v 2.576864 21.111961 -34.640396
v 2.636467 20.974844 -35.057938
v 2.486063 20.969265 -35.214584
v 2.250447 20.949852 -35.272354
v 0.386145 21.582895 -35.551239
v 0.670638 21.582891 -35.543884
v 0.386072 21.033260 -35.520851
v 0.692045 21.031883 -35.514191
v 2.706738 18.695402 -28.759268
v 0.080069 21.031885 -35.515675
v -0.214902 21.022266 -35.502922
v -0.168303 21.582882 -35.524246
v 0.101620 21.582890 -35.545258
v -1.971485 5.303805 -36.734467
v -1.951358 5.711510 -35.363369
v -1.970937 17.971031 -27.280731
v -1.994379 21.005821 -27.283817
v -1.972203 19.714161 -36.437927
v -1.951034 18.421265 -35.496761
v -1.951650 18.688663 -35.242241
v -1.972943 20.065441 -36.133018
v -1.945527 20.762463 -34.780083
v -1.917205 21.222366 -33.661575
v -1.975188 3.542276 -35.205879
v -1.953990 4.436176 -34.276466
v -1.979613 2.424835 -33.379288
v -1.956869 3.812530 -33.088242
v -1.971215 19.049625 -36.845638
v -1.950391 17.875303 -35.762062
v -1.969863 17.783428 -37.403927
v -1.949770 16.757084 -36.018417
v -1.983884 1.808580 -31.616648
v -1.959843 3.593946 -31.860455
v -1.987210 1.564665 -30.243713
v -1.962879 3.618356 -30.607265
v -1.968949 15.514511 -37.781197
v -1.949445 14.685211 -36.152939
v -1.975010 21.142982 -32.182304
v -1.959980 19.514357 -31.804052
v -1.989874 1.545918 -29.143812
v -1.994623 1.778743 -27.183317
v -1.970707 5.089787 -27.375996
v -1.970001 4.954494 -27.667381
v -1.993941 1.686590 -27.464947
v -1.963988 20.549913 -35.371895
v -1.585619 21.611816 -34.734043
v -1.303781 21.573755 -35.086494
v -1.595343 21.112591 -34.850933
v -1.299576 21.637848 -33.956215
v -1.155825 21.632236 -34.674797
v -1.452131 21.629688 -34.536484
v -1.591710 21.632681 -33.783794
v -0.963325 21.624945 -35.091763
v -1.247975 21.624044 -34.943176
v -1.960178 21.618834 -32.265308
v -1.762992 21.617512 -34.416985
v -1.972393 20.323795 -35.802151
v -0.274219 20.729263 -35.865288
v -0.260351 20.925606 -35.610901
v 0.058887 20.938986 -35.624260
v 0.051684 20.738886 -35.887108
v -1.780378 12.067808 -38.185219
v -1.780950 8.126127 -37.949013
v -1.783212 5.220174 -37.015247
v -1.787140 3.360294 -35.393993
v -1.791893 2.144852 -33.431515
v -1.796423 1.445449 -31.561523
v -1.799801 1.144789 -30.167511
v -1.802399 1.063129 -29.095032
v -1.804699 1.033443 -28.145489
v -1.806353 1.014599 -27.462690
v -1.970949 21.614311 -27.346844
v -1.971036 21.613693 -27.808092
v -1.901010 21.619513 -33.669220
v -1.647428 21.061306 -34.950615
v -1.400801 21.056734 -35.047394
v -1.472225 21.015591 -35.089577
v -0.858318 21.582659 -35.351685
v -0.995541 21.002443 -35.313522
v -1.209824 20.958069 -35.298546
v -1.779226 21.194237 -34.482468
v -1.770709 20.822790 -35.592194
v -1.442983 20.832216 -35.574409
v -0.982157 20.879293 -35.531002
v -1.451244 21.627672 -28.012657
v -1.423530 21.623850 -27.484558
v -1.632477 21.633526 -32.536942
v -1.387607 21.638498 -32.732540
v -0.577053 20.896296 -35.593796
v -0.492849 21.001358 -35.482723
v -0.759430 20.988285 -35.427578
v -0.413210 21.582874 -35.486015
v -0.328804 21.625351 -35.307129
v -0.467013 21.633318 -35.020210
v -0.055601 21.633316 -35.106873
v 0.021764 21.625357 -35.355835
v -0.583371 21.638630 -34.737381
v -0.123999 21.638634 -34.863892
v -0.639552 21.582865 -35.429668
v -1.992241 1.613943 -28.166578
v -0.468612 21.225166 -31.672005
v -0.441665 21.162781 -32.767937
v -0.641759 21.172413 -32.768425
v -0.683557 21.232292 -31.872787
v -0.463302 21.225166 -33.863991
v -0.679217 21.232294 -33.664253
v -0.790549 21.266754 -33.399307
v -0.780900 21.239416 -32.768761
v -0.793604 21.266758 -32.138268
v -0.094367 21.225174 -31.567404
v -0.081149 21.162781 -32.767067
v -0.088555 21.225168 -33.966778
v -1.807014 1.095387 -27.190121
v -1.201898 21.630325 -33.726181
v -0.979547 21.630358 -34.299358
v -0.959642 21.638565 -34.490734
v -1.096016 21.557886 -33.644493
v -0.913803 21.557886 -34.219681
v -0.594832 21.557886 -34.540909
v -0.623025 21.630365 -34.600517
v -0.150860 21.630363 -34.752090
v -0.142221 21.557888 -34.701920
v -0.621014 21.630365 -30.901707
v -0.956880 21.630354 -31.237263
v -0.599793 21.557886 -31.001499
v -0.910856 21.557886 -31.335794
v -1.089349 21.557886 -31.923395
v -1.172932 21.630322 -31.853603
v -0.159124 21.630363 -30.734079
v -0.151142 21.557888 -30.833248
v -1.261885 21.630346 -32.803551
v -1.151897 21.557886 -32.786255
v -0.926895 21.396917 -33.564270
v -0.790328 21.392874 -34.095627
v -0.527235 21.391525 -34.399200
v -0.114691 21.391527 -34.551819
v -0.534685 21.391525 -31.137831
v -0.795510 21.392874 -31.444117
v -0.929384 21.396919 -31.977577
v -0.123282 21.391527 -30.982586
v -0.966552 21.394228 -32.771286
v -1.970565 1.099374 -27.434904
v -1.971240 1.181800 -27.156429
v -1.948390 19.947149 -36.604214
v -1.947297 19.260715 -37.039185
v -1.949424 20.313972 -36.288921
v -0.828858 21.633200 -34.865913
v -0.655968 21.625301 -35.217613
v -1.947211 20.577646 -35.952091
v -1.923278 20.794033 -35.545483
v -1.945812 17.967684 -37.652428
v -1.944778 15.659431 -38.079273
v -1.944621 12.053747 -38.144196
v -1.945189 8.123535 -37.909821
v -1.947441 5.230628 -36.980492
v -1.951340 3.383116 -35.370712
v -1.956052 2.179553 -33.425770
v -1.960550 1.490654 -31.569029
v -1.963923 1.197216 -30.176783
v -1.966542 1.123685 -29.095715
v -1.968878 1.106603 -28.131222
v -1.715379 20.969267 -35.224762
v -1.866540 20.974844 -35.068848
v -1.808961 21.111959 -34.651020
v -1.479486 20.949856 -35.281395
vt 0.000000 0.000000
vt 0.000000 0.000000
vt 0.000000 0.000000
vt 0.000000 0.000000
vt 0.000000 0.000000
vt 0.000000 0.000000
vt 0.000000 0.000000
vt 0.000000 0.000000
vt 0.000000 0.000000
vt 0.000000 0.000000
vt 0.000000 0.000000
vt 0.000000 0.000000
vt 0.000000 0.000000
vt 0.000000 0.000000
vt 0.000000 0.000000
vt 0.000000 0.000000
vt 0.000000 0.000000
vt 0.000000 0.000000
vt 0.000000 0.000000
vt 0.000000 0.000000
vt 0.000000 0.000000
vt 0.000000 0.000000
vt 0.000000 0.000000
vt 0.000000 0.000000
vt 0.000000 0.000000
vt 0.000000 0.000000
vt 0.000000 0.000000
vt 0.000000 0.000000
vt 0.000000 0.000000
vt 0.000000 0.000000
vt 0.000000 0.000000
vt 0.000000 0.000000
vt 0.000000 0.000000
vt 0.000000 0.000000
vt 0.000000 0.000000
vt 0.000000 0.000000
vt 0.000000 0.000000
vt 0.000000 0.000000
vt 0.000000 0.000000
vt 0.000000 0.000000
vt 0.000000 0.000000
vt 0.000000 0.000000
vt 0.000000 0.000000
vt 0.000000 0.000000
vt 0.000000 0.000000
vt 0.000000 0.000000
vt 0.000000 0.000000
vt 0.000000 0.000000
vt 0.000000 0.000000
vt 0.000000 0.000000
vt 0.000000 0.000000
vt 0.000000 0.000000
vt 0.000000 0.000000
vt 0.000000 0.000000
vt 0.000000 0.000000
vt 0.000000 0.000000
vt 0.000000 0.000000
vt 0.000000 0.000000
vt 0.000000 0.000000
vt 0.000000 0.000000
vt 0.000000 0.000000
vt 0.000000 0.000000
vt 0.000000 0.000000
vt 0.000000 0.000000
vt 0.000000 0.000000
vt 0.000000 0.000000
vt 0.000000 0.000000
vt 0.000000 0.000000
vt 0.000000 0.000000
vt 0.000000 0.000000
vt 0.000000 0.000000
vt 0.000000 0.000000
vt 0.000000 0.000000
vt 0.000000 0.000000
vt 0.000000 0.000000
vt 0.000000 0.000000
vt 0.000000 0.000000
vt 0.000000 0.000000
vt 0.000000 0.000000
vt 0.000000 0.000000
vt 0.000000 0.000000
vt 0.000000 0.000000
vt 0.000000 0.000000
vt 0.000000 0.000000
vt 0.000000 0.000000
vt 0.000000 0.000000
vt 0.000000 0.000000
vt 0.000000 0.000000
vt 0.000000 0.000000
vt 0.000000 0.000000
vt 0.000000 0.000000
vt 0.000000 0.000000
vt 0.000000 0.000000
vt 0.000000 0.000000
vt 0.000000 0.000000
vt 0.000000 0.000000
vt 0.000000 0.000000
vt 0.000000 0.000000
vt 0.000000 0.000000
vt 0.000000 0.000000
vt 0.000000 0.000000
vt 0.000000 0.000000
vt 0.000000 0.000000
vt 0.000000 0.000000
vt 0.000000 0.000000
vt 0.000000 0.000000
vt 0.000000 0.000000
vt 0.000000 0.000000
vt 0.000000 0.000000
vt 0.000000 0.000000
vt 0.000000 0.000000
vt 0.000000 0.000000
vt 0.000000 0.000000
vt 0.000000 0.000000
vt 0.000000 0.000000
vt 0.000000 0.000000
vt 0.000000 0.000000
vt 0.000000 0.000000
vt 0.000000 0.000000
vt 0.000000 0.000000
vt 0.000000 0.000000
vt 0.000000 0.000000
vt 0.000000 0.000000
vt 0.000000 0.000000
vt 0.000000 0.000000
vt 0.000000 0.000000
vt 0.000000 0.000000
vt 0.000000 0.000000
vt 0.000000 0.000000
vt 0.000000 0.000000
vt 0.000000 0.000000
vt 0.000000 0.000000
vt 0.000000 0.000000
vt 0.000000 0.000000
vt 0.000000 0.000000
vt 0.000000 0.000000
vt 0.000000 0.000000
vt 0.000000 0.000000
vt 0.000000 0.000000
vt 0.000000 0.000000
vt 0.000000 0.000000
vt 0.000000 0.000000
vt 0.000000 0.000000
vt 0.000000 0.000000
vt 0.000000 0.000000
vt 0.000000 0.000000
vt 0.000000 0.000000
vt 0.000000 0.000000
vt 0.000000 0.000000
vt 0.000000 0.000000
vt 0.000000 0.000000
vt 0.000000 0.000000
vt 0.000000 0.000000
vt 0.000000 0.000000
vt 0.000000 0.000000
vt 0.000000 0.000000
vt 0.000000 0.000000
vt 0.000000 0.000000
vt 0.000000 0.000000
vt 0.000000 0.000000
vt 0.000000 0.000000
vt 0.000000 0.000000
vt 0.000000 0.000000
vt 0.000000 0.000000
vt 0.000000 0.000000
vt 0.000000 0.000000
vt 0.000000 0.000000
vt 0.000000 0.000000
vt 0.000000 0.000000
vt 0.000000 0.000000
vt 0.000000 0.000000
vt 0.000000 0.000000
vt 0.000000 0.000000
vt 0.000000 0.000000
vt 0.000000 0.000000
vt 0.000000 0.000000
vt 0.000000 0.000000
vt 0.000000 0.000000
vt 0.000000 0.000000
vt 0.000000 0.000000
vt 0.000000 0.000000
vt 0.000000 0.000000
vt 0.000000 0.000000
vt 0.000000 0.000000
vt 0.000000 0.000000
vt 0.000000 0.000000
vt 0.000000 0.000000
vt 0.000000 0.000000
vt 0.000000 0.000000
vt 0.000000 0.000000
vt 0.000000 0.000000
vt 0.000000 0.000000
vt 0.000000 0.000000
vt 0.000000 0.000000
vt 0.000000 0.000000
vt 0.000000 0.000000
vt 0.000000 0.000000
vt 0.000000 0.000000
vt 0.000000 0.000000
vt 0.000000 0.000000
vt 0.000000 0.000000
vt 0.000000 0.000000
vt 0.000000 0.000000
vt 0.000000 0.000000
vt 0.000000 0.000000
vt 0.000000 0.000000
vt 0.000000 0.000000
vt 0.000000 0.000000
vt 0.000000 0.000000
vt 0.000000 0.000000
vt 0.000000 0.000000
vt 0.000000 0.000000
vt 0.000000 0.000000
vt 0.000000 0.000000
vt 0.000000 0.000000
vt 0.000000 0.000000
vt 0.000000 0.000000
vt 0.000000 0.000000
vt 0.000000 0.000000
vt 0.000000 0.000000
vt 0.000000 0.000000
vt 0.000000 0.000000
vt 0.000000 0.000000
vt 0.000000 0.000000
vt 0.000000 0.000000
vt 0.000000 0.000000
vt 0.000000 0.000000
vt 0.000000 0.000000
vt 0.000000 0.000000
vt 0.000000 0.000000
vt 0.000000 0.000000
vt 0.000000 0.000000
vt 0.000000 0.000000
vt 0.000000 0.000000
vt 0.000000 0.000000
vt 0.000000 0.000000
vt 0.000000 0.000000
vt 0.000000 0.000000
vt 0.000000 0.000000
vt 0.000000 0.000000
vt 0.000000 0.000000
vt 0.000000 0.000000
vt 0.000000 0.000000
vt 0.000000 0.000000
vt 0.000000 0.000000
vt 0.000000 0.000000
vt 0.000000 0.000000
vt 0.000000 0.000000
vt 0.000000 0.000000
vt 0.000000 0.000000
vt 0.000000 0.000000
vt 0.000000 0.000000
vt 0.000000 0.000000
vt 0.000000 0.000000
vt 0.000000 0.000000
vt 0.000000 0.000000
vt 0.000000 0.000000
vt 0.000000 0.000000
vt 0.000000 0.000000
vt 0.000000 0.000000
vt 0.000000 0.000000
vt 0.000000 0.000000
vt 0.000000 0.000000
vt 0.000000 0.000000
vt 0.000000 0.000000
vt 0.000000 0.000000
vt 0.000000 0.000000
vt 0.000000 0.000000
vt 0.000000 0.000000
vt 0.000000 0.000000
vt 0.000000 0.000000
vt 0.000000 0.000000
vt 0.000000 0.000000
vt 0.000000 0.000000
vt 0.000000 0.000000
vt 0.000000 0.000000
vt 0.000000 0.000000
vt 0.000000 0.000000
vt 0.000000 0.000000
vt 0.000000 0.000000
vt 0.000000 0.000000
vt 0.000000 0.000000
vt 0.000000 0.000000
vt 0.000000 0.000000
vt 0.000000 0.000000
vt 0.000000 0.000000
vt 0.000000 0.000000
vt 0.000000 0.000000
vt 0.000000 0.000000
vt 0.000000 0.000000
vt 0.000000 0.000000
vt 0.000000 0.000000
vt 0.000000 0.000000
vt 0.000000 0.000000
vt 0.000000 0.000000
vt 0.000000 0.000000
vt 0.000000 0.000000
vt 0.000000 0.000000
vt 0.000000 0.000000
vt 0.000000 0.000000
vt 0.000000 0.000000
vt 0.000000 0.000000
vt 0.000000 0.000000
vt 0.000000 0.000000
vt 0.000000 0.000000
vt 0.000000 0.000000
vt 0.000000 0.000000
vt 0.000000 0.000000
vt 0.000000 0.000000
vt 0.000000 0.000000
vt 0.000000 0.000000
vt 0.000000 0.000000
vt 0.000000 0.000000
vt 0.000000 0.000000
vt 0.000000 0.000000
vt 0.000000 0.000000
vt 0.000000 0.000000
vt 0.000000 0.000000
vt 0.000000 0.000000
vt 0.000000 0.000000
vt 0.000000 0.000000
vt 0.000000 0.000000
vt 0.000000 0.000000
vt 0.000000 0.000000
vt 0.000000 0.000000
vt 0.000000 0.000000
vt 0.000000 0.000000
vt 0.000000 0.000000
vt 0.000000 0.000000
vt 0.000000 0.000000
vt 0.000000 0.000000
vt 0.000000 0.000000
vt 0.000000 0.000000
vt 0.000000 0.000000
vt 0.000000 0.000000
vt 0.000000 0.000000
vt 0.000000 0.000000
vt 0.000000 0.000000
vt 0.000000 0.000000
vt 0.000000 0.000000
vt 0.000000 0.000000
vt 0.000000 0.000000
vt 0.000000 0.000000
vt 0.000000 0.000000
vt 0.000000 0.000000
vt 0.000000 0.000000
vt 0.000000 0.000000
vt 0.000000 0.000000
vt 0.000000 0.000000
vt 0.000000 0.000000
vt 0.000000 0.000000
vt 0.000000 0.000000
vt 0.000000 0.000000
vt 0.000000 0.000000
vt 0.000000 0.000000
vt 0.000000 0.000000
vt 0.000000 0.000000
vt 0.000000 0.000000
vt 0.000000 0.000000
vt 0.000000 0.000000
vt 0.000000 0.000000
vt 0.000000 0.000000
vt 0.000000 0.000000
vt 0.000000 0.000000
vt 0.000000 0.000000
vt 0.000000 0.000000
vt 0.000000 0.000000
vt 0.000000 0.000000
vt 0.000000 0.000000
vt 0.000000 0.000000
vt 0.000000 0.000000
vt 0.000000 0.000000
vt 0.000000 0.000000
vt 0.000000 0.000000
vt 0.000000 0.000000
vt 0.000000 0.000000
vt 0.000000 0.000000
vt 0.000000 0.000000
vt 0.000000 0.000000
vt 0.000000 0.000000
vt 0.000000 0.000000
vt 0.000000 0.000000
vt 0.000000 0.000000
vt 0.000000 0.000000
vt 0.000000 0.000000
vt 0.000000 0.000000
vt 0.000000 0.000000
vt 0.000000 0.000000
vt 0.000000 0.000000
vt 0.000000 0.000000
vt 0.000000 0.000000
vt 0.000000 0.000000
vt 0.000000 0.000000
vt 0.000000 0.000000
vt 0.000000 0.000000
vt 0.000000 0.000000
vt 0.000000 0.000000
vt 0.000000 0.000000
vt 0.000000 0.000000
vt 0.000000 0.000000
vt 0.000000 0.000000
vn 0.9999 -0.0100 0.0131
vn 0.9998 -0.0086 0.0151
vn 0.9994 0.0216 -0.0283
vn 0.9994 0.0271 -0.0221
vn 0.9995 -0.0012 -0.0324
vn 0.9999 0.0003 0.0172
vn 0.9998 0.0032 0.0177
vn 0.9993 -0.0086 -0.0367
vn 0.9968 0.0542 -0.0592
vn 1.0000 0.0089 -0.0040
vn 0.9998 0.0129 0.0145
vn 0.9836 0.1783 -0.0277
vn 1.0000 0.0069 0.0011
vn 0.9999 0.0165 -0.0011
vn 1.0000 -0.0082 0.0028
vn 1.0000 -0.0088 0.0017
vn 0.9990 -0.0364 -0.0277
vn 0.9998 0.0139 0.0136
vn 0.9998 0.0152 0.0092
vn 0.9991 -0.0386 -0.0180
vn 0.9994 0.0171 -0.0296
vn 0.9998 -0.0059 0.0167
vn 0.9999 -0.0029 0.0169
vn 0.9994 0.0101 -0.0322
vn 0.9990 -0.0245 -0.0367
vn 0.9998 0.0088 0.0169
vn 0.9993 -0.0349 -0.0091
vn 0.9999 0.0137 0.0052
vn 0.9999 0.0114 0.0024
vn 0.9996 -0.0294 -0.0025
vn 0.9995 0.0027 -0.0317
vn 0.9999 -0.0009 0.0168
vn 0.9998 0.0127 -0.0127
vn 0.9999 -0.0067 -0.0076
vn 1.0000 0.0071 -0.0005
vn 1.0000 0.0070 -0.0003
vn 0.9999 -0.0121 0.0059
vn 0.9998 -0.0183 0.0051
vn 1.0000 0.0070 0.0008
vn 0.9999 -0.0124 -0.0009
vn 0.9953 0.0965 -0.0001
vn 0.9999 0.0010 0.0172
vn 0.9999 -0.0073 0.0146
vn 0.9989 0.0449 -0.0096
vn 1.0000 0.0095 0.0004
vn 0.9997 -0.0237 0.0011
vn 0.9938 0.0415 -0.1032
vn 0.9994 0.0296 -0.0194
vn -0.0126 0.9999 0.0053
vn 0.0329 0.9994 -0.0059
vn 0.0394 0.9989 -0.0260
vn 0.0180 0.9997 -0.0188
vn 0.0495 0.9986 -0.0205
vn 0.0772 0.9943 -0.0738
vn 0.1031 0.9841 -0.1447
vn 0.9996 0.0264 0.0020
vn 0.0535 0.9920 -0.1140
vn 0.0011 1.0000 -0.0049
vn 0.0024 1.0000 -0.0051
vn -0.0039 1.0000 0.0036
vn -1.0000 0.0069 -0.0038
vn -1.0000 0.0067 -0.0029
vn -0.9999 -0.0108 -0.0052
vn -1.0000 -0.0088 -0.0031
vn -0.0014 -0.8145 0.5801
vn -0.0011 -0.8964 0.4433
vn -0.0765 0.6139 -0.7857
vn -0.0398 0.7172 -0.6957
vn -0.0420 0.8034 -0.5939
vn -0.1070 0.8289 -0.5490
vn 0.0086 0.8303 -0.5573
vn 0.0377 0.7631 -0.6452
vn 0.0016 0.7478 -0.6639
vn 0.0015 0.7805 -0.6251
vn 0.0416 0.7786 -0.6261
vn 0.0797 0.7844 -0.6152
vn 0.0860 0.7773 -0.6232
vn -0.1171 0.3124 -0.9427
vn 0.1217 0.3124 -0.9421
vn 0.1278 0.1029 -0.9865
vn -0.1230 0.1029 -0.9871
vn 0.8316 0.1374 -0.5380
vn 0.7910 0.1164 -0.6006
vn 0.6353 0.0905 -0.7669
vn 0.1837 0.9221 -0.3405
vn 0.0992 0.9141 -0.3931
vn 0.1876 0.8636 -0.4680
vn 0.2666 0.8872 -0.3766
vn -0.0377 0.9993 0.0021
vn -0.0317 0.9995 0.0021
vn -0.0197 0.9998 0.0025
vn -0.0257 0.9997 0.0020
vn 0.1359 0.8918 -0.4315
vn 0.2019 0.8476 -0.4908
vn 0.4517 0.0531 -0.8906
vn 0.6216 0.0655 -0.7806
vn 0.4695 0.0531 -0.8813
vn 0.8708 0.4003 -0.2854
vn 0.9469 0.0829 -0.3108
vn 0.0432 0.7173 -0.6955
vn 0.0803 0.6139 -0.7853
vn 0.0448 0.8034 -0.5937
vn -0.0059 0.8303 -0.5573
vn 0.1083 0.8518 -0.5126
vn 0.0203 0.8955 -0.4446
vn 0.1097 0.8289 -0.5485
vn 0.1421 0.8979 -0.4167
vn 0.0134 0.9999 0.0042
vn 0.0006 1.0000 0.0052
vn -0.0006 1.0000 0.0079
vn 0.0111 0.9999 0.0056
vn 0.0428 0.9991 0.0007
vn 0.0308 0.9995 -0.0000
vn 0.0257 0.9997 0.0021
vn 0.0377 0.9993 0.0023
vn -0.0196 0.9998 -0.0015
vn -0.0055 1.0000 -0.0043
vn 0.0242 0.9997 0.0032
vn 0.0208 0.9998 0.0039
vn 0.0788 0.7607 -0.6443
vn 0.1203 0.7737 -0.6221
vn 0.1151 0.7945 -0.5962
vn 0.0882 -0.0265 -0.9957
vn 0.1663 0.0102 -0.9860
vn 0.1781 0.0146 -0.9839
vn 0.0919 -0.0242 -0.9955
vn 0.1593 0.8105 -0.5636
vn 0.9997 0.0255 0.0044
vn 1.0000 0.0067 0.0019
vn 0.2998 0.0421 -0.9531
vn 0.3201 0.0445 -0.9463
vn 0.0257 0.9917 -0.1258
vn 0.0116 0.9914 -0.1301
vn 0.0037 0.9996 -0.0276
vn 0.0084 0.9996 -0.0264
vn 0.0003 0.9913 -0.1318
vn 0.0001 0.9996 -0.0280
vn -0.0001 0.9997 0.0246
vn -0.0035 0.9997 0.0233
vn -0.0069 0.9998 0.0193
vn -0.0935 0.7988 -0.5942
vn 0.0964 0.7988 -0.5938
vn 0.0039 1.0000 0.0036
vn -0.0039 1.0000 -0.0053
vn -0.0024 1.0000 -0.0051
vn 0.1050 0.4879 -0.8666
vn -0.1008 0.4879 -0.8671
vn 1.0000 0.0079 -0.0005
vn 0.9998 -0.0194 0.0018
vn -0.1342 0.9746 -0.1792
vn -0.3437 0.9299 -0.1306
vn -0.2373 0.9714 -0.0006
vn -0.0377 0.9993 -0.0001
vn -0.5426 0.8380 -0.0576
vn -0.5357 0.8444 -0.0015
vn -0.5415 0.8389 0.0544
vn -0.3423 0.9308 0.1284
vn -0.1343 0.9748 0.1783
vn -0.0046 1.0000 -0.0000
vn -0.0327 0.9846 -0.1716
vn -0.0335 0.9846 0.1714
vn -0.0004 0.9861 0.1660
vn -0.0000 1.0000 -0.0000
vn 0.0004 0.9861 -0.1660
vn 0.0006 1.0000 0.0079
vn -0.0006 1.0000 0.0052
vn -0.0011 1.0000 -0.0049
vn 0.0000 1.0000 -0.0045
vn 0.0013 0.8510 -0.5251
vn 0.0008 0.9368 -0.3499
vn 0.0317 0.9995 0.0022
vn 0.0197 0.9998 0.0026
vn 0.0449 0.9990 -0.0050
vn 0.0039 1.0000 -0.0053
vn 0.0055 1.0000 -0.0043
vn 0.9996 0.0284 0.0005
vn 0.9995 0.0312 -0.0035
vn -1.0000 0.0070 -0.0040
vn -0.9999 -0.0124 -0.0057
vn -0.0002 -0.9960 0.0898
vn -0.0006 -0.9643 0.2646
vn -0.9991 -0.0086 -0.0416
vn -0.9999 0.0032 0.0129
vn -0.9999 0.0003 0.0123
vn -0.9993 -0.0012 -0.0372
vn -0.0097 0.9999 0.0138
vn -0.2476 0.9520 0.1803
vn -0.2878 0.9555 0.0654
vn -0.1904 0.9233 0.3334
vn -0.3738 0.6999 0.6087
vn -0.5449 0.7688 0.3347
vn -0.6039 0.7901 0.1052
vn -0.0161 0.9972 0.0736
vn -0.0002 0.9971 0.0766
vn -0.1636 0.5976 0.7849
vn -0.0020 0.5667 0.8239
vn -0.0019 0.6212 0.7836
vn -0.1632 0.6378 0.7527
vn -0.2432 0.9548 -0.1712
vn -0.1443 0.9590 -0.2439
vn -0.3236 0.9432 -0.0754
vn -0.6437 0.7563 -0.1170
vn -0.5861 0.7428 -0.3236
vn -0.3720 0.7512 -0.5452
vn -0.0613 0.9553 -0.2892
vn 0.0007 0.9531 -0.3026
vn -0.1462 0.7499 -0.6452
vn 0.0016 0.7486 -0.6630
vn -0.3151 0.9491 -0.0025
vn -0.6226 0.7825 -0.0081
vn -0.5095 0.8110 0.2874
vn -0.6422 0.7594 0.1048
vn -0.3058 0.8311 0.4645
vn -0.1153 0.8410 0.5286
vn -0.0013 0.8454 0.5342
vn -0.5267 0.7966 -0.2967
vn -0.3156 0.8233 -0.4718
vn -0.6547 0.7473 -0.1134
vn -0.1153 0.8392 -0.5314
vn 0.0013 0.8451 -0.5346
vn -0.6659 0.7461 -0.0039
vn 0.4068 -0.8756 0.2603
vn 0.2262 -0.9338 0.2772
vn 0.2141 -0.9694 0.1202
vn 0.4233 -0.8949 0.1414
vn 0.9991 -0.0390 0.0146
vn 0.9991 -0.0410 0.0092
vn 0.9966 0.0412 -0.0716
vn 0.9966 0.0508 -0.0647
vn 0.2103 0.4727 -0.8558
vn 0.1822 0.5833 -0.7916
vn 0.1898 0.7020 -0.6864
vn 0.9968 0.0615 -0.0509
vn 0.0404 0.9920 -0.1196
vn 0.0140 0.9996 -0.0236
vn 0.9952 0.0925 -0.0306
vn 0.2375 0.8095 -0.5369
vn 0.2767 0.8841 -0.3767
vn 0.9854 0.1694 -0.0164
vn 0.9971 0.0090 -0.0755
vn 0.9969 0.0263 -0.0735
vn 0.2529 0.0928 -0.9630
vn 0.2429 0.2948 -0.9242
vn 0.9965 -0.0143 -0.0824
vn 0.9969 -0.0010 -0.0783
vn 0.2312 -0.1840 -0.9553
vn 0.1169 -0.1809 -0.9765
vn 0.1247 -0.0198 -0.9920
vn 0.2452 -0.0225 -0.9692
vn 0.9951 -0.0760 -0.0633
vn 0.9958 -0.0439 -0.0798
vn 0.1990 -0.7484 -0.6327
vn 0.0999 -0.7579 -0.6447
vn 0.1076 -0.4863 -0.8671
vn 0.2141 -0.4859 -0.8474
vn 0.9970 -0.0750 -0.0171
vn 0.9957 -0.0848 -0.0373
vn 0.2455 -0.9294 -0.2758
vn 0.1251 -0.9531 -0.2757
vn 0.1054 -0.8937 -0.4361
vn 0.2088 -0.8768 -0.4332
vn 0.9985 -0.0545 0.0020
vn 0.9979 -0.0639 -0.0045
vn 0.3505 -0.9355 -0.0447
vn 0.1780 -0.9828 -0.0497
vn 0.1506 -0.9789 -0.1385
vn 0.2962 -0.9451 -0.1379
vn 0.9989 -0.0463 0.0041
vn 0.2072 -0.9780 -0.0247
vn 0.4082 -0.9127 -0.0187
vn 0.6647 0.7105 -0.2310
vn 0.2420 0.9284 -0.2819
vn 0.1397 0.9356 -0.3241
vn 0.9566 0.2886 -0.0412
vn 0.0301 0.9368 -0.3486
vn 0.0005 0.9745 -0.2245
vn 0.0143 0.9749 -0.2222
vn 0.0024 -0.0540 -0.9985
vn 0.0431 -0.0482 -0.9979
vn 0.0444 -0.0478 -0.9979
vn 0.0314 0.9759 -0.2160
vn 0.0735 0.9771 -0.1997
vn 0.1001 0.9744 -0.2013
vn 0.1849 0.9477 -0.2601
vn 0.0523 0.9768 -0.2078
vn 0.0016 0.7632 -0.6462
vn 0.0372 0.7617 -0.6468
vn 0.9999 -0.0108 -0.0003
vn -0.0396 -0.0478 -0.9981
vn -0.0871 -0.0242 -0.9959
vn -0.0834 -0.0265 -0.9962
vn -0.0383 -0.0482 -0.9981
vn -0.9988 -0.0245 -0.0416
vn -0.9999 0.0088 0.0121
vn -1.0000 -0.0082 -0.0020
vn -0.9998 0.0165 -0.0060
vn -0.9992 0.0216 -0.0331
vn -0.9999 -0.0086 0.0103
vn -0.9999 -0.0100 0.0083
vn -0.9993 0.0271 -0.0270
vn -0.9834 0.1783 -0.0325
vn -0.9999 0.0129 0.0097
vn -0.9999 0.0089 -0.0089
vn -0.9965 0.0542 -0.0641
vn -0.9988 -0.0364 -0.0325
vn -0.9999 0.0139 0.0088
vn -0.9990 -0.0386 -0.0229
vn -0.9999 0.0152 0.0043
vn -0.9993 0.0171 -0.0345
vn -0.9999 -0.0059 0.0119
vn -0.9993 0.0101 -0.0370
vn -0.9999 -0.0029 0.0121
vn -0.9993 -0.0349 -0.0139
vn -0.9999 0.0137 0.0003
vn -0.9995 -0.0294 -0.0073
vn -0.9999 0.0114 -0.0025
vn -0.9993 0.0027 -0.0365
vn -0.9999 -0.0009 0.0120
vn -0.9998 0.0127 -0.0176
vn -0.9999 -0.0067 -0.0125
vn -0.9997 -0.0237 -0.0037
vn -0.9999 0.0095 -0.0045
vn -0.9999 -0.0121 0.0010
vn -1.0000 0.0070 -0.0052
vn -1.0000 0.0071 -0.0053
vn -0.9998 -0.0183 0.0002
vn -0.9953 0.0965 -0.0049
vn -0.9999 0.0010 0.0123
vn -0.8290 0.1374 -0.5421
vn -0.6316 0.0905 -0.7700
vn -0.7881 0.1164 -0.6044
vn 0.0126 0.9999 0.0053
vn -0.0179 0.9997 -0.0188
vn -0.0393 0.9989 -0.0262
vn -0.0329 0.9994 -0.0061
vn -0.0530 0.9920 -0.1142
vn -0.1024 0.9841 -0.1452
vn -0.9996 0.0264 -0.0029
vn -0.9993 0.0296 -0.0243
vn -0.0769 0.9943 -0.0741
vn -0.0494 0.9986 -0.0207
vn -0.9989 0.0449 -0.0144
vn -0.9999 -0.0073 0.0098
vn -0.0767 0.7844 -0.6155
vn -0.0830 0.7773 -0.6236
vn -0.0386 0.7786 -0.6263
vn -0.0346 0.7631 -0.6454
vn -0.0024 0.1754 0.9845
vn -0.0021 0.4839 0.8751
vn -0.1199 -0.0198 -0.9926
vn -0.1122 -0.1809 -0.9771
vn -0.0015 0.7812 0.6242
vn -0.0008 0.9461 0.3238
vn -0.1034 -0.4863 -0.8676
vn -0.0968 -0.7579 -0.6452
vn -0.0002 0.9969 0.0783
vn 0.0003 0.9920 -0.1260
vn 0.0010 -0.9108 -0.4129
vn 0.0010 -0.9101 -0.4144
vn -0.1033 -0.8937 -0.4366
vn -0.1238 -0.9531 -0.2763
vn 0.0006 -0.9654 -0.2608
vn 0.0012 0.8631 -0.5051
vn 0.0010 0.9070 -0.4211
vn 0.0002 -0.9973 -0.0738
vn -0.1499 -0.9789 -0.1392
vn -0.1778 -0.9828 -0.0506
vn -0.0016 -0.7328 0.6805
vn -0.0020 -0.5700 0.8216
vn -0.2071 -0.9780 -0.0257
vn -0.2147 -0.9694 0.1191
vn -0.9995 0.0312 -0.0083
vn -0.9996 0.0284 -0.0044
vn -0.9933 0.0415 -0.1080
vn -0.0023 -0.3324 0.9431
vn -0.0024 -0.1446 0.9895
vn -0.1821 0.9221 -0.3414
vn -0.2647 0.8872 -0.3778
vn -0.1853 0.8636 -0.4689
vn -0.0973 0.9141 -0.3936
vn -0.6178 0.0655 -0.7836
vn -0.4474 0.0532 -0.8928
vn -0.4653 0.0531 -0.8836
vn -0.1995 0.8475 -0.4918
vn -0.1338 0.8918 -0.4322
vn -0.0024 -0.0469 0.9989
vn -0.0024 0.0096 1.0000
vn -0.8694 0.4003 -0.2896
vn -0.9453 0.0829 -0.3154
vn -0.1401 0.8979 -0.4174
vn -0.0181 0.8955 -0.4447
vn -0.1058 0.8518 -0.5131
vn -0.0134 0.9999 0.0041
vn -0.0112 0.9999 0.0055
vn -0.0428 0.9991 0.0005
vn -0.0308 0.9995 -0.0002
vn -0.0242 0.9997 0.0031
vn -0.0208 0.9998 0.0038
vn 0.0196 0.9998 -0.0014
vn -0.1122 0.7945 -0.5968
vn -0.1173 0.7737 -0.6226
vn -0.0757 0.7607 -0.6446
vn -0.1566 0.8105 -0.5644
vn -0.1733 0.0146 -0.9848
vn -0.1616 0.0102 -0.9868
vn -0.0251 0.9917 -0.1259
vn -0.0083 0.9996 -0.0264
vn -0.0036 0.9996 -0.0276
vn -0.0110 0.9914 -0.1301
vn 0.0068 0.9998 0.0194
vn 0.0033 0.9997 0.0234
vn -0.2952 0.0421 -0.9545
vn -0.3155 0.0445 -0.9479
vn -0.9998 -0.0194 -0.0030
vn -1.0000 0.0079 -0.0054
vn 0.1351 0.9746 -0.1785
vn 0.0377 0.9993 0.0001
vn 0.2373 0.9714 0.0006
vn 0.3444 0.9299 -0.1290
vn 0.1334 0.9748 0.1789
vn 0.3417 0.9308 0.1301
vn 0.5412 0.8389 0.0570
vn 0.5357 0.8444 0.0011
vn 0.5429 0.8380 -0.0550
vn 0.0336 0.9846 -0.1714
vn 0.0046 1.0000 0.0000
vn 0.0326 0.9846 0.1715
vn -0.0449 0.9990 -0.0052
vn -0.9997 0.0255 -0.0005
vn 0.0009 -0.9342 -0.3568
vn -0.2275 -0.9338 0.2761
vn 0.2875 0.9555 0.0668
vn 0.2467 0.9519 0.1815
vn 0.0097 0.9999 0.0139
vn 0.6034 0.7901 0.1081
vn 0.5433 0.7688 0.3373
vn 0.3708 0.6999 0.6105
vn 0.1888 0.9233 0.3343
vn 0.0158 0.9972 0.0738
vn 0.1595 0.6378 0.7535
vn 0.1598 0.5976 0.7857
vn 0.1455 0.9590 -0.2432
vn 0.2440 0.9548 -0.1700
vn 0.3746 0.7512 -0.5434
vn 0.5876 0.7429 -0.3207
vn 0.6442 0.7563 -0.1139
vn 0.3240 0.9432 -0.0738
vn 0.0627 0.9553 -0.2889
vn 0.1493 0.7499 -0.6445
vn 0.3151 0.9491 -0.0009
vn 0.6226 0.7825 -0.0051
vn 0.6417 0.7594 0.1079
vn 0.5081 0.8110 0.2899
vn 0.3035 0.8311 0.4660
vn 0.1127 0.8410 0.5292
vn 0.3178 0.8233 -0.4703
vn 0.5281 0.7966 -0.2942
vn 0.6553 0.7473 -0.1102
vn 0.1179 0.8392 -0.5308
vn 0.6659 0.7461 -0.0007
vn -0.9992 -0.0410 0.0043
vn -0.9992 -0.0390 0.0097
vn -0.4080 -0.8756 0.2584
vn -0.4239 -0.8949 0.1394
vn -0.9963 0.0508 -0.0696
vn -0.9962 0.0412 -0.0764
vn -0.9965 0.0615 -0.0558
vn -0.1784 0.5833 -0.7925
vn -0.1864 0.7020 -0.6873
vn -0.2061 0.4726 -0.8568
vn -0.0139 0.9996 -0.0237
vn -0.0399 0.9920 -0.1198
vn -0.9951 0.0925 -0.0354
vn -0.9853 0.1694 -0.0211
vn -0.2349 0.8095 -0.5381
vn -0.2748 0.8841 -0.3780
vn -0.9966 0.0263 -0.0783
vn -0.9967 0.0090 -0.0804
vn -0.2385 0.2948 -0.9253
vn -0.2482 0.0928 -0.9643
vn -0.9965 -0.0010 -0.0832
vn -0.9961 -0.0143 -0.0873
vn -0.2405 -0.0225 -0.9704
vn -0.2266 -0.1840 -0.9565
vn -0.9954 -0.0439 -0.0846
vn -0.9948 -0.0760 -0.0681
vn -0.2100 -0.4859 -0.8484
vn -0.1960 -0.7484 -0.6337
vn -0.9955 -0.0848 -0.0421
vn -0.9969 -0.0750 -0.0219
vn -0.2067 -0.8768 -0.4342
vn -0.2441 -0.9294 -0.2770
vn -0.9979 -0.0639 -0.0094
vn -0.9985 -0.0545 -0.0028
vn -0.2955 -0.9451 -0.1393
vn -0.3503 -0.9355 -0.0464
vn -0.9989 -0.0463 -0.0007
vn -0.4082 -0.9127 -0.0207
vn -0.1382 0.9356 -0.3248
vn -0.2406 0.9284 -0.2831
vn -0.6635 0.7105 -0.2342
vn -0.9564 0.2886 -0.0459
vn -0.0284 0.9368 -0.3487
vn -0.0132 0.9749 -0.2223
vn -0.0303 0.9759 -0.2161
vn -0.1837 0.9477 -0.2610
vn -0.0992 0.9744 -0.2017
vn -0.0725 0.9771 -0.2000
vn -0.0513 0.9768 -0.2080
vn -0.0341 0.7617 -0.6470
vn -0.0743 0.0092 0.9972
vn -0.0199 0.0289 0.9994
vn 0.0150 0.0289 0.9995
vn -0.2319 0.0527 0.9713
vn -0.0024 0.0581 0.9983
vn 0.2272 0.0527 0.9724
vn 0.0695 0.0091 0.9975
vn -0.2788 0.0317 0.9598
vn -0.2462 0.0908 0.9650
vn -0.2431 0.0938 0.9655
vn -0.1153 0.0683 0.9910
vn 0.1105 0.0683 0.9915
vn 0.0506 0.0721 0.9961
vn -0.0555 0.0721 0.9959
vn 0.2384 0.0938 0.9666
vn 0.2741 0.0317 0.9612
vn 0.2415 0.0908 0.9662
s 1
f 4211/4542/4803 4212/4543/4804 4213/4544/4805 4214/4545/4806
f 4215/4546/4807 4216/4547/4808 4217/4548/4809 4218/4549/4810
f 4219/4550/4811 4220/4551/4812 4221/4552/4813 4222/4553/4814
f 4223/4554/4815 4224/4555/4816 4225/4556/4817 4226/4557/4818
f 4227/4558/4819 4228/4559/4820 4229/4560/4821 4230/4561/4822
f 4231/4562/4823 4232/4563/4824 4233/4564/4825 4234/4565/4826
f 4235/4566/4827 4236/4567/4828 4228/4559/4820 4227/4558/4819
f 4237/4568/4829 4238/4569/4830 4239/4570/4831 4240/4571/4832
f 4213/4544/4805 4212/4543/4804 4232/4563/4824 4231/4562/4823
f 4241/4572/4833 4242/4573/4834 4216/4547/4808 4215/4546/4807
f 4230/4561/4822 4229/4560/4821 4238/4569/4830 4237/4568/4829
f 4219/4550/4811 4243/4574/4835 4244/4575/4836 4220/4551/4812
f 4234/4565/4826 4233/4564/4825 4242/4573/4834 4241/4572/4833
f 4245/4576/4837 4246/4577/4838 4247/4578/4839 4248/4579/4840
f 4244/4575/4836 4243/4574/4835 4249/4580/4841 4250/4581/4842
f 4251/4582/4843 4252/4583/4844 4253/4584/4845 4254/4585/4846
f 4240/4571/4832 4239/4570/4831 4255/4586/4847 4256/4587/4848
f 4257/4588/4849 4258/4589/4850 4243/4574/4835 4219/4550/4811
f 4259/4590/4851 4260/4591/4852 4261/4592/4853 4262/4593/4854
f 4261/4592/4853 4263/4594/4855 4264/4595/4856 4265/4596/4857
f 4258/4589/4850 4266/4597/4858 4249/4580/4841 4243/4574/4835
f 4262/4593/4854 4261/4592/4853 4265/4596/4857 4267/4598/4859
f 4268/4599/4860 4269/4600/4861 4270/4601/4862
f 4271/4602/4863 4272/4603/4864 4273/4604/4865 4274/4605/4866
f 4222/4553/4814 4221/4552/4813 4252/4583/4844 4251/4582/4843
f 4275/4606/4867 4253/4584/4867 4252/4583/4868 4276/4607/4868
f 4277/4608/4869 4278/4609/4870 4279/4610/4871
f 4278/4609/4870 4280/4611/4872 4281/4612/4873
f 4282/4613/4874 4283/4614/4875 4284/4615/4876 4285/4616/4877
f 4286/4617/4878 4282/4613/4874 4285/4616/4877 4287/4618/4879
f 4288/4619/4880 4289/4620/4881 4290/4621/4882 4291/4622/4883
f 4264/4595/4884 4292/4623/4885 4293/4624/4886
f 4294/4625/4887 4295/4626/4888 4296/4627/4889 4292/4623/4890
f 4297/4628/4891 4298/4629/4892 4299/4630/4893 4300/4631/4894
f 4301/4632/4895 4302/4633/4896 4296/4627/4889 4295/4626/4888
f 4303/4634/4897 4293/4624/4886 4296/4627/4898 4302/4633/4899
f 4304/4635/4900 4292/4623/4885 4264/4595/4884 4263/4594/4901
f 4305/4636/4902 4306/4637/4903 4307/4638/4904
f 4306/4637/4903 4277/4608/4869 4283/4614/4875
f 4308/4639/4905 4307/4638/4904 4309/4640/4906 4310/4641/4907
f 4311/4642/4908 4308/4639/4905 4310/4641/4907 4312/4643/4909
f 4313/4644/4910 4314/4645/4911 4315/4646/4912 4316/4647/4913
f 4258/4589/4914 4317/4648/4915 4318/4649/4916 4266/4597/4917
f 4260/4591/4852 4259/4590/4851 4319/4650/4918 4317/4648/4915
f 4317/4648/4915 4319/4650/4918 4320/4651/4919 4318/4649/4916
f 4321/4652/4920 4313/4644/4910 4316/4647/4913 4322/4653/4921
f 4287/4618/4879 4323/4654/4922 4324/4655/4923 4325/4656/4924
f 4296/4627/4898 4293/4624/4886 4292/4623/4885
f 4326/4657/4925 4327/4658/4926 4324/4655/4927 4323/4654/4928
f 4325/4656/4924 4324/4655/4923 4328/4659/4929 4309/4640/4906
f 4266/4597/4858 4329/4660/4930 4330/4661/4931 4249/4580/4841
f 4331/4662/4932 4303/4634/4897 4302/4633/4899 4328/4659/4933
f 4332/4663/4934 4333/4664/4935 4334/4665/4936 4335/4666/4937
f 4333/4664/4935 4336/4667/4938 4337/4668/4939 4334/4665/4936
f 4334/4665/4936 4337/4668/4939 4338/4669/4940 4339/4670/4941
f 4335/4666/4937 4334/4665/4936 4339/4670/4941 4340/4671/4942
f 4279/4610/4871 4278/4609/4870 4281/4612/4873
f 4279/4610/4871 4341/4672/4943 4277/4608/4869
f 4342/4673/4944 4286/4617/4878 4287/4618/4879 4325/4656/4924
f 4307/4638/4904 4342/4673/4944 4325/4656/4924 4309/4640/4906
f 4343/4674/4945 4344/4675/4946 4345/4676/4947
f 4301/4632/4895 4309/4640/4906 4328/4659/4929 4302/4633/4896
f 4324/4655/4927 4327/4658/4926 4331/4662/4932 4328/4659/4933
f 4277/4608/4869 4306/4637/4903 4346/4677/4948 4347/4678/4949
f 4256/4587/4848 4255/4586/4847 4348/4679/4950 4349/4680/4951
f 4254/4585/4846 4253/4584/4845 4211/4542/4803 4214/4545/4806
f 4350/4681/4952 4351/4682/4953 4352/4683/4954 4353/4684/4955
f 4351/4682/4953 4354/4685/4956 4355/4686/4957 4352/4683/4954
f 4352/4683/4954 4355/4686/4957 4356/4687/4958 4357/4688/4959
f 4353/4684/4955 4352/4683/4954 4357/4688/4959 4358/4689/4960
f 4350/4681/4952 4353/4684/4955 4359/4690/4961 4360/4691/4962
f 4353/4684/4955 4358/4689/4960 4361/4692/4963 4359/4690/4961
f 4359/4690/4961 4361/4692/4963 4362/4693/4964 4363/4694/4965
f 4360/4691/4962 4359/4690/4961 4363/4694/4965 4364/4695/4966
f 4365/4696/4967 4315/4646/4912 4314/4645/4911 4366/4697/4968
f 4343/4674/4945 4367/4698/4969 4368/4699/4970
f 4369/4700/4971 4348/4679/4971 4255/4586/4972 4370/4701/4972
f 4329/4660/4973 4371/4702/4974 4313/4644/4910 4321/4652/4920
f 4318/4649/4916 4320/4651/4919 4343/4674/4945 4371/4702/4974
f 4371/4702/4974 4343/4674/4945 4314/4645/4911 4313/4644/4910
f 4257/4588/4975 4260/4591/4852 4317/4648/4915 4258/4589/4914
f 4343/4674/4945 4345/4676/4947 4367/4698/4969
f 4372/4703/4976 4373/4704/4977 4270/4601/4862
f 4321/4652/4978 4322/4653/4979 4224/4555/4816 4223/4554/4815
f 4273/4604/4865 4272/4603/4864 4374/4705/4980 4375/4706/4981
f 4218/4549/4810 4217/4548/4809 4236/4567/4828 4235/4566/4827
f 4376/4707/4982 4377/4708/4983 4221/4552/4983 4220/4551/4982
f 4378/4709/4984 4379/4710/4985 4380/4711/4986 4381/4712/4987
f 4349/4680/4951 4348/4679/4950 4245/4576/4837 4248/4579/4840
f 4259/4590/4851 4382/4713/4988 4383/4714/4989 4384/4715/4990
f 4382/4713/4988 4340/4671/4942 4385/4716/4991 4383/4714/4989
f 4383/4714/4989 4385/4716/4991 4386/4717/4992 4387/4718/4993
f 4384/4715/4990 4383/4714/4989 4387/4718/4993 4388/4719/4994
f 4340/4671/4942 4339/4670/4941 4389/4720/4995 4385/4716/4991
f 4339/4670/4941 4338/4669/4940 4390/4721/4996 4389/4720/4995
f 4389/4720/4997 4390/4721/4998 4391/4722/4999 4392/4723/5000
f 4385/4716/4991 4389/4720/4997 4392/4723/5000 4386/4717/4992
f 4345/4676/4947 4344/4675/4946 4393/4724/5001 4394/4725/5002
f 4344/4675/4946 4320/4651/4919 4395/4726/5003 4393/4724/5001
f 4393/4724/5001 4395/4726/5003 4396/4727/5004 4397/4728/5005
f 4394/4725/5002 4393/4724/5001 4397/4728/5005 4398/4729/5006
f 4368/4699/4970 4367/4698/4969 4399/4730/5007 4400/4731/5008
f 4367/4698/4969 4345/4676/4947 4394/4725/5002 4399/4730/5007
f 4399/4730/5007 4394/4725/5002 4398/4729/5006 4401/4732/5009
f 4400/4731/5008 4399/4730/5007 4401/4732/5009 4402/4733/5010
f 4320/4651/4919 4319/4650/4918 4403/4734/5011 4395/4726/5003
f 4319/4650/4918 4259/4590/4851 4384/4715/4990 4403/4734/5011
f 4403/4734/5011 4384/4715/4990 4388/4719/4994 4404/4735/5012
f 4395/4726/5003 4403/4734/5011 4404/4735/5012 4396/4727/5004
f 4388/4719/4994 4387/4718/4993 4405/4736/5013 4406/4737/5014
f 4387/4718/4993 4386/4717/4992 4407/4738/5015 4405/4736/5013
f 4405/4736/5013 4407/4738/5015 4358/4689/4960 4357/4688/4959
f 4406/4737/5014 4405/4736/5013 4357/4688/4959 4356/4687/4958
f 4386/4717/4992 4392/4723/5000 4408/4739/5016 4407/4738/5015
f 4392/4723/5000 4391/4722/4999 4409/4740/5017 4408/4739/5016
f 4408/4739/5016 4409/4740/5017 4362/4693/4964 4361/4692/4963
f 4407/4738/5015 4408/4739/5016 4361/4692/4963 4358/4689/4960
f 4398/4729/5006 4397/4728/5005 4410/4741/5018 4411/4742/5019
f 4397/4728/5005 4396/4727/5004 4412/4743/5020 4410/4741/5018
f 4410/4741/5018 4412/4743/5020 4354/4685/4956 4351/4682/4953
f 4411/4742/5019 4410/4741/5018 4351/4682/4953 4350/4681/4952
f 4402/4733/5010 4401/4732/5009 4413/4744/5021 4414/4745/5022
f 4401/4732/5009 4398/4729/5006 4411/4742/5019 4413/4744/5021
f 4413/4744/5021 4411/4742/5019 4350/4681/4952 4360/4691/4962
f 4414/4745/5022 4413/4744/5021 4360/4691/4962 4364/4695/4966
f 4396/4727/5004 4404/4735/5012 4415/4746/5023 4412/4743/5020
f 4404/4735/5012 4388/4719/4994 4406/4737/5014 4415/4746/5023
f 4415/4746/5023 4406/4737/5014 4356/4687/4958 4355/4686/4957
f 4412/4743/5020 4415/4746/5023 4355/4686/4957 4354/4685/4956
f 4416/4747/5024 4417/4748/5025 4418/4749/5026 4419/4750/5027
f 4247/4578/4839 4416/4747/5028 4419/4750/5029 4248/4579/4840
f 4231/4562/4823 4420/4751/5030 4421/4752/5031 4213/4544/4805
f 4420/4751/5032 4346/4677/4948 4306/4637/4903 4421/4752/5033
f 4421/4752/5033 4306/4637/4903 4305/4636/4902 4422/4753/5034
f 4213/4544/4805 4421/4752/5031 4422/4753/5035 4214/4545/4806
f 4267/4598/4859 4423/4754/5036 4424/4755/5037 4262/4593/4854
f 4423/4754/5036 4332/4663/4934 4335/4666/4937 4424/4755/5037
f 4424/4755/5037 4335/4666/4937 4340/4671/4942 4382/4713/4988
f 4262/4593/4854 4424/4755/5037 4382/4713/4988 4259/4590/4851
f 4214/4545/4806 4422/4753/5035 4425/4756/5038 4254/4585/4846
f 4422/4753/5034 4305/4636/4902 4311/4642/4908 4425/4756/5039
f 4425/4756/5039 4311/4642/4908 4312/4643/4909 4426/4757/5040
f 4254/4585/4846 4425/4756/5038 4426/4757/5041 4251/4582/4843
f 4241/4572/4833 4427/4758/5042 4428/4759/5043 4234/4565/4826
f 4427/4758/5044 4290/4621/4882 4289/4620/4881 4428/4759/5045
f 4428/4759/5045 4289/4620/4881 4346/4677/4948 4420/4751/5032
f 4234/4565/4826 4428/4759/5043 4420/4751/5030 4231/4562/4823
f 4218/4549/4810 4429/4760/5046 4430/4761/5047 4215/4546/4807
f 4429/4760/5048 4431/4762/5049 4432/4763/5050 4430/4761/5051
f 4430/4761/5051 4432/4763/5050 4290/4621/4882 4427/4758/5044
f 4215/4546/4807 4430/4761/5047 4427/4758/5042 4241/4572/4833
f 4227/4558/4819 4433/4764/5052 4434/4765/5053 4235/4566/4827
f 4433/4764/5054 4435/4766/5055 4436/4767/5056 4434/4765/5057
f 4434/4765/5057 4436/4767/5056 4431/4762/5049 4429/4760/5048
f 4235/4566/4827 4434/4765/5053 4429/4760/5046 4218/4549/4810
f 4237/4568/4829 4437/4768/5058 4438/4769/5059 4230/4561/4822
f 4437/4768/5060 4439/4770/5061 4440/4771/5062 4438/4769/5063
f 4438/4769/5063 4440/4771/5062 4435/4766/5055 4433/4764/5054
f 4230/4561/4822 4438/4769/5059 4433/4764/5052 4227/4558/4819
f 4256/4587/4848 4441/4772/5064 4442/4773/5065 4240/4571/4832
f 4441/4772/5066 4443/4774/5067 4444/4775/5068 4442/4773/5069
f 4442/4773/5069 4444/4775/5068 4439/4770/5061 4437/4768/5060
f 4240/4571/4832 4442/4773/5065 4437/4768/5058 4237/4568/4829
f 4248/4579/4840 4419/4750/5029 4445/4776/5070 4349/4680/4951
f 4419/4750/5027 4418/4749/5026 4446/4777/5071 4445/4776/5072
f 4445/4776/5072 4446/4777/5071 4443/4774/5067 4441/4772/5066
f 4349/4680/4951 4445/4776/5070 4441/4772/5064 4256/4587/4848
f 4294/4625/4887 4447/4778/5073 4448/4779/5074 4449/4780/5075
f 4447/4778/5073 4219/4550/4811 4222/4553/4814 4448/4779/5076
f 4448/4779/5076 4222/4553/4814 4251/4582/4843 4426/4757/5041
f 4449/4780/5075 4448/4779/5074 4426/4757/5040 4312/4643/4909
f 4309/4640/4906 4301/4632/4895 4450/4781/5077 4310/4641/4907
f 4301/4632/4895 4295/4626/4888 4450/4781/5077
f 4450/4781/5077 4295/4626/4888 4294/4625/4887 4449/4780/5075
f 4310/4641/4907 4450/4781/5077 4449/4780/5075 4312/4643/4909
f 4451/4782/5078 4336/4667/4938 4333/4664/4935 4452/4783/5079
f 4453/4784/5080 4451/4782/5080 4452/4783/5081 4454/4785/5082
f 4452/4783/5079 4333/4664/4935 4332/4663/4934 4326/4657/5083
f 4331/4662/5084 4267/4598/4859 4265/4596/4857 4303/4634/5085
f 4265/4596/4857 4264/4595/4856 4293/4624/5086 4303/4634/5085
f 4257/4588/4975 4263/4594/4855 4261/4592/4853 4260/4591/4852
f 4332/4663/4934 4423/4754/5036 4327/4658/5087 4326/4657/5083
f 4327/4658/5087 4423/4754/5036 4267/4598/4859 4331/4662/5084
f 4304/4635/4900 4263/4594/4901 4257/4588/4849 4219/4550/4811
f 4284/4615/4876 4453/4784/5088 4454/4785/5089 4285/4616/4877
f 4285/4616/4877 4454/4785/5089 4323/4654/4922 4287/4618/4879
f 4250/4581/4842 4249/4580/4841 4330/4661/4931 4455/4786/5090
f 4219/4550/4811 4447/4778/5073 4304/4635/4900
f 4447/4778/5073 4294/4625/4887 4292/4623/4890 4304/4635/4900
f 4456/4787/5091 4457/4788/5092 4458/4789/5093 4459/4790/5094
f 4460/4791/5095 4461/4792/5096 4379/4710/4985 4378/4709/4984
f 4462/4793/5097 4463/4794/5098 4271/4602/4863 4274/4605/4866
f 4464/4795/5099 4465/4796/5100 4466/4797/5101 4467/4798/5102
f 4468/4799/5103 4377/4708/5104 4376/4707/5105 4469/4800/5106
f 4470/4801/5107 4471/4802/5108 4461/4792/5096 4460/4791/5095
f 4472/4803/5109 4473/4804/5110 4471/4802/5108 4470/4801/5107
f 4474/4805/5111 4475/4806/5112 4465/4796/5100 4464/4795/5099
f 4476/4807/5113 4477/4808/5114 4475/4806/5112 4474/4805/5111
f 4478/4809/5115 4479/4810/5116 4473/4804/5110 4472/4803/5109
f 4480/4811/5117 4481/4812/5118 4479/4810/5116 4478/4809/5115
f 4482/4813/5119 4483/4814/5120 4477/4808/5114 4476/4807/5113
f 4381/4712/4987 4380/4711/4986 4483/4814/5120 4482/4813/5119
f 4375/4706/4981 4374/4705/4980 4484/4815/5121 4485/4816/5122
f 4485/4816/5122 4484/4815/5121 4469/4800/5106 4376/4707/5105
f 4486/4817/5123 4370/4701/5124 4481/4812/5118 4480/4811/5117
f 4487/4818/5125 4488/4819/5126 4489/4820/5127 4490/4821/5128
f 4491/4822/5129 4276/4607/5130 4377/4708/5104 4468/4799/5103
f 4492/4823/5131 4493/4824/5132 4494/4825/5133
f 4495/4826/5134 4496/4827/5135 4497/4828/5136 4498/4829/5137
f 4496/4827/5135 4499/4830/5138 4500/4831/5139 4497/4828/5136
f 4297/4628/5140 4501/4832/5141 4484/4815/5121 4374/4705/4980
f 4500/4831/5139 4492/4823/5142 4502/4833/5143 4497/4828/5136
f 4270/4601/4862 4368/4699/4970 4268/4599/4860
f 4503/4834/5144 4275/4606/5145 4276/4607/5130 4491/4822/5129
f 4466/4797/5101 4275/4606/5145 4503/4834/5144 4467/4798/5102
f 4286/4617/4878 4342/4673/4944 4306/4637/4903
f 4504/4835/5146 4505/4836/5147 4506/4837/5148 4507/4838/5149
f 4507/4838/5149 4506/4837/5148 4284/4615/4876 4283/4614/4875
f 4342/4673/4944 4307/4638/4904 4306/4637/4903
f 4377/4708/4983 4276/4607/4868 4252/4583/4868 4221/4552/4983
f 4379/4710/5150 4461/4792/5151 4236/4567/5151 4217/4548/5150
f 4347/4678/4949 4346/4677/4948 4289/4620/4881 4288/4619/4880
f 4508/4839/5152 4432/4763/5050 4431/4762/5049 4509/4840/5153
f 4461/4792/5151 4471/4802/5154 4228/4559/5154 4236/4567/5151
f 4471/4802/5154 4473/4804/5155 4229/4560/5155 4228/4559/5154
f 4291/4622/4883 4290/4621/4882 4432/4763/5050 4508/4839/5152
f 4510/4841/5156 4436/4767/5056 4435/4766/5055 4511/4842/5157
f 4473/4804/5155 4479/4810/5158 4238/4569/5158 4229/4560/5155
f 4479/4810/5158 4481/4812/5159 4239/4570/5159 4238/4569/5158
f 4481/4812/5159 4370/4701/4972 4255/4586/4972 4239/4570/5159
f 4274/4605/5160 4273/4604/5161 4455/4786/5161 4226/4557/5160
f 4509/4840/5153 4431/4762/5049 4436/4767/5056 4510/4841/5156
f 4512/4843/5162 4440/4771/5062 4439/4770/5061 4513/4844/5163
f 4273/4604/5161 4375/4706/5164 4250/4581/5164 4455/4786/5161
f 4489/4820/5165 4488/4819/5166 4246/4577/5166 4245/4576/5165
f 4375/4706/5164 4485/4816/5167 4244/4575/5167 4250/4581/5164
f 4511/4842/5157 4435/4766/5055 4440/4771/5062 4512/4843/5162
f 4514/4845/5168 4444/4775/5068 4443/4774/5067 4515/4846/5169
f 4485/4816/5167 4376/4707/4982 4220/4551/4982 4244/4575/5167
f 4466/4797/5170 4465/4796/5171 4212/4543/5171 4211/4542/5170
f 4513/4844/5163 4439/4770/5061 4444/4775/5068 4514/4845/5168
f 4516/4847/5172 4446/4777/5071 4418/4749/5026 4517/4848/5173
f 4518/4849/5174 4519/4850/5175 4271/4602/4863 4463/4794/5098
f 4501/4832/5141 4520/4851/5176 4469/4800/5106 4484/4815/5121
f 4465/4796/5171 4475/4806/5177 4232/4563/5177 4212/4543/5171
f 4475/4806/5177 4477/4808/5178 4233/4564/5178 4232/4563/5177
f 4521/4852/5179 4494/4825/5180 4522/4853/5181 4523/4854/5182
f 4522/4853/5183 4493/4824/5132 4524/4855/5184 4525/4856/5185
f 4522/4853/5181 4525/4856/5186 4526/4857/5187 4523/4854/5182
f 4269/4600/4861 4372/4703/4976 4270/4601/4862
f 4477/4808/5178 4483/4814/5188 4242/4573/5188 4233/4564/5178
f 4483/4814/5188 4380/4711/5189 4216/4547/5189 4242/4573/5188
f 4329/4660/4930 4321/4652/4978 4223/4554/4815 4330/4661/4931
f 4527/4858/5190 4502/4833/5191 4492/4823/5131 4494/4825/5133
f 4380/4711/5189 4379/4710/5150 4217/4548/5150 4216/4547/5189
f 4515/4846/5169 4443/4774/5067 4446/4777/5071 4516/4847/5172
f 4282/4613/4874 4286/4617/4878 4306/4637/4903
f 4280/4611/4872 4528/4859/5192 4529/4860/5193 4281/4612/4873
f 4281/4612/4873 4529/4860/5193 4530/4861/5194 4279/4610/4871
f 4507/4838/5149 4283/4614/4875 4277/4608/4869
f 4531/4862/5195 4532/4863/5196 4365/4696/4967 4366/4697/4968
f 4501/4832/5197 4297/4628/4891 4300/4631/4894 4533/4864/5198
f 4519/4850/5199 4518/4849/5200 4532/4863/5196 4531/4862/5195
f 4533/4864/5198 4300/4631/4894 4373/4704/4977 4534/4865/5201
f 4498/4829/5137 4533/4864/5198 4534/4865/5201 4495/4826/5134
f 4505/4836/5147 4535/4866/5202 4536/4867/5203 4457/4788/5204
f 4535/4866/5202 4530/4861/5194 4537/4868/5205 4536/4867/5203
f 4536/4867/5206 4538/4869/5207 4458/4789/5093 4457/4788/5092
f 4494/4825/5133 4493/4824/5132 4522/4853/5183
f 4453/4784/5080 4456/4787/5091 4459/4790/5094 4451/4782/5080
f 4469/4800/5106 4520/4851/5176 4502/4833/5191 4527/4858/5190
f 4539/4870/5208 4540/4871/5209 4541/4872/5210 4542/4873/5211
f 4540/4871/5209 4543/4874/5212 4544/4875/5213 4541/4872/5210
f 4541/4872/5210 4544/4875/5213 4338/4669/4940 4337/4668/4939
f 4542/4873/5211 4541/4872/5210 4337/4668/4939 4336/4667/4938
f 4307/4638/4904 4308/4639/4905 4305/4636/4902
f 4279/4610/4871 4530/4861/5194 4535/4866/5202 4341/4672/4943
f 4341/4672/4943 4535/4866/5202 4505/4836/5147 4504/4835/5146
f 4308/4639/4905 4311/4642/4908 4305/4636/4902
f 4343/4674/4945 4320/4651/4919 4344/4675/4946
f 4545/4876/5214 4538/4869/5207 4536/4867/5206 4537/4868/5215
f 4526/4857/5187 4525/4856/5186 4537/4868/5205 4530/4861/5194
f 4504/4835/5146 4507/4838/5149 4277/4608/4869
f 4546/4877/5216 4369/4700/5217 4370/4701/5124 4486/4817/5123
f 4547/4878/5218 4548/4879/5219 4549/4880/5220 4550/4881/5221
f 4548/4879/5219 4551/4882/5222 4552/4883/5223 4549/4880/5220
f 4549/4880/5220 4552/4883/5223 4553/4884/5224 4554/4885/5225
f 4550/4881/5221 4549/4880/5220 4554/4885/5225 4555/4886/5226
f 4547/4878/5218 4556/4887/5227 4557/4888/5228 4548/4879/5219
f 4556/4887/5227 4364/4695/4966 4363/4694/4965 4557/4888/5228
f 4557/4888/5228 4363/4694/4965 4362/4693/4964 4558/4889/5229
f 4548/4879/5219 4557/4888/5228 4558/4889/5229 4551/4882/5222
f 4270/4601/4862 4366/4697/4968 4314/4645/4911 4343/4674/4945
f 4298/4629/4892 4519/4850/5199 4531/4862/5195 4299/4630/4893
f 4520/4851/5230 4501/4832/5197 4533/4864/5198 4498/4829/5137
f 4299/4630/4893 4531/4862/5195 4366/4697/4968 4270/4601/4862
f 4300/4631/4894 4299/4630/4893 4270/4601/4862 4373/4704/4977
f 4466/4797/5170 4211/4542/5170 4253/4584/4867 4275/4606/4867
f 4270/4601/4862 4343/4674/4945 4368/4699/4970
f 4298/4629/5231 4297/4628/5140 4374/4705/4980 4272/4603/4864
f 4489/4820/5127 4369/4700/5217 4546/4877/5216 4490/4821/5128
f 4489/4820/5165 4245/4576/5165 4348/4679/4971 4369/4700/4971
f 4274/4605/5160 4226/4557/5160 4225/4556/5232 4462/4793/5232
f 4517/4848/5173 4418/4749/5026 4417/4748/5025 4559/4890/5233
f 4495/4826/5134 4560/4891/5234 4561/4892/5235 4562/4893/5236
f 4560/4891/5234 4563/4894/5237 4564/4895/5238 4561/4892/5235
f 4561/4892/5235 4564/4895/5238 4565/4896/5239 4566/4897/5240
f 4562/4893/5236 4561/4892/5235 4566/4897/5240 4543/4874/5212
f 4543/4874/5212 4566/4897/5240 4567/4898/5241 4544/4875/5213
f 4566/4897/5240 4565/4896/5239 4568/4899/5242 4567/4898/5243
f 4567/4898/5243 4568/4899/5242 4391/4722/4999 4390/4721/4998
f 4544/4875/5213 4567/4898/5241 4390/4721/4996 4338/4669/4940
f 4269/4600/4861 4569/4900/5244 4570/4901/5245 4372/4703/4976
f 4569/4900/5244 4571/4902/5246 4572/4903/5247 4570/4901/5245
f 4570/4901/5245 4572/4903/5247 4573/4904/5248 4574/4905/5249
f 4372/4703/4976 4570/4901/5245 4574/4905/5249 4373/4704/4977
f 4368/4699/4970 4400/4731/5008 4575/4906/5250 4268/4599/4860
f 4400/4731/5008 4402/4733/5010 4576/4907/5251 4575/4906/5250
f 4575/4906/5250 4576/4907/5251 4571/4902/5246 4569/4900/5244
f 4268/4599/4860 4575/4906/5250 4569/4900/5244 4269/4600/4861
f 4373/4704/4977 4574/4905/5249 4577/4908/5252 4534/4865/5201
f 4574/4905/5249 4573/4904/5248 4578/4909/5253 4577/4908/5252
f 4577/4908/5252 4578/4909/5253 4563/4894/5237 4560/4891/5234
f 4534/4865/5201 4577/4908/5252 4560/4891/5234 4495/4826/5134
f 4563/4894/5237 4579/4910/5254 4580/4911/5255 4564/4895/5238
f 4579/4910/5254 4553/4884/5224 4552/4883/5223 4580/4911/5255
f 4580/4911/5255 4552/4883/5223 4551/4882/5222 4581/4912/5256
f 4564/4895/5238 4580/4911/5255 4581/4912/5256 4565/4896/5239
f 4565/4896/5239 4581/4912/5256 4582/4913/5257 4568/4899/5242
f 4581/4912/5256 4551/4882/5222 4558/4889/5229 4582/4913/5257
f 4582/4913/5257 4558/4889/5229 4362/4693/4964 4409/4740/5017
f 4568/4899/5242 4582/4913/5257 4409/4740/5017 4391/4722/4999
f 4571/4902/5246 4583/4914/5258 4584/4915/5259 4572/4903/5247
f 4583/4914/5258 4547/4878/5218 4550/4881/5221 4584/4915/5259
f 4584/4915/5259 4550/4881/5221 4555/4886/5226 4585/4916/5260
f 4572/4903/5247 4584/4915/5259 4585/4916/5260 4573/4904/5248
f 4402/4733/5010 4414/4745/5022 4586/4917/5261 4576/4907/5251
f 4414/4745/5022 4364/4695/4966 4556/4887/5227 4586/4917/5261
f 4586/4917/5261 4556/4887/5227 4547/4878/5218 4583/4914/5258
f 4576/4907/5251 4586/4917/5261 4583/4914/5258 4571/4902/5246
f 4573/4904/5248 4585/4916/5260 4587/4918/5262 4578/4909/5253
f 4585/4916/5260 4555/4886/5226 4554/4885/5225 4587/4918/5262
f 4587/4918/5262 4554/4885/5225 4553/4884/5224 4579/4910/5254
f 4578/4909/5253 4587/4918/5262 4579/4910/5254 4563/4894/5237
f 4487/4818/5125 4490/4821/5128 4588/4919/5263 4589/4920/5264
f 4589/4920/5265 4588/4919/5266 4517/4848/5173 4559/4890/5233
f 4474/4805/5111 4464/4795/5099 4590/4921/5267 4591/4922/5268
f 4464/4795/5099 4467/4798/5102 4592/4923/5269 4590/4921/5267
f 4590/4921/5270 4592/4923/5271 4278/4609/4870 4277/4608/4869
f 4591/4922/5272 4590/4921/5270 4277/4608/4869 4347/4678/4949
f 4499/4830/5138 4496/4827/5135 4593/4924/5273 4594/4925/5274
f 4496/4827/5135 4495/4826/5134 4562/4893/5236 4593/4924/5273
f 4593/4924/5273 4562/4893/5236 4543/4874/5212 4540/4871/5209
f 4594/4925/5274 4593/4924/5273 4540/4871/5209 4539/4870/5208
f 4467/4798/5102 4503/4834/5144 4595/4926/5275 4592/4923/5269
f 4503/4834/5144 4491/4822/5129 4596/4927/5276 4595/4926/5275
f 4595/4926/5277 4596/4927/5278 4528/4859/5192 4280/4611/4872
f 4592/4923/5271 4595/4926/5277 4280/4611/4872 4278/4609/4870
f 4482/4813/5119 4476/4807/5113 4597/4928/5279 4598/4929/5280
f 4476/4807/5113 4474/4805/5111 4591/4922/5268 4597/4928/5279
f 4597/4928/5281 4591/4922/5272 4347/4678/4949 4288/4619/4880
f 4598/4929/5282 4597/4928/5281 4288/4619/4880 4291/4622/4883
f 4378/4709/4984 4381/4712/4987 4599/4930/5283 4600/4931/5284
f 4381/4712/4987 4482/4813/5119 4598/4929/5280 4599/4930/5283
f 4599/4930/5285 4598/4929/5282 4291/4622/4883 4508/4839/5152
f 4600/4931/5286 4599/4930/5285 4508/4839/5152 4509/4840/5153
f 4470/4801/5107 4460/4791/5095 4601/4932/5287 4602/4933/5288
f 4460/4791/5095 4378/4709/4984 4600/4931/5284 4601/4932/5287
f 4601/4932/5289 4600/4931/5286 4509/4840/5153 4510/4841/5156
f 4602/4933/5290 4601/4932/5289 4510/4841/5156 4511/4842/5157
f 4478/4809/5115 4472/4803/5109 4603/4934/5291 4604/4935/5292
f 4472/4803/5109 4470/4801/5107 4602/4933/5288 4603/4934/5291
f 4603/4934/5293 4602/4933/5290 4511/4842/5157 4512/4843/5162
f 4604/4935/5294 4603/4934/5293 4512/4843/5162 4513/4844/5163
f 4486/4817/5123 4480/4811/5117 4605/4936/5295 4606/4937/5296
f 4480/4811/5117 4478/4809/5115 4604/4935/5292 4605/4936/5295
f 4605/4936/5297 4604/4935/5294 4513/4844/5163 4514/4845/5168
f 4606/4937/5298 4605/4936/5297 4514/4845/5168 4515/4846/5169
f 4490/4821/5128 4546/4877/5216 4607/4938/5299 4588/4919/5263
f 4546/4877/5216 4486/4817/5123 4606/4937/5296 4607/4938/5299
f 4607/4938/5300 4606/4937/5298 4515/4846/5169 4516/4847/5172
f 4588/4919/5266 4607/4938/5300 4516/4847/5172 4517/4848/5173
f 4521/4852/5179 4608/4939/5301 4609/4940/5302 4610/4941/5303
f 4608/4939/5301 4528/4859/5192 4596/4927/5278 4609/4940/5302
f 4609/4940/5304 4596/4927/5276 4491/4822/5129 4468/4799/5103
f 4610/4941/5303 4609/4940/5304 4468/4799/5103 4469/4800/5106
f 4530/4861/5194 4529/4860/5193 4611/4942/5305 4526/4857/5187
f 4529/4860/5193 4528/4859/5192 4608/4939/5301 4611/4942/5305
f 4611/4942/5305 4608/4939/5301 4521/4852/5179 4523/4854/5182
f 4526/4857/5187 4611/4942/5305 4523/4854/5182
f 4525/4856/5185 4524/4855/5184 4545/4876/5214 4537/4868/5215
f 4539/4870/5208 4542/4873/5211 4459/4790/5306 4458/4789/5307
f 4459/4790/5306 4542/4873/5211 4336/4667/4938 4451/4782/5078
f 4493/4824/5308 4492/4823/5142 4500/4831/5139 4524/4855/5309
f 4497/4828/5136 4502/4833/5143 4520/4851/5230 4498/4829/5137
f 4524/4855/5309 4500/4831/5139 4499/4830/5138 4545/4876/5310
f 4545/4876/5310 4499/4830/5138 4594/4925/5274 4538/4869/5311
f 4538/4869/5311 4594/4925/5274 4539/4870/5208 4458/4789/5307
f 4284/4615/4876 4506/4837/5148 4456/4787/5312 4453/4784/5088
f 4506/4837/5148 4505/4836/5147 4457/4788/5204 4456/4787/5312
f 4469/4800/5106 4527/4858/5190 4610/4941/5303
f 4610/4941/5303 4527/4858/5190 4494/4825/5180 4521/4852/5179
f 4341/4672/4943 4504/4835/5146 4277/4608/4869
f 4306/4637/4903 4283/4614/4875 4282/4613/4874
f 4266/4597/4917 4318/4649/4916 4371/4702/4974 4329/4660/4973
f 4454/4785/5082 4452/4783/5081 4326/4657/4925 4323/4654/4928
f 4226/4557/4818 4455/4786/5090 4330/4661/4931 4223/4554/4815
f 4519/4850/5175 4298/4629/5231 4272/4603/4864 4271/4602/4863
f 4417/4748/5313 4247/4578/5314 4487/4818/5315
f 4417/4748/5313 4416/4747/5316 4247/4578/5314
f 4247/4578/5314 4246/4577/5317 4488/4819/5317
f 4488/4819/5317 4487/4818/5315 4247/4578/5314
f 4487/4818/5315 4589/4920/5318 4559/4890/5319
f 4417/4748/5313 4487/4818/5315 4559/4890/5319
f 4224/4555/5320 4322/4653/5321 4316/4647/5322
f 4316/4647/5322 4315/4646/5323 4224/4555/5320
f 4315/4646/5323 4365/4696/5324 4462/4793/5325
f 4224/4555/5320 4315/4646/5323 4225/4556/5326
f 4365/4696/5324 4532/4863/5327 4463/4794/5328
f 4532/4863/5327 4518/4849/5329 4463/4794/5328
f 4463/4794/5328 4462/4793/5325 4365/4696/5324
f 4462/4793/5325 4225/4556/5326 4315/4646/5323
o print
v -11.482347 -5.277982 -18.849117
v -11.907270 -5.277982 -15.680837
v -11.907265 21.737242 -15.680837
v -11.482344 21.737242 -18.849117
v -5.810353 -5.277983 -5.061345
v -2.860007 -5.277984 -3.830893
v -2.860003 21.737240 -3.830893
v -5.810348 21.737242 -5.061345
v 12.158215 -5.277986 -12.453232
v 12.583134 -5.277986 -15.621513
v 12.583139 21.737238 -15.621513
v 12.158218 21.737238 -12.453232
v 0.367596 -5.277984 -27.896376
v -2.802707 -5.277984 -27.486809
v -2.802702 21.737240 -27.486809
v 0.367600 21.737240 -27.896376
v -8.341705 -5.277983 -7.013476
v -8.341700 21.737242 -7.013476
v 10.927759 -5.277986 -9.502886
v 10.927763 21.737238 -9.502886
v 3.535876 -5.277985 -27.471451
v 3.535880 21.737240 -27.471451
v -10.281553 -5.277982 -9.554254
v -10.281549 21.737242 -9.554254
v 8.975626 -5.277986 -6.971535
v 8.975632 21.737238 -6.971535
v 6.486221 -5.277985 -26.240997
v 6.486226 21.737238 -26.240997
v -11.497702 -5.277982 -12.510525
v -11.497698 21.737242 -12.510525
v 6.434846 -5.277985 -5.031686
v 6.434851 21.737238 -5.031686
v 9.017570 -5.277986 -24.288864
v 9.017576 21.737238 -24.288864
v 3.478575 -5.277985 -3.815538
v 3.478579 21.737240 -3.815538
v 10.957420 -5.277986 -21.748087
v 10.957424 21.737238 -21.748087
v -10.251892 -5.277982 -21.799463
v -10.251888 21.737242 -21.799463
v -8.299757 -5.277983 -24.330814
v -8.299753 21.737242 -24.330814
v 0.308273 -5.277984 -3.405968
v 0.308277 21.737240 -3.405968
v 12.173567 -5.277986 -18.791815
v 12.173571 21.737238 -18.791815
v -5.758978 -5.277983 -26.270662
v -5.758974 21.737242 -26.270662
vt 0.208333 0.000000
vt 0.250000 0.000000
vt 0.250000 0.999992
vt 0.208333 0.999992
vt 0.416666 0.000000
vt 0.458333 0.000000
vt 0.458333 0.999992
vt 0.416666 0.999992
vt 0.708333 0.000000
vt 0.750000 0.000000
vt 0.750000 0.999992
vt 0.708333 0.999992
vt 0.000000 0.000000
vt 0.041667 0.000000
vt 0.041667 0.999992
vt 0.000000 0.999992
vt 0.375000 0.000000
vt 0.375000 0.999992
vt 0.666667 0.000000
vt 0.666667 0.999992
vt 0.958333 0.000000
vt 1.000000 0.000000
vt 1.000000 0.999992
vt 0.958333 0.999992
vt 0.333333 0.000000
vt 0.333333 0.999992
vt 0.625000 0.000000
vt 0.625000 0.999992
vt 0.916666 0.000000
vt 0.916666 0.999992
vt 0.291667 0.000000
vt 0.291667 0.999992
vt 0.583333 0.000000
vt 0.583333 0.999992
vt 0.874999 0.000000
vt 0.874999 0.999992
vt 0.541666 0.000000
vt 0.541666 0.999992
vt 0.833333 0.000000
vt 0.833333 0.999992
vt 0.166667 0.000000
vt 0.166667 0.999992
vt 0.125000 0.000000
vt 0.125000 0.999992
vt 0.500000 0.000000
vt 0.500000 0.999992
vt 0.791666 0.000000
vt 0.791666 0.999992
vt 0.083333 0.000000
vt 0.083333 0.999992
vn -0.9653 0.0000 -0.2612
vn -1.0000 0.0000 -0.0024
vn -0.5021 0.0000 0.8648
vn -0.2612 0.0000 0.9653
vn 0.9653 -0.0000 0.2612
vn 1.0000 -0.0000 0.0024
vn 0.0024 -0.0000 -1.0000
vn -0.2565 0.0000 -0.9665
vn -0.7088 0.0000 0.7054
vn 0.8648 -0.0000 0.5021
vn 0.2612 -0.0000 -0.9653
vn -0.8672 0.0000 0.4979
vn 0.7054 -0.0000 0.7088
vn 0.5021 -0.0000 -0.8648
vn -0.9665 0.0000 0.2565
vn 0.4979 -0.0000 0.8672
vn 0.7088 -0.0000 -0.7054
vn 0.2565 -0.0000 0.9665
vn 0.8672 -0.0000 -0.4979
vn -0.8648 0.0000 -0.5021
vn -0.7054 0.0000 -0.7088
vn -0.0024 0.0000 1.0000
vn 0.9665 -0.0000 -0.2565
vn -0.4979 0.0000 -0.8672
s 1
f 4612/4943/5330 4613/4944/5331 4614/4945/5331 4615/4946/5330
f 4616/4947/5332 4617/4948/5333 4618/4949/5333 4619/4950/5332
f 4620/4951/5334 4621/4952/5335 4622/4953/5335 4623/4954/5334
f 4624/4955/5336 4625/4956/5337 4626/4957/5337 4627/4958/5336
f 4628/4959/5338 4616/4947/5332 4619/4950/5332 4629/4960/5338
f 4630/4961/5339 4620/4951/5334 4623/4954/5334 4631/4962/5339
f 4632/4963/5340 4624/4964/5336 4627/4965/5336 4633/4966/5340
f 4634/4967/5341 4628/4959/5338 4629/4960/5338 4635/4968/5341
f 4636/4969/5342 4630/4961/5339 4631/4962/5339 4637/4970/5342
f 4638/4971/5343 4632/4963/5340 4633/4966/5340 4639/4972/5343
f 4640/4973/5344 4634/4967/5341 4635/4968/5341 4641/4974/5344
f 4642/4975/5345 4636/4969/5342 4637/4970/5342 4643/4976/5345
f 4644/4977/5346 4638/4971/5343 4639/4972/5343 4645/4978/5346
f 4613/4944/5331 4640/4973/5344 4641/4974/5344 4614/4945/5331
f 4646/4979/5347 4642/4975/5345 4643/4976/5345 4647/4980/5347
f 4648/4981/5348 4644/4977/5346 4645/4978/5346 4649/4982/5348
f 4650/4983/5349 4612/4943/5330 4615/4946/5330 4651/4984/5349
f 4652/4985/5350 4650/4983/5349 4651/4984/5349 4653/4986/5350
f 4654/4987/5351 4646/4979/5347 4647/4980/5347 4655/4988/5351
f 4656/4989/5352 4648/4981/5348 4649/4982/5348 4657/4990/5352
f 4658/4991/5353 4652/4985/5350 4653/4986/5350 4659/4992/5353
f 4617/4948/5333 4654/4987/5351 4655/4988/5351 4618/4949/5333
f 4621/4952/5335 4656/4989/5352 4657/4990/5352 4622/4953/5335
f 4625/4956/5337 4658/4991/5353 4659/4992/5353 4626/4957/5337
o printA
v -32.291466 -22.057682 46.006794
v -32.291466 -22.057682 18.773205
v 32.291466 -22.057682 46.006794
v 32.291466 -22.057682 18.773205
vt 0.999997 0.999995
vt 0.000000 0.999995
vt 0.000000 0.000000
vt 0.999997 0.000000
vn 0.0000 1.0000 0.0000
s off
f 4663/4993/5354 4661/4994/5354 4660/4995/5354 4662/4996/5354
o printB
v -30.035017 -21.612923 50.446957
v -33.895683 -21.612923 23.488400
v 33.895683 -21.612923 41.291599
v 30.035017 -21.612923 14.333042
vt 0.999997 0.999995
vt 0.000000 0.999995
vt 0.000000 0.000000
vt 0.999997 0.000000
vn 0.0000 1.0000 0.0000
s off
f 4667/4997/5355 4665/4998/5355 4664/4999/5355 4666/5000/5355
