# Blender v2.92.0 OBJ File: 'model.blend'
# www.blender.org
o handle
v -6.327662 14.533265 -0.128395
v -6.190838 14.426424 -0.301992
v -6.003932 14.280478 -0.365533
v -5.817027 14.134531 -0.301992
v -5.680202 14.027690 -0.128396
v -5.630121 13.988584 0.108742
v -5.680202 14.027689 0.345879
v -5.817026 14.134530 0.519476
v -6.003932 14.280478 0.583017
v -6.190837 14.426424 0.519477
v -6.327662 14.533265 0.345880
v -6.377743 14.572371 0.108743
v -6.892623 13.795170 -0.128395
v -6.781002 13.662216 -0.301992
v -6.628525 13.480598 -0.365533
v -6.476048 13.298982 -0.301992
v -6.364427 13.166028 -0.128396
v -6.323570 13.117364 0.108742
v -6.364427 13.166028 0.345879
v -6.476048 13.298981 0.519476
v -6.628524 13.480598 0.583017
v -6.781002 13.662216 0.519477
v -6.892623 13.795170 0.345880
v -6.933479 13.843834 0.108743
v -7.637778 13.398711 -0.128395
v -7.589884 13.231852 -0.301992
v -7.524459 13.003918 -0.365533
v -7.459035 12.775984 -0.301992
v -7.411141 12.609125 -0.128395
v -7.393611 12.548050 0.108742
v -7.411141 12.609124 0.345879
v -7.459035 12.775983 0.519476
v -7.524459 13.003918 0.583017
v -7.589884 13.231852 0.519477
v -7.637778 13.398710 0.345880
v -7.655308 13.459786 0.108743
v -8.479763 13.339610 -0.128395
v -8.503879 13.167696 -0.301992
v -8.536819 12.932858 -0.365532
v -8.569760 12.698019 -0.301992
v -8.593875 12.526105 -0.128395
v -8.602701 12.463181 0.108742
v -8.593874 12.526105 0.345880
v -8.569760 12.698018 0.519477
v -8.536819 12.932857 0.583018
v -8.503878 13.167696 0.519477
v -8.479764 13.339609 0.345881
v -8.470938 13.402534 0.108743
v -9.272995 13.628085 -0.128395
v -9.364948 13.480843 -0.301991
v -9.490559 13.279705 -0.365532
v -9.616169 13.078568 -0.301992
v -9.708122 12.931325 -0.128395
v -9.741779 12.877430 0.108742
v -9.708122 12.931325 0.345880
v -9.616169 13.078567 0.519477
v -9.490559 13.279704 0.583018
v -9.364948 13.480842 0.519477
v -9.272995 13.628085 0.345881
v -9.239338 13.681979 0.108743
v -9.880315 14.214256 -0.128394
v -10.024207 14.117144 -0.301991
v -10.220768 13.984486 -0.365532
v -10.417328 13.851829 -0.301991
v -10.561222 13.754715 -0.128395
v -10.613890 13.719171 0.108743
v -10.561222 13.754715 0.345880
v -10.417330 13.851828 0.519477
v -10.220769 13.984486 0.583018
v -10.024208 14.117144 0.519477
v -9.880315 14.214256 0.345881
v -9.827646 14.249802 0.108743
v -10.196712 14.996769 -0.128394
v -10.367662 14.966579 -0.301991
v -10.601187 14.925339 -0.365532
v -10.834711 14.884099 -0.301991
v -11.005663 14.853909 -0.128395
v -11.068235 14.842858 0.108743
v -11.005663 14.853909 0.345880
v -10.834711 14.884098 0.519477
v -10.601187 14.925339 0.583018
v -10.367662 14.966579 0.519478
v -10.196712 14.996769 0.345881
v -10.134138 15.007820 0.108744
v -10.167478 15.840321 -0.128394
v -10.335928 15.882273 -0.301991
v -10.566038 15.939580 -0.365532
v -10.796146 15.996889 -0.301991
v -10.964598 16.038841 -0.128394
v -11.026255 16.054195 0.108743
v -10.964598 16.038841 0.345880
v -10.796147 15.996889 0.519477
v -10.566038 15.939581 0.583018
v -10.335930 15.882273 0.519478
v -10.167478 15.840321 0.345881
v -10.105820 15.824965 0.108744
v -9.977892 16.210560 -0.128394
v -10.128994 16.296024 -0.301991
v -10.335402 16.412769 -0.365532
v -10.541812 16.529516 -0.301991
v -10.692914 16.614979 -0.128395
v -10.748220 16.646261 0.108743
v -10.692914 16.614979 0.345881
v -10.541812 16.529516 0.519477
v -10.335403 16.412769 0.583018
v -10.128994 16.296024 0.519478
v -9.977892 16.210560 0.345881
v -9.922585 16.179279 0.108744
v -9.750880 16.561655 -0.128394
v -9.887550 16.668694 -0.301991
v -10.074244 16.814911 -0.365532
v -10.260940 16.961128 -0.301991
v -10.397609 17.068167 -0.128394
v -10.447634 17.107346 0.108743
v -10.397610 17.068167 0.345880
v -10.260940 16.961128 0.519477
v -10.074245 16.814911 0.583018
v -9.887550 16.668694 0.519478
v -9.750880 16.561655 0.345881
v -9.700856 16.522476 0.108744
v -9.464414 16.866186 -0.128394
v -9.583596 16.992405 -0.301991
v -9.746403 17.164825 -0.365532
v -9.909208 17.337244 -0.301991
v -10.028391 17.463463 -0.128395
v -10.072015 17.509663 0.108743
v -10.028391 17.463465 0.345880
v -9.909208 17.337244 0.519477
v -9.746403 17.164825 0.583018
v -9.583596 16.992405 0.519478
v -9.464414 16.866186 0.345881
v -9.420790 16.819986 0.108744
v -4.396793 21.098560 -0.128395
v -4.523022 21.217735 -0.301991
v -4.695452 21.380529 -0.365532
v -4.867883 21.543324 -0.301992
v -4.994110 21.662497 -0.128395
v -5.040313 21.706118 0.108742
v -4.994111 21.662497 0.345880
v -4.867883 21.543324 0.519477
v -4.695452 21.380529 0.583018
v -4.523022 21.217735 0.519477
v -4.396794 21.098560 0.345881
v -4.350591 21.054941 0.108743
v -4.176294 21.402611 -0.128395
v -4.332232 21.478895 -0.301991
v -4.545247 21.583101 -0.365532
v -4.758262 21.687307 -0.301992
v -4.914200 21.763590 -0.128395
v -4.971277 21.791513 0.108742
v -4.914201 21.763592 0.345880
v -4.758263 21.687307 0.519477
v -4.545248 21.583101 0.583018
v -4.332232 21.478895 0.519477
v -4.176295 21.402611 0.345881
v -4.119217 21.374689 0.108743
v -4.071600 21.763313 -0.128395
v -4.243162 21.789816 -0.301991
v -4.477520 21.826021 -0.365532
v -4.711877 21.862225 -0.301992
v -4.883439 21.888729 -0.128395
v -4.946235 21.898430 0.108742
v -4.883440 21.888729 0.345880
v -4.711878 21.862225 0.519477
v -4.477520 21.826021 0.583018
v -4.243163 21.789816 0.519477
v -4.071601 21.763313 0.345881
v -4.008805 21.753613 0.108743
v -4.069126 22.010511 -0.128395
v -4.237577 22.052464 -0.301991
v -4.467686 22.109772 -0.365532
v -4.697795 22.167080 -0.301992
v -4.866246 22.209032 -0.128395
v -4.927904 22.224388 0.108743
v -4.866247 22.209032 0.345880
v -4.697795 22.167080 0.519477
v -4.467687 22.109772 0.583018
v -4.237578 22.052464 0.519477
v -4.069126 22.010511 0.345881
v -4.007469 21.995157 0.108743
v -3.900558 22.356359 -0.128395
v -4.037383 22.463202 -0.301991
v -4.224288 22.609148 -0.365532
v -4.411194 22.755095 -0.301992
v -4.548018 22.861935 -0.128395
v -4.598100 22.901041 0.108742
v -4.548018 22.861935 0.345880
v -4.411194 22.755095 0.519477
v -4.224288 22.609148 0.583018
v -4.037383 22.463202 0.519477
v -3.900558 22.356359 0.345881
v -3.850477 22.317253 0.108743
v -3.605895 22.603745 -0.128395
v -3.687434 22.757000 -0.301992
v -3.798819 22.966351 -0.365532
v -3.910203 23.175701 -0.301992
v -3.991743 23.328957 -0.128395
v -4.021588 23.385052 0.108742
v -3.991743 23.328957 0.345880
v -3.910204 23.175701 0.519477
v -3.798819 22.966351 0.583018
v -3.687434 22.757000 0.519477
v -3.605895 22.603745 0.345881
v -3.576049 22.547649 0.108743
v -3.236085 22.709892 -0.128395
v -3.248241 22.883062 -0.301991
v -3.264846 23.119617 -0.365532
v -3.281450 23.356174 -0.301992
v -3.293606 23.529345 -0.128395
v -3.298055 23.592730 0.108742
v -3.293606 23.529345 0.345880
v -3.281450 23.356174 0.519477
v -3.264845 23.119619 0.583018
v -3.248241 22.883062 0.519477
v -3.236085 22.709892 0.345881
v -3.231636 22.646507 0.108743
v -2.855074 22.656446 -0.128395
v -2.795744 22.819590 -0.301992
v -2.714697 23.042448 -0.365533
v -2.633651 23.265306 -0.301992
v -2.574320 23.428450 -0.128395
v -2.552603 23.488165 0.108742
v -2.574320 23.428450 0.345880
v -2.633650 23.265306 0.519477
v -2.714697 23.042448 0.583018
v -2.795744 22.819592 0.519477
v -2.855074 22.656446 0.345881
v -2.876791 22.596733 0.108743
v -2.528741 22.452652 -0.128395
v -2.408184 22.577559 -0.301992
v -2.243500 22.748184 -0.365533
v -2.078815 22.918810 -0.301992
v -1.958258 23.043718 -0.128395
v -1.914130 23.089437 0.108742
v -1.958257 23.043718 0.345880
v -2.078815 22.918812 0.519476
v -2.243499 22.748184 0.583018
v -2.408183 22.577559 0.519477
v -2.528741 22.452652 0.345880
v -2.572868 22.406933 0.108743
v -2.313512 22.133743 -0.128395
v -2.152574 22.198816 -0.301992
v -1.932727 22.287708 -0.365533
v -1.712880 22.376600 -0.301992
v -1.551941 22.441673 -0.128395
v -1.493033 22.465492 0.108742
v -1.551941 22.441673 0.345879
v -1.712880 22.376600 0.519476
v -1.932726 22.287708 0.583017
v -2.152573 22.198816 0.519477
v -2.313512 22.133743 0.345880
v -2.372420 22.109924 0.108743
v -2.246602 21.754866 -0.128395
v -2.073110 21.748852 -0.301992
v -1.836115 21.740639 -0.365533
v -1.599119 21.732426 -0.301992
v -1.425627 21.726414 -0.128396
v -1.362124 21.724213 0.108742
v -1.425626 21.726414 0.345879
v -1.599118 21.732426 0.519476
v -1.836114 21.740639 0.583017
v -2.073109 21.748852 0.519477
v -2.246602 21.754866 0.345880
v -2.310105 21.757065 0.108743
v -2.339581 21.381527 -0.128395
v -2.183533 21.305470 -0.301992
v -1.970368 21.201571 -0.365533
v -1.757202 21.097673 -0.301992
v -1.601154 21.021614 -0.128396
v -1.544037 20.993776 0.108742
v -1.601154 21.021614 0.345879
v -1.757202 21.097673 0.519476
v -1.970367 21.201571 0.583017
v -2.183532 21.305468 0.519477
v -2.339581 21.381527 0.345880
v -2.396698 21.409367 0.108743
v -2.576371 21.078285 -0.128395
v -2.464750 20.945332 -0.301992
v -2.312273 20.763714 -0.365533
v -2.159796 20.582096 -0.301992
v -2.048174 20.449142 -0.128396
v -2.007318 20.400478 0.108742
v -2.048174 20.449142 0.345879
v -2.159795 20.582096 0.519476
v -2.312272 20.763714 0.583017
v -2.464750 20.945330 0.519477
v -2.576371 21.078283 0.345880
v -2.617227 21.126949 0.108743
v -2.927123 20.933525 -0.128395
v -2.822686 20.794859 -0.301992
v -2.680022 20.605434 -0.365533
v -2.537358 20.416012 -0.301992
v -2.432920 20.277344 -0.128396
v -2.394693 20.226589 0.108742
v -2.432920 20.277344 0.345879
v -2.537357 20.416012 0.519476
v -2.680021 20.605434 0.583017
v -2.822685 20.794857 0.519477
v -2.927123 20.933525 0.345880
v -2.965350 20.984282 0.108743
v -3.236623 20.588514 -0.011734
v -3.073041 20.480869 -0.026597
v -2.849583 20.333826 -0.026597
v -2.626125 20.186781 -0.026597
v -2.462543 20.079138 -0.011734
v -2.458275 20.076328 0.108742
v -2.462542 20.079138 0.229218
v -2.626124 20.186781 0.256314
v -2.849582 20.333826 0.256314
v -3.073040 20.480869 0.256314
v -3.236623 20.588514 0.229219
v -3.240891 20.591322 0.108743
v -3.553147 20.411819 -0.011734
v -3.331017 20.258459 -0.026597
v -3.027583 20.048965 -0.026597
v -2.724149 19.839470 -0.026597
v -2.502019 19.686110 -0.011734
v -2.496223 19.682108 0.108742
v -2.502018 19.686108 0.229218
v -2.724148 19.839470 0.256314
v -3.027582 20.048964 0.256314
v -3.331017 20.258459 0.256314
v -3.553146 20.411819 0.229219
v -3.558942 20.415821 0.108743
v -3.718796 20.260878 -0.011734
v -3.484120 20.097721 -0.026597
v -3.163547 19.874844 -0.026597
v -2.842975 19.651966 -0.026597
v -2.608299 19.488808 -0.011734
v -2.602176 19.484550 0.108742
v -2.608298 19.488808 0.229218
v -2.842973 19.651966 0.256314
v -3.163546 19.874844 0.256314
v -3.484119 20.097721 0.256314
v -3.718796 20.260878 0.229219
v -3.724918 20.265135 0.108743
v -3.813768 20.027403 -0.011734
v -3.595742 19.877247 -0.026597
v -3.297913 19.672127 -0.026597
v -3.000083 19.467010 -0.026597
v -2.782057 19.316853 -0.011734
v -2.776368 19.312935 0.108742
v -2.782056 19.316853 0.229218
v -3.000082 19.467009 0.256314
v -3.297912 19.672127 0.256314
v -3.595741 19.877245 0.256314
v -3.813768 20.027403 0.229219
v -3.819456 20.031321 0.108743
v -3.833356 19.830770 -0.011734
v -3.684755 19.639116 -0.026597
v -3.454298 19.445589 -0.026597
v -3.192541 19.309656 -0.026597
v -2.980815 19.260128 -0.011734
v -2.976114 19.256981 0.108742
v -2.980814 19.260128 0.229218
v -3.192539 19.309656 0.256314
v -3.454297 19.445589 0.256314
v -3.684755 19.639116 0.256314
v -3.833355 19.830770 0.229219
v -3.838056 19.833918 0.108743
v -3.454298 19.445589 0.114858
v -3.192540 19.309656 0.114858
v -3.684755 19.639116 0.114859
v -5.421878 14.435025 -0.011734
v -5.588380 14.538340 -0.026597
v -5.815825 14.679469 -0.026597
v -6.043270 14.820599 -0.026597
v -6.209771 14.923912 -0.011734
v -6.214114 14.926608 0.108742
v -6.209771 14.923913 0.229219
v -6.043271 14.820599 0.256314
v -5.815825 14.679470 0.256314
v -5.588380 14.538340 0.256314
v -5.421879 14.435025 0.229219
v -5.417535 14.432331 0.108742
v -5.072509 14.666599 -0.011734
v -5.298093 14.814949 -0.026597
v -5.606248 15.017599 -0.026597
v -5.914402 15.220248 -0.026597
v -6.139987 15.368597 -0.011734
v -6.145873 15.372469 0.108742
v -6.139988 15.368599 0.229219
v -5.914403 15.220248 0.256314
v -5.606249 15.017599 0.256314
v -5.298095 14.814949 0.256313
v -5.072509 14.666599 0.229219
v -5.066624 14.662729 0.108742
v -4.885540 14.853324 -0.011734
v -5.123785 15.011325 -0.026597
v -5.449236 15.227158 -0.026597
v -5.774685 15.442990 -0.026597
v -5.950183 15.692999 -0.011734
v -5.956400 15.697121 0.108742
v -5.950185 15.693000 0.229219
v -5.774687 15.442991 0.256314
v -5.449236 15.227159 0.256314
v -5.123786 15.011325 0.256313
v -4.885540 14.853325 0.229219
v -4.879324 14.849202 0.108742
v -4.653429 15.406577 -0.011734
v -4.891561 15.522387 -0.026597
v -5.216856 15.680584 -0.026597
v -5.119798 15.976303 0.108742
v -5.113583 15.972181 0.229218
v -5.247093 15.708002 0.229218
v -5.253308 15.712124 0.108742
v -5.247092 15.708001 -0.011734
v -5.216856 15.680584 0.256314
v -4.891562 15.522387 0.256313
v -4.653429 15.406578 0.229219
v -4.647217 15.403556 0.108742
v -4.647304 15.631649 -0.011734
v -4.816098 15.810669 -0.026597
v -5.070337 15.972090 -0.026597
v -5.363840 15.494413 -0.011734
v -5.370056 15.498535 0.108742
v -5.363841 15.494413 0.229218
v -5.761871 15.677860 0.229219
v -5.768086 15.681982 0.108742
v -5.070337 15.972091 0.256314
v -4.816098 15.810669 0.256313
v -4.647305 15.631649 0.229219
v -4.642177 15.629253 0.108742
v -5.070337 15.972090 0.114858
v -5.761869 15.677860 -0.011734
v -4.816098 15.810669 0.114858
v -5.113582 15.972179 -0.011734
vt 0.000000 1.000000
vt 0.041667 1.000000
vt 0.041667 0.916667
vt 0.000000 0.916667
vt 0.000000 0.083333
vt 0.041667 0.083333
vt 0.041667 0.000000
vt 0.000000 0.000000
vt 0.000000 0.166667
vt 0.041667 0.166667
vt 0.000000 0.250000
vt 0.041667 0.250000
vt 0.000000 0.333333
vt 0.041667 0.333333
vt 0.000000 0.416667
vt 0.041667 0.416667
vt 0.000000 0.500000
vt 0.041667 0.500000
vt 0.000000 0.583333
vt 0.041667 0.583333
vt 0.000000 0.666667
vt 0.041667 0.666667
vt 0.000000 0.750000
vt 0.041667 0.750000
vt 0.000000 0.833333
vt 0.041667 0.833333
vt 0.083333 1.000000
vt 0.083333 0.916667
vt 0.083333 0.083333
vt 0.083333 0.000000
vt 0.083333 0.166667
vt 0.083333 0.250000
vt 0.083333 0.333333
vt 0.083333 0.416667
vt 0.083333 0.500000
vt 0.083333 0.583333
vt 0.083333 0.666667
vt 0.083333 0.750000
vt 0.083333 0.833333
vt 0.125000 1.000000
vt 0.125000 0.916667
vt 0.125000 0.083333
vt 0.125000 0.000000
vt 0.125000 0.166667
vt 0.125000 0.250000
vt 0.125000 0.333333
vt 0.125000 0.416667
vt 0.125000 0.500000
vt 0.125000 0.583333
vt 0.125000 0.666667
vt 0.125000 0.750000
vt 0.125000 0.833333
vt 0.166667 1.000000
vt 0.166667 0.916667
vt 0.166667 0.083333
vt 0.166667 0.000000
vt 0.166667 0.166667
vt 0.166667 0.250000
vt 0.166667 0.333333
vt 0.166667 0.416667
vt 0.166667 0.500000
vt 0.166667 0.583333
vt 0.166667 0.666667
vt 0.166667 0.750000
vt 0.166667 0.833333
vt 0.208333 1.000000
vt 0.208333 0.916667
vt 0.208333 0.083333
vt 0.208333 0.000000
vt 0.208333 0.166667
vt 0.208333 0.250000
vt 0.208333 0.333333
vt 0.208333 0.416667
vt 0.208333 0.500000
vt 0.208333 0.583333
vt 0.208333 0.666667
vt 0.208333 0.750000
vt 0.208333 0.833333
vt 0.250000 1.000000
vt 0.250000 0.916667
vt 0.250000 0.083333
vt 0.250000 0.000000
vt 0.250000 0.166667
vt 0.250000 0.250000
vt 0.250000 0.333333
vt 0.250000 0.416667
vt 0.250000 0.500000
vt 0.250000 0.583333
vt 0.250000 0.666667
vt 0.250000 0.750000
vt 0.250000 0.833333
vt 0.291667 1.000000
vt 0.291667 0.916667
vt 0.291667 0.083333
vt 0.291667 0.000000
vt 0.291667 0.166667
vt 0.291667 0.250000
vt 0.291667 0.333333
vt 0.291667 0.416667
vt 0.291667 0.500000
vt 0.291667 0.583333
vt 0.291667 0.666667
vt 0.291667 0.750000
vt 0.291667 0.833333
vt 0.333333 1.000000
vt 0.333333 0.916667
vt 0.333333 0.083333
vt 0.333333 0.000000
vt 0.333333 0.166667
vt 0.333333 0.250000
vt 0.333333 0.333333
vt 0.333333 0.416667
vt 0.333333 0.500000
vt 0.333333 0.583333
vt 0.333333 0.666667
vt 0.333333 0.750000
vt 0.333333 0.833333
vt 0.375000 1.000000
vt 0.375000 0.916667
vt 0.375000 0.083333
vt 0.375000 0.000000
vt 0.375000 0.166667
vt 0.375000 0.250000
vt 0.375000 0.333333
vt 0.375000 0.416667
vt 0.375000 0.500000
vt 0.375000 0.583333
vt 0.375000 0.666667
vt 0.375000 0.750000
vt 0.375000 0.833333
vt 0.416667 1.000000
vt 0.416667 0.916667
vt 0.416667 0.083333
vt 0.416667 0.000000
vt 0.416667 0.166667
vt 0.416667 0.250000
vt 0.416667 0.333333
vt 0.416667 0.416667
vt 0.416667 0.500000
vt 0.416667 0.583333
vt 0.416667 0.666667
vt 0.416667 0.750000
vt 0.416667 0.833333
vt 0.458333 1.000000
vt 0.458333 0.916667
vt 0.458333 0.083333
vt 0.458333 0.000000
vt 0.458333 0.166667
vt 0.458333 0.250000
vt 0.458333 0.333333
vt 0.458333 0.416667
vt 0.458333 0.500000
vt 0.458333 0.583333
vt 0.458333 0.666667
vt 0.458333 0.750000
vt 0.458333 0.833333
vt 0.500000 1.000000
vt 0.500000 0.916667
vt 0.500000 0.083333
vt 0.500000 0.000000
vt 0.500000 0.166667
vt 0.500000 0.250000
vt 0.500000 0.333333
vt 0.500000 0.416667
vt 0.500000 0.500000
vt 0.500000 0.583333
vt 0.500000 0.666667
vt 0.500000 0.750000
vt 0.500000 0.833333
vt 0.541667 1.000000
vt 0.541667 0.916667
vt 0.541667 0.083333
vt 0.541667 0.000000
vt 0.541667 0.166667
vt 0.541667 0.250000
vt 0.541667 0.333333
vt 0.541667 0.416667
vt 0.541667 0.500000
vt 0.541667 0.583333
vt 0.541667 0.666667
vt 0.541667 0.750000
vt 0.541667 0.833333
vt 0.583333 1.000000
vt 0.583333 0.916667
vt 0.583333 0.083333
vt 0.583333 0.000000
vt 0.583333 0.166667
vt 0.583333 0.250000
vt 0.583333 0.333333
vt 0.583333 0.416667
vt 0.583333 0.500000
vt 0.583333 0.583333
vt 0.583333 0.666667
vt 0.583333 0.750000
vt 0.583333 0.833333
vt 0.625000 1.000000
vt 0.625000 0.916667
vt 0.625000 0.083333
vt 0.625000 0.000000
vt 0.625000 0.166667
vt 0.625000 0.250000
vt 0.625000 0.333333
vt 0.625000 0.416667
vt 0.625000 0.500000
vt 0.625000 0.583333
vt 0.625000 0.666667
vt 0.625000 0.750000
vt 0.625000 0.833333
vt 0.666667 1.000000
vt 0.666667 0.916667
vt 0.666667 0.083333
vt 0.666667 0.000000
vt 0.666667 0.166667
vt 0.666667 0.250000
vt 0.666667 0.333333
vt 0.666667 0.416667
vt 0.666667 0.500000
vt 0.666667 0.583333
vt 0.666667 0.666667
vt 0.666667 0.750000
vt 0.666667 0.833333
vt 0.708333 1.000000
vt 0.708333 0.916667
vt 0.708333 0.083333
vt 0.708333 0.000000
vt 0.708333 0.166667
vt 0.708333 0.250000
vt 0.708333 0.333333
vt 0.708333 0.416667
vt 0.708333 0.500000
vt 0.708333 0.583333
vt 0.708333 0.666667
vt 0.708333 0.750000
vt 0.708333 0.833333
vt 0.750000 1.000000
vt 0.750000 0.916667
vt 0.750000 0.083333
vt 0.750000 0.000000
vt 0.750000 0.166667
vt 0.750000 0.250000
vt 0.750000 0.333333
vt 0.750000 0.416667
vt 0.750000 0.500000
vt 0.750000 0.583333
vt 0.750000 0.666667
vt 0.750000 0.750000
vt 0.750000 0.833333
vt 0.791667 1.000000
vt 0.791667 0.916667
vt 0.791667 0.083333
vt 0.791667 0.000000
vt 0.791667 0.166667
vt 0.791667 0.250000
vt 0.791667 0.333333
vt 0.791667 0.416667
vt 0.791667 0.500000
vt 0.791667 0.583333
vt 0.791667 0.666667
vt 0.791667 0.750000
vt 0.791667 0.833333
vt 0.833333 1.000000
vt 0.833333 0.916667
vt 0.833333 0.083333
vt 0.833333 0.000000
vt 0.833333 0.166667
vt 0.833333 0.250000
vt 0.833333 0.333333
vt 0.833333 0.416667
vt 0.833333 0.500000
vt 0.833333 0.583333
vt 0.833333 0.666667
vt 0.833333 0.750000
vt 0.833333 0.833333
vt 0.875000 1.000000
vt 0.875000 0.916667
vt 0.875000 0.083333
vt 0.875000 0.000000
vt 0.875000 0.166667
vt 0.875000 0.250000
vt 0.875000 0.333333
vt 0.875000 0.416667
vt 0.875000 0.500000
vt 0.875000 0.583333
vt 0.875000 0.666667
vt 0.875000 0.750000
vt 0.875000 0.833333
vt 0.916667 1.000000
vt 0.916667 0.916667
vt 0.916667 0.083333
vt 0.916667 0.000000
vt 0.916667 0.166667
vt 0.916667 0.250000
vt 0.916667 0.333333
vt 0.916667 0.416667
vt 0.916667 0.500000
vt 0.916667 0.583333
vt 0.916667 0.666667
vt 0.916667 0.750000
vt 0.916667 0.833333
vt 0.958333 1.000000
vt 0.958333 0.916667
vt 0.958333 0.083333
vt 0.958333 0.000000
vt 0.958333 0.166667
vt 0.958333 0.250000
vt 0.958333 0.333333
vt 0.958333 0.416667
vt 0.958333 0.500000
vt 0.958333 0.583333
vt 0.958333 0.666667
vt 0.958333 0.750000
vt 0.958333 0.833333
vt 1.000000 1.000000
vt 1.000000 0.916667
vt 1.000000 0.083333
vt 1.000000 0.000000
vt 1.000000 0.166667
vt 1.000000 0.250000
vt 1.000000 0.333333
vt 1.000000 0.416667
vt 1.000000 0.500000
vt 1.000000 0.583333
vt 1.000000 0.666667
vt 1.000000 0.750000
vt 1.000000 0.833333
vt 1.000000 0.666667
vt 1.000000 0.583333
vt 1.000000 0.500000
vt 1.000000 0.416667
vt 1.000000 1.000000
vt 1.000000 0.916667
vt 1.000000 0.833333
vt 1.000000 0.750000
vt 1.000000 0.250000
vt 1.000000 0.166667
vt 1.000000 0.083333
vt 1.000000 0.000000
vt 1.000000 0.333333
vt 1.000000 0.583333
vt 1.000000 0.500000
vt 1.000000 0.833333
vt 1.000000 0.750000
vt 1.000000 0.416667
vt 1.000000 0.333333
vt 1.000000 0.250000
vt 1.000000 0.083333
vt 1.000000 0.000000
vt 1.000000 0.166667
vt 1.000000 0.666667
vt 1.000000 0.916667
vt 1.000000 1.000000
vt 1.000000 1.000000
vt 1.000000 0.916667
vt 1.000000 0.583333
vt 1.000000 0.500000
vt 1.000000 0.833333
vt 1.000000 0.750000
vt 1.000000 0.416667
vt 1.000000 0.333333
vt 1.000000 0.250000
vt 1.000000 0.083333
vt 1.000000 0.000000
vt 1.000000 0.166667
vt 1.000000 0.666667
vt 1.000000 1.000000
vt 1.000000 0.916667
vt 1.000000 0.583333
vt 1.000000 0.500000
vt 1.000000 0.833333
vt 1.000000 0.750000
vt 1.000000 0.416667
vt 1.000000 0.333333
vt 1.000000 0.250000
vt 1.000000 0.083333
vt 1.000000 0.000000
vt 1.000000 0.166667
vt 1.000000 0.666667
vt 1.000000 0.916667
vt 1.000000 0.833333
vt 1.000000 1.000000
vt 1.000000 0.583333
vt 1.000000 0.500000
vt 1.000000 0.750000
vt 1.000000 0.416667
vt 1.000000 0.333333
vt 1.000000 0.250000
vt 1.000000 0.083333
vt 1.000000 0.000000
vt 1.000000 0.166667
vt 1.000000 0.666667
vt 1.000000 0.416667
vt 1.000000 0.416667
vt 0.000000 0.000000
vt 0.000000 0.000000
vt 0.000000 0.000000
vt 0.000000 0.000000
vt 0.000000 0.000000
vt 0.000000 0.000000
vt 0.000000 0.000000
vt 0.000000 0.000000
vt 0.000000 0.000000
vt 0.000000 0.000000
vt 0.000000 0.000000
vt 0.000000 0.000000
vt 0.000000 0.000000
vt 0.000000 0.000000
vt 0.000000 0.000000
vt 1.000000 0.500000
vt 1.000000 0.583333
vt 1.000000 0.583333
vt 1.000000 0.500000
vt 1.000000 0.750000
vt 1.000000 0.833333
vt 1.000000 0.833333
vt 1.000000 0.750000
vt 1.000000 0.416667
vt 1.000000 0.416667
vt 1.000000 0.250000
vt 1.000000 0.333333
vt 1.000000 0.333333
vt 1.000000 0.250000
vt 1.000000 0.000000
vt 1.000000 0.083333
vt 1.000000 0.083333
vt 1.000000 0.000000
vt 1.000000 0.166667
vt 1.000000 0.166667
vt 1.000000 0.666667
vt 1.000000 0.666667
vt 1.000000 0.916667
vt 1.000000 0.916667
vt 1.000000 1.000000
vt 1.000000 1.000000
vt 1.000000 1.000000
vt 1.000000 0.916667
vt 1.000000 0.583333
vt 1.000000 0.500000
vt 1.000000 0.833333
vt 1.000000 0.750000
vt 1.000000 0.416667
vt 1.000000 0.333333
vt 1.000000 0.250000
vt 1.000000 0.083333
vt 1.000000 0.000000
vt 1.000000 0.166667
vt 1.000000 0.666667
vt 1.000000 1.000000
vt 1.000000 0.916667
vt 1.000000 0.333333
vt 1.000000 0.416667
vt 1.000000 0.416667
vt 1.000000 0.333333
vt 1.000000 0.833333
vt 1.000000 0.750000
vt 0.000000 0.000000
vt 0.000000 0.000000
vt 1.000000 0.500000
vt 1.000000 0.083333
vt 1.000000 0.000000
vt 0.000000 0.000000
vt 0.000000 0.000000
vt 0.000000 0.000000
vt 0.000000 0.000000
vt 1.000000 0.666667
vt 1.000000 0.416667
vt 1.000000 0.500000
vt 1.000000 0.500000
vt 1.000000 0.166667
vt 1.000000 0.916667
vt 1.000000 0.833333
vt 1.000000 1.000000
vt 1.000000 0.750000
vt 1.000000 0.083333
vt 1.000000 0.000000
vt 1.000000 0.666667
vt 1.000000 0.333333
vt 1.000000 0.166667
vt 1.000000 0.416667
vt 1.000000 0.333333
vt 0.000000 0.000000
vt 0.000000 0.000000
vt 0.000000 0.000000
vt 1.000000 0.500000
vt 0.000000 0.000000
vt 0.000000 0.000000
vt 0.000000 0.000000
vt 0.000000 0.000000
vt 0.000000 0.000000
vt 0.000000 0.000000
vt 0.000000 0.000000
vt 0.000000 0.000000
vt 0.000000 0.000000
vt 0.000000 0.000000
vt 0.000000 0.000000
vt 0.000000 0.000000
vt 0.000000 0.000000
vt 0.000000 0.000000
vt 0.000000 0.000000
vt 0.000000 0.000000
vn -0.6137 0.5225 -0.5919
vn -0.5529 0.6528 -0.5178
vn -0.6471 0.7624 0.0000
vn -0.8694 0.4941 0.0000
vn -0.1621 0.4307 -0.8878
vn -0.3037 0.3601 -0.8821
vn 0.1698 0.2340 -0.9573
vn 0.0218 -0.0265 -0.9994
vn 0.4584 -0.0382 -0.8879
vn 0.3348 -0.4017 -0.8524
vn 0.7397 -0.3804 -0.5549
vn 0.5586 -0.6709 -0.4876
vn 0.8375 -0.5464 0.0000
vn 0.6397 -0.7686 0.0000
vn 0.7403 -0.3857 0.5506
vn 0.5586 -0.6709 0.4876
vn 0.4586 -0.0475 0.8873
vn 0.3348 -0.4017 0.8524
vn 0.1651 0.2270 0.9598
vn 0.0218 -0.0265 0.9994
vn -0.1714 0.4249 0.8889
vn -0.3037 0.3601 0.8821
vn -0.6222 0.5182 0.5868
vn -0.5529 0.6528 0.5178
vn -0.2364 0.8236 -0.5154
vn -0.2759 0.9612 0.0000
vn -0.1306 0.4549 -0.8809
vn 0.0095 -0.0331 -0.9994
vn 0.1448 -0.5046 -0.8511
vn 0.2412 -0.8402 -0.4857
vn 0.2759 -0.9612 0.0000
vn 0.2412 -0.8402 0.4857
vn 0.1448 -0.5046 0.8511
vn 0.0095 -0.0331 0.9994
vn -0.1306 0.4549 0.8809
vn -0.2364 0.8236 0.5154
vn 0.1190 0.8486 -0.5154
vn 0.1389 0.9903 0.0000
vn 0.0657 0.4687 -0.8809
vn -0.0048 -0.0341 -0.9994
vn -0.0729 -0.5199 -0.8511
vn -0.1214 -0.8656 -0.4857
vn -0.1389 -0.9903 0.0000
vn -0.1214 -0.8656 0.4857
vn -0.0729 -0.5199 0.8511
vn -0.0048 -0.0341 0.9994
vn 0.0657 0.4687 0.8809
vn 0.1190 0.8486 0.5154
vn 0.4539 0.7268 -0.5154
vn 0.5297 0.8482 0.0000
vn 0.2507 0.4014 -0.8809
vn -0.0183 -0.0292 -0.9994
vn -0.2781 -0.4453 -0.8511
vn -0.4630 -0.7414 -0.4857
vn -0.5297 -0.8482 0.0000
vn -0.4630 -0.7414 0.4857
vn -0.2781 -0.4453 0.8511
vn -0.0183 -0.0292 0.9994
vn 0.2507 0.4014 0.8809
vn 0.4539 0.7268 0.5155
vn 0.7103 0.4794 -0.5154
vn 0.8289 0.5594 0.0000
vn 0.3923 0.2647 -0.8809
vn -0.0286 -0.0193 -0.9994
vn -0.4351 -0.2936 -0.8511
vn -0.7245 -0.4890 -0.4857
vn -0.8289 -0.5594 0.0000
vn -0.7245 -0.4890 0.4857
vn -0.4351 -0.2936 0.8511
vn -0.0286 -0.0193 0.9994
vn 0.3923 0.2647 0.8809
vn 0.7103 0.4794 0.5155
vn 0.8438 0.1490 -0.5154
vn 0.9847 0.1739 0.0000
vn 0.4660 0.0823 -0.8809
vn -0.0339 -0.0060 -0.9994
vn -0.5170 -0.0913 -0.8511
vn -0.8608 -0.1520 -0.4857
vn -0.9847 -0.1739 0.0000
vn -0.8608 -0.1520 0.4857
vn -0.5170 -0.0913 0.8511
vn -0.0339 -0.0060 0.9994
vn 0.4660 0.0823 0.8809
vn 0.8438 0.1490 0.5155
vn 0.8279 -0.2143 -0.5183
vn 0.9676 -0.2525 0.0000
vn 0.4562 -0.1160 -0.8823
vn -0.0335 0.0077 -0.9994
vn -0.5082 0.1237 -0.8523
vn -0.8486 0.2056 -0.4874
vn -0.9719 0.2352 0.0000
vn -0.8486 0.2056 0.4874
vn -0.5082 0.1237 0.8523
vn -0.0335 0.0077 0.9994
vn 0.4562 -0.1160 0.8823
vn 0.8279 -0.2143 0.5183
vn 0.7495 -0.4322 -0.5014
vn 0.8655 -0.5008 0.0000
vn 0.4297 -0.2459 -0.8688
vn -0.0090 0.0045 -0.9999
vn -0.4446 0.2490 -0.8604
vn -0.7593 0.4240 -0.4937
vn -0.8733 0.4871 0.0000
vn -0.7593 0.4240 0.4936
vn -0.4446 0.2490 0.8604
vn -0.0090 0.0045 0.9999
vn 0.4297 -0.2459 0.8688
vn 0.7495 -0.4322 0.5014
vn 0.6786 -0.5315 -0.5069
vn 0.7873 -0.6166 0.0000
vn 0.3845 -0.3011 -0.8726
vn -0.0114 0.0090 -0.9999
vn -0.4018 0.3147 -0.8600
vn -0.6844 0.5360 -0.4942
vn -0.7873 0.6166 0.0000
vn -0.6844 0.5360 0.4942
vn -0.4018 0.3147 0.8600
vn -0.0114 0.0090 0.9999
vn 0.3845 -0.3011 0.8726
vn 0.6786 -0.5315 0.5069
vn 0.5925 -0.6286 -0.5037
vn 0.6858 -0.7277 0.0000
vn 0.3383 -0.3587 -0.8700
vn -0.0070 0.0073 -0.9999
vn -0.3490 0.3693 -0.8613
vn -0.5969 0.6314 -0.4950
vn -0.6870 0.7266 0.0000
vn -0.5969 0.6314 0.4950
vn -0.3490 0.3693 0.8613
vn -0.0070 0.0073 0.9999
vn 0.3383 -0.3587 0.8700
vn 0.5925 -0.6286 0.5037
vn 0.6365 -0.5946 -0.4913
vn 0.7310 -0.6824 0.0000
vn 0.3760 -0.3519 -0.8572
vn 0.0146 -0.0129 -0.9998
vn -0.3513 0.3367 -0.8736
vn -0.6182 0.6011 -0.5064
vn -0.7143 0.6998 0.0000
vn -0.6182 0.6011 0.5064
vn -0.3513 0.3367 0.8736
vn 0.0146 -0.0129 0.9998
vn 0.3760 -0.3519 0.8572
vn 0.6365 -0.5946 0.4913
vn 0.7834 -0.3833 -0.4892
vn 0.8983 -0.4394 0.0000
vn 0.4670 -0.2284 -0.8542
vn 0.0271 -0.0132 -0.9995
vn -0.4246 0.2077 -0.8812
vn -0.7678 0.3756 -0.5189
vn -0.8983 0.4394 0.0000
vn -0.7678 0.3756 0.5189
vn -0.4246 0.2077 0.8812
vn 0.0271 -0.0132 0.9995
vn 0.4670 -0.2284 0.8542
vn 0.7834 -0.3833 0.4892
vn 0.8631 -0.1274 -0.4887
vn 0.9894 -0.1451 0.0000
vn 0.5118 -0.0768 -0.8556
vn 0.0194 -0.0027 -0.9998
vn -0.4833 0.0738 -0.8723
vn -0.8542 0.1271 -0.5042
vn -0.9894 0.1448 0.0000
vn -0.8542 0.1271 0.5042
vn -0.4833 0.0738 0.8723
vn 0.0194 -0.0027 0.9998
vn 0.5118 -0.0768 0.8556
vn 0.8631 -0.1274 0.4887
vn 0.8325 -0.1970 -0.5178
vn 0.9736 -0.2281 0.0000
vn 0.4579 -0.1107 -0.8821
vn -0.0331 0.0092 -0.9994
vn -0.5067 0.1302 -0.8522
vn -0.8453 0.2188 -0.4874
vn -0.9679 0.2512 0.0000
vn -0.8453 0.2188 0.4874
vn -0.5067 0.1302 0.8522
vn -0.0331 0.0092 0.9994
vn 0.4579 -0.1107 0.8821
vn 0.8325 -0.1970 0.5178
vn 0.6754 -0.5274 -0.5154
vn 0.7882 -0.6154 0.0000
vn 0.3730 -0.2913 -0.8809
vn -0.0272 0.0212 -0.9994
vn -0.4137 0.3231 -0.8511
vn -0.6890 0.5380 -0.4857
vn -0.7882 0.6154 0.0000
vn -0.6890 0.5380 0.4857
vn -0.4137 0.3231 0.8511
vn -0.0272 0.0212 0.9994
vn 0.3730 -0.2913 0.8809
vn 0.6754 -0.5274 0.5155
vn 0.4025 -0.7565 -0.5154
vn 0.4697 -0.8828 0.0000
vn 0.2223 -0.4178 -0.8809
vn -0.0162 0.0304 -0.9994
vn -0.2466 0.4634 -0.8511
vn -0.4106 0.7717 -0.4857
vn -0.4697 0.8828 0.0000
vn -0.4106 0.7717 0.4857
vn -0.2466 0.4634 0.8511
vn -0.0162 0.0304 0.9994
vn 0.2223 -0.4178 0.8809
vn 0.4025 -0.7565 0.5154
vn 0.0600 -0.8548 -0.5154
vn 0.0700 -0.9975 0.0000
vn 0.0331 -0.4721 -0.8809
vn -0.0024 0.0344 -0.9994
vn -0.0367 0.5237 -0.8511
vn -0.0612 0.8720 -0.4857
vn -0.0700 0.9975 0.0000
vn -0.0612 0.8720 0.4857
vn -0.0367 0.5237 0.8511
vn -0.0024 0.0344 0.9994
vn 0.0331 -0.4721 0.8809
vn 0.0600 -0.8548 0.5154
vn -0.2929 -0.8053 -0.5154
vn -0.3417 -0.9398 0.0000
vn -0.1617 -0.4448 -0.8809
vn 0.0118 0.0324 -0.9994
vn 0.1794 0.4933 -0.8511
vn 0.2987 0.8215 -0.4857
vn 0.3417 0.9398 0.0000
vn 0.2987 0.8215 0.4857
vn 0.1794 0.4933 0.8511
vn 0.0118 0.0324 0.9994
vn -0.1617 -0.4448 0.8809
vn -0.2929 -0.8053 0.5154
vn -0.5951 -0.6166 -0.5154
vn -0.6944 -0.7195 0.0000
vn -0.3287 -0.3405 -0.8809
vn 0.0239 0.0248 -0.9994
vn 0.3645 0.3777 -0.8511
vn 0.6070 0.6289 -0.4857
vn 0.6944 0.7195 0.0000
vn 0.6070 0.6289 0.4857
vn 0.3645 0.3777 0.8511
vn 0.0239 0.0248 0.9994
vn -0.3287 -0.3405 0.8809
vn -0.5951 -0.6166 0.5154
vn -0.7944 -0.3212 -0.5154
vn -0.9271 -0.3748 0.0000
vn -0.4388 -0.1774 -0.8809
vn 0.0320 0.0129 -0.9994
vn 0.4867 0.1968 -0.8511
vn 0.8104 0.3276 -0.4857
vn 0.9271 0.3748 0.0000
vn 0.8104 0.3276 0.4857
vn 0.4867 0.1968 0.8511
vn 0.0320 0.0129 0.9994
vn -0.4388 -0.1774 0.8809
vn -0.7944 -0.3212 0.5154
vn -0.8564 0.0297 -0.5154
vn -0.9994 0.0346 0.0000
vn -0.4730 0.0164 -0.8809
vn 0.0344 -0.0012 -0.9994
vn 0.5246 -0.0182 -0.8511
vn 0.8736 -0.0303 -0.4857
vn 0.9994 -0.0346 0.0000
vn 0.8736 -0.0303 0.4857
vn 0.5246 -0.0182 0.8511
vn 0.0344 -0.0012 0.9994
vn -0.4730 0.0164 0.8809
vn -0.8564 0.0297 0.5154
vn -0.7703 0.3754 -0.5154
vn -0.8989 0.4381 0.0000
vn -0.4254 0.2073 -0.8809
vn 0.0310 -0.0151 -0.9994
vn 0.4719 -0.2300 -0.8511
vn 0.7858 -0.3830 -0.4857
vn 0.8989 -0.4381 0.0000
vn 0.7858 -0.3830 0.4857
vn 0.4719 -0.2300 0.8511
vn 0.0310 -0.0151 0.9994
vn -0.4254 0.2073 0.8809
vn -0.7703 0.3754 0.5155
vn -0.5157 0.6808 -0.5200
vn -0.6026 0.7980 0.0000
vn -0.2834 0.3704 -0.8845
vn 0.0242 -0.0333 -0.9991
vn 0.3237 -0.4175 -0.8490
vn 0.5393 -0.6889 -0.4843
vn 0.6176 -0.7865 0.0000
vn 0.5393 -0.6889 0.4843
vn 0.3237 -0.4175 0.8490
vn 0.0242 -0.0333 0.9991
vn -0.2834 0.3704 0.8845
vn -0.5157 0.6808 0.5200
vn -0.5669 0.6075 -0.5564
vn -0.6112 0.7915 0.0000
vn -0.4113 0.1633 -0.8967
vn -0.2570 -0.2325 -0.9380
vn -0.0682 -0.5529 -0.8304
vn 0.2911 -0.7416 -0.6044
vn 0.7537 -0.6572 0.0000
vn 0.3071 -0.7357 0.6036
vn -0.0590 -0.5477 0.8346
vn -0.2513 -0.2261 0.9411
vn -0.4098 0.1731 0.8956
vn -0.5665 0.6123 0.5515
vn -0.2502 -0.2692 0.9300
vn -0.0886 -0.3512 0.9321
vn 0.7161 -0.3033 0.6287
vn 0.9793 -0.2025 0.0000
vn -0.5713 0.4749 -0.6694
vn -0.6533 0.7571 0.0000
vn -0.5756 0.4918 0.6533
vn -0.3093 -0.0714 0.9482
vn -0.1169 -0.3503 -0.9293
vn -0.2566 -0.2760 -0.9262
vn -0.3009 -0.0925 -0.9491
vn 0.6974 -0.3097 -0.6463
vn 0.0580 -0.0190 0.9981
vn 0.7262 -0.2248 0.6496
vn -0.4393 0.6048 0.6642
vn -0.0361 0.0455 0.9983
vn 0.9560 -0.2934 0.0000
vn 0.7134 -0.2186 -0.6657
vn 0.0319 -0.0104 -0.9994
vn -0.0199 0.0250 -0.9995
vn -0.4285 0.5939 -0.6809
vn 0.0000 0.0000 -1.0000
vn 0.0000 0.0000 1.0000
vn -0.5841 0.8116 0.0000
vn -0.6123 0.4271 -0.6652
vn -0.8202 0.5720 0.0000
vn 0.0409 -0.0305 0.9987
vn 0.5985 -0.4476 0.6643
vn -0.6227 0.4344 0.6508
vn -0.0436 0.0306 0.9986
vn 0.8007 -0.5990 0.0000
vn 0.5876 -0.4397 -0.6792
vn 0.0225 -0.0168 -0.9996
vn -0.0240 0.0168 -0.9995
vn -0.7153 0.1786 -0.6756
vn -0.9707 0.2404 0.0000
vn 0.0369 -0.0522 0.9979
vn 0.3944 -0.6612 0.6381
vn -0.7288 0.1853 0.6591
vn -0.0552 0.0180 0.9983
vn 0.5065 -0.8622 0.0000
vn 0.3833 -0.6517 -0.6544
vn 0.0203 -0.0287 -0.9994
vn -0.0304 0.0099 -0.9995
vn -0.9625 -0.2713 -0.0000
vn -0.7767 -0.2055 0.5954
vn -0.7577 -0.2119 -0.6171
vn -0.2356 -0.6890 0.6854
vn 0.0438 -0.7941 0.6062
vn -0.5363 -0.4866 0.6897
vn 0.0269 -0.9996 -0.0001
vn 0.0296 -0.7738 -0.6327
vn -0.2446 -0.6874 -0.6838
vn -0.5307 -0.4953 -0.6878
vn -0.4055 -0.6072 -0.6832
vn -0.4055 -0.6072 0.6832
vn -0.5553 -0.8316 0.0000
vn -0.3489 -0.9371 0.0001
vn -0.7196 -0.6944 0.0000
vn -0.7020 0.3010 0.6454
vn -0.0395 0.2707 0.9618
vn -0.0557 0.0207 0.9982
vn -0.7138 0.2561 0.6518
vn 0.2752 0.0958 0.9566
vn 0.6278 -0.4087 0.6624
vn 0.4732 -0.5749 0.6675
vn 0.0380 -0.0427 0.9984
vn -0.9639 0.2661 0.0000
vn -0.9418 0.3362 0.0000
vn -0.0142 0.2712 -0.9624
vn -0.6853 0.3036 -0.6619
vn -0.7010 0.2499 -0.6679
vn -0.0307 0.0114 -0.9995
vn 0.6218 -0.3918 -0.6781
vn 0.2651 0.1151 -0.9573
vn 0.0209 -0.0235 -0.9995
vn 0.4619 -0.5643 -0.6843
vn 0.1685 0.2486 -0.9538
vn 0.1632 0.2412 0.9566
vn 0.7396 -0.6731 0.0000
vn 0.6324 -0.7746 0.0000
vn 0.6158 -0.4136 -0.6706
vn 0.8299 -0.5578 0.0000
vn -0.0075 0.0605 0.9981
vn -0.3648 0.7132 0.5985
vn 0.6266 -0.4206 0.6561
vn 0.0445 -0.0293 0.9986
vn -0.4713 0.8820 0.0000
vn -0.3600 0.7056 -0.6102
vn -0.0041 0.0333 -0.9994
vn 0.0244 -0.0161 -0.9995
vn -0.0017 0.0151 -0.9999
vn -0.0031 0.0273 0.9996
vn 0.7268 -0.1575 -0.6685
vn 0.9775 -0.2108 0.0000
vn -0.7081 0.3698 -0.6016
vn -0.8851 0.4653 0.0000
vn -0.5134 0.8581 -0.0007
vn -0.4782 0.7291 -0.4895
vn 0.7401 -0.1628 0.6525
vn 0.0557 -0.0150 0.9983
vn 0.0777 0.7298 0.6792
vn 0.2996 0.9540 0.0006
vn -0.5190 0.7606 0.3899
vn 0.0306 -0.0082 -0.9995
vn 0.1419 0.7255 -0.6734
vn -0.1510 0.0777 -0.9854
vn -0.2521 0.1297 0.9590
vn -0.2976 0.9546 0.0000
vn -0.3590 0.5350 0.7647
vn -0.7667 0.3994 0.5025
vn 0.9361 0.3518 -0.0001
vn 0.7563 0.2714 0.5952
vn 0.7375 0.2758 -0.6164
vn 0.4785 0.5475 0.6865
vn 0.4722 0.5555 -0.6844
vn -0.2767 0.4804 -0.8322
vn 0.2470 0.9690 0.0000
vn 0.1956 0.7284 -0.6566
vn 0.6352 0.7723 0.0001
vn 0.1992 0.7424 0.6396
s 1
f 1/1/1 13/2/2 24/3/3 12/4/4
f 2/5/5 14/6/6 13/7/2 1/8/1
f 3/9/7 15/10/8 14/6/6 2/5/5
f 4/11/9 16/12/10 15/10/8 3/9/7
f 5/13/11 17/14/12 16/12/10 4/11/9
f 6/15/13 18/16/14 17/14/12 5/13/11
f 7/17/15 19/18/16 18/16/14 6/15/13
f 8/19/17 20/20/18 19/18/16 7/17/15
f 9/21/19 21/22/20 20/20/18 8/19/17
f 10/23/21 22/24/22 21/22/20 9/21/19
f 11/25/23 23/26/24 22/24/22 10/23/21
f 12/4/4 24/3/3 23/26/24 11/25/23
f 13/2/2 25/27/25 36/28/26 24/3/3
f 14/6/6 26/29/27 25/30/25 13/7/2
f 15/10/8 27/31/28 26/29/27 14/6/6
f 16/12/10 28/32/29 27/31/28 15/10/8
f 17/14/12 29/33/30 28/32/29 16/12/10
f 18/16/14 30/34/31 29/33/30 17/14/12
f 19/18/16 31/35/32 30/34/31 18/16/14
f 20/20/18 32/36/33 31/35/32 19/18/16
f 21/22/20 33/37/34 32/36/33 20/20/18
f 22/24/22 34/38/35 33/37/34 21/22/20
f 23/26/24 35/39/36 34/38/35 22/24/22
f 24/3/3 36/28/26 35/39/36 23/26/24
f 25/27/25 37/40/37 48/41/38 36/28/26
f 26/29/27 38/42/39 37/43/37 25/30/25
f 27/31/28 39/44/40 38/42/39 26/29/27
f 28/32/29 40/45/41 39/44/40 27/31/28
f 29/33/30 41/46/42 40/45/41 28/32/29
f 30/34/31 42/47/43 41/46/42 29/33/30
f 31/35/32 43/48/44 42/47/43 30/34/31
f 32/36/33 44/49/45 43/48/44 31/35/32
f 33/37/34 45/50/46 44/49/45 32/36/33
f 34/38/35 46/51/47 45/50/46 33/37/34
f 35/39/36 47/52/48 46/51/47 34/38/35
f 36/28/26 48/41/38 47/52/48 35/39/36
f 37/40/37 49/53/49 60/54/50 48/41/38
f 38/42/39 50/55/51 49/56/49 37/43/37
f 39/44/40 51/57/52 50/55/51 38/42/39
f 40/45/41 52/58/53 51/57/52 39/44/40
f 41/46/42 53/59/54 52/58/53 40/45/41
f 42/47/43 54/60/55 53/59/54 41/46/42
f 43/48/44 55/61/56 54/60/55 42/47/43
f 44/49/45 56/62/57 55/61/56 43/48/44
f 45/50/46 57/63/58 56/62/57 44/49/45
f 46/51/47 58/64/59 57/63/58 45/50/46
f 47/52/48 59/65/60 58/64/59 46/51/47
f 48/41/38 60/54/50 59/65/60 47/52/48
f 49/53/49 61/66/61 72/67/62 60/54/50
f 50/55/51 62/68/63 61/69/61 49/56/49
f 51/57/52 63/70/64 62/68/63 50/55/51
f 52/58/53 64/71/65 63/70/64 51/57/52
f 53/59/54 65/72/66 64/71/65 52/58/53
f 54/60/55 66/73/67 65/72/66 53/59/54
f 55/61/56 67/74/68 66/73/67 54/60/55
f 56/62/57 68/75/69 67/74/68 55/61/56
f 57/63/58 69/76/70 68/75/69 56/62/57
f 58/64/59 70/77/71 69/76/70 57/63/58
f 59/65/60 71/78/72 70/77/71 58/64/59
f 60/54/50 72/67/62 71/78/72 59/65/60
f 61/66/61 73/79/73 84/80/74 72/67/62
f 62/68/63 74/81/75 73/82/73 61/69/61
f 63/70/64 75/83/76 74/81/75 62/68/63
f 64/71/65 76/84/77 75/83/76 63/70/64
f 65/72/66 77/85/78 76/84/77 64/71/65
f 66/73/67 78/86/79 77/85/78 65/72/66
f 67/74/68 79/87/80 78/86/79 66/73/67
f 68/75/69 80/88/81 79/87/80 67/74/68
f 69/76/70 81/89/82 80/88/81 68/75/69
f 70/77/71 82/90/83 81/89/82 69/76/70
f 71/78/72 83/91/84 82/90/83 70/77/71
f 72/67/62 84/80/74 83/91/84 71/78/72
f 73/79/73 85/92/85 96/93/86 84/80/74
f 74/81/75 86/94/87 85/95/85 73/82/73
f 75/83/76 87/96/88 86/94/87 74/81/75
f 76/84/77 88/97/89 87/96/88 75/83/76
f 77/85/78 89/98/90 88/97/89 76/84/77
f 78/86/79 90/99/91 89/98/90 77/85/78
f 79/87/80 91/100/92 90/99/91 78/86/79
f 80/88/81 92/101/93 91/100/92 79/87/80
f 81/89/82 93/102/94 92/101/93 80/88/81
f 82/90/83 94/103/95 93/102/94 81/89/82
f 83/91/84 95/104/96 94/103/95 82/90/83
f 84/80/74 96/93/86 95/104/96 83/91/84
f 85/92/85 97/105/97 108/106/98 96/93/86
f 86/94/87 98/107/99 97/108/97 85/95/85
f 87/96/88 99/109/100 98/107/99 86/94/87
f 88/97/89 100/110/101 99/109/100 87/96/88
f 89/98/90 101/111/102 100/110/101 88/97/89
f 90/99/91 102/112/103 101/111/102 89/98/90
f 91/100/92 103/113/104 102/112/103 90/99/91
f 92/101/93 104/114/105 103/113/104 91/100/92
f 93/102/94 105/115/106 104/114/105 92/101/93
f 94/103/95 106/116/107 105/115/106 93/102/94
f 95/104/96 107/117/108 106/116/107 94/103/95
f 96/93/86 108/106/98 107/117/108 95/104/96
f 97/105/97 109/118/109 120/119/110 108/106/98
f 98/107/99 110/120/111 109/121/109 97/108/97
f 99/109/100 111/122/112 110/120/111 98/107/99
f 100/110/101 112/123/113 111/122/112 99/109/100
f 101/111/102 113/124/114 112/123/113 100/110/101
f 102/112/103 114/125/115 113/124/114 101/111/102
f 103/113/104 115/126/116 114/125/115 102/112/103
f 104/114/105 116/127/117 115/126/116 103/113/104
f 105/115/106 117/128/118 116/127/117 104/114/105
f 106/116/107 118/129/119 117/128/118 105/115/106
f 107/117/108 119/130/120 118/129/119 106/116/107
f 108/106/98 120/119/110 119/130/120 107/117/108
f 109/118/109 121/131/121 132/132/122 120/119/110
f 110/120/111 122/133/123 121/134/121 109/121/109
f 111/122/112 123/135/124 122/133/123 110/120/111
f 112/123/113 124/136/125 123/135/124 111/122/112
f 113/124/114 125/137/126 124/136/125 112/123/113
f 114/125/115 126/138/127 125/137/126 113/124/114
f 115/126/116 127/139/128 126/138/127 114/125/115
f 116/127/117 128/140/129 127/139/128 115/126/116
f 117/128/118 129/141/130 128/140/129 116/127/117
f 118/129/119 130/142/131 129/141/130 117/128/118
f 119/130/120 131/143/132 130/142/131 118/129/119
f 120/119/110 132/132/122 131/143/132 119/130/120
f 121/131/121 133/144/133 144/145/134 132/132/122
f 122/133/123 134/146/135 133/147/133 121/134/121
f 123/135/124 135/148/136 134/146/135 122/133/123
f 124/136/125 136/149/137 135/148/136 123/135/124
f 125/137/126 137/150/138 136/149/137 124/136/125
f 126/138/127 138/151/139 137/150/138 125/137/126
f 127/139/128 139/152/140 138/151/139 126/138/127
f 128/140/129 140/153/141 139/152/140 127/139/128
f 129/141/130 141/154/142 140/153/141 128/140/129
f 130/142/131 142/155/143 141/154/142 129/141/130
f 131/143/132 143/156/144 142/155/143 130/142/131
f 132/132/122 144/145/134 143/156/144 131/143/132
f 133/144/133 145/157/145 156/158/146 144/145/134
f 134/146/135 146/159/147 145/160/145 133/147/133
f 135/148/136 147/161/148 146/159/147 134/146/135
f 136/149/137 148/162/149 147/161/148 135/148/136
f 137/150/138 149/163/150 148/162/149 136/149/137
f 138/151/139 150/164/151 149/163/150 137/150/138
f 139/152/140 151/165/152 150/164/151 138/151/139
f 140/153/141 152/166/153 151/165/152 139/152/140
f 141/154/142 153/167/154 152/166/153 140/153/141
f 142/155/143 154/168/155 153/167/154 141/154/142
f 143/156/144 155/169/156 154/168/155 142/155/143
f 144/145/134 156/158/146 155/169/156 143/156/144
f 145/157/145 157/170/157 168/171/158 156/158/146
f 146/159/147 158/172/159 157/173/157 145/160/145
f 147/161/148 159/174/160 158/172/159 146/159/147
f 148/162/149 160/175/161 159/174/160 147/161/148
f 149/163/150 161/176/162 160/175/161 148/162/149
f 150/164/151 162/177/163 161/176/162 149/163/150
f 151/165/152 163/178/164 162/177/163 150/164/151
f 152/166/153 164/179/165 163/178/164 151/165/152
f 153/167/154 165/180/166 164/179/165 152/166/153
f 154/168/155 166/181/167 165/180/166 153/167/154
f 155/169/156 167/182/168 166/181/167 154/168/155
f 156/158/146 168/171/158 167/182/168 155/169/156
f 157/170/157 169/183/169 180/184/170 168/171/158
f 158/172/159 170/185/171 169/186/169 157/173/157
f 159/174/160 171/187/172 170/185/171 158/172/159
f 160/175/161 172/188/173 171/187/172 159/174/160
f 161/176/162 173/189/174 172/188/173 160/175/161
f 162/177/163 174/190/175 173/189/174 161/176/162
f 163/178/164 175/191/176 174/190/175 162/177/163
f 164/179/165 176/192/177 175/191/176 163/178/164
f 165/180/166 177/193/178 176/192/177 164/179/165
f 166/181/167 178/194/179 177/193/178 165/180/166
f 167/182/168 179/195/180 178/194/179 166/181/167
f 168/171/158 180/184/170 179/195/180 167/182/168
f 169/183/169 181/196/181 192/197/182 180/184/170
f 170/185/171 182/198/183 181/199/181 169/186/169
f 171/187/172 183/200/184 182/198/183 170/185/171
f 172/188/173 184/201/185 183/200/184 171/187/172
f 173/189/174 185/202/186 184/201/185 172/188/173
f 174/190/175 186/203/187 185/202/186 173/189/174
f 175/191/176 187/204/188 186/203/187 174/190/175
f 176/192/177 188/205/189 187/204/188 175/191/176
f 177/193/178 189/206/190 188/205/189 176/192/177
f 178/194/179 190/207/191 189/206/190 177/193/178
f 179/195/180 191/208/192 190/207/191 178/194/179
f 180/184/170 192/197/182 191/208/192 179/195/180
f 181/196/181 193/209/193 204/210/194 192/197/182
f 182/198/183 194/211/195 193/212/193 181/199/181
f 183/200/184 195/213/196 194/211/195 182/198/183
f 184/201/185 196/214/197 195/213/196 183/200/184
f 185/202/186 197/215/198 196/214/197 184/201/185
f 186/203/187 198/216/199 197/215/198 185/202/186
f 187/204/188 199/217/200 198/216/199 186/203/187
f 188/205/189 200/218/201 199/217/200 187/204/188
f 189/206/190 201/219/202 200/218/201 188/205/189
f 190/207/191 202/220/203 201/219/202 189/206/190
f 191/208/192 203/221/204 202/220/203 190/207/191
f 192/197/182 204/210/194 203/221/204 191/208/192
f 193/209/193 205/222/205 216/223/206 204/210/194
f 194/211/195 206/224/207 205/225/205 193/212/193
f 195/213/196 207/226/208 206/224/207 194/211/195
f 196/214/197 208/227/209 207/226/208 195/213/196
f 197/215/198 209/228/210 208/227/209 196/214/197
f 198/216/199 210/229/211 209/228/210 197/215/198
f 199/217/200 211/230/212 210/229/211 198/216/199
f 200/218/201 212/231/213 211/230/212 199/217/200
f 201/219/202 213/232/214 212/231/213 200/218/201
f 202/220/203 214/233/215 213/232/214 201/219/202
f 203/221/204 215/234/216 214/233/215 202/220/203
f 204/210/194 216/223/206 215/234/216 203/221/204
f 205/222/205 217/235/217 228/236/218 216/223/206
f 206/224/207 218/237/219 217/238/217 205/225/205
f 207/226/208 219/239/220 218/237/219 206/224/207
f 208/227/209 220/240/221 219/239/220 207/226/208
f 209/228/210 221/241/222 220/240/221 208/227/209
f 210/229/211 222/242/223 221/241/222 209/228/210
f 211/230/212 223/243/224 222/242/223 210/229/211
f 212/231/213 224/244/225 223/243/224 211/230/212
f 213/232/214 225/245/226 224/244/225 212/231/213
f 214/233/215 226/246/227 225/245/226 213/232/214
f 215/234/216 227/247/228 226/246/227 214/233/215
f 216/223/206 228/236/218 227/247/228 215/234/216
f 217/235/217 229/248/229 240/249/230 228/236/218
f 218/237/219 230/250/231 229/251/229 217/238/217
f 219/239/220 231/252/232 230/250/231 218/237/219
f 220/240/221 232/253/233 231/252/232 219/239/220
f 221/241/222 233/254/234 232/253/233 220/240/221
f 222/242/223 234/255/235 233/254/234 221/241/222
f 223/243/224 235/256/236 234/255/235 222/242/223
f 224/244/225 236/257/237 235/256/236 223/243/224
f 225/245/226 237/258/238 236/257/237 224/244/225
f 226/246/227 238/259/239 237/258/238 225/245/226
f 227/247/228 239/260/240 238/259/239 226/246/227
f 228/236/218 240/249/230 239/260/240 227/247/228
f 229/248/229 241/261/241 252/262/242 240/249/230
f 230/250/231 242/263/243 241/264/241 229/251/229
f 231/252/232 243/265/244 242/263/243 230/250/231
f 232/253/233 244/266/245 243/265/244 231/252/232
f 233/254/234 245/267/246 244/266/245 232/253/233
f 234/255/235 246/268/247 245/267/246 233/254/234
f 235/256/236 247/269/248 246/268/247 234/255/235
f 236/257/237 248/270/249 247/269/248 235/256/236
f 237/258/238 249/271/250 248/270/249 236/257/237
f 238/259/239 250/272/251 249/271/250 237/258/238
f 239/260/240 251/273/252 250/272/251 238/259/239
f 240/249/230 252/262/242 251/273/252 239/260/240
f 241/261/241 253/274/253 264/275/254 252/262/242
f 242/263/243 254/276/255 253/277/253 241/264/241
f 243/265/244 255/278/256 254/276/255 242/263/243
f 244/266/245 256/279/257 255/278/256 243/265/244
f 245/267/246 257/280/258 256/279/257 244/266/245
f 246/268/247 258/281/259 257/280/258 245/267/246
f 247/269/248 259/282/260 258/281/259 246/268/247
f 248/270/249 260/283/261 259/282/260 247/269/248
f 249/271/250 261/284/262 260/283/261 248/270/249
f 250/272/251 262/285/263 261/284/262 249/271/250
f 251/273/252 263/286/264 262/285/263 250/272/251
f 252/262/242 264/275/254 263/286/264 251/273/252
f 253/274/253 265/287/265 276/288/266 264/275/254
f 254/276/255 266/289/267 265/290/265 253/277/253
f 255/278/256 267/291/268 266/289/267 254/276/255
f 256/279/257 268/292/269 267/291/268 255/278/256
f 257/280/258 269/293/270 268/292/269 256/279/257
f 258/281/259 270/294/271 269/293/270 257/280/258
f 259/282/260 271/295/272 270/294/271 258/281/259
f 260/283/261 272/296/273 271/295/272 259/282/260
f 261/284/262 273/297/274 272/296/273 260/283/261
f 262/285/263 274/298/275 273/297/274 261/284/262
f 263/286/264 275/299/276 274/298/275 262/285/263
f 264/275/254 276/288/266 275/299/276 263/286/264
f 265/287/265 277/300/277 288/301/278 276/288/266
f 266/289/267 278/302/279 277/303/277 265/290/265
f 267/291/268 279/304/280 278/302/279 266/289/267
f 268/292/269 280/305/281 279/304/280 267/291/268
f 269/293/270 281/306/282 280/305/281 268/292/269
f 270/294/271 282/307/283 281/306/282 269/293/270
f 271/295/272 283/308/284 282/307/283 270/294/271
f 272/296/273 284/309/285 283/308/284 271/295/272
f 273/297/274 285/310/286 284/309/285 272/296/273
f 274/298/275 286/311/287 285/310/286 273/297/274
f 275/299/276 287/312/288 286/311/287 274/298/275
f 276/288/266 288/301/278 287/312/288 275/299/276
f 277/300/277 289/313/289 300/314/290 288/301/278
f 278/302/279 290/315/291 289/316/289 277/303/277
f 279/304/280 291/317/292 290/315/291 278/302/279
f 280/305/281 292/318/293 291/317/292 279/304/280
f 281/306/282 293/319/294 292/318/293 280/305/281
f 282/307/283 294/320/295 293/319/294 281/306/282
f 283/308/284 295/321/296 294/320/295 282/307/283
f 284/309/285 296/322/297 295/321/296 283/308/284
f 285/310/286 297/323/298 296/322/297 284/309/285
f 286/311/287 298/324/299 297/323/298 285/310/286
f 287/312/288 299/325/300 298/324/299 286/311/287
f 288/301/278 300/314/290 299/325/300 287/312/288
f 296/322/297 297/323/298 309/326/301 308/327/302
f 294/320/295 295/321/296 307/328/303 306/329/304
f 300/314/290 289/313/289 301/330/305 312/331/306
f 298/324/299 299/325/300 311/332/307 310/333/308
f 299/325/300 300/314/290 312/331/306 311/332/307
f 291/317/292 292/318/293 304/334/309 303/335/310
f 289/316/289 290/315/291 302/336/311 301/337/305
f 293/319/294 294/320/295 306/329/304 305/338/312
f 292/318/293 293/319/294 305/338/312 304/334/309
f 297/323/298 298/324/299 310/333/308 309/326/301
f 290/315/291 291/317/292 303/335/310 302/336/311
f 295/321/296 296/322/297 308/327/302 307/328/303
f 307/328/303 308/327/302 320/339/313 319/340/314
f 310/333/308 311/332/307 323/341/315 322/342/316
f 306/329/304 307/328/303 319/340/314 318/343/317
f 304/334/309 305/338/312 317/344/318 316/345/319
f 301/337/305 302/336/311 314/346/320 313/347/321
f 305/338/312 306/329/304 318/343/317 317/344/318
f 303/335/310 304/334/309 316/345/319 315/348/322
f 309/326/301 310/333/308 322/342/316 321/349/323
f 308/327/302 309/326/301 321/349/323 320/339/313
f 302/336/311 303/335/310 315/348/322 314/346/320
f 311/332/307 312/331/306 324/350/324 323/341/315
f 312/331/306 301/330/305 313/351/321 324/350/324
f 324/350/324 313/351/321 325/352/325 336/353/326
f 319/340/314 320/339/313 332/354/327 331/355/328
f 322/342/316 323/341/315 335/356/329 334/357/330
f 318/343/317 319/340/314 331/355/328 330/358/331
f 316/345/319 317/344/318 329/359/332 328/360/333
f 313/347/321 314/346/320 326/361/334 325/362/325
f 317/344/318 318/343/317 330/358/331 329/359/332
f 315/348/322 316/345/319 328/360/333 327/363/322
f 321/349/323 322/342/316 334/357/330 333/364/323
f 320/339/313 321/349/323 333/364/323 332/354/327
f 314/346/320 315/348/322 327/363/322 326/361/334
f 323/341/315 324/350/324 336/353/326 335/356/329
f 336/353/326 325/352/325 337/365/335 348/366/336
f 331/355/328 332/354/327 344/367/337 343/368/338
f 334/357/330 335/356/329 347/369/339 346/370/340
f 330/358/331 331/355/328 343/368/338 342/371/341
f 328/360/333 329/359/332 341/372/342 340/373/343
f 325/362/325 326/361/334 338/374/344 337/375/335
f 329/359/332 330/358/331 342/371/341 341/372/342
f 327/363/322 328/360/333 340/373/343 339/376/322
f 333/364/323 334/357/330 346/370/340 345/377/323
f 332/354/327 333/364/323 345/377/323 344/367/337
f 326/361/334 327/363/322 339/376/322 338/374/344
f 335/356/329 336/353/326 348/366/336 347/369/339
f 347/369/339 348/366/336 360/378/345 359/379/346
f 348/366/336 337/365/335 349/380/347 360/378/345
f 343/368/338 344/367/337 356/381/348 355/382/349
f 346/370/340 347/369/339 359/379/346 358/383/350
f 342/371/341 343/368/338 355/382/349 354/384/351
f 340/373/343 341/372/342 353/385/352 352/386/353
f 337/375/335 338/374/344 350/387/354 349/388/347
f 341/372/342 342/371/341 354/384/351 353/385/352
f 339/376/322 340/373/343 352/386/353 351/389/355
f 345/377/323 346/370/340 358/383/350 357/390/356
f 344/367/337 345/377/323 357/390/356 356/381/348
f 338/374/344 339/376/322 351/389/355 350/387/354
f 361/391/357 362/392/358 356/381/348 357/390/356
f 363/393/359 361/394/357 357/395/356 358/396/350
f 350/397/354 351/398/355 361/394/357 363/393/359
f 351/389/355 352/386/353 362/392/358 361/391/357
f 362/399/358 352/400/353 353/401/352 354/402/351
f 356/403/348 362/399/358 354/402/351 355/404/349
f 360/405/345 349/406/347 350/397/354 363/393/359
f 359/407/346 360/405/345 363/393/359 358/396/350
f 370/408/360 371/409/361 383/410/362 382/411/363
f 373/412/364 374/413/365 386/414/366 385/415/367
f 369/416/368 370/408/360 382/411/363 381/417/369
f 367/418/370 368/419/371 380/420/372 379/421/373
f 364/422/374 365/423/375 377/424/376 376/425/377
f 368/419/371 369/416/368 381/417/369 380/420/372
f 366/426/378 367/418/370 379/421/373 378/427/322
f 372/428/379 373/412/364 385/415/367 384/429/323
f 371/409/361 372/428/379 384/429/323 383/410/362
f 365/423/375 366/426/378 378/427/322 377/424/376
f 374/413/365 375/430/380 387/431/381 386/414/366
f 375/430/380 364/432/374 376/433/377 387/431/381
f 387/431/381 376/433/377 388/434/382 399/435/383
f 382/411/363 383/410/362 395/436/384 394/437/385
f 385/415/367 386/414/366 398/438/386 397/439/387
f 381/417/369 382/411/363 394/437/385 393/440/388
f 379/421/373 380/420/372 392/441/389 391/442/390
f 376/425/377 377/424/376 389/443/391 388/444/382
f 380/420/372 381/417/369 393/440/388 392/441/389
f 378/427/322 379/421/373 391/442/390 390/445/392
f 384/429/323 385/415/367 397/439/387 396/446/393
f 383/410/362 384/429/323 396/446/393 395/436/384
f 377/424/376 378/427/322 390/445/392 389/443/391
f 386/414/366 387/431/381 399/435/383 398/438/386
f 399/435/383 388/434/382 400/447/394 411/448/395
f 407/449/396 406/450/397 403/451/398 427/452/399
f 397/439/387 398/438/386 410/453/400 409/454/401
f 420/455/402 424/456/403 403/451/398 404/457/404
f 388/444/382 389/443/391 401/458/405 400/459/394
f 407/460/396 427/461/399 414/462/406 402/463/407
f 396/446/393 397/439/387 409/454/401 408/464/408
f 416/465/409 417/466/410 405/467/411 406/450/397
f 389/443/391 390/445/392 402/468/407 401/458/405
f 398/438/386 399/435/383 411/448/395 410/453/400
f 410/453/400 411/448/395 423/469/412 422/470/413
f 411/448/395 400/447/394 412/471/414 423/469/412
f 406/450/397 405/467/411 404/457/404 403/451/398
f 409/454/401 410/453/400 422/470/413 421/472/415
f 424/456/403 414/462/406 427/452/399 403/451/398
f 400/459/394 401/458/405 413/473/416 412/474/414
f 408/464/408 409/454/401 421/472/415 420/475/402
f 415/476/417 416/465/409 406/450/397 407/449/396
f 401/458/405 402/468/407 414/477/406 413/473/416
f 392/441/389 393/440/388 419/478/418 425/479/419
f 426/480/420 424/456/403 420/455/402 421/481/415
f 413/482/416 414/462/406 424/456/403 426/480/420
f 419/478/418 418/483/421 417/466/410 416/465/409
f 425/479/419 419/478/418 416/465/409 415/476/417
f 393/440/388 394/437/385 418/483/421 419/478/418
f 423/484/412 412/485/414 413/482/416 426/480/420
f 422/486/413 423/484/412 426/480/420 421/481/415
f 367/418/370 366/426/378 3/9/7 2/5/5
f 366/426/378 365/423/375 4/11/9 3/9/7
f 365/423/375 364/422/374 5/13/11 4/11/9
f 364/432/374 375/430/380 6/15/13 5/13/11
f 375/430/380 374/413/365 7/17/15 6/15/13
f 374/413/365 373/412/364 8/19/17 7/17/15
f 373/412/364 372/428/379 9/21/19 8/19/17
f 372/428/379 371/409/361 10/23/21 9/21/19
f 371/409/361 370/408/360 11/25/23 10/23/21
f 370/408/360 369/416/368 12/4/4 11/25/23
f 369/416/368 368/419/371 1/1/1 12/4/4
f 368/419/371 367/418/370 2/5/5 1/8/1
f 415/487/417 407/460/396 402/463/407 390/488/392
f 425/489/419 415/487/417 390/488/392 391/490/390
f 425/489/419 391/490/390 392/491/389
f 408/492/408 420/455/402 404/493/404 405/494/411
f 396/495/393 408/492/408 405/494/411 417/496/410
f 395/497/384 396/495/393 417/496/410 418/498/421
f 395/497/384 418/498/421 394/499/385
o handle_chrome_button_01
v -3.213719 19.540472 -0.417691
v -3.031269 19.759489 -0.417691
v -3.432735 19.722921 -0.417691
v -3.250285 19.941938 -0.417691
v -3.052068 19.701572 -0.430091
v -3.098192 19.629736 -0.436289
v -3.160514 19.571392 -0.430091
v -3.211014 19.510771 -0.383697
v -3.209661 19.495926 -0.333883
v -2.986722 19.763546 -0.333883
v -3.001568 19.762194 -0.383697
v -3.192369 19.921139 -0.430091
v -3.120532 19.875015 -0.436289
v -3.062189 19.812695 -0.430091
v -3.254343 19.986485 -0.333883
v -3.252990 19.971640 -0.383697
v -3.411936 19.780838 -0.430091
v -3.365813 19.852674 -0.436289
v -3.303490 19.911018 -0.430091
v -3.477282 19.718864 -0.333883
v -3.462436 19.720217 -0.383697
v -3.271635 19.561272 -0.430091
v -3.343472 19.607395 -0.436289
v -3.401815 19.669716 -0.430091
v -3.129381 19.537683 -0.387210
v -3.120505 19.523558 -0.288206
v -3.059148 19.597210 -0.390251
v -3.045249 19.585632 -0.288206
v -3.013289 19.677042 -0.387210
v -2.997792 19.670864 -0.288206
v -3.028480 19.843826 -0.387210
v -3.014354 19.852703 -0.333883
v -3.088007 19.914059 -0.390251
v -3.076429 19.927958 -0.333883
v -3.167840 19.959919 -0.387210
v -3.161661 19.975416 -0.333883
v -3.334623 19.944727 -0.387210
v -3.343499 19.958853 -0.288206
v -3.404856 19.885201 -0.390251
v -3.418755 19.896778 -0.288206
v -3.450715 19.805368 -0.387210
v -3.466213 19.811546 -0.288206
v -3.435524 19.638584 -0.387210
v -3.449650 19.629707 -0.333883
v -3.375997 19.568352 -0.390251
v -3.387575 19.554453 -0.333883
v -3.296165 19.522491 -0.387210
v -3.302343 19.506994 -0.333883
v -3.104276 19.752838 -0.456843
v -3.170645 19.814859 -0.466170
v -3.243636 19.868931 -0.456843
v -3.158348 19.679848 -0.466170
v -3.232002 19.741205 -0.476807
v -3.305656 19.802563 -0.466170
v -3.220368 19.613480 -0.456843
v -3.293359 19.667551 -0.466170
v -3.359728 19.729572 -0.456843
vt 0.437500 0.062500
vt 0.437500 0.125000
vt 0.500000 0.125000
vt 0.500000 0.062500
vt 0.437500 0.187500
vt 0.500000 0.187500
vt 0.375000 0.000000
vt 0.375000 0.062500
vt 0.437500 0.000000
vt 0.500000 0.000000
vt 0.437500 0.250000
vt 0.500000 0.250000
vt 0.375000 0.187500
vt 0.375000 0.250000
vt 0.375000 0.125000
vt 0.437500 0.312500
vt 0.437500 0.375000
vt 0.500000 0.375000
vt 0.500000 0.312500
vt 0.437500 0.437500
vt 0.500000 0.437500
vt 0.375000 0.312500
vt 0.437500 0.500000
vt 0.500000 0.500000
vt 0.375000 0.437500
vt 0.375000 0.500000
vt 0.375000 0.375000
vt 0.437500 0.562500
vt 0.437500 0.625000
vt 0.500000 0.625000
vt 0.500000 0.562500
vt 0.437500 0.687500
vt 0.500000 0.687500
vt 0.375000 0.562500
vt 0.437500 0.750000
vt 0.500000 0.750000
vt 0.375000 0.687500
vt 0.375000 0.750000
vt 0.375000 0.625000
vt 0.437500 0.812500
vt 0.437500 0.875000
vt 0.500000 0.875000
vt 0.500000 0.812500
vt 0.437500 0.937500
vt 0.500000 0.937500
vt 0.375000 0.812500
vt 0.437500 1.000000
vt 0.500000 1.000000
vt 0.375000 0.937500
vt 0.375000 1.000000
vt 0.375000 0.875000
vt 0.187500 0.562500
vt 0.187500 0.625000
vt 0.250000 0.625000
vt 0.250000 0.562500
vt 0.312500 0.625000
vt 0.312500 0.562500
vt 0.187500 0.687500
vt 0.250000 0.687500
vt 0.312500 0.687500
vt 0.125000 0.500000
vt 0.125000 0.562500
vt 0.187500 0.500000
vt 0.250000 0.500000
vt 0.312500 0.500000
vt 0.312500 0.750000
vt 0.250000 0.750000
vt 0.187500 0.750000
vt 0.125000 0.687500
vt 0.125000 0.750000
vt 0.125000 0.625000
vn 0.4398 -0.7726 -0.4578
vn 0.6774 -0.5643 -0.4717
vn 0.7570 -0.6306 -0.1711
vn 0.5190 -0.8346 -0.1846
vn 0.8394 -0.2930 -0.4578
vn 0.9146 -0.3597 -0.1846
vn 0.0585 -0.6420 -0.7645
vn 0.2377 -0.5149 -0.8236
vn 0.0964 -0.8806 -0.4639
vn 0.1462 -0.9584 -0.2452
vn 0.8835 0.0642 -0.4639
vn 0.9690 0.0293 -0.2452
vn 0.5494 -0.1408 -0.8236
vn 0.6420 0.0584 -0.7645
vn 0.4072 -0.3392 -0.8480
vn 0.7558 0.4123 -0.5087
vn 0.5424 0.6511 -0.5308
vn 0.6099 0.7321 -0.3033
vn 0.8382 0.4572 -0.2972
vn 0.2689 0.8179 -0.5087
vn 0.2982 0.9070 -0.2971
vn 0.5149 0.2377 -0.8236
vn -0.0964 0.8806 -0.4639
vn -0.1462 0.9584 -0.2452
vn 0.1408 0.5494 -0.8236
vn -0.0584 0.6420 -0.7645
vn 0.3392 0.4072 -0.8480
vn -0.4398 0.7726 -0.4578
vn -0.6774 0.5643 -0.4717
vn -0.7570 0.6306 -0.1711
vn -0.5190 0.8345 -0.1846
vn -0.8394 0.2930 -0.4578
vn -0.9146 0.3597 -0.1846
vn -0.2377 0.5149 -0.8236
vn -0.8835 -0.0642 -0.4639
vn -0.9690 -0.0293 -0.2452
vn -0.5494 0.1408 -0.8236
vn -0.6420 -0.0585 -0.7645
vn -0.4072 0.3392 -0.8480
vn -0.7558 -0.4123 -0.5087
vn -0.5424 -0.6511 -0.5308
vn -0.6099 -0.7321 -0.3033
vn -0.8382 -0.4572 -0.2971
vn -0.2689 -0.8179 -0.5087
vn -0.2982 -0.9070 -0.2971
vn -0.5149 -0.2377 -0.8236
vn -0.1408 -0.5494 -0.8236
vn -0.3392 -0.4072 -0.8480
vn 0.3219 0.0293 -0.9463
vn 0.1816 -0.1512 -0.9716
vn 0.0000 0.0000 -1.0000
vn 0.1512 0.1816 -0.9716
vn -0.1816 0.1512 -0.9716
vn -0.0293 0.3219 -0.9463
vn 0.0293 -0.3219 -0.9463
vn -0.1512 -0.1816 -0.9716
vn -0.3219 -0.0293 -0.9463
s 1
f 452/500/422 454/501/423 455/502/424 453/503/425
f 454/501/423 456/504/426 457/505/427 455/502/424
f 428/506/428 434/507/429 452/500/422 435/508/430
f 435/508/430 452/500/422 453/503/425 436/509/431
f 456/504/426 438/510/432 437/511/433 457/505/427
f 432/512/434 429/513/435 438/510/432 456/504/426
f 433/514/436 432/512/434 456/504/426 454/501/423
f 434/507/429 433/514/436 454/501/423 452/500/422
f 458/515/437 460/516/438 461/517/439 459/518/440
f 460/516/438 462/519/441 463/520/442 461/517/439
f 429/513/435 441/521/443 458/515/437 438/510/432
f 438/510/432 458/515/437 459/518/440 437/511/433
f 462/519/441 443/522/444 442/523/445 463/520/442
f 439/524/446 431/525/447 443/522/444 462/519/441
f 440/526/448 439/524/446 462/519/441 460/516/438
f 441/521/443 440/526/448 460/516/438 458/515/437
f 464/527/449 466/528/450 467/529/451 465/530/452
f 466/528/450 468/531/453 469/532/454 467/529/451
f 431/525/447 446/533/455 464/527/449 443/522/444
f 443/522/444 464/527/449 465/530/452 442/523/445
f 468/531/453 448/534/456 447/535/457 469/532/454
f 444/536/458 430/537/459 448/534/456 468/531/453
f 445/538/460 444/536/458 468/531/453 466/528/450
f 446/533/455 445/538/460 466/528/450 464/527/449
f 470/539/461 472/540/462 473/541/463 471/542/464
f 472/540/462 474/543/465 475/544/466 473/541/463
f 430/537/459 451/545/467 470/539/461 448/534/456
f 448/534/456 470/539/461 471/542/464 447/535/457
f 474/543/465 435/546/430 436/547/431 475/544/466
f 449/548/468 428/549/428 435/546/430 474/543/465
f 450/550/469 449/548/468 474/543/465 472/540/462
f 451/545/467 450/550/469 472/540/462 470/539/461
f 476/551/470 479/552/471 480/553/472 477/554/473
f 477/554/473 480/553/472 481/555/474 478/556/475
f 479/552/471 482/557/476 483/558/477 480/553/472
f 480/553/472 483/558/477 484/559/478 481/555/474
f 429/560/435 432/561/434 476/551/470 441/562/443
f 441/562/443 476/551/470 477/554/473 440/563/448
f 440/563/448 477/554/473 478/556/475 439/564/446
f 439/564/446 478/556/475 446/533/455 431/525/447
f 478/556/475 481/555/474 445/538/460 446/533/455
f 481/555/474 484/559/478 444/536/458 445/538/460
f 484/559/478 451/565/467 430/537/459 444/536/458
f 483/558/477 450/566/469 451/565/467 484/559/478
f 482/557/476 449/567/468 450/566/469 483/558/477
f 434/568/429 428/569/428 449/567/468 482/557/476
f 433/570/436 434/568/429 482/557/476 479/552/471
f 432/561/434 433/570/436 479/552/471 476/551/470
o handle_chrome_button_02
v -3.213719 19.540472 0.684262
v -3.031269 19.759489 0.684262
v -3.432735 19.722921 0.684262
v -3.250285 19.941938 0.684262
v -3.052068 19.701572 0.696663
v -3.098191 19.629736 0.702861
v -3.160514 19.571392 0.696663
v -3.211014 19.510771 0.650269
v -3.209661 19.495926 0.600455
v -2.986722 19.763546 0.600455
v -3.001568 19.762194 0.650269
v -3.192369 19.921139 0.696663
v -3.120532 19.875015 0.702861
v -3.062189 19.812695 0.696663
v -3.254343 19.986485 0.600455
v -3.252990 19.971640 0.650269
v -3.411936 19.780838 0.696663
v -3.365812 19.852674 0.702861
v -3.303490 19.911018 0.696663
v -3.477282 19.718864 0.600455
v -3.462436 19.720217 0.650269
v -3.271635 19.561272 0.696663
v -3.343472 19.607395 0.702861
v -3.401815 19.669716 0.696663
v -3.129381 19.537683 0.653782
v -3.120505 19.523558 0.554778
v -3.059148 19.597210 0.656823
v -3.045249 19.585632 0.554778
v -3.013289 19.677042 0.653782
v -2.997792 19.670864 0.554778
v -3.028480 19.843826 0.653782
v -3.014354 19.852703 0.600455
v -3.088007 19.914059 0.656823
v -3.076429 19.927958 0.600455
v -3.167840 19.959919 0.653782
v -3.161661 19.975416 0.600455
v -3.334623 19.944727 0.653782
v -3.343499 19.958853 0.554778
v -3.404856 19.885201 0.656823
v -3.418755 19.896778 0.554778
v -3.450715 19.805368 0.653782
v -3.466213 19.811546 0.554778
v -3.435524 19.638584 0.653782
v -3.449650 19.629707 0.600455
v -3.375997 19.568352 0.656823
v -3.387575 19.554453 0.600455
v -3.296165 19.522491 0.653782
v -3.302343 19.506994 0.600455
v -3.104276 19.752838 0.723415
v -3.170645 19.814859 0.732742
v -3.243636 19.868931 0.723415
v -3.158348 19.679848 0.732741
v -3.232002 19.741205 0.743379
v -3.305656 19.802563 0.732742
v -3.220368 19.613480 0.723415
v -3.293359 19.667551 0.732742
v -3.359728 19.729572 0.723415
vt 0.437500 0.062500
vt 0.500000 0.062500
vt 0.500000 0.125000
vt 0.437500 0.125000
vt 0.500000 0.187500
vt 0.437500 0.187500
vt 0.375000 0.000000
vt 0.437500 0.000000
vt 0.375000 0.062500
vt 0.500000 0.000000
vt 0.500000 0.250000
vt 0.437500 0.250000
vt 0.375000 0.187500
vt 0.375000 0.250000
vt 0.375000 0.125000
vt 0.437500 0.312500
vt 0.500000 0.312500
vt 0.500000 0.375000
vt 0.437500 0.375000
vt 0.500000 0.437500
vt 0.437500 0.437500
vt 0.375000 0.312500
vt 0.500000 0.500000
vt 0.437500 0.500000
vt 0.375000 0.437500
vt 0.375000 0.500000
vt 0.375000 0.375000
vt 0.437500 0.562500
vt 0.500000 0.562500
vt 0.500000 0.625000
vt 0.437500 0.625000
vt 0.500000 0.687500
vt 0.437500 0.687500
vt 0.375000 0.562500
vt 0.500000 0.750000
vt 0.437500 0.750000
vt 0.375000 0.687500
vt 0.375000 0.750000
vt 0.375000 0.625000
vt 0.437500 0.812500
vt 0.500000 0.812500
vt 0.500000 0.875000
vt 0.437500 0.875000
vt 0.500000 0.937500
vt 0.437500 0.937500
vt 0.375000 0.812500
vt 0.500000 1.000000
vt 0.437500 1.000000
vt 0.375000 0.937500
vt 0.375000 1.000000
vt 0.375000 0.875000
vt 0.187500 0.562500
vt 0.250000 0.562500
vt 0.250000 0.625000
vt 0.187500 0.625000
vt 0.312500 0.562500
vt 0.312500 0.625000
vt 0.250000 0.687500
vt 0.187500 0.687500
vt 0.312500 0.687500
vt 0.125000 0.500000
vt 0.187500 0.500000
vt 0.125000 0.562500
vt 0.250000 0.500000
vt 0.312500 0.500000
vt 0.312500 0.750000
vt 0.250000 0.750000
vt 0.187500 0.750000
vt 0.125000 0.687500
vt 0.125000 0.750000
vt 0.125000 0.625000
vn 0.4398 -0.7726 0.4578
vn 0.5190 -0.8345 0.1846
vn 0.7570 -0.6306 0.1711
vn 0.6774 -0.5643 0.4717
vn 0.9146 -0.3597 0.1846
vn 0.8394 -0.2930 0.4578
vn 0.0585 -0.6420 0.7645
vn 0.0964 -0.8806 0.4639
vn 0.2377 -0.5149 0.8236
vn 0.1462 -0.9584 0.2452
vn 0.9690 0.0293 0.2452
vn 0.8835 0.0642 0.4639
vn 0.5494 -0.1408 0.8236
vn 0.6420 0.0585 0.7645
vn 0.4072 -0.3392 0.8480
vn 0.7558 0.4123 0.5087
vn 0.8382 0.4572 0.2972
vn 0.6099 0.7321 0.3033
vn 0.5424 0.6511 0.5308
vn 0.2982 0.9070 0.2971
vn 0.2689 0.8179 0.5087
vn 0.5149 0.2377 0.8236
vn -0.1462 0.9584 0.2452
vn -0.0964 0.8806 0.4639
vn 0.1408 0.5494 0.8236
vn -0.0584 0.6420 0.7645
vn 0.3392 0.4072 0.8480
vn -0.4398 0.7726 0.4578
vn -0.5190 0.8345 0.1846
vn -0.7570 0.6306 0.1711
vn -0.6774 0.5643 0.4717
vn -0.9146 0.3597 0.1846
vn -0.8394 0.2930 0.4578
vn -0.2377 0.5149 0.8236
vn -0.9690 -0.0293 0.2452
vn -0.8835 -0.0642 0.4639
vn -0.5494 0.1408 0.8236
vn -0.6420 -0.0584 0.7645
vn -0.4072 0.3392 0.8480
vn -0.7558 -0.4123 0.5087
vn -0.8382 -0.4572 0.2972
vn -0.6099 -0.7321 0.3033
vn -0.5424 -0.6511 0.5308
vn -0.2982 -0.9070 0.2971
vn -0.2689 -0.8179 0.5087
vn -0.5149 -0.2377 0.8236
vn -0.1408 -0.5494 0.8236
vn -0.3392 -0.4072 0.8480
vn 0.3219 0.0293 0.9463
vn 0.1512 0.1816 0.9716
vn 0.0000 0.0000 1.0000
vn 0.1816 -0.1512 0.9716
vn -0.0293 0.3219 0.9463
vn -0.1816 0.1512 0.9716
vn -0.1512 -0.1816 0.9716
vn 0.0293 -0.3219 0.9463
vn -0.3219 -0.0293 0.9463
s 1
f 509/571/479 510/572/480 512/573/481 511/574/482
f 511/574/482 512/573/481 514/575/483 513/576/484
f 485/577/485 492/578/486 509/571/479 491/579/487
f 492/578/486 493/580/488 510/572/480 509/571/479
f 513/576/484 514/575/483 494/581/489 495/582/490
f 489/583/491 513/576/484 495/582/490 486/584/492
f 490/585/493 511/574/482 513/576/484 489/583/491
f 491/579/487 509/571/479 511/574/482 490/585/493
f 515/586/494 516/587/495 518/588/496 517/589/497
f 517/589/497 518/588/496 520/590/498 519/591/499
f 486/584/492 495/582/490 515/586/494 498/592/500
f 495/582/490 494/581/489 516/587/495 515/586/494
f 519/591/499 520/590/498 499/593/501 500/594/502
f 496/595/503 519/591/499 500/594/502 488/596/504
f 497/597/505 517/589/497 519/591/499 496/595/503
f 498/592/500 515/586/494 517/589/497 497/597/505
f 521/598/506 522/599/507 524/600/508 523/601/509
f 523/601/509 524/600/508 526/602/510 525/603/511
f 488/596/504 500/594/502 521/598/506 503/604/512
f 500/594/502 499/593/501 522/599/507 521/598/506
f 525/603/511 526/602/510 504/605/513 505/606/514
f 501/607/515 525/603/511 505/606/514 487/608/516
f 502/609/517 523/601/509 525/603/511 501/607/515
f 503/604/512 521/598/506 523/601/509 502/609/517
f 527/610/518 528/611/519 530/612/520 529/613/521
f 529/613/521 530/612/520 532/614/522 531/615/523
f 487/608/516 505/606/514 527/610/518 508/616/524
f 505/606/514 504/605/513 528/611/519 527/610/518
f 531/615/523 532/614/522 493/617/488 492/618/486
f 506/619/525 531/615/523 492/618/486 485/620/485
f 507/621/526 529/613/521 531/615/523 506/619/525
f 508/616/524 527/610/518 529/613/521 507/621/526
f 533/622/527 534/623/528 537/624/529 536/625/530
f 534/623/528 535/626/531 538/627/532 537/624/529
f 536/625/530 537/624/529 540/628/533 539/629/534
f 537/624/529 538/627/532 541/630/535 540/628/533
f 486/631/492 498/632/500 533/622/527 489/633/491
f 498/632/500 497/634/505 534/623/528 533/622/527
f 497/634/505 496/635/503 535/626/531 534/623/528
f 496/635/503 488/596/504 503/604/512 535/626/531
f 535/626/531 503/604/512 502/609/517 538/627/532
f 538/627/532 502/609/517 501/607/515 541/630/535
f 541/630/535 501/607/515 487/608/516 508/636/524
f 540/628/533 541/630/535 508/636/524 507/637/526
f 539/629/534 540/628/533 507/637/526 506/638/525
f 491/639/487 539/629/534 506/638/525 485/640/485
f 490/641/493 536/625/530 539/629/534 491/639/487
f 489/633/491 533/622/527 536/625/530 490/641/493
o internal
v 3.362849 19.769453 -4.494929
v 4.749980 19.769453 -4.275229
v 6.001328 19.769453 -3.637635
v 6.994405 19.769453 -2.644558
v 7.631999 19.769453 -1.393210
v 7.851699 19.769453 -0.006079
v 7.631999 19.769453 1.381052
v 6.994405 19.769453 2.632401
v 6.001328 19.769453 3.625477
v 4.749980 19.769453 4.263071
v 3.362849 19.769453 4.482771
v 1.975718 19.769453 4.263071
v 0.724370 19.769453 3.625477
v -0.268707 19.769453 2.632401
v -0.906300 19.769453 1.381052
v -1.126001 19.769453 -0.006079
v -0.906300 19.769453 -1.393209
v -0.268707 19.769453 -2.644558
v 0.724370 19.769453 -3.637635
v 1.975718 19.769453 -4.275229
v 3.362849 19.859221 -4.275502
v 4.682173 19.859221 -4.066542
v 5.872353 19.859221 -3.460115
v 6.816885 19.859221 -2.515583
v 7.423311 19.859221 -1.325403
v 7.632272 19.859221 -0.006079
v 7.423311 19.859221 1.313246
v 6.816885 19.859221 2.503425
v 5.872353 19.859221 3.447957
v 4.682173 19.859221 4.054384
v 3.362849 19.859221 4.263344
v 2.043525 19.859221 4.054384
v 0.853345 19.859221 3.447957
v -0.091186 19.859221 2.503425
v -0.697613 19.859221 1.313245
v -0.906574 19.859221 -0.006079
v -0.697613 19.859221 -1.325402
v -0.091186 19.859221 -2.515582
v 0.853345 19.859221 -3.460115
v 2.043525 19.859221 -4.066542
v 3.362849 19.501417 -3.926686
v 4.574383 19.501417 -3.734798
v 5.667324 19.501417 -3.177917
v 6.534687 19.501417 -2.310554
v 7.091568 19.501417 -1.217613
v 7.283456 19.501417 -0.006079
v 7.091568 19.501417 1.205455
v 6.534687 19.501417 2.298396
v 5.667324 19.501417 3.165759
v 4.574383 19.501417 3.722640
v 3.362849 19.501417 3.914528
v 2.151315 19.501417 3.722640
v 1.058374 19.501417 3.165759
v 0.191012 19.501417 2.298396
v -0.365870 19.501417 1.205455
v -0.557758 19.501417 -0.006079
v -0.365870 19.501417 -1.217613
v 0.191012 19.501417 -2.310554
v 1.058374 19.501417 -3.177917
v 2.151315 19.501417 -3.734798
v 3.362849 19.501417 -3.793608
v 4.533259 19.501417 -3.608233
v 5.589103 19.501417 -3.070255
v 6.427024 19.501417 -2.232333
v 6.965003 19.501417 -1.176489
v 7.150378 19.501417 -0.006079
v 6.965003 19.501417 1.164332
v 6.427025 19.501417 2.220175
v 5.589103 19.501417 3.058096
v 4.533259 19.501417 3.596075
v 3.362849 19.501417 3.781450
v 2.192439 19.501417 3.596075
v 1.136595 19.501417 3.058096
v 0.298674 19.501417 2.220175
v -0.239305 19.501417 1.164332
v -0.424680 19.501417 -0.006079
v -0.239305 19.501417 -1.176489
v 0.298674 19.501417 -2.232332
v 1.136595 19.501417 -3.070254
v 2.192439 19.501417 -3.608233
v 3.362849 17.855528 -3.793608
v 4.533259 17.855528 -3.608233
v 5.589102 17.855528 -3.070255
v 6.427024 17.855528 -2.232333
v 6.965003 17.855528 -1.176489
v 7.150378 17.855528 -0.006079
v 6.965003 17.855528 1.164332
v 6.427025 17.855528 2.220175
v 5.589102 17.855528 3.058096
v 4.533259 17.855528 3.596075
v 3.362849 17.855528 3.781450
v 2.192439 17.855528 3.596075
v 1.136595 17.855528 3.058096
v 0.298674 17.855528 2.220175
v -0.239305 17.855528 1.164332
v -0.424680 17.855528 -0.006079
v -0.239305 17.855528 -1.176489
v 0.298674 17.855528 -2.232332
v 1.136595 17.855528 -3.070254
v 2.192439 17.855528 -3.608233
v 3.362849 17.855528 -3.620914
v 4.479894 17.855528 -3.443992
v 5.487596 17.855528 -2.930543
v 6.287312 17.855528 -2.130826
v 6.800761 17.855528 -1.123124
v 6.977685 17.855528 -0.006079
v 6.800761 17.855528 1.110967
v 6.287313 17.855528 2.118668
v 5.487596 17.855528 2.918385
v 4.479894 17.855528 3.431834
v 3.362849 17.855528 3.608757
v 2.245803 17.855528 3.431834
v 1.238102 17.855528 2.918385
v 0.438386 17.855528 2.118668
v -0.075064 17.855528 1.110966
v -0.251987 17.855528 -0.006079
v -0.075064 17.855528 -1.123124
v 0.438386 17.855528 -2.130825
v 1.238102 17.855528 -2.930542
v 2.245803 17.855528 -3.443992
v 3.362849 16.030729 -3.620914
v 4.479895 16.030729 -3.443992
v 5.487597 16.030729 -2.930543
v 6.287313 16.030729 -2.130826
v 6.800762 16.030729 -1.123124
v 6.977685 16.030729 -0.006079
v 6.800762 16.030729 1.110967
v 6.287313 16.030729 2.118668
v 5.487597 16.030729 2.918385
v 4.479895 16.030729 3.431834
v 3.362849 16.030729 3.608757
v 2.245804 16.030729 3.431834
v 1.238102 16.030729 2.918385
v 0.438386 16.030729 2.118668
v -0.075064 16.030729 1.110966
v -0.251986 16.030729 -0.006079
v -0.075064 16.030729 -1.123124
v 0.438386 16.030729 -2.130825
v 1.238102 16.030729 -2.930542
v 2.245804 16.030729 -3.443992
v 3.362847 13.025194 -5.882068
v 5.178627 13.025194 -5.594477
v 6.816667 13.025194 -4.759855
v 8.116622 13.025194 -3.459899
v 8.951244 13.025194 -1.821859
v 9.238837 13.025194 -0.006079
v 8.951244 13.025194 1.809702
v 8.116623 13.025194 3.447741
v 6.816667 13.025194 4.747696
v 5.178627 13.025194 5.582318
v 3.362847 13.025194 5.869910
v 1.547067 13.025194 5.582318
v -0.090973 13.025194 4.747696
v -1.390927 13.025194 3.447741
v -2.225551 13.025194 1.809701
v -2.513142 13.025194 -0.006079
v -2.225551 13.025194 -1.821859
v -1.390927 13.025194 -3.459898
v -0.090973 13.025194 -4.759854
v 1.547067 13.025194 -5.594477
v 3.362845 10.598471 -8.282234
v 5.920317 10.598471 -7.877171
v 8.227448 10.598471 -6.701631
v 10.058395 10.598471 -4.870682
v 11.233936 10.598471 -2.563552
v 11.639002 10.598471 -0.006079
v 11.233936 10.598471 2.551394
v 10.058396 10.598471 4.858523
v 8.227448 10.598471 6.689472
v 5.920317 10.598471 7.865012
v 3.362845 10.598471 8.270078
v 0.805373 10.598471 7.865012
v -1.501758 10.598471 6.689472
v -3.332705 10.598471 4.858523
v -4.508247 10.598471 2.551393
v -4.913310 10.598471 -0.006079
v -4.508247 10.598471 -2.563551
v -3.332705 10.598471 -4.870680
v -1.501758 10.598471 -6.701630
v 0.805373 10.598471 -7.877171
v 3.362845 -26.094563 -8.282234
v 5.920317 -26.094563 -7.877171
v 8.227448 -26.094563 -6.701631
v 10.058395 -26.094563 -4.870682
v 11.233936 -26.094563 -2.563552
v 11.639002 -26.094563 -0.006079
v 11.233936 -26.094563 2.551394
v 10.058396 -26.094563 4.858523
v 8.227448 -26.094563 6.689472
v 5.920317 -26.094563 7.865012
v 3.362845 -26.094563 8.270078
v 0.805373 -26.094563 7.865012
v -1.501758 -26.094563 6.689472
v -3.332705 -26.094563 4.858523
v -4.508247 -26.094563 2.551393
v -4.913310 -26.094563 -0.006079
v -4.508247 -26.094563 -2.563551
v -3.332705 -26.094563 -4.870680
v -1.501758 -26.094563 -6.701630
v 0.805373 -26.094563 -7.877171
v 3.362849 19.859221 -4.067968
v 3.362849 19.719679 -3.926686
v 3.362849 19.818350 -3.968783
v 4.574383 19.719679 -3.734798
v 4.618042 19.859221 -3.869165
v 4.587392 19.818350 -3.774834
v 5.667324 19.719679 -3.177917
v 5.750368 19.859221 -3.292217
v 5.692068 19.818350 -3.211974
v 6.534687 19.719679 -2.310554
v 6.648986 19.859221 -2.393598
v 6.568744 19.818350 -2.335298
v 7.091568 19.719679 -1.217613
v 7.225935 19.859221 -1.261271
v 7.131604 19.818350 -1.230621
v 7.283456 19.719679 -0.006079
v 7.424738 19.859221 -0.006079
v 7.325553 19.818350 -0.006079
v 7.091568 19.719679 1.205455
v 7.225935 19.859221 1.249114
v 7.131604 19.818350 1.218464
v 6.534687 19.719679 2.298396
v 6.648987 19.859221 2.381440
v 6.568744 19.818350 2.323140
v 5.667324 19.719679 3.165759
v 5.750368 19.859221 3.280059
v 5.692068 19.818350 3.199816
v 4.574383 19.719679 3.722640
v 4.618042 19.859221 3.857008
v 4.587392 19.818350 3.762676
v 3.362849 19.719679 3.914528
v 3.362849 19.859221 4.055810
v 3.362849 19.818350 3.956625
v 2.151315 19.719679 3.722640
v 2.107657 19.859221 3.857008
v 2.138307 19.818350 3.762676
v 1.058374 19.719679 3.165759
v 0.975331 19.859221 3.280059
v 1.033630 19.818350 3.199816
v 0.191012 19.719679 2.298396
v 0.076712 19.859221 2.381440
v 0.156955 19.818350 2.323140
v -0.365870 19.719679 1.205455
v -0.500237 19.859221 1.249114
v -0.405906 19.818350 1.218464
v -0.557758 19.719679 -0.006079
v -0.699040 19.859221 -0.006079
v -0.599855 19.818350 -0.006079
v -0.365870 19.719679 -1.217613
v -0.500237 19.859221 -1.261271
v -0.405906 19.818350 -1.230621
v 0.191012 19.719679 -2.310554
v 0.076712 19.859221 -2.393597
v 0.156955 19.818350 -2.335297
v 1.058374 19.719679 -3.177917
v 0.975331 19.859221 -3.292217
v 1.033630 19.818350 -3.211974
v 2.151315 19.719679 -3.734798
v 2.107657 19.859221 -3.869165
v 2.138307 19.818350 -3.774834
vt 0.416219 0.129235
vt 0.445402 0.186510
vt 0.445402 0.186510
vt 0.416219 0.129235
vt 0.323428 0.478370
vt 0.250736 0.489883
vt 0.250000 0.473738
vt 0.319139 0.462787
vt 0.390405 0.444502
vt 0.324828 0.477915
vt 0.381510 0.431008
vt 0.443637 0.391595
vt 0.391595 0.443637
vt 0.431008 0.381510
vt 0.477915 0.324828
vt 0.444502 0.390405
vt 0.462787 0.319139
vt 0.489883 0.250736
vt 0.478370 0.323428
vt 0.473738 0.250000
vt 0.478370 0.176572
vt 0.489883 0.249264
vt 0.462787 0.180861
vt 0.444502 0.109595
vt 0.477915 0.175172
vt 0.431008 0.118490
vt 0.391595 0.056363
vt 0.443637 0.108405
vt 0.381510 0.068992
vt 0.324828 0.022085
vt 0.390405 0.055498
vt 0.319139 0.037213
vt 0.250736 0.010117
vt 0.323428 0.021630
vt 0.250000 0.026262
vt 0.176572 0.021630
vt 0.249264 0.010117
vt 0.180861 0.037213
vt 0.109595 0.055498
vt 0.175172 0.022085
vt 0.118490 0.068992
vt 0.056363 0.108405
vt 0.108405 0.056363
vt 0.068992 0.118490
vt 0.022085 0.175172
vt 0.055498 0.109595
vt 0.037213 0.180861
vt 0.010117 0.249264
vt 0.021630 0.176572
vt 0.026262 0.250000
vt 0.021630 0.323428
vt 0.010117 0.250736
vt 0.037213 0.319139
vt 0.055498 0.390405
vt 0.022085 0.324828
vt 0.068992 0.381510
vt 0.108405 0.443637
vt 0.056363 0.391595
vt 0.118490 0.431008
vt 0.175172 0.477915
vt 0.109595 0.444502
vt 0.180861 0.462788
vt 0.249264 0.489883
vt 0.176572 0.478370
vt 0.250000 0.455458
vt 0.186510 0.445403
vt 0.186510 0.445403
vt 0.250000 0.455458
vt 0.416219 0.370765
vt 0.370765 0.416219
vt 0.370765 0.416219
vt 0.416219 0.370765
vt 0.445402 0.313490
vt 0.445402 0.313490
vt 0.455458 0.250000
vt 0.455458 0.250000
vt 0.462862 0.250000
vt 0.452444 0.184222
vt 0.370765 0.083781
vt 0.370765 0.083781
vt 0.313490 0.054598
vt 0.313490 0.054598
vt 0.250000 0.044542
vt 0.250000 0.044542
vt 0.186510 0.054598
vt 0.186510 0.054598
vt 0.129235 0.083781
vt 0.129235 0.083781
vt 0.083781 0.129235
vt 0.083781 0.129235
vt 0.054598 0.186510
vt 0.054598 0.186510
vt 0.044542 0.250000
vt 0.044542 0.250000
vt 0.054598 0.313490
vt 0.054598 0.313490
vt 0.083781 0.370765
vt 0.083781 0.370765
vt 0.129235 0.416219
vt 0.129235 0.416219
vt 0.313490 0.445403
vt 0.313490 0.445403
vt 0.370765 0.416219
vt 0.416219 0.370765
vt 0.077791 0.124883
vt 0.047556 0.184222
vt 0.422209 0.124883
vt 0.037138 0.250000
vt 0.375117 0.077791
vt 0.250000 0.462862
vt 0.315778 0.452444
vt 0.047556 0.315778
vt 0.315778 0.047556
vt 0.375117 0.422209
vt 0.077791 0.375117
vt 0.250000 0.037138
vt 0.422209 0.375117
vt 0.124883 0.422209
vt 0.184222 0.047556
vt 0.452444 0.315778
vt 0.184222 0.452444
vt 0.124883 0.077791
vt 0.044542 0.250000
vt 0.054598 0.186510
vt 0.054598 0.186510
vt 0.044542 0.250000
vt 0.083781 0.370765
vt 0.129235 0.416219
vt 0.250000 0.044542
vt 0.186510 0.054598
vt 0.445402 0.313490
vt 0.186510 0.445403
vt 0.129235 0.083781
vt 0.455458 0.250000
vt 0.250000 0.455458
vt 0.083781 0.129235
vt 0.445402 0.186510
vt 0.416219 0.129235
vt 0.370765 0.083781
vt 0.313490 0.445403
vt 0.054598 0.313490
vt 0.313490 0.054598
vt 0.129235 0.083781
vt 0.186510 0.054598
vt 0.186510 0.054598
vt 0.129235 0.083781
vt 0.416219 0.129235
vt 0.370765 0.083781
vt 0.250000 0.455458
vt 0.313490 0.445403
vt 0.054598 0.313490
vt 0.313490 0.054598
vt 0.370765 0.416219
vt 0.083781 0.370765
vt 0.250000 0.044542
vt 0.416219 0.370765
vt 0.129235 0.416219
vt 0.445402 0.313490
vt 0.186510 0.445403
vt 0.455458 0.250000
vt 0.083781 0.129235
vt 0.445402 0.186510
vt 0.313490 0.054598
vt 0.370765 0.083781
vt 0.370765 0.083781
vt 0.313490 0.054598
vt 0.445402 0.313490
vt 0.455458 0.250000
vt 0.186510 0.445403
vt 0.250000 0.455458
vt 0.083781 0.129235
vt 0.445402 0.186510
vt 0.054598 0.186510
vt 0.416219 0.129235
vt 0.044542 0.250000
vt 0.313490 0.445403
vt 0.054598 0.313490
vt 0.370765 0.416219
vt 0.083781 0.370765
vt 0.250000 0.044542
vt 0.416219 0.370765
vt 0.129235 0.416219
vt 0.445402 0.186510
vt 0.455458 0.250000
vt 0.455458 0.250000
vt 0.445402 0.186510
vt 0.313490 0.445403
vt 0.370765 0.416219
vt 0.054598 0.313490
vt 0.083781 0.370765
vt 0.250000 0.044542
vt 0.416219 0.370765
vt 0.129235 0.416219
vt 0.186510 0.054598
vt 0.445402 0.313490
vt 0.186510 0.445403
vt 0.129235 0.083781
vt 0.250000 0.455458
vt 0.083781 0.129235
vt 0.054598 0.186510
vt 0.416219 0.129235
vt 0.044542 0.250000
vt 0.416219 0.370765
vt 0.370765 0.416219
vt 0.370765 0.416219
vt 0.416219 0.370765
vt 0.083781 0.129235
vt 0.054598 0.186510
vt 0.416219 0.129235
vt 0.044542 0.250000
vt 0.370765 0.083781
vt 0.250000 0.455458
vt 0.313490 0.445403
vt 0.054598 0.313490
vt 0.313490 0.054598
vt 0.083781 0.370765
vt 0.250000 0.044542
vt 0.129235 0.416219
vt 0.186510 0.054598
vt 0.445402 0.313490
vt 0.186510 0.445403
vt 0.129235 0.083781
vt 0.044542 0.250000
vt 0.054598 0.186510
vt 0.054598 0.186510
vt 0.044542 0.250000
vt 0.083781 0.370765
vt 0.129235 0.416219
vt 0.250000 0.044542
vt 0.186510 0.054598
vt 0.445402 0.313490
vt 0.186510 0.445403
vt 0.129235 0.083781
vt 0.455458 0.250000
vt 0.250000 0.455458
vt 0.083781 0.129235
vt 0.445402 0.186510
vt 0.416219 0.129235
vt 0.370765 0.083781
vt 0.313490 0.445403
vt 0.054598 0.313490
vt 0.313490 0.054598
vt 0.313490 0.445403
vt 0.250000 0.455458
vt 0.186510 0.445403
vt 0.129235 0.416219
vt 0.083781 0.370765
vt 0.054598 0.313490
vt 0.083781 0.129235
vt 0.129235 0.083781
vt 0.186510 0.054598
vt 0.250000 0.044542
vt 0.313490 0.054598
vt 0.370765 0.083781
vt 0.416219 0.129235
vt 0.445402 0.186510
vt 0.455458 0.250000
vt 0.445402 0.313490
vt 0.416219 0.370765
vt 0.370765 0.416219
vt 0.313490 0.445403
vt 0.250000 0.455458
vt 0.370765 0.416219
vt 0.416219 0.370765
vt 0.445402 0.313490
vt 0.455458 0.250000
vt 0.445402 0.186510
vt 0.416219 0.129235
vt 0.370765 0.083781
vt 0.313490 0.054598
vt 0.250000 0.044542
vt 0.186510 0.054598
vt 0.129235 0.083781
vt 0.083781 0.129235
vt 0.054598 0.186510
vt 0.044542 0.250000
vt 0.054598 0.313490
vt 0.083781 0.370765
vt 0.129235 0.416219
vt 0.186510 0.445403
vn -0.7920 0.2043 -0.5754
vn -0.9310 0.2043 -0.3025
vn -0.9511 0.0000 -0.3090
vn -0.8090 0.0000 -0.5878
vn 0.1170 0.9255 -0.3601
vn 0.0000 0.9255 -0.3786
vn 0.0000 0.9774 -0.2114
vn 0.0653 0.9774 -0.2010
vn 0.2226 0.9255 -0.3063
vn 0.1242 0.9774 -0.1710
vn 0.3063 0.9255 -0.2226
vn 0.1710 0.9774 -0.1242
vn 0.3601 0.9255 -0.1170
vn 0.2010 0.9774 -0.0653
vn 0.3786 0.9255 0.0000
vn 0.2114 0.9774 0.0000
vn 0.3601 0.9255 0.1170
vn 0.2010 0.9774 0.0653
vn 0.3063 0.9255 0.2226
vn 0.1710 0.9774 0.1242
vn 0.2226 0.9255 0.3063
vn 0.1242 0.9774 0.1710
vn 0.1170 0.9255 0.3601
vn 0.0653 0.9774 0.2010
vn -0.0000 0.9255 0.3786
vn -0.0000 0.9774 0.2114
vn -0.1170 0.9255 0.3601
vn -0.0653 0.9774 0.2010
vn -0.2226 0.9255 0.3063
vn -0.1242 0.9774 0.1710
vn -0.3063 0.9255 0.2226
vn -0.1710 0.9774 0.1242
vn -0.3601 0.9255 0.1170
vn -0.2010 0.9774 0.0653
vn -0.3786 0.9255 -0.0000
vn -0.2114 0.9774 -0.0000
vn -0.3601 0.9255 -0.1170
vn -0.2010 0.9774 -0.0653
vn -0.3063 0.9255 -0.2226
vn -0.1710 0.9774 -0.1242
vn -0.2226 0.9255 -0.3063
vn -0.1242 0.9774 -0.1710
vn -0.1170 0.9255 -0.3601
vn -0.0653 0.9774 -0.2010
vn -0.0000 0.2043 0.9789
vn 0.3025 0.2043 0.9310
vn 0.3090 0.0000 0.9511
vn -0.0000 0.0000 1.0000
vn -0.7920 0.2043 0.5754
vn -0.5754 0.2043 0.7920
vn -0.5878 0.0000 0.8090
vn -0.8090 0.0000 0.5878
vn -0.9310 0.2043 0.3025
vn -0.9511 0.0000 0.3090
vn -0.9789 0.2043 -0.0000
vn -1.0000 0.0000 -0.0000
vn -0.1754 0.9845 0.0000
vn -0.1668 0.9845 -0.0542
vn -0.5754 0.2043 -0.7920
vn -0.5878 0.0000 -0.8090
vn -0.3025 0.2043 -0.9310
vn -0.3090 0.0000 -0.9511
vn -0.0000 0.2043 -0.9789
vn -0.0000 0.0000 -1.0000
vn 0.3025 0.2043 -0.9310
vn 0.3090 0.0000 -0.9511
vn 0.5754 0.2043 -0.7920
vn 0.5878 0.0000 -0.8090
vn 0.7920 0.2043 -0.5754
vn 0.8090 0.0000 -0.5878
vn 0.9310 0.2043 -0.3025
vn 0.9511 0.0000 -0.3090
vn 0.9789 0.2043 0.0000
vn 1.0000 0.0000 0.0000
vn 0.9310 0.2043 0.3025
vn 0.9511 0.0000 0.3090
vn 0.7920 0.2043 0.5754
vn 0.8090 0.0000 0.5878
vn 0.5754 0.2043 0.7920
vn 0.5878 0.0000 0.8090
vn -0.3025 0.2043 0.9310
vn -0.3090 0.0000 0.9511
vn 0.0000 1.0000 0.0000
vn 0.1419 0.9845 -0.1031
vn 0.1668 0.9845 -0.0542
vn -0.1419 0.9845 -0.1031
vn 0.1754 0.9845 -0.0000
vn -0.1031 0.9845 -0.1419
vn 0.0000 0.9845 0.1754
vn -0.0542 0.9845 0.1668
vn 0.1668 0.9845 0.0542
vn -0.0542 0.9845 -0.1668
vn -0.1031 0.9845 0.1419
vn 0.1419 0.9845 0.1031
vn 0.0000 0.9845 -0.1754
vn -0.1419 0.9845 0.1031
vn 0.1031 0.9845 0.1419
vn 0.0542 0.9845 -0.1668
vn -0.1668 0.9845 0.0542
vn 0.0542 0.9845 0.1668
vn 0.1031 0.9845 -0.1419
vn -0.7600 -0.6012 -0.2469
vn -0.7991 -0.6012 0.0000
vn -0.7539 -0.6570 0.0000
vn -0.7170 -0.6570 -0.2330
vn -0.6099 -0.6570 0.4431
vn -0.4431 -0.6570 0.6099
vn -0.4179 -0.7032 0.5752
vn -0.5752 -0.7032 0.4179
vn 0.7600 -0.6012 -0.2469
vn 0.6465 -0.6012 -0.4697
vn 0.6099 -0.6570 -0.4431
vn 0.7170 -0.6570 -0.2330
vn -0.6465 -0.6012 -0.4697
vn -0.6099 -0.6570 -0.4431
vn 0.7991 -0.6012 -0.0000
vn 0.7539 -0.6570 -0.0000
vn -0.4697 -0.6012 -0.6465
vn -0.4431 -0.6570 -0.6099
vn -0.2469 -0.6012 0.7600
vn -0.0000 -0.6012 0.7991
vn -0.0000 -0.6570 0.7539
vn -0.2330 -0.6570 0.7170
vn 0.7600 -0.6012 0.2469
vn 0.7170 -0.6570 0.2330
vn -0.2469 -0.6012 -0.7600
vn -0.2330 -0.6570 -0.7170
vn -0.4697 -0.6012 0.6465
vn 0.6465 -0.6012 0.4697
vn 0.6099 -0.6570 0.4431
vn -0.0000 -0.6012 -0.7991
vn -0.0000 -0.6570 -0.7539
vn -0.6465 -0.6012 0.4697
vn 0.4697 -0.6012 0.6465
vn 0.4431 -0.6570 0.6099
vn 0.2469 -0.6012 -0.7600
vn 0.2330 -0.6570 -0.7170
vn -0.7600 -0.6012 0.2469
vn -0.7170 -0.6570 0.2330
vn 0.2469 -0.6012 0.7600
vn 0.2330 -0.6570 0.7170
vn 0.4697 -0.6012 -0.6465
vn 0.4431 -0.6570 -0.6099
vn 0.5752 -0.7032 0.4179
vn 0.4179 -0.7032 0.5752
vn 0.0000 -0.7032 -0.7110
vn 0.2197 -0.7032 -0.6762
vn -0.6762 -0.7032 0.2197
vn 0.2197 -0.7032 0.6762
vn 0.4179 -0.7032 -0.5752
vn -0.7110 -0.7032 0.0000
vn 0.0000 -0.7032 0.7110
vn 0.5752 -0.7032 -0.4179
vn -0.6762 -0.7032 -0.2197
vn 0.6762 -0.7032 -0.2197
vn -0.5752 -0.7032 -0.4179
vn 0.7110 -0.7032 0.0000
vn -0.4179 -0.7032 -0.5752
vn -0.2197 -0.7032 0.6762
vn 0.6762 -0.7032 0.2197
vn -0.2197 -0.7032 -0.6762
vn -0.2842 0.3924 0.8748
vn 0.0000 0.3924 0.9198
vn 0.0000 0.9246 0.3810
vn -0.1177 0.9246 0.3623
vn -0.5406 0.3924 0.7441
vn -0.2239 0.9246 0.3082
vn -0.7441 0.3924 0.5406
vn -0.3082 0.9246 0.2239
vn -0.8748 0.3924 0.2842
vn -0.3623 0.9246 0.1177
vn -0.9198 0.3924 -0.0000
vn -0.3810 0.9246 0.0000
vn -0.8748 0.3924 -0.2842
vn -0.3623 0.9246 -0.1177
vn -0.7441 0.3924 -0.5406
vn -0.3082 0.9246 -0.2239
vn -0.5406 0.3924 -0.7441
vn -0.2239 0.9246 -0.3082
vn -0.2842 0.3924 -0.8748
vn -0.1177 0.9246 -0.3623
vn 0.0000 0.3924 -0.9198
vn 0.0000 0.9246 -0.3810
vn 0.2842 0.3924 -0.8748
vn 0.1177 0.9246 -0.3623
vn 0.5406 0.3924 -0.7441
vn 0.2239 0.9246 -0.3082
vn 0.7441 0.3924 -0.5406
vn 0.3082 0.9246 -0.2239
vn 0.8748 0.3924 -0.2842
vn 0.3623 0.9246 -0.1177
vn 0.9198 0.3924 -0.0000
vn 0.3810 0.9246 -0.0000
vn 0.8748 0.3924 0.2842
vn 0.3623 0.9246 0.1177
vn 0.7441 0.3924 0.5406
vn 0.3082 0.9246 0.2239
vn 0.5406 0.3924 0.7441
vn 0.2239 0.9246 0.3082
vn 0.2842 0.3924 0.8748
vn 0.1177 0.9246 0.3623
s 1
f 763/642/536 760/643/537 588/644/538 589/645/539
f 543/646/540 542/647/541 562/648/542 563/649/543
f 544/650/544 543/651/540 563/649/543 564/652/545
f 545/653/546 544/654/544 564/652/545 565/655/547
f 546/656/548 545/657/546 565/655/547 566/658/549
f 547/659/550 546/660/548 566/658/549 567/661/551
f 548/662/552 547/663/550 567/661/551 568/664/553
f 549/665/554 548/666/552 568/664/553 569/667/555
f 550/668/556 549/669/554 569/667/555 570/670/557
f 551/671/558 550/672/556 570/670/557 571/673/559
f 552/674/560 551/675/558 571/673/559 572/676/561
f 553/677/562 552/678/560 572/676/561 573/679/563
f 554/680/564 553/681/562 573/679/563 574/682/565
f 555/683/566 554/684/564 574/682/565 575/685/567
f 556/686/568 555/687/566 575/685/567 576/688/569
f 557/689/570 556/690/568 576/688/569 577/691/571
f 558/692/572 557/693/570 577/691/571 578/694/573
f 559/695/574 558/696/572 578/694/573 579/697/575
f 560/698/576 559/699/574 579/697/575 580/700/577
f 561/701/578 560/702/576 580/700/577 581/703/579
f 542/704/541 561/705/578 581/703/579 562/648/542
f 743/706/580 799/707/581 601/708/582 582/709/583
f 751/710/584 748/711/585 584/712/586 585/713/587
f 754/714/588 751/710/584 585/713/587 586/715/589
f 757/716/590 754/714/588 586/715/589 587/717/591
f 758/718/592 761/719/593 568/664/553 567/661/551
f 760/643/537 757/716/590 587/717/591 588/644/538
f 766/720/594 763/642/536 589/645/539 590/721/595
f 769/722/596 766/720/594 590/721/595 591/723/597
f 772/724/598 769/722/596 591/723/597 592/725/599
f 775/726/600 772/724/598 592/725/599 593/727/601
f 778/728/602 775/726/600 593/727/601 594/729/603
f 781/730/604 778/728/602 594/729/603 595/731/605
f 784/732/606 781/730/604 595/731/605 596/733/607
f 787/734/608 784/732/606 596/733/607 597/735/609
f 790/736/610 787/734/608 597/735/609 598/737/611
f 793/738/612 790/736/610 598/737/611 599/739/613
f 796/740/614 793/738/612 599/739/613 600/741/615
f 799/707/581 796/740/614 600/741/615 601/708/582
f 748/711/585 745/742/616 583/743/617 584/712/586
f 585/713/618 584/712/618 604/744/618 605/745/618
f 782/746/619 785/747/620 576/688/569 575/685/567
f 761/719/593 764/748/621 569/667/555 568/664/553
f 785/747/620 788/749/622 577/691/571 576/688/569
f 764/748/621 767/750/623 570/670/557 569/667/555
f 742/751/624 746/752/625 563/649/543 562/648/542
f 788/749/622 791/753/626 578/694/573 577/691/571
f 767/750/623 770/754/627 571/673/559 570/670/557
f 746/752/625 749/755/628 564/652/545 563/649/543
f 791/753/626 794/756/629 579/697/575 578/694/573
f 770/754/627 773/757/630 572/676/561 571/673/559
f 749/755/628 752/758/631 565/655/547 564/652/545
f 794/756/629 797/759/632 580/700/577 579/697/575
f 773/757/630 776/760/633 573/679/563 572/676/561
f 752/758/631 755/761/634 566/658/549 565/655/547
f 797/759/632 800/762/635 581/703/579 580/700/577
f 776/760/633 779/763/636 574/682/565 573/679/563
f 755/761/634 758/718/592 567/661/551 566/658/549
f 800/762/635 742/751/624 562/648/542 581/703/579
f 779/763/636 782/746/619 575/685/567 574/682/565
f 617/764/609 616/765/607 636/766/607 637/767/609
f 600/741/618 599/739/618 619/768/618 620/769/618
f 593/727/618 592/725/618 612/770/618 613/771/618
f 586/715/618 585/713/618 605/745/618 606/772/618
f 601/708/618 600/741/618 620/769/618 621/773/618
f 594/729/618 593/727/618 613/771/618 614/774/618
f 587/717/618 586/715/618 606/772/618 607/775/618
f 582/709/618 601/708/618 621/773/618 602/776/618
f 595/731/618 594/729/618 614/774/618 615/777/618
f 588/644/618 587/717/618 607/775/618 608/778/618
f 596/733/618 595/731/618 615/777/618 616/765/618
f 589/645/618 588/644/618 608/778/618 609/779/618
f 597/735/618 596/733/618 616/765/618 617/764/618
f 590/721/618 589/645/618 609/779/618 610/780/618
f 583/743/618 582/709/618 602/776/618 603/781/618
f 598/737/618 597/735/618 617/764/618 618/782/618
f 591/723/618 590/721/618 610/780/618 611/783/618
f 584/712/618 583/743/618 603/781/618 604/744/618
f 599/739/618 598/737/618 618/782/618 619/768/618
f 592/725/618 591/723/618 611/783/618 612/770/618
f 634/784/618 633/785/618 653/786/618 654/787/618
f 610/780/595 609/779/539 629/788/539 630/789/595
f 603/781/617 602/776/583 622/790/583 623/791/617
f 618/782/611 617/764/609 637/767/609 638/792/611
f 611/783/597 610/780/595 630/789/595 631/793/597
f 604/744/586 603/781/617 623/791/617 624/794/586
f 619/768/613 618/782/611 638/792/611 639/795/613
f 612/770/599 611/783/597 631/793/597 632/796/599
f 605/745/587 604/744/586 624/794/586 625/797/587
f 620/769/615 619/768/613 639/795/613 640/798/615
f 613/771/601 612/770/599 632/796/599 633/785/601
f 606/772/589 605/745/587 625/797/587 626/799/589
f 621/773/582 620/769/615 640/798/615 641/800/582
f 614/774/603 613/771/601 633/785/601 634/784/603
f 607/775/591 606/772/589 626/799/589 627/801/591
f 602/776/583 621/773/582 641/800/582 622/790/583
f 615/777/605 614/774/603 634/784/603 635/802/605
f 608/778/538 607/775/591 627/801/591 628/803/538
f 616/765/607 615/777/605 635/802/605 636/766/607
f 609/779/539 608/778/538 628/803/538 629/788/539
f 651/804/597 650/805/595 670/806/595 671/807/597
f 627/801/618 626/799/618 646/808/618 647/809/618
f 622/790/618 641/800/618 661/810/618 642/811/618
f 635/802/618 634/784/618 654/787/618 655/812/618
f 628/803/618 627/801/618 647/809/618 648/813/618
f 636/766/618 635/802/618 655/812/618 656/814/618
f 629/788/618 628/803/618 648/813/618 649/815/618
f 637/767/618 636/766/618 656/814/618 657/816/618
f 630/789/618 629/788/618 649/815/618 650/805/618
f 623/791/618 622/790/618 642/811/618 643/817/618
f 638/792/618 637/767/618 657/816/618 658/818/618
f 631/793/618 630/789/618 650/805/618 651/804/618
f 624/794/618 623/791/618 643/817/618 644/819/618
f 639/795/618 638/792/618 658/818/618 659/820/618
f 632/796/618 631/793/618 651/804/618 652/821/618
f 625/797/618 624/794/618 644/819/618 645/822/618
f 640/798/618 639/795/618 659/820/618 660/823/618
f 633/785/618 632/796/618 652/821/618 653/786/618
f 626/799/618 625/797/618 645/822/618 646/808/618
f 641/800/618 640/798/618 660/823/618 661/810/618
f 668/824/637 667/825/638 687/826/639 688/827/640
f 644/819/586 643/817/617 663/828/617 664/829/586
f 659/820/613 658/818/611 678/830/611 679/831/613
f 652/821/599 651/804/597 671/807/597 672/832/599
f 645/822/587 644/819/586 664/829/586 665/833/587
f 660/823/615 659/820/613 679/831/613 680/834/615
f 653/786/601 652/821/599 672/832/599 673/835/601
f 646/808/589 645/822/587 665/833/587 666/836/589
f 661/810/582 660/823/615 680/834/615 681/837/582
f 654/787/603 653/786/601 673/835/601 674/838/603
f 647/809/591 646/808/589 666/836/589 667/825/591
f 642/811/583 661/810/582 681/837/582 662/839/583
f 655/812/605 654/787/603 674/838/603 675/840/605
f 648/813/538 647/809/591 667/825/591 668/824/538
f 656/814/607 655/812/605 675/840/605 676/841/607
f 649/815/539 648/813/538 668/824/538 669/842/539
f 657/816/609 656/814/607 676/841/607 677/843/609
f 650/805/595 649/815/539 669/842/539 670/806/595
f 643/817/617 642/811/583 662/839/583 663/828/617
f 658/818/611 657/816/609 677/843/609 678/830/611
f 685/844/641 684/845/642 704/846/643 705/847/644
f 676/841/645 675/840/646 695/848/647 696/849/648
f 669/842/649 668/824/637 688/827/640 689/850/650
f 677/843/651 676/841/645 696/849/648 697/851/652
f 670/806/653 669/842/649 689/850/650 690/852/654
f 663/828/655 662/839/656 682/853/657 683/854/658
f 678/830/659 677/843/651 697/851/652 698/855/660
f 671/807/661 670/806/653 690/852/654 691/856/662
f 664/829/663 663/828/655 683/854/658 684/845/642
f 679/831/664 678/830/659 698/855/660 699/857/665
f 672/832/666 671/807/661 691/856/662 692/858/667
f 665/833/668 664/829/663 684/845/642 685/844/641
f 680/834/669 679/831/664 699/857/665 700/859/670
f 673/835/671 672/832/666 692/858/667 693/860/672
f 666/836/673 665/833/668 685/844/641 686/861/674
f 681/837/675 680/834/669 700/859/670 701/862/676
f 674/838/677 673/835/671 693/860/672 694/863/678
f 667/825/638 666/836/673 686/861/674 687/826/639
f 662/839/656 681/837/675 701/862/676 682/853/657
f 675/840/646 674/838/677 694/863/678 695/848/647
f 717/864/609 716/865/607 736/866/607 737/867/609
f 700/859/670 699/857/665 719/868/679 720/869/680
f 693/860/672 692/858/667 712/870/681 713/871/682
f 686/861/674 685/844/641 705/847/644 706/872/683
f 701/862/676 700/859/670 720/869/680 721/873/684
f 694/863/678 693/860/672 713/871/682 714/874/685
f 687/826/639 686/861/674 706/872/683 707/875/686
f 682/853/657 701/862/676 721/873/684 702/876/687
f 695/848/647 694/863/678 714/874/685 715/877/688
f 688/827/640 687/826/639 707/875/686 708/878/689
f 696/849/648 695/848/647 715/877/688 716/865/690
f 689/850/650 688/827/640 708/878/689 709/879/691
f 697/851/652 696/849/648 716/865/690 717/864/692
f 690/852/654 689/850/650 709/879/691 710/880/693
f 683/854/658 682/853/657 702/876/687 703/881/694
f 698/855/660 697/851/652 717/864/692 718/882/695
f 691/856/662 690/852/654 710/880/693 711/883/696
f 684/845/642 683/854/658 703/881/694 704/846/643
f 699/857/665 698/855/660 718/882/695 719/868/679
f 692/858/667 691/856/662 711/883/696 712/870/681
f 723/884/618 722/885/618 741/886/618 740/887/618 739/888/618 738/889/618 737/867/618 736/866/618 735/890/618 734/891/618 733/892/618 732/893/618 731/894/618 730/895/618 729/896/618 728/897/618 727/898/618 726/899/618 725/900/618 724/901/618
f 710/880/595 709/879/539 729/896/539 730/895/595
f 703/881/617 702/876/583 722/885/583 723/884/617
f 718/882/611 717/864/609 737/867/609 738/889/611
f 711/883/597 710/880/595 730/895/595 731/894/597
f 704/846/586 703/881/617 723/884/617 724/901/586
f 719/868/613 718/882/611 738/889/611 739/888/613
f 712/870/599 711/883/597 731/894/597 732/893/599
f 705/847/587 704/846/586 724/901/586 725/900/587
f 720/869/615 719/868/613 739/888/613 740/887/615
f 713/871/601 712/870/599 732/893/599 733/892/601
f 706/872/589 705/847/587 725/900/587 726/899/589
f 721/873/582 720/869/615 740/887/615 741/886/582
f 714/874/603 713/871/601 733/892/601 734/891/603
f 707/875/591 706/872/589 726/899/589 727/898/591
f 702/876/583 721/873/582 741/886/582 722/885/583
f 715/877/605 714/874/603 734/891/603 735/890/605
f 708/878/538 707/875/591 727/898/591 728/897/538
f 716/865/607 715/877/605 735/890/605 736/866/607
f 709/879/539 708/878/538 728/897/538 729/896/539
f 743/706/580 745/742/616 747/902/697 744/903/698
f 744/903/699 747/902/700 746/752/625 742/751/624
f 745/742/616 748/711/585 750/904/701 747/902/697
f 747/902/700 750/904/702 749/755/628 746/752/625
f 748/711/585 751/710/584 753/905/703 750/904/701
f 750/904/702 753/905/704 752/758/631 749/755/628
f 751/710/584 754/714/588 756/906/705 753/905/703
f 753/905/704 756/906/706 755/761/634 752/758/631
f 754/714/588 757/716/590 759/907/707 756/906/705
f 756/906/706 759/907/708 758/718/592 755/761/634
f 757/716/590 760/643/537 762/908/709 759/907/707
f 759/907/708 762/908/710 761/719/593 758/718/592
f 760/643/537 763/642/536 765/909/711 762/908/709
f 762/908/710 765/909/712 764/748/621 761/719/593
f 763/642/536 766/720/594 768/910/713 765/909/711
f 765/909/712 768/910/714 767/750/623 764/748/621
f 766/720/594 769/722/596 771/911/715 768/910/713
f 768/910/714 771/911/716 770/754/627 767/750/623
f 769/722/596 772/724/598 774/912/717 771/911/715
f 771/911/716 774/912/718 773/757/630 770/754/627
f 772/724/598 775/726/600 777/913/719 774/912/717
f 774/912/718 777/913/720 776/760/633 773/757/630
f 775/726/600 778/728/602 780/914/721 777/913/719
f 777/913/720 780/914/722 779/763/636 776/760/633
f 778/728/602 781/730/604 783/915/723 780/914/721
f 780/914/722 783/915/724 782/746/619 779/763/636
f 781/730/604 784/732/606 786/916/725 783/915/723
f 783/915/724 786/916/726 785/747/620 782/746/619
f 784/732/606 787/734/608 789/917/727 786/916/725
f 786/916/726 789/917/728 788/749/622 785/747/620
f 787/734/608 790/736/610 792/918/729 789/917/727
f 789/917/728 792/918/730 791/753/626 788/749/622
f 790/736/610 793/738/612 795/919/731 792/918/729
f 792/918/730 795/919/732 794/756/629 791/753/626
f 793/738/612 796/740/614 798/920/733 795/919/731
f 795/919/732 798/920/734 797/759/632 794/756/629
f 796/740/614 799/707/581 801/921/735 798/920/733
f 798/920/734 801/921/736 800/762/635 797/759/632
f 799/707/581 743/706/580 744/903/698 801/921/735
f 801/921/736 744/903/699 742/751/624 800/762/635
f 745/742/616 743/706/580 582/709/583 583/743/617
o cover
v -0.717531 20.016333 -0.006077
v -0.717532 20.016333 -1.378413
v -0.479635 20.016333 -2.616185
v 0.681661 20.016333 -3.528392
v 1.990841 20.016333 -3.842044
v 3.362849 20.016333 -3.878851
v -0.717531 21.536221 -0.006077
v -0.676890 24.128979 -0.006077
v -0.394789 25.684166 -0.006078
v 0.250696 26.621315 -0.006078
v 0.991808 27.180735 -0.006078
v 1.855955 27.388725 -0.006078
v 3.362850 27.417414 -0.006079
v 0.913283 22.133940 -2.036987
v 0.603765 23.204004 -1.577014
v 0.598300 24.234524 -1.373300
v 2.325752 26.382545 -1.341839
v 3.362849 26.489714 -1.343050
v 3.362849 21.523342 -3.028520
v 2.404752 21.525255 -2.982286
v 1.555065 21.650084 -2.722086
v -0.302334 21.853966 -1.657848
v -0.708607 21.320517 -1.171183
v -0.625633 21.733240 -1.491863
v -0.467224 20.848631 -2.575619
v -0.077149 21.413193 -2.465364
v -0.387620 21.205736 -2.564581
v 0.691000 20.847525 -3.519193
v 0.977038 21.374651 -3.243482
v 0.750902 21.197544 -3.460196
v 1.996024 20.847420 -3.831331
v 2.145804 21.365438 -3.525281
v 2.029267 21.196762 -3.762620
v 3.362849 21.367130 -3.560129
v 3.362849 20.847534 -3.867864
v 3.362849 21.197617 -3.797387
v -0.271235 23.790321 -1.293592
v -0.665240 24.097195 -0.737981
v -0.590509 24.048618 -1.074053
v -0.055821 25.170523 -1.196384
v -0.384435 25.668364 -0.692998
v -0.318019 25.567007 -1.014665
v 0.258940 26.603809 -0.693091
v 0.311818 26.491514 -1.015315
v 1.192735 26.682474 -1.198462
v 0.999067 27.162828 -0.693614
v 1.045631 27.047953 -1.019346
v 2.060783 26.950541 -1.208571
v 1.863888 27.371773 -0.695114
v 1.914778 27.263008 -1.025077
v 3.362849 26.999975 -1.214157
v 3.362850 27.400818 -0.698027
v 3.362850 27.294373 -1.029802
v 1.558970 25.766094 -1.063906
v 1.023403 25.009560 -1.063906
v 3.362850 26.372164 -1.063907
v 1.226374 22.278877 -1.620963
v 1.783271 21.870962 -2.093179
v 2.387206 26.250780 -1.063907
v 2.485228 21.594868 -2.306274
v 3.362849 21.556509 -2.347313
v 0.796490 23.053005 -1.292091
v 0.760487 24.016336 -1.099852
v 7.443232 20.016333 -0.006080
v 7.443231 20.016333 -1.378416
v 7.205333 20.016333 -2.616187
v 6.044037 20.016333 -3.528394
v 4.734856 20.016333 -3.842045
v 7.443231 21.536221 -0.006080
v 7.402590 24.128979 -0.006080
v 7.120489 25.684166 -0.006080
v 6.475004 26.621315 -0.006080
v 5.733892 27.180735 -0.006080
v 4.869745 27.388725 -0.006079
v 5.812415 22.133940 -2.036988
v 6.121934 23.204004 -1.577016
v 6.127398 24.234524 -1.373302
v 5.802934 25.218412 -1.337654
v 5.236471 25.940722 -1.339515
v 4.399947 26.382545 -1.341840
v 4.320946 21.525255 -2.982286
v 5.170633 21.650084 -2.722087
v 7.028032 21.853966 -1.657851
v 7.434306 21.320517 -1.171185
v 7.351332 21.733240 -1.491865
v 7.192922 20.848631 -2.575622
v 6.802847 21.413193 -2.465366
v 7.113318 21.205736 -2.564583
v 6.034698 20.847525 -3.519195
v 5.748660 21.374651 -3.243484
v 5.974795 21.197544 -3.460198
v 4.729673 20.847420 -3.831332
v 4.579893 21.365438 -3.525282
v 4.696430 21.196762 -3.762621
v 6.996934 23.790321 -1.293595
v 7.390939 24.097195 -0.737983
v 7.316208 24.048618 -1.074056
v 6.781520 25.170523 -1.196386
v 7.110134 25.668364 -0.693000
v 7.043719 25.567007 -1.014668
v 6.225388 26.096088 -1.190475
v 6.466760 26.603809 -0.693093
v 6.413881 26.491514 -1.015317
v 5.532964 26.682474 -1.198463
v 5.726632 27.162828 -0.693616
v 5.680068 27.047953 -1.019347
v 4.664917 26.950541 -1.208572
v 4.861811 27.371773 -0.695115
v 4.810921 27.263008 -1.025078
v 5.166729 25.766094 -1.063907
v 5.702296 25.009560 -1.063908
v 5.499325 22.278877 -1.620965
v 4.942427 21.870962 -2.093180
v 4.338493 26.250780 -1.063907
v 4.240471 21.594868 -2.306275
v 5.929209 23.053005 -1.292093
v 5.965213 24.016336 -1.099853
v 1.023404 25.009560 -0.006078
v 3.362850 26.372164 -0.006079
v 1.632642 21.602472 -0.006078
v 3.362850 21.556509 -0.006079
v 1.558970 25.766094 -0.006078
v 0.956219 21.971388 -0.006078
v 2.387206 26.250780 -0.006078
v 2.464843 21.556509 -0.006079
v 0.696463 22.931376 -0.006078
v 0.728444 23.991970 -0.006078
v 5.702296 25.009560 -0.006080
v 5.093058 21.602472 -0.006079
v 5.166729 25.766094 -0.006079
v 5.769481 21.971388 -0.006080
v 4.338494 26.250780 -0.006079
v 4.260857 21.556509 -0.006079
v 6.029237 22.931376 -0.006080
v 5.997256 23.991970 -0.006080
v -0.717531 20.016333 -0.700803
v -0.687795 20.016333 -2.022087
v 0.022373 20.016333 -3.137125
v 1.338290 20.016333 -3.747626
v 2.668312 20.016333 -3.874250
v -0.717531 20.644426 -0.006077
v -0.712450 22.825830 -0.006077
v -0.580665 25.052273 -0.006078
v -0.104321 26.197565 -0.006078
v 0.623045 26.949440 -0.006078
v 1.366985 27.319700 -0.006078
v 2.548024 27.413830 -0.006079
v 0.761926 22.653278 -1.741305
v 0.564504 23.733406 -1.454199
v 1.874387 26.201944 -1.340686
v 2.830263 26.469242 -1.342708
v 1.237869 21.869844 -2.428307
v 2.877952 21.523233 -3.019387
v 1.962671 21.555933 -2.897175
v 1.550252 25.787922 -1.292402
v 1.232726 22.310377 -1.948764
v 2.379524 26.267252 -1.292693
v 2.463095 21.563459 -2.768771
v 0.795188 23.084450 -1.555579
v 0.745795 24.047243 -1.333470
v 3.362849 21.285755 -3.719701
v 3.362849 21.072924 -3.842573
v -0.676978 21.622999 -1.390700
v -0.675485 20.897314 -1.914398
v -0.438658 21.076538 -2.570100
v -0.593778 21.272812 -1.986506
v -0.531038 21.799103 -1.567201
v -0.294561 21.303408 -2.540658
v -0.296297 21.465910 -2.025210
v 0.033545 20.848078 -3.125206
v 0.712496 21.072891 -3.498022
v 0.105201 21.201654 -3.079900
v 0.819993 21.286591 -3.392900
v 0.389313 21.397099 -2.898937
v 1.345651 20.847349 -3.737418
v 2.007954 21.072546 -3.806674
v 1.392865 21.196255 -3.671939
v 2.066490 21.284290 -3.686125
v 1.562960 21.365398 -3.439767
v 2.670998 20.847500 -3.863316
v 2.688229 21.197374 -3.793187
v 2.747779 21.366652 -3.555377
v -0.292682 22.750402 -1.422993
v -0.500421 23.978333 -1.173412
v -0.623143 22.812431 -1.203133
v -0.638422 24.078053 -0.947762
v -0.700778 22.749557 -0.852430
v -0.207623 24.581156 -1.225828
v -0.239983 25.448370 -1.104551
v -0.498263 24.946913 -1.025377
v -0.360601 25.631990 -0.893313
v -0.569551 25.035444 -0.699056
v 0.359735 26.390245 -1.087230
v -0.035049 26.072933 -1.013821
v 0.277915 26.563513 -0.893606
v -0.094978 26.180758 -0.692890
v 0.677523 26.816679 -1.017207
v 1.015777 27.121605 -0.895388
v 0.630393 26.931532 -0.693339
v 1.581992 26.851854 -1.203509
v 1.967710 27.149828 -1.120705
v 1.427219 27.190083 -1.021969
v 1.882150 27.332741 -0.898499
v 1.375109 27.302217 -0.694045
v 2.672486 26.991999 -1.212543
v 3.362849 27.185030 -1.126390
v 2.584110 27.290255 -1.028272
v 3.362850 27.362623 -0.902346
v 2.552891 27.397163 -0.696966
v -0.716620 21.482941 -0.555044
v -0.675433 24.118082 -0.407593
v 0.163978 23.473703 -1.454942
v 0.186021 21.946070 -1.802619
v -0.716604 20.544981 -1.277518
v 0.349722 21.616320 -2.303350
v -0.478083 20.475430 -2.592211
v 1.255817 21.486855 -2.983614
v 0.682828 20.475290 -3.527242
v 2.279363 21.452919 -3.253242
v 1.991489 20.475277 -3.840704
v 3.362849 21.454067 -3.293535
v 3.362849 20.475294 -3.877477
v -0.393495 25.682192 -0.382034
v 0.269759 24.680983 -1.303534
v 0.251726 26.619127 -0.382048
v 0.992716 27.178501 -0.382103
v 1.856946 27.386610 -0.382679
v 2.200450 26.651192 -1.295039
v 3.362850 27.415344 -0.384264
v 3.362849 26.729818 -1.298613
v 1.558970 25.766094 -0.602539
v 1.010824 25.035669 -1.292169
v 3.362849 26.386862 -1.292845
v 0.987428 22.004318 -0.923515
v 1.703938 21.756121 -2.517823
v 2.387206 26.250780 -0.602539
v 2.467629 21.561819 -1.317703
v 3.362849 21.552366 -2.816615
v 0.718745 22.976406 -0.733879
v 0.736994 23.997684 -0.623208
v 0.847540 24.521547 -1.068399
v 0.743407 23.536718 -1.177800
v 0.963045 22.594437 -1.432845
v 2.104282 21.699280 -2.235179
v 2.908934 21.556664 -2.338763
v 2.866770 26.348612 -1.063907
v 1.942583 26.050018 -1.063906
v 1.509369 22.075979 -1.864983
v 1.256434 25.422544 -1.063906
v 7.443232 20.016333 -0.700805
v 7.413494 20.016333 -2.022090
v 6.703324 20.016333 -3.137128
v 5.387407 20.016333 -3.747628
v 4.057385 20.016333 -3.874250
v 7.443231 20.644426 -0.006080
v 7.438150 22.825830 -0.006080
v 7.306365 25.052273 -0.006080
v 6.830021 26.197565 -0.006080
v 6.102655 26.949440 -0.006080
v 5.358715 27.319700 -0.006079
v 4.177676 27.413830 -0.006079
v 5.963773 22.653278 -1.741307
v 6.161195 23.733406 -1.454201
v 6.006635 24.742334 -1.341459
v 5.549743 25.615894 -1.338527
v 4.851312 26.201944 -1.340687
v 3.895436 26.469242 -1.342708
v 5.487829 21.869844 -2.428308
v 3.847746 21.523233 -3.019388
v 4.763027 21.555933 -2.897176
v 5.175447 25.787922 -1.292403
v 5.492972 22.310377 -1.948766
v 4.346175 26.267252 -1.292693
v 4.262603 21.563459 -2.768772
v 5.930511 23.084450 -1.555580
v 5.979903 24.047243 -1.333471
v 7.402677 21.622999 -1.390703
v 7.401184 20.897314 -1.914400
v 7.164356 21.076538 -2.570103
v 7.319476 21.272812 -1.986509
v 7.256737 21.799103 -1.567204
v 7.020259 21.303408 -2.540660
v 7.021996 21.465910 -2.025213
v 6.692153 20.848078 -3.125208
v 6.013202 21.072891 -3.498024
v 6.620498 21.201654 -3.079902
v 5.905704 21.286591 -3.392901
v 6.336385 21.397099 -2.898938
v 5.380046 20.847349 -3.737419
v 4.717744 21.072546 -3.806675
v 5.332832 21.196255 -3.671940
v 4.659207 21.284290 -3.686126
v 5.162738 21.365398 -3.439768
v 4.054699 20.847500 -3.863317
v 4.037468 21.197374 -3.793187
v 3.977919 21.366652 -3.555377
v 7.018381 22.750402 -1.422995
v 7.226120 23.978333 -1.173415
v 7.348842 22.812431 -1.203135
v 7.364120 24.078053 -0.947765
v 7.426476 22.749557 -0.852433
v 6.933322 24.581156 -1.225830
v 6.965682 25.448370 -1.104554
v 7.223963 24.946913 -1.025380
v 7.086301 25.631990 -0.893316
v 7.295250 25.035444 -0.699058
v 6.534782 25.671612 -1.188420
v 6.354282 26.365557 -1.104763
v 6.760749 26.072933 -1.013823
v 6.447784 26.563513 -0.893609
v 6.820678 26.180758 -0.692892
v 5.889394 26.432512 -1.194222
v 5.629947 26.923985 -1.111676
v 6.048177 26.816679 -1.017209
v 5.709922 27.121605 -0.895389
v 6.095307 26.931532 -0.693341
v 5.143707 26.851854 -1.203510
v 4.757989 27.149828 -1.120706
v 5.298480 27.190083 -1.021970
v 4.843549 27.332741 -0.898500
v 5.350590 27.302217 -0.694046
v 4.053213 26.991999 -1.212543
v 4.141589 27.290255 -1.028273
v 4.172809 27.397163 -0.696966
v 7.442320 21.482941 -0.555047
v 7.401134 24.118082 -0.407595
v 6.561721 23.473703 -1.454944
v 6.539678 21.946070 -1.802621
v 7.442304 20.544981 -1.277521
v 6.375977 21.616320 -2.303352
v 7.203781 20.475430 -2.592214
v 5.469881 21.486855 -2.983615
v 6.042870 20.475290 -3.527244
v 4.446335 21.452919 -3.253243
v 4.734208 20.475277 -3.840705
v 7.119195 25.682192 -0.382036
v 6.455940 24.680983 -1.303536
v 6.473973 26.619127 -0.382050
v 6.006698 25.641405 -1.282835
v 5.732984 27.178501 -0.382104
v 5.378145 26.295385 -1.288254
v 4.868753 27.386610 -0.382680
v 4.525249 26.651192 -1.295040
v 5.166729 25.766094 -0.602540
v 5.714875 25.035669 -1.292171
v 5.738271 22.004318 -0.923516
v 5.021760 21.756121 -2.517824
v 4.338494 26.250780 -0.602540
v 4.258070 21.561819 -1.317703
v 6.006954 22.976406 -0.733881
v 5.988706 23.997684 -0.623209
v 5.878160 24.521547 -1.068401
v 5.982292 23.536718 -1.177802
v 5.762653 22.594437 -1.432846
v 4.621417 21.699280 -2.235180
v 3.816764 21.556664 -2.338763
v 3.858930 26.348612 -1.063907
v 4.783116 26.050018 -1.063907
v 5.216330 22.075979 -1.864984
v 5.469266 25.422544 -1.063908
v 1.023404 25.009563 -0.602539
v 3.362850 26.372168 -0.602540
v 1.665850 21.675711 -1.195172
v 3.362849 21.556513 -1.341300
v 5.702296 25.009563 -0.602540
v 5.059849 21.675711 -1.195173
v 6.045490 23.463406 -0.006080
v 5.947941 22.403454 -0.006080
v 4.783116 26.050018 -0.006079
v 5.470351 21.717531 -0.006079
v 4.686718 21.562258 -0.006079
v 5.469266 25.422544 -0.006079
v 5.880238 24.520161 -0.006080
v 0.680210 23.463406 -0.006078
v 0.777759 22.403454 -0.006078
v 1.942584 26.050018 -0.006078
v 2.908874 21.556513 -0.006079
v 3.816826 21.556513 -0.006079
v 1.255349 21.717531 -0.006078
v 2.038982 21.562258 -0.006078
v 2.866770 26.348612 -0.006079
v 3.858930 26.348612 -0.006079
v 1.256434 25.422544 -0.006078
v 0.845462 24.520161 -0.006078
v 1.763733 21.458555 -3.168386
v 2.815297 21.453739 -3.286641
v 0.029076 21.599312 -2.027884
v 0.786480 21.572945 -2.669693
v 0.196935 22.664341 -1.596550
v 0.177034 24.129143 -1.359226
v 1.735545 26.511070 -1.291667
v 2.755781 26.715528 -1.297598
v -0.579276 25.049305 -0.385278
v 1.368001 27.317511 -0.382197
v -0.103153 26.195465 -0.382023
v 2.548632 27.411745 -0.383673
v 0.623963 26.947199 -0.382076
v -0.717366 20.612860 -0.631141
v 2.668648 20.475288 -3.872883
v 1.339210 20.475271 -3.746350
v 0.023770 20.475361 -3.133272
v -0.686302 20.486849 -1.953068
v -0.646019 21.143415 -1.944843
v -0.501162 21.366739 -2.013724
v 0.059259 21.074718 -3.108753
v 0.189543 21.295410 -3.025903
v 1.362594 21.072317 -3.713920
v 1.446304 21.283541 -3.598293
v 2.677182 21.072813 -3.838150
v 2.707416 21.285337 -3.715667
v -0.529246 22.811823 -1.300259
v -0.672773 22.780735 -1.078840
v -0.413351 24.840309 -1.120141
v -0.543969 25.003460 -0.901578
v -0.073472 26.142061 -0.892941
v 0.729490 26.690382 -1.108004
v 0.647305 26.890314 -0.894444
v 1.482079 27.071383 -1.116077
v 1.393810 27.261974 -0.896616
v 2.616433 27.180107 -1.124674
v 2.564094 27.358795 -0.901010
v -0.711038 22.794100 -0.465862
v 0.832563 24.549866 -1.297250
v 0.731972 23.568230 -1.423429
v 0.987690 22.642517 -1.720465
v 2.058107 21.617277 -2.685260
v 2.905008 21.552349 -2.806710
v 2.862206 26.363688 -1.292802
v 1.934059 26.069008 -1.292549
v 1.447627 22.016228 -2.246273
v 1.246374 25.446711 -1.292278
v 4.961965 21.458555 -3.168387
v 3.910401 21.453739 -3.286641
v 6.696622 21.599312 -2.027886
v 5.939218 21.572945 -2.669695
v 6.528764 22.664341 -1.596553
v 6.548665 24.129143 -1.359228
v 6.262251 25.191757 -1.283528
v 5.712916 26.007990 -1.285376
v 4.990154 26.511070 -1.291668
v 3.969918 26.715528 -1.297599
v 7.304976 25.049305 -0.385281
v 5.357698 27.317511 -0.382198
v 6.828853 26.195465 -0.382026
v 4.177067 27.411745 -0.383673
v 6.101736 26.947199 -0.382077
v 7.443066 20.612860 -0.631144
v 4.057050 20.475288 -3.872884
v 5.386487 20.475271 -3.746351
v 6.701928 20.475361 -3.133275
v 7.412001 20.486849 -1.953071
v 7.371717 21.143415 -1.944846
v 7.226860 21.366739 -2.013726
v 6.666439 21.074718 -3.108755
v 6.536155 21.295410 -3.025905
v 5.363103 21.072317 -3.713922
v 5.279393 21.283541 -3.598294
v 4.048516 21.072813 -3.838150
v 4.018282 21.285337 -3.715667
v 7.254945 22.811823 -1.300262
v 7.398472 22.780735 -1.078842
v 7.139050 24.840309 -1.120144
v 7.269669 25.003460 -0.901581
v 6.691662 25.949284 -1.102318
v 6.799171 26.142061 -0.892944
v 5.996209 26.690382 -1.108006
v 6.078394 26.890314 -0.894446
v 5.243620 27.071383 -1.116078
v 5.331890 27.261974 -0.896617
v 4.109266 27.180107 -1.124674
v 4.161605 27.358795 -0.901011
v 7.436738 22.794100 -0.465865
v 5.893136 24.549866 -1.297252
v 5.993728 23.568230 -1.423431
v 5.738009 22.642517 -1.720466
v 4.667592 21.617277 -2.685261
v 3.820690 21.552349 -2.806710
v 3.863493 26.363688 -1.292802
v 4.791640 26.069008 -1.292549
v 5.278071 22.016228 -2.246275
v 5.479325 25.446711 -1.292280
v 6.022487 23.493565 -0.668047
v 5.925776 22.437683 -0.815081
v 4.783116 26.050018 -0.602540
v 5.432087 21.776489 -1.063944
v 4.666915 21.608212 -1.276824
v 5.469266 25.422543 -0.602540
v 5.880238 24.520161 -0.605124
v 0.703212 23.493565 -0.668045
v 0.799924 22.437683 -0.815079
v 1.942583 26.050018 -0.602539
v 2.908874 21.556511 -1.336383
v 3.816825 21.556511 -1.336384
v 1.293612 21.776489 -1.063943
v 2.058784 21.608212 -1.276823
v 2.866770 26.348608 -0.602540
v 3.858930 26.348608 -0.602540
v 1.256434 25.422543 -0.602539
v 0.845462 24.520161 -0.605122
v 0.730272 24.722641 -1.336979
v 0.949605 25.162712 -1.323789
v 1.205479 25.584867 -1.326792
v 1.489228 25.940722 -1.339514
v 1.095752 26.923985 -1.111675
v 1.347554 26.295385 -1.288252
v 0.190916 25.671612 -1.188418
v 0.463448 25.191757 -1.283526
v 0.034038 25.949284 -1.102316
v 0.981941 25.484449 -1.323895
v 0.995447 25.545170 -1.271175
v 0.983700 25.522635 -1.306451
v 1.302321 25.953136 -1.320139
v 1.280321 25.954597 -1.268275
v 1.287261 25.954594 -1.304034
v 0.744214 25.497303 -1.235720
v 0.742339 25.441017 -1.289517
v 0.742370 25.480291 -1.271878
v 1.181539 25.650223 -1.336442
v 1.191675 25.712551 -1.283095
v 1.180041 25.679115 -1.319669
v 0.342708 25.775961 -1.136043
v 0.313381 25.755800 -1.186192
v 0.333694 25.769207 -1.171317
v 0.859631 26.524845 -1.174398
v 0.836124 26.485109 -1.131030
v 0.846705 26.497490 -1.164798
v 1.262894 26.226892 -1.282140
v 1.237630 26.206453 -1.230700
v 1.244258 26.215483 -1.265822
v 0.499629 25.528967 -1.242335
v 0.505295 25.581779 -1.186253
v 0.506422 25.563181 -1.224074
v 0.300017 26.027817 -1.098533
v 0.273434 26.019966 -1.143539
v 0.291241 26.022623 -1.132441
v 1.075043 26.400635 -1.180460
v 1.091281 26.439520 -1.225727
v 1.077096 26.414747 -1.213503
v 0.388663 26.269863 -1.083748
v 0.383744 26.297157 -1.125170
v 0.390920 26.284397 -1.116225
v 0.610061 26.481310 -1.138741
v 0.584892 26.437246 -1.095639
v 0.603535 26.457396 -1.129772
v -0.717531 20.016333 1.366258
v -0.479633 20.016333 2.604030
v 0.681663 20.016333 3.516236
v 1.990844 20.016333 3.829887
v 3.362851 20.016333 3.866693
v 0.664630 21.875717 2.024831
v 0.507350 23.097776 1.564858
v 0.576591 24.220051 1.361144
v 2.325753 26.382545 1.329682
v 3.362850 26.489714 1.330892
v 3.362851 21.523342 3.016362
v 2.403539 21.522947 2.970129
v 1.506031 21.561613 2.709929
v -0.302333 21.853966 1.645693
v -0.708606 21.320517 1.159028
v -0.625632 21.733240 1.479708
v -0.467222 20.848631 2.563464
v -0.077147 21.413193 2.453209
v -0.387619 21.205736 2.552426
v 0.691002 20.847525 3.507038
v 0.977040 21.374651 3.231326
v 0.750905 21.197544 3.448040
v 1.996027 20.847420 3.819174
v 2.145807 21.365438 3.513124
v 2.029270 21.196762 3.750463
v 3.362851 21.367130 3.547972
v 3.362851 20.847534 3.855706
v 3.362851 21.197617 3.785230
v -0.277234 23.786322 1.281437
v -0.665239 24.097195 0.725826
v -0.590508 24.048618 1.061898
v -0.055820 25.170523 1.184228
v -0.384434 25.668364 0.680843
v -0.318019 25.567007 1.002510
v 0.258940 26.603809 0.680935
v 0.311819 26.491514 1.003159
v 1.192736 26.682474 1.186306
v 0.999068 27.162828 0.681458
v 1.045632 27.047953 1.007190
v 2.060783 26.950541 1.196414
v 1.863889 27.371773 0.682958
v 1.914779 27.263008 1.012920
v 3.362850 26.999975 1.202000
v 3.362850 27.400818 0.685870
v 3.362850 27.294373 1.017645
v 1.558971 25.766094 1.051750
v 1.023404 25.009560 1.051750
v 3.362850 26.372164 1.051749
v 0.956219 21.971388 1.608807
v 1.632642 21.602472 2.081022
v 2.387206 26.250780 1.051750
v 2.464844 21.556509 2.294117
v 3.362851 21.556509 2.335155
v 0.696464 22.931376 1.279935
v 0.728444 23.991970 1.087696
v 7.443232 20.016333 1.366255
v 7.205335 20.016333 2.604028
v 6.044039 20.016333 3.516234
v 4.734859 20.016333 3.829886
v 6.061071 21.875717 2.024829
v 6.218351 23.097776 1.564856
v 6.149110 24.220051 1.361142
v 5.802935 25.218412 1.325494
v 5.236472 25.940722 1.327356
v 4.399948 26.382545 1.329681
v 4.322163 21.522947 2.970129
v 5.219670 21.561613 2.709928
v 7.028033 21.853966 1.645691
v 7.434307 21.320517 1.159025
v 7.351333 21.733240 1.479705
v 7.192924 20.848631 2.563462
v 6.802849 21.413193 2.453207
v 7.113320 21.205736 2.552423
v 6.034700 20.847525 3.507036
v 5.748662 21.374651 3.231325
v 5.974798 21.197544 3.448039
v 4.729676 20.847420 3.819173
v 4.579895 21.365438 3.513124
v 4.696433 21.196762 3.750462
v 7.002935 23.786322 1.281435
v 7.390940 24.097195 0.725823
v 7.316209 24.048618 1.061895
v 6.781521 25.170523 1.184226
v 7.110135 25.668364 0.680840
v 7.043719 25.567007 1.002508
v 6.225389 26.096088 1.178315
v 6.466761 26.603809 0.680933
v 6.413882 26.491514 1.003157
v 5.532965 26.682474 1.186304
v 5.726633 27.162828 0.681457
v 5.680069 27.047953 1.007188
v 4.664917 26.950541 1.196414
v 4.861812 27.371773 0.682957
v 4.810922 27.263008 1.012919
v 5.166730 25.766094 1.051749
v 5.702296 25.009560 1.051748
v 5.769482 21.971388 1.608806
v 5.093059 21.602472 2.081021
v 4.338494 26.250780 1.051749
v 4.260858 21.556509 2.294117
v 6.029237 22.931376 1.279934
v 5.997256 23.991970 1.087694
v -0.717531 20.016333 0.688648
v -0.687794 20.016333 2.009933
v 0.022375 20.016333 3.124970
v 1.338293 20.016333 3.735470
v 2.668314 20.016333 3.862093
v 0.563693 22.465403 1.729149
v 0.508010 23.680174 1.442044
v 1.874388 26.201944 1.328529
v 2.830264 26.469242 1.330550
v 1.080300 21.655331 2.416151
v 2.877954 21.523233 3.007230
v 1.947333 21.527506 2.885018
v 1.550253 25.787922 1.280246
v 0.925026 21.962334 1.936608
v 2.379525 26.267252 1.280536
v 2.457181 21.552317 2.756614
v 0.672825 22.952177 1.543423
v 0.709463 24.020481 1.321314
v 3.362851 21.285755 3.707543
v 3.362851 21.072924 3.830415
v -0.676977 21.622999 1.378545
v -0.675484 20.897314 1.902243
v -0.438656 21.076538 2.557945
v -0.593776 21.272812 1.974351
v -0.531037 21.799103 1.555046
v -0.294559 21.303408 2.528502
v -0.296296 21.465910 2.013055
v 0.033547 20.848078 3.113050
v 0.712498 21.072891 3.485867
v 0.105202 21.201654 3.067745
v 0.819996 21.286591 3.380744
v 0.389268 21.397060 2.886781
v 1.345654 20.847349 3.725262
v 2.007956 21.072546 3.794517
v 1.392868 21.196255 3.659783
v 2.066492 21.284290 3.673969
v 1.562962 21.365398 3.427611
v 2.671001 20.847500 3.851159
v 2.688231 21.197374 3.781030
v 2.747781 21.366652 3.543220
v -0.293211 22.748449 1.410838
v -0.500420 23.978333 1.161257
v -0.623142 22.812431 1.190977
v -0.638421 24.078053 0.935608
v -0.700777 22.749557 0.840275
v -0.207623 24.581156 1.213672
v -0.239982 25.448370 1.092396
v -0.498263 24.946913 1.013222
v -0.360601 25.631990 0.881158
v -0.569551 25.035444 0.686901
v 0.371418 26.365559 1.092605
v -0.035049 26.072933 1.001665
v 0.277916 26.563513 0.881451
v -0.094978 26.180758 0.680735
v 0.677523 26.816679 1.005051
v 1.015778 27.121605 0.883232
v 0.630393 26.931532 0.681183
v 1.581993 26.851854 1.191353
v 1.967711 27.149828 1.108548
v 1.427220 27.190083 1.009813
v 1.882151 27.332741 0.886342
v 1.375110 27.302217 0.681889
v 2.672487 26.991999 1.200386
v 3.362850 27.185030 1.114232
v 2.584111 27.290255 1.016115
v 3.362850 27.362623 0.890189
v 2.552891 27.397163 0.684809
v -0.716620 21.482941 0.542889
v -0.675433 24.118082 0.395438
v 0.125606 23.433443 1.442787
v 0.121314 21.899111 1.790463
v -0.716604 20.544981 1.265363
v 0.302108 21.575712 2.291195
v -0.478081 20.475430 2.580056
v 1.249991 21.476954 2.971458
v 0.682831 20.475290 3.515086
v 2.279365 21.452919 3.241086
v 1.991492 20.475277 3.828548
v 3.362851 21.454067 3.281377
v 3.362851 20.475294 3.865320
v -0.393495 25.682192 0.369879
v 0.269760 24.680983 1.291378
v 0.251726 26.619127 0.369893
v 0.992716 27.178501 0.369947
v 1.856946 27.386610 0.370523
v 2.200451 26.651192 1.282882
v 3.362850 27.415344 0.372107
v 3.362850 26.729818 1.286455
v 1.558971 25.766094 0.590383
v 1.010825 25.035669 1.280013
v 3.362850 26.386862 1.280687
v 0.956219 21.971390 0.911359
v 1.616816 21.597366 2.505667
v 2.387206 26.250780 0.590382
v 2.464844 21.556513 1.305545
v 3.362851 21.552366 2.804458
v 0.696464 22.931377 0.721723
v 0.728445 23.991968 0.611052
v 0.845463 24.520161 1.056243
v 0.680211 23.463406 1.165644
v 0.777760 22.403452 1.420689
v 2.038983 21.562258 2.223022
v 2.908875 21.556513 2.326606
v 2.866770 26.348612 1.051749
v 1.942584 26.050018 1.051750
v 1.255350 21.717531 1.852826
v 1.256434 25.422544 1.051750
v 7.443232 20.016333 0.688645
v 7.413495 20.016333 2.009930
v 6.703326 20.016333 3.124968
v 5.387410 20.016333 3.735469
v 4.057388 20.016333 3.862092
v 6.162007 22.465403 1.729147
v 6.217690 23.680174 1.442042
v 6.006636 24.742334 1.329300
v 5.549744 25.615894 1.326367
v 4.851313 26.201944 1.328528
v 3.895437 26.469242 1.330550
v 5.645401 21.655331 2.416150
v 3.847748 21.523233 3.007230
v 4.778368 21.527506 2.885017
v 5.175447 25.787922 1.280244
v 5.800675 21.962334 1.936606
v 4.346176 26.267252 1.280535
v 4.268521 21.552317 2.756614
v 6.052876 22.952177 1.543421
v 6.016238 24.020481 1.321312
v 7.402678 21.622999 1.378543
v 7.401185 20.897314 1.902240
v 7.164358 21.076538 2.557943
v 7.319478 21.272812 1.974349
v 7.256738 21.799103 1.555044
v 7.020261 21.303408 2.528500
v 7.021997 21.465910 2.013053
v 6.692155 20.848078 3.113048
v 6.013204 21.072891 3.485865
v 6.620500 21.201654 3.067743
v 5.905706 21.286591 3.380742
v 6.336433 21.397060 2.886779
v 5.380049 20.847349 3.725260
v 4.717746 21.072546 3.794516
v 5.332834 21.196255 3.659781
v 4.659210 21.284290 3.673968
v 5.162740 21.365398 3.427610
v 4.054702 20.847500 3.851159
v 4.037471 21.197374 3.781029
v 3.977921 21.366652 3.543219
v 7.018911 22.748449 1.410835
v 7.226120 23.978333 1.161255
v 7.348843 22.812431 1.190975
v 7.364121 24.078053 0.935605
v 7.426477 22.749557 0.840273
v 6.933323 24.581156 1.213670
v 6.965683 25.448370 1.092394
v 7.223963 24.946913 1.013219
v 7.086301 25.631990 0.881156
v 7.295251 25.035444 0.686898
v 6.534783 25.671612 1.176260
v 6.354283 26.365559 1.092603
v 6.760749 26.072933 1.001663
v 6.447784 26.563513 0.881449
v 6.820678 26.180758 0.680732
v 5.889395 26.432512 1.182063
v 5.629948 26.923985 1.099517
v 6.048177 26.816679 1.005049
v 5.709923 27.121605 0.883230
v 6.095307 26.931532 0.681182
v 5.143708 26.851854 1.191352
v 4.757989 27.149828 1.108547
v 5.298481 27.190083 1.009811
v 4.843550 27.332741 0.886342
v 5.350591 27.302217 0.681887
v 4.053214 26.991999 1.200385
v 4.141590 27.290255 1.016115
v 4.172809 27.397163 0.684808
v 7.442320 21.482941 0.542887
v 7.401134 24.118082 0.395435
v 6.600095 23.433443 1.442785
v 6.604386 21.899111 1.790461
v 7.442305 20.544981 1.265361
v 6.423593 21.575712 2.291193
v 7.203783 20.475430 2.580054
v 5.475711 21.476954 2.971457
v 6.042871 20.475290 3.515084
v 4.446337 21.452919 3.241085
v 4.734210 20.475277 3.828547
v 7.119195 25.682192 0.369876
v 6.455941 24.680983 1.291376
v 6.473974 26.619127 0.369891
v 6.006699 25.641405 1.270676
v 5.732985 27.178501 0.369945
v 5.378146 26.295385 1.276095
v 4.868754 27.386610 0.370522
v 4.525250 26.651192 1.282881
v 5.166730 25.766094 0.590382
v 5.714876 25.035669 1.280012
v 5.769481 21.971390 0.911357
v 5.108885 21.597366 2.505666
v 4.338494 26.250780 0.590382
v 4.260857 21.556513 1.305545
v 6.029237 22.931377 0.721721
v 5.997255 23.991968 0.611050
v 5.880238 24.520161 1.056242
v 6.045490 23.463406 1.165643
v 5.947941 22.403452 1.420687
v 4.686718 21.562258 2.223022
v 3.816826 21.556513 2.326606
v 3.858930 26.348612 1.051749
v 4.783117 26.050018 1.051749
v 5.470351 21.717531 1.852825
v 5.469266 25.422544 1.051748
v 1.023404 25.009563 0.590383
v 3.362850 26.372168 0.590382
v 1.632642 21.602472 1.183016
v 3.362850 21.556513 1.329142
v 5.702296 25.009563 0.590381
v 5.093059 21.602472 1.183015
v 1.761812 21.455111 3.156230
v 2.815299 21.453739 3.274484
v 0.011385 21.584740 2.015728
v 0.743311 21.529192 2.657537
v 0.139334 22.607456 1.584395
v 0.160256 24.117956 1.347070
v 1.735546 26.511070 1.279511
v 2.755782 26.715528 1.285441
v -0.579275 25.049305 0.373123
v 1.368001 27.317511 0.370041
v -0.103153 26.195465 0.369868
v 2.548632 27.411745 0.371515
v 0.623964 26.947199 0.369920
v -0.717366 20.612860 0.618986
v 2.668650 20.475288 3.860726
v 1.339212 20.475271 3.734194
v 0.023772 20.475361 3.121117
v -0.686301 20.486849 1.940913
v -0.646018 21.143415 1.932688
v -0.501160 21.366739 2.001569
v 0.059261 21.074718 3.096598
v 0.189545 21.295410 3.013748
v 1.362597 21.072317 3.701764
v 1.446306 21.283541 3.586137
v 2.677184 21.072813 3.825993
v 2.707418 21.285337 3.703510
v -0.529245 22.811823 1.288104
v -0.672772 22.780735 1.066685
v -0.413350 24.840309 1.107986
v -0.543968 25.003460 0.889423
v -0.073471 26.142061 0.880786
v 0.729491 26.690382 1.095848
v 0.647306 26.890314 0.882289
v 1.482080 27.071383 1.103920
v 1.393810 27.261974 0.884460
v 2.616434 27.180107 1.112516
v 2.564095 27.358795 0.888853
v -0.711038 22.794100 0.453707
v 0.829663 24.547934 1.285094
v 0.658686 23.490505 1.411273
v 0.750859 22.410393 1.708309
v 2.027527 21.557911 2.673103
v 2.905010 21.552349 2.794553
v 2.862207 26.363688 1.280644
v 1.934060 26.069008 1.280392
v 1.232799 21.709862 2.234117
v 1.246375 25.446711 1.280122
v 4.963890 21.455111 3.156229
v 3.910403 21.453739 3.274483
v 6.714316 21.584740 2.015726
v 5.982390 21.529192 2.657536
v 6.586367 22.607456 1.584393
v 6.565445 24.117956 1.347068
v 6.262252 25.191757 1.271368
v 5.712917 26.007990 1.273217
v 4.990155 26.511070 1.279510
v 3.969919 26.715528 1.285441
v 7.304976 25.049305 0.373121
v 5.357699 27.317511 0.370040
v 6.828853 26.195465 0.369866
v 4.177068 27.411745 0.371515
v 6.101737 26.947199 0.369918
v 7.443066 20.612860 0.618984
v 4.057052 20.475288 3.860726
v 5.386490 20.475271 3.734192
v 6.701930 20.475361 3.121115
v 7.412002 20.486849 1.940910
v 7.371718 21.143415 1.932685
v 7.226862 21.366739 2.001566
v 6.666441 21.074718 3.096595
v 6.536157 21.295410 3.013746
v 5.363106 21.072317 3.701763
v 5.279396 21.283541 3.586135
v 4.048518 21.072813 3.825992
v 4.018284 21.285337 3.703509
v 7.254946 22.811823 1.288102
v 7.398473 22.780735 1.066682
v 7.139050 24.840309 1.107984
v 7.269669 25.003460 0.889421
v 6.691662 25.949284 1.090158
v 6.799171 26.142061 0.880784
v 5.996210 26.690382 1.095847
v 6.078394 26.890314 0.882287
v 5.243621 27.071383 1.103919
v 5.331890 27.261974 0.884459
v 4.109267 27.180107 1.112516
v 4.161606 27.358795 0.888853
v 7.436738 22.794100 0.453704
v 5.896038 24.547934 1.285092
v 6.067015 23.490505 1.411271
v 5.974842 22.410393 1.708307
v 4.698174 21.557911 2.673102
v 3.820692 21.552349 2.794552
v 3.863494 26.363688 1.280644
v 4.791641 26.069008 1.280391
v 5.492902 21.709862 2.234116
v 5.479326 25.446711 1.280121
v 6.045490 23.463409 0.655887
v 5.947941 22.403454 0.802922
v 4.783116 26.050018 0.590382
v 5.470351 21.717533 1.051785
v 4.686718 21.562254 1.264665
v 5.469266 25.422543 0.590381
v 5.880238 24.520161 0.592965
v 0.680211 23.463409 0.655889
v 0.777760 22.403454 0.802923
v 1.942584 26.050018 0.590383
v 2.908875 21.556511 1.324226
v 3.816826 21.556511 1.324226
v 1.255349 21.717533 1.051786
v 2.038983 21.562254 1.264666
v 2.866770 26.348608 0.590382
v 3.858930 26.348608 0.590382
v 1.256434 25.422543 0.590383
v 0.845462 24.520161 0.592966
v 0.730269 24.722639 1.324823
v 0.949606 25.162712 1.311633
v 1.205480 25.584867 1.314636
v 1.489229 25.940722 1.327357
v 1.095753 26.923985 1.099518
v 1.347555 26.295385 1.276096
v 0.190917 25.671612 1.176262
v 0.463449 25.191757 1.271370
v 0.034038 25.949284 1.090160
v 0.981942 25.484449 1.311739
v 0.995448 25.545170 1.259019
v 0.983701 25.522635 1.294295
v 1.302322 25.953136 1.307983
v 1.280322 25.954597 1.256119
v 1.287261 25.954594 1.291878
v 0.744215 25.497303 1.223564
v 0.742340 25.441017 1.277361
v 0.742371 25.480291 1.259722
v 1.181540 25.650223 1.324286
v 1.191676 25.712551 1.270938
v 1.180042 25.679115 1.307513
v 0.342709 25.775961 1.123888
v 0.313382 25.755800 1.174037
v 0.333695 25.769207 1.159161
v 0.859632 26.524845 1.162242
v 0.836125 26.485109 1.118874
v 0.846706 26.497490 1.152642
v 1.262895 26.226892 1.269983
v 1.237631 26.206453 1.218543
v 1.244259 26.215483 1.253666
v 0.499629 25.528967 1.230179
v 0.505296 25.581779 1.174097
v 0.506423 25.563181 1.211918
v 0.300018 26.027817 1.086377
v 0.273435 26.019966 1.131383
v 0.291242 26.022623 1.120286
v 1.075044 26.400635 1.168304
v 1.091282 26.439520 1.213571
v 1.077097 26.414747 1.201346
v 0.388663 26.269863 1.071592
v 0.383744 26.297157 1.113015
v 0.390921 26.284397 1.104070
v 0.610062 26.481310 1.126586
v 0.584892 26.437246 1.083484
v 0.603536 26.457396 1.117616
v -0.338014 20.016325 -0.006077
v -0.156881 20.016325 -1.149708
v 0.368787 20.016325 -2.181391
v 1.187536 20.016325 -3.000140
v 2.219219 20.016325 -3.525810
v 3.362849 20.016325 -3.706943
v 7.063715 20.016325 -0.006080
v 6.882581 20.016325 -1.149710
v 6.356912 20.016325 -2.181393
v 5.538163 20.016325 -3.000142
v 4.506479 20.016325 -3.525810
v -0.292451 20.016325 -0.585020
v 0.065356 20.016325 -1.686235
v 0.745943 20.016325 -2.622984
v 1.682692 20.016325 -3.303573
v 2.783906 20.016325 -3.661379
v 7.018151 20.016325 -0.585023
v 6.660344 20.016325 -1.686237
v 5.979755 20.016325 -2.622986
v 5.043006 20.016325 -3.303574
v 3.941792 20.016325 -3.661380
v -0.156880 20.016325 1.137552
v 0.368789 20.016325 2.169236
v 1.187538 20.016325 2.987984
v 2.219222 20.016325 3.513653
v 3.362852 20.016325 3.694786
v 6.882582 20.016325 1.137550
v 6.356914 20.016325 2.169234
v 5.538165 20.016325 2.987983
v 4.506482 20.016325 3.513652
v -0.292450 20.016325 0.572865
v 0.065356 20.016325 1.674080
v 0.745945 20.016325 2.610829
v 1.682694 20.016325 3.291416
v 2.783909 20.016325 3.649222
v 7.018151 20.016325 0.572863
v 6.660345 20.016325 1.674077
v 5.979758 20.016325 2.610827
v 5.043009 20.016325 3.291415
v 3.941794 20.016325 3.649222
v -0.338014 19.200670 -0.006077
v -0.156881 19.200670 -1.149708
v 0.368787 19.200670 -2.181391
v 1.187536 19.200670 -3.000140
v 2.219219 19.200670 -3.525810
v 3.362849 19.200670 -3.706943
v 7.063715 19.200670 -0.006080
v 6.882581 19.200670 -1.149710
v 6.356912 19.200670 -2.181393
v 5.538163 19.200670 -3.000142
v 4.506479 19.200670 -3.525810
v -0.292451 19.200670 -0.585020
v 0.065356 19.200670 -1.686235
v 0.745943 19.200670 -2.622984
v 1.682692 19.200670 -3.303573
v 2.783906 19.200670 -3.661379
v 7.018151 19.200670 -0.585023
v 6.660344 19.200670 -1.686237
v 5.979755 19.200670 -2.622986
v 5.043006 19.200670 -3.303574
v 3.941792 19.200670 -3.661380
v -0.156880 19.200670 1.137552
v 0.368789 19.200670 2.169236
v 1.187538 19.200670 2.987984
v 2.219222 19.200670 3.513653
v 3.362852 19.200670 3.694786
v 6.882582 19.200670 1.137550
v 6.356914 19.200670 2.169234
v 5.538165 19.200670 2.987983
v 4.506482 19.200670 3.513652
v -0.292450 19.200670 0.572865
v 0.065356 19.200670 1.674080
v 0.745945 19.200670 2.610829
v 1.682694 19.200670 3.291416
v 2.783909 19.200670 3.649222
v 7.018151 19.200670 0.572863
v 6.660345 19.200670 1.674077
v 5.979758 19.200670 2.610827
v 5.043009 19.200670 3.291415
v 3.941794 19.200670 3.649222
v 0.196080 19.200666 -0.006078
v 0.351073 19.200666 -0.984663
v 0.800879 19.200666 -1.867459
v 1.501469 19.200666 -2.568049
v 2.384264 19.200666 -3.017856
v 3.362849 19.200666 -3.172849
v 6.529621 19.200666 -0.006080
v 6.374628 19.200666 -0.984666
v 5.924821 19.200666 -1.867461
v 5.224230 19.200666 -2.568051
v 4.341435 19.200666 -3.017857
v 0.235068 19.200666 -0.501470
v 0.541237 19.200666 -1.443761
v 1.123605 19.200666 -2.245323
v 1.925166 19.200666 -2.827691
v 2.867457 19.200666 -3.133860
v 6.490632 19.200666 -0.501472
v 6.184463 19.200666 -1.443763
v 5.602095 19.200666 -2.245324
v 4.800533 19.200666 -2.827692
v 3.858242 19.200666 -3.133861
v 0.351073 19.200666 0.972508
v 0.800880 19.200666 1.855303
v 1.501471 19.200666 2.555893
v 2.384266 19.200666 3.005699
v 3.362852 19.200666 3.160691
v 6.374628 19.200666 0.972506
v 5.924823 19.200666 1.855301
v 5.224233 19.200666 2.555892
v 4.341437 19.200666 3.005699
v 0.235069 19.200666 0.489314
v 0.541238 19.200666 1.431606
v 1.123607 19.200666 2.233167
v 1.925168 19.200666 2.815535
v 2.867460 19.200666 3.121703
v 6.490633 19.200666 0.489312
v 6.184464 19.200666 1.431604
v 5.602096 19.200666 2.233165
v 4.800535 19.200666 2.815534
v 3.858244 19.200666 3.121703
v 0.196080 17.680807 -0.006078
v 0.351073 17.680807 -0.984663
v 0.800879 17.680807 -1.867459
v 1.501469 17.680807 -2.568049
v 2.384264 17.680807 -3.017856
v 3.362849 17.680807 -3.172849
v 6.529621 17.680807 -0.006080
v 6.374628 17.680807 -0.984666
v 5.924821 17.680807 -1.867461
v 5.224230 17.680807 -2.568051
v 4.341435 17.680807 -3.017857
v 0.235068 17.680807 -0.501470
v 0.541237 17.680807 -1.443761
v 1.123605 17.680807 -2.245323
v 1.925166 17.680807 -2.827691
v 2.867457 17.680807 -3.133860
v 6.490632 17.680807 -0.501472
v 6.184463 17.680807 -1.443763
v 5.602095 17.680807 -2.245324
v 4.800533 17.680807 -2.827692
v 3.858242 17.680807 -3.133861
v 0.351073 17.680807 0.972508
v 0.800880 17.680807 1.855303
v 1.501471 17.680807 2.555893
v 2.384266 17.680807 3.005699
v 3.362852 17.680807 3.160691
v 6.374628 17.680807 0.972506
v 5.924823 17.680807 1.855301
v 5.224233 17.680807 2.555892
v 4.341437 17.680807 3.005699
v 0.235069 17.680807 0.489314
v 0.541238 17.680807 1.431606
v 1.123607 17.680807 2.233167
v 1.925168 17.680807 2.815535
v 2.867460 17.680807 3.121703
v 6.490633 17.680807 0.489312
v 6.184464 17.680807 1.431604
v 5.602096 17.680807 2.233165
v 4.800535 17.680807 2.815534
v 3.858244 17.680807 3.121703
v 0.629226 17.680807 -0.006078
v 0.763019 17.680807 -0.850814
v 1.151301 17.680807 -1.612862
v 1.756065 17.680807 -2.217626
v 2.518113 17.680807 -2.605910
v 3.362849 17.680807 -2.739703
v 6.096474 17.680807 -0.006080
v 5.962681 17.680807 -0.850816
v 5.574398 17.680807 -1.612864
v 4.969633 17.680807 -2.217628
v 4.207586 17.680807 -2.605910
v 0.662881 17.680807 -0.433711
v 0.927173 17.680807 -1.247117
v 1.429885 17.680807 -1.939042
v 2.121810 17.680807 -2.441755
v 2.935216 17.680807 -2.706047
v 6.062819 17.680807 -0.433713
v 5.798527 17.680807 -1.247119
v 5.295814 17.680807 -1.939044
v 4.603889 17.680807 -2.441756
v 3.790482 17.680807 -2.706048
v 0.763020 17.680807 0.838659
v 1.151302 17.680807 1.600706
v 1.756067 17.680807 2.205471
v 2.518115 17.680807 2.593753
v 3.362851 17.680807 2.727546
v 5.962681 17.680807 0.838657
v 5.574399 17.680807 1.600704
v 4.969635 17.680807 2.205470
v 4.207587 17.680807 2.593752
v 0.662882 17.680807 0.421555
v 0.927174 17.680807 1.234962
v 1.429887 17.680807 1.926886
v 2.121812 17.680807 2.429599
v 2.935218 17.680807 2.693890
v 6.062819 17.680807 0.421553
v 5.798528 17.680807 1.234960
v 5.295815 17.680807 1.926885
v 4.603890 17.680807 2.429598
v 3.790484 17.680807 2.693890
v 1.240872 16.592972 -0.006078
v 1.344729 16.592972 -0.661806
v 1.646133 16.592972 -1.253346
v 2.115582 16.592972 -1.722795
v 2.707122 16.592972 -2.024201
v 3.362850 16.592972 -2.128057
v 5.484829 16.592972 -0.006080
v 5.380972 16.592972 -0.661807
v 5.079567 16.592972 -1.253348
v 4.610118 16.592972 -1.722796
v 4.018578 16.592972 -2.024201
v 1.266997 16.592972 -0.338029
v 1.472153 16.592972 -0.969436
v 1.862384 16.592972 -1.506544
v 2.399492 16.592972 -1.896776
v 3.030899 16.592972 -2.101933
v 5.458704 16.592972 -0.338030
v 5.253547 16.592972 -0.969438
v 4.863316 16.592972 -1.506545
v 4.326208 16.592972 -1.896776
v 3.694800 16.592972 -2.101933
v 1.344729 16.592972 0.649649
v 1.646134 16.592972 1.241190
v 2.115583 16.592972 1.710639
v 2.707124 16.592972 2.012043
v 3.362851 16.592972 2.115900
v 5.380973 16.592972 0.649648
v 5.079568 16.592972 1.241188
v 4.610119 16.592972 1.710638
v 4.018579 16.592972 2.012043
v 1.266997 16.592972 0.325873
v 1.472154 16.592972 0.957280
v 1.862385 16.592972 1.494388
v 2.399493 16.592972 1.884619
v 3.030901 16.592972 2.089775
v 5.458704 16.592972 0.325871
v 5.253548 16.592972 0.957279
v 4.863317 16.592972 1.494387
v 4.326210 16.592972 1.884618
v 3.694802 16.592972 2.089775
v 1.504756 16.999201 -0.006078
v 1.595697 16.999201 -0.580261
v 1.859620 16.999201 -1.098239
v 2.270689 16.999201 -1.509308
v 2.788667 16.999201 -1.773232
v 3.362850 16.999201 -1.864173
v 5.220944 16.999201 -0.006079
v 5.130003 16.999201 -0.580262
v 4.866080 16.999201 -1.098240
v 4.455010 16.999201 -1.509309
v 3.937032 16.999201 -1.773232
v 1.527632 16.999201 -0.296748
v 1.707276 16.999201 -0.849635
v 2.048978 16.999201 -1.319950
v 2.519292 16.999201 -1.661653
v 3.072180 16.999201 -1.841297
v 5.198068 16.999201 -0.296749
v 5.018425 16.999201 -0.849636
v 4.676721 16.999201 -1.319951
v 4.206407 16.999201 -1.661653
v 3.653520 16.999201 -1.841297
v 1.595698 16.999201 0.568105
v 1.859621 16.999201 1.086082
v 2.270690 16.999201 1.497152
v 2.788668 16.999201 1.761074
v 3.362851 16.999201 1.852016
v 5.130003 16.999201 0.568103
v 4.866081 16.999201 1.086081
v 4.455011 16.999201 1.497151
v 3.937034 16.999201 1.761074
v 1.527632 16.999201 0.284592
v 1.707276 16.999201 0.837479
v 2.048980 16.999201 1.307793
v 2.519294 16.999201 1.649496
v 3.072181 16.999201 1.829139
v 5.198069 16.999201 0.284591
v 5.018425 16.999201 0.837478
v 4.676722 16.999201 1.307792
v 4.206408 16.999201 1.649496
v 3.653521 16.999201 1.829139
v 3.362850 16.999207 -0.006079
v 0.629226 16.746794 -0.006078
v 0.783525 16.592970 -0.006078
v 0.674616 16.638025 -0.006078
v 0.909766 16.592970 -0.803133
v 0.763019 16.746794 -0.850814
v 0.806188 16.638025 -0.836788
v 1.276132 16.592970 -1.522167
v 1.151301 16.746794 -1.612862
v 1.188022 16.638025 -1.586182
v 1.846760 16.592970 -2.092795
v 1.756065 16.746794 -2.217626
v 1.782745 16.638025 -2.180905
v 2.565794 16.592970 -2.459162
v 2.518113 16.746794 -2.605910
v 2.532139 16.638025 -2.562741
v 3.362849 16.592970 -2.585403
v 3.362849 16.746794 -2.739703
v 3.362849 16.638025 -2.694313
v 5.942175 16.592970 -0.006080
v 6.096474 16.746794 -0.006080
v 6.051085 16.638025 -0.006080
v 5.962681 16.746794 -0.850816
v 5.815934 16.592970 -0.803135
v 5.919512 16.638025 -0.836790
v 5.574398 16.746794 -1.612864
v 5.449568 16.592970 -1.522169
v 5.537677 16.638025 -1.586184
v 4.969633 16.746794 -2.217628
v 4.878939 16.592970 -2.092797
v 4.942954 16.638025 -2.180906
v 4.207586 16.746794 -2.605910
v 4.159905 16.592970 -2.459163
v 4.193560 16.638025 -2.562742
v 0.815281 16.592970 -0.409573
v 0.662881 16.746794 -0.433711
v 0.707713 16.638025 -0.426610
v 1.064654 16.592970 -1.177067
v 0.927173 16.746794 -1.247117
v 0.967616 16.638025 -1.226511
v 1.538991 16.592970 -1.829936
v 1.429885 16.746794 -1.939042
v 1.461981 16.638025 -1.906947
v 2.191861 16.592970 -2.304274
v 2.121810 16.746794 -2.441755
v 2.142416 16.638025 -2.401312
v 2.959354 16.592970 -2.553648
v 2.935216 16.746794 -2.706047
v 2.942317 16.638025 -2.661216
v 6.062819 16.746794 -0.433713
v 5.910419 16.592970 -0.409575
v 6.017987 16.638025 -0.426612
v 5.798527 16.746794 -1.247119
v 5.661045 16.592970 -1.177068
v 5.758084 16.638025 -1.226512
v 5.295814 16.746794 -1.939044
v 5.186708 16.592970 -1.829938
v 5.263718 16.638025 -1.906949
v 4.603889 16.746794 -2.441756
v 4.533838 16.592970 -2.304275
v 4.583282 16.638025 -2.401313
v 3.790482 16.746794 -2.706048
v 3.766345 16.592970 -2.553648
v 3.783382 16.638025 -2.661217
v 0.763020 16.746794 0.838659
v 0.909767 16.592970 0.790977
v 0.806188 16.638025 0.824632
v 1.151302 16.746794 1.600706
v 1.276133 16.592970 1.510011
v 1.188024 16.638025 1.574026
v 1.756067 16.746794 2.205471
v 1.846762 16.592970 2.080640
v 1.782747 16.638025 2.168749
v 2.518115 16.746794 2.593753
v 2.565796 16.592970 2.447006
v 2.532141 16.638025 2.550584
v 3.362851 16.746794 2.727546
v 3.362851 16.592970 2.573246
v 3.362851 16.638025 2.682156
v 5.815934 16.592970 0.790976
v 5.962681 16.746794 0.838657
v 5.919513 16.638025 0.824630
v 5.449569 16.592970 1.510010
v 5.574399 16.746794 1.600704
v 5.537678 16.638025 1.574025
v 4.878941 16.592970 2.080639
v 4.969635 16.746794 2.205470
v 4.942955 16.638025 2.168748
v 4.159906 16.592970 2.447005
v 4.207587 16.746794 2.593752
v 4.193561 16.638025 2.550584
v 0.662882 16.746794 0.421555
v 0.815281 16.592970 0.397417
v 0.707713 16.638025 0.414455
v 0.927174 16.746794 1.234962
v 1.064655 16.592970 1.164911
v 0.967617 16.638025 1.214355
v 1.429887 16.746794 1.926886
v 1.538993 16.592970 1.817780
v 1.461982 16.638025 1.894791
v 2.121812 16.746794 2.429599
v 2.191862 16.592970 2.292118
v 2.142418 16.638025 2.389157
v 2.935218 16.746794 2.693890
v 2.959356 16.592970 2.541491
v 2.942319 16.638025 2.649060
v 5.910419 16.592970 0.397416
v 6.062819 16.746794 0.421553
v 6.017988 16.638025 0.414453
v 5.661046 16.592970 1.164909
v 5.798528 16.746794 1.234960
v 5.758085 16.638025 1.214353
v 5.186709 16.592970 1.817779
v 5.295815 16.746794 1.926885
v 5.263720 16.638025 1.894789
v 4.533840 16.592970 2.292117
v 4.603890 16.746794 2.429598
v 4.583284 16.638025 2.389156
v 3.766346 16.592970 2.541490
v 3.790484 16.746794 2.693890
v 3.783384 16.638025 2.649059
vt 0.000000 0.000000
vt 0.000000 0.000000
vt 0.000000 0.000000
vt 0.000000 0.000000
vt 0.000000 0.000000
vt 0.000000 0.000000
vt 0.000000 0.000000
vt 0.000000 0.000000
vt 0.000000 0.000000
vt 0.000000 0.000000
vt 0.000000 0.000000
vt 0.000000 0.000000
vt 0.000000 0.000000
vt 0.000000 0.000000
vt 0.000000 0.000000
vt 0.000000 0.000000
vt 0.000000 0.000000
vt 0.000000 0.000000
vt 0.000000 0.000000
vt 0.000000 0.000000
vt 0.000000 0.000000
vt 0.000000 0.000000
vt 0.000000 0.000000
vt 0.000000 0.000000
vt 0.000000 0.000000
vt 0.000000 0.000000
vt 0.000000 0.000000
vt 0.000000 0.000000
vt 0.000000 0.000000
vt 0.000000 0.000000
vt 0.000000 0.000000
vt 0.000000 0.000000
vt 0.000000 0.000000
vt 0.000000 0.000000
vt 0.000000 0.000000
vt 0.000000 0.000000
vt 0.000000 0.000000
vt 0.000000 0.000000
vt 0.000000 0.000000
vt 0.000000 0.000000
vt 0.000000 0.000000
vt 0.000000 0.000000
vt 0.000000 0.000000
vt 0.000000 0.000000
vt 0.000000 0.000000
vt 0.000000 0.000000
vt 0.000000 0.000000
vt 0.000000 0.000000
vt 0.000000 0.000000
vt 0.000000 0.000000
vt 0.000000 0.000000
vt 0.000000 0.000000
vt 0.000000 0.000000
vt 0.000000 0.000000
vt 0.000000 0.000000
vt 0.000000 0.000000
vt 0.000000 0.000000
vt 0.000000 0.000000
vt 0.000000 0.000000
vt 0.000000 0.000000
vt 0.000000 0.000000
vt 0.000000 0.000000
vt 0.000000 0.000000
vt 0.000000 0.000000
vt 0.000000 0.000000
vt 0.000000 0.000000
vt 0.000000 0.000000
vt 0.000000 0.000000
vt 0.000000 0.000000
vt 0.000000 0.000000
vt 0.000000 0.000000
vt 0.000000 0.000000
vt 0.000000 0.000000
vt 0.000000 0.000000
vt 0.000000 0.000000
vt 0.000000 0.000000
vt 0.000000 0.000000
vt 0.000000 0.000000
vt 0.000000 0.000000
vt 0.000000 0.000000
vt 0.000000 0.000000
vt 0.000000 0.000000
vt 0.000000 0.000000
vt 0.000000 0.000000
vt 0.000000 0.000000
vt 0.000000 0.000000
vt 0.000000 0.000000
vt 0.000000 0.000000
vt 0.000000 0.000000
vt 0.000000 0.000000
vt 0.000000 0.000000
vt 0.000000 0.000000
vt 0.000000 0.000000
vt 0.000000 0.000000
vt 0.000000 0.000000
vt 0.000000 0.000000
vt 0.000000 0.000000
vt 0.000000 0.000000
vt 0.000000 0.000000
vt 0.000000 0.000000
vt 0.000000 0.000000
vt 0.000000 0.000000
vt 0.000000 0.000000
vt 0.000000 0.000000
vt 0.000000 0.000000
vt 0.000000 0.000000
vt 0.000000 0.000000
vt 0.000000 0.000000
vt 0.000000 0.000000
vt 0.000000 0.000000
vt 0.000000 0.000000
vt 0.000000 0.000000
vt 0.000000 0.000000
vt 0.000000 0.000000
vt 0.000000 0.000000
vt 0.000000 0.000000
vt 0.000000 0.000000
vt 0.000000 0.000000
vt 0.000000 0.000000
vt 0.000000 0.000000
vt 0.000000 0.000000
vt 0.000000 0.000000
vt 0.000000 0.000000
vt 0.000000 0.000000
vt 0.000000 0.000000
vt 0.000000 0.000000
vt 0.000000 0.000000
vt 0.000000 0.000000
vt 0.000000 0.000000
vt 0.000000 0.000000
vt 0.000000 0.000000
vt 0.000000 0.000000
vt 0.000000 0.000000
vt 0.000000 0.000000
vt 0.000000 0.000000
vt 0.000000 0.000000
vt 0.000000 0.000000
vt 0.000000 0.000000
vt 0.000000 0.000000
vt 0.000000 0.000000
vt 0.000000 0.000000
vt 0.000000 0.000000
vt 0.000000 0.000000
vt 0.000000 0.000000
vt 0.000000 0.000000
vt 0.000000 0.000000
vt 0.000000 0.000000
vt 0.000000 0.000000
vt 0.000000 0.000000
vt 0.000000 0.000000
vt 0.000000 0.000000
vt 0.000000 0.000000
vt 0.000000 0.000000
vt 0.000000 0.000000
vt 0.000000 0.000000
vt 0.000000 0.000000
vt 0.000000 0.000000
vt 0.000000 0.000000
vt 0.000000 0.000000
vt 0.000000 0.000000
vt 0.000000 0.000000
vt 0.000000 0.000000
vt 0.000000 0.000000
vt 0.000000 0.000000
vt 0.000000 0.000000
vt 0.000000 0.000000
vt 0.000000 0.000000
vt 0.000000 0.000000
vt 0.000000 0.000000
vt 0.000000 0.000000
vt 0.000000 0.000000
vt 0.000000 0.000000
vt 0.000000 0.000000
vt 0.000000 0.000000
vt 0.000000 0.000000
vt 0.000000 0.000000
vt 0.000000 0.000000
vt 0.000000 0.000000
vt 0.000000 0.000000
vt 0.000000 0.000000
vt 0.000000 0.000000
vt 0.000000 0.000000
vt 0.000000 0.000000
vt 0.000000 0.000000
vt 0.000000 0.000000
vt 0.000000 0.000000
vt 0.000000 0.000000
vt 0.000000 0.000000
vt 0.000000 0.000000
vt 0.000000 0.000000
vt 0.000000 0.000000
vt 0.000000 0.000000
vt 0.000000 0.000000
vt 0.000000 0.000000
vt 0.000000 0.000000
vt 0.000000 0.000000
vt 0.000000 0.000000
vt 0.000000 0.000000
vt 0.000000 0.000000
vt 0.000000 0.000000
vt 0.000000 0.000000
vt 0.000000 0.000000
vt 0.000000 0.000000
vt 0.000000 0.000000
vt 0.000000 0.000000
vt 0.000000 0.000000
vt 0.000000 0.000000
vt 0.000000 0.000000
vt 0.000000 0.000000
vt 0.000000 0.000000
vt 0.000000 0.000000
vt 0.000000 0.000000
vt 0.000000 0.000000
vt 0.000000 0.000000
vt 0.000000 0.000000
vt 0.000000 0.000000
vt 0.000000 0.000000
vt 0.000000 0.000000
vt 0.000000 0.000000
vt 0.000000 0.000000
vt 0.000000 0.000000
vt 0.000000 0.000000
vt 0.000000 0.000000
vt 0.000000 0.000000
vt 0.000000 0.000000
vt 0.000000 0.000000
vt 0.000000 0.000000
vt 0.000000 0.000000
vt 0.000000 0.000000
vt 0.000000 0.000000
vt 0.000000 0.000000
vt 0.000000 0.000000
vt 0.000000 0.000000
vt 0.000000 0.000000
vt 0.000000 0.000000
vt 0.000000 0.000000
vt 0.000000 0.000000
vt 0.000000 0.000000
vt 0.000000 0.000000
vt 0.000000 0.000000
vt 0.000000 0.000000
vt 0.000000 0.000000
vt 0.000000 0.000000
vt 0.000000 0.000000
vt 0.000000 0.000000
vt 0.000000 0.000000
vt 0.000000 0.000000
vt 0.000000 0.000000
vt 0.000000 0.000000
vt 0.000000 0.000000
vt 0.000000 0.000000
vt 0.000000 0.000000
vt 0.000000 0.000000
vt 0.000000 0.000000
vt 0.000000 0.000000
vt 0.000000 0.000000
vt 0.000000 0.000000
vt 0.000000 0.000000
vt 0.000000 0.000000
vt 0.000000 0.000000
vt 0.000000 0.000000
vt 0.000000 0.000000
vt 0.000000 0.000000
vt 0.000000 0.000000
vt 0.000000 0.000000
vt 0.000000 0.000000
vt 0.000000 0.000000
vt 0.000000 0.000000
vt 0.000000 0.000000
vt 0.000000 0.000000
vt 0.000000 0.000000
vt 0.000000 0.000000
vt 0.000000 0.000000
vt 0.000000 0.000000
vt 0.000000 0.000000
vt 0.000000 0.000000
vt 0.000000 0.000000
vt 0.000000 0.000000
vt 0.000000 0.000000
vt 0.000000 0.000000
vt 0.000000 0.000000
vt 0.000000 0.000000
vt 0.000000 0.000000
vt 0.000000 0.000000
vt 0.000000 0.000000
vt 0.000000 0.000000
vt 0.000000 0.000000
vt 0.000000 0.000000
vt 0.000000 0.000000
vt 0.000000 0.000000
vt 0.000000 0.000000
vt 0.000000 0.000000
vt 0.000000 0.000000
vt 0.000000 0.000000
vt 0.000000 0.000000
vt 0.000000 0.000000
vt 0.000000 0.000000
vt 0.000000 0.000000
vt 0.000000 0.000000
vt 0.000000 0.000000
vt 0.000000 0.000000
vt 0.000000 0.000000
vt 0.000000 0.000000
vt 0.000000 0.000000
vt 0.000000 0.000000
vt 0.000000 0.000000
vt 0.000000 0.000000
vt 0.000000 0.000000
vt 0.000000 0.000000
vt 0.000000 0.000000
vt 0.000000 0.000000
vt 0.000000 0.000000
vt 0.000000 0.000000
vt 0.000000 0.000000
vt 0.000000 0.000000
vt 0.000000 0.000000
vt 0.000000 0.000000
vt 0.000000 0.000000
vt 0.000000 0.000000
vt 0.000000 0.000000
vt 0.000000 0.000000
vt 0.000000 0.000000
vt 0.000000 0.000000
vt 0.000000 0.000000
vt 0.000000 0.000000
vt 0.000000 0.000000
vt 0.000000 0.000000
vt 0.000000 0.000000
vt 0.000000 0.000000
vt 0.000000 0.000000
vt 0.000000 0.000000
vt 0.000000 0.000000
vt 0.000000 0.000000
vt 0.000000 0.000000
vt 0.000000 0.000000
vt 0.000000 0.000000
vt 0.000000 0.000000
vt 0.000000 0.000000
vt 0.000000 0.000000
vt 0.000000 0.000000
vt 0.000000 0.000000
vt 0.000000 0.000000
vt 0.000000 0.000000
vt 0.000000 0.000000
vt 0.000000 0.000000
vt 0.000000 0.000000
vt 0.000000 0.000000
vt 0.000000 0.000000
vt 0.000000 0.000000
vt 0.000000 0.000000
vt 0.000000 0.000000
vt 0.000000 0.000000
vt 0.000000 0.000000
vt 0.000000 0.000000
vt 0.000000 0.000000
vt 0.000000 0.000000
vt 0.000000 0.000000
vt 0.000000 0.000000
vt 0.000000 0.000000
vt 0.000000 0.000000
vt 0.000000 0.000000
vt 0.000000 0.000000
vt 0.000000 0.000000
vt 0.000000 0.000000
vt 0.000000 0.000000
vt 0.000000 0.000000
vt 0.000000 0.000000
vt 0.000000 0.000000
vt 0.000000 0.000000
vt 0.000000 0.000000
vt 0.000000 0.000000
vt 0.000000 0.000000
vt 0.000000 0.000000
vt 0.000000 0.000000
vt 0.000000 0.000000
vt 0.000000 0.000000
vt 0.000000 0.000000
vt 0.000000 0.000000
vt 0.000000 0.000000
vt 0.000000 0.000000
vt 0.000000 0.000000
vt 0.000000 0.000000
vt 0.000000 0.000000
vt 0.000000 0.000000
vt 0.000000 0.000000
vt 0.000000 0.000000
vt 0.000000 0.000000
vt 0.000000 0.000000
vt 0.000000 0.000000
vt 0.000000 0.000000
vt 0.000000 0.000000
vt 0.000000 0.000000
vt 0.000000 0.000000
vt 0.000000 0.000000
vt 0.000000 0.000000
vt 0.000000 0.000000
vt 0.000000 0.000000
vt 0.000000 0.000000
vt 0.000000 0.000000
vt 0.000000 0.000000
vt 0.000000 0.000000
vt 0.000000 0.000000
vt 0.000000 0.000000
vt 0.000000 0.000000
vt 0.000000 0.000000
vt 0.000000 0.000000
vt 0.000000 0.000000
vt 0.000000 0.000000
vt 0.000000 0.000000
vt 0.000000 0.000000
vt 0.000000 0.000000
vt 0.000000 0.000000
vt 0.000000 0.000000
vt 0.000000 0.000000
vt 0.000000 0.000000
vt 0.000000 0.000000
vt 0.000000 0.000000
vt 0.000000 0.000000
vt 0.000000 0.000000
vt 0.000000 0.000000
vt 0.000000 0.000000
vt 0.000000 0.000000
vt 0.000000 0.000000
vt 0.000000 0.000000
vt 0.000000 0.000000
vt 0.000000 0.000000
vt 0.000000 0.000000
vt 0.000000 0.000000
vt 0.000000 0.000000
vt 0.000000 0.000000
vt 0.000000 0.000000
vt 0.000000 0.000000
vt 0.000000 0.000000
vt 0.000000 0.000000
vt 0.000000 0.000000
vt 0.000000 0.000000
vt 0.000000 0.000000
vt 0.000000 0.000000
vt 0.000000 0.000000
vt 0.000000 0.000000
vt 0.000000 0.000000
vt 0.000000 0.000000
vt 0.000000 0.000000
vt 0.000000 0.000000
vt 0.000000 0.000000
vt 0.000000 0.000000
vt 0.000000 0.000000
vt 0.000000 0.000000
vt 0.000000 0.000000
vt 0.000000 0.000000
vt 0.000000 0.000000
vt 0.000000 0.000000
vt 0.000000 0.000000
vt 0.000000 0.000000
vt 0.000000 0.000000
vt 0.000000 0.000000
vt 0.000000 0.000000
vt 0.000000 0.000000
vt 0.000000 0.000000
vt 0.000000 0.000000
vt 0.000000 0.000000
vt 0.000000 0.000000
vt 0.000000 0.000000
vt 0.000000 0.000000
vt 0.000000 0.000000
vt 0.000000 0.000000
vt 0.000000 0.000000
vt 0.000000 0.000000
vt 0.000000 0.000000
vt 0.000000 0.000000
vt 0.000000 0.000000
vt 0.000000 0.000000
vt 0.000000 0.000000
vt 0.000000 0.000000
vt 0.000000 0.000000
vt 0.000000 0.000000
vt 0.000000 0.000000
vt 0.000000 0.000000
vt 0.000000 0.000000
vt 0.000000 0.000000
vt 0.000000 0.000000
vt 0.000000 0.000000
vt 0.000000 0.000000
vt 0.000000 0.000000
vt 0.000000 0.000000
vt 0.000000 0.000000
vt 0.000000 0.000000
vt 0.000000 0.000000
vt 0.000000 0.000000
vt 0.000000 0.000000
vt 0.000000 0.000000
vt 0.000000 0.000000
vt 0.000000 0.000000
vt 0.000000 0.000000
vt 0.000000 0.000000
vt 0.000000 0.000000
vt 0.000000 0.000000
vt 0.000000 0.000000
vt 0.000000 0.000000
vt 0.000000 0.000000
vt 0.000000 0.000000
vt 0.000000 0.000000
vt 0.000000 0.000000
vt 0.000000 0.000000
vt 0.000000 0.000000
vt 0.000000 0.000000
vt 0.000000 0.000000
vt 0.000000 0.000000
vt 0.000000 0.000000
vt 0.000000 0.000000
vt 0.000000 0.000000
vt 0.000000 0.000000
vt 0.000000 0.000000
vt 0.000000 0.000000
vt 0.000000 0.000000
vt 0.000000 0.000000
vt 0.000000 0.000000
vt 0.000000 0.000000
vt 0.000000 0.000000
vt 0.000000 0.000000
vt 0.000000 0.000000
vt 0.000000 0.000000
vt 0.000000 0.000000
vt 0.000000 0.000000
vt 0.000000 0.000000
vt 0.000000 0.000000
vt 0.000000 0.000000
vt 0.000000 0.000000
vt 0.000000 0.000000
vt 0.000000 0.000000
vt 0.000000 0.000000
vt 0.000000 0.000000
vt 0.000000 0.000000
vt 0.000000 0.000000
vt 0.000000 0.000000
vt 0.000000 0.000000
vt 0.000000 0.000000
vt 0.000000 0.000000
vt 0.000000 0.000000
vt 0.000000 0.000000
vt 0.000000 0.000000
vt 0.000000 0.000000
vt 0.000000 0.000000
vt 0.000000 0.000000
vt 0.000000 0.000000
vt 0.000000 0.000000
vt 0.000000 0.000000
vt 0.000000 0.000000
vt 0.000000 0.000000
vt 0.000000 0.000000
vt 0.000000 0.000000
vt 0.000000 0.000000
vt 0.000000 0.000000
vt 0.000000 0.000000
vt 0.000000 0.000000
vt 0.000000 0.000000
vt 0.000000 0.000000
vt 0.000000 0.000000
vt 0.000000 0.000000
vt 0.000000 0.000000
vt 0.000000 0.000000
vt 0.000000 0.000000
vt 0.000000 0.000000
vt 0.000000 0.000000
vt 0.000000 0.000000
vt 0.000000 0.000000
vt 0.000000 0.000000
vt 0.000000 0.000000
vt 0.000000 0.000000
vt 0.000000 0.000000
vt 0.000000 0.000000
vt 0.000000 0.000000
vt 0.000000 0.000000
vt 0.000000 0.000000
vt 0.000000 0.000000
vt 0.000000 0.000000
vt 0.000000 0.000000
vt 0.000000 0.000000
vt 0.000000 0.000000
vt 0.000000 0.000000
vt 0.000000 0.000000
vt 0.000000 0.000000
vt 0.000000 0.000000
vt 0.000000 0.000000
vt 0.000000 0.000000
vt 0.000000 0.000000
vt 0.000000 0.000000
vt 0.000000 0.000000
vt 0.000000 0.000000
vt 0.000000 0.000000
vt 0.000000 0.000000
vt 0.000000 0.000000
vt 0.000000 0.000000
vt 0.000000 0.000000
vt 0.000000 0.000000
vt 0.000000 0.000000
vt 0.000000 0.000000
vt 0.000000 0.000000
vt 0.000000 0.000000
vt 0.000000 0.000000
vt 0.000000 0.000000
vt 0.000000 0.000000
vt 0.000000 0.000000
vt 0.000000 0.000000
vt 0.000000 0.000000
vt 0.000000 0.000000
vt 0.000000 0.000000
vt 0.000000 0.000000
vt 0.000000 0.000000
vt 0.000000 0.000000
vt 0.000000 0.000000
vt 0.000000 0.000000
vt 0.000000 0.000000
vt 0.000000 0.000000
vt 0.000000 0.000000
vt 0.000000 0.000000
vt 0.000000 0.000000
vt 0.000000 0.000000
vt 0.000000 0.000000
vt 0.000000 0.000000
vt 0.000000 0.000000
vt 0.000000 0.000000
vt 0.000000 0.000000
vt 0.000000 0.000000
vt 0.000000 0.000000
vt 0.000000 0.000000
vt 0.000000 0.000000
vt 0.000000 0.000000
vt 0.000000 0.000000
vt 0.000000 0.000000
vt 0.000000 0.000000
vt 0.000000 0.000000
vt 0.000000 0.000000
vt 0.000000 0.000000
vt 0.000000 0.000000
vt 0.000000 0.000000
vt 0.000000 0.000000
vt 0.000000 0.000000
vt 0.000000 0.000000
vt 0.000000 0.000000
vt 0.000000 0.000000
vt 0.000000 0.000000
vt 0.000000 0.000000
vt 0.000000 0.000000
vt 0.000000 0.000000
vt 0.000000 0.000000
vt 0.000000 0.000000
vt 0.000000 0.000000
vt 0.000000 0.000000
vt 0.000000 0.000000
vt 0.000000 0.000000
vt 0.000000 0.000000
vt 0.000000 0.000000
vt 0.000000 0.000000
vt 0.000000 0.000000
vt 0.000000 0.000000
vt 0.000000 0.000000
vt 0.000000 0.000000
vt 0.000000 0.000000
vt 0.000000 0.000000
vt 0.000000 0.000000
vt 0.000000 0.000000
vt 0.000000 0.000000
vt 0.000000 0.000000
vt 0.000000 0.000000
vt 0.000000 0.000000
vt 0.000000 0.000000
vt 0.000000 0.000000
vt 0.000000 0.000000
vt 0.000000 0.000000
vt 0.000000 0.000000
vt 0.000000 0.000000
vt 0.000000 0.000000
vt 0.000000 0.000000
vt 0.000000 0.000000
vt 0.000000 0.000000
vt 0.000000 0.000000
vt 0.000000 0.000000
vt 0.000000 0.000000
vt 0.000000 0.000000
vt 0.000000 0.000000
vt 0.000000 0.000000
vt 0.000000 0.000000
vt 0.000000 0.000000
vt 0.000000 0.000000
vt 0.000000 0.000000
vt 0.000000 0.000000
vt 0.000000 0.000000
vt 0.000000 0.000000
vt 0.000000 0.000000
vt 0.000000 0.000000
vt 0.000000 0.000000
vt 0.000000 0.000000
vt 0.000000 0.000000
vt 0.000000 0.000000
vt 0.000000 0.000000
vt 0.000000 0.000000
vt 0.000000 0.000000
vt 0.000000 0.000000
vt 0.000000 0.000000
vt 0.000000 0.000000
vt 0.000000 0.000000
vt 0.000000 0.000000
vt 0.000000 0.000000
vt 0.000000 0.000000
vt 0.000000 0.000000
vt 0.000000 0.000000
vt 0.000000 0.000000
vt 0.000000 0.000000
vt 0.000000 0.000000
vt 0.000000 0.000000
vt 0.000000 0.000000
vt 0.000000 0.000000
vt 0.000000 0.000000
vt 0.000000 0.000000
vt 0.000000 0.000000
vt 0.000000 0.000000
vt 0.000000 0.000000
vt 0.000000 0.000000
vt 0.000000 0.000000
vt 0.000000 0.000000
vt 0.000000 0.000000
vt 0.000000 0.000000
vt 0.000000 0.000000
vt 0.000000 0.000000
vt 0.000000 0.000000
vt 0.000000 0.000000
vt 0.000000 0.000000
vt 0.000000 0.000000
vt 0.000000 0.000000
vt 0.000000 0.000000
vt 0.000000 0.000000
vt 0.000000 0.000000
vt 0.000000 0.000000
vt 0.000000 0.000000
vt 0.000000 0.000000
vt 0.000000 0.000000
vt 0.000000 0.000000
vt 0.000000 0.000000
vt 0.000000 0.000000
vt 0.000000 0.000000
vt 0.000000 0.000000
vt 0.000000 0.000000
vt 0.000000 0.000000
vt 0.000000 0.000000
vt 0.000000 0.000000
vt 0.000000 0.000000
vt 0.000000 0.000000
vt 0.000000 0.000000
vt 0.000000 0.000000
vt 0.000000 0.000000
vt 0.000000 0.000000
vt 0.000000 0.000000
vt 0.000000 0.000000
vt 0.000000 0.000000
vt 0.000000 0.000000
vt 0.000000 0.000000
vt 0.000000 0.000000
vt 0.000000 0.000000
vt 0.000000 0.000000
vt 0.000000 0.000000
vt 0.000000 0.000000
vt 0.000000 0.000000
vt 0.000000 0.000000
vt 0.000000 0.000000
vt 0.000000 0.000000
vt 0.000000 0.000000
vt 0.000000 0.000000
vt 0.000000 0.000000
vt 0.000000 0.000000
vt 0.000000 0.000000
vt 0.000000 0.000000
vt 0.000000 0.000000
vt 0.000000 0.000000
vt 0.000000 0.000000
vt 0.000000 0.000000
vt 0.000000 0.000000
vt 0.000000 0.000000
vt 0.000000 0.000000
vt 0.000000 0.000000
vt 0.000000 0.000000
vt 0.000000 0.000000
vt 0.000000 0.000000
vt 0.000000 0.000000
vt 0.000000 0.000000
vt 0.000000 0.000000
vt 0.000000 0.000000
vt 0.000000 0.000000
vt 0.000000 0.000000
vt 0.000000 0.000000
vt 0.000000 0.000000
vt 0.000000 0.000000
vt 0.000000 0.000000
vt 0.000000 0.000000
vt 0.000000 0.000000
vt 0.000000 0.000000
vt 0.000000 0.000000
vt 0.000000 0.000000
vt 0.000000 0.000000
vt 0.000000 0.000000
vt 0.000000 0.000000
vt 0.000000 0.000000
vt 0.000000 0.000000
vt 0.000000 0.000000
vt 0.000000 0.000000
vt 0.000000 0.000000
vt 0.000000 0.000000
vt 0.000000 0.000000
vt 0.000000 0.000000
vt 0.000000 0.000000
vt 0.000000 0.000000
vt 0.000000 0.000000
vt 0.000000 0.000000
vt 0.000000 0.000000
vt 0.000000 0.000000
vt 0.000000 0.000000
vt 0.000000 0.000000
vt 0.000000 0.000000
vt 0.000000 0.000000
vt 0.000000 0.000000
vt 0.000000 0.000000
vt 0.000000 0.000000
vt 0.000000 0.000000
vt 0.000000 0.000000
vt 0.000000 0.000000
vt 0.000000 0.000000
vt 0.000000 0.000000
vt 0.000000 0.000000
vt 0.000000 0.000000
vt 0.000000 0.000000
vt 0.000000 0.000000
vt 0.000000 0.000000
vt 0.000000 0.000000
vt 0.000000 0.000000
vt 0.000000 0.000000
vt 0.000000 0.000000
vt 0.000000 0.000000
vt 0.000000 0.000000
vt 0.000000 0.000000
vt 0.000000 0.000000
vt 0.000000 0.000000
vt 0.000000 0.000000
vt 0.000000 0.000000
vt 0.000000 0.000000
vt 0.000000 0.000000
vt 0.000000 0.000000
vt 0.000000 0.000000
vt 0.000000 0.000000
vt 0.000000 0.000000
vt 0.000000 0.000000
vt 0.000000 0.000000
vt 0.000000 0.000000
vt 0.000000 0.000000
vt 0.000000 0.000000
vt 0.000000 0.000000
vt 0.000000 0.000000
vt 0.000000 0.000000
vt 0.000000 0.000000
vt 0.000000 0.000000
vt 0.000000 0.000000
vt 0.000000 0.000000
vt 0.000000 0.000000
vt 0.000000 0.000000
vt 0.000000 0.000000
vt 0.000000 0.000000
vt 0.000000 0.000000
vt 0.000000 0.000000
vt 0.000000 0.000000
vt 0.000000 0.000000
vt 0.000000 0.000000
vt 0.000000 0.000000
vt 0.000000 0.000000
vt 0.000000 0.000000
vt 0.000000 0.000000
vt 0.000000 0.000000
vt 0.000000 0.000000
vt 0.000000 0.000000
vt 0.000000 0.000000
vt 0.000000 0.000000
vt 0.000000 0.000000
vt 0.000000 0.000000
vt 0.000000 0.000000
vt 0.000000 0.000000
vt 0.000000 0.000000
vt 0.000000 0.000000
vt 0.000000 0.000000
vt 0.000000 0.000000
vt 0.000000 0.000000
vt 0.000000 0.000000
vt 0.000000 0.000000
vt 0.000000 0.000000
vt 0.000000 0.000000
vt 0.000000 0.000000
vt 0.000000 0.000000
vt 0.000000 0.000000
vt 0.000000 0.000000
vt 0.000000 0.000000
vt 0.000000 0.000000
vt 0.000000 0.000000
vt 0.000000 0.000000
vt 0.000000 0.000000
vt 0.000000 0.000000
vt 0.000000 0.000000
vt 0.000000 0.000000
vt 0.000000 0.000000
vt 0.000000 0.000000
vt 0.000000 0.000000
vt 0.000000 0.000000
vt 0.000000 0.000000
vt 0.000000 0.000000
vt 0.000000 0.000000
vt 0.000000 0.000000
vt 0.000000 0.000000
vt 0.000000 0.000000
vt 0.000000 0.000000
vt 0.000000 0.000000
vt 0.000000 0.000000
vt 0.000000 0.000000
vt 0.000000 0.000000
vt 0.000000 0.000000
vt 0.000000 0.000000
vt 0.000000 0.000000
vt 0.000000 0.000000
vt 0.000000 0.000000
vt 0.000000 0.000000
vt 0.000000 0.000000
vt 0.000000 0.000000
vt 0.000000 0.000000
vt 0.000000 0.000000
vt 0.000000 0.000000
vt 0.000000 0.000000
vt 0.000000 0.000000
vt 0.000000 0.000000
vt 0.000000 0.000000
vt 0.000000 0.000000
vt 0.000000 0.000000
vt 0.000000 0.000000
vt 0.000000 0.000000
vt 0.000000 0.000000
vt 0.000000 0.000000
vt 0.000000 0.000000
vt 0.000000 0.000000
vt 0.000000 0.000000
vt 0.000000 0.000000
vt 0.000000 0.000000
vt 0.000000 0.000000
vt 0.000000 0.000000
vt 0.000000 0.000000
vt 0.000000 0.000000
vt 0.000000 0.000000
vt 0.000000 0.000000
vt 0.000000 0.000000
vt 0.000000 0.000000
vt 0.000000 0.000000
vt 0.000000 0.000000
vt 0.000000 0.000000
vt 0.000000 0.000000
vt 0.000000 0.000000
vt 0.000000 0.000000
vt 0.000000 0.000000
vt 0.000000 0.000000
vt 0.000000 0.000000
vt 0.000000 0.000000
vt 0.000000 0.000000
vt 0.000000 0.000000
vt 0.000000 0.000000
vt 0.000000 0.000000
vt 0.000000 0.000000
vt 0.000000 0.000000
vt 0.000000 0.000000
vt 0.000000 0.000000
vt 0.000000 0.000000
vt 0.000000 0.000000
vt 0.000000 0.000000
vt 0.000000 0.000000
vt 0.000000 0.000000
vt 0.000000 0.000000
vt 0.000000 0.000000
vt 0.000000 0.000000
vt 0.000000 0.000000
vt 0.000000 0.000000
vt 0.000000 0.000000
vt 0.000000 0.000000
vt 0.000000 0.000000
vt 0.000000 0.000000
vt 0.000000 0.000000
vt 0.000000 0.000000
vt 0.000000 0.000000
vt 0.000000 0.000000
vt 0.000000 0.000000
vt 0.000000 0.000000
vt 0.000000 0.000000
vt 0.000000 0.000000
vt 0.000000 0.000000
vt 0.000000 0.000000
vt 0.000000 0.000000
vt 0.000000 0.000000
vt 0.000000 0.000000
vt 0.000000 0.000000
vt 0.000000 0.000000
vt 0.000000 0.000000
vt 0.000000 0.000000
vt 0.000000 0.000000
vt 0.000000 0.000000
vt 0.000000 0.000000
vt 0.000000 0.000000
vt 0.000000 0.000000
vt 0.000000 0.000000
vt 0.000000 0.000000
vt 0.000000 0.000000
vt 0.000000 0.000000
vt 0.000000 0.000000
vt 0.000000 0.000000
vt 0.000000 0.000000
vt 0.000000 0.000000
vt 0.000000 0.000000
vt 0.000000 0.000000
vt 0.000000 0.000000
vt 0.000000 0.000000
vt 0.000000 0.000000
vt 0.000000 0.000000
vt 0.000000 0.000000
vt 0.000000 0.000000
vt 0.000000 0.000000
vt 0.000000 0.000000
vt 0.000000 0.000000
vt 0.000000 0.000000
vt 0.000000 0.000000
vt 0.000000 0.000000
vt 0.000000 0.000000
vt 0.000000 0.000000
vt 0.000000 0.000000
vt 0.000000 0.000000
vt 0.000000 0.000000
vt 0.000000 0.000000
vt 0.000000 0.000000
vt 0.000000 0.000000
vt 0.000000 0.000000
vt 0.000000 0.000000
vt 0.000000 0.000000
vt 0.000000 0.000000
vt 0.000000 0.000000
vt 0.000000 0.000000
vt 0.000000 0.000000
vt 0.000000 0.000000
vt 0.000000 0.000000
vt 0.000000 0.000000
vt 0.000000 0.000000
vt 0.000000 0.000000
vt 0.000000 0.000000
vt 0.000000 0.000000
vt 0.000000 0.000000
vt 0.000000 0.000000
vt 0.000000 0.000000
vt 0.000000 0.000000
vt 0.000000 0.000000
vt 0.000000 0.000000
vt 0.000000 0.000000
vt 0.000000 0.000000
vt 0.000000 0.000000
vt 0.000000 0.000000
vt 0.000000 0.000000
vt 0.000000 0.000000
vt 0.000000 0.000000
vt 0.000000 0.000000
vt 0.000000 0.000000
vt 0.000000 0.000000
vt 0.000000 0.000000
vt 0.000000 0.000000
vt 0.000000 0.000000
vt 0.000000 0.000000
vt 0.000000 0.000000
vt 0.000000 0.000000
vt 0.000000 0.000000
vt 0.000000 0.000000
vt 0.000000 0.000000
vt 0.000000 0.000000
vt 0.000000 0.000000
vt 0.000000 0.000000
vt 0.000000 0.000000
vt 0.000000 0.000000
vt 0.000000 0.000000
vt 0.000000 0.000000
vt 0.000000 0.000000
vt 0.000000 0.000000
vt 0.000000 0.000000
vt 0.000000 0.000000
vt 0.000000 0.000000
vt 0.000000 0.000000
vt 0.000000 0.000000
vt 0.000000 0.000000
vt 0.000000 0.000000
vt 0.000000 0.000000
vt 0.000000 0.000000
vt 0.000000 0.000000
vt 0.000000 0.000000
vt 0.000000 0.000000
vt 0.000000 0.000000
vt 0.000000 0.000000
vt 0.000000 0.000000
vt 0.000000 0.000000
vt 0.000000 0.000000
vt 0.000000 0.000000
vt 0.000000 0.000000
vt 0.000000 0.000000
vt 0.000000 0.000000
vt 0.000000 0.000000
vt 0.000000 0.000000
vt 0.000000 0.000000
vt 0.000000 0.000000
vt 0.000000 0.000000
vt 0.000000 0.000000
vt 0.000000 0.000000
vt 0.000000 0.000000
vt 0.000000 0.000000
vt 0.000000 0.000000
vt 0.000000 0.000000
vt 0.000000 0.000000
vt 0.000000 0.000000
vt 0.000000 0.000000
vt 0.000000 0.000000
vt 0.000000 0.000000
vt 0.000000 0.000000
vt 0.000000 0.000000
vt 0.000000 0.000000
vt 0.000000 0.000000
vt 0.000000 0.000000
vt 0.000000 0.000000
vt 0.000000 0.000000
vt 0.000000 0.000000
vt 0.000000 0.000000
vt 0.000000 0.000000
vt 0.000000 0.000000
vt 0.000000 0.000000
vt 0.000000 0.000000
vt 0.000000 0.000000
vt 0.000000 0.000000
vt 0.000000 0.000000
vt 0.000000 0.000000
vt 0.000000 0.000000
vt 0.000000 0.000000
vt 0.000000 0.000000
vt 0.000000 0.000000
vt 0.000000 0.000000
vt 0.000000 0.000000
vt 0.000000 0.000000
vt 0.000000 0.000000
vt 0.000000 0.000000
vt 0.000000 0.000000
vt 0.000000 0.000000
vt 0.000000 0.000000
vt 0.000000 0.000000
vt 0.000000 0.000000
vt 0.000000 0.000000
vt 0.000000 0.000000
vt 0.000000 0.000000
vt 0.000000 0.000000
vt 0.000000 0.000000
vt 0.000000 0.000000
vt 0.000000 0.000000
vt 0.000000 0.000000
vt 0.000000 0.000000
vt 0.000000 0.000000
vt 0.000000 0.000000
vt 0.000000 0.000000
vt 0.000000 0.000000
vt 0.000000 0.000000
vt 0.000000 0.000000
vt 0.000000 0.000000
vt 0.000000 0.000000
vt 0.000000 0.000000
vt 0.000000 0.000000
vt 0.000000 0.000000
vt 0.000000 0.000000
vt 0.000000 0.000000
vt 0.000000 0.000000
vt 0.000000 0.000000
vt 0.000000 0.000000
vt 0.000000 0.000000
vt 0.000000 0.000000
vt 0.000000 0.000000
vt 0.000000 0.000000
vt 0.000000 0.000000
vt 0.000000 0.000000
vt 0.000000 0.000000
vt 0.000000 0.000000
vt 0.000000 0.000000
vt 0.000000 0.000000
vt 0.000000 0.000000
vt 0.000000 0.000000
vt 0.000000 0.000000
vt 0.000000 0.000000
vt 0.000000 0.000000
vt 0.000000 0.000000
vt 0.000000 0.000000
vt 0.000000 0.000000
vt 0.000000 0.000000
vt 0.000000 0.000000
vt 0.000000 0.000000
vt 0.000000 0.000000
vt 0.000000 0.000000
vt 0.000000 0.000000
vt 0.000000 0.000000
vt 0.000000 0.000000
vt 0.000000 0.000000
vt 0.000000 0.000000
vt 0.000000 0.000000
vt 0.000000 0.000000
vt 0.000000 0.000000
vt 0.000000 0.000000
vt 0.000000 0.000000
vt 0.000000 0.000000
vt 0.000000 0.000000
vt 0.000000 0.000000
vt 0.000000 0.000000
vt 0.000000 0.000000
vt 0.000000 0.000000
vt 0.000000 0.000000
vt 0.000000 0.000000
vt 0.000000 0.000000
vt 0.000000 0.000000
vt 0.000000 0.000000
vt 0.000000 0.000000
vt 0.000000 0.000000
vt 0.000000 0.000000
vt 0.000000 0.000000
vt 0.000000 0.000000
vt 0.000000 0.000000
vt 0.000000 0.000000
vt 0.000000 0.000000
vt 0.000000 0.000000
vt 0.000000 0.000000
vt 0.000000 0.000000
vt 0.000000 0.000000
vt 0.000000 0.000000
vt 0.000000 0.000000
vt 0.000000 0.000000
vt 0.000000 0.000000
vt 0.000000 0.000000
vt 0.000000 0.000000
vt 0.000000 0.000000
vt 0.000000 0.000000
vt 0.000000 0.000000
vt 0.000000 0.000000
vt 0.000000 0.000000
vt 0.000000 0.000000
vt 0.000000 0.000000
vt 0.000000 0.000000
vt 0.000000 0.000000
vt 0.000000 0.000000
vt 0.000000 0.000000
vt 0.000000 0.000000
vt 0.000000 0.000000
vt 0.000000 0.000000
vt 0.000000 0.000000
vt 0.000000 0.000000
vt 0.000000 0.000000
vt 0.000000 0.000000
vt 0.000000 0.000000
vt 0.000000 0.000000
vt 0.000000 0.000000
vt 0.000000 0.000000
vt 0.000000 0.000000
vt 0.000000 0.000000
vt 0.000000 0.000000
vt 0.000000 0.000000
vt 0.000000 0.000000
vt 0.000000 0.000000
vt 0.000000 0.000000
vt 0.000000 0.000000
vt 0.000000 0.000000
vt 0.000000 0.000000
vt 0.000000 0.000000
vt 0.000000 0.000000
vt 0.000000 0.000000
vt 0.000000 0.000000
vt 0.000000 0.000000
vt 0.000000 0.000000
vt 0.000000 0.000000
vt 0.000000 0.000000
vt 0.000000 0.000000
vt 0.000000 0.000000
vt 0.000000 0.000000
vt 0.000000 0.000000
vt 0.000000 0.000000
vt 0.000000 0.000000
vt 0.000000 0.000000
vt 0.000000 0.000000
vt 0.000000 0.000000
vt 0.000000 0.000000
vt 0.000000 0.000000
vt 0.000000 0.000000
vt 0.000000 0.000000
vt 0.000000 0.000000
vt 0.000000 0.000000
vt 0.000000 0.000000
vt 0.000000 0.000000
vt 0.000000 0.000000
vt 0.000000 0.000000
vt 0.000000 0.000000
vt 0.000000 0.000000
vt 0.000000 0.000000
vt 0.000000 0.000000
vt 0.000000 0.000000
vt 0.000000 0.000000
vt 0.000000 0.000000
vt 0.000000 0.000000
vt 0.000000 0.000000
vt 0.000000 0.000000
vt 0.000000 0.000000
vt 0.000000 0.000000
vt 0.000000 0.000000
vt 0.000000 0.000000
vt 0.000000 0.000000
vt 0.000000 0.000000
vt 0.000000 0.000000
vt 0.000000 0.000000
vt 0.000000 0.000000
vt 0.000000 0.000000
vt 0.000000 0.000000
vt 0.000000 0.000000
vt 0.000000 0.000000
vt 0.000000 0.000000
vt 0.000000 0.000000
vt 0.000000 0.000000
vt 0.000000 0.000000
vt 0.000000 0.000000
vt 0.000000 0.000000
vt 0.000000 0.000000
vt 0.000000 0.000000
vt 0.000000 0.000000
vt 0.000000 0.000000
vt 0.000000 0.000000
vt 0.000000 0.000000
vt 0.000000 0.000000
vt 0.000000 0.000000
vt 0.000000 0.000000
vt 0.000000 0.000000
vt 0.000000 0.000000
vt 0.000000 0.000000
vt 0.000000 0.000000
vt 0.000000 0.000000
vt 0.000000 0.000000
vt 0.000000 0.000000
vt 0.000000 0.000000
vt 0.000000 0.000000
vt 0.000000 0.000000
vt 0.000000 0.000000
vt 0.000000 0.000000
vt 0.000000 0.000000
vt 0.000000 0.000000
vt 0.000000 0.000000
vt 0.000000 0.000000
vt 0.000000 0.000000
vt 0.000000 0.000000
vt 0.000000 0.000000
vt 0.000000 0.000000
vt 0.000000 0.000000
vt 0.000000 0.000000
vt 0.000000 0.000000
vt 0.000000 0.000000
vt 0.000000 0.000000
vt 0.000000 0.000000
vt 0.000000 0.000000
vt 0.000000 0.000000
vt 0.000000 0.000000
vt 0.000000 0.000000
vt 0.000000 0.000000
vt 0.000000 0.000000
vt 0.000000 0.000000
vt 0.000000 0.000000
vt 0.000000 0.000000
vt 0.000000 0.000000
vt 0.000000 0.000000
vt 0.000000 0.000000
vt 0.000000 0.000000
vt 0.000000 0.000000
vt 0.000000 0.000000
vt 0.000000 0.000000
vt 0.000000 0.000000
vt 0.000000 0.000000
vt 0.000000 0.000000
vt 0.000000 0.000000
vt 0.000000 0.000000
vt 0.000000 0.000000
vt 0.000000 0.000000
vt 0.000000 0.000000
vt 0.000000 0.000000
vt 0.000000 0.000000
vt 0.000000 0.000000
vt 0.000000 0.000000
vt 0.000000 0.000000
vt 0.000000 0.000000
vt 0.000000 0.000000
vt 0.000000 0.000000
vt 0.000000 0.000000
vt 0.000000 0.000000
vt 0.000000 0.000000
vt 0.000000 0.000000
vt 0.000000 0.000000
vt 0.000000 0.000000
vt 0.000000 0.000000
vt 0.000000 0.000000
vt 0.000000 0.000000
vt 0.000000 0.000000
vt 0.000000 0.000000
vt 0.000000 0.000000
vt 0.000000 0.000000
vt 0.000000 0.000000
vt 0.000000 0.000000
vt 0.000000 0.000000
vt 0.000000 0.000000
vt 0.000000 0.000000
vt 0.000000 0.000000
vt 0.000000 0.000000
vt 0.000000 0.000000
vt 0.000000 0.000000
vt 0.000000 0.000000
vt 0.000000 0.000000
vt 0.000000 0.000000
vt 0.000000 0.000000
vt 0.000000 0.000000
vt 0.000000 0.000000
vt 0.000000 0.000000
vn -0.1399 0.9238 -0.3565
vn -0.1008 0.9088 -0.4049
vn -0.0428 0.9446 -0.3253
vn -0.0610 0.9259 -0.3727
vn -0.0223 0.9585 -0.2841
vn -0.0201 0.9256 -0.3779
vn 0.0051 0.9410 -0.3383
vn 0.0116 0.9715 -0.2368
vn -0.0310 0.8734 -0.4861
vn 0.0151 0.9239 -0.3824
vn -0.0277 0.9265 -0.3753
vn -0.0119 0.9604 -0.2783
vn 0.0019 0.9598 -0.2806
vn -0.0136 0.9799 -0.1990
vn 0.0097 0.9808 -0.1948
vn -0.3031 0.8979 -0.3193
vn -0.3914 0.7750 -0.4962
vn -0.3607 0.7848 -0.5039
vn -0.3349 0.8004 -0.4971
vn -0.1631 0.6563 -0.7366
vn -0.3967 0.5062 -0.7658
vn -0.4270 0.4436 -0.7879
vn -0.1956 0.8499 -0.4893
vn -0.2121 0.9093 -0.3581
vn -0.1642 0.7837 -0.5990
vn -0.3172 0.1266 -0.9399
vn -0.1969 0.1675 -0.9660
vn -0.2748 0.2254 -0.9347
vn -0.3523 0.1729 -0.9198
vn -0.0465 0.4737 -0.8794
vn 0.1088 0.3415 -0.9336
vn -0.2198 0.1250 -0.9675
vn -0.1340 0.1065 -0.9852
vn -0.1562 0.1275 -0.9795
vn -0.2989 0.1055 -0.9484
vn 0.1886 0.2405 -0.9521
vn 0.1753 0.1385 -0.9747
vn -0.3827 -0.0418 -0.9229
vn -0.3521 0.3325 -0.8749
vn -0.2945 0.3702 -0.8811
vn 0.0679 0.0212 -0.9975
vn -0.1890 0.1599 -0.9689
vn -0.1251 0.0962 -0.9875
vn 0.1580 0.0708 -0.9849
vn -0.4128 0.2089 -0.8866
vn -0.1071 0.1319 -0.9855
vn 0.0964 -0.0682 -0.9930
vn -0.2955 -0.1352 -0.9457
vn 0.0130 0.1606 -0.9869
vn -0.1829 0.2690 -0.9456
vn -0.0114 0.1369 -0.9905
vn 0.0875 -0.0398 -0.9954
vn -0.1521 0.3805 -0.9122
vn -0.0112 -0.0161 -0.9998
vn -0.1580 0.2227 -0.9620
vn -0.0932 -0.0209 -0.9954
vn -0.0385 0.3274 -0.9441
vn -0.0437 0.2072 -0.9773
vn -0.0763 0.1747 -0.9817
vn -0.1116 0.2672 -0.9572
vn 0.1078 -0.0202 -0.9940
vn 0.1149 -0.0325 -0.9928
vn 0.0087 0.3615 -0.9323
vn 0.0075 0.2390 -0.9710
vn -0.0229 0.2296 -0.9730
vn -0.0279 0.3491 -0.9367
vn 0.1381 -0.0645 -0.9883
vn 0.1494 -0.1173 -0.9818
vn -0.9978 0.0657 -0.0092
vn -0.9808 0.1939 0.0187
vn -0.9797 0.1961 -0.0414
vn -0.9979 0.0645 -0.0103
vn -0.9708 0.2098 -0.1162
vn -0.9957 0.0572 -0.0725
vn -0.9212 0.3886 -0.0165
vn -0.9068 0.4037 -0.1213
vn -0.9208 0.3900 0.0074
vn -0.4417 0.8972 -0.0047
vn -0.2451 0.9694 -0.0123
vn -0.2432 0.9698 -0.0168
vn -0.4436 0.8959 -0.0254
vn -0.2285 0.9665 -0.1168
vn -0.4538 0.8818 -0.1288
vn -0.0907 0.9952 -0.0370
vn -0.0733 0.9910 -0.1119
vn -0.0882 0.9961 -0.0091
vn -0.8218 0.5698 0.0033
vn -0.8200 0.5715 -0.0309
vn -0.8049 0.5797 -0.1269
vn -0.7171 0.6966 -0.0237
vn -0.6971 0.7045 -0.1332
vn -0.7158 0.6983 0.0044
vn -0.0204 0.9998 -0.0014
vn -0.0185 0.9995 -0.0249
vn -0.0056 0.9933 -0.1153
vn -0.0020 0.9997 -0.0260
vn 0.0152 0.9932 -0.1157
vn -0.0000 1.0000 0.0000
vn -0.5981 0.8014 0.0057
vn -0.5958 0.8023 -0.0354
vn -0.5779 0.8043 -0.1382
vn -0.6612 -0.6612 0.3544
vn -1.0000 0.0003 -0.0000
vn -1.0000 0.0021 -0.0027
vn -0.7144 -0.6594 -0.2342
vn -0.9996 0.0112 -0.0264
vn -0.6989 -0.7140 0.0415
vn -1.0000 0.0045 -0.0087
vn -0.9979 0.0306 -0.0573
vn -1.0000 0.0024 -0.0003
vn -0.2890 -0.6729 -0.6809
vn -0.0968 0.0155 -0.9952
vn -0.0259 0.0141 -0.9996
vn 0.4969 -0.5967 -0.6301
vn 0.0012 0.0144 -0.9999
vn 0.6381 -0.5404 -0.5485
vn -0.0379 0.0691 -0.9969
vn 0.0109 0.0686 -0.9976
vn -0.1066 0.0709 -0.9918
vn 0.0071 -0.6599 -0.7513
vn -0.4185 0.0114 -0.9082
vn -0.2297 0.0172 -0.9731
vn -0.2675 -0.6889 -0.6736
vn -0.2424 0.0711 -0.9676
vn -0.4283 0.0709 -0.9009
vn -0.1671 -0.5602 -0.8113
vn -0.8608 0.0492 -0.5065
vn -0.6274 0.0218 -0.7784
vn -0.7573 -0.6236 -0.1942
vn -0.6392 0.0842 -0.7644
vn -0.8661 0.0872 -0.4921
vn -0.9826 0.0437 -0.1803
vn -0.6408 -0.7070 0.2992
vn -0.9834 0.0382 -0.1772
vn -0.9784 0.1219 -0.1671
vn -0.9525 0.1561 -0.2613
vn -0.8288 0.1985 -0.5231
vn -0.8318 0.4005 -0.3845
vn -0.7394 0.4903 -0.4613
vn -0.8388 0.2647 -0.4758
vn -0.5238 0.3730 -0.7658
vn -0.5892 0.7071 -0.3910
vn -0.5230 0.7966 -0.3031
vn -0.5874 0.2325 -0.7752
vn -0.3715 0.2470 -0.8950
vn -0.5200 0.5366 -0.6645
vn -0.3440 0.5449 -0.7647
vn -0.3923 0.8188 -0.4191
vn -0.2726 0.8293 -0.4878
vn -0.1901 0.2357 -0.9530
vn -0.0586 0.2266 -0.9722
vn -0.2008 0.5297 -0.8241
vn -0.0701 0.5136 -0.8552
vn -0.1780 0.8217 -0.5414
vn -0.1027 0.8062 -0.5826
vn 0.0080 0.2259 -0.9741
vn 0.0342 0.2272 -0.9733
vn -0.0374 0.5117 -0.8584
vn 0.0150 0.5095 -0.8603
vn -0.0597 0.7954 -0.6032
vn -0.0410 0.7897 -0.6121
vn -0.5553 0.2149 -0.8034
vn -0.5239 0.1518 -0.8381
vn -0.8410 0.1077 -0.5303
vn -0.8329 0.0933 -0.5455
vn -0.9696 0.0216 -0.2436
vn -0.9697 0.0484 -0.2395
vn -0.9970 0.0372 -0.0684
vn -0.4676 0.1750 -0.8665
vn -0.3864 0.2299 -0.8932
vn -0.7863 0.1665 -0.5949
vn -0.7009 0.3143 -0.6403
vn -0.9528 0.1679 -0.2529
vn -0.8876 0.3468 -0.3032
vn -0.3291 0.2767 -0.9028
vn 0.1349 0.0543 -0.9894
vn -0.0616 0.4016 -0.9137
vn -0.6224 0.4078 -0.6681
vn -0.5230 0.5117 -0.6816
vn -0.7909 0.5096 -0.3388
vn -0.6922 0.6287 -0.3544
vn 0.1267 -0.0921 -0.9877
vn -0.3912 0.0307 -0.9198
vn -0.4514 0.5709 -0.6858
vn -0.3063 0.6614 -0.6846
vn -0.5826 0.7265 -0.3643
vn -0.4375 0.8178 -0.3738
vn -0.0921 0.4816 -0.8715
vn -0.0300 0.5217 -0.8526
vn -0.2065 0.7147 -0.6683
vn -0.0708 0.7550 -0.6519
vn -0.2585 0.8856 -0.3859
vn -0.1186 0.9227 -0.3667
vn 0.0054 0.5452 -0.8383
vn 0.0225 0.5482 -0.8361
vn -0.0197 0.7791 -0.6265
vn -0.0020 0.7829 -0.6222
vn -0.0537 0.9380 -0.3423
vn -0.0324 0.9425 -0.3327
vn -0.9999 0.0163 0.0014
vn -0.9997 0.0181 -0.0162
vn 0.4624 -0.4438 -0.7676
vn 0.8554 -0.0609 -0.5144
vn 0.8486 0.0932 -0.5207
vn 0.9614 -0.2728 -0.0372
vn 0.9959 -0.0893 -0.0158
vn 0.9013 -0.4302 -0.0517
vn 0.8445 0.2586 -0.4690
vn 0.7758 0.4798 -0.4098
vn 0.9996 -0.0004 0.0279
vn 0.9735 0.2024 0.1060
vn 0.5931 0.6442 -0.4830
vn 0.4675 0.7174 -0.5166
vn 0.9193 0.3232 0.2244
vn 0.7396 0.6272 0.2441
vn 0.2729 0.8727 -0.4049
vn 0.1052 0.9563 -0.2728
vn 0.0394 0.9879 -0.1501
vn 0.3322 0.9408 -0.0668
vn 0.0902 0.9957 -0.0214
vn 0.5521 0.8302 -0.0776
vn -0.0114 0.9962 -0.0864
vn -0.0246 0.9971 -0.0727
vn 0.0326 0.9994 -0.0096
vn -0.0017 1.0000 -0.0045
vn -0.2555 -0.7996 -0.5435
vn 0.3368 -0.7339 -0.5899
vn 0.4509 -0.6538 -0.6077
vn 0.1118 -0.9931 -0.0344
vn 0.3181 -0.9472 -0.0393
vn -0.0108 -0.9994 -0.0327
vn 0.5700 -0.5668 -0.5948
vn 0.6918 -0.4550 -0.5607
vn 0.4920 -0.8695 -0.0442
vn 0.6871 -0.7248 -0.0504
vn 0.2463 0.8537 -0.4589
vn 0.7198 0.6914 0.0628
vn 0.8099 -0.3350 -0.4815
vn 0.8050 -0.5911 -0.0502
vn 0.1399 0.9238 -0.3565
vn 0.0610 0.9259 -0.3727
vn 0.0428 0.9446 -0.3253
vn 0.1008 0.9088 -0.4049
vn -0.0317 0.9386 -0.3435
vn 0.0310 0.8734 -0.4861
vn 0.0209 0.9572 -0.2886
vn -0.0117 0.9715 -0.2368
vn 0.0201 0.9256 -0.3779
vn 0.0119 0.9604 -0.2783
vn 0.0277 0.9265 -0.3753
vn -0.0030 0.9796 -0.2011
vn 0.3031 0.8979 -0.3193
vn 0.3349 0.8004 -0.4971
vn 0.3607 0.7848 -0.5039
vn 0.3914 0.7750 -0.4962
vn 0.4270 0.4436 -0.7879
vn 0.3056 0.4811 -0.8217
vn 0.1631 0.6563 -0.7366
vn 0.2121 0.9093 -0.3581
vn 0.1956 0.8499 -0.4893
vn 0.0565 0.7755 -0.6288
vn 0.3172 0.1266 -0.9399
vn 0.3523 0.1729 -0.9198
vn 0.2748 0.2253 -0.9347
vn 0.1969 0.1675 -0.9660
vn 0.0970 0.2539 -0.9624
vn -0.1088 0.3415 -0.9336
vn 0.2198 0.1250 -0.9675
vn 0.2989 0.1055 -0.9484
vn 0.1562 0.1275 -0.9795
vn 0.1407 0.1054 -0.9844
vn -0.0480 0.1179 -0.9919
vn -0.1785 0.1385 -0.9742
vn 0.1860 0.1686 -0.9680
vn 0.2275 0.1269 -0.9655
vn 0.1407 0.0841 -0.9865
vn 0.1424 0.0972 -0.9850
vn -0.0052 -0.0330 -0.9994
vn -0.1218 0.0228 -0.9923
vn 0.1279 0.2413 -0.9620
vn 0.1877 0.1859 -0.9645
vn 0.1289 0.1193 -0.9845
vn 0.1067 0.1441 -0.9838
vn 0.0309 -0.0681 -0.9972
vn -0.1083 -0.0091 -0.9941
vn 0.0385 0.3274 -0.9441
vn 0.1116 0.2672 -0.9572
vn 0.0763 0.1747 -0.9817
vn 0.0436 0.2072 -0.9773
vn 0.0446 -0.0910 -0.9949
vn -0.1149 -0.0325 -0.9928
vn 0.0279 0.3491 -0.9367
vn 0.0229 0.2296 -0.9730
vn 0.1125 -0.1357 -0.9843
vn 0.9978 0.0657 -0.0092
vn 0.9979 0.0645 -0.0103
vn 0.9797 0.1961 -0.0414
vn 0.9808 0.1939 0.0187
vn 0.9193 0.3921 -0.0330
vn 0.9208 0.3900 0.0074
vn 0.9804 0.1830 -0.0731
vn 0.9068 0.4037 -0.1213
vn 0.9957 0.0572 -0.0725
vn 0.4417 0.8972 -0.0047
vn 0.4436 0.8959 -0.0254
vn 0.2432 0.9698 -0.0168
vn 0.2451 0.9694 -0.0122
vn 0.0865 0.9961 -0.0181
vn 0.0882 0.9961 -0.0091
vn 0.2616 0.9543 -0.1442
vn 0.0733 0.9910 -0.1119
vn 0.4538 0.8818 -0.1288
vn 0.8200 0.5715 -0.0309
vn 0.8218 0.5698 0.0033
vn 0.7138 0.6996 -0.0332
vn 0.7158 0.6983 0.0044
vn 0.8252 0.5529 -0.1155
vn 0.6971 0.7045 -0.1332
vn 0.0185 0.9995 -0.0249
vn 0.0204 0.9998 -0.0013
vn 0.0366 0.9922 -0.1190
vn 0.5958 0.8023 -0.0354
vn 0.5981 0.8014 0.0057
vn 0.6072 0.7847 -0.1244
vn 0.6612 -0.6612 0.3545
vn 0.7144 -0.6594 -0.2342
vn 1.0000 0.0021 -0.0027
vn 1.0000 0.0003 -0.0000
vn 1.0000 0.0048 -0.0081
vn 1.0000 0.0024 -0.0003
vn 0.9996 0.0090 -0.0261
vn 0.9979 0.0306 -0.0573
vn 0.6989 -0.7140 0.0415
vn 0.2890 -0.6729 -0.6809
vn -0.4969 -0.5966 -0.6302
vn 0.0259 0.0141 -0.9996
vn 0.0968 0.0155 -0.9952
vn 0.0160 0.0683 -0.9975
vn 0.1066 0.0709 -0.9918
vn -0.0071 -0.6599 -0.7513
vn 0.2675 -0.6889 -0.6736
vn 0.2297 0.0173 -0.9731
vn 0.4185 0.0114 -0.9082
vn 0.2191 0.0735 -0.9729
vn 0.4283 0.0709 -0.9009
vn 0.1671 -0.5603 -0.8113
vn 0.7577 -0.6229 -0.1946
vn 0.6274 0.0218 -0.7784
vn 0.8608 0.0492 -0.5065
vn 0.6219 0.0753 -0.7794
vn 0.8661 0.0872 -0.4921
vn 0.6408 -0.7070 0.2991
vn 0.9826 0.0437 -0.1803
vn 0.9788 0.0683 -0.1929
vn 0.9525 0.1561 -0.2613
vn 0.9784 0.1219 -0.1671
vn 0.8450 0.4148 -0.3376
vn 0.8388 0.2647 -0.4758
vn 0.8465 0.2360 -0.4773
vn 0.7394 0.4903 -0.4613
vn 0.5892 0.7071 -0.3910
vn 0.5238 0.3730 -0.7658
vn 0.4634 0.7596 -0.4563
vn 0.5874 0.2325 -0.7752
vn 0.5311 0.5291 -0.6618
vn 0.4375 0.2480 -0.8644
vn 0.3440 0.5450 -0.7646
vn 0.3923 0.8188 -0.4191
vn 0.1885 0.7915 -0.5813
vn 0.1901 0.2357 -0.9530
vn 0.1879 0.5296 -0.8271
vn 0.1275 0.2369 -0.9631
vn 0.0701 0.5136 -0.8552
vn 0.1780 0.8217 -0.5414
vn 0.0123 0.7858 -0.6184
vn -0.0080 0.2259 -0.9741
vn 0.0092 0.5090 -0.8607
vn 0.0597 0.7954 -0.6032
vn 0.5553 0.2149 -0.8034
vn 0.8401 0.1089 -0.5313
vn 0.5857 0.0524 -0.8088
vn 0.8329 0.0932 -0.5455
vn 0.9696 0.0216 -0.2436
vn 0.9974 0.0132 -0.0706
vn 0.9588 0.1145 -0.2598
vn 0.4676 0.1750 -0.8665
vn 0.7950 0.1785 -0.5797
vn 0.4940 0.1390 -0.8583
vn 0.7009 0.3143 -0.6403
vn 0.9528 0.1679 -0.2529
vn 0.8507 0.4025 -0.3381
vn 0.3244 0.2827 -0.9027
vn 0.5991 0.4327 -0.6737
vn 0.3736 0.2655 -0.8888
vn 0.5131 0.5188 -0.6838
vn 0.7909 0.5096 -0.3388
vn 0.6409 0.6708 -0.3731
vn 0.2336 0.3771 -0.8962
vn 0.4228 0.5914 -0.6866
vn 0.2574 0.3759 -0.8902
vn 0.3064 0.6614 -0.6846
vn 0.5826 0.7265 -0.3643
vn 0.3821 0.8416 -0.3817
vn 0.0921 0.4816 -0.8715
vn 0.1708 0.7174 -0.6754
vn 0.0888 0.4998 -0.8616
vn 0.0708 0.7550 -0.6519
vn 0.2585 0.8856 -0.3859
vn 0.0557 0.9398 -0.3372
vn -0.0054 0.5452 -0.8383
vn 0.0212 0.7770 -0.6291
vn 0.0537 0.9380 -0.3423
vn 0.9997 0.0181 -0.0162
vn 0.9999 0.0163 0.0014
vn -0.8275 -0.0866 -0.5547
vn -0.5589 -0.3962 -0.7284
vn -0.9698 -0.2405 -0.0403
vn -0.9013 -0.4302 -0.0517
vn -0.8036 -0.1069 -0.5855
vn -0.9959 -0.0893 -0.0158
vn -0.8445 0.2586 -0.4690
vn -0.9986 0.0441 0.0287
vn -0.8107 0.1989 -0.5507
vn -0.9735 0.2024 0.1060
vn -0.5931 0.6442 -0.4830
vn -0.8937 0.3990 0.2052
vn -0.3178 0.8389 -0.4420
vn -0.7396 0.6272 0.2442
vn -0.1052 0.9563 -0.2728
vn -0.2729 0.8727 -0.4049
vn -0.1901 0.9813 -0.0286
vn -0.5521 0.8302 -0.0776
vn -0.0870 0.9874 -0.1319
vn -0.0902 0.9957 -0.0214
vn 0.0114 0.9962 -0.0864
vn -0.0199 0.9998 -0.0071
vn -0.3368 -0.7339 -0.5899
vn -0.1342 -0.9903 -0.0348
vn 0.0033 -0.7911 -0.6116
vn -0.3180 -0.9473 -0.0393
vn -0.5700 -0.5668 -0.5948
vn -0.5173 -0.8545 -0.0460
vn -0.3473 -0.6716 -0.6545
vn -0.6871 -0.7248 -0.0504
vn -0.2463 0.8537 -0.4589
vn -0.5196 0.8380 0.1663
vn -0.7453 -0.3603 -0.5610
vn -0.8236 -0.5652 -0.0476
vn -0.9982 -0.0184 0.0579
vn -0.9907 -0.1327 0.0297
vn -0.9995 -0.0275 0.0160
vn -0.9888 -0.1493 0.0065
vn -0.9885 0.1100 0.1038
vn -0.9957 0.0909 0.0199
vn -0.9480 0.2736 0.1623
vn -0.9627 0.2700 0.0178
vn -0.7940 0.5599 0.2367
vn -0.8043 0.5939 0.0202
vn -0.5061 -0.8625 -0.0011
vn -0.3076 -0.9515 -0.0000
vn -0.5061 -0.8625 -0.0010
vn -0.3076 -0.9515 0.0006
vn -0.6765 -0.7365 0.0021
vn -0.6765 -0.7365 -0.0021
vn -0.5709 0.7857 0.2383
vn -0.4734 0.8798 0.0433
vn -0.3153 0.9376 0.1468
vn -0.2053 0.9781 0.0346
vn -0.2124 0.9717 0.1033
vn -0.0792 0.9967 0.0200
vn -0.0768 0.9969 0.0175
vn -0.0209 0.9998 0.0063
vn -0.8151 -0.5793 0.0017
vn -0.8151 -0.5793 0.0018
vn -0.9086 -0.4176 -0.0033
vn -0.9084 -0.4180 0.0038
vn -0.9625 -0.2711 0.0079
vn -0.9606 -0.2780 0.0032
vn 0.9907 -0.1327 0.0297
vn 0.9982 -0.0184 0.0579
vn 0.9898 0.0977 0.1039
vn 0.9996 -0.0272 0.0124
vn 0.9957 0.0909 0.0199
vn 0.9888 -0.1493 0.0065
vn 0.9480 0.2736 0.1623
vn 0.7994 0.5644 0.2059
vn 0.9627 0.2697 0.0224
vn 0.8043 0.5939 0.0202
vn 0.3076 -0.9515 -0.0000
vn 0.5061 -0.8625 -0.0011
vn 0.6765 -0.7365 -0.0021
vn 0.5061 -0.8625 0.0011
vn 0.6765 -0.7365 -0.0020
vn 0.0775 0.9968 0.0172
vn 0.0155 0.9999 0.0072
vn 0.0015 1.0000 0.0005
vn 0.0205 0.9998 0.0049
vn -0.0155 0.9999 0.0072
vn -0.0015 1.0000 0.0005
vn 0.5709 0.7857 0.2383
vn 0.3825 0.9031 0.1953
vn 0.4740 0.8803 0.0194
vn 0.2053 0.9781 0.0346
vn 0.2124 0.9717 0.1033
vn 0.0782 0.9968 0.0158
vn 0.0000 -1.0000 -0.0000
vn 0.1240 -0.9923 -0.0005
vn 0.1240 -0.9923 0.0006
vn -0.1240 -0.9923 -0.0005
vn -0.1240 -0.9923 -0.0006
vn 0.8151 -0.5793 0.0017
vn 0.9086 -0.4177 0.0041
vn 0.8151 -0.5793 -0.0018
vn 0.9084 -0.4180 0.0038
vn 0.9625 -0.2711 0.0080
vn 0.9606 -0.2781 -0.0002
vn -0.0720 0.6690 -0.7397
vn -0.3587 0.6259 -0.6925
vn 0.2632 0.9380 -0.2257
vn -0.6285 0.7692 -0.1158
vn -0.6813 0.4922 -0.5419
vn -0.8942 0.4424 -0.0681
vn -0.8683 0.1476 -0.4736
vn -0.9964 0.0320 -0.0784
vn -0.5258 -0.4779 -0.7037
vn -0.2011 -0.6058 -0.7698
vn -0.7373 -0.6587 -0.1503
vn 0.1004 -0.9799 -0.1725
vn -0.7802 -0.2293 -0.5820
vn -0.8599 -0.4916 -0.1374
vn 0.6338 0.4175 -0.6511
vn 0.2832 0.6505 -0.7047
vn 0.9406 0.3045 -0.1502
vn 0.3952 0.8974 -0.1961
vn 0.8014 -0.0173 -0.5979
vn 0.9770 -0.1861 -0.1043
vn 0.6613 -0.4744 -0.5810
vn 0.7887 -0.6081 -0.0906
vn 0.2289 -0.6731 -0.7033
vn 0.5612 -0.8215 -0.1009
vn 0.1033 -0.9671 0.2323
vn 0.3572 -0.9299 0.0879
vn -0.4538 -0.8721 0.1833
vn 0.8693 -0.4832 0.1042
vn 0.9759 -0.1847 0.1163
vn 0.9387 0.3041 0.1623
vn 0.6780 0.7007 0.2223
vn -0.8604 -0.4919 0.1332
vn -0.9957 0.0318 0.0871
vn 0.2614 0.9296 0.2598
vn -0.8802 0.4497 0.1519
vn -0.2782 0.9382 0.2058
vn -0.1387 0.9331 0.3318
vn -0.0603 0.9283 0.3670
vn -0.0445 0.9632 0.2650
vn -0.0760 0.9528 0.2938
vn -0.0207 0.9264 0.3761
vn -0.0271 0.9631 0.2679
vn -0.0114 0.9812 0.1927
vn -0.0265 0.9801 0.1966
vn -0.0235 0.9696 0.2435
vn 0.0151 0.9239 0.3824
vn 0.0019 0.9598 0.2806
vn -0.0127 0.9608 0.2769
vn -0.0277 0.9265 0.3753
vn 0.0097 0.9808 0.1948
vn -0.0179 0.9813 0.1915
vn -0.2867 0.9030 0.3200
vn -0.2643 0.8619 0.4328
vn -0.3072 0.7982 0.5181
vn -0.3801 0.7825 0.4932
vn -0.0438 0.7004 0.7124
vn -0.3595 0.5089 0.7822
vn -0.4187 0.4436 0.7924
vn -0.1954 0.9182 0.3446
vn -0.1377 0.9215 0.3632
vn -0.0617 0.9222 0.3817
vn -0.3238 0.1237 0.9380
vn -0.3600 0.1759 0.9162
vn -0.2773 0.2203 0.9352
vn -0.1989 0.1668 0.9657
vn 0.0312 0.4308 0.9019
vn 0.1619 0.2979 0.9408
vn -0.2197 0.1250 0.9675
vn -0.2995 0.1078 0.9480
vn -0.1562 0.1266 0.9796
vn -0.1336 0.1065 0.9853
vn 0.2024 0.2092 0.9567
vn 0.1785 0.1223 0.9763
vn -0.3167 -0.0305 0.9480
vn 0.0805 0.0093 0.9967
vn -0.2956 0.3679 0.8816
vn -0.3111 0.3222 0.8941
vn -0.1890 0.1599 0.9689
vn -0.1254 0.0962 0.9874
vn 0.1625 0.0664 0.9845
vn -0.4128 0.2089 0.8866
vn -0.2955 -0.1352 0.9457
vn 0.0964 -0.0682 0.9930
vn -0.1071 0.1319 0.9855
vn 0.0130 0.1606 0.9869
vn -0.1829 0.2690 0.9456
vn -0.0114 0.1369 0.9905
vn 0.0876 -0.0401 0.9953
vn -0.0112 -0.0160 0.9998
vn -0.1521 0.3805 0.9122
vn -0.0932 -0.0209 0.9954
vn -0.1580 0.2227 0.9620
vn -0.0385 0.3274 0.9441
vn -0.1116 0.2672 0.9572
vn -0.0763 0.1747 0.9817
vn -0.0436 0.2072 0.9773
vn 0.1078 -0.0203 0.9940
vn 0.1149 -0.0325 0.9928
vn 0.0087 0.3615 0.9323
vn -0.0279 0.3491 0.9367
vn -0.0229 0.2296 0.9730
vn 0.0075 0.2390 0.9710
vn 0.1381 -0.0645 0.9883
vn 0.1494 -0.1173 0.9818
vn -0.9979 0.0645 0.0103
vn -0.9797 0.1961 0.0414
vn -0.9957 0.0572 0.0725
vn -0.9708 0.2098 0.1162
vn -0.9068 0.4037 0.1213
vn -0.9212 0.3886 0.0165
vn -0.4436 0.8959 0.0254
vn -0.2432 0.9698 0.0168
vn -0.4538 0.8818 0.1288
vn -0.2285 0.9665 0.1168
vn -0.0733 0.9910 0.1119
vn -0.0907 0.9952 0.0370
vn -0.8200 0.5715 0.0309
vn -0.8049 0.5797 0.1269
vn -0.6971 0.7045 0.1332
vn -0.7171 0.6966 0.0237
vn -0.0185 0.9995 0.0249
vn -0.0056 0.9933 0.1153
vn 0.0152 0.9932 0.1157
vn -0.0020 0.9997 0.0260
vn -0.5958 0.8023 0.0354
vn -0.5779 0.8043 0.1382
vn -0.7144 -0.6594 0.2342
vn -1.0000 0.0021 0.0027
vn -0.6989 -0.7140 -0.0415
vn -0.9996 0.0112 0.0264
vn -0.9979 0.0306 0.0573
vn -1.0000 0.0045 0.0087
vn -0.2890 -0.6729 0.6809
vn 0.4969 -0.5966 0.6302
vn -0.0259 0.0141 0.9996
vn -0.0968 0.0155 0.9952
vn 0.6381 -0.5403 0.5486
vn 0.0012 0.0144 0.9999
vn 0.0109 0.0686 0.9976
vn -0.0380 0.0691 0.9969
vn -0.1066 0.0709 0.9918
vn 0.0071 -0.6599 0.7513
vn -0.2675 -0.6889 0.6736
vn -0.2297 0.0173 0.9731
vn -0.4185 0.0114 0.9082
vn -0.2424 0.0711 0.9676
vn -0.4283 0.0709 0.9009
vn -0.1671 -0.5603 0.8113
vn -0.7577 -0.6229 0.1946
vn -0.6274 0.0218 0.7784
vn -0.8608 0.0492 0.5065
vn -0.6392 0.0842 0.7644
vn -0.8661 0.0872 0.4921
vn -0.6408 -0.7070 -0.2992
vn -0.9826 0.0437 0.1803
vn -0.9834 0.0382 0.1772
vn -0.9525 0.1561 0.2613
vn -0.9784 0.1219 0.1671
vn -0.8288 0.1986 0.5231
vn -0.7394 0.4903 0.4613
vn -0.8317 0.4005 0.3845
vn -0.8388 0.2647 0.4758
vn -0.5892 0.7071 0.3910
vn -0.5239 0.3730 0.7658
vn -0.5230 0.7966 0.3031
vn -0.5874 0.2325 0.7752
vn -0.3715 0.2470 0.8950
vn -0.3440 0.5450 0.7646
vn -0.5201 0.5366 0.6645
vn -0.3923 0.8189 0.4190
vn -0.2726 0.8293 0.4878
vn -0.1901 0.2357 0.9530
vn -0.0586 0.2266 0.9722
vn -0.0701 0.5136 0.8552
vn -0.2008 0.5297 0.8241
vn -0.1780 0.8217 0.5414
vn -0.1027 0.8062 0.5826
vn 0.0080 0.2259 0.9741
vn 0.0342 0.2272 0.9733
vn 0.0150 0.5095 0.8603
vn -0.0374 0.5117 0.8584
vn -0.0597 0.7954 0.6032
vn -0.0410 0.7897 0.6121
vn -0.5559 0.2135 0.8034
vn -0.5257 0.1497 0.8374
vn -0.8329 0.0932 0.5455
vn -0.8410 0.1076 0.5302
vn -0.9696 0.0216 0.2436
vn -0.9697 0.0484 0.2395
vn -0.9970 0.0372 0.0684
vn -0.4683 0.1743 0.8662
vn -0.3864 0.2299 0.8932
vn -0.7009 0.3143 0.6403
vn -0.7863 0.1665 0.5950
vn -0.9528 0.1679 0.2529
vn -0.8876 0.3468 0.3032
vn -0.3302 0.2734 0.9035
vn 0.1349 0.0543 0.9894
vn -0.0431 0.3819 0.9232
vn -0.5131 0.5188 0.6838
vn -0.6280 0.4051 0.6644
vn -0.7909 0.5096 0.3388
vn -0.6922 0.6287 0.3544
vn -0.3911 0.0307 0.9198
vn 0.1267 -0.0921 0.9877
vn -0.3064 0.6614 0.6846
vn -0.4567 0.5667 0.6857
vn -0.5826 0.7265 0.3643
vn -0.4375 0.8178 0.3738
vn -0.0921 0.4816 0.8715
vn -0.0300 0.5217 0.8526
vn -0.0708 0.7550 0.6519
vn -0.2065 0.7147 0.6683
vn -0.2585 0.8856 0.3859
vn -0.1186 0.9227 0.3667
vn 0.0054 0.5452 0.8383
vn 0.0225 0.5482 0.8361
vn -0.0020 0.7829 0.6222
vn -0.0197 0.7791 0.6265
vn -0.0537 0.9380 0.3423
vn -0.0324 0.9425 0.3327
vn -0.9997 0.0181 0.0162
vn 0.8524 -0.0866 0.5156
vn 0.4616 -0.4448 0.7675
vn 0.8493 0.0386 0.5265
vn 0.9900 -0.1330 0.0468
vn 0.9550 -0.2921 0.0509
vn 0.9007 -0.4312 0.0527
vn 0.8534 0.1820 0.4885
vn 0.8195 0.3279 0.4701
vn 0.9926 0.1152 0.0385
vn 0.9983 -0.0350 0.0461
vn 0.6790 0.5180 0.5203
vn 0.4036 0.8026 0.4392
vn 0.7863 0.6163 0.0434
vn 0.9627 0.2674 0.0403
vn -0.0045 0.9970 0.0770
vn 0.1337 0.9831 0.1252
vn -0.0275 0.9974 0.0671
vn 0.0042 1.0000 0.0046
vn 0.0556 0.9984 0.0071
vn 0.1906 0.9816 0.0142
vn -0.0280 0.9972 0.0692
vn -0.0246 0.9971 0.0726
vn -0.0017 1.0000 0.0045
vn 0.0015 1.0000 0.0045
vn 0.3368 -0.7339 0.5899
vn -0.2555 -0.7996 0.5435
vn 0.4509 -0.6538 0.6077
vn 0.3180 -0.9473 0.0393
vn 0.1118 -0.9931 0.0344
vn -0.0108 -0.9994 0.0327
vn 0.5700 -0.5668 0.5948
vn 0.6918 -0.4550 0.5607
vn 0.6871 -0.7248 0.0504
vn 0.4920 -0.8695 0.0442
vn 0.1630 0.9588 0.2327
vn 0.4648 0.8848 0.0335
vn 0.8099 -0.3350 0.4815
vn 0.8050 -0.5911 0.0502
vn 0.1387 0.9331 0.3318
vn 0.0760 0.9528 0.2938
vn 0.0444 0.9632 0.2649
vn 0.0603 0.9283 0.3670
vn 0.0235 0.9696 0.2435
vn 0.0100 0.9787 0.2049
vn 0.0114 0.9812 0.1927
vn 0.0289 0.9629 0.2685
vn 0.0207 0.9264 0.3761
vn 0.0277 0.9265 0.3753
vn 0.0127 0.9608 0.2769
vn 0.0001 0.9808 0.1951
vn 0.2867 0.9030 0.3200
vn 0.3801 0.7825 0.4932
vn 0.3072 0.7982 0.5181
vn 0.2643 0.8619 0.4328
vn 0.4187 0.4436 0.7924
vn 0.2704 0.4897 0.8289
vn 0.0438 0.7004 0.7124
vn 0.1377 0.9215 0.3632
vn 0.1954 0.9182 0.3446
vn 0.0055 0.9066 0.4219
vn 0.3238 0.1237 0.9380
vn 0.1989 0.1668 0.9657
vn 0.2773 0.2203 0.9352
vn 0.3600 0.1759 0.9162
vn -0.1619 0.2979 0.9408
vn 0.0785 0.2366 0.9684
vn 0.2197 0.1250 0.9675
vn 0.1405 0.1054 0.9844
vn 0.1563 0.1266 0.9796
vn 0.2995 0.1078 0.9480
vn -0.1814 0.1219 0.9758
vn -0.0565 0.1017 0.9932
vn 0.1860 0.1686 0.9680
vn 0.1423 0.0973 0.9850
vn 0.1406 0.0842 0.9865
vn 0.2275 0.1269 0.9655
vn -0.1220 0.0227 0.9923
vn -0.0064 -0.0363 0.9993
vn 0.1279 0.2413 0.9620
vn 0.1068 0.1441 0.9838
vn 0.1289 0.1193 0.9845
vn 0.1877 0.1859 0.9645
vn -0.1083 -0.0091 0.9941
vn 0.0309 -0.0681 0.9972
vn 0.0385 0.3274 0.9441
vn 0.0437 0.2072 0.9773
vn 0.0763 0.1747 0.9817
vn 0.1116 0.2672 0.9572
vn -0.1149 -0.0325 0.9928
vn 0.0446 -0.0910 0.9949
vn 0.0229 0.2296 0.9730
vn 0.0279 0.3491 0.9367
vn 0.1125 -0.1357 0.9843
vn 0.9797 0.1961 0.0414
vn 0.9979 0.0645 0.0103
vn 0.9193 0.3921 0.0331
vn 0.9068 0.4037 0.1213
vn 0.9804 0.1830 0.0731
vn 0.9957 0.0572 0.0725
vn 0.2432 0.9698 0.0168
vn 0.4436 0.8959 0.0254
vn 0.0865 0.9961 0.0181
vn 0.0733 0.9910 0.1119
vn 0.2616 0.9543 0.1442
vn 0.4538 0.8818 0.1288
vn 0.8200 0.5715 0.0309
vn 0.7138 0.6996 0.0332
vn 0.6971 0.7045 0.1332
vn 0.8252 0.5529 0.1155
vn 0.0185 0.9995 0.0249
vn 0.0366 0.9922 0.1190
vn 0.5958 0.8023 0.0354
vn 0.6072 0.7847 0.1244
vn 1.0000 0.0021 0.0027
vn 0.7144 -0.6594 0.2342
vn 1.0000 0.0046 0.0084
vn 0.9979 0.0306 0.0573
vn 0.9996 0.0090 0.0261
vn 0.6989 -0.7140 -0.0415
vn 0.2890 -0.6729 0.6809
vn 0.0968 0.0155 0.9952
vn 0.0259 0.0141 0.9996
vn -0.4969 -0.5966 0.6303
vn 0.1066 0.0709 0.9918
vn 0.0160 0.0683 0.9975
vn -0.0071 -0.6599 0.7513
vn 0.4185 0.0114 0.9082
vn 0.2297 0.0172 0.9731
vn 0.2675 -0.6889 0.6736
vn 0.4283 0.0709 0.9009
vn 0.2191 0.0735 0.9729
vn 0.1671 -0.5602 0.8113
vn 0.8608 0.0492 0.5065
vn 0.6274 0.0218 0.7784
vn 0.7573 -0.6236 0.1942
vn 0.8661 0.0872 0.4921
vn 0.6219 0.0753 0.7794
vn 0.9826 0.0437 0.1803
vn 0.6409 -0.7070 -0.2991
vn 0.9788 0.0683 0.1929
vn 0.9784 0.1219 0.1671
vn 0.9525 0.1561 0.2613
vn 0.8388 0.2647 0.4758
vn 0.8450 0.4148 0.3376
vn 0.7394 0.4903 0.4613
vn 0.8465 0.2360 0.4772
vn 0.5239 0.3730 0.7658
vn 0.5892 0.7071 0.3910
vn 0.4634 0.7596 0.4563
vn 0.5874 0.2325 0.7752
vn 0.5311 0.5291 0.6618
vn 0.3440 0.5449 0.7647
vn 0.4375 0.2480 0.8644
vn 0.3923 0.8188 0.4190
vn 0.1885 0.7915 0.5813
vn 0.1901 0.2357 0.9530
vn 0.1879 0.5296 0.8272
vn 0.0701 0.5136 0.8552
vn 0.1275 0.2369 0.9631
vn 0.1780 0.8217 0.5414
vn 0.0123 0.7858 0.6184
vn -0.0080 0.2259 0.9741
vn 0.0092 0.5090 0.8607
vn 0.0597 0.7954 0.6032
vn 0.5559 0.2134 0.8034
vn 0.8402 0.1087 0.5312
vn 0.8329 0.0933 0.5455
vn 0.5858 0.0543 0.8087
vn 0.9696 0.0216 0.2436
vn 0.9974 0.0133 0.0706
vn 0.9588 0.1145 0.2598
vn 0.4684 0.1743 0.8662
vn 0.7950 0.1785 0.5797
vn 0.7009 0.3143 0.6403
vn 0.4940 0.1390 0.8583
vn 0.9528 0.1679 0.2529
vn 0.8507 0.4025 0.3381
vn 0.3244 0.2827 0.9027
vn 0.5991 0.4327 0.6737
vn 0.5131 0.5188 0.6838
vn 0.3736 0.2655 0.8888
vn 0.7909 0.5096 0.3388
vn 0.6409 0.6708 0.3731
vn 0.2336 0.3771 0.8962
vn 0.4228 0.5914 0.6866
vn 0.3063 0.6614 0.6846
vn 0.2574 0.3759 0.8902
vn 0.5826 0.7265 0.3643
vn 0.3821 0.8416 0.3817
vn 0.0921 0.4816 0.8715
vn 0.1708 0.7174 0.6754
vn 0.0708 0.7550 0.6519
vn 0.0888 0.4998 0.8616
vn 0.2585 0.8856 0.3859
vn 0.0557 0.9398 0.3372
vn -0.0054 0.5452 0.8383
vn 0.0212 0.7770 0.6291
vn 0.0537 0.9380 0.3423
vn 0.9997 0.0181 0.0162
vn -0.5582 -0.3974 0.7284
vn -0.8242 -0.1123 0.5550
vn -0.9007 -0.4312 0.0527
vn -0.9639 -0.2620 0.0474
vn -0.9900 -0.1330 0.0468
vn -0.7851 -0.1589 0.5986
vn -0.8534 0.1820 0.4885
vn -0.9991 -0.0067 0.0419
vn -0.9926 0.1152 0.0385
vn -0.7983 0.0619 0.5990
vn -0.6790 0.5180 0.5203
vn -0.9549 0.2938 0.0427
vn -0.7863 0.6164 0.0434
vn -0.5217 0.7514 0.4041
vn -0.1337 0.9831 0.1252
vn 0.0045 0.9970 0.0770
vn -0.1906 0.9816 0.0142
vn -0.0512 0.9987 0.0050
vn -0.0042 1.0000 0.0046
vn -0.0200 0.9969 0.0755
vn 0.0280 0.9972 0.0692
vn 0.0019 1.0000 0.0045
vn -0.3368 -0.7339 0.5899
vn -0.1342 -0.9903 0.0348
vn -0.3181 -0.9472 0.0393
vn 0.0033 -0.7911 0.6117
vn -0.5700 -0.5668 0.5948
vn -0.5173 -0.8545 0.0460
vn -0.6871 -0.7248 0.0504
vn -0.3473 -0.6716 0.6545
vn -0.1630 0.9588 0.2327
vn -0.4505 0.8926 0.0199
vn -0.7453 -0.3603 0.5610
vn -0.8236 -0.5652 0.0476
vn -0.9881 -0.1538 0.0009
vn -0.9995 -0.0304 -0.0024
vn -0.9958 0.0919 0.0030
vn -0.9631 0.2690 0.0010
vn -0.8090 0.5878 -0.0043
vn -0.5061 -0.8625 0.0011
vn -0.4829 0.8756 -0.0114
vn -0.1943 0.9809 0.0055
vn -0.0564 0.9984 -0.0019
vn -0.0067 1.0000 0.0003
vn -0.8151 -0.5793 -0.0017
vn -0.9084 -0.4180 0.0037
vn -0.9601 -0.2796 -0.0017
vn 0.9995 -0.0304 -0.0024
vn 0.9881 -0.1538 0.0010
vn 0.9958 0.0912 -0.0030
vn 0.9631 0.2690 0.0010
vn 0.8078 0.5895 0.0043
vn 0.6765 -0.7365 0.0021
vn 0.0067 1.0000 0.0003
vn 0.4829 0.8756 -0.0114
vn 0.1978 0.9802 -0.0055
vn 0.0564 0.9984 -0.0019
vn 0.1240 -0.9923 0.0005
vn -0.1240 -0.9923 0.0005
vn 0.8151 -0.5793 -0.0017
vn 0.9084 -0.4180 -0.0038
vn 0.9601 -0.2796 -0.0017
vn -0.3587 0.6259 0.6925
vn -0.0720 0.6690 0.7397
vn -0.6813 0.4922 0.5419
vn -0.8683 0.1476 0.4736
vn -0.2011 -0.6058 0.7698
vn -0.5257 -0.4779 0.7037
vn -0.7802 -0.2293 0.5820
vn 0.2832 0.6505 0.7047
vn 0.6338 0.4175 0.6511
vn 0.8014 -0.0173 0.5979
vn 0.6613 -0.4744 0.5810
vn 0.2289 -0.6731 0.7033
vn 0.1564 0.0000 -0.9877
vn -0.0000 0.0000 -1.0000
vn -0.4540 0.0000 -0.8910
vn -0.5878 0.0000 -0.8090
vn 0.8090 0.0000 0.5878
vn 0.8910 0.0000 0.4540
vn -1.0000 0.0000 0.0000
vn -0.9877 0.0000 0.1564
vn -0.3090 0.0000 -0.9511
vn 0.7071 0.0000 0.7071
vn -0.9511 0.0000 0.3090
vn -0.1564 0.0000 -0.9877
vn 0.5878 0.0000 0.8090
vn -0.8910 0.0000 0.4540
vn 0.4540 0.0000 0.8910
vn -0.8090 0.0000 0.5878
vn 1.0000 0.0000 -0.0000
vn 0.9877 0.0000 -0.1564
vn 0.3090 0.0000 0.9511
vn -0.7071 0.0000 0.7071
vn 0.9511 0.0000 -0.3090
vn 0.1564 0.0000 0.9877
vn -0.5878 0.0000 0.8090
vn 0.8910 0.0000 -0.4540
vn 0.0000 0.0000 1.0000
vn -0.4540 0.0000 0.8910
vn 0.8090 0.0000 -0.5878
vn -0.9877 0.0000 -0.1564
vn -0.3090 0.0000 0.9511
vn 0.7071 0.0000 -0.7071
vn -0.9511 0.0000 -0.3090
vn -0.1564 0.0000 0.9877
vn 0.5878 0.0000 -0.8090
vn -0.8910 0.0000 -0.4540
vn 0.4540 0.0000 -0.8910
vn -0.8090 0.0000 -0.5878
vn 0.9877 0.0000 0.1564
vn 0.3090 0.0000 -0.9511
vn -0.7071 0.0000 -0.7071
vn 0.9511 0.0000 0.3090
vn 0.1808 -0.1887 -0.9652
vn -0.3296 -0.1886 -0.9251
vn -0.4211 -0.1887 -0.8872
vn -0.8104 -0.1886 -0.5547
vn 0.0547 -0.9678 0.2458
vn -0.3314 -0.8891 -0.3157
vn -0.3637 -0.8891 -0.2779
vn 0.2514 -0.9678 0.0156
vn -0.1604 -0.9678 -0.1942
vn 0.4386 -0.8891 0.1309
vn 0.4502 -0.8891 0.0825
vn -0.2311 -0.9678 0.1002
vn 0.1002 -0.9678 -0.2311
vn 0.0825 -0.8891 0.4502
vn 0.1309 -0.8891 0.4386
vn -0.1942 -0.9678 -0.1604
vn 0.6746 -0.1886 0.7136
vn 0.9421 -0.1886 0.2771
vn -0.2439 -0.9678 -0.0629
vn 0.4317 -0.8891 -0.1519
vn 0.4127 -0.8891 -0.1979
vn -0.1280 -0.9678 0.2169
vn -0.1263 -0.1885 -0.9739
vn -0.5993 -0.1886 -0.7780
vn -0.0239 -0.9678 0.2507
vn -0.2176 -0.8891 -0.4027
vn -0.2600 -0.8891 -0.3767
vn 0.2343 -0.9678 0.0925
vn 0.3767 -0.8891 -0.2600
vn -0.0925 -0.9678 0.2343
vn 0.1667 -0.9678 -0.1888
vn -0.0606 -0.8891 0.4536
vn -0.0111 -0.8891 0.4576
vn -0.1351 -0.9678 -0.2126
vn 0.4211 -0.1886 0.8872
vn 0.8104 -0.1886 0.5547
vn 0.3314 -0.8891 -0.3157
vn -0.0547 -0.9678 0.2458
vn 0.1888 -0.9678 0.1667
vn -0.4536 -0.8891 -0.0606
vn -0.4576 -0.8891 -0.0111
vn 0.2126 -0.9678 -0.1351
vn -0.1002 -0.9678 0.2311
vn -0.0825 -0.8891 -0.4502
vn -0.1309 -0.8891 -0.4386
vn 0.1942 -0.9678 0.1604
vn 0.2779 -0.8891 -0.3637
vn -0.0156 -0.9678 0.2514
vn 0.2439 -0.9678 0.0629
vn -0.4317 -0.8891 0.1519
vn -0.4127 -0.8891 0.1979
vn 0.1281 -0.9678 -0.2169
vn 0.1263 -0.1887 0.9739
vn 0.5993 -0.1886 0.7780
vn 0.2176 -0.8891 -0.4027
vn 0.0239 -0.9678 0.2507
vn -0.3767 -0.8891 0.2600
vn 0.0925 -0.9678 -0.2342
vn 0.1604 -0.9678 0.1942
vn -0.4386 -0.8891 -0.1309
vn 0.1519 -0.8891 -0.4317
vn 0.0629 -0.9678 0.2439
vn -0.3314 -0.8891 0.3157
vn 0.0547 -0.9678 -0.2459
vn -0.2125 -0.9678 -0.1352
vn 0.4575 -0.8891 -0.0111
vn 0.4537 -0.8891 -0.0606
vn -0.1888 -0.9678 0.1667
vn 0.0825 -0.8891 -0.4502
vn 0.1002 -0.9678 0.2311
vn -0.2779 -0.8891 0.3637
vn 0.0156 -0.9678 -0.2514
vn -0.1280 -0.9678 -0.2169
vn 0.4127 -0.8891 0.1979
vn 0.0111 -0.8891 -0.4576
vn 0.1352 -0.9678 0.2125
vn -0.2176 -0.8891 0.4027
vn -0.0239 -0.9678 -0.2507
vn -0.8621 -0.1887 -0.4702
vn -0.9817 -0.1886 0.0276
vn -0.1519 -0.8891 0.4317
vn -0.0629 -0.9678 -0.2439
vn -0.0547 -0.9678 -0.2458
vn 0.3313 -0.8891 0.3157
vn 0.3637 -0.8891 0.2779
vn -0.2514 -0.9678 -0.0156
vn 0.9653 -0.1886 0.1808
vn 0.9251 -0.1886 -0.3296
vn -0.6746 -0.1886 -0.7136
vn -0.9421 -0.1886 -0.2771
vn 0.1280 -0.9678 0.2169
vn -0.4127 -0.8891 -0.1979
vn 0.0239 -0.9678 -0.2507
vn 0.2176 -0.8891 0.4027
vn 0.2600 -0.8891 0.3767
vn -0.2343 -0.9678 -0.0925
vn 0.8622 -0.1885 0.4702
vn 0.9817 -0.1886 -0.0276
vn -0.9653 -0.1885 -0.1808
vn -0.9251 -0.1886 0.3296
vn -0.8621 -0.1886 0.4702
vn -0.7780 -0.1886 0.5993
vn 0.3296 -0.1887 -0.9251
vn -0.6746 -0.1886 0.7136
vn -0.0276 -0.1886 0.9817
vn -0.5547 -0.1886 0.8104
vn 0.8621 -0.1886 -0.4702
vn -0.4211 -0.1886 0.8872
vn 0.7780 -0.1886 -0.5993
vn -0.1808 -0.1887 0.9652
vn -0.2771 -0.1886 0.9421
vn 0.6746 -0.1886 -0.7136
vn -0.1263 -0.1886 0.9739
vn 0.5547 -0.1886 -0.8104
vn 0.0276 -0.1886 0.9817
vn 0.4211 -0.1886 -0.8872
vn 0.2771 -0.1886 -0.9421
vn 0.2311 -0.9678 0.1002
vn -0.4502 -0.8891 0.0825
vn 0.1263 -0.1886 -0.9739
vn 0.4841 -0.8664 -0.1221
vn 0.4973 -0.8664 0.0449
vn 0.2658 -0.8664 0.4227
vn 0.1110 -0.8664 0.4868
vn -0.4287 -0.8664 -0.2560
vn -0.3199 -0.8664 -0.3834
vn 0.4982 -0.8664 -0.0334
vn 0.1964 -0.8664 0.4591
vn -0.3834 -0.8664 -0.3199
vn 0.4868 -0.8664 -0.1110
vn 0.1221 -0.8664 0.4841
vn -0.3286 -0.8664 -0.3759
vn 0.4635 -0.8664 -0.1858
vn -0.4842 -0.8664 0.1221
vn -0.4973 -0.8664 -0.0449
vn -0.2658 -0.8664 -0.4227
vn 0.4287 -0.8664 -0.2560
vn -0.4982 -0.8664 0.0335
vn -0.1964 -0.8665 -0.4590
vn 0.3834 -0.8664 -0.3199
vn -0.4868 -0.8664 0.1110
vn -0.1221 -0.8664 -0.4841
vn 0.3286 -0.8664 -0.3759
vn -0.4635 -0.8664 0.1858
vn 0.4973 -0.8664 -0.0449
vn 0.2658 -0.8664 -0.4227
vn -0.4287 -0.8664 0.2560
vn 0.4982 -0.8664 0.0335
vn 0.1964 -0.8664 -0.4591
vn -0.3834 -0.8664 0.3199
vn 0.4868 -0.8665 0.1109
vn -0.3286 -0.8664 0.3759
vn 0.4635 -0.8664 0.1858
vn -0.4972 -0.8664 0.0449
vn -0.2658 -0.8664 0.4227
vn 0.4287 -0.8664 0.2560
vn -0.4981 -0.8665 -0.0334
vn -0.1964 -0.8664 0.4591
vn 0.3833 -0.8665 0.3198
vn -0.4868 -0.8664 -0.1110
vn -0.7157 -0.6984 0.0097
vn -0.7053 -0.6984 -0.1215
vn -0.6777 -0.6984 -0.2304
vn -0.6333 -0.6984 -0.3335
vn -0.5733 -0.6984 -0.4285
vn -0.4992 -0.6984 -0.5129
vn -0.4128 -0.6984 -0.5847
vn -0.3163 -0.6984 -0.6421
vn -0.2119 -0.6984 -0.6836
vn -0.1024 -0.6984 -0.7084
vn 0.0097 -0.6984 -0.7157
vn 0.7149 -0.6991 -0.0097
vn 0.7076 -0.6991 -0.1023
vn 0.6829 -0.6991 -0.2117
vn 0.6414 -0.6991 -0.3159
vn 0.5841 -0.6991 -0.4124
vn 0.5124 -0.6991 -0.4987
vn 0.4281 -0.6991 -0.5727
vn 0.3332 -0.6991 -0.6326
vn 0.2301 -0.6991 -0.6770
vn 0.1214 -0.6991 -0.7046
vn -0.7076 -0.6991 0.1022
vn -0.6829 -0.6991 0.2117
vn -0.6414 -0.6991 0.3159
vn -0.5841 -0.6991 0.4124
vn -0.5124 -0.6991 0.4987
vn -0.4281 -0.6991 0.5727
vn -0.3332 -0.6991 0.6326
vn -0.2301 -0.6991 0.6769
vn -0.1214 -0.6991 0.7046
vn -0.0097 -0.6991 0.7149
vn 0.7053 -0.6984 0.1215
vn 0.6777 -0.6984 0.2304
vn 0.6333 -0.6984 0.3336
vn 0.5733 -0.6984 0.4285
vn 0.4992 -0.6984 0.5129
vn 0.4128 -0.6984 0.5847
vn 0.3162 -0.6984 0.6421
vn 0.2119 -0.6984 0.6836
vn 0.1024 -0.6984 0.7084
s 1
f 830/922/737 1018/923/738 1186/924/739 980/925/740
f 980/925/740 1186/924/739 1020/926/741 833/927/742
f 1186/924/739 955/928/743 821/929/744 1020/926/741
f 1018/923/738 822/930/745 955/928/743 1186/924/739
f 835/931/746 983/932/747 1187/933/748 1022/934/749
f 1022/934/749 1187/933/748 954/935/750 820/936/751
f 1187/933/748 1020/926/741 821/929/744 954/935/750
f 983/932/747 833/927/742 1020/926/741 1187/933/748
f 827/937/752 970/938/753 1188/939/754 1016/940/755
f 815/941/756 1016/940/755 1188/939/754 1014/942/757
f 823/943/758 1014/942/757 1188/939/754 970/938/753
f 827/937/752 1016/940/755 1189/944/759 975/945/760
f 975/945/760 1189/944/759 1018/923/738 830/922/737
f 1189/944/759 953/946/761 822/930/745 1018/923/738
f 1016/940/755 815/941/756 953/946/761 1189/944/759
f 838/947/762 1013/948/763 1190/949/764 984/950/765
f 984/950/765 1190/949/764 1014/942/757 823/943/758
f 1190/949/764 949/951/766 815/941/756 1014/942/757
f 1013/948/763 816/952/767 949/951/766 1190/949/764
f 841/953/768 1025/954/769 1191/955/770 989/956/771
f 989/956/771 1191/955/770 1013/948/763 838/947/762
f 1191/955/770 950/957/772 816/952/767 1013/948/763
f 1025/954/769 817/958/773 950/957/772 1191/955/770
f 1341/959/774 994/960/775 1217/961/776 1343/962/777
f 1307/963/778 1308/964/779 1025/954/769 841/953/768
f 1308/964/779 1301/965/780 817/958/773 1025/954/769
f 1328/966/781 1306/967/782 1304/968/783 1313/969/784
f 1317/970/785 1301/965/780 1308/964/779 1331/971/786
f 1310/972/787 1302/973/788 1301/965/780 1317/970/785
f 1343/962/777 1217/961/776 1305/974/789 1325/975/790
f 1325/975/790 1305/974/789 846/976/791 1338/977/792
f 849/978/793 1029/979/794 1192/980/795 1001/981/796
f 1001/981/796 1192/980/795 1306/967/782 846/976/791
f 1192/980/795 951/982/797 1304/968/783 1306/967/782
f 1029/979/794 818/983/798 951/982/797 1192/980/795
f 852/984/799 1031/985/800 1193/986/801 1006/987/802
f 1006/987/802 1193/986/801 1029/979/794 849/978/793
f 1193/986/801 952/988/803 818/983/798 1029/979/794
f 1031/985/800 819/989/804 952/988/803 1193/986/801
f 809/990/805 944/991/806 1194/992/807 1012/993/808
f 1012/993/808 1194/992/807 993/994/809 839/995/810
f 1194/992/807 1024/996/811 842/997/812 993/994/809
f 944/991/806 810/998/813 1024/996/811 1194/992/807
f 812/999/814 947/1000/815 1195/1001/816 1027/1002/817
f 1027/1002/817 1195/1001/816 1005/1003/818 847/1004/819
f 1195/1001/816 1028/1005/820 850/1006/821 1005/1003/818
f 947/1000/815 813/1007/822 1028/1005/820 1195/1001/816
f 810/998/813 945/1008/823 1196/1009/824 1024/996/811
f 1024/996/811 1196/1009/824 997/1010/825 842/997/812
f 1196/1009/824 1026/1011/826 844/1012/827 997/1010/825
f 945/1008/823 811/1013/828 1026/1011/826 1196/1009/824
f 813/1007/822 948/1014/829 1197/1015/830 1028/1005/820
f 1028/1005/820 1197/1015/830 1010/1016/831 850/1006/821
f 1197/1015/830 1030/1017/832 853/1018/833 1010/1016/831
f 948/1014/829 814/1019/834 1030/1017/832 1197/1015/830
f 811/1013/828 946/1020/835 1198/1021/836 1026/1011/826
f 1026/1011/826 1198/1021/836 1000/1022/837 844/1012/827
f 1198/1021/836 1027/1002/817 847/1004/819 1000/1022/837
f 946/1020/835 812/999/814 1027/1002/817 1198/1021/836
f 802/1023/838 942/1024/839 1199/1025/840 937/1026/841
f 937/1026/841 1199/1025/840 1015/1027/842 803/1028/843
f 1199/1025/840 1011/1029/844 824/1030/845 1015/1027/842
f 942/1024/839 808/1031/846 1011/1029/844 1199/1025/840
f 806/1032/847 1021/1033/848 1200/1034/849 941/1035/850
f 941/1035/850 1200/1034/849 1023/1036/851 807/1037/852
f 1200/1034/849 981/1038/853 836/1039/854 1023/1036/851
f 1021/1033/848 832/1040/855 981/1038/853 1200/1034/849
f 805/1041/856 1019/1042/857 1201/1043/858 940/1044/859
f 940/1044/859 1201/1043/858 1021/1033/848 806/1032/847
f 1201/1043/858 976/1045/860 832/1040/855 1021/1033/848
f 1019/1042/857 829/1046/861 976/1045/860 1201/1043/858
f 804/1047/862 1017/1048/863 1202/1049/864 939/1050/865
f 939/1050/865 1202/1049/864 1019/1042/857 805/1041/856
f 1202/1049/864 971/1051/866 829/1046/861 1019/1042/857
f 1017/1048/863 826/1052/867 971/1051/866 1202/1049/864
f 803/1028/843 1015/1027/842 1203/1053/868 938/1054/869
f 938/1054/869 1203/1053/868 1017/1048/863 804/1047/862
f 1203/1053/868 965/1055/870 826/1052/867 1017/1048/863
f 1015/1027/842 824/1030/845 965/1055/870 1203/1053/868
f 824/1030/845 964/1056/871 1204/1057/872 965/1055/870
f 965/1055/870 1204/1057/872 966/1058/873 826/1052/867
f 1204/1057/872 967/1059/874 828/1060/875 966/1058/873
f 964/1056/871 825/1061/876 967/1059/874 1204/1057/872
f 825/1061/876 968/1062/877 1205/1063/878 967/1059/874
f 967/1059/874 1205/1063/878 969/1064/879 828/1060/875
f 1205/1063/878 970/938/753 827/937/752 969/1064/879
f 968/1062/877 823/943/758 970/938/753 1205/1063/878
f 826/1052/867 966/1058/873 1206/1065/880 971/1051/866
f 971/1051/866 1206/1065/880 972/1066/881 829/1046/861
f 1206/1065/880 973/1067/882 831/1068/883 972/1066/881
f 966/1058/873 828/1060/875 973/1067/882 1206/1065/880
f 828/1060/875 969/1064/879 1207/1069/884 973/1067/882
f 973/1067/882 1207/1069/884 974/1070/885 831/1068/883
f 1207/1069/884 975/945/760 830/922/737 974/1070/885
f 969/1064/879 827/937/752 975/945/760 1207/1069/884
f 829/1046/861 972/1066/881 1208/1071/886 976/1045/860
f 976/1045/860 1208/1071/886 977/1072/887 832/1040/855
f 1208/1071/886 978/1073/888 834/1074/889 977/1072/887
f 972/1066/881 831/1068/883 978/1073/888 1208/1071/886
f 831/1068/883 974/1070/885 1209/1075/890 978/1073/888
f 978/1073/888 1209/1075/890 979/1076/891 834/1074/889
f 1209/1075/890 980/925/740 833/927/742 979/1076/891
f 974/1070/885 830/922/737 980/925/740 1209/1075/890
f 832/1040/855 977/1072/887 1210/1077/892 981/1038/853
f 981/1038/853 1210/1077/892 963/1078/893 836/1039/854
f 1210/1077/892 982/1079/894 837/1080/895 963/1078/893
f 977/1072/887 834/1074/889 982/1079/894 1210/1077/892
f 834/1074/889 979/1076/891 1211/1081/896 982/1079/894
f 982/1079/894 1211/1081/896 962/1082/897 837/1080/895
f 1211/1081/896 983/932/747 835/931/746 962/1082/897
f 979/1076/891 833/927/742 983/932/747 1211/1081/896
f 823/943/758 968/1062/877 1212/1083/898 984/950/765
f 984/950/765 1212/1083/898 985/1084/899 838/947/762
f 1212/1083/898 986/1085/900 840/1086/901 985/1084/899
f 968/1062/877 825/1061/876 986/1085/900 1212/1083/898
f 825/1061/876 964/1056/871 1213/1087/902 986/1085/900
f 986/1085/900 1213/1087/902 987/1088/903 840/1086/901
f 1213/1087/902 988/1089/904 839/995/810 987/1088/903
f 964/1056/871 824/1030/845 988/1089/904 1213/1087/902
f 838/947/762 985/1084/899 1214/1090/905 989/956/771
f 989/956/771 1214/1090/905 990/1091/906 841/953/768
f 1214/1090/905 991/1092/907 843/1093/908 990/1091/906
f 985/1084/899 840/1086/901 991/1092/907 1214/1090/905
f 840/1086/901 987/1088/903 1215/1094/909 991/1092/907
f 991/1092/907 1215/1094/909 992/1095/910 843/1093/908
f 1215/1094/909 993/994/809 842/997/812 992/1095/910
f 987/1088/903 839/995/810 993/994/809 1215/1094/909
f 841/953/768 990/1091/906 1309/1096/911 1307/963/778
f 1323/1097/912 1307/963/778 1309/1096/911 1335/1098/913
f 1309/1096/911 995/1099/914 845/1100/915 994/960/775
f 990/1091/906 843/1093/908 995/1099/914 1309/1096/911
f 843/1093/908 992/1095/910 1216/1101/916 995/1099/914
f 995/1099/914 1216/1101/916 996/1102/917 845/1100/915
f 1216/1101/916 997/1010/825 844/1012/827 996/1102/917
f 992/1095/910 842/997/812 997/1010/825 1216/1101/916
f 1335/1098/913 1309/1096/911 994/960/775 1341/959/774
f 1313/969/784 1304/968/783 1303/1103/918 1319/1104/919
f 1217/961/776 998/1105/920 848/1106/921 1305/974/789
f 994/960/775 845/1100/915 998/1105/920 1217/961/776
f 845/1100/915 996/1102/917 1218/1107/922 998/1105/920
f 998/1105/920 1218/1107/922 999/1108/923 848/1106/921
f 1218/1107/922 1000/1022/837 847/1004/819 999/1108/923
f 996/1102/917 844/1012/827 1000/1022/837 1218/1107/922
f 846/976/791 1305/974/789 1219/1109/924 1001/981/796
f 1001/981/796 1219/1109/924 1002/1110/925 849/978/793
f 1219/1109/924 1003/1111/926 851/1112/927 1002/1110/925
f 1305/974/789 848/1106/921 1003/1111/926 1219/1109/924
f 848/1106/921 999/1108/923 1220/1113/928 1003/1111/926
f 1003/1111/926 1220/1113/928 1004/1114/929 851/1112/927
f 1220/1113/928 1005/1003/818 850/1006/821 1004/1114/929
f 999/1108/923 847/1004/819 1005/1003/818 1220/1113/928
f 849/978/793 1002/1110/925 1221/1115/930 1006/987/802
f 1006/987/802 1221/1115/930 1007/1116/931 852/984/799
f 1221/1115/930 1008/1117/932 854/1118/933 1007/1116/931
f 1002/1110/925 851/1112/927 1008/1117/932 1221/1115/930
f 851/1112/927 1004/1114/929 1222/1119/934 1008/1117/932
f 1008/1117/932 1222/1119/934 1009/1120/935 854/1118/933
f 1222/1119/934 1010/1016/831 853/1018/833 1009/1120/935
f 1004/1114/929 850/1006/821 1010/1016/831 1222/1119/934
f 808/1031/846 943/1121/936 1223/1122/937 1011/1029/844
f 1011/1029/844 1223/1122/937 988/1089/904 824/1030/845
f 1223/1122/937 1012/993/808 839/995/810 988/1089/904
f 943/1121/936 809/990/805 1012/993/808 1223/1122/937
f 1302/973/788 1033/1123/938 1224/1124/939 1301/965/780
f 1301/965/780 1224/1124/939 961/1125/940 817/958/773
f 1224/1124/939 1042/1126/941 864/1127/942 961/1125/940
f 1033/1123/938 856/1128/943 1042/1126/941 1224/1124/939
f 817/958/773 961/1125/940 1225/1129/944 950/957/772
f 950/957/772 1225/1129/944 960/1130/945 816/952/767
f 1225/1129/944 1043/1131/946 863/1132/947 960/1130/945
f 961/1125/940 864/1127/942 1043/1131/946 1225/1129/944
f 816/952/767 960/1130/945 1226/1133/948 949/951/766
f 949/951/766 1226/1133/948 957/1134/949 815/941/756
f 1226/1133/948 1044/1135/950 858/1136/951 957/1134/949
f 960/1130/945 863/1132/947 1044/1135/950 1226/1133/948
f 822/930/745 1036/1137/952 1227/1138/953 955/928/743
f 955/928/743 1227/1138/953 959/1139/954 821/929/744
f 1227/1138/953 1045/1140/955 861/1141/956 959/1139/954
f 1036/1137/952 859/1142/957 1045/1140/955 1227/1138/953
f 821/929/744 959/1139/954 1228/1143/958 954/935/750
f 954/935/750 1228/1143/958 1039/1144/959 820/936/751
f 1228/1143/958 1046/1145/960 862/1146/961 1039/1144/959
f 959/1139/954 861/1141/956 1046/1145/960 1228/1143/958
f 819/989/804 1034/1147/962 1229/1148/963 952/988/803
f 952/988/803 1229/1148/963 958/1149/964 818/983/798
f 1229/1148/963 1047/1150/965 860/1151/966 958/1149/964
f 1034/1147/962 857/1152/967 1047/1150/965 1229/1148/963
f 818/983/798 958/1149/964 1230/1153/968 951/982/797
f 951/982/797 1230/1153/968 956/1154/969 1304/968/783
f 1230/1153/968 1048/1155/970 855/1156/971 956/1154/969
f 958/1149/964 860/1151/966 1048/1155/970 1230/1153/968
f 815/941/756 957/1134/949 1231/1157/972 953/946/761
f 953/946/761 1231/1157/972 1036/1137/952 822/930/745
f 1231/1157/972 1049/1158/973 859/1142/957 1036/1137/952
f 957/1134/949 858/1136/951 1049/1158/973 1231/1157/972
f 1304/968/783 956/1154/969 1232/1159/974 1303/1103/918
f 1303/1103/918 1232/1159/974 1033/1123/938 1302/973/788
f 1232/1159/974 1050/1160/975 856/1128/943 1033/1123/938
f 956/1154/969 855/1156/971 1050/1160/975 1232/1159/974
f 891/1161/976 1094/1162/977 1233/1163/978 1133/1164/979
f 1133/1164/979 1233/1163/978 1071/1165/980 883/1166/981
f 1233/1163/978 1135/1167/982 882/1168/983 1071/1165/980
f 1094/1162/977 894/1169/984 1135/1167/982 1233/1163/978
f 835/931/746 1022/934/749 1234/1170/985 1097/1171/986
f 1097/1171/986 1234/1170/985 1135/1167/982 894/1169/984
f 1234/1170/985 1070/1172/987 882/1168/983 1135/1167/982
f 1022/934/749 820/936/751 1070/1172/987 1234/1170/985
f 888/1173/988 1131/1174/989 1235/1175/990 1084/1176/991
f 884/1177/992 1084/1176/991 1235/1175/990 1129/1178/993
f 876/1179/994 1129/1178/993 1235/1175/990 1131/1174/989
f 888/1173/988 1089/1180/995 1236/1181/996 1131/1174/989
f 1131/1174/989 1236/1181/996 1069/1182/997 876/1179/994
f 1236/1181/996 1133/1164/979 883/1166/981 1069/1182/997
f 1089/1180/995 891/1161/976 1133/1164/979 1236/1181/996
f 896/1183/998 1098/1184/999 1237/1185/1000 1128/1186/1001
f 1128/1186/1001 1237/1185/1000 1063/1187/1002 877/1188/1003
f 1237/1185/1000 1129/1178/993 876/1179/994 1063/1187/1002
f 1098/1184/999 884/1177/992 1129/1178/993 1237/1185/1000
f 899/1189/1004 1103/1190/1005 1238/1191/1006 1138/1192/1007
f 1138/1192/1007 1238/1191/1006 1064/1193/1008 878/1194/1009
f 1238/1191/1006 1128/1186/1001 877/1188/1003 1064/1193/1008
f 1103/1190/1005 896/1183/998 1128/1186/1001 1238/1191/1006
f 902/1195/1010 1108/1196/1011 1239/1197/1012 1140/1198/1013
f 1140/1198/1013 1239/1197/1012 1065/1199/1014 879/1200/1015
f 1239/1197/1012 1138/1192/1007 878/1194/1009 1065/1199/1014
f 1108/1196/1011 899/1189/1004 1138/1192/1007 1239/1197/1012
f 905/1201/1016 1113/1202/1017 1240/1203/1018 1142/1204/1019
f 1142/1204/1019 1240/1203/1018 1066/1205/1020 880/1206/1021
f 1240/1203/1018 1140/1198/1013 879/1200/1015 1066/1205/1020
f 1113/1202/1017 902/1195/1010 1140/1198/1013 1240/1203/1018
f 908/1207/1022 1118/1208/1023 1241/1209/1024 1144/1210/1025
f 1144/1210/1025 1241/1209/1024 1067/1211/1026 881/1212/1027
f 1241/1209/1024 1142/1204/1019 880/1206/1021 1067/1211/1026
f 1118/1208/1023 905/1201/1016 1142/1204/1019 1241/1209/1024
f 852/984/799 1123/1213/1028 1242/1214/1029 1031/985/800
f 1031/985/800 1242/1214/1029 1068/1215/1030 819/989/804
f 1242/1214/1029 1144/1210/1025 881/1212/1027 1068/1215/1030
f 1123/1213/1028 908/1207/1022 1144/1210/1025 1242/1214/1029
f 871/1216/1031 1127/1217/1032 1243/1218/1033 1058/1219/1034
f 1058/1219/1034 1243/1218/1033 1137/1220/1035 872/1221/1036
f 1243/1218/1033 1107/1222/1037 900/1223/1038 1137/1220/1035
f 1127/1217/1032 897/1224/1039 1107/1222/1037 1243/1218/1033
f 874/1225/1040 1141/1226/1041 1244/1227/1042 1061/1228/1043
f 1061/1228/1043 1244/1227/1042 1143/1229/1044 875/1230/1045
f 1244/1227/1042 1122/1231/1046 909/1232/1047 1143/1229/1044
f 1141/1226/1041 906/1233/1048 1122/1231/1046 1244/1227/1042
f 872/1221/1036 1137/1220/1035 1245/1234/1049 1059/1235/1050
f 1059/1235/1050 1245/1234/1049 1139/1236/1051 873/1237/1052
f 1245/1234/1049 1112/1238/1053 903/1239/1054 1139/1236/1051
f 1137/1220/1035 900/1223/1038 1112/1238/1053 1245/1234/1049
f 875/1230/1045 1143/1229/1044 1246/1240/1055 1062/1241/1056
f 1062/1241/1056 1246/1240/1055 1030/1017/832 814/1019/834
f 1246/1240/1055 1125/1242/1057 853/1018/833 1030/1017/832
f 1143/1229/1044 909/1232/1047 1125/1242/1057 1246/1240/1055
f 873/1237/1052 1139/1236/1051 1247/1243/1058 1060/1244/1059
f 1060/1244/1059 1247/1243/1058 1141/1226/1041 874/1225/1040
f 1247/1243/1058 1117/1245/1060 906/1233/1048 1141/1226/1041
f 1139/1236/1051 903/1239/1054 1117/1245/1060 1247/1243/1058
f 865/1246/1061 1051/1247/1062 1248/1248/1063 1056/1249/1064
f 1056/1249/1064 1248/1248/1063 1126/1250/1065 870/1251/1066
f 1248/1248/1063 1130/1252/1067 885/1253/1068 1126/1250/1065
f 1051/1247/1062 866/1254/1069 1130/1252/1067 1248/1248/1063
f 869/1255/1070 1055/1256/1071 1249/1257/1072 1136/1258/1073
f 1136/1258/1073 1249/1257/1072 1095/1259/1074 893/1260/1075
f 1249/1257/1072 1023/1036/851 836/1039/854 1095/1259/1074
f 1055/1256/1071 807/1037/852 1023/1036/851 1249/1257/1072
f 868/1261/1076 1054/1262/1077 1250/1263/1078 1134/1264/1079
f 1134/1264/1079 1250/1263/1078 1090/1265/1080 890/1266/1081
f 1250/1263/1078 1136/1258/1073 893/1260/1075 1090/1265/1080
f 1054/1262/1077 869/1255/1070 1136/1258/1073 1250/1263/1078
f 867/1267/1082 1053/1268/1083 1251/1269/1084 1132/1270/1085
f 1132/1270/1085 1251/1269/1084 1085/1271/1086 887/1272/1087
f 1251/1269/1084 1134/1264/1079 890/1266/1081 1085/1271/1086
f 1053/1268/1083 868/1261/1076 1134/1264/1079 1251/1269/1084
f 866/1254/1069 1052/1273/1088 1252/1274/1089 1130/1252/1067
f 1130/1252/1067 1252/1274/1089 1079/1275/1090 885/1253/1068
f 1252/1274/1089 1132/1270/1085 887/1272/1087 1079/1275/1090
f 1052/1273/1088 867/1267/1082 1132/1270/1085 1252/1274/1089
f 885/1253/1068 1079/1275/1090 1253/1276/1091 1078/1277/1092
f 1078/1277/1092 1253/1276/1091 1081/1278/1093 886/1279/1094
f 1253/1276/1091 1080/1280/1095 889/1281/1096 1081/1278/1093
f 1079/1275/1090 887/1272/1087 1080/1280/1095 1253/1276/1091
f 886/1279/1094 1081/1278/1093 1254/1282/1097 1082/1283/1098
f 1082/1283/1098 1254/1282/1097 1084/1176/991 884/1177/992
f 1254/1282/1097 1083/1284/1099 888/1173/988 1084/1176/991
f 1081/1278/1093 889/1281/1096 1083/1284/1099 1254/1282/1097
f 887/1272/1087 1085/1271/1086 1255/1285/1100 1080/1280/1095
f 1080/1280/1095 1255/1285/1100 1087/1286/1101 889/1281/1096
f 1255/1285/1100 1086/1287/1102 892/1288/1103 1087/1286/1101
f 1085/1271/1086 890/1266/1081 1086/1287/1102 1255/1285/1100
f 889/1281/1096 1087/1286/1101 1256/1289/1104 1083/1284/1099
f 1083/1284/1099 1256/1289/1104 1089/1180/995 888/1173/988
f 1256/1289/1104 1088/1290/1105 891/1161/976 1089/1180/995
f 1087/1286/1101 892/1288/1103 1088/1290/1105 1256/1289/1104
f 890/1266/1081 1090/1265/1080 1257/1291/1106 1086/1287/1102
f 1086/1287/1102 1257/1291/1106 1092/1292/1107 892/1288/1103
f 1257/1291/1106 1091/1293/1108 895/1294/1109 1092/1292/1107
f 1090/1265/1080 893/1260/1075 1091/1293/1108 1257/1291/1106
f 892/1288/1103 1092/1292/1107 1258/1295/1110 1088/1290/1105
f 1088/1290/1105 1258/1295/1110 1094/1162/977 891/1161/976
f 1258/1295/1110 1093/1296/1111 894/1169/984 1094/1162/977
f 1092/1292/1107 895/1294/1109 1093/1296/1111 1258/1295/1110
f 893/1260/1075 1095/1259/1074 1259/1297/1112 1091/1293/1108
f 1091/1293/1108 1259/1297/1112 1096/1298/1113 895/1294/1109
f 1259/1297/1112 963/1078/893 837/1080/895 1096/1298/1113
f 1095/1259/1074 836/1039/854 963/1078/893 1259/1297/1112
f 895/1294/1109 1096/1298/1113 1260/1299/1114 1093/1296/1111
f 1093/1296/1111 1260/1299/1114 1097/1171/986 894/1169/984
f 1260/1299/1114 962/1082/897 835/931/746 1097/1171/986
f 1096/1298/1113 837/1080/895 962/1082/897 1260/1299/1114
f 884/1177/992 1098/1184/999 1261/1300/1115 1082/1283/1098
f 1082/1283/1098 1261/1300/1115 1100/1301/1116 886/1279/1094
f 1261/1300/1115 1099/1302/1117 898/1303/1118 1100/1301/1116
f 1098/1184/999 896/1183/998 1099/1302/1117 1261/1300/1115
f 886/1279/1094 1100/1301/1116 1262/1304/1119 1078/1277/1092
f 1078/1277/1092 1262/1304/1119 1102/1305/1120 885/1253/1068
f 1262/1304/1119 1101/1306/1121 897/1224/1039 1102/1305/1120
f 1100/1301/1116 898/1303/1118 1101/1306/1121 1262/1304/1119
f 896/1183/998 1103/1190/1005 1263/1307/1122 1099/1302/1117
f 1099/1302/1117 1263/1307/1122 1105/1308/1123 898/1303/1118
f 1263/1307/1122 1104/1309/1124 901/1310/1125 1105/1308/1123
f 1103/1190/1005 899/1189/1004 1104/1309/1124 1263/1307/1122
f 898/1303/1118 1105/1308/1123 1264/1311/1126 1101/1306/1121
f 1101/1306/1121 1264/1311/1126 1107/1222/1037 897/1224/1039
f 1264/1311/1126 1106/1312/1127 900/1223/1038 1107/1222/1037
f 1105/1308/1123 901/1310/1125 1106/1312/1127 1264/1311/1126
f 899/1189/1004 1108/1196/1011 1265/1313/1128 1104/1309/1124
f 1104/1309/1124 1265/1313/1128 1110/1314/1129 901/1310/1125
f 1265/1313/1128 1109/1315/1130 904/1316/1131 1110/1314/1129
f 1108/1196/1011 902/1195/1010 1109/1315/1130 1265/1313/1128
f 901/1310/1125 1110/1314/1129 1266/1317/1132 1106/1312/1127
f 1106/1312/1127 1266/1317/1132 1112/1238/1053 900/1223/1038
f 1266/1317/1132 1111/1318/1133 903/1239/1054 1112/1238/1053
f 1110/1314/1129 904/1316/1131 1111/1318/1133 1266/1317/1132
f 902/1195/1010 1113/1202/1017 1267/1319/1134 1109/1315/1130
f 1109/1315/1130 1267/1319/1134 1115/1320/1135 904/1316/1131
f 1267/1319/1134 1114/1321/1136 907/1322/1137 1115/1320/1135
f 1113/1202/1017 905/1201/1016 1114/1321/1136 1267/1319/1134
f 904/1316/1131 1115/1320/1135 1268/1323/1138 1111/1318/1133
f 1111/1318/1133 1268/1323/1138 1117/1245/1060 903/1239/1054
f 1268/1323/1138 1116/1324/1139 906/1233/1048 1117/1245/1060
f 1115/1320/1135 907/1322/1137 1116/1324/1139 1268/1323/1138
f 905/1201/1016 1118/1208/1023 1269/1325/1140 1114/1321/1136
f 1114/1321/1136 1269/1325/1140 1120/1326/1141 907/1322/1137
f 1269/1325/1140 1119/1327/1142 910/1328/1143 1120/1326/1141
f 1118/1208/1023 908/1207/1022 1119/1327/1142 1269/1325/1140
f 907/1322/1137 1120/1326/1141 1270/1329/1144 1116/1324/1139
f 1116/1324/1139 1270/1329/1144 1122/1231/1046 906/1233/1048
f 1270/1329/1144 1121/1330/1145 909/1232/1047 1122/1231/1046
f 1120/1326/1141 910/1328/1143 1121/1330/1145 1270/1329/1144
f 908/1207/1022 1123/1213/1028 1271/1331/1146 1119/1327/1142
f 1119/1327/1142 1271/1331/1146 1124/1332/1147 910/1328/1143
f 1271/1331/1146 1007/1116/931 854/1118/933 1124/1332/1147
f 1123/1213/1028 852/984/799 1007/1116/931 1271/1331/1146
f 910/1328/1143 1124/1332/1147 1272/1333/1148 1121/1330/1145
f 1121/1330/1145 1272/1333/1148 1125/1242/1057 909/1232/1047
f 1272/1333/1148 1009/1120/935 853/1018/833 1125/1242/1057
f 1124/1332/1147 854/1118/933 1009/1120/935 1272/1333/1148
f 870/1251/1066 1126/1250/1065 1273/1334/1149 1057/1335/1150
f 1057/1335/1150 1273/1334/1149 1127/1217/1032 871/1216/1031
f 1273/1334/1149 1102/1305/1120 897/1224/1039 1127/1217/1032
f 1126/1250/1065 885/1253/1068 1102/1305/1120 1273/1334/1149
f 879/1200/1015 1065/1199/1014 1274/1336/1151 1146/1337/1152
f 1146/1337/1152 1274/1336/1151 1153/1338/1153 912/1339/1154
f 1274/1336/1151 1077/1340/1155 918/1341/1156 1153/1338/1153
f 1065/1199/1014 878/1194/1009 1077/1340/1155 1274/1336/1151
f 878/1194/1009 1064/1193/1008 1275/1342/1157 1077/1340/1155
f 1077/1340/1155 1275/1342/1157 1154/1343/1158 918/1341/1156
f 1275/1342/1157 1076/1344/1159 917/1345/1160 1154/1343/1158
f 1064/1193/1008 877/1188/1003 1076/1344/1159 1275/1342/1157
f 877/1188/1003 1063/1187/1002 1276/1346/1161 1076/1344/1159
f 1076/1344/1159 1276/1346/1161 1155/1347/1162 917/1345/1160
f 1276/1346/1161 1073/1348/1163 913/1349/1164 1155/1347/1162
f 1063/1187/1002 876/1179/994 1073/1348/1163 1276/1346/1161
f 883/1166/981 1071/1165/980 1277/1350/1165 1148/1351/1166
f 1148/1351/1166 1277/1350/1165 1156/1352/1167 914/1353/1168
f 1277/1350/1165 1075/1354/1169 916/1355/1170 1156/1352/1167
f 1071/1165/980 882/1168/983 1075/1354/1169 1277/1350/1165
f 882/1168/983 1070/1172/987 1278/1356/1171 1075/1354/1169
f 1075/1354/1169 1278/1356/1171 1157/1357/1172 916/1355/1170
f 1278/1356/1171 1039/1144/959 862/1146/961 1157/1357/1172
f 1070/1172/987 820/936/751 1039/1144/959 1278/1356/1171
f 819/989/804 1068/1215/1030 1279/1358/1173 1034/1147/962
f 1034/1147/962 1279/1358/1173 1158/1359/1174 857/1152/967
f 1279/1358/1173 1074/1360/1175 915/1361/1176 1158/1359/1174
f 1068/1215/1030 881/1212/1027 1074/1360/1175 1279/1358/1173
f 881/1212/1027 1067/1211/1026 1280/1362/1177 1074/1360/1175
f 1074/1360/1175 1280/1362/1177 1159/1363/1178 915/1361/1176
f 1280/1362/1177 1072/1364/1179 911/1365/1180 1159/1363/1178
f 1067/1211/1026 880/1206/1021 1072/1364/1179 1280/1362/1177
f 876/1179/994 1069/1182/997 1281/1366/1181 1073/1348/1163
f 1073/1348/1163 1281/1366/1181 1160/1367/1182 913/1349/1164
f 1281/1366/1181 1148/1351/1166 914/1353/1168 1160/1367/1182
f 1069/1182/997 883/1166/981 1148/1351/1166 1281/1366/1181
f 880/1206/1021 1066/1205/1020 1282/1368/1183 1072/1364/1179
f 1072/1364/1179 1282/1368/1183 1161/1369/1184 911/1365/1180
f 1282/1368/1183 1146/1337/1152 912/1339/1154 1161/1369/1184
f 1066/1205/1020 879/1200/1015 1146/1337/1152 1282/1368/1183
f 918/1341/1156 1154/1343/1158 1283/1370/1185 1152/1371/1186
f 1152/1371/1186 1283/1370/1185 1168/1372/1187 936/1373/1188
f 1283/1370/1185 1151/1374/1189 935/1375/1190 1168/1372/1187
f 1154/1343/1158 917/1345/1160 1151/1374/1189 1283/1370/1185
f 917/1345/1160 1155/1347/1162 1284/1376/1191 1151/1374/1189
f 1151/1374/1189 1284/1376/1191 1169/1377/1192 935/1375/1190
f 1284/1376/1191 1147/1378/1193 932/1379/1194 1169/1377/1192
f 1155/1347/1162 913/1349/1164 1147/1378/1193 1284/1376/1191
f 915/1361/1176 1159/1363/1178 1285/1380/1195 1149/1381/1196
f 1149/1381/1196 1285/1380/1195 1170/1382/1197 933/1383/1198
f 1285/1380/1195 1145/1384/1199 931/1385/1200 1170/1382/1197
f 1159/1363/1178 911/1365/1180 1145/1384/1199 1285/1380/1195
f 913/1349/1164 1160/1367/1182 1286/1386/1201 1147/1378/1193
f 1147/1378/1193 1286/1386/1201 1171/1387/1202 932/1379/1194
f 1286/1386/1201 1167/1388/1203 930/1389/1204 1171/1387/1202
f 1160/1367/1182 914/1353/1168 1167/1388/1203 1286/1386/1201
f 914/1353/1168 1156/1352/1167 1287/1390/1205 1167/1388/1203
f 1167/1388/1203 1287/1390/1205 1172/1391/1206 930/1389/1204
f 1287/1390/1205 1150/1392/1207 934/1393/1208 1172/1391/1206
f 1156/1352/1167 916/1355/1170 1150/1392/1207 1287/1390/1205
f 911/1365/1180 1161/1369/1184 1288/1394/1209 1145/1384/1199
f 1145/1384/1199 1288/1394/1209 1173/1395/1210 931/1385/1200
f 1288/1394/1209 1166/1396/1211 929/1397/1212 1173/1395/1210
f 1161/1369/1184 912/1339/1154 1166/1396/1211 1288/1394/1209
f 912/1339/1154 1153/1338/1153 1289/1398/1213 1166/1396/1211
f 1166/1396/1211 1289/1398/1213 1174/1399/1214 929/1397/1212
f 1289/1398/1213 1152/1371/1186 936/1373/1188 1174/1399/1214
f 1153/1338/1153 918/1341/1156 1152/1371/1186 1289/1398/1213
f 864/1127/942 1041/1400/1215 1290/1401/1216 1043/1131/946
f 1043/1131/946 1290/1401/1216 1040/1402/1217 863/1132/947
f 1290/1401/1216 1175/1403/1218 927/1404/1219 1040/1402/1217
f 1041/1400/1215 928/1405/1220 1175/1403/1218 1290/1401/1216
f 863/1132/947 1040/1402/1217 1291/1406/1221 1044/1135/950
f 1044/1135/950 1291/1406/1221 1035/1407/1222 858/1136/951
f 1291/1406/1221 1176/1408/1223 924/1409/1224 1035/1407/1222
f 1040/1402/1217 927/1404/1219 1176/1408/1223 1291/1406/1221
f 860/1151/966 1037/1410/1225 1292/1411/1226 1048/1155/970
f 1048/1155/970 1292/1411/1226 1032/1412/1227 855/1156/971
f 1292/1411/1226 1177/1413/1228 923/1414/1229 1032/1412/1227
f 1037/1410/1225 925/1415/1225 1177/1413/1228 1292/1411/1226
f 861/1141/956 1038/1416/1230 1293/1417/1231 1046/1145/960
f 1046/1145/960 1293/1417/1231 1165/1418/834 862/1146/961
f 1293/1417/1231 1178/1419/1232 922/1420/834 1165/1418/834
f 1038/1416/1230 926/1421/1233 1178/1419/1232 1293/1417/1231
f 916/1355/1170 1157/1357/1172 1294/1422/1234 1150/1392/1207
f 1150/1392/1207 1294/1422/1234 1179/1423/1235 934/1393/1208
f 1294/1422/1234 1165/1418/834 922/1420/834 1179/1423/1235
f 1157/1357/1172 862/1146/961 1165/1418/834 1294/1422/1234
f 858/1136/951 1035/1407/1222 1295/1424/1236 1049/1158/973
f 1049/1158/973 1295/1424/1236 1164/1425/1237 859/1142/957
f 1295/1424/1236 1180/1426/1238 921/1427/1239 1164/1425/1237
f 1035/1407/1222 924/1409/1224 1180/1426/1238 1295/1424/1236
f 859/1142/957 1164/1425/1237 1296/1428/1240 1045/1140/955
f 1045/1140/955 1296/1428/1240 1038/1416/1230 861/1141/956
f 1296/1428/1240 1181/1429/1241 926/1421/1233 1038/1416/1230
f 1164/1425/1237 921/1427/1239 1181/1429/1241 1296/1428/1240
f 857/1152/967 1163/1430/1242 1297/1431/1243 1047/1150/965
f 1047/1150/965 1297/1431/1243 1037/1410/1225 860/1151/966
f 1297/1431/1243 1182/1432/1244 925/1415/1225 1037/1410/1225
f 1163/1430/1242 920/1433/1242 1182/1432/1244 1297/1431/1243
f 857/1152/967 1158/1359/1174 1298/1434/1245 1163/1430/1242
f 1163/1430/1242 1298/1434/1245 1183/1435/1246 920/1433/1242
f 1298/1434/1245 1149/1381/1196 933/1383/1198 1183/1435/1246
f 1158/1359/1174 915/1361/1176 1149/1381/1196 1298/1434/1245
f 855/1156/971 1032/1412/1227 1299/1436/1247 1050/1160/975
f 1050/1160/975 1299/1436/1247 1162/1437/1248 856/1128/943
f 1299/1436/1247 1184/1438/1249 919/1439/1250 1162/1437/1248
f 1032/1412/1227 923/1414/1229 1184/1438/1249 1299/1436/1247
f 856/1128/943 1162/1437/1248 1300/1440/1251 1042/1126/941
f 1042/1126/941 1300/1440/1251 1041/1400/1215 864/1127/942
f 1300/1440/1251 1185/1441/1252 928/1405/1220 1041/1400/1215
f 1162/1437/1248 919/1439/1250 1185/1441/1252 1300/1440/1251
f 1331/971/786 1308/964/779 1307/963/778 1323/1097/912
f 1319/1104/919 1303/1103/918 1302/973/788 1310/972/787
f 1338/977/792 846/976/791 1306/967/782 1328/966/781
f 1317/970/785 1318/1442/1253 1312/1443/1254 1310/972/787
f 1318/1442/1253 1316/1444/1255 1311/1445/1256 1312/1443/1254
f 1310/972/787 1312/1443/1254 1321/1446/1257 1319/1104/919
f 1312/1443/1254 1311/1445/1256 1320/1447/1258 1321/1446/1257
f 1319/1104/919 1321/1446/1257 1315/1448/1259 1313/969/784
f 1321/1446/1257 1320/1447/1258 1314/1449/1260 1315/1448/1259
f 1338/977/792 1339/1450/1261 1327/1451/1262 1325/975/790
f 1339/1450/1261 1337/1452/1263 1326/1453/1264 1327/1451/1262
f 1313/969/784 1315/1448/1259 1330/1454/1265 1328/966/781
f 1315/1448/1259 1314/1449/1260 1329/1455/1266 1330/1454/1265
f 1328/966/781 1330/1454/1265 1339/1450/1261 1338/977/792
f 1330/1454/1265 1329/1455/1266 1337/1452/1263 1339/1450/1261
f 1323/1097/912 1324/1456/1267 1333/1457/1268 1331/971/786
f 1324/1456/1267 1322/1458/1269 1332/1459/1270 1333/1457/1268
f 1316/1444/1255 1318/1442/1253 1333/1457/1268 1332/1459/1270
f 1318/1442/1253 1317/970/785 1331/971/786 1333/1457/1268
f 1322/1458/1269 1324/1456/1267 1336/1460/1271 1334/1461/1272
f 1324/1456/1267 1323/1097/912 1335/1098/913 1336/1460/1271
f 1341/959/774 1342/1462/1273 1336/1460/1271 1335/1098/913
f 1342/1462/1273 1340/1463/1274 1334/1461/1272 1336/1460/1271
f 1325/975/790 1327/1451/1262 1345/1464/1275 1343/962/777
f 1327/1451/1262 1326/1453/1264 1344/1465/1276 1345/1464/1275
f 1340/1463/1274 1342/1462/1273 1345/1464/1275 1344/1465/1276
f 1342/1462/1273 1341/959/774 1343/962/777 1345/1464/1275
f 1805/1466/1277 1823/1467/1278 1344/1465/1276 1326/1453/1264
f 1816/1468/1279 1805/1466/1277 1326/1453/1264 1337/1452/1263
f 1819/1469/1280 1813/1470/1281 1334/1461/1272 1340/1463/1274
f 1813/1470/1281 1801/1471/1282 1322/1458/1269 1334/1461/1272
f 1801/1471/1282 1811/1472/1283 1332/1459/1270 1322/1458/1269
f 1808/1473/1284 1816/1468/1279 1337/1452/1263 1329/1455/1266
f 1793/1474/1285 1808/1473/1284 1329/1455/1266 1314/1449/1260
f 1811/1472/1283 1795/1475/1286 1316/1444/1255 1332/1459/1270
f 1799/1476/1287 1793/1474/1285 1314/1449/1260 1320/1447/1258
f 1795/1475/1286 1790/1477/1288 1311/1445/1256 1316/1444/1255
f 1790/1477/1288 1799/1476/1287 1320/1447/1258 1311/1445/1256
f 1366/1478/1289 1484/1479/1290 1665/1480/1291 1522/1481/1292
f 1484/1479/1290 1369/1482/1293 1524/1483/1294 1665/1480/1291
f 1665/1480/1291 1524/1483/1294 1357/1484/1295 1459/1485/1296
f 1522/1481/1292 1665/1480/1291 1459/1485/1296 1358/1486/1297
f 1371/1487/1298 1526/1488/1299 1666/1489/1300 1487/1490/1301
f 1526/1488/1299 1356/1491/1302 1458/1492/1303 1666/1489/1300
f 1666/1489/1300 1458/1492/1303 1357/1484/1295 1524/1483/1294
f 1487/1490/1301 1666/1489/1300 1524/1483/1294 1369/1482/1293
f 1363/1493/1304 1520/1494/1305 1667/1495/1306 1474/1496/1307
f 1351/1497/1308 1518/1498/1309 1667/1495/1306 1520/1494/1305
f 1359/1499/1310 1474/1496/1307 1667/1495/1306 1518/1498/1309
f 1363/1493/1304 1479/1500/1311 1668/1501/1312 1520/1494/1305
f 1479/1500/1311 1366/1478/1289 1522/1481/1292 1668/1501/1312
f 1668/1501/1312 1522/1481/1292 1358/1486/1297 1457/1502/1313
f 1520/1494/1305 1668/1501/1312 1457/1502/1313 1351/1497/1308
f 1374/1503/1314 1488/1504/1315 1669/1505/1316 1517/1506/1317
f 1488/1504/1315 1359/1499/1310 1518/1498/1309 1669/1505/1316
f 1669/1505/1316 1518/1498/1309 1351/1497/1308 1453/1507/1318
f 1517/1506/1317 1669/1505/1316 1453/1507/1318 1352/1508/1319
f 1377/1509/1320 1493/1510/1321 1670/1511/1322 1529/1512/1323
f 1493/1510/1321 1374/1503/1314 1517/1506/1317 1670/1511/1322
f 1670/1511/1322 1517/1506/1317 1352/1508/1319 1454/1513/1324
f 1529/1512/1323 1670/1511/1322 1454/1513/1324 1353/1514/1325
f 1820/1515/1326 1822/1516/1327 1696/1517/1328 1498/1518/1329
f 1786/1519/1330 1377/1509/1320 1529/1512/1323 1787/1520/1331
f 1787/1520/1331 1529/1512/1323 1353/1514/1325 1780/1521/1332
f 1807/1522/1333 1792/1523/1334 1783/1524/1335 1785/1525/1336
f 1796/1526/1337 1810/1527/1338 1787/1520/1331 1780/1521/1332
f 1789/1528/1339 1796/1526/1337 1780/1521/1332 1781/1529/1340
f 1822/1516/1327 1804/1530/1341 1784/1531/1342 1696/1517/1328
f 1804/1530/1341 1817/1532/1343 1382/1533/1344 1784/1531/1342
f 1385/1534/1345 1505/1535/1346 1671/1536/1347 1533/1537/1348
f 1505/1535/1346 1382/1533/1344 1785/1525/1336 1671/1536/1347
f 1671/1536/1347 1785/1525/1336 1783/1524/1335 1455/1538/1349
f 1533/1537/1348 1671/1536/1347 1455/1538/1349 1354/1539/1350
f 1388/1540/1351 1510/1541/1352 1672/1542/1353 1535/1543/1354
f 1510/1541/1352 1385/1534/1345 1533/1537/1348 1672/1542/1353
f 1672/1542/1353 1533/1537/1348 1354/1539/1350 1456/1544/1355
f 1535/1543/1354 1672/1542/1353 1456/1544/1355 1355/1545/1356
f 809/990/805 1516/1546/1357 1673/1547/1358 944/991/806
f 1516/1546/1357 1375/1548/1359 1497/1549/1360 1673/1547/1358
f 1673/1547/1358 1497/1549/1360 1378/1550/1361 1528/1551/1362
f 944/991/806 1673/1547/1358 1528/1551/1362 810/998/813
f 812/999/814 1531/1552/1363 1674/1553/1364 947/1000/815
f 1531/1552/1363 1383/1554/1365 1509/1555/1366 1674/1553/1364
f 1674/1553/1364 1509/1555/1366 1386/1556/1367 1532/1557/1368
f 947/1000/815 1674/1553/1364 1532/1557/1368 813/1007/822
f 810/998/813 1528/1551/1362 1675/1558/1369 945/1008/823
f 1528/1551/1362 1378/1550/1361 1501/1559/1370 1675/1558/1369
f 1675/1558/1369 1501/1559/1370 1380/1560/1371 1530/1561/1372
f 945/1008/823 1675/1558/1369 1530/1561/1372 811/1013/828
f 813/1007/822 1532/1557/1368 1676/1562/1373 948/1014/829
f 1532/1557/1368 1386/1556/1367 1514/1563/1374 1676/1562/1373
f 1676/1562/1373 1514/1563/1374 1389/1564/1375 1534/1565/1376
f 948/1014/829 1676/1562/1373 1534/1565/1376 814/1019/834
f 811/1013/828 1530/1561/1372 1677/1566/1377 946/1020/835
f 1530/1561/1372 1380/1560/1371 1504/1567/1378 1677/1566/1377
f 1677/1566/1377 1504/1567/1378 1383/1554/1365 1531/1552/1363
f 946/1020/835 1677/1566/1377 1531/1552/1363 812/999/814
f 802/1023/838 1448/1568/1379 1678/1569/1380 942/1024/839
f 1448/1568/1379 1346/1570/1381 1519/1571/1382 1678/1569/1380
f 1678/1569/1380 1519/1571/1382 1360/1572/1383 1515/1573/1384
f 942/1024/839 1678/1569/1380 1515/1573/1384 808/1031/846
f 1349/1574/1385 1452/1575/1386 1679/1576/1387 1525/1577/1388
f 1452/1575/1386 1350/1578/1389 1527/1579/1390 1679/1576/1387
f 1679/1576/1387 1527/1579/1390 1372/1580/1391 1485/1581/1392
f 1525/1577/1388 1679/1576/1387 1485/1581/1392 1368/1582/1393
f 1348/1583/1394 1451/1584/1395 1680/1585/1396 1523/1586/1397
f 1451/1584/1395 1349/1574/1385 1525/1577/1388 1680/1585/1396
f 1680/1585/1396 1525/1577/1388 1368/1582/1393 1480/1587/1398
f 1523/1586/1397 1680/1585/1396 1480/1587/1398 1365/1588/1399
f 1347/1589/1400 1450/1590/1401 1681/1591/1402 1521/1592/1403
f 1450/1590/1401 1348/1583/1394 1523/1586/1397 1681/1591/1402
f 1681/1591/1402 1523/1586/1397 1365/1588/1399 1475/1593/1404
f 1521/1592/1403 1681/1591/1402 1475/1593/1404 1362/1594/1405
f 1346/1570/1381 1449/1595/1406 1682/1596/1407 1519/1571/1382
f 1449/1595/1406 1347/1589/1400 1521/1592/1403 1682/1596/1407
f 1682/1596/1407 1521/1592/1403 1362/1594/1405 1469/1597/1408
f 1519/1571/1382 1682/1596/1407 1469/1597/1408 1360/1572/1383
f 1360/1572/1383 1469/1597/1408 1683/1598/1409 1468/1599/1410
f 1469/1597/1408 1362/1594/1405 1470/1600/1411 1683/1598/1409
f 1683/1598/1409 1470/1600/1411 1364/1601/1412 1471/1602/1413
f 1468/1599/1410 1683/1598/1409 1471/1602/1413 1361/1603/1414
f 1361/1603/1414 1471/1602/1413 1684/1604/1415 1472/1605/1416
f 1471/1602/1413 1364/1601/1412 1473/1606/1417 1684/1604/1415
f 1684/1604/1415 1473/1606/1417 1363/1493/1304 1474/1496/1307
f 1472/1605/1416 1684/1604/1415 1474/1496/1307 1359/1499/1310
f 1362/1594/1405 1475/1593/1404 1685/1607/1418 1470/1600/1411
f 1475/1593/1404 1365/1588/1399 1476/1608/1419 1685/1607/1418
f 1685/1607/1418 1476/1608/1419 1367/1609/1420 1477/1610/1421
f 1470/1600/1411 1685/1607/1418 1477/1610/1421 1364/1601/1412
f 1364/1601/1412 1477/1610/1421 1686/1611/1422 1473/1606/1417
f 1477/1610/1421 1367/1609/1420 1478/1612/1423 1686/1611/1422
f 1686/1611/1422 1478/1612/1423 1366/1478/1289 1479/1500/1311
f 1473/1606/1417 1686/1611/1422 1479/1500/1311 1363/1493/1304
f 1365/1588/1399 1480/1587/1398 1687/1613/1424 1476/1608/1419
f 1480/1587/1398 1368/1582/1393 1481/1614/1425 1687/1613/1424
f 1687/1613/1424 1481/1614/1425 1370/1615/1426 1482/1616/1427
f 1476/1608/1419 1687/1613/1424 1482/1616/1427 1367/1609/1420
f 1367/1609/1420 1482/1616/1427 1688/1617/1428 1478/1612/1423
f 1482/1616/1427 1370/1615/1426 1483/1618/1429 1688/1617/1428
f 1688/1617/1428 1483/1618/1429 1369/1482/1293 1484/1479/1290
f 1478/1612/1423 1688/1617/1428 1484/1479/1290 1366/1478/1289
f 1368/1582/1393 1485/1581/1392 1689/1619/1430 1481/1614/1425
f 1485/1581/1392 1372/1580/1391 1467/1620/1431 1689/1619/1430
f 1689/1619/1430 1467/1620/1431 1373/1621/1432 1486/1622/1433
f 1481/1614/1425 1689/1619/1430 1486/1622/1433 1370/1615/1426
f 1370/1615/1426 1486/1622/1433 1690/1623/1434 1483/1618/1429
f 1486/1622/1433 1373/1621/1432 1466/1624/1435 1690/1623/1434
f 1690/1623/1434 1466/1624/1435 1371/1487/1298 1487/1490/1301
f 1483/1618/1429 1690/1623/1434 1487/1490/1301 1369/1482/1293
f 1359/1499/1310 1488/1504/1315 1691/1625/1436 1472/1605/1416
f 1488/1504/1315 1374/1503/1314 1489/1626/1437 1691/1625/1436
f 1691/1625/1436 1489/1626/1437 1376/1627/1438 1490/1628/1439
f 1472/1605/1416 1691/1625/1436 1490/1628/1439 1361/1603/1414
f 1361/1603/1414 1490/1628/1439 1692/1629/1440 1468/1599/1410
f 1490/1628/1439 1376/1627/1438 1491/1630/1441 1692/1629/1440
f 1692/1629/1440 1491/1630/1441 1375/1548/1359 1492/1631/1442
f 1468/1599/1410 1692/1629/1440 1492/1631/1442 1360/1572/1383
f 1374/1503/1314 1493/1510/1321 1693/1632/1443 1489/1626/1437
f 1493/1510/1321 1377/1509/1320 1494/1633/1444 1693/1632/1443
f 1693/1632/1443 1494/1633/1444 1379/1634/1445 1495/1635/1446
f 1489/1626/1437 1693/1632/1443 1495/1635/1446 1376/1627/1438
f 1376/1627/1438 1495/1635/1446 1694/1636/1447 1491/1630/1441
f 1495/1635/1446 1379/1634/1445 1496/1637/1448 1694/1636/1447
f 1694/1636/1447 1496/1637/1448 1378/1550/1361 1497/1549/1360
f 1491/1630/1441 1694/1636/1447 1497/1549/1360 1375/1548/1359
f 1377/1509/1320 1786/1519/1330 1788/1638/1449 1494/1633/1444
f 1802/1639/1450 1814/1640/1451 1788/1638/1449 1786/1519/1330
f 1788/1638/1449 1498/1518/1329 1381/1641/1452 1499/1642/1453
f 1494/1633/1444 1788/1638/1449 1499/1642/1453 1379/1634/1445
f 1379/1634/1445 1499/1642/1453 1695/1643/1454 1496/1637/1448
f 1499/1642/1453 1381/1641/1452 1500/1644/1455 1695/1643/1454
f 1695/1643/1454 1500/1644/1455 1380/1560/1371 1501/1559/1370
f 1496/1637/1448 1695/1643/1454 1501/1559/1370 1378/1550/1361
f 1814/1640/1451 1820/1515/1326 1498/1518/1329 1788/1638/1449
f 1792/1523/1334 1798/1645/1456 1782/1646/1457 1783/1524/1335
f 1696/1517/1328 1784/1531/1342 1384/1647/1458 1502/1648/1459
f 1498/1518/1329 1696/1517/1328 1502/1648/1459 1381/1641/1452
f 1381/1641/1452 1502/1648/1459 1697/1649/1460 1500/1644/1455
f 1502/1648/1459 1384/1647/1458 1503/1650/1461 1697/1649/1460
f 1697/1649/1460 1503/1650/1461 1383/1554/1365 1504/1567/1378
f 1500/1644/1455 1697/1649/1460 1504/1567/1378 1380/1560/1371
f 1382/1533/1344 1505/1535/1346 1698/1651/1462 1784/1531/1342
f 1505/1535/1346 1385/1534/1345 1506/1652/1463 1698/1651/1462
f 1698/1651/1462 1506/1652/1463 1387/1653/1464 1507/1654/1465
f 1784/1531/1342 1698/1651/1462 1507/1654/1465 1384/1647/1458
f 1384/1647/1458 1507/1654/1465 1699/1655/1466 1503/1650/1461
f 1507/1654/1465 1387/1653/1464 1508/1656/1467 1699/1655/1466
f 1699/1655/1466 1508/1656/1467 1386/1556/1367 1509/1555/1366
f 1503/1650/1461 1699/1655/1466 1509/1555/1366 1383/1554/1365
f 1385/1534/1345 1510/1541/1352 1700/1657/1468 1506/1652/1463
f 1510/1541/1352 1388/1540/1351 1511/1658/1469 1700/1657/1468
f 1700/1657/1468 1511/1658/1469 1390/1659/1470 1512/1660/1471
f 1506/1652/1463 1700/1657/1468 1512/1660/1471 1387/1653/1464
f 1387/1653/1464 1512/1660/1471 1701/1661/1472 1508/1656/1467
f 1512/1660/1471 1390/1659/1470 1513/1662/1473 1701/1661/1472
f 1701/1661/1472 1513/1662/1473 1389/1564/1375 1514/1563/1374
f 1508/1656/1467 1701/1661/1472 1514/1563/1374 1386/1556/1367
f 808/1031/846 1515/1573/1384 1702/1663/1474 943/1121/936
f 1515/1573/1384 1360/1572/1383 1492/1631/1442 1702/1663/1474
f 1702/1663/1474 1492/1631/1442 1375/1548/1359 1516/1546/1357
f 943/1121/936 1702/1663/1474 1516/1546/1357 809/990/805
f 1781/1529/1340 1780/1521/1332 1703/1664/1475 1537/1665/1476
f 1780/1521/1332 1353/1514/1325 1465/1666/1477 1703/1664/1475
f 1703/1664/1475 1465/1666/1477 1400/1667/1478 1546/1668/1479
f 1537/1665/1476 1703/1664/1475 1546/1668/1479 1392/1669/1480
f 1353/1514/1325 1454/1513/1324 1704/1670/1481 1465/1666/1477
f 1454/1513/1324 1352/1508/1319 1464/1671/1482 1704/1670/1481
f 1704/1670/1481 1464/1671/1482 1399/1672/1483 1547/1673/1484
f 1465/1666/1477 1704/1670/1481 1547/1673/1484 1400/1667/1478
f 1352/1508/1319 1453/1507/1318 1705/1674/1485 1464/1671/1482
f 1453/1507/1318 1351/1497/1308 1461/1675/1486 1705/1674/1485
f 1705/1674/1485 1461/1675/1486 1394/1676/1487 1548/1677/1488
f 1464/1671/1482 1705/1674/1485 1548/1677/1488 1399/1672/1483
f 1358/1486/1297 1459/1485/1296 1706/1678/1489 1540/1679/1490
f 1459/1485/1296 1357/1484/1295 1463/1680/1491 1706/1678/1489
f 1706/1678/1489 1463/1680/1491 1397/1681/1492 1549/1682/1493
f 1540/1679/1490 1706/1678/1489 1549/1682/1493 1395/1683/1494
f 1357/1484/1295 1458/1492/1303 1707/1684/1495 1463/1680/1491
f 1458/1492/1303 1356/1491/1302 1543/1685/1496 1707/1684/1495
f 1707/1684/1495 1543/1685/1496 1398/1686/1497 1550/1687/1498
f 1463/1680/1491 1707/1684/1495 1550/1687/1498 1397/1681/1492
f 1355/1545/1356 1456/1544/1355 1708/1688/1499 1538/1689/1500
f 1456/1544/1355 1354/1539/1350 1462/1690/1501 1708/1688/1499
f 1708/1688/1499 1462/1690/1501 1396/1691/1502 1551/1692/1503
f 1538/1689/1500 1708/1688/1499 1551/1692/1503 1393/1693/1504
f 1354/1539/1350 1455/1538/1349 1709/1694/1505 1462/1690/1501
f 1455/1538/1349 1783/1524/1335 1460/1695/1506 1709/1694/1505
f 1709/1694/1505 1460/1695/1506 1391/1696/1507 1552/1697/1508
f 1462/1690/1501 1709/1694/1505 1552/1697/1508 1396/1691/1502
f 1351/1497/1308 1457/1502/1313 1710/1698/1509 1461/1675/1486
f 1457/1502/1313 1358/1486/1297 1540/1679/1490 1710/1698/1509
f 1710/1698/1509 1540/1679/1490 1395/1683/1494 1553/1699/1510
f 1461/1675/1486 1710/1698/1509 1553/1699/1510 1394/1676/1487
f 1783/1524/1335 1782/1646/1457 1711/1700/1511 1460/1695/1506
f 1782/1646/1457 1781/1529/1340 1537/1665/1476 1711/1700/1511
f 1711/1700/1511 1537/1665/1476 1392/1669/1480 1554/1701/1512
f 1460/1695/1506 1711/1700/1511 1554/1701/1512 1391/1696/1507
f 1420/1702/1513 1630/1703/1514 1712/1704/1515 1591/1705/1516
f 1630/1703/1514 1412/1706/1517 1568/1707/1518 1712/1704/1515
f 1712/1704/1515 1568/1707/1518 1411/1708/1519 1632/1709/1520
f 1591/1705/1516 1712/1704/1515 1632/1709/1520 1423/1710/1521
f 1371/1487/1298 1594/1711/1522 1713/1712/1523 1526/1488/1299
f 1594/1711/1522 1423/1710/1521 1632/1709/1520 1713/1712/1523
f 1713/1712/1523 1632/1709/1520 1411/1708/1519 1567/1713/1524
f 1526/1488/1299 1713/1712/1523 1567/1713/1524 1356/1491/1302
f 1417/1714/1525 1581/1715/1526 1714/1716/1527 1628/1717/1528
f 1413/1718/1529 1626/1719/1530 1714/1716/1527 1581/1715/1526
f 1405/1720/1531 1628/1717/1528 1714/1716/1527 1626/1719/1530
f 1417/1714/1525 1628/1717/1528 1715/1721/1532 1586/1722/1533
f 1628/1717/1528 1405/1720/1531 1566/1723/1534 1715/1721/1532
f 1715/1721/1532 1566/1723/1534 1412/1706/1517 1630/1703/1514
f 1586/1722/1533 1715/1721/1532 1630/1703/1514 1420/1702/1513
f 1425/1724/1535 1625/1725/1536 1716/1726/1537 1595/1727/1538
f 1625/1725/1536 1406/1728/1539 1560/1729/1540 1716/1726/1537
f 1716/1726/1537 1560/1729/1540 1405/1720/1531 1626/1719/1530
f 1595/1727/1538 1716/1726/1537 1626/1719/1530 1413/1718/1529
f 1428/1730/1541 1635/1731/1542 1717/1732/1543 1600/1733/1544
f 1635/1731/1542 1407/1734/1545 1561/1735/1546 1717/1732/1543
f 1717/1732/1543 1561/1735/1546 1406/1728/1539 1625/1725/1536
f 1600/1733/1544 1717/1732/1543 1625/1725/1536 1425/1724/1535
f 1431/1736/1547 1637/1737/1548 1718/1738/1549 1605/1739/1550
f 1637/1737/1548 1408/1740/1551 1562/1741/1552 1718/1738/1549
f 1718/1738/1549 1562/1741/1552 1407/1734/1545 1635/1731/1542
f 1605/1739/1550 1718/1738/1549 1635/1731/1542 1428/1730/1541
f 1434/1742/1553 1639/1743/1554 1719/1744/1555 1610/1745/1556
f 1639/1743/1554 1409/1746/1557 1563/1747/1558 1719/1744/1555
f 1719/1744/1555 1563/1747/1558 1408/1740/1551 1637/1737/1548
f 1610/1745/1556 1719/1744/1555 1637/1737/1548 1431/1736/1547
f 1437/1748/1559 1641/1749/1560 1720/1750/1561 1615/1751/1562
f 1641/1749/1560 1410/1752/1563 1564/1753/1564 1720/1750/1561
f 1720/1750/1561 1564/1753/1564 1409/1746/1557 1639/1743/1554
f 1615/1751/1562 1720/1750/1561 1639/1743/1554 1434/1742/1553
f 1388/1540/1351 1535/1543/1354 1721/1754/1565 1620/1755/1566
f 1535/1543/1354 1355/1545/1356 1565/1756/1567 1721/1754/1565
f 1721/1754/1565 1565/1756/1567 1410/1752/1563 1641/1749/1560
f 1620/1755/1566 1721/1754/1565 1641/1749/1560 1437/1748/1559
f 871/1216/1031 1058/1219/1034 1722/1757/1568 1624/1758/1569
f 1058/1219/1034 872/1221/1036 1634/1759/1570 1722/1757/1568
f 1722/1757/1568 1634/1759/1570 1429/1760/1571 1604/1761/1572
f 1624/1758/1569 1722/1757/1568 1604/1761/1572 1426/1762/1573
f 874/1225/1040 1061/1228/1043 1723/1763/1574 1638/1764/1575
f 1061/1228/1043 875/1230/1045 1640/1765/1576 1723/1763/1574
f 1723/1763/1574 1640/1765/1576 1438/1766/1577 1619/1767/1578
f 1638/1764/1575 1723/1763/1574 1619/1767/1578 1435/1768/1579
f 872/1221/1036 1059/1235/1050 1724/1769/1580 1634/1759/1570
f 1059/1235/1050 873/1237/1052 1636/1770/1581 1724/1769/1580
f 1724/1769/1580 1636/1770/1581 1432/1771/1582 1609/1772/1583
f 1634/1759/1570 1724/1769/1580 1609/1772/1583 1429/1760/1571
f 875/1230/1045 1062/1241/1056 1725/1773/1584 1640/1765/1576
f 1062/1241/1056 814/1019/834 1534/1565/1376 1725/1773/1584
f 1725/1773/1584 1534/1565/1376 1389/1564/1375 1622/1774/1585
f 1640/1765/1576 1725/1773/1584 1622/1774/1585 1438/1766/1577
f 873/1237/1052 1060/1244/1059 1726/1775/1586 1636/1770/1581
f 1060/1244/1059 874/1225/1040 1638/1764/1575 1726/1775/1586
f 1726/1775/1586 1638/1764/1575 1435/1768/1579 1614/1776/1587
f 1636/1770/1581 1726/1775/1586 1614/1776/1587 1432/1771/1582
f 865/1246/1061 1056/1249/1064 1727/1777/1588 1555/1778/1589
f 1056/1249/1064 870/1251/1066 1623/1779/1590 1727/1777/1588
f 1727/1777/1588 1623/1779/1590 1414/1780/1591 1627/1781/1592
f 1555/1778/1589 1727/1777/1588 1627/1781/1592 1401/1782/1593
f 1404/1783/1594 1633/1784/1595 1728/1785/1596 1559/1786/1597
f 1633/1784/1595 1422/1787/1598 1592/1788/1599 1728/1785/1596
f 1728/1785/1596 1592/1788/1599 1372/1580/1391 1527/1579/1390
f 1559/1786/1597 1728/1785/1596 1527/1579/1390 1350/1578/1389
f 1403/1789/1600 1631/1790/1601 1729/1791/1602 1558/1792/1603
f 1631/1790/1601 1419/1793/1604 1587/1794/1605 1729/1791/1602
f 1729/1791/1602 1587/1794/1605 1422/1787/1598 1633/1784/1595
f 1558/1792/1603 1729/1791/1602 1633/1784/1595 1404/1783/1594
f 1402/1795/1606 1629/1796/1607 1730/1797/1608 1557/1798/1609
f 1629/1796/1607 1416/1799/1610 1582/1800/1611 1730/1797/1608
f 1730/1797/1608 1582/1800/1611 1419/1793/1604 1631/1790/1601
f 1557/1798/1609 1730/1797/1608 1631/1790/1601 1403/1789/1600
f 1401/1782/1593 1627/1781/1592 1731/1801/1612 1556/1802/1613
f 1627/1781/1592 1414/1780/1591 1576/1803/1614 1731/1801/1612
f 1731/1801/1612 1576/1803/1614 1416/1799/1610 1629/1796/1607
f 1556/1802/1613 1731/1801/1612 1629/1796/1607 1402/1795/1606
f 1414/1780/1591 1575/1804/1615 1732/1805/1616 1576/1803/1614
f 1575/1804/1615 1415/1806/1617 1578/1807/1618 1732/1805/1616
f 1732/1805/1616 1578/1807/1618 1418/1808/1619 1577/1809/1620
f 1576/1803/1614 1732/1805/1616 1577/1809/1620 1416/1799/1610
f 1415/1806/1617 1579/1810/1621 1733/1811/1622 1578/1807/1618
f 1579/1810/1621 1413/1718/1529 1581/1715/1526 1733/1811/1622
f 1733/1811/1622 1581/1715/1526 1417/1714/1525 1580/1812/1623
f 1578/1807/1618 1733/1811/1622 1580/1812/1623 1418/1808/1619
f 1416/1799/1610 1577/1809/1620 1734/1813/1624 1582/1800/1611
f 1577/1809/1620 1418/1808/1619 1584/1814/1625 1734/1813/1624
f 1734/1813/1624 1584/1814/1625 1421/1815/1626 1583/1816/1627
f 1582/1800/1611 1734/1813/1624 1583/1816/1627 1419/1793/1604
f 1418/1808/1619 1580/1812/1623 1735/1817/1628 1584/1814/1625
f 1580/1812/1623 1417/1714/1525 1586/1722/1533 1735/1817/1628
f 1735/1817/1628 1586/1722/1533 1420/1702/1513 1585/1818/1629
f 1584/1814/1625 1735/1817/1628 1585/1818/1629 1421/1815/1626
f 1419/1793/1604 1583/1816/1627 1736/1819/1630 1587/1794/1605
f 1583/1816/1627 1421/1815/1626 1589/1820/1631 1736/1819/1630
f 1736/1819/1630 1589/1820/1631 1424/1821/1632 1588/1822/1633
f 1587/1794/1605 1736/1819/1630 1588/1822/1633 1422/1787/1598
f 1421/1815/1626 1585/1818/1629 1737/1823/1634 1589/1820/1631
f 1585/1818/1629 1420/1702/1513 1591/1705/1516 1737/1823/1634
f 1737/1823/1634 1591/1705/1516 1423/1710/1521 1590/1824/1635
f 1589/1820/1631 1737/1823/1634 1590/1824/1635 1424/1821/1632
f 1422/1787/1598 1588/1822/1633 1738/1825/1636 1592/1788/1599
f 1588/1822/1633 1424/1821/1632 1593/1826/1637 1738/1825/1636
f 1738/1825/1636 1593/1826/1637 1373/1621/1432 1467/1620/1431
f 1592/1788/1599 1738/1825/1636 1467/1620/1431 1372/1580/1391
f 1424/1821/1632 1590/1824/1635 1739/1827/1638 1593/1826/1637
f 1590/1824/1635 1423/1710/1521 1594/1711/1522 1739/1827/1638
f 1739/1827/1638 1594/1711/1522 1371/1487/1298 1466/1624/1435
f 1593/1826/1637 1739/1827/1638 1466/1624/1435 1373/1621/1432
f 1413/1718/1529 1579/1810/1621 1740/1828/1639 1595/1727/1538
f 1579/1810/1621 1415/1806/1617 1597/1829/1640 1740/1828/1639
f 1740/1828/1639 1597/1829/1640 1427/1830/1641 1596/1831/1642
f 1595/1727/1538 1740/1828/1639 1596/1831/1642 1425/1724/1535
f 1415/1806/1617 1575/1804/1615 1741/1832/1643 1597/1829/1640
f 1575/1804/1615 1414/1780/1591 1599/1833/1644 1741/1832/1643
f 1741/1832/1643 1599/1833/1644 1426/1762/1573 1598/1834/1645
f 1597/1829/1640 1741/1832/1643 1598/1834/1645 1427/1830/1641
f 1425/1724/1535 1596/1831/1642 1742/1835/1646 1600/1733/1544
f 1596/1831/1642 1427/1830/1641 1602/1836/1647 1742/1835/1646
f 1742/1835/1646 1602/1836/1647 1430/1837/1648 1601/1838/1649
f 1600/1733/1544 1742/1835/1646 1601/1838/1649 1428/1730/1541
f 1427/1830/1641 1598/1834/1645 1743/1839/1650 1602/1836/1647
f 1598/1834/1645 1426/1762/1573 1604/1761/1572 1743/1839/1650
f 1743/1839/1650 1604/1761/1572 1429/1760/1571 1603/1840/1651
f 1602/1836/1647 1743/1839/1650 1603/1840/1651 1430/1837/1648
f 1428/1730/1541 1601/1838/1649 1744/1841/1652 1605/1739/1550
f 1601/1838/1649 1430/1837/1648 1607/1842/1653 1744/1841/1652
f 1744/1841/1652 1607/1842/1653 1433/1843/1654 1606/1844/1655
f 1605/1739/1550 1744/1841/1652 1606/1844/1655 1431/1736/1547
f 1430/1837/1648 1603/1840/1651 1745/1845/1656 1607/1842/1653
f 1603/1840/1651 1429/1760/1571 1609/1772/1583 1745/1845/1656
f 1745/1845/1656 1609/1772/1583 1432/1771/1582 1608/1846/1657
f 1607/1842/1653 1745/1845/1656 1608/1846/1657 1433/1843/1654
f 1431/1736/1547 1606/1844/1655 1746/1847/1658 1610/1745/1556
f 1606/1844/1655 1433/1843/1654 1612/1848/1659 1746/1847/1658
f 1746/1847/1658 1612/1848/1659 1436/1849/1660 1611/1850/1661
f 1610/1745/1556 1746/1847/1658 1611/1850/1661 1434/1742/1553
f 1433/1843/1654 1608/1846/1657 1747/1851/1662 1612/1848/1659
f 1608/1846/1657 1432/1771/1582 1614/1776/1587 1747/1851/1662
f 1747/1851/1662 1614/1776/1587 1435/1768/1579 1613/1852/1663
f 1612/1848/1659 1747/1851/1662 1613/1852/1663 1436/1849/1660
f 1434/1742/1553 1611/1850/1661 1748/1853/1664 1615/1751/1562
f 1611/1850/1661 1436/1849/1660 1617/1854/1665 1748/1853/1664
f 1748/1853/1664 1617/1854/1665 1439/1855/1666 1616/1856/1667
f 1615/1751/1562 1748/1853/1664 1616/1856/1667 1437/1748/1559
f 1436/1849/1660 1613/1852/1663 1749/1857/1668 1617/1854/1665
f 1613/1852/1663 1435/1768/1579 1619/1767/1578 1749/1857/1668
f 1749/1857/1668 1619/1767/1578 1438/1766/1577 1618/1858/1669
f 1617/1854/1665 1749/1857/1668 1618/1858/1669 1439/1855/1666
f 1437/1748/1559 1616/1856/1667 1750/1859/1670 1620/1755/1566
f 1616/1856/1667 1439/1855/1666 1621/1860/1671 1750/1859/1670
f 1750/1859/1670 1621/1860/1671 1390/1659/1470 1511/1658/1469
f 1620/1755/1566 1750/1859/1670 1511/1658/1469 1388/1540/1351
f 1439/1855/1666 1618/1858/1669 1751/1861/1672 1621/1860/1671
f 1618/1858/1669 1438/1766/1577 1622/1774/1585 1751/1861/1672
f 1751/1861/1672 1622/1774/1585 1389/1564/1375 1513/1662/1473
f 1621/1860/1671 1751/1861/1672 1513/1662/1473 1390/1659/1470
f 870/1251/1066 1057/1335/1150 1752/1862/1673 1623/1779/1590
f 1057/1335/1150 871/1216/1031 1624/1758/1569 1752/1862/1673
f 1752/1862/1673 1624/1758/1569 1426/1762/1573 1599/1833/1644
f 1623/1779/1590 1752/1862/1673 1599/1833/1644 1414/1780/1591
f 1408/1740/1551 1643/1863/1674 1753/1864/1675 1562/1741/1552
f 1643/1863/1674 1441/1865/1676 1650/1866/1677 1753/1864/1675
f 1753/1864/1675 1650/1866/1677 1447/1867/1678 1574/1868/1679
f 1562/1741/1552 1753/1864/1675 1574/1868/1679 1407/1734/1545
f 1407/1734/1545 1574/1868/1679 1754/1869/1680 1561/1735/1546
f 1574/1868/1679 1447/1867/1678 1651/1870/1681 1754/1869/1680
f 1754/1869/1680 1651/1870/1681 1446/1871/1682 1573/1872/1683
f 1561/1735/1546 1754/1869/1680 1573/1872/1683 1406/1728/1539
f 1406/1728/1539 1573/1872/1683 1755/1873/1684 1560/1729/1540
f 1573/1872/1683 1446/1871/1682 1652/1874/1685 1755/1873/1684
f 1755/1873/1684 1652/1874/1685 1442/1875/1686 1570/1876/1687
f 1560/1729/1540 1755/1873/1684 1570/1876/1687 1405/1720/1531
f 1412/1706/1517 1645/1877/1688 1756/1878/1689 1568/1707/1518
f 1645/1877/1688 1443/1879/1690 1653/1880/1691 1756/1878/1689
f 1756/1878/1689 1653/1880/1691 1445/1881/1692 1572/1882/1693
f 1568/1707/1518 1756/1878/1689 1572/1882/1693 1411/1708/1519
f 1411/1708/1519 1572/1882/1693 1757/1883/1694 1567/1713/1524
f 1572/1882/1693 1445/1881/1692 1654/1884/1695 1757/1883/1694
f 1757/1883/1694 1654/1884/1695 1398/1686/1497 1543/1685/1496
f 1567/1713/1524 1757/1883/1694 1543/1685/1496 1356/1491/1302
f 1355/1545/1356 1538/1689/1500 1758/1885/1696 1565/1756/1567
f 1538/1689/1500 1393/1693/1504 1655/1886/1697 1758/1885/1696
f 1758/1885/1696 1655/1886/1697 1444/1887/1698 1571/1888/1699
f 1565/1756/1567 1758/1885/1696 1571/1888/1699 1410/1752/1563
f 1410/1752/1563 1571/1888/1699 1759/1889/1700 1564/1753/1564
f 1571/1888/1699 1444/1887/1698 1656/1890/1701 1759/1889/1700
f 1759/1889/1700 1656/1890/1701 1440/1891/1702 1569/1892/1703
f 1564/1753/1564 1759/1889/1700 1569/1892/1703 1409/1746/1557
f 1405/1720/1531 1570/1876/1687 1760/1893/1704 1566/1723/1534
f 1570/1876/1687 1442/1875/1686 1657/1894/1705 1760/1893/1704
f 1760/1893/1704 1657/1894/1705 1443/1879/1690 1645/1877/1688
f 1566/1723/1534 1760/1893/1704 1645/1877/1688 1412/1706/1517
f 1409/1746/1557 1569/1892/1703 1761/1895/1706 1563/1747/1558
f 1569/1892/1703 1440/1891/1702 1658/1896/1707 1761/1895/1706
f 1761/1895/1706 1658/1896/1707 1441/1865/1676 1643/1863/1674
f 1563/1747/1558 1761/1895/1706 1643/1863/1674 1408/1740/1551
f 1447/1867/1678 1649/1897/1708 1762/1898/1709 1651/1870/1681
f 1649/1897/1708 936/1373/1188 1168/1372/1187 1762/1898/1709
f 1762/1898/1709 1168/1372/1187 935/1375/1190 1648/1899/1710
f 1651/1870/1681 1762/1898/1709 1648/1899/1710 1446/1871/1682
f 1446/1871/1682 1648/1899/1710 1763/1900/1711 1652/1874/1685
f 1648/1899/1710 935/1375/1190 1169/1377/1192 1763/1900/1711
f 1763/1900/1711 1169/1377/1192 932/1379/1194 1644/1901/1712
f 1652/1874/1685 1763/1900/1711 1644/1901/1712 1442/1875/1686
f 1444/1887/1698 1646/1902/1196 1764/1903/1713 1656/1890/1701
f 1646/1902/1196 933/1383/1198 1170/1382/1197 1764/1903/1713
f 1764/1903/1713 1170/1382/1197 931/1385/1200 1642/1904/1200
f 1656/1890/1701 1764/1903/1713 1642/1904/1200 1440/1891/1702
f 1442/1875/1686 1644/1901/1712 1765/1905/1714 1657/1894/1705
f 1644/1901/1712 932/1379/1194 1171/1387/1202 1765/1905/1714
f 1765/1905/1714 1171/1387/1202 930/1389/1204 1664/1906/1715
f 1657/1894/1705 1765/1905/1714 1664/1906/1715 1443/1879/1690
f 1443/1879/1690 1664/1906/1715 1766/1907/1716 1653/1880/1691
f 1664/1906/1715 930/1389/1204 1172/1391/1206 1766/1907/1716
f 1766/1907/1716 1172/1391/1206 934/1393/1208 1647/1908/1717
f 1653/1880/1691 1766/1907/1716 1647/1908/1717 1445/1881/1692
f 1440/1891/1702 1642/1904/1200 1767/1909/1718 1658/1896/1707
f 1642/1904/1200 931/1385/1200 1173/1395/1210 1767/1909/1718
f 1767/1909/1718 1173/1395/1210 929/1397/1212 1663/1910/1719
f 1658/1896/1707 1767/1909/1718 1663/1910/1719 1441/1865/1676
f 1441/1865/1676 1663/1910/1719 1768/1911/1720 1650/1866/1677
f 1663/1910/1719 929/1397/1212 1174/1399/1214 1768/1911/1720
f 1768/1911/1720 1174/1399/1214 936/1373/1188 1649/1897/1708
f 1650/1866/1677 1768/1911/1720 1649/1897/1708 1447/1867/1678
f 1400/1667/1478 1547/1673/1484 1769/1912/1721 1545/1913/1722
f 1547/1673/1484 1399/1672/1483 1544/1914/1723 1769/1912/1721
f 1769/1912/1721 1544/1914/1723 927/1404/1219 1175/1403/1218
f 1545/1913/1722 1769/1912/1721 1175/1403/1218 928/1405/1220
f 1399/1672/1483 1548/1677/1488 1770/1915/1724 1544/1914/1723
f 1548/1677/1488 1394/1676/1487 1539/1916/1725 1770/1915/1724
f 1770/1915/1724 1539/1916/1725 924/1409/1224 1176/1408/1223
f 1544/1914/1723 1770/1915/1724 1176/1408/1223 927/1404/1219
f 1396/1691/1502 1552/1697/1508 1771/1917/1228 1541/1918/1225
f 1552/1697/1508 1391/1696/1507 1536/1919/1726 1771/1917/1228
f 1771/1917/1228 1536/1919/1726 923/1414/1229 1177/1413/1228
f 1541/1918/1225 1771/1917/1228 1177/1413/1228 925/1415/1225
f 1397/1681/1492 1550/1687/1498 1772/1920/834 1542/1921/1727
f 1550/1687/1498 1398/1686/1497 1662/1922/834 1772/1920/834
f 1772/1920/834 1662/1922/834 922/1420/834 1178/1419/1232
f 1542/1921/1727 1772/1920/834 1178/1419/1232 926/1421/1233
f 1445/1881/1692 1647/1908/1717 1773/1923/834 1654/1884/1695
f 1647/1908/1717 934/1393/1208 1179/1423/1235 1773/1923/834
f 1773/1923/834 1179/1423/1235 922/1420/834 1662/1922/834
f 1654/1884/1695 1773/1923/834 1662/1922/834 1398/1686/1497
f 1394/1676/1487 1553/1699/1510 1774/1924/1728 1539/1916/1725
f 1553/1699/1510 1395/1683/1494 1661/1925/1729 1774/1924/1728
f 1774/1924/1728 1661/1925/1729 921/1427/1239 1180/1426/1238
f 1539/1916/1725 1774/1924/1728 1180/1426/1238 924/1409/1224
f 1395/1683/1494 1549/1682/1493 1775/1926/1730 1661/1925/1729
f 1549/1682/1493 1397/1681/1492 1542/1921/1727 1775/1926/1730
f 1775/1926/1730 1542/1921/1727 926/1421/1233 1181/1429/1241
f 1661/1925/1729 1775/1926/1730 1181/1429/1241 921/1427/1239
f 1393/1693/1504 1551/1692/1503 1776/1927/1731 1660/1928/1242
f 1551/1692/1503 1396/1691/1502 1541/1918/1225 1776/1927/1731
f 1776/1927/1731 1541/1918/1225 925/1415/1225 1182/1432/1244
f 1660/1928/1242 1776/1927/1731 1182/1432/1244 920/1433/1242
f 1393/1693/1504 1660/1928/1242 1777/1929/1732 1655/1886/1697
f 1660/1928/1242 920/1433/1242 1183/1435/1246 1777/1929/1732
f 1777/1929/1732 1183/1435/1246 933/1383/1198 1646/1902/1196
f 1655/1886/1697 1777/1929/1732 1646/1902/1196 1444/1887/1698
f 1391/1696/1507 1554/1701/1512 1778/1930/1733 1536/1919/1726
f 1554/1701/1512 1392/1669/1480 1659/1931/1734 1778/1930/1733
f 1778/1930/1733 1659/1931/1734 919/1439/1250 1184/1438/1249
f 1536/1919/1726 1778/1930/1733 1184/1438/1249 923/1414/1229
f 1392/1669/1480 1546/1668/1479 1779/1932/1735 1659/1931/1734
f 1546/1668/1479 1400/1667/1478 1545/1913/1722 1779/1932/1735
f 1779/1932/1735 1545/1913/1722 928/1405/1220 1185/1441/1252
f 1659/1931/1734 1779/1932/1735 1185/1441/1252 919/1439/1250
f 1810/1527/1338 1802/1639/1450 1786/1519/1330 1787/1520/1331
f 1798/1645/1456 1789/1528/1339 1781/1529/1340 1782/1646/1457
f 1817/1532/1343 1807/1522/1333 1785/1525/1336 1382/1533/1344
f 1796/1526/1337 1789/1528/1339 1791/1933/1736 1797/1934/1737
f 1797/1934/1737 1791/1933/1736 1790/1477/1288 1795/1475/1286
f 1789/1528/1339 1798/1645/1456 1800/1935/1738 1791/1933/1736
f 1791/1933/1736 1800/1935/1738 1799/1476/1287 1790/1477/1288
f 1798/1645/1456 1792/1523/1334 1794/1936/1739 1800/1935/1738
f 1800/1935/1738 1794/1936/1739 1793/1474/1285 1799/1476/1287
f 1817/1532/1343 1804/1530/1341 1806/1937/1740 1818/1938/1741
f 1818/1938/1741 1806/1937/1740 1805/1466/1277 1816/1468/1279
f 1792/1523/1334 1807/1522/1333 1809/1939/1742 1794/1936/1739
f 1794/1936/1739 1809/1939/1742 1808/1473/1284 1793/1474/1285
f 1807/1522/1333 1817/1532/1343 1818/1938/1741 1809/1939/1742
f 1809/1939/1742 1818/1938/1741 1816/1468/1279 1808/1473/1284
f 1802/1639/1450 1810/1527/1338 1812/1940/1743 1803/1941/1744
f 1803/1941/1744 1812/1940/1743 1811/1472/1283 1801/1471/1282
f 1795/1475/1286 1811/1472/1283 1812/1940/1743 1797/1934/1737
f 1797/1934/1737 1812/1940/1743 1810/1527/1338 1796/1526/1337
f 1801/1471/1282 1813/1470/1281 1815/1942/1745 1803/1941/1744
f 1803/1941/1744 1815/1942/1745 1814/1640/1451 1802/1639/1450
f 1820/1515/1326 1814/1640/1451 1815/1942/1745 1821/1943/1746
f 1821/1943/1746 1815/1942/1745 1813/1470/1281 1819/1469/1280
f 1804/1530/1341 1822/1516/1327 1824/1944/1747 1806/1937/1740
f 1806/1937/1740 1824/1944/1747 1823/1467/1278 1805/1466/1277
f 1819/1469/1280 1823/1467/1278 1824/1944/1747 1821/1943/1746
f 1821/1943/1746 1824/1944/1747 1822/1516/1327 1820/1515/1326
f 1823/1467/1278 1819/1469/1280 1340/1463/1274 1344/1465/1276
f 869/1255/1070 1835/1945/1242 1845/1946/1242 1055/1256/1071
f 1348/1583/1394 1848/1947/1242 1858/1948/1242 1451/1584/1395
f 804/1047/862 1827/1949/1242 1837/1950/1242 938/1054/869
f 1451/1584/1395 1858/1948/1242 1849/1951/1242 1349/1574/1385
f 1055/1256/1071 1845/1946/1242 1830/1952/1242 807/1037/852
f 939/1050/865 1838/1953/1242 1827/1949/1242 804/1047/862
f 1555/1778/1589 1860/1954/1242 1831/1955/1242 865/1246/1061
f 1349/1574/1385 1849/1951/1242 1859/1956/1242 1452/1575/1386
f 805/1041/856 1828/1957/1242 1838/1953/1242 939/1050/865
f 1401/1782/1593 1851/1958/1242 1860/1954/1242 1555/1778/1589
f 1452/1575/1386 1859/1956/1242 1850/1959/1242 1350/1578/1389
f 940/1044/859 1839/1960/1242 1828/1957/1242 805/1041/856
f 1556/1802/1613 1861/1961/1242 1851/1958/1242 1401/1782/1593
f 806/1032/847 1829/1962/1242 1839/1960/1242 940/1044/859
f 1402/1795/1606 1852/1963/1242 1861/1961/1242 1556/1802/1613
f 941/1035/850 1840/1964/1242 1829/1962/1242 806/1032/847
f 865/1246/1061 1831/1955/1242 1841/1965/1242 1051/1247/1062
f 1557/1798/1609 1862/1966/1242 1852/1963/1242 1402/1795/1606
f 807/1037/852 1830/1952/1242 1840/1964/1242 941/1035/850
f 1051/1247/1062 1841/1965/1242 1832/1967/1242 866/1254/1069
f 1403/1789/1600 1853/1968/1242 1862/1966/1242 1557/1798/1609
f 802/1023/838 1825/1969/1242 1855/1970/1242 1448/1568/1379
f 866/1254/1069 1832/1967/1242 1842/1971/1242 1052/1273/1088
f 1558/1792/1603 1863/1972/1242 1853/1968/1242 1403/1789/1600
f 1448/1568/1379 1855/1970/1242 1846/1973/1242 1346/1570/1381
f 1052/1273/1088 1842/1971/1242 1833/1974/1242 867/1267/1082
f 1404/1783/1594 1854/1975/1242 1863/1972/1242 1558/1792/1603
f 867/1267/1082 1833/1974/1242 1843/1976/1242 1053/1268/1083
f 1346/1570/1381 1846/1973/1242 1856/1977/1242 1449/1595/1406
f 1559/1786/1597 1864/1978/1242 1854/1975/1242 1404/1783/1594
f 1053/1268/1083 1843/1976/1242 1834/1979/1242 868/1261/1076
f 1449/1595/1406 1856/1977/1242 1847/1980/1242 1347/1589/1400
f 1350/1578/1389 1850/1959/1242 1864/1978/1242 1559/1786/1597
f 937/1026/841 1836/1981/1242 1825/1969/1242 802/1023/838
f 868/1261/1076 1834/1979/1242 1844/1982/1242 1054/1262/1077
f 1347/1589/1400 1847/1980/1242 1857/1983/1242 1450/1590/1401
f 803/1028/843 1826/1984/1242 1836/1981/1242 937/1026/841
f 1054/1262/1077 1844/1982/1242 1835/1945/1242 869/1255/1070
f 1450/1590/1401 1857/1983/1242 1848/1947/1242 1348/1583/1394
f 938/1054/869 1837/1950/1242 1826/1984/1242 803/1028/843
f 1845/1946/1748 1885/1985/1748 1870/1986/1749 1830/1952/1749
f 1839/1960/1750 1879/1987/1750 1868/1988/1751 1828/1957/1751
f 1852/1963/1752 1892/1989/1752 1901/1990/1753 1861/1961/1753
f 1825/1969/1754 1865/1991/1754 1895/1992/1755 1855/1970/1755
f 1829/1962/1756 1869/1993/1756 1879/1987/1750 1839/1960/1750
f 1862/1966/1757 1902/1994/1757 1892/1989/1752 1852/1963/1752
f 1855/1970/1755 1895/1992/1755 1886/1995/1758 1846/1973/1758
f 1840/1964/1759 1880/1996/1759 1869/1993/1756 1829/1962/1756
f 1853/1968/1760 1893/1997/1760 1902/1994/1757 1862/1966/1757
f 1846/1973/1758 1886/1995/1758 1896/1998/1761 1856/1977/1761
f 1830/1952/1749 1870/1986/1749 1880/1996/1759 1840/1964/1759
f 1863/1972/1762 1903/1999/1762 1893/1997/1760 1853/1968/1760
f 1856/1977/1761 1896/1998/1761 1887/2000/1763 1847/1980/1763
f 1831/1955/1764 1871/2001/1764 1881/2002/1765 1841/1965/1765
f 1854/1975/1766 1894/2003/1766 1903/1999/1762 1863/1972/1762
f 1847/1980/1763 1887/2000/1763 1897/2004/1767 1857/1983/1767
f 1841/1965/1765 1881/2002/1765 1872/2005/1768 1832/1967/1768
f 1864/1978/1769 1904/2006/1769 1894/2003/1766 1854/1975/1766
f 1857/1983/1767 1897/2004/1767 1888/2007/1770 1848/1947/1770
f 1832/1967/1768 1872/2005/1768 1882/2008/1771 1842/1971/1771
f 1850/1959/1772 1890/2009/1772 1904/2006/1769 1864/1978/1769
f 1848/1947/1770 1888/2007/1770 1898/2010/1773 1858/1948/1773
f 1842/1971/1771 1882/2008/1771 1873/2011/1774 1833/1974/1774
f 1836/1981/1775 1876/2012/1775 1865/1991/1754 1825/1969/1754
f 1858/1948/1773 1898/2010/1773 1889/2013/1776 1849/1951/1776
f 1833/1974/1774 1873/2011/1774 1883/2014/1777 1843/1976/1777
f 1826/1984/1778 1866/2015/1778 1876/2012/1775 1836/1981/1775
f 1849/1951/1776 1889/2013/1776 1899/2016/1779 1859/1956/1779
f 1843/1976/1777 1883/2014/1777 1874/2017/1780 1834/1979/1780
f 1837/1950/1781 1877/2018/1781 1866/2015/1778 1826/1984/1778
f 1859/1956/1779 1899/2016/1779 1890/2009/1772 1850/1959/1772
f 1834/1979/1780 1874/2017/1780 1884/2019/1782 1844/1982/1782
f 1827/1949/1783 1867/2020/1783 1877/2018/1781 1837/1950/1781
f 1860/1954/1784 1900/2021/1784 1871/2001/1764 1831/1955/1764
f 1844/1982/1782 1884/2019/1782 1875/2022/1785 1835/1945/1785
f 1838/1953/1786 1878/2023/1786 1867/2020/1783 1827/1949/1783
f 1851/1958/1787 1891/2024/1787 1900/2021/1784 1860/1954/1784
f 1835/1945/1785 1875/2022/1785 1885/1985/1748 1845/1946/1748
f 1828/1957/1751 1868/1988/1751 1878/2023/1786 1838/1953/1786
f 1861/1961/1753 1901/1990/1753 1891/2024/1787 1851/1958/1787
f 1879/1987/1242 1919/2025/1242 1908/2026/1242 1868/1988/1242
f 1892/1989/1242 1932/2027/1242 1941/2028/1242 1901/1990/1242
f 1865/1991/1242 1905/2029/1242 1935/2030/1242 1895/1992/1242
f 1869/1993/1242 1909/2031/1242 1919/2025/1242 1879/1987/1242
f 1902/1994/1242 1942/2032/1242 1932/2027/1242 1892/1989/1242
f 1895/1992/1242 1935/2030/1242 1926/2033/1242 1886/1995/1242
f 1880/1996/1242 1920/2034/1242 1909/2031/1242 1869/1993/1242
f 1893/1997/1242 1933/2035/1242 1942/2032/1242 1902/1994/1242
f 1886/1995/1242 1926/2033/1242 1936/2036/1242 1896/1998/1242
f 1870/1986/1242 1910/2037/1242 1920/2034/1242 1880/1996/1242
f 1903/1999/1242 1943/2038/1242 1933/2035/1242 1893/1997/1242
f 1896/1998/1242 1936/2036/1242 1927/2039/1242 1887/2000/1242
f 1871/2001/1242 1911/2040/1242 1921/2041/1242 1881/2002/1242
f 1894/2003/1242 1934/2042/1242 1943/2038/1242 1903/1999/1242
f 1887/2000/1242 1927/2039/1242 1937/2043/1242 1897/2004/1242
f 1881/2002/1242 1921/2041/1242 1912/2044/1242 1872/2005/1242
f 1904/2006/1242 1944/2045/1242 1934/2042/1242 1894/2003/1242
f 1897/2004/1242 1937/2043/1242 1928/2046/1242 1888/2007/1242
f 1872/2005/1242 1912/2044/1242 1922/2047/1242 1882/2008/1242
f 1890/2009/1242 1930/2048/1242 1944/2045/1242 1904/2006/1242
f 1888/2007/1242 1928/2046/1242 1938/2049/1242 1898/2010/1242
f 1882/2008/1242 1922/2047/1242 1913/2050/1242 1873/2011/1242
f 1876/2012/1242 1916/2051/1242 1905/2029/1242 1865/1991/1242
f 1898/2010/1242 1938/2049/1242 1929/2052/1242 1889/2013/1242
f 1873/2011/1242 1913/2050/1242 1923/2053/1242 1883/2014/1242
f 1866/2015/1242 1906/2054/1242 1916/2051/1242 1876/2012/1242
f 1889/2013/1242 1929/2052/1242 1939/2055/1242 1899/2016/1242
f 1883/2014/1242 1923/2053/1242 1914/2056/1242 1874/2017/1242
f 1877/2018/1242 1917/2057/1242 1906/2054/1242 1866/2015/1242
f 1899/2016/1242 1939/2055/1242 1930/2048/1242 1890/2009/1242
f 1874/2017/1242 1914/2056/1242 1924/2058/1242 1884/2019/1242
f 1867/2020/1242 1907/2059/1242 1917/2057/1242 1877/2018/1242
f 1900/2021/1242 1940/2060/1242 1911/2040/1242 1871/2001/1242
f 1884/2019/1242 1924/2058/1242 1915/2061/1242 1875/2022/1242
f 1878/2023/1242 1918/2062/1242 1907/2059/1242 1867/2020/1242
f 1891/2024/1242 1931/2063/1242 1940/2060/1242 1900/2021/1242
f 1875/2022/1242 1915/2061/1242 1925/2064/1242 1885/1985/1242
f 1868/1988/1242 1908/2026/1242 1918/2062/1242 1878/2023/1242
f 1901/1990/1242 1941/2028/1242 1931/2063/1242 1891/2024/1242
f 1885/1985/1242 1925/2064/1242 1910/2037/1242 1870/1986/1242
f 1932/2027/1752 1972/2065/1752 1981/2066/1753 1941/2028/1753
f 1905/2029/1754 1945/2067/1754 1975/2068/1755 1935/2030/1755
f 1909/2031/1756 1949/2069/1756 1959/2070/1750 1919/2025/1750
f 1942/2032/1757 1982/2071/1757 1972/2065/1752 1932/2027/1752
f 1935/2030/1755 1975/2068/1755 1966/2072/1758 1926/2033/1758
f 1920/2034/1759 1960/2073/1759 1949/2069/1756 1909/2031/1756
f 1933/2035/1760 1973/2074/1760 1982/2071/1757 1942/2032/1757
f 1926/2033/1758 1966/2072/1758 1976/2075/1761 1936/2036/1761
f 1910/2037/1749 1950/2076/1749 1960/2073/1759 1920/2034/1759
f 1943/2038/1762 1983/2077/1762 1973/2074/1760 1933/2035/1760
f 1936/2036/1761 1976/2075/1761 1967/2078/1763 1927/2039/1763
f 1911/2040/1764 1951/2079/1764 1961/2080/1765 1921/2041/1765
f 1934/2042/1766 1974/2081/1766 1983/2077/1762 1943/2038/1762
f 1927/2039/1763 1967/2078/1763 1977/2082/1767 1937/2043/1767
f 1921/2041/1765 1961/2080/1765 1952/2083/1768 1912/2044/1768
f 1944/2045/1769 1984/2084/1769 1974/2081/1766 1934/2042/1766
f 1937/2043/1767 1977/2082/1767 1968/2085/1770 1928/2046/1770
f 1912/2044/1768 1952/2083/1768 1962/2086/1771 1922/2047/1771
f 1930/2048/1772 1970/2087/1772 1984/2084/1769 1944/2045/1769
f 1928/2046/1770 1968/2085/1770 1978/2088/1773 1938/2049/1773
f 1922/2047/1771 1962/2086/1771 1953/2089/1774 1913/2050/1774
f 1916/2051/1775 1956/2090/1775 1945/2067/1754 1905/2029/1754
f 1938/2049/1773 1978/2088/1773 1969/2091/1776 1929/2052/1776
f 1913/2050/1774 1953/2089/1774 1963/2092/1777 1923/2053/1777
f 1906/2054/1778 1946/2093/1778 1956/2090/1775 1916/2051/1775
f 1929/2052/1776 1969/2091/1776 1979/2094/1779 1939/2055/1779
f 1923/2053/1777 1963/2092/1777 1954/2095/1780 1914/2056/1780
f 1917/2057/1781 1957/2096/1781 1946/2093/1778 1906/2054/1778
f 1939/2055/1779 1979/2094/1779 1970/2087/1772 1930/2048/1772
f 1914/2056/1780 1954/2095/1780 1964/2097/1782 1924/2058/1782
f 1907/2059/1783 1947/2098/1783 1957/2096/1781 1917/2057/1781
f 1940/2060/1784 1980/2099/1784 1951/2079/1764 1911/2040/1764
f 1924/2058/1782 1964/2097/1782 1955/2100/1785 1915/2061/1785
f 1918/2062/1786 1958/2101/1786 1947/2098/1783 1907/2059/1783
f 1931/2063/1787 1971/2102/1787 1980/2099/1784 1940/2060/1784
f 1915/2061/1785 1955/2100/1785 1965/2103/1748 1925/2064/1748
f 1908/2026/1751 1948/2104/1751 1958/2101/1786 1918/2062/1786
f 1941/2028/1753 1981/2066/1753 1971/2102/1787 1931/2063/1787
f 1925/2064/1748 1965/2103/1748 1950/2076/1749 1910/2037/1749
f 1919/2025/1750 1959/2070/1750 1948/2104/1751 1908/2026/1751
f 1945/2067/1242 1985/2105/1242 2015/2106/1242 1975/2068/1242
f 1949/2069/1242 1989/2107/1242 1999/2108/1242 1959/2070/1242
f 1982/2071/1242 2022/2109/1242 2012/2110/1242 1972/2065/1242
f 1975/2068/1242 2015/2106/1242 2006/2111/1242 1966/2072/1242
f 1960/2073/1242 2000/2112/1242 1989/2107/1242 1949/2069/1242
f 1973/2074/1242 2013/2113/1242 2022/2109/1242 1982/2071/1242
f 1966/2072/1242 2006/2111/1242 2016/2114/1242 1976/2075/1242
f 1950/2076/1242 1990/2115/1242 2000/2112/1242 1960/2073/1242
f 1983/2077/1242 2023/2116/1242 2013/2113/1242 1973/2074/1242
f 1976/2075/1242 2016/2114/1242 2007/2117/1242 1967/2078/1242
f 1951/2079/1242 1991/2118/1242 2001/2119/1242 1961/2080/1242
f 1974/2081/1242 2014/2120/1242 2023/2116/1242 1983/2077/1242
f 1967/2078/1242 2007/2117/1242 2017/2121/1242 1977/2082/1242
f 1961/2080/1242 2001/2119/1242 1992/2122/1242 1952/2083/1242
f 1984/2084/1242 2024/2123/1242 2014/2120/1242 1974/2081/1242
f 1977/2082/1242 2017/2121/1242 2008/2124/1242 1968/2085/1242
f 1952/2083/1242 1992/2122/1242 2002/2125/1242 1962/2086/1242
f 1970/2087/1242 2010/2126/1242 2024/2123/1242 1984/2084/1242
f 1968/2085/1242 2008/2124/1242 2018/2127/1242 1978/2088/1242
f 1962/2086/1242 2002/2125/1242 1993/2128/1242 1953/2089/1242
f 1956/2090/1242 1996/2129/1242 1985/2105/1242 1945/2067/1242
f 1978/2088/1242 2018/2127/1242 2009/2130/1242 1969/2091/1242
f 1953/2089/1242 1993/2128/1242 2003/2131/1242 1963/2092/1242
f 1946/2093/1242 1986/2132/1242 1996/2129/1242 1956/2090/1242
f 1969/2091/1242 2009/2130/1242 2019/2133/1242 1979/2094/1242
f 1963/2092/1242 2003/2131/1242 1994/2134/1242 1954/2095/1242
f 1957/2096/1242 1997/2135/1242 1986/2132/1242 1946/2093/1242
f 1979/2094/1242 2019/2133/1242 2010/2126/1242 1970/2087/1242
f 1954/2095/1242 1994/2134/1242 2004/2136/1242 1964/2097/1242
f 1947/2098/1242 1987/2137/1242 1997/2135/1242 1957/2096/1242
f 1980/2099/1242 2020/2138/1242 1991/2118/1242 1951/2079/1242
f 1964/2097/1242 2004/2136/1242 1995/2139/1242 1955/2100/1242
f 1958/2101/1242 1998/2140/1242 1987/2137/1242 1947/2098/1242
f 1971/2102/1242 2011/2141/1242 2020/2138/1242 1980/2099/1242
f 1955/2100/1242 1995/2139/1242 2005/2142/1242 1965/2103/1242
f 1948/2104/1242 1988/2143/1242 1998/2140/1242 1958/2101/1242
f 1981/2066/1242 2021/2144/1242 2011/2141/1242 1971/2102/1242
f 1965/2103/1242 2005/2142/1242 1990/2115/1242 1950/2076/1242
f 1959/2070/1242 1999/2108/1242 1988/2143/1242 1948/2104/1242
f 1972/2065/1242 2012/2110/1242 2021/2144/1242 1981/2066/1242
f 1990/2115/1749 2122/2145/1788 2152/2146/1789 2000/2112/1759
f 1988/2143/1751 2116/2147/1790 2146/2148/1791 1998/2140/1786
f 2217/2149/1792 2062/2150/1793 2052/2151/1794 2187/2152/1795
f 2109/2153/1796 2026/2154/1797 2036/2155/1798 2139/2156/1799
f 2151/2157/1800 2040/2158/1801 2029/2159/1802 2118/2160/1803
f 2012/2110/1752 2188/2161/1804 2215/2162/1805 2021/2144/1753
f 2170/2163/1806 2046/2164/1807 2056/2165/1808 2200/2166/1809
f 1989/2107/1756 2119/2167/1810 2149/2168/1811 1999/2108/1750
f 2220/2169/1812 2063/2170/1813 2053/2171/1814 2190/2172/1815
f 2200/2166/1809 2056/2165/1808 2047/2173/1816 2173/2174/1817
f 2167/2175/1818 2045/2176/1819 2030/2177/1820 2121/2178/1821
f 2013/2113/1760 2191/2179/1822 2218/2180/1823 2022/2109/1757
f 2173/2174/1817 2047/2173/1816 2057/2181/1824 2203/2182/1825
f 2211/2183/1826 2060/2184/1827 2031/2185/1828 2124/2186/1829
f 2223/2187/1830 2064/2188/1831 2054/2189/1832 2193/2190/1833
f 2203/2182/1825 2057/2181/1824 2048/2191/1834 2176/2192/1835
f 2128/2193/1836 2032/2194/1837 2042/2195/1838 2158/2196/1839
f 2014/2120/1766 2194/2197/1840 2221/2198/1841 2023/2116/1762
f 2176/2192/1835 2048/2191/1834 2058/2199/1842 2206/2200/1843
f 2158/2196/1839 2042/2195/1838 2033/2201/1844 2131/2202/1845
f 2184/2203/1846 2051/2204/1847 2060/2184/1827 2211/2183/1826
f 2206/2200/1843 2058/2199/1842 2049/2205/1848 2179/2206/1849
f 2131/2202/1845 2033/2201/1844 2043/2207/1850 2161/2208/1851
f 2107/2209/1852 2025/2210/1853 2055/2211/1854 2197/2212/1855
f 2179/2206/1849 2049/2205/1848 2059/2213/1856 2209/2214/1857
f 2161/2208/1851 2043/2207/1850 2034/2215/1858 2134/2216/1859
f 2142/2217/1860 2037/2218/1861 2026/2154/1797 2109/2153/1796
f 2209/2214/1857 2059/2213/1856 2050/2219/1862 2182/2220/1863
f 2134/2216/1859 2034/2215/1858 2044/2221/1864 2164/2222/1865
f 1986/2132/1778 2110/2223/1866 2140/2224/1867 1996/2129/1775
f 2182/2220/1863 2050/2219/1862 2064/2188/1831 2223/2187/1830
f 2164/2222/1865 2044/2221/1864 2035/2225/1868 2137/2226/1869
f 2145/2227/1870 2038/2228/1871 2027/2229/1872 2112/2230/1873
f 1991/2118/1764 2125/2231/1874 2154/2232/1875 2001/2119/1765
f 2137/2226/1869 2035/2225/1868 2045/2176/1819 2167/2175/1818
f 1987/2137/1783 2113/2233/1876 2143/2234/1877 1997/2135/1781
f 2214/2235/1878 2061/2236/1879 2051/2204/1847 2184/2203/1846
f 2197/2212/1855 2055/2211/1854 2046/2164/1807 2170/2163/1806
f 2148/2237/1880 2039/2238/1881 2028/2239/1882 2115/2240/1883
f 2011/2141/1787 2185/2241/1884 2212/2242/1885 2020/2138/1784
f 2118/2160/1803 2029/2159/1802 2039/2238/1881 2148/2237/1880
f 2022/2109/1757 2218/2180/1823 2188/2161/1804 2012/2110/1752
f 1985/2105/1754 2106/2243/1886 2196/2244/1887 2015/2106/1755
f 2000/2112/1759 2152/2146/1789 2119/2167/1810 1989/2107/1756
f 2190/2172/1815 2053/2171/1814 2062/2150/1793 2217/2149/1792
f 2015/2106/1755 2196/2244/1887 2169/2245/1888 2006/2111/1758
f 2121/2178/1821 2030/2177/1820 2040/2158/1801 2151/2157/1800
f 2023/2116/1762 2221/2198/1841 2191/2179/1822 2013/2113/1760
f 2006/2111/1758 2169/2245/1888 2199/2246/1889 2016/2114/1761
f 2005/2142/1748 2166/2247/1890 2122/2145/1788 1990/2115/1749
f 2193/2190/1833 2054/2189/1832 2063/2170/1813 2220/2169/1812
f 2016/2114/1761 2199/2246/1889 2172/2248/1891 2007/2117/1763
f 2020/2138/1784 2212/2242/1885 2125/2231/1874 1991/2118/1764
f 2024/2123/1769 2224/2249/1892 2194/2197/1840 2014/2120/1766
f 2007/2117/1763 2172/2248/1891 2202/2250/1893 2017/2121/1767
f 2001/2119/1765 2154/2232/1875 2127/2251/1894 1992/2122/1768
f 2017/2121/1767 2202/2250/1893 2175/2252/1895 2008/2124/1770
f 1992/2122/1768 2127/2251/1894 2157/2253/1896 2002/2125/1771
f 2010/2126/1772 2181/2254/1897 2224/2249/1892 2024/2123/1769
f 2008/2124/1770 2175/2252/1895 2205/2255/1898 2018/2127/1773
f 2002/2125/1771 2157/2253/1896 2130/2256/1899 1993/2128/1774
f 1996/2129/1775 2140/2224/1867 2106/2243/1886 1985/2105/1754
f 2018/2127/1773 2205/2255/1898 2178/2257/1900 2009/2130/1776
f 1993/2128/1774 2130/2256/1899 2160/2258/1901 2003/2131/1777
f 1997/2135/1781 2143/2234/1877 2110/2223/1866 1986/2132/1778
f 2009/2130/1776 2178/2257/1900 2208/2259/1902 2019/2133/1779
f 2003/2131/1777 2160/2258/1901 2133/2260/1903 1994/2134/1780
f 2112/2230/1873 2027/2229/1872 2037/2218/1861 2142/2217/1860
f 2019/2133/1779 2208/2259/1902 2181/2254/1897 2010/2126/1772
f 1994/2134/1780 2133/2260/1903 2163/2261/1904 2004/2136/1782
f 1998/2140/1786 2146/2148/1791 2113/2233/1876 1987/2137/1783
f 2155/2262/1905 2041/2263/1906 2032/2194/1837 2128/2193/1836
f 2004/2136/1782 2163/2261/1904 2136/2264/1907 1995/2139/1785
f 2115/2240/1883 2028/2239/1882 2038/2228/1871 2145/2227/1870
f 2021/2144/1753 2215/2162/1805 2185/2241/1884 2011/2141/1787
f 1995/2139/1785 2136/2264/1907 2166/2247/1890 2005/2142/1748
f 1999/2108/1750 2149/2168/1811 2116/2147/1790 1988/2143/1751
f 2187/2152/1795 2052/2151/1794 2061/2236/1879 2214/2235/1878
f 2124/2186/1829 2031/2185/1828 2041/2263/1906 2155/2262/1905
f 2025/2210/1853 2065/2265/1908 2095/2266/1909 2055/2211/1854
f 2029/2159/1802 2069/2267/1910 2079/2268/1911 2039/2238/1881
f 2062/2150/1793 2102/2269/1912 2092/2270/1913 2052/2151/1794
f 2055/2211/1854 2095/2266/1909 2086/2271/1914 2046/2164/1807
f 2040/2158/1801 2080/2272/1915 2069/2267/1910 2029/2159/1802
f 2053/2171/1814 2093/2273/1916 2102/2269/1912 2062/2150/1793
f 2046/2164/1807 2086/2271/1914 2096/2274/1917 2056/2165/1808
f 2030/2177/1820 2070/2275/1918 2080/2272/1915 2040/2158/1801
f 2063/2170/1813 2103/2276/1919 2093/2273/1916 2053/2171/1814
f 2056/2165/1808 2096/2274/1917 2087/2277/1920 2047/2173/1816
f 2031/2185/1828 2071/2278/1921 2081/2279/1922 2041/2263/1906
f 2054/2189/1832 2094/2280/1923 2103/2276/1919 2063/2170/1813
f 2047/2173/1816 2087/2277/1920 2097/2281/1924 2057/2181/1824
f 2041/2263/1906 2081/2279/1922 2072/2282/1925 2032/2194/1837
f 2064/2188/1831 2104/2283/1926 2094/2280/1923 2054/2189/1832
f 2057/2181/1824 2097/2281/1924 2088/2284/1927 2048/2191/1834
f 2032/2194/1837 2072/2282/1925 2082/2285/1928 2042/2195/1838
f 2050/2219/1862 2090/2286/1929 2104/2283/1926 2064/2188/1831
f 2048/2191/1834 2088/2284/1927 2098/2287/1930 2058/2199/1842
f 2042/2195/1838 2082/2285/1928 2073/2288/1931 2033/2201/1844
f 2036/2155/1798 2076/2289/1932 2065/2265/1908 2025/2210/1853
f 2058/2199/1842 2098/2287/1930 2089/2290/1933 2049/2205/1848
f 2033/2201/1844 2073/2288/1931 2083/2291/1934 2043/2207/1850
f 2026/2154/1797 2066/2292/1935 2076/2289/1932 2036/2155/1798
f 2049/2205/1848 2089/2290/1933 2099/2293/1936 2059/2213/1856
f 2043/2207/1850 2083/2291/1934 2074/2294/1937 2034/2215/1858
f 2037/2218/1861 2077/2295/1938 2066/2292/1935 2026/2154/1797
f 2059/2213/1856 2099/2293/1936 2090/2286/1929 2050/2219/1862
f 2034/2215/1858 2074/2294/1937 2084/2296/1939 2044/2221/1864
f 2027/2229/1872 2067/2297/1940 2077/2295/1938 2037/2218/1861
f 2060/2184/1827 2100/2298/1941 2071/2278/1921 2031/2185/1828
f 2044/2221/1864 2084/2296/1939 2075/2299/1942 2035/2225/1868
f 2038/2228/1871 2078/2300/1943 2067/2297/1940 2027/2229/1872
f 2051/2204/1847 2091/2301/1944 2100/2298/1941 2060/2184/1827
f 2035/2225/1868 2075/2299/1942 2085/2302/1945 2045/2176/1819
f 2028/2239/1882 2068/2303/1946 2078/2300/1943 2038/2228/1871
f 2061/2236/1879 2101/2304/1947 2091/2301/1944 2051/2204/1847
f 2045/2176/1819 2085/2302/1945 2070/2275/1918 2030/2177/1820
f 2039/2238/1881 2079/2268/1911 2068/2303/1946 2028/2239/1882
f 2052/2151/1794 2092/2270/1913 2101/2304/1947 2061/2236/1879
f 2069/2267/1910 2105/2305/1242 2079/2268/1911
f 2102/2269/1912 2105/2305/1242 2092/2270/1913
f 2095/2266/1909 2105/2305/1242 2086/2271/1914
f 2080/2272/1915 2105/2305/1242 2069/2267/1910
f 2093/2273/1916 2105/2305/1242 2102/2269/1912
f 2086/2271/1914 2105/2305/1242 2096/2274/1917
f 2070/2275/1918 2105/2305/1242 2080/2272/1915
f 2103/2276/1919 2105/2305/1242 2093/2273/1916
f 2096/2274/1917 2105/2305/1242 2087/2277/1920
f 2071/2278/1921 2105/2305/1242 2081/2279/1922
f 2094/2280/1923 2105/2305/1242 2103/2276/1919
f 2087/2277/1920 2105/2305/1242 2097/2281/1924
f 2081/2279/1922 2105/2305/1242 2072/2282/1925
f 2104/2283/1926 2105/2305/1242 2094/2280/1923
f 2097/2281/1924 2105/2305/1242 2088/2284/1927
f 2072/2282/1925 2105/2305/1242 2082/2285/1928
f 2090/2286/1929 2105/2305/1242 2104/2283/1926
f 2088/2284/1927 2105/2305/1242 2098/2287/1930
f 2082/2285/1928 2105/2305/1242 2073/2288/1931
f 2076/2289/1932 2105/2305/1242 2065/2265/1908
f 2098/2287/1930 2105/2305/1242 2089/2290/1933
f 2073/2288/1931 2105/2305/1242 2083/2291/1934
f 2066/2292/1935 2105/2305/1242 2076/2289/1932
f 2089/2290/1933 2105/2305/1242 2099/2293/1936
f 2083/2291/1934 2105/2305/1242 2074/2294/1937
f 2077/2295/1938 2105/2305/1242 2066/2292/1935
f 2099/2293/1936 2105/2305/1242 2090/2286/1929
f 2074/2294/1937 2105/2305/1242 2084/2296/1939
f 2067/2297/1940 2105/2305/1242 2077/2295/1938
f 2100/2298/1941 2105/2305/1242 2071/2278/1921
f 2084/2296/1939 2105/2305/1242 2075/2299/1942
f 2078/2300/1943 2105/2305/1242 2067/2297/1940
f 2091/2301/1944 2105/2305/1242 2100/2298/1941
f 2075/2299/1942 2105/2305/1242 2085/2302/1945
f 2068/2303/1946 2105/2305/1242 2078/2300/1943
f 2101/2304/1947 2105/2305/1242 2091/2301/1944
f 2085/2302/1945 2105/2305/1242 2070/2275/1918
f 2079/2268/1911 2105/2305/1242 2068/2303/1946
f 2092/2270/1913 2105/2305/1242 2101/2304/1947
f 2065/2265/1908 2105/2305/1242 2095/2266/1909
f 2107/2209/1852 2108/2306/1948 2141/2307/1949 2139/2156/1799
f 2108/2306/1948 2106/2243/1886 2140/2224/1867 2141/2307/1949
f 2139/2156/1799 2141/2307/1949 2111/2308/1950 2109/2153/1796
f 2141/2307/1949 2140/2224/1867 2110/2223/1866 2111/2308/1950
f 2109/2153/1796 2111/2308/1950 2144/2309/1951 2142/2217/1860
f 2111/2308/1950 2110/2223/1866 2143/2234/1877 2144/2309/1951
f 2142/2217/1860 2144/2309/1951 2114/2310/1952 2112/2230/1873
f 2144/2309/1951 2143/2234/1877 2113/2233/1876 2114/2310/1952
f 2112/2230/1873 2114/2310/1952 2147/2311/1953 2145/2227/1870
f 2114/2310/1952 2113/2233/1876 2146/2148/1791 2147/2311/1953
f 2145/2227/1870 2147/2311/1953 2117/2312/1954 2115/2240/1883
f 2147/2311/1953 2146/2148/1791 2116/2147/1790 2117/2312/1954
f 2115/2240/1883 2117/2312/1954 2150/2313/1955 2148/2237/1880
f 2117/2312/1954 2116/2147/1790 2149/2168/1811 2150/2313/1955
f 2148/2237/1880 2150/2313/1955 2120/2314/1956 2118/2160/1803
f 2150/2313/1955 2149/2168/1811 2119/2167/1810 2120/2314/1956
f 2118/2160/1803 2120/2314/1956 2153/2315/1957 2151/2157/1800
f 2120/2314/1956 2119/2167/1810 2152/2146/1789 2153/2315/1957
f 2151/2157/1800 2153/2315/1957 2123/2316/1958 2121/2178/1821
f 2153/2315/1957 2152/2146/1789 2122/2145/1788 2123/2316/1958
f 2125/2231/1874 2126/2317/1959 2156/2318/1960 2154/2232/1875
f 2126/2317/1959 2124/2186/1829 2155/2262/1905 2156/2318/1960
f 2154/2232/1875 2156/2318/1960 2129/2319/1961 2127/2251/1894
f 2156/2318/1960 2155/2262/1905 2128/2193/1836 2129/2319/1961
f 2127/2251/1894 2129/2319/1961 2159/2320/1962 2157/2253/1896
f 2129/2319/1961 2128/2193/1836 2158/2196/1839 2159/2320/1962
f 2157/2253/1896 2159/2320/1962 2132/2321/1963 2130/2256/1899
f 2159/2320/1962 2158/2196/1839 2131/2202/1845 2132/2321/1963
f 2130/2256/1899 2132/2321/1963 2162/2322/1964 2160/2258/1901
f 2132/2321/1963 2131/2202/1845 2161/2208/1851 2162/2322/1964
f 2160/2258/1901 2162/2322/1964 2135/2323/1965 2133/2260/1903
f 2162/2322/1964 2161/2208/1851 2134/2216/1859 2135/2323/1965
f 2133/2260/1903 2135/2323/1965 2165/2324/1966 2163/2261/1904
f 2135/2323/1965 2134/2216/1859 2164/2222/1865 2165/2324/1966
f 2163/2261/1904 2165/2324/1966 2138/2325/1967 2136/2264/1907
f 2165/2324/1966 2164/2222/1865 2137/2226/1869 2138/2325/1967
f 2136/2264/1907 2138/2325/1967 2168/2326/1968 2166/2247/1890
f 2138/2325/1967 2137/2226/1869 2167/2175/1818 2168/2326/1968
f 2166/2247/1890 2168/2326/1968 2123/2316/1958 2122/2145/1788
f 2168/2326/1968 2167/2175/1818 2121/2178/1821 2123/2316/1958
f 2106/2243/1886 2108/2306/1948 2198/2327/1969 2196/2244/1887
f 2108/2306/1948 2107/2209/1852 2197/2212/1855 2198/2327/1969
f 2196/2244/1887 2198/2327/1969 2171/2328/1970 2169/2245/1888
f 2198/2327/1969 2197/2212/1855 2170/2163/1806 2171/2328/1970
f 2169/2245/1888 2171/2328/1970 2201/2329/1971 2199/2246/1889
f 2171/2328/1970 2170/2163/1806 2200/2166/1809 2201/2329/1971
f 2199/2246/1889 2201/2329/1971 2174/2330/1972 2172/2248/1891
f 2201/2329/1971 2200/2166/1809 2173/2174/1817 2174/2330/1972
f 2172/2248/1891 2174/2330/1972 2204/2331/1973 2202/2250/1893
f 2174/2330/1972 2173/2174/1817 2203/2182/1825 2204/2331/1973
f 2202/2250/1893 2204/2331/1973 2177/2332/1974 2175/2252/1895
f 2204/2331/1973 2203/2182/1825 2176/2192/1835 2177/2332/1974
f 2175/2252/1895 2177/2332/1974 2207/2333/1975 2205/2255/1898
f 2177/2332/1974 2176/2192/1835 2206/2200/1843 2207/2333/1975
f 2205/2255/1898 2207/2333/1975 2180/2334/1976 2178/2257/1900
f 2207/2333/1975 2206/2200/1843 2179/2206/1849 2180/2334/1976
f 2178/2257/1900 2180/2334/1976 2210/2335/1977 2208/2259/1902
f 2180/2334/1976 2179/2206/1849 2209/2214/1857 2210/2335/1977
f 2208/2259/1902 2210/2335/1977 2183/2336/1978 2181/2254/1897
f 2210/2335/1977 2209/2214/1857 2182/2220/1863 2183/2336/1978
f 2124/2186/1829 2126/2317/1959 2213/2337/1979 2211/2183/1826
f 2126/2317/1959 2125/2231/1874 2212/2242/1885 2213/2337/1979
f 2211/2183/1826 2213/2337/1979 2186/2338/1980 2184/2203/1846
f 2213/2337/1979 2212/2242/1885 2185/2241/1884 2186/2338/1980
f 2184/2203/1846 2186/2338/1980 2216/2339/1981 2214/2235/1878
f 2186/2338/1980 2185/2241/1884 2215/2162/1805 2216/2339/1981
f 2214/2235/1878 2216/2339/1981 2189/2340/1982 2187/2152/1795
f 2216/2339/1981 2215/2162/1805 2188/2161/1804 2189/2340/1982
f 2187/2152/1795 2189/2340/1982 2219/2341/1983 2217/2149/1792
f 2189/2340/1982 2188/2161/1804 2218/2180/1823 2219/2341/1983
f 2217/2149/1792 2219/2341/1983 2192/2342/1984 2190/2172/1815
f 2219/2341/1983 2218/2180/1823 2191/2179/1822 2192/2342/1984
f 2190/2172/1815 2192/2342/1984 2222/2343/1985 2220/2169/1812
f 2192/2342/1984 2191/2179/1822 2221/2198/1841 2222/2343/1985
f 2220/2169/1812 2222/2343/1985 2195/2344/1986 2193/2190/1833
f 2222/2343/1985 2221/2198/1841 2194/2197/1840 2195/2344/1986
f 2193/2190/1833 2195/2344/1986 2225/2345/1987 2223/2187/1830
f 2195/2344/1986 2194/2197/1840 2224/2249/1892 2225/2345/1987
f 2223/2187/1830 2225/2345/1987 2183/2336/1978 2182/2220/1863
f 2225/2345/1987 2224/2249/1892 2181/2254/1897 2183/2336/1978
f 2139/2156/1799 2036/2155/1798 2025/2210/1853 2107/2209/1852
o handle_chrome
v -5.796841 15.722260 -0.164314
v -5.537176 16.248255 -0.164314
v -5.593849 16.276924 -0.061039
v -4.679224 15.814256 -0.164315
v -5.272055 16.114141 -0.343165
v -5.419869 16.188915 -0.273234
v -4.944346 15.948369 -0.343165
v -5.108200 16.031256 -0.367262
v -5.638444 16.299482 0.125073
v -4.796531 15.873596 -0.273235
v -5.531719 15.588145 -0.343165
v -5.204010 15.422372 -0.343165
v -4.938889 15.288259 -0.164314
v -5.679534 15.662918 -0.273234
v -5.367865 15.505259 -0.367261
v -5.056195 15.347599 -0.273234
v -5.796841 15.722260 0.414460
v -5.537176 16.248257 0.414460
v -5.593849 16.276924 0.311184
v -4.679224 15.814257 0.414459
v -5.272054 16.114143 0.593310
v -5.419869 16.188915 0.523379
v -4.944345 15.948370 0.593310
v -5.108200 16.031256 0.617407
v -4.796530 15.873596 0.523379
v -5.531718 15.588146 0.593311
v -5.204010 15.422373 0.593311
v -4.938888 15.288260 0.414460
v -5.679534 15.662919 0.523380
v -5.367864 15.505260 0.617408
v -5.056195 15.347599 0.523380
v -2.539217 19.826117 -0.027458
v -2.553408 19.874519 -0.013545
v -2.536365 19.853825 -0.023223
v -2.614321 19.864107 -0.164320
v -2.622731 19.909588 -0.139872
v -2.609863 19.891003 -0.157159
v -2.731628 19.923449 -0.273240
v -2.732139 19.964931 -0.241457
v -2.724856 19.949173 -0.263931
v -2.879443 19.998220 -0.343171
v -2.871408 20.035381 -0.307345
v -2.870169 20.022680 -0.332678
v -3.043298 20.081108 -0.367267
v -3.026588 20.113880 -0.330166
v -3.031482 20.104280 -0.356400
v -3.207152 20.163994 -0.343171
v -3.181768 20.192379 -0.307345
v -3.192796 20.185883 -0.332678
v -3.354967 20.238768 -0.273240
v -3.321037 20.262829 -0.241457
v -3.338108 20.259390 -0.263931
v -3.472274 20.298107 -0.164320
v -3.430445 20.318172 -0.139871
v -3.453101 20.317560 -0.157159
v -3.547440 20.336132 -0.027345
v -3.499768 20.353241 -0.013544
v -3.526617 20.354748 -0.023190
v -4.907129 15.272193 -0.106439
v -4.922757 15.280099 -0.074624
v -4.904584 15.270905 -0.084141
v -5.352226 14.474520 -0.111041
v -5.294880 14.486734 -0.106438
v -5.310508 14.494642 -0.074623
v -5.320128 14.470356 -0.108839
v -5.309968 14.470566 -0.089218
v -5.290628 14.484585 -0.083087
v -5.331179 14.475947 -0.086342
v -5.368043 14.482521 -0.139865
v -5.326640 14.502800 -0.164313
v -5.345512 14.483196 -0.157152
v -5.477451 14.537865 -0.241450
v -5.443947 14.562141 -0.273233
v -5.460505 14.541367 -0.263924
v -5.616721 14.608315 -0.307338
v -5.591762 14.636914 -0.343164
v -5.605817 14.614874 -0.332671
v -5.771900 14.686813 -0.330159
v -5.755616 14.719801 -0.367260
v -5.767131 14.696476 -0.356394
v -5.927080 14.765312 -0.307338
v -5.919470 14.802688 -0.343164
v -5.928444 14.778076 -0.332671
v -6.066350 14.835763 -0.241450
v -6.067286 14.877460 -0.273233
v -6.073756 14.851583 -0.263924
v -6.175757 14.891108 -0.139864
v -6.184592 14.936800 -0.164313
v -6.188749 14.909754 -0.157152
v -6.208441 14.948866 -0.061517
v -6.224070 14.956771 -0.092373
v -6.198351 14.902536 -0.098691
v -6.228516 14.959021 -0.069147
v -6.227587 14.934749 -0.075718
v -6.221381 14.926260 -0.095433
v -6.210330 14.920671 -0.073614
v -4.679296 15.773279 -0.075104
v -4.631223 15.831090 -0.106439
v -4.654769 15.802109 -0.038318
v -4.644850 15.797046 -0.084282
v -4.645290 15.797192 -0.074399
v -4.638005 15.805497 -0.074498
v -4.663564 15.794464 -0.064329
v -4.561247 15.795801 0.125072
v -4.612070 15.780509 0.125072
v -4.583054 15.777748 0.125072
v -5.836974 15.701336 -0.061518
v -5.828253 15.738149 -0.024618
v -5.829070 15.779785 -0.095093
v -5.829263 15.726585 -0.050687
v -5.839725 15.744137 -0.061062
v -5.838604 15.755460 -0.061813
v -5.841150 15.745604 -0.071173
v -5.759475 14.721754 -0.068070
v -5.776187 14.688982 -0.104853
v -5.771114 14.698492 -0.078843
v -5.404549 15.523815 -0.030803
v -5.354612 15.457334 -0.068111
v -5.356006 15.540470 -0.031721
v -5.376232 15.497419 -0.057168
v -5.371730 15.507143 -0.052520
v -5.362235 15.502076 -0.057432
v -5.376734 15.521816 -0.031262
v -5.126272 16.002388 -0.039355
v -5.102750 15.990260 -0.074665
v -5.076053 16.017975 -0.038318
v -5.123567 16.000950 -0.064629
v -5.108313 16.017002 -0.059683
v -5.088057 16.011972 -0.063895
v -5.104690 16.020548 -0.038927
v -5.033354 15.996376 0.125072
v -5.086410 15.982313 0.125073
v -5.063024 15.999497 0.125073
v -5.881824 15.806472 0.125073
v -5.864120 15.756293 0.125073
v -5.883384 15.778111 0.125073
v -5.352785 15.538748 0.125073
v -5.404549 15.523816 0.125073
v -5.375791 15.521312 0.125073
v -2.553408 19.874519 0.263679
v -2.539217 19.826117 0.277593
v -2.536365 19.853825 0.273358
v -2.622731 19.909588 0.390006
v -2.614321 19.864109 0.414454
v -2.609863 19.891005 0.407293
v -2.732138 19.964931 0.491591
v -2.731627 19.923449 0.523374
v -2.724856 19.949173 0.514065
v -2.871408 20.035381 0.557479
v -2.879443 19.998222 0.593305
v -2.870168 20.022680 0.582812
v -3.026587 20.113880 0.580300
v -3.043297 20.081108 0.617402
v -3.031482 20.104282 0.606535
v -3.181767 20.192379 0.557480
v -3.207151 20.163996 0.593305
v -3.192795 20.185883 0.582812
v -3.321037 20.262829 0.491591
v -3.354966 20.238768 0.523374
v -3.338107 20.259390 0.514065
v -3.430444 20.318174 0.390006
v -3.472273 20.298109 0.414454
v -3.453100 20.317560 0.407294
v -3.499767 20.353241 0.263679
v -3.547439 20.336132 0.277480
v -3.526617 20.354750 0.273325
v -4.922757 15.280100 0.324770
v -4.907128 15.272194 0.356585
v -4.904583 15.270906 0.334287
v -5.352226 14.474520 0.361189
v -5.310508 14.494642 0.324771
v -5.294880 14.486735 0.356586
v -5.331178 14.475948 0.336491
v -5.309968 14.470567 0.339366
v -5.290628 14.484585 0.333235
v -5.320127 14.470356 0.358987
v -5.368043 14.482521 0.390013
v -5.326639 14.502801 0.414461
v -5.345511 14.483197 0.407300
v -5.443946 14.562141 0.523381
v -5.477450 14.537866 0.491598
v -5.460505 14.541368 0.514072
v -5.591761 14.636915 0.593312
v -5.616720 14.608316 0.557486
v -5.605816 14.614875 0.582819
v -5.755615 14.719802 0.617409
v -5.771900 14.686815 0.580307
v -5.767130 14.696476 0.606542
v -5.919470 14.802689 0.593312
v -5.927079 14.765313 0.557486
v -5.928444 14.778078 0.582819
v -6.067285 14.877461 0.523381
v -6.066349 14.835764 0.491598
v -6.073756 14.851584 0.514072
v -6.184592 14.936801 0.414461
v -6.175756 14.891108 0.390013
v -6.188749 14.909754 0.407300
v -6.224070 14.956771 0.342521
v -6.208441 14.948866 0.311665
v -6.198351 14.902537 0.348839
v -6.228516 14.959021 0.319295
v -6.227586 14.934750 0.325866
v -6.210329 14.920671 0.323763
v -6.221381 14.926260 0.345581
v -4.679296 15.773279 0.325249
v -4.654769 15.802109 0.288463
v -4.622391 15.826731 0.359468
v -4.663563 15.794464 0.314474
v -4.643767 15.796612 0.325148
v -4.635554 15.804305 0.326093
v -4.641916 15.796453 0.335288
v -5.776186 14.688983 0.355001
v -5.759474 14.721754 0.318218
v -5.771114 14.698492 0.328992
v -5.356006 15.540470 0.281867
v -5.354612 15.457334 0.318258
v -5.404549 15.523816 0.280949
v -5.362234 15.502076 0.307579
v -5.371729 15.507144 0.302667
v -5.376231 15.497419 0.307315
v -5.376734 15.521816 0.281408
v -5.126272 16.002388 0.289500
v -5.076053 16.017975 0.288463
v -5.102749 15.990260 0.324810
v -5.104690 16.020550 0.289072
v -5.108312 16.017002 0.309828
v -5.088057 16.011974 0.314040
v -5.123567 16.000952 0.314774
v -5.828252 15.738150 0.274765
v -5.836974 15.701336 0.311664
v -5.819991 15.775304 0.342520
v -5.829263 15.726587 0.300833
v -5.838312 15.743235 0.310612
v -5.838892 15.743459 0.320503
v -5.836103 15.754210 0.310456
v -2.845502 19.160856 0.125068
v -2.878777 19.177671 -0.040278
v -2.877343 19.176964 0.290882
v -2.949482 19.206764 -0.164319
v -3.066789 19.266104 -0.273239
v -3.214604 19.340878 -0.343170
v -3.378458 19.423763 -0.367266
v -3.542313 19.506651 -0.343170
v -3.690128 19.581425 -0.273239
v -3.807434 19.640764 -0.164319
v -3.879598 19.677269 -0.032814
v -3.908701 19.691992 0.125068
v -3.879598 19.677269 0.282951
v -2.949481 19.206764 0.414455
v -3.066788 19.266106 0.523375
v -3.214603 19.340878 0.593306
v -3.378458 19.423765 0.617403
v -3.542312 19.506651 0.593306
v -3.690127 19.581425 0.523375
v -3.807434 19.640764 0.414455
vt 0.500000 0.893697
vt 0.500000 0.935287
vt 0.450000 0.935287
vt 0.450000 0.893697
vt 0.400000 0.935287
vt 0.400000 0.893697
vt 0.680092 0.896303
vt 0.673205 0.896295
vt 0.503909 0.937888
vt 0.669892 0.935287
vt 0.600000 0.935287
vt 0.600000 0.997392
vt 0.550000 0.997392
vt 0.550000 0.935287
vt 0.500000 0.997392
vt 0.450000 0.997392
vt 0.400000 0.997392
vt 0.350000 0.997392
vt 0.350000 0.935287
vt 0.323792 0.997392
vt 0.322864 0.932673
vt 0.324984 0.997392
vt 0.497438 0.997392
vt 0.510264 0.937895
vt 0.324984 0.937895
vt 0.350000 0.893697
vt 0.300814 0.902693
vt 0.398513 0.773843
vt 0.015590 0.055731
vt 0.233858 0.835992
vt 0.695184 0.566038
vt 0.671007 0.890545
vt 0.650000 0.893697
vt 0.650000 0.566549
vt 0.550000 0.893697
vt 0.302092 0.566549
vt 0.250000 0.566549
vt 0.250000 0.893697
vt 0.312376 0.893697
vt 0.302092 0.566549
vt 0.312376 0.893697
vt 0.350000 0.566549
vt 0.400000 0.566550
vt 0.450000 0.566549
vt 0.500000 0.566549
vt 0.550000 0.566549
vt 0.600000 0.566549
vt 0.600000 0.893697
vt 0.000000 0.000000
vt 0.000000 0.000000
vt 0.000000 0.000000
vt 0.000000 0.000000
vt 0.650000 0.935287
vt 0.645542 1.000000
vt 0.655371 1.000000
vt 0.497480 1.000000
vt 0.340065 1.000000
vt 0.354267 1.000000
vt 0.402282 1.000000
vt 0.450950 1.000000
vt 0.499895 1.000000
vt 0.548841 1.000000
vt 0.597515 1.000000
vt 0.671084 0.935287
vt 0.671084 0.997392
vt 0.650000 0.997392
vt 0.694904 0.893697
vt 0.750000 0.893697
vt 0.750000 0.893697
vt 0.694904 0.893697
vt 0.694904 0.893697
vt 0.694904 0.893697
vt 0.671084 0.891096
vt 0.000000 0.000000
vt 0.000000 0.000000
vt 0.000000 0.000000
vt 0.000000 0.000000
vt 0.000000 0.000000
vt 0.000000 0.000000
vt 0.500000 0.893697
vt 0.450000 0.893697
vt 0.450000 0.935287
vt 0.500000 0.935287
vt 0.400000 0.893697
vt 0.400000 0.935287
vt 0.680092 0.896303
vt 0.669892 0.935287
vt 0.503909 0.937888
vt 0.673205 0.896295
vt 0.600000 0.935287
vt 0.550000 0.935287
vt 0.550000 0.997392
vt 0.600000 0.997392
vt 0.500000 0.997392
vt 0.450000 0.997392
vt 0.400000 0.997392
vt 0.350000 0.935287
vt 0.350000 0.997392
vt 0.323792 0.932672
vt 0.323792 0.997392
vt 0.324984 0.997392
vt 0.324984 0.937895
vt 0.510264 0.937895
vt 0.497438 0.997392
vt 0.350000 0.893697
vt 0.750000 0.566037
vt 0.695246 0.566036
vt 0.670972 0.890537
vt 0.750000 0.890537
vt 0.550000 0.893697
vt 0.669892 0.997392
vt 0.669892 0.997392
vt 0.350000 0.566550
vt 0.400000 0.566549
vt 0.450000 0.566549
vt 0.500000 0.566549
vt 0.550000 0.566549
vt 0.600000 0.566550
vt 0.600000 0.893697
vt 0.650000 0.566549
vt 0.650000 0.893697
vt 0.964172 0.182431
vt 0.535828 0.182431
vt 0.567205 0.120849
vt 0.932794 0.120849
vt 0.650000 0.935287
vt 0.671084 0.935287
vt 0.650000 0.997392
vt 0.671084 0.997392
vt 0.671923 0.891095
vt 0.323789 0.893697
vt 0.250000 0.893697
vt 0.645542 1.000000
vt 0.597515 1.000000
vt 0.548841 1.000000
vt 0.499895 1.000000
vt 0.450950 1.000000
vt 0.402282 1.000000
vt 0.354267 1.000000
vt 0.340065 1.000000
vt 0.497480 1.000000
vt 0.655371 1.000000
vt 0.300814 0.871007
vt 0.398513 0.771896
vt 0.671846 0.890535
vt 0.323789 0.893697
vt 0.667931 1.000000
vt 0.676933 0.999627
vt 0.666392 1.000000
vt 0.682500 0.997382
vt 0.312376 0.997402
vt 0.318022 0.999639
vt 0.328699 1.000000
vt 0.327171 1.000000
vt 0.682500 0.893697
vt 0.682500 0.893697
vt 0.682500 0.893697
vt 0.671108 0.890549
vt 0.682500 0.893697
vt 0.323511 0.935287
vt 0.317643 0.935287
vt 0.312376 0.935287
vt 0.312376 0.935287
vt 0.312376 0.935287
vt 0.497438 0.935287
vt 0.497377 0.935287
vt 0.402637 0.757041
vt 0.497438 0.935287
vt 0.000000 0.000000
vt 0.000000 0.000000
vt 0.000000 0.000000
vt 0.000000 0.000000
vt 0.000000 0.000000
vt 0.000000 0.000000
vt 0.682500 0.893697
vt 0.682500 0.893697
vt 0.670784 0.896330
vt 0.695771 0.893697
vt 0.689177 0.893697
vt 0.666392 1.000000
vt 0.676933 0.999627
vt 0.667931 1.000000
vt 0.682500 0.997382
vt 0.312376 0.997402
vt 0.318022 0.999639
vt 0.327171 1.000000
vt 0.328699 1.000000
vt 0.682500 0.893697
vt 0.682500 0.893697
vt 0.682500 0.893697
vt 0.682500 0.893697
vt 0.000000 0.000000
vt 0.000000 0.000000
vt 0.000000 0.000000
vt 0.497438 0.935287
vt 0.497377 0.935287
vt 0.497438 0.935287
vt 0.402637 0.757041
vt 0.457388 0.859984
vt 0.000000 0.000000
vt 0.000000 0.000000
vt 0.000000 0.000000
vt 0.682500 0.893697
vt 0.682500 0.893697
vt 0.695771 0.893697
vt 0.670784 0.896330
vt 0.677365 0.894851
vt 0.323511 0.896199
vt 0.318212 0.895009
vt 0.312376 0.893697
vt 0.312376 0.935303
vt 0.312376 0.935299
vt 0.323511 0.935287
vt 0.312376 0.893697
vt 0.312376 0.893697
vt 0.699859 0.503160
vt 0.650000 0.503160
vt 0.650547 0.500000
vt 0.699341 0.500000
vt 0.977804 0.174954
vt 0.944537 0.109663
vt 0.932794 0.120849
vt 0.964171 0.182431
vt 0.600000 0.503160
vt 0.600457 0.500000
vt 0.649471 0.500000
vt 0.943602 0.108370
vt 0.891554 0.056321
vt 0.883274 0.071329
vt 0.550000 0.503160
vt 0.550396 0.500000
vt 0.599550 0.500000
vt 0.890466 0.055529
vt 0.824695 0.022017
vt 0.820238 0.039211
vt 0.500000 0.503160
vt 0.500372 0.500000
vt 0.549597 0.500000
vt 0.823567 0.021652
vt 0.750553 0.010088
vt 0.750000 0.028086
vt 0.450000 0.503160
vt 0.450384 0.500000
vt 0.499609 0.500000
vt 0.749420 0.010092
vt 0.676406 0.021656
vt 0.679762 0.039211
vt 0.400000 0.503160
vt 0.400432 0.500000
vt 0.449586 0.500000
vt 0.675282 0.022029
vt 0.609510 0.055541
vt 0.616726 0.071329
vt 0.350000 0.503160
vt 0.350514 0.500000
vt 0.399527 0.500000
vt 0.608430 0.056338
vt 0.556381 0.108386
vt 0.567205 0.120849
vt 0.300099 0.503160
vt 0.300636 0.500000
vt 0.349442 0.500000
vt 0.555455 0.109678
vt 0.522180 0.174985
vt 0.535828 0.182431
vt 0.649995 1.000000
vt 0.599986 1.000000
vt 0.549978 1.000000
vt 0.499972 1.000000
vt 0.449966 1.000000
vt 0.399963 1.000000
vt 0.349964 1.000000
vt 0.682500 0.935281
vt 0.748982 0.893697
vt 0.497420 1.000000
vt 0.000000 0.000000
vt 0.750000 0.893697
vt 0.000000 0.000000
vt 0.944537 0.109663
vt 0.977804 0.174954
vt 0.699341 0.500000
vt 0.650547 0.500000
vt 0.650000 0.503160
vt 0.699859 0.503160
vt 0.883274 0.071329
vt 0.891554 0.056321
vt 0.943602 0.108370
vt 0.649471 0.500000
vt 0.600457 0.500000
vt 0.600000 0.503160
vt 0.820238 0.039211
vt 0.824695 0.022017
vt 0.890466 0.055529
vt 0.599550 0.500000
vt 0.550396 0.500000
vt 0.550000 0.503160
vt 0.750000 0.028086
vt 0.750553 0.010088
vt 0.823567 0.021652
vt 0.549597 0.500000
vt 0.500372 0.500000
vt 0.500000 0.503160
vt 0.679762 0.039211
vt 0.676406 0.021656
vt 0.749420 0.010092
vt 0.499609 0.500000
vt 0.450384 0.500000
vt 0.450000 0.503160
vt 0.616726 0.071329
vt 0.609510 0.055541
vt 0.675282 0.022029
vt 0.449586 0.500000
vt 0.400432 0.500000
vt 0.400000 0.503160
vt 0.556381 0.108386
vt 0.608430 0.056338
vt 0.399527 0.500000
vt 0.350514 0.500000
vt 0.350000 0.503160
vt 0.522180 0.174985
vt 0.555455 0.109678
vt 0.349442 0.500000
vt 0.300636 0.500000
vt 0.300099 0.503160
vt 0.649995 1.000000
vt 0.599986 1.000000
vt 0.549978 1.000000
vt 0.499972 1.000000
vt 0.449966 1.000000
vt 0.399963 1.000000
vt 0.349964 1.000000
vt 0.682500 0.935281
vt 0.497420 1.000000
vt 0.250928 0.893697
vt 0.250928 0.894316
vt 0.312376 0.893697
vt 0.000000 0.000000
vt 0.000000 0.000000
vt 0.000000 0.000000
vt 0.000000 0.000000
vt 0.000000 0.000000
vt 0.000000 0.000000
vt 0.000000 0.000000
vt 0.000000 0.000000
vt 0.000000 0.000000
vt 0.000000 0.000000
vt 0.000000 0.000000
vt 0.000000 0.000000
vt 0.000000 0.000000
vt 0.000000 0.000000
vn 0.0001 -0.0000 -1.0000
vn -0.0000 -0.0000 -1.0000
vn -0.2331 0.1151 -0.9656
vn -0.2318 0.1177 -0.9656
vn -0.4625 0.2283 -0.8567
vn -0.4599 0.2335 -0.8567
vn 0.0176 -0.0227 0.9996
vn 0.0195 -0.0225 0.9996
vn 0.0135 -0.0105 0.9999
vn 0.0270 -0.0109 0.9996
vn 0.4625 -0.2283 -0.8567
vn 0.4571 -0.2390 -0.8567
vn 0.2280 -0.1259 -0.9655
vn 0.2331 -0.1151 -0.9656
vn -0.0069 -0.0099 -0.9999
vn -0.2385 0.1044 -0.9655
vn -0.4678 0.2176 -0.8566
vn -0.6391 0.3004 -0.7080
vn -0.6356 0.3143 -0.7052
vn -0.8007 0.3759 -0.4664
vn -0.8255 0.3982 -0.4000
vn -0.0093 -0.0097 0.9999
vn 0.0058 -0.0175 0.9998
vn -0.0096 -0.0092 0.9999
vn -0.6594 0.3355 -0.6728
vn -0.4710 -0.8805 0.0530
vn -0.4314 -0.9001 0.0611
vn -0.4325 -0.9016 0.0000
vn -0.4714 -0.8819 0.0001
vn 0.8238 -0.4211 -0.3795
vn 0.8272 -0.4248 -0.3679
vn 0.6483 -0.3294 -0.6865
vn 0.6533 -0.3331 -0.6799
vn 0.2319 -0.1177 -0.9656
vn -0.8244 0.4198 0.3798
vn -0.8915 0.4530 -0.0000
vn -0.8926 0.4509 0.0018
vn -0.8307 0.4202 0.3653
vn -0.8245 0.4196 -0.3798
vn -0.8301 0.4213 -0.3654
vn -0.6633 0.3382 -0.6675
vn -0.4595 0.2343 -0.8567
vn -0.2316 0.1181 -0.9656
vn 0.2316 -0.1181 -0.9656
vn 0.4594 -0.2342 -0.8568
vn 0.4598 -0.2335 -0.8568
vn 0.4648 0.8851 0.0253
vn 0.4619 0.8868 0.0105
vn 0.4407 0.8976 0.0105
vn 0.4376 0.8988 0.0253
vn 0.6343 -0.3126 -0.7070
vn -0.4425 -0.8967 -0.0104
vn -0.4475 -0.8937 0.0310
vn -0.4499 -0.8911 0.0599
vn -0.4548 -0.8901 0.0304
vn -0.4610 -0.8873 -0.0109
vn -0.4617 -0.8868 -0.0195
vn -0.4568 -0.8893 -0.0229
vn -0.4513 -0.8921 -0.0241
vn -0.4458 -0.8949 -0.0229
vn -0.4408 -0.8974 -0.0195
vn 0.8069 -0.3982 -0.4363
vn 0.8004 -0.4081 -0.4392
vn 0.6282 -0.3233 -0.7077
vn -0.4333 -0.8998 0.0506
vn -0.4347 -0.9006 -0.0024
vn -0.4368 -0.8996 0.0000
vn -0.4369 -0.8980 0.0517
vn -0.4332 -0.8999 -0.0507
vn -0.4369 -0.8980 -0.0517
vn 0.8672 -0.4979 0.0000
vn 0.8682 -0.4895 -0.0818
vn 0.8663 -0.4903 -0.0959
vn 0.8662 -0.4997 0.0001
vn 0.8663 -0.4903 0.0959
vn 0.8682 -0.4895 0.0818
vn 0.0001 -0.0000 1.0000
vn -0.2318 0.1177 0.9656
vn -0.2331 0.1151 0.9656
vn 0.0000 0.0000 1.0000
vn -0.4599 0.2335 0.8567
vn -0.4625 0.2283 0.8567
vn 0.0183 -0.0230 -0.9996
vn 0.0273 -0.0110 -0.9996
vn 0.0135 -0.0105 -0.9999
vn 0.0195 -0.0225 -0.9996
vn 0.4625 -0.2283 0.8567
vn 0.2331 -0.1151 0.9656
vn 0.2277 -0.1258 0.9656
vn 0.4589 -0.2399 0.8555
vn -0.0054 -0.0107 0.9999
vn -0.2385 0.1044 0.9655
vn -0.4678 0.2176 0.8566
vn -0.6468 0.3193 0.6926
vn -0.6493 0.3073 0.6957
vn -0.8278 0.3980 0.3954
vn -0.8040 0.3840 0.4540
vn -0.0086 -0.0100 -0.9999
vn -0.0089 -0.0095 -0.9999
vn 0.0058 -0.0175 -0.9998
vn -0.6609 0.3357 0.6712
vn 0.8897 -0.4564 -0.0144
vn 0.8238 -0.4207 0.3801
vn 0.8270 -0.4246 0.3685
vn 0.8884 -0.4588 -0.0165
vn 0.2319 -0.1177 0.9656
vn 0.0217 -0.0256 0.9994
vn 0.0217 -0.0256 -0.9994
vn -0.6633 0.3382 0.6675
vn -0.4595 0.2343 0.8567
vn -0.2316 0.1181 0.9656
vn 0.2316 -0.1181 0.9656
vn 0.4594 -0.2343 0.8568
vn 0.4598 -0.2335 0.8568
vn 0.6436 -0.3275 0.6917
vn 0.6365 -0.3231 0.7003
vn 0.4611 0.8873 0.0067
vn 0.4416 0.8972 0.0068
vn 0.6289 -0.3115 0.7124
vn 0.8023 -0.4005 0.4425
vn 0.6282 -0.3233 0.7077
vn 0.8004 -0.4081 0.4392
vn -0.9057 0.4238 0.0126
vn -0.4425 -0.8967 0.0104
vn -0.4408 -0.8974 0.0195
vn -0.4458 -0.8949 0.0229
vn -0.4513 -0.8921 0.0241
vn -0.4568 -0.8893 0.0229
vn -0.4617 -0.8868 0.0195
vn -0.4610 -0.8873 0.0109
vn -0.4548 -0.8901 -0.0304
vn -0.4499 -0.8911 -0.0599
vn -0.4475 -0.8937 -0.0311
vn -0.4710 -0.8806 -0.0528
vn -0.4314 -0.9001 -0.0612
vn 0.2632 -0.9189 -0.2937
vn 0.1732 -0.9325 0.3169
vn -0.2998 -0.6416 0.7061
vn 0.7790 -0.4007 0.4823
vn -0.7514 0.3508 0.5589
vn -0.8428 -0.4364 0.3151
vn -0.3227 -0.6301 0.7063
vn -0.8873 -0.3449 -0.3063
vn 0.7935 -0.4032 0.4559
vn 0.6203 -0.7602 0.1934
vn -0.2953 -0.6434 0.7063
vn 0.3984 -0.8918 -0.2145
vn -0.3332 -0.6148 0.7149
vn -0.9618 -0.0334 0.2717
vn -0.7508 0.3580 0.5551
vn -0.9484 -0.2712 -0.1642
vn -0.2927 -0.6241 0.7245
vn 0.2138 -0.5848 0.7825
vn 0.3034 -0.9495 0.0799
vn 0.6597 -0.3221 0.6790
vn 0.6656 -0.3300 0.6694
vn 0.2543 -0.8500 0.4613
vn 0.2767 -0.9491 -0.1507
vn -0.3084 -0.6356 0.7078
vn -0.2998 -0.6416 -0.7060
vn 0.1732 -0.9325 -0.3168
vn 0.2632 -0.9189 0.2938
vn 0.7790 -0.4007 -0.4822
vn -0.7932 0.3748 -0.4800
vn -0.8428 -0.4364 -0.3151
vn -0.8873 -0.3449 0.3062
vn -0.3227 -0.6301 -0.7063
vn -0.2947 -0.6438 -0.7062
vn 0.5586 -0.7883 -0.2580
vn 0.7495 -0.3901 -0.5348
vn 0.3373 -0.9238 0.1813
vn 0.6597 -0.3222 -0.6790
vn 0.2138 -0.5848 -0.7825
vn 0.3034 -0.9495 -0.0799
vn -0.2927 -0.6241 -0.7245
vn 0.2767 -0.9491 0.1507
vn 0.2543 -0.8500 -0.4614
vn 0.6656 -0.3300 -0.6694
vn -0.3084 -0.6356 -0.7078
vn -0.3326 -0.6149 -0.7150
vn -0.9779 0.0352 -0.2062
vn -0.9592 -0.2008 0.1990
vn -0.7924 0.3847 -0.4734
vn 0.7655 -0.3739 -0.5236
vn 0.6738 -0.3273 -0.6625
vn 0.7937 0.3892 -0.4674
vn 0.8587 0.3504 -0.3739
vn 0.4619 0.8868 -0.0105
vn 0.4611 0.8873 -0.0067
vn 0.4658 -0.2216 -0.8567
vn 0.6445 0.4647 -0.6072
vn 0.4648 0.8851 -0.0253
vn 0.2379 -0.1055 -0.9655
vn 0.4829 0.5468 -0.6840
vn 0.4687 0.8799 -0.0781
vn 0.0063 0.0126 -0.9999
vn 0.3187 0.6301 -0.7081
vn 0.4338 0.8575 -0.2767
vn -0.2252 0.1306 -0.9655
vn 0.1548 0.7134 -0.6834
vn 0.4312 0.8989 -0.0781
vn -0.4530 0.2469 -0.8566
vn -0.0064 0.7953 -0.6062
vn 0.4376 0.8988 -0.0253
vn -0.6622 0.3537 -0.6606
vn -0.1549 0.8710 -0.4663
vn 0.4407 0.8976 -0.0104
vn -0.7523 0.3996 -0.5238
vn -0.2242 0.9003 -0.3730
vn 0.4416 0.8972 -0.0067
vn 0.1374 -0.8470 -0.5135
vn 0.0086 -0.7937 -0.6082
vn -0.1540 -0.7125 -0.6846
vn -0.3188 -0.6301 -0.7081
vn -0.4831 -0.5480 -0.6828
vn -0.6445 -0.4674 -0.6051
vn -0.7701 -0.3946 -0.5012
vn 0.7893 -0.3887 0.4754
vn 0.3532 -0.9355 -0.0085
vn -0.3091 -0.6315 0.7111
vn 0.2784 -0.9605 0.0000
vn 0.3010 -0.9536 0.0000
vn 0.7937 0.3892 0.4674
vn 0.8587 0.3504 0.3739
vn 0.6727 -0.3261 0.6642
vn 0.7636 -0.3717 0.5279
vn 0.6445 0.4647 0.6072
vn 0.4658 -0.2216 0.8567
vn 0.4687 0.8799 0.0781
vn 0.4829 0.5468 0.6840
vn 0.2379 -0.1055 0.9655
vn 0.4337 0.8575 0.2767
vn 0.3188 0.6301 0.7080
vn 0.0064 0.0126 0.9999
vn 0.4312 0.8989 0.0781
vn 0.1548 0.7134 0.6834
vn -0.2252 0.1307 0.9655
vn -0.0064 0.7953 0.6062
vn -0.4530 0.2469 0.8567
vn -0.1549 0.8710 0.4663
vn -0.6623 0.3537 0.6605
vn -0.2242 0.9003 0.3730
vn -0.7517 0.3993 0.5249
vn 0.1374 -0.8470 0.5135
vn 0.0086 -0.7938 0.6082
vn -0.1540 -0.7125 0.6846
vn -0.3188 -0.6301 0.7080
vn -0.4831 -0.5480 0.6828
vn -0.6445 -0.4674 0.6051
vn -0.7701 -0.3946 0.5013
vn 0.7715 -0.3830 -0.5080
vn -0.3092 -0.6315 -0.7111
vn -0.9646 -0.2636 0.0098
vn 0.4468 0.8946 -0.0000
vn -0.3261 0.1567 -0.9323
vn -0.1648 0.0604 -0.9845
vn -0.0155 -0.0255 -0.9996
vn -0.0152 -0.0200 0.9997
vn -0.0053 -0.0306 0.9995
vn -0.0155 -0.0252 0.9996
vn -0.0053 -0.0365 -0.9993
vn -0.0052 -0.0310 -0.9995
vn 0.1351 0.0224 -0.9906
vn 0.3069 -0.1787 -0.9348
vn -0.0148 -0.0202 -0.9997
vn 0.3066 -0.1788 0.9349
vn 0.2463 -0.2517 0.9359
vn -0.0050 -0.0360 0.9993
vn -0.1647 0.0604 0.9845
vn -0.3261 0.1567 0.9323
s 1
f 2233/2346/1988 2240/2347/1989 2236/2348/1990 2230/2349/1991
f 2230/2349/1991 2236/2348/1990 2239/2350/1992 2231/2351/1993
f 2322/2352/1994 2350/2353/1995 2343/2354/1996 2285/2355/1997
f 2241/2356/1998 2298/2357/1999 2301/2358/2000 2237/2359/2001
f 2237/2359/2001 2301/2358/2000 2304/2360/2002 2240/2347/1989
f 2240/2347/1989 2304/2360/2002 2307/2361/2003 2236/2348/1990
f 2236/2348/1990 2307/2361/2003 2310/2362/2004 2239/2350/1992
f 2239/2350/1992 2310/2362/2004 2313/2363/2005 2226/2364/2006
f 2226/2364/2006 2313/2363/2005 2316/2365/2007 2334/2366/2008
f 2315/2367/2009 2339/2368/2010 2343/2369/1996 2332/2370/2011
f 2231/2351/1993 2239/2350/1992 2226/2364/2006 2227/2371/2012
f 2333/2372/2013 2342/2373/2014 2363/2374/2015 2360/2375/2016
f 2462/2376/2017 2323/2377/2018 2229/2378/2019 2464/2379/2020
f 2232/2380/2021 2237/2359/2001 2240/2347/1989 2233/2346/1988
f 2473/2381/2022 2472/2382/2023 2234/2383/2024 2244/2384/2025
f 2471/2385/2026 2228/2386/2027 2234/2383/2024 2472/2382/2023
f 2470/2387/2028 2227/2371/2012 2228/2386/2027 2471/2385/2026
f 2469/2388/2029 2231/2351/1993 2227/2371/2012 2470/2387/2028
f 2468/2389/2030 2230/2349/1991 2231/2351/1993 2469/2388/2029
f 2467/2390/1989 2233/2346/1988 2230/2349/1991 2468/2389/2030
f 2466/2391/2031 2232/2380/2021 2233/2346/1988 2467/2390/1989
f 2465/2392/2032 2235/2393/2033 2232/2380/2021 2466/2391/2031
f 2464/2379/2020 2229/2378/2019 2235/2393/2033 2465/2392/2032
f 2371/2394/2034 2368/2395/2035 2386/2396/2036 2383/2397/2037
f 2235/2393/2033 2241/2356/1998 2237/2359/2001 2232/2380/2021
f 2229/2378/2019 2238/2398/2038 2241/2356/1998 2235/2393/2033
f 2294/2399/2039 2287/2400/2040 2340/2401/2041 2317/2402/2042 2312/2403/2043 2309/2404/2044 2306/2405/2045 2303/2406/2046 2300/2407/2047 2297/2408/2048
f 2284/2409/2049 2288/2410/2050 2295/2411/2051 2238/2398/2038
f 2324/2412/2052 2330/2413/2053 2356/2414/2054 2351/2415/2055
f 2431/2416/2056 2448/2417/2057 2356/2414/2054 2330/2413/2053
f 2323/2418/2018 2284/2409/2049 2238/2398/2038 2229/2378/2019
f 2227/2371/2012 2226/2364/2006 2334/2366/2008 2228/2386/2027
f 2362/2419/2058 2344/2420/2059 2349/2421/2060 2357/2422/2061
f 2362/2419/2058 2357/2422/2061 2447/2423/2062 2440/2424/2063
f 2238/2398/2038 2295/2411/2051 2298/2357/1999 2241/2356/1998
f 2249/2425/2064 2246/2426/2065 2251/2427/2066 2255/2428/2067
f 2246/2426/2065 2247/2429/2068 2254/2430/2069 2251/2427/2066
f 2430/2431/2070 2392/2432/2071 2441/2433/2072 2449/2434/2073
f 2256/2435/2074 2252/2436/2075 2408/2437/2076 2405/2438/2077
f 2252/2436/2075 2255/2428/2067 2411/2439/2078 2408/2437/2076
f 2255/2428/2067 2251/2427/2066 2414/2440/2079 2411/2439/2078
f 2251/2427/2066 2254/2430/2069 2417/2441/2080 2414/2440/2079
f 2254/2430/2069 2242/2442/2081 2420/2443/2082 2417/2441/2080
f 2242/2442/2081 2456/2444/2083 2423/2445/2084 2420/2443/2082
f 2424/2446/2085 2455/2447/2086 2441/2448/2072 2438/2449/2087
f 2247/2429/2068 2243/2450/2088 2242/2442/2081 2254/2430/2069
f 2461/2451/2089 2463/2452/2090 2432/2453/2091 2329/2454/2092
f 2248/2455/2093 2249/2425/2064 2255/2428/2067 2252/2436/2075
f 2339/2368/2010 2289/2456/2094 2285/2355/1997 2343/2369/1996
f 2438/2449/2087 2441/2448/2072 2392/2432/2071 2396/2457/2095
f 2480/2458/2096 2473/2381/2022 2244/2384/2025 2243/2450/2088
f 2479/2459/2097 2480/2458/2096 2243/2450/2088 2247/2429/2068
f 2478/2460/2098 2479/2459/2097 2247/2429/2068 2246/2426/2065
f 2477/2461/2067 2478/2460/2098 2246/2426/2065 2249/2425/2064
f 2476/2462/2099 2477/2461/2067 2249/2425/2064 2248/2455/2093
f 2475/2463/2100 2476/2462/2099 2248/2455/2093 2250/2464/2101
f 2474/2465/2102 2475/2463/2100 2250/2464/2101 2245/2466/2103
f 2365/2467/2104 2389/2468/2105 2386/2469/2036 2368/2470/2035
f 2250/2464/2101 2248/2455/2093 2252/2436/2075 2256/2435/2074
f 2245/2466/2103 2250/2464/2101 2256/2435/2074 2253/2471/2106
f 2393/2472/2107 2253/2471/2106 2403/2473/2108 2397/2474/2109
f 2432/2475/2091 2245/2466/2103 2253/2471/2106 2393/2472/2107
f 2243/2450/2088 2244/2384/2025 2456/2444/2083 2242/2442/2081
f 2234/2383/2024 2228/2386/2027 2334/2476/2008 2359/2477/2110
f 2402/2478/2111 2406/2479/2112 2409/2480/2113 2412/2481/2114 2415/2482/2115 2418/2483/2116 2421/2484/2117 2425/2485/2118 2437/2486/2119 2395/2487/2120
f 2454/2488/2121 2360/2375/2016 2363/2374/2015 2442/2489/2122
f 2463/2452/2090 2474/2465/2102 2245/2466/2103 2432/2490/2091
f 2234/2383/2024 2359/2477/2110 2456/2491/2083 2244/2384/2025
f 2253/2471/2106 2256/2435/2074 2405/2438/2077 2403/2473/2108
f 2287/2400/2040 2290/2492/2123 2291/2493/2124 2293/2494/2125
f 2288/2410/2050 2292/2495/2126 2291/2493/2124 2290/2492/2123
f 2289/2456/2094 2293/2494/2125 2291/2493/2124 2292/2495/2126
f 2315/2367/2009 2318/2496/2127 2319/2497/2128 2321/2498/2129
f 2316/2365/2007 2320/2499/2130 2319/2497/2128 2318/2496/2127
f 2317/2402/2042 2321/2498/2129 2319/2497/2128 2320/2499/2130
f 2322/2352/1994 2325/2500/2131 2326/2501/2132 2328/2502/2133
f 2323/2503/2018 2327/2504/2134 2326/2501/2132 2325/2500/2131
f 2324/2412/2052 2328/2502/2133 2326/2501/2132 2327/2504/2134
f 2332/2370/2011 2335/2505/2135 2336/2506/2136 2338/2507/2137
f 2333/2372/2013 2337/2508/2138 2336/2509/2136 2335/2505/2135
f 2334/2366/2008 2338/2507/2137 2336/2509/2136 2337/2508/2138
f 2342/2373/2014 2345/2510/2139 2346/2511/2140 2348/2512/2141
f 2343/2354/1996 2347/2513/2142 2346/2511/2140 2345/2510/2139
f 2344/2420/2059 2348/2514/2141 2346/2515/2140 2347/2516/2142
f 2349/2421/2060 2352/2517/2143 2353/2518/2144 2355/2519/2145
f 2350/2353/1995 2354/2520/2146 2353/2521/2144 2352/2522/2143
f 2351/2415/2055 2355/2523/2145 2353/2524/2144 2354/2520/2146
f 2395/2487/2120 2398/2525/2147 2399/2526/2148 2401/2527/2149
f 2396/2457/2095 2400/2528/2150 2399/2526/2148 2398/2525/2147
f 2397/2474/2109 2401/2527/2149 2399/2526/2148 2400/2528/2150
f 2423/2445/2084 2426/2529/2151 2427/2530/2152 2429/2531/2153
f 2424/2446/2085 2428/2532/2154 2427/2530/2152 2426/2529/2151
f 2425/2485/2118 2429/2531/2153 2427/2530/2152 2428/2532/2154
f 2430/2431/2070 2433/2533/2155 2434/2534/2156 2436/2535/2157
f 2431/2416/2056 2435/2536/2158 2434/2534/2156 2433/2533/2155
f 2432/2475/2091 2436/2535/2157 2434/2534/2156 2435/2536/2158
f 2440/2424/2063 2443/2537/2159 2444/2538/2160 2446/2539/2161
f 2441/2448/2072 2445/2540/2162 2444/2541/2160 2443/2542/2159
f 2442/2489/2122 2446/2543/2161 2444/2544/2160 2445/2540/2162
f 2447/2423/2062 2450/2545/2163 2451/2546/2164 2453/2547/2165
f 2448/2417/2057 2452/2548/2166 2451/2549/2164 2450/2550/2163
f 2449/2434/2073 2453/2551/2165 2451/2552/2164 2452/2548/2166
f 2454/2488/2121 2457/2553/2167 2458/2554/2168 2460/2555/2169
f 2455/2447/2086 2459/2556/2170 2458/2557/2168 2457/2558/2167
f 2456/2491/2083 2460/2555/2169 2458/2559/2168 2459/2560/2170
f 2257/2561/2171 2260/2562/2172 2262/2563/2173 2259/2564/2174
f 2259/2565/2174 2262/2566/2173 2261/2567/2175 2258/2568/2176
f 2260/2562/2172 2263/2569/2177 2265/2570/2178 2262/2571/2173
f 2262/2572/2173 2265/2573/2178 2264/2574/2179 2261/2567/2175
f 2263/2569/2177 2266/2575/2180 2268/2576/2181 2265/2577/2178
f 2265/2578/2178 2268/2579/2181 2267/2580/2182 2264/2574/2179
f 2266/2575/2180 2269/2581/2183 2271/2582/2184 2268/2583/2181
f 2268/2584/2181 2271/2585/2184 2270/2586/2185 2267/2580/2182
f 2269/2581/2183 2272/2587/2186 2274/2588/2187 2271/2589/2184
f 2271/2590/2184 2274/2591/2187 2273/2592/2188 2270/2586/2185
f 2272/2587/2186 2275/2593/2189 2277/2594/2190 2274/2595/2187
f 2274/2596/2187 2277/2597/2190 2276/2598/2191 2273/2592/2188
f 2275/2593/2189 2278/2599/2192 2280/2600/2193 2277/2601/2190
f 2277/2602/2190 2280/2603/2193 2279/2604/2194 2276/2598/2191
f 2278/2599/2192 2281/2605/2195 2283/2606/2196 2280/2607/2193
f 2280/2608/2193 2283/2609/2196 2282/2610/2197 2279/2604/2194
f 2315/2367/2009 2332/2370/2011 2338/2507/2137 2318/2496/2127
f 2318/2496/2127 2338/2507/2137 2334/2366/2008 2316/2365/2007
f 2295/2411/2051 2288/2410/2050 2290/2492/2123 2296/2611/2198
f 2296/2611/2198 2290/2492/2123 2287/2400/2040 2294/2399/2039
f 2298/2357/1999 2295/2411/2051 2296/2611/2198 2299/2612/2199
f 2299/2612/2199 2296/2611/2198 2294/2399/2039 2297/2408/2048
f 2301/2358/2000 2298/2357/1999 2299/2612/2199 2302/2613/2200
f 2302/2613/2200 2299/2612/2199 2297/2408/2048 2300/2407/2047
f 2304/2360/2002 2301/2358/2000 2302/2613/2200 2305/2614/2201
f 2305/2614/2201 2302/2613/2200 2300/2407/2047 2303/2406/2046
f 2307/2361/2003 2304/2360/2002 2305/2614/2201 2308/2615/2202
f 2308/2615/2202 2305/2614/2201 2303/2406/2046 2306/2405/2045
f 2310/2362/2004 2307/2361/2003 2308/2615/2202 2311/2616/2203
f 2311/2616/2203 2308/2615/2202 2306/2405/2045 2309/2404/2044
f 2313/2363/2005 2310/2362/2004 2311/2616/2203 2314/2617/2204
f 2314/2617/2204 2311/2616/2203 2309/2404/2044 2312/2403/2043
f 2316/2365/2007 2313/2363/2005 2314/2617/2204 2320/2499/2130
f 2320/2499/2130 2314/2617/2204 2312/2403/2043 2317/2402/2042
f 2285/2355/1997 2289/2456/2094 2292/2495/2126 2286/2618/2205
f 2286/2618/2205 2292/2495/2126 2288/2410/2050 2284/2409/2049
f 2322/2352/1994 2285/2355/1997 2286/2618/2205 2325/2500/2131
f 2325/2500/2131 2286/2618/2205 2284/2409/2049 2323/2418/2018
f 2330/2413/2053 2324/2412/2052 2327/2504/2134 2331/2619/2206
f 2331/2619/2206 2327/2504/2134 2323/2503/2018 2329/2454/2092
f 2340/2401/2041 2287/2400/2040 2293/2494/2125 2341/2620/2207
f 2341/2620/2207 2293/2494/2125 2289/2456/2094 2339/2368/2010
f 2317/2402/2042 2340/2401/2041 2341/2620/2207 2321/2498/2129
f 2321/2498/2129 2341/2620/2207 2339/2368/2010 2315/2367/2009
f 2332/2370/2011 2343/2369/1996 2345/2510/2139 2335/2505/2135
f 2335/2505/2135 2345/2510/2139 2342/2373/2014 2333/2372/2013
f 2357/2422/2061 2349/2421/2060 2355/2519/2145 2358/2621/2208
f 2358/2622/2208 2355/2523/2145 2351/2415/2055 2356/2414/2054
f 2350/2353/1995 2322/2352/1994 2328/2502/2133 2354/2520/2146
f 2354/2520/2146 2328/2502/2133 2324/2412/2052 2351/2415/2055
f 2343/2354/1996 2350/2353/1995 2352/2522/2143 2347/2513/2142
f 2347/2516/2142 2352/2517/2143 2349/2421/2060 2344/2420/2059
f 2344/2420/2059 2362/2419/2058 2364/2623/2209 2348/2514/2141
f 2348/2512/2141 2364/2623/2209 2363/2374/2015 2342/2373/2014
f 2365/2467/2104 2368/2470/2035 2370/2624/2210 2367/2625/2211
f 2367/2626/2211 2370/2627/2210 2369/2628/2212 2366/2629/2213
f 2368/2470/2035 2371/2630/2034 2373/2631/2214 2370/2632/2210
f 2370/2633/2210 2373/2634/2214 2372/2635/2215 2369/2628/2212
f 2371/2630/2034 2374/2636/2216 2376/2637/2217 2373/2638/2214
f 2373/2639/2214 2376/2640/2217 2375/2641/2218 2372/2635/2215
f 2374/2636/2216 2377/2642/2219 2379/2643/2220 2376/2644/2217
f 2376/2645/2217 2379/2646/2220 2378/2647/2221 2375/2641/2218
f 2377/2642/2219 2380/2648/2222 2382/2649/2223 2379/2650/2220
f 2379/2651/2220 2382/2652/2223 2381/2653/2224 2378/2647/2221
f 2380/2648/2222 2383/2654/2037 2385/2655/2225 2382/2656/2223
f 2382/2657/2223 2385/2658/2225 2384/2659/2226 2381/2653/2224
f 2383/2654/2037 2386/2469/2036 2388/2660/2227 2385/2661/2225
f 2385/2662/2225 2388/2663/2227 2387/2664/2228 2384/2659/2226
f 2386/2469/2036 2389/2468/2105 2391/2665/2229 2388/2666/2227
f 2388/2667/2227 2391/2668/2229 2390/2669/2230 2387/2664/2228
f 2402/2478/2111 2395/2487/2120 2401/2527/2149 2404/2670/2231
f 2404/2670/2231 2401/2527/2149 2397/2474/2109 2403/2473/2108
f 2406/2479/2112 2402/2478/2111 2404/2670/2231 2407/2671/2232
f 2407/2671/2232 2404/2670/2231 2403/2473/2108 2405/2438/2077
f 2409/2480/2113 2406/2479/2112 2407/2671/2232 2410/2672/2233
f 2410/2672/2233 2407/2671/2232 2405/2438/2077 2408/2437/2076
f 2412/2481/2114 2409/2480/2113 2410/2672/2233 2413/2673/2234
f 2413/2673/2234 2410/2672/2233 2408/2437/2076 2411/2439/2078
f 2415/2482/2115 2412/2481/2114 2413/2673/2234 2416/2674/2235
f 2416/2674/2235 2413/2673/2234 2411/2439/2078 2414/2440/2079
f 2418/2483/2116 2415/2482/2115 2416/2674/2235 2419/2675/2236
f 2419/2675/2236 2416/2674/2235 2414/2440/2079 2417/2441/2080
f 2421/2484/2117 2418/2483/2116 2419/2675/2236 2422/2676/2237
f 2422/2676/2237 2419/2675/2236 2417/2441/2080 2420/2443/2082
f 2425/2485/2118 2421/2484/2117 2422/2676/2237 2429/2531/2153
f 2429/2531/2153 2422/2676/2237 2420/2443/2082 2423/2445/2084
f 2393/2472/2107 2397/2474/2109 2400/2528/2150 2394/2677/2238
f 2394/2677/2238 2400/2528/2150 2396/2457/2095 2392/2432/2071
f 2432/2475/2091 2393/2472/2107 2394/2677/2238 2436/2535/2157
f 2436/2535/2157 2394/2677/2238 2392/2432/2071 2430/2431/2070
f 2329/2454/2092 2432/2453/2091 2435/2536/2158 2331/2619/2206
f 2331/2619/2206 2435/2536/2158 2431/2416/2056 2330/2413/2053
f 2438/2449/2087 2396/2457/2095 2398/2525/2147 2439/2678/2239
f 2439/2678/2239 2398/2525/2147 2395/2487/2120 2437/2486/2119
f 2424/2446/2085 2438/2449/2087 2439/2678/2239 2428/2532/2154
f 2428/2532/2154 2439/2678/2239 2437/2486/2119 2425/2485/2118
f 2356/2414/2054 2448/2417/2057 2450/2550/2163 2358/2622/2208
f 2358/2621/2208 2450/2545/2163 2447/2423/2062 2357/2422/2061
f 2448/2417/2057 2431/2416/2056 2433/2533/2155 2452/2548/2166
f 2452/2548/2166 2433/2533/2155 2430/2431/2070 2449/2434/2073
f 2440/2424/2063 2447/2423/2062 2453/2547/2165 2443/2537/2159
f 2443/2542/2159 2453/2551/2165 2449/2434/2073 2441/2433/2072
f 2456/2491/2083 2359/2477/2110 2361/2679/2240 2460/2555/2169
f 2460/2555/2169 2361/2679/2240 2360/2375/2016 2454/2488/2121
f 2442/2489/2122 2363/2374/2015 2364/2623/2209 2446/2543/2161
f 2446/2539/2161 2364/2623/2209 2362/2419/2058 2440/2424/2063
f 2333/2372/2013 2360/2375/2016 2361/2680/2240 2337/2508/2138
f 2337/2681/2138 2361/2679/2240 2359/2477/2110 2334/2476/2008
f 2423/2445/2084 2456/2444/2083 2459/2556/2170 2426/2529/2151
f 2426/2529/2151 2459/2556/2170 2455/2447/2086 2424/2446/2085
f 2454/2488/2121 2442/2489/2122 2445/2540/2162 2457/2553/2167
f 2457/2558/2167 2445/2540/2162 2441/2448/2072 2455/2447/2086
f 2461/2451/2089 2329/2454/2092 2323/2503/2018 2462/2376/2017
f 2366/2629/2213 2369/2628/2212 2474/2465/2102 2463/2452/2090
f 2369/2628/2212 2372/2635/2215 2475/2463/2100 2474/2465/2102
f 2372/2635/2215 2375/2641/2218 2476/2462/2099 2475/2463/2100
f 2375/2641/2218 2378/2647/2221 2477/2461/2067 2476/2462/2099
f 2378/2647/2221 2381/2653/2224 2478/2460/2098 2477/2461/2067
f 2381/2653/2224 2384/2659/2226 2479/2459/2097 2478/2460/2098
f 2384/2659/2226 2387/2664/2228 2480/2458/2096 2479/2459/2097
f 2387/2664/2228 2390/2669/2230 2473/2381/2022 2480/2458/2096
f 2260/2562/2172 2464/2379/2020 2465/2392/2032 2263/2569/2177
f 2263/2569/2177 2465/2392/2032 2466/2391/2031 2266/2575/2180
f 2266/2575/2180 2466/2391/2031 2467/2390/1989 2269/2581/2183
f 2269/2581/2183 2467/2390/1989 2468/2389/2030 2272/2587/2186
f 2272/2587/2186 2468/2389/2030 2469/2388/2029 2275/2593/2189
f 2275/2593/2189 2469/2388/2029 2470/2387/2028 2278/2599/2192
f 2278/2599/2192 2470/2387/2028 2471/2385/2026 2281/2605/2195
f 2257/2561/2171 2462/2376/2017 2464/2379/2020 2260/2562/2172
f 2374/2682/2216 2371/2394/2034 2383/2397/2037 2380/2683/2222
f 2374/2682/2216 2380/2683/2222 2377/2684/2219
f 2261/2567/2175 2279/2604/2194 2282/2610/2197 2258/2568/2176
f 2276/2685/2191 2279/2686/2194 2261/2687/2175 2264/2688/2179
f 2273/2689/2188 2276/2685/2191 2264/2688/2179 2267/2690/2182
f 2273/2689/2188 2267/2690/2182 2270/2691/2185
f 2463/2452/2241 2461/2451/2241 2472/2382/2241 2473/2381/2241
f 2471/2692/2241 2472/2693/2241 2461/2694/2241 2462/2695/2241
f 2390/2669/2242 2391/2665/2243 2389/2468/2244
f 2471/2385/2245 2462/2695/2246 2282/2610/2247
f 2389/2468/2244 2365/2467/2248 2463/2452/2249
f 2365/2467/2248 2367/2626/2250 2366/2629/2251
f 2463/2452/2249 2365/2467/2248 2366/2629/2251
f 2463/2452/2249 2473/2381/2252 2389/2468/2244
f 2473/2381/2252 2390/2669/2242 2389/2468/2244
f 2257/2561/2253 2259/2565/2254 2258/2568/2255
f 2258/2568/2255 2282/2610/2247 2462/2695/2246
f 2282/2610/2247 2283/2609/2256 2281/2605/2257
f 2258/2568/2255 2462/2695/2246 2257/2561/2253
f 2281/2605/2257 2471/2385/2245 2282/2610/2247
o handle_support
v -0.355237 24.954906 -2.794826
v -0.427912 24.979084 -2.741473
v -0.480021 24.966068 -2.665132
v -0.497602 24.919348 -2.586260
v -0.475943 24.851444 -2.525990
v -0.420850 24.780550 -2.500470
v -0.347083 24.725660 -2.516540
v -0.274408 24.701485 -2.569894
v -0.222300 24.714500 -2.646234
v -0.204719 24.761219 -2.725106
v -0.226377 24.829124 -2.785377
v -0.281470 24.900019 -2.810896
v 0.292854 25.661379 -2.228453
v 0.213190 25.677834 -2.182675
v 0.151503 25.654238 -2.116717
v 0.124322 25.596912 -2.048251
v 0.138929 25.521217 -1.995623
v 0.191411 25.447437 -1.972935
v 0.267705 25.395340 -1.986266
v 0.347368 25.378885 -2.032044
v 0.409055 25.402483 -2.098002
v 0.436237 25.459808 -2.166467
v 0.421630 25.535501 -2.219095
v 0.369148 25.609282 -2.241783
v 0.741471 26.186647 -1.316299
v 0.651788 26.191402 -1.290864
v 0.576324 26.151720 -1.252876
v 0.535300 26.078232 -1.212515
v 0.539707 25.990627 -1.180596
v 0.588365 25.912384 -1.165670
v 0.668237 25.864464 -1.171738
v 0.757920 25.859707 -1.197173
v 0.833384 25.899391 -1.235161
v 0.874408 25.972879 -1.275522
v 0.870001 26.060482 -1.307442
v 0.821343 26.138727 -1.322367
v 0.906091 26.427694 -0.209642
v 0.812756 26.427139 -0.208653
v 0.732238 26.380106 -0.204505
v 0.686110 26.299196 -0.198309
v 0.686733 26.206089 -0.191727
v 0.733939 26.125734 -0.186522
v 0.815081 26.079660 -0.184087
v 0.908415 26.080215 -0.185077
v 0.988934 26.127249 -0.189225
v 1.035062 26.208158 -0.195420
v 1.034439 26.301266 -0.202002
v 0.987233 26.381620 -0.207208
v 0.764310 26.345015 0.923342
v 0.674062 26.346283 0.899545
v 0.597845 26.301790 0.869148
v 0.556081 26.223457 0.840297
v 0.559961 26.132275 0.820722
v 0.608445 26.052673 0.815668
v 0.688542 26.005983 0.826489
v 0.778790 26.004715 0.850286
v 0.855007 26.049208 0.880683
v 0.896771 26.127541 0.909534
v 0.892891 26.218723 0.929109
v 0.844407 26.298325 0.934163
v 0.340376 25.948380 1.910375
v 0.259296 25.958256 1.865195
v 0.195945 25.925838 1.804793
v 0.167296 25.859818 1.745354
v 0.181028 25.777882 1.702803
v 0.233459 25.701984 1.688544
v 0.310542 25.652466 1.706395
v 0.391622 25.642591 1.751574
v 0.454973 25.675007 1.811976
v 0.483622 25.741028 1.871415
v 0.469891 25.822966 1.913966
v 0.417459 25.898861 1.928226
v -0.298479 25.295382 2.601319
v -0.365873 25.319275 2.541321
v -0.409885 25.306667 2.459978
v -0.418723 25.260937 2.379088
v -0.390018 25.194338 2.320324
v -0.331462 25.124714 2.299433
v -0.258745 25.070723 2.322011
v -0.191352 25.046831 2.382010
v -0.147339 25.059439 2.463352
v -0.138502 25.105169 2.544243
v -0.167206 25.171768 2.603006
v -0.225762 25.241390 2.623898
v -1.052259 24.482681 2.891051
v -1.103665 24.523840 2.824901
v -1.124927 24.535803 2.734804
v -1.110347 24.515366 2.644902
v -1.063832 24.468000 2.579285
v -0.997846 24.406403 2.555534
v -0.930069 24.347076 2.580014
v -0.878662 24.305918 2.646164
v -0.857400 24.293955 2.736261
v -0.871980 24.314394 2.826163
v -0.918495 24.361757 2.891780
v -0.984482 24.423355 2.915531
v -1.803410 23.631311 2.735495
v -1.839049 23.690371 2.672612
v -1.837713 23.727989 2.587197
v -1.799760 23.734089 2.502139
v -1.735358 23.707031 2.440227
v -1.661766 23.654068 2.418052
v -1.598701 23.589394 2.441556
v -1.563061 23.530333 2.504439
v -1.564397 23.492714 2.589854
v -1.602350 23.486616 2.674912
v -1.666752 23.513672 2.736824
v -1.740345 23.566635 2.758999
v -2.434725 22.868248 2.158368
v -2.457254 22.943186 2.107481
v -2.436991 23.003725 2.039386
v -2.379367 23.033646 1.972328
v -2.299820 23.024929 1.924275
v -2.219667 22.979914 1.908104
v -2.160383 22.910658 1.928147
v -2.137854 22.835720 1.979034
v -2.158117 22.775181 2.047129
v -2.215741 22.745260 2.114187
v -2.295288 22.753975 2.162240
v -2.375441 22.798992 2.178411
v -2.847185 22.307087 1.247598
v -2.861245 22.393579 1.215443
v -2.828666 22.470922 1.174587
v -2.758179 22.518393 1.135978
v -2.668669 22.523272 1.109962
v -2.584122 22.484249 1.103508
v -2.527191 22.411783 1.118347
v -2.513131 22.325291 1.150502
v -2.545710 22.247948 1.191358
v -2.616198 22.200476 1.229967
v -2.705707 22.195599 1.255984
v -2.790255 22.234621 1.262437
v -2.975055 22.030724 0.141970
v -2.986527 22.122852 0.132307
v -2.950158 22.208454 0.124404
v -2.875692 22.264589 0.120379
v -2.783082 22.276218 0.121310
v -2.697144 22.240227 0.126947
v -2.640904 22.166256 0.135781
v -2.629432 22.074127 0.145444
v -2.665801 21.988527 0.153347
v -2.740267 21.932392 0.157373
v -2.832877 21.920761 0.156442
v -2.918815 21.956755 0.150804
v -2.795907 22.078726 -0.989996
v -2.810997 22.169901 -0.976885
v -2.779969 22.254095 -0.951171
v -2.711136 22.308748 -0.919743
v -2.622941 22.319216 -0.891023
v -2.539018 22.282692 -0.872706
v -2.481852 22.208965 -0.869701
v -2.466761 22.117790 -0.882812
v -2.497790 22.033596 -0.908526
v -2.566623 21.978943 -0.939954
v -2.654817 21.968477 -0.968674
v -2.738740 22.004999 -0.986991
v -2.334057 22.441277 -1.975690
v -2.358350 22.525253 -1.942971
v -2.341008 22.598738 -1.888090
v -2.286680 22.642042 -1.825753
v -2.209923 22.643560 -1.772663
v -2.131302 22.602888 -1.743045
v -2.071886 22.530922 -1.744836
v -2.047594 22.446947 -1.777555
v -2.064935 22.373461 -1.832435
v -2.119263 22.330158 -1.894772
v -2.196020 22.328638 -1.947862
v -2.274641 22.369310 -1.977480
v -1.656887 23.060654 -2.664697
v -1.694510 23.132462 -2.618429
v -1.697153 23.187706 -2.543238
v -1.664106 23.211586 -2.459272
v -1.604226 23.197699 -2.389028
v -1.533556 23.149771 -2.351330
v -1.471033 23.080639 -2.356277
v -1.433410 23.008831 -2.402545
v -1.430768 22.953587 -2.477736
v -1.463814 22.929708 -2.561702
v -1.523694 22.943594 -2.631946
v -1.594364 22.991524 -2.669644
v -0.864595 23.839998 -2.951720
v -0.917631 23.896669 -2.899875
v -0.943562 23.929047 -2.816257
v -0.935437 23.928452 -2.723271
v -0.895436 23.895046 -2.645834
v -0.834275 23.837778 -2.604695
v -0.768343 23.771996 -2.610876
v -0.715306 23.715324 -2.662721
v -0.689376 23.682947 -2.746340
v -0.697500 23.683542 -2.839325
v -0.737502 23.716948 -2.916762
v -0.798662 23.774216 -2.957902
v -0.074953 24.658047 -2.792634
v -0.143170 24.699018 -2.743845
v -0.192219 24.707485 -2.664882
v -0.208958 24.681175 -2.576904
v -0.188902 24.627140 -2.503483
v -0.137424 24.559858 -2.464293
v -0.068319 24.497358 -2.469836
v -0.000102 24.456387 -2.518625
v 0.048947 24.447920 -2.597587
v 0.065686 24.474230 -2.685566
v 0.045630 24.528263 -2.758987
v -0.005848 24.595547 -2.798176
v 0.594617 25.387589 -2.211231
v 0.513682 25.414730 -2.173475
v 0.445105 25.401960 -2.111453
v 0.407261 25.352701 -2.041783
v 0.410291 25.280149 -1.983133
v 0.453382 25.203747 -1.951219
v 0.524988 25.143967 -1.954592
v 0.605923 25.116825 -1.992347
v 0.674500 25.129595 -2.054369
v 0.712344 25.178856 -2.124039
v 0.709315 25.251406 -2.182688
v 0.666224 25.327808 -2.214603
v 1.044936 25.914843 -1.295622
v 0.955548 25.932116 -1.275028
v 0.873885 25.904066 -1.239574
v 0.821828 25.838211 -1.198760
v 0.813326 25.752195 -1.163522
v 0.850657 25.669067 -1.143302
v 0.923818 25.611103 -1.143518
v 1.013206 25.593830 -1.164112
v 1.094869 25.621880 -1.199566
v 1.146926 25.687735 -1.240380
v 1.155428 25.773750 -1.275618
v 1.118097 25.856878 -1.295838
v 1.210169 26.156784 -0.184854
v 1.117710 26.169590 -0.184819
v 1.031253 26.134569 -0.181461
v 0.973964 26.061104 -0.175679
v 0.961193 25.968880 -0.169023
v 0.996362 25.882608 -0.163276
v 1.070048 25.825407 -0.159979
v 1.162507 25.812599 -0.160014
v 1.248964 25.847622 -0.163372
v 1.306253 25.921085 -0.169154
v 1.319025 26.013309 -0.175810
v 1.283855 26.099581 -0.181557
v 1.067874 26.073799 0.952254
v 0.978003 26.088135 0.931511
v 0.895620 26.055519 0.902154
v 0.842799 25.984694 0.872049
v 0.833694 25.894634 0.849263
v 0.870745 25.809475 0.839901
v 0.944023 25.752031 0.846472
v 1.033894 25.737698 0.867216
v 1.116278 25.770313 0.896573
v 1.169098 25.841139 0.926678
v 1.178203 25.931196 0.949464
v 1.141153 26.016357 0.958825
v 0.642431 25.675749 1.942809
v 0.560220 25.697273 1.904200
v 0.490003 25.676079 1.846468
v 0.450594 25.617842 1.785083
v 0.452554 25.538170 1.736492
v 0.495356 25.458408 1.713716
v 0.567533 25.399931 1.722857
v 0.649744 25.378407 1.761466
v 0.719961 25.399601 1.819198
v 0.759369 25.457838 1.880583
v 0.757410 25.537510 1.929174
v 0.714607 25.617271 1.951950
v 0.021098 25.041012 2.618695
v -0.055754 25.067926 2.573069
v -0.117424 25.055332 2.504142
v -0.147385 25.006601 2.430385
v -0.137612 24.934792 2.371559
v -0.090721 24.859144 2.343429
v -0.019278 24.799929 2.353530
v 0.057575 24.773012 2.399157
v 0.119244 24.785606 2.468084
v 0.149206 24.834337 2.541841
v 0.139432 24.906149 2.600667
v 0.092542 24.981796 2.628797
v -0.761379 24.324041 2.924875
v -0.812786 24.365200 2.858724
v -0.834047 24.377163 2.768627
v -0.819467 24.356724 2.678726
v -0.772952 24.309361 2.613109
v -0.706966 24.247763 2.589357
v -0.639189 24.188437 2.613837
v -0.587783 24.147278 2.679988
v -0.566521 24.135315 2.770084
v -0.581101 24.155752 2.859986
v -0.627616 24.203117 2.925603
v -0.693602 24.264715 2.949354
v -1.512530 23.472672 2.769319
v -1.548170 23.531731 2.706435
v -1.546834 23.569349 2.621021
v -1.508880 23.575447 2.535962
v -1.444479 23.548391 2.474051
v -1.370886 23.495428 2.451876
v -1.307821 23.430752 2.475379
v -1.272181 23.371693 2.538263
v -1.273517 23.334074 2.623677
v -1.311471 23.327976 2.708736
v -1.375872 23.355032 2.770647
v -1.449465 23.407995 2.792822
v -2.143845 22.709608 2.192191
v -2.166374 22.784546 2.141304
v -2.146111 22.845085 2.073209
v -2.088487 22.875006 2.006151
v -2.008941 22.866289 1.958099
v -1.928787 22.821274 1.941927
v -1.869503 22.752018 1.961970
v -1.846974 22.677080 2.012857
v -1.867237 22.616541 2.080952
v -1.924862 22.586620 2.148011
v -2.004408 22.595335 2.196063
v -2.084561 22.640352 2.212234
v -2.556305 22.148447 1.281422
v -2.570365 22.234940 1.249267
v -2.537786 22.312283 1.208411
v -2.467299 22.359753 1.169802
v -2.377789 22.364632 1.143785
v -2.293242 22.325609 1.137331
v -2.236311 22.253143 1.152170
v -2.222252 22.166651 1.184326
v -2.254830 22.089306 1.225181
v -2.325318 22.041836 1.263790
v -2.414827 22.036959 1.289807
v -2.499375 22.075981 1.296261
v -2.684175 21.872084 0.175794
v -2.695647 21.964212 0.166131
v -2.659278 22.049812 0.158228
v -2.584812 22.105949 0.154203
v -2.492203 22.117579 0.155133
v -2.406265 22.081587 0.160771
v -2.350025 22.007616 0.169605
v -2.338552 21.915487 0.179268
v -2.374922 21.829887 0.187171
v -2.449388 21.773750 0.191196
v -2.541997 21.762121 0.190265
v -2.627935 21.798113 0.184628
v -2.505027 21.920086 -0.956173
v -2.520117 22.011261 -0.943062
v -2.489089 22.095455 -0.917348
v -2.420256 22.150108 -0.885920
v -2.332062 22.160576 -0.857200
v -2.248138 22.124052 -0.838883
v -2.190972 22.050325 -0.835877
v -2.175882 21.959150 -0.848988
v -2.206910 21.874956 -0.874703
v -2.275743 21.820303 -0.906130
v -2.363937 21.809837 -0.934850
v -2.447861 21.846359 -0.953167
v -2.043178 22.282637 -1.941866
v -2.067470 22.366613 -1.909147
v -2.050129 22.440098 -1.854267
v -1.995801 22.483402 -1.791930
v -1.919043 22.484921 -1.738840
v -1.840423 22.444248 -1.709222
v -1.781006 22.372282 -1.711012
v -1.756714 22.288307 -1.743731
v -1.774055 22.214821 -1.798612
v -1.828383 22.171518 -1.860948
v -1.905141 22.169998 -1.914039
v -1.983761 22.210670 -1.943657
v -1.366007 22.902014 -2.630873
v -1.403630 22.973822 -2.584606
v -1.406273 23.029066 -2.509415
v -1.373227 23.052944 -2.425448
v -1.313346 23.039059 -2.355205
v -1.242676 22.991129 -2.317506
v -1.180154 22.921999 -2.322454
v -1.142530 22.850191 -2.368721
v -1.139888 22.794947 -2.443912
v -1.172934 22.771069 -2.527879
v -1.232815 22.784954 -2.598122
v -1.303484 22.832884 -2.635821
vt 0.000000 1.000000
vt 0.045455 1.000000
vt 0.045455 0.916667
vt 0.000000 0.916667
vt 0.000000 0.083333
vt 0.045455 0.083333
vt 0.045455 0.000000
vt 0.000000 0.000000
vt 0.000000 0.166667
vt 0.045455 0.166667
vt 0.000000 0.250000
vt 0.045455 0.250000
vt 0.000000 0.333333
vt 0.045455 0.333333
vt 0.000000 0.416667
vt 0.045455 0.416667
vt 0.000000 0.500000
vt 0.045455 0.500000
vt 0.000000 0.583333
vt 0.045455 0.583333
vt 0.000000 0.666667
vt 0.045455 0.666667
vt 0.000000 0.750000
vt 0.045455 0.750000
vt 0.000000 0.833333
vt 0.045455 0.833333
vt 0.090909 1.000000
vt 0.090909 0.916667
vt 0.090909 0.083333
vt 0.090909 0.000000
vt 0.090909 0.166667
vt 0.090909 0.250000
vt 0.090909 0.333333
vt 0.090909 0.416667
vt 0.090909 0.500000
vt 0.090909 0.583333
vt 0.090909 0.666667
vt 0.090909 0.750000
vt 0.090909 0.833333
vt 0.136364 1.000000
vt 0.136364 0.916667
vt 0.136364 0.083333
vt 0.136364 0.000000
vt 0.136364 0.166667
vt 0.136364 0.250000
vt 0.136364 0.333333
vt 0.136364 0.416667
vt 0.136364 0.500000
vt 0.136364 0.583333
vt 0.136364 0.666667
vt 0.136364 0.750000
vt 0.136364 0.833333
vt 0.181818 1.000000
vt 0.181818 0.916667
vt 0.181818 0.083333
vt 0.181818 0.000000
vt 0.181818 0.166667
vt 0.181818 0.250000
vt 0.181818 0.333333
vt 0.181818 0.416667
vt 0.181818 0.500000
vt 0.181818 0.583333
vt 0.181818 0.666667
vt 0.181818 0.750000
vt 0.181818 0.833333
vt 0.227273 1.000000
vt 0.227273 0.916667
vt 0.227273 0.083333
vt 0.227273 0.000000
vt 0.227273 0.166667
vt 0.227273 0.250000
vt 0.227273 0.333333
vt 0.227273 0.416667
vt 0.227273 0.500000
vt 0.227273 0.583333
vt 0.227273 0.666667
vt 0.227273 0.750000
vt 0.227273 0.833333
vt 0.272727 1.000000
vt 0.272727 0.916667
vt 0.272727 0.083333
vt 0.272727 0.000000
vt 0.272727 0.166667
vt 0.272727 0.250000
vt 0.272727 0.333333
vt 0.272727 0.416667
vt 0.272727 0.500000
vt 0.272727 0.583333
vt 0.272727 0.666667
vt 0.272727 0.750000
vt 0.272727 0.833333
vt 0.318182 1.000000
vt 0.318182 0.916667
vt 0.318182 0.083333
vt 0.318182 0.000000
vt 0.318182 0.166667
vt 0.318182 0.250000
vt 0.318182 0.333333
vt 0.318182 0.416667
vt 0.318182 0.500000
vt 0.318182 0.583333
vt 0.318182 0.666667
vt 0.318182 0.750000
vt 0.318182 0.833333
vt 0.363636 1.000000
vt 0.363636 0.916667
vt 0.363636 0.083333
vt 0.363636 0.000000
vt 0.363636 0.166667
vt 0.363636 0.250000
vt 0.363636 0.333333
vt 0.363636 0.416667
vt 0.363636 0.500000
vt 0.363636 0.583333
vt 0.363636 0.666667
vt 0.363636 0.750000
vt 0.363636 0.833333
vt 0.409091 1.000000
vt 0.409091 0.916667
vt 0.409091 0.083333
vt 0.409091 0.000000
vt 0.409091 0.166667
vt 0.409091 0.250000
vt 0.409091 0.333333
vt 0.409091 0.416667
vt 0.409091 0.500000
vt 0.409091 0.583333
vt 0.409091 0.666667
vt 0.409091 0.750000
vt 0.409091 0.833333
vt 0.454545 1.000000
vt 0.454545 0.916667
vt 0.454545 0.083333
vt 0.454545 0.000000
vt 0.454545 0.166667
vt 0.454545 0.250000
vt 0.454545 0.333333
vt 0.454545 0.416667
vt 0.454545 0.500000
vt 0.454545 0.583333
vt 0.454545 0.666667
vt 0.454545 0.750000
vt 0.454545 0.833333
vt 0.500000 1.000000
vt 0.500000 0.916667
vt 0.500000 0.083333
vt 0.500000 0.000000
vt 0.500000 0.166667
vt 0.500000 0.250000
vt 0.500000 0.333333
vt 0.500000 0.416667
vt 0.500000 0.500000
vt 0.500000 0.583333
vt 0.500000 0.666667
vt 0.500000 0.750000
vt 0.500000 0.833333
vt 0.545455 1.000000
vt 0.545455 0.916667
vt 0.545455 0.083333
vt 0.545455 0.000000
vt 0.545455 0.166667
vt 0.545455 0.250000
vt 0.545455 0.333333
vt 0.545455 0.416667
vt 0.545455 0.500000
vt 0.545455 0.583333
vt 0.545455 0.666667
vt 0.545455 0.750000
vt 0.545455 0.833333
vt 0.590909 1.000000
vt 0.590909 0.916667
vt 0.590909 0.083333
vt 0.590909 0.000000
vt 0.590909 0.166667
vt 0.590909 0.250000
vt 0.590909 0.333333
vt 0.590909 0.416667
vt 0.590909 0.500000
vt 0.590909 0.583333
vt 0.590909 0.666667
vt 0.590909 0.750000
vt 0.590909 0.833333
vt 0.636364 1.000000
vt 0.636364 0.916667
vt 0.636364 0.083333
vt 0.636364 0.000000
vt 0.636364 0.166667
vt 0.636364 0.250000
vt 0.636364 0.333333
vt 0.636364 0.416667
vt 0.636364 0.500000
vt 0.636364 0.583333
vt 0.636364 0.666667
vt 0.636364 0.750000
vt 0.636364 0.833333
vt 0.681818 1.000000
vt 0.681818 0.916667
vt 0.681818 0.083333
vt 0.681818 0.000000
vt 0.681818 0.166667
vt 0.681818 0.250000
vt 0.681818 0.333333
vt 0.681818 0.416667
vt 0.681818 0.500000
vt 0.681818 0.583333
vt 0.681818 0.666667
vt 0.681818 0.750000
vt 0.681818 0.833333
vt 0.727273 1.000000
vt 0.727273 0.916667
vt 0.727273 0.083333
vt 0.727273 0.000000
vt 0.727273 0.166667
vt 0.727273 0.250000
vt 0.727273 0.333333
vt 0.727273 0.416667
vt 0.727273 0.500000
vt 0.727273 0.583333
vt 0.727273 0.666667
vt 0.727273 0.750000
vt 0.727273 0.833333
vt 0.772727 1.000000
vt 0.772727 0.916667
vt 0.772727 0.083333
vt 0.772727 0.000000
vt 0.772727 0.166667
vt 0.772727 0.250000
vt 0.772727 0.333333
vt 0.772727 0.416667
vt 0.772727 0.500000
vt 0.772727 0.583333
vt 0.772727 0.666667
vt 0.772727 0.750000
vt 0.772727 0.833333
vt 0.818182 1.000000
vt 0.818182 0.916667
vt 0.818182 0.083333
vt 0.818182 0.000000
vt 0.818182 0.166667
vt 0.818182 0.250000
vt 0.818182 0.333333
vt 0.818182 0.416667
vt 0.818182 0.500000
vt 0.818182 0.583333
vt 0.818182 0.666667
vt 0.818182 0.750000
vt 0.818182 0.833333
vt 0.863636 1.000000
vt 0.863636 0.916667
vt 0.863636 0.083333
vt 0.863636 0.000000
vt 0.863636 0.166667
vt 0.863636 0.250000
vt 0.863636 0.333333
vt 0.863636 0.416667
vt 0.863636 0.500000
vt 0.863636 0.583333
vt 0.863636 0.666667
vt 0.863636 0.750000
vt 0.863636 0.833333
vt 0.909091 1.000000
vt 0.909091 0.916667
vt 0.909091 0.083333
vt 0.909091 0.000000
vt 0.909091 0.166667
vt 0.909091 0.250000
vt 0.909091 0.333333
vt 0.909091 0.416667
vt 0.909091 0.500000
vt 0.909091 0.583333
vt 0.909091 0.666667
vt 0.909091 0.750000
vt 0.909091 0.833333
vt 0.954545 1.000000
vt 0.954545 0.916667
vt 0.954545 0.083333
vt 0.954545 0.000000
vt 0.954545 0.166667
vt 0.954545 0.250000
vt 0.954545 0.333333
vt 0.954545 0.416667
vt 0.954545 0.500000
vt 0.954545 0.583333
vt 0.954545 0.666667
vt 0.954545 0.750000
vt 0.954545 0.833333
vt 1.000000 1.000000
vt 1.000000 0.916667
vt 1.000000 0.083333
vt 1.000000 0.000000
vt 1.000000 0.166667
vt 1.000000 0.250000
vt 1.000000 0.333333
vt 1.000000 0.416667
vt 1.000000 0.500000
vt 1.000000 0.583333
vt 1.000000 0.666667
vt 1.000000 0.750000
vt 1.000000 0.833333
vt 0.000000 0.000000
vt 0.000000 0.000000
vt 0.000000 0.000000
vt 0.000000 0.000000
vt 0.000000 0.000000
vt 0.000000 0.000000
vt 0.000000 0.000000
vt 0.000000 0.000000
vt 0.000000 0.000000
vt 0.000000 0.000000
vt 0.000000 0.000000
vt 0.318182 0.833333
vt 0.318182 0.750000
vt 0.318182 0.916667
vt 0.318182 1.000000
vt 0.318182 0.083333
vt 0.318182 0.000000
vt 0.363636 1.000000
vt 0.363636 0.916667
vt 0.363636 0.083333
vt 0.363636 0.000000
vt 0.318182 0.166667
vt 0.363636 0.166667
vt 0.318182 0.250000
vt 0.363636 0.250000
vt 0.318182 0.333333
vt 0.363636 0.333333
vt 0.318182 0.416667
vt 0.363636 0.416667
vt 0.318182 0.500000
vt 0.363636 0.500000
vt 0.318182 0.583333
vt 0.363636 0.583333
vt 0.318182 0.666667
vt 0.363636 0.666667
vt 0.363636 0.750000
vt 0.363636 0.833333
vt 0.409091 1.000000
vt 0.409091 0.916667
vt 0.409091 0.083333
vt 0.409091 0.000000
vt 0.409091 0.166667
vt 0.409091 0.250000
vt 0.409091 0.333333
vt 0.409091 0.416667
vt 0.409091 0.500000
vt 0.409091 0.583333
vt 0.409091 0.666667
vt 0.409091 0.750000
vt 0.409091 0.833333
vt 0.454545 1.000000
vt 0.454545 0.916667
vt 0.454545 0.083333
vt 0.454545 0.000000
vt 0.454545 0.166667
vt 0.454545 0.250000
vt 0.454545 0.333333
vt 0.454545 0.416667
vt 0.454545 0.500000
vt 0.454545 0.583333
vt 0.454545 0.666667
vt 0.454545 0.750000
vt 0.454545 0.833333
vt 0.500000 1.000000
vt 0.500000 0.916667
vt 0.500000 0.083333
vt 0.500000 0.000000
vt 0.500000 0.166667
vt 0.500000 0.250000
vt 0.500000 0.333333
vt 0.500000 0.416667
vt 0.500000 0.500000
vt 0.500000 0.583333
vt 0.500000 0.666667
vt 0.500000 0.750000
vt 0.500000 0.833333
vt 0.545455 1.000000
vt 0.545455 0.916667
vt 0.545455 0.083333
vt 0.545455 0.000000
vt 0.545455 0.166667
vt 0.545455 0.250000
vt 0.545455 0.333333
vt 0.545455 0.416667
vt 0.545455 0.500000
vt 0.545455 0.583333
vt 0.545455 0.666667
vt 0.545455 0.750000
vt 0.545455 0.833333
vt 0.590909 1.000000
vt 0.590909 0.916667
vt 0.590909 0.083333
vt 0.590909 0.000000
vt 0.590909 0.166667
vt 0.590909 0.250000
vt 0.590909 0.333333
vt 0.590909 0.416667
vt 0.590909 0.500000
vt 0.590909 0.583333
vt 0.590909 0.666667
vt 0.590909 0.750000
vt 0.590909 0.833333
vt 0.636364 1.000000
vt 0.636364 0.916667
vt 0.636364 0.083333
vt 0.636364 0.000000
vt 0.636364 0.166667
vt 0.636364 0.250000
vt 0.636364 0.333333
vt 0.636364 0.416667
vt 0.636364 0.500000
vt 0.636364 0.583333
vt 0.636364 0.666667
vt 0.636364 0.750000
vt 0.636364 0.833333
vt 0.000000 0.000000
vt 0.000000 0.000000
vt 0.000000 0.000000
vt 0.000000 0.000000
vt 0.000000 0.000000
vt 0.000000 0.000000
vt 0.000000 0.000000
vt 0.000000 0.000000
vt 0.000000 0.000000
vt 0.000000 0.000000
vt 0.000000 0.000000
vt 0.000000 0.000000
vn -0.3952 0.0661 -0.9162
vn 0.0821 0.7332 -0.6750
vn 0.4935 0.4497 -0.7445
vn -0.0871 -0.1630 -0.9828
vn -0.7011 0.1679 -0.6930
vn -0.3517 0.8301 -0.4327
vn -0.9219 0.1129 -0.3705
vn -0.6978 0.7123 -0.0758
vn -0.9957 -0.0847 -0.0368
vn -0.8623 0.4027 0.3071
vn -0.9036 -0.3698 0.2164
vn -0.7903 -0.0233 0.6122
vn -0.6731 -0.6654 0.3227
vn -0.4922 -0.4478 0.7465
vn -0.3656 -0.8949 0.2558
vn -0.0531 -0.7441 0.6660
vn -0.0604 -0.9977 0.0318
vn 0.3958 -0.8273 0.3987
vn 0.1600 -0.9432 -0.2911
vn 0.7297 -0.6832 0.0280
vn 0.2342 -0.7452 -0.6244
vn 0.8668 -0.3609 -0.3442
vn 0.1430 -0.4592 -0.8768
vn 0.7794 0.0517 -0.6245
vn 0.2172 0.8889 -0.4034
vn 0.6457 0.6279 -0.4345
vn -0.2694 0.9247 -0.2692
vn -0.6915 0.7196 -0.0631
vn -0.9340 0.3178 0.1631
vn -0.9208 -0.1779 0.3472
vn -0.6463 -0.6273 0.4345
vn -0.1876 -0.8980 0.3979
vn 0.3202 -0.9139 0.2497
vn 0.7333 -0.6790 0.0350
vn 0.9455 -0.2674 -0.1857
vn 0.9111 0.2082 -0.3558
vn 0.2667 0.9612 -0.0707
vn 0.7018 0.7100 -0.0574
vn -0.2392 0.9687 -0.0661
vn -0.6887 0.7237 -0.0442
vn -0.9599 0.2803 -0.0101
vn -0.9686 -0.2471 0.0273
vn -0.7029 -0.7090 0.0573
vn -0.2367 -0.9690 0.0710
vn 0.2924 -0.9541 0.0645
vn 0.7341 -0.6778 0.0405
vn 0.9742 -0.2256 0.0060
vn 0.9597 0.2793 -0.0296
vn 0.2239 0.9361 0.2714
vn 0.6536 0.6818 0.3285
vn -0.2656 0.9532 0.1446
vn -0.6916 0.7220 -0.0213
vn -0.9382 0.2932 -0.1841
vn -0.9281 -0.2229 -0.2981
vn -0.6550 -0.6804 -0.3286
vn -0.1951 -0.9442 -0.2655
vn 0.3162 -0.9400 -0.1281
vn 0.7339 -0.6780 0.0426
vn 0.9502 -0.2397 0.1993
vn 0.9183 0.2551 0.3027
vn 0.0953 0.8157 0.5706
vn 0.5093 0.5468 0.6646
vn -0.3455 0.8783 0.3305
vn -0.7014 0.7127 0.0015
vn -0.8743 0.3532 -0.3329
vn -0.8074 -0.1093 -0.5798
vn -0.5112 -0.5450 -0.6646
vn -0.0690 -0.8256 -0.5601
vn 0.3892 -0.8714 -0.2985
vn 0.7344 -0.6775 0.0414
vn 0.8791 -0.3063 0.3652
vn 0.7948 0.1395 0.5906
vn -0.0992 0.6168 0.7809
vn 0.2920 0.3246 0.8997
vn -0.4674 0.7535 0.4623
vn -0.7182 0.6956 0.0196
vn -0.7799 0.4500 -0.4350
vn -0.6265 0.0763 -0.7757
vn -0.2943 -0.3224 -0.8997
vn 0.1221 -0.6295 -0.7673
vn 0.5009 -0.7569 -0.4198
vn 0.7371 -0.6747 0.0384
vn 0.7736 -0.4142 0.4795
vn 0.6096 -0.0499 0.7911
vn -0.3296 0.3682 0.8693
vn 0.0357 0.0482 0.9982
vn -0.6131 0.5963 0.5182
vn -0.7403 0.6717 0.0281
vn -0.6707 0.5681 -0.4770
vn -0.4144 0.3057 -0.8572
vn -0.0385 -0.0457 -0.9982
vn 0.3487 -0.3844 -0.8548
vn 0.6348 -0.6122 -0.4714
vn 0.7426 -0.6687 0.0363
vn 0.6511 -0.5464 0.5268
vn 0.3923 -0.2842 0.8748
vn -0.5601 0.1069 0.8215
vn -0.2195 -0.2411 0.9454
vn -0.7601 0.4296 0.4876
vn -0.7645 0.6442 0.0230
vn -0.5639 0.6893 -0.4547
vn -0.2045 0.5443 -0.8136
vn 0.2162 0.2439 -0.9454
vn 0.5757 -0.1264 -0.8079
vn 0.7702 -0.4583 -0.4435
vn 0.7504 -0.6599 0.0380
vn 0.5311 -0.6826 0.5020
vn 0.1770 -0.5284 0.8303
vn -0.7546 -0.1283 0.6435
vn -0.4337 -0.5002 0.7495
vn -0.8850 0.2784 0.3731
vn -0.7868 0.6173 0.0026
vn -0.4761 0.7958 -0.3742
vn -0.0293 0.7568 -0.6530
vn 0.4299 0.5033 -0.7496
vn 0.7672 0.1060 -0.6326
vn 0.8856 -0.3184 -0.3380
vn 0.7589 -0.6496 0.0457
vn 0.4318 -0.8026 0.4114
vn -0.0029 -0.7460 0.6660
vn -0.8821 -0.3018 0.3618
vn -0.5736 -0.6906 0.4406
vn -0.9676 0.1659 0.1904
vn -0.8025 0.5957 -0.0324
vn -0.4200 0.8725 -0.2498
vn 0.0842 0.9120 -0.4014
vn 0.5693 0.6940 -0.4408
vn 0.8928 0.2777 -0.3547
vn 0.9621 -0.2140 -0.1690
vn 0.7657 -0.6403 0.0607
vn 0.3681 -0.8895 0.2708
vn -0.1198 -0.9051 0.4080
vn -0.9216 -0.3876 0.0185
vn -0.6169 -0.7843 0.0659
vn -0.9934 0.1098 -0.0340
vn -0.8077 0.5843 -0.0781
vn -0.4031 0.9095 -0.1020
vn 0.1188 0.9881 -0.0981
vn 0.6121 0.7880 -0.0664
vn 0.9317 0.3629 -0.0157
vn 0.9861 -0.1617 0.0390
vn 0.7682 -0.6349 0.0824
vn 0.3487 -0.9316 0.1031
vn -0.1558 -0.9830 0.0968
vn -0.8657 -0.3726 -0.3343
vn -0.5563 -0.7681 -0.3173
vn -0.9564 0.1197 -0.2663
vn -0.7997 0.5865 -0.1284
vn -0.4267 0.9032 0.0460
vn 0.0696 0.9752 0.2102
vn 0.5511 0.7721 0.3165
vn 0.8762 0.3486 0.3327
vn 0.9518 -0.1706 0.2550
vn 0.7641 -0.6360 0.1080
vn 0.3754 -0.9246 -0.0656
vn -0.1057 -0.9698 -0.2200
vn -0.7212 -0.2592 -0.6424
vn -0.4001 -0.6455 -0.6506
vn -0.8604 0.1950 -0.4708
vn -0.7778 0.6037 -0.1750
vn -0.4859 0.8569 0.1720
vn -0.0557 0.8774 0.4766
vn 0.3946 0.6500 0.6495
vn 0.7331 0.2369 0.6375
vn 0.8624 -0.2404 0.4455
vn 0.7523 -0.6452 0.1333
vn 0.4429 -0.8717 -0.2098
vn 0.0227 -0.8691 -0.4941
vn -0.5086 -0.0648 -0.8586
vn -0.1714 -0.4364 -0.8833
vn -0.7181 0.3251 -0.6153
vn -0.7436 0.6349 -0.2097
vn -0.5707 0.7796 0.2580
vn -0.2378 0.7113 0.6614
vn 0.1656 0.4414 0.8819
vn 0.5226 0.0451 0.8514
vn 0.7297 -0.3614 0.5805
vn 0.7328 -0.6630 0.1531
vn 0.5401 -0.7829 -0.3088
vn 0.2097 -0.6981 -0.6846
vn -0.2591 0.1805 -0.9488
vn 0.0959 -0.1735 -0.9801
vn -0.5499 0.4904 -0.6761
vn -0.7013 0.6765 -0.2250
vn -0.6676 0.6845 0.2929
vn -0.4493 0.5040 0.7377
vn -0.1018 0.1792 0.9785
vn 0.2754 -0.1973 0.9409
vn 0.5724 -0.5157 0.6376
vn 0.7076 -0.6877 0.1622
vn 0.6516 -0.6733 -0.3493
vn 0.4272 -0.4843 -0.7635
vn -0.0096 0.4389 -0.8985
vn 0.3620 0.1020 -0.9266
vn -0.3805 0.6658 -0.6418
vn -0.6568 0.7225 -0.2159
vn -0.7617 0.5871 0.2739
vn -0.6584 0.2880 0.6955
vn -0.3680 -0.0956 0.9249
vn 0.0280 -0.4528 0.8912
vn 0.4136 -0.6797 0.6057
vn 0.6801 -0.7162 0.1567
vn 0.7606 -0.5605 -0.3275
vn 0.6426 -0.2613 -0.7203
vn 0.2026 0.6700 -0.7141
vn 0.5873 0.3474 -0.7310
vn -0.2353 0.8239 -0.5156
vn -0.6170 0.7658 -0.1814
vn -0.8396 0.5025 0.2062
vn -0.8343 0.0969 0.5427
vn -0.5933 -0.3402 0.7295
vn -0.1826 -0.6814 0.7088
vn 0.2772 -0.8278 0.4877
vn 0.6547 -0.7438 0.1347
vn 0.8513 -0.4619 -0.2490
vn 0.8240 -0.0637 -0.5630
vn 0.3458 0.8376 -0.4230
vn 0.7386 0.5245 -0.4235
vn -0.1367 0.9392 -0.3150
vn -0.5889 0.7986 -0.1242
vn -0.8907 0.4429 0.1024
vn -0.9517 -0.0400 0.3043
vn -0.7448 -0.5166 0.4224
vn -0.3249 -0.8472 0.4203
vn 0.1843 -0.9361 0.2994
vn 0.6363 -0.7653 0.0973
vn 0.9110 -0.3921 -0.1279
vn 0.9453 0.0781 -0.3168
vn 0.3984 0.9146 -0.0688
vn 0.7941 0.6057 -0.0510
vn -0.1002 0.9926 -0.0692
vn -0.5782 0.8143 -0.0517
vn -0.9090 0.4163 -0.0202
vn -0.9946 -0.1021 0.0173
vn -0.8005 -0.5972 0.0504
vn -0.3777 -0.9234 0.0692
vn 0.1496 -0.9864 0.0683
vn 0.6290 -0.7759 0.0485
vn 0.9325 -0.3607 0.0160
vn 0.9896 0.1427 -0.0202
vn 0.3529 0.8880 0.2949
vn 0.7465 0.5779 0.3298
vn -0.1321 0.9738 0.1849
vn -0.5879 0.8085 0.0259
vn -0.8937 0.4254 -0.1423
vn -0.9584 -0.0805 -0.2740
vn -0.7534 -0.5690 -0.3297
vn -0.3330 -0.8967 -0.2915
vn 0.1792 -0.9688 -0.1711
vn 0.6356 -0.7720 -0.0049
vn 0.9146 -0.3712 0.1601
vn 0.9520 0.1208 0.2813
vn 0.2160 0.7615 0.6112
vn 0.6055 0.4449 0.6599
vn -0.2295 0.8844 0.4065
vn -0.6187 0.7798 0.0955
vn -0.8490 0.4680 -0.2451
vn -0.8507 0.0233 -0.5251
vn -0.6117 -0.4344 -0.6611
vn -0.1962 -0.7698 -0.6074
vn 0.2716 -0.8837 -0.3812
vn 0.6572 -0.7517 -0.0539
vn 0.8620 -0.4214 0.2817
vn 0.8412 0.0147 0.5405
vn 0.0106 0.5851 0.8109
vn 0.3835 0.2615 0.8857
vn -0.3696 0.7621 0.5317
vn -0.6576 0.7459 0.1058
vn -0.7672 0.5298 -0.3614
vn -0.6606 0.1641 -0.7326
vn -0.3702 -0.2488 -0.8950
vn 0.0192 -0.5925 -0.8054
vn 0.4013 -0.7724 -0.4923
vn 0.6738 -0.7374 -0.0462
vn 0.7657 -0.4999 0.4048
vn 0.6583 -0.1329 0.7410
vn 0.4045 -0.2987 0.8644
vn 0.6436 -0.5693 0.5116
vn 0.0667 0.0415 0.9969
vn -0.2878 0.3722 0.8824
vn -0.5730 0.6141 0.5427
vn -0.2194 -0.2411 0.9454
vn -0.7119 0.7001 0.0549
vn -0.6596 0.5989 -0.4542
vn -0.4251 0.3329 -0.8417
vn -0.0719 -0.0275 -0.9970
vn 0.3030 -0.3844 -0.8720
vn 0.5939 -0.6325 -0.4972
vn 0.7170 -0.6970 0.0149
vn 0.7504 -0.6599 0.0379
vn 0.4429 -0.8717 -0.2099
vn -0.0318 0.3102 -0.9502
vn 0.2380 0.0038 -0.9713
vn -0.1750 0.6354 -0.7521
vn -0.1514 0.8857 -0.4389
vn 0.0251 0.9941 -0.1054
vn 0.2956 0.9421 0.1583
vn 0.5866 0.7543 0.2950
vn 0.8324 0.4777 0.2807
vn 0.9782 0.1721 0.1158
vn 0.9813 -0.0884 -0.1711
vn 0.8288 -0.2267 -0.5116
vn 0.5556 -0.1943 -0.8084
s 1
f 2481/2696/2258 2493/2697/2259 2504/2698/2260 2492/2699/2261
f 2482/2700/2262 2494/2701/2263 2493/2702/2259 2481/2703/2258
f 2483/2704/2264 2495/2705/2265 2494/2701/2263 2482/2700/2262
f 2484/2706/2266 2496/2707/2267 2495/2705/2265 2483/2704/2264
f 2485/2708/2268 2497/2709/2269 2496/2707/2267 2484/2706/2266
f 2486/2710/2270 2498/2711/2271 2497/2709/2269 2485/2708/2268
f 2487/2712/2272 2499/2713/2273 2498/2711/2271 2486/2710/2270
f 2488/2714/2274 2500/2715/2275 2499/2713/2273 2487/2712/2272
f 2489/2716/2276 2501/2717/2277 2500/2715/2275 2488/2714/2274
f 2490/2718/2278 2502/2719/2279 2501/2717/2277 2489/2716/2276
f 2491/2720/2280 2503/2721/2281 2502/2719/2279 2490/2718/2278
f 2492/2699/2261 2504/2698/2260 2503/2721/2281 2491/2720/2280
f 2493/2697/2259 2505/2722/2282 2516/2723/2283 2504/2698/2260
f 2494/2701/2263 2506/2724/2284 2505/2725/2282 2493/2702/2259
f 2495/2705/2265 2507/2726/2285 2506/2724/2284 2494/2701/2263
f 2496/2707/2267 2508/2727/2286 2507/2726/2285 2495/2705/2265
f 2497/2709/2269 2509/2728/2287 2508/2727/2286 2496/2707/2267
f 2498/2711/2271 2510/2729/2288 2509/2728/2287 2497/2709/2269
f 2499/2713/2273 2511/2730/2289 2510/2729/2288 2498/2711/2271
f 2500/2715/2275 2512/2731/2290 2511/2730/2289 2499/2713/2273
f 2501/2717/2277 2513/2732/2291 2512/2731/2290 2500/2715/2275
f 2502/2719/2279 2514/2733/2292 2513/2732/2291 2501/2717/2277
f 2503/2721/2281 2515/2734/2293 2514/2733/2292 2502/2719/2279
f 2504/2698/2260 2516/2723/2283 2515/2734/2293 2503/2721/2281
f 2505/2722/2282 2517/2735/2294 2528/2736/2295 2516/2723/2283
f 2506/2724/2284 2518/2737/2296 2517/2738/2294 2505/2725/2282
f 2507/2726/2285 2519/2739/2297 2518/2737/2296 2506/2724/2284
f 2508/2727/2286 2520/2740/2298 2519/2739/2297 2507/2726/2285
f 2509/2728/2287 2521/2741/2299 2520/2740/2298 2508/2727/2286
f 2510/2729/2288 2522/2742/2300 2521/2741/2299 2509/2728/2287
f 2511/2730/2289 2523/2743/2301 2522/2742/2300 2510/2729/2288
f 2512/2731/2290 2524/2744/2302 2523/2743/2301 2511/2730/2289
f 2513/2732/2291 2525/2745/2303 2524/2744/2302 2512/2731/2290
f 2514/2733/2292 2526/2746/2304 2525/2745/2303 2513/2732/2291
f 2515/2734/2293 2527/2747/2305 2526/2746/2304 2514/2733/2292
f 2516/2723/2283 2528/2736/2295 2527/2747/2305 2515/2734/2293
f 2517/2735/2294 2529/2748/2306 2540/2749/2307 2528/2736/2295
f 2518/2737/2296 2530/2750/2308 2529/2751/2306 2517/2738/2294
f 2519/2739/2297 2531/2752/2309 2530/2750/2308 2518/2737/2296
f 2520/2740/2298 2532/2753/2310 2531/2752/2309 2519/2739/2297
f 2521/2741/2299 2533/2754/2311 2532/2753/2310 2520/2740/2298
f 2522/2742/2300 2534/2755/2312 2533/2754/2311 2521/2741/2299
f 2523/2743/2301 2535/2756/2313 2534/2755/2312 2522/2742/2300
f 2524/2744/2302 2536/2757/2314 2535/2756/2313 2523/2743/2301
f 2525/2745/2303 2537/2758/2315 2536/2757/2314 2524/2744/2302
f 2526/2746/2304 2538/2759/2316 2537/2758/2315 2525/2745/2303
f 2527/2747/2305 2539/2760/2317 2538/2759/2316 2526/2746/2304
f 2528/2736/2295 2540/2749/2307 2539/2760/2317 2527/2747/2305
f 2529/2748/2306 2541/2761/2318 2552/2762/2319 2540/2749/2307
f 2530/2750/2308 2542/2763/2320 2541/2764/2318 2529/2751/2306
f 2531/2752/2309 2543/2765/2321 2542/2763/2320 2530/2750/2308
f 2532/2753/2310 2544/2766/2322 2543/2765/2321 2531/2752/2309
f 2533/2754/2311 2545/2767/2323 2544/2766/2322 2532/2753/2310
f 2534/2755/2312 2546/2768/2324 2545/2767/2323 2533/2754/2311
f 2535/2756/2313 2547/2769/2325 2546/2768/2324 2534/2755/2312
f 2536/2757/2314 2548/2770/2326 2547/2769/2325 2535/2756/2313
f 2537/2758/2315 2549/2771/2327 2548/2770/2326 2536/2757/2314
f 2538/2759/2316 2550/2772/2328 2549/2771/2327 2537/2758/2315
f 2539/2760/2317 2551/2773/2329 2550/2772/2328 2538/2759/2316
f 2540/2749/2307 2552/2762/2319 2551/2773/2329 2539/2760/2317
f 2541/2761/2318 2553/2774/2330 2564/2775/2331 2552/2762/2319
f 2542/2763/2320 2554/2776/2332 2553/2777/2330 2541/2764/2318
f 2543/2765/2321 2555/2778/2333 2554/2776/2332 2542/2763/2320
f 2544/2766/2322 2556/2779/2334 2555/2778/2333 2543/2765/2321
f 2545/2767/2323 2557/2780/2335 2556/2779/2334 2544/2766/2322
f 2546/2768/2324 2558/2781/2336 2557/2780/2335 2545/2767/2323
f 2547/2769/2325 2559/2782/2337 2558/2781/2336 2546/2768/2324
f 2548/2770/2326 2560/2783/2338 2559/2782/2337 2547/2769/2325
f 2549/2771/2327 2561/2784/2339 2560/2783/2338 2548/2770/2326
f 2550/2772/2328 2562/2785/2340 2561/2784/2339 2549/2771/2327
f 2551/2773/2329 2563/2786/2341 2562/2785/2340 2550/2772/2328
f 2552/2762/2319 2564/2775/2331 2563/2786/2341 2551/2773/2329
f 2553/2774/2330 2565/2787/2342 2576/2788/2343 2564/2775/2331
f 2554/2776/2332 2566/2789/2344 2565/2790/2342 2553/2777/2330
f 2555/2778/2333 2567/2791/2345 2566/2789/2344 2554/2776/2332
f 2556/2779/2334 2568/2792/2346 2567/2791/2345 2555/2778/2333
f 2557/2780/2335 2569/2793/2347 2568/2792/2346 2556/2779/2334
f 2558/2781/2336 2570/2794/2348 2569/2793/2347 2557/2780/2335
f 2559/2782/2337 2571/2795/2349 2570/2794/2348 2558/2781/2336
f 2560/2783/2338 2572/2796/2350 2571/2795/2349 2559/2782/2337
f 2561/2784/2339 2573/2797/2351 2572/2796/2350 2560/2783/2338
f 2562/2785/2340 2574/2798/2352 2573/2797/2351 2561/2784/2339
f 2563/2786/2341 2575/2799/2353 2574/2798/2352 2562/2785/2340
f 2564/2775/2331 2576/2788/2343 2575/2799/2353 2563/2786/2341
f 2565/2787/2342 2577/2800/2354 2588/2801/2355 2576/2788/2343
f 2566/2789/2344 2578/2802/2356 2577/2803/2354 2565/2790/2342
f 2567/2791/2345 2579/2804/2357 2578/2802/2356 2566/2789/2344
f 2568/2792/2346 2580/2805/2358 2579/2804/2357 2567/2791/2345
f 2569/2793/2347 2581/2806/2359 2580/2805/2358 2568/2792/2346
f 2570/2794/2348 2582/2807/2360 2581/2806/2359 2569/2793/2347
f 2571/2795/2349 2583/2808/2361 2582/2807/2360 2570/2794/2348
f 2572/2796/2350 2584/2809/2362 2583/2808/2361 2571/2795/2349
f 2573/2797/2351 2585/2810/2363 2584/2809/2362 2572/2796/2350
f 2574/2798/2352 2586/2811/2364 2585/2810/2363 2573/2797/2351
f 2575/2799/2353 2587/2812/2365 2586/2811/2364 2574/2798/2352
f 2576/2788/2343 2588/2801/2355 2587/2812/2365 2575/2799/2353
f 2577/2800/2354 2589/2813/2366 2600/2814/2367 2588/2801/2355
f 2578/2802/2356 2590/2815/2368 2589/2816/2366 2577/2803/2354
f 2579/2804/2357 2591/2817/2369 2590/2815/2368 2578/2802/2356
f 2580/2805/2358 2592/2818/2370 2591/2817/2369 2579/2804/2357
f 2581/2806/2359 2593/2819/2371 2592/2818/2370 2580/2805/2358
f 2582/2807/2360 2594/2820/2372 2593/2819/2371 2581/2806/2359
f 2583/2808/2361 2595/2821/2373 2594/2820/2372 2582/2807/2360
f 2584/2809/2362 2596/2822/2374 2595/2821/2373 2583/2808/2361
f 2585/2810/2363 2597/2823/2375 2596/2822/2374 2584/2809/2362
f 2586/2811/2364 2598/2824/2376 2597/2823/2375 2585/2810/2363
f 2587/2812/2365 2599/2825/2377 2598/2824/2376 2586/2811/2364
f 2588/2801/2355 2600/2814/2367 2599/2825/2377 2587/2812/2365
f 2589/2813/2366 2601/2826/2378 2612/2827/2379 2600/2814/2367
f 2590/2815/2368 2602/2828/2380 2601/2829/2378 2589/2816/2366
f 2591/2817/2369 2603/2830/2381 2602/2828/2380 2590/2815/2368
f 2592/2818/2370 2604/2831/2382 2603/2830/2381 2591/2817/2369
f 2593/2819/2371 2605/2832/2383 2604/2831/2382 2592/2818/2370
f 2594/2820/2372 2606/2833/2384 2605/2832/2383 2593/2819/2371
f 2595/2821/2373 2607/2834/2385 2606/2833/2384 2594/2820/2372
f 2596/2822/2374 2608/2835/2386 2607/2834/2385 2595/2821/2373
f 2597/2823/2375 2609/2836/2387 2608/2835/2386 2596/2822/2374
f 2598/2824/2376 2610/2837/2388 2609/2836/2387 2597/2823/2375
f 2599/2825/2377 2611/2838/2389 2610/2837/2388 2598/2824/2376
f 2600/2814/2367 2612/2827/2379 2611/2838/2389 2599/2825/2377
f 2601/2826/2378 2613/2839/2390 2624/2840/2391 2612/2827/2379
f 2602/2828/2380 2614/2841/2392 2613/2842/2390 2601/2829/2378
f 2603/2830/2381 2615/2843/2393 2614/2841/2392 2602/2828/2380
f 2604/2831/2382 2616/2844/2394 2615/2843/2393 2603/2830/2381
f 2605/2832/2383 2617/2845/2395 2616/2844/2394 2604/2831/2382
f 2606/2833/2384 2618/2846/2396 2617/2845/2395 2605/2832/2383
f 2607/2834/2385 2619/2847/2397 2618/2846/2396 2606/2833/2384
f 2608/2835/2386 2620/2848/2398 2619/2847/2397 2607/2834/2385
f 2609/2836/2387 2621/2849/2399 2620/2848/2398 2608/2835/2386
f 2610/2837/2388 2622/2850/2400 2621/2849/2399 2609/2836/2387
f 2611/2838/2389 2623/2851/2401 2622/2850/2400 2610/2837/2388
f 2612/2827/2379 2624/2840/2391 2623/2851/2401 2611/2838/2389
f 2613/2839/2390 2625/2852/2402 2636/2853/2403 2624/2840/2391
f 2614/2841/2392 2626/2854/2404 2625/2855/2402 2613/2842/2390
f 2615/2843/2393 2627/2856/2405 2626/2854/2404 2614/2841/2392
f 2616/2844/2394 2628/2857/2406 2627/2856/2405 2615/2843/2393
f 2617/2845/2395 2629/2858/2407 2628/2857/2406 2616/2844/2394
f 2618/2846/2396 2630/2859/2408 2629/2858/2407 2617/2845/2395
f 2619/2847/2397 2631/2860/2409 2630/2859/2408 2618/2846/2396
f 2620/2848/2398 2632/2861/2410 2631/2860/2409 2619/2847/2397
f 2621/2849/2399 2633/2862/2411 2632/2861/2410 2620/2848/2398
f 2622/2850/2400 2634/2863/2412 2633/2862/2411 2621/2849/2399
f 2623/2851/2401 2635/2864/2413 2634/2863/2412 2622/2850/2400
f 2624/2840/2391 2636/2853/2403 2635/2864/2413 2623/2851/2401
f 2625/2852/2402 2637/2865/2414 2648/2866/2415 2636/2853/2403
f 2626/2854/2404 2638/2867/2416 2637/2868/2414 2625/2855/2402
f 2627/2856/2405 2639/2869/2417 2638/2867/2416 2626/2854/2404
f 2628/2857/2406 2640/2870/2418 2639/2869/2417 2627/2856/2405
f 2629/2858/2407 2641/2871/2419 2640/2870/2418 2628/2857/2406
f 2630/2859/2408 2642/2872/2420 2641/2871/2419 2629/2858/2407
f 2631/2860/2409 2643/2873/2421 2642/2872/2420 2630/2859/2408
f 2632/2861/2410 2644/2874/2422 2643/2873/2421 2631/2860/2409
f 2633/2862/2411 2645/2875/2423 2644/2874/2422 2632/2861/2410
f 2634/2863/2412 2646/2876/2424 2645/2875/2423 2633/2862/2411
f 2635/2864/2413 2647/2877/2425 2646/2876/2424 2634/2863/2412
f 2636/2853/2403 2648/2866/2415 2647/2877/2425 2635/2864/2413
f 2637/2865/2414 2649/2878/2426 2660/2879/2427 2648/2866/2415
f 2638/2867/2416 2650/2880/2428 2649/2881/2426 2637/2868/2414
f 2639/2869/2417 2651/2882/2429 2650/2880/2428 2638/2867/2416
f 2640/2870/2418 2652/2883/2430 2651/2882/2429 2639/2869/2417
f 2641/2871/2419 2653/2884/2431 2652/2883/2430 2640/2870/2418
f 2642/2872/2420 2654/2885/2432 2653/2884/2431 2641/2871/2419
f 2643/2873/2421 2655/2886/2433 2654/2885/2432 2642/2872/2420
f 2644/2874/2422 2656/2887/2434 2655/2886/2433 2643/2873/2421
f 2645/2875/2423 2657/2888/2435 2656/2887/2434 2644/2874/2422
f 2646/2876/2424 2658/2889/2436 2657/2888/2435 2645/2875/2423
f 2647/2877/2425 2659/2890/2437 2658/2889/2436 2646/2876/2424
f 2648/2866/2415 2660/2879/2427 2659/2890/2437 2647/2877/2425
f 2649/2878/2426 2661/2891/2438 2672/2892/2439 2660/2879/2427
f 2650/2880/2428 2662/2893/2440 2661/2894/2438 2649/2881/2426
f 2651/2882/2429 2663/2895/2441 2662/2893/2440 2650/2880/2428
f 2652/2883/2430 2664/2896/2442 2663/2895/2441 2651/2882/2429
f 2653/2884/2431 2665/2897/2443 2664/2896/2442 2652/2883/2430
f 2654/2885/2432 2666/2898/2444 2665/2897/2443 2653/2884/2431
f 2655/2886/2433 2667/2899/2445 2666/2898/2444 2654/2885/2432
f 2656/2887/2434 2668/2900/2446 2667/2899/2445 2655/2886/2433
f 2657/2888/2435 2669/2901/2447 2668/2900/2446 2656/2887/2434
f 2658/2889/2436 2670/2902/2448 2669/2901/2447 2657/2888/2435
f 2659/2890/2437 2671/2903/2449 2670/2902/2448 2658/2889/2436
f 2660/2879/2427 2672/2892/2439 2671/2903/2449 2659/2890/2437
f 2661/2891/2438 2673/2904/2450 2684/2905/2451 2672/2892/2439
f 2662/2893/2440 2674/2906/2452 2673/2907/2450 2661/2894/2438
f 2663/2895/2441 2675/2908/2453 2674/2906/2452 2662/2893/2440
f 2664/2896/2442 2676/2909/2454 2675/2908/2453 2663/2895/2441
f 2665/2897/2443 2677/2910/2455 2676/2909/2454 2664/2896/2442
f 2666/2898/2444 2678/2911/2456 2677/2910/2455 2665/2897/2443
f 2667/2899/2445 2679/2912/2457 2678/2911/2456 2666/2898/2444
f 2668/2900/2446 2680/2913/2458 2679/2912/2457 2667/2899/2445
f 2669/2901/2447 2681/2914/2459 2680/2913/2458 2668/2900/2446
f 2670/2902/2448 2682/2915/2460 2681/2914/2459 2669/2901/2447
f 2671/2903/2449 2683/2916/2461 2682/2915/2460 2670/2902/2448
f 2672/2892/2439 2684/2905/2451 2683/2916/2461 2671/2903/2449
f 2673/2904/2450 2685/2917/2462 2696/2918/2463 2684/2905/2451
f 2674/2906/2452 2686/2919/2464 2685/2920/2462 2673/2907/2450
f 2675/2908/2453 2687/2921/2465 2686/2919/2464 2674/2906/2452
f 2676/2909/2454 2688/2922/2466 2687/2921/2465 2675/2908/2453
f 2677/2910/2455 2689/2923/2467 2688/2922/2466 2676/2909/2454
f 2678/2911/2456 2690/2924/2468 2689/2923/2467 2677/2910/2455
f 2679/2912/2457 2691/2925/2469 2690/2924/2468 2678/2911/2456
f 2680/2913/2458 2692/2926/2470 2691/2925/2469 2679/2912/2457
f 2681/2914/2459 2693/2927/2471 2692/2926/2470 2680/2913/2458
f 2682/2915/2460 2694/2928/2472 2693/2927/2471 2681/2914/2459
f 2683/2916/2461 2695/2929/2473 2694/2928/2472 2682/2915/2460
f 2684/2905/2451 2696/2918/2463 2695/2929/2473 2683/2916/2461
f 2685/2917/2462 2697/2930/2474 2708/2931/2475 2696/2918/2463
f 2686/2919/2464 2698/2932/2476 2697/2933/2474 2685/2920/2462
f 2687/2921/2465 2699/2934/2477 2698/2932/2476 2686/2919/2464
f 2688/2922/2466 2700/2935/2478 2699/2934/2477 2687/2921/2465
f 2689/2923/2467 2701/2936/2479 2700/2935/2478 2688/2922/2466
f 2690/2924/2468 2702/2937/2480 2701/2936/2479 2689/2923/2467
f 2691/2925/2469 2703/2938/2481 2702/2937/2480 2690/2924/2468
f 2692/2926/2470 2704/2939/2482 2703/2938/2481 2691/2925/2469
f 2693/2927/2471 2705/2940/2483 2704/2939/2482 2692/2926/2470
f 2694/2928/2472 2706/2941/2484 2705/2940/2483 2693/2927/2471
f 2695/2929/2473 2707/2942/2485 2706/2941/2484 2694/2928/2472
f 2696/2918/2463 2708/2931/2475 2707/2942/2485 2695/2929/2473
f 2697/2930/2474 2709/2943/2486 2720/2944/2487 2708/2931/2475
f 2698/2932/2476 2710/2945/2488 2709/2946/2486 2697/2933/2474
f 2699/2934/2477 2711/2947/2489 2710/2945/2488 2698/2932/2476
f 2700/2935/2478 2712/2948/2490 2711/2947/2489 2699/2934/2477
f 2701/2936/2479 2713/2949/2491 2712/2948/2490 2700/2935/2478
f 2702/2937/2480 2714/2950/2492 2713/2949/2491 2701/2936/2479
f 2703/2938/2481 2715/2951/2493 2714/2950/2492 2702/2937/2480
f 2704/2939/2482 2716/2952/2494 2715/2951/2493 2703/2938/2481
f 2705/2940/2483 2717/2953/2495 2716/2952/2494 2704/2939/2482
f 2706/2941/2484 2718/2954/2496 2717/2953/2495 2705/2940/2483
f 2707/2942/2485 2719/2955/2497 2718/2954/2496 2706/2941/2484
f 2708/2931/2475 2720/2944/2487 2719/2955/2497 2707/2942/2485
f 2709/2943/2486 2721/2956/2498 2732/2957/2499 2720/2944/2487
f 2710/2945/2488 2722/2958/2500 2721/2959/2498 2709/2946/2486
f 2711/2947/2489 2723/2960/2501 2722/2958/2500 2710/2945/2488
f 2712/2948/2490 2724/2961/2502 2723/2960/2501 2711/2947/2489
f 2713/2949/2491 2725/2962/2503 2724/2961/2502 2712/2948/2490
f 2714/2950/2492 2726/2963/2504 2725/2962/2503 2713/2949/2491
f 2715/2951/2493 2727/2964/2505 2726/2963/2504 2714/2950/2492
f 2716/2952/2494 2728/2965/2506 2727/2964/2505 2715/2951/2493
f 2717/2953/2495 2729/2966/2507 2728/2965/2506 2716/2952/2494
f 2718/2954/2496 2730/2967/2508 2729/2966/2507 2717/2953/2495
f 2719/2955/2497 2731/2968/2509 2730/2967/2508 2718/2954/2496
f 2720/2944/2487 2732/2957/2499 2731/2968/2509 2719/2955/2497
f 2721/2956/2498 2733/2969/2510 2744/2970/2511 2732/2957/2499
f 2722/2958/2500 2734/2971/2512 2733/2972/2510 2721/2959/2498
f 2723/2960/2501 2735/2973/2513 2734/2971/2512 2722/2958/2500
f 2724/2961/2502 2736/2974/2514 2735/2973/2513 2723/2960/2501
f 2725/2962/2503 2737/2975/2515 2736/2974/2514 2724/2961/2502
f 2726/2963/2504 2738/2976/2516 2737/2975/2515 2725/2962/2503
f 2727/2964/2505 2739/2977/2517 2738/2976/2516 2726/2963/2504
f 2728/2965/2506 2740/2978/2518 2739/2977/2517 2727/2964/2505
f 2729/2966/2507 2741/2979/2519 2740/2978/2518 2728/2965/2506
f 2730/2967/2508 2742/2980/2520 2741/2979/2519 2729/2966/2507
f 2731/2968/2509 2743/2981/2521 2742/2980/2520 2730/2967/2508
f 2732/2957/2499 2744/2970/2511 2743/2981/2521 2731/2968/2509
f 2733/2969/2510 2745/2982/2522 2756/2983/2523 2744/2970/2511
f 2734/2971/2512 2746/2984/2524 2745/2985/2522 2733/2972/2510
f 2735/2973/2513 2747/2986/2525 2746/2984/2524 2734/2971/2512
f 2736/2974/2514 2748/2987/2526 2747/2986/2525 2735/2973/2513
f 2737/2975/2515 2749/2988/2527 2748/2987/2526 2736/2974/2514
f 2738/2976/2516 2750/2989/2528 2749/2988/2527 2737/2975/2515
f 2739/2977/2517 2751/2990/2529 2750/2989/2528 2738/2976/2516
f 2740/2978/2518 2752/2991/2530 2751/2990/2529 2739/2977/2517
f 2741/2979/2519 2753/2992/2531 2752/2991/2530 2740/2978/2518
f 2742/2980/2520 2754/2993/2532 2753/2992/2531 2741/2979/2519
f 2743/2981/2521 2755/2994/2533 2754/2993/2532 2742/2980/2520
f 2744/2970/2511 2756/2983/2523 2755/2994/2533 2743/2981/2521
f 2485/2995/2268 2484/2996/2266 2483/2997/2264 2482/2998/2262
f 2486/2999/2270 2485/2995/2268 2482/2998/2262 2481/2703/2258
f 2487/3000/2272 2486/2999/2270 2481/2703/2258 2492/3001/2261
f 2488/3002/2274 2487/3000/2272 2492/3001/2261 2491/3003/2280
f 2489/3004/2276 2488/3002/2274 2491/3003/2280 2490/3005/2278
f 2767/3006/2534 2766/3007/2535 2754/2993/2532 2755/2994/2533
f 2768/3008/2536 2767/3006/2534 2755/2994/2533 2756/2983/2523
f 2757/3009/2537 2768/3008/2536 2756/2983/2523 2745/2982/2522
f 2758/3010/2538 2757/3011/2537 2745/2985/2522 2746/2984/2524
f 2757/3009/2537 2769/3012/2354 2780/3013/2539 2768/3008/2536
f 2758/3010/2538 2770/3014/2356 2769/3015/2354 2757/3011/2537
f 2759/3016/2540 2771/3017/2357 2770/3014/2356 2758/3010/2538
f 2760/3018/2541 2772/3019/2358 2771/3017/2357 2759/3016/2540
f 2761/3020/2542 2773/3021/2359 2772/3019/2358 2760/3018/2541
f 2762/3022/2543 2774/3023/2360 2773/3021/2359 2761/3020/2542
f 2763/3024/2544 2775/3025/2361 2774/3023/2360 2762/3022/2543
f 2764/3026/2545 2776/3027/2362 2775/3025/2361 2763/3024/2544
f 2765/3028/2546 2777/3029/2547 2776/3027/2362 2764/3026/2545
f 2766/3007/2535 2778/3030/2364 2777/3029/2547 2765/3028/2546
f 2767/3006/2534 2779/3031/2365 2778/3030/2364 2766/3007/2535
f 2768/3008/2536 2780/3013/2539 2779/3031/2365 2767/3006/2534
f 2769/3012/2354 2781/3032/2366 2792/3033/2367 2780/3013/2539
f 2770/3014/2356 2782/3034/2368 2781/3035/2366 2769/3015/2354
f 2771/3017/2357 2783/3036/2369 2782/3034/2368 2770/3014/2356
f 2772/3019/2358 2784/3037/2370 2783/3036/2369 2771/3017/2357
f 2773/3021/2359 2785/3038/2371 2784/3037/2370 2772/3019/2358
f 2774/3023/2360 2786/3039/2372 2785/3038/2371 2773/3021/2359
f 2775/3025/2361 2787/3040/2373 2786/3039/2372 2774/3023/2360
f 2776/3027/2362 2788/3041/2374 2787/3040/2373 2775/3025/2361
f 2777/3029/2547 2789/3042/2375 2788/3041/2374 2776/3027/2362
f 2778/3030/2364 2790/3043/2376 2789/3042/2375 2777/3029/2547
f 2779/3031/2365 2791/3044/2377 2790/3043/2376 2778/3030/2364
f 2780/3013/2539 2792/3033/2367 2791/3044/2377 2779/3031/2365
f 2781/3032/2366 2793/3045/2378 2804/3046/2379 2792/3033/2367
f 2782/3034/2368 2794/3047/2380 2793/3048/2378 2781/3035/2366
f 2783/3036/2369 2795/3049/2381 2794/3047/2380 2782/3034/2368
f 2784/3037/2370 2796/3050/2382 2795/3049/2381 2783/3036/2369
f 2785/3038/2371 2797/3051/2383 2796/3050/2382 2784/3037/2370
f 2786/3039/2372 2798/3052/2384 2797/3051/2383 2785/3038/2371
f 2787/3040/2373 2799/3053/2385 2798/3052/2384 2786/3039/2372
f 2788/3041/2374 2800/3054/2386 2799/3053/2385 2787/3040/2373
f 2789/3042/2375 2801/3055/2387 2800/3054/2386 2788/3041/2374
f 2790/3043/2376 2802/3056/2388 2801/3055/2387 2789/3042/2375
f 2791/3044/2377 2803/3057/2389 2802/3056/2388 2790/3043/2376
f 2792/3033/2367 2804/3046/2379 2803/3057/2389 2791/3044/2377
f 2793/3045/2378 2805/3058/2390 2816/3059/2391 2804/3046/2379
f 2794/3047/2380 2806/3060/2392 2805/3061/2390 2793/3048/2378
f 2795/3049/2381 2807/3062/2393 2806/3060/2392 2794/3047/2380
f 2796/3050/2382 2808/3063/2394 2807/3062/2393 2795/3049/2381
f 2797/3051/2383 2809/3064/2395 2808/3063/2394 2796/3050/2382
f 2798/3052/2384 2810/3065/2396 2809/3064/2395 2797/3051/2383
f 2799/3053/2385 2811/3066/2397 2810/3065/2396 2798/3052/2384
f 2800/3054/2386 2812/3067/2398 2811/3066/2397 2799/3053/2385
f 2801/3055/2387 2813/3068/2399 2812/3067/2398 2800/3054/2386
f 2802/3056/2388 2814/3069/2400 2813/3068/2399 2801/3055/2387
f 2803/3057/2389 2815/3070/2401 2814/3069/2400 2802/3056/2388
f 2804/3046/2379 2816/3059/2391 2815/3070/2401 2803/3057/2389
f 2805/3058/2390 2817/3071/2402 2828/3072/2403 2816/3059/2391
f 2806/3060/2392 2818/3073/2404 2817/3074/2402 2805/3061/2390
f 2807/3062/2393 2819/3075/2405 2818/3073/2404 2806/3060/2392
f 2808/3063/2394 2820/3076/2406 2819/3075/2405 2807/3062/2393
f 2809/3064/2395 2821/3077/2407 2820/3076/2406 2808/3063/2394
f 2810/3065/2396 2822/3078/2408 2821/3077/2407 2809/3064/2395
f 2811/3066/2397 2823/3079/2409 2822/3078/2408 2810/3065/2396
f 2812/3067/2398 2824/3080/2410 2823/3079/2409 2811/3066/2397
f 2813/3068/2399 2825/3081/2411 2824/3080/2410 2812/3067/2398
f 2814/3069/2400 2826/3082/2412 2825/3081/2411 2813/3068/2399
f 2815/3070/2401 2827/3083/2413 2826/3082/2412 2814/3069/2400
f 2816/3059/2391 2828/3072/2403 2827/3083/2413 2815/3070/2401
f 2817/3071/2402 2829/3084/2414 2840/3085/2415 2828/3072/2403
f 2818/3073/2404 2830/3086/2416 2829/3087/2414 2817/3074/2402
f 2819/3075/2405 2831/3088/2417 2830/3086/2416 2818/3073/2404
f 2820/3076/2406 2832/3089/2418 2831/3088/2417 2819/3075/2405
f 2821/3077/2407 2833/3090/2419 2832/3089/2418 2820/3076/2406
f 2822/3078/2408 2834/3091/2420 2833/3090/2419 2821/3077/2407
f 2823/3079/2409 2835/3092/2421 2834/3091/2420 2822/3078/2408
f 2824/3080/2410 2836/3093/2422 2835/3092/2421 2823/3079/2409
f 2825/3081/2411 2837/3094/2423 2836/3093/2422 2824/3080/2410
f 2826/3082/2412 2838/3095/2548 2837/3094/2423 2825/3081/2411
f 2827/3083/2413 2839/3096/2425 2838/3095/2548 2826/3082/2412
f 2828/3072/2403 2840/3085/2415 2839/3096/2425 2827/3083/2413
f 2829/3084/2414 2841/3097/2549 2852/3098/2550 2840/3085/2415
f 2830/3086/2416 2842/3099/2551 2841/3100/2549 2829/3087/2414
f 2831/3088/2417 2843/3101/2552 2842/3099/2551 2830/3086/2416
f 2832/3089/2418 2844/3102/2553 2843/3101/2552 2831/3088/2417
f 2833/3090/2419 2845/3103/2554 2844/3102/2553 2832/3089/2418
f 2834/3091/2420 2846/3104/2555 2845/3103/2554 2833/3090/2419
f 2835/3092/2421 2847/3105/2556 2846/3104/2555 2834/3091/2420
f 2836/3093/2422 2848/3106/2557 2847/3105/2556 2835/3092/2421
f 2837/3094/2423 2849/3107/2558 2848/3106/2557 2836/3093/2422
f 2838/3095/2548 2850/3108/2559 2849/3107/2558 2837/3094/2423
f 2839/3096/2425 2851/3109/2560 2850/3108/2559 2838/3095/2548
f 2840/3085/2415 2852/3098/2550 2851/3109/2560 2839/3096/2425
f 2766/3007/2535 2765/3028/2546 2753/2992/2531 2754/2993/2532
f 2765/3028/2546 2764/3026/2545 2752/2991/2530 2753/2992/2531
f 2764/3026/2545 2763/3024/2544 2751/2990/2529 2752/2991/2530
f 2763/3024/2544 2762/3022/2543 2750/2989/2528 2751/2990/2529
f 2762/3022/2543 2761/3020/2542 2749/2988/2527 2750/2989/2528
f 2761/3020/2542 2760/3018/2541 2748/2987/2526 2749/2988/2527
f 2760/3018/2541 2759/3016/2540 2747/2986/2525 2748/2987/2526
f 2759/3016/2540 2758/3010/2538 2746/2984/2524 2747/2986/2525
f 2847/3110/2556 2848/3111/2557 2849/3112/2558 2850/3113/2559
f 2846/3114/2555 2847/3110/2556 2850/3113/2559 2851/3115/2560
f 2845/3116/2554 2846/3114/2555 2851/3115/2560 2852/3117/2550
f 2844/3118/2553 2845/3116/2554 2852/3117/2550 2841/3119/2549
f 2843/3120/2552 2844/3118/2553 2841/3119/2549 2842/3121/2551
o body
v 3.362850 12.765802 -7.735248
v 3.362850 10.004381 -9.174580
v 3.362850 11.042757 -8.836865
v 3.362850 12.012442 -8.331439
v 5.751294 12.765802 -7.356956
v 5.935528 12.012442 -7.923967
v 6.091713 11.042757 -8.404655
v 6.196073 10.004381 -8.725841
v 7.905941 12.765802 -6.259108
v 8.256373 12.012442 -6.741436
v 8.553455 11.042757 -7.150335
v 8.751960 10.004381 -7.423553
v 9.615879 12.765802 -4.549170
v 10.098207 12.012442 -4.899603
v 10.507107 11.042757 -5.196685
v 10.780323 10.004381 -5.395188
v 10.713726 12.765802 -2.394524
v 11.280739 12.012442 -2.578757
v 11.761428 11.042757 -2.734942
v 12.082614 10.004381 -2.839302
v 11.092019 12.765802 -0.006079
v 11.688209 12.012442 -0.006079
v 12.193635 11.042757 -0.006079
v 12.531351 10.004381 -0.006079
v 10.713726 12.765802 2.382366
v 11.280739 12.012442 2.566599
v 11.761428 11.042757 2.722785
v 12.082614 10.004381 2.827144
v 9.615879 12.765802 4.537012
v 10.098207 12.012442 4.887444
v 10.507107 11.042757 5.184526
v 10.780323 10.004381 5.383030
v 7.905941 12.765802 6.246950
v 8.256373 12.012442 6.729279
v 8.553455 11.042757 7.138177
v 8.751960 10.004381 7.411394
v 5.751294 12.765802 7.344798
v 5.935528 12.012442 7.911809
v 6.091713 11.042757 8.392500
v 6.196073 10.004381 8.713685
v 3.362850 12.765802 7.723090
v 3.362850 12.012442 8.319283
v 3.362850 11.042757 8.824709
v 3.362850 10.004381 9.162423
v 0.974405 12.765802 7.344797
v 0.790172 12.012442 7.911809
v 0.633987 11.042757 8.392500
v 0.529627 10.004381 8.713686
v -1.180242 12.765802 6.246950
v -1.530674 12.012442 6.729279
v -1.827756 11.042757 7.138177
v -2.026259 10.004381 7.411394
v -2.890179 12.765802 4.537012
v -3.372508 12.012442 4.887444
v -3.781406 11.042757 5.184526
v -4.054623 10.004381 5.383030
v -3.988027 12.765802 2.382366
v -4.555038 12.012442 2.566599
v -5.035728 11.042757 2.722784
v -5.356913 10.004381 2.827144
v -4.366319 12.765802 -0.006079
v -4.962510 12.012442 -0.006079
v -5.467937 11.042757 -0.006079
v -5.805652 10.004381 -0.006079
v -3.988027 12.765802 -2.394523
v -4.555038 12.012442 -2.578757
v -5.035728 11.042757 -2.734942
v -5.356913 10.004381 -2.839302
v -2.890179 12.765802 -4.549170
v -3.372508 12.012442 -4.899603
v -3.781406 11.042757 -5.196685
v -4.054623 10.004381 -5.395188
v -1.180242 12.765802 -6.259108
v -1.530674 12.012442 -6.741436
v -1.827755 11.042757 -7.150335
v -2.026259 10.004381 -7.423553
v 0.974405 12.765802 -7.356955
v 0.790172 12.012442 -7.923967
v 0.633987 11.042757 -8.404655
v 0.529627 10.004381 -8.725842
v 3.362849 14.545912 -5.280711
v 3.362849 16.683683 -4.184747
v 3.362849 15.123243 -4.732729
v 3.362849 15.905725 -4.331578
v 4.654129 16.683683 -3.980228
v 4.992800 14.545912 -5.022552
v 4.699502 15.905725 -4.119874
v 4.823464 15.123243 -4.501390
v 5.819008 16.683683 -3.386692
v 6.463200 14.545912 -4.273345
v 5.905313 15.905725 -3.505481
v 6.141104 15.123243 -3.830019
v 6.743463 16.683683 -2.462238
v 7.630116 14.545912 -3.106429
v 6.862252 15.905725 -2.548543
v 7.186790 15.123243 -2.784334
v 7.336998 16.683683 -1.297358
v 8.379322 14.545912 -1.636030
v 7.476643 15.905725 -1.342732
v 7.858160 15.123243 -1.466694
v 7.541517 16.683683 -0.006079
v 8.637481 14.545912 -0.006079
v 7.688348 15.905725 -0.006079
v 8.089499 15.123243 -0.006079
v 7.336998 16.683683 1.285201
v 8.379322 14.545912 1.623872
v 7.476643 15.905725 1.330574
v 7.858160 15.123243 1.454536
v 6.743463 16.683683 2.450081
v 7.630116 14.545912 3.094272
v 6.862252 15.905725 2.536386
v 7.186790 15.123243 2.772176
v 5.819008 16.683683 3.374535
v 6.463200 14.545912 4.261187
v 5.905313 15.905725 3.493324
v 6.141104 15.123243 3.817861
v 4.654129 16.683683 3.968071
v 4.992800 14.545912 5.010394
v 4.699502 15.905725 4.107716
v 4.823464 15.123243 4.489232
v 3.362849 16.683683 4.172589
v 3.362849 14.545912 5.268552
v 3.362849 15.905725 4.319420
v 3.362849 15.123243 4.720571
v 2.071570 16.683683 3.968071
v 1.732899 14.545912 5.010394
v 2.026196 15.905725 4.107716
v 1.902234 15.123243 4.489232
v 0.906690 16.683683 3.374535
v 0.262499 14.545912 4.261188
v 0.820384 15.905725 3.493324
v 0.584594 15.123243 3.817861
v -0.017764 16.683683 2.450081
v -0.904417 14.545912 3.094272
v -0.136554 15.905725 2.536386
v -0.461091 15.123243 2.772176
v -0.611300 16.683683 1.285201
v -1.653624 14.545912 1.623872
v -0.750945 15.905725 1.330574
v -1.132462 15.123243 1.454536
v -0.815819 16.683683 -0.006079
v -1.911782 14.545912 -0.006079
v -0.962650 15.905725 -0.006079
v -1.363801 15.123243 -0.006079
v -0.611300 16.683683 -1.297358
v -1.653624 14.545912 -1.636030
v -0.750945 15.905725 -1.342732
v -1.132462 15.123243 -1.466694
v -0.017764 16.683683 -2.462238
v -0.904417 14.545912 -3.106429
v -0.136554 15.905725 -2.548543
v -0.461091 15.123243 -2.784334
v 0.906690 16.683683 -3.386692
v 0.262499 14.545912 -4.273346
v 0.820384 15.905725 -3.505481
v 0.584594 15.123243 -3.830019
v 2.071570 16.683683 -3.980228
v 1.732899 14.545912 -5.022552
v 2.026196 15.905725 -4.119874
v 1.902234 15.123243 -4.501390
v 3.362849 18.585493 -4.475752
v 3.362849 18.943735 -4.585818
v 3.362849 18.757780 -4.553023
v 4.778067 18.943735 -4.361670
v 4.744054 18.585493 -4.256991
v 4.767932 18.757780 -4.330479
v 6.054752 18.943735 -3.711166
v 5.990057 18.585493 -3.622121
v 6.035476 18.757780 -3.684634
v 7.067936 18.943735 -2.697982
v 6.978891 18.585493 -2.633287
v 7.041405 18.757780 -2.678705
v 7.718440 18.943735 -1.421296
v 7.613761 18.585493 -1.387284
v 7.687250 18.757780 -1.411162
v 7.942588 18.943735 -0.006079
v 7.832522 18.585493 -0.006079
v 7.909793 18.757780 -0.006079
v 7.718440 18.943735 1.409139
v 7.613761 18.585493 1.375126
v 7.687250 18.757780 1.399004
v 7.067936 18.943735 2.685824
v 6.978891 18.585493 2.621130
v 7.041405 18.757780 2.666548
v 6.054752 18.943735 3.699008
v 5.990057 18.585493 3.609963
v 6.035476 18.757780 3.672476
v 4.778067 18.943735 4.349512
v 4.744054 18.585493 4.244833
v 4.767932 18.757780 4.318321
v 3.362849 18.943735 4.573660
v 3.362849 18.585493 4.463594
v 3.362849 18.757780 4.540864
v 1.947632 18.943735 4.349512
v 1.981644 18.585493 4.244833
v 1.957766 18.757780 4.318321
v 0.670946 18.943735 3.699008
v 0.735641 18.585493 3.609963
v 0.690222 18.757780 3.672476
v -0.342238 18.943735 2.685824
v -0.253193 18.585493 2.621130
v -0.315706 18.757780 2.666548
v -0.992742 18.943735 1.409139
v -0.888063 18.585493 1.375126
v -0.961551 18.757780 1.399004
v -1.216890 18.943735 -0.006079
v -1.106824 18.585493 -0.006079
v -1.184094 18.757780 -0.006079
v -0.992742 18.943735 -1.421296
v -0.888063 18.585493 -1.387284
v -0.961551 18.757780 -1.411162
v -0.342238 18.943735 -2.697982
v -0.253193 18.585493 -2.633287
v -0.315706 18.757780 -2.678705
v 0.670946 18.943735 -3.711166
v 0.735641 18.585493 -3.622121
v 0.690222 18.757780 -3.684634
v 1.947632 18.943735 -4.361670
v 1.981644 18.585493 -4.256991
v 1.957766 18.757780 -4.330479
v 3.362849 19.552725 -4.585818
v 3.362849 19.769453 -4.494929
v 4.778067 19.552725 -4.361670
v 4.749980 19.769453 -4.275229
v 6.054752 19.552725 -3.711166
v 6.001328 19.769453 -3.637635
v 7.067936 19.552725 -2.697982
v 6.994405 19.769453 -2.644558
v 7.718440 19.552725 -1.421296
v 7.631999 19.769453 -1.393210
v 7.942588 19.552725 -0.006079
v 7.851699 19.769453 -0.006079
v 7.718440 19.552725 1.409139
v 7.631999 19.769453 1.381052
v 7.067936 19.552725 2.685824
v 6.994405 19.769453 2.632401
v 6.054752 19.552725 3.699008
v 6.001328 19.769453 3.625477
v 4.778067 19.552725 4.349512
v 4.749980 19.769453 4.263071
v 3.362849 19.552725 4.573660
v 3.362849 19.769453 4.482771
v 1.947632 19.552725 4.349512
v 1.975718 19.769453 4.263071
v 0.670946 19.552725 3.699008
v 0.724370 19.769453 3.625477
v -0.342238 19.552725 2.685824
v -0.268707 19.769453 2.632401
v -0.992742 19.552725 1.409139
v -0.906300 19.769453 1.381052
v -1.216890 19.552725 -0.006079
v -1.126001 19.769453 -0.006079
v -0.992742 19.552725 -1.421296
v -0.906300 19.769453 -1.393209
v -0.342238 19.552725 -2.697982
v -0.268707 19.769453 -2.644558
v 0.670946 19.552725 -3.711166
v 0.724370 19.769453 -3.637635
v 1.947632 19.552725 -4.361670
v 1.975718 19.769453 -4.275229
v 3.362849 17.991369 -4.184747
v 3.362849 18.292006 -4.277116
v 3.362849 18.147421 -4.212269
v 4.682673 18.292006 -4.068077
v 4.654129 17.991369 -3.980228
v 4.662633 18.147421 -4.006404
v 5.873302 18.292006 -3.461421
v 5.819008 17.991369 -3.386692
v 5.835186 18.147421 -3.408958
v 6.818191 18.292006 -2.516531
v 6.743463 17.991369 -2.462238
v 6.765729 18.147421 -2.478415
v 7.424847 18.292006 -1.325902
v 7.336998 17.991369 -1.297358
v 7.363174 18.147421 -1.305863
v 7.633886 18.292006 -0.006079
v 7.541517 17.991369 -0.006079
v 7.569039 18.147421 -0.006079
v 7.424847 18.292006 1.313744
v 7.336998 17.991369 1.285201
v 7.363174 18.147421 1.293706
v 6.818191 18.292006 2.504374
v 6.743463 17.991369 2.450081
v 6.765729 18.147421 2.466258
v 5.873302 18.292006 3.449263
v 5.819008 17.991369 3.374535
v 5.835186 18.147421 3.396801
v 4.682673 18.292006 4.055919
v 4.654129 17.991369 3.968071
v 4.662633 18.147421 3.994246
v 3.362849 18.292006 4.264958
v 3.362849 17.991369 4.172589
v 3.362849 18.147421 4.200111
v 2.043026 18.292006 4.055919
v 2.071570 17.991369 3.968071
v 2.063065 18.147421 3.994246
v 0.852396 18.292006 3.449263
v 0.906690 17.991369 3.374535
v 0.890512 18.147421 3.396801
v -0.092492 18.292006 2.504374
v -0.017764 17.991369 2.450081
v -0.040030 18.147421 2.466258
v -0.699149 18.292006 1.313744
v -0.611300 17.991369 1.285201
v -0.637476 18.147421 1.293706
v -0.908188 18.292006 -0.006079
v -0.815819 17.991369 -0.006079
v -0.843341 18.147421 -0.006079
v -0.699149 18.292006 -1.325902
v -0.611300 17.991369 -1.297358
v -0.637476 18.147421 -1.305863
v -0.092492 18.292006 -2.516531
v -0.017764 17.991369 -2.462238
v -0.040030 18.147421 -2.478415
v 0.852396 18.292006 -3.461421
v 0.906690 17.991369 -3.386692
v 0.890512 18.147421 -3.408958
v 2.043026 18.292006 -4.068077
v 2.071570 17.991369 -3.980228
v 2.063065 18.147421 -4.006404
vt 0.799474 0.997736
vt 0.849386 0.997736
vt 0.849386 0.997736
vt 0.799474 0.997736
vt 0.749562 0.997736
vt 0.749562 0.997736
vt 0.699649 0.997736
vt 0.699649 0.997736
vt 0.649737 0.997736
vt 0.649737 0.997736
vt 0.599825 0.997736
vt 0.599825 0.997736
vt 0.549912 0.997736
vt 0.549912 0.997736
vt 0.500000 0.997736
vt 0.500000 0.997736
vt 0.450088 0.997736
vt 0.450088 0.997736
vt 0.400175 0.997736
vt 0.400175 0.997736
vt 0.350263 0.997736
vt 0.350263 0.997736
vt 0.300351 0.997736
vt 0.300351 0.997736
vt 0.250439 0.997736
vt 0.250439 0.997736
vt 0.200526 0.997736
vt 0.200526 0.997736
vt 0.150614 0.997736
vt 0.150614 0.997736
vt 0.100702 0.997736
vt 0.100702 0.997736
vt 0.050789 0.997736
vt 0.050789 0.997736
vt 0.899299 0.997736
vt 0.899299 0.997736
vt 0.899299 0.997736
vt 0.949211 0.997736
vt 0.949211 0.997736
vt 0.899299 0.997736
vt 0.200526 0.997736
vt 0.250439 0.997736
vt 0.250439 0.997736
vt 0.200526 0.997736
vt 0.150614 0.997736
vt 0.200526 0.997736
vt 0.200526 0.997736
vt 0.150614 0.997736
vt 0.500000 0.997736
vt 0.549912 0.997736
vt 0.549912 0.997736
vt 0.500000 0.997736
vt 0.849386 0.997736
vt 0.849386 0.997736
vt 0.100702 0.997736
vt 0.100702 0.997736
vt 0.450088 0.997736
vt 0.450088 0.997736
vt 0.799474 0.997736
vt 0.799474 0.997736
vt 0.050789 0.997736
vt 0.050789 0.997736
vt 0.400175 0.997736
vt 0.400175 0.997736
vt 0.749562 0.997736
vt 0.749562 0.997736
vt 0.000877 0.997736
vt 0.000877 0.997736
vt 0.350263 0.997736
vt 0.350263 0.997736
vt 0.699649 0.997736
vt 0.699649 0.997736
vt 0.300351 0.997736
vt 0.300351 0.997736
vt 0.649737 0.997736
vt 0.649737 0.997736
vt 0.250438 0.997736
vt 0.250438 0.997736
vt 0.599825 0.997736
vt 0.599825 0.997736
vt 0.000877 0.997736
vt 0.000877 0.997736
vt 0.350263 0.997736
vt 0.400175 0.997736
vt 0.400175 0.997736
vt 0.350263 0.997736
vt 0.549912 0.997736
vt 0.599825 0.997736
vt 0.599825 0.997736
vt 0.549912 0.997736
vt 0.150614 0.997736
vt 0.150614 0.997736
vt 0.500000 0.997736
vt 0.500000 0.997736
vt 0.899299 0.997736
vt 0.949211 0.997736
vt 0.949211 0.997736
vt 0.899299 0.997736
vt 0.100702 0.997736
vt 0.100702 0.997736
vt 0.450088 0.997736
vt 0.450088 0.997736
vt 0.799474 0.997736
vt 0.849386 0.997736
vt 0.849386 0.997736
vt 0.799474 0.997736
vt 0.050789 0.997736
vt 0.050789 0.997736
vt 0.450088 0.997736
vt 0.500000 0.997736
vt 0.500000 0.997736
vt 0.450088 0.997736
vt 0.749562 0.997736
vt 0.749562 0.997736
vt 0.699649 0.997736
vt 0.699649 0.997736
vt 0.300351 0.997736
vt 0.300351 0.997736
vt 0.649737 0.997736
vt 0.649737 0.997736
vt 0.000877 0.997736
vt 0.000877 0.997736
vt 0.799474 0.997736
vt 0.849386 0.997736
vt 0.849386 0.997736
vt 0.799474 0.997736
vt 0.050789 0.997736
vt 0.100702 0.997736
vt 0.100702 0.997736
vt 0.050789 0.997736
vt 0.400175 0.997736
vt 0.400175 0.997736
vt 0.749562 0.997736
vt 0.749562 0.997736
vt 0.000877 0.997736
vt 0.000877 0.997736
vt 0.350263 0.997736
vt 0.350263 0.997736
vt 0.699649 0.997736
vt 0.699649 0.997736
vt 0.300351 0.997736
vt 0.300351 0.997736
vt 0.649737 0.997736
vt 0.649737 0.997736
vt 0.250439 0.997736
vt 0.250438 0.997736
vt 0.599825 0.997736
vt 0.599825 0.997736
vt 0.949211 0.997736
vt 0.999123 0.997736
vt 0.999123 0.997736
vt 0.949211 0.997736
vt 0.200526 0.997736
vt 0.200526 0.997736
vt 0.549912 0.997736
vt 0.549912 0.997736
vt 0.899299 0.997736
vt 0.899298 0.997736
vt 0.150614 0.997736
vt 0.150614 0.997736
vt 0.949211 0.965458
vt 0.998804 0.965458
vt 0.997897 0.997736
vt 0.949211 0.997736
vt 0.998863 0.997736
vt 0.949211 0.997736
vt 0.999123 0.997736
vt 0.899299 0.965458
vt 0.899299 0.997736
vt 0.899299 0.997736
vt 0.849386 0.965458
vt 0.849386 0.997736
vt 0.849386 0.997736
vt 0.799474 0.965458
vt 0.799474 0.997736
vt 0.799474 0.997736
vt 0.749562 0.965458
vt 0.749562 0.997736
vt 0.749562 0.997736
vt 0.699649 0.965458
vt 0.699649 0.997736
vt 0.699649 0.997736
vt 0.649737 0.965458
vt 0.649737 0.997736
vt 0.649737 0.997736
vt 0.599825 0.965458
vt 0.599825 0.997736
vt 0.599825 0.997736
vt 0.549912 0.965458
vt 0.549912 0.997736
vt 0.549912 0.997736
vt 0.500000 0.965458
vt 0.500000 0.997736
vt 0.500000 0.997736
vt 0.450088 0.965458
vt 0.450088 0.997736
vt 0.450088 0.997736
vt 0.400175 0.965458
vt 0.400175 0.997736
vt 0.400175 0.997736
vt 0.350263 0.965458
vt 0.350263 0.997736
vt 0.350263 0.997736
vt 0.300351 0.965458
vt 0.300351 0.997736
vt 0.300351 0.997736
vt 0.250439 0.965458
vt 0.250438 0.997736
vt 0.250438 0.997736
vt 0.200526 0.965458
vt 0.200526 0.997736
vt 0.200526 0.997736
vt 0.150614 0.965458
vt 0.150614 0.997736
vt 0.150614 0.997736
vt 0.100702 0.965458
vt 0.100702 0.997736
vt 0.100702 0.997736
vt 0.050789 0.965458
vt 0.050789 0.997736
vt 0.050789 0.997736
vt 0.001196 0.965458
vt 0.002103 0.997736
vt 0.001137 0.997736
vt 0.949211 0.997736
vt 0.949211 0.997736
vt 0.999123 0.997736
vt 0.999559 0.997736
vt 0.949211 0.997736
vt 1.000000 0.997736
vt 0.949211 0.997736
vt 0.899299 0.997737
vt 0.899299 0.997736
vt 0.849386 0.997736
vt 0.849386 0.997736
vt 0.799474 0.997736
vt 0.799474 0.997736
vt 0.749562 0.997736
vt 0.749562 0.997736
vt 0.699649 0.997736
vt 0.699649 0.997736
vt 0.649737 0.997736
vt 0.649737 0.997736
vt 0.599825 0.997736
vt 0.599825 0.997736
vt 0.549912 0.997736
vt 0.549912 0.997736
vt 0.500000 0.997736
vt 0.500000 0.997736
vt 0.450088 0.997736
vt 0.450088 0.997736
vt 0.400175 0.997736
vt 0.400175 0.997736
vt 0.350263 0.997736
vt 0.350263 0.997736
vt 0.300351 0.997736
vt 0.300351 0.997736
vt 0.250438 0.997736
vt 0.250438 0.997736
vt 0.200526 0.997736
vt 0.200526 0.997736
vt 0.150614 0.997737
vt 0.150614 0.997736
vt 0.100702 0.997736
vt 0.100702 0.997736
vt 0.050789 0.997736
vt 0.050789 0.997736
vt 0.000441 0.997737
vt 0.000000 0.997736
vt 0.999123 0.997736
vt 0.998944 0.997736
vt 0.949211 0.997736
vt 0.999123 0.997736
vt 0.899299 0.997736
vt 0.849386 0.997736
vt 0.799474 0.997736
vt 0.749562 0.997736
vt 0.699649 0.997736
vt 0.649737 0.997736
vt 0.599825 0.997736
vt 0.549912 0.997736
vt 0.500000 0.997736
vt 0.450088 0.997736
vt 0.400175 0.997736
vt 0.350263 0.997736
vt 0.300351 0.997736
vt 0.250439 0.997736
vt 0.200526 0.997736
vt 0.150614 0.997736
vt 0.100702 0.997736
vt 0.050789 0.997736
vt 0.001056 0.997736
vt 0.999123 0.997736
vt 0.998628 0.997736
vt 0.949706 0.997736
vt 0.948716 0.997736
vt 0.899794 0.997736
vt 0.898803 0.997736
vt 0.849882 0.997736
vt 0.848891 0.997736
vt 0.799969 0.997736
vt 0.798979 0.997736
vt 0.750057 0.997736
vt 0.749066 0.997736
vt 0.700145 0.997736
vt 0.699154 0.997736
vt 0.650232 0.997736
vt 0.649242 0.997736
vt 0.600320 0.997736
vt 0.599329 0.997736
vt 0.550408 0.997736
vt 0.549417 0.997736
vt 0.500495 0.997736
vt 0.499505 0.997736
vt 0.450583 0.997736
vt 0.449592 0.997736
vt 0.400671 0.997736
vt 0.399680 0.997736
vt 0.350758 0.997736
vt 0.349768 0.997736
vt 0.300846 0.997736
vt 0.299856 0.997736
vt 0.250934 0.997736
vt 0.249943 0.997736
vt 0.201021 0.997736
vt 0.200031 0.997736
vt 0.151109 0.997736
vt 0.150119 0.997736
vt 0.101197 0.997736
vt 0.100206 0.997736
vt 0.051285 0.997736
vt 0.050294 0.997736
vt 0.001372 0.997736
vt 0.999123 0.997736
vt 0.949211 0.997736
vt 0.999123 0.997736
vt 0.899299 0.997736
vt 0.849386 0.997736
vt 0.799474 0.997736
vt 0.749562 0.997736
vt 0.699649 0.997736
vt 0.649737 0.997736
vt 0.599825 0.997736
vt 0.549912 0.997736
vt 0.500000 0.997736
vt 0.450088 0.997736
vt 0.400175 0.997736
vt 0.350263 0.997736
vt 0.300351 0.997736
vt 0.250439 0.997736
vt 0.200526 0.997736
vt 0.150614 0.997736
vt 0.100702 0.997736
vt 0.050789 0.997736
vt 0.000877 0.997736
vn 0.8288 -0.4904 -0.2693
vn 0.7051 -0.4904 -0.5123
vn 0.7084 -0.4831 -0.5147
vn 0.8327 -0.4831 -0.2706
vn 0.8715 -0.4904 0.0000
vn 0.8756 -0.4831 -0.0000
vn 0.8288 -0.4904 0.2693
vn 0.8327 -0.4831 0.2706
vn 0.7051 -0.4904 0.5123
vn 0.7084 -0.4831 0.5147
vn 0.5123 -0.4904 0.7051
vn 0.5147 -0.4831 0.7084
vn 0.2693 -0.4904 0.8288
vn 0.2706 -0.4831 0.8327
vn -0.0000 -0.4904 0.8715
vn 0.0000 -0.4831 0.8756
vn -0.2693 -0.4904 0.8288
vn -0.2706 -0.4831 0.8327
vn -0.5123 -0.4904 0.7051
vn -0.5147 -0.4831 0.7084
vn -0.7051 -0.4904 0.5123
vn -0.7084 -0.4831 0.5147
vn -0.8288 -0.4904 0.2693
vn -0.8327 -0.4831 0.2706
vn -0.8715 -0.4904 -0.0000
vn -0.8756 -0.4831 -0.0000
vn -0.8288 -0.4904 -0.2693
vn -0.8327 -0.4831 -0.2706
vn -0.7051 -0.4904 -0.5123
vn -0.7084 -0.4831 -0.5147
vn -0.5123 -0.4904 -0.7051
vn -0.5147 -0.4831 -0.7084
vn -0.2693 -0.4904 -0.8288
vn -0.2706 -0.4831 -0.8327
vn 0.5123 -0.4904 -0.7051
vn 0.5147 -0.4831 -0.7084
vn 0.4109 0.7151 -0.5656
vn 0.2160 0.7151 -0.6649
vn 0.2020 0.7567 -0.6217
vn 0.3843 0.7567 -0.5289
vn -0.9475 -0.0864 -0.3079
vn -0.9963 -0.0864 0.0000
vn -0.9811 0.1935 0.0000
vn -0.9331 0.1935 -0.3032
vn -0.5656 0.7151 -0.4109
vn -0.6649 0.7151 -0.2160
vn -0.6217 0.7567 -0.2020
vn -0.5289 0.7567 -0.3843
vn -0.0000 0.7151 0.6991
vn 0.2160 0.7151 0.6649
vn 0.2020 0.7567 0.6217
vn -0.0000 0.7567 0.6537
vn 0.5656 0.7151 -0.4109
vn 0.5289 0.7567 -0.3843
vn -0.4109 0.7151 -0.5656
vn -0.3843 0.7567 -0.5289
vn -0.2160 0.7151 0.6649
vn -0.2020 0.7567 0.6217
vn 0.6649 0.7151 -0.2160
vn 0.6217 0.7567 -0.2020
vn -0.2160 0.7151 -0.6649
vn -0.2020 0.7567 -0.6217
vn -0.4109 0.7151 0.5656
vn -0.3843 0.7567 0.5289
vn 0.6991 0.7151 0.0000
vn 0.6537 0.7567 0.0000
vn -0.0000 -0.4904 -0.8715
vn 0.0000 -0.4831 -0.8756
vn -0.5656 0.7151 0.4109
vn -0.5289 0.7567 0.3843
vn 0.6649 0.7151 0.2160
vn 0.6217 0.7567 0.2020
vn -0.6649 0.7151 0.2160
vn -0.6217 0.7567 0.2020
vn 0.5656 0.7151 0.4109
vn 0.5289 0.7567 0.3843
vn -0.6991 0.7151 -0.0000
vn -0.6537 0.7567 -0.0000
vn 0.4109 0.7151 0.5656
vn 0.3843 0.7567 0.5289
vn -0.0000 0.7151 -0.6991
vn -0.0000 0.7567 -0.6537
vn -0.8060 -0.0864 0.5856
vn -0.5856 -0.0864 0.8060
vn -0.5767 0.1935 0.7937
vn -0.7937 0.1935 0.5767
vn 0.3079 -0.0864 0.9475
vn 0.5856 -0.0864 0.8060
vn 0.5767 0.1935 0.7937
vn 0.3032 0.1935 0.9331
vn -0.8060 -0.0864 -0.5856
vn -0.7937 0.1935 -0.5767
vn 0.0000 -0.0864 0.9963
vn 0.0000 0.1935 0.9811
vn 0.5856 -0.0864 -0.8060
vn 0.3079 -0.0864 -0.9475
vn 0.3032 0.1935 -0.9331
vn 0.5767 0.1935 -0.7937
vn -0.5856 -0.0864 -0.8060
vn -0.5767 0.1935 -0.7937
vn -0.3079 -0.0864 0.9475
vn -0.3032 0.1935 0.9331
vn 0.9475 -0.0864 -0.3079
vn 0.8060 -0.0864 -0.5856
vn 0.7937 0.1935 -0.5767
vn 0.9331 0.1935 -0.3032
vn -0.3079 -0.0864 -0.9475
vn -0.3032 0.1935 -0.9331
vn -0.3076 0.0940 0.9468
vn 0.0000 0.0940 0.9956
vn -0.0000 -0.0879 0.9961
vn -0.3078 -0.0879 0.9474
vn 0.9963 -0.0864 -0.0000
vn 0.9811 0.1935 0.0000
vn 0.9475 -0.0864 0.3079
vn 0.9331 0.1935 0.3032
vn -0.9475 -0.0864 0.3079
vn -0.9331 0.1935 0.3032
vn 0.8060 -0.0864 0.5856
vn 0.7937 0.1935 0.5767
vn 0.0000 -0.0864 -0.9963
vn 0.0000 0.1935 -0.9811
vn 0.9468 0.0940 -0.3076
vn 0.8054 0.0940 -0.5852
vn 0.8059 -0.0879 -0.5855
vn 0.9474 -0.0879 -0.3078
vn -0.3076 0.0940 -0.9468
vn -0.5852 0.0940 -0.8054
vn -0.5855 -0.0879 -0.8059
vn -0.3078 -0.0879 -0.9474
vn -0.5852 0.0940 0.8054
vn -0.5855 -0.0879 0.8059
vn 0.9956 0.0940 0.0000
vn 0.9961 -0.0879 -0.0000
vn 0.0000 0.0940 -0.9956
vn -0.0000 -0.0879 -0.9961
vn -0.8054 0.0940 0.5852
vn -0.8059 -0.0879 0.5855
vn 0.9468 0.0940 0.3076
vn 0.9474 -0.0879 0.3078
vn -0.9468 0.0940 0.3076
vn -0.9474 -0.0879 0.3078
vn 0.8054 0.0940 0.5852
vn 0.8059 -0.0879 0.5855
vn -0.9956 0.0940 -0.0000
vn -0.9961 -0.0879 0.0000
vn 0.5852 0.0940 0.8054
vn 0.5855 -0.0879 0.8059
vn 0.3076 0.0940 -0.9468
vn 0.3078 -0.0879 -0.9474
vn -0.9468 0.0940 -0.3076
vn -0.9474 -0.0879 -0.3078
vn 0.3076 0.0940 0.9468
vn 0.3078 -0.0879 0.9474
vn 0.5852 0.0940 -0.8054
vn 0.5855 -0.0879 -0.8059
vn -0.8054 0.0940 -0.5852
vn -0.8059 -0.0879 -0.5855
vn 0.2939 0.3093 -0.9044
vn 0.0000 0.3093 -0.9510
vn 0.0000 0.3842 -0.9233
vn 0.2853 0.3842 -0.8781
vn -0.0000 0.5396 -0.8419
vn 0.2602 0.5396 -0.8007
vn 0.5590 0.3093 -0.7693
vn 0.5427 0.3842 -0.7469
vn 0.4949 0.5396 -0.6811
vn 0.7693 0.3093 -0.5590
vn 0.7469 0.3842 -0.5427
vn 0.6811 0.5396 -0.4949
vn 0.9044 0.3093 -0.2939
vn 0.8781 0.3842 -0.2853
vn 0.8007 0.5396 -0.2602
vn 0.9510 0.3093 0.0000
vn 0.9233 0.3842 0.0000
vn 0.8419 0.5396 0.0000
vn 0.9044 0.3093 0.2939
vn 0.8781 0.3842 0.2853
vn 0.8007 0.5396 0.2602
vn 0.7693 0.3093 0.5590
vn 0.7469 0.3842 0.5427
vn 0.6811 0.5396 0.4949
vn 0.5590 0.3093 0.7693
vn 0.5427 0.3842 0.7469
vn 0.4949 0.5396 0.6811
vn 0.2939 0.3093 0.9044
vn 0.2853 0.3842 0.8781
vn 0.2602 0.5396 0.8007
vn 0.0000 0.3093 0.9510
vn 0.0000 0.3842 0.9233
vn -0.0000 0.5396 0.8419
vn -0.2939 0.3093 0.9044
vn -0.2853 0.3842 0.8781
vn -0.2602 0.5396 0.8007
vn -0.5590 0.3093 0.7693
vn -0.5427 0.3842 0.7469
vn -0.4949 0.5396 0.6811
vn -0.7693 0.3093 0.5590
vn -0.7469 0.3842 0.5427
vn -0.6811 0.5396 0.4949
vn -0.9044 0.3093 0.2939
vn -0.8781 0.3842 0.2853
vn -0.8007 0.5396 0.2602
vn -0.9510 0.3093 0.0000
vn -0.9233 0.3842 0.0000
vn -0.8419 0.5396 0.0000
vn -0.9044 0.3093 -0.2939
vn -0.8781 0.3842 -0.2853
vn -0.8007 0.5396 -0.2602
vn -0.7693 0.3093 -0.5590
vn -0.7469 0.3842 -0.5427
vn -0.6811 0.5396 -0.4949
vn -0.5590 0.3093 -0.7693
vn -0.5427 0.3842 -0.7469
vn -0.4949 0.5396 -0.6811
vn -0.2939 0.3093 -0.9044
vn -0.2853 0.3842 -0.8781
vn -0.2602 0.5396 -0.8007
vn 0.2693 -0.4904 -0.8288
vn 0.2706 -0.4831 -0.8327
vn 0.0000 0.5850 -0.8110
vn 0.2506 0.5850 -0.7713
vn 0.0000 0.3286 -0.9445
vn 0.2919 0.3286 -0.8982
vn 0.4767 0.5850 -0.6561
vn 0.5551 0.3286 -0.7641
vn 0.6561 0.5850 -0.4767
vn 0.7641 0.3286 -0.5551
vn 0.7713 0.5850 -0.2506
vn 0.8982 0.3286 -0.2919
vn 0.8110 0.5850 -0.0000
vn 0.9445 0.3286 0.0000
vn 0.7713 0.5850 0.2506
vn 0.8982 0.3286 0.2919
vn 0.6561 0.5850 0.4767
vn 0.7641 0.3286 0.5551
vn 0.4767 0.5850 0.6561
vn 0.5551 0.3286 0.7641
vn 0.2506 0.5850 0.7713
vn 0.2919 0.3286 0.8982
vn -0.0000 0.5850 0.8110
vn -0.0000 0.3286 0.9445
vn -0.2506 0.5850 0.7713
vn -0.2919 0.3286 0.8982
vn -0.4767 0.5850 0.6561
vn -0.5551 0.3286 0.7641
vn -0.6561 0.5850 0.4767
vn -0.7641 0.3286 0.5551
vn -0.7713 0.5850 0.2506
vn -0.8982 0.3286 0.2919
vn -0.8110 0.5850 -0.0000
vn -0.9445 0.3286 -0.0000
vn -0.7713 0.5850 -0.2506
vn -0.8982 0.3286 -0.2919
vn -0.6561 0.5850 -0.4767
vn -0.7641 0.3286 -0.5551
vn -0.4767 0.5850 -0.6561
vn -0.5551 0.3286 -0.7641
vn -0.2506 0.5850 -0.7713
vn -0.2919 0.3286 -0.8982
vn 0.0000 -0.2903 -0.9569
vn 0.2957 -0.2903 -0.9101
vn 0.5625 -0.2903 -0.7742
vn 0.7742 -0.2903 -0.5625
vn 0.9101 -0.2903 -0.2957
vn 0.9569 -0.2903 -0.0000
vn 0.9101 -0.2903 0.2957
vn 0.7742 -0.2903 0.5625
vn 0.5625 -0.2903 0.7742
vn 0.2957 -0.2903 0.9101
vn 0.0000 -0.2903 0.9569
vn -0.2957 -0.2903 0.9101
vn -0.5625 -0.2903 0.7742
vn -0.7742 -0.2903 0.5625
vn -0.9101 -0.2903 0.2957
vn -0.9569 -0.2903 0.0000
vn -0.9101 -0.2903 -0.2957
vn -0.7742 -0.2903 -0.5625
vn -0.5625 -0.2903 -0.7742
vn -0.2957 -0.2903 -0.9101
vn 0.0000 0.3867 -0.9222
vn 0.2850 0.3867 -0.8771
vn 0.5420 0.3867 -0.7461
vn 0.7461 0.3867 -0.5420
vn 0.8771 0.3867 -0.2850
vn 0.9222 0.3867 0.0000
vn 0.8771 0.3867 0.2850
vn 0.7461 0.3867 0.5421
vn 0.5420 0.3867 0.7461
vn 0.2850 0.3867 0.8771
vn 0.0000 0.3867 0.9222
vn -0.2850 0.3867 0.8771
vn -0.5420 0.3867 0.7461
vn -0.7461 0.3867 0.5421
vn -0.8771 0.3867 0.2850
vn -0.9222 0.3867 0.0000
vn -0.8771 0.3867 -0.2850
vn -0.7461 0.3867 -0.5420
vn -0.5420 0.3867 -0.7461
vn -0.2850 0.3867 -0.8771
vn -0.0000 -0.2972 -0.9548
vn 0.2951 -0.2972 -0.9081
vn 0.5612 -0.2972 -0.7725
vn 0.7725 -0.2972 -0.5612
vn 0.9081 -0.2972 -0.2951
vn 0.9548 -0.2972 -0.0000
vn 0.9081 -0.2972 0.2951
vn 0.7725 -0.2972 0.5612
vn 0.5612 -0.2972 0.7725
vn 0.2951 -0.2972 0.9081
vn -0.0000 -0.2972 0.9548
vn -0.2951 -0.2972 0.9081
vn -0.5612 -0.2972 0.7725
vn -0.7725 -0.2972 0.5612
vn -0.9081 -0.2972 0.2951
vn -0.9548 -0.2972 0.0000
vn -0.9081 -0.2972 -0.2951
vn -0.7725 -0.2972 -0.5612
vn -0.5612 -0.2972 -0.7725
vn -0.2951 -0.2972 -0.9081
s 1
f 3125/3122/2561 3122/3123/2562 3023/3124/2563 3026/3125/2564
f 3128/3126/2565 3125/3122/2561 3026/3125/2564 3029/3127/2566
f 3131/3128/2567 3128/3126/2565 3029/3127/2566 3032/3129/2568
f 3134/3130/2569 3131/3128/2567 3032/3129/2568 3035/3131/2570
f 3137/3132/2571 3134/3130/2569 3035/3131/2570 3038/3133/2572
f 3140/3134/2573 3137/3132/2571 3038/3133/2572 3041/3135/2574
f 3143/3136/2575 3140/3134/2573 3041/3135/2574 3044/3137/2576
f 3146/3138/2577 3143/3136/2575 3044/3137/2576 3047/3139/2578
f 3149/3140/2579 3146/3138/2577 3047/3139/2578 3050/3141/2580
f 3152/3142/2581 3149/3140/2579 3050/3141/2580 3053/3143/2582
f 3155/3144/2583 3152/3142/2581 3053/3143/2582 3056/3145/2584
f 3158/3146/2585 3155/3144/2583 3056/3145/2584 3059/3147/2586
f 3161/3148/2587 3158/3146/2585 3059/3147/2586 3062/3149/2588
f 3164/3150/2589 3161/3148/2587 3062/3149/2588 3065/3151/2590
f 3167/3152/2591 3164/3150/2589 3065/3151/2590 3068/3153/2592
f 3170/3154/2593 3167/3152/2591 3068/3153/2592 3071/3155/2594
f 3122/3123/2562 3119/3156/2595 3020/3157/2596 3023/3124/2563
f 2861/3158/2597 2857/3159/2598 2938/3160/2599 2942/3161/2600
f 3061/3162/2601 3058/3163/2602 3103/3164/2603 3105/3165/2604
f 2921/3166/2605 2917/3167/2606 2998/3168/2607 3002/3169/2608
f 2893/3170/2609 2889/3171/2610 2970/3172/2611 2974/3173/2612
f 2865/3174/2613 2861/3158/2597 2942/3161/2600 2946/3175/2614
f 2925/3176/2615 2921/3166/2605 3002/3169/2608 3006/3177/2616
f 2897/3178/2617 2893/3170/2609 2974/3173/2612 2978/3179/2618
f 2869/3180/2619 2865/3174/2613 2946/3175/2614 2950/3181/2620
f 2929/3182/2621 2925/3176/2615 3006/3177/2616 3010/3183/2622
f 2901/3184/2623 2897/3178/2617 2978/3179/2618 2982/3185/2624
f 2873/3186/2625 2869/3180/2619 2950/3181/2620 2954/3187/2626
f 3114/3188/2627 3170/3154/2593 3071/3155/2594 3013/3189/2628
f 2905/3190/2629 2901/3184/2623 2982/3185/2624 2986/3191/2630
f 2877/3192/2631 2873/3186/2625 2954/3187/2626 2958/3193/2632
f 2909/3194/2633 2905/3190/2629 2986/3191/2630 2990/3195/2634
f 2881/3196/2635 2877/3192/2631 2958/3193/2632 2962/3197/2636
f 2913/3198/2637 2909/3194/2633 2990/3195/2634 2994/3199/2638
f 2885/3200/2639 2881/3196/2635 2962/3197/2636 2966/3201/2640
f 2853/3202/2641 2929/3182/2621 3010/3183/2622 2933/3203/2642
f 2917/3167/2606 2913/3198/2637 2994/3199/2638 2998/3168/2607
f 2889/3171/2610 2885/3200/2639 2966/3201/2640 2970/3172/2611
f 3052/3204/2643 3049/3205/2644 3097/3206/2645 3099/3207/2646
f 3040/3208/2647 3037/3209/2648 3089/3210/2649 3091/3211/2650
f 3064/3212/2651 3061/3162/2601 3105/3165/2604 3107/3213/2652
f 3043/3214/2653 3040/3208/2647 3091/3211/2650 3093/3215/2654
f 3019/3216/2655 3016/3217/2656 3075/3218/2657 3077/3219/2658
f 3067/3220/2659 3064/3212/2651 3107/3213/2652 3109/3221/2660
f 3046/3222/2661 3043/3214/2653 3093/3215/2654 3095/3223/2662
f 3025/3224/2663 3022/3225/2664 3079/3226/2665 3081/3227/2666
f 3070/3228/2667 3067/3220/2659 3109/3221/2660 3111/3229/2668
f 2977/3230/2669 2973/3231/2670 3144/3232/2671 3147/3233/2672
f 3028/3234/2673 3025/3224/2663 3081/3227/2666 3083/3235/2674
f 3049/3205/2644 3046/3222/2661 3095/3223/2662 3097/3206/2645
f 3031/3236/2675 3028/3234/2673 3083/3235/2674 3085/3237/2676
f 3055/3238/2677 3052/3204/2643 3099/3207/2646 3101/3239/2678
f 3034/3240/2679 3031/3236/2675 3085/3237/2676 3087/3241/2680
f 3022/3225/2664 3019/3216/2655 3077/3219/2658 3079/3226/2665
f 3058/3163/2602 3055/3238/2677 3101/3239/2678 3103/3164/2603
f 3037/3209/2648 3034/3240/2679 3087/3241/2680 3089/3210/2649
f 3014/3242/2681 3070/3228/2667 3111/3229/2668 3073/3243/2682
f 2949/3244/2683 2945/3245/2684 3123/3246/2685 3126/3247/2686
f 3009/3248/2687 3005/3249/2688 3168/3250/2689 3171/3251/2690
f 2981/3252/2691 2977/3230/2669 3147/3233/2672 3150/3253/2692
f 2953/3254/2693 2949/3244/2683 3126/3247/2686 3129/3255/2694
f 2934/3256/2695 3009/3248/2687 3171/3251/2690 3113/3257/2696
f 2985/3258/2697 2981/3252/2691 3150/3253/2692 3153/3259/2698
f 2957/3260/2699 2953/3254/2693 3129/3255/2694 3132/3261/2700
f 2989/3262/2701 2985/3258/2697 3153/3259/2698 3156/3263/2702
f 2961/3264/2703 2957/3260/2699 3132/3261/2700 3135/3265/2704
f 2993/3266/2705 2989/3262/2701 3156/3263/2702 3159/3267/2706
f 2965/3268/2707 2961/3264/2703 3135/3265/2704 3138/3269/2708
f 2937/3270/2709 2934/3271/2695 3113/3272/2696 3117/3273/2710
f 2997/3274/2711 2993/3266/2705 3159/3267/2706 3162/3275/2712
f 2969/3276/2713 2965/3268/2707 3138/3269/2708 3141/3277/2714
f 2941/3278/2715 2937/3270/2709 3117/3273/2710 3120/3279/2716
f 3001/3280/2717 2997/3274/2711 3162/3275/2712 3165/3281/2718
f 2973/3231/2670 2969/3276/2713 3141/3277/2714 3144/3232/2671
f 2945/3245/2684 2941/3278/2715 3120/3279/2716 3123/3246/2685
f 3005/3249/2688 3001/3280/2717 3165/3281/2718 3168/3250/2689
f 2860/3282/2719 2854/3283/2720 2855/3284/2721 2859/3285/2722
f 2859/3285/2722 2855/3284/2721 2856/3286/2723 2858/3287/2724
f 2858/3287/2724 2856/3286/2723 2853/3288/2641 2857/3159/2598
f 2864/3289/2725 2860/3282/2719 2859/3285/2722 2863/3290/2726
f 2863/3290/2726 2859/3285/2722 2858/3287/2724 2862/3291/2727
f 2862/3291/2727 2858/3287/2724 2857/3159/2598 2861/3158/2597
f 2868/3292/2728 2864/3289/2725 2863/3290/2726 2867/3293/2729
f 2867/3293/2729 2863/3290/2726 2862/3291/2727 2866/3294/2730
f 2866/3294/2730 2862/3291/2727 2861/3158/2597 2865/3174/2613
f 2872/3295/2731 2868/3292/2728 2867/3293/2729 2871/3296/2732
f 2871/3296/2732 2867/3293/2729 2866/3294/2730 2870/3297/2733
f 2870/3297/2733 2866/3294/2730 2865/3174/2613 2869/3180/2619
f 2876/3298/2734 2872/3295/2731 2871/3296/2732 2875/3299/2735
f 2875/3299/2735 2871/3296/2732 2870/3297/2733 2874/3300/2736
f 2874/3300/2736 2870/3297/2733 2869/3180/2619 2873/3186/2625
f 2880/3301/2737 2876/3298/2734 2875/3299/2735 2879/3302/2738
f 2879/3302/2738 2875/3299/2735 2874/3300/2736 2878/3303/2739
f 2878/3303/2739 2874/3300/2736 2873/3186/2625 2877/3192/2631
f 2884/3304/2740 2880/3301/2737 2879/3302/2738 2883/3305/2741
f 2883/3305/2741 2879/3302/2738 2878/3303/2739 2882/3306/2742
f 2882/3306/2742 2878/3303/2739 2877/3192/2631 2881/3196/2635
f 2888/3307/2743 2884/3304/2740 2883/3305/2741 2887/3308/2744
f 2887/3308/2744 2883/3305/2741 2882/3306/2742 2886/3309/2745
f 2886/3309/2745 2882/3306/2742 2881/3196/2635 2885/3200/2639
f 2892/3310/2746 2888/3307/2743 2887/3308/2744 2891/3311/2747
f 2891/3311/2747 2887/3308/2744 2886/3309/2745 2890/3312/2748
f 2890/3312/2748 2886/3309/2745 2885/3200/2639 2889/3171/2610
f 2896/3313/2749 2892/3310/2746 2891/3311/2747 2895/3314/2750
f 2895/3314/2750 2891/3311/2747 2890/3312/2748 2894/3315/2751
f 2894/3315/2751 2890/3312/2748 2889/3171/2610 2893/3170/2609
f 2900/3316/2752 2896/3313/2749 2895/3314/2750 2899/3317/2753
f 2899/3317/2753 2895/3314/2750 2894/3315/2751 2898/3318/2754
f 2898/3318/2754 2894/3315/2751 2893/3170/2609 2897/3178/2617
f 2904/3319/2755 2900/3316/2752 2899/3317/2753 2903/3320/2756
f 2903/3320/2756 2899/3317/2753 2898/3318/2754 2902/3321/2757
f 2902/3321/2757 2898/3318/2754 2897/3178/2617 2901/3184/2623
f 2908/3322/2758 2904/3319/2755 2903/3320/2756 2907/3323/2759
f 2907/3323/2759 2903/3320/2756 2902/3321/2757 2906/3324/2760
f 2906/3324/2760 2902/3321/2757 2901/3184/2623 2905/3190/2629
f 2912/3325/2761 2908/3322/2758 2907/3323/2759 2911/3326/2762
f 2911/3326/2762 2907/3323/2759 2906/3324/2760 2910/3327/2763
f 2910/3327/2763 2906/3324/2760 2905/3190/2629 2909/3194/2633
f 2916/3328/2764 2912/3325/2761 2911/3326/2762 2915/3329/2765
f 2915/3329/2765 2911/3326/2762 2910/3327/2763 2914/3330/2766
f 2914/3330/2766 2910/3327/2763 2909/3194/2633 2913/3198/2637
f 2920/3331/2767 2916/3328/2764 2915/3329/2765 2919/3332/2768
f 2919/3332/2768 2915/3329/2765 2914/3330/2766 2918/3333/2769
f 2918/3333/2769 2914/3330/2766 2913/3198/2637 2917/3167/2606
f 2924/3334/2770 2920/3331/2767 2919/3332/2768 2923/3335/2771
f 2923/3335/2771 2919/3332/2768 2918/3333/2769 2922/3336/2772
f 2922/3336/2772 2918/3333/2769 2917/3167/2606 2921/3166/2605
f 2928/3337/2773 2924/3334/2770 2923/3335/2771 2927/3338/2774
f 2927/3338/2774 2923/3335/2771 2922/3336/2772 2926/3339/2775
f 2926/3339/2775 2922/3336/2772 2921/3166/2605 2925/3176/2615
f 2932/3340/2776 2928/3337/2773 2927/3338/2774 2931/3341/2777
f 2931/3341/2777 2927/3338/2774 2926/3339/2775 2930/3342/2778
f 2930/3342/2778 2926/3339/2775 2925/3176/2615 2929/3182/2621
f 2854/3343/2720 2932/3340/2776 2931/3341/2777 2855/3344/2721
f 2855/3344/2721 2931/3341/2777 2930/3342/2778 2856/3345/2723
f 2856/3345/2723 2930/3342/2778 2929/3182/2621 2853/3202/2641
f 3119/3156/2595 3116/3346/2779 3017/3347/2780 3020/3157/2596
f 2938/3160/2599 2933/3348/2642 2935/3349/2781 2940/3350/2782
f 2940/3350/2782 2935/3349/2781 2936/3351/2783 2939/3352/2784
f 2939/3352/2784 2936/3351/2783 2934/3271/2695 2937/3270/2709
f 2942/3161/2600 2938/3160/2599 2940/3350/2782 2944/3353/2785
f 2944/3353/2785 2940/3350/2782 2939/3352/2784 2943/3354/2786
f 2943/3354/2786 2939/3352/2784 2937/3270/2709 2941/3278/2715
f 2946/3175/2614 2942/3161/2600 2944/3353/2785 2948/3355/2787
f 2948/3355/2787 2944/3353/2785 2943/3354/2786 2947/3356/2788
f 2947/3356/2788 2943/3354/2786 2941/3278/2715 2945/3245/2684
f 2950/3181/2620 2946/3175/2614 2948/3355/2787 2952/3357/2789
f 2952/3357/2789 2948/3355/2787 2947/3356/2788 2951/3358/2790
f 2951/3358/2790 2947/3356/2788 2945/3245/2684 2949/3244/2683
f 2954/3187/2626 2950/3181/2620 2952/3357/2789 2956/3359/2791
f 2956/3359/2791 2952/3357/2789 2951/3358/2790 2955/3360/2792
f 2955/3360/2792 2951/3358/2790 2949/3244/2683 2953/3254/2693
f 2958/3193/2632 2954/3187/2626 2956/3359/2791 2960/3361/2793
f 2960/3361/2793 2956/3359/2791 2955/3360/2792 2959/3362/2794
f 2959/3362/2794 2955/3360/2792 2953/3254/2693 2957/3260/2699
f 2962/3197/2636 2958/3193/2632 2960/3361/2793 2964/3363/2795
f 2964/3363/2795 2960/3361/2793 2959/3362/2794 2963/3364/2796
f 2963/3364/2796 2959/3362/2794 2957/3260/2699 2961/3264/2703
f 2966/3201/2640 2962/3197/2636 2964/3363/2795 2968/3365/2797
f 2968/3365/2797 2964/3363/2795 2963/3364/2796 2967/3366/2798
f 2967/3366/2798 2963/3364/2796 2961/3264/2703 2965/3268/2707
f 2970/3172/2611 2966/3201/2640 2968/3365/2797 2972/3367/2799
f 2972/3367/2799 2968/3365/2797 2967/3366/2798 2971/3368/2800
f 2971/3368/2800 2967/3366/2798 2965/3268/2707 2969/3276/2713
f 2974/3173/2612 2970/3172/2611 2972/3367/2799 2976/3369/2801
f 2976/3369/2801 2972/3367/2799 2971/3368/2800 2975/3370/2802
f 2975/3370/2802 2971/3368/2800 2969/3276/2713 2973/3231/2670
f 2978/3179/2618 2974/3173/2612 2976/3369/2801 2980/3371/2803
f 2980/3371/2803 2976/3369/2801 2975/3370/2802 2979/3372/2804
f 2979/3372/2804 2975/3370/2802 2973/3231/2670 2977/3230/2669
f 2982/3185/2624 2978/3179/2618 2980/3371/2803 2984/3373/2805
f 2984/3373/2805 2980/3371/2803 2979/3372/2804 2983/3374/2806
f 2983/3374/2806 2979/3372/2804 2977/3230/2669 2981/3252/2691
f 2986/3191/2630 2982/3185/2624 2984/3373/2805 2988/3375/2807
f 2988/3375/2807 2984/3373/2805 2983/3374/2806 2987/3376/2808
f 2987/3376/2808 2983/3374/2806 2981/3252/2691 2985/3258/2697
f 2990/3195/2634 2986/3191/2630 2988/3375/2807 2992/3377/2809
f 2992/3377/2809 2988/3375/2807 2987/3376/2808 2991/3378/2810
f 2991/3378/2810 2987/3376/2808 2985/3258/2697 2989/3262/2701
f 2994/3199/2638 2990/3195/2634 2992/3377/2809 2996/3379/2811
f 2996/3379/2811 2992/3377/2809 2991/3378/2810 2995/3380/2812
f 2995/3380/2812 2991/3378/2810 2989/3262/2701 2993/3266/2705
f 2998/3168/2607 2994/3199/2638 2996/3379/2811 3000/3381/2813
f 3000/3381/2813 2996/3379/2811 2995/3380/2812 2999/3382/2814
f 2999/3382/2814 2995/3380/2812 2993/3266/2705 2997/3274/2711
f 3002/3169/2608 2998/3168/2607 3000/3381/2813 3004/3383/2815
f 3004/3383/2815 3000/3381/2813 2999/3382/2814 3003/3384/2816
f 3003/3384/2816 2999/3382/2814 2997/3274/2711 3001/3280/2717
f 3006/3177/2616 3002/3169/2608 3004/3383/2815 3008/3385/2817
f 3008/3385/2817 3004/3383/2815 3003/3384/2816 3007/3386/2818
f 3007/3386/2818 3003/3384/2816 3001/3280/2717 3005/3249/2688
f 3010/3183/2622 3006/3177/2616 3008/3385/2817 3012/3387/2819
f 3012/3387/2819 3008/3385/2817 3007/3386/2818 3011/3388/2820
f 3011/3388/2820 3007/3386/2818 3005/3249/2688 3009/3248/2687
f 2933/3203/2642 3010/3183/2622 3012/3387/2819 2935/3389/2781
f 2935/3389/2781 3012/3387/2819 3011/3388/2820 2936/3390/2783
f 2936/3390/2783 3011/3388/2820 3009/3248/2687 2934/3256/2695
f 2857/3159/2598 2853/3288/2641 2933/3348/2642 2938/3160/2599
f 3017/3347/2780 3013/3391/2628 3015/3392/2821 3018/3393/2822
f 3018/3393/2822 3015/3392/2821 3014/3394/2681 3016/3217/2656
f 3020/3157/2596 3017/3347/2780 3018/3393/2822 3021/3395/2823
f 3021/3395/2823 3018/3393/2822 3016/3217/2656 3019/3216/2655
f 3023/3124/2563 3020/3157/2596 3021/3395/2823 3024/3396/2824
f 3024/3396/2824 3021/3395/2823 3019/3216/2655 3022/3225/2664
f 3026/3125/2564 3023/3124/2563 3024/3396/2824 3027/3397/2825
f 3027/3397/2825 3024/3396/2824 3022/3225/2664 3025/3224/2663
f 3029/3127/2566 3026/3125/2564 3027/3397/2825 3030/3398/2826
f 3030/3398/2826 3027/3397/2825 3025/3224/2663 3028/3234/2673
f 3032/3129/2568 3029/3127/2566 3030/3398/2826 3033/3399/2827
f 3033/3399/2827 3030/3398/2826 3028/3234/2673 3031/3236/2675
f 3035/3131/2570 3032/3129/2568 3033/3399/2827 3036/3400/2828
f 3036/3400/2828 3033/3399/2827 3031/3236/2675 3034/3240/2679
f 3038/3133/2572 3035/3131/2570 3036/3400/2828 3039/3401/2829
f 3039/3401/2829 3036/3400/2828 3034/3240/2679 3037/3209/2648
f 3041/3135/2574 3038/3133/2572 3039/3401/2829 3042/3402/2830
f 3042/3402/2830 3039/3401/2829 3037/3209/2648 3040/3208/2647
f 3044/3137/2576 3041/3135/2574 3042/3402/2830 3045/3403/2831
f 3045/3403/2831 3042/3402/2830 3040/3208/2647 3043/3214/2653
f 3047/3139/2578 3044/3137/2576 3045/3403/2831 3048/3404/2832
f 3048/3404/2832 3045/3403/2831 3043/3214/2653 3046/3222/2661
f 3050/3141/2580 3047/3139/2578 3048/3404/2832 3051/3405/2833
f 3051/3405/2833 3048/3404/2832 3046/3222/2661 3049/3205/2644
f 3053/3143/2582 3050/3141/2580 3051/3405/2833 3054/3406/2834
f 3054/3406/2834 3051/3405/2833 3049/3205/2644 3052/3204/2643
f 3056/3145/2584 3053/3143/2582 3054/3406/2834 3057/3407/2835
f 3057/3407/2835 3054/3406/2834 3052/3204/2643 3055/3238/2677
f 3059/3147/2586 3056/3145/2584 3057/3407/2835 3060/3408/2836
f 3060/3408/2836 3057/3407/2835 3055/3238/2677 3058/3163/2602
f 3062/3149/2588 3059/3147/2586 3060/3408/2836 3063/3409/2837
f 3063/3409/2837 3060/3408/2836 3058/3163/2602 3061/3162/2601
f 3065/3151/2590 3062/3149/2588 3063/3409/2837 3066/3410/2838
f 3066/3410/2838 3063/3409/2837 3061/3162/2601 3064/3212/2651
f 3068/3153/2592 3065/3151/2590 3066/3410/2838 3069/3411/2839
f 3069/3411/2839 3066/3410/2838 3064/3212/2651 3067/3220/2659
f 3071/3155/2594 3068/3153/2592 3069/3411/2839 3072/3412/2840
f 3072/3412/2840 3069/3411/2839 3067/3220/2659 3070/3228/2667
f 3013/3189/2628 3071/3155/2594 3072/3412/2840 3015/3413/2821
f 3015/3413/2821 3072/3412/2840 3070/3228/2667 3014/3242/2681
f 3075/3218/2657 3073/3414/2682 3074/3415/2841 3076/3416/2842
f 3077/3219/2658 3075/3218/2657 3076/3417/2842 3078/3418/2843
f 3079/3226/2665 3077/3219/2658 3078/3419/2843 3080/3420/2844
f 3081/3227/2666 3079/3226/2665 3080/3421/2844 3082/3422/2845
f 3083/3235/2674 3081/3227/2666 3082/3423/2845 3084/3424/2846
f 3085/3237/2676 3083/3235/2674 3084/3425/2846 3086/3426/2847
f 3087/3241/2680 3085/3237/2676 3086/3427/2847 3088/3428/2848
f 3089/3210/2649 3087/3241/2680 3088/3429/2848 3090/3430/2849
f 3091/3211/2650 3089/3210/2649 3090/3431/2849 3092/3432/2850
f 3093/3215/2654 3091/3211/2650 3092/3433/2850 3094/3434/2851
f 3095/3223/2662 3093/3215/2654 3094/3435/2851 3096/3436/2852
f 3097/3206/2645 3095/3223/2662 3096/3437/2852 3098/3438/2853
f 3099/3207/2646 3097/3206/2645 3098/3439/2853 3100/3440/2854
f 3101/3239/2678 3099/3207/2646 3100/3441/2854 3102/3442/2855
f 3103/3164/2603 3101/3239/2678 3102/3443/2855 3104/3444/2856
f 3105/3165/2604 3103/3164/2603 3104/3445/2856 3106/3446/2857
f 3107/3213/2652 3105/3165/2604 3106/3447/2857 3108/3448/2858
f 3109/3221/2660 3107/3213/2652 3108/3449/2858 3110/3450/2859
f 3111/3229/2668 3109/3221/2660 3110/3451/2859 3112/3452/2860
f 3073/3243/2682 3111/3229/2668 3112/3453/2860 3074/3454/2841
f 3016/3217/2656 3014/3394/2681 3073/3414/2682 3075/3218/2657
f 3117/3273/2710 3113/3272/2696 3115/3455/2861 3118/3456/2862
f 3118/3456/2862 3115/3455/2861 3114/3457/2627 3116/3346/2779
f 3120/3279/2716 3117/3273/2710 3118/3456/2862 3121/3458/2863
f 3121/3458/2863 3118/3456/2862 3116/3346/2779 3119/3156/2595
f 3123/3246/2685 3120/3279/2716 3121/3458/2863 3124/3459/2864
f 3124/3459/2864 3121/3458/2863 3119/3156/2595 3122/3123/2562
f 3126/3247/2686 3123/3246/2685 3124/3459/2864 3127/3460/2865
f 3127/3460/2865 3124/3459/2864 3122/3123/2562 3125/3122/2561
f 3129/3255/2694 3126/3247/2686 3127/3460/2865 3130/3461/2866
f 3130/3461/2866 3127/3460/2865 3125/3122/2561 3128/3126/2565
f 3132/3261/2700 3129/3255/2694 3130/3461/2866 3133/3462/2867
f 3133/3462/2867 3130/3461/2866 3128/3126/2565 3131/3128/2567
f 3135/3265/2704 3132/3261/2700 3133/3462/2867 3136/3463/2868
f 3136/3463/2868 3133/3462/2867 3131/3128/2567 3134/3130/2569
f 3138/3269/2708 3135/3265/2704 3136/3463/2868 3139/3464/2869
f 3139/3464/2869 3136/3463/2868 3134/3130/2569 3137/3132/2571
f 3141/3277/2714 3138/3269/2708 3139/3464/2869 3142/3465/2870
f 3142/3465/2870 3139/3464/2869 3137/3132/2571 3140/3134/2573
f 3144/3232/2671 3141/3277/2714 3142/3465/2870 3145/3466/2871
f 3145/3466/2871 3142/3465/2870 3140/3134/2573 3143/3136/2575
f 3147/3233/2672 3144/3232/2671 3145/3466/2871 3148/3467/2872
f 3148/3467/2872 3145/3466/2871 3143/3136/2575 3146/3138/2577
f 3150/3253/2692 3147/3233/2672 3148/3467/2872 3151/3468/2873
f 3151/3468/2873 3148/3467/2872 3146/3138/2577 3149/3140/2579
f 3153/3259/2698 3150/3253/2692 3151/3468/2873 3154/3469/2874
f 3154/3469/2874 3151/3468/2873 3149/3140/2579 3152/3142/2581
f 3156/3263/2702 3153/3259/2698 3154/3469/2874 3157/3470/2875
f 3157/3470/2875 3154/3469/2874 3152/3142/2581 3155/3144/2583
f 3159/3267/2706 3156/3263/2702 3157/3470/2875 3160/3471/2876
f 3160/3471/2876 3157/3470/2875 3155/3144/2583 3158/3146/2585
f 3162/3275/2712 3159/3267/2706 3160/3471/2876 3163/3472/2877
f 3163/3472/2877 3160/3471/2876 3158/3146/2585 3161/3148/2587
f 3165/3281/2718 3162/3275/2712 3163/3472/2877 3166/3473/2878
f 3166/3473/2878 3163/3472/2877 3161/3148/2587 3164/3150/2589
f 3168/3250/2689 3165/3281/2718 3166/3473/2878 3169/3474/2879
f 3169/3474/2879 3166/3473/2878 3164/3150/2589 3167/3152/2591
f 3171/3251/2690 3168/3250/2689 3169/3474/2879 3172/3475/2880
f 3172/3475/2880 3169/3474/2879 3167/3152/2591 3170/3154/2593
f 3113/3257/2696 3171/3251/2690 3172/3475/2880 3115/3476/2861
f 3115/3476/2861 3172/3475/2880 3170/3154/2593 3114/3188/2627
f 3116/3346/2779 3114/3457/2627 3013/3391/2628 3017/3347/2780
o bottom
v 1.411506 -27.569818 -6.011701
v -0.348827 -27.569818 -5.114766
v -1.745836 -27.569818 -3.717757
v -2.642771 -27.569818 -1.957423
v -2.951833 -27.569818 -0.006079
v -2.642771 -27.569818 1.945266
v -1.745836 -27.569818 3.705599
v -0.348827 -27.569818 5.102607
v 1.411506 -27.569818 5.999542
v 3.362851 -27.569818 6.308605
v 5.314196 -27.569818 5.999542
v 7.074529 -27.569818 5.102607
v 8.471537 -27.569818 3.705599
v 9.368472 -27.569818 1.945266
v 9.677534 -27.569818 -0.006079
v 9.368472 -27.569818 -1.957423
v 8.471537 -27.569818 -3.717757
v 7.074529 -27.569818 -5.114766
v 3.362851 -27.569818 -6.320763
v 5.314196 -27.569818 -6.011701
v 3.362850 -27.569818 -8.741166
v 3.362850 -27.410133 -9.131491
v 6.062141 -27.569818 -8.313641
v 6.182758 -27.410133 -8.684861
v 8.497206 -27.569818 -7.072914
v 8.726633 -27.410133 -7.388693
v 10.429685 -27.569818 -5.140435
v 10.745464 -27.410133 -5.369863
v 11.670412 -27.569818 -2.705369
v 12.041634 -27.410133 -2.825987
v 12.097939 -27.569818 -0.006079
v 12.488263 -27.410133 -0.006079
v 11.670412 -27.569818 2.693212
v 12.041634 -27.410133 2.813829
v 10.429685 -27.569818 5.128277
v 10.745464 -27.410133 5.357704
v 8.497206 -27.569818 7.060755
v 8.726633 -27.410133 7.376535
v 6.062141 -27.569818 8.301484
v 6.182758 -27.410133 8.672706
v 3.362850 -27.569818 8.729011
v 3.362850 -27.410133 9.119335
v 0.663559 -27.569818 8.301484
v 0.542943 -27.410133 8.672706
v -1.771506 -27.569818 7.060755
v -2.000933 -27.410133 7.376535
v -3.703984 -27.569818 5.128277
v -4.019764 -27.410133 5.357704
v -4.944712 -27.569818 2.693212
v -5.315933 -27.410133 2.813829
v -5.372238 -27.569818 -0.006079
v -5.762563 -27.410133 -0.006079
v -4.944712 -27.569818 -2.705369
v -5.315933 -27.410133 -2.825987
v -3.703984 -27.569818 -5.140435
v -4.019764 -27.410133 -5.369862
v -1.771506 -27.569818 -7.072914
v -2.000933 -27.410133 -7.388693
v 0.663559 -27.569818 -8.313641
v 0.542943 -27.410133 -8.684861
vt 0.964687 0.319756
vt 0.975735 0.250000
vt 0.975735 0.250000
vt 0.964687 0.319756
vt 0.750000 0.475735
vt 0.819756 0.464687
vt 0.882684 0.432623
vt 0.932624 0.382684
vt 0.964687 0.180244
vt 0.932624 0.117316
vt 0.882684 0.067377
vt 0.819756 0.035313
vt 0.750000 0.024265
vt 0.680244 0.035313
vt 0.617316 0.067377
vt 0.567377 0.117316
vt 0.535313 0.180244
vt 0.524265 0.250000
vt 0.535313 0.319756
vt 0.567377 0.382684
vt 0.617316 0.432623
vt 0.680244 0.464687
vt 0.750646 0.489898
vt 0.823519 0.478356
vt 0.819756 0.464687
vt 0.750000 0.475735
vt 0.824746 0.477957
vt 0.890486 0.444461
vt 0.882684 0.432623
vt 0.891531 0.443702
vt 0.943702 0.391531
vt 0.932624 0.382684
vt 0.944461 0.390486
vt 0.977957 0.324746
vt 0.978356 0.323519
vt 0.989898 0.250646
vt 0.989898 0.249354
vt 0.978356 0.176481
vt 0.964687 0.180244
vt 0.977957 0.175254
vt 0.944461 0.109514
vt 0.932624 0.117316
vt 0.943702 0.108469
vt 0.891531 0.056298
vt 0.882684 0.067377
vt 0.890486 0.055539
vt 0.824746 0.022043
vt 0.819756 0.035313
vt 0.823519 0.021644
vt 0.750646 0.010102
vt 0.750000 0.024265
vt 0.749354 0.010102
vt 0.676481 0.021644
vt 0.680244 0.035313
vt 0.675254 0.022043
vt 0.609514 0.055539
vt 0.617316 0.067377
vt 0.608469 0.056298
vt 0.556298 0.108469
vt 0.567377 0.117316
vt 0.555539 0.109514
vt 0.522043 0.175254
vt 0.535313 0.180244
vt 0.521644 0.176481
vt 0.510102 0.249354
vt 0.524265 0.250000
vt 0.510102 0.250646
vt 0.521644 0.323519
vt 0.535313 0.319756
vt 0.522043 0.324746
vt 0.555539 0.390486
vt 0.567377 0.382684
vt 0.556298 0.391531
vt 0.608469 0.443702
vt 0.617316 0.432623
vt 0.609514 0.444461
vt 0.675254 0.477957
vt 0.680244 0.464687
vt 0.676481 0.478356
vt 0.749354 0.489898
vn 0.2010 -0.9774 -0.0653
vn 0.2114 -0.9774 0.0000
vn 0.0000 -1.0000 0.0000
vn 0.0000 -0.9255 -0.3786
vn 0.1170 -0.9255 -0.3601
vn 0.0653 -0.9774 -0.2010
vn 0.0000 -0.9774 -0.2114
vn 0.2226 -0.9255 -0.3063
vn 0.1242 -0.9774 -0.1710
vn 0.3063 -0.9255 -0.2226
vn 0.1710 -0.9774 -0.1242
vn 0.3601 -0.9255 -0.1170
vn 0.3786 -0.9255 0.0000
vn 0.3601 -0.9255 0.1170
vn 0.2010 -0.9774 0.0653
vn 0.3063 -0.9255 0.2226
vn 0.1710 -0.9774 0.1242
vn 0.2226 -0.9255 0.3063
vn 0.1242 -0.9774 0.1710
vn 0.1170 -0.9255 0.3601
vn 0.0653 -0.9774 0.2010
vn -0.0000 -0.9255 0.3786
vn -0.0000 -0.9774 0.2114
vn -0.1170 -0.9255 0.3601
vn -0.0653 -0.9774 0.2010
vn -0.2226 -0.9255 0.3063
vn -0.1242 -0.9774 0.1710
vn -0.3063 -0.9255 0.2226
vn -0.1710 -0.9774 0.1242
vn -0.3601 -0.9255 0.1170
vn -0.2010 -0.9774 0.0653
vn -0.3786 -0.9255 0.0000
vn -0.2114 -0.9774 0.0000
vn -0.3601 -0.9255 -0.1170
vn -0.2010 -0.9774 -0.0653
vn -0.3063 -0.9255 -0.2226
vn -0.1710 -0.9774 -0.1242
vn -0.2226 -0.9255 -0.3063
vn -0.1242 -0.9774 -0.1710
vn -0.1170 -0.9255 -0.3601
vn -0.0653 -0.9774 -0.2010
s 1
f 3201/3477/2881 3203/3478/2882 3187/3479/2883 3188/3480/2883
f 3191/3481/2883 3192/3482/2883 3190/3483/2883 3189/3484/2883 3188/3480/2883 3187/3479/2883 3186/3485/2883 3185/3486/2883 3184/3487/2883 3183/3488/2883 3182/3489/2883 3181/3490/2883 3180/3491/2883 3179/3492/2883 3178/3493/2883 3177/3494/2883 3176/3495/2883 3175/3496/2883 3174/3497/2883 3173/3498/2883
f 3194/3499/2884 3196/3500/2885 3195/3501/2886 3193/3502/2887
f 3196/3503/2885 3198/3504/2888 3197/3505/2889 3195/3501/2886
f 3198/3506/2888 3200/3507/2890 3199/3508/2891 3197/3505/2889
f 3200/3509/2890 3202/3510/2892 3201/3477/2881 3199/3508/2891
f 3202/3511/2892 3204/3512/2893 3203/3478/2882 3201/3477/2881
f 3204/3513/2893 3206/3514/2894 3205/3515/2895 3203/3478/2882
f 3206/3516/2894 3208/3517/2896 3207/3518/2897 3205/3515/2895
f 3208/3519/2896 3210/3520/2898 3209/3521/2899 3207/3518/2897
f 3210/3522/2898 3212/3523/2900 3211/3524/2901 3209/3521/2899
f 3212/3525/2900 3214/3526/2902 3213/3527/2903 3211/3524/2901
f 3214/3528/2902 3216/3529/2904 3215/3530/2905 3213/3527/2903
f 3216/3531/2904 3218/3532/2906 3217/3533/2907 3215/3530/2905
f 3218/3534/2906 3220/3535/2908 3219/3536/2909 3217/3533/2907
f 3220/3537/2908 3222/3538/2910 3221/3539/2911 3219/3536/2909
f 3222/3540/2910 3224/3541/2912 3223/3542/2913 3221/3539/2911
f 3224/3543/2912 3226/3544/2914 3225/3545/2915 3223/3542/2913
f 3226/3546/2914 3228/3547/2916 3227/3548/2917 3225/3545/2915
f 3228/3549/2916 3230/3550/2918 3229/3551/2919 3227/3548/2917
f 3230/3552/2918 3232/3553/2920 3231/3554/2921 3229/3551/2919
f 3232/3555/2920 3194/3556/2884 3193/3502/2887 3231/3554/2921
f 3207/3518/2897 3209/3521/2899 3184/3487/2883 3185/3486/2883
f 3213/3527/2903 3215/3530/2905 3181/3490/2883 3182/3489/2883
f 3219/3536/2909 3221/3539/2911 3178/3493/2883 3179/3492/2883
f 3225/3545/2915 3227/3548/2917 3175/3496/2883 3176/3495/2883
f 3193/3502/2887 3195/3501/2886 3192/3482/2883 3191/3481/2883
f 3199/3508/2891 3201/3477/2881 3188/3480/2883 3189/3484/2883
f 3205/3515/2895 3207/3518/2897 3185/3486/2883 3186/3485/2883
f 3211/3524/2901 3213/3527/2903 3182/3489/2883 3183/3488/2883
f 3217/3533/2907 3219/3536/2909 3179/3492/2883 3180/3491/2883
f 3223/3542/2913 3225/3545/2915 3176/3495/2883 3177/3494/2883
f 3229/3551/2919 3231/3554/2921 3173/3498/2883 3174/3497/2883
f 3197/3505/2889 3199/3508/2891 3189/3484/2883 3190/3483/2883
f 3203/3478/2882 3205/3515/2895 3186/3485/2883 3187/3479/2883
f 3209/3521/2899 3211/3524/2901 3183/3488/2883 3184/3487/2883
f 3215/3530/2905 3217/3533/2907 3180/3491/2883 3181/3490/2883
f 3221/3539/2911 3223/3542/2913 3177/3494/2883 3178/3493/2883
f 3227/3548/2917 3229/3551/2919 3174/3497/2883 3175/3496/2883
f 3231/3554/2921 3193/3502/2887 3191/3481/2883 3173/3498/2883
f 3195/3501/2886 3197/3505/2889 3190/3483/2883 3192/3482/2883
o print
v 3.362850 9.055395 -9.293169
v 3.362850 10.004381 -9.174580
v 6.232719 9.055395 -8.838627
v 6.196073 10.004381 -8.725841
v 8.821665 9.055395 -7.519494
v 8.751960 10.004381 -7.423553
v 10.876265 9.055395 -5.464894
v 10.780323 10.004381 -5.395188
v 12.195398 9.055395 -2.875948
v 12.082614 10.004381 -2.839302
v 12.649941 9.055395 -0.006079
v 12.531351 10.004381 -0.006079
v 12.195398 9.055395 2.863790
v 12.082614 10.004381 2.827144
v 10.876265 9.055395 5.452736
v 10.780323 10.004381 5.383030
v 8.821665 9.055395 7.507335
v 8.751960 10.004381 7.411394
v 6.232719 9.055395 8.826470
v 6.196073 10.004381 8.713685
v 3.362850 9.055395 9.281013
v 3.362850 10.004381 9.162423
v 0.492981 9.055395 8.826470
v 0.529627 10.004381 8.713686
v -2.095965 9.055395 7.507335
v -2.026259 10.004381 7.411394
v -4.150564 9.055395 5.452736
v -4.054623 10.004381 5.383030
v -5.469698 9.055395 2.863790
v -5.356913 10.004381 2.827144
v -5.924241 9.055395 -0.006079
v -5.805652 10.004381 -0.006079
v -5.469698 9.055395 -2.875948
v -5.356913 10.004381 -2.839302
v -4.150564 9.055395 -5.464894
v -4.054623 10.004381 -5.395188
v -2.095965 9.055395 -7.519494
v -2.026259 10.004381 -7.423553
v 0.492981 9.055395 -8.838627
v 0.529627 10.004381 -8.725842
v 3.362850 -27.024611 -9.293169
v 3.362850 -27.410133 -9.131491
v 6.232719 -27.024611 -8.838627
v 6.182758 -27.410133 -8.684861
v 8.821665 -27.024611 -7.519494
v 8.726633 -27.410133 -7.388693
v 10.876265 -27.024611 -5.464894
v 10.745464 -27.410133 -5.369863
v 12.195398 -27.024611 -2.875948
v 12.041634 -27.410133 -2.825987
v 12.649941 -27.024611 -0.006079
v 12.488263 -27.410133 -0.006079
v 12.195398 -27.024611 2.863790
v 12.041634 -27.410133 2.813829
v 10.876265 -27.024611 5.452736
v 10.745464 -27.410133 5.357704
v 8.821665 -27.024611 7.507335
v 8.726633 -27.410133 7.376535
v 6.232719 -27.024611 8.826470
v 6.182758 -27.410133 8.672706
v 3.362850 -27.024611 9.281013
v 3.362850 -27.410133 9.119335
v 0.492981 -27.024611 8.826470
v 0.542943 -27.410133 8.672706
v -2.095965 -27.024611 7.507335
v -2.000933 -27.410133 7.376535
v -4.150564 -27.024611 5.452736
v -4.019764 -27.410133 5.357704
v -5.469698 -27.024611 2.863790
v -5.315933 -27.410133 2.813829
v -5.924241 -27.024611 -0.006079
v -5.762563 -27.410133 -0.006079
v -5.469698 -27.024611 -2.875948
v -5.315933 -27.410133 -2.825987
v -4.150564 -27.024611 -5.464894
v -4.019764 -27.410133 -5.369862
v -2.095965 -27.024611 -7.519494
v -2.000933 -27.410133 -7.388693
v 0.492981 -27.024611 -8.838627
v 0.542943 -27.410133 -8.684861
vt 0.949811 0.014499
vt 0.949811 0.974017
vt 0.899821 0.974017
vt 0.899821 0.014499
vt 0.649871 0.014499
vt 0.649871 0.974016
vt 0.599881 0.974016
vt 0.599881 0.014499
vt 0.049990 0.014499
vt 0.049990 0.974016
vt 0.000000 0.974016
vt 0.000000 0.014499
vt 0.399920 0.014499
vt 0.399920 0.974016
vt 0.349930 0.974016
vt 0.349930 0.014499
vt 0.149970 0.014499
vt 0.149970 0.974016
vt 0.099980 0.974016
vt 0.099980 0.014499
vt 0.749851 0.014499
vt 0.749851 0.974016
vt 0.699861 0.974016
vt 0.699861 0.014499
vt 0.499901 0.014499
vt 0.499901 0.974016
vt 0.449910 0.974016
vt 0.449910 0.014499
vt 0.249950 0.014499
vt 0.249950 0.974016
vt 0.199960 0.974016
vt 0.199960 0.014499
vt 0.849831 0.014499
vt 0.849831 0.974017
vt 0.799841 0.974017
vt 0.799841 0.014499
vt 0.549891 0.974017
vt 0.549891 0.014499
vt 0.299940 0.974017
vt 0.299940 0.014499
vt 0.999801 0.974016
vt 0.999482 0.999909
vt 0.949811 0.999909
vt 0.899821 0.999909
vt 0.849831 0.999909
vt 0.799841 0.999909
vt 0.749851 0.999909
vt 0.699861 0.999909
vt 0.649871 0.999909
vt 0.599881 0.999909
vt 0.549891 0.999909
vt 0.499901 0.999909
vt 0.449910 0.999909
vt 0.399920 0.999909
vt 0.349930 0.999909
vt 0.299940 0.999909
vt 0.249950 0.999909
vt 0.199960 0.999909
vt 0.149970 0.999909
vt 0.099980 0.999909
vt 0.049990 0.999909
vt 0.000319 0.999909
vt 0.999801 0.014499
vt 0.950246 0.000000
vt 0.999366 0.000000
vt 0.900256 0.000000
vt 0.949376 0.000000
vt 0.850266 0.000000
vt 0.899386 0.000000
vt 0.800276 0.000000
vt 0.849396 0.000000
vt 0.750286 0.000000
vt 0.799406 0.000000
vt 0.700296 0.000000
vt 0.749416 0.000000
vt 0.650306 0.000000
vt 0.699426 0.000000
vt 0.600316 0.000000
vt 0.649436 0.000000
vt 0.550326 0.000000
vt 0.599446 0.000000
vt 0.500336 0.000000
vt 0.549455 0.000000
vt 0.450346 0.000000
vt 0.499465 0.000000
vt 0.400356 0.000000
vt 0.449475 0.000000
vt 0.350365 0.000000
vt 0.399485 0.000000
vt 0.300375 0.000000
vt 0.349495 0.000000
vt 0.250385 0.000000
vt 0.299505 0.000000
vt 0.200395 0.000000
vt 0.249515 0.000000
vt 0.150405 0.000000
vt 0.199525 0.000000
vt 0.100415 0.000000
vt 0.149535 0.000000
vt 0.050425 0.000000
vt 0.099545 0.000000
vt 0.000435 0.000000
vt 0.049555 0.000000
vn 0.3032 -0.1935 -0.9331
vn 0.3084 0.0617 -0.9492
vn 0.5867 0.0617 -0.8075
vn 0.5767 -0.1935 -0.7937
vn 0.7937 -0.1935 0.5767
vn 0.8075 0.0617 0.5867
vn 0.5867 0.0617 0.8075
vn 0.5767 -0.1935 0.7937
vn -0.3032 -0.1935 -0.9331
vn -0.3084 0.0617 -0.9492
vn 0.0000 0.0617 -0.9981
vn -0.0000 -0.1935 -0.9811
vn -0.5767 -0.1936 0.7937
vn -0.5867 0.0617 0.8075
vn -0.8075 0.0617 0.5867
vn -0.7937 -0.1935 0.5767
vn -0.7937 -0.1935 -0.5767
vn -0.8075 0.0617 -0.5867
vn -0.5867 0.0617 -0.8075
vn -0.5767 -0.1935 -0.7937
vn 0.9811 -0.1935 -0.0000
vn 0.9981 0.0617 0.0000
vn 0.9492 0.0617 0.3084
vn 0.9331 -0.1935 0.3032
vn -0.0000 -0.1935 0.9811
vn 0.0000 0.0617 0.9981
vn -0.3084 0.0617 0.9492
vn -0.3032 -0.1935 0.9331
vn -0.9811 -0.1935 0.0000
vn -0.9981 0.0617 -0.0000
vn -0.9492 0.0617 -0.3084
vn -0.9331 -0.1935 -0.3032
vn 0.7937 -0.1935 -0.5767
vn 0.8075 0.0617 -0.5867
vn 0.9492 0.0617 -0.3084
vn 0.9331 -0.1935 -0.3032
vn 0.3084 0.0617 0.9492
vn 0.3032 -0.1935 0.9331
vn -0.9492 0.0617 0.3084
vn -0.9331 -0.1935 0.3032
vn 0.0000 0.1240 -0.9923
vn 0.3066 0.1240 -0.9437
vn 0.5832 0.1240 -0.8028
vn 0.8028 0.1240 -0.5832
vn 0.9437 0.1240 -0.3066
vn 0.9923 0.1240 0.0000
vn 0.9437 0.1240 0.3066
vn 0.8028 0.1240 0.5832
vn 0.5832 0.1240 0.8028
vn 0.3066 0.1240 0.9437
vn 0.0000 0.1240 0.9923
vn -0.3066 0.1240 0.9437
vn -0.5832 0.1240 0.8028
vn -0.8028 0.1240 0.5832
vn -0.9437 0.1240 0.3066
vn -0.9923 0.1240 -0.0000
vn -0.9437 0.1240 -0.3066
vn -0.8028 0.1240 -0.5832
vn -0.5832 0.1240 -0.8028
vn -0.3066 0.1240 -0.9437
vn 0.2850 -0.3867 -0.8771
vn 0.0000 -0.3867 -0.9222
vn 0.5420 -0.3867 -0.7461
vn 0.7461 -0.3867 -0.5421
vn 0.8771 -0.3867 -0.2850
vn 0.9222 -0.3867 -0.0000
vn 0.8771 -0.3867 0.2850
vn 0.7461 -0.3867 0.5420
vn 0.5420 -0.3867 0.7461
vn 0.2850 -0.3867 0.8771
vn 0.0000 -0.3867 0.9222
vn -0.2850 -0.3867 0.8771
vn -0.5421 -0.3867 0.7461
vn -0.7461 -0.3867 0.5420
vn -0.8771 -0.3867 0.2850
vn -0.9222 -0.3867 0.0000
vn -0.8771 -0.3867 -0.2850
vn -0.7461 -0.3867 -0.5420
vn -0.5420 -0.3867 -0.7461
vn -0.2850 -0.3867 -0.8771
s 1
f 3275/3557/2922 3235/3558/2923 3237/3559/2924 3277/3560/2925
f 3287/3561/2926 3247/3562/2927 3249/3563/2928 3289/3564/2929
f 3311/3565/2930 3271/3566/2931 3233/3567/2932 3273/3568/2933
f 3297/3569/2934 3257/3570/2935 3259/3571/2936 3299/3572/2937
f 3307/3573/2938 3267/3574/2939 3269/3575/2940 3309/3576/2941
f 3283/3577/2942 3243/3578/2943 3245/3579/2944 3285/3580/2945
f 3293/3581/2946 3253/3582/2947 3255/3583/2948 3295/3584/2949
f 3303/3585/2950 3263/3586/2951 3265/3587/2952 3305/3588/2953
f 3279/3589/2954 3239/3590/2955 3241/3591/2956 3281/3592/2957
f 3289/3564/2929 3249/3563/2928 3251/3593/2958 3291/3594/2959
f 3299/3572/2937 3259/3571/2936 3261/3595/2960 3301/3596/2961
f 3309/3576/2941 3269/3575/2940 3271/3566/2931 3311/3565/2930
f 3285/3580/2945 3245/3579/2944 3247/3562/2927 3287/3561/2926
f 3295/3584/2949 3255/3583/2948 3257/3570/2935 3297/3569/2934
f 3305/3588/2953 3265/3587/2952 3267/3574/2939 3307/3573/2938
f 3277/3560/2925 3237/3559/2924 3239/3590/2955 3279/3589/2954
f 3281/3592/2957 3241/3591/2956 3243/3578/2943 3283/3577/2942
f 3291/3594/2959 3251/3593/2958 3253/3582/2947 3293/3581/2946
f 3301/3596/2961 3261/3595/2960 3263/3586/2951 3303/3585/2950
f 3235/3558/2923 3233/3597/2932 3234/3598/2962 3236/3599/2963
f 3237/3559/2924 3235/3558/2923 3236/3599/2963 3238/3600/2964
f 3239/3590/2955 3237/3559/2924 3238/3600/2964 3240/3601/2965
f 3241/3591/2956 3239/3590/2955 3240/3601/2965 3242/3602/2966
f 3243/3578/2943 3241/3591/2956 3242/3602/2966 3244/3603/2967
f 3245/3579/2944 3243/3578/2943 3244/3603/2967 3246/3604/2968
f 3247/3562/2927 3245/3579/2944 3246/3604/2968 3248/3605/2969
f 3249/3563/2928 3247/3562/2927 3248/3605/2969 3250/3606/2970
f 3251/3593/2958 3249/3563/2928 3250/3606/2970 3252/3607/2971
f 3253/3582/2947 3251/3593/2958 3252/3607/2971 3254/3608/2972
f 3255/3583/2948 3253/3582/2947 3254/3608/2972 3256/3609/2973
f 3257/3570/2935 3255/3583/2948 3256/3609/2973 3258/3610/2974
f 3259/3571/2936 3257/3570/2935 3258/3610/2974 3260/3611/2975
f 3261/3595/2960 3259/3571/2936 3260/3611/2975 3262/3612/2976
f 3263/3586/2951 3261/3595/2960 3262/3612/2976 3264/3613/2977
f 3265/3587/2952 3263/3586/2951 3264/3613/2977 3266/3614/2978
f 3267/3574/2939 3265/3587/2952 3266/3614/2978 3268/3615/2979
f 3269/3575/2940 3267/3574/2939 3268/3615/2979 3270/3616/2980
f 3271/3566/2931 3269/3575/2940 3270/3616/2980 3272/3617/2981
f 3233/3567/2932 3271/3566/2931 3272/3617/2981 3234/3618/2962
f 3273/3619/2933 3275/3557/2922 3276/3620/2982 3274/3621/2983
f 3275/3557/2922 3277/3560/2925 3278/3622/2984 3276/3623/2982
f 3277/3560/2925 3279/3589/2954 3280/3624/2985 3278/3625/2984
f 3279/3589/2954 3281/3592/2957 3282/3626/2986 3280/3627/2985
f 3281/3592/2957 3283/3577/2942 3284/3628/2987 3282/3629/2986
f 3283/3577/2942 3285/3580/2945 3286/3630/2988 3284/3631/2987
f 3285/3580/2945 3287/3561/2926 3288/3632/2989 3286/3633/2988
f 3287/3561/2926 3289/3564/2929 3290/3634/2990 3288/3635/2989
f 3289/3564/2929 3291/3594/2959 3292/3636/2991 3290/3637/2990
f 3291/3594/2959 3293/3581/2946 3294/3638/2992 3292/3639/2991
f 3293/3581/2946 3295/3584/2949 3296/3640/2993 3294/3641/2992
f 3295/3584/2949 3297/3569/2934 3298/3642/2994 3296/3643/2993
f 3297/3569/2934 3299/3572/2937 3300/3644/2995 3298/3645/2994
f 3299/3572/2937 3301/3596/2961 3302/3646/2996 3300/3647/2995
f 3301/3596/2961 3303/3585/2950 3304/3648/2997 3302/3649/2996
f 3303/3585/2950 3305/3588/2953 3306/3650/2998 3304/3651/2997
f 3305/3588/2953 3307/3573/2938 3308/3652/2999 3306/3653/2998
f 3307/3573/2938 3309/3576/2941 3310/3654/3000 3308/3655/2999
f 3309/3576/2941 3311/3565/2930 3312/3656/3001 3310/3657/3000
f 3311/3565/2930 3273/3568/2933 3274/3658/2983 3312/3659/3001
f 3273/3619/2933 3233/3597/2932 3235/3558/2923 3275/3557/2922
