# Blender v2.92.0 OBJ File: 'model.blend'
# www.blender.org
o cap
v 0.546903 16.362471 2.846102
v 0.588434 15.851551 8.696375
v 0.542932 13.364656 -6.814399
v 0.550476 15.874331 11.495173
v 0.516432 16.337543 5.547095
v 0.550554 15.265261 12.688948
v 0.550554 15.838308 -2.875345
v 0.550517 14.983540 -4.395636
v 0.550554 16.230707 0.094467
v 0.550554 16.210072 -0.482127
v 0.550554 16.183222 -1.160299
v 0.550554 16.374441 0.612791
v 0.550554 16.212881 -1.795372
v 0.550554 16.354610 0.726240
v 0.550554 16.135517 -2.013180
v 0.550554 16.391214 1.045759
v 0.550554 16.412195 1.541611
v 0.550554 16.497984 0.506876
v 0.550554 16.358070 -1.692886
v 0.550554 16.455349 0.203095
v 0.550554 16.384089 -1.333836
v 0.550554 0.815257 18.636719
v 0.550554 1.544060 18.793163
v -0.710727 -4.887396 -11.804987
v -12.919845 -5.250713 -6.605685
v -14.596146 -5.312173 0.854759
v -0.255110 9.559187 -10.903938
v -9.152560 7.892390 -4.713635
v -10.904339 8.570833 -0.199104
v -0.405349 2.984894 -13.773254
v -13.294313 1.677148 0.125235
v -11.268456 1.478361 -5.914856
v -2.097993 15.781963 -1.574996
v -1.486577 16.170498 2.226390
v -2.434329 15.798107 -0.400328
v -5.898207 12.630177 -3.128724
v -7.084488 13.214573 -0.379626
v -5.559649 14.617695 6.938332
v -14.660288 -5.296868 4.045730
v -3.818945 -5.004417 -11.516117
v -14.102153 -5.233254 -3.070946
v -10.762479 -5.239197 -9.063845
v -10.916687 8.862139 2.184936
v -3.158539 9.381544 -10.330626
v -10.057597 8.072790 -2.515793
v -8.258958 8.143296 -6.739741
v -0.288997 6.528440 -12.822861
v -12.228272 5.315014 -0.049304
v -12.125318 -1.837617 -6.254895
v -0.579550 -0.852844 -13.306444
v -13.850103 -1.994903 0.467838
v -10.369521 4.849487 -5.399481
v -12.400689 1.597768 -2.981373
v -10.260868 1.720673 -8.772249
v -13.474696 1.765341 3.127053
v -3.704492 2.628837 -13.046164
v -2.483129 15.827906 0.136643
v -0.600506 16.307318 2.682169
v -0.183604 15.847130 -2.793367
v -2.320831 15.780497 -1.008638
v -1.981320 16.048780 1.691680
v -1.782681 15.797844 -2.012703
v -7.775586 10.563681 -4.011431
v -9.294959 11.238018 -0.384011
v -3.717050 15.935169 4.489759
v -4.026162 14.759329 -2.345329
v -4.594714 14.767258 -0.351193
v -6.939061 13.645565 8.954096
v -0.133769 11.862226 -8.726532
v -7.223580 13.292730 1.082072
v -1.700081 13.678970 -6.236008
v -6.971990 14.033247 5.024134
v -2.759871 15.306929 8.301306
v -6.768935 13.007563 -1.914763
v -5.300663 13.112123 -4.363482
v -3.527298 6.203394 -12.072216
v -12.299275 5.595532 2.679621
v -9.620280 5.164617 -7.979821
v -11.316085 4.982802 -2.769422
v -13.323352 -1.778038 -3.091318
v -10.476864 -1.792159 -8.950638
v -14.516041 -1.938722 3.543163
v -3.822805 -1.135797 -12.738161
v -3.427024 14.802420 -3.105657
v -4.425741 14.777687 -1.400458
v -1.826544 16.248909 5.310964
v -4.520910 15.314459 3.304527
v -0.883223 14.980747 -4.281786
v -4.723366 14.819754 0.612408
v -9.300088 11.372698 1.602849
v -2.526196 11.877117 -8.338345
v -8.792616 12.501070 6.448737
v -3.651533 15.135395 10.865054
v -8.610725 10.716646 -2.270354
v -7.120318 11.086832 -5.691643
v -14.247691 -5.285607 6.034545
v -7.476977 5.512907 -10.055744
v -6.505173 -5.110731 -11.036280
v -8.577329 -5.182080 -10.336058
v -13.635096 -1.885069 6.226299
v -10.939528 9.005277 3.503026
v -10.789394 9.534523 5.009783
v -5.635886 9.046660 -9.361076
v -7.350388 8.685682 -8.230509
v -13.285763 1.828113 4.840586
v -6.694522 2.207973 -11.778900
v -8.690724 1.940834 -10.462658
v -2.462033 15.882666 0.320609
v -2.105554 16.033512 1.427262
v -0.502610 15.882738 -2.686202
v -1.591772 15.845243 -2.150179
v -4.583630 13.405922 -5.093426
v -3.136590 13.612963 -5.845562
v -7.327764 13.721350 3.479027
v -7.354215 13.444777 1.906656
v -12.223329 5.874859 4.206170
v -8.761019 -1.606070 -10.660402
v -6.709712 -1.422807 -11.751604
v -13.955265 -1.968478 5.393386
v -8.280677 5.448209 -9.563509
v -6.389479 5.764573 -10.842638
v -1.704101 14.977715 -4.093739
v -2.966137 14.882488 -3.494312
v -4.791886 14.912636 1.134910
v -4.725818 15.131271 2.509132
v -4.522614 11.689119 -7.679136
v -6.137379 11.418543 -6.749393
v -9.407604 11.528309 2.664296
v -9.304296 11.874350 4.345720
v -0.883873 16.194212 -0.727368
v -13.673003 -1.912539 6.094106
v -13.349177 1.877473 5.208654
v -12.303832 6.000140 4.529236
v -7.830137 2.012181 -10.968884
v -13.128491 2.103884 6.032413
v -12.134860 6.382041 5.306971
v -11.038244 9.100320 3.791126
v -7.686471 2.028336 -11.061148
v -10.928974 9.334902 4.640821
v -7.706874 -1.498267 -11.170235
v -8.300868 2.010395 -10.922716
v -8.319508 -1.570939 -11.085272
v -7.855609 -1.509003 -11.092535
v -7.392890 2.125759 -11.518614
v -7.381413 -1.494330 -11.580019
v -8.095974 -5.179617 -10.690348
v -10.765289 9.113314 4.298815
v -7.131702 -5.152086 -11.015289
v -10.783453 9.074566 4.166424
v -14.267271 -5.275739 6.480002
v -13.994765 -1.955790 5.791610
v -13.031016 1.902870 5.526559
v -13.985355 -4.814951 7.365315
v -13.754765 -1.793462 6.636228
v -12.996180 1.938931 5.655967
v -7.086361 8.844332 -8.615810
v -7.945712 5.550658 -9.990971
v -11.983374 6.128044 4.987476
v -6.222034 9.021572 -9.178934
v -7.059702 5.698394 -10.590698
v -12.009837 6.067614 4.866097
v -3.501714 13.681433 -5.791613
v -1.945517 15.073788 -4.080600
v -14.049009 -5.063425 6.942221
v -4.397282 13.555855 -5.324836
v -2.846392 15.006590 -3.650432
v -0.627513 16.004633 -2.659090
v -14.076895 -5.087457 6.836354
v -1.496256 15.977608 -2.207496
v -7.448347 13.586298 2.108487
v -4.853361 15.053034 1.286314
v -7.440051 13.754108 3.087048
v -4.804076 15.205864 2.276007
v -2.433466 16.026125 0.387160
v -7.682484 -4.973187 -10.812311
v -2.161268 16.144468 1.304794
v -5.003025 11.715149 -7.568067
v -7.568565 -4.968379 -10.853071
v -5.890469 11.562765 -7.052383
v -9.513797 11.647228 2.906553
v -9.455997 11.824429 3.852099
v -0.793695 16.357336 -0.712957
v -13.185072 2.019307 5.777913
v -13.270963 1.931555 5.457582
v -12.238788 6.101916 4.778058
v -12.173703 6.250022 5.079385
v -10.993267 9.154658 4.062805
v -10.951380 9.246218 4.391639
v -7.671873 2.082388 -11.320730
v -8.026326 2.037412 -11.085642
v -8.036615 -1.544141 -11.221539
v -7.670588 -1.514336 -11.416355
v -7.492711 -5.149719 -10.939009
v -7.772588 -5.157872 -10.844168
v -14.208231 -5.213258 6.801258
v -14.133037 -5.165322 7.059388
v -13.910060 -1.914514 6.039673
v -13.814808 -1.850683 6.366475
v -6.491185 8.954135 -8.996531
v -6.829314 8.885011 -8.777086
v -7.678240 5.581600 -10.156931
v -7.332528 5.639726 -10.392887
v -4.130006 13.579845 -5.465894
v -3.779865 13.628141 -5.648634
v -2.222466 15.034702 -3.952628
v -2.574202 15.008801 -3.783649
v -0.856768 15.987700 -2.478467
v -1.197045 15.977184 -2.301549
v -7.440250 13.681030 2.793742
v -7.445240 13.614511 2.411775
v -4.840553 15.074028 1.592160
v -4.820015 15.133856 1.978954
v -2.317808 16.042397 0.654629
v -2.209467 16.089050 1.012003
v -5.276856 11.651726 -7.404428
v -5.623256 11.592163 -7.203126
v -9.490499 11.681417 3.201164
v -9.466984 11.751471 3.569160
v -0.433479 16.390553 -0.613136
v -7.336940 5.535659 -10.148863
v -6.493726 8.809281 -8.774525
v -6.630695 8.780910 -8.686024
v -2.270901 14.836948 -3.799212
v -2.411895 14.827597 -3.728395
v -3.958001 13.418158 -5.398050
v -3.817478 13.437105 -5.473013
v -0.892052 15.783415 -2.330276
v -1.024983 15.782375 -2.248579
v -4.741547 14.886278 1.729105
v -4.729955 14.912508 1.887367
v -7.308394 13.482445 2.709270
v -7.315521 13.451492 2.554580
v -2.184505 15.843668 0.755692
v -2.141262 15.862951 0.902711
v -5.297110 11.479467 -7.205483
v -5.437184 11.455585 -7.123718
v -9.315079 11.556528 3.329823
v -9.301908 11.588715 3.477395
v -0.228308 16.197311 -0.546770
v -0.795508 -4.922834 -11.341169
v -12.638224 -5.278470 -6.324033
v -14.189390 -5.301871 0.876485
v -14.285748 -5.286903 3.943756
v -3.835537 -5.019657 -11.065643
v -13.781255 -5.288184 -2.913117
v -10.554184 -5.237288 -8.704266
v -13.886019 -5.286302 5.838599
v -6.434159 -5.118416 -10.609058
v -8.440001 -5.183926 -9.935930
v -7.975535 -5.182890 -10.277868
v -7.041996 -5.157784 -10.590517
v -13.905369 -5.282751 6.256844
v -13.652106 -5.137008 7.100620
v -7.382511 -5.170849 -10.521641
v -7.672690 -5.178376 -10.424488
v -13.859515 -5.238314 6.546510
v -13.780849 -5.192216 6.808719
v -12.857939 -4.554840 -6.613333
v -0.671699 -4.065262 -12.234541
v -14.531812 -4.720584 0.769578
v -14.048491 -4.530247 -3.119225
v -10.781827 -4.553086 -9.134487
v -14.763465 -4.704747 3.952363
v -3.828239 -4.231662 -11.865772
v -8.648382 -4.476339 -10.482098
v -6.570148 -4.378335 -11.268274
v -14.260196 -4.695074 5.917284
v -8.171898 -4.466806 -10.852821
v -7.208694 -4.427580 -11.214781
v -14.283369 -4.684899 6.355629
v -14.036934 -4.271100 7.152013
v -13.993769 -4.525006 6.649120
v -7.738841 -4.286444 -10.862644
v -7.587618 -4.278886 -10.921944
v -13.956673 -4.493678 6.788158
v -7.512328 -4.410449 -11.107433
v -7.887459 -4.426260 -10.965096
v -14.101430 -4.557595 6.954696
v -14.201455 -4.622500 6.610889
v -3.882482 14.446835 11.991219
v -7.519198 12.724451 9.888809
v -10.401203 10.748085 6.805406
v -11.904255 6.868545 5.514168
v -12.976535 2.104558 6.101144
v -11.793369 -7.378325 23.747509
v -13.812481 -5.124512 7.431865
v -13.615777 -1.796217 6.711784
v -13.499552 -5.140971 7.170885
v -4.301384 -2.705690 30.187460
v -8.752352 -5.115748 28.084541
v -8.714231 -3.640050 22.865664
v -13.119510 -5.042937 9.250868
v -11.573458 -3.853469 13.557812
v -4.355304 -0.512967 19.807755
v -8.612973 -2.088031 17.504766
v -8.898806 -1.570429 17.605198
v -4.593935 0.344510 19.919020
v -11.859171 -3.490149 13.658773
v -13.309984 -4.813545 9.318176
v -9.006166 -3.254497 22.965900
v -8.947085 -4.881848 28.150869
v -4.465260 -2.458538 30.256863
v -11.987589 -7.144425 23.816137
v -13.363288 -7.373128 18.256989
v -4.566931 -1.066655 25.222635
v -13.515469 -6.210741 13.681656
v -12.036141 -5.364209 18.784735
v -13.217623 -7.548553 18.205515
v -4.321849 -1.537366 25.119408
v -13.321249 -6.444642 13.613026
v -11.744814 -5.718905 18.681789
v -4.243621 0.149702 17.989088
v -8.205509 -1.234729 15.868431
v -12.321778 -4.008847 8.805025
v -10.930976 -2.821084 12.261621
v -11.108348 -2.592086 12.324299
v -8.382883 -0.882304 15.931108
v -12.456212 -3.846946 8.852530
v -4.391457 0.777946 18.075211
v 0.556653 16.136646 10.294487
v 0.550541 15.560461 12.265046
v 0.522306 16.424030 4.103564
v 0.554841 16.037668 7.082605
v 0.550554 1.231224 18.546589
v 0.550554 1.532665 19.384470
v 0.550554 0.507340 19.198765
v 0.550554 16.408236 1.257345
v 0.550554 16.371174 0.864406
v 0.550554 16.173429 -1.855982
v 0.550554 16.282135 -1.768998
v 0.550554 16.349634 0.648879
v 0.550554 16.283216 -1.241693
v 0.550554 16.168631 -0.945558
v 0.550554 16.198410 -0.072480
v 0.550554 16.339012 0.142830
v 0.549915 14.360188 -5.411334
v 0.550554 15.474844 -3.564806
v 0.550554 16.048939 -2.333057
v 0.550522 16.392220 1.995162
v -14.867593 -5.322063 2.563039
v -2.120085 -4.940577 -11.706692
v -14.411956 -5.264796 -1.083437
v -13.624482 -5.229287 -4.942082
v -11.924297 -5.263268 -7.971396
v -10.943104 8.752440 1.056631
v -1.729652 15.038715 12.520859
v -5.808396 13.625061 11.086199
v -1.516304 9.514338 -10.716932
v -10.532480 8.306965 -1.383212
v -9.590291 7.928244 -3.625571
v -9.040079 11.823936 8.505102
v -8.716183 7.960814 -5.757989
v -0.330203 4.814284 -13.473980
v -0.273823 8.117378 -11.929066
v -12.792180 3.521507 0.029280
v -11.590407 7.005404 -0.120104
v -11.703960 -0.199495 -6.092767
v -0.633668 -2.666797 -12.757820
v -0.501193 1.071316 -13.683231
v -14.078216 -3.610359 0.658621
v -13.704150 -0.172033 0.259349
v -9.792811 6.419136 -5.060355
v -10.850647 3.186200 -5.693782
v -11.879347 1.538626 -4.478403
v -12.853343 1.640574 -1.435590
v -10.653813 1.500952 -7.324380
v -13.703065 1.742451 1.658608
v -1.826243 2.852669 -13.551207
v -2.484499 15.809767 -0.096903
v -0.062614 16.347179 2.829111
v -1.081824 16.243656 2.474287
v -2.406655 15.783401 -0.707895
v -2.243872 15.775190 -1.306303
v -1.788877 16.102203 1.946084
v -1.951515 15.785709 -1.834813
v -6.907710 11.651072 -3.576261
v -8.479328 9.275408 -4.371529
v -8.256570 12.298061 -0.406077
v -10.155828 9.989656 -0.294309
v -4.628668 15.169493 5.720921
v -2.547270 16.001945 3.280697
v -2.986686 15.344156 -1.942935
v -5.045189 13.862038 -2.761271
v -3.443445 15.358082 -0.361221
v -5.839039 14.040089 -0.357652
v -7.309647 13.119106 9.547529
v -6.378326 14.201012 8.061120
v -0.213651 10.813509 -9.820906
v 0.036199 12.725897 -7.692850
v -7.135705 13.233727 0.408561
v -0.641374 13.654629 -6.432738
v -6.449146 14.320528 5.998270
v -4.270627 14.908792 7.738716
v -1.121711 15.683868 8.601161
v -6.298078 12.715271 -2.509316
v -7.040593 13.196026 -1.206290
v -5.623647 12.852715 -3.782007
v -3.628881 4.453691 -12.701740
v -1.683122 6.415762 -12.579163
v -3.374137 7.860675 -11.256096
v -12.905609 3.709613 2.909845
v -12.410846 5.481123 1.361081
v -11.633402 7.322217 2.440869
v -10.073168 3.501461 -8.488031
v -8.957350 6.687192 -7.349174
v -9.969777 4.929093 -6.704549
v -11.878950 3.310676 -2.886420
v -10.832288 4.881389 -4.092051
v -10.708793 6.577559 -2.642437
v -11.794985 5.132943 -1.422928
v -13.749393 -3.306001 -3.118364
v -12.862670 -1.772903 -4.770794
v -12.881001 -0.113758 -3.048804
v -13.596630 -1.861023 -1.311584
v -10.667846 -3.372358 -9.070650
v -10.338095 -0.072186 -8.873461
v -11.045587 -1.932064 -7.451789
v -14.792818 -3.554791 3.769959
v -15.064419 -1.934611 1.990841
v -14.053174 -0.133117 3.333316
v -3.835737 -2.906467 -12.281256
v -2.020844 -0.968089 -13.120092
v -3.774370 0.747838 -13.035616
v -4.372257 14.044504 -3.722559
v -2.539654 15.376802 -2.542853
v -3.734133 14.772287 -2.761481
v -5.663476 14.035248 -1.674382
v -4.262516 14.770008 -1.890399
v -3.285282 15.337294 -1.181092
v -4.523025 14.767839 -0.880648
v -2.272035 15.697662 6.776849
v -2.890096 16.156090 4.979965
v -1.217989 16.331312 3.902162
v -0.670530 16.310644 5.493673
v -5.796875 14.725590 4.169842
v -3.233265 15.717651 2.469924
v -4.222942 15.580561 3.891130
v -1.279755 14.384201 -5.215189
v -0.211122 14.984741 -4.363883
v -0.523641 15.475994 -3.480706
v -5.989545 14.106050 0.844187
v -4.663841 14.786314 0.164504
v -3.535524 15.403942 0.383972
v -10.149231 10.206554 1.897886
v -9.234087 11.284315 0.707495
v -8.330395 12.389132 1.331139
v -2.875678 10.724056 -9.355417
v -1.184757 11.913454 -8.589535
v -2.125075 12.851702 -7.288329
v -9.559760 11.675493 6.847872
v -7.959127 13.295794 5.811285
v -8.060102 13.007618 7.728213
v -3.811341 14.764166 11.586291
v -5.451414 14.405893 10.037363
v -3.334464 15.393459 9.752136
v -1.612802 15.663172 11.345282
v -9.360937 9.453409 -2.393232
v -8.127675 10.524103 -3.123943
v -7.770040 11.901226 -2.124179
v -9.155538 11.062429 -1.426834
v -7.679494 9.640219 -6.219280
v -6.273973 12.187889 -5.041642
v -7.477611 10.791628 -4.887825
v -12.793938 3.905755 4.533126
v -12.502791 4.369280 5.788298
v -11.603998 7.552226 3.870572
v -11.378710 8.309900 5.223294
v -8.759425 0.156288 -10.640842
v -0.560572 15.942993 -2.681566
v -6.731104 0.385011 -11.873415
v -0.928225 16.114735 0.147326
v -6.983084 -5.138146 -10.990578
v -0.770329 16.135653 0.346779
v -6.642155 -3.115888 -11.504841
v -5.300436 11.563416 -7.298707
v -14.148883 -3.563784 5.681919
v -4.453950 13.490505 -5.239907
v -0.369281 16.079184 -1.371151
v -10.987966 9.054998 3.704667
v -11.723396 -4.716712 15.769438
v -13.670867 -0.149584 5.118366
v -13.338220 0.050772 6.398890
v -7.878780 7.125497 -8.933414
v -8.193130 -5.176618 -10.581013
v -5.950960 11.502895 -6.953242
v -7.143342 8.786446 -8.499157
v -6.066392 7.463150 -10.140335
v -8.540276 3.709922 -10.089024
v -3.388376 13.641228 -5.795762
v -6.590551 4.006471 -11.415565
v -1.849801 15.024542 -4.081278
v -2.404078 14.354801 -4.935103
v -7.224784 -1.477588 -11.593756
v -2.443628 15.954062 0.331682
v -0.853957 16.281221 -0.725299
v -4.825610 14.983654 1.214985
v -3.762540 14.206596 -4.267783
v -1.073993 15.492290 -3.359248
v -7.230627 2.137653 -11.556751
v -2.240159 15.432379 -2.803882
v -1.552557 15.912722 -2.165387
v -6.093308 14.231379 1.526951
v -2.897415 14.946260 -3.580906
v -13.892011 -5.084756 7.440638
v -13.304349 1.852676 5.111099
v -6.067099 14.481216 3.007194
v -3.569607 15.471928 0.732086
v -12.256252 5.950214 4.441148
v -4.872631 11.687510 -7.579412
v -8.013701 5.510377 -9.859600
v -3.407119 15.645065 1.986436
v -5.118947 10.460361 -8.541031
v -9.464911 11.592360 2.826211
v -7.406590 13.520645 2.033087
v -6.781804 10.136757 -7.512186
v -3.854353 12.732986 -6.772135
v -5.390960 12.493732 -5.932572
v -10.219967 10.335390 3.086888
v -6.900735 5.699859 -10.628189
v -6.075212 9.009318 -9.201700
v -8.379047 1.985776 -10.781618
v -10.083879 10.745441 4.750105
v -8.461319 12.555288 2.277262
v -8.408383 -1.580044 -10.955677
v -8.400919 12.861509 3.921463
v -1.512225 16.123623 -0.110304
v -14.230221 -5.283953 6.368176
v -0.784858 16.284708 0.874173
v -1.051962 16.099630 -1.481696
v -13.953911 -1.967690 5.688083
v -14.406383 -5.288951 5.239182
v -14.098760 -1.960242 4.683692
v -5.390088 -5.063662 -11.248219
v -5.512348 -1.300313 -12.198317
v -9.524824 -5.206097 -9.843346
v -9.607786 -1.668817 -10.042896
v -10.928658 8.943255 3.004647
v -9.361065 11.456572 2.261224
v -10.711661 10.009083 5.689364
v -12.255172 5.740747 3.628669
v -9.156051 12.110992 5.234272
v -4.625175 9.194716 -9.801157
v -3.719351 11.772692 -7.979151
v -8.943289 5.349192 -8.952188
v -7.809758 8.464478 -7.632926
v -5.209802 5.955870 -11.401176
v -6.600641 11.294275 -6.329792
v -13.353580 1.793156 4.186990
v -5.454488 2.388529 -12.354805
v -9.455081 1.860829 -9.812374
v -2.505524 15.840500 0.283754
v -1.605438 16.072430 -0.163572
v -4.666691 15.175016 2.826255
v -2.071378 16.020992 1.520830
v -4.762211 14.859749 0.940229
v -0.720597 16.272751 1.021349
v -0.389313 15.856234 -2.722646
v -3.152160 14.836796 -3.345672
v -1.680575 15.805660 -2.133394
v -1.388223 14.969660 -4.173584
v -1.192714 16.050627 -1.468069
v -2.564783 13.638622 -6.020824
v -4.906248 13.290848 -4.805990
v -7.298032 13.367512 1.591557
v -7.223500 13.824150 4.125931
v -0.464940 16.330753 1.394973
v -1.584846 16.055805 -0.481863
v -1.516401 16.045198 -0.856764
v -1.377864 16.044033 -1.205924
v -0.037051 16.380157 1.841064
v -8.400502 12.574986 2.935863
v -12.866037 4.000205 4.879209
v -8.390955 12.606997 3.087012
v -10.093109 10.370272 3.758398
v -4.584211 12.539854 -6.351433
v -12.659122 4.326116 5.693418
v -11.694890 7.666892 4.173972
v -5.934927 10.234713 -8.012377
v -4.724623 12.518328 -6.273021
v -6.073302 10.207846 -7.927229
v -11.568221 7.982259 4.957995
v -3.469221 15.428804 1.274022
v -8.343091 0.208611 -11.090704
v -3.446139 15.450853 1.429365
v -6.050808 14.252098 2.311590
v -7.420411 0.305312 -11.647099
v -1.578273 15.364834 -3.080664
v -1.717070 15.360004 -3.006729
v -7.295115 -3.175734 -11.397842
v -14.177308 -3.553714 6.100951
v -3.170497 14.184134 -4.532810
v -3.029277 14.198355 -4.604528
v -13.723441 -0.126819 5.501562
v -10.075982 10.402901 3.902538
v -13.490476 0.048716 6.332394
v -7.708572 3.777607 -10.599241
v -7.576989 7.253256 -9.338875
v -6.972594 7.225908 -9.496349
v -7.567082 3.797130 -10.693403
v -7.111529 7.200297 -9.405636
v -6.699610 7.415251 -9.919956
v -8.178349 3.796080 -10.539783
v -6.057913 14.223026 2.154121
v -7.282911 3.928703 -11.148024
v -13.399451 -0.109924 5.810428
v -2.707724 14.438301 -4.904335
v -13.362701 -0.081591 5.940948
v -13.870265 -3.451632 6.398414
v -3.608368 14.342043 -4.459799
v -1.256777 15.600464 -3.351746
v -7.872783 0.232772 -11.115417
v -7.648457 -3.099892 -11.048050
v -2.148807 15.555264 -2.923553
v -6.172722 14.374159 1.706613
v -12.555810 4.056542 5.209960
v -11.422342 7.694320 4.521119
v -11.402217 7.744721 4.643456
v -6.159328 14.537132 2.695161
v -3.605518 15.610395 0.848458
v -12.523071 4.108254 5.337855
v -3.476993 15.741127 1.820246
v -5.653887 10.460953 -8.396051
v -6.527704 10.292187 -7.856676
v -4.277689 12.782089 -6.691619
v -5.171154 12.642029 -6.200217
v -10.324504 10.435307 3.352955
v -10.231341 10.623001 4.277040
v -8.563988 12.689035 2.498304
v -8.537506 12.861637 3.461997
v -1.384692 16.279800 -0.114707
v -0.815870 16.404938 0.767180
v -0.927530 16.251759 -1.441489
v -7.726476 0.245953 -11.201906
v -14.105979 -5.111026 6.993267
v -5.519017 11.525904 -7.171348
v -12.711653 4.211303 5.445898
v -6.719349 8.834995 -8.739767
v -12.792259 4.084662 5.129111
v -7.712833 -5.056755 -10.848923
v -11.594141 7.871170 4.730063
v -11.642341 7.749156 4.426928
v -0.325068 16.294348 -0.575811
v -7.703697 0.271516 -11.461405
v -1.102406 15.879663 -2.285441
v -8.063880 0.233952 -11.242064
v -7.591947 -3.176312 -11.264145
v -2.481275 14.919451 -3.762926
v -14.093200 -3.502119 6.352342
v -13.550272 -0.019096 6.072211
v -13.641168 -0.087131 5.749369
v -4.032414 13.501015 -5.439452
v -6.970435 7.351357 -9.729279
v -7.553894 -5.050834 -10.904600
v -7.313055 7.287765 -9.501802
v -7.558454 3.877058 -10.946899
v -7.907933 3.825098 -10.707060
v -7.702583 -1.507617 -11.287493
v -3.337806 14.355614 -4.595782
v -0.890866 15.883890 -2.404842
v -2.985590 14.392591 -4.770062
v -1.875209 15.551022 -3.052035
v -1.527097 15.568169 -3.220778
v -6.162896 14.463959 2.398455
v -14.146400 -5.141788 6.846048
v -6.169653 14.399609 2.011845
v -4.792012 14.981699 1.674281
v -3.514714 15.677122 1.526704
v -3.565977 15.625725 1.147229
v -2.256798 15.943182 0.721927
v -6.266541 10.328730 -8.012823
v -5.924942 10.394466 -8.222879
v -4.903181 12.668617 -6.346251
v -4.554268 12.722996 -6.538393
v -7.916890 2.026125 -11.035297
v -10.251851 10.547752 4.000497
v -10.288591 10.474073 3.641040
v -8.540915 12.788620 3.173487
v -8.552693 12.720139 2.797971
v -7.934154 -1.525715 -11.164021
v -0.848135 16.358162 0.468113
v -1.131376 16.307600 0.083492
v -0.573165 16.270006 -1.450577
v -6.505774 8.879235 -8.878429
v -2.260274 14.934874 -3.871616
v -3.812332 13.531034 -5.555657
v -13.729611 -1.870972 6.284116
v -13.094862 1.975269 5.705277
v -12.082094 6.183180 5.022752
v -13.789119 -1.912083 6.078340
v -12.123155 6.089521 4.833401
v -13.149069 1.919691 5.503627
v -10.860923 9.176218 4.333624
v -9.385879 11.667810 3.510288
v -9.403684 11.620525 3.279202
v -10.888210 9.117200 4.127000
v -7.374884 13.579702 2.738247
v -4.776367 15.021122 1.920019
v -7.348200 5.585309 -10.263384
v -7.382206 13.534433 2.496913
v -7.566661 5.548784 -10.114576
v -7.692762 2.053332 -11.183723
v -2.188400 15.973042 0.949310
v -14.457499 -5.307781 2.520710
v -2.186160 -4.964684 -11.247757
v -14.057765 -5.281295 -0.998511
v -13.321316 -5.287234 -4.716681
v -11.675802 -5.267983 -7.644986
v -6.897118 -5.144427 -10.566359
v -8.068526 -5.179604 -10.172392
v -13.571720 -5.137285 7.148207
v -13.869381 -5.288512 6.153050
v -14.040511 -5.284109 5.083456
v -5.355858 -5.074476 -10.810436
v -9.358167 -5.205609 -9.460091
v -12.525342 -3.364112 -6.438271
v -8.710293 -3.251697 -10.581160
v -13.303498 -7.130531 16.182119
v -8.247549 -3.231610 -10.975834
v -13.938084 -3.364038 6.960122
v -7.798795 -3.108744 -10.980467
v -13.832488 -3.422453 6.533984
v -7.963216 -3.198337 -11.098091
v -13.994911 -3.438234 6.687493
v -7.564318 -4.345108 -11.010986
v -7.800499 -4.356249 -10.919422
v -14.034291 -4.528523 6.858364
v -14.094565 -4.572902 6.641961
v -14.422576 -4.695412 5.136913
v -14.245446 -4.693995 6.244497
v -8.706817 -2.792107 19.852329
v -8.268062 -4.466262 -10.738880
v -7.057992 -4.412302 -11.197723
v -2.097557 -4.139706 -12.106874
v -9.585559 -4.508100 -9.963531
v -5.432205 -4.314591 -11.534187
v -15.110668 -4.748441 2.453151
v -11.837640 -4.594718 -7.954859
v -13.574797 -4.517904 -4.972079
v -14.349596 -4.605782 -1.153860
v -8.714099 -4.504480 25.859688
v -4.358163 -0.957345 22.162724
v -4.290357 -2.207875 28.031380
v -6.667621 -3.830643 29.354361
v -12.734138 -7.677267 20.620390
v -10.464399 -6.422144 26.268991
v -13.296033 -5.721830 11.101833
v -6.614744 -1.242768 18.857924
v -12.514229 -4.587571 11.149281
v -10.272843 -2.986490 15.732510
v -11.750885 -6.698232 21.586857
v -12.030073 -6.361519 21.685513
v -10.558572 -2.575039 15.833405
v -12.788036 -4.255417 11.246037
v -6.894855 -0.552222 18.958916
v -13.489784 -5.488493 11.170300
v -10.658682 -6.188244 26.337334
v -12.920036 -7.453383 20.686081
v -6.859272 -3.595087 29.417620
v -4.525734 -1.839266 28.130455
v -4.601749 -0.291634 22.267954
v -8.993996 -4.163910 25.955196
v -8.997802 -2.337994 19.953428
v -13.489403 -6.906648 16.247810
v -12.014022 -4.355168 15.872135
v -10.708553 -4.419594 21.153980
v -12.983261 -5.917872 15.984489
v -6.939466 -2.092206 24.295700
v -10.417148 -4.783916 21.051374
v -12.704072 -6.254585 15.885832
v -6.652474 -2.514496 24.199158
v -8.848208 -5.234130 28.897717
v -11.890479 -7.519636 24.539108
v -11.236115 -3.230423 12.525385
v -4.511847 0.719563 18.621490
v -13.374540 -7.535855 18.113405
v -13.610214 -6.399289 12.821301
v -8.657836 -1.076295 16.383244
v -4.374778 -2.781379 30.977091
v -13.402904 -5.103087 8.598188
v -6.362936 -0.492035 17.120850
v -11.798921 -3.540817 10.155066
v -9.732889 -2.028175 14.237164
v -9.910263 -1.760671 14.299843
v -11.968980 -3.334091 10.215158
v -6.536618 -0.000765 17.186459
v -8.207174 -0.969587 15.784767
v -4.285182 0.525830 17.880955
v -10.889040 -2.589810 12.235656
v -12.399874 -3.949048 8.557383
v -12.713474 -4.447783 8.568114
v -8.394073 -1.589134 16.290110
v -12.889378 -4.235937 8.630274
v -11.499864 -2.891153 12.618584
v -4.291932 -0.176950 18.505394
v -13.835211 -3.438263 7.073525
v 0.137238 15.837286 -2.867471
v 0.003906 16.180775 -0.511351
v -0.162362 16.076670 -1.529536
v 0.032730 16.128017 -2.074564
v 0.166200 16.067480 -2.236026
v -0.030954 16.265394 -2.000513
v -0.162468 16.275698 -1.708694
v -1.768232 -1.852828 30.663671
v -1.925961 0.028411 20.374012
v -1.831196 -0.826784 25.675776
v -1.972267 -0.306114 25.802538
v -2.063399 0.974603 20.509096
v -1.862744 -1.580828 30.754059
v -1.904074 0.626133 18.482107
v -1.989136 1.332699 18.612181
v -1.765129 16.050011 -0.003026
v -1.745825 4.683119 -13.229397
v -1.614217 8.038285 -11.711195
v -7.236483 9.950647 -7.000082
v -13.772234 -0.150235 4.437676
v -11.615024 7.445555 3.330813
v -13.039466 3.633019 1.514034
v -11.716906 7.203152 1.210449
v -9.963270 11.110554 5.607523
v -10.418543 3.262488 -7.108836
v -9.555563 0.079757 -9.989492
v -4.962003 7.637916 -10.646919
v -9.371057 6.486756 -6.228566
v -12.356676 3.410917 -1.440736
v -11.370805 3.228099 -4.301022
v -10.238677 6.454689 -3.862127
v -11.180646 6.770619 -1.398341
v -13.994202 -3.414010 -1.227787
v -13.292738 -3.293912 -4.896685
v -12.381337 -0.138637 -4.631855
v -13.269651 -0.134498 -1.394053
v -11.318340 -3.500140 -7.598282
v -10.189108 10.279427 2.636300
v -5.365208 4.199722 -12.000145
v -10.877042 -0.232061 -7.422822
v -15.257858 -3.577149 2.246775
v -14.508717 -0.116334 1.797040
v -5.504185 0.540138 -12.400866
v -5.477950 -3.026497 -11.853529
v -9.614286 -3.296045 -10.020844
v -2.072193 -2.771400 -12.594067
v -1.931517 0.946408 -13.481276
v -9.264125 3.627415 -9.457907
v -4.720742 13.936827 -3.275832
v -3.161913 12.785130 -7.006855
v -0.870036 15.474195 -3.407433
v -2.767572 15.358295 -2.279218
v -5.780929 14.049503 -1.028788
v -5.376115 13.915182 -2.232750
v -3.161846 15.336763 -1.573882
v -3.378247 15.343594 -0.774901
v -0.887383 15.940399 7.011800
v -3.535726 15.372637 6.347287
v -1.958967 16.191431 3.637002
v -0.373955 16.402567 4.060127
v -5.391889 14.998394 4.953737
v -8.405303 12.475058 1.917197
v -3.558668 15.429308 0.612777
v -2.968868 15.833727 2.865753
v -5.792147 12.373184 -5.578258
v -1.220902 16.022303 -1.656455
v -8.266627 13.014526 4.720648
v -5.911109 14.059225 0.285012
v -3.499645 15.379072 0.043874
v -10.112396 10.106991 0.888186
v -8.249703 12.316231 0.544493
v -8.438361 6.964602 -8.316460
v -1.373518 10.808172 -9.668415
v -0.942790 12.849960 -7.504906
v -6.048617 14.164722 1.266972
v -8.634526 12.350552 8.226954
v -4.209068 10.576693 -8.910622
v -5.989243 14.552044 3.484741
v -7.350332 13.689325 6.960544
v -1.693992 15.339693 12.101864
v -5.693552 13.968077 10.705051
v -5.016708 14.811378 9.028953
v -1.442616 15.859064 10.162131
v -9.861488 9.735607 -1.391393
v -8.889432 9.288290 -3.384722
v -7.260787 11.631805 -2.820516
v -8.221871 12.230639 -1.377642
v -8.082655 9.394112 -5.323662
v -12.843271 3.809087 3.914199
v -4.021567 14.132660 -4.054407
v -6.636948 11.910751 -4.349700
v -2.356971 15.395847 -2.712485
v -3.358361 15.653009 2.171052
v -1.605715 16.004211 -1.094275
v 0.155686 16.379379 2.098563
v -1.961881 14.360817 -5.058340
v -1.402274 16.008205 -1.463792
v -1.769102 16.028002 -0.247539
v -1.720333 16.010883 -0.673888
v -3.662480 14.279249 -4.382835
v -7.141909 -3.159319 -11.394577
v -3.589721 15.540487 0.781655
v -10.274268 10.387232 3.268887
v -0.996677 16.179405 -1.430389
v -7.639563 7.204656 -9.215660
v -5.230371 12.579124 -6.108227
v -11.644997 7.618035 4.088551
v -4.156075 12.747612 -6.698917
v -6.585568 10.232235 -7.749110
v -2.602642 14.393501 -4.906050
v -7.260305 0.320507 -11.675655
v -13.680421 -0.142745 5.400791
v -1.432235 16.203629 -0.149307
v -6.137078 14.305904 1.632512
v -1.781869 -1.416183 28.544460
v -7.121022 3.935921 -11.188745
v -2.198059 15.494417 -2.862654
v -12.819800 3.960963 4.786770
v -5.514926 10.440897 -8.412354
v -8.251100 3.763379 -10.401236
v -8.517972 12.627951 2.421080
v -6.545795 7.410131 -9.950510
v -8.426778 0.192121 -10.953302
v -14.138351 -3.563696 5.993503
v -14.318341 -3.559121 4.935408
v -1.171947 15.546053 -3.356308
v -12.672318 4.074544 5.181182
v -13.460906 -0.053570 5.994617
v -1.784757 15.456440 -3.036407
v -4.582808 12.629505 -6.439221
v -13.978974 -3.475737 6.387057
v -12.621407 4.154637 5.380581
v -4.802471 12.595530 -6.317346
v -3.021120 14.294245 -4.682523
v -5.943316 10.312241 -8.110907
v -6.159051 10.270359 -7.978119
v -0.466018 16.173382 -1.424053
v -3.242435 14.271503 -4.571507
v -7.634306 -3.138946 -11.151419
v -3.518398 15.528522 1.224595
v -7.956710 0.234514 -11.186359
v -0.611030 16.114931 0.140713
v -1.566559 15.465570 -3.147500
v -13.518170 -0.096803 5.791349
v -10.166063 10.472670 3.938858
v -10.191047 10.423979 3.713231
v -11.501186 7.803115 4.675917
v -6.107589 14.355963 2.341778
v -6.984910 7.286182 -9.605465
v -8.466777 12.695711 3.117069
v -11.531926 7.725508 4.485314
v -8.478110 12.649008 2.880675
v -6.115427 14.312859 2.096736
v -7.201481 7.245747 -9.461926
v -7.728768 0.257013 -11.324982
v -7.576294 3.834848 -10.812689
v -0.832923 16.242191 0.405265
v -3.484071 15.562016 1.465688
v -7.797140 3.802784 -10.661366
v -1.040490 16.210152 0.134425
v -7.868669 -3.153087 -11.045485
v -13.918667 -3.433360 6.598049
v -10.422443 -5.748170 24.043892
v -8.340760 -3.234906 -10.855017
v -12.705770 -7.103695 18.601610
v -1.890681 -0.336089 22.740274
v -6.639126 -3.277209 27.158484
v -12.680343 -5.374538 13.175554
v -10.399766 -3.809868 18.046003
v -6.664231 -1.808742 21.211082
v -6.949828 -1.249902 21.310305
v -10.690437 -3.419445 18.148500
v -12.958859 -5.037674 13.273973
v -6.914516 -2.929873 27.249720
v -2.030915 0.397235 22.863817
v -12.973274 -6.781480 18.696135
v -10.701721 -5.410254 24.142157
v -1.917477 -1.008713 28.671045
v -10.561352 -6.561721 27.083200
v -2.042886 1.310658 19.190401
v -12.835375 -7.781226 21.292585
v -13.580606 -7.038542 15.383350
v -12.139327 -3.969952 10.281218
v -6.758793 -3.929433 30.155771
v -13.584301 -5.737864 10.384512
v -6.734329 -0.122732 17.691593
v -6.391142 -0.172035 17.018330
v -1.933123 1.033617 18.383812
v -9.710119 -1.791103 14.179596
v -11.753277 -3.322255 10.135459
v -9.986881 -2.408566 14.589029
v -12.968740 -4.514677 7.985265
v -10.250630 -2.015147 14.682220
v -12.392103 -3.662825 10.370543
v -6.476025 -0.830297 17.595688
v -1.916273 0.311881 19.030813
v -1.803786 -1.897120 31.448818
v -0.262516 16.361382 1.607019
v -0.620331 16.298588 1.189328
v 0.080569 16.093090 -2.122580
v 0.006155 16.194408 -2.056884
v -0.767358 16.262480 0.922097
v -0.179979 16.173853 -1.622335
v -0.130311 16.075813 -1.278036
v -0.412870 14.387243 -5.336199
v -0.029447 15.475636 -3.542652
v 0.275538 16.023195 -2.409373
v 0.550574 -4.884955 -11.806353
v 0.540583 9.513571 -10.878998
v 0.550553 -4.921952 -11.343128
v 0.550436 -4.058893 -12.239794
v 0.555732 2.984587 -13.745100
v 0.543688 6.498875 -12.781330
v 0.549716 -0.835722 -13.307255
v 0.536021 11.786602 -8.701372
v 0.550555 -1.542877 30.784021
v 0.550554 0.240542 20.557598
v 0.550554 -0.567254 25.840784
v 0.550555 -0.023211 25.982321
v 0.550554 1.208938 20.707134
v 0.550555 -1.256072 30.887020
v 0.536178 8.072928 -11.886023
v 0.553290 4.801836 -13.440289
v 0.552881 1.081828 -13.665358
v 0.550051 -2.649922 -12.769541
v 0.541103 10.758032 -9.801184
v 0.550555 -1.129678 28.684025
v 0.536574 12.660679 -7.685626
v 0.550554 -0.101753 22.922638
v 0.550554 0.653348 23.057716
v 0.550555 -0.700018 28.827480
v 0.550555 -1.572869 31.567743
v 1.811159 -4.889935 -11.805433
v 14.057039 -5.267429 -6.636095
v 15.699779 -5.271266 0.866111
v 1.375261 9.369978 -10.701948
v 10.236854 7.950481 -4.728681
v 11.691785 8.439547 -0.181736
v 1.564004 2.914575 -13.545261
v 14.265856 1.680775 0.237445
v 12.670591 1.605258 -6.076590
v 3.199030 15.781872 -1.574966
v 2.586843 16.172537 2.228694
v 3.535381 15.798037 -0.400304
v 7.432197 13.228832 -3.262572
v 8.048540 13.094408 -0.295606
v 6.636793 14.554750 6.918123
v 15.675390 -5.285933 4.050487
v 4.920051 -5.004418 -11.516117
v 15.233380 -5.267104 -3.083099
v 11.873615 -5.237049 -9.071898
v 12.220537 8.910325 2.103266
v 4.092950 8.993840 -9.930674
v 11.065529 8.143919 -2.544645
v 9.521524 8.323933 -6.850740
v 1.436229 6.369944 -12.559788
v 12.903157 5.223585 0.026207
v 13.539594 -1.796850 -6.477028
v 1.685030 -0.854602 -13.205536
v 15.228445 -1.891992 0.522842
v 11.505594 4.891700 -5.477835
v 13.791091 1.701893 -3.115787
v 10.791296 1.548803 -8.379282
v 14.959975 1.843454 3.116160
v 4.590815 2.466953 -12.330887
v 3.584232 15.827900 0.136645
v 1.696986 16.311396 2.688938
v 1.284667 15.847075 -2.793417
v 3.421804 15.780327 -1.008581
v 3.082564 16.049110 1.691583
v 2.883785 15.797838 -2.012701
v 8.939047 10.750454 -4.037160
v 10.246273 11.115936 -0.308834
v 4.711591 15.867912 4.457085
v 5.098923 14.733229 -2.330863
v 5.670789 14.743082 -0.339628
v 8.037481 13.638117 8.953474
v 1.226515 11.664299 -8.565454
v 8.318222 13.286123 1.084894
v 2.776565 13.608704 -6.191875
v 8.072387 14.032017 5.023689
v 3.936908 15.254791 8.293659
v 7.673791 12.892256 -1.764316
v 6.578074 13.360292 -4.434393
v 4.448084 5.923856 -11.549801
v 13.753771 5.664629 2.600574
v 10.407484 5.065335 -7.845203
v 12.528009 5.117999 -2.891715
v 14.698739 -1.779947 -3.178829
v 11.636353 -1.788631 -9.002989
v 15.286337 -1.946985 3.596850
v 4.857073 -1.128615 -12.497887
v 4.524768 14.801001 -3.104255
v 5.459991 14.708555 -1.368590
v 2.833166 16.231064 5.280842
v 5.605607 15.301817 3.302772
v 1.982681 14.979282 -4.283067
v 5.821599 14.817717 0.614334
v 10.453786 11.382544 1.563560
v 3.517956 11.487688 -8.013920
v 9.893724 12.501070 6.448736
v 4.751688 15.128082 10.864492
v 9.453530 10.692762 -2.169246
v 8.262868 11.140703 -5.703274
v 15.348618 -5.285575 6.034551
v 8.578019 5.512888 -10.055708
v 7.606278 -5.110732 -11.036280
v 9.678433 -5.182081 -10.336058
v 14.736202 -1.885070 6.226298
v 12.048450 9.006678 3.498325
v 11.890502 9.534527 5.009784
v 6.722086 9.039237 -9.359409
v 8.488684 8.723363 -8.254725
v 14.406833 1.832010 4.838809
v 7.795037 2.207581 -11.777100
v 9.778155 1.936893 -10.453556
v 3.563141 15.882666 0.320609
v 3.206674 16.033556 1.427266
v 1.603712 15.882706 -2.686229
v 2.692880 15.845243 -2.150179
v 5.708697 13.443974 -5.104804
v 4.221791 13.602831 -5.846530
v 8.428857 13.721317 3.479023
v 8.453349 13.443432 1.904273
v 13.336293 5.876958 4.202987
v 9.862087 -1.606098 -10.660400
v 7.810802 -1.422803 -11.751543
v 15.053862 -1.968557 5.393719
v 9.373346 5.445498 -9.559071
v 7.488349 5.764447 -10.842596
v 2.804172 14.976988 -4.095529
v 4.066761 14.882135 -3.494052
v 5.892589 14.912596 1.135281
v 5.825812 15.131220 2.508824
v 5.596909 11.660414 -7.663968
v 7.239643 11.419422 -6.749385
v 10.507778 11.524868 2.658596
v 10.405404 11.874350 4.345719
v 1.984982 16.194212 -0.727368
v 14.774110 -1.912540 6.094105
v 14.456391 1.878665 5.208134
v 13.407691 6.000622 4.528496
v 8.931170 2.012164 -10.968834
v 14.229613 2.103885 6.032411
v 13.235969 6.382039 5.306969
v 12.140668 9.100486 3.791004
v 8.787570 2.028334 -11.061144
v 12.029992 9.334927 4.640858
v 8.807981 -1.498268 -11.170235
v 9.401003 2.010122 -10.922068
v 9.420620 -1.570939 -11.085274
v 8.956716 -1.509004 -11.092535
v 8.493996 2.125759 -11.518614
v 8.482518 -1.494331 -11.580019
v 9.197079 -5.179617 -10.690348
v 11.866529 9.113221 4.298542
v 8.232807 -5.152087 -11.015289
v 11.884768 9.074591 4.166474
v 15.368377 -5.275741 6.480000
v 15.095719 -1.955796 5.791628
v 14.133311 1.903100 5.526461
v 15.086462 -4.814952 7.365314
v 14.855871 -1.793463 6.636227
v 14.097809 1.939029 5.655924
v 8.202074 8.856672 -8.622816
v 9.046172 5.550458 -9.990623
v 13.084519 6.128046 4.987465
v 7.323353 9.021180 -9.178501
v 8.160809 5.698394 -10.590698
v 13.111126 6.067642 4.866047
v 4.606700 13.672924 -5.786460
v 3.048779 15.072102 -4.080330
v 15.150116 -5.063426 6.942220
v 5.510569 13.572748 -5.329201
v 3.947155 15.006231 -3.650467
v 1.728652 16.004597 -2.659070
v 15.178001 -5.087458 6.836353
v 2.597364 15.977608 -2.207496
v 8.547261 13.584719 2.110760
v 5.954382 15.053186 1.286098
v 8.541027 13.754011 3.087083
v 5.904863 15.206347 2.275846
v 3.534575 16.026125 0.387160
v 8.783588 -4.973188 -10.812311
v 3.262379 16.144480 1.304794
v 6.103813 11.705589 -7.560293
v 8.669670 -4.968380 -10.853071
v 6.991671 11.562845 -7.052351
v 10.612383 11.644751 2.909821
v 10.556996 11.824358 3.852192
v 1.894803 16.357336 -0.712957
v 14.286440 2.019356 5.777892
v 14.374108 1.931951 5.457412
v 13.340373 6.101999 4.777927
v 13.274817 6.250020 5.079382
v 12.094369 9.154266 4.061999
v 12.052276 9.246147 4.391812
v 8.772980 2.082388 -11.320730
v 9.127334 2.037384 -11.085575
v 9.137722 -1.544142 -11.221539
v 8.771694 -1.514337 -11.416355
v 8.593816 -5.149719 -10.939009
v 8.873693 -5.157873 -10.844168
v 15.309338 -5.213259 6.801257
v 15.234143 -5.165324 7.059387
v 15.011164 -1.914515 6.039672
v 14.915915 -1.850684 6.366473
v 7.593766 8.955358 -8.997238
v 7.936662 8.890372 -8.780245
v 8.779274 5.581580 -10.156893
v 8.433634 5.639726 -10.392887
v 5.236770 13.585466 -5.466943
v 4.877313 13.625639 -5.649517
v 3.322536 15.033661 -3.953433
v 3.675985 15.008127 -3.783401
v 1.957876 15.987700 -2.478467
v 2.298153 15.977184 -2.301549
v 8.540791 13.680708 2.794261
v 8.544716 13.612957 2.410134
v 5.941715 15.074272 1.592216
v 5.921175 15.134409 1.978942
v 3.418916 16.042397 0.654628
v 3.310576 16.089050 1.012003
v 6.376022 11.648777 -7.402758
v 6.724270 11.591904 -7.202901
v 10.590287 11.679693 3.199997
v 10.567713 11.751183 3.569580
v 1.534587 16.390553 -0.613136
v 8.438038 5.535656 -10.148857
v 7.597939 8.811902 -8.776054
v 7.737252 8.785522 -8.688686
v 3.373073 14.836805 -3.799695
v 3.512924 14.827501 -3.729155
v 5.062378 13.423527 -5.400705
v 4.922530 13.439043 -5.473820
v 1.993160 15.783415 -2.330276
v 2.126091 15.782375 -2.248579
v 5.842727 14.886595 1.729109
v 5.831142 14.912977 1.887368
v 8.409114 13.482294 2.708714
v 8.415955 13.451542 2.555038
v 3.285613 15.843668 0.755692
v 3.242371 15.862951 0.902711
v 6.398148 11.477674 -7.204149
v 6.538005 11.454847 -7.123230
v 10.415870 11.556156 3.330503
v 10.402895 11.588350 3.477153
v 1.329416 16.197311 -0.546770
v 1.896344 -4.922577 -11.341740
v 13.775038 -5.274962 -6.356527
v 15.327681 -5.259658 0.884788
v 15.301041 -5.275879 3.948712
v 4.936643 -5.019658 -11.065643
v 14.904975 -5.288794 -2.926138
v 11.668279 -5.234105 -8.714840
v 14.986751 -5.286239 5.838612
v 7.535265 -5.118417 -10.609058
v 9.541106 -5.183926 -9.935930
v 9.076640 -5.182890 -10.277868
v 8.143102 -5.157784 -10.590517
v 15.006463 -5.282750 6.256843
v 14.753213 -5.137009 7.100619
v 8.483616 -5.170850 -10.521641
v 8.773795 -5.178377 -10.424488
v 14.960622 -5.238315 6.546509
v 14.881956 -5.192218 6.808717
v 14.053384 -4.573785 -6.689188
v 1.772375 -4.065788 -12.234169
v 15.680159 -4.650579 0.791927
v 15.207959 -4.590344 -3.140228
v 11.918955 -4.545547 -9.163660
v 15.670621 -4.685308 3.964791
v 4.929385 -4.232035 -11.865578
v 9.749487 -4.476340 -10.482098
v 7.671254 -4.378336 -11.268274
v 15.360368 -4.694948 5.917325
v 9.273003 -4.466807 -10.852821
v 8.309799 -4.427581 -11.214781
v 15.384444 -4.684895 6.355629
v 15.138041 -4.271101 7.152012
v 15.094875 -4.525007 6.649119
v 8.839946 -4.286445 -10.862644
v 8.688723 -4.278887 -10.921944
v 15.057779 -4.493680 6.788157
v 8.613433 -4.410449 -11.107433
v 8.988564 -4.426261 -10.965096
v 15.202537 -4.557596 6.954695
v 15.302562 -4.622501 6.610888
v 4.983592 14.446833 11.991219
v 8.620301 12.724438 9.888807
v 11.502312 10.748085 6.805405
v 13.005363 6.868543 5.514167
v 14.077644 2.104556 6.101143
v 12.894478 -7.378326 23.747509
v 14.913588 -5.124513 7.431863
v 14.716884 -1.796218 6.711783
v 14.600658 -5.140972 7.170884
v 5.402493 -2.705690 30.187460
v 9.853460 -5.115749 28.084541
v 9.815339 -3.640051 22.865664
v 14.220616 -5.042938 9.250867
v 12.674566 -3.853470 13.557810
v 5.456412 -0.512967 19.807755
v 9.714082 -2.088032 17.504766
v 9.999914 -1.570430 17.605198
v 5.695043 0.344510 19.919020
v 12.960279 -3.490150 13.658772
v 14.411091 -4.813546 9.318174
v 10.107274 -3.254498 22.965900
v 10.048194 -4.881849 28.150869
v 5.566370 -2.458538 30.256863
v 13.088697 -7.144426 23.816137
v 14.464396 -7.373129 18.256987
v 5.668039 -1.066655 25.222635
v 14.616575 -6.210742 13.681654
v 13.137250 -5.364210 18.784733
v 14.318731 -7.548554 18.205513
v 5.422958 -1.537366 25.119408
v 14.422356 -6.444643 13.613024
v 12.845922 -5.718906 18.681787
v 5.344730 0.149702 17.989088
v 9.306618 -1.234730 15.868431
v 13.422885 -4.008848 8.805025
v 12.032084 -2.821085 12.261621
v 12.209456 -2.592087 12.324298
v 9.483992 -0.882305 15.931108
v 13.557319 -3.846947 8.852530
v 5.492565 0.777946 18.075211
v 15.745253 -5.275612 2.586542
v 3.219944 -4.943419 -11.707253
v 15.541458 -5.276047 -1.083305
v 14.757572 -5.262778 -4.964412
v 13.071441 -5.261000 -8.009634
v 12.309166 8.791764 0.924481
v 2.830761 15.038715 12.520859
v 6.909491 13.625023 11.086193
v 2.575534 9.096612 -10.268633
v 11.314657 8.240027 -1.355552
v 10.737181 8.056652 -3.681303
v 10.141188 11.823936 8.505100
v 9.757839 7.988718 -5.760567
v 1.499847 4.705051 -13.231628
v 1.393761 7.924191 -11.672779
v 13.408688 3.407575 0.160347
v 12.329345 6.905962 -0.088681
v 13.075668 -0.125108 -6.246316
v 1.735082 -2.662366 -12.743635
v 1.628608 1.039121 -13.494148
v 15.506777 -3.495271 0.678782
v 14.841330 -0.115998 0.360311
v 10.847111 6.439499 -5.093025
v 12.152304 3.291135 -5.825797
v 13.371331 1.681180 -4.690852
v 14.053774 1.692580 -1.448295
v 11.489296 1.443306 -7.107128
v 14.863317 1.795792 1.778308
v 2.917768 2.711867 -12.993044
v 3.585585 15.809738 -0.096894
v 1.156938 16.349482 2.834200
v 2.180804 16.247610 2.479735
v 3.507646 15.783255 -0.707846
v 3.344846 15.775021 -1.306246
v 2.890009 16.103029 1.946398
v 3.052596 15.785675 -1.834802
v 8.299680 12.088423 -3.664856
v 9.611804 9.390221 -4.383261
v 9.240499 12.190254 -0.302266
v 11.010760 9.841793 -0.259097
v 5.708980 15.229702 5.683562
v 3.627937 16.020182 3.281222
v 4.083528 15.339199 -1.941120
v 6.218326 13.999985 -2.772763
v 4.541203 15.354321 -0.359791
v 6.871462 13.979534 -0.320835
v 8.410581 13.118635 9.547489
v 7.462195 14.151300 8.055945
v 1.326483 10.623817 -9.652849
v 1.043092 12.591156 -7.586944
v 8.199803 13.197901 0.431586
v 1.725984 13.565474 -6.382684
v 7.544703 14.311859 5.994414
v 5.384680 14.827351 7.708095
v 2.307980 15.623735 8.609101
v 7.552982 12.989023 -2.516620
v 7.866861 12.976490 -1.031271
v 7.109065 13.381392 -3.924945
v 4.527279 4.208121 -12.044243
v 2.765369 6.086989 -12.004225
v 4.307020 7.544416 -10.833826
v 14.515676 3.801653 2.839590
v 13.899022 5.571043 1.282352
v 13.000316 7.386556 2.361875
v 10.618217 3.310730 -8.163300
v 10.039538 6.756420 -7.393481
v 10.596992 4.742437 -6.526932
v 13.194453 3.441459 -3.027916
v 12.175691 5.046412 -4.264256
v 11.811466 6.689761 -2.722646
v 12.681907 5.144683 -1.431326
v 15.014961 -3.369710 -3.170298
v 14.235555 -1.765029 -4.926044
v 14.284487 -0.057983 -3.158264
v 15.022564 -1.830944 -1.331162
v 11.893837 -3.347476 -9.172653
v 11.110789 -0.170151 -8.622471
v 12.474791 -1.873555 -7.699956
v 15.523886 -3.544346 3.804898
v 15.311459 -1.926517 2.195051
v 14.982853 -0.142328 3.376412
v 4.933012 -2.906876 -12.264788
v 3.081964 -0.964136 -12.849575
v 4.697031 0.699749 -12.432381
v 5.515496 14.112814 -3.739211
v 3.639935 15.375765 -2.542499
v 4.824924 14.765118 -2.756435
v 6.598133 13.906012 -1.575747
v 5.307580 14.713392 -1.862968
v 4.379526 15.329493 -1.178151
v 5.575794 14.719021 -0.858037
v 3.393538 15.765354 6.751412
v 3.868862 16.101463 4.938402
v 2.262490 16.328547 3.897596
v 1.697922 16.304066 5.479731
v 6.882618 14.704262 4.166275
v 4.333549 15.725357 2.471918
v 5.272512 15.541348 3.879605
v 2.374091 14.374184 -5.213010
v 1.311667 14.983801 -4.364553
v 1.624374 15.475624 -3.481006
v 7.087301 14.103172 0.847922
v 5.755401 14.777927 0.169379
v 4.636067 15.403282 0.384226
v 11.376458 10.232412 1.828725
v 10.463577 11.306852 0.651061
v 9.435843 12.387028 1.320652
v 3.829098 10.294836 -8.968605
v 2.253152 11.498487 -8.250074
v 3.165892 12.619856 -7.109221
v 10.660869 11.675493 6.847871
v 9.060053 13.295300 5.811241
v 9.160952 13.006926 7.728153
v 4.912393 14.763859 11.586273
v 6.548594 14.392822 10.036310
v 4.446719 15.353548 9.754473
v 2.714226 15.657104 11.345169
v 10.274762 9.470835 -2.362024
v 9.194470 10.673363 -3.118217
v 8.715233 11.906178 -1.974713
v 9.811700 10.852127 -1.230687
v 8.922163 9.778971 -6.282657
v 7.484155 12.340246 -5.083063
v 8.654510 10.924698 -4.911204
v 13.919291 3.910152 4.528993
v 13.603900 4.369278 5.788296
v 12.713663 7.553568 3.866996
v 12.479818 8.309898 5.223293
v 9.853401 0.154249 -10.635706
v 1.661693 15.942959 -2.681573
v 7.832029 0.384976 -11.872812
v 2.029334 16.114735 0.147326
v 8.084189 -5.138147 -10.990578
v 1.871438 16.135653 0.346779
v 7.743260 -3.115889 -11.504841
v 6.400830 11.561186 -7.297209
v 15.246539 -3.563618 5.682152
v 5.570295 13.513382 -5.246297
v 1.470389 16.079184 -1.371151
v 12.091988 9.055359 3.702805
v 12.824505 -4.716713 15.769436
v 14.771995 -0.149519 5.118415
v 14.439326 0.050771 6.398890
v 8.987206 7.135989 -8.940441
v 9.294234 -5.176619 -10.581013
v 7.052195 11.503099 -6.953281
v 8.263627 8.803825 -8.509554
v 7.160074 7.462679 -10.142025
v 9.628760 3.706048 -10.081486
v 4.483809 13.633961 -5.795261
v 7.691100 4.005851 -11.413860
v 2.951125 15.023533 -4.082325
v 3.499439 14.352255 -4.938983
v 8.325890 -1.477589 -11.593756
v 3.544736 15.954062 0.331682
v 1.955065 16.281221 -0.725299
v 5.926491 14.983719 1.215080
v 4.871240 14.219810 -4.271095
v 2.174970 15.492050 -3.359538
v 8.331726 2.137648 -11.556732
v 3.341111 15.432178 -2.803815
v 2.653665 15.912722 -2.165387
v 7.194377 14.231396 1.527173
v 3.998283 14.945948 -3.580777
v 14.993117 -5.084757 7.440637
v 14.414021 1.854349 5.110360
v 7.166995 14.479033 3.006912
v 4.670600 15.471783 0.732135
v 13.361710 5.950980 4.439980
v 5.965995 11.675694 -7.572590
v 9.113246 5.509889 -9.858768
v 4.509001 15.648102 1.986556
v 6.197133 10.439352 -8.529966
v 10.564242 11.589586 2.825197
v 8.505745 13.519278 2.032359
v 7.902254 10.154819 -7.522091
v 4.929696 12.709116 -6.763224
v 6.503489 12.511467 -5.937899
v 11.325564 10.335320 3.081636
v 8.001842 5.699859 -10.628189
v 7.174911 9.008279 -9.201345
v 9.477807 1.985116 -10.780060
v 11.184987 10.745443 4.750107
v 9.558571 12.551662 2.272067
v 9.509504 -1.580040 -10.955690
v 9.502028 12.861509 3.921463
v 2.613333 16.123623 -0.110304
v 15.331322 -5.283953 6.368176
v 1.885966 16.284712 0.874158
v 2.153070 16.099630 -1.481696
v 15.054645 -1.967704 5.688130
v 15.500241 -5.287974 5.239508
v 15.163426 -1.961265 4.688793
v 6.491194 -5.063663 -11.248219
v 6.609391 -1.299788 -12.183250
v 10.626038 -5.206073 -9.843435
v 10.706686 -1.670262 -10.042130
v 12.069354 8.952710 2.987599
v 10.467596 11.453173 2.246776
v 11.812770 10.009083 5.689363
v 13.424160 5.752875 3.610450
v 10.257159 12.110992 5.234272
v 5.640195 9.091251 -9.713585
v 4.745543 11.634415 -7.875713
v 9.967545 5.325146 -8.916132
v 9.028732 8.586178 -7.712172
v 6.244756 5.915485 -11.325851
v 7.710354 11.302713 -6.330617
v 14.547157 1.811191 4.178656
v 6.514131 2.366225 -12.251348
v 10.426640 1.822420 -9.725100
v 3.606631 15.840498 0.283755
v 2.706547 16.072430 -0.163572
v 5.763622 15.172321 2.825962
v 3.172524 16.021099 1.520812
v 5.862381 14.859365 0.941012
v 1.821730 16.272800 1.021178
v 1.490392 15.856190 -2.722688
v 4.251999 14.836323 -3.345141
v 2.781682 15.805658 -2.133394
v 2.487687 14.968584 -4.175366
v 2.293822 16.050627 -1.468069
v 3.642417 13.610041 -6.007991
v 6.070182 13.384829 -4.833869
v 8.396878 13.365845 1.589791
v 8.324495 13.823956 4.125892
v 1.566099 16.330881 1.394373
v 2.685954 16.055805 -0.481863
v 2.617509 16.045198 -0.856764
v 2.478972 16.044033 -1.205924
v 1.138145 16.380129 1.841452
v 9.500828 12.574709 2.936685
v 13.974140 4.001470 4.878016
v 9.491651 12.606586 3.086499
v 11.194253 10.370211 3.758636
v 5.686736 12.538824 -6.350418
v 13.760231 4.326114 5.693416
v 12.797754 7.667102 4.173519
v 7.037032 10.235096 -8.012405
v 5.826726 12.519680 -6.273516
v 7.176567 10.209524 -7.928014
v 12.669330 7.982257 4.957994
v 4.570375 15.428946 1.274030
v 9.443780 0.208488 -11.090403
v 4.547365 15.451220 1.429385
v 7.151826 14.251902 2.311471
v 8.521517 0.305311 -11.647099
v 2.679559 15.364817 -3.080612
v 2.818115 15.359995 -3.006789
v 8.396221 -3.175734 -11.397842
v 15.278121 -3.553695 6.100967
v 4.272393 14.185581 -4.534710
v 4.132887 14.198627 -4.605558
v 14.824593 -0.126811 5.501558
v 11.177153 10.402731 3.902188
v 14.591582 0.048715 6.332393
v 8.809601 3.777588 -10.599194
v 8.680695 7.255675 -9.340324
v 8.074072 7.226228 -9.496548
v 8.668179 3.797128 -10.693396
v 8.213425 7.200989 -9.406065
v 7.800724 7.415256 -9.919960
v 9.278571 3.795839 -10.539253
v 7.158975 14.222969 2.154193
v 8.384018 3.928703 -11.148024
v 14.500559 -0.109925 5.810427
v 3.812765 14.433994 -4.902895
v 14.463808 -0.081592 5.940948
v 14.971370 -3.451634 6.398413
v 4.713501 14.347918 -4.461258
v 2.358428 15.600000 -3.351546
v 8.973868 0.232766 -11.115404
v 8.749561 -3.099893 -11.048050
v 3.249851 15.555185 -2.923539
v 7.273800 14.374107 1.706657
v 13.657934 4.056722 5.209781
v 12.523580 7.694268 4.521118
v 12.503362 7.744659 4.643424
v 7.259989 14.536310 2.695066
v 4.706585 15.610344 0.848475
v 13.624548 4.108317 5.337789
v 4.578626 15.743004 1.820324
v 6.754524 10.456493 -8.392199
v 7.635696 10.297962 -7.859581
v 5.380291 12.770258 -6.682856
v 6.277143 12.648710 -6.201935
v 11.425738 10.434866 3.353730
v 11.332279 10.622967 4.277152
v 9.661313 12.686062 2.502322
v 9.638477 12.861540 3.462079
v 2.485801 16.279800 -0.114707
v 1.916978 16.404938 0.767180
v 2.028638 16.251759 -1.441489
v 8.827580 0.245952 -11.201906
v 15.207086 -5.111027 6.993266
v 6.619985 11.525354 -7.170910
v 13.812908 4.211327 5.445870
v 7.826092 8.839790 -8.742571
v 13.895279 4.085006 5.128778
v 8.813938 -5.056756 -10.848923
v 12.695234 7.871148 4.730080
v 12.743691 7.749028 4.426712
v 1.426177 16.294348 -0.575811
v 8.804804 0.271515 -11.461405
v 2.203514 15.879663 -2.285441
v 9.164957 0.233942 -11.242043
v 8.693051 -3.176313 -11.264145
v 3.582660 14.918976 -3.763153
v 15.194291 -3.502119 6.352342
v 14.651379 -0.019097 6.072210
v 14.742279 -0.087131 5.749368
v 5.137829 13.505945 -5.441009
v 8.071657 7.351457 -9.729342
v 8.654999 -5.050835 -10.904600
v 8.415104 7.288588 -9.502312
v 8.659560 3.877058 -10.946899
v 9.008948 3.825076 -10.707005
v 8.803690 -1.507618 -11.287493
v 4.441555 14.356400 -4.595699
v 1.991974 15.883890 -2.404842
v 4.084048 14.390430 -4.771566
v 2.976427 15.550905 -3.051945
v 2.627904 15.567896 -3.220848
v 7.263836 14.463667 2.398484
v 15.247507 -5.141790 6.846047
v 7.270648 14.399372 2.011618
v 5.893188 14.981981 1.674295
v 4.616017 15.677740 1.526738
v 4.667102 15.625776 1.147233
v 3.357906 15.943182 0.721926
v 7.370153 10.330889 -8.013979
v 7.025963 10.393877 -8.222374
v 6.006241 12.670525 -6.346423
v 5.651896 12.719084 -6.537121
v 9.017921 2.026105 -11.035248
v 11.352601 10.547571 4.000823
v 11.389282 10.473379 3.640128
v 9.641335 12.788170 3.174163
v 9.651606 12.717821 2.796125
v 9.035260 -1.525716 -11.164021
v 1.949243 16.358162 0.468113
v 2.232484 16.307600 0.083492
v 1.674273 16.270006 -1.450577
v 7.609195 8.881179 -8.879562
v 3.361598 14.934246 -3.872160
v 4.914271 13.530756 -5.556231
v 14.830718 -1.870973 6.284114
v 14.196383 1.975348 5.705243
v 13.183226 6.183182 5.022744
v 14.890225 -1.912084 6.078339
v 13.224539 6.089566 4.833325
v 14.251668 1.919980 5.503504
v 11.961948 9.176109 4.333574
v 10.486649 11.667423 3.510433
v 10.504006 11.619560 3.279241
v 11.989366 9.117025 4.126741
v 8.475429 13.579372 2.738275
v 5.877547 15.021627 1.920016
v 8.449305 5.585309 -10.263384
v 8.482197 13.533728 2.496629
v 8.667705 5.548765 -10.114542
v 8.793867 2.053332 -11.183723
v 3.289509 15.973042 0.949310
v 15.368317 -5.263601 2.542712
v 3.285781 -4.964609 -11.248266
v 15.186734 -5.274411 -0.997213
v 14.450706 -5.287761 -4.741558
v 12.826686 -5.257223 -7.687350
v 7.998224 -5.144428 -10.566359
v 9.169631 -5.179604 -10.172392
v 14.672827 -5.137286 7.148205
v 14.970454 -5.288507 6.153050
v 15.132598 -5.282946 5.083875
v 6.456964 -5.074477 -10.810436
v 10.459472 -5.205566 -9.460255
v 13.903220 -3.358130 -6.651420
v 9.811524 -3.251667 -10.581263
v 14.404607 -7.130533 16.182117
v 9.348654 -3.231611 -10.975834
v 15.039190 -3.364040 6.960120
v 8.899899 -3.108745 -10.980467
v 14.933595 -3.422455 6.533982
v 9.064321 -3.198338 -11.098091
v 15.096018 -3.438236 6.687491
v 8.665422 -4.345109 -11.010986
v 8.901604 -4.356250 -10.919422
v 15.135398 -4.528525 6.858363
v 15.195672 -4.572904 6.641959
v 15.504681 -4.693507 5.137931
v 15.346457 -4.693981 6.244500
v 9.807925 -2.792108 19.852329
v 9.369166 -4.466263 -10.738880
v 8.159097 -4.412303 -11.197723
v 3.196874 -4.142498 -12.106163
v 10.687776 -4.507849 -9.964443
v 6.533310 -4.314592 -11.534187
v 15.732004 -4.667188 2.508315
v 13.092950 -4.570801 -8.077793
v 14.738061 -4.571647 -5.014598
v 15.516683 -4.628818 -1.151907
v 9.815207 -4.504481 25.859688
v 5.459272 -0.957345 22.162724
v 5.391466 -2.207875 28.031380
v 7.768731 -3.830644 29.354361
v 13.835246 -7.677268 20.620390
v 11.565508 -6.422145 26.268991
v 14.397140 -5.721832 11.101831
v 7.715853 -1.242769 18.857924
v 13.615335 -4.587572 11.149280
v 11.373952 -2.986491 15.732510
v 12.851994 -6.698233 21.586857
v 13.131182 -6.361520 21.685513
v 11.659680 -2.575040 15.833403
v 13.889143 -4.255418 11.246036
v 7.995964 -0.552223 18.958916
v 14.590891 -5.488495 11.170298
v 11.759790 -6.188245 26.337334
v 14.021145 -7.453384 20.686081
v 7.960382 -3.595087 29.417620
v 5.626844 -1.839266 28.130455
v 5.702857 -0.291634 22.267954
v 10.095104 -4.163911 25.955196
v 10.098910 -2.337995 19.953428
v 14.590511 -6.906649 16.247808
v 13.115130 -4.355169 15.872133
v 11.809662 -4.419595 21.153980
v 14.084370 -5.917874 15.984488
v 8.040574 -2.092207 24.295700
v 11.518256 -4.783917 21.051374
v 13.805181 -6.254586 15.885830
v 7.753583 -2.514497 24.199158
v 9.949317 -5.234130 28.897717
v 12.991588 -7.519637 24.539108
v 12.337223 -3.230424 12.525383
v 5.612956 0.719563 18.621490
v 14.475649 -7.535857 18.113403
v 14.711321 -6.399291 12.821299
v 9.758945 -1.076296 16.383244
v 5.475887 -2.781379 30.977091
v 14.504010 -5.103089 8.598187
v 7.464045 -0.492036 17.120850
v 12.900027 -3.540818 10.155064
v 10.833998 -2.028176 14.237164
v 11.011372 -1.760672 14.299843
v 13.070086 -3.334092 10.215157
v 7.637727 -0.000766 17.186459
v 9.308283 -0.969588 15.784767
v 5.386290 0.525830 17.880955
v 11.990149 -2.589811 12.235655
v 13.500980 -3.949049 8.557382
v 13.814581 -4.447784 8.568113
v 9.495181 -1.589135 16.290110
v 13.990484 -4.235938 8.630274
v 12.600972 -2.891154 12.618582
v 5.393041 -0.176950 18.505394
v 14.936317 -3.438265 7.073524
v 0.963853 15.837244 -2.867510
v 1.097203 16.180775 -0.511351
v 1.263470 16.076670 -1.529536
v 1.068378 16.128017 -2.074564
v 0.934908 16.067480 -2.236026
v 1.132062 16.265394 -2.000513
v 1.263576 16.275698 -1.708694
v 2.869341 -1.852828 30.663671
v 3.027070 0.028411 20.374012
v 2.932305 -0.826784 25.675776
v 3.073376 -0.306114 25.802538
v 3.164507 0.974603 20.509096
v 2.963854 -1.580828 30.754059
v 3.005183 0.626133 18.482107
v 3.090245 1.332699 18.612181
v 2.866237 16.050011 -0.003026
v 2.849601 4.449965 -12.655031
v 2.670990 7.636598 -11.171741
v 8.405557 10.015606 -7.034730
v 14.863967 -0.150170 4.439887
v 12.765288 7.456649 3.314665
v 14.336753 3.664976 1.551430
v 13.140840 7.276819 1.090377
v 11.064379 11.110554 5.607522
v 11.026751 3.093818 -6.834077
v 10.583917 0.058780 -9.935921
v 5.990390 7.584527 -10.588726
v 10.205304 6.402649 -6.167915
v 13.344913 3.431543 -1.445662
v 12.828664 3.402165 -4.514523
v 11.460698 6.596005 -3.971249
v 12.011449 6.755716 -1.399751
v 15.328917 -3.435447 -1.235114
v 14.556604 -3.343531 -5.000203
v 13.822977 -0.063308 -4.812260
v 14.604279 -0.082892 -1.406929
v 12.986741 -3.376612 -8.039156
v 11.313873 10.282444 2.617792
v 6.406056 4.159681 -11.889050
v 11.831937 -0.275212 -7.277611
v 15.569692 -3.522502 2.374345
v 14.995376 -0.131226 1.998245
v 6.587639 0.536310 -12.343170
v 6.578930 -3.026461 -11.853029
v 10.722939 -3.294348 -10.027102
v 3.167369 -2.766601 -12.557478
v 2.992136 0.893954 -13.007071
v 10.240510 3.586046 -9.383730
v 5.898924 14.062319 -3.300958
v 4.213328 12.699146 -6.949093
v 1.970827 15.473888 -3.407753
v 3.866564 15.355783 -2.278335
v 6.740511 13.928324 -0.950891
v 6.437682 13.935396 -2.188793
v 4.256591 15.329479 -1.571153
v 4.473782 15.337320 -0.772529
v 2.001348 15.951307 7.001342
v 4.658804 15.509888 6.306957
v 3.016674 16.198496 3.633746
v 1.417739 16.398832 4.057249
v 6.446254 14.943928 4.937198
v 9.502320 12.470993 1.908972
v 4.659553 15.429029 0.612873
v 4.063823 15.847614 2.868577
v 6.929013 12.425524 -5.593433
v 2.322010 16.022303 -1.656455
v 9.367736 13.014526 4.720647
v 6.991766 14.041042 0.297726
v 4.599227 15.377359 0.044549
v 11.428555 10.133307 0.776046
v 9.360855 12.302584 0.549624
v 9.560891 7.011047 -8.350084
v 2.444613 10.389990 -9.289246
v 2.016511 12.564293 -7.291288
v 7.149421 14.164602 1.268012
v 9.735635 12.350552 8.226953
v 5.221697 10.433395 -8.796898
v 7.086406 14.545511 3.483916
v 8.448130 13.680254 6.959681
v 2.795097 15.339594 12.101862
v 6.794350 13.967121 10.704975
v 6.099382 14.734138 9.020171
v 2.565945 15.816200 10.176321
v 10.578431 9.596416 -1.300233
v 9.982871 9.412918 -3.401213
v 8.509366 11.941885 -2.827882
v 8.987965 12.023148 -1.139736
v 9.237043 9.490000 -5.339410
v 14.059926 3.830230 3.895237
v 5.139760 14.162075 -4.061956
v 7.972019 12.239349 -4.431829
v 3.457746 15.395428 -2.712343
v 4.460166 15.657509 2.171632
v 2.706823 16.004211 -1.094275
v 0.945367 16.379341 2.100122
v 3.055353 14.355577 -5.060614
v 2.503382 16.008205 -1.463792
v 2.870210 16.028002 -0.247539
v 2.821441 16.010883 -0.673888
v 4.768960 14.287544 -4.384797
v 8.243014 -3.159320 -11.394577
v 4.690753 15.540392 0.781687
v 11.376761 10.386881 3.267299
v 2.097785 16.179405 -1.430389
v 8.744451 7.208442 -9.217934
v 6.337736 12.588518 -6.110921
v 12.749187 7.618383 4.087296
v 5.248415 12.734932 -6.693427
v 7.695963 10.240564 -7.753573
v 3.702326 14.390692 -4.907905
v 8.361410 0.320506 -11.675655
v 14.781599 -0.142728 5.400788
v 2.533343 16.203629 -0.149307
v 7.238169 14.305897 1.632531
v 2.882978 -1.416183 28.544460
v 8.222121 3.935912 -11.188723
v 3.299074 15.494293 -2.862615
v 13.931064 3.962802 4.785042
v 6.611299 10.434616 -8.408579
v 9.350033 3.762762 -10.399933
v 9.615600 12.624853 2.420055
v 7.646765 7.410115 -9.950539
v 9.526794 0.191805 -10.952522
v 15.238836 -3.563659 5.993540
v 15.376189 -3.557705 4.938777
v 2.273187 15.545744 -3.356430
v 13.774754 4.074779 5.180950
v 14.562013 -0.053571 5.994615
v 2.885892 15.456352 -3.036377
v 5.683451 12.627161 -6.437953
v 15.080076 -3.475738 6.387056
v 13.722790 4.154683 5.380532
v 5.905059 12.596867 -6.317447
v 4.122612 14.293222 -4.683557
v 7.044964 10.312206 -8.110701
v 7.262394 10.272188 -7.979041
v 1.567126 16.173382 -1.424053
v 4.345153 14.272305 -4.572281
v 8.735411 -3.138947 -11.151419
v 4.619541 15.528624 1.224600
v 9.057794 0.234507 -11.186344
v 1.712138 16.114931 0.140713
v 2.667654 15.465416 -3.147483
v 14.619278 -0.096804 5.791348
v 11.266972 10.472452 3.938837
v 11.291928 10.423611 3.713037
v 12.602295 7.803072 4.675917
v 7.208560 14.355711 2.341758
v 8.086253 7.286383 -9.605591
v 9.567209 12.695169 3.117226
v 12.633178 7.725421 4.485241
v 9.577790 12.647802 2.880564
v 7.216449 14.312695 2.096681
v 8.303410 7.246468 -9.462372
v 8.829875 0.257012 -11.324982
v 8.677399 3.834848 -10.812689
v 1.934031 16.242191 0.405265
v 4.585325 15.562471 1.465713
v 8.898172 3.802766 -10.661320
v 2.141599 16.210152 0.134425
v 8.969773 -3.153088 -11.045485
v 15.019773 -3.433361 6.598047
v 11.523552 -5.748171 24.043892
v 9.441866 -3.234907 -10.855017
v 13.806879 -7.103696 18.601608
v 2.991790 -0.336089 22.740274
v 7.740234 -3.277210 27.158484
v 13.781449 -5.374539 13.175552
v 11.500875 -3.809869 18.046001
v 7.765339 -1.808743 21.211082
v 8.050936 -1.249903 21.310305
v 11.791546 -3.419446 18.148499
v 14.059966 -5.037675 13.273972
v 8.015624 -2.929873 27.249720
v 3.132025 0.397235 22.863817
v 14.074383 -6.781482 18.696133
v 11.802830 -5.410255 24.142157
v 3.018587 -1.008713 28.671045
v 11.662460 -6.561722 27.083200
v 3.143995 1.310658 19.190401
v 13.936483 -7.781227 21.292585
v 14.681713 -7.038543 15.383348
v 13.240434 -3.969953 10.281218
v 7.859902 -3.929433 30.155771
v 14.685408 -5.737865 10.384510
v 7.835437 -0.122733 17.691593
v 7.492251 -0.172036 17.018330
v 3.034232 1.033617 18.383812
v 10.811228 -1.791104 14.179596
v 12.854383 -3.322256 10.135458
v 11.087990 -2.408567 14.589029
v 14.069846 -4.514678 7.985264
v 11.351739 -2.015148 14.682220
v 13.493210 -3.662826 10.370541
v 7.577133 -0.830297 17.595688
v 3.017381 0.311881 19.030813
v 2.904895 -1.897120 31.448818
v 1.363630 16.361441 1.606733
v 1.721493 16.298698 1.188888
v 1.020539 16.093090 -2.122580
v 1.094953 16.194408 -2.056884
v 1.868472 16.262495 0.922046
v 1.281087 16.173853 -1.622335
v 1.231419 16.075813 -1.278036
v 1.510837 14.375721 -5.332507
v 1.130412 15.475372 -3.542868
v 0.825570 16.023193 -2.409374
v 0.572939 16.284073 0.613347
v 0.582471 15.990761 -2.056089
v 1.946373 16.059694 -1.383610
v 1.941607 16.206343 -0.048893
v 1.415371 16.261719 0.437683
v 2.123343 16.132441 -0.715580
v 1.423626 16.007704 -1.874116
v 0.572609 16.425362 0.761599
v 0.583615 16.086725 -2.320383
v 2.136935 16.166374 -1.544055
v 2.131432 16.335697 -0.003066
v 1.527431 16.399605 0.558720
v 2.341255 16.250366 -0.772784
v 1.536962 16.106342 -2.110353
v 0.573986 16.915731 0.603603
v 0.584803 16.577463 -2.427912
v 2.035421 16.657360 -1.664590
v 2.030012 16.826488 -0.148832
v 1.448745 16.890261 0.403805
v 2.236419 16.741272 -0.905946
v 1.458113 16.597313 -2.221565
v 0.576061 17.095015 0.126179
v 0.583662 16.838015 -2.012121
v 1.722256 16.873039 -1.588275
v 1.587411 17.029930 -0.385143
v 1.277940 17.073025 0.077109
v 1.729466 16.952562 -1.021662
v 1.313987 16.828875 -1.973960
v 0.578324 17.045940 -0.498623
v 0.580713 16.962749 -1.171752
v -0.786196 16.068481 -1.393849
v -0.790962 16.215126 -0.059131
v -0.268216 16.267130 0.431375
v -0.967933 16.142382 -0.727162
v -0.259961 16.013117 -1.880425
v -0.975208 16.176382 -1.555716
v -0.980711 16.345705 -0.014726
v -0.380738 16.405737 0.551571
v -1.185031 16.261707 -0.785997
v -0.371206 16.112476 -2.117502
v -0.871224 16.666700 -1.675480
v -0.876632 16.835833 -0.159722
v -0.299325 16.895878 0.397255
v -1.077631 16.751921 -0.918365
v -0.289957 16.602928 -2.228115
v -0.557953 16.880373 -1.596818
v -0.431627 17.036421 -0.392708
v -0.125493 17.077538 0.071850
v -0.569154 16.959949 -1.030274
v -0.146951 16.833572 -1.979433
v 2.076224 16.170547 -0.370374
v 1.018665 16.277611 0.569268
v 1.027871 15.994352 -2.008671
v 2.078690 16.094643 -1.061130
v 1.723364 16.237398 0.226524
v 1.730103 16.030046 -1.660656
v 2.286854 16.294359 -0.374230
v 1.076983 16.417933 0.710668
v 1.087612 16.090914 -2.265672
v 2.289701 16.206728 -1.171737
v 1.879907 16.371546 0.314918
v 1.887688 16.132145 -1.863915
v 2.182904 16.785208 -0.513917
v 1.033050 16.908455 0.553367
v 1.043497 16.581783 -2.374240
v 2.185703 16.697666 -1.298368
v 1.784194 16.862282 0.163951
v 1.791841 16.623137 -1.979206
v 1.690872 16.993053 -0.687561
v 0.987767 17.088936 0.107274
v 1.036882 16.837328 -1.988317
v 1.720248 16.909441 -1.362872
v 1.429807 17.060616 -0.116141
v 1.505638 16.859676 -1.770261
v 1.870921 16.974749 -0.269979
v 1.364990 17.032362 0.228045
v 0.584571 16.745687 -2.294360
v 1.377889 16.761194 -2.122256
v 2.053627 16.894943 -0.954478
v 1.889088 16.815893 -1.631417
v 0.574991 17.056248 0.395106
v 0.579442 17.007002 -0.813685
v 1.215174 16.963064 -1.125499
v 1.132979 17.044529 -0.466876
v 0.577190 17.081705 -0.180805
v 0.582237 16.906881 -1.602597
v -0.923280 16.180182 -0.381612
v 0.127539 16.280468 0.565928
v 0.136745 15.997219 -2.012010
v -0.920813 16.104288 -1.072368
v -0.574693 16.244783 0.217914
v -0.567954 16.037430 -1.669267
v -1.133477 16.305357 -0.387045
v 0.068613 16.421175 0.706890
v 0.079241 16.094152 -2.269451
v -1.130630 16.217722 -1.184553
v -0.731463 16.379940 0.305132
v -0.723683 16.140539 -1.873698
v -1.026914 16.795525 -0.525943
v 0.115291 16.911409 0.549929
v 0.125738 16.584740 -2.377679
v -1.024115 16.707991 -1.310394
v -0.633052 16.870056 0.154893
v -0.625405 16.630911 -1.988261
v -0.532936 17.000196 -0.695893
v 0.164493 17.091572 0.104189
v 0.130278 16.840239 -1.991713
v -0.557517 16.916767 -1.371406
v -0.275947 17.066099 -0.122533
v -0.340022 16.865602 -1.777176
v -0.716165 16.983065 -0.279673
v -0.213802 17.037434 0.222129
v -0.209955 16.766300 -2.128207
v -0.893990 16.904421 -0.965524
v -0.724638 16.824297 -1.641209
v -0.054070 16.967148 -1.130254
v 0.023447 17.048101 -0.471033
v 1.655336 17.007843 0.013315
v 1.009805 16.749023 -2.248848
v 2.006037 16.936161 -0.599485
v 1.670485 16.785776 -1.905955
v 2.012219 16.853613 -1.310081
v 0.995212 17.049446 0.353192
v 1.190005 17.006527 -0.773615
v 1.050532 17.078012 -0.170386
v 1.229871 16.904924 -1.573047
v -0.502606 17.014780 0.005231
v 0.159024 16.751757 -2.252036
v -0.848930 16.945341 -0.610182
v -0.504083 16.792768 -1.914104
v -0.850052 16.862816 -1.320806
v 0.155079 17.052149 0.350044
v -0.031400 17.010458 -0.778192
v 0.103777 17.081053 -0.173934
v -0.065599 16.909094 -1.577900
vt 0.000000 0.000000
vt 0.000000 0.000000
vt 0.000000 0.000000
vt 0.000000 0.000000
vt 0.000000 0.000000
vt 0.000000 0.000000
vt 0.000000 0.000000
vt 0.000000 0.000000
vt 0.000000 0.000000
vt 0.000000 0.000000
vt 0.000000 0.000000
vt 0.000000 0.000000
vt 0.000000 0.000000
vt 0.000000 0.000000
vt 0.000000 0.000000
vt 0.000000 0.000000
vt 0.000000 0.000000
vt 0.000000 0.000000
vt 0.000000 0.000000
vt 0.000000 0.000000
vt 0.000000 0.000000
vt 0.000000 0.000000
vt 0.000000 0.000000
vt 0.000000 0.000000
vt 0.000000 0.000000
vt 0.000000 0.000000
vt 0.000000 0.000000
vt 0.000000 0.000000
vt 0.000000 0.000000
vt 0.000000 0.000000
vt 0.000000 0.000000
vt 0.000000 0.000000
vt 0.000000 0.000000
vt 0.000000 0.000000
vt 0.000000 0.000000
vt 0.000000 0.000000
vt 0.000000 0.000000
vt 0.000000 0.000000
vt 0.000000 0.000000
vt 0.000000 0.000000
vt 0.000000 0.000000
vt 0.000000 0.000000
vt 0.000000 0.000000
vt 0.000000 0.000000
vt 0.000000 0.000000
vt 0.000000 0.000000
vt 0.000000 0.000000
vt 0.000000 0.000000
vt 0.000000 0.000000
vt 0.000000 0.000000
vt 0.000000 0.000000
vt 0.000000 0.000000
vt 0.000000 0.000000
vt 0.000000 0.000000
vt 0.000000 0.000000
vt 0.000000 0.000000
vt 0.000000 0.000000
vt 0.000000 0.000000
vt 0.000000 0.000000
vt 0.000000 0.000000
vt 0.000000 0.000000
vt 0.000000 0.000000
vt 0.000000 0.000000
vt 0.000000 0.000000
vt 0.000000 0.000000
vt 0.000000 0.000000
vt 0.000000 0.000000
vt 0.000000 0.000000
vt 0.000000 0.000000
vt 0.000000 0.000000
vt 0.000000 0.000000
vt 0.000000 0.000000
vt 0.000000 0.000000
vt 0.000000 0.000000
vt 0.000000 0.000000
vt 0.000000 0.000000
vt 0.000000 0.000000
vt 0.000000 0.000000
vt 0.000000 0.000000
vt 0.000000 0.000000
vt 0.000000 0.000000
vt 0.000000 0.000000
vt 0.000000 0.000000
vt 0.000000 0.000000
vt 0.000000 0.000000
vt 0.000000 0.000000
vt 0.000000 0.000000
vt 0.000000 0.000000
vt 0.000000 0.000000
vt 0.000000 0.000000
vt 0.000000 0.000000
vt 0.000000 0.000000
vt 0.000000 0.000000
vt 0.000000 0.000000
vt 0.000000 0.000000
vt 0.000000 0.000000
vt 0.000000 0.000000
vt 0.000000 0.000000
vt 0.000000 0.000000
vt 0.000000 0.000000
vt 0.000000 0.000000
vt 0.000000 0.000000
vt 0.000000 0.000000
vt 0.000000 0.000000
vt 0.000000 0.000000
vt 0.000000 0.000000
vt 0.000000 0.000000
vt 0.000000 0.000000
vt 0.000000 0.000000
vt 0.000000 0.000000
vt 0.000000 0.000000
vt 0.000000 0.000000
vt 0.000000 0.000000
vt 0.000000 0.000000
vt 0.000000 0.000000
vt 0.000000 0.000000
vt 0.000000 0.000000
vt 0.000000 0.000000
vt 0.000000 0.000000
vt 0.000000 0.000000
vt 0.000000 0.000000
vt 0.000000 0.000000
vt 0.000000 0.000000
vt 0.000000 0.000000
vt 0.000000 0.000000
vt 0.000000 0.000000
vt 0.000000 0.000000
vt 0.000000 0.000000
vt 0.000000 0.000000
vt 0.000000 0.000000
vt 0.000000 0.000000
vt 0.000000 0.000000
vt 0.000000 0.000000
vt 0.000000 0.000000
vt 0.000000 0.000000
vt 0.000000 0.000000
vt 0.000000 0.000000
vt 0.000000 0.000000
vt 0.000000 0.000000
vt 0.000000 0.000000
vt 0.000000 0.000000
vt 0.000000 0.000000
vt 0.000000 0.000000
vt 0.000000 0.000000
vt 0.000000 0.000000
vt 0.000000 0.000000
vt 0.000000 0.000000
vt 0.000000 0.000000
vt 0.000000 0.000000
vt 0.000000 0.000000
vt 0.000000 0.000000
vt 0.000000 0.000000
vt 0.000000 0.000000
vt 0.000000 0.000000
vt 0.000000 0.000000
vt 0.000000 0.000000
vt 0.000000 0.000000
vt 0.000000 0.000000
vt 0.000000 0.000000
vt 0.000000 0.000000
vt 0.000000 0.000000
vt 0.000000 0.000000
vt 0.000000 0.000000
vt 0.000000 0.000000
vt 0.000000 0.000000
vt 0.000000 0.000000
vt 0.000000 0.000000
vt 0.000000 0.000000
vt 0.000000 0.000000
vt 0.000000 0.000000
vt 0.000000 0.000000
vt 0.000000 0.000000
vt 0.000000 0.000000
vt 0.000000 0.000000
vt 0.000000 0.000000
vt 0.000000 0.000000
vt 0.000000 0.000000
vt 0.000000 0.000000
vt 0.000000 0.000000
vt 0.000000 0.000000
vt 0.000000 0.000000
vt 0.000000 0.000000
vt 0.000000 0.000000
vt 0.000000 0.000000
vt 0.000000 0.000000
vt 0.000000 0.000000
vt 0.000000 0.000000
vt 0.000000 0.000000
vt 0.000000 0.000000
vt 0.000000 0.000000
vt 0.000000 0.000000
vt 0.000000 0.000000
vt 0.000000 0.000000
vt 0.000000 0.000000
vt 0.000000 0.000000
vt 0.000000 0.000000
vt 0.000000 0.000000
vt 0.000000 0.000000
vt 0.000000 0.000000
vt 0.000000 0.000000
vt 0.000000 0.000000
vt 0.000000 0.000000
vt 0.000000 0.000000
vt 0.000000 0.000000
vt 0.000000 0.000000
vt 0.000000 0.000000
vt 0.000000 0.000000
vt 0.000000 0.000000
vt 0.000000 0.000000
vt 0.000000 0.000000
vt 0.000000 0.000000
vt 0.000000 0.000000
vt 0.000000 0.000000
vt 0.000000 0.000000
vt 0.000000 0.000000
vt 0.000000 0.000000
vt 0.000000 0.000000
vt 0.000000 0.000000
vt 0.000000 0.000000
vt 0.000000 0.000000
vt 0.000000 0.000000
vt 0.000000 0.000000
vt 0.000000 0.000000
vt 0.000000 0.000000
vt 0.000000 0.000000
vt 0.000000 0.000000
vt 0.000000 0.000000
vt 0.000000 0.000000
vt 0.000000 0.000000
vt 0.000000 0.000000
vt 0.000000 0.000000
vt 0.000000 0.000000
vt 0.000000 0.000000
vt 0.000000 0.000000
vt 0.000000 0.000000
vt 0.000000 0.000000
vt 0.000000 0.000000
vt 0.000000 0.000000
vt 0.000000 0.000000
vt 0.000000 0.000000
vt 0.000000 0.000000
vt 0.000000 0.000000
vt 0.000000 0.000000
vt 0.000000 0.000000
vt 0.000000 0.000000
vt 0.000000 0.000000
vt 0.000000 0.000000
vt 0.000000 0.000000
vt 0.000000 0.000000
vt 0.000000 0.000000
vt 0.000000 0.000000
vt 0.000000 0.000000
vt 0.000000 0.000000
vt 0.000000 0.000000
vt 0.000000 0.000000
vt 0.000000 0.000000
vt 0.000000 0.000000
vt 0.000000 0.000000
vt 0.000000 0.000000
vt 0.000000 0.000000
vt 0.000000 0.000000
vt 0.000000 0.000000
vt 0.000000 0.000000
vt 0.000000 0.000000
vt 0.000000 0.000000
vt 0.000000 0.000000
vt 0.000000 0.000000
vt 0.000000 0.000000
vt 0.000000 0.000000
vt 0.000000 0.000000
vt 0.000000 0.000000
vt 0.000000 0.000000
vt 0.000000 0.000000
vt 0.000000 0.000000
vt 0.000000 0.000000
vt 0.000000 0.000000
vt 0.000000 0.000000
vt 0.000000 0.000000
vt 0.000000 0.000000
vt 0.000000 0.000000
vt 0.000000 0.000000
vt 0.000000 0.000000
vt 0.000000 0.000000
vt 0.000000 0.000000
vt 0.000000 0.000000
vt 0.000000 0.000000
vt 0.000000 0.000000
vt 0.000000 0.000000
vt 0.000000 0.000000
vt 0.000000 0.000000
vt 0.000000 0.000000
vt 0.000000 0.000000
vt 0.000000 0.000000
vt 0.000000 0.000000
vt 0.000000 0.000000
vt 0.000000 0.000000
vt 0.000000 0.000000
vt 0.000000 0.000000
vt 0.000000 0.000000
vt 0.000000 0.000000
vt 0.000000 0.000000
vt 0.000000 0.000000
vt 0.000000 0.000000
vt 0.000000 0.000000
vt 0.000000 0.000000
vt 0.000000 0.000000
vt 0.000000 0.000000
vt 0.000000 0.000000
vt 0.000000 0.000000
vt 0.000000 0.000000
vt 0.000000 0.000000
vt 0.000000 0.000000
vt 0.000000 0.000000
vt 0.000000 0.000000
vt 0.000000 0.000000
vt 0.000000 0.000000
vt 0.000000 0.000000
vt 0.000000 0.000000
vt 0.000000 0.000000
vt 0.000000 0.000000
vt 0.000000 0.000000
vt 0.000000 0.000000
vt 0.000000 0.000000
vt 0.000000 0.000000
vt 0.000000 0.000000
vt 0.000000 0.000000
vt 0.000000 0.000000
vt 0.000000 0.000000
vt 0.000000 0.000000
vt 0.000000 0.000000
vt 0.000000 0.000000
vt 0.000000 0.000000
vt 0.000000 0.000000
vt 0.000000 0.000000
vt 0.000000 0.000000
vt 0.000000 0.000000
vt 0.000000 0.000000
vt 0.000000 0.000000
vt 0.000000 0.000000
vt 0.000000 0.000000
vt 0.000000 0.000000
vt 0.000000 0.000000
vt 0.000000 0.000000
vt 0.000000 0.000000
vt 0.000000 0.000000
vt 0.000000 0.000000
vt 0.000000 0.000000
vt 0.000000 0.000000
vt 0.000000 0.000000
vt 0.000000 0.000000
vt 0.000000 0.000000
vt 0.000000 0.000000
vt 0.000000 0.000000
vt 0.000000 0.000000
vt 0.000000 0.000000
vt 0.000000 0.000000
vt 0.000000 0.000000
vt 0.000000 0.000000
vt 0.000000 0.000000
vt 0.000000 0.000000
vt 0.000000 0.000000
vt 0.000000 0.000000
vt 0.000000 0.000000
vt 0.000000 0.000000
vt 0.000000 0.000000
vt 0.000000 0.000000
vt 0.000000 0.000000
vt 0.000000 0.000000
vt 0.000000 0.000000
vt 0.000000 0.000000
vt 0.000000 0.000000
vt 0.000000 0.000000
vt 0.000000 0.000000
vt 0.000000 0.000000
vt 0.000000 0.000000
vt 0.000000 0.000000
vt 0.000000 0.000000
vt 0.000000 0.000000
vt 0.000000 0.000000
vt 0.000000 0.000000
vt 0.000000 0.000000
vt 0.000000 0.000000
vt 0.000000 0.000000
vt 0.000000 0.000000
vt 0.000000 0.000000
vt 0.000000 0.000000
vt 0.000000 0.000000
vt 0.000000 0.000000
vt 0.000000 0.000000
vt 0.000000 0.000000
vt 0.000000 0.000000
vt 0.000000 0.000000
vt 0.000000 0.000000
vt 0.000000 0.000000
vt 0.000000 0.000000
vt 0.000000 0.000000
vt 0.000000 0.000000
vt 0.000000 0.000000
vt 0.000000 0.000000
vt 0.000000 0.000000
vt 0.000000 0.000000
vt 0.000000 0.000000
vt 0.000000 0.000000
vt 0.000000 0.000000
vt 0.000000 0.000000
vt 0.000000 0.000000
vt 0.000000 0.000000
vt 0.000000 0.000000
vt 0.000000 0.000000
vt 0.000000 0.000000
vt 0.000000 0.000000
vt 0.000000 0.000000
vt 0.000000 0.000000
vt 0.000000 0.000000
vt 0.000000 0.000000
vt 0.000000 0.000000
vt 0.000000 0.000000
vt 0.000000 0.000000
vt 0.000000 0.000000
vt 0.000000 0.000000
vt 0.000000 0.000000
vt 0.000000 0.000000
vt 0.000000 0.000000
vt 0.000000 0.000000
vt 0.000000 0.000000
vt 0.000000 0.000000
vt 0.000000 0.000000
vt 0.000000 0.000000
vt 0.000000 0.000000
vt 0.000000 0.000000
vt 0.000000 0.000000
vt 0.000000 0.000000
vt 0.000000 0.000000
vt 0.000000 0.000000
vt 0.000000 0.000000
vt 0.000000 0.000000
vt 0.000000 0.000000
vt 0.000000 0.000000
vt 0.000000 0.000000
vt 0.000000 0.000000
vt 0.000000 0.000000
vt 0.000000 0.000000
vt 0.000000 0.000000
vt 0.000000 0.000000
vt 0.000000 0.000000
vt 0.000000 0.000000
vt 0.000000 0.000000
vt 0.000000 0.000000
vt 0.000000 0.000000
vt 0.000000 0.000000
vt 0.000000 0.000000
vt 0.000000 0.000000
vt 0.000000 0.000000
vt 0.000000 0.000000
vt 0.000000 0.000000
vt 0.000000 0.000000
vt 0.000000 0.000000
vt 0.000000 0.000000
vt 0.000000 0.000000
vt 0.000000 0.000000
vt 0.000000 0.000000
vt 0.000000 0.000000
vt 0.000000 0.000000
vt 0.000000 0.000000
vt 0.000000 0.000000
vt 0.000000 0.000000
vt 0.000000 0.000000
vt 0.000000 0.000000
vt 0.000000 0.000000
vt 0.000000 0.000000
vt 0.000000 0.000000
vt 0.000000 0.000000
vt 0.000000 0.000000
vt 0.000000 0.000000
vt 0.000000 0.000000
vt 0.000000 0.000000
vt 0.000000 0.000000
vt 0.000000 0.000000
vt 0.000000 0.000000
vt 0.000000 0.000000
vt 0.000000 0.000000
vt 0.000000 0.000000
vt 0.000000 0.000000
vt 0.000000 0.000000
vt 0.000000 0.000000
vt 0.000000 0.000000
vt 0.000000 0.000000
vt 0.000000 0.000000
vt 0.000000 0.000000
vt 0.000000 0.000000
vt 0.000000 0.000000
vt 0.000000 0.000000
vt 0.000000 0.000000
vt 0.000000 0.000000
vt 0.000000 0.000000
vt 0.000000 0.000000
vt 0.000000 0.000000
vt 0.000000 0.000000
vt 0.000000 0.000000
vt 0.000000 0.000000
vt 0.000000 0.000000
vt 0.000000 0.000000
vt 0.000000 0.000000
vt 0.000000 0.000000
vt 0.000000 0.000000
vt 0.000000 0.000000
vt 0.000000 0.000000
vt 0.000000 0.000000
vt 0.000000 0.000000
vt 0.000000 0.000000
vt 0.000000 0.000000
vt 0.000000 0.000000
vt 0.000000 0.000000
vt 0.000000 0.000000
vt 0.000000 0.000000
vt 0.000000 0.000000
vt 0.000000 0.000000
vt 0.000000 0.000000
vt 0.000000 0.000000
vt 0.000000 0.000000
vt 0.000000 0.000000
vt 0.000000 0.000000
vt 0.000000 0.000000
vt 0.000000 0.000000
vt 0.000000 0.000000
vt 0.000000 0.000000
vt 0.000000 0.000000
vt 0.000000 0.000000
vt 0.000000 0.000000
vt 0.000000 0.000000
vt 0.000000 0.000000
vt 0.000000 0.000000
vt 0.000000 0.000000
vt 0.000000 0.000000
vt 0.000000 0.000000
vt 0.000000 0.000000
vt 0.000000 0.000000
vt 0.000000 0.000000
vt 0.000000 0.000000
vt 0.000000 0.000000
vt 0.000000 0.000000
vt 0.000000 0.000000
vt 0.000000 0.000000
vt 0.000000 0.000000
vt 0.000000 0.000000
vt 0.000000 0.000000
vt 0.000000 0.000000
vt 0.000000 0.000000
vt 0.000000 0.000000
vt 0.000000 0.000000
vt 0.000000 0.000000
vt 0.000000 0.000000
vt 0.000000 0.000000
vt 0.000000 0.000000
vt 0.000000 0.000000
vt 0.000000 0.000000
vt 0.000000 0.000000
vt 0.000000 0.000000
vt 0.000000 0.000000
vt 0.000000 0.000000
vt 0.000000 0.000000
vt 0.000000 0.000000
vt 0.000000 0.000000
vt 0.000000 0.000000
vt 0.000000 0.000000
vt 0.000000 0.000000
vt 0.000000 0.000000
vt 0.000000 0.000000
vt 0.000000 0.000000
vt 0.000000 0.000000
vt 0.000000 0.000000
vt 0.000000 0.000000
vt 0.000000 0.000000
vt 0.000000 0.000000
vt 0.000000 0.000000
vt 0.000000 0.000000
vt 0.000000 0.000000
vt 0.000000 0.000000
vt 0.000000 0.000000
vt 0.000000 0.000000
vt 0.000000 0.000000
vt 0.000000 0.000000
vt 0.000000 0.000000
vt 0.000000 0.000000
vt 0.000000 0.000000
vt 0.000000 0.000000
vt 0.000000 0.000000
vt 0.000000 0.000000
vt 0.000000 0.000000
vt 0.000000 0.000000
vt 0.000000 0.000000
vt 0.000000 0.000000
vt 0.000000 0.000000
vt 0.000000 0.000000
vt 0.000000 0.000000
vt 0.000000 0.000000
vt 0.000000 0.000000
vt 0.000000 0.000000
vt 0.000000 0.000000
vt 0.000000 0.000000
vt 0.000000 0.000000
vt 0.000000 0.000000
vt 0.000000 0.000000
vt 0.000000 0.000000
vt 0.000000 0.000000
vt 0.000000 0.000000
vt 0.000000 0.000000
vt 0.000000 0.000000
vt 0.000000 0.000000
vt 0.000000 0.000000
vt 0.000000 0.000000
vt 0.000000 0.000000
vt 0.000000 0.000000
vt 0.000000 0.000000
vt 0.000000 0.000000
vt 0.000000 0.000000
vt 0.000000 0.000000
vt 0.000000 0.000000
vt 0.000000 0.000000
vt 0.000000 0.000000
vt 0.000000 0.000000
vt 0.000000 0.000000
vt 0.000000 0.000000
vt 0.000000 0.000000
vt 0.000000 0.000000
vt 0.000000 0.000000
vt 0.000000 0.000000
vt 0.000000 0.000000
vt 0.000000 0.000000
vt 0.000000 0.000000
vt 0.000000 0.000000
vt 0.000000 0.000000
vt 0.000000 0.000000
vt 0.000000 0.000000
vt 0.000000 0.000000
vt 0.000000 0.000000
vt 0.000000 0.000000
vt 0.000000 0.000000
vt 0.000000 0.000000
vt 0.000000 0.000000
vt 0.000000 0.000000
vt 0.000000 0.000000
vt 0.000000 0.000000
vt 0.000000 0.000000
vt 0.000000 0.000000
vt 0.000000 0.000000
vt 0.000000 0.000000
vt 0.000000 0.000000
vt 0.000000 0.000000
vt 0.000000 0.000000
vt 0.000000 0.000000
vt 0.000000 0.000000
vt 0.000000 0.000000
vt 0.000000 0.000000
vt 0.000000 0.000000
vt 0.000000 0.000000
vt 0.000000 0.000000
vt 0.000000 0.000000
vt 0.000000 0.000000
vt 0.000000 0.000000
vt 0.000000 0.000000
vt 0.000000 0.000000
vt 0.000000 0.000000
vt 0.000000 0.000000
vt 0.000000 0.000000
vt 0.000000 0.000000
vt 0.000000 0.000000
vt 0.000000 0.000000
vt 0.000000 0.000000
vt 0.000000 0.000000
vt 0.000000 0.000000
vt 0.000000 0.000000
vt 0.000000 0.000000
vt 0.000000 0.000000
vt 0.000000 0.000000
vt 0.000000 0.000000
vt 0.000000 0.000000
vt 0.000000 0.000000
vt 0.000000 0.000000
vt 0.000000 0.000000
vt 0.000000 0.000000
vt 0.000000 0.000000
vt 0.000000 0.000000
vt 0.000000 0.000000
vt 0.000000 0.000000
vt 0.000000 0.000000
vt 0.000000 0.000000
vt 0.000000 0.000000
vt 0.000000 0.000000
vt 0.000000 0.000000
vt 0.000000 0.000000
vt 0.000000 0.000000
vt 0.000000 0.000000
vt 0.000000 0.000000
vt 0.000000 0.000000
vt 0.000000 0.000000
vt 0.000000 0.000000
vt 0.000000 0.000000
vt 0.000000 0.000000
vt 0.000000 0.000000
vt 0.000000 0.000000
vt 0.000000 0.000000
vt 0.000000 0.000000
vt 0.000000 0.000000
vt 0.000000 0.000000
vt 0.000000 0.000000
vt 0.000000 0.000000
vt 0.000000 0.000000
vt 0.000000 0.000000
vt 0.000000 0.000000
vt 0.000000 0.000000
vt 0.000000 0.000000
vt 0.000000 0.000000
vt 0.000000 0.000000
vt 0.000000 0.000000
vt 0.000000 0.000000
vt 0.000000 0.000000
vt 0.000000 0.000000
vt 0.000000 0.000000
vt 0.000000 0.000000
vt 0.000000 0.000000
vt 0.000000 0.000000
vt 0.000000 0.000000
vt 0.000000 0.000000
vt 0.000000 0.000000
vt 0.000000 0.000000
vt 0.000000 0.000000
vt 0.000000 0.000000
vt 0.000000 0.000000
vt 0.000000 0.000000
vt 0.000000 0.000000
vt 0.000000 0.000000
vt 0.000000 0.000000
vt 0.000000 0.000000
vt 0.000000 0.000000
vt 0.000000 0.000000
vt 0.000000 0.000000
vt 0.000000 0.000000
vt 0.000000 0.000000
vt 0.000000 0.000000
vt 0.000000 0.000000
vt 0.000000 0.000000
vt 0.000000 0.000000
vt 0.000000 0.000000
vt 0.000000 0.000000
vt 0.000000 0.000000
vt 0.000000 0.000000
vt 0.000000 0.000000
vt 0.000000 0.000000
vt 0.000000 0.000000
vt 0.000000 0.000000
vt 0.000000 0.000000
vt 0.000000 0.000000
vt 0.000000 0.000000
vt 0.000000 0.000000
vt 0.000000 0.000000
vt 0.000000 0.000000
vt 0.000000 0.000000
vt 0.000000 0.000000
vt 0.000000 0.000000
vt 0.000000 0.000000
vt 0.000000 0.000000
vt 0.000000 0.000000
vt 0.000000 0.000000
vt 0.000000 0.000000
vt 0.000000 0.000000
vt 0.000000 0.000000
vt 0.000000 0.000000
vt 0.000000 0.000000
vt 0.000000 0.000000
vt 0.000000 0.000000
vt 0.000000 0.000000
vt 0.000000 0.000000
vt 0.000000 0.000000
vt 0.000000 0.000000
vt 0.000000 0.000000
vt 0.000000 0.000000
vt 0.000000 0.000000
vt 0.000000 0.000000
vt 0.000000 0.000000
vt 0.000000 0.000000
vt 0.000000 0.000000
vt 0.000000 0.000000
vt 0.000000 0.000000
vt 0.000000 0.000000
vt 0.000000 0.000000
vt 0.000000 0.000000
vt 0.000000 0.000000
vt 0.000000 0.000000
vt 0.000000 0.000000
vt 0.000000 0.000000
vt 0.000000 0.000000
vt 0.000000 0.000000
vt 0.000000 0.000000
vt 0.000000 0.000000
vt 0.000000 0.000000
vt 0.000000 0.000000
vt 0.000000 0.000000
vt 0.000000 0.000000
vt 0.000000 0.000000
vt 0.000000 0.000000
vt 0.000000 0.000000
vt 0.000000 0.000000
vt 0.000000 0.000000
vt 0.000000 0.000000
vt 0.000000 0.000000
vt 0.000000 0.000000
vt 0.000000 0.000000
vt 0.000000 0.000000
vt 0.000000 0.000000
vt 0.000000 0.000000
vt 0.000000 0.000000
vt 0.000000 0.000000
vt 0.000000 0.000000
vt 0.000000 0.000000
vt 0.000000 0.000000
vt 0.000000 0.000000
vt 0.000000 0.000000
vt 0.000000 0.000000
vt 0.000000 0.000000
vt 0.000000 0.000000
vt 0.000000 0.000000
vt 0.000000 0.000000
vt 0.000000 0.000000
vt 0.000000 0.000000
vt 0.000000 0.000000
vt 0.000000 0.000000
vt 0.000000 0.000000
vt 0.000000 0.000000
vt 0.000000 0.000000
vt 0.000000 0.000000
vt 0.000000 0.000000
vt 0.000000 0.000000
vt 0.000000 0.000000
vt 0.000000 0.000000
vt 0.000000 0.000000
vt 0.000000 0.000000
vt 0.000000 0.000000
vt 0.000000 0.000000
vt 0.000000 0.000000
vt 0.000000 0.000000
vt 0.000000 0.000000
vt 0.000000 0.000000
vt 0.000000 0.000000
vt 0.000000 0.000000
vt 0.000000 0.000000
vt 0.000000 0.000000
vt 0.000000 0.000000
vt 0.000000 0.000000
vt 0.000000 0.000000
vt 0.000000 0.000000
vt 0.000000 0.000000
vt 0.000000 0.000000
vt 0.000000 0.000000
vt 0.000000 0.000000
vt 0.000000 0.000000
vt 0.000000 0.000000
vt 0.000000 0.000000
vt 0.000000 0.000000
vt 0.000000 0.000000
vt 0.000000 0.000000
vt 0.000000 0.000000
vt 0.000000 0.000000
vt 0.000000 0.000000
vt 0.000000 0.000000
vt 0.000000 0.000000
vt 0.000000 0.000000
vt 0.000000 0.000000
vt 0.000000 0.000000
vt 0.000000 0.000000
vt 0.000000 0.000000
vt 0.000000 0.000000
vt 0.000000 0.000000
vt 0.000000 0.000000
vt 0.000000 0.000000
vt 0.000000 0.000000
vt 0.000000 0.000000
vt 0.000000 0.000000
vt 0.000000 0.000000
vt 0.000000 0.000000
vt 0.000000 0.000000
vt 0.000000 0.000000
vt 0.000000 0.000000
vt 0.000000 0.000000
vt 0.000000 0.000000
vt 0.000000 0.000000
vt 0.000000 0.000000
vt 0.000000 0.000000
vt 0.000000 0.000000
vt 0.000000 0.000000
vt 0.000000 0.000000
vt 0.000000 0.000000
vt 0.000000 0.000000
vt 0.000000 0.000000
vt 0.000000 0.000000
vt 0.000000 0.000000
vt 0.000000 0.000000
vt 0.000000 0.000000
vt 0.000000 0.000000
vt 0.000000 0.000000
vt 0.000000 0.000000
vt 0.000000 0.000000
vt 0.000000 0.000000
vt 0.000000 0.000000
vt 0.000000 0.000000
vt 0.000000 0.000000
vt 0.000000 0.000000
vt 0.000000 0.000000
vt 0.000000 0.000000
vt 0.000000 0.000000
vt 0.000000 0.000000
vt 0.000000 0.000000
vt 0.000000 0.000000
vt 0.000000 0.000000
vt 0.000000 0.000000
vt 0.000000 0.000000
vt 0.000000 0.000000
vt 0.000000 0.000000
vt 0.000000 0.000000
vt 0.000000 0.000000
vt 0.000000 0.000000
vt 0.000000 0.000000
vt 0.000000 0.000000
vt 0.000000 0.000000
vt 0.000000 0.000000
vt 0.000000 0.000000
vt 0.000000 0.000000
vt 0.000000 0.000000
vt 0.000000 0.000000
vt 0.000000 0.000000
vt 0.000000 0.000000
vt 0.000000 0.000000
vt 0.000000 0.000000
vt 0.000000 0.000000
vt 0.000000 0.000000
vt 0.000000 0.000000
vt 0.000000 0.000000
vt 0.000000 0.000000
vt 0.000000 0.000000
vt 0.000000 0.000000
vt 0.000000 0.000000
vt 0.000000 0.000000
vt 0.000000 0.000000
vt 0.000000 0.000000
vt 0.000000 0.000000
vt 0.000000 0.000000
vt 0.000000 0.000000
vt 0.000000 0.000000
vt 0.000000 0.000000
vt 0.000000 0.000000
vt 0.000000 0.000000
vt 0.000000 0.000000
vt 0.000000 0.000000
vt 0.000000 0.000000
vt 0.000000 0.000000
vt 0.000000 0.000000
vt 0.000000 0.000000
vt 0.000000 0.000000
vt 0.000000 0.000000
vt 0.000000 0.000000
vt 0.000000 0.000000
vt 0.000000 0.000000
vt 0.000000 0.000000
vt 0.000000 0.000000
vt 0.000000 0.000000
vt 0.000000 0.000000
vt 0.000000 0.000000
vt 0.000000 0.000000
vt 0.000000 0.000000
vt 0.000000 0.000000
vt 0.000000 0.000000
vt 0.000000 0.000000
vt 0.000000 0.000000
vt 0.000000 0.000000
vt 0.000000 0.000000
vt 0.000000 0.000000
vt 0.000000 0.000000
vt 0.000000 0.000000
vt 0.000000 0.000000
vt 0.000000 0.000000
vt 0.000000 0.000000
vt 0.000000 0.000000
vt 0.000000 0.000000
vt 0.000000 0.000000
vt 0.000000 0.000000
vt 0.000000 0.000000
vt 0.000000 0.000000
vt 0.000000 0.000000
vt 0.000000 0.000000
vt 0.000000 0.000000
vt 0.000000 0.000000
vt 0.000000 0.000000
vt 0.000000 0.000000
vt 0.000000 0.000000
vt 0.000000 0.000000
vt 0.000000 0.000000
vt 0.000000 0.000000
vt 0.000000 0.000000
vt 0.000000 0.000000
vt 0.000000 0.000000
vt 0.000000 0.000000
vt 0.000000 0.000000
vt 0.000000 0.000000
vt 0.000000 0.000000
vt 0.000000 0.000000
vt 0.000000 0.000000
vt 0.000000 0.000000
vt 0.000000 0.000000
vt 0.000000 0.000000
vt 0.000000 0.000000
vt 0.000000 0.000000
vt 0.000000 0.000000
vt 0.000000 0.000000
vt 0.000000 0.000000
vt 0.000000 0.000000
vt 0.000000 0.000000
vt 0.000000 0.000000
vt 0.000000 0.000000
vt 0.000000 0.000000
vt 0.000000 0.000000
vt 0.000000 0.000000
vt 0.000000 0.000000
vt 0.000000 0.000000
vt 0.000000 0.000000
vt 0.000000 0.000000
vt 0.000000 0.000000
vt 0.000000 0.000000
vt 0.000000 0.000000
vt 0.000000 0.000000
vt 0.000000 0.000000
vt 0.000000 0.000000
vt 0.000000 0.000000
vt 0.000000 0.000000
vt 0.000000 0.000000
vt 0.000000 0.000000
vt 0.000000 0.000000
vt 0.000000 0.000000
vt 0.000000 0.000000
vt 0.000000 0.000000
vt 0.000000 0.000000
vt 0.000000 0.000000
vt 0.000000 0.000000
vt 0.000000 0.000000
vt 0.000000 0.000000
vt 0.000000 0.000000
vt 0.000000 0.000000
vt 0.000000 0.000000
vt 0.000000 0.000000
vt 0.000000 0.000000
vt 0.000000 0.000000
vt 0.000000 0.000000
vt 0.000000 0.000000
vt 0.000000 0.000000
vt 0.000000 0.000000
vt 0.000000 0.000000
vt 0.000000 0.000000
vt 0.000000 0.000000
vt 0.000000 0.000000
vt 0.000000 0.000000
vt 0.000000 0.000000
vt 0.000000 0.000000
vt 0.000000 0.000000
vt 0.000000 0.000000
vt 0.000000 0.000000
vt 0.000000 0.000000
vt 0.000000 0.000000
vt 0.000000 0.000000
vt 0.000000 0.000000
vt 0.000000 0.000000
vt 0.000000 0.000000
vt 0.000000 0.000000
vt 0.000000 0.000000
vt 0.000000 0.000000
vt 0.000000 0.000000
vt 0.000000 0.000000
vt 0.000000 0.000000
vt 0.000000 0.000000
vt 0.000000 0.000000
vt 0.000000 0.000000
vt 0.000000 0.000000
vt 0.000000 0.000000
vt 0.000000 0.000000
vt 0.000000 0.000000
vt 0.000000 0.000000
vt 0.000000 0.000000
vt 0.000000 0.000000
vt 0.000000 0.000000
vt 0.000000 0.000000
vt 0.000000 0.000000
vt 0.000000 0.000000
vt 0.000000 0.000000
vt 0.000000 0.000000
vt 0.000000 0.000000
vt 0.000000 0.000000
vt 0.000000 0.000000
vt 0.000000 0.000000
vt 0.000000 0.000000
vt 0.000000 0.000000
vt 0.000000 0.000000
vt 0.000000 0.000000
vt 0.000000 0.000000
vt 0.000000 0.000000
vt 0.000000 0.000000
vt 0.000000 0.000000
vt 0.000000 0.000000
vt 0.000000 0.000000
vt 0.000000 0.000000
vt 0.000000 0.000000
vt 0.000000 0.000000
vt 0.000000 0.000000
vt 0.000000 0.000000
vt 0.000000 0.000000
vt 0.000000 0.000000
vt 0.000000 0.000000
vt 0.000000 0.000000
vt 0.000000 0.000000
vt 0.000000 0.000000
vt 0.000000 0.000000
vt 0.000000 0.000000
vt 0.000000 0.000000
vt 0.000000 0.000000
vt 0.000000 0.000000
vt 0.000000 0.000000
vt 0.000000 0.000000
vt 0.000000 0.000000
vt 0.000000 0.000000
vt 0.000000 0.000000
vt 0.000000 0.000000
vt 0.000000 0.000000
vt 0.000000 0.000000
vt 0.000000 0.000000
vt 0.000000 0.000000
vt 0.000000 0.000000
vt 0.000000 0.000000
vt 0.000000 0.000000
vt 0.000000 0.000000
vt 0.000000 0.000000
vt 0.000000 0.000000
vt 0.000000 0.000000
vt 0.000000 0.000000
vt 0.000000 0.000000
vt 0.000000 0.000000
vt 0.000000 0.000000
vt 0.000000 0.000000
vt 0.000000 0.000000
vt 0.000000 0.000000
vt 0.000000 0.000000
vt 0.000000 0.000000
vt 0.000000 0.000000
vt 0.000000 0.000000
vt 0.000000 0.000000
vt 0.000000 0.000000
vt 0.000000 0.000000
vt 0.000000 0.000000
vt 0.000000 0.000000
vt 0.000000 0.000000
vt 0.000000 0.000000
vt 0.000000 0.000000
vt 0.000000 0.000000
vt 0.000000 0.000000
vt 0.000000 0.000000
vt 0.000000 0.000000
vt 0.000000 0.000000
vt 0.000000 0.000000
vt 0.000000 0.000000
vt 0.000000 0.000000
vt 0.000000 0.000000
vt 0.000000 0.000000
vt 0.000000 0.000000
vt 0.000000 0.000000
vt 0.000000 0.000000
vt 0.000000 0.000000
vt 0.000000 0.000000
vt 0.000000 0.000000
vt 0.000000 0.000000
vt 0.000000 0.000000
vt 0.000000 0.000000
vt 0.000000 0.000000
vt 0.000000 0.000000
vt 0.000000 0.000000
vt 0.000000 0.000000
vt 0.000000 0.000000
vt 0.000000 0.000000
vt 0.000000 0.000000
vt 0.000000 0.000000
vt 0.000000 0.000000
vt 0.000000 0.000000
vt 0.000000 0.000000
vt 0.000000 0.000000
vt 0.000000 0.000000
vt 0.000000 0.000000
vt 0.000000 0.000000
vt 0.000000 0.000000
vt 0.000000 0.000000
vt 0.000000 0.000000
vt 0.000000 0.000000
vt 0.000000 0.000000
vt 0.000000 0.000000
vt 0.000000 0.000000
vt 0.000000 0.000000
vt 0.000000 0.000000
vt 0.000000 0.000000
vt 0.000000 0.000000
vt 0.000000 0.000000
vt 0.000000 0.000000
vt 0.000000 0.000000
vt 0.000000 0.000000
vt 0.000000 0.000000
vt 0.000000 0.000000
vt 0.000000 0.000000
vt 0.000000 0.000000
vt 0.000000 0.000000
vt 0.000000 0.000000
vt 0.000000 0.000000
vt 0.000000 0.000000
vt 0.000000 0.000000
vt 0.000000 0.000000
vt 0.000000 0.000000
vt 0.000000 0.000000
vt 0.000000 0.000000
vt 0.000000 0.000000
vt 0.000000 0.000000
vt 0.000000 0.000000
vt 0.000000 0.000000
vt 0.000000 0.000000
vt 0.000000 0.000000
vt 0.000000 0.000000
vt 0.000000 0.000000
vt 0.000000 0.000000
vt 0.000000 0.000000
vt 0.000000 0.000000
vt 0.000000 0.000000
vt 0.000000 0.000000
vt 0.000000 0.000000
vt 0.000000 0.000000
vt 0.000000 0.000000
vt 0.000000 0.000000
vt 0.000000 0.000000
vt 0.000000 0.000000
vt 0.000000 0.000000
vt 0.000000 0.000000
vt 0.000000 0.000000
vt 0.000000 0.000000
vt 0.000000 0.000000
vt 0.000000 0.000000
vt 0.000000 0.000000
vt 0.000000 0.000000
vt 0.000000 0.000000
vt 0.000000 0.000000
vt 0.000000 0.000000
vt 0.000000 0.000000
vt 0.000000 0.000000
vt 0.000000 0.000000
vt 0.000000 0.000000
vt 0.000000 0.000000
vt 0.000000 0.000000
vt 0.000000 0.000000
vt 0.000000 0.000000
vt 0.000000 0.000000
vt 0.000000 0.000000
vt 0.000000 0.000000
vt 0.000000 0.000000
vt 0.000000 0.000000
vt 0.000000 0.000000
vt 0.000000 0.000000
vt 0.000000 0.000000
vt 0.000000 0.000000
vt 0.000000 0.000000
vt 0.000000 0.000000
vt 0.000000 0.000000
vt 0.000000 0.000000
vt 0.000000 0.000000
vt 0.000000 0.000000
vt 0.000000 0.000000
vt 0.000000 0.000000
vt 0.000000 0.000000
vt 0.000000 0.000000
vt 0.000000 0.000000
vt 0.000000 0.000000
vt 0.000000 0.000000
vt 0.000000 0.000000
vt 0.000000 0.000000
vt 0.000000 0.000000
vt 0.000000 0.000000
vt 0.000000 0.000000
vt 0.000000 0.000000
vt 0.000000 0.000000
vt 0.000000 0.000000
vt 0.000000 0.000000
vt 0.000000 0.000000
vt 0.000000 0.000000
vt 0.000000 0.000000
vt 0.000000 0.000000
vt 0.000000 0.000000
vt 0.000000 0.000000
vt 0.000000 0.000000
vt 0.000000 0.000000
vt 0.000000 0.000000
vt 0.000000 0.000000
vt 0.000000 0.000000
vt 0.000000 0.000000
vt 0.000000 0.000000
vt 0.000000 0.000000
vt 0.000000 0.000000
vt 0.000000 0.000000
vt 0.000000 0.000000
vt 0.000000 0.000000
vt 0.000000 0.000000
vt 0.000000 0.000000
vt 0.000000 0.000000
vt 0.000000 0.000000
vt 0.000000 0.000000
vt 0.000000 0.000000
vt 0.000000 0.000000
vt 0.000000 0.000000
vt 0.000000 0.000000
vt 0.000000 0.000000
vt 0.000000 0.000000
vt 0.000000 0.000000
vt 0.000000 0.000000
vt 0.000000 0.000000
vt 0.000000 0.000000
vt 0.000000 0.000000
vt 0.000000 0.000000
vt 0.000000 0.000000
vt 0.000000 0.000000
vt 0.000000 0.000000
vt 0.000000 0.000000
vt 0.000000 0.000000
vt 0.000000 0.000000
vt 0.000000 0.000000
vt 0.000000 0.000000
vt 0.000000 0.000000
vt 0.000000 0.000000
vt 0.000000 0.000000
vt 0.000000 0.000000
vt 0.000000 0.000000
vt 0.000000 0.000000
vt 0.000000 0.000000
vt 0.000000 0.000000
vt 0.000000 0.000000
vt 0.000000 0.000000
vt 0.000000 0.000000
vt 0.000000 0.000000
vt 0.000000 0.000000
vt 0.000000 0.000000
vt 0.000000 0.000000
vt 0.000000 0.000000
vt 0.000000 0.000000
vt 0.000000 0.000000
vt 0.000000 0.000000
vt 0.000000 0.000000
vt 0.000000 0.000000
vt 0.000000 0.000000
vt 0.000000 0.000000
vt 0.000000 0.000000
vt 0.000000 0.000000
vt 0.000000 0.000000
vt 0.000000 0.000000
vt 0.000000 0.000000
vt 0.000000 0.000000
vt 0.000000 0.000000
vt 0.000000 0.000000
vt 0.000000 0.000000
vt 0.000000 0.000000
vt 0.000000 0.000000
vt 0.000000 0.000000
vt 0.000000 0.000000
vt 0.000000 0.000000
vt 0.000000 0.000000
vt 0.000000 0.000000
vt 0.000000 0.000000
vt 0.000000 0.000000
vt 0.000000 0.000000
vt 0.000000 0.000000
vt 0.000000 0.000000
vt 0.000000 0.000000
vt 0.000000 0.000000
vt 0.000000 0.000000
vt 0.000000 0.000000
vt 0.000000 0.000000
vt 0.000000 0.000000
vt 0.000000 0.000000
vt 0.000000 0.000000
vt 0.000000 0.000000
vt 0.000000 0.000000
vt 0.000000 0.000000
vt 0.000000 0.000000
vt 0.000000 0.000000
vt 0.000000 0.000000
vt 0.000000 0.000000
vt 0.000000 0.000000
vt 0.000000 0.000000
vt 0.000000 0.000000
vt 0.000000 0.000000
vt 0.000000 0.000000
vt 0.000000 0.000000
vt 0.000000 0.000000
vt 0.000000 0.000000
vt 0.000000 0.000000
vt 0.000000 0.000000
vt 0.000000 0.000000
vt 0.000000 0.000000
vt 0.000000 0.000000
vt 0.000000 0.000000
vt 0.000000 0.000000
vt 0.000000 0.000000
vt 0.000000 0.000000
vt 0.000000 0.000000
vt 0.000000 0.000000
vt 0.000000 0.000000
vt 0.000000 0.000000
vt 0.000000 0.000000
vt 0.000000 0.000000
vt 0.000000 0.000000
vt 0.000000 0.000000
vt 0.000000 0.000000
vt 0.000000 0.000000
vt 0.000000 0.000000
vt 0.000000 0.000000
vt 0.000000 0.000000
vt 0.000000 0.000000
vt 0.000000 0.000000
vt 0.000000 0.000000
vt 0.000000 0.000000
vt 0.000000 0.000000
vt 0.000000 0.000000
vt 0.000000 0.000000
vt 0.000000 0.000000
vt 0.000000 0.000000
vt 0.000000 0.000000
vt 0.000000 0.000000
vt 0.000000 0.000000
vt 0.000000 0.000000
vt 0.000000 0.000000
vt 0.000000 0.000000
vt 0.000000 0.000000
vt 0.000000 0.000000
vt 0.000000 0.000000
vt 0.000000 0.000000
vt 0.000000 0.000000
vt 0.000000 0.000000
vt 0.000000 0.000000
vt 0.000000 0.000000
vt 0.000000 0.000000
vt 0.000000 0.000000
vt 0.000000 0.000000
vt 0.000000 0.000000
vt 0.000000 0.000000
vt 0.000000 0.000000
vt 0.000000 0.000000
vt 0.000000 0.000000
vt 0.000000 0.000000
vt 0.000000 0.000000
vt 0.000000 0.000000
vt 0.000000 0.000000
vt 0.000000 0.000000
vt 0.000000 0.000000
vt 0.000000 0.000000
vt 0.000000 0.000000
vt 0.000000 0.000000
vt 0.000000 0.000000
vt 0.000000 0.000000
vt 0.000000 0.000000
vt 0.000000 0.000000
vt 0.000000 0.000000
vt 0.000000 0.000000
vt 0.000000 0.000000
vt 0.000000 0.000000
vt 0.000000 0.000000
vt 0.000000 0.000000
vt 0.000000 0.000000
vt 0.000000 0.000000
vt 0.000000 0.000000
vt 0.000000 0.000000
vt 0.000000 0.000000
vt 0.000000 0.000000
vt 0.000000 0.000000
vt 0.000000 0.000000
vt 0.000000 0.000000
vt 0.000000 0.000000
vt 0.000000 0.000000
vt 0.000000 0.000000
vt 0.000000 0.000000
vt 0.000000 0.000000
vt 0.000000 0.000000
vt 0.000000 0.000000
vt 0.000000 0.000000
vt 0.000000 0.000000
vt 0.000000 0.000000
vt 0.000000 0.000000
vt 0.000000 0.000000
vt 0.000000 0.000000
vt 0.000000 0.000000
vt 0.000000 0.000000
vt 0.000000 0.000000
vt 0.000000 0.000000
vt 0.000000 0.000000
vt 0.000000 0.000000
vt 0.000000 0.000000
vt 0.000000 0.000000
vt 0.000000 0.000000
vt 0.000000 0.000000
vt 0.000000 0.000000
vt 0.000000 0.000000
vt 0.000000 0.000000
vt 0.000000 0.000000
vt 0.000000 0.000000
vt 0.000000 0.000000
vt 0.000000 0.000000
vt 0.000000 0.000000
vt 0.000000 0.000000
vt 0.000000 0.000000
vt 0.000000 0.000000
vt 0.000000 0.000000
vt 0.000000 0.000000
vt 0.000000 0.000000
vt 0.000000 0.000000
vt 0.000000 0.000000
vt 0.000000 0.000000
vt 0.000000 0.000000
vt 0.000000 0.000000
vt 0.000000 0.000000
vt 0.000000 0.000000
vt 0.000000 0.000000
vt 0.000000 0.000000
vt 0.000000 0.000000
vt 0.000000 0.000000
vt 0.000000 0.000000
vt 0.000000 0.000000
vt 0.000000 0.000000
vt 0.000000 0.000000
vt 0.000000 0.000000
vt 0.000000 0.000000
vt 0.000000 0.000000
vt 0.000000 0.000000
vt 0.000000 0.000000
vt 0.000000 0.000000
vt 0.000000 0.000000
vt 0.000000 0.000000
vt 0.000000 0.000000
vt 0.000000 0.000000
vt 0.000000 0.000000
vt 0.000000 0.000000
vt 0.000000 0.000000
vt 0.000000 0.000000
vt 0.000000 0.000000
vt 0.000000 0.000000
vt 0.000000 0.000000
vt 0.000000 0.000000
vt 0.000000 0.000000
vt 0.000000 0.000000
vt 0.000000 0.000000
vt 0.000000 0.000000
vt 0.000000 0.000000
vt 0.000000 0.000000
vt 0.000000 0.000000
vt 0.000000 0.000000
vt 0.000000 0.000000
vt 0.000000 0.000000
vt 0.000000 0.000000
vt 0.000000 0.000000
vt 0.000000 0.000000
vt 0.000000 0.000000
vt 0.000000 0.000000
vt 0.000000 0.000000
vt 0.000000 0.000000
vt 0.000000 0.000000
vt 0.000000 0.000000
vt 0.000000 0.000000
vt 0.000000 0.000000
vt 0.000000 0.000000
vt 0.000000 0.000000
vt 0.000000 0.000000
vt 0.000000 0.000000
vt 0.000000 0.000000
vt 0.000000 0.000000
vt 0.000000 0.000000
vt 0.000000 0.000000
vt 0.000000 0.000000
vt 0.000000 0.000000
vt 0.000000 0.000000
vt 0.000000 0.000000
vt 0.000000 0.000000
vt 0.000000 0.000000
vt 0.000000 0.000000
vt 0.000000 0.000000
vt 0.000000 0.000000
vt 0.000000 0.000000
vt 0.000000 0.000000
vt 0.000000 0.000000
vt 0.000000 0.000000
vt 0.000000 0.000000
vt 0.000000 0.000000
vt 0.000000 0.000000
vt 0.000000 0.000000
vt 0.000000 0.000000
vt 0.000000 0.000000
vt 0.000000 0.000000
vt 0.000000 0.000000
vt 0.000000 0.000000
vt 0.000000 0.000000
vt 0.000000 0.000000
vt 0.000000 0.000000
vt 0.000000 0.000000
vt 0.000000 0.000000
vt 0.000000 0.000000
vt 0.000000 0.000000
vt 0.000000 0.000000
vt 0.000000 0.000000
vt 0.000000 0.000000
vt 0.000000 0.000000
vt 0.000000 0.000000
vt 0.000000 0.000000
vt 0.000000 0.000000
vt 0.000000 0.000000
vt 0.000000 0.000000
vt 0.000000 0.000000
vt 0.000000 0.000000
vt 0.000000 0.000000
vt 0.000000 0.000000
vt 0.000000 0.000000
vt 0.000000 0.000000
vt 0.000000 0.000000
vt 0.000000 0.000000
vt 0.000000 0.000000
vt 0.000000 0.000000
vt 0.000000 0.000000
vt 0.000000 0.000000
vt 0.000000 0.000000
vt 0.000000 0.000000
vt 0.000000 0.000000
vt 0.000000 0.000000
vt 0.000000 0.000000
vt 0.000000 0.000000
vt 0.000000 0.000000
vt 0.000000 0.000000
vt 0.000000 0.000000
vt 0.000000 0.000000
vt 0.000000 0.000000
vt 0.000000 0.000000
vt 0.000000 0.000000
vt 0.000000 0.000000
vt 0.000000 0.000000
vt 0.000000 0.000000
vt 0.000000 0.000000
vt 0.000000 0.000000
vt 0.000000 0.000000
vt 0.000000 0.000000
vt 0.000000 0.000000
vt 0.000000 0.000000
vt 0.000000 0.000000
vt 0.000000 0.000000
vt 0.000000 0.000000
vt 0.000000 0.000000
vt 0.000000 0.000000
vt 0.000000 0.000000
vt 0.000000 0.000000
vt 0.000000 0.000000
vt 0.000000 0.000000
vt 0.000000 0.000000
vt 0.000000 0.000000
vt 0.000000 0.000000
vt 0.000000 0.000000
vt 0.000000 0.000000
vt 0.000000 0.000000
vt 0.000000 0.000000
vt 0.000000 0.000000
vt 0.000000 0.000000
vt 0.000000 0.000000
vt 0.000000 0.000000
vt 0.000000 0.000000
vt 0.000000 0.000000
vt 0.000000 0.000000
vt 0.000000 0.000000
vt 0.000000 0.000000
vt 0.000000 0.000000
vt 0.000000 0.000000
vt 0.000000 0.000000
vt 0.000000 0.000000
vt 0.000000 0.000000
vt 0.000000 0.000000
vt 0.000000 0.000000
vt 0.000000 0.000000
vt 0.000000 0.000000
vt 0.000000 0.000000
vt 0.000000 0.000000
vt 0.000000 0.000000
vt 0.000000 0.000000
vt 0.000000 0.000000
vt 0.000000 0.000000
vt 0.000000 0.000000
vt 0.000000 0.000000
vt 0.000000 0.000000
vt 0.000000 0.000000
vt 0.000000 0.000000
vt 0.000000 0.000000
vt 0.000000 0.000000
vt 0.000000 0.000000
vt 0.000000 0.000000
vt 0.000000 0.000000
vt 0.000000 0.000000
vt 0.000000 0.000000
vt 0.000000 0.000000
vt 0.000000 0.000000
vt 0.000000 0.000000
vt 0.000000 0.000000
vt 0.000000 0.000000
vt 0.000000 0.000000
vt 0.000000 0.000000
vt 0.000000 0.000000
vt 0.000000 0.000000
vt 0.000000 0.000000
vt 0.000000 0.000000
vt 0.000000 0.000000
vt 0.000000 0.000000
vt 0.000000 0.000000
vt 0.000000 0.000000
vt 0.000000 0.000000
vt 0.000000 0.000000
vt 0.000000 0.000000
vt 0.000000 0.000000
vt 0.000000 0.000000
vt 0.000000 0.000000
vt 0.000000 0.000000
vt 0.000000 0.000000
vt 0.000000 0.000000
vt 0.000000 0.000000
vt 0.000000 0.000000
vt 0.000000 0.000000
vt 0.000000 0.000000
vt 0.000000 0.000000
vt 0.000000 0.000000
vt 0.000000 0.000000
vt 0.000000 0.000000
vt 0.000000 0.000000
vt 0.000000 0.000000
vt 0.000000 0.000000
vt 0.000000 0.000000
vt 0.000000 0.000000
vt 0.000000 0.000000
vt 0.000000 0.000000
vt 0.000000 0.000000
vt 0.000000 0.000000
vt 0.000000 0.000000
vt 0.000000 0.000000
vt 0.000000 0.000000
vt 0.000000 0.000000
vt 0.000000 0.000000
vt 0.000000 0.000000
vt 0.000000 0.000000
vt 0.000000 0.000000
vt 0.000000 0.000000
vt 0.000000 0.000000
vt 0.000000 0.000000
vt 0.000000 0.000000
vt 0.000000 0.000000
vt 0.000000 0.000000
vt 0.000000 0.000000
vt 0.000000 0.000000
vt 0.000000 0.000000
vt 0.000000 0.000000
vt 0.000000 0.000000
vt 0.000000 0.000000
vt 0.000000 0.000000
vt 0.000000 0.000000
vt 0.000000 0.000000
vt 0.000000 0.000000
vt 0.000000 0.000000
vt 0.000000 0.000000
vt 0.000000 0.000000
vt 0.000000 0.000000
vt 0.000000 0.000000
vt 0.000000 0.000000
vt 0.000000 0.000000
vt 0.000000 0.000000
vt 0.000000 0.000000
vt 0.000000 0.000000
vt 0.000000 0.000000
vt 0.000000 0.000000
vt 0.000000 0.000000
vt 0.000000 0.000000
vt 0.000000 0.000000
vt 0.000000 0.000000
vt 0.000000 0.000000
vt 0.000000 0.000000
vt 0.000000 0.000000
vt 0.000000 0.000000
vt 0.000000 0.000000
vt 0.000000 0.000000
vt 0.000000 0.000000
vt 0.000000 0.000000
vt 0.000000 0.000000
vt 0.000000 0.000000
vt 0.000000 0.000000
vt 0.000000 0.000000
vt 0.000000 0.000000
vt 0.000000 0.000000
vt 0.000000 0.000000
vt 0.000000 0.000000
vt 0.000000 0.000000
vt 0.000000 0.000000
vt 0.000000 0.000000
vt 0.000000 0.000000
vt 0.000000 0.000000
vt 0.000000 0.000000
vt 0.000000 0.000000
vt 0.000000 0.000000
vt 0.000000 0.000000
vt 0.000000 0.000000
vt 0.000000 0.000000
vt 0.000000 0.000000
vt 0.000000 0.000000
vt 0.000000 0.000000
vt 0.000000 0.000000
vt 0.000000 0.000000
vt 0.000000 0.000000
vt 0.000000 0.000000
vt 0.000000 0.000000
vt 0.000000 0.000000
vt 0.000000 0.000000
vt 0.000000 0.000000
vt 0.000000 0.000000
vt 0.000000 0.000000
vt 0.000000 0.000000
vt 0.000000 0.000000
vt 0.000000 0.000000
vt 0.000000 0.000000
vt 0.000000 0.000000
vt 0.000000 0.000000
vt 0.000000 0.000000
vt 0.000000 0.000000
vt 0.000000 0.000000
vt 0.000000 0.000000
vt 0.000000 0.000000
vt 0.000000 0.000000
vt 0.000000 0.000000
vt 0.000000 0.000000
vt 0.000000 0.000000
vt 0.000000 0.000000
vt 0.000000 0.000000
vt 0.000000 0.000000
vt 0.000000 0.000000
vt 0.000000 0.000000
vt 0.000000 0.000000
vt 0.000000 0.000000
vt 0.000000 0.000000
vt 0.000000 0.000000
vt 0.000000 0.000000
vt 0.000000 0.000000
vt 0.000000 0.000000
vt 0.000000 0.000000
vt 0.000000 0.000000
vt 0.000000 0.000000
vt 0.000000 0.000000
vt 0.000000 0.000000
vt 0.000000 0.000000
vt 0.000000 0.000000
vt 0.000000 0.000000
vt 0.000000 0.000000
vt 0.000000 0.000000
vt 0.000000 0.000000
vt 0.000000 0.000000
vt 0.000000 0.000000
vt 0.000000 0.000000
vt 0.000000 0.000000
vt 0.000000 0.000000
vt 0.000000 0.000000
vt 0.000000 0.000000
vt 0.000000 0.000000
vt 0.000000 0.000000
vt 0.000000 0.000000
vt 0.000000 0.000000
vt 0.000000 0.000000
vt 0.000000 0.000000
vt 0.000000 0.000000
vt 0.000000 0.000000
vt 0.000000 0.000000
vt 0.000000 0.000000
vt 0.000000 0.000000
vt 0.000000 0.000000
vt 0.000000 0.000000
vt 0.000000 0.000000
vt 0.000000 0.000000
vt 0.000000 0.000000
vt 0.000000 0.000000
vt 0.000000 0.000000
vt 0.000000 0.000000
vt 0.000000 0.000000
vt 0.000000 0.000000
vt 0.000000 0.000000
vt 0.000000 0.000000
vt 0.000000 0.000000
vt 0.000000 0.000000
vt 0.000000 0.000000
vt 0.000000 0.000000
vt 0.000000 0.000000
vt 0.000000 0.000000
vt 0.000000 0.000000
vt 0.000000 0.000000
vt 0.000000 0.000000
vt 0.000000 0.000000
vt 0.000000 0.000000
vt 0.000000 0.000000
vt 0.000000 0.000000
vt 0.000000 0.000000
vt 0.000000 0.000000
vt 0.000000 0.000000
vt 0.000000 0.000000
vt 0.000000 0.000000
vt 0.000000 0.000000
vt 0.000000 0.000000
vt 0.000000 0.000000
vt 0.000000 0.000000
vt 0.000000 0.000000
vt 0.000000 0.000000
vt 0.000000 0.000000
vt 0.000000 0.000000
vt 0.000000 0.000000
vt 0.000000 0.000000
vt 0.000000 0.000000
vt 0.000000 0.000000
vt 0.000000 0.000000
vt 0.000000 0.000000
vt 0.000000 0.000000
vt 0.000000 0.000000
vt 0.000000 0.000000
vt 0.000000 0.000000
vt 0.000000 0.000000
vt 0.000000 0.000000
vt 0.000000 0.000000
vt 0.000000 0.000000
vt 0.000000 0.000000
vt 0.000000 0.000000
vt 0.000000 0.000000
vt 0.000000 0.000000
vt 0.000000 0.000000
vt 0.000000 0.000000
vt 0.000000 0.000000
vt 0.000000 0.000000
vt 0.000000 0.000000
vt 0.000000 0.000000
vt 0.000000 0.000000
vt 0.000000 0.000000
vt 0.000000 0.000000
vt 0.000000 0.000000
vt 0.000000 0.000000
vt 0.000000 0.000000
vt 0.000000 0.000000
vt 0.000000 0.000000
vt 0.000000 0.000000
vt 0.000000 0.000000
vt 0.000000 0.000000
vt 0.000000 0.000000
vt 0.000000 0.000000
vt 0.000000 0.000000
vt 0.000000 0.000000
vt 0.000000 0.000000
vt 0.000000 0.000000
vt 0.000000 0.000000
vt 0.000000 0.000000
vt 0.000000 0.000000
vt 0.000000 0.000000
vt 0.000000 0.000000
vt 0.000000 0.000000
vt 0.000000 0.000000
vt 0.000000 0.000000
vt 0.000000 0.000000
vt 0.000000 0.000000
vt 0.000000 0.000000
vt 0.000000 0.000000
vt 0.000000 0.000000
vt 0.000000 0.000000
vt 0.000000 0.000000
vt 0.000000 0.000000
vt 0.000000 0.000000
vt 0.000000 0.000000
vt 0.000000 0.000000
vt 0.000000 0.000000
vt 0.000000 0.000000
vt 0.000000 0.000000
vt 0.000000 0.000000
vt 0.000000 0.000000
vt 0.000000 0.000000
vt 0.000000 0.000000
vt 0.000000 0.000000
vt 0.000000 0.000000
vt 0.000000 0.000000
vt 0.000000 0.000000
vt 0.000000 0.000000
vt 0.000000 0.000000
vt 0.000000 0.000000
vt 0.000000 0.000000
vt 0.000000 0.000000
vt 0.000000 0.000000
vt 0.000000 0.000000
vt 0.000000 0.000000
vt 0.000000 0.000000
vt 0.000000 0.000000
vt 0.000000 0.000000
vt 0.000000 0.000000
vt 0.000000 0.000000
vt 0.000000 0.000000
vt 0.000000 0.000000
vt 0.000000 0.000000
vt 0.000000 0.000000
vt 0.000000 0.000000
vt 0.000000 0.000000
vt 0.000000 0.000000
vt 0.000000 0.000000
vt 0.000000 0.000000
vt 0.000000 0.000000
vt 0.000000 0.000000
vt 0.000000 0.000000
vt 0.000000 0.000000
vt 0.000000 0.000000
vt 0.000000 0.000000
vt 0.000000 0.000000
vt 0.000000 0.000000
vt 0.000000 0.000000
vt 0.000000 0.000000
vt 0.000000 0.000000
vt 0.000000 0.000000
vt 0.000000 0.000000
vt 0.000000 0.000000
vt 0.000000 0.000000
vt 0.000000 0.000000
vt 0.000000 0.000000
vt 0.000000 0.000000
vt 0.000000 0.000000
vt 0.000000 0.000000
vt 0.000000 0.000000
vt 0.000000 0.000000
vt 0.000000 0.000000
vt 0.000000 0.000000
vt 0.000000 0.000000
vt 0.000000 0.000000
vt 0.000000 0.000000
vt 0.000000 0.000000
vt 0.000000 0.000000
vt 0.000000 0.000000
vt 0.000000 0.000000
vt 0.000000 0.000000
vt 0.000000 0.000000
vt 0.000000 0.000000
vt 0.000000 0.000000
vt 0.000000 0.000000
vt 0.000000 0.000000
vt 0.000000 0.000000
vt 0.000000 0.000000
vt 0.000000 0.000000
vt 0.000000 0.000000
vt 0.000000 0.000000
vt 0.000000 0.000000
vt 0.000000 0.000000
vt 0.000000 0.000000
vt 0.000000 0.000000
vt 0.000000 0.000000
vt 0.000000 0.000000
vt 0.000000 0.000000
vt 0.000000 0.000000
vt 0.000000 0.000000
vt 0.000000 0.000000
vt 0.000000 0.000000
vt 0.000000 0.000000
vt 0.000000 0.000000
vt 0.000000 0.000000
vt 0.000000 0.000000
vt 0.000000 0.000000
vt 0.000000 0.000000
vt 0.000000 0.000000
vt 0.000000 0.000000
vt 0.000000 0.000000
vt 0.000000 0.000000
vt 0.000000 0.000000
vt 0.000000 0.000000
vt 0.000000 0.000000
vt 0.000000 0.000000
vt 0.000000 0.000000
vt 0.000000 0.000000
vt 0.000000 0.000000
vt 0.000000 0.000000
vt 0.000000 0.000000
vt 0.000000 0.000000
vt 0.000000 0.000000
vt 0.000000 0.000000
vt 0.000000 0.000000
vt 0.000000 0.000000
vt 0.000000 0.000000
vt 0.000000 0.000000
vt 0.000000 0.000000
vt 0.000000 0.000000
vt 0.000000 0.000000
vt 0.000000 0.000000
vt 0.000000 0.000000
vt 0.000000 0.000000
vt 0.000000 0.000000
vt 0.000000 0.000000
vt 0.000000 0.000000
vt 0.000000 0.000000
vt 0.000000 0.000000
vt 0.000000 0.000000
vt 0.000000 0.000000
vt 0.000000 0.000000
vt 0.000000 0.000000
vt 0.000000 0.000000
vt 0.000000 0.000000
vt 0.000000 0.000000
vt 0.000000 0.000000
vt 0.000000 0.000000
vt 0.000000 0.000000
vt 0.000000 0.000000
vt 0.000000 0.000000
vt 0.000000 0.000000
vt 0.000000 0.000000
vt 0.000000 0.000000
vt 0.000000 0.000000
vt 0.000000 0.000000
vt 0.000000 0.000000
vt 0.000000 0.000000
vt 0.000000 0.000000
vn 0.1639 0.4257 -0.8899
vn -0.0627 0.4238 -0.9036
vn -0.0499 0.5313 -0.8457
vn 0.1736 0.5256 -0.8328
vn -0.7055 0.2134 0.6758
vn -0.7056 0.2197 0.6736
vn -0.9857 0.1538 -0.0693
vn -0.9914 0.1215 -0.0480
vn -0.4601 0.5465 -0.6997
vn -0.4942 0.5693 -0.6570
vn -0.3770 0.8601 -0.3436
vn -0.4058 0.8693 -0.2823
vn -0.6874 0.6854 -0.2400
vn -0.3010 0.9404 -0.1583
vn -0.3508 0.9297 -0.1125
vn -0.3191 0.0965 -0.9428
vn -0.3383 0.2623 -0.9037
vn -0.2340 0.2635 -0.9359
vn -0.2123 0.0787 -0.9740
vn -0.3357 0.3899 -0.8575
vn -0.2335 0.4073 -0.8829
vn -0.0702 0.2653 -0.9616
vn -0.0662 0.0672 -0.9955
vn -0.3174 0.4855 -0.8146
vn -0.2143 0.5106 -0.8326
vn -0.2879 0.5661 -0.7724
vn -0.1837 0.5926 -0.7843
vn -0.0362 0.6122 -0.7898
vn -0.8407 0.4657 -0.2763
vn -0.8421 0.4528 -0.2929
vn -0.7710 0.5033 -0.3902
vn -0.7961 0.4801 -0.3683
vn -0.7773 0.5710 -0.2638
vn -0.6749 0.6251 -0.3922
vn -0.6562 0.6449 -0.3917
vn -0.7243 0.5426 -0.4253
vn -0.7524 0.4854 -0.4453
vn -0.9830 0.1555 0.0973
vn -0.9815 0.1837 0.0538
vn -0.9549 0.2277 0.1904
vn -0.9458 0.1958 0.2588
vn -0.9770 0.2132 0.0014
vn -0.9623 0.2499 0.1070
vn -0.9429 0.3023 0.1399
vn -0.9262 0.2881 0.2430
vn -0.9226 0.2256 0.3128
vn -0.9496 0.2919 -0.1137
vn -0.9249 0.3448 -0.1599
vn -0.9252 0.3771 -0.0421
vn -0.9474 0.3200 -0.0078
vn -0.8988 0.3914 -0.1973
vn -0.8971 0.4360 -0.0708
vn -0.8888 0.4562 -0.0439
vn -0.9197 0.3925 -0.0072
vn -0.9417 0.3355 0.0238
vn -0.9515 0.3010 0.0638
vn -0.9508 0.3048 -0.0548
vn -0.9474 0.3118 -0.0718
vn -0.9402 0.3360 -0.0547
vn -0.9178 0.3162 -0.2402
vn -0.9293 0.2774 -0.2436
vn -0.9277 0.2486 -0.2784
vn -0.9174 0.3937 -0.0577
vn -0.8854 0.4611 -0.0573
vn -0.8795 0.4231 -0.2177
vn -0.8994 0.3662 -0.2386
vn -0.7770 0.6287 -0.0315
vn -0.7472 0.6613 0.0657
vn -0.8009 0.5922 -0.0888
vn -0.8269 0.5430 -0.1461
vn -0.7051 0.7073 0.0500
vn -0.7545 0.6555 -0.0311
vn -0.7673 0.6391 0.0521
vn -0.8361 0.5485 -0.0057
vn -0.8695 0.4932 0.0243
vn -0.8873 0.2468 -0.3896
vn -0.9030 0.2831 -0.3232
vn -0.9363 0.2428 -0.2538
vn -0.9297 0.1652 -0.3291
vn -0.8871 0.3534 -0.2967
vn -0.9036 0.3612 -0.2303
vn -0.8593 0.3857 -0.3359
vn -0.8811 0.2501 -0.4014
vn -0.8900 0.1323 -0.4364
vn -0.8588 0.0990 -0.5026
vn -0.8843 0.0867 -0.4588
vn -0.7219 0.0710 -0.6884
vn -0.6825 0.0307 -0.7302
vn -0.7238 0.1499 -0.6735
vn -0.6827 0.1522 -0.7147
vn -0.6569 0.0562 -0.7518
vn -0.6131 -0.0178 -0.7897
vn -0.4194 0.3691 -0.8294
vn -0.3983 0.4525 -0.7979
vn -0.3999 0.4645 -0.7901
vn -0.4161 0.3755 -0.8281
vn -0.3644 0.5270 -0.7677
vn -0.3728 0.5430 -0.7524
vn -0.8560 0.4160 -0.3069
vn -0.8601 0.4411 -0.2563
vn -0.8297 0.4574 -0.3199
vn -0.8392 0.4622 -0.2865
vn -0.8391 0.4654 -0.2816
vn -0.9106 0.2794 -0.3044
vn -0.9316 0.2426 -0.2707
vn -0.8879 0.3164 -0.3339
vn -0.8751 0.3360 -0.3481
vn -0.8960 0.3016 -0.3257
vn -0.9145 0.2750 -0.2967
vn -0.8879 0.3076 -0.3421
vn -0.8911 0.2872 -0.3512
vn -0.8741 0.3488 -0.3380
vn -0.8483 0.3741 -0.3748
vn -0.8487 0.3971 -0.3492
vn -0.8116 0.4116 -0.4145
vn -0.8164 0.4439 -0.3694
vn -0.8630 0.3533 -0.3611
vn -0.8358 0.3888 -0.3875
vn -0.9711 0.0732 -0.2272
vn -0.9366 0.1594 -0.3121
vn -0.9631 0.2532 -0.0908
vn -0.9767 0.1890 -0.1012
vn -0.9257 0.1129 -0.3609
vn -0.9708 0.1925 -0.1430
vn -0.9449 0.2544 -0.2057
vn -0.9497 0.2538 -0.1833
vn -0.9691 0.1552 -0.1916
vn -0.9043 0.2630 -0.3362
vn -0.9318 0.1552 -0.3281
vn -0.8962 0.2764 -0.3469
vn -0.8044 0.2402 -0.5433
vn -0.7823 0.2947 -0.5487
vn -0.8296 0.2059 -0.5189
vn -0.9334 0.2544 -0.2529
vn -0.8929 0.2797 -0.3526
vn -0.8490 0.2350 -0.4732
vn -0.9243 0.1739 -0.3399
vn -0.9559 0.1956 -0.2189
vn -0.7834 0.2807 -0.5545
vn -0.7594 0.2025 -0.6183
vn -0.8445 0.1682 -0.5085
vn -0.7890 0.1447 -0.5971
vn -0.6907 0.0533 -0.7212
vn -0.8617 0.4415 -0.2500
vn -0.8569 0.5031 -0.1125
vn -0.7947 0.5140 -0.3229
vn -0.7906 0.5886 -0.1685
vn -0.7783 0.6141 -0.1308
vn -0.8447 0.5279 -0.0882
vn -0.4090 0.1272 -0.9036
vn -0.4251 0.2628 -0.8661
vn -0.4185 0.2608 -0.8699
vn -0.4013 0.1133 -0.9089
vn -0.8929 0.1433 -0.4267
vn -0.9646 -0.0658 0.2555
vn -0.9439 0.1056 0.3128
vn -0.9884 0.0676 -0.1357
vn -0.9923 -0.1060 -0.0641
vn -0.9733 0.1628 -0.1617
vn -0.9564 0.2663 -0.1199
vn -0.3058 -0.1132 -0.9453
vn -0.3674 -0.0094 -0.9300
vn -0.3623 -0.0356 -0.9314
vn -0.3082 -0.1490 -0.9395
vn -0.2807 -0.0681 -0.9573
vn -0.2343 -0.1900 -0.9534
vn -0.1697 -0.2575 -0.9512
vn -0.2362 -0.1762 -0.9556
vn -0.2499 -0.2190 -0.9431
vn -0.1946 -0.3025 -0.9330
vn -0.1885 -0.2653 -0.9455
vn -0.1458 -0.3497 -0.9254
vn -0.6077 -0.0042 -0.7942
vn -0.5342 -0.1007 -0.8393
vn -0.5624 -0.0688 -0.8240
vn -0.5176 -0.1540 -0.8416
vn -0.1158 -0.2989 -0.9472
vn -0.0871 -0.3845 -0.9190
vn -0.1455 -0.2206 -0.9644
vn -0.0514 -0.2338 -0.9709
vn -0.0437 -0.3145 -0.9482
vn -0.0324 -0.4018 -0.9151
vn -0.1787 -0.0962 -0.9792
vn -0.0580 -0.1107 -0.9922
vn -0.7188 0.2653 -0.6426
vn -0.7364 0.3842 -0.5568
vn -0.7060 0.3522 -0.6144
vn -0.6934 0.2548 -0.6740
vn -0.6779 0.6845 -0.2680
vn -0.6234 0.7065 -0.3350
vn -0.6234 0.7438 -0.2411
vn -0.6953 0.7095 -0.1145
vn -0.4752 0.8364 -0.2733
vn -0.4666 0.8416 -0.2718
vn -0.4322 0.8528 -0.2931
vn -0.5510 0.7920 -0.2626
vn -0.6261 0.7571 -0.1864
vn -0.2599 0.6807 -0.6848
vn -0.1928 0.7473 -0.6359
vn -0.2369 0.7701 -0.5922
vn -0.2880 0.7018 -0.6515
vn -0.1221 0.7902 -0.6006
vn -0.1906 0.8175 -0.5434
vn -0.1328 0.8217 -0.5542
vn -0.1646 0.7796 -0.6042
vn -0.2058 0.7184 -0.6644
vn 0.0371 0.7936 -0.6073
vn 0.1458 0.7688 -0.6226
vn -0.0746 0.8720 -0.4837
vn -0.1163 0.8566 -0.5026
vn 0.2788 0.7390 -0.6132
vn -0.0168 0.9043 -0.4265
vn -0.0815 0.9186 -0.3865
vn -0.0866 0.8787 -0.4693
vn -0.0972 0.8605 -0.5000
vn -0.3917 0.8966 -0.2065
vn -0.3782 0.8938 -0.2410
vn -0.3284 0.9302 -0.1638
vn -0.3115 0.9300 -0.1952
vn -0.3011 0.9311 -0.2057
vn -0.3615 0.8927 -0.2688
vn -0.5896 0.8059 -0.0527
vn -0.5286 0.8465 -0.0626
vn -0.5312 0.8391 -0.1167
vn -0.5841 0.7787 -0.2288
vn -0.4777 0.8750 -0.0785
vn -0.4686 0.8801 -0.0762
vn -0.4584 0.8742 -0.1600
vn -0.5301 0.7837 -0.3237
vn -0.5413 0.6713 -0.5063
vn -0.5523 0.7105 -0.4360
vn -0.5728 0.6370 -0.5158
vn -0.4603 0.8501 -0.2557
vn -0.4124 0.9035 -0.1168
vn -0.4016 0.9013 -0.1623
vn -0.3505 0.9303 -0.1077
vn -0.3445 0.9293 -0.1327
vn -0.4277 0.8991 -0.0924
vn -0.4220 0.9020 -0.0910
vn -0.3519 0.9319 -0.0872
vn -0.3548 0.9304 -0.0916
vn 0.0124 0.9998 -0.0143
vn 0.0038 0.9850 0.1721
vn -0.1326 0.9734 0.1869
vn -0.1581 0.9874 -0.0107
vn 0.0009 0.9907 0.1359
vn -0.0793 0.9862 0.1451
vn -0.1591 0.9750 0.1548
vn -0.2400 0.9456 0.2197
vn -0.2456 0.9694 0.0019
vn -0.3115 0.9212 0.2329
vn -0.2923 0.9553 0.0432
vn -0.2528 0.9587 0.1302
vn -0.3522 0.9353 0.0349
vn -0.3832 0.9069 0.1753
vn -0.3730 0.9235 0.0896
vn -0.1001 0.9946 -0.0267
vn -0.1668 0.9831 -0.0754
vn -0.1002 0.9947 -0.0246
vn -0.1570 0.9867 -0.0420
vn -0.2015 0.9781 -0.0518
vn -0.2424 0.9624 -0.1221
vn 0.0016 1.0000 0.0073
vn -0.0475 0.9988 -0.0003
vn -0.0002 1.0000 -0.0073
vn -0.0466 0.9988 -0.0135
vn -0.4714 0.8811 0.0389
vn -0.4901 0.8694 0.0616
vn -0.4121 0.9073 -0.0830
vn -0.4251 0.8979 -0.1146
vn -0.5050 0.8611 -0.0594
vn -0.5618 0.8272 -0.0083
vn -0.7015 0.5948 -0.3925
vn -0.7011 0.6791 -0.2172
vn -0.6097 0.6587 -0.4408
vn -0.6103 0.7546 -0.2408
vn -0.6057 0.7773 -0.1701
vn -0.6923 0.7037 -0.1597
vn -0.5061 0.6893 -0.5184
vn -0.4821 0.6483 -0.5893
vn -0.4467 0.8602 -0.2458
vn -0.4899 0.8387 -0.2376
vn -0.4281 0.8947 -0.1277
vn -0.4827 0.8633 -0.1473
vn -0.2991 0.9460 -0.1246
vn -0.2284 0.9722 -0.0522
vn -0.2431 0.9687 -0.0491
vn -0.3275 0.9398 -0.0967
vn -0.6708 0.7186 -0.1835
vn -0.5864 0.7426 -0.3236
vn -0.5496 0.7868 -0.2809
vn -0.5865 0.7768 -0.2291
vn -0.6069 0.7327 -0.3078
vn -0.2738 0.9568 -0.0980
vn -0.3503 0.9337 -0.0741
vn -0.3651 0.9181 -0.1544
vn -0.6756 0.7042 0.2184
vn -0.6197 0.7665 0.1685
vn -0.6373 0.7702 0.0243
vn -0.6737 0.7386 -0.0229
vn -0.5791 0.8143 -0.0390
vn -0.5492 0.8308 0.0895
vn -0.6641 0.7437 0.0766
vn -0.5356 0.8284 -0.1638
vn -0.5334 0.8386 -0.1102
vn -0.5981 0.7955 -0.0972
vn -0.4824 0.8688 -0.1115
vn -0.4283 0.8977 -0.1032
vn -0.3500 0.9331 -0.0826
vn -0.8403 0.5393 -0.0550
vn -0.7710 0.6341 -0.0585
vn -0.7837 0.6121 -0.1050
vn -0.8501 0.4988 -0.1690
vn -0.6819 0.7276 -0.0751
vn -0.6792 0.7315 -0.0599
vn -0.7701 0.4665 -0.4350
vn -0.7331 0.4373 -0.5210
vn -0.2495 0.6435 -0.7236
vn -0.1447 0.6672 -0.7307
vn -0.1034 0.7335 -0.6717
vn 0.0187 0.7405 -0.6717
vn -0.0120 0.6851 -0.7283
vn -0.0671 0.7851 -0.6157
vn -0.0443 0.8187 -0.5726
vn 0.0752 0.7854 -0.6144
vn 0.0387 0.7767 -0.6287
vn -0.5430 0.6925 -0.4750
vn -0.5387 0.8070 -0.2419
vn -0.6609 0.6652 0.3474
vn -0.6423 0.7020 0.3077
vn -0.6933 0.6887 0.2123
vn -0.7168 0.6609 0.2219
vn -0.5921 0.7793 0.2054
vn -0.6500 0.7458 0.1457
vn -0.3183 0.6027 -0.7317
vn -0.3353 0.6218 -0.7078
vn -0.4963 0.8658 -0.0634
vn -0.4162 0.9064 -0.0717
vn -0.3415 0.9237 0.1733
vn -0.4451 0.8881 0.1140
vn -0.4807 0.8718 0.0938
vn -0.5715 0.8163 0.0830
vn 0.0000 0.8189 0.5739
vn 0.0003 0.8772 0.4801
vn -0.2269 0.8540 0.4680
vn -0.2369 0.7970 0.5555
vn 0.0025 0.9600 0.2799
vn -0.2104 0.9401 0.2682
vn -0.3749 0.8933 0.2477
vn -0.4215 0.7977 0.4313
vn -0.4387 0.7433 0.5050
vn -0.5626 0.7363 0.3759
vn -0.5816 0.6883 0.4335
vn -0.5058 0.8305 0.2332
vn -0.2875 0.9577 0.0106
vn -0.3817 0.9229 0.0508
vn 0.0085 0.9998 0.0143
vn -0.1803 0.9836 0.0098
vn -0.8032 0.4347 -0.4073
vn -0.7455 0.5326 -0.4006
vn -0.6696 0.5022 -0.5472
vn -0.7569 0.4484 -0.4754
vn -0.7784 0.4945 -0.3867
vn -0.7140 0.5681 -0.4093
vn -0.7850 0.5755 -0.2291
vn -0.8191 0.4902 -0.2980
vn -0.5690 0.5848 -0.5782
vn -0.6137 0.6377 -0.4654
vn -0.7013 0.6872 -0.1891
vn -0.6537 0.6746 -0.3428
vn -0.8475 0.4583 -0.2678
vn -0.8186 0.5476 -0.1729
vn -0.9674 0.2470 -0.0557
vn -0.9605 0.2754 0.0396
vn -0.4932 0.8205 -0.2889
vn -0.4251 0.8591 -0.2850
vn -0.5589 0.8219 -0.1097
vn -0.5659 0.8053 -0.1766
vn -0.7245 0.6860 -0.0671
vn -0.3887 0.8899 -0.2387
vn -0.5813 0.8136 0.0075
vn -0.3224 0.9462 -0.0272
vn -0.2055 0.9766 0.0626
vn -0.0448 0.9047 0.4237
vn -0.2081 0.9361 0.2834
vn -0.2417 0.9668 -0.0827
vn -0.2705 0.9565 -0.1087
vn -0.2258 0.9676 -0.1128
vn -0.0005 0.9993 0.0364
vn -0.0427 0.9985 0.0347
vn 0.0000 1.0000 0.0027
vn -0.0744 0.9971 0.0129
vn -0.0477 0.8059 -0.5901
vn -0.1517 0.8449 -0.5128
vn -0.1118 0.8473 -0.5192
vn -0.2443 0.9574 -0.1538
vn 0.1664 0.6038 -0.7795
vn 0.1124 0.0662 -0.9915
vn 0.1393 0.2662 -0.9538
vn 0.0441 -0.2259 -0.9731
vn 0.0814 -0.1064 -0.9910
vn 0.0014 -0.4067 -0.9135
vn 0.0138 -0.3123 -0.9499
vn 0.1713 0.7549 -0.6331
vn 0.1649 0.6815 -0.7130
vn 0.1724 0.7309 -0.6603
vn 0.6990 -0.6134 0.3676
vn -0.0275 -0.9409 0.3375
vn -0.0572 -0.9850 0.1625
vn 0.6699 -0.5807 0.4625
vn -0.2794 0.9576 -0.0696
vn -0.2430 0.9676 -0.0681
vn -0.2787 0.9571 -0.0793
vn -0.6809 0.7279 0.0804
vn -0.6821 0.7312 0.0028
vn -0.5022 0.8447 -0.1851
vn -0.5320 0.8195 -0.2131
vn -0.5666 0.7837 -0.2546
vn -0.6968 0.7141 -0.0669
vn -0.0036 -0.2195 -0.9756
vn -0.0864 -0.1444 -0.9857
vn -0.1026 -0.2056 -0.9732
vn -0.1949 -0.1335 -0.9717
vn -0.2856 -0.0784 -0.9551
vn -0.1774 -0.0892 -0.9801
vn -0.4871 0.5322 -0.6924
vn -0.4699 0.4941 -0.7315
vn -0.4978 0.7742 -0.3908
vn -0.4532 0.8148 -0.3616
vn -0.3941 0.8569 -0.3322
vn -0.4666 0.4077 -0.7849
vn -0.8456 0.2856 -0.4509
vn -0.8120 0.3185 -0.4890
vn -0.8913 0.3603 -0.2751
vn -0.8605 0.4123 -0.2992
vn -0.7979 0.4965 -0.3417
vn -0.7464 0.3790 -0.5470
vn -0.7194 0.2440 0.6504
vn -0.9771 0.1850 -0.1050
vn -0.7896 0.2377 0.5656
vn -0.8572 0.2673 0.4401
vn -0.8989 0.1429 -0.4141
vn -0.9211 0.1259 -0.3683
vn -0.7841 0.5613 -0.2648
vn -0.7966 0.5753 0.1855
vn -0.3279 0.9356 -0.1309
vn -0.3805 0.9213 -0.0803
vn -0.4197 0.9039 -0.0823
vn -0.7282 0.6092 0.3139
vn -0.4677 0.8827 0.0443
vn -0.5712 0.8207 0.0154
vn 0.0000 0.7690 0.6392
vn 0.0000 0.9580 0.2868
vn -0.0427 0.9538 0.2973
vn 0.0591 0.8215 0.5672
vn -0.8241 0.4531 -0.3399
vn -0.8238 0.3919 -0.4097
vn -0.7228 0.4889 -0.4884
vn -0.7303 0.4171 -0.5409
vn -0.7320 0.3336 -0.5940
vn -0.8191 0.3123 -0.4812
vn -0.7194 0.6774 -0.1530
vn -0.6036 0.7305 -0.3195
vn -0.6483 0.6528 -0.3919
vn -0.7574 0.6072 -0.2401
vn -0.1273 0.9528 0.2754
vn -0.4440 0.2135 0.8701
vn -0.7788 0.2178 0.5882
vn -0.4130 0.2049 0.8874
vn -0.8982 0.2178 -0.3817
vn -0.8687 0.2557 -0.4241
vn -0.9420 0.2586 -0.2140
vn -0.9147 0.3124 -0.2564
vn -0.8060 0.2101 0.5534
vn -0.4895 0.2252 0.8424
vn -0.9196 0.3078 0.2440
vn -0.6899 0.2611 0.6751
vn -0.9029 0.3544 0.2433
vn -0.5783 -0.1743 -0.7969
vn -0.3847 -0.7504 -0.5375
vn -0.3941 -0.8044 -0.4443
vn -0.6629 -0.1675 -0.7298
vn -0.0772 0.6243 -0.7773
vn -0.0002 0.6751 -0.7377
vn -0.2324 0.6631 -0.7115
vn -0.1661 0.7291 -0.6638
vn -0.1024 0.7739 -0.6249
vn 0.0769 0.7014 -0.7086
vn -0.6862 0.7273 0.0127
vn -0.3029 -0.7879 -0.5361
vn -0.8015 0.5200 -0.2953
vn -0.6948 0.5643 -0.4457
vn 0.1535 0.6988 -0.6986
vn -0.0466 0.7961 -0.6033
vn -0.0029 0.8031 -0.5958
vn 0.2329 0.6678 -0.7069
vn -0.2577 0.0067 -0.9662
vn -0.3632 0.0150 -0.9315
vn -0.4116 0.1397 -0.9006
vn -0.3084 0.1364 -0.9414
vn -0.9774 0.0981 -0.1870
vn -0.9657 0.1301 -0.2246
vn -0.9497 0.1586 -0.2699
vn -0.5919 0.4543 -0.6658
vn -0.3699 0.8916 -0.2612
vn -0.5734 0.5107 -0.6406
vn -0.5157 0.5390 -0.6659
vn -0.6118 0.6800 -0.4041
vn -0.5414 0.7360 -0.4064
vn 0.0000 -0.9835 -0.1811
vn 0.0000 -0.9801 -0.1983
vn 0.2317 -0.9518 -0.2010
vn 0.2144 -0.9588 -0.1864
vn 0.0000 -0.9928 -0.1197
vn 0.2366 -0.9640 -0.1210
vn 0.3977 -0.9091 -0.1241
vn 0.3991 -0.8934 -0.2062
vn 0.3766 -0.9049 -0.1982
vn -0.3217 0.2652 -0.9089
vn -0.4274 0.2647 -0.8644
vn -0.4163 0.3640 -0.8332
vn -0.3037 0.3634 -0.8807
vn -0.7888 0.6143 0.0217
vn -0.2553 0.9458 0.2005
vn -0.6933 0.6958 0.1876
vn -0.4668 0.8720 -0.1473
vn -0.9276 0.1850 -0.3244
vn -0.9636 0.2164 -0.1566
vn -0.2122 0.4995 -0.8399
vn -0.1491 0.5615 -0.8139
vn -0.3454 0.5140 -0.7851
vn -0.2938 0.5869 -0.7544
vn -0.8159 0.2241 -0.5329
vn -0.7297 0.2408 -0.6399
vn -0.7156 0.1364 -0.6851
vn -0.8044 0.1295 -0.5797
vn -0.6573 0.4526 -0.6026
vn -0.7059 0.5966 -0.3817
vn -0.3707 0.9223 0.1093
vn -0.8543 0.5193 0.0212
vn -0.2649 0.4368 -0.8597
vn -0.3868 0.4429 -0.8088
vn -0.7775 0.0380 -0.6277
vn -0.6870 0.0345 -0.7258
vn -0.6476 -0.0458 -0.7605
vn -0.7390 -0.0367 -0.6726
vn -0.8911 0.4536 0.0115
vn -0.0031 -0.7577 -0.6526
vn -0.2819 -0.7252 -0.6282
vn -0.6241 -0.1699 -0.7626
vn -0.9904 0.0596 0.1248
vn -0.9896 0.0017 -0.1436
vn -0.9846 0.0714 -0.1593
vn -0.9842 0.1301 0.1203
vn -0.9989 0.0314 -0.0354
vn -0.9947 0.0966 -0.0355
vn -0.9504 0.1422 0.2764
vn -0.9687 0.0432 0.2445
vn -0.8660 0.1682 -0.4709
vn -0.9368 0.1004 -0.3352
vn -0.9499 0.0684 -0.3051
vn -0.9224 0.3832 0.0481
vn -0.8287 0.2180 -0.5154
vn -0.8128 0.2664 -0.5180
vn -0.7087 0.4966 0.5011
vn -0.6797 0.5645 0.4682
vn -0.6315 0.6481 0.4257
vn -0.8257 0.0109 -0.5640
vn -0.8477 0.1054 -0.5199
vn -0.7870 -0.0655 -0.6135
vn -0.8588 0.2031 -0.4703
vn -0.8598 0.2919 -0.4189
vn 0.0073 -0.1322 -0.9912
vn -0.1350 -0.7150 -0.6860
vn -0.7935 0.2019 0.5741
vn -0.7177 0.2184 0.6612
vn -0.9890 0.0255 -0.1452
vn -0.8651 0.1747 0.4701
vn -0.8390 0.2021 0.5052
vn -0.9617 0.0426 -0.2707
vn -0.0288 0.5141 -0.8572
vn -0.0557 0.4568 -0.8878
vn 0.0118 0.5784 -0.8156
vn -0.7398 0.2857 0.6091
vn -0.7498 0.3503 0.5612
vn -0.7364 0.4277 0.5242
vn -0.8513 0.3723 -0.3697
vn -0.8339 0.4474 -0.3232
vn -0.8039 0.5262 -0.2773
vn -0.7610 0.6091 -0.2232
vn -0.0524 0.1511 -0.9871
vn -0.0157 0.0402 -0.9991
vn 0.0269 -0.0398 -0.9988
vn -0.8979 0.4246 0.1159
vn 0.1325 0.6920 -0.7096
vn 0.0953 0.6744 -0.7321
vn 0.1622 0.6998 -0.6956
vn 0.0547 0.6365 -0.7693
vn 0.2000 0.7253 -0.6587
vn 0.2678 0.7780 -0.5683
vn 0.0000 0.8941 0.4478
vn 0.0000 0.9489 -0.3156
vn 0.0434 0.9173 -0.3959
vn -0.4396 0.8563 0.2709
vn 0.0641 0.8755 -0.4789
vn -0.5476 0.8307 0.0999
vn -0.5219 0.6134 -0.5927
vn -0.5841 0.5568 -0.5906
vn -0.4863 0.6582 -0.5747
vn -0.7542 0.3806 -0.5350
vn -0.6700 0.4761 -0.5695
vn -0.4545 0.7031 -0.5468
vn -0.3989 0.7445 -0.5352
vn -0.0511 0.8882 0.4566
vn 0.1207 0.9030 0.4122
vn 0.3741 0.9228 0.0915
vn -0.7127 0.6825 -0.1617
vn -0.6666 0.7378 -0.1055
vn -0.0692 0.4019 -0.9130
vn -0.0749 0.3402 -0.9373
vn -0.6290 0.7748 -0.0634
vn -0.6038 0.7964 -0.0337
vn -0.5810 0.8139 0.0068
vn 0.0310 0.8264 -0.5622
vn -0.8027 0.3082 -0.5105
vn -0.0720 0.2602 -0.9628
vn -0.4500 0.8087 0.3789
vn -0.3577 0.8506 0.3854
vn -0.2749 0.8704 0.4084
vn -0.1782 0.8813 0.4377
vn -0.5490 0.7376 0.3931
vn 0.3678 0.8508 -0.3753
vn -0.0544 -0.8120 -0.5810
vn 0.0452 -0.9986 -0.0261
vn 0.0726 -0.9969 -0.0297
vn 0.0681 -0.8084 -0.5846
vn 0.3231 0.6317 -0.7046
vn 0.4210 0.6039 -0.6768
vn -0.9429 0.0457 -0.3299
vn -0.8887 0.3218 -0.3265
vn -0.8879 0.3630 -0.2824
vn -0.7237 -0.0825 -0.6852
vn -0.2531 0.1903 0.9485
vn -0.2853 0.2213 0.9325
vn -0.6727 0.2358 0.7013
vn -0.6949 0.2740 0.6648
vn -0.7082 0.3370 0.6204
vn -0.3032 0.2725 0.9131
vn -0.5424 -0.0153 -0.8400
vn -0.5795 -0.0284 -0.8144
vn -0.8885 0.1143 -0.4443
vn -0.9095 0.0904 -0.4057
vn -0.9258 0.0624 -0.3726
vn -0.6233 -0.0571 -0.7799
vn 0.6297 0.3737 -0.6811
vn 0.5889 0.3077 -0.7473
vn 0.3097 0.7600 -0.5713
vn 0.2559 0.6834 -0.6837
vn 0.2263 0.6553 -0.7207
vn 0.5773 0.2827 -0.7660
vn -0.9025 0.3649 0.2289
vn -0.8681 0.4148 0.2726
vn -0.8001 0.5813 -0.1480
vn -0.7512 0.6539 -0.0902
vn -0.7046 0.7085 -0.0402
vn -0.8351 0.4509 0.3150
vn -0.3122 0.2881 0.9053
vn -0.2450 0.2300 0.9418
vn -0.6666 0.2741 0.6931
vn -0.6579 0.2322 0.7163
vn -0.6495 0.2191 0.7280
vn -0.2246 0.1998 0.9537
vn -0.4609 -0.0311 -0.8869
vn -0.5018 -0.0206 -0.8647
vn -0.8188 0.1540 -0.5530
vn -0.8588 0.1313 -0.4952
vn 0.5679 0.2788 -0.7744
vn 0.5535 0.2739 -0.7865
vn 0.1819 0.6217 -0.7618
vn 0.1488 0.5841 -0.7979
vn 0.1112 0.5317 -0.8396
vn 0.5353 0.2619 -0.8030
vn 0.2035 -0.0761 -0.9761
vn 0.1381 0.1452 -0.9797
vn 0.0377 0.1256 -0.9913
vn 0.5820 -0.0363 -0.8124
vn -0.6990 -0.6134 0.3676
vn -0.8080 0.4733 0.3507
vn -0.6654 0.7465 -0.0060
vn -0.6384 0.7694 0.0211
vn -0.7893 0.4811 0.3813
vn -0.9552 0.2540 0.1515
vn -0.9324 0.3072 0.1900
vn -0.8709 0.4247 -0.2472
vn -0.8425 0.4997 -0.2009
vn 0.5183 0.2465 -0.8189
vn 0.0733 0.4761 -0.8763
vn 0.0467 0.4258 -0.9036
vn 0.5061 0.2331 -0.8303
vn -0.6554 0.2172 0.7233
vn 0.6482 0.7369 0.1918
vn 0.7078 0.5476 -0.4462
vn 0.3013 0.9507 0.0736
vn 0.3354 0.8919 -0.3032
vn 0.5757 0.2792 -0.7685
vn 0.2085 0.6426 -0.7373
vn -0.9437 -0.0837 -0.3200
vn -0.9725 -0.0717 -0.2216
vn -0.7316 -0.1181 -0.6714
vn -0.7723 -0.0977 -0.6276
vn -0.8077 -0.0882 -0.5829
vn -0.8461 -0.0447 -0.5311
vn -0.9885 -0.0371 -0.1467
vn -0.0008 0.5838 0.8119
vn 0.0916 0.5662 0.8191
vn -0.2417 0.8564 0.4561
vn -0.1392 0.8659 0.4804
vn -0.0006 0.8729 0.4878
vn 0.1999 0.5546 0.8077
vn 0.5231 0.1019 -0.8461
vn 0.5526 0.0282 -0.8329
vn 0.0555 0.1399 -0.9886
vn 0.0920 0.0324 -0.9952
vn 0.1354 -0.0392 -0.9900
vn 0.5811 -0.0187 -0.8136
vn -0.6727 0.4923 0.5524
vn -0.6988 0.4197 0.5792
vn -0.7879 0.1923 -0.5849
vn -0.7796 0.2284 -0.5831
vn -0.8773 0.0198 -0.4795
vn -0.8963 0.1019 -0.4315
vn 0.1736 -0.0771 -0.9818
vn -0.6585 0.5353 0.5289
vn -0.0609 0.9944 -0.0869
vn -0.3948 0.8782 0.2698
vn -0.5667 0.8068 0.1670
vn 0.0345 0.3224 -0.9460
vn 0.0373 0.3763 -0.9257
vn -0.8869 0.3540 -0.2966
vn -0.8962 0.2763 -0.3471
vn 0.0374 0.2476 -0.9681
vn -0.9008 0.1907 -0.3901
vn -0.6160 0.7838 0.0781
vn -0.3229 0.8362 0.4433
vn -0.5171 0.5557 -0.6509
vn -0.4911 0.5999 -0.6316
vn -0.4091 0.7941 0.4494
vn -0.5695 0.4967 -0.6549
vn -0.4687 0.6432 -0.6054
vn -0.4089 0.7079 -0.5759
vn -0.5788 0.6370 0.5091
vn -0.6348 0.5571 0.5354
vn -0.7703 0.2634 -0.5806
vn -0.7249 0.3306 -0.6043
vn -0.5012 0.7239 0.4741
vn -0.6462 0.4186 -0.6381
vn -0.2589 0.7911 -0.5541
vn -0.0646 0.9977 -0.0186
vn 0.1450 0.9183 0.3683
vn 0.0000 0.8017 -0.5977
vn 0.0000 0.9981 -0.0618
vn 0.0000 0.9994 -0.0345
vn -0.0212 0.9994 -0.0286
vn -0.6894 0.5628 0.4561
vn -0.6699 -0.5807 0.4625
vn -0.7756 0.4764 0.4141
vn -0.7527 0.4682 0.4627
vn -0.2284 0.1820 0.9564
vn -0.4647 0.0292 -0.8849
vn -0.4786 -0.0062 -0.8780
vn -0.4557 -0.0170 -0.8899
vn -0.2839 0.3920 0.8750
vn -0.2693 0.4487 0.8521
vn -0.2477 0.5011 0.8292
vn -0.4401 -0.0269 -0.8975
vn -0.3942 0.2097 -0.8947
vn -0.3807 0.1729 -0.9084
vn -0.3914 0.1318 -0.9107
vn -0.9873 0.1506 0.0501
vn -0.9733 0.2046 0.1039
vn -0.4243 0.0829 -0.9017
vn -0.2987 0.3331 0.8943
vn -0.2060 0.5470 0.8113
vn -0.1450 0.5794 0.8020
vn -0.0763 0.5905 0.8034
vn 0.4992 0.2218 -0.8376
vn 0.4984 0.2071 -0.8418
vn -0.9960 0.0034 -0.0894
vn -0.9978 0.0473 -0.0454
vn -0.9954 0.0959 -0.0008
vn 0.0000 0.7965 -0.6046
vn 0.0000 0.4275 -0.9040
vn -0.3155 0.3554 -0.8798
vn -0.2689 0.7782 -0.5675
vn -0.4177 0.2855 -0.8625
vn -0.4172 0.2463 -0.8748
vn 0.5048 0.1713 -0.8460
vn 0.3658 0.6156 0.6980
vn -0.6366 0.0931 -0.7656
vn 0.0182 -0.9989 -0.0428
vn 0.0091 -0.9990 -0.0430
vn -0.7004 0.1166 -0.7042
vn 0.0314 -0.9989 -0.0346
vn 0.0343 -0.9990 -0.0277
vn -0.0809 -0.8164 -0.5718
vn -0.0569 -0.8250 -0.5622
vn 0.0143 -0.9998 -0.0089
vn 0.0207 -0.9997 -0.0085
vn -0.3192 -0.7595 -0.5669
vn 0.0167 -0.9998 -0.0102
vn -0.4383 -0.7125 -0.5478
vn 0.0115 -0.9999 -0.0094
vn 0.0314 -0.9995 0.0054
vn -0.6430 -0.7658 -0.0015
vn -0.6554 -0.7448 -0.1251
vn 0.0269 -0.9996 0.0063
vn -0.6354 -0.7574 0.1503
vn -0.4236 -0.8991 0.1101
vn -0.4360 -0.8596 -0.2663
vn -0.5837 -0.7375 -0.3396
vn -0.8653 -0.3798 0.3272
vn -0.2562 -0.9507 -0.1747
vn 0.0006 -1.0000 -0.0004
vn 0.0018 -0.9998 0.0186
vn -0.6185 -0.7835 -0.0594
vn -0.6857 -0.7236 0.0790
vn 0.0405 -0.9939 0.1027
vn -0.7211 -0.6892 0.0710
vn 0.0174 -0.9976 -0.0674
vn 0.0304 -0.9984 -0.0486
vn -0.0257 -0.8319 -0.5543
vn -0.0081 -0.8286 -0.5598
vn 0.0572 -0.9850 0.1625
vn -0.0774 -0.9964 -0.0346
vn -0.1355 -0.9899 -0.0413
vn -0.7450 -0.6181 -0.2508
vn -0.6761 -0.6287 -0.3842
vn 0.0581 -0.9977 -0.0341
vn -0.1213 -0.9922 -0.0292
vn -0.0480 -0.9986 -0.0195
vn -0.7548 -0.6484 -0.0992
vn -0.7674 -0.6214 -0.1580
vn 0.0275 -0.9409 0.3375
vn -0.0089 -0.9998 -0.0129
vn -0.0062 -0.9999 -0.0048
vn -0.0135 -0.9997 -0.0188
vn -0.5649 -0.6655 -0.4877
vn 0.0617 -0.0857 -0.9944
vn -0.6071 -0.0981 -0.7885
vn 0.0137 -0.9999 0.0000
vn -0.6777 -0.7190 0.1540
vn -0.9370 0.0389 -0.3470
vn 0.5990 -0.0417 -0.7996
vn -0.6749 -0.0848 -0.7330
vn 0.6300 -0.7473 -0.2112
vn 0.6472 -0.7353 -0.2009
vn 0.7376 -0.6477 -0.1904
vn 0.7314 -0.6508 -0.2035
vn 0.6213 -0.7750 -0.1155
vn 0.6843 -0.7207 -0.1113
vn 0.6545 -0.7466 -0.1191
vn 0.7786 -0.6009 -0.1807
vn 0.7940 -0.5782 -0.1877
vn -0.6986 -0.0874 -0.7101
vn -0.0004 -0.8346 -0.5508
vn -0.6135 0.2303 0.7553
vn 0.7689 -0.6145 -0.1767
vn 0.8058 -0.5660 -0.1742
vn 0.5010 -0.8546 -0.1365
vn 0.4422 -0.8832 -0.1563
vn 0.5147 -0.8336 -0.2002
vn 0.6467 -0.7354 -0.2026
vn 0.0000 -0.9849 -0.1729
vn 0.0000 -0.9878 -0.1556
vn 0.1939 -0.9673 -0.1632
vn 0.1793 -0.9670 -0.1810
vn 0.3457 -0.9206 -0.1814
vn 0.3230 -0.9250 -0.1999
vn 0.5282 -0.8235 -0.2072
vn 0.5072 -0.8362 -0.2086
vn 0.5154 -0.8482 -0.1222
vn 0.7724 -0.6154 -0.1567
vn 0.7910 -0.5844 -0.1809
vn 0.8173 -0.5538 -0.1586
vn 0.7990 -0.5881 -0.1249
vn 0.6928 -0.6966 -0.1862
vn 0.7030 -0.6905 -0.1700
vn 0.5770 -0.7872 -0.2177
vn 0.6006 -0.7713 -0.2108
vn 0.7125 -0.6714 -0.2037
vn 0.6914 -0.6954 -0.1959
vn 0.4742 -0.8571 -0.2009
vn 0.4497 -0.8664 -0.2168
vn -0.3661 0.8993 0.2393
vn -0.5011 0.8345 0.2289
vn -0.5127 0.8259 0.2344
vn -0.3781 0.8944 0.2389
vn -0.6114 0.7629 0.2102
vn -0.6288 0.7449 0.2229
vn -0.6442 0.7313 0.2240
vn -0.5254 0.8178 0.2347
vn -0.3930 0.8881 0.2383
vn -0.7029 0.6872 0.1831
vn -0.7256 0.6568 0.2052
vn -0.7737 0.6170 0.1439
vn -0.7983 0.5752 0.1782
vn -0.8026 0.5659 0.1886
vn -0.7396 0.6397 0.2088
vn -0.8209 0.5632 0.0946
vn -0.8515 0.5051 0.1406
vn -0.8871 0.4614 0.0080
vn -0.9295 0.3608 0.0765
vn -0.9343 0.3420 0.1003
vn -0.8488 0.5042 0.1591
vn -0.5406 0.8040 0.2474
vn -0.4090 0.8769 0.2522
vn -0.6625 0.7113 0.2346
vn -0.6976 0.6443 0.3134
vn -0.5660 0.7539 0.3334
vn -0.4283 0.8365 0.3417
vn 0.0000 0.9712 0.2381
vn -0.1993 0.9501 0.2399
vn -0.2102 0.9489 0.2356
vn 0.0000 0.9726 0.2324
vn -0.2243 0.9456 0.2355
vn 0.0000 0.9724 0.2331
vn -0.8521 0.4935 0.1743
vn -0.8142 0.5452 0.1996
vn -0.9515 0.2842 0.1174
vn -0.9592 0.2336 0.1592
vn -0.9410 0.2752 0.1969
vn -0.8811 0.4035 0.2465
vn -0.7579 0.6150 0.2177
vn -0.8054 0.5202 0.2840
vn -0.2385 0.9380 0.2514
vn 0.0000 0.9681 0.2505
vn -0.2513 0.9045 0.3445
vn 0.0000 0.9384 0.3453
vn -0.4710 -0.7637 0.4415
vn -0.3866 -0.6317 0.6719
vn -0.3086 -0.4714 0.8261
vn 0.0000 0.9904 0.1382
vn -0.1805 0.9735 0.1403
vn 0.0000 0.9152 -0.4030
vn -0.0867 0.9111 -0.4030
vn -0.1531 0.9103 -0.3844
vn -0.3354 0.9310 0.1439
vn -0.6668 -0.7438 -0.0457
vn -0.5690 -0.7978 0.1993
vn -0.5860 -0.7800 -0.2195
vn -0.6297 -0.7567 -0.1755
vn 0.7570 -0.6171 -0.2145
vn 0.7725 -0.6281 -0.0938
vn 0.8708 -0.4368 -0.2255
vn 0.8790 -0.4305 -0.2050
vn 0.8549 -0.4493 -0.2591
vn 0.7540 -0.6429 -0.1347
vn -0.2146 -0.3514 0.9113
vn -0.1298 -0.2694 0.9542
vn -0.5288 -0.5756 -0.6236
vn -0.5703 -0.7617 -0.3075
vn -0.4623 0.8752 0.1424
vn -0.2162 0.9212 -0.3234
vn -0.2882 0.9282 -0.2353
vn -0.5604 0.8180 0.1297
vn 0.2137 0.2553 -0.9429
vn 0.3322 0.3243 -0.8857
vn 0.3733 -0.5588 -0.7405
vn 0.5408 -0.5269 -0.6556
vn 0.6865 -0.4961 -0.5316
vn 0.4362 0.4302 -0.7903
vn 0.0000 0.2420 -0.9702
vn 0.0973 0.2381 -0.9663
vn 0.0000 -0.5934 -0.8049
vn 0.1932 -0.5843 -0.7882
vn 0.5244 0.5303 -0.6661
vn -0.3524 0.9199 -0.1718
vn 0.7938 -0.4679 -0.3884
vn 0.5962 0.5912 -0.5431
vn -0.3915 0.9075 -0.1519
vn 0.6349 0.6029 -0.4831
vn -0.3987 0.9000 -0.1761
vn 0.4649 0.4666 -0.7524
vn -0.4128 0.8820 -0.2271
vn 0.6913 -0.6925 -0.2060
vn 0.5929 -0.7567 -0.2754
vn -0.7112 0.6863 -0.1521
vn -0.1213 -0.0607 -0.9908
vn -0.6348 0.7661 0.1006
vn -0.6859 0.7254 0.0565
vn -0.7154 0.6986 0.0053
vn 0.4711 -0.8198 -0.3256
vn 0.3373 -0.8752 -0.3467
vn 0.4674 0.8828 0.0460
vn 0.3714 0.9219 0.1101
vn 0.3416 0.9228 0.1781
vn 0.4429 0.8886 0.1191
vn 0.1841 -0.9196 -0.3469
vn 0.0000 -0.9388 -0.3443
vn -0.0628 -0.1943 0.9789
vn -0.1096 0.9937 -0.0252
vn -0.0001 0.9987 -0.0506
vn -0.0001 0.9962 -0.0873
vn -0.1314 0.9899 -0.0532
vn -0.1419 0.9874 -0.0703
vn -0.0000 0.9946 -0.1039
vn 0.0000 0.9965 -0.0837
vn -0.1424 0.9879 -0.0621
vn 0.3372 0.6578 -0.6735
vn 0.0462 0.9182 -0.3934
vn 0.0000 0.5912 -0.8065
vn 0.0000 0.9025 -0.4307
vn 0.0000 0.9694 -0.2454
vn -0.0533 0.9571 -0.2848
vn 0.3995 0.5710 -0.7172
vn 0.0000 0.5955 -0.8033
vn -0.0764 0.9805 0.1809
vn 0.0000 0.9672 0.2541
vn -0.6104 0.5275 0.5908
vn 0.0000 0.9366 0.3504
vn 0.0000 0.6578 0.7532
vn 0.6935 0.2740 0.6663
vn 0.7076 0.3370 0.6211
vn 0.8192 0.1544 -0.5523
vn 0.8596 0.1320 -0.4935
vn 0.0000 0.9984 -0.0560
vn -0.0422 0.8421 -0.5376
vn -0.0435 0.8578 -0.5121
vn 0.0020 0.8561 -0.5168
vn 0.0173 0.8329 -0.5531
vn -0.0410 0.8741 -0.4841
vn -0.0400 0.9107 -0.4111
vn 0.0000 0.9078 -0.4194
vn 0.0002 0.8721 -0.4893
vn -0.0337 0.9446 -0.3263
vn 0.0000 0.9523 -0.3052
vn -0.0004 -0.9971 -0.0762
vn 0.0000 -0.1510 0.9885
vn 0.3452 0.4973 -0.7959
vn 0.3448 0.4136 -0.8426
vn 0.7056 0.2134 0.6756
vn 0.9914 0.1213 -0.0490
vn 0.9861 0.1530 -0.0650
vn 0.7042 0.2190 0.6753
vn 0.4601 0.5463 -0.6999
vn 0.4061 0.8689 -0.2830
vn 0.3770 0.8601 -0.3436
vn 0.4942 0.5693 -0.6570
vn 0.6874 0.6854 -0.2400
vn 0.3010 0.9404 -0.1583
vn 0.3514 0.9293 -0.1135
vn 0.2141 0.1169 -0.9698
vn 0.3718 0.1016 -0.9227
vn 0.3818 0.2583 -0.8874
vn 0.2201 0.2459 -0.9439
vn 0.3532 0.3936 -0.8487
vn 0.1973 0.3691 -0.9082
vn 0.3254 0.2687 -0.9066
vn 0.2895 0.0824 -0.9536
vn 0.3199 0.4858 -0.8134
vn 0.1668 0.4791 -0.8618
vn 0.3022 0.5621 -0.7699
vn 0.1452 0.5643 -0.8127
vn 0.3282 0.5701 -0.7531
vn 0.8872 0.4033 -0.2242
vn 0.7549 0.4780 -0.4491
vn 0.7044 0.5532 -0.4447
vn 0.8337 0.4788 -0.2750
vn 0.6259 0.6361 -0.4513
vn 0.7433 0.5702 -0.3497
vn 0.6740 0.5713 -0.4683
vn 0.6316 0.6520 -0.4196
vn 0.6994 0.4940 -0.5165
vn 0.9859 0.1494 0.0749
vn 0.9771 0.1653 0.1341
vn 0.9724 0.1664 0.1636
vn 0.9828 0.1735 0.0620
vn 0.9489 0.2044 0.2405
vn 0.9758 0.2098 0.0615
vn 0.9878 0.1276 0.0894
vn 0.9792 0.1634 0.1204
vn 0.9838 0.1655 0.0687
vn 0.9494 0.3102 -0.0480
vn 0.9150 0.3624 0.1769
vn 0.9052 0.4114 0.1064
vn 0.9268 0.3591 -0.1101
vn 0.8803 0.4719 0.0481
vn 0.9002 0.4064 -0.1562
vn 0.8914 0.4362 0.1226
vn 0.8622 0.5018 0.0685
vn 0.9168 0.3723 0.1439
vn 0.9604 0.1807 -0.2122
vn 0.9164 0.2469 -0.3150
vn 0.9465 0.2948 0.1310
vn 0.9047 0.2866 -0.3150
vn 0.9004 0.2938 -0.3206
vn 0.8794 0.2646 -0.3957
vn 0.9276 0.2916 -0.2333
vn 0.8780 0.3813 -0.2893
vn 0.8507 0.4519 -0.2685
vn 0.8400 0.3250 -0.4345
vn 0.8124 0.3815 -0.4409
vn 0.7770 0.6287 -0.0315
vn 0.8269 0.5430 -0.1461
vn 0.8009 0.5922 -0.0888
vn 0.7472 0.6613 0.0657
vn 0.7545 0.6555 -0.0311
vn 0.7042 0.7082 0.0502
vn 0.8361 0.5485 -0.0058
vn 0.7674 0.6391 0.0520
vn 0.8695 0.4932 0.0242
vn 0.7437 0.2717 -0.6108
vn 0.7682 0.2421 -0.5926
vn 0.8123 0.2802 -0.5114
vn 0.7280 0.3444 -0.5927
vn 0.8664 0.3061 -0.3945
vn 0.7351 0.3929 -0.5524
vn 0.9449 0.1904 -0.2663
vn 0.9466 0.2377 -0.2176
vn 0.9227 0.1872 -0.3370
vn 0.7767 0.2560 -0.5755
vn 0.6925 0.0903 -0.7157
vn 0.8095 0.1451 -0.5689
vn 0.8686 0.2584 -0.4227
vn 0.8645 0.1593 -0.4768
vn 0.6909 0.0681 -0.7197
vn 0.7356 0.1520 -0.6601
vn 0.6226 -0.0093 -0.7825
vn 0.3810 0.3684 -0.8480
vn 0.2427 0.3659 -0.8984
vn 0.2296 0.4713 -0.8516
vn 0.3547 0.4567 -0.8159
vn 0.1840 0.5549 -0.8113
vn 0.2978 0.5338 -0.7914
vn 0.8941 0.3358 -0.2963
vn 0.7722 0.4123 -0.4834
vn 0.8921 0.3793 -0.2453
vn 0.8085 0.4317 -0.3998
vn 0.9252 0.3187 -0.2060
vn 0.9351 0.3344 -0.1168
vn 0.9284 0.3594 -0.0943
vn 0.9253 0.3559 -0.1309
vn 0.9181 0.3562 -0.1737
vn 0.8994 0.3978 -0.1809
vn 0.9327 0.3041 -0.1936
vn 0.8903 0.2887 -0.3521
vn 0.8651 0.3577 -0.3515
vn 0.8331 0.4178 -0.3624
vn 0.8145 0.4494 -0.3668
vn 0.8737 0.4380 -0.2118
vn 0.8095 0.4774 -0.3416
vn 0.8421 0.4808 -0.2442
vn 0.8961 0.3935 -0.2050
vn 0.8545 0.4366 -0.2811
vn 0.9949 0.0837 -0.0568
vn 0.9893 0.0849 -0.1181
vn 0.9792 0.1616 -0.1221
vn 0.9860 0.1544 -0.0624
vn 0.9708 0.1993 -0.1334
vn 0.9799 0.1828 -0.0788
vn 0.9656 0.1682 -0.1980
vn 0.9555 0.2113 -0.2057
vn 0.9768 0.0821 -0.1978
vn 0.9477 0.0695 -0.3115
vn 0.9345 0.1753 -0.3096
vn 0.9158 0.2325 -0.3273
vn 0.8564 0.1950 -0.4780
vn 0.7987 0.2932 -0.5255
vn 0.8780 0.0407 -0.4769
vn 0.9017 0.2554 -0.3487
vn 0.9448 0.2521 -0.2091
vn 0.7580 0.2754 -0.5913
vn 0.9570 0.2542 -0.1399
vn 0.9677 0.2124 -0.1361
vn 0.7576 -0.0071 -0.6526
vn 0.7644 0.1871 -0.6169
vn 0.7406 0.3399 -0.5795
vn 0.6821 0.1026 -0.7240
vn 0.6184 -0.0667 -0.7830
vn 0.8415 0.5394 -0.0287
vn 0.8616 0.4569 -0.2209
vn 0.7794 0.6142 -0.1234
vn 0.7938 0.5248 -0.3073
vn 0.8170 0.5765 0.0052
vn 0.7507 0.6568 -0.0702
vn 0.3734 0.1329 -0.9181
vn 0.2106 0.1284 -0.9691
vn 0.2279 0.2546 -0.9398
vn 0.3839 0.2640 -0.8848
vn 0.7434 0.3026 -0.5964
vn 0.9926 0.0805 0.0903
vn 0.9967 0.0811 0.0058
vn 0.9888 0.1494 -0.0015
vn 0.9857 0.1477 0.0803
vn 0.9855 0.1687 -0.0159
vn 0.9875 0.1373 -0.0767
vn 0.2982 -0.1093 -0.9482
vn 0.2379 -0.1042 -0.9657
vn 0.2165 0.0072 -0.9762
vn 0.3465 -0.0029 -0.9380
vn 0.1891 0.0198 -0.9817
vn 0.1771 -0.0791 -0.9810
vn 0.1697 -0.2575 -0.9512
vn 0.1936 -0.3011 -0.9337
vn 0.2332 -0.2013 -0.9514
vn 0.2348 -0.1752 -0.9561
vn 0.1707 -0.2138 -0.9618
vn 0.1440 -0.3439 -0.9279
vn 0.5132 -0.1203 -0.8498
vn 0.5756 -0.0095 -0.8176
vn 0.5606 -0.0687 -0.8252
vn 0.5163 -0.1551 -0.8422
vn 0.0883 -0.3757 -0.9225
vn 0.1357 -0.2377 -0.9618
vn 0.2192 -0.1096 -0.9695
vn 0.0799 -0.2816 -0.9562
vn 0.1571 -0.1818 -0.9707
vn 0.0362 -0.3958 -0.9176
vn 0.3127 -0.0160 -0.9497
vn 0.2345 -0.0733 -0.9693
vn 0.8642 0.2090 -0.4577
vn 0.8343 0.2953 -0.4655
vn 0.7464 0.2417 -0.6200
vn 0.7352 0.3308 -0.5917
vn 0.6627 0.7452 -0.0738
vn 0.5530 0.7865 -0.2749
vn 0.4329 0.8713 -0.2310
vn 0.5186 0.8488 -0.1032
vn 0.4326 0.8681 -0.2434
vn 0.4701 0.8625 -0.1874
vn 0.3904 0.8614 -0.3248
vn 0.3997 0.8689 -0.2920
vn 0.4465 0.7981 -0.4045
vn 0.1660 0.6612 -0.7316
vn 0.1024 0.6537 -0.7497
vn 0.1132 0.7091 -0.6959
vn 0.1275 0.7208 -0.6812
vn 0.1368 0.7792 -0.6116
vn 0.0950 0.7725 -0.6279
vn 0.0852 0.6811 -0.7272
vn 0.1005 0.7576 -0.6449
vn 0.0895 0.6508 -0.7539
vn -0.0360 0.7938 -0.6070
vn 0.1140 0.8550 -0.5059
vn 0.0742 0.8719 -0.4840
vn -0.1449 0.7694 -0.6221
vn 0.0167 0.9042 -0.4266
vn -0.2785 0.7392 -0.6131
vn 0.0865 0.8786 -0.4696
vn 0.0816 0.9186 -0.3867
vn 0.0961 0.8582 -0.5042
vn 0.3892 0.8913 -0.2325
vn 0.4138 0.8897 -0.1925
vn 0.3139 0.9293 -0.1943
vn 0.3319 0.9291 -0.1630
vn 0.3659 0.8920 -0.2654
vn 0.3023 0.9308 -0.2051
vn 0.5935 0.7683 -0.2395
vn 0.6116 0.7483 -0.2567
vn 0.5836 0.7895 -0.1899
vn 0.5632 0.8032 -0.1942
vn 0.5116 0.8478 -0.1394
vn 0.5032 0.8520 -0.1446
vn 0.6005 0.7874 -0.1390
vn 0.5130 0.8475 -0.1364
vn 0.6558 0.7372 -0.1624
vn 0.6872 0.7258 -0.0316
vn 0.5842 0.8082 -0.0740
vn 0.5000 0.8534 -0.1471
vn 0.4326 0.8884 -0.1538
vn 0.4420 0.8878 -0.1281
vn 0.3489 0.9277 -0.1327
vn 0.3545 0.9286 -0.1092
vn 0.4436 0.8888 -0.1150
vn 0.4404 0.8907 -0.1130
vn 0.3583 0.9288 -0.0943
vn 0.3541 0.9309 -0.0896
vn 0.1672 0.9859 0.0045
vn 0.1292 0.9729 0.1916
vn 0.0770 0.9878 0.1354
vn 0.2299 0.9474 0.2228
vn 0.1520 0.9799 0.1293
vn 0.2558 0.9662 0.0328
vn 0.3186 0.9446 0.0785
vn 0.3233 0.9195 0.2236
vn 0.2471 0.9646 0.0922
vn 0.4032 0.9024 0.1521
vn 0.3514 0.9361 0.0114
vn 0.3836 0.9170 0.1093
vn 0.1754 0.9830 -0.0544
vn 0.1058 0.9942 -0.0160
vn 0.1529 0.9874 -0.0394
vn 0.0977 0.9950 -0.0213
vn 0.2506 0.9634 -0.0949
vn 0.1978 0.9788 -0.0529
vn 0.0508 0.9987 0.0041
vn 0.0456 0.9989 -0.0114
vn 0.4801 0.8745 0.0686
vn 0.4613 0.8864 0.0376
vn 0.4100 0.9099 -0.0621
vn 0.4864 0.8728 -0.0393
vn 0.4209 0.9033 -0.0835
vn 0.5501 0.8350 -0.0035
vn 0.6961 0.6884 -0.2037
vn 0.7017 0.5990 -0.3859
vn 0.6102 0.7537 -0.2439
vn 0.6106 0.6592 -0.4388
vn 0.6731 0.7243 -0.1489
vn 0.6024 0.7739 -0.1953
vn 0.5060 0.6880 -0.5202
vn 0.4906 0.8369 -0.2425
vn 0.4475 0.8591 -0.2484
vn 0.4822 0.6473 -0.5904
vn 0.4305 0.8926 -0.1337
vn 0.4862 0.8585 -0.1629
vn 0.3048 0.9468 -0.1035
vn 0.2271 0.9722 -0.0568
vn 0.3300 0.9400 -0.0863
vn 0.2426 0.9686 -0.0534
vn 0.5258 0.7219 -0.4499
vn 0.6031 0.6760 -0.4234
vn 0.4363 0.8042 -0.4036
vn 0.5769 0.7294 -0.3676
vn 0.5314 0.7943 -0.2944
vn 0.3659 0.9178 -0.1539
vn 0.3503 0.9337 -0.0741
vn 0.2738 0.9568 -0.0980
vn 0.6756 0.7042 0.2184
vn 0.6199 0.7663 0.1687
vn 0.6735 0.7389 -0.0227
vn 0.6352 0.7719 0.0260
vn 0.5748 0.8174 -0.0363
vn 0.6641 0.7437 0.0765
vn 0.5478 0.8317 0.0908
vn 0.5946 0.7786 -0.2006
vn 0.5486 0.8146 -0.1885
vn 0.5400 0.8195 -0.1918
vn 0.4934 0.8567 -0.1501
vn 0.4344 0.8932 -0.1158
vn 0.3514 0.9324 -0.0845
vn 0.8127 0.5349 -0.2308
vn 0.7419 0.6433 -0.1886
vn 0.7837 0.4508 -0.4273
vn 0.7342 0.5669 -0.3735
vn 0.6529 0.7350 -0.1825
vn 0.6484 0.7023 -0.2939
vn 0.7945 0.3922 -0.4636
vn 0.7174 0.4150 -0.5596
vn 0.2767 0.6403 -0.7165
vn 0.1196 0.6222 -0.7737
vn 0.2246 0.6807 -0.6973
vn 0.3043 0.6557 -0.6909
vn 0.2746 0.7065 -0.6522
vn 0.1613 0.6937 -0.7019
vn 0.0973 0.7589 -0.6439
vn 0.2254 0.7246 -0.6512
vn 0.5396 0.8044 -0.2484
vn 0.5432 0.6917 -0.4758
vn 0.6606 0.6657 0.3469
vn 0.7168 0.6610 0.2219
vn 0.6927 0.6894 0.2119
vn 0.6406 0.7045 0.3054
vn 0.6439 0.7513 0.1444
vn 0.5802 0.7910 0.1942
vn 0.1307 0.6093 -0.7820
vn 0.2263 0.5995 -0.7677
vn 0.4898 0.8703 -0.0522
vn 0.4153 0.9079 -0.0576
vn 0.5580 0.8251 0.0880
vn 0.4595 0.8837 0.0888
vn 0.2370 0.7971 0.5553
vn 0.2271 0.8553 0.4657
vn 0.2119 0.9427 0.2575
vn 0.4213 0.8000 0.4271
vn 0.3738 0.8989 0.2285
vn 0.4387 0.7437 0.5043
vn 0.5814 0.6890 0.4326
vn 0.5614 0.7395 0.3713
vn 0.4988 0.8406 0.2112
vn 0.3765 0.9259 0.0298
vn 0.2907 0.9568 -0.0075
vn 0.1874 0.9823 0.0005
vn 0.8012 0.4795 -0.3579
vn 0.7511 0.5317 -0.3913
vn 0.8053 0.5263 -0.2729
vn 0.7925 0.5392 -0.2849
vn 0.8071 0.5175 -0.2843
vn 0.8259 0.5196 -0.2189
vn 0.8311 0.4660 -0.3034
vn 0.8460 0.4851 -0.2213
vn 0.7988 0.5896 -0.1198
vn 0.7381 0.6315 -0.2375
vn 0.8113 0.5654 -0.1483
vn 0.6722 0.6572 -0.3407
vn 0.8733 0.4295 -0.2297
vn 0.8324 0.4947 -0.2496
vn 0.9206 0.3003 0.2496
vn 0.9647 0.2620 0.0264
vn 0.4038 0.8516 -0.3343
vn 0.4050 0.8673 -0.2893
vn 0.5235 0.8271 -0.2046
vn 0.5492 0.8279 -0.1133
vn 0.7364 0.6073 -0.2981
vn 0.3905 0.8895 -0.2373
vn 0.5821 0.8130 0.0083
vn 0.3236 0.9459 -0.0246
vn 0.2054 0.9769 0.0591
vn 0.2090 0.9362 0.2824
vn 0.0448 0.9056 0.4217
vn 0.2707 0.9565 -0.1087
vn 0.2418 0.9668 -0.0827
vn 0.2259 0.9676 -0.1128
vn 0.0407 0.9986 0.0337
vn 0.0732 0.9972 0.0118
vn 0.1376 0.8334 -0.5353
vn 0.0432 0.8007 -0.5974
vn 0.1043 0.8292 -0.5491
vn 0.2444 0.9574 -0.1537
vn 0.2794 0.9576 -0.0697
vn 0.2430 0.9676 -0.0681
vn 0.2788 0.9570 -0.0794
vn 0.6618 0.7495 -0.0146
vn 0.6758 0.7330 0.0777
vn 0.5140 0.8277 -0.2251
vn 0.4973 0.8470 -0.1876
vn 0.6723 0.7326 -0.1057
vn 0.5448 0.7905 -0.2797
vn 0.0864 -0.1444 -0.9857
vn 0.0036 -0.2195 -0.9756
vn 0.1949 -0.1335 -0.9717
vn 0.1026 -0.2056 -0.9732
vn 0.1772 -0.0892 -0.9801
vn 0.2856 -0.0784 -0.9551
vn 0.4698 0.4931 -0.7321
vn 0.4869 0.5308 -0.6936
vn 0.4533 0.8144 -0.3622
vn 0.4979 0.7737 -0.3916
vn 0.4666 0.4075 -0.7849
vn 0.3942 0.8568 -0.3323
vn 0.8177 0.3306 -0.4712
vn 0.8521 0.2951 -0.4321
vn 0.8612 0.4181 -0.2888
vn 0.8927 0.3648 -0.2644
vn 0.7516 0.3921 -0.5304
vn 0.7984 0.5026 -0.3316
vn 0.9784 0.1858 -0.0903
vn 0.7151 0.2432 0.6553
vn 0.7895 0.2377 0.5659
vn 0.9213 0.1260 -0.3677
vn 0.8991 0.1431 -0.4136
vn 0.8571 0.2673 0.4403
vn 0.7966 0.5753 0.1855
vn 0.7841 0.5613 -0.2648
vn 0.3805 0.9213 -0.0803
vn 0.3279 0.9356 -0.1309
vn 0.7283 0.6091 0.3140
vn 0.4198 0.9039 -0.0823
vn 0.5709 0.8208 0.0153
vn 0.0428 0.9538 0.2973
vn -0.0591 0.8215 0.5671
vn 0.8146 0.3874 -0.4317
vn 0.8013 0.4621 -0.3801
vn 0.7221 0.4144 -0.5538
vn 0.7050 0.4923 -0.5105
vn 0.8237 0.3078 -0.4761
vn 0.7331 0.3323 -0.5934
vn 0.7071 0.6819 -0.1867
vn 0.5919 0.7305 -0.3405
vn 0.7480 0.6127 -0.2549
vn 0.6410 0.6548 -0.4004
vn 0.1272 0.9532 0.2741
vn 0.7787 0.2178 0.5884
vn 0.4440 0.2135 0.8702
vn 0.4130 0.2049 0.8874
vn 0.8753 0.2635 -0.4053
vn 0.9058 0.2270 -0.3577
vn 0.9163 0.3159 -0.2462
vn 0.9436 0.2629 -0.2011
vn 0.4895 0.2252 0.8424
vn 0.8060 0.2101 0.5534
vn 0.9196 0.3078 0.2441
vn 0.9029 0.3544 0.2433
vn 0.6899 0.2611 0.6752
vn 0.6628 -0.1675 -0.7298
vn 0.3941 -0.8044 -0.4443
vn 0.3847 -0.7504 -0.5375
vn 0.5783 -0.1743 -0.7969
vn -0.0047 0.6709 -0.7415
vn 0.0562 0.6196 -0.7829
vn 0.1663 0.7283 -0.6648
vn 0.2235 0.6629 -0.7146
vn -0.0638 0.7041 -0.7072
vn 0.1144 0.7754 -0.6210
vn 0.6864 0.7271 0.0116
vn 0.3027 -0.7881 -0.5360
vn 0.7807 0.5366 -0.3202
vn 0.6796 0.5722 -0.4589
vn -0.1362 0.7074 -0.6936
vn 0.0620 0.8003 -0.5964
vn -0.2224 0.6752 -0.7033
vn 0.0125 0.8065 -0.5911
vn 0.2570 0.0069 -0.9664
vn 0.3632 0.0150 -0.9315
vn 0.3070 0.1366 -0.9418
vn 0.4115 0.1397 -0.9006
vn 0.9674 0.1284 -0.2181
vn 0.9768 0.0970 -0.1907
vn 0.9562 0.1604 -0.2448
vn 0.5919 0.4543 -0.6658
vn 0.3699 0.8916 -0.2612
vn 0.5166 0.5405 -0.6640
vn 0.5770 0.5179 -0.6315
vn 0.5422 0.7367 -0.4041
vn 0.6135 0.6830 -0.3964
vn -0.2144 -0.9588 -0.1864
vn -0.2317 -0.9518 -0.2010
vn -0.2366 -0.9640 -0.1210
vn -0.3991 -0.8934 -0.2062
vn -0.3977 -0.9091 -0.1241
vn -0.3766 -0.9049 -0.1982
vn 0.3203 0.2652 -0.9094
vn 0.4274 0.2647 -0.8644
vn 0.3025 0.3633 -0.8812
vn 0.4162 0.3640 -0.8332
vn 0.7889 0.6141 0.0208
vn 0.2560 0.9460 0.1988
vn 0.6935 0.6955 0.1877
vn 0.4668 0.8719 -0.1476
vn 0.9366 0.1937 -0.2921
vn 0.9655 0.2206 -0.1385
vn 0.1279 0.5607 -0.8180
vn 0.2011 0.5007 -0.8419
vn 0.2845 0.5880 -0.7572
vn 0.3406 0.5147 -0.7868
vn 0.8262 0.2207 -0.5183
vn 0.7336 0.2400 -0.6358
vn 0.8148 0.1284 -0.5654
vn 0.7194 0.1361 -0.6811
vn 0.6625 0.4643 -0.5878
vn 0.7072 0.6016 -0.3714
vn 0.8544 0.5192 0.0207
vn 0.2617 0.4371 -0.8605
vn 0.3855 0.4428 -0.8095
vn 0.7841 0.0392 -0.6193
vn 0.6894 0.0347 -0.7235
vn 0.7409 -0.0359 -0.6707
vn 0.6483 -0.0457 -0.7600
vn 0.8911 0.4536 0.0111
vn 0.2819 -0.7252 -0.6282
vn 0.0031 -0.7577 -0.6526
vn 0.6241 -0.1699 -0.7626
vn 0.9919 0.0629 0.1108
vn 0.9869 0.1288 0.0964
vn 0.9839 0.0707 -0.1636
vn 0.9893 0.0019 -0.1457
vn 0.9946 0.0964 -0.0368
vn 0.9988 0.0314 -0.0360
vn 0.9839 0.0803 0.1598
vn 0.9781 0.1461 0.1485
vn 0.8660 0.1683 -0.4708
vn 0.9499 0.0684 -0.3051
vn 0.9369 0.1004 -0.3349
vn 0.8288 0.2181 -0.5153
vn 0.9224 0.3833 0.0479
vn 0.8130 0.2667 -0.5175
vn 0.6809 0.5653 0.4657
vn 0.7084 0.4969 0.5012
vn 0.6344 0.6494 0.4193
vn 0.8477 0.1054 -0.5199
vn 0.8257 0.0109 -0.5640
vn 0.7870 -0.0655 -0.6135
vn 0.8597 0.2919 -0.4190
vn 0.8588 0.2031 -0.4703
vn 0.1350 -0.7150 -0.6859
vn -0.0073 -0.1322 -0.9912
vn 0.7179 0.2184 0.6609
vn 0.7935 0.2019 0.5740
vn 0.9890 0.0255 -0.1452
vn 0.9617 0.0426 -0.2707
vn 0.8390 0.2021 0.5051
vn 0.8651 0.1747 0.4701
vn 0.0448 0.4537 -0.8900
vn 0.0195 0.5135 -0.8578
vn -0.0173 0.5762 -0.8171
vn 0.7349 0.2859 0.6150
vn 0.7468 0.3507 0.5651
vn 0.7349 0.4278 0.5261
vn 0.8310 0.4493 -0.3280
vn 0.8504 0.3724 -0.3717
vn 0.7984 0.5306 -0.2846
vn 0.7524 0.6152 -0.2354
vn 0.0165 0.0403 -0.9990
vn 0.0537 0.1512 -0.9870
vn -0.0268 -0.0397 -0.9988
vn 0.8979 0.4246 0.1158
vn -0.1055 0.6695 -0.7353
vn -0.1382 0.6910 -0.7095
vn -0.1622 0.7003 -0.6951
vn -0.0631 0.6299 -0.7740
vn -0.1993 0.7255 -0.6587
vn -0.2677 0.7780 -0.5683
vn 0.4396 0.8563 0.2709
vn -0.0434 0.9173 -0.3959
vn 0.5475 0.8308 0.0995
vn -0.0635 0.8756 -0.4788
vn 0.5843 0.5572 -0.5900
vn 0.5223 0.6138 -0.5920
vn 0.4867 0.6579 -0.5747
vn 0.7543 0.3809 -0.5347
vn 0.6701 0.4764 -0.5692
vn 0.4544 0.7025 -0.5477
vn 0.3988 0.7442 -0.5358
vn -0.1207 0.9030 0.4122
vn 0.0511 0.8882 0.4565
vn -0.3741 0.9228 0.0915
vn 0.7011 0.6900 -0.1799
vn 0.6553 0.7450 -0.1244
vn 0.0631 0.3983 -0.9151
vn 0.0748 0.3397 -0.9375
vn 0.6220 0.7794 -0.0755
vn 0.6012 0.7982 -0.0390
vn -0.0276 0.8275 -0.5607
vn 0.5803 0.8143 0.0051
vn 0.8029 0.3086 -0.5100
vn 0.0733 0.2603 -0.9627
vn 0.3592 0.8506 0.3838
vn 0.4536 0.8092 0.3733
vn 0.2751 0.8704 0.4082
vn 0.1782 0.8813 0.4375
vn 0.5533 0.7388 0.3847
vn -0.3678 0.8508 -0.3753
vn -0.0726 -0.9969 -0.0297
vn -0.0452 -0.9986 -0.0261
vn 0.0544 -0.8120 -0.5810
vn -0.0681 -0.8084 -0.5846
vn -0.3193 0.6350 -0.7034
vn -0.4201 0.6046 -0.6766
vn 0.7237 -0.0825 -0.6852
vn 0.8879 0.3630 -0.2824
vn 0.8887 0.3218 -0.3265
vn 0.9429 0.0457 -0.3299
vn 0.2848 0.2213 0.9327
vn 0.2526 0.1901 0.9487
vn 0.6713 0.2356 0.7027
vn 0.3031 0.2726 0.9131
vn 0.5796 -0.0284 -0.8144
vn 0.5428 -0.0152 -0.8397
vn 0.9098 0.0903 -0.4050
vn 0.8894 0.1146 -0.4425
vn 0.6233 -0.0571 -0.7799
vn 0.9258 0.0624 -0.3726
vn -0.5879 0.3092 -0.7475
vn -0.6295 0.3739 -0.6811
vn -0.2551 0.6841 -0.6832
vn -0.3096 0.7601 -0.5713
vn -0.5741 0.2873 -0.7666
vn -0.2244 0.6572 -0.7195
vn 0.8668 0.4271 0.2571
vn 0.9019 0.3710 0.2212
vn 0.7448 0.6590 -0.1047
vn 0.7962 0.5847 -0.1555
vn 0.8325 0.4684 0.2958
vn 0.6958 0.7161 -0.0557
vn 0.2450 0.2300 0.9418
vn 0.3122 0.2881 0.9053
vn 0.6579 0.2322 0.7163
vn 0.6666 0.2741 0.6931
vn 0.2246 0.1998 0.9537
vn 0.6495 0.2191 0.7280
vn 0.5022 -0.0204 -0.8645
vn 0.4611 -0.0310 -0.8868
vn -0.5512 0.2761 -0.7873
vn -0.5626 0.2853 -0.7759
vn -0.1517 0.5814 -0.7993
vn -0.1847 0.6195 -0.7630
vn -0.5356 0.2618 -0.8029
vn -0.1146 0.5305 -0.8399
vn -0.5820 -0.0363 -0.8124
vn -0.0377 0.1256 -0.9913
vn -0.1381 0.1452 -0.9797
vn -0.2035 -0.0761 -0.9761
vn 0.8055 0.4879 0.3363
vn 0.6587 0.7522 -0.0149
vn 0.7883 0.4884 0.3742
vn 0.6359 0.7716 0.0178
vn 0.9321 0.3110 0.1856
vn 0.9554 0.2561 0.1473
vn 0.8386 0.5038 -0.2070
vn 0.8675 0.4272 -0.2548
vn -0.5192 0.2462 -0.8184
vn -0.0795 0.4751 -0.8763
vn -0.5066 0.2329 -0.8301
vn -0.0538 0.4235 -0.9043
vn 0.6550 0.2170 0.7237
vn -0.7078 0.5476 -0.4462
vn -0.6482 0.7369 0.1918
vn -0.3354 0.8919 -0.3032
vn -0.3013 0.9507 0.0736
vn -0.5703 0.2868 -0.7697
vn -0.2079 0.6441 -0.7361
vn 0.7316 -0.1181 -0.6714
vn 0.9725 -0.0717 -0.2216
vn 0.9437 -0.0837 -0.3200
vn 0.8077 -0.0882 -0.5829
vn 0.7723 -0.0977 -0.6276
vn 0.9885 -0.0371 -0.1467
vn 0.8461 -0.0447 -0.5311
vn -0.0916 0.5663 0.8191
vn 0.0011 0.5840 0.8117
vn 0.1393 0.8662 0.4799
vn 0.2421 0.8566 0.4557
vn -0.1999 0.5546 0.8077
vn 0.0006 0.8730 0.4877
vn -0.5526 0.0282 -0.8330
vn -0.5231 0.1019 -0.8461
vn -0.0920 0.0324 -0.9952
vn -0.0553 0.1399 -0.9886
vn -0.5811 -0.0187 -0.8136
vn -0.1354 -0.0392 -0.9900
vn 0.6989 0.4198 0.5791
vn 0.6734 0.4924 0.5515
vn 0.7802 0.2290 -0.5820
vn 0.7883 0.1926 -0.5843
vn 0.8773 0.0198 -0.4794
vn 0.8964 0.1019 -0.4313
vn -0.1736 -0.0771 -0.9818
vn 0.6585 0.5353 0.5289
vn 0.5666 0.8069 0.1669
vn 0.3948 0.8782 0.2698
vn 0.0609 0.9944 -0.0869
vn -0.0395 0.3750 -0.9261
vn -0.0347 0.3223 -0.9460
vn 0.8961 0.2762 -0.3475
vn 0.8855 0.3540 -0.3011
vn -0.0372 0.2476 -0.9681
vn 0.9009 0.1907 -0.3898
vn 0.6153 0.7844 0.0772
vn 0.3237 0.8365 0.4421
vn 0.4912 0.5997 -0.6317
vn 0.5174 0.5562 -0.6503
vn 0.5701 0.4978 -0.6536
vn 0.4112 0.7951 0.4458
vn 0.4088 0.7078 -0.5761
vn 0.4686 0.6429 -0.6059
vn 0.6363 0.5574 0.5333
vn 0.5813 0.6377 0.5053
vn 0.7254 0.3316 -0.6032
vn 0.7710 0.2644 -0.5794
vn 0.5043 0.7250 0.4690
vn 0.6468 0.4198 -0.6367
vn -0.1450 0.9183 0.3683
vn 0.0646 0.9977 -0.0186
vn 0.2589 0.7911 -0.5541
vn 0.0212 0.9994 -0.0286
vn 0.6894 0.5628 0.4561
vn 0.7753 0.4788 0.4118
vn 0.7526 0.4687 0.4624
vn 0.2282 0.1818 0.9565
vn 0.4806 -0.0045 -0.8769
vn 0.4668 0.0314 -0.8838
vn 0.4572 -0.0160 -0.8892
vn 0.2742 0.4509 0.8494
vn 0.2868 0.3932 0.8736
vn 0.2549 0.5054 0.8244
vn 0.4407 -0.0266 -0.8972
vn 0.3814 0.1740 -0.9079
vn 0.3943 0.2098 -0.8947
vn 0.3931 0.1345 -0.9096
vn 0.9734 0.2049 0.1016
vn 0.9873 0.1506 0.0498
vn 0.4266 0.0858 -0.9004
vn 0.2998 0.3336 0.8938
vn 0.2142 0.5532 0.8050
vn 0.1509 0.5846 0.7971
vn 0.0786 0.5926 0.8017
vn -0.4995 0.2214 -0.8375
vn -0.4984 0.2071 -0.8418
vn 0.9960 0.0034 -0.0894
vn 0.9978 0.0473 -0.0454
vn 0.9954 0.0959 -0.0008
vn 0.2689 0.7782 -0.5675
vn 0.3155 0.3554 -0.8798
vn 0.4176 0.2854 -0.8626
vn 0.4171 0.2462 -0.8748
vn -0.5048 0.1713 -0.8461
vn -0.3658 0.6156 0.6980
vn 0.6366 0.0931 -0.7656
vn -0.0182 -0.9989 -0.0428
vn -0.0091 -0.9990 -0.0430
vn 0.7004 0.1166 -0.7042
vn -0.0343 -0.9990 -0.0277
vn -0.0312 -0.9990 -0.0332
vn 0.0573 -0.8253 -0.5617
vn 0.0809 -0.8164 -0.5718
vn -0.0202 -0.9998 -0.0074
vn -0.0143 -0.9998 -0.0089
vn 0.3111 -0.7644 -0.5647
vn 0.3968 -0.7418 -0.5406
vn -0.0193 -0.9998 -0.0038
vn -0.0296 -0.9995 -0.0052
vn -0.0244 -0.9997 0.0024
vn 0.7128 -0.7003 -0.0371
vn 0.7134 -0.7007 0.0044
vn 0.7140 -0.6969 0.0668
vn -0.0233 -0.9997 -0.0080
vn 0.4360 -0.8596 -0.2663
vn 0.4236 -0.8991 0.1101
vn 0.8653 -0.3797 0.3272
vn 0.5837 -0.7375 -0.3396
vn 0.2562 -0.9507 -0.1747
vn -0.0018 -0.9998 0.0185
vn -0.0004 -1.0000 -0.0012
vn 0.6884 -0.7215 0.0737
vn 0.6186 -0.7833 -0.0600
vn 0.7211 -0.6892 0.0708
vn -0.0405 -0.9939 0.1027
vn -0.0304 -0.9985 -0.0441
vn -0.0182 -0.9979 -0.0625
vn 0.0075 -0.8295 -0.5584
vn 0.0258 -0.8330 -0.5526
vn 0.0533 -0.9984 -0.0179
vn 0.0220 -0.9996 -0.0142
vn 0.6346 -0.6901 -0.3479
vn 0.7035 -0.6719 -0.2315
vn -0.0581 -0.9977 -0.0341
vn 0.0037 -1.0000 0.0021
vn 0.0430 -0.9990 -0.0089
vn 0.7259 -0.6720 -0.1460
vn 0.7206 -0.6885 -0.0818
vn 0.0062 -0.9999 -0.0048
vn 0.0089 -0.9998 -0.0129
vn -0.0090 -0.9999 -0.0052
vn 0.5187 -0.7175 -0.4648
vn 0.6071 -0.0981 -0.7885
vn -0.0617 -0.0857 -0.9944
vn -0.0125 -0.9999 -0.0044
vn 0.7053 -0.6991 0.1174
vn 0.9370 0.0389 -0.3470
vn -0.5990 -0.0417 -0.7996
vn 0.6749 -0.0848 -0.7330
vn -0.6300 -0.7473 -0.2112
vn -0.7314 -0.6508 -0.2035
vn -0.7376 -0.6477 -0.1904
vn -0.6472 -0.7353 -0.2009
vn -0.6843 -0.7207 -0.1113
vn -0.6213 -0.7750 -0.1155
vn -0.7786 -0.6009 -0.1807
vn -0.6545 -0.7466 -0.1191
vn -0.7940 -0.5782 -0.1877
vn 0.6986 -0.0874 -0.7101
vn 0.6135 0.2303 0.7553
vn -0.8058 -0.5660 -0.1742
vn -0.7689 -0.6145 -0.1767
vn -0.5010 -0.8546 -0.1365
vn -0.5147 -0.8336 -0.2002
vn -0.4422 -0.8832 -0.1563
vn -0.6466 -0.7354 -0.2026
vn -0.1793 -0.9670 -0.1810
vn -0.1939 -0.9673 -0.1632
vn -0.3457 -0.9206 -0.1814
vn -0.3230 -0.9250 -0.1999
vn -0.5072 -0.8362 -0.2086
vn -0.5282 -0.8235 -0.2072
vn -0.5154 -0.8482 -0.1222
vn -0.7724 -0.6154 -0.1567
vn -0.7990 -0.5881 -0.1249
vn -0.8173 -0.5538 -0.1586
vn -0.7910 -0.5844 -0.1809
vn -0.6928 -0.6966 -0.1862
vn -0.7030 -0.6905 -0.1700
vn -0.5770 -0.7872 -0.2177
vn -0.6914 -0.6954 -0.1959
vn -0.7125 -0.6714 -0.2037
vn -0.6006 -0.7713 -0.2108
vn -0.4497 -0.8664 -0.2168
vn -0.4742 -0.8571 -0.2009
vn 0.3661 0.8993 0.2393
vn 0.3781 0.8944 0.2389
vn 0.5127 0.8259 0.2344
vn 0.5011 0.8345 0.2289
vn 0.6288 0.7449 0.2229
vn 0.6114 0.7629 0.2102
vn 0.5254 0.8178 0.2347
vn 0.6442 0.7313 0.2240
vn 0.3930 0.8881 0.2383
vn 0.7256 0.6568 0.2052
vn 0.7029 0.6872 0.1831
vn 0.7983 0.5752 0.1782
vn 0.7737 0.6170 0.1439
vn 0.7396 0.6397 0.2088
vn 0.8026 0.5659 0.1886
vn 0.8515 0.5051 0.1406
vn 0.8209 0.5632 0.0946
vn 0.9295 0.3608 0.0765
vn 0.8871 0.4614 0.0080
vn 0.8488 0.5042 0.1591
vn 0.9343 0.3419 0.1003
vn 0.4090 0.8769 0.2522
vn 0.5406 0.8040 0.2474
vn 0.6625 0.7113 0.2346
vn 0.5660 0.7539 0.3334
vn 0.6976 0.6443 0.3134
vn 0.4283 0.8365 0.3417
vn 0.2102 0.9489 0.2356
vn 0.1993 0.9501 0.2399
vn 0.2243 0.9456 0.2355
vn 0.8142 0.5452 0.1996
vn 0.8521 0.4935 0.1743
vn 0.9515 0.2842 0.1174
vn 0.9410 0.2752 0.1969
vn 0.9592 0.2336 0.1592
vn 0.8811 0.4035 0.2465
vn 0.7579 0.6150 0.2177
vn 0.8054 0.5202 0.2840
vn 0.2385 0.9380 0.2514
vn 0.2513 0.9045 0.3445
vn 0.3866 -0.6317 0.6719
vn 0.4710 -0.7637 0.4415
vn 0.3086 -0.4714 0.8261
vn 0.1805 0.9735 0.1403
vn 0.0867 0.9111 -0.4030
vn 0.3354 0.9310 0.1439
vn 0.1531 0.9103 -0.3844
vn 0.5690 -0.7978 0.1993
vn 0.6668 -0.7438 -0.0457
vn 0.6297 -0.7567 -0.1755
vn 0.5860 -0.7800 -0.2195
vn -0.7725 -0.6281 -0.0938
vn -0.7570 -0.6171 -0.2145
vn -0.8790 -0.4305 -0.2050
vn -0.8708 -0.4368 -0.2255
vn -0.7540 -0.6429 -0.1347
vn -0.8549 -0.4493 -0.2591
vn 0.2146 -0.3514 0.9113
vn 0.1298 -0.2694 0.9542
vn 0.5703 -0.7617 -0.3075
vn 0.5288 -0.5756 -0.6236
vn 0.4623 0.8752 0.1424
vn 0.2162 0.9212 -0.3234
vn 0.5604 0.8180 0.1297
vn 0.2882 0.9282 -0.2353
vn -0.3322 0.3243 -0.8857
vn -0.2137 0.2553 -0.9429
vn -0.5408 -0.5269 -0.6556
vn -0.3733 -0.5588 -0.7405
vn -0.4362 0.4302 -0.7903
vn -0.6865 -0.4961 -0.5316
vn -0.0973 0.2381 -0.9663
vn -0.1932 -0.5843 -0.7882
vn 0.3524 0.9199 -0.1718
vn -0.5244 0.5303 -0.6661
vn -0.7938 -0.4679 -0.3884
vn -0.5962 0.5912 -0.5431
vn 0.3915 0.9075 -0.1519
vn 0.3987 0.9000 -0.1761
vn -0.6349 0.6029 -0.4831
vn -0.4649 0.4666 -0.7524
vn 0.4129 0.8820 -0.2272
vn -0.6913 -0.6925 -0.2060
vn -0.5929 -0.7567 -0.2754
vn 0.1213 -0.0607 -0.9908
vn 0.7112 0.6863 -0.1521
vn 0.6348 0.7661 0.1006
vn 0.6859 0.7254 0.0565
vn 0.7154 0.6986 0.0053
vn -0.4711 -0.8198 -0.3256
vn -0.3373 -0.8752 -0.3467
vn -0.1841 -0.9196 -0.3469
vn 0.0628 -0.1943 0.9789
vn 0.1091 0.9937 -0.0266
vn 0.1314 0.9898 -0.0546
vn 0.1419 0.9873 -0.0712
vn 0.1425 0.9878 -0.0628
vn -0.0462 0.9182 -0.3934
vn -0.3371 0.6578 -0.6735
vn 0.0533 0.9571 -0.2849
vn -0.3994 0.5710 -0.7172
vn 0.0765 0.9806 0.1805
vn 0.6104 0.5275 0.5908
vn 0.0594 0.8272 -0.5587
vn 0.0457 0.8560 -0.5150
vn 0.0413 0.8740 -0.4842
vn 0.0401 0.9107 -0.4111
vn 0.0337 0.9446 -0.3263
vn -0.0017 -0.9397 -0.3420
vn 0.0009 -0.6434 -0.7655
vn 0.1907 -0.6323 -0.7508
vn 0.0928 -0.9388 -0.3317
vn 0.3762 -0.7752 0.5075
vn 0.6526 -0.2571 0.7127
vn 0.4357 -0.2360 0.8686
vn 0.2520 -0.7465 0.6158
vn 0.4945 -0.8628 0.1048
vn 0.9190 -0.3911 0.0498
vn 0.8967 -0.3405 0.2829
vn 0.4955 -0.8356 0.2370
vn 0.4027 -0.5979 -0.6930
vn 0.1990 -0.9347 -0.2945
vn 0.6138 -0.5494 -0.5669
vn 0.3096 -0.9242 -0.2235
vn 0.8097 -0.2947 0.5074
vn 0.4591 -0.8063 0.3729
vn 0.7766 -0.4975 -0.3865
vn 0.8779 -0.4447 -0.1778
vn 0.4614 -0.8870 -0.0185
vn 0.4000 -0.9075 -0.1280
vn 0.2073 -0.2319 0.9503
vn 0.1195 -0.7284 0.6746
vn -0.4436 -0.2341 0.8651
vn -0.6593 -0.2542 0.7076
vn -0.3846 -0.7732 0.5042
vn -0.2612 -0.7452 0.6135
vn -0.0043 -0.2322 0.9726
vn -0.0049 -0.7229 0.6909
vn 0.0043 0.2147 -0.9767
vn 0.2112 0.2204 -0.9522
vn 0.5934 0.5828 0.5552
vn 0.3975 0.5883 0.7041
vn 0.8695 0.4908 -0.0554
vn 0.8292 0.5349 0.1618
vn 0.4333 0.2498 -0.8659
vn 0.6381 0.3046 -0.7072
vn 0.7386 0.5657 0.3666
vn 0.7832 0.3689 -0.5005
vn 0.8572 0.4337 -0.2777
vn 0.1909 0.5902 0.7844
vn -0.3994 0.5901 0.7016
vn -0.5944 0.5854 0.5513
vn -0.0011 0.5915 0.8063
vn 0.3457 0.9075 0.2385
vn 0.2385 0.9084 0.3434
vn 0.4052 0.9060 0.1219
vn 0.1292 0.9902 -0.0529
vn 0.1260 0.9920 0.0041
vn 0.1062 0.9909 0.0822
vn 0.1121 0.7997 -0.5898
vn 0.2471 0.7889 -0.5627
vn 0.0048 0.8074 -0.5899
vn 0.0040 0.9697 -0.2442
vn 0.0342 0.9668 -0.2533
vn 0.0911 0.9561 -0.2783
vn 0.4406 0.8976 0.0099
vn 0.4593 0.8824 -0.1014
vn 0.1270 0.9849 -0.1177
vn 0.1275 0.9878 -0.0890
vn 0.3686 0.7984 -0.4761
vn 0.4482 0.8219 -0.3515
vn 0.1182 0.9649 -0.2344
vn 0.1657 0.9637 -0.2093
vn 0.4682 0.8569 -0.2157
vn 0.1364 0.9795 -0.1484
vn 0.1072 0.9197 0.3775
vn 0.0015 0.9261 0.3771
vn 0.0435 0.9968 0.0665
vn 0.0030 0.9983 0.0580
vn 0.0285 0.9926 -0.1176
vn 0.0305 0.9937 -0.1080
vn 0.0273 0.9919 -0.1239
vn 0.0037 0.9921 -0.1256
vn 0.0036 0.9925 -0.1221
vn 0.0036 0.9932 -0.1166
vn 0.0305 0.9972 -0.0685
vn 0.0035 0.9971 -0.0760
vn 0.0037 0.9890 -0.1476
vn 0.0304 0.9883 -0.1495
vn -0.8150 -0.2910 0.5011
vn -0.4665 -0.8038 0.3690
vn -0.4009 -0.5961 -0.6956
vn -0.1889 -0.6315 -0.7520
vn -0.0963 -0.9382 -0.3323
vn -0.2026 -0.9335 -0.2959
vn -0.9004 -0.3364 0.2759
vn -0.5020 -0.8329 0.2330
vn -0.9211 -0.3869 0.0428
vn -0.5001 -0.8600 0.1009
vn -0.7761 -0.4939 -0.3920
vn -0.6124 -0.5466 -0.5711
vn -0.3136 -0.9224 -0.2256
vn -0.4044 -0.9051 -0.1309
vn -0.8785 -0.4407 -0.1843
vn -0.4663 -0.8843 -0.0220
vn -0.2159 -0.2310 0.9487
vn -0.1292 -0.7278 0.6735
vn -0.7387 0.5689 0.3615
vn -0.4254 0.2514 -0.8694
vn -0.2027 0.2213 -0.9539
vn -0.8281 0.5384 0.1558
vn -0.8670 0.4944 -0.0620
vn -0.7777 0.3720 -0.5067
vn -0.6311 0.3071 -0.7123
vn -0.8532 0.4372 -0.2844
vn -0.1931 0.5911 0.7831
vn -0.2355 0.9098 0.3418
vn -0.3421 0.9095 0.2362
vn -0.1005 0.9916 0.0815
vn -0.1197 0.9928 0.0032
vn -0.1225 0.9910 -0.0539
vn -0.4008 0.9084 0.1191
vn -0.2380 0.7901 -0.5648
vn -0.1026 0.8002 -0.5908
vn -0.0829 0.9567 -0.2790
vn -0.0261 0.9669 -0.2536
vn -0.4355 0.9001 0.0066
vn -0.1206 0.9886 -0.0899
vn -0.1199 0.9857 -0.1187
vn -0.4536 0.8850 -0.1050
vn -0.4409 0.8242 -0.3553
vn -0.3603 0.8003 -0.4793
vn -0.1580 0.9647 -0.2107
vn -0.1103 0.9656 -0.2353
vn -0.4617 0.8594 -0.2195
vn -0.1291 0.9803 -0.1495
vn -0.1043 0.9203 0.3769
vn -0.0376 0.9971 0.0662
vn -0.0234 0.9938 -0.1082
vn -0.0212 0.9928 -0.1178
vn -0.0200 0.9920 -0.1241
vn -0.0236 0.9973 -0.0687
vn -0.0229 0.9884 -0.1497
s 1
f 1008/1/1 47/2/2 354/3/3 1017/4/4
f 197/5/5 650/6/6 593/7/7 151/8/8
f 108/9/9 526/10/10 811/11/11 551/12/12
f 130/13/13 552/14/14 811/11/11 526/10/10
f 57/15/15 551/12/12 811/11/11 552/14/14
f 56/16/16 398/17/17 812/18/18 368/19/19
f 398/17/17 76/20/20 399/21/21 812/18/18
f 812/18/18 399/21/21 47/2/2 353/22/22
f 368/19/19 812/18/18 353/22/22 30/23/23
f 76/20/20 400/24/24 813/25/25 399/21/21
f 400/24/24 44/26/26 348/27/27 813/25/25
f 813/25/25 348/27/27 27/28/28 354/3/3
f 399/21/21 813/25/25 354/3/3 47/2/2
f 46/29/29 461/30/30 814/31/31 545/32/32
f 461/30/30 95/33/33 547/34/34 814/31/31
f 814/31/31 547/34/34 127/35/35 515/36/36
f 545/32/32 814/31/31 515/36/36 104/37/37
f 119/38/38 481/39/39 815/40/40 532/41/41
f 481/39/39 105/42/42 548/43/43 815/40/40
f 815/40/40 548/43/43 55/44/44 420/45/45
f 532/41/41 815/40/40 420/45/45 82/46/46
f 116/47/47 466/48/48 816/49/49 540/50/50
f 466/48/48 101/51/51 537/52/52 816/49/49
f 816/49/49 537/52/52 43/53/53 403/54/54
f 540/50/50 816/49/49 403/54/54 77/55/55
f 55/44/44 401/56/56 817/57/57 367/58/58
f 401/56/56 77/55/55 402/59/59 817/57/57
f 817/57/57 402/59/59 48/60/60 355/61/61
f 367/58/58 817/57/57 355/61/61 31/62/62
f 77/55/55 403/54/54 818/63/63 402/59/59
f 403/54/54 43/53/53 345/64/64 818/63/63
f 818/63/63 345/64/64 29/65/65 356/66/66
f 402/59/59 818/63/63 356/66/66 48/60/60
f 282/67/67 450/68/68 819/69/69 539/70/70
f 450/68/68 92/71/71 541/72/72 819/69/69
f 819/69/69 541/72/72 129/73/73 522/74/74
f 539/70/70 819/69/69 522/74/74 102/75/75
f 32/76/76 363/77/77 820/78/78 366/79/79
f 363/77/77 52/80/80 406/81/81 820/78/78
f 820/78/78 406/81/81 78/82/82 404/83/83
f 366/79/79 820/78/78 404/83/83 54/84/84
f 81/85/85 416/86/86 821/87/87 536/88/88
f 416/86/86 54/84/84 550/89/89 821/87/87
f 821/87/87 550/89/89 107/90/90 468/91/91
f 536/88/88 821/87/87 468/91/91 117/92/92
f 121/93/93 487/94/94 822/95/95 546/96/96
f 487/94/94 103/97/97 542/98/98 822/95/95
f 822/95/95 542/98/98 44/26/26 400/24/24
f 546/96/96 822/95/95 400/24/24 76/20/20
f 52/80/80 362/99/99 823/100/100 406/81/81
f 362/99/99 28/101/101 352/102/102 823/100/100
f 823/100/100 352/102/102 46/29/29 405/103/103
f 406/81/81 823/100/100 405/103/103 78/82/82
f 31/62/62 355/61/61 824/104/104 365/105/105
f 355/61/61 48/60/60 410/106/106 824/104/104
f 824/104/104 410/106/106 79/107/107 407/108/108
f 365/105/105 824/104/104 407/108/108 53/109/109
f 53/109/109 407/108/108 825/110/110 364/111/111
f 407/108/108 79/107/107 408/112/112 825/110/110
f 825/110/110 408/112/112 52/80/80 363/77/77
f 364/111/111 825/110/110 363/77/77 32/76/76
f 79/107/107 409/113/113 826/114/114 408/112/112
f 409/113/113 45/115/115 350/116/116 826/114/114
f 826/114/114 350/116/116 28/101/101 362/99/99
f 408/112/112 826/114/114 362/99/99 52/80/80
f 48/60/60 356/66/66 827/117/117 410/106/106
f 356/66/66 29/65/65 349/118/118 827/117/117
f 827/117/117 349/118/118 45/115/115 409/113/113
f 410/106/106 827/117/117 409/113/113 79/107/107
f 260/119/119 360/120/120 828/121/121 739/122/122
f 360/120/120 51/123/123 414/124/124 828/121/121
f 828/121/121 414/124/124 80/125/125 411/126/126
f 739/122/122 828/121/121 411/126/126 261/127/127
f 261/127/127 411/126/126 829/128/128 738/129/129
f 411/126/126 80/125/125 412/130/130 829/128/128
f 829/128/128 412/130/130 49/131/131 715/132/132
f 738/129/129 829/128/128 715/132/132 258/133/133
f 80/125/125 413/134/134 830/135/135 412/130/130
f 413/134/134 53/109/109 364/111/111 830/135/135
f 830/135/135 364/111/111 32/76/76 357/136/136
f 412/130/130 830/135/135 357/136/136 49/131/131
f 51/123/123 361/137/137 831/138/138 414/124/124
f 361/137/137 31/62/62 365/105/105 831/138/138
f 831/138/138 365/105/105 53/109/109 413/134/134
f 414/124/124 831/138/138 413/134/134 80/125/125
f 258/133/133 715/132/132 832/139/139 737/140/140
f 715/132/132 49/131/131 417/141/141 832/139/139
f 832/139/139 417/141/141 81/85/85 415/142/142
f 737/140/140 832/139/139 415/142/142 262/143/143
f 101/51/51 518/144/144 833/145/145 537/52/52
f 518/144/144 128/146/146 538/147/147 833/145/145
f 833/145/145 538/147/147 90/148/148 444/149/149
f 537/52/52 833/145/145 444/149/149 43/53/53
f 106/150/150 490/151/151 834/152/152 549/153/153
f 490/151/151 121/93/93 546/96/96 834/152/152
f 834/152/152 546/96/96 76/20/20 398/17/17
f 549/153/153 834/152/152 398/17/17 56/16/16
f 49/131/131 357/136/136 835/154/154 417/141/141
f 357/136/136 32/76/76 366/79/79 835/154/154
f 835/154/154 366/79/79 54/84/84 416/86/86
f 417/141/141 835/154/154 416/86/86 81/85/85
f 263/155/155 418/156/156 836/157/157 736/158/158
f 418/156/156 82/46/46 419/159/159 836/157/157
f 836/157/157 419/159/159 51/123/123 360/120/120
f 736/158/158 836/157/157 360/120/120 260/119/119
f 82/46/46 420/45/45 837/160/160 419/159/159
f 420/45/45 55/44/44 367/58/58 837/160/160
f 837/160/160 367/58/58 31/62/62 361/137/137
f 419/159/159 837/160/160 361/137/137 51/123/123
f 118/161/161 470/162/162 838/163/163 534/164/164
f 470/162/162 106/150/150 549/153/153 838/163/163
f 838/163/163 549/153/153 56/16/16 423/165/165
f 534/164/164 838/163/163 423/165/165 83/166/166
f 266/167/167 474/168/168 839/169/169 735/170/170
f 474/168/168 118/161/161 534/164/164 839/169/169
f 839/169/169 534/164/164 83/166/166 421/171/171
f 735/170/170 839/169/169 421/171/171 264/172/172
f 262/143/143 415/142/142 840/173/173 734/174/174
f 415/142/142 81/85/85 536/88/88 840/173/173
f 840/173/173 536/88/88 117/92/92 716/175/175
f 734/174/174 840/173/173 716/175/175 265/176/176
f 264/172/172 421/171/171 841/177/177 733/178/178
f 421/171/171 83/166/166 422/179/179 841/177/177
f 841/177/177 422/179/179 50/180/180 358/181/181
f 733/178/178 841/177/177 358/181/181 259/182/182
f 83/166/166 423/165/165 842/183/183 422/179/179
f 423/165/165 56/16/16 368/19/19 842/183/183
f 842/183/183 368/19/19 30/23/23 359/184/184
f 422/179/179 842/183/183 359/184/184 50/180/180
f 54/84/84 404/83/83 843/185/185 550/89/89
f 404/83/83 78/82/82 544/186/186 843/185/185
f 843/185/185 544/186/186 120/187/187 488/188/188
f 550/89/89 843/185/185 488/188/188 107/90/90
f 36/189/189 383/190/190 844/191/191 397/192/192
f 383/190/190 66/193/193 426/194/194 844/191/191
f 844/191/191 426/194/194 84/195/195 424/196/196
f 397/192/192 844/191/191 424/196/196 75/197/197
f 126/198/198 516/199/199 845/200/200 543/201/201
f 516/199/199 113/202/202 562/203/203 845/200/200
f 845/200/200 562/203/203 71/204/204 449/205/205
f 543/201/201 845/200/200 449/205/205 91/206/206
f 122/207/207 498/208/208 846/209/209 560/210/210
f 498/208/208 110/211/211 557/212/212 846/209/209
f 846/209/209 557/212/212 59/213/213 440/214/214
f 560/210/210 846/209/209 440/214/214 88/215/215
f 66/193/193 382/216/216 847/217/217 426/194/194
f 382/216/216 33/218/218 375/219/219 847/217/217
f 847/217/217 375/219/219 62/220/220 425/221/221
f 426/194/194 847/217/217 425/221/221 84/195/195
f 37/222/222 385/223/223 848/224/224 396/225/225
f 385/223/223 67/226/226 430/227/227 848/224/224
f 848/224/224 430/227/227 85/228/228 427/229/229
f 396/225/225 848/224/224 427/229/229 74/230/230
f 74/230/230 427/229/229 849/231/231 395/232/232
f 427/229/229 85/228/228 428/233/233 849/231/231
f 849/231/231 428/233/233 66/193/193 383/190/190
f 395/232/232 849/231/231 383/190/190 36/189/189
f 85/228/228 429/234/234 850/235/235 428/233/233
f 429/234/234 60/236/236 373/237/237 850/235/235
f 850/235/235 373/237/237 33/218/218 382/216/216
f 428/233/233 850/235/235 382/216/216 66/193/193
f 67/226/226 384/238/238 851/239/239 430/227/227
f 384/238/238 35/240/240 372/241/241 851/239/239
f 851/239/239 372/241/241 60/236/236 429/234/234
f 430/227/227 851/239/239 429/234/234 85/228/228
f 2/242/242 323/243/243 852/244/244 394/245/245
f 323/243/243 5/246/246 434/247/247 852/244/244
f 852/244/244 434/247/247 86/248/248 431/249/249
f 394/245/245 852/244/244 431/249/249 73/250/250
f 73/250/250 431/249/249 853/251/251 393/252/252
f 431/249/249 86/248/248 432/253/253 853/251/251
f 853/251/251 432/253/253 65/254/254 380/255/255
f 393/252/252 853/251/251 380/255/255 38/256/256
f 86/248/248 433/257/257 854/258/258 432/253/253
f 433/257/257 58/259/259 371/260/260 854/258/258
f 854/258/258 371/260/260 34/261/261 381/262/262
f 432/253/253 854/258/258 381/262/262 65/254/254
f 5/246/246 322/263/263 855/264/264 434/247/247
f 322/263/263 1/265/265 370/266/266 855/264/264
f 855/264/264 370/266/266 58/259/259 433/257/257
f 434/247/247 855/264/264 433/257/257 86/248/248
f 38/256/256 380/255/255 856/267/267 392/268/268
f 380/255/255 65/254/254 437/269/269 856/267/267
f 856/267/267 437/269/269 87/270/270 435/271/271
f 392/268/268 856/267/267 435/271/271 72/272/272
f 128/146/146 523/273/273 857/274/274 538/147/147
f 523/273/273 115/275/275 564/276/276 857/274/274
f 857/274/274 564/276/276 70/277/277 446/278/278
f 538/147/147 857/274/274 446/278/278 90/148/148
f 124/279/279 507/280/280 858/281/281 555/282/282
f 507/280/280 108/9/9 551/12/12 858/281/281
f 858/281/281 551/12/12 57/15/15 443/283/283
f 555/282/282 858/281/281 443/283/283 89/284/284
f 65/254/254 381/262/262 859/285/285 437/269/269
f 381/262/262 34/261/261 374/286/286 859/285/285
f 859/285/285 374/286/286 61/287/287 436/288/288
f 437/269/269 859/285/285 436/288/288 87/270/270
f 95/33/33 462/289/289 860/290/290 547/34/34
f 462/289/289 75/197/197 563/291/291 860/290/290
f 860/290/290 563/291/291 112/292/292 517/293/293
f 547/34/34 860/290/290 517/293/293 127/35/35
f 62/220/220 561/294/294 861/295/295 559/296/296
f 130/13/13 529/297/297 861/295/295 561/294/294
f 111/298/298 559/296/296 861/295/295 529/297/297
f 92/71/71 451/299/299 862/300/300 541/72/72
f 451/299/299 72/272/272 565/301/301 862/300/300
f 862/300/300 565/301/301 114/302/302 525/303/303
f 541/72/72 862/300/300 525/303/303 129/73/73
f 70/277/277 441/304/304 863/305/305 390/306/306
f 441/304/304 89/284/284 442/307/307 863/305/305
f 863/305/305 442/307/307 67/226/226 385/223/223
f 390/306/306 863/305/305 385/223/223 37/222/222
f 89/284/284 443/283/283 864/308/308 442/307/307
f 443/283/283 57/15/15 369/309/309 864/308/308
f 864/308/308 369/309/309 35/240/240 384/238/238
f 442/307/307 864/308/308 384/238/238 67/226/226
f 43/53/53 444/149/149 865/310/310 345/64/64
f 444/149/149 90/148/148 445/311/311 865/310/310
f 865/310/310 445/311/311 64/312/312 379/313/313
f 345/64/64 865/310/310 379/313/313 29/65/65
f 90/148/148 446/278/278 866/314/314 445/311/311
f 446/278/278 70/277/277 390/306/306 866/314/314
f 866/314/314 390/306/306 37/222/222 378/315/315
f 445/311/311 866/314/314 378/315/315 64/312/312
f 78/82/82 405/103/103 867/316/316 544/186/186
f 405/103/103 46/29/29 545/32/32 867/316/316
f 867/316/316 545/32/32 104/37/37 483/317/317
f 544/186/186 867/316/316 483/317/317 120/187/187
f 44/26/26 447/318/318 868/319/319 348/27/27
f 447/318/318 91/206/206 448/320/320 868/319/319
f 868/319/319 448/320/320 69/321/321 388/322/322
f 348/27/27 868/319/319 388/322/322 27/28/28
f 91/206/206 449/205/205 869/323/323 448/320/320
f 449/205/205 71/204/204 391/324/324 869/323/323
f 869/323/323 391/324/324 3/325/325 389/326/326
f 448/320/320 869/323/323 389/326/326 69/321/321
f 115/275/275 502/327/327 870/328/328 564/276/276
f 502/327/327 124/279/279 555/282/282 870/328/328
f 870/328/328 555/282/282 89/284/284 441/304/304
f 564/276/276 870/328/328 441/304/304 70/277/277
f 281/329/329 386/330/330 871/331/331 351/332/332
f 386/330/330 68/333/333 452/334/334 871/331/331
f 871/331/331 452/334/334 92/71/71 450/68/68
f 351/332/332 871/331/331 450/68/68 282/67/67
f 103/97/97 512/335/335 872/336/336 542/98/98
f 512/335/335 126/198/198 543/201/201 872/336/336
f 872/336/336 543/201/201 91/206/206 447/318/318
f 542/98/98 872/336/336 447/318/318 44/26/26
f 72/272/272 435/271/271 873/337/337 565/301/301
f 435/271/271 87/270/270 553/338/338 873/337/337
f 873/337/337 553/338/338 125/339/339 506/340/340
f 565/301/301 873/337/337 506/340/340 114/302/302
f 68/333/333 387/341/341 874/342/342 452/334/334
f 387/341/341 38/256/256 392/268/268 874/342/342
f 874/342/342 392/268/268 72/272/272 451/299/299
f 452/334/334 874/342/342 451/299/299 92/71/71
f 6/343/343 321/344/344 875/345/345 346/346/346
f 321/344/344 4/347/347 456/348/348 875/345/345
f 875/345/345 456/348/348 93/349/349 453/350/350
f 346/346/346 875/345/345 453/350/350 280/351/351
f 280/351/351 453/350/350 876/352/352 347/353/353
f 453/350/350 93/349/349 454/354/354 876/352/352
f 876/352/352 454/354/354 68/333/333 386/330/330
f 347/353/353 876/352/352 386/330/330 281/329/329
f 93/349/349 455/355/355 877/356/356 454/354/354
f 455/355/355 73/250/250 393/252/252 877/356/356
f 877/356/356 393/252/252 38/256/256 387/341/341
f 454/354/354 877/356/356 387/341/341 68/333/333
f 4/347/347 320/357/357 878/358/358 456/348/348
f 320/357/357 2/242/242 394/245/245 878/358/358
f 878/358/358 394/245/245 73/250/250 455/355/355
f 456/348/348 878/358/358 455/355/355 93/349/349
f 29/65/65 379/313/313 879/359/359 349/118/118
f 379/313/313 64/312/312 460/360/360 879/359/359
f 879/359/359 460/360/360 94/361/361 457/362/362
f 349/118/118 879/359/359 457/362/362 45/115/115
f 45/115/115 457/362/362 880/363/363 350/116/116
f 457/362/362 94/361/361 458/364/364 880/363/363
f 880/363/363 458/364/364 63/365/365 377/366/366
f 350/116/116 880/363/363 377/366/366 28/101/101
f 94/361/361 459/367/367 881/368/368 458/364/364
f 459/367/367 74/230/230 395/232/232 881/368/368
f 881/368/368 395/232/232 36/189/189 376/369/369
f 458/364/364 881/368/368 376/369/369 63/365/365
f 64/312/312 378/315/315 882/370/370 460/360/360
f 378/315/315 37/222/222 396/225/225 882/370/370
f 882/370/370 396/225/225 74/230/230 459/367/367
f 460/360/360 882/370/370 459/367/367 94/361/361
f 28/101/101 377/366/366 883/371/371 352/102/102
f 377/366/366 63/365/365 463/372/372 883/371/371
f 883/371/371 463/372/372 95/33/33 461/30/30
f 352/102/102 883/371/371 461/30/30 46/29/29
f 105/42/42 464/373/373 884/374/374 548/43/43
f 464/373/373 116/47/47 540/50/50 884/374/374
f 884/374/374 540/50/50 77/55/55 401/56/56
f 548/43/43 884/374/374 401/56/56 55/44/44
f 75/197/197 424/196/196 885/375/375 563/291/291
f 424/196/196 84/195/195 558/376/376 885/375/375
f 885/375/375 558/376/376 123/377/377 497/378/378
f 563/291/291 885/375/375 497/378/378 112/292/292
f 63/365/365 376/369/369 886/379/379 463/372/372
f 376/369/369 36/189/189 397/192/192 886/379/379
f 886/379/379 397/192/192 75/197/197 462/289/289
f 463/372/372 886/379/379 462/289/289 95/33/33
f 84/195/195 425/221/221 887/380/380 558/376/376
f 425/221/221 62/220/220 559/296/296 887/380/380
f 887/380/380 559/296/296 111/298/298 500/381/381
f 558/376/376 887/380/380 500/381/381 123/377/377
f 87/270/270 436/288/288 888/382/382 553/338/338
f 436/288/288 61/287/287 554/383/383 888/382/382
f 888/382/382 554/383/383 109/384/384 511/385/385
f 553/338/338 888/382/382 511/385/385 125/339/339
f 60/236/236 568/386/386 889/387/387 373/237/237
f 130/13/13 569/388/388 889/387/387 568/386/386
f 33/218/218 373/237/237 889/387/387 569/388/388
f 1/265/265 339/389/389 890/390/390 370/266/266
f 17/391/391 570/392/392 890/390/390 339/389/389
f 58/259/259 370/266/266 890/390/390 570/392/392
f 113/202/202 492/393/393 891/394/394 562/203/203
f 492/393/393 122/207/207 560/210/210 891/394/394
f 891/394/394 560/210/210 88/215/215 438/395/395
f 562/203/203 891/394/394 438/395/395 71/204/204
f 33/218/218 569/388/388 892/396/396 375/219/219
f 130/13/13 561/294/294 892/396/396 569/388/388
f 62/220/220 375/219/219 892/396/396 561/294/294
f 1017/4/4 354/3/3 27/28/28 1004/397/397
f 1007/398/398 30/23/23 353/22/22 1018/399/399
f 1018/399/399 353/22/22 47/2/2 1008/1/1
f 1009/400/400 50/180/180 359/184/184 1019/401/401
f 1019/401/401 359/184/184 30/23/23 1007/398/398
f 1006/402/402 259/182/182 358/181/181 1020/403/403
f 1020/403/403 358/181/181 50/180/180 1009/400/400
f 1023/404/404 389/326/326 3/325/325
f 1004/397/397 27/28/28 388/322/322 1021/405/405
f 1021/405/405 388/322/322 69/321/321 1010/406/406
f 1200/407/407 1261/408/408 1260/409/409 1199/410/410
f 57/15/15 552/14/14 893/411/411 369/309/309
f 130/13/13 567/412/412 893/411/411 552/14/14
f 35/240/240 369/309/309 893/411/411 567/412/412
f 35/240/240 567/412/412 894/413/413 372/241/241
f 130/13/13 568/386/386 894/413/413 567/412/412
f 60/236/236 372/241/241 894/413/413 568/386/386
f 123/377/377 503/414/414 895/415/415 497/378/378
f 503/414/414 166/416/416 609/417/417 895/415/415
f 895/415/415 609/417/417 165/418/418 477/419/419
f 497/378/378 895/415/415 477/419/419 112/292/292
f 266/167/167 732/420/420 896/421/421 474/168/168
f 732/420/420 269/422/422 589/423/423 896/421/421
f 896/421/421 589/423/423 145/424/424 493/425/425
f 474/168/168 896/421/421 493/425/425 118/161/161
f 124/279/279 496/426/426 897/427/427 507/280/280
f 496/426/426 171/428/428 619/429/429 897/427/427
f 897/427/427 619/429/429 174/430/430 494/431/431
f 507/280/280 897/427/427 494/431/431 108/9/9
f 101/51/51 479/432/432 898/433/433 518/144/144
f 479/432/432 137/434/434 626/435/435 898/433/433
f 898/433/433 626/435/435 180/436/436 513/437/437
f 518/144/144 898/433/433 513/437/437 128/146/146
f 593/7/7 650/6/6 184/438/438 132/439/439
f 135/440/440 576/441/441 636/442/442 183/443/443
f 130/13/13 495/444/444 899/445/445 529/297/297
f 495/444/444 182/446/446 632/447/447 899/445/445
f 899/445/445 632/447/447 169/448/448 501/449/449
f 529/297/297 899/445/445 501/449/449 111/298/298
f 506/340/340 618/450/450 172/451/451 114/302/302
f 12/452/452 18/453/453 631/454/454 528/455/455
f 104/37/37 486/456/456 900/457/457 483/317/317
f 486/456/456 156/458/458 597/459/459 900/457/457
f 900/457/457 597/459/459 157/460/460 510/461/461
f 483/317/317 900/457/457 510/461/461 120/187/187
f 112/292/292 477/419/419 901/462/462 517/293/293
f 477/419/419 165/418/418 625/463/463 901/462/462
f 901/462/462 625/463/463 179/464/464 485/465/465
f 517/293/293 901/462/462 485/465/465 127/35/35
f 528/455/455 631/454/454 176/466/466 109/384/384
f 284/467/467 135/440/440 595/468/468 482/469/469
f 116/47/47 508/470/470 902/471/471 466/48/48
f 508/470/470 133/472/472 577/473/473 902/471/471
f 902/471/471 577/473/473 137/434/434 479/432/432
f 466/48/48 902/471/471 479/432/432 101/51/51
f 482/469/469 595/468/468 154/474/474 287/475/475
f 136/476/476 576/441/441 465/477/477 283/478/478
f 465/477/477 576/441/441 135/440/440 284/467/467
f 268/479/479 146/480/480 484/481/481 731/482/482
f 126/198/198 509/483/483 903/484/484 516/199/199
f 509/483/483 177/485/485 624/486/486 903/484/484
f 903/484/484 624/486/486 162/487/487 489/488/488
f 516/199/199 903/484/484 489/488/488 113/202/202
f 172/451/451 629/489/489 525/303/303 114/302/302
f 731/482/482 484/481/481 99/490/490 265/176/176
f 127/35/35 485/465/465 904/491/491 515/36/36
f 485/465/465 179/464/464 623/492/492 904/491/491
f 904/491/491 623/492/492 156/458/458 486/456/456
f 515/36/36 904/491/491 486/456/456 104/37/37
f 113/202/202 489/488/488 905/493/493 492/393/393
f 489/488/488 162/487/487 606/494/494 905/493/493
f 905/493/493 606/494/494 163/495/495 491/496/496
f 492/393/393 905/493/493 491/496/496 122/207/207
f 118/161/161 493/425/425 906/497/497 470/162/162
f 493/425/425 145/424/424 586/498/498 906/497/497
f 906/497/497 586/498/498 144/499/499 499/500/500
f 470/162/162 906/497/497 499/500/500 106/150/150
f 119/38/38 530/501/501 907/502/502 481/39/39
f 530/501/501 151/8/8 593/7/7 907/502/502
f 907/502/502 593/7/7 132/439/439 505/503/503
f 481/39/39 907/502/502 505/503/503 105/42/42
f 108/9/9 494/431/431 908/504/504 526/10/10
f 494/431/431 174/430/430 630/505/505 908/504/504
f 908/504/504 630/505/505 182/446/446 495/444/444
f 526/10/10 908/504/504 495/444/444 130/13/13
f 115/275/275 514/506/506 909/507/507 502/327/327
f 514/506/506 170/508/508 614/509/509 909/507/507
f 909/507/507 614/509/509 171/428/428 496/426/426
f 502/327/327 909/507/507 496/426/426 124/279/279
f 1013/510/510 1022/511/511 910/512/512 805/513/513
f 1022/511/511 1011/514/514 803/515/515 910/512/512
f 910/512/512 803/515/515 289/516/516 742/517/517
f 805/513/513 910/512/512 742/517/517 309/518/518
f 106/150/150 499/500/500 911/519/519 490/151/151
f 499/500/500 144/499/499 604/520/520 911/519/519
f 911/519/519 604/520/520 160/521/521 519/522/522
f 490/151/151 911/519/519 519/522/522 121/93/93
f 525/303/303 629/489/489 181/523/523 129/73/73
f 176/466/466 621/524/524 511/385/385 109/384/384
f 111/298/298 501/449/449 912/525/525 500/381/381
f 501/449/449 169/448/448 613/526/526 912/525/525
f 912/525/525 613/526/526 166/416/416 503/414/414
f 500/381/381 912/525/525 503/414/414 123/377/377
f 105/42/42 505/503/503 913/527/527 464/373/373
f 505/503/503 132/439/439 572/528/528 913/527/527
f 913/527/527 572/528/528 133/472/472 508/470/470
f 464/373/373 913/527/527 508/470/470 116/47/47
f 103/97/97 520/529/529 914/530/530 512/335/335
f 520/529/529 159/531/531 622/532/532 914/530/530
f 914/530/530 622/532/532 177/485/485 509/483/483
f 512/335/335 914/530/530 509/483/483 126/198/198
f 120/187/187 510/461/461 915/533/533 488/188/188
f 510/461/461 157/460/460 602/534/534 915/533/533
f 915/533/533 602/534/534 141/535/535 521/536/536
f 488/188/188 915/533/533 521/536/536 107/90/90
f 128/146/146 513/437/437 916/537/537 523/273/273
f 513/437/437 180/436/436 628/538/538 916/537/537
f 916/537/537 628/538/538 170/508/508 514/506/506
f 523/273/273 916/537/537 514/506/506 115/275/275
f 511/385/385 621/524/524 173/539/539 125/339/339
f 181/523/523 627/540/540 522/74/74 129/73/73
f 121/93/93 519/522/522 917/541/541 487/94/94
f 519/522/522 160/521/521 601/542/542 917/541/541
f 917/541/541 601/542/542 159/531/531 520/529/529
f 487/94/94 917/541/541 520/529/529 103/97/97
f 107/90/90 521/536/536 918/543/543 468/91/91
f 521/536/536 141/535/535 583/544/544 918/543/543
f 918/543/543 583/544/544 142/545/545 524/546/546
f 468/91/91 918/543/543 524/546/546 117/92/92
f 522/74/74 627/540/540 139/547/547 102/75/75
f 148/548/548 193/549/549 276/550/550 269/422/422
f 267/551/551 729/552/552 919/553/553 476/554/554
f 729/552/552 270/555/555 590/556/556 919/553/553
f 919/553/553 590/556/556 151/8/8 530/501/501
f 476/554/554 919/553/553 530/501/501 119/38/38
f 267/551/551 476/554/554 920/557/557 728/558/558
f 476/554/554 119/38/38 532/41/41 920/557/557
f 920/557/557 532/41/41 82/46/46 418/156/156
f 728/558/558 920/557/557 418/156/156 263/155/155
f 636/442/442 576/441/441 136/476/476 186/559/559
f 154/474/474 595/468/468 649/560/560 198/561/561
f 649/560/560 595/468/468 135/440/440 183/443/443
f 186/559/559 136/476/476 581/562/562 640/563/563
f 640/563/563 581/562/562 139/547/547 188/564/564
f 137/434/434 187/565/565 676/566/566 626/435/435
f 626/435/435 676/566/566 217/567/567 180/436/436
f 144/499/499 586/498/498 643/568/568 189/569/569
f 643/568/568 586/498/498 145/424/424 192/570/570
f 160/521/521 604/520/520 655/571/571 202/572/572
f 655/571/571 604/520/520 144/499/499 189/569/569
f 277/573/573 194/574/574 146/480/480 268/479/479
f 270/555/555 279/575/575 648/576/576 590/556/556
f 590/556/556 648/576/576 197/5/5 151/8/8
f 278/577/577 271/578/578 719/579/579 723/580/580
f 723/580/580 719/579/579 154/474/474 198/561/561
f 156/458/458 623/492/492 670/581/581 200/582/582
f 670/581/581 623/492/492 179/464/464 216/583/583
f 132/439/439 184/438/438 638/584/584 572/528/528
f 572/528/528 638/584/584 185/585/585 133/472/472
f 133/472/472 185/585/585 641/586/586 577/473/473
f 577/473/473 641/586/586 187/565/565 137/434/434
f 159/531/531 601/542/542 652/587/587 199/588/588
f 652/587/587 601/542/542 160/521/521 202/572/572
f 159/531/531 199/588/588 671/589/589 622/532/532
f 622/532/532 671/589/589 215/590/590 177/485/485
f 141/535/535 190/591/591 645/592/592 583/544/544
f 583/544/544 645/592/592 191/593/593 142/545/545
f 102/75/75 139/547/547 581/562/562 467/594/594
f 165/418/418 609/417/417 658/595/595 203/596/596
f 658/595/595 609/417/417 166/416/416 206/597/597
f 216/583/583 179/464/464 625/463/463 672/598/598
f 672/598/598 625/463/463 165/418/418 203/596/596
f 206/597/597 166/416/416 613/526/526 661/599/599
f 661/599/599 613/526/526 169/448/448 208/600/600
f 21/601/601 19/602/602 801/603/603 802/604/604
f 802/604/604 801/603/603 167/605/605 207/606/606
f 172/451/451 618/450/450 663/607/607 209/608/608
f 663/607/607 618/450/450 173/539/539 212/609/609
f 218/610/610 181/523/523 629/489/489 677/611/611
f 677/611/611 629/489/489 172/451/451 209/608/608
f 212/609/609 173/539/539 621/524/524 667/612/612
f 667/612/612 621/524/524 176/466/466 214/613/613
f 174/430/430 213/614/614 681/615/615 630/505/505
f 630/505/505 681/615/615 219/616/616 182/446/446
f 177/485/485 215/590/590 673/617/617 624/486/486
f 624/486/486 673/617/617 204/618/618 162/487/487
f 156/458/458 200/582/582 654/619/619 597/459/459
f 597/459/459 654/619/619 201/620/620 157/460/460
f 162/487/487 204/618/618 660/621/621 606/494/494
f 606/494/494 660/621/621 205/622/622 163/495/495
f 163/495/495 205/622/622 662/623/623 610/624/624
f 610/624/624 662/623/623 207/606/606 167/605/605
f 188/564/564 139/547/547 627/540/540 675/625/625
f 675/625/625 627/540/540 181/523/523 218/610/610
f 201/620/620 656/626/626 602/534/534 157/460/460
f 602/534/534 656/626/626 190/591/591 141/535/535
f 170/508/508 210/627/627 665/628/628 614/509/509
f 614/509/509 665/628/628 211/629/629 171/428/428
f 171/428/428 211/629/629 668/630/630 619/429/429
f 619/429/429 668/630/630 213/614/614 174/430/430
f 180/436/436 217/567/567 678/631/631 628/538/538
f 628/538/538 678/631/631 210/627/627 170/508/508
f 219/616/616 682/632/632 632/447/447 182/446/446
f 632/447/447 682/632/632 208/600/600 169/448/448
f 98/633/633 248/634/634 708/635/635 472/636/636
f 122/207/207 491/496/496 921/637/637 498/208/208
f 491/496/496 163/495/495 610/624/624 921/637/637
f 921/637/637 610/624/624 167/605/605 469/638/638
f 498/208/208 921/637/637 469/638/638 110/211/211
f 467/594/594 581/562/562 136/476/476 283/478/478
f 275/639/639 164/640/640 634/641/641 726/642/642
f 184/438/438 691/643/643 922/644/644 638/584/584
f 691/643/643 152/645/645 615/646/646 922/644/644
f 922/644/644 615/646/646 161/647/647 690/648/648
f 638/584/584 922/644/644 690/648/648 185/585/585
f 183/443/443 687/649/649 923/650/650 649/560/560
f 687/649/649 155/651/651 607/652/652 923/650/650
f 923/650/650 607/652/652 100/653/653 686/654/654
f 649/560/560 923/650/650 686/654/654 198/561/561
f 208/600/600 644/655/655 924/656/656 661/599/599
f 644/655/655 228/657/657 588/658/658 924/656/656
f 924/656/656 588/658/658 224/659/659 647/660/660
f 661/599/599 924/656/656 647/660/660 206/597/597
f 215/590/590 475/661/661 925/662/662 673/617/617
f 475/661/661 235/663/663 575/664/664 925/662/662
f 925/662/662 575/664/664 226/665/665 685/666/666
f 673/617/617 925/662/662 685/666/666 204/618/618
f 279/575/575 727/667/667 926/668/668 648/576/576
f 727/667/667 272/669/669 608/670/670 926/668/668
f 926/668/668 608/670/670 131/671/671 689/672/672
f 648/576/576 926/668/668 689/672/672 197/5/5
f 186/559/559 688/673/673 927/674/674 636/442/442
f 688/673/673 158/675/675 620/676/676 927/674/674
f 927/674/674 620/676/676 155/651/651 687/649/649
f 636/442/442 927/674/674 687/649/649 183/443/443
f 203/596/596 651/677/677 928/678/678 672/598/598
f 651/677/677 225/679/679 579/680/680 928/678/678
f 928/678/678 579/680/680 236/681/681 635/682/682
f 672/598/598 928/678/678 635/682/682 216/583/583
f 273/683/683 175/684/684 639/685/685 725/686/686
f 726/642/642 634/641/641 196/687/687 278/577/577
f 204/618/618 685/666/666 929/688/688 660/621/621
f 685/666/666 226/665/665 592/689/689 929/688/688
f 929/688/688 592/689/689 223/690/690 684/691/691
f 660/621/621 929/688/688 684/691/691 205/622/622
f 199/588/588 683/692/692 930/693/693 671/589/589
f 683/692/692 221/694/694 578/695/695 930/693/693
f 930/693/693 578/695/695 235/663/663 475/661/661
f 671/589/589 930/693/693 475/661/661 215/590/590
f 216/583/583 635/682/682 931/696/696 670/581/581
f 635/682/682 236/681/681 580/697/697 931/696/696
f 931/696/696 580/697/697 222/698/698 637/699/699
f 670/581/581 931/696/696 637/699/699 200/582/582
f 155/651/651 152/645/645 605/700/700 607/652/652
f 725/686/686 639/685/685 194/574/574 277/573/573
f 219/616/616 642/701/701 932/702/702 682/632/632
f 642/701/701 239/703/703 478/704/704 932/702/702
f 932/702/702 478/704/704 228/657/657 644/655/655
f 682/632/632 932/702/702 644/655/655 208/600/600
f 206/597/597 647/660/660 933/705/705 658/595/595
f 647/660/660 224/659/659 591/706/706 933/705/705
f 933/705/705 591/706/706 225/679/679 651/677/677
f 658/595/595 933/705/705 651/677/677 203/596/596
f 276/550/550 724/707/707 934/708/708 646/709/709
f 724/707/707 274/710/710 612/711/711 934/708/708
f 934/708/708 612/711/711 140/712/712 657/713/713
f 646/709/709 934/708/708 657/713/713 192/570/570
f 211/629/629 666/714/714 935/715/715 668/630/630
f 666/714/714 229/716/716 582/717/717 935/715/715
f 935/715/715 582/717/717 233/718/718 669/719/719
f 668/630/630 935/715/715 669/719/719 213/614/614
f 190/591/591 674/720/720 936/721/721 645/592/592
f 674/720/720 134/722/722 611/723/723 936/721/721
f 936/721/721 611/723/723 143/724/724 679/725/725
f 645/592/592 936/721/721 679/725/725 191/593/593
f 620/676/676 615/646/646 152/645/645 155/651/651
f 149/726/726 616/727/727 617/728/728 147/729/729
f 617/728/728 616/727/727 161/647/647 158/675/675
f 143/724/724 611/723/723 633/730/730 140/712/712
f 633/730/730 611/723/723 134/722/722 138/731/731
f 274/710/710 273/683/683 720/732/732 612/711/711
f 612/711/711 720/732/732 143/724/724 140/712/712
f 168/733/733 164/640/640 275/639/639 272/669/669
f 228/657/657 478/704/704 999/734/734 798/735/735 227/736/736
f 607/652/652 605/700/700 131/671/671 100/653/653
f 97/737/737 600/738/738 598/739/739 220/740/740
f 598/739/739 600/738/738 222/698/698 221/694/694
f 138/731/731 134/722/722 596/741/741 599/742/742
f 599/742/742 596/741/741 97/737/737 220/740/740
f 223/690/690 592/689/689 591/706/706 224/659/659
f 591/706/706 592/689/689 226/665/665 225/679/679
f 227/736/736 587/743/743 588/658/658 228/657/657
f 588/658/658 587/743/743 223/690/690 224/659/659
f 229/716/716 603/744/744 585/745/745 230/746/746
f 585/745/745 603/744/744 232/747/747 231/748/748
f 233/718/718 582/717/717 584/749/749 234/750/750
f 584/749/749 582/717/717 229/716/716 230/746/746
f 235/663/663 578/695/695 580/697/697 236/681/681
f 580/697/697 578/695/695 221/694/694 222/698/698
f 225/679/679 226/665/665 575/664/664 579/680/680
f 579/680/680 575/664/664 235/663/663 236/681/681
f 237/751/751 574/752/752 594/753/753 238/754/754
f 594/753/753 574/752/752 149/726/726 147/729/729
f 231/748/748 232/747/747 571/755/755 573/756/756
f 573/756/756 571/755/755 237/751/751 238/754/754
f 234/750/750 473/757/757 937/758/758 471/759/759 233/718/718
f 9/760/760 334/761/761 937/758/758 473/757/757
f 10/762/762 797/763/763 937/758/758 334/761/761
f 239/703/703 471/759/759 937/758/758 797/763/763
f 196/687/687 634/641/641 664/764/764 195/765/765
f 205/622/622 684/691/691 938/766/766 662/623/623
f 684/691/691 223/690/690 587/743/743 938/766/766
f 938/766/766 587/743/743 227/736/736 659/767/767
f 662/623/623 938/766/766 659/767/767 207/606/606
f 197/5/5 689/672/672 939/768/768 650/6/6
f 689/672/672 131/671/671 605/700/700 939/768/768
f 939/768/768 605/700/700 152/645/645 691/643/643
f 650/6/6 939/768/768 691/643/643 184/438/438
f 218/610/610 693/769/769 940/770/770 675/625/625
f 693/769/769 238/754/754 594/753/753 940/770/770
f 940/770/770 594/753/753 147/729/729 692/771/771
f 675/625/625 940/770/770 692/771/771 188/564/564
f 187/565/565 695/772/772 941/773/773 676/566/566
f 695/772/772 149/726/726 574/752/752 941/773/773
f 941/773/773 574/752/752 237/751/751 694/774/774
f 676/566/566 941/773/773 694/774/774 217/567/567
f 188/564/564 692/771/771 942/775/775 640/563/563
f 692/771/771 147/729/729 617/728/728 942/775/775
f 942/775/775 617/728/728 158/675/675 688/673/673
f 640/563/563 942/775/775 688/673/673 186/559/559
f 212/609/609 697/776/776 943/777/777 663/607/607
f 697/776/776 230/746/746 585/745/745 943/777/777
f 943/777/777 585/745/745 231/748/748 696/778/778
f 663/607/607 943/777/777 696/778/778 209/608/608
f 202/572/572 698/779/779 944/780/780 652/587/587
f 698/779/779 220/740/740 598/739/739 944/780/780
f 944/780/780 598/739/739 221/694/694 683/692/692
f 652/587/587 944/780/780 683/692/692 199/588/588
f 209/608/608 696/778/778 945/781/781 677/611/611
f 696/778/778 231/748/748 573/756/756 945/781/781
f 945/781/781 573/756/756 238/754/754 693/769/769
f 677/611/611 945/781/781 693/769/769 218/610/610
f 185/585/585 690/648/648 946/782/782 641/586/586
f 690/648/648 161/647/647 616/727/727 946/782/782
f 946/782/782 616/727/727 149/726/726 695/772/772
f 641/586/586 946/782/782 695/772/772 187/565/565
f 217/567/567 694/774/774 947/783/783 678/631/631
f 694/774/774 237/751/751 571/755/755 947/783/783
f 947/783/783 571/755/755 232/747/747 699/784/784
f 678/631/631 947/783/783 699/784/784 210/627/627
f 210/627/627 699/784/784 948/785/785 665/628/628
f 699/784/784 232/747/747 603/744/744 948/785/785
f 948/785/785 603/744/744 229/716/716 666/714/714
f 665/628/628 948/785/785 666/714/714 211/629/629
f 200/582/582 637/699/699 949/786/786 654/619/619
f 637/699/699 222/698/698 600/738/738 949/786/786
f 949/786/786 600/738/738 97/737/737 700/787/787
f 654/619/619 949/786/786 700/787/787 201/620/620
f 192/570/570 657/713/713 950/788/788 643/568/568
f 657/713/713 140/712/712 633/730/730 950/788/788
f 950/788/788 633/730/730 138/731/731 701/789/789
f 643/568/568 950/788/788 701/789/789 189/569/569
f 189/569/569 701/789/789 951/790/790 655/571/571
f 701/789/789 138/731/731 599/742/742 951/790/790
f 951/790/790 599/742/742 220/740/740 698/779/779
f 655/571/571 951/790/790 698/779/779 202/572/572
f 20/791/791 335/792/792 952/793/793 680/794/794
f 335/792/792 9/760/760 473/757/757 952/793/793
f 952/793/793 473/757/757 234/750/750 702/795/795
f 680/794/794 952/793/793 702/795/795 214/613/613
f 214/613/613 702/795/795 953/796/796 667/612/612
f 702/795/795 234/750/750 584/749/749 953/796/796
f 953/796/796 584/749/749 230/746/746 697/776/776
f 667/612/612 953/796/796 697/776/776 212/609/609
f 201/620/620 700/787/787 954/797/797 656/626/626
f 700/787/787 97/737/737 596/741/741 954/797/797
f 954/797/797 596/741/741 134/722/722 674/720/720
f 656/626/626 954/797/797 674/720/720 190/591/591
f 213/614/614 669/719/719 955/798/798 681/615/615
f 669/719/719 233/718/718 471/759/759 955/798/798
f 955/798/798 471/759/759 239/703/703 642/701/701
f 681/615/615 955/798/798 642/701/701 219/616/616
f 194/574/574 639/685/685 653/799/799 193/549/549
f 664/764/764 634/641/641 164/640/640 168/733/733
f 255/800/800 194/574/574 193/549/549 254/801/801
f 653/799/799 639/685/685 175/684/684 178/802/802
f 244/803/803 713/804/804 533/805/805 40/806/806
f 533/805/805 713/804/804 248/634/634 98/633/633
f 249/807/807 714/808/808 535/809/809 99/490/490
f 535/809/809 714/808/808 246/810/810 42/811/811
f 242/812/812 703/813/813 340/814/814 26/815/815
f 340/814/814 703/813/813 243/816/816 39/817/817
f 253/818/818 710/819/819 504/820/820 153/821/821
f 504/820/820 710/819/819 288/822/822 286/823/822
f 247/824/823 711/825/824 527/826/825 96/827/826
f 527/826/825 711/825/824 252/828/827 150/829/828
f 240/830/829 704/831/830 341/832/831 24/833/832
f 341/832/831 704/831/830 244/803/803 40/806/806
f 195/765/765 150/829/828 252/828/827 256/834/833
f 241/835/834 706/836/835 343/837/836 25/838/837
f 472/636/636 708/635/635 251/839/838 148/548/548
f 245/840/839 705/841/840 342/842/841 41/843/842
f 342/842/841 705/841/840 242/812/812 26/815/815
f 253/818/818 153/821/821 196/687/687 257/844/843
f 146/480/480 250/845/844 709/846/845 484/481/481
f 40/806/806 264/172/172 733/178/178 341/832/831
f 343/837/836 706/836/835 245/840/839 41/843/842
f 146/480/480 194/574/574 255/800/800 250/845/844
f 42/811/811 246/810/810 707/847/846 344/848/847
f 484/481/481 709/846/845 249/807/807 99/490/490
f 254/801/801 193/549/549 148/548/548 251/839/838
f 142/545/545 191/593/593 722/849/848 718/850/849
f 344/848/847 707/847/846 241/835/834 25/838/837
f 39/817/817 243/816/816 712/851/850 531/852/851
f 531/852/851 712/851/850 247/824/823 96/827/826
f 131/671/671 608/670/670 721/853/852 100/653/653
f 721/853/852 608/670/670 272/669/669 275/639/639
f 274/710/710 178/802/802 175/684/684 273/683/683
f 178/802/802 274/710/710 724/707/707 653/799/799
f 168/733/733 272/669/669 727/667/667 664/764/764
f 653/799/799 724/707/707 276/550/550 193/549/549
f 191/593/593 679/725/725 956/854/853 722/849/848
f 679/725/725 143/724/724 720/732/732 956/854/853
f 956/854/853 720/732/732 273/683/683 725/686/686
f 722/849/848 956/854/853 725/686/686 277/573/573
f 198/561/561 686/654/654 957/855/854 723/580/580
f 686/654/654 100/653/653 721/853/852 957/855/854
f 957/855/854 721/853/852 275/639/639 726/642/642
f 723/580/580 957/855/854 726/642/642 278/577/577
f 271/578/578 278/577/577 196/687/687 153/821/821
f 664/764/764 727/667/667 279/575/575 195/765/765
f 718/850/849 722/849/848 277/573/573 268/479/479
f 195/765/765 279/575/575 270/555/555 150/829/828
f 96/827/826 267/551/551 728/558/558 531/852/851
f 192/570/570 145/424/424 589/423/423 646/709/709
f 646/709/709 589/423/423 269/422/422 276/550/550
f 214/613/613 176/466/466 631/454/454 680/794/794
f 531/852/851 728/558/558 263/155/155 39/817/817
f 150/829/828 270/555/555 729/552/552 527/826/825
f 148/548/548 269/422/422 732/420/420 472/636/636
f 527/826/825 729/552/552 267/551/551 96/827/826
f 291/856/855 740/857/856 958/858/857 768/859/858
f 740/857/856 290/860/859 745/861/860 958/858/857
f 958/858/857 745/861/860 285/862/861 750/863/862
f 768/859/858 958/858/857 750/863/862 311/864/863
f 117/92/92 524/546/546 959/865/864 716/175/175
f 524/546/546 142/545/545 718/850/849 959/865/864
f 959/865/864 718/850/849 268/479/479 731/482/482
f 716/175/175 959/865/864 731/482/482 265/176/176
f 24/833/832 259/182/182 1006/402/402 1003/866/865
f 472/636/636 732/420/420 266/167/167 98/633/633
f 1010/406/406 69/321/321 389/326/326 1023/404/404
f 341/832/831 733/178/178 259/182/182 24/833/832
f 42/811/811 262/143/143 734/174/174 535/809/809
f 535/809/809 734/174/174 265/176/176 99/490/490
f 98/633/633 266/167/167 735/170/170 533/805/805
f 533/805/805 735/170/170 264/172/172 40/806/806
f 39/817/817 263/155/155 736/158/158 340/814/814
f 340/814/814 736/158/158 260/119/119 26/815/815
f 258/133/133 737/140/140 344/848/847 25/838/837
f 344/848/847 737/140/140 262/143/143 42/811/811
f 41/843/842 261/127/127 738/129/129 343/837/836
f 343/837/836 738/129/129 258/133/133 25/838/837
f 26/815/815 260/119/119 739/122/122 342/842/841
f 342/842/841 739/122/122 261/127/127 41/843/842
f 154/474/474 719/579/579 795/867/866 287/475/475
f 311/864/863 750/863/862 960/868/867 769/869/868
f 750/863/862 285/862/861 744/870/869 960/868/867
f 960/868/867 744/870/869 308/871/870 717/872/871
f 769/869/868 960/868/867 717/872/871 310/873/872
f 1012/874/873 1024/875/874 961/876/875 804/877/876
f 1024/875/874 1013/510/510 805/513/513 961/876/875
f 961/876/875 805/513/513 309/518/518 741/878/877
f 804/877/876 961/876/875 741/878/877 294/879/878
f 309/518/518 742/517/517 962/880/879 770/881/880
f 742/517/517 289/516/516 743/882/881 962/880/879
f 962/880/879 743/882/881 290/860/859 740/857/856
f 770/881/880 962/880/879 740/857/856 291/856/855
f 293/883/882 480/884/883 963/885/884 748/886/885
f 480/884/883 311/864/863 769/869/868 963/885/884
f 963/885/884 769/869/868 310/873/872 746/887/886
f 748/886/885 963/885/884 746/887/886 292/888/887
f 295/889/888 730/890/889 964/891/890 749/892/891
f 730/890/889 291/856/855 768/859/858 964/891/890
f 964/891/890 768/859/858 311/864/863 480/884/883
f 749/892/891 964/891/890 480/884/883 293/883/882
f 294/879/878 741/878/877 965/893/892 747/894/893
f 741/878/877 309/518/518 770/881/880 965/893/892
f 965/893/892 770/881/880 291/856/855 730/890/889
f 747/894/893 965/893/892 730/890/889 295/889/888
f 297/895/894 754/896/895 966/897/896 760/898/897
f 754/896/895 296/899/898 762/900/899 966/897/896
f 966/897/896 762/900/899 300/901/900 767/902/901
f 760/898/897 966/897/896 767/902/901 305/903/902
f 296/899/898 752/904/903 967/905/904 762/900/899
f 752/904/903 298/906/905 764/907/906 967/905/904
f 967/905/904 764/907/906 307/908/907 765/909/908
f 762/900/899 967/905/904 765/909/908 300/901/900
f 298/906/905 753/910/909 968/911/910 764/907/906
f 753/910/909 299/912/911 755/913/912 968/911/910
f 968/911/910 755/913/912 306/914/913 766/915/914
f 764/907/906 968/911/910 766/915/914 307/908/907
f 305/903/902 767/902/901 969/916/915 759/917/916
f 767/902/901 300/901/900 761/918/917 969/916/915
f 969/916/915 761/918/917 301/919/918 758/920/919
f 759/917/916 969/916/915 758/920/919 302/921/920
f 1015/922/921 807/923/922 970/924/923 1025/925/924
f 807/923/922 297/895/894 760/898/897 970/924/923
f 970/924/923 760/898/897 305/903/902 806/926/925
f 1025/925/924 970/924/923 806/926/925 1014/927/926
f 307/908/907 766/915/914 971/928/927 751/929/928
f 766/915/914 306/914/913 763/930/929 971/928/927
f 971/928/927 763/930/929 304/931/930 757/932/931
f 751/929/928 971/928/927 757/932/931 303/933/932
f 300/901/900 765/909/908 972/934/933 761/918/917
f 765/909/908 307/908/907 751/929/928 972/934/933
f 972/934/933 751/929/928 303/933/932 756/935/934
f 761/918/917 972/934/933 756/935/934 301/919/918
f 1014/927/926 806/926/925 973/936/935 1026/937/936
f 806/926/925 305/903/902 759/917/916 973/936/935
f 973/936/935 759/917/916 302/921/920 808/938/937
f 1026/937/936 973/936/935 808/938/937 1016/939/938
f 303/933/932 772/940/939 974/941/940 756/935/934
f 772/940/939 285/862/861 745/861/860 974/941/940
f 974/941/940 745/861/860 290/860/859 771/942/941
f 756/935/934 974/941/940 771/942/941 301/919/918
f 325/943/942 975/944/943 807/923/922 1015/922/921
f 325/943/942 23/945/944 810/946/945 975/944/943
f 975/944/943 810/946/945 319/947/946 774/948/947
f 807/923/922 975/944/943 774/948/947 297/895/894
f 304/931/930 775/949/948 976/950/949 757/932/931
f 775/949/948 308/871/870 744/870/869 976/950/949
f 976/950/949 744/870/869 285/862/861 772/940/939
f 757/932/931 976/950/949 772/940/939 303/933/932
f 306/914/913 776/951/950 977/952/951 763/930/929
f 776/951/950 310/873/872 717/872/871 977/952/951
f 977/952/951 717/872/871 308/871/870 775/949/948
f 763/930/929 977/952/951 775/949/948 304/931/930
f 292/888/887 790/953/952 978/954/953 748/886/885
f 790/953/952 314/955/954 781/956/955 978/954/953
f 978/954/953 781/956/955 315/957/956 773/958/957
f 748/886/885 978/954/953 773/958/957 293/883/882
f 301/919/918 771/942/941 979/959/958 758/920/919
f 771/942/941 290/860/859 743/882/881 979/959/958
f 979/959/958 743/882/881 289/516/516 778/960/959
f 758/920/919 979/959/958 778/960/959 302/921/920
f 299/912/911 779/961/960 980/962/961 755/913/912
f 779/961/960 292/888/887 746/887/886 980/962/961
f 980/962/961 746/887/886 310/873/872 776/951/950
f 755/913/912 980/962/961 776/951/950 306/914/913
f 297/895/894 774/948/947 981/963/962 754/896/895
f 774/948/947 319/947/946 785/964/963 981/963/962
f 981/963/962 785/964/963 317/965/964 777/966/965
f 754/896/895 981/963/962 777/966/965 296/899/898
f 319/947/946 787/967/966 982/968/967 785/964/963
f 787/967/966 312/969/968 780/970/969 982/968/967
f 982/968/967 780/970/969 313/971/970 786/972/971
f 785/964/963 982/968/967 786/972/971 317/965/964
f 23/945/944 324/973/972 983/974/973 810/946/945
f 324/973/972 22/975/974 809/976/975 983/974/973
f 983/974/973 809/976/975 312/969/968 787/967/966
f 810/946/945 983/974/973 787/967/966 319/947/946
f 317/965/964 786/972/971 984/977/976 783/978/977
f 786/972/971 313/971/970 782/979/978 984/977/976
f 984/977/976 782/979/978 315/957/956 788/980/979
f 783/978/977 984/977/976 788/980/979 316/981/980
f 316/981/980 788/980/979 985/982/981 784/983/982
f 788/980/979 315/957/956 781/956/955 985/982/981
f 985/982/981 781/956/955 314/955/954 789/984/983
f 784/983/982 985/982/981 789/984/983 318/985/984
f 293/883/882 773/958/957 986/986/985 749/892/891
f 773/958/957 315/957/956 782/979/978 986/986/985
f 986/986/985 782/979/978 313/971/970 791/987/986
f 749/892/891 986/986/985 791/987/986 295/889/888
f 299/912/911 792/988/987 987/989/988 779/961/960
f 792/988/987 318/985/984 789/984/983 987/989/988
f 987/989/988 789/984/983 314/955/954 790/953/952
f 779/961/960 987/989/988 790/953/952 292/888/887
f 296/899/898 777/966/965 988/990/989 752/904/903
f 777/966/965 317/965/964 783/978/977 988/990/989
f 988/990/989 783/978/977 316/981/980 793/991/990
f 752/904/903 988/990/989 793/991/990 298/906/905
f 298/906/905 793/991/990 989/992/991 753/910/909
f 793/991/990 316/981/980 784/983/982 989/992/991
f 989/992/991 784/983/982 318/985/984 792/988/987
f 753/910/909 989/992/991 792/988/987 299/912/911
f 295/889/888 791/987/986 990/993/992 747/894/893
f 791/987/986 313/971/970 780/970/969 990/993/992
f 990/993/992 780/970/969 312/969/968 794/994/993
f 747/894/893 990/993/992 794/994/993 294/879/878
f 795/867/866 719/579/579 271/578/578 153/821/821
f 1602/995/994 1177/996/995 1129/997/996 1490/998/997
f 294/879/878 794/994/993 991/999/998 804/877/876
f 794/994/993 312/969/968 809/976/975 991/999/998
f 991/999/998 809/976/975 22/975/974 326/1000/999
f 302/921/920 778/960/959 992/1001/1000 808/938/937
f 778/960/959 289/516/516 803/515/515 992/1001/1000
f 680/794/794 631/454/454 18/453/453 20/791/791
f 58/259/259 570/392/392 993/1002/1001 371/260/260
f 570/392/392 17/391/391 327/1003/1002 993/1002/1001
f 993/1002/1001 327/1003/1002 16/1004/1003 566/1005/1004
f 371/260/260 993/1002/1001 566/1005/1004 34/261/261
f 34/261/261 566/1005/1004 994/1006/1005 374/286/286
f 566/1005/1004 16/1004/1003 328/1007/1006 994/1006/1005
f 994/1006/1005 328/1007/1006 14/1008/1007 556/1009/1008
f 374/286/286 994/1006/1005 556/1009/1008 61/287/287
f 110/211/211 799/1010/1009 995/1011/1010 557/212/212
f 799/1010/1009 13/1012/1011 329/1013/1012 995/1011/1010
f 995/1011/1010 329/1013/1012 15/1014/1013 800/1015/1014
f 557/212/212 995/1011/1010 800/1015/1014 59/213/213
f 110/211/211 469/638/638 996/1016/1015 799/1010/1009
f 469/638/638 167/605/605 801/603/603 996/1016/1015
f 996/1016/1015 801/603/603 19/602/602 330/1017/1016
f 799/1010/1009 996/1016/1015 330/1017/1016 13/1012/1011
f 61/287/287 556/1009/1008 997/1018/1017 554/383/383
f 556/1009/1008 14/1008/1007 331/1019/1018 997/1018/1017
f 997/1018/1017 331/1019/1018 12/452/452 528/455/455
f 554/383/383 997/1018/1017 528/455/455 109/384/384
f 207/606/606 659/767/767 998/1020/1019 802/604/604
f 659/767/767 227/736/736 798/735/735 998/1020/1019
f 998/1020/1019 798/735/735 11/1021/1020 332/1022/1021
f 802/604/604 998/1020/1019 332/1022/1021 21/601/601
f 1599/1023/1022 1165/1024/1023 1162/1025/1024 1604/1026/1025
f 239/703/703 797/763/763 999/734/734 478/704/704
f 10/762/762 333/1027/1026 999/734/734 797/763/763
f 11/1021/1020 798/735/735 999/734/734 333/1027/1026
f 71/204/204 438/395/395 1000/1028/1027 391/324/324
f 438/395/395 88/215/215 439/1029/1028 1000/1028/1027
f 1000/1028/1027 439/1029/1028 8/1030/1029 336/1031/1030
f 391/324/324 1000/1028/1027 336/1031/1030 3/325/325
f 88/215/215 440/214/214 1001/1032/1031 439/1029/1028
f 440/214/214 59/213/213 796/1033/1032 1001/1032/1031
f 1001/1032/1031 796/1033/1032 7/1034/1033 337/1035/1034
f 439/1029/1028 1001/1032/1031 337/1035/1034 8/1030/1029
f 59/213/213 800/1015/1014 1002/1036/1035 796/1033/1032
f 15/1014/1013 338/1037/1036 1002/1036/1035 800/1015/1014
f 7/1034/1033 796/1033/1032 1002/1036/1035 338/1037/1036
f 240/830/829 24/833/832 1003/866/865 1005/1038/1037
f 808/938/937 992/1001/1000 1027/1039/1038 1016/939/938
f 992/1001/1000 803/515/515 1011/514/514 1027/1039/1038
f 804/877/876 991/999/998 326/1000/999 1012/874/873
f 1008/1/1 1017/4/4 1338/1040/1039 1051/1041/1040
f 1201/1042/1041 1155/1043/1042 1577/1044/1043 1634/1045/1044
f 1112/1046/1045 1535/1047/1046 1795/1048/1047 1510/1049/1048
f 1134/1050/1049 1510/1049/1048 1795/1048/1047 1536/1051/1050
f 1061/1052/1051 1536/1051/1050 1795/1048/1047 1535/1047/1046
f 1060/1053/1052 1352/1054/1053 1796/1055/1054 1382/1056/1055
f 1382/1056/1055 1796/1055/1054 1383/1057/1056 1080/1058/1057
f 1796/1055/1054 1337/1059/1058 1051/1041/1040 1383/1057/1056
f 1352/1054/1053 1034/1060/1059 1337/1059/1058 1796/1055/1054
f 1080/1058/1057 1383/1057/1056 1797/1061/1060 1384/1062/1061
f 1384/1062/1061 1797/1061/1060 1332/1063/1062 1048/1064/1063
f 1797/1061/1060 1338/1040/1039 1031/1065/1064 1332/1063/1062
f 1383/1057/1056 1051/1041/1040 1338/1040/1039 1797/1061/1060
f 1050/1066/1065 1529/1067/1066 1798/1068/1067 1445/1069/1068
f 1445/1069/1068 1798/1068/1067 1531/1070/1069 1099/1071/1070
f 1798/1068/1067 1499/1072/1071 1131/1073/1072 1531/1070/1069
f 1529/1067/1066 1108/1074/1073 1499/1072/1071 1798/1068/1067
f 1123/1075/1074 1516/1076/1075 1799/1077/1076 1465/1078/1077
f 1465/1078/1077 1799/1077/1076 1532/1079/1078 1109/1080/1079
f 1799/1077/1076 1404/1081/1080 1059/1082/1081 1532/1079/1078
f 1516/1076/1075 1086/1083/1082 1404/1081/1080 1799/1077/1076
f 1120/1084/1083 1524/1085/1084 1800/1086/1085 1450/1087/1086
f 1450/1087/1086 1800/1086/1085 1521/1088/1087 1105/1089/1088
f 1800/1086/1085 1387/1090/1089 1047/1091/1090 1521/1088/1087
f 1524/1085/1084 1081/1092/1091 1387/1090/1089 1800/1086/1085
f 1059/1082/1081 1351/1093/1092 1801/1094/1093 1385/1095/1094
f 1385/1095/1094 1801/1094/1093 1386/1096/1095 1081/1092/1091
f 1801/1094/1093 1339/1097/1096 1052/1098/1097 1386/1096/1095
f 1351/1093/1092 1035/1099/1098 1339/1097/1096 1801/1094/1093
f 1081/1092/1091 1386/1096/1095 1802/1100/1099 1387/1090/1089
f 1387/1090/1089 1802/1100/1099 1329/1101/1100 1047/1091/1090
f 1802/1100/1099 1340/1102/1101 1033/1103/1102 1329/1101/1100
f 1386/1096/1095 1052/1098/1097 1340/1102/1101 1802/1100/1099
f 1286/1104/1103 1523/1105/1104 1803/1106/1105 1434/1107/1106
f 1434/1107/1106 1803/1106/1105 1525/1108/1107 1096/1109/1108
f 1803/1106/1105 1506/1110/1109 1133/1111/1110 1525/1108/1107
f 1523/1105/1104 1106/1112/1111 1506/1110/1109 1803/1106/1105
f 1036/1113/1112 1350/1114/1113 1804/1115/1114 1347/1116/1115
f 1347/1116/1115 1804/1115/1114 1390/1117/1116 1056/1118/1117
f 1804/1115/1114 1388/1119/1118 1082/1120/1119 1390/1117/1116
f 1350/1114/1113 1058/1121/1120 1388/1119/1118 1804/1115/1114
f 1085/1122/1121 1520/1123/1122 1805/1124/1123 1400/1125/1124
f 1400/1125/1124 1805/1124/1123 1534/1126/1125 1058/1121/1120
f 1805/1124/1123 1452/1127/1126 1111/1128/1127 1534/1126/1125
f 1520/1123/1122 1121/1129/1128 1452/1127/1126 1805/1124/1123
f 1125/1130/1129 1530/1131/1130 1806/1132/1131 1471/1133/1132
f 1471/1133/1132 1806/1132/1131 1526/1134/1133 1107/1135/1134
f 1806/1132/1131 1384/1062/1061 1048/1064/1063 1526/1134/1133
f 1530/1131/1130 1080/1058/1057 1384/1062/1061 1806/1132/1131
f 1056/1118/1117 1390/1117/1116 1807/1136/1135 1346/1137/1136
f 1346/1137/1136 1807/1136/1135 1336/1138/1137 1032/1139/1138
f 1807/1136/1135 1389/1140/1139 1050/1066/1065 1336/1138/1137
f 1390/1117/1116 1082/1120/1119 1389/1140/1139 1807/1136/1135
f 1035/1099/1098 1349/1141/1140 1808/1142/1141 1339/1097/1096
f 1339/1097/1096 1808/1142/1141 1394/1143/1142 1052/1098/1097
f 1808/1142/1141 1391/1144/1143 1083/1145/1144 1394/1143/1142
f 1349/1141/1140 1057/1146/1145 1391/1144/1143 1808/1142/1141
f 1057/1146/1145 1348/1147/1146 1809/1148/1147 1391/1144/1143
f 1391/1144/1143 1809/1148/1147 1392/1149/1148 1083/1145/1144
f 1809/1148/1147 1347/1116/1115 1056/1118/1117 1392/1149/1148
f 1348/1147/1146 1036/1113/1112 1347/1116/1115 1809/1148/1147
f 1083/1145/1144 1392/1149/1148 1810/1150/1149 1393/1151/1150
f 1393/1151/1150 1810/1150/1149 1334/1152/1151 1049/1153/1152
f 1810/1150/1149 1346/1137/1136 1032/1139/1138 1334/1152/1151
f 1392/1149/1148 1056/1118/1117 1346/1137/1136 1810/1150/1149
f 1052/1098/1097 1394/1143/1142 1811/1154/1153 1340/1102/1101
f 1340/1102/1101 1811/1154/1153 1333/1155/1154 1033/1103/1102
f 1811/1154/1153 1393/1151/1150 1049/1153/1152 1333/1155/1154
f 1394/1143/1142 1083/1145/1144 1393/1151/1150 1811/1154/1153
f 1264/1156/1155 1723/1157/1156 1812/1158/1157 1344/1159/1158
f 1344/1159/1158 1812/1158/1157 1398/1160/1159 1055/1161/1160
f 1812/1158/1157 1395/1162/1161 1084/1163/1162 1398/1160/1159
f 1723/1157/1156 1265/1164/1163 1395/1162/1161 1812/1158/1157
f 1265/1164/1163 1722/1165/1164 1813/1166/1165 1395/1162/1161
f 1395/1162/1161 1813/1166/1165 1396/1167/1166 1084/1163/1162
f 1813/1166/1165 1699/1168/1167 1053/1169/1168 1396/1167/1166
f 1722/1165/1164 1262/1170/1169 1699/1168/1167 1813/1166/1165
f 1084/1163/1162 1396/1167/1166 1814/1171/1170 1397/1172/1171
f 1397/1172/1171 1814/1171/1170 1348/1147/1146 1057/1146/1145
f 1814/1171/1170 1341/1173/1172 1036/1113/1112 1348/1147/1146
f 1396/1167/1166 1053/1169/1168 1341/1173/1172 1814/1171/1170
f 1055/1161/1160 1398/1160/1159 1815/1174/1173 1345/1175/1174
f 1345/1175/1174 1815/1174/1173 1349/1141/1140 1035/1099/1098
f 1815/1174/1173 1397/1172/1171 1057/1146/1145 1349/1141/1140
f 1398/1160/1159 1084/1163/1162 1397/1172/1171 1815/1174/1173
f 1262/1170/1169 1721/1176/1175 1816/1177/1176 1699/1168/1167
f 1699/1168/1167 1816/1177/1176 1401/1178/1177 1053/1169/1168
f 1816/1177/1176 1399/1179/1178 1085/1122/1121 1401/1178/1177
f 1721/1176/1175 1266/1180/1179 1399/1179/1178 1816/1177/1176
f 1105/1089/1088 1521/1088/1087 1817/1181/1180 1502/1182/1181
f 1502/1182/1181 1817/1181/1180 1522/1183/1182 1132/1184/1183
f 1817/1181/1180 1428/1185/1184 1094/1186/1185 1522/1183/1182
f 1521/1088/1087 1047/1091/1090 1428/1185/1184 1817/1181/1180
f 1110/1187/1186 1533/1188/1187 1818/1189/1188 1474/1190/1189
f 1474/1190/1189 1818/1189/1188 1530/1131/1130 1125/1130/1129
f 1818/1189/1188 1382/1056/1055 1080/1058/1057 1530/1131/1130
f 1533/1188/1187 1060/1053/1052 1382/1056/1055 1818/1189/1188
f 1053/1169/1168 1401/1178/1177 1819/1191/1190 1341/1173/1172
f 1341/1173/1172 1819/1191/1190 1350/1114/1113 1036/1113/1112
f 1819/1191/1190 1400/1125/1124 1058/1121/1120 1350/1114/1113
f 1401/1178/1177 1085/1122/1121 1400/1125/1124 1819/1191/1190
f 1267/1192/1191 1720/1193/1192 1820/1194/1193 1402/1195/1194
f 1402/1195/1194 1820/1194/1193 1403/1196/1195 1086/1083/1082
f 1820/1194/1193 1344/1159/1158 1055/1161/1160 1403/1196/1195
f 1720/1193/1192 1264/1156/1155 1344/1159/1158 1820/1194/1193
f 1086/1083/1082 1403/1196/1195 1821/1197/1196 1404/1081/1080
f 1404/1081/1080 1821/1197/1196 1351/1093/1092 1059/1082/1081
f 1821/1197/1196 1345/1175/1174 1035/1099/1098 1351/1093/1092
f 1403/1196/1195 1055/1161/1160 1345/1175/1174 1821/1197/1196
f 1122/1198/1197 1518/1199/1198 1822/1200/1199 1454/1201/1200
f 1454/1201/1200 1822/1200/1199 1533/1188/1187 1110/1187/1186
f 1822/1200/1199 1407/1202/1201 1060/1053/1052 1533/1188/1187
f 1518/1199/1198 1087/1203/1202 1407/1202/1201 1822/1200/1199
f 1270/1204/1203 1719/1205/1204 1823/1206/1205 1458/1207/1206
f 1458/1207/1206 1823/1206/1205 1518/1199/1198 1122/1198/1197
f 1823/1206/1205 1405/1208/1207 1087/1203/1202 1518/1199/1198
f 1719/1205/1204 1268/1209/1208 1405/1208/1207 1823/1206/1205
f 1266/1180/1179 1718/1210/1209 1824/1211/1210 1399/1179/1178
f 1399/1179/1178 1824/1211/1210 1520/1123/1122 1085/1122/1121
f 1824/1211/1210 1700/1212/1211 1121/1129/1128 1520/1123/1122
f 1718/1210/1209 1269/1213/1212 1700/1212/1211 1824/1211/1210
f 1268/1209/1208 1717/1214/1213 1825/1215/1214 1405/1208/1207
f 1405/1208/1207 1825/1215/1214 1406/1216/1215 1087/1203/1202
f 1825/1215/1214 1342/1217/1216 1054/1218/1217 1406/1216/1215
f 1717/1214/1213 1263/1219/1218 1342/1217/1216 1825/1215/1214
f 1087/1203/1202 1406/1216/1215 1826/1220/1219 1407/1202/1201
f 1407/1202/1201 1826/1220/1219 1352/1054/1053 1060/1053/1052
f 1826/1220/1219 1343/1221/1220 1034/1060/1059 1352/1054/1053
f 1406/1216/1215 1054/1218/1217 1343/1221/1220 1826/1220/1219
f 1058/1121/1120 1534/1126/1125 1827/1222/1221 1388/1119/1118
f 1388/1119/1118 1827/1222/1221 1528/1223/1222 1082/1120/1119
f 1827/1222/1221 1472/1224/1223 1124/1225/1224 1528/1223/1222
f 1534/1126/1125 1111/1128/1127 1472/1224/1223 1827/1222/1221
f 1040/1226/1225 1381/1227/1226 1828/1228/1227 1367/1229/1228
f 1367/1229/1228 1828/1228/1227 1410/1230/1229 1070/1231/1230
f 1828/1228/1227 1408/1232/1231 1088/1233/1232 1410/1230/1229
f 1381/1227/1226 1079/1234/1233 1408/1232/1231 1828/1228/1227
f 1130/1235/1234 1527/1236/1235 1829/1237/1236 1500/1238/1237
f 1500/1238/1237 1829/1237/1236 1546/1239/1238 1117/1240/1239
f 1829/1237/1236 1433/1241/1240 1075/1242/1241 1546/1239/1238
f 1527/1236/1235 1095/1243/1242 1433/1241/1240 1829/1237/1236
f 1126/1244/1243 1544/1245/1244 1830/1246/1245 1482/1247/1246
f 1482/1247/1246 1830/1246/1245 1541/1248/1247 1114/1249/1248
f 1830/1246/1245 1424/1250/1249 1063/1251/1250 1541/1248/1247
f 1544/1245/1244 1092/1252/1251 1424/1250/1249 1830/1246/1245
f 1070/1231/1230 1410/1230/1229 1831/1253/1252 1366/1254/1253
f 1366/1254/1253 1831/1253/1252 1359/1255/1254 1037/1256/1255
f 1831/1253/1252 1409/1257/1256 1066/1258/1257 1359/1255/1254
f 1410/1230/1229 1088/1233/1232 1409/1257/1256 1831/1253/1252
f 1041/1259/1258 1380/1260/1259 1832/1261/1260 1369/1262/1261
f 1369/1262/1261 1832/1261/1260 1414/1263/1262 1071/1264/1263
f 1832/1261/1260 1411/1265/1264 1089/1266/1265 1414/1263/1262
f 1380/1260/1259 1078/1267/1266 1411/1265/1264 1832/1261/1260
f 1078/1267/1266 1379/1268/1267 1833/1269/1268 1411/1265/1264
f 1411/1265/1264 1833/1269/1268 1412/1270/1269 1089/1266/1265
f 1833/1269/1268 1367/1229/1228 1070/1231/1230 1412/1270/1269
f 1379/1268/1267 1040/1226/1225 1367/1229/1228 1833/1269/1268
f 1089/1266/1265 1412/1270/1269 1834/1271/1270 1413/1272/1271
f 1413/1272/1271 1834/1271/1270 1357/1273/1272 1064/1274/1273
f 1834/1271/1270 1366/1254/1253 1037/1256/1255 1357/1273/1272
f 1412/1270/1269 1070/1231/1230 1366/1254/1253 1834/1271/1270
f 1071/1264/1263 1414/1263/1262 1835/1275/1274 1368/1276/1275
f 1368/1276/1275 1835/1275/1274 1356/1277/1276 1039/1278/1277
f 1835/1275/1274 1413/1272/1271 1064/1274/1273 1356/1277/1276
f 1414/1263/1262 1089/1266/1265 1413/1272/1271 1835/1275/1274
f 2/242/242 1378/1279/1278 1836/1280/1279 323/243/243
f 323/243/243 1836/1280/1279 1418/1281/1280 5/246/246
f 1836/1280/1279 1415/1282/1281 1090/1283/1282 1418/1281/1280
f 1378/1279/1278 1077/1284/1283 1415/1282/1281 1836/1280/1279
f 1077/1284/1283 1377/1285/1284 1837/1286/1285 1415/1282/1281
f 1415/1282/1281 1837/1286/1285 1416/1287/1286 1090/1283/1282
f 1837/1286/1285 1364/1288/1287 1069/1289/1288 1416/1287/1286
f 1377/1285/1284 1042/1290/1289 1364/1288/1287 1837/1286/1285
f 1090/1283/1282 1416/1287/1286 1838/1291/1290 1417/1292/1291
f 1417/1292/1291 1838/1291/1290 1355/1293/1292 1062/1294/1293
f 1838/1291/1290 1365/1295/1294 1038/1296/1295 1355/1293/1292
f 1416/1287/1286 1069/1289/1288 1365/1295/1294 1838/1291/1290
f 5/246/246 1418/1281/1280 1839/1297/1296 322/263/263
f 322/263/263 1839/1297/1296 1354/1298/1297 1/265/265
f 1839/1297/1296 1417/1292/1291 1062/1294/1293 1354/1298/1297
f 1418/1281/1280 1090/1283/1282 1417/1292/1291 1839/1297/1296
f 1042/1290/1289 1376/1299/1298 1840/1300/1299 1364/1288/1287
f 1364/1288/1287 1840/1300/1299 1421/1301/1300 1069/1289/1288
f 1840/1300/1299 1419/1302/1301 1091/1303/1302 1421/1301/1300
f 1376/1299/1298 1076/1304/1303 1419/1302/1301 1840/1300/1299
f 1132/1184/1183 1522/1183/1182 1841/1305/1304 1507/1306/1305
f 1507/1306/1305 1841/1305/1304 1548/1307/1306 1119/1308/1307
f 1841/1305/1304 1430/1309/1308 1074/1310/1309 1548/1307/1306
f 1522/1183/1182 1094/1186/1185 1430/1309/1308 1841/1305/1304
f 1128/1311/1310 1539/1312/1311 1842/1313/1312 1491/1314/1313
f 1491/1314/1313 1842/1313/1312 1535/1047/1046 1112/1046/1045
f 1842/1313/1312 1427/1315/1314 1061/1052/1051 1535/1047/1046
f 1539/1312/1311 1093/1316/1315 1427/1315/1314 1842/1313/1312
f 1069/1289/1288 1421/1301/1300 1843/1317/1316 1365/1295/1294
f 1365/1295/1294 1843/1317/1316 1358/1318/1317 1038/1296/1295
f 1843/1317/1316 1420/1319/1318 1065/1320/1319 1358/1318/1317
f 1421/1301/1300 1091/1303/1302 1420/1319/1318 1843/1317/1316
f 1099/1071/1070 1531/1070/1069 1844/1321/1320 1446/1322/1321
f 1446/1322/1321 1844/1321/1320 1547/1323/1322 1079/1234/1233
f 1844/1321/1320 1501/1324/1323 1116/1325/1324 1547/1323/1322
f 1531/1070/1069 1131/1073/1072 1501/1324/1323 1844/1321/1320
f 1066/1258/1257 1543/1326/1325 1845/1327/1326 1545/1328/1327
f 1134/1050/1049 1545/1328/1327 1845/1327/1326 1513/1329/1328
f 1115/1330/1329 1513/1329/1328 1845/1327/1326 1543/1326/1325
f 1096/1109/1108 1525/1108/1107 1846/1331/1330 1435/1332/1331
f 1435/1332/1331 1846/1331/1330 1549/1333/1332 1076/1304/1303
f 1846/1331/1330 1509/1334/1333 1118/1335/1334 1549/1333/1332
f 1525/1108/1107 1133/1111/1110 1509/1334/1333 1846/1331/1330
f 1074/1310/1309 1374/1336/1335 1847/1337/1336 1425/1338/1337
f 1425/1338/1337 1847/1337/1336 1426/1339/1338 1093/1316/1315
f 1847/1337/1336 1369/1262/1261 1071/1264/1263 1426/1339/1338
f 1374/1336/1335 1041/1259/1258 1369/1262/1261 1847/1337/1336
f 1093/1316/1315 1426/1339/1338 1848/1340/1339 1427/1315/1314
f 1427/1315/1314 1848/1340/1339 1353/1341/1340 1061/1052/1051
f 1848/1340/1339 1368/1276/1275 1039/1278/1277 1353/1341/1340
f 1426/1339/1338 1071/1264/1263 1368/1276/1275 1848/1340/1339
f 1047/1091/1090 1329/1101/1100 1849/1342/1341 1428/1185/1184
f 1428/1185/1184 1849/1342/1341 1429/1343/1342 1094/1186/1185
f 1849/1342/1341 1363/1344/1343 1068/1345/1344 1429/1343/1342
f 1329/1101/1100 1033/1103/1102 1363/1344/1343 1849/1342/1341
f 1094/1186/1185 1429/1343/1342 1850/1346/1345 1430/1309/1308
f 1430/1309/1308 1850/1346/1345 1374/1336/1335 1074/1310/1309
f 1850/1346/1345 1362/1347/1346 1041/1259/1258 1374/1336/1335
f 1429/1343/1342 1068/1345/1344 1362/1347/1346 1850/1346/1345
f 1082/1120/1119 1528/1223/1222 1851/1348/1347 1389/1140/1139
f 1389/1140/1139 1851/1348/1347 1529/1067/1066 1050/1066/1065
f 1851/1348/1347 1467/1349/1348 1108/1074/1073 1529/1067/1066
f 1528/1223/1222 1124/1225/1224 1467/1349/1348 1851/1348/1347
f 1048/1064/1063 1332/1063/1062 1852/1350/1349 1431/1351/1350
f 1431/1351/1350 1852/1350/1349 1432/1352/1351 1095/1243/1242
f 1852/1350/1349 1372/1353/1352 1073/1354/1353 1432/1352/1351
f 1332/1063/1062 1031/1065/1064 1372/1353/1352 1852/1350/1349
f 1095/1243/1242 1432/1352/1351 1853/1355/1354 1433/1241/1240
f 1433/1241/1240 1853/1355/1354 1375/1356/1355 1075/1242/1241
f 1853/1355/1354 1373/1357/1356 3/325/325 1375/1356/1355
f 1432/1352/1351 1073/1354/1353 1373/1357/1356 1853/1355/1354
f 1119/1308/1307 1548/1307/1306 1854/1358/1357 1486/1359/1358
f 1486/1359/1358 1854/1358/1357 1539/1312/1311 1128/1311/1310
f 1854/1358/1357 1425/1338/1337 1093/1316/1315 1539/1312/1311
f 1548/1307/1306 1074/1310/1309 1425/1338/1337 1854/1358/1357
f 1285/1360/1359 1335/1361/1360 1855/1362/1361 1370/1363/1362
f 1370/1363/1362 1855/1362/1361 1436/1364/1363 1072/1365/1364
f 1855/1362/1361 1434/1107/1106 1096/1109/1108 1436/1364/1363
f 1335/1361/1360 1286/1104/1103 1434/1107/1106 1855/1362/1361
f 1107/1135/1134 1526/1134/1133 1856/1366/1365 1496/1367/1366
f 1496/1367/1366 1856/1366/1365 1527/1236/1235 1130/1235/1234
f 1856/1366/1365 1431/1351/1350 1095/1243/1242 1527/1236/1235
f 1526/1134/1133 1048/1064/1063 1431/1351/1350 1856/1366/1365
f 1076/1304/1303 1549/1333/1332 1857/1368/1367 1419/1302/1301
f 1419/1302/1301 1857/1368/1367 1537/1369/1368 1091/1303/1302
f 1857/1368/1367 1490/998/997 1129/997/996 1537/1369/1368
f 1549/1333/1332 1118/1335/1334 1490/998/997 1857/1368/1367
f 1072/1365/1364 1436/1364/1363 1858/1370/1369 1371/1371/1370
f 1371/1371/1370 1858/1370/1369 1376/1299/1298 1042/1290/1289
f 1858/1370/1369 1435/1332/1331 1076/1304/1303 1376/1299/1298
f 1436/1364/1363 1096/1109/1108 1435/1332/1331 1858/1370/1369
f 6/343/343 1330/1372/1371 1859/1373/1372 321/344/344
f 321/344/344 1859/1373/1372 1440/1374/1373 4/347/347
f 1859/1373/1372 1437/1375/1374 1097/1376/1375 1440/1374/1373
f 1330/1372/1371 1284/1377/1376 1437/1375/1374 1859/1373/1372
f 1284/1377/1376 1331/1378/1377 1860/1379/1378 1437/1375/1374
f 1437/1375/1374 1860/1379/1378 1438/1380/1379 1097/1376/1375
f 1860/1379/1378 1370/1363/1362 1072/1365/1364 1438/1380/1379
f 1331/1378/1377 1285/1360/1359 1370/1363/1362 1860/1379/1378
f 1097/1376/1375 1438/1380/1379 1861/1381/1380 1439/1382/1381
f 1439/1382/1381 1861/1381/1380 1377/1285/1284 1077/1284/1283
f 1861/1381/1380 1371/1371/1370 1042/1290/1289 1377/1285/1284
f 1438/1380/1379 1072/1365/1364 1371/1371/1370 1861/1381/1380
f 4/347/347 1440/1374/1373 1862/1383/1382 320/357/357
f 320/357/357 1862/1383/1382 1378/1279/1278 2/242/242
f 1862/1383/1382 1439/1382/1381 1077/1284/1283 1378/1279/1278
f 1440/1374/1373 1097/1376/1375 1439/1382/1381 1862/1383/1382
f 1033/1103/1102 1333/1155/1154 1863/1384/1383 1363/1344/1343
f 1363/1344/1343 1863/1384/1383 1444/1385/1384 1068/1345/1344
f 1863/1384/1383 1441/1386/1385 1098/1387/1386 1444/1385/1384
f 1333/1155/1154 1049/1153/1152 1441/1386/1385 1863/1384/1383
f 1049/1153/1152 1334/1152/1151 1864/1388/1387 1441/1386/1385
f 1441/1386/1385 1864/1388/1387 1442/1389/1388 1098/1387/1386
f 1864/1388/1387 1361/1390/1389 1067/1391/1390 1442/1389/1388
f 1334/1152/1151 1032/1139/1138 1361/1390/1389 1864/1388/1387
f 1098/1387/1386 1442/1389/1388 1865/1392/1391 1443/1393/1392
f 1443/1393/1392 1865/1392/1391 1379/1268/1267 1078/1267/1266
f 1865/1392/1391 1360/1394/1393 1040/1226/1225 1379/1268/1267
f 1442/1389/1388 1067/1391/1390 1360/1394/1393 1865/1392/1391
f 1068/1345/1344 1444/1385/1384 1866/1395/1394 1362/1347/1346
f 1362/1347/1346 1866/1395/1394 1380/1260/1259 1041/1259/1258
f 1866/1395/1394 1443/1393/1392 1078/1267/1266 1380/1260/1259
f 1444/1385/1384 1098/1387/1386 1443/1393/1392 1866/1395/1394
f 1032/1139/1138 1336/1138/1137 1867/1396/1395 1361/1390/1389
f 1361/1390/1389 1867/1396/1395 1447/1397/1396 1067/1391/1390
f 1867/1396/1395 1445/1069/1068 1099/1071/1070 1447/1397/1396
f 1336/1138/1137 1050/1066/1065 1445/1069/1068 1867/1396/1395
f 1109/1080/1079 1532/1079/1078 1868/1398/1397 1448/1399/1398
f 1448/1399/1398 1868/1398/1397 1524/1085/1084 1120/1084/1083
f 1868/1398/1397 1385/1095/1094 1081/1092/1091 1524/1085/1084
f 1532/1079/1078 1059/1082/1081 1385/1095/1094 1868/1398/1397
f 1079/1234/1233 1547/1323/1322 1869/1400/1399 1408/1232/1231
f 1408/1232/1231 1869/1400/1399 1542/1401/1400 1088/1233/1232
f 1869/1400/1399 1481/1402/1401 1127/1403/1402 1542/1401/1400
f 1547/1323/1322 1116/1325/1324 1481/1402/1401 1869/1400/1399
f 1067/1391/1390 1447/1397/1396 1870/1404/1403 1360/1394/1393
f 1360/1394/1393 1870/1404/1403 1381/1227/1226 1040/1226/1225
f 1870/1404/1403 1446/1322/1321 1079/1234/1233 1381/1227/1226
f 1447/1397/1396 1099/1071/1070 1446/1322/1321 1870/1404/1403
f 1088/1233/1232 1542/1401/1400 1871/1405/1404 1409/1257/1256
f 1409/1257/1256 1871/1405/1404 1543/1326/1325 1066/1258/1257
f 1871/1405/1404 1484/1406/1405 1115/1330/1329 1543/1326/1325
f 1542/1401/1400 1127/1403/1402 1484/1406/1405 1871/1405/1404
f 1091/1303/1302 1537/1369/1368 1872/1407/1406 1420/1319/1318
f 1420/1319/1318 1872/1407/1406 1538/1408/1407 1065/1320/1319
f 1872/1407/1406 1495/1409/1408 1113/1410/1409 1538/1408/1407
f 1537/1369/1368 1129/997/996 1495/1409/1408 1872/1407/1406
f 1064/1274/1273 1357/1273/1272 1873/1411/1410 1552/1412/1411
f 1134/1050/1049 1552/1412/1411 1873/1411/1410 1553/1413/1412
f 1037/1256/1255 1553/1413/1412 1873/1411/1410 1357/1273/1272
f 1/265/265 1354/1298/1297 1874/1414/1413 339/389/389
f 17/391/391 339/389/389 1874/1414/1413 1554/1415/1414
f 1062/1294/1293 1554/1415/1414 1874/1414/1413 1354/1298/1297
f 1117/1240/1239 1546/1239/1238 1875/1416/1415 1476/1417/1416
f 1476/1417/1416 1875/1416/1415 1544/1245/1244 1126/1244/1243
f 1875/1416/1415 1422/1418/1417 1092/1252/1251 1544/1245/1244
f 1546/1239/1238 1075/1242/1241 1422/1418/1417 1875/1416/1415
f 1037/1256/1255 1359/1255/1254 1876/1419/1418 1553/1413/1412
f 1134/1050/1049 1553/1413/1412 1876/1419/1418 1545/1328/1327
f 1066/1258/1257 1545/1328/1327 1876/1419/1418 1359/1255/1254
f 1017/4/4 1004/397/397 1031/1065/1064 1338/1040/1039
f 1007/398/398 1018/399/399 1337/1059/1058 1034/1060/1059
f 1018/399/399 1008/1/1 1051/1041/1040 1337/1059/1058
f 1009/400/400 1019/401/401 1343/1221/1220 1054/1218/1217
f 1019/401/401 1007/398/398 1034/1060/1059 1343/1221/1220
f 1006/402/402 1020/403/403 1342/1217/1216 1263/1219/1218
f 1020/403/403 1009/400/400 1054/1218/1217 1342/1217/1216
f 1023/404/404 3/325/325 1373/1357/1356
f 1004/397/397 1021/405/405 1372/1353/1352 1031/1065/1064
f 1021/405/405 1010/406/406 1073/1354/1353 1372/1353/1352
f 125/339/339 173/539/539 618/450/450 506/340/340
f 1061/1052/1051 1353/1341/1340 1877/1420/1419 1536/1051/1050
f 1134/1050/1049 1536/1051/1050 1877/1420/1419 1551/1421/1420
f 1039/1278/1277 1551/1421/1420 1877/1420/1419 1353/1341/1340
f 1039/1278/1277 1356/1277/1276 1878/1422/1421 1551/1421/1420
f 1134/1050/1049 1551/1421/1420 1878/1422/1421 1552/1412/1411
f 1064/1274/1273 1552/1412/1411 1878/1422/1421 1356/1277/1276
f 1127/1403/1402 1481/1402/1401 1879/1423/1422 1487/1424/1423
f 1487/1424/1423 1879/1423/1422 1593/1425/1424 1170/1426/1425
f 1879/1423/1422 1461/1427/1426 1169/1428/1427 1593/1425/1424
f 1481/1402/1401 1116/1325/1324 1461/1427/1426 1879/1423/1422
f 1270/1204/1203 1458/1207/1206 1880/1429/1428 1716/1430/1429
f 1716/1430/1429 1880/1429/1428 1573/1431/1430 1273/1432/1431
f 1880/1429/1428 1477/1433/1432 1149/1434/1433 1573/1431/1430
f 1458/1207/1206 1122/1198/1197 1477/1433/1432 1880/1429/1428
f 1128/1311/1310 1491/1314/1313 1881/1435/1434 1480/1436/1435
f 1480/1436/1435 1881/1435/1434 1603/1437/1436 1175/1438/1437
f 1881/1435/1434 1478/1439/1438 1178/1440/1439 1603/1437/1436
f 1491/1314/1313 1112/1046/1045 1478/1439/1438 1881/1435/1434
f 1105/1089/1088 1502/1182/1181 1882/1441/1440 1463/1442/1441
f 1463/1442/1441 1882/1441/1440 1610/1443/1442 1141/1444/1443
f 1882/1441/1440 1497/1445/1444 1184/1446/1445 1610/1443/1442
f 1502/1182/1181 1132/1184/1183 1497/1445/1444 1882/1441/1440
f 1577/1044/1043 1136/1447/1446 1188/1448/1447 1634/1045/1044
f 1139/1449/1448 1187/1450/1449 1620/1451/1450 1560/1452/1451
f 1134/1050/1049 1513/1329/1328 1883/1453/1452 1479/1454/1453
f 1479/1454/1453 1883/1453/1452 1616/1455/1454 1186/1456/1455
f 1883/1453/1452 1485/1457/1456 1173/1458/1457 1616/1455/1454
f 1513/1329/1328 1115/1330/1329 1485/1457/1456 1883/1453/1452
f 1490/998/997 1118/1335/1334 1176/1459/1458 1602/995/994
f 1615/1460/1459 18/453/453 12/452/452 1512/1461/1460
f 1108/1074/1073 1467/1349/1348 1884/1462/1461 1470/1463/1462
f 1470/1463/1462 1884/1462/1461 1581/1464/1463 1160/1465/1464
f 1884/1462/1461 1494/1466/1465 1161/1467/1466 1581/1464/1463
f 1467/1349/1348 1124/1225/1224 1494/1466/1465 1884/1462/1461
f 1116/1325/1324 1501/1324/1323 1885/1468/1467 1461/1427/1426
f 1461/1427/1426 1885/1468/1467 1609/1469/1468 1169/1428/1427
f 1885/1468/1467 1469/1470/1469 1183/1471/1470 1609/1469/1468
f 1501/1324/1323 1131/1073/1072 1469/1470/1469 1885/1468/1467
f 1512/1461/1460 1113/1410/1409 1180/1472/1471 1615/1460/1459
f 1579/1473/1472 1139/1449/1448 1288/1474/1473 1466/1475/1474
f 1120/1084/1083 1450/1087/1086 1886/1476/1475 1492/1477/1476
f 1492/1477/1476 1886/1476/1475 1561/1478/1477 1137/1479/1478
f 1886/1476/1475 1463/1442/1441 1141/1444/1443 1561/1478/1477
f 1450/1087/1086 1105/1089/1088 1463/1442/1441 1886/1476/1475
f 1466/1475/1474 1291/1480/1479 1158/1481/1480 1579/1473/1472
f 1560/1452/1451 1140/1482/1481 1287/1483/1482 1449/1484/1483
f 1449/1484/1483 1288/1474/1473 1139/1449/1448 1560/1452/1451
f 1715/1485/1484 1468/1486/1485 1150/1487/1486 1272/1488/1487
f 1130/1235/1234 1500/1238/1237 1887/1489/1488 1493/1490/1489
f 1493/1490/1489 1887/1489/1488 1608/1491/1490 1181/1492/1491
f 1887/1489/1488 1473/1493/1492 1166/1494/1493 1608/1491/1490
f 1500/1238/1237 1117/1240/1239 1473/1493/1492 1887/1489/1488
f 1613/1495/1494 1176/1459/1458 1118/1335/1334 1509/1334/1333
f 1269/1213/1212 1103/1496/1495 1468/1486/1485 1715/1485/1484
f 1131/1073/1072 1499/1072/1071 1888/1497/1496 1469/1470/1469
f 1469/1470/1469 1888/1497/1496 1607/1498/1497 1183/1471/1470
f 1888/1497/1496 1470/1463/1462 1160/1465/1464 1607/1498/1497
f 1499/1072/1071 1108/1074/1073 1470/1463/1462 1888/1497/1496
f 1117/1240/1239 1476/1417/1416 1889/1499/1498 1473/1493/1492
f 1473/1493/1492 1889/1499/1498 1590/1500/1499 1166/1494/1493
f 1889/1499/1498 1475/1501/1500 1167/1502/1501 1590/1500/1499
f 1476/1417/1416 1126/1244/1243 1475/1501/1500 1889/1499/1498
f 1122/1198/1197 1454/1201/1200 1890/1503/1502 1477/1433/1432
f 1477/1433/1432 1890/1503/1502 1570/1504/1503 1149/1434/1433
f 1890/1503/1502 1483/1505/1504 1148/1506/1505 1570/1504/1503
f 1454/1201/1200 1110/1187/1186 1483/1505/1504 1890/1503/1502
f 1123/1075/1074 1465/1078/1077 1891/1507/1506 1514/1508/1507
f 1514/1508/1507 1891/1507/1506 1577/1044/1043 1155/1043/1042
f 1891/1507/1506 1489/1509/1508 1136/1447/1446 1577/1044/1043
f 1465/1078/1077 1109/1080/1079 1489/1509/1508 1891/1507/1506
f 1112/1046/1045 1510/1049/1048 1892/1510/1509 1478/1439/1438
f 1478/1439/1438 1892/1510/1509 1614/1511/1510 1178/1440/1439
f 1892/1510/1509 1479/1454/1453 1186/1456/1455 1614/1511/1510
f 1510/1049/1048 1134/1050/1049 1479/1454/1453 1892/1510/1509
f 1119/1308/1307 1486/1359/1358 1893/1512/1511 1498/1513/1512
f 1498/1513/1512 1893/1512/1511 1598/1514/1513 1174/1515/1514
f 1893/1512/1511 1480/1436/1435 1175/1438/1437 1598/1514/1513
f 1486/1359/1358 1128/1311/1310 1480/1436/1435 1893/1512/1511
f 1013/510/510 1789/1516/1515 1894/1517/1516 1022/511/511
f 1022/511/511 1894/1517/1516 1787/1518/1517 1011/514/514
f 1894/1517/1516 1726/1519/1518 1293/1520/1519 1787/1518/1517
f 1789/1516/1515 1313/1521/1520 1726/1519/1518 1894/1517/1516
f 1110/1187/1186 1474/1190/1189 1895/1522/1521 1483/1505/1504
f 1483/1505/1504 1895/1522/1521 1588/1523/1522 1148/1506/1505
f 1895/1522/1521 1503/1524/1523 1164/1525/1524 1588/1523/1522
f 1474/1190/1189 1125/1130/1129 1503/1524/1523 1895/1522/1521
f 1509/1334/1333 1133/1111/1110 1185/1526/1525 1613/1495/1494
f 1605/1527/1526 1180/1472/1471 1113/1410/1409 1495/1409/1408
f 1115/1330/1329 1484/1406/1405 1896/1528/1527 1485/1457/1456
f 1485/1457/1456 1896/1528/1527 1597/1529/1528 1173/1458/1457
f 1896/1528/1527 1487/1424/1423 1170/1426/1425 1597/1529/1528
f 1484/1406/1405 1127/1403/1402 1487/1424/1423 1896/1528/1527
f 1109/1080/1079 1448/1399/1398 1897/1530/1529 1489/1509/1508
f 1489/1509/1508 1897/1530/1529 1556/1531/1530 1136/1447/1446
f 1897/1530/1529 1492/1477/1476 1137/1479/1478 1556/1531/1530
f 1448/1399/1398 1120/1084/1083 1492/1477/1476 1897/1530/1529
f 1107/1135/1134 1496/1367/1366 1898/1532/1531 1504/1533/1532
f 1504/1533/1532 1898/1532/1531 1606/1534/1533 1163/1535/1534
f 1898/1532/1531 1493/1490/1489 1181/1492/1491 1606/1534/1533
f 1496/1367/1366 1130/1235/1234 1493/1490/1489 1898/1532/1531
f 1124/1225/1224 1472/1224/1223 1899/1536/1535 1494/1466/1465
f 1494/1466/1465 1899/1536/1535 1586/1537/1536 1161/1467/1466
f 1899/1536/1535 1505/1538/1537 1145/1539/1538 1586/1537/1536
f 1472/1224/1223 1111/1128/1127 1505/1538/1537 1899/1536/1535
f 1132/1184/1183 1507/1306/1305 1900/1540/1539 1497/1445/1444
f 1497/1445/1444 1900/1540/1539 1612/1541/1540 1184/1446/1445
f 1900/1540/1539 1498/1513/1512 1174/1515/1514 1612/1541/1540
f 1507/1306/1305 1119/1308/1307 1498/1513/1512 1900/1540/1539
f 1495/1409/1408 1129/997/996 1177/996/995 1605/1527/1526
f 1611/1542/1541 1185/1526/1525 1133/1111/1110 1506/1110/1109
f 1125/1130/1129 1471/1133/1132 1901/1543/1542 1503/1524/1523
f 1503/1524/1523 1901/1543/1542 1585/1544/1543 1164/1525/1524
f 1901/1543/1542 1504/1533/1532 1163/1535/1534 1585/1544/1543
f 1471/1133/1132 1107/1135/1134 1504/1533/1532 1901/1543/1542
f 1111/1128/1127 1452/1127/1126 1902/1545/1544 1505/1538/1537
f 1505/1538/1537 1902/1545/1544 1567/1546/1545 1145/1539/1538
f 1902/1545/1544 1508/1547/1546 1146/1548/1547 1567/1546/1545
f 1452/1127/1126 1121/1129/1128 1508/1547/1546 1902/1545/1544
f 1506/1110/1109 1106/1112/1111 1143/1549/1548 1611/1542/1541
f 1197/1550/1549 1152/1551/1550 1273/1432/1431 1280/1552/1551
f 1271/1553/1552 1460/1554/1553 1903/1555/1554 1713/1556/1555
f 1713/1556/1555 1903/1555/1554 1574/1557/1556 1274/1558/1557
f 1903/1555/1554 1514/1508/1507 1155/1043/1042 1574/1557/1556
f 1460/1554/1553 1123/1075/1074 1514/1508/1507 1903/1555/1554
f 1271/1553/1552 1712/1559/1558 1904/1560/1559 1460/1554/1553
f 1460/1554/1553 1904/1560/1559 1516/1076/1075 1123/1075/1074
f 1904/1560/1559 1402/1195/1194 1086/1083/1082 1516/1076/1075
f 1712/1559/1558 1267/1192/1191 1402/1195/1194 1904/1560/1559
f 1620/1451/1450 1190/1561/1560 1140/1482/1481 1560/1452/1451
f 1158/1481/1480 1202/1562/1561 1633/1563/1562 1579/1473/1472
f 1633/1563/1562 1187/1450/1449 1139/1449/1448 1579/1473/1472
f 1190/1561/1560 1624/1564/1563 1565/1565/1564 1140/1482/1481
f 1624/1564/1563 1192/1566/1565 1143/1549/1548 1565/1565/1564
f 1141/1444/1443 1610/1443/1442 1660/1567/1566 1191/1568/1567
f 1610/1443/1442 1184/1446/1445 1221/1569/1568 1660/1567/1566
f 1148/1506/1505 1193/1570/1569 1627/1571/1570 1570/1504/1503
f 1627/1571/1570 1196/1572/1571 1149/1434/1433 1570/1504/1503
f 1164/1525/1524 1206/1573/1572 1639/1574/1573 1588/1523/1522
f 1639/1574/1573 1193/1570/1569 1148/1506/1505 1588/1523/1522
f 1272/1488/1487 1150/1487/1486 1198/1575/1574 1281/1576/1575
f 1274/1558/1557 1574/1557/1556 1632/1577/1576 1283/1578/1577
f 1574/1557/1556 1155/1043/1042 1201/1042/1041 1632/1577/1576
f 1282/1579/1578 1707/1580/1579 1703/1581/1580 1275/1582/1581
f 1707/1580/1579 1202/1562/1561 1158/1481/1480 1703/1581/1580
f 1160/1465/1464 1204/1583/1582 1654/1584/1583 1607/1498/1497
f 1654/1584/1583 1220/1585/1584 1183/1471/1470 1607/1498/1497
f 1136/1447/1446 1556/1531/1530 1622/1586/1585 1188/1448/1447
f 1556/1531/1530 1137/1479/1478 1189/1587/1586 1622/1586/1585
f 1137/1479/1478 1561/1478/1477 1625/1588/1587 1189/1587/1586
f 1561/1478/1477 1141/1444/1443 1191/1568/1567 1625/1588/1587
f 1163/1535/1534 1203/1589/1588 1636/1590/1589 1585/1544/1543
f 1636/1590/1589 1206/1573/1572 1164/1525/1524 1585/1544/1543
f 1163/1535/1534 1606/1534/1533 1655/1591/1590 1203/1589/1588
f 1606/1534/1533 1181/1492/1491 1219/1592/1591 1655/1591/1590
f 1145/1539/1538 1567/1546/1545 1629/1593/1592 1194/1594/1593
f 1567/1546/1545 1146/1548/1547 1195/1595/1594 1629/1593/1592
f 1565/1565/1564 1143/1549/1548 1106/1112/1111 1451/1596/1595
f 1169/1428/1427 1207/1597/1596 1642/1598/1597 1593/1425/1424
f 1642/1598/1597 1210/1599/1598 1170/1426/1425 1593/1425/1424
f 1220/1585/1584 1656/1600/1599 1609/1469/1468 1183/1471/1470
f 1656/1600/1599 1207/1597/1596 1169/1428/1427 1609/1469/1468
f 1210/1599/1598 1645/1601/1600 1597/1529/1528 1170/1426/1425
f 1645/1601/1600 1212/1602/1601 1173/1458/1457 1597/1529/1528
f 21/601/601 1786/1603/1602 1785/1604/1603 19/602/602
f 1786/1603/1602 1211/1605/1604 1171/1606/1605 1785/1604/1603
f 1176/1459/1458 1213/1607/1606 1647/1608/1607 1602/995/994
f 1647/1608/1607 1216/1609/1608 1177/996/995 1602/995/994
f 1222/1610/1609 1661/1611/1610 1613/1495/1494 1185/1526/1525
f 1661/1611/1610 1213/1607/1606 1176/1459/1458 1613/1495/1494
f 1216/1609/1608 1651/1612/1611 1605/1527/1526 1177/996/995
f 1651/1612/1611 1218/1613/1612 1180/1472/1471 1605/1527/1526
f 1178/1440/1439 1614/1511/1510 1665/1614/1613 1217/1615/1614
f 1614/1511/1510 1186/1456/1455 1223/1616/1615 1665/1614/1613
f 1181/1492/1491 1608/1491/1490 1657/1617/1616 1219/1592/1591
f 1608/1491/1490 1166/1494/1493 1208/1618/1617 1657/1617/1616
f 1160/1465/1464 1581/1464/1463 1638/1619/1618 1204/1583/1582
f 1581/1464/1463 1161/1467/1466 1205/1620/1619 1638/1619/1618
f 1166/1494/1493 1590/1500/1499 1644/1621/1620 1208/1618/1617
f 1590/1500/1499 1167/1502/1501 1209/1622/1621 1644/1621/1620
f 1167/1502/1501 1594/1623/1622 1646/1624/1623 1209/1622/1621
f 1594/1623/1622 1171/1606/1605 1211/1605/1604 1646/1624/1623
f 1192/1566/1565 1659/1625/1624 1611/1542/1541 1143/1549/1548
f 1659/1625/1624 1222/1610/1609 1185/1526/1525 1611/1542/1541
f 1205/1620/1619 1161/1467/1466 1586/1537/1536 1640/1626/1625
f 1586/1537/1536 1145/1539/1538 1194/1594/1593 1640/1626/1625
f 1174/1515/1514 1598/1514/1513 1649/1627/1626 1214/1628/1627
f 1598/1514/1513 1175/1438/1437 1215/1629/1628 1649/1627/1626
f 1175/1438/1437 1603/1437/1436 1652/1630/1629 1215/1629/1628
f 1603/1437/1436 1178/1440/1439 1217/1615/1614 1652/1630/1629
f 1184/1446/1445 1612/1541/1540 1662/1631/1630 1221/1569/1568
f 1612/1541/1540 1174/1515/1514 1214/1628/1627 1662/1631/1630
f 1223/1616/1615 1186/1456/1455 1616/1455/1454 1666/1632/1631
f 1616/1455/1454 1173/1458/1457 1212/1602/1601 1666/1632/1631
f 1692/1633/1632 1252/1634/1633 1102/1635/1634 1456/1636/1635
f 1126/1244/1243 1482/1247/1246 1905/1637/1636 1475/1501/1500
f 1475/1501/1500 1905/1637/1636 1594/1623/1622 1167/1502/1501
f 1905/1637/1636 1453/1638/1637 1171/1606/1605 1594/1623/1622
f 1482/1247/1246 1114/1249/1248 1453/1638/1637 1905/1637/1636
f 1451/1596/1595 1287/1483/1482 1140/1482/1481 1565/1565/1564
f 1710/1639/1638 1618/1640/1639 1168/1641/1640 1279/1642/1641
f 1188/1448/1447 1622/1586/1585 1906/1643/1642 1675/1644/1643
f 1675/1644/1643 1906/1643/1642 1599/1023/1022 1156/1645/1644
f 1906/1643/1642 1674/1646/1645 1165/1024/1023 1599/1023/1022
f 1622/1586/1585 1189/1587/1586 1674/1646/1645 1906/1643/1642
f 1187/1450/1449 1633/1563/1562 1907/1647/1646 1671/1648/1647
f 1671/1648/1647 1907/1647/1646 1591/1649/1648 1159/1650/1649
f 1907/1647/1646 1670/1651/1650 1104/1652/1651 1591/1649/1648
f 1633/1563/1562 1202/1562/1561 1670/1651/1650 1907/1647/1646
f 1212/1602/1601 1645/1601/1600 1908/1653/1652 1628/1654/1653
f 1628/1654/1653 1908/1653/1652 1572/1655/1654 1232/1656/1655
f 1908/1653/1652 1631/1657/1656 1228/1658/1657 1572/1655/1654
f 1645/1601/1600 1210/1599/1598 1631/1657/1656 1908/1653/1652
f 1219/1592/1591 1657/1617/1616 1909/1659/1658 1459/1660/1659
f 1459/1660/1659 1909/1659/1658 1559/1661/1660 1239/1662/1661
f 1909/1659/1658 1669/1663/1662 1230/1664/1663 1559/1661/1660
f 1657/1617/1616 1208/1618/1617 1669/1663/1662 1909/1659/1658
f 1283/1578/1577 1632/1577/1576 1910/1665/1664 1711/1666/1665
f 1711/1666/1665 1910/1665/1664 1592/1667/1666 1276/1668/1667
f 1910/1665/1664 1673/1669/1668 1135/1670/1669 1592/1667/1666
f 1632/1577/1576 1201/1042/1041 1673/1669/1668 1910/1665/1664
f 1190/1561/1560 1620/1451/1450 1911/1671/1670 1672/1672/1671
f 1672/1672/1671 1911/1671/1670 1604/1026/1025 1162/1025/1024
f 1911/1671/1670 1671/1648/1647 1159/1650/1649 1604/1026/1025
f 1620/1451/1450 1187/1450/1449 1671/1648/1647 1911/1671/1670
f 1207/1597/1596 1656/1600/1599 1912/1673/1672 1635/1674/1673
f 1635/1674/1673 1912/1673/1672 1563/1675/1674 1229/1676/1675
f 1912/1673/1672 1619/1677/1676 1240/1678/1677 1563/1675/1674
f 1656/1600/1599 1220/1585/1584 1619/1677/1676 1912/1673/1672
f 1709/1679/1678 1623/1680/1679 1179/1681/1680 1277/1682/1681
f 1282/1579/1578 1200/407/407 1618/1640/1639 1710/1639/1638
f 1208/1618/1617 1644/1621/1620 1913/1683/1682 1669/1663/1662
f 1669/1663/1662 1913/1683/1682 1576/1684/1683 1230/1664/1663
f 1913/1683/1682 1668/1685/1684 1227/1686/1685 1576/1684/1683
f 1644/1621/1620 1209/1622/1621 1668/1685/1684 1913/1683/1682
f 1203/1589/1588 1655/1591/1590 1914/1687/1686 1667/1688/1687
f 1667/1688/1687 1914/1687/1686 1562/1689/1688 1225/1690/1689
f 1914/1687/1686 1459/1660/1659 1239/1662/1661 1562/1689/1688
f 1655/1591/1590 1219/1592/1591 1459/1660/1659 1914/1687/1686
f 1220/1585/1584 1654/1584/1583 1915/1691/1690 1619/1677/1676
f 1619/1677/1676 1915/1691/1690 1564/1692/1691 1240/1678/1677
f 1915/1691/1690 1621/1693/1692 1226/1694/1693 1564/1692/1691
f 1654/1584/1583 1204/1583/1582 1621/1693/1692 1915/1691/1690
f 1589/1695/1694 1156/1645/1644 1159/1650/1649 1591/1649/1648
f 1281/1576/1575 1198/1575/1574 1623/1680/1679 1709/1679/1678
f 1223/1616/1615 1666/1632/1631 1916/1696/1695 1626/1697/1696
f 1626/1697/1696 1916/1696/1695 1462/1698/1697 1243/1699/1698
f 1916/1696/1695 1628/1654/1653 1232/1656/1655 1462/1698/1697
f 1666/1632/1631 1212/1602/1601 1628/1654/1653 1916/1696/1695
f 1210/1599/1598 1642/1598/1597 1917/1700/1699 1631/1657/1656
f 1631/1657/1656 1917/1700/1699 1575/1701/1700 1228/1658/1657
f 1917/1700/1699 1635/1674/1673 1229/1676/1675 1575/1701/1700
f 1642/1598/1597 1207/1597/1596 1635/1674/1673 1917/1700/1699
f 1280/1552/1551 1630/1702/1701 1918/1703/1702 1708/1704/1703
f 1708/1704/1703 1918/1703/1702 1596/1705/1704 1278/1706/1705
f 1918/1703/1702 1641/1707/1706 1144/1708/1707 1596/1705/1704
f 1630/1702/1701 1196/1572/1571 1641/1707/1706 1918/1703/1702
f 1215/1629/1628 1652/1630/1629 1919/1709/1708 1650/1710/1709
f 1650/1710/1709 1919/1709/1708 1566/1711/1710 1233/1712/1711
f 1919/1709/1708 1653/1713/1712 1237/1714/1713 1566/1711/1710
f 1652/1630/1629 1217/1615/1614 1653/1713/1712 1919/1709/1708
f 1194/1594/1593 1629/1593/1592 1920/1715/1714 1658/1716/1715
f 1658/1716/1715 1920/1715/1714 1595/1717/1716 1138/1718/1717
f 1920/1715/1714 1663/1719/1718 1147/1720/1719 1595/1717/1716
f 1629/1593/1592 1195/1595/1594 1663/1719/1718 1920/1715/1714
f 1604/1026/1025 1159/1650/1649 1156/1645/1644 1599/1023/1022
f 1600/1721/1720 1153/1722/1721 1151/1723/1722 1601/1724/1723
f 1601/1724/1723 1162/1025/1024 1165/1024/1023 1600/1721/1720
f 1595/1717/1716 1147/1720/1719 1144/1708/1707 1617/1725/1724
f 1617/1725/1724 1142/1726/1725 1138/1718/1717 1595/1717/1716
f 1704/1727/1726 1277/1682/1681 1278/1706/1705 1596/1705/1704
f 1596/1705/1704 1144/1708/1707 1147/1720/1719 1704/1727/1726
f 1279/1642/1641 1168/1641/1640 1172/1728/1727 1276/1668/1667
f 1232/1656/1655 1231/1729/1728 1782/1730/1729 1983/1731/1730 1462/1698/1697
f 1591/1649/1648 1104/1652/1651 1135/1670/1669 1589/1695/1694
f 1584/1732/1731 1101/1733/1732 1224/1734/1733 1582/1735/1734
f 1582/1735/1734 1225/1690/1689 1226/1694/1693 1584/1732/1731
f 1580/1736/1735 1138/1718/1717 1142/1726/1725 1583/1737/1736
f 1583/1737/1736 1224/1734/1733 1101/1733/1732 1580/1736/1735
f 1576/1684/1683 1227/1686/1685 1228/1658/1657 1575/1701/1700
f 1575/1701/1700 1229/1676/1675 1230/1664/1663 1576/1684/1683
f 1571/1738/1737 1231/1729/1728 1232/1656/1655 1572/1655/1654
f 1572/1655/1654 1228/1658/1657 1227/1686/1685 1571/1738/1737
f 1587/1739/1738 1233/1712/1711 1234/1740/1739 1569/1741/1740
f 1569/1741/1740 1235/1742/1741 1236/1743/1742 1587/1739/1738
f 1566/1711/1710 1237/1714/1713 1238/1744/1743 1568/1745/1744
f 1568/1745/1744 1234/1740/1739 1233/1712/1711 1566/1711/1710
f 1562/1689/1688 1239/1662/1661 1240/1678/1677 1564/1692/1691
f 1564/1692/1691 1226/1694/1693 1225/1690/1689 1562/1689/1688
f 1559/1661/1660 1230/1664/1663 1229/1676/1675 1563/1675/1674
f 1563/1675/1674 1240/1678/1677 1239/1662/1661 1559/1661/1660
f 1558/1746/1745 1241/1747/1746 1242/1748/1747 1578/1749/1748
f 1578/1749/1748 1151/1723/1722 1153/1722/1721 1558/1746/1745
f 1555/1750/1749 1236/1743/1742 1235/1742/1741 1557/1751/1750
f 1557/1751/1750 1242/1748/1747 1241/1747/1746 1555/1750/1749
f 1238/1744/1743 1237/1714/1713 1455/1752/1751 1921/1753/1752 1457/1754/1753
f 9/760/760 1457/1754/1753 1921/1753/1752 334/761/761
f 10/762/762 334/761/761 1921/1753/1752 1781/1755/1754
f 1243/1699/1698 1781/1755/1754 1921/1753/1752 1455/1752/1751
f 1648/1756/1755 1618/1640/1639 1200/407/407 1199/410/410
f 1209/1622/1621 1646/1624/1623 1922/1757/1756 1668/1685/1684
f 1668/1685/1684 1922/1757/1756 1571/1738/1737 1227/1686/1685
f 1922/1757/1756 1643/1758/1757 1231/1729/1728 1571/1738/1737
f 1646/1624/1623 1211/1605/1604 1643/1758/1757 1922/1757/1756
f 1201/1042/1041 1634/1045/1044 1923/1759/1758 1673/1669/1668
f 1673/1669/1668 1923/1759/1758 1589/1695/1694 1135/1670/1669
f 1923/1759/1758 1675/1644/1643 1156/1645/1644 1589/1695/1694
f 1634/1045/1044 1188/1448/1447 1675/1644/1643 1923/1759/1758
f 1222/1610/1609 1659/1625/1624 1924/1760/1759 1677/1761/1760
f 1677/1761/1760 1924/1760/1759 1578/1749/1748 1242/1748/1747
f 1924/1760/1759 1676/1762/1761 1151/1723/1722 1578/1749/1748
f 1659/1625/1624 1192/1566/1565 1676/1762/1761 1924/1760/1759
f 1191/1568/1567 1660/1567/1566 1925/1763/1762 1679/1764/1763
f 1679/1764/1763 1925/1763/1762 1558/1746/1745 1153/1722/1721
f 1925/1763/1762 1678/1765/1764 1241/1747/1746 1558/1746/1745
f 1660/1567/1566 1221/1569/1568 1678/1765/1764 1925/1763/1762
f 1192/1566/1565 1624/1564/1563 1926/1766/1765 1676/1762/1761
f 1676/1762/1761 1926/1766/1765 1601/1724/1723 1151/1723/1722
f 1926/1766/1765 1672/1672/1671 1162/1025/1024 1601/1724/1723
f 1624/1564/1563 1190/1561/1560 1672/1672/1671 1926/1766/1765
f 1216/1609/1608 1647/1608/1607 1927/1767/1766 1681/1768/1767
f 1681/1768/1767 1927/1767/1766 1569/1741/1740 1234/1740/1739
f 1927/1767/1766 1680/1769/1768 1235/1742/1741 1569/1741/1740
f 1647/1608/1607 1213/1607/1606 1680/1769/1768 1927/1767/1766
f 1206/1573/1572 1636/1590/1589 1928/1770/1769 1682/1771/1770
f 1682/1771/1770 1928/1770/1769 1582/1735/1734 1224/1734/1733
f 1928/1770/1769 1667/1688/1687 1225/1690/1689 1582/1735/1734
f 1636/1590/1589 1203/1589/1588 1667/1688/1687 1928/1770/1769
f 1213/1607/1606 1661/1611/1610 1929/1772/1771 1680/1769/1768
f 1680/1769/1768 1929/1772/1771 1557/1751/1750 1235/1742/1741
f 1929/1772/1771 1677/1761/1760 1242/1748/1747 1557/1751/1750
f 1661/1611/1610 1222/1610/1609 1677/1761/1760 1929/1772/1771
f 1189/1587/1586 1625/1588/1587 1930/1773/1772 1674/1646/1645
f 1674/1646/1645 1930/1773/1772 1600/1721/1720 1165/1024/1023
f 1930/1773/1772 1679/1764/1763 1153/1722/1721 1600/1721/1720
f 1625/1588/1587 1191/1568/1567 1679/1764/1763 1930/1773/1772
f 1221/1569/1568 1662/1631/1630 1931/1774/1773 1678/1765/1764
f 1678/1765/1764 1931/1774/1773 1555/1750/1749 1241/1747/1746
f 1931/1774/1773 1683/1775/1774 1236/1743/1742 1555/1750/1749
f 1662/1631/1630 1214/1628/1627 1683/1775/1774 1931/1774/1773
f 1214/1628/1627 1649/1627/1626 1932/1776/1775 1683/1775/1774
f 1683/1775/1774 1932/1776/1775 1587/1739/1738 1236/1743/1742
f 1932/1776/1775 1650/1710/1709 1233/1712/1711 1587/1739/1738
f 1649/1627/1626 1215/1629/1628 1650/1710/1709 1932/1776/1775
f 1204/1583/1582 1638/1619/1618 1933/1777/1776 1621/1693/1692
f 1621/1693/1692 1933/1777/1776 1584/1732/1731 1226/1694/1693
f 1933/1777/1776 1684/1778/1777 1101/1733/1732 1584/1732/1731
f 1638/1619/1618 1205/1620/1619 1684/1778/1777 1933/1777/1776
f 1196/1572/1571 1627/1571/1570 1934/1779/1778 1641/1707/1706
f 1641/1707/1706 1934/1779/1778 1617/1725/1724 1144/1708/1707
f 1934/1779/1778 1685/1780/1779 1142/1726/1725 1617/1725/1724
f 1627/1571/1570 1193/1570/1569 1685/1780/1779 1934/1779/1778
f 1193/1570/1569 1639/1574/1573 1935/1781/1780 1685/1780/1779
f 1685/1780/1779 1935/1781/1780 1583/1737/1736 1142/1726/1725
f 1935/1781/1780 1682/1771/1770 1224/1734/1733 1583/1737/1736
f 1639/1574/1573 1206/1573/1572 1682/1771/1770 1935/1781/1780
f 20/791/791 1664/1782/1781 1936/1783/1782 335/792/792
f 335/792/792 1936/1783/1782 1457/1754/1753 9/760/760
f 1936/1783/1782 1686/1784/1783 1238/1744/1743 1457/1754/1753
f 1664/1782/1781 1218/1613/1612 1686/1784/1783 1936/1783/1782
f 1218/1613/1612 1651/1612/1611 1937/1785/1784 1686/1784/1783
f 1686/1784/1783 1937/1785/1784 1568/1745/1744 1238/1744/1743
f 1937/1785/1784 1681/1768/1767 1234/1740/1739 1568/1745/1744
f 1651/1612/1611 1216/1609/1608 1681/1768/1767 1937/1785/1784
f 1205/1620/1619 1640/1626/1625 1938/1786/1785 1684/1778/1777
f 1684/1778/1777 1938/1786/1785 1580/1736/1735 1101/1733/1732
f 1938/1786/1785 1658/1716/1715 1138/1718/1717 1580/1736/1735
f 1640/1626/1625 1194/1594/1593 1658/1716/1715 1938/1786/1785
f 1217/1615/1614 1665/1614/1613 1939/1787/1786 1653/1713/1712
f 1653/1713/1712 1939/1787/1786 1455/1752/1751 1237/1714/1713
f 1939/1787/1786 1626/1697/1696 1243/1699/1698 1455/1752/1751
f 1665/1614/1613 1223/1616/1615 1626/1697/1696 1939/1787/1786
f 1637/1788/1787 1623/1680/1679 1198/1575/1574 1197/1550/1549
f 1172/1728/1727 1168/1641/1640 1618/1640/1639 1648/1756/1755
f 1198/1575/1574 1259/1789/1788 1258/1790/1789 1197/1550/1549
f 1182/1791/1790 1179/1681/1680 1623/1680/1679 1637/1788/1787
f 1697/1792/1791 1248/1793/1792 1044/1794/1793 1517/1795/1794
f 1517/1795/1794 1102/1635/1634 1252/1634/1633 1697/1792/1791
f 1698/1796/1795 1253/1797/1796 1103/1496/1495 1519/1798/1797
f 1519/1798/1797 1046/1799/1798 1250/1800/1799 1698/1796/1795
f 1687/1801/1800 1246/1802/1801 1030/1803/1802 1324/1804/1803
f 1324/1804/1803 1043/1805/1804 1247/1806/1805 1687/1801/1800
f 1694/1807/1806 1257/1808/1807 1157/1809/1808 1488/1810/1809
f 1488/1810/1809 1290/1811/1810 1292/1812/1810 1694/1807/1806
f 1695/1813/1811 1251/1814/1812 1100/1815/1813 1511/1816/1814
f 1511/1816/1814 1154/1817/1815 1256/1818/1816 1695/1813/1811
f 1688/1819/1817 1244/1820/1818 1028/1821/1819 1325/1822/1820
f 1325/1822/1820 1044/1794/1793 1248/1793/1792 1688/1819/1817
f 1154/1817/1815 1199/410/410 1260/409/409 1256/1818/1816
f 1690/1823/1821 1245/1824/1822 1029/1825/1823 1327/1826/1824
f 1456/1636/1635 1152/1551/1550 1255/1827/1825 1692/1633/1632
f 1689/1828/1826 1249/1829/1827 1045/1830/1828 1326/1831/1829
f 1326/1831/1829 1030/1803/1802 1246/1802/1801 1689/1828/1826
f 1261/408/408 1200/407/407 1157/1809/1808 1257/1808/1807
f 1693/1832/1830 1254/1833/1831 1150/1487/1486 1468/1486/1485
f 1717/1214/1213 1268/1209/1208 1044/1794/1793 1325/1822/1820
f 1327/1826/1824 1045/1830/1828 1249/1829/1827 1690/1823/1821
f 1198/1575/1574 1150/1487/1486 1254/1833/1831 1259/1789/1788
f 1691/1834/1832 1250/1800/1799 1046/1799/1798 1328/1835/1833
f 1468/1486/1485 1103/1496/1495 1253/1797/1796 1693/1832/1830
f 1152/1551/1550 1197/1550/1549 1258/1790/1789 1255/1827/1825
f 1146/1548/1547 1702/1836/1834 1706/1837/1835 1195/1595/1594
f 1328/1835/1833 1029/1825/1823 1245/1824/1822 1691/1834/1832
f 1696/1838/1836 1247/1806/1805 1043/1805/1804 1515/1839/1837
f 1515/1839/1837 1100/1815/1813 1251/1814/1812 1696/1838/1836
f 1592/1667/1666 1135/1670/1669 1104/1652/1651 1705/1840/1838
f 1705/1840/1838 1279/1642/1641 1276/1668/1667 1592/1667/1666
f 1182/1791/1790 1278/1706/1705 1277/1682/1681 1179/1681/1680
f 1637/1788/1787 1708/1704/1703 1278/1706/1705 1182/1791/1790
f 1648/1756/1755 1711/1666/1665 1276/1668/1667 1172/1728/1727
f 1197/1550/1549 1280/1552/1551 1708/1704/1703 1637/1788/1787
f 1195/1595/1594 1706/1837/1835 1940/1841/1839 1663/1719/1718
f 1663/1719/1718 1940/1841/1839 1704/1727/1726 1147/1720/1719
f 1940/1841/1839 1709/1679/1678 1277/1682/1681 1704/1727/1726
f 1706/1837/1835 1281/1576/1575 1709/1679/1678 1940/1841/1839
f 1202/1562/1561 1707/1580/1579 1941/1842/1840 1670/1651/1650
f 1670/1651/1650 1941/1842/1840 1705/1840/1838 1104/1652/1651
f 1941/1842/1840 1710/1639/1638 1279/1642/1641 1705/1840/1838
f 1707/1580/1579 1282/1579/1578 1710/1639/1638 1941/1842/1840
f 1282/1579/1578 1275/1582/1581 1157/1809/1808 1200/407/407
f 1199/410/410 1283/1578/1577 1711/1666/1665 1648/1756/1755
f 1702/1836/1834 1272/1488/1487 1281/1576/1575 1706/1837/1835
f 1154/1817/1815 1274/1558/1557 1283/1578/1577 1199/410/410
f 1712/1559/1558 1271/1553/1552 1100/1815/1813 1515/1839/1837
f 1196/1572/1571 1630/1702/1701 1573/1431/1430 1149/1434/1433
f 1630/1702/1701 1280/1552/1551 1273/1432/1431 1573/1431/1430
f 1218/1613/1612 1664/1782/1781 1615/1460/1459 1180/1472/1471
f 1515/1839/1837 1043/1805/1804 1267/1192/1191 1712/1559/1558
f 1511/1816/1814 1713/1556/1555 1274/1558/1557 1154/1817/1815
f 1456/1636/1635 1716/1430/1429 1273/1432/1431 1152/1551/1550
f 1100/1815/1813 1271/1553/1552 1713/1556/1555 1511/1816/1814
f 1295/1843/1841 1752/1844/1842 1942/1845/1843 1724/1846/1844
f 1724/1846/1844 1942/1845/1843 1729/1847/1845 1294/1848/1846
f 1942/1845/1843 1734/1849/1847 1289/1850/1848 1729/1847/1845
f 1752/1844/1842 1315/1851/1849 1734/1849/1847 1942/1845/1843
f 1121/1129/1128 1700/1212/1211 1943/1852/1850 1508/1547/1546
f 1508/1547/1546 1943/1852/1850 1702/1836/1834 1146/1548/1547
f 1943/1852/1850 1715/1485/1484 1272/1488/1487 1702/1836/1834
f 1700/1212/1211 1269/1213/1212 1715/1485/1484 1943/1852/1850
f 1006/402/402 1263/1219/1218 1028/1821/1819 1003/866/865
f 1102/1635/1634 1270/1204/1203 1716/1430/1429 1456/1636/1635
f 1010/406/406 1023/404/404 1373/1357/1356 1073/1354/1353
f 1325/1822/1820 1028/1821/1819 1263/1219/1218 1717/1214/1213
f 1718/1210/1209 1266/1180/1179 1046/1799/1798 1519/1798/1797
f 1519/1798/1797 1103/1496/1495 1269/1213/1212 1718/1210/1209
f 1719/1205/1204 1270/1204/1203 1102/1635/1634 1517/1795/1794
f 1517/1795/1794 1044/1794/1793 1268/1209/1208 1719/1205/1204
f 1720/1193/1192 1267/1192/1191 1043/1805/1804 1324/1804/1803
f 1324/1804/1803 1030/1803/1802 1264/1156/1155 1720/1193/1192
f 1721/1176/1175 1262/1170/1169 1029/1825/1823 1328/1835/1833
f 1328/1835/1833 1046/1799/1798 1266/1180/1179 1721/1176/1175
f 1722/1165/1164 1265/1164/1163 1045/1830/1828 1327/1826/1824
f 1327/1826/1824 1029/1825/1823 1262/1170/1169 1722/1165/1164
f 1723/1157/1156 1264/1156/1155 1030/1803/1802 1326/1831/1829
f 1326/1831/1829 1045/1830/1828 1265/1164/1163 1723/1157/1156
f 1703/1581/1580 1158/1481/1480 1291/1480/1479 1779/1853/1851
f 1315/1851/1849 1753/1854/1852 1944/1855/1853 1734/1849/1847
f 1734/1849/1847 1944/1855/1853 1728/1856/1854 1289/1850/1848
f 1944/1855/1853 1701/1857/1855 1312/1858/1856 1728/1856/1854
f 1753/1854/1852 1314/1859/1857 1701/1857/1855 1944/1855/1853
f 1012/874/873 1788/1860/1858 1945/1861/1859 1024/875/874
f 1024/875/874 1945/1861/1859 1789/1516/1515 1013/510/510
f 1945/1861/1859 1725/1862/1860 1313/1521/1520 1789/1516/1515
f 1788/1860/1858 1298/1863/1861 1725/1862/1860 1945/1861/1859
f 1313/1521/1520 1754/1864/1862 1946/1865/1863 1726/1519/1518
f 1726/1519/1518 1946/1865/1863 1727/1866/1864 1293/1520/1519
f 1946/1865/1863 1724/1846/1844 1294/1848/1846 1727/1866/1864
f 1754/1864/1862 1295/1843/1841 1724/1846/1844 1946/1865/1863
f 1297/1867/1865 1732/1868/1866 1947/1869/1867 1464/1870/1868
f 1464/1870/1868 1947/1869/1867 1753/1854/1852 1315/1851/1849
f 1947/1869/1867 1730/1871/1869 1314/1859/1857 1753/1854/1852
f 1732/1868/1866 1296/1872/1870 1730/1871/1869 1947/1869/1867
f 1299/1873/1871 1733/1874/1872 1948/1875/1873 1714/1876/1874
f 1714/1876/1874 1948/1875/1873 1752/1844/1842 1295/1843/1841
f 1948/1875/1873 1464/1870/1868 1315/1851/1849 1752/1844/1842
f 1733/1874/1872 1297/1867/1865 1464/1870/1868 1948/1875/1873
f 1298/1863/1861 1731/1877/1875 1949/1878/1876 1725/1862/1860
f 1725/1862/1860 1949/1878/1876 1754/1864/1862 1313/1521/1520
f 1949/1878/1876 1714/1876/1874 1295/1843/1841 1754/1864/1862
f 1731/1877/1875 1299/1873/1871 1714/1876/1874 1949/1878/1876
f 1301/1879/1877 1744/1880/1878 1950/1881/1879 1738/1882/1880
f 1738/1882/1880 1950/1881/1879 1746/1883/1881 1300/1884/1882
f 1950/1881/1879 1751/1885/1883 1304/1886/1884 1746/1883/1881
f 1744/1880/1878 1309/1887/1885 1751/1885/1883 1950/1881/1879
f 1300/1884/1882 1746/1883/1881 1951/1888/1886 1736/1889/1887
f 1736/1889/1887 1951/1888/1886 1748/1890/1888 1302/1891/1889
f 1951/1888/1886 1749/1892/1890 1311/1893/1891 1748/1890/1888
f 1746/1883/1881 1304/1886/1884 1749/1892/1890 1951/1888/1886
f 1302/1891/1889 1748/1890/1888 1952/1894/1892 1737/1895/1893
f 1737/1895/1893 1952/1894/1892 1739/1896/1894 1303/1897/1895
f 1952/1894/1892 1750/1898/1896 1310/1899/1897 1739/1896/1894
f 1748/1890/1888 1311/1893/1891 1750/1898/1896 1952/1894/1892
f 1309/1887/1885 1743/1900/1898 1953/1901/1899 1751/1885/1883
f 1751/1885/1883 1953/1901/1899 1745/1902/1900 1304/1886/1884
f 1953/1901/1899 1742/1903/1901 1305/1904/1902 1745/1902/1900
f 1743/1900/1898 1306/1905/1903 1742/1903/1901 1953/1901/1899
f 1015/922/921 1025/925/924 1954/1906/1904 1791/1907/1905
f 1791/1907/1905 1954/1906/1904 1744/1880/1878 1301/1879/1877
f 1954/1906/1904 1790/1908/1906 1309/1887/1885 1744/1880/1878
f 1025/925/924 1014/927/926 1790/1908/1906 1954/1906/1904
f 1311/1893/1891 1735/1909/1907 1955/1910/1908 1750/1898/1896
f 1750/1898/1896 1955/1910/1908 1747/1911/1909 1310/1899/1897
f 1955/1910/1908 1741/1912/1910 1308/1913/1911 1747/1911/1909
f 1735/1909/1907 1307/1914/1912 1741/1912/1910 1955/1910/1908
f 1304/1886/1884 1745/1902/1900 1956/1915/1913 1749/1892/1890
f 1749/1892/1890 1956/1915/1913 1735/1909/1907 1311/1893/1891
f 1956/1915/1913 1740/1916/1914 1307/1914/1912 1735/1909/1907
f 1745/1902/1900 1305/1904/1902 1740/1916/1914 1956/1915/1913
f 1014/927/926 1026/937/936 1957/1917/1915 1790/1908/1906
f 1790/1908/1906 1957/1917/1915 1743/1900/1898 1309/1887/1885
f 1957/1917/1915 1792/1918/1916 1306/1905/1903 1743/1900/1898
f 1026/937/936 1016/939/938 1792/1918/1916 1957/1917/1915
f 1307/1914/1912 1740/1916/1914 1958/1919/1917 1756/1920/1918
f 1756/1920/1918 1958/1919/1917 1729/1847/1845 1289/1850/1848
f 1958/1919/1917 1755/1921/1919 1294/1848/1846 1729/1847/1845
f 1740/1916/1914 1305/1904/1902 1755/1921/1919 1958/1919/1917
f 325/943/942 1015/922/921 1791/1907/1905 1959/1922/1920
f 325/943/942 1959/1922/1920 1794/1923/1921 23/945/944
f 1959/1922/1920 1758/1924/1922 1323/1925/1923 1794/1923/1921
f 1791/1907/1905 1301/1879/1877 1758/1924/1922 1959/1922/1920
f 1308/1913/1911 1741/1912/1910 1960/1926/1924 1759/1927/1925
f 1759/1927/1925 1960/1926/1924 1728/1856/1854 1312/1858/1856
f 1960/1926/1924 1756/1920/1918 1289/1850/1848 1728/1856/1854
f 1741/1912/1910 1307/1914/1912 1756/1920/1918 1960/1926/1924
f 1310/1899/1897 1747/1911/1909 1961/1928/1926 1760/1929/1927
f 1760/1929/1927 1961/1928/1926 1701/1857/1855 1314/1859/1857
f 1961/1928/1926 1759/1927/1925 1312/1858/1856 1701/1857/1855
f 1747/1911/1909 1308/1913/1911 1759/1927/1925 1961/1928/1926
f 1296/1872/1870 1732/1868/1866 1962/1930/1928 1774/1931/1929
f 1774/1931/1929 1962/1930/1928 1765/1932/1930 1318/1933/1931
f 1962/1930/1928 1757/1934/1932 1319/1935/1933 1765/1932/1930
f 1732/1868/1866 1297/1867/1865 1757/1934/1932 1962/1930/1928
f 1305/1904/1902 1742/1903/1901 1963/1936/1934 1755/1921/1919
f 1755/1921/1919 1963/1936/1934 1727/1866/1864 1294/1848/1846
f 1963/1936/1934 1762/1937/1935 1293/1520/1519 1727/1866/1864
f 1742/1903/1901 1306/1905/1903 1762/1937/1935 1963/1936/1934
f 1303/1897/1895 1739/1896/1894 1964/1938/1936 1763/1939/1937
f 1763/1939/1937 1964/1938/1936 1730/1871/1869 1296/1872/1870
f 1964/1938/1936 1760/1929/1927 1314/1859/1857 1730/1871/1869
f 1739/1896/1894 1310/1899/1897 1760/1929/1927 1964/1938/1936
f 1301/1879/1877 1738/1882/1880 1965/1940/1938 1758/1924/1922
f 1758/1924/1922 1965/1940/1938 1769/1941/1939 1323/1925/1923
f 1965/1940/1938 1761/1942/1940 1321/1943/1941 1769/1941/1939
f 1738/1882/1880 1300/1884/1882 1761/1942/1940 1965/1940/1938
f 1323/1925/1923 1769/1941/1939 1966/1944/1942 1771/1945/1943
f 1771/1945/1943 1966/1944/1942 1764/1946/1944 1316/1947/1945
f 1966/1944/1942 1770/1948/1946 1317/1949/1947 1764/1946/1944
f 1769/1941/1939 1321/1943/1941 1770/1948/1946 1966/1944/1942
f 23/945/944 1794/1923/1921 1967/1950/1948 324/973/972
f 324/973/972 1967/1950/1948 1793/1951/1949 22/975/974
f 1967/1950/1948 1771/1945/1943 1316/1947/1945 1793/1951/1949
f 1794/1923/1921 1323/1925/1923 1771/1945/1943 1967/1950/1948
f 1321/1943/1941 1767/1952/1950 1968/1953/1951 1770/1948/1946
f 1770/1948/1946 1968/1953/1951 1766/1954/1952 1317/1949/1947
f 1968/1953/1951 1772/1955/1953 1319/1935/1933 1766/1954/1952
f 1767/1952/1950 1320/1956/1954 1772/1955/1953 1968/1953/1951
f 1320/1956/1954 1768/1957/1955 1969/1958/1956 1772/1955/1953
f 1772/1955/1953 1969/1958/1956 1765/1932/1930 1319/1935/1933
f 1969/1958/1956 1773/1959/1957 1318/1933/1931 1765/1932/1930
f 1768/1957/1955 1322/1960/1958 1773/1959/1957 1969/1958/1956
f 1297/1867/1865 1733/1874/1872 1970/1961/1959 1757/1934/1932
f 1757/1934/1932 1970/1961/1959 1766/1954/1952 1319/1935/1933
f 1970/1961/1959 1775/1962/1960 1317/1949/1947 1766/1954/1952
f 1733/1874/1872 1299/1873/1871 1775/1962/1960 1970/1961/1959
f 1303/1897/1895 1763/1939/1937 1971/1963/1961 1776/1964/1962
f 1776/1964/1962 1971/1963/1961 1773/1959/1957 1322/1960/1958
f 1971/1963/1961 1774/1931/1929 1318/1933/1931 1773/1959/1957
f 1763/1939/1937 1296/1872/1870 1774/1931/1929 1971/1963/1961
f 1300/1884/1882 1736/1889/1887 1972/1965/1963 1761/1942/1940
f 1761/1942/1940 1972/1965/1963 1767/1952/1950 1321/1943/1941
f 1972/1965/1963 1777/1966/1964 1320/1956/1954 1767/1952/1950
f 1736/1889/1887 1302/1891/1889 1777/1966/1964 1972/1965/1963
f 1302/1891/1889 1737/1895/1893 1973/1967/1965 1777/1966/1964
f 1777/1966/1964 1973/1967/1965 1768/1957/1955 1320/1956/1954
f 1973/1967/1965 1776/1964/1962 1322/1960/1958 1768/1957/1955
f 1737/1895/1893 1303/1897/1895 1776/1964/1962 1973/1967/1965
f 1299/1873/1871 1731/1877/1875 1974/1968/1966 1775/1962/1960
f 1775/1962/1960 1974/1968/1966 1764/1946/1944 1317/1949/1947
f 1974/1968/1966 1778/1969/1967 1316/1947/1945 1764/1946/1944
f 1731/1877/1875 1298/1863/1861 1778/1969/1967 1974/1968/1966
f 1779/1853/1851 1157/1809/1808 1275/1582/1581 1703/1581/1580
f 161/647/647 615/646/646 620/676/676 158/675/675
f 1298/1863/1861 1788/1860/1858 1975/1970/1968 1778/1969/1967
f 1778/1969/1967 1975/1970/1968 1793/1951/1949 1316/1947/1945
f 1975/1970/1968 326/1000/999 22/975/974 1793/1951/1949
f 1306/1905/1903 1792/1918/1916 1976/1971/1969 1762/1937/1935
f 1762/1937/1935 1976/1971/1969 1787/1518/1517 1293/1520/1519
f 1664/1782/1781 20/791/791 18/453/453 1615/1460/1459
f 1062/1294/1293 1355/1293/1292 1977/1972/1970 1554/1415/1414
f 1554/1415/1414 1977/1972/1970 327/1003/1002 17/391/391
f 1977/1972/1970 1550/1973/1971 16/1004/1003 327/1003/1002
f 1355/1293/1292 1038/1296/1295 1550/1973/1971 1977/1972/1970
f 1038/1296/1295 1358/1318/1317 1978/1974/1972 1550/1973/1971
f 1550/1973/1971 1978/1974/1972 328/1007/1006 16/1004/1003
f 1978/1974/1972 1540/1975/1973 14/1008/1007 328/1007/1006
f 1358/1318/1317 1065/1320/1319 1540/1975/1973 1978/1974/1972
f 1114/1249/1248 1541/1248/1247 1979/1976/1974 1783/1977/1975
f 1783/1977/1975 1979/1976/1974 329/1013/1012 13/1012/1011
f 1979/1976/1974 1784/1978/1976 15/1014/1013 329/1013/1012
f 1541/1248/1247 1063/1251/1250 1784/1978/1976 1979/1976/1974
f 1114/1249/1248 1783/1977/1975 1980/1979/1977 1453/1638/1637
f 1453/1638/1637 1980/1979/1977 1785/1604/1603 1171/1606/1605
f 1980/1979/1977 330/1017/1016 19/602/602 1785/1604/1603
f 1783/1977/1975 13/1012/1011 330/1017/1016 1980/1979/1977
f 1065/1320/1319 1538/1408/1407 1981/1980/1978 1540/1975/1973
f 1540/1975/1973 1981/1980/1978 331/1019/1018 14/1008/1007
f 1981/1980/1978 1512/1461/1460 12/452/452 331/1019/1018
f 1538/1408/1407 1113/1410/1409 1512/1461/1460 1981/1980/1978
f 1211/1605/1604 1786/1603/1602 1982/1981/1979 1643/1758/1757
f 1643/1758/1757 1982/1981/1979 1782/1730/1729 1231/1729/1728
f 1982/1981/1979 332/1022/1021 11/1021/1020 1782/1730/1729
f 1786/1603/1602 21/601/601 332/1022/1021 1982/1981/1979
f 1243/1699/1698 1462/1698/1697 1983/1731/1730 1781/1755/1754
f 10/762/762 1781/1755/1754 1983/1731/1730 333/1027/1026
f 11/1021/1020 333/1027/1026 1983/1731/1730 1782/1730/1729
f 1075/1242/1241 1375/1356/1355 1984/1982/1980 1422/1418/1417
f 1422/1418/1417 1984/1982/1980 1423/1983/1981 1092/1252/1251
f 1984/1982/1980 336/1031/1030 8/1030/1029 1423/1983/1981
f 1375/1356/1355 3/325/325 336/1031/1030 1984/1982/1980
f 1092/1252/1251 1423/1983/1981 1985/1984/1982 1424/1250/1249
f 1424/1250/1249 1985/1984/1982 1780/1985/1983 1063/1251/1250
f 1985/1984/1982 337/1035/1034 7/1034/1033 1780/1985/1983
f 1423/1983/1981 8/1030/1029 337/1035/1034 1985/1984/1982
f 1063/1251/1250 1780/1985/1983 1986/1986/1984 1784/1978/1976
f 15/1014/1013 1784/1978/1976 1986/1986/1984 338/1037/1036
f 7/1034/1033 338/1037/1036 1986/1986/1984 1780/1985/1983
f 1005/1038/1037 1003/866/865 1028/1821/1819 1244/1820/1818
f 1792/1918/1916 1016/939/938 1027/1039/1038 1976/1971/1969
f 1976/1971/1969 1027/1039/1038 1011/514/514 1787/1518/1517
f 1788/1860/1858 1012/874/873 326/1000/999 1975/1970/1968
f 257/844/843 196/687/687 195/765/765 256/834/833
f 1988/1987/1985 1995/1988/1986 2045/1989/1987 2039/1990/1988
f 2041/1991/1989 2047/1992/1990 1998/1993/1991 1991/1994/1992
f 1992/1995/1993 1999/1996/1994 2043/1997/1995 2037/1998/1996
f 2039/1990/1988 2045/1989/1987 2000/1999/1997 1993/2000/1998
f 2000/1999/1997 2048/2001/1999 2042/2002/2000 1993/2000/1998
f 2037/1998/1996 2043/1997/1995 1997/2003/2001 1990/2004/2002
f 1996/2005/2003 2046/2006/2004 2040/2007/2005 1989/2008/2006
f 2042/2002/2000 2048/2001/1999 1996/2005/2003 1989/2008/2006
f 1998/1993/1991 2044/2009/2007 2038/2010/2008 1991/1994/1992
f 2040/2007/2005 2046/2006/2004 1999/1996/1994 1992/1995/1993
f 2024/2011/2009 2083/2012/2010 2077/2013/2011 2019/2014/2012
f 2038/2010/2008 2044/2009/2007 1994/2015/2013 1987/2016/2014
f 1995/1988/1986 2002/2017/2015 2051/2018/2016 2045/1989/1987
f 2047/1992/1990 2053/2019/2017 2005/2020/2018 1998/1993/1991
f 1999/1996/1994 2006/2021/2019 2049/2022/2020 2043/1997/1995
f 2045/1989/1987 2051/2018/2016 2007/2023/2021 2000/1999/1997
f 2007/2023/2021 2054/2024/2022 2048/2001/1999 2000/1999/1997
f 2043/1997/1995 2049/2022/2020 2004/2025/2023 1997/2003/2001
f 2003/2026/2024 2052/2027/2025 2046/2006/2004 1996/2005/2003
f 2048/2001/1999 2054/2024/2022 2003/2026/2024 1996/2005/2003
f 2005/2020/2018 2050/2028/2026 2044/2009/2007 1998/1993/1991
f 2046/2006/2004 2052/2027/2025 2006/2021/2019 1999/1996/1994
f 2029/2029/2027 2089/2030/2028 2083/2012/2010 2024/2011/2009
f 2044/2009/2007 2050/2028/2026 2001/2031/2029 1994/2015/2013
f 2005/2020/2018 2053/2019/2017 2104/2032/2030 2062/2033/2031
f 2053/2019/2017 2004/2025/2023 2061/2034/2032 2104/2032/2030
f 2104/2032/2030 2061/2034/2032 2011/2035/2033 2059/2036/2034
f 2062/2033/2031 2104/2032/2030 2059/2036/2034 2012/2037/2035
f 2007/2023/2021 2051/2018/2016 2105/2038/2036 2064/2039/2037
f 2051/2018/2016 2002/2017/2015 2063/2040/2038 2105/2038/2036
f 2105/2038/2036 2063/2040/2038 2009/2041/2039 2057/2042/2040
f 2064/2039/2037 2105/2038/2036 2057/2042/2040 2014/2043/2041
f 2004/2025/2023 2049/2022/2020 2106/2044/2042 2061/2034/2032
f 2049/2022/2020 2006/2021/2019 2065/2045/2043 2106/2044/2042
f 2106/2044/2042 2065/2045/2043 2013/2046/2044 2055/2047/2045
f 2061/2034/2032 2106/2044/2042 2055/2047/2045 2011/2035/2033
f 2003/2026/2024 2054/2024/2022 2107/2048/2046 2066/2049/2047
f 2054/2024/2022 2007/2023/2021 2064/2039/2037 2107/2048/2046
f 2107/2048/2046 2064/2039/2037 2014/2043/2041 2060/2050/2048
f 2066/2049/2047 2107/2048/2046 2060/2050/2048 2010/2051/2049
f 2006/2021/2019 2052/2027/2025 2108/2052/2050 2065/2045/2043
f 2052/2027/2025 2003/2026/2024 2066/2049/2047 2108/2052/2050
f 2108/2052/2050 2066/2049/2047 2010/2051/2049 2058/2053/2051
f 2065/2045/2043 2108/2052/2050 2058/2053/2051 2013/2046/2044
f 2001/2031/2029 2050/2028/2026 2109/2054/2052 2067/2055/2053
f 2050/2028/2026 2005/2020/2018 2062/2033/2031 2109/2054/2052
f 2109/2054/2052 2062/2033/2031 2012/2037/2035 2056/2056/2054
f 2067/2055/2053 2109/2054/2052 2056/2056/2054 2008/2057/2055
f 2011/2035/2033 2055/2047/2045 2110/2058/2056 2070/2059/2057
f 2055/2047/2045 2013/2046/2044 2069/2060/2058 2110/2058/2056
f 2110/2058/2056 2069/2060/2058 2016/2061/2059 2068/2062/2060
f 2070/2059/2057 2110/2058/2056 2068/2062/2060 2015/2063/2061
f 2012/2037/2035 2059/2036/2034 2111/2064/2062 2056/2056/2054
f 2059/2036/2034 2011/2035/2033 2070/2059/2057 2111/2064/2062
f 2111/2064/2062 2070/2059/2057 2015/2063/2061 2071/2065/2063
f 2056/2056/2054 2111/2064/2062 2071/2065/2063 2008/2057/2055
f 2009/2041/2039 2072/2066/2064 2112/2067/2065 2057/2042/2040
f 2016/2061/2059 2069/2060/2058 2112/2067/2065 2072/2066/2064
f 2013/2046/2044 2058/2053/2051 2112/2067/2065 2069/2060/2058
f 2010/2051/2049 2060/2050/2048 2112/2067/2065 2058/2053/2051
f 2014/2043/2041 2057/2042/2040 2112/2067/2065 2060/2050/2048
f 2077/2013/2011 2083/2012/2010 2023/2068/2066 2018/2069/2067
f 2026/2070/2068 2081/2071/2069 2075/2072/2070 2021/2073/2071
f 2075/2072/2070 2081/2071/2069 1995/1988/1986 1988/1987/1985
f 2018/2069/2067 2023/2068/2066 2079/2074/2072 2073/2075/2073
f 2073/2075/2073 2079/2074/2072 2025/2076/2074 2020/2077/2075
f 2022/2078/2076 2084/2079/2077 2078/2080/2078 2017/2081/2079
f 2078/2080/2078 2084/2079/2077 2026/2070/2068 2021/2073/2071
f 2020/2077/2075 2025/2076/2074 2082/2082/2080 2076/2083/2081
f 2076/2083/2081 2082/2082/2080 2022/2078/2076 2017/2081/2079
f 1994/2015/2013 2080/2084/2082 2074/2085/2083 1987/2016/2014
f 2074/2085/2083 2080/2084/2082 2024/2011/2009 2019/2014/2012
f 2083/2012/2010 2089/2030/2028 2028/2086/2084 2023/2068/2066
f 2031/2087/2085 2087/2088/2086 2081/2071/2069 2026/2070/2068
f 2081/2071/2069 2087/2088/2086 2002/2017/2015 1995/1988/1986
f 2023/2068/2066 2028/2086/2084 2085/2089/2087 2079/2074/2072
f 2079/2074/2072 2085/2089/2087 2030/2090/2088 2025/2076/2074
f 2027/2091/2089 2090/2092/2090 2084/2079/2077 2022/2078/2076
f 2084/2079/2077 2090/2092/2090 2031/2087/2085 2026/2070/2068
f 2025/2076/2074 2030/2090/2088 2088/2093/2091 2082/2082/2080
f 2082/2082/2080 2088/2093/2091 2027/2091/2089 2022/2078/2076
f 2001/2031/2029 2086/2094/2092 2080/2084/2082 1994/2015/2013
f 2080/2084/2082 2086/2094/2092 2029/2029/2027 2024/2011/2009
f 1990/2004/2002 1997/2003/2001 2047/1992/1990 2041/1991/1989
f 2029/2029/2027 2098/2095/2093 2113/2096/2094 2089/2030/2028
f 2098/2095/2093 2034/2097/2095 2095/2098/2096 2113/2096/2094
f 2113/2096/2094 2095/2098/2096 2033/2099/2097 2097/2100/2098
f 2089/2030/2028 2113/2096/2094 2097/2100/2098 2028/2086/2084
f 2031/2087/2085 2099/2101/2099 2114/2102/2100 2087/2088/2086
f 2099/2101/2099 2036/2103/2101 2093/2104/2102 2114/2102/2100
f 2114/2102/2100 2093/2104/2102 2009/2041/2039 2063/2040/2038
f 2087/2088/2086 2114/2102/2100 2063/2040/2038 2002/2017/2015
f 2028/2086/2084 2097/2100/2098 2115/2105/2103 2085/2089/2087
f 2097/2100/2098 2033/2099/2097 2091/2106/2104 2115/2105/2103
f 2115/2105/2103 2091/2106/2104 2035/2107/2105 2100/2108/2106
f 2085/2089/2087 2115/2105/2103 2100/2108/2106 2030/2090/2088
f 2027/2091/2089 2101/2109/2107 2116/2110/2108 2090/2092/2090
f 2101/2109/2107 2032/2111/2109 2096/2112/2110 2116/2110/2108
f 2116/2110/2108 2096/2112/2110 2036/2103/2101 2099/2101/2099
f 2090/2092/2090 2116/2110/2108 2099/2101/2099 2031/2087/2085
f 2030/2090/2088 2100/2108/2106 2117/2113/2111 2088/2093/2091
f 2100/2108/2106 2035/2107/2105 2094/2114/2112 2117/2113/2111
f 2117/2113/2111 2094/2114/2112 2032/2111/2109 2101/2109/2107
f 2088/2093/2091 2117/2113/2111 2101/2109/2107 2027/2091/2089
f 2001/2031/2029 2067/2055/2053 2118/2115/2113 2086/2094/2092
f 2067/2055/2053 2008/2057/2055 2092/2116/2114 2118/2115/2113
f 2118/2115/2113 2092/2116/2114 2034/2097/2095 2098/2095/2093
f 2086/2094/2092 2118/2115/2113 2098/2095/2093 2029/2029/2027
f 2033/2099/2097 2103/2117/2115 2119/2118/2116 2091/2106/2104
f 2103/2117/2115 2015/2063/2061 2068/2062/2060 2119/2118/2116
f 2119/2118/2116 2068/2062/2060 2016/2061/2059 2102/2119/2117
f 2091/2106/2104 2119/2118/2116 2102/2119/2117 2035/2107/2105
f 2034/2097/2095 2092/2116/2114 2120/2120/2118 2095/2098/2096
f 2092/2116/2114 2008/2057/2055 2071/2065/2063 2120/2120/2118
f 2120/2120/2118 2071/2065/2063 2015/2063/2061 2103/2117/2115
f 2095/2098/2096 2120/2120/2118 2103/2117/2115 2033/2099/2097
f 2009/2041/2039 2093/2104/2102 2121/2121/2119 2072/2066/2064
f 2036/2103/2101 2096/2112/2110 2121/2121/2119 2093/2104/2102
f 2032/2111/2109 2094/2114/2112 2121/2121/2119 2096/2112/2110
f 2035/2107/2105 2102/2119/2117 2121/2121/2119 2094/2114/2112
f 2016/2061/2059 2072/2066/2064 2121/2121/2119 2102/2119/2117
f 1997/2003/2001 2004/2025/2023 2053/2019/2017 2047/1992/1990
o print
v 0.550554 15.265261 12.688948
v 0.550554 1.058936 19.393391
v 0.550554 7.948661 16.693132
v 0.550555 11.446714 14.995924
v 0.550554 4.518314 18.254763
v 0.550554 0.749037 18.802498
v 0.550554 1.807863 19.466120
v 0.550555 14.391748 13.290487
v -8.979399 -1.581051 16.695826
v -7.728284 11.866266 10.493858
v -8.733029 5.393630 13.936029
v -4.637243 0.268466 18.946779
v -11.979723 -3.448136 12.718065
v -3.981544 13.603348 12.605917
v -10.512699 9.923801 7.721654
v -8.955637 1.891120 15.390129
v -8.274511 8.899639 12.287200
v -4.552429 7.182968 16.079489
v -11.451742 3.527414 10.363644
v -10.822081 7.240632 9.147772
v -4.316224 10.649061 14.374289
v -4.644645 3.758852 17.624268
v -11.861774 -0.094765 11.567853
v -13.510221 -4.817424 8.439635
v -10.789394 9.534523 5.009783
v -12.712141 2.333185 6.910352
v -11.840730 6.597905 6.380821
v -13.294927 -1.497365 7.624296
v -13.985355 -4.814951 7.365315
v -8.768500 -1.736194 16.174337
v -4.546625 0.039693 18.360899
v -11.686533 -3.540802 12.288934
v -13.177072 -4.858440 8.156108
v -9.014474 -0.875875 16.518566
v -4.656207 1.008981 18.827076
v -12.014922 -2.808015 12.551920
v -13.557882 -4.220135 8.316545
v -3.882482 14.446835 11.991219
v -7.519198 12.724451 9.888809
v -10.401203 10.748085 6.805406
v -11.904255 6.868545 5.514168
v -12.976535 2.104558 6.101144
v -13.812481 -5.124512 7.431865
v -13.615777 -1.796217 6.711784
v -13.499552 -5.140971 7.170885
v 0.550554 2.961490 18.978212
v 0.550555 13.122576 14.048538
v 0.550555 9.698242 15.879858
v 0.550554 6.209912 17.481222
v 0.550554 1.257836 19.564291
v -2.100634 0.849160 19.323328
v -6.953567 -0.593597 18.066673
v -10.661590 -2.547105 14.896406
v -1.729652 15.038715 12.520859
v -5.808396 13.625061 11.086199
v -9.040079 11.823936 8.505102
v -8.870828 3.625024 14.677956
v -9.014977 -1.419521 16.728777
v -7.972739 10.591557 11.302675
v -8.534652 7.149060 13.161661
v -6.802703 6.357680 15.211618
v -10.284618 4.417935 12.277918
v -11.136789 5.415279 9.768919
v -10.596105 8.838557 8.457922
v -9.744242 8.007132 10.778740
v -4.457107 8.912925 15.268101
v -6.448149 9.825663 13.509630
v -4.134638 12.330833 13.396662
v -1.945470 11.228659 14.852486
v -4.655694 2.182730 18.323084
v -6.952942 2.902516 16.721970
v -4.612586 5.454834 16.864323
v -2.106637 4.320119 18.111410
v -11.962910 -1.672070 12.130806
v -11.695321 1.669935 10.966448
v -10.596305 0.866439 13.644938
v -12.502791 4.369280 5.788298
v -11.378710 8.309900 5.223294
v -13.338220 0.050772 6.398890
v -13.892011 -5.084756 7.440638
v -12.925985 -4.245515 10.335942
v -12.754341 -0.921064 9.358559
v -11.490947 6.723274 7.600973
v -10.711661 10.009083 5.689364
v -12.248108 2.808096 8.411999
v -2.059009 0.567255 18.730762
v -6.802880 -0.780735 17.507858
v -10.402456 -2.670722 14.413038
v -12.610984 -4.310082 9.986523
v -8.998079 0.297476 16.039936
v -4.653296 0.453200 19.019239
v -12.027478 -3.317241 12.739889
v -10.698088 -1.874224 14.722443
v -12.961884 -3.629598 10.187067
v -6.982045 0.133913 17.893764
v -11.324383 8.782982 6.026163
v -1.778346 14.176998 13.127012
v -5.960873 12.784609 11.704571
v -9.288967 10.942150 9.099036
v -12.282323 4.488048 6.570653
v -13.575068 -4.710822 8.453794
v -13.049095 0.325356 7.263160
v -13.463862 -3.090719 8.007929
v -11.313540 8.440578 6.762965
v -13.835211 -3.438263 7.073525
v -2.062911 7.743565 16.552322
v -2.109987 1.596231 19.323475
v -10.029932 6.221174 11.572535
v -9.476402 9.697861 9.869537
v -12.544761 0.872200 8.882579
v -2.015759 9.484905 15.739332
v -6.657223 8.090329 14.407450
v -6.183321 11.510624 12.514708
v -1.854718 12.906643 13.895531
v -2.110785 2.757244 18.827831
v -6.976189 1.313443 17.397446
v -6.898210 4.616061 15.982397
v -2.091959 6.011013 17.340767
v -12.889192 -2.501915 9.826027
v -10.665602 -0.719247 14.264698
v -11.870273 4.825047 7.957821
v -10.473104 2.614316 12.969656
v -11.196680 8.969994 5.641516
v -10.704141 -2.400859 14.924557
v -12.979385 -4.127371 10.350474
v -6.979656 -0.419585 18.107838
v -2.108135 1.043605 19.457666
v -11.198599 8.096478 7.467737
v 10.080507 -1.581052 16.695826
v 8.829392 11.866266 10.493858
v 9.834138 5.393630 13.936029
v 5.738352 0.268466 18.946779
v 13.080832 -3.448137 12.718063
v 5.082654 13.603348 12.605917
v 11.613808 9.923801 7.721653
v 10.056746 1.891120 15.390129
v 9.375620 8.899639 12.287199
v 5.653538 7.182968 16.079489
v 12.552851 3.527412 10.363642
v 11.923189 7.240630 9.147772
v 5.417334 10.649061 14.374289
v 5.745753 3.758852 17.624268
v 12.962883 -0.094766 11.567852
v 14.611327 -4.817426 8.439634
v 11.890502 9.534527 5.009784
v 13.813250 2.333183 6.910351
v 12.941838 6.597903 6.380819
v 14.396033 -1.497365 7.624294
v 15.086462 -4.814952 7.365314
v 9.869609 -1.736195 16.174337
v 5.647734 0.039693 18.360899
v 12.787642 -3.540803 12.288933
v 14.278178 -4.858442 8.156107
v 10.115582 -0.875876 16.518566
v 5.757315 1.008981 18.827076
v 13.116031 -2.808016 12.551918
v 14.658989 -4.220137 8.316544
v 4.983592 14.446833 11.991219
v 8.620301 12.724438 9.888807
v 11.502312 10.748085 6.805405
v 13.005363 6.868543 5.514167
v 14.077644 2.104556 6.101143
v 14.913588 -5.124513 7.431863
v 14.716884 -1.796218 6.711783
v 14.600658 -5.140972 7.170884
v 3.201743 0.849160 19.323328
v 8.054675 -0.593598 18.066673
v 11.762698 -2.547106 14.896404
v 2.830761 15.038715 12.520859
v 6.909491 13.625023 11.086193
v 10.141188 11.823936 8.505100
v 9.971936 3.625024 14.677956
v 10.116086 -1.419522 16.728777
v 9.073848 10.591557 11.302675
v 9.635760 7.149060 13.161661
v 7.903811 6.357680 15.211618
v 11.385727 4.417935 12.277917
v 12.237898 5.415277 9.768917
v 11.697213 8.838555 8.457921
v 10.845350 8.007132 10.778738
v 5.558216 8.912925 15.268101
v 7.549257 9.825663 13.509630
v 5.235747 12.330833 13.396662
v 3.046579 11.228659 14.852486
v 5.756802 2.182730 18.323084
v 8.054050 2.902516 16.721970
v 5.713694 5.454834 16.864323
v 3.207746 4.320119 18.111410
v 13.064018 -1.672071 12.130804
v 12.796430 1.669933 10.966447
v 11.697413 0.866438 13.644936
v 13.603900 4.369278 5.788296
v 12.479818 8.309898 5.223293
v 14.439326 0.050771 6.398890
v 14.993117 -5.084757 7.440637
v 14.027092 -4.245516 10.335941
v 13.855448 -0.921065 9.358557
v 12.592055 6.723272 7.600972
v 11.812770 10.009083 5.689363
v 13.349216 2.808094 8.411998
v 3.160118 0.567255 18.730762
v 7.903989 -0.780736 17.507858
v 11.503565 -2.670723 14.413036
v 13.712090 -4.310083 9.986523
v 10.099188 0.297475 16.039936
v 5.754404 0.453200 19.019239
v 13.128587 -3.317242 12.739887
v 11.799196 -1.874225 14.722441
v 14.062991 -3.629599 10.187066
v 8.083153 0.133912 17.893764
v 12.425491 8.782980 6.026162
v 2.879455 14.176998 13.127012
v 7.061981 12.784609 11.704569
v 10.390076 10.942150 9.099035
v 13.383431 4.488046 6.570652
v 14.676174 -4.710823 8.453793
v 14.150202 0.325355 7.263159
v 14.564969 -3.090720 8.007927
v 12.414649 8.440577 6.762964
v 14.936317 -3.438265 7.073524
v 3.164020 7.743565 16.552322
v 3.211095 1.596231 19.323475
v 11.131041 6.221174 11.572534
v 10.577511 9.697861 9.869537
v 13.645869 0.872200 8.882578
v 3.116868 9.484905 15.739332
v 7.758331 8.090329 14.407450
v 7.284430 11.510624 12.514708
v 2.955827 12.906643 13.895531
v 3.211894 2.757244 18.827831
v 8.077297 1.313443 17.397446
v 7.999318 4.616061 15.982397
v 3.193068 6.011013 17.340767
v 13.990298 -2.501915 9.826027
v 11.766710 -0.719248 14.264696
v 12.971381 4.825045 7.957820
v 11.574212 2.614314 12.969654
v 12.297789 8.969992 5.641515
v 11.805249 -2.400860 14.924555
v 14.080492 -4.127372 10.350473
v 8.080765 -0.419586 18.107838
v 3.209244 1.043605 19.457666
v 12.299707 8.096477 7.467736
v 0.550554 2.384677 19.222166
v 0.550554 3.739902 18.616486
v 0.550555 12.284645 14.522232
v 0.550555 13.757164 13.669512
v 0.550554 8.823451 16.286495
v 0.550555 10.572477 15.437891
v 0.550554 5.364114 17.867992
v 0.550554 7.079286 17.087177
v 0.550555 14.828505 12.989717
v 0.550554 0.903986 19.097944
v 0.550554 1.158386 19.478842
v 0.550554 1.532850 19.515205
v -0.775040 0.954048 19.358358
v -3.368939 0.558814 19.135054
v -5.795405 -0.162565 18.506725
v -7.966482 -1.087324 17.381248
v -9.820495 -2.064078 15.796116
v -11.320657 -2.997621 13.807236
v -0.589549 15.151987 12.604904
v -2.806067 14.742775 12.256039
v -4.845439 14.035948 11.538708
v -6.663797 13.174757 10.487503
v -8.279638 12.274195 9.196956
v -9.720641 11.286011 7.655254
v -8.801929 4.509327 14.306993
v -8.913232 2.758072 15.034042
v -9.014726 -1.147698 16.623671
v -8.997188 -1.500286 16.712301
v -7.850513 11.228910 10.898268
v -8.123626 9.745598 11.794939
v -8.404581 8.024349 12.724430
v -8.633841 6.271345 13.548845
v -7.767866 5.875654 14.573824
v -5.677566 6.770324 15.645554
v -10.868180 3.972676 11.320781
v -9.508824 4.905782 13.106974
v -11.294266 4.471348 10.066280
v -10.979435 6.327956 9.458345
v -10.554402 9.381178 8.089788
v -10.709092 8.039595 8.802847
v -9.009377 8.453385 11.532970
v -10.283161 7.623881 9.963256
v -4.504768 8.047946 15.673794
v -4.386666 9.780994 14.821196
v -7.361331 9.362650 12.898415
v -5.382187 10.237362 13.941959
v -4.058091 12.967091 13.001289
v -4.225431 11.489946 13.885475
v -0.697457 11.337687 14.924204
v -3.130847 10.938860 14.613388
v -4.655950 1.595856 18.575081
v -4.650169 2.970791 17.973675
v -7.954289 2.396818 16.056049
v -5.798793 3.330684 17.173119
v -4.582507 6.318901 16.471907
v -4.628615 4.606843 17.244293
v -0.778041 4.419216 18.183086
v -3.375641 4.039485 17.867840
v -11.988917 -2.240042 12.341364
v -11.912343 -0.883417 11.849329
v -11.573533 2.598675 10.665045
v -11.778548 0.787584 11.267150
v -9.775971 1.378779 14.517532
v -11.229040 0.385837 12.606396
v -12.203523 5.618913 5.651233
v -12.739662 3.236918 5.944721
v -11.084052 8.922213 5.116538
v -11.641483 7.589223 5.368731
v -13.157377 1.077665 6.250017
v -13.476999 -0.872723 6.555338
v -13.938684 -4.949853 7.402977
v -13.852246 -5.104634 7.436251
v -12.452855 -3.846826 11.527004
v -13.218102 -4.531470 9.387789
v -13.024633 -1.209214 8.491426
v -12.308057 -0.507915 10.463205
v -11.156513 6.981955 8.374372
v -11.665838 6.660591 6.990897
v -10.750527 9.771803 5.349573
v -10.556432 10.378584 6.247385
v -12.480125 2.570641 7.661176
v -11.849926 3.167755 9.387821
v -0.754228 0.658146 18.766630
v -3.302817 0.303474 18.545830
v -5.674752 -0.370521 17.934378
v -7.785690 -1.258465 16.841097
v -9.585479 -2.203458 15.293688
v -11.044495 -3.105762 13.350986
v -12.148759 -3.925442 11.137728
v -12.894028 -4.584261 9.071316
v -13.656015 -5.132741 7.301375
v -11.833128 -3.494469 12.503500
v -4.591934 0.154080 18.653839
v -8.873949 -1.658623 16.435081
v -8.976858 1.094298 15.715033
v -9.006276 -0.289200 16.279253
v -4.645269 0.360833 18.983009
v -4.654751 0.731091 18.923159
v -12.003600 -3.382689 12.728977
v -12.021200 -3.062628 12.645905
v -11.356504 -2.341120 13.637180
v -9.856281 -1.375050 15.620504
v -13.259884 -3.924867 9.251806
v -12.488404 -3.218807 11.369493
v -7.998260 -0.370981 17.206165
v -5.819126 0.571447 18.360420
v -11.614320 7.825764 5.770165
v -10.862793 9.765533 6.415784
v -0.613896 14.284374 13.208750
v -2.879945 13.890173 12.866465
v -4.971208 13.193977 12.155245
v -6.844578 12.325438 11.099215
v -8.508626 11.404207 9.796448
v -9.900833 10.432976 8.410345
v -12.061526 5.542976 6.475737
v -12.497231 3.410617 6.740503
v -13.566474 -4.465479 8.385170
v -13.542645 -4.764123 8.446714
v -12.880619 1.329271 7.086756
v -13.172011 -0.586004 7.443727
v -13.343647 -4.837933 8.297872
v -13.379395 -2.294042 7.816113
v -13.510872 -3.655427 8.162237
v -11.577135 7.519242 6.571893
v -10.913120 9.182190 7.242310
v -3.932013 14.025091 12.298569
v -7.623741 12.295359 10.191334
v -10.456950 10.335945 7.263530
v -11.872492 6.733225 5.947495
v -12.844337 2.218872 6.505748
v -13.661350 -4.970968 7.935750
v -13.455353 -1.646791 7.168040
v -13.338312 -4.999706 7.663496
v -13.771620 -4.517543 7.840930
v -13.725493 -2.617240 6.892655
v -13.910284 -4.126607 7.219420
v -3.307670 7.463266 16.315905
v -0.756178 7.846113 16.622726
v -3.383097 1.302606 19.075275
v -0.779716 1.702047 19.394796
v -9.282291 6.685117 12.367098
v -9.887087 7.114153 11.175637
v -10.583361 5.818227 10.670727
v -10.157275 5.319554 11.925226
v -8.724571 10.144709 10.586107
v -9.382685 10.320005 9.484287
v -10.036254 9.268208 9.163730
v -9.610322 8.852496 10.324139
v -12.120042 1.271068 9.924513
v -12.396436 1.840149 8.647289
v -12.796927 0.598778 8.072869
v -12.649549 -0.024431 9.120569
v -0.732603 9.591574 15.809595
v -1.980615 10.356781 15.295908
v -3.236433 9.198916 15.503716
v -2.039335 8.614235 16.145826
v -5.557165 8.501627 14.837774
v -6.552686 8.957996 13.958540
v -7.595937 7.619695 13.784555
v -6.729963 7.224005 14.809534
v -5.158980 11.920727 12.955685
v -6.072097 12.147615 12.109640
v -7.078031 11.051090 11.908691
v -6.315735 10.668142 13.012169
v -0.652082 13.014610 13.972034
v -1.816532 13.541821 13.511272
v -2.994678 12.618738 13.646097
v -1.900094 12.067650 14.374008
v -0.780116 2.859367 18.903021
v -2.108711 3.538681 18.469620
v -3.383240 2.469987 18.575457
v -2.110386 2.176738 19.075653
v -5.815941 1.748087 17.860264
v -6.964565 2.107980 17.059708
v -7.987135 0.805460 16.718691
v -6.979117 0.723678 17.645605
v -5.755397 5.035448 16.423359
v -6.850456 5.486871 15.597008
v -7.884519 4.120543 15.330177
v -6.925576 3.759289 16.352182
v -0.770702 6.110462 17.410994
v -2.077435 6.877289 16.946545
v -3.352272 5.732924 17.102545
v -2.099298 5.165565 17.726088
v -12.426050 -2.086992 10.978416
v -12.821767 -1.711489 9.592293
v -13.176527 -2.796317 8.916979
v -12.925537 -3.065757 10.006547
v -9.831841 -0.210886 15.152317
v -10.630954 0.073596 13.954819
v -11.314256 -1.195658 13.197752
v -10.681845 -1.296735 14.493570
v -11.503531 5.120164 8.863370
v -11.680610 5.774160 7.779397
v -12.076298 4.656548 7.264237
v -12.059191 3.816571 8.184910
v -9.671966 3.119669 13.823805
v -10.378861 3.516126 12.623787
v -11.084212 2.142125 11.968051
v -10.534704 1.740378 13.307297
v -11.260531 8.876489 5.833839
v -10.954171 9.489536 5.665440
v -11.287695 8.639947 5.432405
v -12.768486 -4.277799 10.161232
v -6.878223 -0.687166 17.787264
v -10.532022 -2.608914 14.654722
v -9.859559 -1.910190 15.826666
v -10.701115 -2.137542 14.823500
v -11.365808 -2.859050 13.832224
v -10.682865 -2.473982 14.910482
v -12.503433 -3.722306 11.545181
v -12.970634 -3.878484 10.268770
v -13.277226 -4.419096 9.402134
v -12.952685 -4.186443 10.343208
v -5.816476 0.016808 18.563540
v -6.980851 -0.142837 18.000801
v -7.997317 -0.919553 17.418306
v -6.966612 -0.506591 18.087255
v -0.778790 1.150720 19.510977
v -2.109061 1.319918 19.390570
v -3.380715 0.748402 19.238451
v -2.104384 0.946383 19.390495
v -10.897352 8.467518 7.962830
v -11.256070 8.268528 7.115351
v -11.344773 7.409877 7.534355
v -1.753999 14.607857 12.823935
v -5.884634 13.204836 11.395384
v -9.164523 11.383043 8.802069
v -12.392556 4.428664 6.179475
v -13.193659 0.188064 6.831025
v -11.318962 8.611780 6.394565
v -13.733539 -4.897789 7.947216
v -13.649536 -3.264491 7.540728
v -2.079822 0.708207 19.027046
v 1.876148 0.954048 19.358358
v 4.470047 0.558814 19.135054
v 6.896514 -0.162566 18.506725
v 9.067591 -1.087325 17.381248
v 10.921603 -2.064079 15.796116
v 12.421765 -2.997622 13.807234
v 1.690658 15.151987 12.604904
v 3.907176 14.742773 12.256039
v 5.946541 14.035929 11.538707
v 7.764896 13.174730 10.487501
v 9.380744 12.274187 9.196955
v 10.821750 11.286011 7.655253
v 9.903037 4.509327 14.306993
v 10.014340 2.758072 15.034042
v 10.115834 -1.147699 16.623671
v 10.098296 -1.500287 16.712301
v 8.951621 11.228910 10.898266
v 9.224734 9.745598 11.794937
v 9.505690 8.024349 12.724430
v 9.734949 6.271345 13.548845
v 8.868975 5.875654 14.573824
v 6.778675 6.770324 15.645554
v 11.969289 3.972674 11.320780
v 10.609933 4.905782 13.106974
v 12.395374 4.471346 10.066280
v 12.080544 6.327954 9.458344
v 11.655511 9.381178 8.089787
v 11.810201 8.039593 8.802847
v 10.110485 8.453385 11.532969
v 11.384270 7.623881 9.963255
v 5.605876 8.047946 15.673794
v 5.487774 9.780994 14.821196
v 8.462439 9.362650 12.898415
v 6.483295 10.237362 13.941959
v 5.159201 12.967091 13.001289
v 5.326540 11.489946 13.885475
v 1.798567 11.337687 14.924204
v 4.231956 10.938860 14.613388
v 5.757059 1.595856 18.575081
v 5.751278 2.970791 17.973675
v 9.055398 2.396818 16.056049
v 6.899902 3.330684 17.173119
v 5.683616 6.318901 16.471907
v 5.729723 4.606843 17.244293
v 1.879150 4.419216 18.183086
v 4.476749 4.039485 17.867840
v 13.090026 -2.240043 12.341362
v 13.013452 -0.883418 11.849328
v 12.674642 2.598673 10.665045
v 12.879657 0.787583 11.267149
v 10.877080 1.378779 14.517532
v 12.330149 0.385836 12.606394
v 13.304631 5.618911 5.651232
v 13.840773 3.236917 5.944719
v 12.185161 8.922212 5.116539
v 12.742592 7.589221 5.368730
v 14.258485 1.077664 6.250016
v 14.578106 -0.872724 6.555336
v 15.039790 -4.949854 7.402975
v 14.953353 -5.104635 7.436250
v 13.553962 -3.846827 11.527003
v 14.319209 -4.531471 9.387788
v 14.125740 -1.209215 8.491426
v 13.409165 -0.507915 10.463205
v 12.257622 6.981953 8.374372
v 12.766947 6.660589 6.990896
v 11.851636 9.771805 5.349574
v 11.657540 10.378584 6.247384
v 13.581234 2.570639 7.661175
v 12.951035 3.167753 9.387819
v 1.855336 0.658146 18.766630
v 4.403925 0.303474 18.545830
v 6.775861 -0.370522 17.934378
v 8.886799 -1.258466 16.841097
v 10.686587 -2.203459 15.293688
v 12.145603 -3.105763 13.350985
v 13.249866 -3.925443 11.137728
v 13.995134 -4.584262 9.071314
v 14.757122 -5.132742 7.301373
v 12.934237 -3.494470 12.503498
v 5.693043 0.154080 18.653839
v 9.975058 -1.658624 16.435081
v 10.077967 1.094297 15.715033
v 10.107385 -0.289201 16.279253
v 5.746377 0.360833 18.983009
v 5.755859 0.731091 18.923159
v 13.104709 -3.382690 12.728975
v 13.122309 -3.062629 12.645903
v 12.457613 -2.341121 13.637178
v 10.957390 -1.375051 15.620504
v 14.360991 -3.924868 9.251805
v 13.589511 -3.218808 11.369493
v 9.099368 -0.370982 17.206165
v 6.920234 0.571446 18.360420
v 12.715428 7.825762 5.770164
v 11.963902 9.765533 6.415783
v 1.715005 14.284374 13.208750
v 3.981054 13.890173 12.866465
v 6.072318 13.193977 12.155243
v 7.945687 12.325438 11.099213
v 9.609735 11.404207 9.796446
v 11.001942 10.432976 8.410345
v 13.162635 5.542974 6.475736
v 13.598340 3.410615 6.740502
v 14.667581 -4.465480 8.385168
v 14.643751 -4.764125 8.446713
v 13.981726 1.329269 7.086755
v 14.273118 -0.586005 7.443727
v 14.444754 -4.837934 8.297871
v 14.480502 -2.294043 7.816111
v 14.611979 -3.655429 8.162235
v 12.678244 7.519240 6.571892
v 12.014229 9.182188 7.242309
v 5.033123 14.025091 12.298569
v 8.724847 12.295353 10.191332
v 11.558059 10.335945 7.263529
v 12.973600 6.733223 5.947494
v 13.945448 2.218870 6.505747
v 14.762457 -4.970969 7.935749
v 14.556459 -1.646792 7.168038
v 14.439419 -4.999707 7.663495
v 14.872726 -4.517544 7.840929
v 14.826600 -2.617241 6.892653
v 15.011391 -4.126608 7.219419
v 4.408779 7.463266 16.315905
v 1.857287 7.846113 16.622726
v 4.484205 1.302606 19.075275
v 1.880825 1.702047 19.394796
v 10.383400 6.685117 12.367098
v 10.988195 7.114153 11.175636
v 11.684469 5.818225 10.670725
v 11.258384 5.319554 11.925226
v 9.825680 10.144709 10.586106
v 10.483793 10.320005 9.484286
v 11.137362 9.268208 9.163729
v 10.711431 8.852496 10.324138
v 13.221150 1.271066 9.924513
v 13.497544 1.840147 8.647287
v 13.898036 0.598777 8.072868
v 13.750658 -0.024432 9.120567
v 1.833711 9.591574 15.809595
v 3.081724 10.356781 15.295908
v 4.337542 9.198916 15.503716
v 3.140444 8.614235 16.145826
v 6.658273 8.501627 14.837774
v 7.653794 8.957996 13.958540
v 8.697045 7.619695 13.784555
v 7.831071 7.224005 14.809534
v 6.260088 11.920727 12.955685
v 7.173206 12.147615 12.109638
v 8.179139 11.051090 11.908691
v 7.416844 10.668142 13.012169
v 1.753191 13.014610 13.972034
v 2.917641 13.541821 13.511272
v 4.095787 12.618738 13.646097
v 3.001203 12.067650 14.374008
v 1.881224 2.859367 18.903021
v 3.209820 3.538681 18.469620
v 4.484348 2.469987 18.575457
v 3.211494 2.176738 19.075653
v 6.917050 1.748087 17.860264
v 8.065674 2.107980 17.059708
v 9.088243 0.805459 16.718691
v 8.080225 0.723677 17.645605
v 6.856506 5.035448 16.423359
v 7.951565 5.486871 15.597008
v 8.985627 4.120543 15.330177
v 8.026684 3.759289 16.352182
v 1.871811 6.110462 17.410994
v 3.178544 6.877289 16.946545
v 4.453381 5.732924 17.102545
v 3.200407 5.165565 17.726088
v 13.527159 -2.086993 10.978415
v 13.922873 -1.711490 9.592292
v 14.277634 -2.796318 8.916977
v 14.026644 -3.065758 10.006546
v 10.932949 -0.210886 15.152317
v 11.732062 0.073596 13.954817
v 12.415364 -1.195659 13.197750
v 11.782953 -1.296736 14.493568
v 12.604640 5.120162 8.863369
v 12.781718 5.774158 7.779396
v 13.177406 4.656546 7.264236
v 13.160299 3.816569 8.184909
v 10.773074 3.119669 13.823805
v 11.479970 3.516124 12.623785
v 12.185321 2.142123 11.968050
v 11.635813 1.740376 13.307295
v 12.361640 8.876487 5.833838
v 12.055280 9.489536 5.665439
v 12.388803 8.639945 5.432404
v 13.869593 -4.277800 10.161232
v 7.979332 -0.687167 17.787264
v 11.633131 -2.608915 14.654720
v 10.960668 -1.910191 15.826666
v 11.802223 -2.137543 14.823498
v 12.466917 -2.859051 13.832222
v 11.783974 -2.473983 14.910480
v 13.604540 -3.722307 11.545180
v 14.071741 -3.878485 10.268770
v 14.378333 -4.419097 9.402134
v 14.053792 -4.186444 10.343207
v 6.917584 0.016807 18.563540
v 8.081959 -0.142838 18.000801
v 9.098426 -0.919554 17.418306
v 8.067720 -0.506592 18.087255
v 1.879899 1.150720 19.510977
v 3.210169 1.319918 19.390570
v 4.481824 0.748402 19.238451
v 3.205493 0.946383 19.390495
v 11.998461 8.467516 7.962829
v 12.357179 8.268526 7.115350
v 12.445882 7.409875 7.534354
v 2.855108 14.607857 12.823935
v 6.985736 13.204817 11.395382
v 10.265632 11.383043 8.802069
v 13.493665 4.428662 6.179474
v 14.294765 0.188063 6.831024
v 12.420071 8.611778 6.394564
v 14.834645 -4.897790 7.947215
v 14.750643 -3.264492 7.540726
v 3.180930 0.708207 19.027046
v 1.865742 0.806097 19.062496
v 14.811685 -3.891018 7.690827
v 14.653551 -2.455642 7.354383
v 14.853685 -4.707667 7.894072
v 14.798551 -4.934380 7.941482
v 12.696836 7.672502 6.171029
v 11.989065 9.473862 6.829046
v 4.436986 0.431144 18.840443
v 14.425612 -0.729364 6.999531
v 14.120106 1.203467 6.668386
v 13.719557 3.323766 6.342611
v 13.233632 5.580942 6.063484
v 10.911846 10.859493 8.032799
v 9.495239 11.839197 9.496700
v 7.855292 12.750084 10.793358
v 6.009429 13.614952 11.846975
v 3.944115 14.316473 12.561253
v 12.562063 7.464558 7.053123
v 12.006345 8.824852 7.602569
v 12.128041 7.724734 8.168600
v 4.475935 0.653608 19.186754
v 4.483015 1.025504 19.156864
v 1.880362 1.426383 19.452888
v 1.878024 1.052384 19.434669
v 9.083009 -1.003440 17.399776
v 9.098897 -0.645268 17.312237
v 6.918909 0.294127 18.461981
v 6.907050 -0.072880 18.535131
v 14.348771 -4.475285 9.394960
v 14.369662 -4.171983 9.326969
v 13.597025 -3.470557 11.457336
v 13.579250 -3.784567 11.536092
v 12.444341 -2.928337 13.819727
v 12.462265 -2.600086 13.734699
v 10.959028 -1.642621 15.723585
v 10.941135 -1.987135 15.811390
v 14.600938 -4.985338 7.799622
v 10.804095 -2.133769 15.544903
v 12.283685 -3.051693 13.579109
v 6.836187 -0.266543 18.220552
v 8.977195 -1.172895 17.111174
v 13.401914 -3.886135 11.332365
v 14.157171 -4.557867 9.229551
v 12.120220 9.205873 5.390989
v 12.009590 9.627537 6.040611
v 12.552115 8.232854 5.601284
v 12.257735 1.263980 12.287222
v 12.077305 3.057399 11.644415
v 10.691504 4.012726 13.465389
v 10.825077 2.249225 14.170670
v 13.379320 3.613592 7.462706
v 12.972177 5.658567 7.127566
v 12.431130 6.051057 8.618870
v 12.777837 4.143957 9.125595
v 12.436489 -1.768390 13.417465
v 12.372755 -0.404912 12.902073
v 10.905014 0.583946 14.834925
v 10.945169 -0.792968 15.386410
v 14.319311 -3.360593 9.084391
v 14.201688 -2.002767 8.704202
v 13.468162 -1.297454 10.720810
v 13.558334 -2.652900 11.173954
v 4.465065 4.886205 17.485191
v 4.431080 6.598096 16.709225
v 1.864549 6.978288 17.016861
v 1.875480 5.264839 17.797039
v 9.020513 3.258680 15.693113
v 8.927301 4.998098 14.952000
v 6.817590 5.902885 16.034456
v 6.878204 4.183065 16.798239
v 9.093805 0.217238 16.962429
v 9.071820 1.601139 16.387369
v 6.908476 2.539386 17.516691
v 6.918642 1.159766 18.110342
v 4.484276 1.886296 18.825365
v 4.480549 3.254736 18.221647
v 1.880187 3.639292 18.543053
v 1.881024 2.280707 19.148909
v 4.163871 11.778799 14.129742
v 4.038421 13.254456 13.256281
v 1.734098 13.649492 13.590391
v 1.775879 12.176149 14.448118
v 8.320789 10.206869 12.403553
v 8.062412 11.688263 11.503952
v 6.166203 12.557354 12.555464
v 6.371692 11.079044 13.448822
v 8.783010 6.747674 14.179190
v 8.579742 8.491172 13.341484
v 6.570785 9.369493 14.389868
v 6.718474 7.635977 15.241665
v 4.373160 8.331091 15.909811
v 4.284749 10.068888 15.058552
v 1.816139 10.464630 15.366899
v 1.845499 8.718843 16.216160
v 14.011888 -0.305219 8.282147
v 13.739635 1.584707 7.867022
v 13.086093 2.219410 9.656166
v 13.315158 0.381576 10.193859
v 11.260817 8.446044 9.563492
v 11.069652 9.850592 8.787037
v 9.717707 10.774458 10.191277
v 9.968082 9.299047 11.059538
v 11.826880 4.895451 10.995752
v 11.534369 6.721052 10.316990
v 10.246943 7.569252 11.950033
v 10.496667 5.795449 12.737036
v 1.702831 14.718180 12.906826
v -0.764634 0.806097 19.062496
v -13.710578 -3.891017 7.690829
v -13.552444 -2.455641 7.354383
v -13.752579 -4.707666 7.894073
v -13.697446 -4.934379 7.941483
v -11.595727 7.672503 6.171029
v -10.887956 9.473862 6.829047
v -3.335878 0.431144 18.840443
v -13.324506 -0.729363 6.999533
v -13.018998 1.203468 6.668386
v -12.618446 3.323769 6.342612
v -12.132525 5.580944 6.063485
v -9.810737 10.859493 8.032799
v -8.394133 11.839201 9.496702
v -6.754188 12.750097 10.793359
v -4.908323 13.614964 11.846975
v -2.843006 14.316475 12.561253
v -11.460955 7.464560 7.053124
v -10.905236 8.824854 7.602570
v -11.026933 7.724736 8.168601
v -3.374827 0.653608 19.186754
v -3.381906 1.025504 19.156864
v -0.779253 1.426384 19.452888
v -0.776915 1.052385 19.434669
v -7.981900 -1.003439 17.399778
v -7.997788 -0.645267 17.312237
v -5.817801 0.294127 18.461981
v -5.805941 -0.072879 18.535131
v -13.247664 -4.475283 9.394961
v -13.268555 -4.171981 9.326971
v -12.495918 -3.470556 11.457337
v -12.478143 -3.784566 11.536093
v -11.343232 -2.928336 13.819729
v -11.361158 -2.600085 13.734701
v -9.857921 -1.642620 15.723585
v -9.840027 -1.987134 15.811392
v -13.499831 -4.985337 7.799623
v -9.702986 -2.133768 15.544901
v -11.182576 -3.051691 13.579111
v -5.735079 -0.266542 18.220552
v -7.876086 -1.172894 17.111174
v -12.300808 -3.886134 11.332366
v -13.056065 -4.557866 9.229552
v -11.019112 9.205875 5.390989
v -10.908482 9.627537 6.040612
v -11.451007 8.232854 5.601285
v -11.156627 1.263982 12.287223
v -10.976197 3.057400 11.644416
v -9.590395 4.012726 13.465389
v -9.723969 2.249225 14.170670
v -12.278212 3.613594 7.462706
v -11.871068 5.658569 7.127567
v -11.330022 6.051059 8.618872
v -11.676728 4.143959 9.125595
v -11.335381 -1.768389 13.417467
v -11.271648 -0.404911 12.902073
v -9.803905 0.583947 14.834925
v -9.844061 -0.792967 15.386412
v -13.218204 -3.360592 9.084393
v -13.100581 -2.002766 8.704203
v -12.367054 -1.297453 10.720811
v -12.457228 -2.652899 11.173955
v -3.363956 4.886205 17.485191
v -3.329971 6.598096 16.709225
v -0.763440 6.978288 17.016861
v -0.774372 5.264839 17.797039
v -7.919404 3.258680 15.693113
v -7.826193 4.998098 14.952000
v -5.716482 5.902885 16.034458
v -5.777095 4.183065 16.798239
v -7.992697 0.217238 16.962429
v -7.970712 1.601138 16.387371
v -5.807367 2.539386 17.516693
v -5.817533 1.159767 18.110344
v -3.383168 1.886296 18.825367
v -3.379441 3.254736 18.221647
v -0.779079 3.639292 18.543053
v -0.779916 2.280707 19.148909
v -3.062762 11.778799 14.129742
v -2.937312 13.254456 13.256281
v -0.632989 13.649492 13.590393
v -0.674769 12.176147 14.448120
v -7.219681 10.206869 12.403554
v -6.961305 11.688263 11.503954
v -5.065094 12.557354 12.555464
v -5.270584 11.079044 13.448822
v -7.681902 6.747674 14.179190
v -7.478634 8.491172 13.341484
v -5.469676 9.369493 14.389868
v -5.617365 7.635977 15.241665
v -3.272052 8.331091 15.909811
v -3.183640 10.068888 15.058552
v -0.715030 10.464628 15.366899
v -0.744390 8.718843 16.216160
v -12.910781 -0.305218 8.282148
v -12.638527 1.584710 7.867023
v -11.984984 2.219412 9.656168
v -12.214049 0.381577 10.193859
v -10.159707 8.446044 9.563494
v -9.968543 9.850592 8.787038
v -8.616598 10.774458 10.191278
v -8.866974 9.299047 11.059538
v -10.725771 4.895452 10.995753
v -10.433261 6.721054 10.316992
v -9.145834 7.569252 11.950034
v -9.395558 5.795451 12.737036
v -0.601722 14.718180 12.906826
vt 0.472985 0.965224
vt 0.473066 0.996757
vt 0.445875 0.992446
vt 0.445725 0.960954
vt 0.246229 0.498418
vt 0.248615 0.553826
vt 0.221625 0.549103
vt 0.218719 0.493191
vt 0.250662 0.610468
vt 0.252833 0.667306
vt 0.226591 0.662971
vt 0.224041 0.605955
vt 0.198912 0.607566
vt 0.202336 0.664276
vt 0.177943 0.665348
vt 0.173619 0.608955
vt 0.191904 0.494184
vt 0.195632 0.550943
vt 0.169442 0.552588
vt 0.164889 0.494985
vt 0.254015 0.724218
vt 0.255293 0.781510
vt 0.229043 0.776255
vt 0.227772 0.719455
vt 0.255658 0.825817
vt 0.256054 0.870473
vt 0.229196 0.863610
vt 0.229108 0.819807
vt 0.205209 0.813515
vt 0.204604 0.854926
vt 0.180134 0.845572
vt 0.181345 0.806802
vt 0.204034 0.718216
vt 0.205810 0.772344
vt 0.182560 0.768107
vt 0.180217 0.716706
vt 0.122258 0.273536
vt 0.125654 0.327867
vt 0.097754 0.331841
vt 0.093576 0.277441
vt 0.130096 0.385393
vt 0.134704 0.442871
vt 0.108692 0.448267
vt 0.103135 0.390089
vt 0.083073 0.396017
vt 0.089486 0.454811
vt 0.070150 0.461335
vt 0.062880 0.401910
vt 0.071941 0.282656
vt 0.076848 0.337123
vt 0.055799 0.342368
vt 0.050168 0.287834
vt 0.471112 0.568977
vt 0.471305 0.623677
vt 0.442344 0.619458
vt 0.441946 0.564933
vt 0.471564 0.679472
vt 0.471826 0.735522
vt 0.443404 0.731088
vt 0.442868 0.675155
vt 0.414666 0.665681
vt 0.415440 0.721651
vt 0.387518 0.711646
vt 0.386495 0.655792
vt 0.413312 0.555569
vt 0.413906 0.609976
vt 0.385501 0.600185
vt 0.384700 0.546004
vt 0.356734 0.534650
vt 0.357748 0.588928
vt 0.330003 0.577343
vt 0.328761 0.523084
vt 0.358924 0.644703
vt 0.360141 0.700750
vt 0.332782 0.689252
vt 0.331362 0.633167
vt 0.304284 0.624108
vt 0.305891 0.680507
vt 0.278958 0.671163
vt 0.277154 0.614576
vt 0.301209 0.513360
vt 0.302758 0.567964
vt 0.275451 0.558232
vt 0.273585 0.503388
vt 0.361318 0.757252
vt 0.362564 0.814212
vt 0.335462 0.803270
vt 0.334084 0.746010
vt 0.363459 0.858555
vt 0.364407 0.903268
vt 0.337430 0.892917
vt 0.336418 0.847914
vt 0.309313 0.839948
vt 0.310190 0.885168
vt 0.282949 0.876357
vt 0.282201 0.831052
vt 0.307145 0.737577
vt 0.308491 0.795102
vt 0.281501 0.786101
vt 0.280183 0.728395
vt 0.472117 0.791057
vt 0.472422 0.846994
vt 0.444603 0.842694
vt 0.443991 0.786676
vt 0.472662 0.890279
vt 0.472916 0.933888
vt 0.445591 0.929729
vt 0.445082 0.886072
vt 0.417785 0.877602
vt 0.418479 0.921663
vt 0.391388 0.912533
vt 0.390511 0.868265
vt 0.416264 0.777559
vt 0.417126 0.833896
vt 0.389682 0.824311
vt 0.388574 0.767744
vt 0.470622 0.169693
vt 0.470634 0.205104
vt 0.440975 0.201640
vt 0.440967 0.166309
vt 0.470624 0.253447
vt 0.470609 0.301801
vt 0.440916 0.298204
vt 0.440949 0.249865
vt 0.411683 0.240761
vt 0.411676 0.289179
vt 0.382451 0.280020
vt 0.382426 0.231551
vt 0.411699 0.156675
vt 0.411694 0.192373
vt 0.382416 0.183182
vt 0.382436 0.147440
vt 0.353418 0.134709
vt 0.353411 0.170736
vt 0.324327 0.158307
vt 0.324293 0.122269
vt 0.353498 0.219330
vt 0.353619 0.267938
vt 0.324747 0.255730
vt 0.324516 0.207001
vt 0.295494 0.195472
vt 0.295886 0.244325
vt 0.266924 0.232821
vt 0.266362 0.183884
vt 0.295036 0.110446
vt 0.295153 0.146595
vt 0.265861 0.134955
vt 0.265651 0.098962
vt 0.353979 0.320447
vt 0.354364 0.373003
vt 0.325800 0.361157
vt 0.325253 0.308433
vt 0.355043 0.426717
vt 0.355740 0.480496
vt 0.327563 0.468909
vt 0.326662 0.415015
vt 0.298530 0.404590
vt 0.299723 0.458859
vt 0.271809 0.448613
vt 0.270314 0.394015
vt 0.296612 0.297337
vt 0.297393 0.350360
vt 0.268900 0.339431
vt 0.267875 0.286130
vt 0.470650 0.354184
vt 0.470687 0.406632
vt 0.441079 0.402938
vt 0.440998 0.350535
vt 0.470804 0.460480
vt 0.470917 0.514408
vt 0.441550 0.510506
vt 0.441315 0.456689
vt 0.412352 0.447554
vt 0.412720 0.501292
vt 0.383912 0.491916
vt 0.383405 0.438290
vt 0.411830 0.341503
vt 0.411984 0.393896
vt 0.382908 0.384724
vt 0.382673 0.332342
vt 0.113537 0.086539
vt 0.114677 0.121746
vt 0.084094 0.125851
vt 0.082623 0.090887
vt 0.116787 0.170477
vt 0.118998 0.219165
vt 0.089538 0.222990
vt 0.086765 0.174435
vt 0.063875 0.179581
vt 0.067178 0.228129
vt 0.044677 0.233245
vt 0.040852 0.184727
vt 0.058869 0.096048
vt 0.060669 0.130990
vt 0.037106 0.136176
vt 0.034964 0.101312
vt 0.235856 0.091767
vt 0.236178 0.127731
vt 0.206349 0.120613
vt 0.205924 0.084941
vt 0.236876 0.176728
vt 0.237644 0.225690
vt 0.208203 0.218474
vt 0.207235 0.169538
vt 0.177010 0.168045
vt 0.178319 0.216927
vt 0.148221 0.215318
vt 0.146578 0.166545
vt 0.175168 0.083533
vt 0.175788 0.119128
vt 0.145035 0.117777
vt 0.144235 0.082508
vt 0.140194 0.501775
vt 0.145869 0.560627
vt 0.122113 0.568624
vt 0.115303 0.508487
vt 0.151632 0.616578
vt 0.157551 0.672452
vt 0.137041 0.679577
vt 0.129494 0.624177
vt 0.113864 0.635699
vt 0.122952 0.693005
vt 0.108797 0.706552
vt 0.098145 0.647290
vt 0.097117 0.516550
vt 0.104961 0.578150
vt 0.087709 0.587694
vt 0.078816 0.524608
vt 0.238884 0.279290
vt 0.240213 0.332883
vt 0.211366 0.326196
vt 0.209732 0.272340
vt 0.242034 0.387972
vt 0.243957 0.443076
vt 0.215944 0.437331
vt 0.213595 0.381761
vt 0.185322 0.381260
vt 0.188329 0.437445
vt 0.160503 0.437390
vt 0.156837 0.380613
vt 0.180328 0.271007
vt 0.182452 0.325070
vt 0.153323 0.323821
vt 0.150708 0.269579
vt 0.113199 0.817709
vt 0.126262 0.844306
vt 0.123781 0.855980
vt 0.115257 0.845432
vt 0.140802 0.879689
vt 0.131426 0.884345
vt 0.122168 0.878772
vt 0.052004 0.011500
vt 0.075906 0.006295
vt 0.079251 0.017668
vt 0.054945 0.022959
vt 0.111924 0.028232
vt 0.109168 0.015964
vt 0.140744 0.022722
vt 0.143505 0.035393
vt 0.293053 0.081247
vt 0.321868 0.095744
vt 0.322674 0.110640
vt 0.294166 0.096442
vt 0.350732 0.105241
vt 0.350197 0.089194
vt 0.379191 0.102583
vt 0.379523 0.118913
vt 0.174488 0.041158
vt 0.171925 0.027858
vt 0.202917 0.037360
vt 0.205221 0.051045
vt 0.234733 0.058875
vt 0.232813 0.044555
vt 0.262525 0.056791
vt 0.264096 0.071360
vt 0.015034 0.019669
vt 0.027927 0.016927
vt 0.030443 0.028546
vt 0.017367 0.031010
vt 0.234847 0.017928
vt 0.235302 0.022476
vt 0.205216 0.017159
vt 0.204742 0.012871
vt 0.235439 0.039180
vt 0.235575 0.055679
vt 0.205538 0.049381
vt 0.205374 0.033240
vt 0.174374 0.031726
vt 0.174596 0.047833
vt 0.143483 0.047326
vt 0.143211 0.031554
vt 0.173645 0.011307
vt 0.174153 0.015445
vt 0.142951 0.015820
vt 0.142447 0.011909
vt 0.111155 0.015952
vt 0.111662 0.019759
vt 0.080186 0.025043
vt 0.079719 0.021358
vt 0.112053 0.035524
vt 0.112451 0.051254
vt 0.081205 0.055948
vt 0.080691 0.040485
vt 0.056484 0.045682
vt 0.057121 0.061056
vt 0.032838 0.066342
vt 0.032050 0.051097
vt 0.055402 0.026609
vt 0.055858 0.030254
vt 0.031276 0.035825
vt 0.030858 0.032186
vt 0.352964 0.059531
vt 0.353281 0.064883
vt 0.324176 0.053140
vt 0.323852 0.048116
vt 0.353372 0.081835
vt 0.353460 0.098544
vt 0.324275 0.086362
vt 0.324221 0.069714
vt 0.294881 0.057395
vt 0.294957 0.074163
vt 0.265467 0.063084
vt 0.265367 0.046586
vt 0.294424 0.035467
vt 0.294802 0.040399
vt 0.265275 0.030157
vt 0.264874 0.025469
vt 0.470321 0.094995
vt 0.470386 0.102114
vt 0.440604 0.099331
vt 0.440445 0.092695
vt 0.470497 0.118150
vt 0.470599 0.134112
vt 0.440938 0.131107
vt 0.440773 0.115227
vt 0.411540 0.104519
vt 0.411710 0.120820
vt 0.382455 0.111883
vt 0.382335 0.095518
vt 0.411139 0.081912
vt 0.411358 0.088061
vt 0.382222 0.079216
vt 0.381947 0.073698
vt 0.162081 0.717226
vt 0.166663 0.761949
vt 0.150751 0.755730
vt 0.143883 0.717752
vt 0.163256 0.790720
vt 0.145190 0.774491
vt 0.134063 0.733933
vt 0.418630 0.952891
vt 0.418804 0.984334
vt 0.391757 0.975025
vt 0.391562 0.943641
vt 0.364597 0.934576
vt 0.364814 0.966099
vt 0.337900 0.955971
vt 0.337654 0.924315
vt 0.310525 0.916889
vt 0.310885 0.948828
vt 0.283882 0.940548
vt 0.283403 0.908329
vt 0.256552 0.902828
vt 0.257072 0.935410
vt 0.230264 0.929177
vt 0.229720 0.896248
vt 0.202898 0.889264
vt 0.201170 0.923873
vt 0.172107 0.916980
vt 0.176160 0.881058
vt 0.089657 0.660796
vt 0.078331 0.595022
vt 0.068927 0.530375
vt 0.059004 0.536148
vt 0.049330 0.469733
vt 0.059758 0.465536
vt 0.052042 0.405617
vt 0.041166 0.409314
vt 0.033199 0.348770
vt 0.044518 0.345577
vt 0.038524 0.290803
vt 0.026842 0.293750
vt 0.020633 0.238704
vt 0.032672 0.235986
vt 0.409017 0.124584
vt 0.438715 0.133485
vt 0.438729 0.150439
vt 0.409050 0.141269
vt 0.155033 0.847149
vt 0.150168 0.874885
vt 0.128743 0.832677
vt 0.134186 0.812961
vt 0.117719 0.770011
vt 0.111226 0.789910
vt 0.093659 0.746048
vt 0.101237 0.726227
vt 0.017586 0.034085
vt 0.017806 0.037161
vt 0.004381 0.038434
vt 0.004352 0.035748
vt 0.018232 0.049112
vt 0.018660 0.061042
vt 0.028535 0.186767
vt 0.016190 0.188782
vt 0.011825 0.138939
vt 0.024471 0.137562
vt 0.021578 0.099345
vt 0.008206 0.097455
vt 0.004496 0.056142
vt 0.469265 0.134556
vt 0.469302 0.117151
vt 0.500000 0.120229
vt 0.500000 0.137832
vt 0.527492 0.965272
vt 0.554753 0.961051
vt 0.554595 0.992545
vt 0.527402 0.996806
vt 0.754360 0.498754
vt 0.781870 0.493542
vt 0.778960 0.549455
vt 0.751967 0.554161
vt 0.749914 0.610805
vt 0.776538 0.606311
vt 0.773982 0.663335
vt 0.747735 0.667649
vt 0.801672 0.607937
vt 0.826971 0.609334
vt 0.822642 0.665743
vt 0.798242 0.664657
vt 0.808685 0.494542
vt 0.835702 0.495339
vt 0.831150 0.552954
vt 0.804955 0.551305
vt 0.746544 0.724570
vt 0.772794 0.719832
vt 0.771514 0.776645
vt 0.745256 0.781874
vt 0.744882 0.826192
vt 0.771442 0.820210
vt 0.771345 0.864028
vt 0.744477 0.870860
vt 0.795350 0.813941
vt 0.819224 0.807248
vt 0.820431 0.846035
vt 0.795949 0.855368
vt 0.796538 0.718611
vt 0.820363 0.717118
vt 0.818013 0.768535
vt 0.794754 0.772755
vt 0.878281 0.273867
vt 0.906953 0.277675
vt 0.902807 0.332085
vt 0.874907 0.328184
vt 0.870482 0.385711
vt 0.897450 0.390358
vt 0.891907 0.448566
vt 0.865886 0.443200
vt 0.917522 0.396241
vt 0.937734 0.402087
vt 0.930477 0.461582
vt 0.911125 0.455085
vt 0.928593 0.282785
vt 0.950387 0.287842
vt 0.944792 0.342461
vt 0.923723 0.337296
vt 0.529467 0.569023
vt 0.558634 0.565025
vt 0.558223 0.619550
vt 0.529261 0.623723
vt 0.528988 0.679518
vt 0.557685 0.675247
vt 0.557135 0.731180
vt 0.528712 0.735568
vt 0.585890 0.665816
vt 0.614064 0.655969
vt 0.613028 0.711824
vt 0.585103 0.721787
vt 0.587270 0.555705
vt 0.615885 0.546183
vt 0.615071 0.600362
vt 0.586664 0.610111
vt 0.643853 0.534867
vt 0.671827 0.523338
vt 0.670575 0.577595
vt 0.642827 0.589144
vt 0.641639 0.644919
vt 0.669204 0.633419
vt 0.667773 0.689506
vt 0.640410 0.700967
vt 0.696285 0.624393
vt 0.723419 0.614889
vt 0.721606 0.671481
vt 0.694667 0.680795
vt 0.699380 0.513646
vt 0.727004 0.503702
vt 0.725130 0.558544
vt 0.697822 0.568249
vt 0.639219 0.757472
vt 0.666459 0.746268
vt 0.665067 0.803533
vt 0.637960 0.814436
vt 0.637054 0.858782
vt 0.664101 0.848182
vt 0.663078 0.893191
vt 0.636094 0.903500
vt 0.691212 0.840254
vt 0.718332 0.831394
vt 0.717574 0.876709
vt 0.690325 0.885482
vt 0.693402 0.737869
vt 0.720371 0.728720
vt 0.719041 0.786434
vt 0.692045 0.795402
vt 0.528406 0.791104
vt 0.556534 0.786768
vt 0.555908 0.842787
vt 0.528087 0.847041
vt 0.527835 0.890326
vt 0.555418 0.886167
vt 0.554896 0.929825
vt 0.527569 0.933936
vt 0.582718 0.877742
vt 0.609996 0.868450
vt 0.609108 0.912721
vt 0.582013 0.921805
vt 0.584265 0.777696
vt 0.611959 0.767923
vt 0.610837 0.824494
vt 0.583388 0.834035
vt 0.530062 0.169748
vt 0.559717 0.166419
vt 0.559698 0.201747
vt 0.530040 0.205158
vt 0.530036 0.253500
vt 0.559711 0.249969
vt 0.559731 0.298305
vt 0.530038 0.301852
vt 0.588978 0.240916
vt 0.618233 0.231758
vt 0.618196 0.280220
vt 0.588971 0.289330
vt 0.588985 0.156840
vt 0.618246 0.147659
vt 0.618257 0.183396
vt 0.588979 0.192533
vt 0.647263 0.134985
vt 0.676384 0.122601
vt 0.676339 0.158628
vt 0.647260 0.171004
vt 0.647159 0.219587
vt 0.676137 0.207307
vt 0.675895 0.256023
vt 0.647027 0.268186
vt 0.705154 0.195826
vt 0.734276 0.184285
vt 0.733704 0.233200
vt 0.704750 0.244663
vt 0.705633 0.110835
vt 0.735007 0.099408
vt 0.734788 0.135381
vt 0.705506 0.146969
vt 0.646654 0.320686
vt 0.675377 0.308714
vt 0.674819 0.361429
vt 0.646257 0.373234
vt 0.645567 0.426942
vt 0.673946 0.415279
vt 0.673035 0.469167
vt 0.644858 0.480717
vt 0.702077 0.404888
vt 0.730290 0.394344
vt 0.728788 0.448933
vt 0.700875 0.459150
vt 0.704014 0.297659
vt 0.732745 0.286487
vt 0.731712 0.339772
vt 0.703223 0.350669
vt 0.529983 0.354233
vt 0.559635 0.350634
vt 0.559542 0.403034
vt 0.529932 0.406681
vt 0.529803 0.460527
vt 0.559292 0.456783
vt 0.559044 0.510599
vt 0.529676 0.514455
vt 0.588256 0.447694
vt 0.617204 0.438473
vt 0.616685 0.492096
vt 0.587875 0.501430
vt 0.588804 0.341649
vt 0.617961 0.332536
vt 0.617713 0.384912
vt 0.588637 0.394039
vt 0.886897 0.087162
vt 0.917679 0.091420
vt 0.916267 0.126247
vt 0.885775 0.122273
vt 0.883694 0.170907
vt 0.913666 0.174725
vt 0.910946 0.223235
vt 0.881512 0.219533
vt 0.936541 0.179665
vt 0.959577 0.184555
vt 0.955823 0.233157
vt 0.933304 0.228223
vt 0.941376 0.096179
vt 0.965280 0.101000
vt 0.963226 0.135918
vt 0.939659 0.131089
vt 0.764785 0.092269
vt 0.794692 0.085496
vt 0.794260 0.121132
vt 0.764454 0.128206
vt 0.763747 0.177170
vt 0.793368 0.170014
vt 0.792395 0.218912
vt 0.762972 0.226103
vt 0.823563 0.168538
vt 0.853954 0.167032
vt 0.852322 0.215747
vt 0.822255 0.217373
vt 0.825411 0.084132
vt 0.856288 0.083139
vt 0.855489 0.118340
vt 0.824787 0.119678
vt 0.860402 0.502121
vt 0.885303 0.508818
vt 0.878496 0.568987
vt 0.854729 0.560993
vt 0.848965 0.616964
vt 0.871112 0.624568
vt 0.863560 0.679993
vt 0.843041 0.672858
vt 0.886750 0.636097
vt 0.902479 0.647695
vt 0.891818 0.706992
vt 0.877655 0.693432
vt 0.903501 0.516871
vt 0.921816 0.524919
vt 0.912922 0.588057
vt 0.895657 0.578512
vt 0.761725 0.279677
vt 0.790863 0.272746
vt 0.789228 0.326577
vt 0.760391 0.333249
vt 0.758565 0.388323
vt 0.786998 0.382125
vt 0.784647 0.437686
vt 0.756638 0.443417
vt 0.815264 0.381625
vt 0.843743 0.380963
vt 0.840085 0.437739
vt 0.812259 0.437803
vt 0.820251 0.271414
vt 0.849849 0.269966
vt 0.847247 0.324182
vt 0.818130 0.325451
vt 0.887403 0.818213
vt 0.885341 0.845950
vt 0.876810 0.856497
vt 0.874330 0.844814
vt 0.859777 0.880204
vt 0.869157 0.884872
vt 0.878421 0.879303
vt 0.947919 0.011583
vt 0.972036 0.016410
vt 0.969561 0.028100
vt 0.945031 0.023137
vt 0.888077 0.028231
vt 0.856496 0.035393
vt 0.859256 0.022721
vt 0.890833 0.015963
vt 0.706947 0.081247
vt 0.735904 0.071360
vt 0.734469 0.085371
vt 0.705834 0.096442
vt 0.649268 0.105240
vt 0.620477 0.118912
vt 0.620809 0.102582
vt 0.649803 0.089194
vt 0.825512 0.041158
vt 0.853879 0.047714
vt 0.822985 0.054547
vt 0.765268 0.058875
vt 0.737475 0.056790
vt 0.767187 0.044554
vt 0.984954 0.018854
vt 0.997856 0.021000
vt 0.995734 0.032019
vt 0.982660 0.030264
vt 0.765816 0.018488
vt 0.795896 0.013505
vt 0.795421 0.017787
vt 0.765360 0.023032
vt 0.765217 0.039722
vt 0.795257 0.033850
vt 0.795089 0.049973
vt 0.765077 0.056209
vt 0.826219 0.032404
vt 0.857322 0.032298
vt 0.857045 0.048031
vt 0.825992 0.048485
vt 0.826954 0.012019
vt 0.858093 0.012703
vt 0.857589 0.016603
vt 0.826446 0.016149
vt 0.889278 0.016833
vt 0.920429 0.022451
vt 0.919975 0.026105
vt 0.888771 0.020616
vt 0.888374 0.036320
vt 0.919506 0.041380
vt 0.919026 0.056718
vt 0.887974 0.051987
vt 0.943596 0.045873
vt 0.968036 0.050701
vt 0.967299 0.065969
vt 0.943018 0.061226
vt 0.944592 0.026808
vt 0.969159 0.031752
vt 0.968755 0.035403
vt 0.944154 0.030456
vt 0.647739 0.059825
vt 0.676847 0.048472
vt 0.676521 0.053494
vt 0.647420 0.065175
vt 0.647324 0.082122
vt 0.676471 0.070063
vt 0.676412 0.086705
vt 0.647232 0.098828
vt 0.705804 0.057807
vt 0.735307 0.047062
vt 0.735201 0.063551
vt 0.705722 0.074568
vt 0.706268 0.035889
vt 0.735806 0.025958
vt 0.735404 0.030643
vt 0.705888 0.040818
vt 0.530385 0.095053
vt 0.560260 0.092810
vt 0.560099 0.099446
vt 0.530318 0.102171
vt 0.530202 0.118207
vt 0.559926 0.115341
vt 0.559756 0.131219
vt 0.530095 0.134168
vt 0.589159 0.104690
vt 0.618362 0.095747
vt 0.618238 0.112109
vt 0.588984 0.120989
vt 0.589567 0.082086
vt 0.618758 0.073931
vt 0.618481 0.079447
vt 0.589346 0.088234
vt 0.838506 0.717648
vt 0.856712 0.718184
vt 0.849838 0.756175
vt 0.833917 0.762387
vt 0.837323 0.791173
vt 0.855400 0.774949
vt 0.866535 0.734377
vt 0.581852 0.953036
vt 0.608926 0.943831
vt 0.608722 0.975219
vt 0.581670 0.984481
vt 0.635896 0.934811
vt 0.662846 0.924593
vt 0.662592 0.956254
vt 0.635671 0.966338
vt 0.689983 0.917209
vt 0.717112 0.908688
vt 0.716627 0.940915
vt 0.689614 0.949154
vt 0.743972 0.903224
vt 0.770815 0.896678
vt 0.770265 0.929619
vt 0.743445 0.935816
vt 0.797649 0.889723
vt 0.824401 0.881541
vt 0.828450 0.917485
vt 0.799371 0.924349
vt 0.910973 0.661212
vt 0.922307 0.595389
vt 0.931714 0.530682
vt 0.940881 0.465770
vt 0.951321 0.469955
vt 0.941647 0.536453
vt 0.948586 0.405769
vt 0.956089 0.345627
vt 0.967428 0.348779
vt 0.959478 0.409442
vt 0.962049 0.290743
vt 0.967849 0.235797
vt 0.979916 0.238413
vt 0.973754 0.293625
vt 0.590982 0.124583
vt 0.620179 0.134797
vt 0.590949 0.141269
vt 0.845543 0.847635
vt 0.866405 0.813446
vt 0.871848 0.833178
vt 0.850407 0.875390
vt 0.882886 0.770485
vt 0.899382 0.726683
vt 0.906964 0.746520
vt 0.889380 0.790400
vt 0.982452 0.033347
vt 0.995710 0.034711
vt 0.995690 0.037402
vt 0.982243 0.036431
vt 0.981858 0.048407
vt 0.981471 0.060362
vt 0.971914 0.186452
vt 0.975879 0.137109
vt 0.988554 0.138285
vt 0.984288 0.188321
vt 0.978671 0.098781
vt 0.995639 0.055140
vt 0.992064 0.096625
vt 0.530735 0.134555
vt 0.530697 0.117151
vt 0.561285 0.133485
vt 0.561313 0.116315
vt 0.561270 0.150438
vt 0.530790 0.151803
vt 0.500000 0.155337
vt 0.995646 0.046272
vt 0.860951 0.793737
vt 0.876370 0.750699
vt 0.840732 0.820023
vt 0.591053 0.107759
vt 0.931725 0.602737
vt 0.919490 0.674792
vt 0.560426 0.086130
vt 0.589789 0.075986
vt 0.619046 0.068371
vt 0.500349 0.122760
vt 0.500347 0.138491
vt 0.500351 0.106965
vt 0.500353 0.099514
vt 0.500354 0.092029
vt 0.530453 0.087959
vt 0.677184 0.043416
vt 0.706646 0.030998
vt 0.736218 0.021246
vt 0.648058 0.054516
vt 0.920884 0.018792
vt 0.858603 0.008789
vt 0.889784 0.013058
vt 0.796380 0.009202
vt 0.827460 0.007913
vt 0.766269 0.013977
vt 0.974499 0.004736
vt 0.987239 0.007487
vt 0.999980 0.009985
vt 0.794779 0.051045
vt 0.797083 0.037360
vt 0.792642 0.064243
vt 0.763407 0.073258
vt 0.828075 0.027858
vt 0.678132 0.095744
vt 0.679022 0.080300
vt 0.677326 0.110639
vt 0.648787 0.121198
vt 0.708124 0.066047
vt 0.920165 0.023644
vt 0.922700 0.011740
vt 0.893241 0.000963
vt 0.923957 0.007175
vt 0.885335 0.040520
vt 0.947682 0.007471
vt 0.945359 0.019302
vt 0.950831 0.000000
vt 0.887676 0.873583
vt 0.893917 0.835227
vt 0.881301 0.911823
vt 0.871349 0.912658
vt 0.861384 0.913370
vt 0.844935 0.915585
vt 0.900525 0.791027
vt 0.500303 0.464129
vt 0.500296 0.518135
vt 0.500310 0.410189
vt 0.500316 0.357702
vt 0.500323 0.305279
vt 0.500330 0.256969
vt 0.500337 0.208752
vt 0.500342 0.173595
vt 0.500248 0.893693
vt 0.500242 0.937096
vt 0.500254 0.850565
vt 0.500261 0.794774
vt 0.500268 0.739415
vt 0.500275 0.683373
vt 0.500282 0.627587
vt 0.500289 0.572804
vt 0.500238 0.968425
vt 0.500233 0.999998
vt 0.469210 0.151803
vt 0.438687 0.116315
vt 0.004457 0.047289
vt 0.004319 0.033061
vt 0.124232 0.750241
vt 0.139639 0.793266
vt 0.159846 0.819553
vt 0.379821 0.134798
vt 0.408947 0.107760
vt 0.068921 0.602366
vt 0.081146 0.674364
vt 0.410919 0.075811
vt 0.381660 0.068136
vt 0.440282 0.086013
vt 0.470255 0.087901
vt 0.294047 0.030573
vt 0.264464 0.020753
vt 0.323516 0.043058
vt 0.352647 0.054220
vt 0.110650 0.012155
vt 0.141938 0.007984
vt 0.173140 0.007194
vt 0.204259 0.008563
vt 0.234395 0.013412
vt 0.002161 0.022108
vt 0.000000 0.011160
vt 0.012712 0.008372
vt 0.025422 0.005326
vt 0.236593 0.073259
vt 0.265531 0.085371
vt 0.207359 0.064243
vt 0.177015 0.054547
vt 0.146121 0.047715
vt 0.351213 0.121199
vt 0.320978 0.080300
vt 0.291876 0.066047
vt 0.114666 0.040521
vt 0.082316 0.035378
vt 0.079836 0.023645
vt 0.077301 0.011741
vt 0.049050 0.000000
vt 0.052320 0.007471
vt 0.054642 0.019302
vt 0.129232 0.912114
vt 0.139191 0.912835
vt 0.119285 0.911271
vt 0.112919 0.873046
vt 0.106687 0.834708
vt 0.155631 0.915065
vt 0.100089 0.790530
vn -0.1131 0.5697 0.8140
vn -0.1148 0.5695 0.8139
vn -0.2198 0.5709 0.7910
vn -0.2246 0.5708 0.7898
vn -0.7772 0.3234 0.5397
vn -0.7749 0.3440 0.5303
vn -0.8231 0.3183 0.4702
vn -0.8269 0.3019 0.4744
vn -0.7703 0.3654 0.5226
vn -0.7633 0.3887 0.5160
vn -0.8087 0.3558 0.4683
vn -0.8178 0.3367 0.4666
vn -0.8607 0.3032 0.4088
vn -0.8518 0.3176 0.4165
vn -0.8853 0.2835 0.3686
vn -0.8924 0.2765 0.3566
vn -0.8707 0.2774 0.4060
vn -0.8670 0.2896 0.4055
vn -0.8969 0.2677 0.3519
vn -0.8999 0.2604 0.3497
vn -0.7537 0.4130 0.5111
vn -0.7441 0.4298 0.5114
vn -0.7867 0.3951 0.4743
vn -0.7984 0.3767 0.4697
vn -0.7354 0.4459 0.5102
vn -0.7273 0.4802 0.4903
vn -0.7715 0.4558 0.4438
vn -0.7787 0.4115 0.4736
vn -0.8184 0.3760 0.4345
vn -0.8111 0.4306 0.3958
vn -0.8622 0.3856 0.3284
vn -0.8638 0.3316 0.3793
vn -0.8397 0.3339 0.4283
vn -0.8274 0.3563 0.4341
vn -0.8655 0.3158 0.3887
vn -0.8769 0.2918 0.3820
vn -0.9326 0.1912 0.3061
vn -0.9313 0.2039 0.3017
vn -0.9434 0.1957 0.2678
vn -0.9445 0.1831 0.2727
vn -0.9297 0.2167 0.2977
vn -0.9277 0.2295 0.2944
vn -0.9398 0.2211 0.2605
vn -0.9416 0.2087 0.2640
vn -0.9523 0.2009 0.2297
vn -0.9503 0.2135 0.2265
vn -0.9478 0.2140 0.2366
vn -0.9493 0.2018 0.2408
vn -0.9550 0.1755 0.2387
vn -0.9539 0.1882 0.2339
vn -0.9505 0.1902 0.2458
vn -0.9509 0.1790 0.2523
vn -0.0831 0.4217 0.9029
vn -0.0855 0.4369 0.8954
vn -0.1779 0.4372 0.8816
vn -0.1735 0.4210 0.8903
vn -0.0883 0.4519 0.8877
vn -0.0919 0.4728 0.8763
vn -0.1892 0.4745 0.8596
vn -0.1826 0.4525 0.8728
vn -0.2755 0.4511 0.8489
vn -0.2845 0.4732 0.8337
vn -0.3854 0.4715 0.7931
vn -0.3757 0.4485 0.8109
vn -0.2625 0.4178 0.8698
vn -0.2684 0.4346 0.8596
vn -0.3683 0.4307 0.8239
vn -0.3617 0.4121 0.8362
vn -0.4570 0.4020 0.7934
vn -0.4636 0.4221 0.7790
vn -0.5535 0.4104 0.7247
vn -0.5489 0.3887 0.7400
vn -0.4717 0.4415 0.7632
vn -0.4818 0.4650 0.7427
vn -0.5648 0.4560 0.6878
vn -0.5589 0.4318 0.7079
vn -0.6401 0.4149 0.6466
vn -0.6429 0.4397 0.6271
vn -0.7047 0.4186 0.5728
vn -0.7080 0.3945 0.5857
vn -0.6344 0.3697 0.6788
vn -0.6373 0.3926 0.6631
vn -0.7090 0.3713 0.5995
vn -0.7095 0.3492 0.6120
vn -0.4928 0.4876 0.7207
vn -0.5032 0.4988 0.7056
vn -0.5774 0.4917 0.6517
vn -0.5716 0.4800 0.6655
vn -0.5131 0.5098 0.6905
vn -0.5224 0.5305 0.6675
vn -0.5877 0.5234 0.6170
vn -0.5834 0.5036 0.6372
vn -0.6493 0.4889 0.5825
vn -0.6508 0.5096 0.5628
vn -0.6896 0.4977 0.5260
vn -0.6931 0.4724 0.5444
vn -0.6453 0.4640 0.6068
vn -0.6475 0.4765 0.5947
vn -0.6966 0.4581 0.5521
vn -0.7011 0.4440 0.5580
vn -0.0960 0.4934 0.8644
vn -0.0998 0.5041 0.8578
vn -0.2031 0.5064 0.8380
vn -0.1963 0.4952 0.8463
vn -0.1037 0.5147 0.8510
vn -0.1085 0.5425 0.8330
vn -0.2169 0.5446 0.8101
vn -0.2099 0.5170 0.8298
vn -0.3137 0.5167 0.7966
vn -0.3241 0.5426 0.7749
vn -0.4248 0.5398 0.7268
vn -0.4161 0.5160 0.7486
vn -0.2947 0.4946 0.8176
vn -0.3043 0.5058 0.8072
vn -0.4062 0.5050 0.7616
vn -0.3962 0.4936 0.7742
vn -0.0810 0.3898 0.9173
vn -0.0819 0.4038 0.9112
vn -0.1726 0.3985 0.9007
vn -0.1718 0.3865 0.9061
vn -0.0816 0.4177 0.9049
vn -0.0802 0.4160 0.9058
vn -0.1699 0.4100 0.8961
vn -0.1718 0.4102 0.8957
vn -0.2605 0.3978 0.8796
vn -0.2578 0.3995 0.8797
vn -0.3578 0.3840 0.8512
vn -0.3600 0.3803 0.8519
vn -0.2612 0.3799 0.8874
vn -0.2618 0.3887 0.8834
vn -0.3617 0.3736 0.8542
vn -0.3617 0.3672 0.8569
vn -0.4581 0.3488 0.8176
vn -0.4573 0.3536 0.8160
vn -0.5476 0.3309 0.7685
vn -0.5479 0.3269 0.7700
vn -0.4555 0.3587 0.8148
vn -0.4533 0.3638 0.8137
vn -0.5454 0.3413 0.7655
vn -0.5463 0.3351 0.7676
vn -0.6311 0.3092 0.7114
vn -0.6308 0.3160 0.7086
vn -0.7070 0.2913 0.6444
vn -0.7063 0.2842 0.6484
vn -0.6319 0.3018 0.7138
vn -0.6316 0.3054 0.7125
vn -0.7062 0.2804 0.6501
vn -0.7056 0.2769 0.6522
vn -0.4516 0.3688 0.8124
vn -0.4509 0.3755 0.8097
vn -0.5444 0.3558 0.7596
vn -0.5442 0.3474 0.7636
vn -0.4512 0.3818 0.8066
vn -0.4534 0.3922 0.8003
vn -0.5466 0.3766 0.7479
vn -0.5445 0.3641 0.7556
vn -0.6314 0.3419 0.6960
vn -0.6327 0.3560 0.6877
vn -0.7093 0.3340 0.6207
vn -0.7085 0.3194 0.6292
vn -0.6306 0.3227 0.7058
vn -0.6309 0.3324 0.7010
vn -0.7082 0.3088 0.6348
vn -0.7072 0.2986 0.6408
vn -0.0796 0.4143 0.9066
vn -0.0796 0.4135 0.9070
vn -0.1686 0.4102 0.8962
vn -0.1686 0.4096 0.8965
vn -0.0803 0.4127 0.9073
vn -0.0816 0.4172 0.9051
vn -0.1712 0.4160 0.8931
vn -0.1691 0.4107 0.8960
vn -0.2566 0.4055 0.8773
vn -0.2591 0.4117 0.8737
vn -0.3587 0.4045 0.8413
vn -0.3559 0.3962 0.8463
vn -0.2561 0.4010 0.8795
vn -0.2557 0.4034 0.8786
vn -0.3557 0.3920 0.8484
vn -0.3558 0.3874 0.8505
vn -0.9343 0.1613 0.3178
vn -0.9342 0.1666 0.3155
vn -0.9455 0.1589 0.2841
vn -0.9454 0.1535 0.2874
vn -0.9340 0.1720 0.3132
vn -0.9334 0.1815 0.3095
vn -0.9453 0.1735 0.2763
vn -0.9455 0.1645 0.2811
vn -0.9557 0.1580 0.2482
vn -0.9556 0.1666 0.2430
vn -0.9501 0.1727 0.2598
vn -0.9484 0.1672 0.2692
vn -0.9554 0.1466 0.2563
vn -0.9555 0.1523 0.2524
vn -0.9465 0.1624 0.2789
vn -0.9457 0.1565 0.2848
vn -0.7725 0.2508 0.5833
vn -0.7733 0.2544 0.5807
vn -0.8274 0.2311 0.5119
vn -0.8266 0.2273 0.5148
vn -0.7742 0.2580 0.5779
vn -0.7753 0.2654 0.5731
vn -0.8287 0.2429 0.5042
vn -0.8278 0.2352 0.5093
vn -0.8747 0.2104 0.4367
vn -0.8749 0.2189 0.4319
vn -0.9066 0.2007 0.3711
vn -0.9066 0.1919 0.3758
vn -0.8739 0.2019 0.4422
vn -0.8743 0.2062 0.4395
vn -0.9067 0.1869 0.3780
vn -0.9065 0.1823 0.3808
vn -0.9252 0.2425 0.2918
vn -0.9232 0.2462 0.2952
vn -0.9359 0.2356 0.2617
vn -0.9373 0.2341 0.2582
vn -0.9199 0.2506 0.3017
vn -0.9159 0.2496 0.3144
vn -0.9309 0.2347 0.2798
vn -0.9332 0.2377 0.2694
vn -0.9451 0.2258 0.2362
vn -0.9432 0.2235 0.2455
vn -0.9536 0.2287 0.1957
vn -0.9511 0.2244 0.2122
vn -0.9480 0.2261 0.2239
vn -0.9471 0.2257 0.2282
vn -0.9479 0.2255 0.2247
vn -0.9463 0.2262 0.2310
vn -0.7763 0.2728 0.5682
vn -0.7773 0.2833 0.5617
vn -0.8296 0.2619 0.4931
vn -0.8290 0.2513 0.4996
vn -0.7779 0.2939 0.5553
vn -0.7780 0.3085 0.5473
vn -0.8287 0.2870 0.4805
vn -0.8292 0.2734 0.4874
vn -0.8742 0.2503 0.4160
vn -0.8729 0.2636 0.4104
vn -0.9025 0.2468 0.3530
vn -0.9040 0.2343 0.3576
vn -0.8750 0.2275 0.4273
vn -0.8748 0.2388 0.4215
vn -0.9054 0.2218 0.3619
vn -0.9060 0.2102 0.3674
vn -0.9375 0.3237 -0.1272
vn -0.9182 0.3833 -0.0992
vn -0.9042 0.3985 -0.1535
vn -0.9145 0.3651 -0.1744
vn -0.8988 0.4353 -0.0519
vn -0.8960 0.4238 -0.1324
vn -0.8881 0.4071 -0.2131
vn 0.0965 -0.9610 0.2591
vn 0.1014 -0.9581 0.2680
vn -0.4209 -0.8116 0.4051
vn -0.4049 -0.8331 0.3768
vn 0.1072 -0.9550 0.2766
vn 0.1074 -0.9550 0.2762
vn 0.1169 -0.9511 0.2858
vn 0.1227 -0.9490 0.2904
vn 0.2023 -0.9120 0.3567
vn 0.1988 -0.9109 0.3615
vn -0.1138 -0.6674 0.7359
vn -0.1422 -0.6917 0.7080
vn 0.1936 -0.9083 0.3708
vn 0.1925 -0.9090 0.3697
vn 0.1666 -0.9082 0.3839
vn 0.1665 -0.9077 0.3850
vn 0.1360 -0.9424 0.3057
vn 0.1364 -0.9427 0.3046
vn 0.1460 -0.9372 0.3168
vn 0.1526 -0.9347 0.3209
vn 0.1697 -0.9263 0.3364
vn 0.1698 -0.9267 0.3353
vn 0.1801 -0.9211 0.3451
vn 0.1851 -0.9193 0.3473
vn 0.1222 -0.9615 0.2462
vn 0.1046 -0.9613 0.2547
vn -0.3590 -0.8562 0.3714
vn -0.2611 -0.8972 0.3560
vn -0.6100 -0.3005 0.7331
vn -0.7205 -0.0341 0.6925
vn -0.7767 -0.0600 0.6270
vn -0.6748 -0.3239 0.6631
vn -0.7703 0.2333 0.5934
vn -0.7714 0.2421 0.5884
vn -0.8259 0.2186 0.5197
vn -0.8253 0.2104 0.5241
vn -0.8732 0.1854 0.4506
vn -0.8735 0.1937 0.4465
vn -0.9066 0.1733 0.3847
vn -0.9066 0.1647 0.3885
vn -0.7325 -0.3447 0.5871
vn -0.8370 -0.0821 0.5410
vn -0.8701 -0.1068 0.4811
vn -0.7703 -0.3684 0.5205
vn -0.8019 -0.3917 0.4510
vn -0.9054 -0.1296 0.4044
vn -0.9136 -0.1527 0.3769
vn -0.8030 -0.4230 0.4198
vn -0.9351 0.1413 0.3250
vn -0.9347 0.1513 0.3215
vn -0.9459 0.1413 0.2919
vn -0.9465 0.1292 0.2958
vn -0.9568 0.1147 0.2669
vn -0.9560 0.1309 0.2624
vn -0.9465 0.1289 0.2957
vn -0.9505 0.0903 0.2973
vn -0.7936 -0.4675 0.3893
vn -0.9205 -0.1835 0.3450
vn -0.9014 -0.2320 0.3656
vn -0.7380 -0.5411 0.4030
vn -0.2355 -0.3180 0.9183
vn -0.3616 -0.0090 0.9322
vn -0.4657 0.0109 0.8849
vn -0.3490 -0.2811 0.8939
vn -0.4480 0.3055 0.8402
vn -0.4541 0.3265 0.8289
vn -0.5455 0.3118 0.7779
vn -0.5422 0.2976 0.7857
vn -0.6291 0.2794 0.7253
vn -0.6308 0.2905 0.7195
vn -0.7044 0.2669 0.6577
vn -0.7032 0.2573 0.6627
vn -0.4455 -0.2704 0.8534
vn -0.5626 0.0049 0.8267
vn -0.6399 -0.0140 0.7683
vn -0.5325 -0.2836 0.7975
vn 0.0226 -0.6121 0.7904
vn -0.0214 -0.2243 0.9743
vn -0.0854 -0.1573 0.9838
vn 0.0024 -0.5594 0.8289
vn -0.0622 0.2056 0.9766
vn -0.0733 0.2988 0.9515
vn -0.1619 0.3142 0.9354
vn -0.1478 0.2370 0.9602
vn -0.2345 0.2734 0.9329
vn -0.2504 0.3260 0.9116
vn -0.3544 0.3326 0.8740
vn -0.3444 0.2985 0.8901
vn -0.0306 -0.4780 0.8778
vn -0.1432 -0.1135 0.9832
vn -0.2595 -0.0393 0.9649
vn -0.1349 -0.3887 0.9114
vn -0.9092 0.2498 0.3329
vn -0.9030 0.2768 0.3286
vn -0.9167 0.2564 0.3062
vn -0.9273 0.2313 0.2942
vn -0.9026 0.2963 0.3123
vn -0.9235 0.2606 0.2814
vn -0.9420 0.2206 0.2529
vn -0.3335 0.5678 0.7526
vn -0.3369 0.5667 0.7519
vn -0.4284 0.5638 0.7061
vn -0.4344 0.5631 0.7030
vn -0.5297 0.5512 0.6446
vn -0.5327 0.5497 0.6434
vn -0.5898 0.5437 0.5970
vn -0.5930 0.5431 0.5944
vn -0.6523 0.5294 0.5423
vn -0.6540 0.5285 0.5412
vn -0.6866 0.5222 0.5058
vn -0.6883 0.5217 0.5040
vn -0.7225 0.5110 0.4657
vn -0.7233 0.5105 0.4649
vn -0.7640 0.4958 0.4128
vn -0.7660 0.4951 0.4100
vn -0.8048 0.4794 0.3499
vn -0.8066 0.4780 0.3476
vn -0.8753 0.4307 0.2195
vn -0.8638 0.4219 0.2752
vn -0.9543 0.2337 0.1860
vn -0.9473 0.2316 0.2214
vn -0.9441 0.2281 0.2378
vn -0.9439 0.2292 0.2377
vn -0.9450 0.2147 0.2468
vn -0.9449 0.2158 0.2462
vn -0.9462 0.2031 0.2519
vn -0.9468 0.1929 0.2575
vn -0.9468 0.1931 0.2572
vn -0.9464 0.1838 0.2655
vn -0.9461 0.1854 0.2653
vn -0.9437 0.1841 0.2749
vn -0.9441 0.1811 0.2754
vn 0.1387 -0.9029 0.4068
vn 0.0954 -0.8975 0.4306
vn 0.0497 -0.7441 0.6662
vn 0.0606 -0.7277 0.6831
vn -0.9130 0.3577 0.1961
vn -0.9135 0.4000 0.0736
vn -0.9376 0.3468 0.0248
vn -0.9378 0.3061 0.1633
vn -0.9583 0.2491 0.1395
vn -0.9574 0.2886 0.0060
vn -0.9594 0.2571 0.1157
vn -0.9582 0.2412 0.1541
vn -0.6069 -0.6781 0.4145
vn -0.8364 -0.3669 0.4073
vn -0.7829 -0.4545 0.4248
vn -0.5084 -0.7567 0.4109
vn -0.9343 -0.0048 0.3565
vn -0.9338 0.0905 0.3461
vn -0.9402 0.1795 0.2894
vn -0.9396 0.1842 0.2884
vn -0.9364 0.1751 0.3041
vn -0.9366 0.1735 0.3042
vn -0.9351 0.1661 0.3131
vn -0.9350 0.1672 0.3128
vn -0.9264 0.0296 0.3753
vn 0.0543 -0.8923 0.4481
vn 0.0521 -0.8925 0.4480
vn 0.0000 -0.8896 0.4566
vn 0.1131 0.5697 0.8140
vn 0.2246 0.5708 0.7898
vn 0.2198 0.5709 0.7910
vn 0.1148 0.5695 0.8139
vn 0.7772 0.3234 0.5397
vn 0.8269 0.3019 0.4744
vn 0.8231 0.3183 0.4702
vn 0.7749 0.3440 0.5303
vn 0.7703 0.3654 0.5226
vn 0.8178 0.3367 0.4666
vn 0.8087 0.3558 0.4683
vn 0.7633 0.3887 0.5160
vn 0.8607 0.3032 0.4088
vn 0.8924 0.2765 0.3566
vn 0.8853 0.2835 0.3686
vn 0.8518 0.3176 0.4165
vn 0.8707 0.2774 0.4060
vn 0.8999 0.2604 0.3497
vn 0.8969 0.2677 0.3519
vn 0.8670 0.2896 0.4055
vn 0.7537 0.4130 0.5111
vn 0.7984 0.3767 0.4697
vn 0.7867 0.3951 0.4743
vn 0.7441 0.4298 0.5114
vn 0.7354 0.4459 0.5102
vn 0.7787 0.4115 0.4736
vn 0.7715 0.4558 0.4438
vn 0.7273 0.4802 0.4903
vn 0.8184 0.3760 0.4345
vn 0.8638 0.3316 0.3793
vn 0.8622 0.3856 0.3284
vn 0.8111 0.4306 0.3958
vn 0.8397 0.3339 0.4283
vn 0.8769 0.2918 0.3819
vn 0.8655 0.3158 0.3887
vn 0.8274 0.3563 0.4341
vn 0.9326 0.1912 0.3061
vn 0.9445 0.1831 0.2727
vn 0.9434 0.1957 0.2678
vn 0.9313 0.2039 0.3017
vn 0.9297 0.2167 0.2977
vn 0.9416 0.2087 0.2640
vn 0.9398 0.2211 0.2605
vn 0.9277 0.2295 0.2944
vn 0.9523 0.2009 0.2297
vn 0.9493 0.2018 0.2408
vn 0.9477 0.2140 0.2366
vn 0.9503 0.2135 0.2265
vn 0.9550 0.1755 0.2387
vn 0.9509 0.1790 0.2523
vn 0.9505 0.1902 0.2458
vn 0.9539 0.1882 0.2339
vn 0.0831 0.4217 0.9029
vn 0.1735 0.4210 0.8903
vn 0.1779 0.4372 0.8816
vn 0.0855 0.4369 0.8954
vn 0.0883 0.4519 0.8877
vn 0.1826 0.4525 0.8728
vn 0.1892 0.4745 0.8596
vn 0.0919 0.4728 0.8763
vn 0.2755 0.4511 0.8489
vn 0.3757 0.4485 0.8109
vn 0.3854 0.4715 0.7931
vn 0.2845 0.4732 0.8337
vn 0.2625 0.4178 0.8698
vn 0.3617 0.4121 0.8362
vn 0.3683 0.4307 0.8239
vn 0.2684 0.4346 0.8596
vn 0.4570 0.4020 0.7934
vn 0.5489 0.3887 0.7400
vn 0.5535 0.4104 0.7247
vn 0.4636 0.4221 0.7790
vn 0.4717 0.4415 0.7632
vn 0.5589 0.4318 0.7079
vn 0.5648 0.4560 0.6878
vn 0.4818 0.4650 0.7427
vn 0.6401 0.4149 0.6466
vn 0.7080 0.3945 0.5857
vn 0.7047 0.4186 0.5728
vn 0.6429 0.4397 0.6271
vn 0.6344 0.3697 0.6788
vn 0.7095 0.3492 0.6120
vn 0.7090 0.3713 0.5995
vn 0.6373 0.3926 0.6631
vn 0.4928 0.4876 0.7207
vn 0.5716 0.4800 0.6655
vn 0.5774 0.4917 0.6517
vn 0.5032 0.4988 0.7056
vn 0.5131 0.5098 0.6905
vn 0.5834 0.5036 0.6372
vn 0.5877 0.5234 0.6170
vn 0.5224 0.5305 0.6675
vn 0.6493 0.4889 0.5824
vn 0.6931 0.4724 0.5444
vn 0.6896 0.4977 0.5260
vn 0.6508 0.5096 0.5628
vn 0.6453 0.4640 0.6068
vn 0.7011 0.4440 0.5580
vn 0.6966 0.4581 0.5521
vn 0.6475 0.4765 0.5947
vn 0.0960 0.4934 0.8644
vn 0.1963 0.4952 0.8463
vn 0.2031 0.5064 0.8380
vn 0.0998 0.5041 0.8578
vn 0.1037 0.5147 0.8510
vn 0.2099 0.5170 0.8298
vn 0.2169 0.5446 0.8101
vn 0.1085 0.5425 0.8330
vn 0.3137 0.5167 0.7966
vn 0.4161 0.5160 0.7486
vn 0.4248 0.5398 0.7268
vn 0.3241 0.5426 0.7749
vn 0.2947 0.4946 0.8176
vn 0.3962 0.4936 0.7742
vn 0.4062 0.5050 0.7616
vn 0.3043 0.5058 0.8072
vn 0.0810 0.3898 0.9173
vn 0.1718 0.3865 0.9061
vn 0.1726 0.3985 0.9007
vn 0.0819 0.4038 0.9112
vn 0.0816 0.4177 0.9049
vn 0.1718 0.4102 0.8957
vn 0.1699 0.4100 0.8961
vn 0.0802 0.4160 0.9058
vn 0.2605 0.3978 0.8797
vn 0.3600 0.3803 0.8519
vn 0.3578 0.3840 0.8512
vn 0.2578 0.3995 0.8797
vn 0.2612 0.3799 0.8874
vn 0.3617 0.3672 0.8569
vn 0.3617 0.3736 0.8542
vn 0.2618 0.3887 0.8834
vn 0.4581 0.3488 0.8176
vn 0.5479 0.3269 0.7700
vn 0.5476 0.3309 0.7685
vn 0.4573 0.3536 0.8160
vn 0.4555 0.3587 0.8148
vn 0.5463 0.3351 0.7676
vn 0.5454 0.3413 0.7655
vn 0.4533 0.3638 0.8137
vn 0.6311 0.3092 0.7114
vn 0.7063 0.2842 0.6484
vn 0.7070 0.2913 0.6444
vn 0.6308 0.3160 0.7086
vn 0.6319 0.3018 0.7138
vn 0.7056 0.2769 0.6522
vn 0.7062 0.2804 0.6501
vn 0.6316 0.3054 0.7125
vn 0.4516 0.3688 0.8124
vn 0.5442 0.3474 0.7636
vn 0.5444 0.3558 0.7596
vn 0.4509 0.3755 0.8097
vn 0.4512 0.3818 0.8066
vn 0.5445 0.3641 0.7556
vn 0.5466 0.3766 0.7479
vn 0.4534 0.3922 0.8003
vn 0.6314 0.3419 0.6960
vn 0.7085 0.3194 0.6292
vn 0.7093 0.3340 0.6207
vn 0.6327 0.3560 0.6877
vn 0.6306 0.3227 0.7058
vn 0.7072 0.2986 0.6408
vn 0.7082 0.3088 0.6348
vn 0.6309 0.3324 0.7010
vn 0.0796 0.4143 0.9066
vn 0.1686 0.4096 0.8965
vn 0.1686 0.4102 0.8962
vn 0.0796 0.4135 0.9070
vn 0.0803 0.4127 0.9073
vn 0.1691 0.4107 0.8960
vn 0.1712 0.4160 0.8931
vn 0.0816 0.4172 0.9051
vn 0.2566 0.4055 0.8773
vn 0.3559 0.3962 0.8463
vn 0.3587 0.4045 0.8413
vn 0.2591 0.4117 0.8737
vn 0.2561 0.4010 0.8795
vn 0.3558 0.3874 0.8505
vn 0.3557 0.3920 0.8484
vn 0.2557 0.4034 0.8786
vn 0.9343 0.1613 0.3178
vn 0.9454 0.1535 0.2874
vn 0.9455 0.1589 0.2841
vn 0.9342 0.1666 0.3155
vn 0.9340 0.1720 0.3132
vn 0.9455 0.1645 0.2811
vn 0.9453 0.1735 0.2763
vn 0.9334 0.1815 0.3095
vn 0.9557 0.1580 0.2482
vn 0.9484 0.1671 0.2692
vn 0.9501 0.1727 0.2598
vn 0.9556 0.1666 0.2430
vn 0.9554 0.1466 0.2563
vn 0.9457 0.1565 0.2848
vn 0.9465 0.1624 0.2789
vn 0.9555 0.1523 0.2524
vn 0.7725 0.2508 0.5833
vn 0.8266 0.2273 0.5148
vn 0.8274 0.2311 0.5119
vn 0.7733 0.2544 0.5807
vn 0.7742 0.2580 0.5779
vn 0.8278 0.2352 0.5093
vn 0.8287 0.2429 0.5042
vn 0.7753 0.2654 0.5731
vn 0.8747 0.2104 0.4367
vn 0.9066 0.1919 0.3758
vn 0.9066 0.2007 0.3711
vn 0.8749 0.2189 0.4319
vn 0.8739 0.2019 0.4422
vn 0.9065 0.1823 0.3808
vn 0.9067 0.1869 0.3780
vn 0.8743 0.2062 0.4395
vn 0.9252 0.2425 0.2918
vn 0.9373 0.2341 0.2582
vn 0.9359 0.2356 0.2617
vn 0.9232 0.2462 0.2952
vn 0.9199 0.2506 0.3017
vn 0.9332 0.2377 0.2694
vn 0.9309 0.2347 0.2798
vn 0.9159 0.2496 0.3144
vn 0.9451 0.2258 0.2362
vn 0.9511 0.2244 0.2122
vn 0.9536 0.2287 0.1957
vn 0.9432 0.2235 0.2455
vn 0.9480 0.2261 0.2239
vn 0.9463 0.2262 0.2310
vn 0.9479 0.2255 0.2247
vn 0.9471 0.2257 0.2282
vn 0.7763 0.2728 0.5682
vn 0.8290 0.2513 0.4996
vn 0.8296 0.2619 0.4931
vn 0.7773 0.2833 0.5617
vn 0.7779 0.2939 0.5553
vn 0.8292 0.2734 0.4874
vn 0.8287 0.2870 0.4805
vn 0.7780 0.3085 0.5473
vn 0.8742 0.2503 0.4160
vn 0.9040 0.2343 0.3576
vn 0.9025 0.2468 0.3530
vn 0.8729 0.2636 0.4104
vn 0.8750 0.2275 0.4273
vn 0.9060 0.2102 0.3674
vn 0.9054 0.2218 0.3619
vn 0.8748 0.2388 0.4215
vn 0.9375 0.3237 -0.1272
vn 0.9145 0.3651 -0.1744
vn 0.9042 0.3985 -0.1535
vn 0.9182 0.3833 -0.0992
vn 0.8988 0.4353 -0.0519
vn 0.8960 0.4238 -0.1324
vn 0.8881 0.4071 -0.2131
vn -0.0965 -0.9610 0.2591
vn -0.1046 -0.9613 0.2547
vn 0.3590 -0.8562 0.3714
vn 0.4049 -0.8331 0.3768
vn -0.1072 -0.9550 0.2766
vn -0.1227 -0.9490 0.2904
vn -0.1169 -0.9511 0.2858
vn -0.1074 -0.9550 0.2762
vn -0.2023 -0.9120 0.3567
vn -0.1851 -0.9193 0.3473
vn 0.2298 -0.6960 0.6802
vn 0.1422 -0.6917 0.7080
vn -0.1936 -0.9083 0.3708
vn -0.1665 -0.9077 0.3850
vn -0.1666 -0.9082 0.3839
vn -0.1925 -0.9090 0.3697
vn -0.1360 -0.9424 0.3057
vn 0.4026 -0.7774 0.4832
vn 0.3555 -0.7680 0.5326
vn -0.1697 -0.9263 0.3364
vn -0.1801 -0.9211 0.3451
vn -0.1698 -0.9267 0.3353
vn -0.1222 -0.9615 0.2462
vn -0.1338 -0.9612 0.2411
vn 0.1639 -0.9276 0.3355
vn 0.2611 -0.8972 0.3560
vn 0.6100 -0.3005 0.7331
vn 0.6748 -0.3239 0.6631
vn 0.7767 -0.0600 0.6270
vn 0.7205 -0.0341 0.6925
vn 0.7703 0.2333 0.5934
vn 0.8253 0.2104 0.5241
vn 0.8259 0.2186 0.5197
vn 0.7714 0.2421 0.5884
vn 0.8732 0.1854 0.4506
vn 0.9066 0.1647 0.3885
vn 0.9066 0.1733 0.3847
vn 0.8735 0.1937 0.4465
vn 0.7325 -0.3447 0.5871
vn 0.7703 -0.3684 0.5205
vn 0.8701 -0.1067 0.4811
vn 0.8370 -0.0821 0.5410
vn 0.8019 -0.3917 0.4510
vn 0.8030 -0.4230 0.4198
vn 0.9136 -0.1527 0.3769
vn 0.9054 -0.1296 0.4043
vn 0.9351 0.1413 0.3250
vn 0.9465 0.1292 0.2958
vn 0.9459 0.1413 0.2919
vn 0.9347 0.1513 0.3215
vn 0.9568 0.1147 0.2669
vn 0.9505 0.0903 0.2973
vn 0.9465 0.1289 0.2957
vn 0.9560 0.1309 0.2624
vn 0.7937 -0.4675 0.3893
vn 0.7380 -0.5411 0.4030
vn 0.9014 -0.2320 0.3656
vn 0.9205 -0.1835 0.3450
vn 0.2355 -0.3180 0.9183
vn 0.3490 -0.2811 0.8939
vn 0.4657 0.0109 0.8849
vn 0.3616 -0.0090 0.9322
vn 0.4480 0.3055 0.8402
vn 0.5422 0.2976 0.7857
vn 0.5455 0.3118 0.7779
vn 0.4541 0.3266 0.8289
vn 0.6291 0.2794 0.7253
vn 0.7032 0.2573 0.6627
vn 0.7044 0.2669 0.6577
vn 0.6308 0.2905 0.7195
vn 0.4455 -0.2704 0.8534
vn 0.5325 -0.2836 0.7975
vn 0.6399 -0.0140 0.7683
vn 0.5626 0.0049 0.8267
vn -0.0226 -0.6121 0.7904
vn -0.0024 -0.5594 0.8289
vn 0.0854 -0.1573 0.9838
vn 0.0214 -0.2243 0.9743
vn 0.0622 0.2056 0.9766
vn 0.1478 0.2370 0.9602
vn 0.1619 0.3142 0.9354
vn 0.0733 0.2988 0.9515
vn 0.2345 0.2734 0.9329
vn 0.3444 0.2985 0.8901
vn 0.3544 0.3326 0.8740
vn 0.2504 0.3260 0.9116
vn 0.0306 -0.4780 0.8778
vn 0.1349 -0.3887 0.9114
vn 0.2595 -0.0393 0.9649
vn 0.1432 -0.1135 0.9832
vn 0.9092 0.2498 0.3329
vn 0.9273 0.2313 0.2942
vn 0.9167 0.2564 0.3062
vn 0.9030 0.2768 0.3286
vn 0.9026 0.2963 0.3123
vn 0.9235 0.2606 0.2814
vn 0.9420 0.2206 0.2529
vn 0.3335 0.5678 0.7526
vn 0.4344 0.5631 0.7030
vn 0.4284 0.5638 0.7061
vn 0.3369 0.5667 0.7519
vn 0.5297 0.5512 0.6446
vn 0.5930 0.5432 0.5944
vn 0.5898 0.5438 0.5970
vn 0.5327 0.5498 0.6434
vn 0.6523 0.5294 0.5423
vn 0.6883 0.5217 0.5040
vn 0.6866 0.5222 0.5058
vn 0.6540 0.5285 0.5412
vn 0.7225 0.5110 0.4657
vn 0.7660 0.4951 0.4100
vn 0.7640 0.4958 0.4128
vn 0.7233 0.5105 0.4649
vn 0.8048 0.4794 0.3499
vn 0.8638 0.4219 0.2752
vn 0.8753 0.4307 0.2195
vn 0.8066 0.4780 0.3476
vn 0.9543 0.2337 0.1860
vn 0.9473 0.2316 0.2214
vn 0.9441 0.2281 0.2378
vn 0.9449 0.2158 0.2462
vn 0.9450 0.2147 0.2468
vn 0.9439 0.2292 0.2377
vn 0.9462 0.2031 0.2519
vn 0.9468 0.1931 0.2572
vn 0.9468 0.1929 0.2575
vn 0.9464 0.1838 0.2655
vn 0.9441 0.1810 0.2754
vn 0.9437 0.1841 0.2749
vn 0.9461 0.1854 0.2653
vn -0.1387 -0.9029 0.4068
vn 0.0001 -0.6856 0.7279
vn -0.0606 -0.7277 0.6831
vn 0.9130 0.3577 0.1961
vn 0.9378 0.3061 0.1633
vn 0.9376 0.3468 0.0248
vn 0.9135 0.4000 0.0736
vn 0.9583 0.2491 0.1395
vn 0.9582 0.2412 0.1541
vn 0.9594 0.2571 0.1157
vn 0.9574 0.2886 0.0060
vn 0.6069 -0.6781 0.4145
vn 0.5084 -0.7567 0.4109
vn 0.7829 -0.4545 0.4248
vn 0.8364 -0.3669 0.4073
vn 0.9343 -0.0048 0.3565
vn 0.9338 0.0905 0.3461
vn 0.9402 0.1795 0.2894
vn 0.9366 0.1735 0.3042
vn 0.9364 0.1751 0.3041
vn 0.9396 0.1842 0.2884
vn 0.9351 0.1661 0.3131
vn 0.9264 0.0296 0.3753
vn 0.9350 0.1672 0.3128
vn -0.0543 -0.8923 0.4481
vn -0.0521 -0.8925 0.4480
vn -0.0954 -0.8975 0.4306
vn -0.0941 -0.8979 0.4300
vn -0.0497 -0.7441 0.6662
vn -0.0418 -0.7709 0.6355
vn 0.0000 -0.7718 0.6358
vn 0.9195 -0.0783 0.3851
vn 0.9340 0.2851 0.2155
vn 0.9523 0.2335 0.1962
vn 0.9101 0.3271 0.2543
vn -0.1353 -0.9040 0.4056
vn 0.9463 0.2354 0.2217
vn 0.9528 0.2413 0.1844
vn 0.0000 0.1910 0.9816
vn 0.0000 0.2960 0.9552
vn 0.0000 -0.2212 0.9752
vn 0.0000 -0.6329 0.7742
vn 0.1138 -0.6674 0.7359
vn 0.0231 -0.6863 0.7269
vn 0.4209 -0.8116 0.4051
vn 0.4127 -0.8016 0.4325
vn 0.3326 -0.7380 0.5871
vn 0.2607 -0.7278 0.6342
vn -0.1034 -0.9625 0.2508
vn -0.1220 -0.9627 0.2414
vn -0.1314 -0.9622 0.2382
vn -0.1526 -0.9347 0.3209
vn -0.1460 -0.9372 0.3168
vn -0.1364 -0.9427 0.3046
vn -0.1988 -0.9109 0.3615
vn -0.1985 -0.9113 0.3607
vn -0.2022 -0.9122 0.3563
vn -0.1014 -0.9581 0.2680
vn -0.0988 -0.9591 0.2651
vn -0.0968 -0.9611 0.2585
vn 0.8921 0.4000 -0.2102
vn 0.9297 0.3412 -0.1382
vn 0.8947 0.4037 -0.1911
vn 0.8899 0.4109 -0.1981
vn 0.9004 0.4261 -0.0876
vn 0.8993 0.4352 -0.0430
vn 0.9392 0.3205 -0.1231
vn 0.0000 0.4134 0.9105
vn 0.0000 0.4180 0.9084
vn 0.0000 0.4145 0.9100
vn 0.0000 0.4157 0.9095
vn 0.0000 0.4179 0.9085
vn 0.0000 0.4203 0.9074
vn 0.0000 0.4058 0.9139
vn 0.0000 0.3903 0.9207
vn 0.0000 0.5151 0.8571
vn 0.0000 0.5437 0.8393
vn 0.0000 0.5049 0.8632
vn 0.0000 0.4939 0.8695
vn 0.0000 0.4739 0.8806
vn 0.0000 0.4524 0.8918
vn 0.0000 0.4379 0.8990
vn 0.0000 0.4223 0.9064
vn 0.0000 0.5703 0.8214
vn 0.0418 -0.7709 0.6355
vn 0.0941 -0.8979 0.4300
vn -0.9195 -0.0783 0.3851
vn -0.1639 -0.9276 0.3355
vn -0.9523 0.2335 0.1962
vn -0.9340 0.2851 0.2155
vn -0.9101 0.3271 0.2543
vn -0.0001 -0.6856 0.7279
vn 0.1353 -0.9040 0.4056
vn -0.9463 0.2354 0.2217
vn -0.9528 0.2413 0.1844
vn -0.2298 -0.6960 0.6802
vn -0.0231 -0.6863 0.7269
vn -0.4127 -0.8016 0.4325
vn -0.4026 -0.7774 0.4832
vn -0.3555 -0.7680 0.5326
vn -0.3326 -0.7380 0.5871
vn -0.2607 -0.7278 0.6342
vn 0.1338 -0.9612 0.2411
vn 0.1314 -0.9622 0.2382
vn 0.1220 -0.9627 0.2414
vn 0.1034 -0.9625 0.2508
vn 0.1985 -0.9113 0.3607
vn 0.2022 -0.9122 0.3563
vn 0.0988 -0.9591 0.2651
vn 0.0968 -0.9611 0.2585
vn -0.8899 0.4109 -0.1981
vn -0.9004 0.4262 -0.0876
vn -0.8947 0.4037 -0.1911
vn -0.8921 0.4000 -0.2102
vn -0.9297 0.3412 -0.1382
vn -0.8993 0.4352 -0.0430
vn -0.9392 0.3205 -0.1231
s 1
f 3034/2122/2120 2383/2123/2121 2175/2124/2122 2590/2125/2123
f 3033/2126/2124 2505/2127/2125 2229/2128/2126 2508/2129/2127
f 3032/2130/2128 2405/2131/2129 2186/2132/2130 2506/2133/2131
f 3031/2134/2132 2406/2135/2133 2141/2136/2134 2402/2137/2135
f 3030/2138/2136 2507/2139/2137 2184/2140/2138 2401/2141/2139
f 3029/2142/2140 2509/2143/2141 2230/2144/2142 2512/2145/2143
f 3028/2146/2144 2477/2147/2145 2220/2148/2146 2510/2149/2147
f 3027/2150/2148 2478/2151/2149 2136/2152/2150 2403/2153/2151
f 3026/2154/2152 2511/2155/2153 2185/2156/2154 2404/2157/2155
f 3025/2158/2156 2513/2159/2157 2231/2160/2158 2516/2161/2159
f 3024/2162/2160 2446/2163/2161 2206/2164/2162 2514/2165/2163
f 3023/2166/2164 2445/2167/2165 2147/2168/2166 2483/2169/2167
f 3022/2170/2168 2515/2171/2169 2223/2172/2170 2484/2173/2171
f 3021/2174/2172 2517/2175/2173 2232/2176/2174 2520/2177/2175
f 3020/2178/2176 2413/2179/2177 2190/2180/2178 2518/2181/2179
f 3019/2182/2180 2414/2183/2181 2142/2184/2182 2408/2185/2183
f 3018/2186/2184 2519/2187/2185 2187/2188/2186 2407/2189/2187
f 3017/2190/2188 2521/2191/2189 2233/2192/2190 2524/2193/2191
f 3016/2194/2192 2410/2195/2193 2188/2196/2194 2522/2197/2195
f 3015/2198/2196 2409/2199/2197 2138/2200/2198 2395/2201/2199
f 3014/2202/2200 2523/2203/2201 2181/2204/2202 2396/2205/2203
f 3013/2206/2204 2525/2207/2205 2234/2208/2206 2528/2209/2207
f 3012/2210/2208 2475/2211/2209 2219/2212/2210 2526/2213/2211
f 3011/2214/2212 2476/2215/2213 2131/2216/2214 2393/2217/2215
f 3010/2218/2216 2527/2219/2217 2180/2220/2218 2394/2221/2219
f 3009/2222/2220 2529/2223/2221 2235/2224/2222 2532/2225/2223
f 3008/2226/2224 2473/2227/2225 2218/2228/2226 2530/2229/2227
f 3007/2230/2228 2474/2231/2229 2135/2232/2230 2411/2233/2231
f 3006/2234/2232 2531/2235/2233 2189/2236/2234 2412/2237/2235
f 3005/2238/2236 2533/2239/2237 2236/2240/2238 2536/2241/2239
f 3004/2242/2240 2421/2243/2241 2194/2244/2242 2534/2245/2243
f 3003/2246/2244 2422/2247/2245 2143/2248/2246 2416/2249/2247
f 3002/2250/2248 2535/2251/2249 2191/2252/2250 2415/2253/2251
f 3001/2254/2252 2537/2255/2253 2237/2256/2254 2540/2257/2255
f 3000/2258/2256 2418/2259/2257 2192/2260/2258 2538/2261/2259
f 2999/2262/2260 2417/2263/2261 2137/2264/2262 2459/2265/2263
f 2998/2266/2264 2539/2267/2265 2211/2268/2266 2460/2269/2267
f 2997/2270/2268 2541/2271/2269 2238/2272/2270 2544/2273/2271
f 2996/2274/2272 2398/2275/2273 2182/2276/2274 2542/2277/2275
f 2995/2278/2276 2397/2279/2277 2132/2280/2278 2389/2281/2279
f 2994/2282/2280 2543/2283/2281 2178/2284/2282 2390/2285/2283
f 2993/2286/2284 2545/2287/2285 2239/2288/2286 2548/2289/2287
f 2992/2290/2288 2502/2291/2289 2227/2292/2290 2546/2293/2291
f 2991/2294/2292 2501/2295/2293 2139/2296/2294 2419/2297/2295
f 2990/2298/2296 2547/2299/2297 2193/2300/2298 2420/2301/2299
f 2989/2302/2300 2549/2303/2301 2240/2304/2302 2552/2305/2303
f 2988/2306/2304 2440/2307/2305 2203/2308/2306 2550/2309/2307
f 2987/2310/2308 2439/2311/2309 2149/2312/2310 2486/2313/2311
f 2986/2314/2312 2551/2315/2313 2224/2316/2314 2487/2317/2315
f 2985/2318/2316 2553/2319/2317 2241/2320/2318 2556/2321/2319
f 2984/2322/2320 2427/2323/2321 2197/2324/2322 2554/2325/2323
f 2983/2326/2324 2428/2327/2325 2144/2328/2326 2424/2329/2327
f 2982/2330/2328 2555/2331/2329 2195/2332/2330 2423/2333/2331
f 2981/2334/2332 2557/2335/2333 2242/2336/2334 2560/2337/2335
f 2980/2338/2336 2441/2339/2337 2204/2340/2338 2558/2341/2339
f 2979/2342/2340 2442/2343/2341 2148/2344/2342 2479/2345/2343
f 2978/2346/2344 2559/2347/2345 2221/2348/2346 2480/2349/2347
f 2977/2350/2348 2561/2351/2349 2243/2352/2350 2564/2353/2351
f 2976/2354/2352 2400/2355/2353 2183/2356/2354 2562/2357/2355
f 2975/2358/2356 2399/2359/2357 2140/2360/2358 2425/2361/2359
f 2974/2362/2360 2563/2363/2361 2196/2364/2362 2426/2365/2363
f 2973/2366/2364 2565/2367/2365 2244/2368/2366 2567/2369/2367
f 2972/2370/2368 2566/2371/2369 2244/2368/2366 2565/2367/2365
f 2971/2372/2370 2567/2369/2367 2244/2368/2366 2566/2371/2369
f 2970/2373/2371 2568/2374/2372 2202/2375/2373 2438/2376/2374
f 2969/2377/2375 2453/2378/2376 2153/2379/2377 2456/2380/2378
f 2968/2381/2379 2569/2382/2380 2173/2383/2381 2380/2384/2382
f 2967/2385/2383 2449/2386/2384 2152/2387/2385 2457/2388/2386
f 2966/2389/2387 2452/2390/2388 2209/2391/2389 2570/2392/2390
f 2965/2393/2391 2451/2394/2392 2151/2395/2393 2458/2396/2394
f 2964/2397/2395 2485/2398/2396 2145/2399/2397 2495/2400/2398
f 2963/2401/2399 2571/2402/2400 2245/2403/2401 2574/2404/2402
f 2962/2405/2403 2466/2406/2404 2214/2407/2405 2572/2408/2406
f 2961/2409/2407 2465/2410/2408 2157/2411/2409 2464/2412/2410
f 2960/2413/2411 2573/2414/2412 2213/2415/2413 2463/2416/2414
f 2959/2417/2415 2575/2418/2416 2246/2419/2417 2578/2420/2418
f 2958/2421/2419 2468/2422/2420 2215/2423/2421 2576/2424/2422
f 2957/2425/2423 2467/2426/2424 2158/2427/2425 2481/2428/2426
f 2956/2429/2427 2577/2430/2428 2222/2431/2429 2482/2432/2430
f 2955/2433/2431 2579/2434/2432 2247/2435/2433 2582/2436/2434
f 2954/2437/2435 2470/2438/2436 2216/2439/2437 2580/2440/2438
f 2953/2441/2439 2469/2442/2440 2155/2443/2441 2391/2444/2442
f 2952/2445/2443 2581/2446/2444 2179/2447/2445 2392/2448/2446
f 2951/2449/2447 2583/2450/2448 2248/2451/2449 2586/2452/2450
f 2950/2453/2451 2504/2454/2452 2228/2455/2453 2584/2456/2454
f 2949/2457/2455 2503/2458/2456 2156/2459/2457 2462/2460/2458
f 2948/2461/2459 2585/2462/2460 2212/2463/2461 2461/2464/2462
f 2947/2465/2463 2587/2466/2464 2249/2467/2465 2589/2468/2466
f 2946/2469/2467 2588/2470/2468 2249/2467/2465 2587/2466/2464
f 2945/2471/2469 2589/2468/2466 2249/2467/2465 2588/2470/2468
f 2944/2472/2470 2384/2473/2471 2159/2474/2472 2490/2475/2473
f 2943/2476/2474 2385/2477/2475 2176/2478/2476 2591/2479/2477
f 2942/2480/2478 2386/2481/2479 2160/2482/2480 2491/2483/2481
f 2941/2484/2482 2387/2485/2483 2177/2486/2484 2592/2487/2485
f 2940/2488/2486 2388/2489/2487 2161/2490/2488 2492/2491/2489
f 2939/2492/2490 2593/2493/2491 2221/2348/2346 2479/2345/2343
f 2938/2494/2492 2430/2495/2493 2163/2496/2494 2494/2497/2495
f 2937/2498/2496 2433/2499/2496 2200/2500/2497 2594/2501/2498
f 2936/2502/2499 2434/2503/2500 2165/2504/2501 2496/2505/2502
f 2935/2506/2503 2598/2507/2504 2172/2508/2505 2378/2509/2506
f 2934/2510/2507 2472/2511/2508 2217/2512/2509 2595/2513/2510
f 2933/2514/2511 2471/2515/2512 2162/2516/2513 2493/2517/2514
f 2932/2518/2515 2596/2519/2516 2201/2520/2517 2436/2521/2518
f 2931/2522/2519 2481/2428/2426 2158/2427/2425 2498/2523/2520
f 2930/2524/2521 2499/2525/2522 2226/2526/2523 2597/2527/2524
f 2929/2528/2525 2500/2529/2526 2150/2530/2527 2498/2523/2520
f 2928/2531/2528 2447/2532/2529 2127/2533/2530 2374/2534/2530
f 2927/2535/2531 2812/2536/2532 2290/2537/2533 2605/2538/2534
f 2926/2539/2535 2730/2540/2536 2344/2541/2537 2727/2542/2538
f 2925/2543/2539 2728/2544/2540 2301/2545/2541 2627/2546/2542
f 2924/2547/2543 2624/2548/2544 2261/2549/2545 2628/2550/2546
f 2923/2551/2547 2623/2552/2548 2299/2553/2549 2729/2554/2550
f 2922/2555/2551 2734/2556/2552 2345/2557/2553 2731/2558/2554
f 2921/2559/2555 2732/2560/2556 2335/2561/2557 2699/2562/2558
f 2920/2563/2559 2625/2564/2560 2256/2565/2561 2700/2566/2562
f 2919/2567/2563 2626/2568/2564 2300/2569/2565 2733/2570/2566
f 2918/2571/2567 2738/2572/2568 2346/2573/2569 2735/2574/2570
f 2917/2575/2571 2736/2576/2572 2321/2577/2573 2668/2578/2574
f 2916/2579/2575 2705/2580/2576 2267/2581/2577 2667/2582/2578
f 2915/2583/2579 2706/2584/2580 2338/2585/2581 2737/2586/2582
f 2914/2587/2583 2742/2588/2584 2347/2589/2585 2739/2590/2586
f 2913/2591/2587 2740/2592/2588 2305/2593/2589 2635/2594/2590
f 2912/2595/2591 2630/2596/2592 2262/2597/2593 2636/2598/2594
f 2911/2599/2595 2629/2600/2596 2302/2601/2597 2741/2602/2598
f 2910/2603/2599 2746/2604/2600 2348/2605/2601 2743/2606/2602
f 2909/2607/2603 2744/2608/2604 2303/2609/2605 2632/2610/2606
f 2908/2611/2607 2617/2612/2608 2258/2613/2609 2631/2614/2610
f 2907/2615/2611 2618/2616/2612 2296/2617/2613 2745/2618/2614
f 2906/2619/2615 2750/2620/2616 2349/2621/2617 2747/2622/2618
f 2905/2623/2619 2748/2624/2620 2334/2625/2621 2697/2626/2622
f 2904/2627/2623 2615/2628/2624 2251/2629/2625 2698/2630/2626
f 2903/2631/2627 2616/2632/2628 2295/2633/2629 2749/2634/2630
f 2902/2635/2631 2754/2636/2632 2350/2637/2633 2751/2638/2634
f 2901/2639/2635 2752/2640/2636 2333/2641/2637 2695/2642/2638
f 2900/2643/2639 2633/2644/2640 2255/2645/2641 2696/2646/2642
f 2899/2647/2643 2634/2648/2644 2304/2649/2645 2753/2650/2646
f 2898/2651/2647 2758/2652/2648 2351/2653/2649 2755/2654/2650
f 2897/2655/2651 2756/2656/2652 2309/2657/2653 2643/2658/2654
f 2896/2659/2655 2638/2660/2656 2263/2661/2657 2644/2662/2658
f 2895/2663/2659 2637/2664/2660 2306/2665/2661 2757/2666/2662
f 2894/2667/2663 2762/2668/2664 2352/2669/2665 2759/2670/2666
f 2893/2671/2667 2760/2672/2668 2307/2673/2669 2640/2674/2670
f 2892/2675/2671 2681/2676/2672 2257/2677/2673 2639/2678/2674
f 2891/2679/2675 2682/2680/2676 2326/2681/2677 2761/2682/2678
f 2890/2683/2679 2766/2684/2680 2353/2685/2681 2763/2686/2682
f 2889/2687/2683 2764/2688/2684 2297/2689/2685 2620/2690/2686
f 2888/2691/2687 2611/2692/2688 2252/2693/2689 2619/2694/2690
f 2887/2695/2691 2612/2696/2692 2293/2697/2693 2765/2698/2694
f 2886/2699/2695 2770/2700/2696 2354/2701/2697 2767/2702/2698
f 2885/2703/2699 2768/2704/2700 2342/2705/2701 2724/2706/2702
f 2884/2707/2703 2641/2708/2704 2259/2709/2705 2723/2710/2706
f 2883/2711/2707 2642/2712/2708 2308/2713/2709 2769/2714/2710
f 2882/2715/2711 2774/2716/2712 2355/2717/2713 2771/2718/2714
f 2881/2719/2715 2772/2720/2716 2318/2721/2717 2662/2722/2718
f 2880/2723/2719 2708/2724/2720 2269/2725/2721 2661/2726/2722
f 2879/2727/2723 2709/2728/2724 2339/2729/2725 2773/2730/2726
f 2878/2731/2727 2778/2732/2728 2356/2733/2729 2775/2734/2730
f 2877/2735/2731 2776/2736/2732 2312/2737/2733 2649/2738/2734
f 2876/2739/2735 2646/2740/2736 2264/2741/2737 2650/2742/2738
f 2875/2743/2739 2645/2744/2740 2310/2745/2741 2777/2746/2742
f 2874/2747/2743 2782/2748/2744 2357/2749/2745 2779/2750/2746
f 2873/2751/2747 2780/2752/2748 2319/2753/2749 2663/2754/2750
f 2872/2755/2751 2701/2756/2752 2268/2757/2753 2664/2758/2754
f 2871/2759/2755 2702/2760/2756 2336/2761/2757 2781/2762/2758
f 2870/2763/2759 2786/2764/2760 2358/2765/2761 2783/2766/2762
f 2869/2767/2763 2784/2768/2764 2298/2769/2765 2622/2770/2766
f 2868/2771/2767 2647/2772/2768 2260/2773/2769 2621/2774/2770
f 2867/2775/2771 2648/2776/2772 2311/2777/2773 2785/2778/2774
f 2866/2779/2775 2789/2780/2776 2359/2781/2777 2787/2782/2778
f 2865/2783/2779 2787/2782/2778 2359/2781/2777 2788/2784/2780
f 2864/2785/2781 2788/2784/2780 2359/2781/2777 2789/2780/2776
f 2863/2786/2782 2707/2787/2783 2265/2788/2784 2660/2789/2785
f 2862/2790/2786 2678/2791/2787 2273/2792/2788 2675/2793/2789
f 2861/2794/2790 2680/2795/2791 2250/2796/2792 2602/2797/2793
f 2860/2798/2794 2679/2799/2795 2272/2800/2796 2671/2801/2797
f 2859/2802/2798 2678/2791/2787 2254/2803/2799 2604/2804/2800
f 2858/2805/2801 2680/2795/2791 2271/2806/2802 2673/2807/2803
f 2857/2808/2804 2677/2809/2805 2284/2810/2806 2717/2811/2807
f 2856/2812/2808 2796/2813/2809 2360/2814/2810 2793/2815/2811
f 2855/2816/2812 2794/2817/2813 2329/2818/2814 2688/2819/2815
f 2854/2820/2816 2686/2821/2817 2277/2822/2818 2687/2823/2819
f 2853/2824/2820 2685/2825/2821 2328/2826/2822 2795/2827/2823
f 2852/2828/2824 2800/2829/2825 2361/2830/2826 2797/2831/2827
f 2851/2832/2828 2798/2833/2829 2330/2834/2830 2690/2835/2831
f 2850/2836/2832 2703/2837/2833 2278/2838/2834 2689/2839/2835
f 2849/2840/2836 2704/2841/2837 2337/2842/2838 2799/2843/2839
f 2848/2844/2840 2804/2845/2841 2362/2846/2842 2801/2847/2843
f 2847/2848/2844 2802/2849/2845 2331/2850/2846 2692/2851/2847
f 2846/2852/2848 2613/2853/2849 2275/2854/2850 2691/2855/2851
f 2845/2856/2852 2614/2857/2853 2294/2858/2854 2803/2859/2855
f 2844/2860/2856 2808/2861/2857 2363/2862/2858 2805/2863/2859
f 2843/2864/2860 2806/2865/2861 2343/2866/2862 2726/2867/2863
f 2842/2868/2864 2684/2869/2865 2276/2870/2866 2725/2871/2867
f 2841/2872/2868 2683/2873/2869 2327/2874/2870 2807/2875/2871
f 2840/2876/2872 2811/2877/2873 2364/2878/2874 2809/2879/2875
f 2839/2880/2876 2809/2879/2875 2364/2878/2874 2810/2881/2877
f 2838/2882/2878 2810/2881/2877 2364/2878/2874 2811/2877/2873
f 2837/2883/2879 2712/2884/2880 2279/2885/2881 2606/2886/2882
f 2836/2887/2883 2813/2888/2884 2291/2889/2885 2607/2890/2886
f 2835/2891/2887 2713/2892/2888 2280/2893/2889 2608/2894/2890
f 2834/2895/2891 2814/2896/2892 2292/2897/2893 2609/2898/2894
f 2833/2899/2895 2714/2900/2896 2281/2901/2897 2610/2902/2898
f 2832/2903/2899 2701/2756/2752 2336/2761/2757 2815/2904/2900
f 2831/2905/2901 2716/2906/2902 2283/2907/2903 2652/2908/2904
f 2830/2909/2905 2816/2910/2906 2315/2911/2907 2655/2912/2905
f 2829/2913/2908 2718/2914/2909 2285/2915/2910 2656/2916/2911
f 2828/2917/2912 2679/2799/2795 2253/2918/2913 2600/2919/2914
f 2827/2920/2915 2817/2921/2916 2332/2922/2917 2694/2923/2918
f 2826/2924/2919 2715/2925/2920 2282/2926/2921 2693/2927/2922
f 2825/2928/2923 2658/2929/2924 2316/2930/2925 2818/2931/2926
f 2824/2932/2927 2720/2933/2928 2278/2838/2834 2703/2837/2833
f 2823/2934/2929 2819/2935/2930 2341/2936/2931 2721/2937/2932
f 2822/2938/2933 2720/2933/2928 2270/2939/2934 2722/2940/2935
f 2821/2941/2936 2374/2534/2530 2127/2533/2530 2669/2942/2937
f 2820/2943/2938 2821/2941/2936 2669/2942/2937 2322/2944/2939
f 2287/2945/2940 2599/2946/2941 2821/2941/2936 2820/2943/2938
f 2599/2946/2941 2123/2947/2942 2374/2534/2530 2821/2941/2936
f 2819/2935/2930 2822/2938/2933 2722/2940/2935 2341/2936/2931
f 2339/2729/2725 2709/2728/2724 2822/2938/2933 2819/2935/2930
f 2709/2728/2724 2278/2838/2834 2720/2933/2928 2822/2938/2933
f 2718/2914/2909 2823/2934/2929 2721/2937/2932 2285/2915/2910
f 2269/2725/2721 2708/2724/2720 2823/2934/2929 2718/2914/2909
f 2708/2724/2720 2339/2729/2725 2819/2935/2930 2823/2934/2929
f 2818/2931/2926 2824/2932/2927 2703/2837/2833 2337/2842/2838
f 2316/2930/2925 2657/2948/2943 2824/2932/2927 2818/2931/2926
f 2657/2948/2943 2270/2939/2934 2720/2933/2928 2824/2932/2927
f 2704/2841/2837 2825/2928/2923 2818/2931/2926 2337/2842/2838
f 2265/2788/2784 2717/2811/2807 2825/2928/2923 2704/2841/2837
f 2717/2811/2807 2284/2810/2806 2658/2929/2924 2825/2928/2923
f 2817/2921/2916 2826/2924/2919 2693/2927/2922 2332/2922/2917
f 2340/2949/2944 2710/2950/2945 2826/2924/2919 2817/2921/2916
f 2710/2950/2945 2268/2757/2753 2715/2925/2920 2826/2924/2919
f 2714/2900/2896 2827/2920/2915 2694/2923/2918 2281/2901/2897
f 2256/2565/2561 2711/2951/2946 2827/2920/2915 2714/2900/2896
f 2711/2951/2946 2340/2949/2944 2817/2921/2916 2827/2920/2915
f 2820/2943/2938 2828/2917/2912 2600/2919/2914 2287/2945/2940
f 2322/2944/2939 2670/2952/2947 2828/2917/2912 2820/2943/2938
f 2670/2952/2947 2272/2800/2796 2679/2799/2795 2828/2917/2912
f 2816/2910/2906 2829/2913/2908 2656/2916/2911 2315/2911/2907
f 2338/2585/2581 2706/2584/2580 2829/2913/2908 2816/2910/2906
f 2706/2584/2580 2269/2725/2721 2718/2914/2909 2829/2913/2908
f 2716/2906/2902 2830/2909/2905 2655/2912/2905 2283/2907/2903
f 2267/2581/2577 2705/2580/2576 2830/2909/2905 2716/2906/2902
f 2705/2580/2576 2338/2585/2581 2816/2910/2906 2830/2909/2905
f 2815/2904/2900 2831/2905/2901 2652/2908/2904 2313/2953/2948
f 2336/2761/2757 2702/2760/2756 2831/2905/2901 2815/2904/2900
f 2702/2760/2756 2267/2581/2577 2716/2906/2902 2831/2905/2901
f 2651/2954/2949 2832/2903/2899 2815/2904/2900 2313/2953/2948
f 2282/2926/2921 2715/2925/2920 2832/2903/2899 2651/2954/2949
f 2715/2925/2920 2268/2757/2753 2701/2756/2752 2832/2903/2899
f 2814/2896/2892 2833/2899/2895 2610/2902/2898 2292/2897/2893
f 2335/2561/2557 2700/2566/2562 2833/2899/2895 2814/2896/2892
f 2700/2566/2562 2256/2565/2561 2714/2900/2896 2833/2899/2895
f 2713/2892/2888 2834/2895/2891 2609/2898/2894 2280/2893/2889
f 2251/2629/2625 2699/2562/2558 2834/2895/2891 2713/2892/2888
f 2699/2562/2558 2335/2561/2557 2814/2896/2892 2834/2895/2891
f 2813/2888/2884 2835/2891/2887 2608/2894/2890 2291/2889/2885
f 2334/2625/2621 2698/2630/2626 2835/2891/2887 2813/2888/2884
f 2698/2630/2626 2251/2629/2625 2713/2892/2888 2835/2891/2887
f 2712/2884/2880 2836/2887/2883 2607/2890/2886 2279/2885/2881
f 2255/2645/2641 2697/2626/2622 2836/2887/2883 2712/2884/2880
f 2697/2626/2622 2334/2625/2621 2813/2888/2884 2836/2887/2883
f 2812/2536/2532 2837/2883/2879 2606/2886/2882 2290/2537/2533
f 2333/2641/2637 2696/2646/2642 2837/2883/2879 2812/2536/2532
f 2696/2646/2642 2255/2645/2641 2712/2884/2880 2837/2883/2879
f 2664/2758/2754 2838/2882/2878 2811/2877/2873 2319/2753/2749
f 2268/2757/2753 2710/2950/2945 2838/2882/2878 2664/2758/2754
f 2710/2950/2945 2340/2949/2944 2810/2881/2877 2838/2882/2878
f 2711/2951/2946 2839/2880/2876 2810/2881/2877 2340/2949/2944
f 2256/2565/2561 2625/2564/2560 2839/2880/2876 2711/2951/2946
f 2625/2564/2560 2300/2569/2565 2809/2879/2875 2839/2880/2876
f 2626/2568/2564 2840/2876/2872 2809/2879/2875 2300/2569/2565
f 2261/2549/2545 2663/2754/2750 2840/2876/2872 2626/2568/2564
f 2663/2754/2750 2319/2753/2749 2811/2877/2873 2840/2876/2872
f 2808/2861/2857 2841/2872/2868 2807/2875/2871 2363/2862/2858
f 2287/2955/2940 2600/2956/2914 2841/2872/2868 2808/2861/2857
f 2600/2956/2914 2253/2957/2913 2683/2873/2869 2841/2872/2868
f 2806/2865/2861 2842/2868/2864 2725/2871/2867 2343/2866/2862
f 2363/2862/2858 2807/2875/2871 2842/2868/2864 2806/2865/2861
f 2807/2875/2871 2327/2874/2870 2684/2869/2865 2842/2868/2864
f 2376/2958/2950 2843/2864/2860 2726/2867/2863 2128/2959/2951
f 2171/2960/2952 2805/2863/2859 2843/2864/2860 2376/2958/2950
f 2805/2863/2859 2363/2862/2858 2806/2865/2861 2843/2864/2860
f 2375/2961/2953 2844/2860/2856 2805/2863/2859 2171/2960/2952
f 2123/2962/2942 2599/2963/2941 2844/2860/2856 2375/2961/2953
f 2599/2963/2941 2287/2955/2940 2808/2861/2857 2844/2860/2856
f 2804/2845/2841 2845/2856/2852 2803/2859/2855 2362/2846/2842
f 2288/2964/2954 2602/2965/2793 2845/2856/2852 2804/2845/2841
f 2602/2965/2793 2250/2966/2792 2614/2857/2853 2845/2856/2852
f 2802/2849/2845 2846/2852/2848 2691/2855/2851 2331/2850/2846
f 2362/2846/2842 2803/2859/2855 2846/2852/2848 2802/2849/2845
f 2803/2859/2855 2294/2858/2854 2613/2853/2849 2846/2852/2848
f 2684/2869/2865 2847/2848/2844 2692/2851/2847 2276/2870/2866
f 2327/2874/2870 2801/2847/2843 2847/2848/2844 2684/2869/2865
f 2801/2847/2843 2362/2846/2842 2802/2849/2845 2847/2848/2844
f 2683/2873/2869 2848/2844/2840 2801/2847/2843 2327/2874/2870
f 2253/2957/2913 2601/2967/2955 2848/2844/2840 2683/2873/2869
f 2601/2967/2955 2288/2964/2954 2804/2845/2841 2848/2844/2840
f 2800/2829/2825 2849/2840/2836 2799/2843/2839 2361/2830/2826
f 2317/2968/2956 2660/2789/2785 2849/2840/2836 2800/2829/2825
f 2660/2789/2785 2265/2788/2784 2704/2841/2837 2849/2840/2836
f 2798/2833/2829 2850/2836/2832 2689/2839/2835 2330/2834/2830
f 2361/2830/2826 2799/2843/2839 2850/2836/2832 2798/2833/2829
f 2799/2843/2839 2337/2842/2838 2703/2837/2833 2850/2836/2832
f 2686/2821/2817 2851/2832/2828 2690/2835/2831 2277/2822/2818
f 2328/2826/2822 2797/2831/2827 2851/2832/2828 2686/2821/2817
f 2797/2831/2827 2361/2830/2826 2798/2833/2829 2851/2832/2828
f 2685/2825/2821 2852/2828/2824 2797/2831/2827 2328/2826/2822
f 2254/2969/2799 2659/2970/2957 2852/2828/2824 2685/2825/2821
f 2659/2970/2957 2317/2968/2956 2800/2829/2825 2852/2828/2824
f 2796/2813/2809 2853/2824/2820 2795/2827/2823 2360/2814/2810
f 2289/2971/2958 2604/2972/2800 2853/2824/2820 2796/2813/2809
f 2604/2972/2800 2254/2969/2799 2685/2825/2821 2853/2824/2820
f 2794/2817/2813 2854/2820/2816 2687/2823/2819 2329/2818/2814
f 2360/2814/2810 2795/2827/2823 2854/2820/2816 2794/2817/2813
f 2795/2827/2823 2328/2826/2822 2686/2821/2817 2854/2820/2816
f 2613/2853/2849 2855/2816/2812 2688/2819/2815 2275/2854/2850
f 2294/2858/2854 2793/2815/2811 2855/2816/2812 2613/2853/2849
f 2793/2815/2811 2360/2814/2810 2794/2817/2813 2855/2816/2812
f 2614/2857/2853 2856/2812/2808 2793/2815/2811 2294/2858/2854
f 2250/2966/2792 2603/2973/2959 2856/2812/2808 2614/2857/2853
f 2603/2973/2959 2289/2971/2958 2796/2813/2809 2856/2812/2808
f 2707/2787/2783 2857/2808/2804 2717/2811/2807 2265/2788/2784
f 2274/2974/2960 2719/2975/2961 2857/2808/2804 2707/2787/2783
f 2719/2975/2961 2286/2976/2962 2677/2809/2805 2857/2808/2804
f 2792/2977/2963 2858/2805/2801 2673/2807/2803 2324/2978/2964
f 2289/2979/2958 2603/2980/2959 2858/2805/2801 2792/2977/2963
f 2603/2980/2959 2250/2796/2792 2680/2795/2791 2858/2805/2801
f 2792/2977/2963 2859/2802/2798 2604/2804/2800 2289/2979/2958
f 2324/2978/2964 2674/2981/2965 2859/2802/2798 2792/2977/2963
f 2674/2981/2965 2273/2792/2788 2678/2791/2787 2859/2802/2798
f 2791/2982/2966 2860/2798/2794 2671/2801/2797 2323/2983/2967
f 2288/2984/2954 2601/2985/2955 2860/2798/2794 2791/2982/2966
f 2601/2985/2955 2253/2918/2913 2679/2799/2795 2860/2798/2794
f 2791/2982/2966 2861/2794/2790 2602/2797/2793 2288/2984/2954
f 2323/2983/2967 2672/2986/2968 2861/2794/2790 2791/2982/2966
f 2672/2986/2968 2271/2806/2802 2680/2795/2791 2861/2794/2790
f 2790/2987/2969 2862/2790/2786 2675/2793/2789 2325/2988/2970
f 2317/2968/2956 2659/2970/2957 2862/2989/2786 2790/2990/2969
f 2659/2991/2957 2254/2803/2799 2678/2791/2787 2862/2790/2786
f 2790/2990/2969 2863/2786/2782 2660/2789/2785 2317/2968/2956
f 2325/2988/2970 2676/2992/2971 2863/2993/2782 2790/2987/2969
f 2676/2994/2971 2274/2974/2960 2707/2787/2783 2863/2786/2782
f 2653/2995/2972 2864/2785/2781 2789/2780/2776 2314/2996/2973
f 2266/2997/2974 2665/2998/2975 2864/2785/2781 2653/2995/2972
f 2665/2998/2975 2320/2999/2976 2788/2784/2780 2864/2785/2781
f 2666/3000/2977 2865/2783/2779 2788/2784/2780 2320/2999/2976
f 2281/2901/2897 2694/2923/2918 2865/2783/2779 2666/3000/2977
f 2694/2923/2918 2332/2922/2917 2787/2782/2778 2865/2783/2779
f 2693/2927/2922 2866/2779/2775 2787/2782/2778 2332/2922/2917
f 2282/2926/2921 2654/3001/2978 2866/2779/2775 2693/2927/2922
f 2654/3001/2978 2314/2996/2973 2789/2780/2776 2866/2779/2775
f 2786/2764/2760 2867/2775/2771 2785/2778/2774 2358/2765/2761
f 2312/2737/2733 2650/2742/2738 2867/2775/2771 2786/2764/2760
f 2650/2742/2738 2264/2741/2737 2648/2776/2772 2867/2775/2771
f 2784/2768/2764 2868/2771/2767 2621/2774/2770 2298/2769/2765
f 2358/2765/2761 2785/2778/2774 2868/2771/2767 2784/2768/2764
f 2785/2778/2774 2311/2777/2773 2647/2772/2768 2868/2771/2767
f 2611/2692/2688 2869/2767/2763 2622/2770/2766 2252/2693/2689
f 2293/2697/2693 2783/2766/2762 2869/2767/2763 2611/2692/2688
f 2783/2766/2762 2358/2765/2761 2784/2768/2764 2869/2767/2763
f 2612/2696/2692 2870/2763/2759 2783/2766/2762 2293/2697/2693
f 2257/2677/2673 2649/2738/2734 2870/2763/2759 2612/2696/2692
f 2649/2738/2734 2312/2737/2733 2786/2764/2760 2870/2763/2759
f 2782/2748/2744 2871/2759/2755 2781/2762/2758 2357/2749/2745
f 2321/2577/2573 2667/2582/2578 2871/2759/2755 2782/2748/2744
f 2667/2582/2578 2267/2581/2577 2702/2760/2756 2871/2759/2755
f 2780/2752/2748 2872/2755/2751 2664/2758/2754 2319/2753/2749
f 2357/2749/2745 2781/2762/2758 2872/2755/2751 2780/2752/2748
f 2781/2762/2758 2336/2761/2757 2701/2756/2752 2872/2755/2751
f 2624/2548/2544 2873/2751/2747 2663/2754/2750 2261/2549/2545
f 2299/2553/2549 2779/2750/2746 2873/2751/2747 2624/2548/2544
f 2779/2750/2746 2357/2749/2745 2780/2752/2748 2873/2751/2747
f 2623/2552/2548 2874/2747/2743 2779/2750/2746 2299/2553/2549
f 2260/2773/2769 2668/2578/2574 2874/2747/2743 2623/2552/2548
f 2668/2578/2574 2321/2577/2573 2782/2748/2744 2874/2747/2743
f 2778/2732/2728 2875/2743/2739 2777/2746/2742 2356/2733/2729
f 2329/2818/2814 2687/2823/2819 2875/2743/2739 2778/2732/2728
f 2687/2823/2819 2277/2822/2818 2645/2744/2740 2875/2743/2739
f 2776/2736/2732 2876/2739/2735 2650/2742/2738 2312/2737/2733
f 2356/2733/2729 2777/2746/2742 2876/2739/2735 2776/2736/2732
f 2777/2746/2742 2310/2745/2741 2646/2740/2736 2876/2739/2735
f 2681/2676/2672 2877/2735/2731 2649/2738/2734 2257/2677/2673
f 2326/2681/2677 2775/2734/2730 2877/2735/2731 2681/2676/2672
f 2775/2734/2730 2356/2733/2729 2776/2736/2732 2877/2735/2731
f 2682/2680/2676 2878/2731/2727 2775/2734/2730 2326/2681/2677
f 2275/2854/2850 2688/2819/2815 2878/2731/2727 2682/2680/2676
f 2688/2819/2815 2329/2818/2814 2778/2732/2728 2878/2731/2727
f 2774/2716/2712 2879/2727/2723 2773/2730/2726 2355/2717/2713
f 2330/2834/2830 2689/2839/2835 2879/2727/2723 2774/2716/2712
f 2689/2839/2835 2278/2838/2834 2709/2728/2724 2879/2727/2723
f 2772/2720/2716 2880/2723/2719 2661/2726/2722 2318/2721/2717
f 2355/2717/2713 2773/2730/2726 2880/2723/2719 2772/2720/2716
f 2773/2730/2726 2339/2729/2725 2708/2724/2720 2880/2723/2719
f 2646/2740/2736 2881/2719/2715 2662/2722/2718 2264/2741/2737
f 2310/2745/2741 2771/2718/2714 2881/2719/2715 2646/2740/2736
f 2771/2718/2714 2355/2717/2713 2772/2720/2716 2881/2719/2715
f 2645/2744/2740 2882/2715/2711 2771/2718/2714 2310/2745/2741
f 2277/2822/2818 2690/2835/2831 2882/2715/2711 2645/2744/2740
f 2690/2835/2831 2330/2834/2830 2774/2716/2712 2882/2715/2711
f 2770/2700/2696 2883/2711/2707 2769/2714/2710 2354/2701/2697
f 2309/2657/2653 2644/2662/2658 2883/2711/2707 2770/2700/2696
f 2644/2662/2658 2263/2661/2657 2642/2712/2708 2883/2711/2707
f 2768/2704/2700 2884/2707/2703 2723/2710/2706 2342/2705/2701
f 2354/2701/2697 2769/2714/2710 2884/2707/2703 2768/2704/2700
f 2769/2714/2710 2308/2713/2709 2641/2708/2704 2884/2707/2703
f 2372/3002/2979 2885/2703/2699 2724/2706/2702 2124/3003/2980
f 2170/3004/2981 2767/2702/2698 2885/2703/2699 2372/3002/2979
f 2767/2702/2698 2354/2701/2697 2768/2704/2700 2885/2703/2699
f 2371/3005/2982 2886/2699/2695 2767/2702/2698 2170/3004/2981
f 2126/3006/2983 2643/2658/2654 2886/2699/2695 2371/3005/2982
f 2643/2658/2654 2309/2657/2653 2770/2700/2696 2886/2699/2695
f 2766/2684/2680 2887/2695/2691 2765/2698/2694 2353/2685/2681
f 2307/2673/2669 2639/2678/2674 2887/2695/2691 2766/2684/2680
f 2639/2678/2674 2257/2677/2673 2612/2696/2692 2887/2695/2691
f 2764/2688/2684 2888/2691/2687 2619/2694/2690 2297/2689/2685
f 2353/2685/2681 2765/2698/2694 2888/2691/2687 2764/2688/2684
f 2765/2698/2694 2293/2697/2693 2611/2692/2688 2888/2691/2687
f 2641/2708/2704 2889/2687/2683 2620/2690/2686 2259/2709/2705
f 2308/2713/2709 2763/2686/2682 2889/2687/2683 2641/2708/2704
f 2763/2686/2682 2353/2685/2681 2764/2688/2684 2889/2687/2683
f 2642/2712/2708 2890/2683/2679 2763/2686/2682 2308/2713/2709
f 2263/2661/2657 2640/2674/2670 2890/2683/2679 2642/2712/2708
f 2640/2674/2670 2307/2673/2669 2766/2684/2680 2890/2683/2679
f 2762/2668/2664 2891/2679/2675 2761/2682/2678 2352/2669/2665
f 2331/2850/2846 2691/2855/2851 2891/2679/2675 2762/2668/2664
f 2691/2855/2851 2275/2854/2850 2682/2680/2676 2891/2679/2675
f 2760/2672/2668 2892/2675/2671 2639/2678/2674 2307/2673/2669
f 2352/2669/2665 2761/2682/2678 2892/2675/2671 2760/2672/2668
f 2761/2682/2678 2326/2681/2677 2681/2676/2672 2892/2675/2671
f 2638/2660/2656 2893/2671/2667 2640/2674/2670 2263/2661/2657
f 2306/2665/2661 2759/2670/2666 2893/2671/2667 2638/2660/2656
f 2759/2670/2666 2352/2669/2665 2760/2672/2668 2893/2671/2667
f 2637/2664/2660 2894/2667/2663 2759/2670/2666 2306/2665/2661
f 2276/2870/2866 2692/2851/2847 2894/2667/2663 2637/2664/2660
f 2692/2851/2847 2331/2850/2846 2762/2668/2664 2894/2667/2663
f 2758/2652/2648 2895/2663/2659 2757/2666/2662 2351/2653/2649
f 2343/2866/2862 2725/2871/2867 2895/2663/2659 2758/2652/2648
f 2725/2871/2867 2276/2870/2866 2637/2664/2660 2895/2663/2659
f 2756/2656/2652 2896/2659/2655 2644/2662/2658 2309/2657/2653
f 2351/2653/2649 2757/2666/2662 2896/2659/2655 2756/2656/2652
f 2757/2666/2662 2306/2665/2661 2638/2660/2656 2896/2659/2655
f 2366/3007/2984 2897/2655/2651 2643/2658/2654 2126/3006/2983
f 2167/3008/2985 2755/2654/2650 2897/2655/2651 2366/3007/2984
f 2755/2654/2650 2351/2653/2649 2756/2656/2652 2897/2655/2651
f 2365/3009/2986 2898/2651/2647 2755/2654/2650 2167/3008/2985
f 2128/2959/2951 2726/2867/2863 2898/2651/2647 2365/3009/2986
f 2726/2867/2863 2343/2866/2862 2758/2652/2648 2898/2651/2647
f 2754/2636/2632 2899/2647/2643 2753/2650/2646 2350/2637/2633
f 2305/2593/2589 2636/2598/2594 2899/2647/2643 2754/2636/2632
f 2636/2598/2594 2262/2597/2593 2634/2648/2644 2899/2647/2643
f 2752/2640/2636 2900/2643/2639 2696/2646/2642 2333/2641/2637
f 2350/2637/2633 2753/2650/2646 2900/2643/2639 2752/2640/2636
f 2753/2650/2646 2304/2649/2645 2633/2644/2640 2900/2643/2639
f 2368/3010/2987 2901/2639/2635 2695/2642/2638 2129/3011/2988
f 2168/3012/2989 2751/2638/2634 2901/2639/2635 2368/3010/2987
f 2751/2638/2634 2350/2637/2633 2752/2640/2636 2901/2639/2635
f 2367/3013/2990 2902/2635/2631 2751/2638/2634 2168/3012/2989
f 2125/3014/2991 2635/2594/2590 2902/2635/2631 2367/3013/2990
f 2635/2594/2590 2305/2593/2589 2754/2636/2632 2902/2635/2631
f 2750/2620/2616 2903/2631/2627 2749/2634/2630 2349/2621/2617
f 2303/2609/2605 2631/2614/2610 2903/2631/2627 2750/2620/2616
f 2631/2614/2610 2258/2613/2609 2616/2632/2628 2903/2631/2627
f 2748/2624/2620 2904/2627/2623 2698/2630/2626 2334/2625/2621
f 2349/2621/2617 2749/2634/2630 2904/2627/2623 2748/2624/2620
f 2749/2634/2630 2295/2633/2629 2615/2628/2624 2904/2627/2623
f 2633/2644/2640 2905/2623/2619 2697/2626/2622 2255/2645/2641
f 2304/2649/2645 2747/2622/2618 2905/2623/2619 2633/2644/2640
f 2747/2622/2618 2349/2621/2617 2748/2624/2620 2905/2623/2619
f 2634/2648/2644 2906/2619/2615 2747/2622/2618 2304/2649/2645
f 2262/2597/2593 2632/2610/2606 2906/2619/2615 2634/2648/2644
f 2632/2610/2606 2303/2609/2605 2750/2620/2616 2906/2619/2615
f 2746/2604/2600 2907/2615/2611 2745/2618/2614 2348/2605/2601
f 2297/2689/2685 2619/2694/2690 2907/2615/2611 2746/2604/2600
f 2619/2694/2690 2252/2693/2689 2618/2616/2612 2907/2615/2611
f 2744/2608/2604 2908/2611/2607 2631/2614/2610 2303/2609/2605
f 2348/2605/2601 2745/2618/2614 2908/2611/2607 2744/2608/2604
f 2745/2618/2614 2296/2617/2613 2617/2612/2608 2908/2611/2607
f 2630/2596/2592 2909/2607/2603 2632/2610/2606 2262/2597/2593
f 2302/2601/2597 2743/2606/2602 2909/2607/2603 2630/2596/2592
f 2743/2606/2602 2348/2605/2601 2744/2608/2604 2909/2607/2603
f 2629/2600/2596 2910/2603/2599 2743/2606/2602 2302/2601/2597
f 2259/2709/2705 2620/2690/2686 2910/2603/2599 2629/2600/2596
f 2620/2690/2686 2297/2689/2685 2746/2604/2600 2910/2603/2599
f 2742/2588/2584 2911/2599/2595 2741/2602/2598 2347/2589/2585
f 2342/2705/2701 2723/2710/2706 2911/2599/2595 2742/2588/2584
f 2723/2710/2706 2259/2709/2705 2629/2600/2596 2911/2599/2595
f 2740/2592/2588 2912/2595/2591 2636/2598/2594 2305/2593/2589
f 2347/2589/2585 2741/2602/2598 2912/2595/2591 2740/2592/2588
f 2741/2602/2598 2302/2601/2597 2630/2596/2592 2912/2595/2591
f 2370/3015/2992 2913/2591/2587 2635/2594/2590 2125/3014/2991
f 2169/3016/2993 2739/2590/2586 2913/2591/2587 2370/3015/2992
f 2739/2590/2586 2347/2589/2585 2740/2592/2588 2913/2591/2587
f 2369/3017/2994 2914/2587/2583 2739/2590/2586 2169/3016/2993
f 2124/3003/2980 2724/2706/2702 2914/2587/2583 2369/3017/2994
f 2724/2706/2702 2342/2705/2701 2742/2588/2584 2914/2587/2583
f 2738/2572/2568 2915/2583/2579 2737/2586/2582 2346/2573/2569
f 2318/2721/2717 2661/2726/2722 2915/2583/2579 2738/2572/2568
f 2661/2726/2722 2269/2725/2721 2706/2584/2580 2915/2583/2579
f 2736/2576/2572 2916/2579/2575 2667/2582/2578 2321/2577/2573
f 2346/2573/2569 2737/2586/2582 2916/2579/2575 2736/2576/2572
f 2737/2586/2582 2338/2585/2581 2705/2580/2576 2916/2579/2575
f 2647/2772/2768 2917/2575/2571 2668/2578/2574 2260/2773/2769
f 2311/2777/2773 2735/2574/2570 2917/2575/2571 2647/2772/2768
f 2735/2574/2570 2346/2573/2569 2736/2576/2572 2917/2575/2571
f 2648/2776/2772 2918/2571/2567 2735/2574/2570 2311/2777/2773
f 2264/2741/2737 2662/2722/2718 2918/2571/2567 2648/2776/2772
f 2662/2722/2718 2318/2721/2717 2738/2572/2568 2918/2571/2567
f 2734/2556/2552 2919/2567/2563 2733/2570/2566 2345/2557/2553
f 2301/2545/2541 2628/2550/2546 2919/2567/2563 2734/2556/2552
f 2628/2550/2546 2261/2549/2545 2626/2568/2564 2919/2567/2563
f 2732/2560/2556 2920/2563/2559 2700/2566/2562 2335/2561/2557
f 2345/2557/2553 2733/2570/2566 2920/2563/2559 2732/2560/2556
f 2733/2570/2566 2300/2569/2565 2625/2564/2560 2920/2563/2559
f 2615/2628/2624 2921/2559/2555 2699/2562/2558 2251/2629/2625
f 2295/2633/2629 2731/2558/2554 2921/2559/2555 2615/2628/2624
f 2731/2558/2554 2345/2557/2553 2732/2560/2556 2921/2559/2555
f 2616/2632/2628 2922/2555/2551 2731/2558/2554 2295/2633/2629
f 2258/2613/2609 2627/2546/2542 2922/2555/2551 2616/2632/2628
f 2627/2546/2542 2301/2545/2541 2734/2556/2552 2922/2555/2551
f 2730/2540/2536 2923/2551/2547 2729/2554/2550 2344/2541/2537
f 2298/2769/2765 2621/2774/2770 2923/2551/2547 2730/2540/2536
f 2621/2774/2770 2260/2773/2769 2623/2552/2548 2923/2551/2547
f 2728/2544/2540 2924/2547/2543 2628/2550/2546 2301/2545/2541
f 2344/2541/2537 2729/2554/2550 2924/2547/2543 2728/2544/2540
f 2729/2554/2550 2299/2553/2549 2624/2548/2544 2924/2547/2543
f 2617/2612/2608 2925/2543/2539 2627/2546/2542 2258/2613/2609
f 2296/2617/2613 2727/2542/2538 2925/2543/2539 2617/2612/2608
f 2727/2542/2538 2344/2541/2537 2728/2544/2540 2925/2543/2539
f 2618/2616/2612 2926/2539/2535 2727/2542/2538 2296/2617/2613
f 2252/2693/2689 2622/2770/2766 2926/2539/2535 2618/2616/2612
f 2622/2770/2766 2298/2769/2765 2730/2540/2536 2926/2539/2535
f 2373/3018/2995 2927/2535/2531 2605/2538/2534 2122/3019/2995
f 2129/3011/2988 2695/2642/2638 2927/2535/2531 2373/3018/2995
f 2695/2642/2638 2333/2641/2637 2812/2536/2532 2927/2535/2531
f 2377/3020/2996 2928/2531/2528 2374/2534/2530 2123/2947/2942
f 2172/2508/2505 2598/2507/2504 2928/2531/2528 2377/3020/2996
f 2598/2507/2504 2207/3021/2997 2447/2532/2529 2928/2531/2528
f 2487/2317/2315 2929/2528/2525 2498/2523/2520 2158/2427/2425
f 2224/2316/2314 2597/2527/2524 2929/2528/2525 2487/2317/2315
f 2597/2527/2524 2226/2526/2523 2500/2529/2526 2929/2528/2525
f 2486/2313/2311 2930/2524/2521 2597/2527/2524 2224/2316/2314
f 2149/2312/2310 2496/2505/2502 2930/2524/2521 2486/2313/2311
f 2496/2505/2502 2165/2504/2501 2499/2525/2522 2930/2524/2521
f 2435/3022/2998 2931/2522/2519 2498/2523/2520 2150/2530/2527
f 2201/2520/2517 2596/2519/2516 2931/2522/2519 2435/3022/2998
f 2596/2519/2516 2222/2431/2429 2481/2428/2426 2931/2522/2519
f 2495/2400/2398 2932/2518/2515 2436/2521/2518 2164/3023/2999
f 2145/2399/2397 2482/2432/2430 2932/2518/2515 2495/2400/2398
f 2482/2432/2430 2222/2431/2429 2596/2519/2516 2932/2518/2515
f 2488/3024/3000 2933/2514/2511 2493/2517/2514 2148/2344/2342
f 2225/3025/3001 2595/2513/2510 2933/2514/2511 2488/3024/3000
f 2595/2513/2510 2217/2512/2509 2471/2515/2512 2933/2514/2511
f 2489/3026/3002 2934/2510/2507 2595/2513/2510 2225/3025/3001
f 2136/2152/2150 2492/2491/2489 2934/2510/2507 2489/3026/3002
f 2492/2491/2489 2161/2490/2488 2472/2511/2508 2934/2510/2507
f 2457/2388/2386 2935/2506/2503 2378/2509/2506 2133/3027/3003
f 2152/2387/2385 2448/3028/3004 2935/2506/2503 2457/2388/2386
f 2448/3028/3004 2207/3021/2997 2598/2507/2504 2935/2506/2503
f 2484/2173/2171 2936/2502/2499 2496/2505/2502 2149/2312/2310
f 2223/2172/2170 2594/2501/2498 2936/2502/2499 2484/2173/2171
f 2594/2501/2498 2200/2500/2497 2434/2503/2500 2936/2502/2499
f 2483/2169/2167 2937/2498/2496 2594/2501/2498 2223/2172/2170
f 2147/2168/2166 2494/2497/2495 2937/2498/2496 2483/2169/2167
f 2494/2497/2495 2163/2496/2494 2433/2499/2496 2937/2498/2496
f 2480/2349/2347 2938/2494/2492 2494/2497/2495 2147/2168/2166
f 2221/2348/2346 2593/2493/2491 2938/2494/2492 2480/2349/2347
f 2593/2493/2491 2198/3029/3005 2430/2495/2493 2938/2494/2492
f 2493/2517/2514 2939/2492/2490 2479/2345/2343 2148/2344/2342
f 2162/2516/2513 2429/3030/3006 2939/2492/2490 2493/2517/2514
f 2429/3030/3006 2198/3029/3005 2593/2493/2491 2939/2492/2490
f 2478/2151/2149 2940/2488/2486 2492/2491/2489 2136/2152/2150
f 2220/2148/2146 2592/2487/2485 2940/2488/2486 2478/2151/2149
f 2592/2487/2485 2177/2486/2484 2388/2489/2487 2940/2488/2486
f 2477/2147/2145 2941/2484/2482 2592/2487/2485 2220/2148/2146
f 2131/2216/2214 2491/2483/2481 2941/2484/2482 2477/2147/2145
f 2491/2483/2481 2160/2482/2480 2387/2485/2483 2941/2484/2482
f 2476/2215/2213 2942/2480/2478 2491/2483/2481 2131/2216/2214
f 2219/2212/2210 2591/2479/2477 2942/2480/2478 2476/2215/2213
f 2591/2479/2477 2176/2478/2476 2386/2481/2479 2942/2480/2478
f 2475/2211/2209 2943/2476/2474 2591/2479/2477 2219/2212/2210
f 2135/2232/2230 2490/2475/2473 2943/2476/2474 2475/2211/2209
f 2490/2475/2473 2159/2474/2472 2385/2477/2475 2943/2476/2474
f 2474/2231/2229 2944/2472/2470 2490/2475/2473 2135/2232/2230
f 2218/2228/2226 2590/2125/2123 2944/2472/2470 2474/2231/2229
f 2590/2125/2123 2175/2124/2122 2384/2473/2471 2944/2472/2470
f 2488/3024/3000 2945/2471/2469 2588/2470/2468 2225/3025/3001
f 2148/2344/2342 2442/2343/2341 2945/2471/2469 2488/3024/3000
f 2442/2343/2341 2204/2340/2338 2589/2468/2466 2945/2471/2469
f 2403/2153/2151 2946/2469/2467 2587/2466/2464 2185/2156/2154
f 2136/2152/2150 2489/3026/3002 2946/2469/2467 2403/2153/2151
f 2489/3026/3002 2225/3025/3001 2588/2470/2468 2946/2469/2467
f 2441/2339/2337 2947/2465/2463 2589/2468/2466 2204/2340/2338
f 2141/2136/2134 2404/2157/2155 2947/2465/2463 2441/2339/2337
f 2404/2157/2155 2185/2156/2154 2587/2466/2464 2947/2465/2463
f 2378/3031/2506 2948/2461/2459 2461/2464/2462 2133/3032/3003
f 2172/3033/2505 2586/2452/2450 2948/2461/2459 2378/3031/2506
f 2586/2452/2450 2248/2451/2449 2585/2462/2460 2948/2461/2459
f 2585/2462/2460 2949/2457/2455 2462/2460/2458 2212/2463/2461
f 2248/2451/2449 2584/2456/2454 2949/2457/2455 2585/2462/2460
f 2584/2456/2454 2228/2455/2453 2503/2458/2456 2949/2457/2455
f 2583/2450/2448 2950/2453/2451 2584/2456/2454 2248/2451/2449
f 2171/2960/2952 2376/2958/2950 2950/2453/2451 2583/2450/2448
f 2376/2958/2950 2128/2959/2951 2504/2454/2452 2950/2453/2451
f 2377/3034/2996 2951/2449/2447 2586/2452/2450 2172/3033/2505
f 2123/2962/2942 2375/2961/2953 2951/2449/2447 2377/3034/2996
f 2375/2961/2953 2171/2960/2952 2583/2450/2448 2951/2449/2447
f 2380/3035/2382 2952/2445/2443 2392/2448/2446 2130/3036/3007
f 2173/3037/2381 2582/2436/2434 2952/2445/2443 2380/3035/2382
f 2582/2436/2434 2247/2435/2433 2581/2446/2444 2952/2445/2443
f 2581/2446/2444 2953/2441/2439 2391/2444/2442 2179/2447/2445
f 2247/2435/2433 2580/2440/2438 2953/2441/2439 2581/2446/2444
f 2580/2440/2438 2216/2439/2437 2469/2442/2440 2953/2441/2439
f 2579/2434/2432 2954/2437/2435 2580/2440/2438 2247/2435/2433
f 2212/2463/2461 2462/2460/2458 2954/2437/2435 2579/2434/2432
f 2462/2460/2458 2156/2459/2457 2470/2438/2436 2954/2437/2435
f 2379/3038/3008 2955/2433/2431 2582/2436/2434 2173/3037/2381
f 2133/3032/3003 2461/2464/2462 2955/2433/2431 2379/3038/3008
f 2461/2464/2462 2212/2463/2461 2579/2434/2432 2955/2433/2431
f 2438/2376/2374 2956/2429/2427 2482/2432/2430 2145/2399/2397
f 2202/2375/2373 2578/2420/2418 2956/2429/2427 2438/2376/2374
f 2578/2420/2418 2246/2419/2417 2577/2430/2428 2956/2429/2427
f 2577/2430/2428 2957/2425/2423 2481/2428/2426 2222/2431/2429
f 2246/2419/2417 2576/2424/2422 2957/2425/2423 2577/2430/2428
f 2576/2424/2422 2215/2423/2421 2467/2426/2424 2957/2425/2423
f 2575/2418/2416 2958/2421/2419 2576/2424/2422 2246/2419/2417
f 2213/2415/2413 2464/2412/2410 2958/2421/2419 2575/2418/2416
f 2464/2412/2410 2157/2411/2409 2468/2422/2420 2958/2421/2419
f 2437/3039/3009 2959/2417/2415 2578/2420/2418 2202/2375/2373
f 2134/3040/3010 2463/2416/2414 2959/2417/2415 2437/3039/3009
f 2463/2416/2414 2213/2415/2413 2575/2418/2416 2959/2417/2415
f 2382/3041/3011 2960/2413/2411 2463/2416/2414 2134/3040/3010
f 2174/3042/3012 2574/2404/2402 2960/2413/2411 2382/3041/3011
f 2574/2404/2402 2245/2403/2401 2573/2414/2412 2960/2413/2411
f 2573/2414/2412 2961/2409/2407 2464/2412/2410 2213/2415/2413
f 2245/2403/2401 2572/2408/2406 2961/2409/2407 2573/2414/2412
f 2572/2408/2406 2214/2407/2405 2465/2410/2408 2961/2409/2407
f 2571/2402/2400 2962/2405/2403 2572/2408/2406 2245/2403/2401
f 2179/2447/2445 2391/2444/2442 2962/2405/2403 2571/2402/2400
f 2391/2444/2442 2155/2443/2441 2466/2406/2404 2962/2405/2403
f 2381/3043/3013 2963/2401/2399 2574/2404/2402 2174/3042/3012
f 2130/3036/3007 2392/2448/2446 2963/2401/2399 2381/3043/3013
f 2392/2448/2446 2179/2447/2445 2571/2402/2400 2963/2401/2399
f 2455/3044/3014 2964/2397/2395 2495/2400/2398 2164/3023/2999
f 2166/3045/3015 2497/3046/3016 2964/2397/2395 2455/3044/3014
f 2497/3046/3016 2154/3047/3017 2485/2398/2396 2964/2397/2395
f 2381/3048/3013 2965/2393/2391 2458/2396/2394 2130/3049/3007
f 2174/3050/3012 2570/2392/2390 2965/2393/2391 2381/3048/3013
f 2570/2392/2390 2209/2391/2389 2451/2394/2392 2965/2393/2391
f 2382/3051/3011 2966/2389/2387 2570/2392/2390 2174/3050/3012
f 2134/3052/3010 2456/2380/2378 2966/2389/2387 2382/3051/3011
f 2456/2380/2378 2153/2379/2377 2452/2390/2388 2966/2389/2387
f 2379/3053/3008 2967/2385/2383 2457/2388/2386 2133/3027/3003
f 2173/2383/2381 2569/2382/2380 2967/2385/2383 2379/3053/3008
f 2569/2382/2380 2208/3054/3018 2449/2386/2384 2967/2385/2383
f 2458/2396/2394 2968/2381/2379 2380/2384/2382 2130/3049/3007
f 2151/2395/2393 2450/3055/3019 2968/2381/2379 2458/2396/2394
f 2450/3055/3019 2208/3054/3018 2569/2382/2380 2968/2381/2379
f 2437/3056/3009 2969/2377/2375 2456/2380/2378 2134/3052/3010
f 2202/3057/2373 2568/3058/2372 2969/2377/2375 2437/3056/3009
f 2568/3058/2372 2210/3059/3020 2453/2378/2376 2969/2377/2375
f 2485/2398/2396 2970/2373/2371 2438/2376/2374 2145/2399/2397
f 2154/3047/3017 2454/3060/3021 2970/2373/2371 2485/2398/2396
f 2454/3061/3021 2210/3059/3020 2568/3058/2372 2970/3062/2371
f 2443/3063/3022 2971/2372/2370 2566/2371/2369 2205/3064/3023
f 2146/3065/3024 2431/3066/3025 2971/2372/2370 2443/3063/3022
f 2431/3066/3025 2199/3067/3026 2567/2369/2367 2971/2372/2370
f 2472/2511/2508 2972/2370/2368 2565/2367/2365 2217/2512/2509
f 2161/2490/2488 2444/3068/3027 2972/2370/2368 2472/2511/2508
f 2444/3068/3027 2205/3064/3023 2566/2371/2369 2972/2370/2368
f 2432/3069/3028 2973/2366/2364 2567/2369/2367 2199/3067/3026
f 2162/2516/2513 2471/2515/2512 2973/2366/2364 2432/3069/3028
f 2471/2515/2512 2217/2512/2509 2565/2367/2365 2973/2366/2364
f 2428/2327/2325 2974/2362/2360 2426/2365/2363 2144/2328/2326
f 2197/2324/2322 2564/2353/2351 2974/2362/2360 2428/2327/2325
f 2564/2353/2351 2243/2352/2350 2563/2363/2361 2974/2362/2360
f 2563/2363/2361 2975/2358/2356 2425/2361/2359 2196/2364/2362
f 2243/2352/2350 2562/2357/2355 2975/2358/2356 2563/2363/2361
f 2562/2357/2355 2183/2356/2354 2399/2359/2357 2975/2358/2356
f 2561/2351/2349 2976/2354/2352 2562/2357/2355 2243/2352/2350
f 2178/2284/2282 2389/2281/2279 2976/2354/2352 2561/2351/2349
f 2389/2281/2279 2132/2280/2278 2400/2355/2353 2976/2354/2352
f 2427/2323/2321 2977/2350/2348 2564/2353/2351 2197/2324/2322
f 2137/2264/2262 2390/2285/2283 2977/2350/2348 2427/2323/2321
f 2390/2285/2283 2178/2284/2282 2561/2351/2349 2977/2350/2348
f 2445/2167/2165 2978/2346/2344 2480/2349/2347 2147/2168/2166
f 2206/2164/2162 2560/2337/2335 2978/2346/2344 2445/2167/2165
f 2560/2337/2335 2242/2336/2334 2559/2347/2345 2978/2346/2344
f 2559/2347/2345 2979/2342/2340 2479/2345/2343 2221/2348/2346
f 2242/2336/2334 2558/2341/2339 2979/2342/2340 2559/2347/2345
f 2558/2341/2339 2204/2340/2338 2442/2343/2341 2979/2342/2340
f 2557/2335/2333 2980/2338/2336 2558/2341/2339 2242/2336/2334
f 2184/2140/2138 2402/2137/2135 2980/2338/2336 2557/2335/2333
f 2402/2137/2135 2141/2136/2134 2441/2339/2337 2980/2338/2336
f 2446/2163/2161 2981/2334/2332 2560/2337/2335 2206/2164/2162
f 2140/2360/2358 2401/2141/2139 2981/2334/2332 2446/2163/2161
f 2401/2141/2139 2184/2140/2138 2557/2335/2333 2981/2334/2332
f 2465/2410/2408 2982/2330/2328 2423/2333/2331 2157/2411/2409
f 2214/2407/2405 2556/2321/2319 2982/2330/2328 2465/2410/2408
f 2556/2321/2319 2241/2320/2318 2555/2331/2329 2982/2330/2328
f 2555/2331/2329 2983/2326/2324 2424/2329/2327 2195/2332/2330
f 2241/2320/2318 2554/2325/2323 2983/2326/2324 2555/2331/2329
f 2554/2325/2323 2197/2324/2322 2428/2327/2325 2983/2326/2324
f 2553/2319/2317 2984/2322/2320 2554/2325/2323 2241/2320/2318
f 2211/2268/2266 2459/2265/2263 2984/2322/2320 2553/2319/2317
f 2459/2265/2263 2137/2264/2262 2427/2323/2321 2984/2322/2320
f 2466/2406/2404 2985/2318/2316 2556/2321/2319 2214/2407/2405
f 2155/2443/2441 2460/2269/2267 2985/2318/2316 2466/2406/2404
f 2460/2269/2267 2211/2268/2266 2553/2319/2317 2985/2318/2316
f 2467/2426/2424 2986/2314/2312 2487/2317/2315 2158/2427/2425
f 2215/2423/2421 2552/2305/2303 2986/2314/2312 2467/2426/2424
f 2552/2305/2303 2240/2304/2302 2551/2315/2313 2986/2314/2312
f 2551/2315/2313 2987/2310/2308 2486/2313/2311 2224/2316/2314
f 2240/2304/2302 2550/2309/2307 2987/2310/2308 2551/2315/2313
f 2550/2309/2307 2203/2308/2306 2439/2311/2309 2987/2310/2308
f 2549/2303/2301 2988/2306/2304 2550/2309/2307 2240/2304/2302
f 2195/2332/2330 2424/2329/2327 2988/2306/2304 2549/2303/2301
f 2424/2329/2327 2144/2328/2326 2440/2307/2305 2988/2306/2304
f 2468/2422/2420 2989/2302/2300 2552/2305/2303 2215/2423/2421
f 2157/2411/2409 2423/2333/2331 2989/2302/2300 2468/2422/2420
f 2423/2333/2331 2195/2332/2330 2549/2303/2301 2989/2302/2300
f 2422/2247/2245 2990/2298/2296 2420/2301/2299 2143/2248/2246
f 2194/2244/2242 2548/2289/2287 2990/2298/2296 2422/2247/2245
f 2548/2289/2287 2239/2288/2286 2547/2299/2297 2990/2298/2296
f 2547/2299/2297 2991/2294/2292 2419/2297/2295 2193/2300/2298
f 2239/2288/2286 2546/2293/2291 2991/2294/2292 2547/2299/2297
f 2546/2293/2291 2227/2292/2290 2501/2295/2293 2991/2294/2292
f 2545/2287/2285 2992/2290/2288 2546/2293/2291 2239/2288/2286
f 2170/3004/2981 2372/3002/2979 2992/2290/2288 2545/2287/2285
f 2372/3002/2979 2124/3003/2980 2502/2291/2289 2992/2290/2288
f 2421/2243/2241 2993/2286/2284 2548/2289/2287 2194/2244/2242
f 2126/3006/2983 2371/3005/2982 2993/2286/2284 2421/2243/2241
f 2371/3005/2982 2170/3004/2981 2545/2287/2285 2993/2286/2284
f 2417/2263/2261 2994/2282/2280 2390/2285/2283 2137/2264/2262
f 2192/2260/2258 2544/2273/2271 2994/2282/2280 2417/2263/2261
f 2544/2273/2271 2238/2272/2270 2543/2283/2281 2994/2282/2280
f 2543/2283/2281 2995/2278/2276 2389/2281/2279 2178/2284/2282
f 2238/2272/2270 2542/2277/2275 2995/2278/2276 2543/2283/2281
f 2542/2277/2275 2182/2276/2274 2397/2279/2277 2995/2278/2276
f 2541/2271/2269 2996/2274/2272 2542/2277/2275 2238/2272/2270
f 2193/2300/2298 2419/2297/2295 2996/2274/2272 2541/2271/2269
f 2419/2297/2295 2139/2296/2294 2398/2275/2273 2996/2274/2272
f 2418/2259/2257 2997/2270/2268 2544/2273/2271 2192/2260/2258
f 2143/2248/2246 2420/2301/2299 2997/2270/2268 2418/2259/2257
f 2420/2301/2299 2193/2300/2298 2541/2271/2269 2997/2270/2268
f 2469/2442/2440 2998/2266/2264 2460/2269/2267 2155/2443/2441
f 2216/2439/2437 2540/2257/2255 2998/2266/2264 2469/2442/2440
f 2540/2257/2255 2237/2256/2254 2539/2267/2265 2998/2266/2264
f 2539/2267/2265 2999/2262/2260 2459/2265/2263 2211/2268/2266
f 2237/2256/2254 2538/2261/2259 2999/2262/2260 2539/2267/2265
f 2538/2261/2259 2192/2260/2258 2417/2263/2261 2999/2262/2260
f 2537/2255/2253 3000/2258/2256 2538/2261/2259 2237/2256/2254
f 2191/2252/2250 2416/2249/2247 3000/2258/2256 2537/2255/2253
f 2416/2249/2247 2143/2248/2246 2418/2259/2257 3000/2258/2256
f 2470/2438/2436 3001/2254/2252 2540/2257/2255 2216/2439/2437
f 2156/2459/2457 2415/2253/2251 3001/2254/2252 2470/2438/2436
f 2415/2253/2251 2191/2252/2250 2537/2255/2253 3001/2254/2252
f 2503/2458/2456 3002/2250/2248 2415/2253/2251 2156/2459/2457
f 2228/2455/2453 2536/2241/2239 3002/2250/2248 2503/2458/2456
f 2536/2241/2239 2236/2240/2238 2535/2251/2249 3002/2250/2248
f 2535/2251/2249 3003/2246/2244 2416/2249/2247 2191/2252/2250
f 2236/2240/2238 2534/2245/2243 3003/2246/2244 2535/2251/2249
f 2534/2245/2243 2194/2244/2242 2422/2247/2245 3003/2246/2244
f 2533/2239/2237 3004/2242/2240 2534/2245/2243 2236/2240/2238
f 2167/3008/2985 2366/3007/2984 3004/2242/2240 2533/2239/2237
f 2366/3007/2984 2126/3006/2983 2421/2243/2241 3004/2242/2240
f 2504/2454/2452 3005/2238/2236 2536/2241/2239 2228/2455/2453
f 2128/2959/2951 2365/3009/2986 3005/2238/2236 2504/2454/2452
f 2365/3009/2986 2167/3008/2985 2533/2239/2237 3005/2238/2236
f 2414/2183/2181 3006/2234/2232 2412/2237/2235 2142/2184/2182
f 2190/2180/2178 2532/2225/2223 3006/2234/2232 2414/2183/2181
f 2532/2225/2223 2235/2224/2222 2531/2235/2233 3006/2234/2232
f 2531/2235/2233 3007/2230/2228 2411/2233/2231 2189/2236/2234
f 2235/2224/2222 2530/2229/2227 3007/2230/2228 2531/2235/2233
f 2530/2229/2227 2218/2228/2226 2474/2231/2229 3007/2230/2228
f 2529/2223/2221 3008/2226/2224 2530/2229/2227 2235/2224/2222
f 2168/3012/2989 2368/3010/2987 3008/2226/2224 2529/2223/2221
f 2368/3010/2987 2129/3011/2988 2473/2227/2225 3008/2226/2224
f 2413/2179/2177 3009/2222/2220 2532/2225/2223 2190/2180/2178
f 2125/3014/2991 2367/3013/2990 3009/2222/2220 2413/2179/2177
f 2367/3013/2990 2168/3012/2989 2529/2223/2221 3009/2222/2220
f 2409/2199/2197 3010/2218/2216 2394/2221/2219 2138/2200/2198
f 2188/2196/2194 2528/2209/2207 3010/2218/2216 2409/2199/2197
f 2528/2209/2207 2234/2208/2206 2527/2219/2217 3010/2218/2216
f 2527/2219/2217 3011/2214/2212 2393/2217/2215 2180/2220/2218
f 2234/2208/2206 2526/2213/2211 3011/2214/2212 2527/2219/2217
f 2526/2213/2211 2219/2212/2210 2476/2215/2213 3011/2214/2212
f 2525/2207/2205 3012/2210/2208 2526/2213/2211 2234/2208/2206
f 2189/2236/2234 2411/2233/2231 3012/2210/2208 2525/2207/2205
f 2411/2233/2231 2135/2232/2230 2475/2211/2209 3012/2210/2208
f 2410/2195/2193 3013/2206/2204 2528/2209/2207 2188/2196/2194
f 2142/2184/2182 2412/2237/2235 3013/2206/2204 2410/2195/2193
f 2412/2237/2235 2189/2236/2234 2525/2207/2205 3013/2206/2204
f 2397/2279/2277 3014/2202/2200 2396/2205/2203 2132/2280/2278
f 2182/2276/2274 2524/2193/2191 3014/2202/2200 2397/2279/2277
f 2524/2193/2191 2233/2192/2190 2523/2203/2201 3014/2202/2200
f 2523/2203/2201 3015/2198/2196 2395/2201/2199 2181/2204/2202
f 2233/2192/2190 2522/2197/2195 3015/2198/2196 2523/2203/2201
f 2522/2197/2195 2188/2196/2194 2409/2199/2197 3015/2198/2196
f 2521/2191/2189 3016/2194/2192 2522/2197/2195 2233/2192/2190
f 2187/2188/2186 2408/2185/2183 3016/2194/2192 2521/2191/2189
f 2408/2185/2183 2142/2184/2182 2410/2195/2193 3016/2194/2192
f 2398/2275/2273 3017/2190/2188 2524/2193/2191 2182/2276/2274
f 2139/2296/2294 2407/2189/2187 3017/2190/2188 2398/2275/2273
f 2407/2189/2187 2187/2188/2186 2521/2191/2189 3017/2190/2188
f 2501/2295/2293 3018/2186/2184 2407/2189/2187 2139/2296/2294
f 2227/2292/2290 2520/2177/2175 3018/2186/2184 2501/2295/2293
f 2520/2177/2175 2232/2176/2174 2519/2187/2185 3018/2186/2184
f 2519/2187/2185 3019/2182/2180 2408/2185/2183 2187/2188/2186
f 2232/2176/2174 2518/2181/2179 3019/2182/2180 2519/2187/2185
f 2518/2181/2179 2190/2180/2178 2414/2183/2181 3019/2182/2180
f 2517/2175/2173 3020/2178/2176 2518/2181/2179 2232/2176/2174
f 2169/3016/2993 2370/3015/2992 3020/2178/2176 2517/2175/2173
f 2370/3015/2992 2125/3014/2991 2413/2179/2177 3020/2178/2176
f 2502/2291/2289 3021/2174/2172 2520/2177/2175 2227/2292/2290
f 2124/3003/2980 2369/3017/2994 3021/2174/2172 2502/2291/2289
f 2369/3017/2994 2169/3016/2993 2517/2175/2173 3021/2174/2172
f 2439/2311/2309 3022/2170/2168 2484/2173/2171 2149/2312/2310
f 2203/2308/2306 2516/2161/2159 3022/2170/2168 2439/2311/2309
f 2516/2161/2159 2231/2160/2158 2515/2171/2169 3022/2170/2168
f 2515/2171/2169 3023/2166/2164 2483/2169/2167 2223/2172/2170
f 2231/2160/2158 2514/2165/2163 3023/2166/2164 2515/2171/2169
f 2514/2165/2163 2206/2164/2162 2445/2167/2165 3023/2166/2164
f 2513/2159/2157 3024/2162/2160 2514/2165/2163 2231/2160/2158
f 2196/2364/2362 2425/2361/2359 3024/2162/2160 2513/2159/2157
f 2425/2361/2359 2140/2360/2358 2446/2163/2161 3024/2162/2160
f 2440/2307/2305 3025/2158/2156 2516/2161/2159 2203/2308/2306
f 2144/2328/2326 2426/2365/2363 3025/2158/2156 2440/2307/2305
f 2426/2365/2363 2196/2364/2362 2513/2159/2157 3025/2158/2156
f 2406/2135/2133 3026/2154/2152 2404/2157/2155 2141/2136/2134
f 2186/2132/2130 2512/2145/2143 3026/2154/2152 2406/2135/2133
f 2512/2145/2143 2230/2144/2142 2511/2155/2153 3026/2154/2152
f 2511/2155/2153 3027/2150/2148 2403/2153/2151 2185/2156/2154
f 2230/2144/2142 2510/2149/2147 3027/2150/2148 2511/2155/2153
f 2510/2149/2147 2220/2148/2146 2478/2151/2149 3027/2150/2148
f 2509/2143/2141 3028/2146/2144 2510/2149/2147 2230/2144/2142
f 2180/2220/2218 2393/2217/2215 3028/2146/2144 2509/2143/2141
f 2393/2217/2215 2131/2216/2214 2477/2147/2145 3028/2146/2144
f 2405/2131/2129 3029/2142/2140 2512/2145/2143 2186/2132/2130
f 2138/2200/2198 2394/2221/2219 3029/2142/2140 2405/2131/2129
f 2394/2221/2219 2180/2220/2218 2509/2143/2141 3029/2142/2140
f 2399/2359/2357 3030/2138/2136 2401/2141/2139 2140/2360/2358
f 2183/2356/2354 2508/2129/2127 3030/2138/2136 2399/2359/2357
f 2508/2129/2127 2229/2128/2126 2507/2139/2137 3030/2138/2136
f 2507/2139/2137 3031/2134/2132 2402/2137/2135 2184/2140/2138
f 2229/2128/2126 2506/2133/2131 3031/2134/2132 2507/2139/2137
f 2506/2133/2131 2186/2132/2130 2406/2135/2133 3031/2134/2132
f 2505/2127/2125 3032/2130/2128 2506/2133/2131 2229/2128/2126
f 2181/2204/2202 2395/2201/2199 3032/2130/2128 2505/2127/2125
f 2395/2201/2199 2138/2200/2198 2405/2131/2129 3032/2130/2128
f 2400/2355/2353 3033/2126/2124 2508/2129/2127 2183/2356/2354
f 2132/2280/2278 2396/2205/2203 3033/2126/2124 2400/2355/2353
f 2396/2205/2203 2181/2204/2202 2505/2127/2125 3033/2126/2124
f 2473/2227/2225 3034/2122/2120 2590/2125/2123 2218/2228/2226
f 2129/3011/2988 2373/3018/2995 3034/2122/2120 2473/2227/2225
f 2373/3018/2995 2122/3019/2995 2383/2123/2121 3034/2122/2120
