# Blender v2.77 (sub 0) OBJ File: 'model.blend'
# www.blender.org
mtllib model.mtl
o mousepad
v -25.284737 -9.279849 24.200020
v -25.284737 -9.279848 17.029377
v -32.071487 -9.279848 17.029369
v 1.159678 -9.279849 24.200020
v 1.159678 -9.279848 17.029377
v -25.284737 -9.279846 -2.474852
v -32.071487 -9.279846 -2.474852
v 1.159678 -9.279846 -2.474852
v -32.071487 -9.279843 -21.979073
v -25.284737 -9.279843 -21.979080
v -25.284737 -9.279842 -29.149727
v 1.159678 -9.279843 -21.979080
v 1.159678 -9.279842 -29.149727
v 34.390850 -9.279848 17.029369
v 27.604095 -9.279848 17.029377
v 27.604095 -9.279849 24.200020
v 34.390850 -9.279846 -2.474852
v 27.604095 -9.279846 -2.474852
v 27.604095 -9.279842 -29.149727
v 27.604095 -9.279843 -21.979080
v 34.390850 -9.279843 -21.979073
v -32.071487 -9.279849 21.403210
v -29.274679 -9.279849 24.200020
v -31.696791 -9.279849 22.801613
v -30.673084 -9.279849 23.825317
v -29.274679 -9.279842 -29.149727
v -32.071487 -9.279843 -26.352917
v -30.673084 -9.279842 -28.775028
v -31.696791 -9.279842 -27.751324
v 31.594038 -9.279849 24.200020
v 34.390850 -9.279849 21.403210
v 32.992447 -9.279849 23.825317
v 34.016151 -9.279849 22.801613
v 34.390850 -9.279843 -26.352917
v 31.594038 -9.279842 -29.149727
v 34.016151 -9.279842 -27.751324
v 32.992447 -9.279842 -28.775028
vt 0.1027 0.0001
vt 0.4989 0.0001
vt 0.4989 0.1345
vt 0.1027 0.1345
vt 0.1027 0.5000
vt 0.0010 0.5000
vt 0.0010 0.1345
vt 0.4989 0.5000
vt 0.0010 0.0525
vt 0.0066 0.0263
vt 0.0220 0.0071
vt 0.0429 0.0001
vt 0.1027 0.9999
vt 0.1027 0.8655
vt 0.4989 0.8655
vt 0.4989 0.9999
vt 0.0010 0.8655
vt 0.0429 0.9999
vt 0.0220 0.9929
vt 0.0066 0.9737
vt 0.0010 0.9475
vt 0.8951 0.0001
vt 0.8951 0.1345
vt 0.9994 0.1345
vt 0.9994 0.5000
vt 0.8951 0.5000
vt 0.9564 0.0001
vt 0.9779 0.0071
vt 0.9936 0.0263
vt 0.9994 0.0525
vt 0.8951 0.9999
vt 0.8951 0.8655
vt 0.9994 0.8655
vt 0.9994 0.9475
vt 0.9936 0.9737
vt 0.9779 0.9929
vt 0.9564 0.9999
vn -0.0000 1.0000 0.0000
usemtl Material
s 1
f 1/1/1 4/2/1 5/3/1 2/4/1
f 2/4/1 6/5/1 7/6/1 3/7/1
f 5/3/1 8/8/1 6/5/1 2/4/1
f 22/9/1 24/10/1 25/11/1 23/12/1 1/1/1 2/4/1 3/7/1
f 11/13/1 10/14/1 12/15/1 13/16/1
f 10/14/1 9/17/1 7/6/1 6/5/1
f 12/15/1 10/14/1 6/5/1 8/8/1
f 26/18/1 28/19/1 29/20/1 27/21/1 9/17/1 10/14/1 11/13/1
f 16/22/1 15/23/1 5/3/1 4/2/1
f 15/23/1 14/24/1 17/25/1 18/26/1
f 5/3/1 15/23/1 18/26/1 8/8/1
f 30/27/1 32/28/1 33/29/1 31/30/1 14/24/1 15/23/1 16/22/1
f 19/31/1 13/16/1 12/15/1 20/32/1
f 20/32/1 18/26/1 17/25/1 21/33/1
f 12/15/1 8/8/1 18/26/1 20/32/1
f 34/34/1 36/35/1 37/36/1 35/37/1 19/31/1 20/32/1 21/33/1
o mouse_wheel
v -15.411125 -7.997404 -14.537676
v -15.085276 -7.493582 -16.053654
v -15.089860 -7.472012 -16.038607
v -15.412416 -7.970740 -14.537952
v -15.075800 -7.472045 -16.035637
v -15.398366 -7.970783 -14.534954
v -14.913110 -7.453279 -15.987048
v -15.232809 -7.947590 -14.499704
v -14.799196 -7.359015 -15.892767
v -15.104502 -7.831069 -14.472382
v -14.759496 -7.221841 -15.782416
v -15.043857 -7.661511 -14.459466
v -14.762722 -7.201125 -15.767717
v -15.043921 -7.635908 -14.459480
v -15.025721 -5.359343 -14.455608
v -15.325115 -7.201120 -13.151243
v -14.883886 -6.174555 -16.990578
v -14.890507 -6.166315 -16.966061
v -14.876449 -6.166329 -16.963114
v -14.715525 -6.159160 -16.906284
v -14.610503 -6.123151 -16.770618
v -14.583749 -6.070758 -16.600052
v -14.588930 -6.062844 -16.576252
v -14.588928 -4.655849 -16.576260
v -14.883886 -4.544145 -16.990578
v -14.890507 -4.552380 -16.966061
v -14.876449 -4.552365 -16.963112
v -14.715530 -4.559534 -16.906286
v -14.610503 -4.595543 -16.770618
v -14.583749 -4.647941 -16.600050
v -15.085277 -3.225109 -16.053654
v -15.089860 -3.246683 -16.038605
v -15.075799 -3.246645 -16.035645
v -14.913109 -3.265410 -15.987055
v -14.799194 -3.359680 -15.892773
v -14.759495 -3.496854 -15.782423
v -14.762721 -3.517569 -15.767723
v -15.043920 -3.082778 -14.459487
v -15.411123 -2.721286 -14.537683
v -15.412420 -2.747946 -14.537960
v -15.398367 -2.747902 -14.534968
v -15.232808 -2.771100 -14.499711
v -15.104502 -2.887621 -14.472382
v -15.043856 -3.057179 -14.459473
v -15.736977 -3.225109 -13.021713
v -15.734978 -3.246679 -13.037306
v -15.720932 -3.246640 -13.034286
v -15.552509 -3.265406 -13.012361
v -15.409805 -3.359676 -13.051996
v -15.328221 -3.496850 -13.136516
v -15.325115 -3.517565 -13.151243
v -15.498909 -4.655845 -12.342707
v -15.938362 -4.544135 -12.084787
v -15.934330 -4.552375 -12.109852
v -15.920282 -4.552361 -12.106815
v -15.750088 -4.559530 -12.093128
v -15.598492 -4.595534 -12.174150
v -15.503962 -4.647932 -12.318888
v -15.938363 -6.174546 -12.084781
v -15.934325 -6.166306 -12.109850
v -15.920282 -6.166321 -12.106815
v -15.750088 -6.159151 -12.093128
v -15.598493 -6.123147 -12.174144
v -15.503961 -6.070749 -12.318888
v -15.498908 -6.062836 -12.342707
v -15.736973 -7.493576 -13.021706
v -15.734980 -7.472007 -13.037298
v -15.720928 -7.472040 -13.034279
v -15.552509 -7.453275 -13.012362
v -15.409807 -7.359010 -13.051991
v -15.328220 -7.221836 -13.136517
v -15.601876 -7.503948 -16.171364
v -15.929316 -8.010216 -14.648022
v -15.399510 -6.178512 -17.112837
v -15.399511 -4.540183 -17.112835
v -15.601877 -3.214746 -16.171362
v -15.929313 -2.708475 -14.648035
v -16.256746 -3.214742 -13.124693
v -16.459110 -4.540174 -12.183220
v -16.459110 -6.178508 -12.183220
v -16.256746 -7.503943 -13.124694
v -16.447498 -7.997404 -14.758373
v -16.446205 -7.970744 -14.758105
v -16.123648 -7.472012 -16.258753
v -16.121647 -7.493582 -16.274351
v -16.460258 -7.970788 -14.761095
v -16.137695 -7.472045 -16.261772
v -16.625813 -7.947590 -14.796352
v -16.306118 -7.453279 -16.283697
v -16.754128 -7.831069 -14.823669
v -16.448816 -7.359015 -16.244061
v -16.814766 -7.661511 -14.836591
v -16.530407 -7.221841 -16.159542
v -16.814705 -7.635908 -14.836577
v -16.533504 -7.201125 -16.144814
v -17.095907 -7.201120 -13.528334
v -16.832905 -5.359343 -14.840457
v -15.924297 -6.166315 -17.186207
v -15.920258 -6.174555 -17.211277
v -15.938340 -6.166329 -17.189240
v -16.108534 -6.159160 -17.202927
v -16.260130 -6.123151 -17.121906
v -16.354662 -6.070758 -16.977169
v -16.359715 -6.062844 -16.953350
v -16.359715 -4.655849 -16.953350
v -15.924297 -4.552380 -17.186207
v -15.920258 -4.544139 -17.211275
v -15.938340 -4.552370 -17.189240
v -16.108534 -4.559534 -17.202927
v -16.260130 -4.595543 -17.121912
v -16.354662 -4.647941 -16.977169
v -16.123646 -3.246683 -16.258759
v -16.121649 -3.225109 -16.274349
v -16.137695 -3.246645 -16.261780
v -16.306118 -3.265410 -16.283703
v -16.448816 -3.359680 -16.244066
v -16.530407 -3.496854 -16.159542
v -16.533504 -3.517569 -16.144819
v -16.814705 -3.082783 -14.836576
v -16.446205 -2.747946 -14.758104
v -16.447496 -2.721286 -14.758380
v -16.460257 -2.747902 -14.761103
v -16.625816 -2.771100 -14.796352
v -16.754124 -2.887621 -14.823683
v -16.814766 -3.057179 -14.836590
v -16.768761 -3.246679 -13.257457
v -16.773350 -3.225109 -13.242411
v -16.782820 -3.246640 -13.260419
v -16.945511 -3.265406 -13.309008
v -17.059429 -3.359676 -13.403291
v -17.099131 -3.496850 -13.513640
v -17.095905 -3.517565 -13.528341
v -17.269697 -4.655845 -12.719805
v -16.968113 -4.552375 -12.330003
v -16.974735 -4.544135 -12.305485
v -16.982176 -4.552361 -12.332951
v -17.143099 -4.559530 -12.389771
v -17.248117 -4.595534 -12.525437
v -17.274876 -4.647932 -12.696014
v -16.968115 -6.166306 -12.329996
v -16.974735 -6.174546 -12.305485
v -16.982176 -6.166321 -12.332951
v -17.143099 -6.159151 -12.389771
v -17.248117 -6.123147 -12.525437
v -17.274878 -6.070749 -12.696007
v -17.269697 -6.062840 -12.719797
v -16.768763 -7.472007 -13.257450
v -16.773352 -7.493576 -13.242403
v -16.782820 -7.472040 -13.260420
v -16.945513 -7.453275 -13.309002
v -17.059431 -7.359010 -13.403284
v -17.099133 -7.221836 -13.513634
vn 0.6533 -0.7440 0.1401
vn 0.7448 -0.6021 -0.2877
vn 0.8571 -0.4844 -0.1755
vn 0.7835 -0.5981 0.1686
vn 0.1864 -0.8073 -0.5599
vn 0.0642 -0.9978 0.0138
vn 0.5014 -0.7425 -0.4441
vn 0.3888 -0.9175 0.0834
vn 0.8596 -0.4808 -0.1727
vn 0.7865 -0.5941 0.1689
vn 0.9821 -0.1673 0.0867
vn 0.9565 -0.2068 0.2056
vn 0.9778 -0.0009 0.2095
vn 0.9777 -0.0018 0.2102
vn 0.9777 0.0000 0.2101
vn 0.9775 -0.0009 0.2108
vn 0.8014 -0.2300 -0.5522
vn 0.9026 -0.1852 -0.3886
vn 0.2619 -0.3084 -0.9145
vn 0.5711 -0.2837 -0.7703
vn 0.9049 -0.1837 -0.3840
vn 0.9979 -0.0639 0.0132
vn 0.9780 -0.0005 0.2085
vn 0.9779 0.0003 0.2091
vn 0.8014 0.2300 -0.5522
vn 0.9026 0.1852 -0.3887
vn 0.2618 0.3084 -0.9145
vn 0.5711 0.2837 -0.7703
vn 0.9049 0.1837 -0.3840
vn 0.9979 0.0639 0.0132
vn 0.7448 0.6021 -0.2877
vn 0.8570 0.4845 -0.1756
vn 0.1862 0.8073 -0.5600
vn 0.5014 0.7425 -0.4441
vn 0.8596 0.4808 -0.1727
vn 0.9821 0.1673 0.0867
vn 0.9779 0.0014 0.2091
vn 0.9777 0.0011 0.2102
vn 0.6533 0.7440 0.1401
vn 0.7834 0.5982 0.1686
vn 0.0641 0.9978 0.0137
vn 0.3888 0.9175 0.0834
vn 0.7865 0.5941 0.1689
vn 0.9565 0.2068 0.2056
vn 0.5618 0.6018 0.5677
vn 0.7099 0.4835 0.5121
vn -0.0581 0.8072 0.5874
vn 0.2763 0.7421 0.6107
vn 0.7133 0.4804 0.5102
vn 0.9310 0.1673 0.3244
vn 0.9774 0.0015 0.2112
vn 0.9774 0.0004 0.2112
vn 0.5053 0.2298 0.8318
vn 0.6645 0.1846 0.7241
vn -0.1336 0.3083 0.9418
vn 0.2067 0.2834 0.9365
vn 0.6682 0.1835 0.7210
vn 0.9153 0.0639 0.3978
vn 0.5053 -0.2298 0.8318
vn 0.6645 -0.1846 0.7241
vn -0.1336 -0.3083 0.9419
vn 0.2067 -0.2834 0.9365
vn 0.6682 -0.1835 0.7210
vn 0.9153 -0.0639 0.3977
vn 0.9773 -0.0005 0.2118
vn 0.5618 -0.6018 0.5677
vn 0.7099 -0.4835 0.5121
vn -0.0580 -0.8072 0.5874
vn 0.2762 -0.7421 0.6107
vn 0.7133 -0.4804 0.5102
vn 0.9310 -0.1672 0.3244
vn 0.1224 -0.8090 -0.5749
vn -0.0000 -1.0000 0.0000
vn 0.1981 -0.3090 -0.9302
vn 0.1981 0.3090 -0.9302
vn 0.1224 0.8090 -0.5749
vn 0.0000 1.0000 -0.0000
vn -0.1224 0.8090 0.5749
vn -0.1981 0.3090 0.9302
vn -0.1981 -0.3090 0.9302
vn -0.1224 -0.8090 0.5749
vn -0.1092 -0.9901 0.0886
vn -0.3888 -0.9175 -0.0834
vn -0.2763 -0.7421 -0.6107
vn 0.0533 -0.7363 -0.6746
vn -0.7865 -0.5941 -0.1689
vn -0.7133 -0.4804 -0.5102
vn -0.9565 -0.2068 -0.2056
vn -0.9310 -0.1672 -0.3244
vn -0.9777 -0.0018 -0.2101
vn -0.9775 -0.0009 -0.2108
vn -0.9778 -0.0010 -0.2095
vn -0.9777 -0.0000 -0.2101
vn -0.2919 -0.7408 -0.6050
vn -0.6643 -0.3628 -0.6535
vn -0.6645 -0.1846 -0.7241
vn -0.5052 -0.2298 -0.8318
vn 0.1335 -0.3083 -0.9419
vn -0.2067 -0.2834 -0.9365
vn -0.6682 -0.1835 -0.7210
vn -0.9153 -0.0639 -0.3977
vn -0.9773 -0.0005 -0.2117
vn -0.9774 0.0003 -0.2112
vn -0.6645 0.1846 -0.7241
vn -0.5052 0.2298 -0.8318
vn 0.1335 0.3083 -0.9419
vn -0.2067 0.2834 -0.9365
vn -0.6682 0.1835 -0.7210
vn -0.9153 0.0639 -0.3977
vn -0.7099 0.4835 -0.5122
vn -0.5618 0.6018 -0.5677
vn 0.0581 0.8072 -0.5874
vn -0.2763 0.7421 -0.6107
vn -0.7133 0.4804 -0.5102
vn -0.9310 0.1672 -0.3244
vn -0.9775 0.0014 -0.2111
vn -0.9777 0.0012 -0.2101
vn -0.7834 0.5982 -0.1686
vn -0.6533 0.7440 -0.1401
vn -0.0641 0.9978 -0.0138
vn -0.3888 0.9175 -0.0834
vn -0.7865 0.5941 -0.1689
vn -0.9565 0.2068 -0.2056
vn -0.8570 0.4845 0.1756
vn -0.7448 0.6021 0.2876
vn -0.1863 0.8073 0.5600
vn -0.5014 0.7425 0.4441
vn -0.8596 0.4808 0.1727
vn -0.9821 0.1673 -0.0867
vn -0.9779 0.0014 -0.2091
vn -0.9779 0.0003 -0.2091
vn -0.9026 0.1852 0.3886
vn -0.8014 0.2300 0.5521
vn -0.2618 0.3084 0.9145
vn -0.5710 0.2837 0.7704
vn -0.9049 0.1837 0.3840
vn -0.9979 0.0639 -0.0132
vn -0.9027 -0.1851 0.3885
vn -0.8014 -0.2300 0.5521
vn -0.2619 -0.3084 0.9145
vn -0.5710 -0.2837 0.7704
vn -0.9049 -0.1837 0.3840
vn -0.9979 -0.0639 -0.0132
vn -0.9780 -0.0005 -0.2085
vn -0.6324 -0.6850 0.3617
vn -0.5134 -0.7410 0.4328
vn -0.1864 -0.8073 0.5599
vn -0.5014 -0.7425 0.4441
vn -0.8596 -0.4808 0.1727
vn -0.9821 -0.1673 -0.0867
vn -0.0616 -0.9511 0.3028
vn -0.0237 -0.9997 -0.0047
usemtl Material.001
s 1
f 38//2 39//3 40//4 41//5
f 41//5 40//4 42//6 43//7
f 43//7 42//6 44//8 45//9
f 45//9 44//8 46//10 47//11
f 47//11 46//10 48//12 49//13
f 49//13 48//12 50//14 51//15
f 51//15 50//14 52//16 53//17
f 39//3 54//18 55//19 40//4
f 40//4 55//19 56//20 42//6
f 42//6 56//20 57//21 44//8
f 44//8 57//21 58//22 46//10
f 46//10 58//22 59//23 48//12
f 48//12 59//23 60//24 50//14
f 50//14 60//24 61//25 52//16
f 54//18 62//26 63//27 55//19
f 55//19 63//27 64//28 56//20
f 56//20 64//28 65//29 57//21
f 57//21 65//29 66//30 58//22
f 58//22 66//30 67//31 59//23
f 59//23 67//31 61//25 60//24
f 62//26 68//32 69//33 63//27
f 63//27 69//33 70//34 64//28
f 64//28 70//34 71//35 65//29
f 65//29 71//35 72//36 66//30
f 66//30 72//36 73//37 67//31
f 67//31 73//37 74//38 61//25
f 61//25 74//38 75//39 52//16
f 68//32 76//40 77//41 69//33
f 69//33 77//41 78//42 70//34
f 70//34 78//42 79//43 71//35
f 71//35 79//43 80//44 72//36
f 72//36 80//44 81//45 73//37
f 73//37 81//45 75//39 74//38
f 76//40 82//46 83//47 77//41
f 77//41 83//47 84//48 78//42
f 78//42 84//48 85//49 79//43
f 79//43 85//49 86//50 80//44
f 80//44 86//50 87//51 81//45
f 81//45 87//51 88//52 75//39
f 75//39 88//52 89//53 52//16
f 82//46 90//54 91//55 83//47
f 83//47 91//55 92//56 84//48
f 84//48 92//56 93//57 85//49
f 85//49 93//57 94//58 86//50
f 86//50 94//58 95//59 87//51
f 87//51 95//59 89//53 88//52
f 90//54 96//60 97//61 91//55
f 91//55 97//61 98//62 92//56
f 92//56 98//62 99//63 93//57
f 93//57 99//63 100//64 94//58
f 94//58 100//64 101//65 95//59
f 95//59 101//65 102//66 89//53
f 89//53 102//66 53//17 52//16
f 96//60 103//67 104//68 97//61
f 97//61 104//68 105//69 98//62
f 98//62 105//69 106//70 99//63
f 99//63 106//70 107//71 100//64
f 100//64 107//71 108//72 101//65
f 101//65 108//72 53//17 102//66
f 103//67 38//2 41//5 104//68
f 104//68 41//5 43//7 105//69
f 105//69 43//7 45//9 106//70
f 106//70 45//9 47//11 107//71
f 107//71 47//11 49//13 108//72
f 108//72 49//13 51//15 53//17
f 109//73 39//3 38//2 110//74
f 111//75 54//18 39//3 109//73
f 112//76 62//26 54//18 111//75
f 113//77 68//32 62//26 112//76
f 114//78 76//40 68//32 113//77
f 115//79 82//46 76//40 114//78
f 116//80 90//54 82//46 115//79
f 117//81 96//60 90//54 116//80
f 118//82 103//67 96//60 117//81
f 110//74 38//2 103//67 118//82
f 123//83 125//84 126//85 124//86
f 125//84 127//87 128//88 126//85
f 127//87 129//89 130//90 128//88
f 129//89 131//91 132//92 130//90
f 131//91 133//93 134//94 132//92
f 122//95 121//96 135//97 136//98
f 121//96 124//86 137//99 135//97
f 124//86 126//85 138//100 137//99
f 126//85 128//88 139//101 138//100
f 128//88 130//90 140//102 139//101
f 130//90 132//92 141//103 140//102
f 132//92 134//94 142//104 141//103
f 136//98 135//97 143//105 144//106
f 135//97 137//99 145//107 143//105
f 137//99 138//100 146//108 145//107
f 138//100 139//101 147//109 146//108
f 139//101 140//102 148//110 147//109
f 140//102 141//103 142//104 148//110
f 144//106 143//105 149//111 150//112
f 143//105 145//107 151//113 149//111
f 145//107 146//108 152//114 151//113
f 146//108 147//109 153//115 152//114
f 147//109 148//110 154//116 153//115
f 148//110 142//104 155//117 154//116
f 142//104 134//94 156//118 155//117
f 150//112 149//111 157//119 158//120
f 149//111 151//113 159//121 157//119
f 151//113 152//114 160//122 159//121
f 152//114 153//115 161//123 160//122
f 153//115 154//116 162//124 161//123
f 154//116 155//117 156//118 162//124
f 158//120 157//119 163//125 164//126
f 157//119 159//121 165//127 163//125
f 159//121 160//122 166//128 165//127
f 160//122 161//123 167//129 166//128
f 161//123 162//124 168//130 167//129
f 162//124 156//118 169//131 168//130
f 156//118 134//94 170//132 169//131
f 164//126 163//125 171//133 172//134
f 163//125 165//127 173//135 171//133
f 165//127 166//128 174//136 173//135
f 166//128 167//129 175//137 174//136
f 167//129 168//130 176//138 175//137
f 168//130 169//131 170//132 176//138
f 172//134 171//133 177//139 178//140
f 171//133 173//135 179//141 177//139
f 173//135 174//136 180//142 179//141
f 174//136 175//137 181//143 180//142
f 175//137 176//138 182//144 181//143
f 176//138 170//132 183//145 182//144
f 170//132 134//94 133//93 183//145
f 178//140 177//139 184//146 185//147
f 177//139 179//141 186//148 184//146
f 179//141 180//142 187//149 186//148
f 180//142 181//143 188//150 187//149
f 181//143 182//144 189//151 188//150
f 182//144 183//145 133//93 189//151
f 184//146 186//148 123//83 120//152
f 186//148 187//149 125//84 123//83
f 187//149 188//150 127//87 125//84
f 188//150 189//151 129//89 127//87
f 189//151 133//93 131//91 129//89
f 109//73 110//74 119//153 122//95
f 111//75 109//73 122//95 136//98
f 112//76 111//75 136//98 144//106
f 113//77 112//76 144//106 150//112
f 114//78 113//77 150//112 158//120
f 115//79 114//78 158//120 164//126
f 116//80 115//79 164//126 172//134
f 117//81 116//80 172//134 178//140
f 118//82 117//81 178//140 185//147
f 110//74 118//82 185//147 119//153
o mousepad_base
v -32.071487 -9.941339 17.029377
v -25.284737 -9.941339 17.029369
v -25.284737 -9.941340 24.200020
v -25.284737 -9.279849 24.200020
v -32.071487 -9.279848 17.029369
v -25.284737 -9.774693 24.324638
v -25.284737 -9.484355 24.324638
v -32.196106 -9.774693 17.029377
v -32.196106 -9.484354 17.029369
v -32.196106 -9.484352 -2.474852
v -32.196106 -9.774691 -2.474852
v 1.159678 -9.279849 24.200020
v 1.159678 -9.774693 24.324638
v 1.159678 -9.484355 24.324638
v -32.071487 -9.941338 -2.474852
v -25.284737 -9.941338 -2.474852
v -32.071487 -9.279846 -2.474852
v 1.159678 -9.941339 17.029369
v 1.159678 -9.941340 24.200020
v -25.284737 -9.279849 24.324638
v -25.284737 -9.941340 24.324638
v -32.196106 -9.279848 17.029369
v -32.196106 -9.279846 -2.474852
v 1.159678 -9.279849 24.324638
v 1.159678 -9.941340 24.324638
v -32.196106 -9.941339 17.029377
v -32.196106 -9.941338 -2.474852
v 1.159678 -9.941338 -2.474852
v -25.284737 -9.941334 -29.149727
v -25.284737 -9.941335 -21.979073
v -32.071487 -9.941335 -21.979080
v -32.071487 -9.279843 -21.979073
v -25.284737 -9.279842 -29.149727
v -25.284737 -9.774687 -29.274345
v -25.284737 -9.484348 -29.274345
v -32.196106 -9.774688 -21.979080
v -32.196106 -9.484349 -21.979073
v 1.159678 -9.279842 -29.149727
v 1.159678 -9.774687 -29.274345
v 1.159678 -9.484348 -29.274345
v 1.159678 -9.941335 -21.979073
v 1.159678 -9.941334 -29.149727
v -25.284737 -9.279842 -29.274345
v -25.284737 -9.941334 -29.274345
v -32.196106 -9.279843 -21.979073
v 1.159678 -9.279842 -29.274345
v 1.159678 -9.941334 -29.274345
v -32.196106 -9.941335 -21.979080
v 27.604095 -9.941340 24.200020
v 27.604095 -9.941339 17.029369
v 34.390850 -9.941339 17.029377
v 34.390850 -9.279848 17.029369
v 27.604095 -9.279849 24.200020
v 27.604095 -9.774693 24.324638
v 27.604095 -9.484355 24.324638
v 34.515465 -9.774693 17.029377
v 34.515465 -9.774691 -2.474852
v 34.515465 -9.484352 -2.474852
v 34.515465 -9.484354 17.029369
v 27.604095 -9.941338 -2.474852
v 34.390850 -9.941338 -2.474852
v 34.390850 -9.279846 -2.474852
v 27.604095 -9.279849 24.324638
v 27.604095 -9.941340 24.324638
v 34.515465 -9.279846 -2.474852
v 34.515465 -9.279848 17.029369
v 34.515465 -9.941339 17.029377
v 34.515465 -9.941338 -2.474852
v 34.390850 -9.941335 -21.979080
v 27.604095 -9.941335 -21.979073
v 27.604095 -9.941334 -29.149727
v 27.604095 -9.279842 -29.149727
v 34.390850 -9.279843 -21.979073
v 27.604095 -9.774687 -29.274345
v 27.604095 -9.484348 -29.274345
v 34.515465 -9.774688 -21.979080
v 34.515465 -9.484349 -21.979073
v 27.604095 -9.279842 -29.274345
v 27.604095 -9.941334 -29.274345
v 34.515465 -9.279843 -21.979073
v 34.515465 -9.941335 -21.979080
v -29.274679 -9.941340 24.200020
v -32.071487 -9.941340 21.403210
v -30.673084 -9.941340 23.825317
v -31.696791 -9.941340 22.801613
v -32.071487 -9.279849 21.403210
v -29.274679 -9.279849 24.200020
v -31.696791 -9.279849 22.801613
v -30.673084 -9.279849 23.825317
v -29.399296 -9.484355 24.324638
v -32.196106 -9.484355 21.527828
v -30.797703 -9.484355 23.949936
v -31.821407 -9.484355 22.926231
v -29.399296 -9.774693 24.324638
v -32.196106 -9.774693 21.527828
v -30.797703 -9.774693 23.949936
v -31.821407 -9.774693 22.926231
v -32.196106 -9.279849 21.527828
v -29.399296 -9.279849 24.324638
v -31.821407 -9.279849 22.926231
v -30.797703 -9.279849 23.949936
v -32.196106 -9.941340 21.527828
v -29.399296 -9.941340 24.324638
v -31.821407 -9.941340 22.926231
v -30.797703 -9.941340 23.949936
v -32.071487 -9.941335 -26.352917
v -29.274679 -9.941334 -29.149727
v -31.696791 -9.941334 -27.751324
v -30.673084 -9.941334 -28.775028
v -29.274679 -9.279842 -29.149727
v -32.071487 -9.279843 -26.352917
v -30.673084 -9.279842 -28.775028
v -31.696791 -9.279842 -27.751324
v -32.196106 -9.774688 -26.477535
v -29.399296 -9.774687 -29.274345
v -31.821407 -9.774687 -27.875942
v -30.797703 -9.774687 -28.899643
v -32.196106 -9.484349 -26.477535
v -29.399296 -9.484348 -29.274345
v -31.821407 -9.484348 -27.875942
v -30.797703 -9.484348 -28.899643
v -29.399296 -9.279842 -29.274345
v -32.196106 -9.279843 -26.477535
v -30.797703 -9.279842 -28.899643
v -31.821407 -9.279842 -27.875942
v -29.399296 -9.941334 -29.274345
v -32.196106 -9.941335 -26.477535
v -30.797703 -9.941334 -28.899643
v -31.821407 -9.941334 -27.875942
v 34.390850 -9.941340 21.403210
v 31.594038 -9.941340 24.200020
v 34.016151 -9.941340 22.801613
v 32.992447 -9.941340 23.825317
v 31.594038 -9.279849 24.200020
v 34.390850 -9.279849 21.403210
v 32.992447 -9.279849 23.825317
v 34.016151 -9.279849 22.801613
v 31.718651 -9.774693 24.324638
v 34.515465 -9.774693 21.527828
v 33.117058 -9.774693 23.949936
v 34.140766 -9.774693 22.926231
v 31.718651 -9.484355 24.324638
v 34.515465 -9.484355 21.527828
v 33.117058 -9.484355 23.949936
v 34.140766 -9.484355 22.926231
v 31.718651 -9.279849 24.324638
v 34.515465 -9.279849 21.527828
v 33.117058 -9.279849 23.949936
v 34.140766 -9.279849 22.926231
v 31.718651 -9.941340 24.324638
v 34.515465 -9.941340 21.527828
v 33.117058 -9.941340 23.949936
v 34.140766 -9.941340 22.926231
v 31.594038 -9.941334 -29.149727
v 34.390850 -9.941335 -26.352917
v 32.992447 -9.941334 -28.775028
v 34.016151 -9.941334 -27.751324
v 34.390850 -9.279843 -26.352917
v 31.594038 -9.279842 -29.149727
v 34.016151 -9.279842 -27.751324
v 32.992447 -9.279842 -28.775028
v 34.515465 -9.484349 -26.477535
v 31.718651 -9.484348 -29.274345
v 34.140766 -9.484348 -27.875942
v 33.117058 -9.484348 -28.899643
v 34.515465 -9.774688 -26.477535
v 31.718651 -9.774687 -29.274345
v 34.140766 -9.774687 -27.875942
v 33.117058 -9.774687 -28.899643
v 34.515465 -9.279843 -26.477535
v 31.718651 -9.279842 -29.274345
v 34.140766 -9.279842 -27.875942
v 33.117058 -9.279842 -28.899643
v 34.515465 -9.941335 -26.477535
v 31.718651 -9.941334 -29.274345
v 34.140766 -9.941334 -27.875942
v 33.117058 -9.941334 -28.899643
vn 0.0000 -1.0000 0.0000
vn 0.0000 1.0000 0.0000
vn -1.0000 0.0000 0.0000
vn 0.0000 0.0000 1.0000
vn 0.0000 0.0000 -1.0000
vn 1.0000 -0.0000 0.0000
vn 0.9659 0.0000 0.2588
vn 0.8660 0.0000 0.5000
vn 0.5000 0.0000 0.8660
vn 0.2588 0.0000 0.9659
vn -0.9659 0.0000 0.2588
vn -0.8660 0.0000 0.5000
vn -0.5000 0.0000 0.8660
vn -0.2588 0.0000 0.9659
vn -0.2588 0.0000 -0.9659
vn -0.5000 0.0000 -0.8660
vn -0.8660 0.0000 -0.5000
vn -0.9659 0.0000 -0.2588
vn 0.2588 0.0000 -0.9659
vn 0.5000 0.0000 -0.8660
vn 0.8660 0.0000 -0.5000
vn 0.9659 0.0000 -0.2588
usemtl (null)
s 1
f 210//154 292//154 271//154 192//154
f 288//155 209//155 193//155 276//155
f 280//156 287//156 211//156 198//156
f 197//156 198//156 199//156 200//156
f 202//157 203//157 196//157 195//157
f 190//154 204//154 205//154 191//154
f 195//157 196//157 279//157 283//157
f 207//154 208//154 192//154 191//154
f 197//156 215//156 291//156 284//156
f 316//154 295//154 220//154 237//154
f 198//156 211//156 212//156 199//156
f 203//157 213//157 209//157 196//157
f 195//157 210//157 214//157 202//157
f 196//157 209//157 288//157 279//157
f 283//157 292//157 210//157 195//157
f 211//155 287//155 275//155 194//155
f 209//155 213//155 201//155 193//155
f 284//156 280//156 198//156 197//156
f 215//154 216//154 204//154 190//154
f 214//154 210//154 192//154 208//154
f 291//154 215//154 190//154 272//154
f 217//154 207//154 191//154 205//154
f 216//156 215//156 197//156 200//156
f 212//155 211//155 194//155 206//155
f 233//154 218//154 296//154 315//154
f 234//155 221//155 300//155 312//155
f 307//156 226//156 234//156 312//156
f 225//156 200//156 199//156 226//156
f 228//158 223//158 224//158 229//158
f 220//154 219//154 205//154 204//154
f 225//156 303//156 316//156 237//156
f 230//154 219//154 218//154 231//154
f 340//154 319//154 240//154 256//154
f 223//158 304//158 308//158 224//158
f 226//156 199//156 212//156 234//156
f 229//158 224//158 232//158 235//158
f 223//158 228//158 236//158 233//158
f 224//158 308//158 311//158 232//158
f 304//158 223//158 233//158 315//158
f 303//156 225//156 226//156 307//156
f 232//155 222//155 227//155 235//155
f 311//155 299//155 222//155 232//155
f 295//154 297//154 298//154 296//154 218//154 219//154 220//154
f 237//154 220//154 204//154 216//154
f 236//154 231//154 218//154 233//154
f 217//154 205//154 219//154 230//154
f 216//156 200//156 225//156 237//156
f 212//155 206//155 221//155 234//155
f 253//154 238//154 320//154 339//154
f 335//155 323//155 242//155 252//155
f 245//159 328//159 340//159 256//159
f 245//159 246//159 247//159 248//159
f 202//157 243//157 244//157 203//157
f 240//154 239//154 249//154 250//154
f 244//157 331//157 335//157 252//157
f 207//154 239//154 238//154 208//154
f 332//159 248//159 255//159 336//159
f 328//159 245//159 248//159 332//159
f 248//159 247//159 254//159 255//159
f 203//157 244//157 252//157 213//157
f 243//157 202//157 214//157 253//157
f 343//154 345//154 346//154 344//154 258//154 259//154 260//154
f 327//157 243//157 253//157 339//157
f 243//157 327//157 331//157 244//157
f 252//155 242//155 201//155 213//155
f 319//154 321//154 322//154 320//154 238//154 239//154 240//154
f 256//154 240//154 250//154 257//154
f 214//154 208//154 238//154 253//154
f 255//155 241//155 324//155 336//155
f 217//154 249//154 239//154 207//154
f 257//159 246//159 245//159 256//159
f 254//155 251//155 241//155 255//155
f 268//154 364//154 343//154 260//154
f 360//155 267//155 261//155 348//155
f 356//158 364//158 268//158 263//158
f 265//159 266//159 247//159 246//159
f 228//158 229//158 264//158 263//158
f 258//154 250//154 249//154 259//154
f 264//158 267//158 360//158 352//158
f 230//154 231//154 260//154 259//154
f 351//159 359//159 269//159 266//159
f 265//159 270//159 363//159 355//159
f 266//159 269//159 254//159 247//159
f 229//158 235//158 267//158 264//158
f 263//158 268//158 236//158 228//158
f 263//158 264//158 352//158 356//158
f 269//155 359//155 347//155 262//155
f 267//155 235//155 227//155 261//155
f 355//159 351//159 266//159 265//159
f 270//154 257//154 250//154 258//154
f 236//154 268//154 260//154 231//154
f 363//154 270//154 258//154 344//154
f 217//154 230//154 259//154 249//154
f 257//159 270//159 265//159 246//159
f 254//155 269//155 262//155 251//155
f 323//155 335//155 337//155 325//155
f 325//155 337//155 338//155 326//155
f 326//155 338//155 336//155 324//155
f 332//160 336//160 338//161 334//161
f 334//161 338//161 337//162 333//162
f 333//162 337//162 335//163 331//163
f 328//160 332//160 334//161 330//161
f 330//161 334//161 333//162 329//162
f 329//162 333//162 331//163 327//163
f 327//163 339//163 341//162 329//162
f 329//162 341//162 342//161 330//161
f 330//161 342//161 340//160 328//160
f 284//164 291//164 293//165 286//165
f 286//165 293//165 294//166 285//166
f 285//166 294//166 292//167 283//167
f 304//168 315//168 317//169 306//169
f 306//169 317//169 318//170 305//170
f 305//170 318//170 316//171 303//171
f 280//164 284//164 286//165 282//165
f 282//165 286//165 285//166 281//166
f 281//166 285//166 283//167 279//167
f 347//155 359//155 361//155 349//155
f 349//155 361//155 362//155 350//155
f 350//155 362//155 360//155 348//155
f 352//172 360//172 362//173 354//173
f 354//173 362//173 361//174 353//174
f 353//174 361//174 359//175 351//175
f 275//155 287//155 289//155 277//155
f 277//155 289//155 290//155 278//155
f 278//155 290//155 288//155 276//155
f 351//175 355//175 357//174 353//174
f 353//174 357//174 358//173 354//173
f 354//173 358//173 356//172 352//172
f 299//155 311//155 313//155 301//155
f 301//155 313//155 314//155 302//155
f 302//155 314//155 312//155 300//155
f 279//167 288//167 290//166 281//166
f 281//166 290//166 289//165 282//165
f 282//165 289//165 287//164 280//164
f 303//171 307//171 309//170 305//170
f 305//170 309//170 310//169 306//169
f 306//169 310//169 308//168 304//168
f 319//154 340//154 342//154 321//154
f 321//154 342//154 341//154 322//154
f 322//154 341//154 339//154 320//154
f 355//175 363//175 365//174 357//174
f 357//174 365//174 366//173 358//173
f 358//173 366//173 364//172 356//172
f 295//154 316//154 318//154 297//154
f 297//154 318//154 317//154 298//154
f 298//154 317//154 315//154 296//154
f 271//154 292//154 294//154 273//154
f 273//154 294//154 293//154 274//154
f 274//154 293//154 291//154 272//154
f 343//154 364//154 366//154 345//154
f 345//154 366//154 365//154 346//154
f 346//154 365//154 363//154 344//154
f 307//171 312//171 314//170 309//170
f 309//170 314//170 313//169 310//169
f 310//169 313//169 311//168 308//168
f 271//154 273//154 274//154 272//154 190//154 191//154 192//154
o mouse
v -23.445118 -4.084157 -15.495074
v -24.386683 -2.612141 -11.809545
v -24.428749 -2.611925 -11.817558
v -23.519405 -4.087096 -15.491708
v -24.430277 -2.566086 -11.845007
v -23.520931 -4.041263 -15.519163
v -24.445183 -2.377624 -11.924038
v -23.512379 -3.833103 -15.603405
v -23.508442 -3.737383 -15.642151
v -24.450171 -2.268545 -11.968676
v -24.407755 -2.242241 -11.982506
v -23.469749 -3.726430 -15.653907
v -24.131680 -2.138286 -12.009467
v -23.216801 -3.683723 -15.708184
v -24.060871 -2.136754 -12.012310
v -23.145996 -3.682196 -15.711028
v -23.643452 -2.122737 -12.010269
v -22.731924 -3.661067 -15.694096
v -23.494041 -2.115246 -12.012361
v -22.584333 -3.653577 -15.688155
v -23.427078 -2.111847 -12.009581
v -22.517370 -3.650182 -15.685465
v -23.292809 -2.200148 -11.972797
v -22.360634 -3.725935 -15.633162
v -22.794884 -2.333850 -11.911685
v -21.883326 -3.851062 -15.598772
v -21.198753 -2.448230 -11.855606
v -20.213089 -3.998939 -15.500332
v -19.355799 -2.367007 -11.860425
v -18.538904 -3.950316 -15.492802
v -18.767408 -2.332284 -11.856470
v -17.937748 -3.797670 -15.486184
v -18.576693 -2.208834 -11.876150
v -17.760132 -3.666076 -15.509256
v -18.487640 -2.197689 -11.868601
v -17.670954 -3.654412 -15.501963
v -18.395636 -2.196301 -11.866214
v -17.579111 -3.655305 -15.498232
v -17.672689 -2.241847 -11.839718
v -16.879858 -3.651824 -15.479645
v -17.632280 -2.246971 -11.837553
v -16.839485 -3.656501 -15.476985
v -17.649193 -2.342402 -11.799587
v -16.858210 -3.744322 -15.444993
v -16.898817 -3.938369 -15.375396
v -17.686085 -2.552175 -11.717295
v -17.697227 -2.601937 -11.695455
v -16.913675 -3.989705 -15.353709
v -17.738689 -2.601365 -11.705404
v -16.952543 -3.986200 -15.359687
v -21.690182 -6.379156 -20.722633
v -21.727093 -6.324708 -20.565361
v -21.780649 -6.320406 -20.579155
v -21.735981 -6.376549 -20.709972
v -21.782177 -6.274568 -20.606602
v -21.737509 -6.330710 -20.737427
v -21.775806 -6.081630 -20.681122
v -21.731176 -6.137671 -20.811790
v -21.728260 -6.048895 -20.845997
v -21.772881 -5.992911 -20.715393
v -21.734186 -5.981958 -20.727150
v -21.689571 -6.037948 -20.857752
v -21.484419 -5.939255 -20.758680
v -21.439798 -5.995239 -20.889282
v -21.413609 -5.931581 -20.761524
v -21.368994 -5.987566 -20.892111
v -20.996363 -5.910454 -20.767338
v -20.951746 -5.966443 -20.897942
v -20.848774 -5.909104 -20.761398
v -20.804157 -5.965094 -20.892010
v -20.781811 -5.905709 -20.758709
v -20.737194 -5.961694 -20.889313
v -20.612495 -5.935212 -20.737799
v -20.567570 -5.990015 -20.869144
v -20.120899 -6.015998 -20.706074
v -20.075922 -6.070729 -20.836077
v -18.785442 -6.057904 -20.645176
v -18.747730 -6.111487 -20.776049
v -17.332216 -5.934103 -20.574394
v -17.302361 -5.983585 -20.704348
v -16.759569 -5.788981 -20.538586
v -16.730476 -5.837787 -20.667667
v -16.561468 -5.699643 -20.578400
v -16.531849 -5.749601 -20.707888
v -16.472240 -5.686775 -20.571831
v -16.442629 -5.736732 -20.701313
v -16.380392 -5.686385 -20.568827
v -16.350780 -5.736348 -20.698307
v -15.711870 -5.671211 -20.492502
v -15.684121 -5.720665 -20.621361
v -15.671103 -5.672656 -20.492292
v -15.643353 -5.722111 -20.621159
v -15.680590 -5.761717 -20.457718
v -15.652840 -5.811166 -20.586582
v -15.673464 -6.004828 -20.511391
v -15.701214 -5.955379 -20.382524
v -15.710684 -6.006495 -20.359173
v -15.682929 -6.055940 -20.488037
v -15.749883 -6.007187 -20.363220
v -15.722133 -6.056636 -20.492086
v -15.714650 -6.001486 -20.518692
v -15.693739 -5.809120 -20.589022
v -21.692215 -6.319157 -20.750679
v -21.690407 -6.126527 -20.824017
v -21.447811 -6.097283 -20.853685
v -21.377007 -6.090969 -20.856522
v -20.959759 -6.067882 -20.862350
v -20.812166 -6.064602 -20.856411
v -20.745207 -6.061198 -20.853722
v -20.575579 -6.080477 -20.833546
v -20.081110 -6.140160 -20.813015
v -18.752920 -6.180912 -20.752995
v -17.307550 -6.053011 -20.681293
v -16.736160 -5.911534 -20.642399
v -16.539864 -5.840063 -20.672291
v -16.450642 -5.827194 -20.665716
v -16.358795 -5.826810 -20.662712
v -21.465237 -6.319191 -20.776285
v -21.469809 -6.375103 -20.755978
v -21.394430 -6.315825 -20.779121
v -21.399002 -6.371742 -20.758804
v -20.977182 -6.288468 -20.784950
v -20.981756 -6.344386 -20.764637
v -20.829596 -6.280978 -20.779011
v -20.834167 -6.336895 -20.758698
v -20.762632 -6.277583 -20.776314
v -20.767200 -6.333500 -20.755997
v -20.593006 -6.277194 -20.756153
v -20.597580 -6.333112 -20.735838
v -20.092400 -6.291139 -20.762880
v -20.096972 -6.347056 -20.742573
v -18.764206 -6.331892 -20.702866
v -18.768780 -6.387804 -20.682552
v -17.318836 -6.203990 -20.631157
v -17.323410 -6.259908 -20.610844
v -16.748526 -6.071897 -20.587471
v -16.753099 -6.127813 -20.567156
v -16.557287 -6.036780 -20.594891
v -16.561861 -6.092698 -20.574574
v -16.468067 -6.023911 -20.588316
v -16.472639 -6.079829 -20.568001
v -16.376217 -6.023527 -20.585318
v -16.380793 -6.079440 -20.564995
v -21.509417 -6.326571 -20.580032
v -21.438608 -6.323205 -20.582876
v -21.021360 -6.295854 -20.588692
v -20.873775 -6.288363 -20.582752
v -20.806812 -6.284964 -20.580063
v -20.637188 -6.284579 -20.559895
v -20.136580 -6.298519 -20.566628
v -18.808386 -6.339272 -20.506615
v -17.363018 -6.211375 -20.434898
v -16.792706 -6.079277 -20.391220
v -16.601467 -6.044166 -20.398638
v -16.512247 -6.031292 -20.392063
v -16.420399 -6.030908 -20.389059
v -24.434921 -2.568809 -11.740269
v -24.409206 -2.566230 -11.720661
v -24.415367 -2.513597 -11.740967
v -24.445715 -2.523249 -11.765192
v -24.428816 -2.320549 -11.828689
v -24.461863 -2.338565 -11.841242
v -17.650539 -2.213189 -11.753409
v -17.694624 -2.206097 -11.739269
v -17.711798 -2.302542 -11.703842
v -17.667376 -2.308103 -11.715464
v -17.704082 -2.518514 -11.633213
v -17.749264 -2.515883 -11.627018
v -17.760433 -2.565740 -11.605102
v -17.715250 -2.568401 -11.611280
v -24.432800 -2.202841 -11.882376
v -24.167368 -2.208940 -11.858732
v -24.156061 -2.096923 -11.908947
v -24.096561 -2.207408 -11.861575
v -24.085257 -2.095396 -11.911791
v -23.679138 -2.193391 -11.859532
v -23.667835 -2.081379 -11.909734
v -23.529724 -2.185901 -11.861587
v -23.518421 -2.073884 -11.911690
v -23.459549 -2.182501 -11.860907
v -23.448242 -2.070488 -11.910972
v -23.326593 -2.245223 -11.833403
v -23.317722 -2.159111 -11.872524
v -22.827391 -2.374157 -11.774405
v -22.819204 -2.293221 -11.810469
v -21.233398 -2.483326 -11.717388
v -21.225163 -2.406502 -11.754062
v -19.386606 -2.405162 -11.722244
v -19.378403 -2.327536 -11.759129
v -18.798450 -2.374516 -11.719642
v -18.790283 -2.295315 -11.755993
v -18.609430 -2.281169 -11.730293
v -18.599133 -2.171270 -11.776110
v -18.520277 -2.269889 -11.723478
v -18.510033 -2.159846 -11.768917
v -18.428345 -2.269611 -11.721093
v -18.418062 -2.158741 -11.766552
v -24.198336 -2.519902 -11.721173
v -24.191954 -2.462583 -11.749523
v -24.127533 -2.508315 -11.724018
v -24.121145 -2.450996 -11.752366
v -23.710104 -2.494299 -11.721973
v -23.703722 -2.436979 -11.750323
v -23.560696 -2.486808 -11.724119
v -23.554312 -2.429488 -11.752476
v -23.490513 -2.483408 -11.723557
v -23.484131 -2.426089 -11.751907
v -23.352266 -2.489809 -11.719887
v -23.345888 -2.432485 -11.748154
v -22.850878 -2.606359 -11.672152
v -22.845108 -2.550149 -11.697372
v -21.256718 -2.724710 -11.619272
v -21.250988 -2.665811 -11.643427
v -19.411346 -2.640601 -11.614422
v -19.404280 -2.586244 -11.645224
v -18.823288 -2.606263 -11.609933
v -18.816196 -2.553040 -11.641165
v -18.637728 -2.578513 -11.605555
v -18.631975 -2.525722 -11.630801
v -18.548477 -2.565639 -11.599672
v -18.542730 -2.512853 -11.624807
v -18.456604 -2.564583 -11.597532
v -18.450857 -2.511571 -11.622571
v -24.467079 -2.229151 -11.886029
v -24.173931 -2.558014 -11.829582
v -24.103123 -2.546427 -11.832425
v -23.685699 -2.532411 -11.830382
v -23.536289 -2.524920 -11.832535
v -23.469326 -2.521520 -11.829844
v -23.327860 -2.527916 -11.828354
v -22.826464 -2.645148 -11.781219
v -21.232206 -2.768551 -11.730593
v -19.386871 -2.682405 -11.724407
v -18.798853 -2.645643 -11.719147
v -18.613285 -2.616938 -11.714916
v -18.524033 -2.604069 -11.709221
v -18.432148 -2.603487 -11.707274
v -26.390261 -9.231986 -10.503474
v -25.985495 -8.215524 -10.468982
v -24.676327 -8.451500 -14.781128
v -24.917835 -9.233402 -14.774504
v -27.390009 -9.543665 2.152440
v -27.347786 -8.004922 2.871225
v -27.516548 -7.952966 2.096525
v -27.563656 -9.553566 1.369798
v -28.024166 -9.092187 -4.193481
v -27.289871 -7.953387 -3.961139
v -26.723320 -8.088145 -7.079963
v -27.494125 -9.231483 -7.190631
v -22.551577 -6.972596 -20.807537
v -22.518969 -8.073897 -20.756561
v -22.549480 -8.054593 -20.621552
v -22.594933 -6.921466 -20.666889
v -28.003330 -8.631446 -2.151996
v -27.636114 -7.805794 -1.255481
v -25.750351 -6.109582 -10.465315
v -25.981724 -3.818684 -10.852859
v -24.607454 -5.113686 -15.063853
v -24.506134 -6.950364 -14.877130
v -26.884792 -5.854664 4.208089
v -27.074738 -6.999446 3.636267
v -26.999687 -7.048257 3.820899
v -26.800703 -5.929323 4.378181
v -22.539291 -8.689228 -20.725237
v -22.677780 -9.361951 -20.697609
v -22.715050 -9.357533 -20.584089
v -22.569841 -8.683417 -20.592527
v -27.782288 -2.030231 -3.759522
v -27.650135 -2.664150 -3.810403
v -27.955820 -3.380546 -0.601971
v -28.038433 -2.818198 -1.133175
v -22.678438 -9.582336 -20.686008
v -22.678804 -9.703905 -20.679611
v -22.711700 -9.699712 -20.541533
v -22.729883 -9.577668 -20.551010
v -24.923540 -9.519836 -14.749149
v -24.926891 -9.687051 -14.734266
v -26.397511 -9.680531 -10.475725
v -26.395191 -9.515382 -10.486026
v -27.495735 -9.684386 -7.184167
v -27.495197 -9.515881 -7.186570
v -28.015285 -9.672436 -4.232924
v -28.017584 -9.506922 -4.222709
v -28.001184 -8.744787 -2.173676
v -28.022400 -9.203277 -4.201330
v -27.996765 -9.512516 -2.246974
v -27.941252 -4.651343 0.562302
v -27.866558 -6.452070 0.525238
v -27.799133 -6.541330 1.079031
v -27.819469 -5.015951 1.554788
v -25.992819 -2.519950 -11.361340
v -25.978292 -2.401815 -11.423447
v -24.736507 -3.955637 -15.245291
v -24.734880 -4.052110 -15.234259
v -22.631435 -6.370916 -20.723577
v -22.633999 -6.468369 -20.707752
v -27.884121 -7.718607 -0.204032
v -27.954617 -8.434608 -1.125678
v -27.867332 -9.533389 -0.625837
v -27.825600 -7.782145 0.379338
v -26.142513 -3.771343 -10.369773
v -26.929317 -3.104094 -7.203468
v -26.514217 -5.785829 -7.084261
v -27.148403 -5.864387 -3.769299
v -27.506172 -2.984653 -4.177967
v -26.865620 -8.256408 4.211992
v -26.822205 -7.886806 4.395368
v -26.868479 -7.862052 4.285341
v -26.908718 -8.224836 4.104864
v -27.198603 -9.549845 2.932312
v -27.118439 -8.118144 3.583229
v -27.692467 -7.893558 1.172762
v -27.719688 -9.554463 0.535829
v -27.389874 -5.445308 2.803981
v -27.490355 -6.773918 2.112388
v -27.445904 -6.812078 2.340075
v -27.326231 -5.492173 3.013586
v -27.162027 -5.630980 3.535850
v -27.303616 -6.899237 2.887432
v -27.245749 -6.925723 3.100236
v -27.100096 -5.701778 3.721367
v -27.003376 -7.111871 4.117473
v -26.761486 -7.224916 4.606080
v -26.556963 -6.171436 5.137923
v -26.811518 -6.017706 4.662004
v -27.996735 -9.676959 -2.251375
v -27.719120 -9.657896 0.504818
v -27.566570 -9.652802 1.331177
v -27.390549 -9.652873 2.102839
v -27.197212 -9.657224 2.868833
v -27.073063 -9.650256 3.383108
v -27.069176 -9.547766 3.434934
v -26.163467 -4.648448 5.914835
v -26.708729 -4.263787 4.967693
v -26.587755 -4.689955 5.253653
v -26.284058 -4.899690 5.719005
v -26.915943 -4.456018 4.588538
v -27.329781 -3.735158 3.569916
v -27.207817 -4.256372 3.900634
v -27.470240 -4.047623 3.194688
v -28.125286 -2.123243 -0.992343
v -27.878557 -1.350358 -3.728012
v -27.879498 -1.485770 -3.725798
v -28.149847 -2.299682 -1.004098
v -27.494678 -9.347322 -7.188788
v -26.392874 -9.349953 -10.496319
v -24.920139 -9.349404 -14.764260
v -22.727015 -9.472341 -20.567848
v -27.867554 -9.673429 -0.636919
v -27.925346 -8.350725 -1.195086
v -27.883690 -7.718400 -0.353512
v -27.658463 -6.303280 -0.134531
v -27.871540 -6.425515 0.396109
v -27.951790 -4.580688 0.412238
v -27.853086 -4.385907 -0.160223
v -28.044613 -2.827260 0.237417
v -28.032448 -2.524614 0.266051
v -27.568382 -3.008327 -3.858623
v -25.979357 -3.571653 -10.988873
v -27.089203 -7.846495 3.356809
v -27.080376 -7.728908 3.446577
v -27.149097 -7.713604 3.231998
v -27.159002 -7.832473 3.139854
v -27.294804 -7.780167 2.637322
v -27.287691 -7.669585 2.722154
v -27.349417 -7.646455 2.495196
v -27.345837 -7.755024 2.412148
v -27.455330 -7.685878 1.808253
v -27.459641 -7.583416 1.880600
v -27.489990 -7.559936 1.659601
v -27.484707 -7.664635 1.588225
v -26.505817 -6.210427 5.235431
v -26.294523 -5.272303 5.684487
v -26.352036 -5.227280 5.590142
v -26.642452 -4.982708 4.841275
v -26.739418 -4.936879 4.649299
v -26.975178 -4.802221 4.167299
v -27.054951 -4.748013 3.976677
v -27.237715 -4.585688 3.536206
v -27.304043 -4.538658 3.252583
v -28.045361 -3.342761 -0.054230
v -27.860451 -3.991004 1.688492
v -28.064270 -3.387749 -0.166877
v -28.145035 -2.421350 -1.024705
v -27.598410 -5.349977 2.539340
v -27.662672 -6.713645 1.823493
v -27.615097 -6.774345 2.108805
v -27.518276 -5.439848 2.798657
v -27.691898 -7.533544 1.322565
v -27.608879 -7.710218 1.570328
v -27.614307 -7.563081 1.652614
v -27.563072 -7.741666 1.907439
v -27.524174 -7.623733 2.244468
v -27.566748 -7.598605 1.991539
v -27.481903 -6.861341 2.671291
v -27.355881 -5.571826 3.328843
v -27.420044 -5.510339 3.122816
v -27.546539 -6.829754 2.453773
v -27.262775 -4.680880 3.774817
v -27.327244 -4.622378 3.572830
v -27.426353 -4.351623 3.338680
v -27.308363 -4.434329 3.665110
v -27.525473 -4.465881 3.008441
v -27.435804 -4.530909 3.250175
v -27.471577 -7.796863 2.399982
v -27.475185 -7.649220 2.493342
v -27.394325 -7.833866 2.739749
v -27.338844 -7.699659 3.021599
v -27.386959 -7.683160 2.834882
v -27.273209 -6.967787 3.434748
v -27.106131 -5.786296 4.025440
v -27.191685 -5.717995 3.832458
v -27.340076 -6.943648 3.216434
v -26.963203 -4.876751 4.473550
v -27.060257 -4.822024 4.275470
v -27.171307 -4.541136 4.068126
v -27.040102 -4.618110 4.363065
v -27.289928 -5.621703 3.538067
v -27.184807 -4.738790 3.979318
v -27.429211 -6.898967 2.888938
v -26.892082 -5.942979 4.495409
v -27.087185 -7.063210 3.936096
v -26.634331 -5.042347 5.134468
v -26.735857 -4.999481 4.954744
v -26.843983 -4.716461 4.756388
v -26.707146 -4.781315 5.035613
v -27.018051 -5.853487 4.214297
v -26.873878 -4.928975 4.658121
v -27.203613 -7.001472 3.644334
v -27.289043 -7.874038 3.129438
v -27.277676 -7.718266 3.236099
v -27.182438 -7.891762 3.467566
v -27.100580 -7.747202 3.763488
v -27.174831 -7.740273 3.559690
v -26.221161 -4.944169 5.817378
v -26.630920 -4.821693 4.922693
v -26.718626 -4.779408 4.742339
v -26.962740 -4.655060 4.249402
v -27.048878 -4.604549 4.059127
v -27.221319 -4.468182 3.552184
v -27.299103 -4.411001 3.335581
v -26.712322 -7.249170 4.709240
v -27.831329 -3.443753 1.708829
v -27.827566 -3.025758 1.643172
v -22.678122 -9.477286 -20.691540
v -27.862621 -1.605825 -3.735292
v -25.878113 -2.064597 -11.422344
v -25.805904 -1.975014 -11.366622
v -24.552387 -3.513291 -15.276099
v -24.598959 -3.562985 -15.278404
v -27.776730 -1.037163 -3.697511
v -27.719263 -0.974048 -3.658859
v -27.620047 -0.890193 -4.203497
v -27.709375 -0.965755 -4.152184
v -26.821678 -1.111697 -7.721118
v -26.742783 -1.056245 -7.708119
v -25.841349 -1.932249 -11.224829
v -25.914452 -1.990389 -11.205258
v -23.692820 -3.327537 -14.963442
v -21.799557 -5.863011 -20.742802
v -21.816877 -5.850983 -20.743370
v -23.712837 -3.288954 -14.977696
v -25.688728 -0.526790 -4.477386
v -25.724785 -0.487127 -4.476063
v -25.766098 -0.415133 -3.370010
v -25.729986 -0.436785 -3.370600
v -25.730162 -0.376556 -2.592879
v -25.752600 -0.351250 -2.578351
v -25.352482 -0.327347 -1.940101
v -25.332037 -0.348345 -1.959644
v -23.670660 -0.012394 -0.307392
v -22.552374 -0.061853 0.014180
v -22.393126 -0.385122 -0.595293
v -23.409103 -0.349896 -0.881809
v -22.381292 -0.413352 -0.643437
v -21.177254 -0.508520 -0.393692
v -21.169971 -0.542815 -0.451557
v -15.953141 -1.468104 0.097227
v -15.026768 -1.857283 -0.094630
v -15.097824 -2.165561 -0.646951
v -15.989135 -1.792987 -0.467696
v -14.274240 -2.531303 -0.900769
v -14.259688 -2.503217 -0.857320
v -13.487913 -2.801780 -1.089470
v -13.528044 -2.850265 -1.136462
v -12.700658 -3.047774 -1.821384
v -12.749538 -3.111014 -1.835047
v -11.867369 -3.350803 -5.152126
v -11.908345 -3.386067 -5.156582
v -10.837598 -4.050679 -9.583738
v -10.878388 -4.083106 -9.586725
v -10.073925 -5.001731 -14.225724
v -10.094468 -5.013274 -14.228794
v -9.455414 -6.403948 -18.938686
v -9.468248 -6.411819 -18.941425
v -25.569401 -1.729976 -11.224751
v -25.507483 -1.719930 -11.208408
v -24.221394 -3.260921 -15.181271
v -24.291782 -3.276138 -15.205017
v -27.117844 -0.575452 -4.311142
v -27.024544 -0.528802 -4.318783
v -26.417286 -0.808379 -7.661618
v -26.523197 -0.858491 -7.682148
v -22.461971 -6.010865 -20.862328
v -22.508358 -6.058672 -20.862450
v -22.540257 -6.013218 -20.765011
v -22.493984 -5.964714 -20.761894
v -28.029907 -1.864981 -1.035430
v -27.973791 -1.772666 -1.075663
v -27.964355 -2.316949 0.235342
v -25.854630 -4.860199 6.288178
v -25.809851 -4.640530 6.356689
v -26.131508 -4.429868 5.952919
v -24.535604 -3.532352 6.317956
v -24.837940 -5.149669 7.342774
v -22.959206 -5.562281 7.700891
v -22.693054 -3.981381 6.849445
v -15.086494 -5.885257 5.844416
v -14.428679 -5.501700 4.766438
v -14.458886 -5.290962 4.737341
v -15.181555 -5.652122 5.934590
v -13.610809 -3.816971 2.605334
v -13.458855 -4.696730 2.932034
v -12.436724 -4.135323 0.835019
v -12.549431 -3.414413 0.422463
v -11.689416 -3.794450 -1.434988
v -11.835836 -3.310256 -1.519877
v -10.955454 -3.943599 -4.950292
v -11.090778 -3.545858 -4.990550
v -10.066910 -4.615154 -9.458564
v -10.184752 -4.221596 -9.494511
v -9.433594 -5.520972 -14.006094
v -9.524635 -5.220200 -14.106342
v -8.902636 -6.848680 -18.759800
v -8.974752 -6.642071 -18.792889
v -17.078302 -1.957680 2.838804
v -17.022755 -1.133479 0.561084
v -18.149580 -0.803069 0.645006
v -18.229883 -1.627521 2.945542
v -18.471815 -6.317268 7.740565
v -17.050102 -6.317609 7.480029
v -17.054171 -6.041739 7.511063
v -18.490534 -6.003464 7.791027
v -19.720428 -0.471877 0.670209
v -20.026482 -1.237295 2.972581
v -22.957561 -5.965933 7.731896
v -20.761942 -6.189242 7.870592
v -20.781755 -5.885440 7.928934
v -22.971870 -5.642687 7.751860
v -21.891785 -5.863794 -20.847029
v -22.001209 -5.870349 -20.853096
v -22.026674 -5.824496 -20.750988
v -21.915529 -5.818355 -20.744968
v -26.112894 -0.188976 -4.457980
v -26.538527 -0.327716 -4.430335
v -26.644667 -0.293445 -3.356428
v -26.211039 -0.111667 -3.325555
v -26.605892 -0.298804 -1.961026
v -27.215797 -0.804409 -1.559517
v -27.097971 -1.041245 -0.344211
v -26.326794 -0.322564 -1.000494
v -23.190041 -0.758081 2.391370
v -22.619572 -0.091548 0.263530
v -23.762457 -0.038554 -0.071652
v -24.408390 -0.580245 1.753533
v -21.808180 -0.928604 2.774508
v -21.316769 -0.213601 0.493353
v -15.950977 -1.528089 0.416845
v -15.937838 -2.233460 2.434893
v -14.922608 -2.443521 1.840549
v -15.008224 -1.898464 0.188337
v -14.072017 -2.263836 -0.156703
v -13.879492 -2.672856 0.895628
v -12.952925 -2.814515 -0.312859
v -13.143435 -2.636785 -0.643800
v -12.354969 -2.953072 -1.700438
v -12.503885 -2.880012 -1.763050
v -11.605293 -3.272672 -5.109245
v -11.705666 -3.244908 -5.129212
v -10.589914 -4.000971 -9.555874
v -10.707377 -3.948458 -9.579950
v -9.879858 -4.980833 -14.189314
v -9.993795 -4.965732 -14.212778
v -9.304896 -6.398396 -18.898399
v -9.391691 -6.384616 -18.923393
v -24.886993 -1.608399 -11.031105
v -24.753265 -1.713348 -10.984109
v -23.794258 -3.220178 -15.017723
v -26.012838 -0.219339 -4.464355
v -25.436741 -0.838569 -7.458063
v -25.611357 -0.650365 -7.500887
v -17.015844 -1.075631 0.269727
v -17.056210 -1.393969 -0.311051
v -18.162872 -1.117441 -0.269184
v -18.126921 -0.751699 0.337976
v -19.636780 -0.770618 -0.259093
v -19.679062 -0.418245 0.353631
v -24.189491 -0.352604 -1.256582
v -24.782017 -0.342847 -1.596934
v -24.799290 -0.327961 -1.575994
v -24.210609 -0.329714 -1.221245
v -25.361597 -0.016360 -0.925044
v -25.991453 -0.372148 -0.162383
v -25.416960 -0.445102 0.885143
v -24.649174 -0.025959 -0.489859
v -27.737431 -2.688876 1.549614
v -27.795183 -2.784701 1.598505
v -27.267801 -3.527003 3.604386
v -27.206924 -3.415053 3.512908
v -15.992138 -1.821836 -0.516424
v -17.060043 -1.431706 -0.378937
v -17.141455 -4.705220 6.766940
v -17.057762 -5.976573 7.476848
v -16.203712 -5.901674 7.056781
v -26.909117 -1.316362 0.856789
v -26.452837 -1.817688 2.461763
v -25.578606 -2.590174 4.510752
v -24.471054 -3.341662 6.076391
v -22.655691 -3.795157 6.640265
v -20.623129 -4.138584 6.860641
v -18.455240 -4.469325 6.882135
v -17.151075 -4.498817 6.533356
v -15.835630 -4.398056 5.699708
v -15.830300 -4.522596 5.890058
v -14.640510 -4.125690 4.253996
v -14.667715 -3.975201 4.040847
v -26.245960 -0.081127 -2.259927
v -25.864285 -0.025335 -1.460142
v -13.667560 -3.542435 2.282357
v -13.642109 -3.692162 2.540796
v -12.571794 -3.314247 0.340485
v -12.662581 -3.196501 0.186430
v -25.619604 -1.771315 -11.248234
v -24.334454 -3.314922 -15.249186
v -27.220736 -0.634010 -4.286013
v -26.582909 -0.901953 -7.669041
v -22.227882 -5.888841 -20.866161
v -22.311119 -5.913075 -20.856216
v -22.342251 -5.861965 -20.748466
v -22.259155 -5.844399 -20.764915
v -27.337725 -0.672435 -3.441723
v -27.247143 -0.603894 -3.412131
v -27.353363 -0.938116 -1.481450
v -27.424919 -1.027123 -1.443364
v -27.310154 -1.293207 -0.186463
v -27.240112 -1.189339 -0.223238
v -27.062698 -1.484858 1.011898
v -27.151806 -1.608078 1.128902
v -26.649921 -2.119243 2.760915
v -26.574085 -1.987697 2.636867
v -24.514202 -3.445093 6.225402
v -22.679932 -3.887976 6.768523
v -17.153788 -4.608501 6.698387
v -15.812853 -4.635651 5.970238
v -11.879444 -3.218085 -1.542386
v -11.163946 -3.462930 -5.009087
v -10.240774 -4.143518 -9.508940
v -9.572814 -5.138348 -14.118998
v -9.025924 -6.553924 -18.811966
v -18.459816 -4.543970 6.988857
v -18.455933 -4.624640 7.040223
v -20.642384 -4.247754 7.009510
v -20.652842 -4.342048 7.085722
v -25.662663 -2.754978 4.720805
v -25.703167 -2.840585 4.798642
v -14.608607 -4.271480 4.336214
v -25.167847 -1.614996 -11.118776
v -24.986635 -1.576125 -11.063547
v -23.890676 -3.187578 -15.059662
v -24.022333 -3.218142 -15.114100
v -25.712088 -0.616724 -7.522594
v -26.027792 -0.677467 -7.585291
v -22.181932 -5.885091 -20.863506
v -22.210135 -5.840203 -20.761976
v -27.141960 -0.540721 -3.402985
v -11.964798 -3.170571 -1.570763
v -11.234432 -3.432544 -5.025082
v -10.335402 -4.104753 -9.521635
v -9.638329 -5.104739 -14.134003
v -9.097769 -6.513872 -18.834221
v -21.833109 -5.868361 -20.843449
v -21.855453 -5.824199 -20.744625
v -26.110916 -0.118990 -3.332554
v -26.054213 -0.020816 -2.382958
v -26.151768 -0.034098 -2.336613
v -25.767750 0.030611 -1.556075
v -25.686203 0.023500 -1.621075
v -25.197994 0.014179 -1.125407
v -25.265341 0.037127 -1.041596
v -24.574982 0.022328 -0.622711
v -24.527929 0.000965 -0.718361
v -22.580679 -0.044394 0.118533
v -21.282547 -0.163638 0.331150
v -21.260914 -0.178898 0.224821
v -17.018871 -1.062959 0.378764
v -15.951799 -1.448307 0.207391
v -14.116428 -2.228292 -0.435956
v -14.100172 -2.204884 -0.327347
v -13.229219 -2.554476 -0.796677
v -13.281452 -2.561569 -0.866986
v -12.573488 -2.893433 -1.810450
v -11.776201 -3.272312 -5.142230
v -10.746702 -3.978503 -9.577049
v -10.028202 -4.976041 -14.218893
v -9.426813 -6.386421 -18.932598
v -18.136446 -0.733654 0.446211
v -19.694710 -0.402034 0.460466
v -23.714388 0.006429 -0.207494
v -15.015600 -1.838369 0.014599
v -26.667738 -4.036031 4.987743
v -22.589188 -6.421124 -20.849810
v -26.095682 -4.328242 5.857800
v -25.728710 -4.586864 6.364208
v -24.855114 -5.221432 7.393088
v -24.858576 -5.516298 7.365415
v -15.225060 -5.587235 5.950152
v -14.469492 -5.213988 4.707878
v -13.456553 -4.785318 2.971877
v -13.466311 -4.983034 3.037612
v -12.417606 -4.410535 0.962485
v -12.434389 -4.241313 0.906930
v -11.662704 -3.997899 -1.408178
v -11.663857 -3.897646 -1.419133
v -10.900184 -4.160728 -4.930775
v -10.908625 -4.057513 -4.936378
v -10.023907 -4.816630 -9.442146
v -10.022070 -4.738283 -9.444901
v -9.388272 -5.709766 -13.957491
v -9.400384 -5.631554 -13.969538
v -8.833158 -7.034112 -18.729515
v -8.865879 -6.953792 -18.743198
v -18.487852 -5.934159 7.753290
v -20.773357 -5.808284 7.883478
v -16.098330 -6.266863 7.000054
v -16.140402 -5.970316 7.060459
v -26.592735 -3.968239 4.973423
v -27.890053 -2.202199 0.189198
v -27.501015 -5.451967 2.856115
v -27.604488 -6.785433 2.167588
v -27.606670 -7.569174 1.711704
v -27.601606 -7.673427 1.640340
v -27.571732 -7.694497 1.860149
v -27.575748 -7.592439 1.932456
v -27.559214 -6.822671 2.394936
v -27.437479 -5.498242 3.065621
v -27.339804 -4.606893 3.520142
v -27.334742 -4.474818 3.603601
v -27.412060 -4.418396 3.387118
v -27.416126 -4.545996 3.304521
v -27.414410 -6.907222 2.946465
v -27.462725 -7.655006 2.551057
v -27.459196 -7.763466 2.467930
v -27.407982 -7.788368 2.693017
v -27.400818 -7.677926 2.777911
v -27.356579 -6.936921 3.159170
v -27.210884 -5.707060 3.777605
v -27.085934 -4.807322 4.222997
v -27.074043 -4.660303 4.305119
v -27.161716 -4.610498 4.115002
v -27.167150 -4.753819 4.032531
v -27.272556 -5.636675 3.592012
v -27.109161 -7.059330 3.883120
v -26.908897 -5.934653 4.438525
v -26.751406 -4.987645 4.900954
v -26.739834 -4.826730 4.982487
v -26.828178 -4.784854 4.802056
v -26.848804 -4.942099 4.708671
v -26.992931 -5.860263 4.268154
v -27.183908 -7.007426 3.698796
v -27.260731 -7.722608 3.291691
v -27.270653 -7.841318 3.199452
v -27.201523 -7.855037 3.416082
v -27.192703 -7.737646 3.505947
v -27.864780 -1.310018 -3.891191
v -27.866079 -1.441113 -3.885407
v -26.050560 -2.475437 -11.228809
v -26.036766 -2.356899 -11.290075
v -26.051329 -3.665126 -10.735354
v -26.046293 -3.442637 -10.867981
v -26.952229 -2.952731 -7.210323
v -26.168186 -3.618443 -10.361365
v -27.574131 -2.821627 -4.001683
v -27.532303 -2.817929 -4.198090
v -27.764006 -1.982376 -3.919087
v -27.625202 -2.611791 -3.970762
v -27.849308 -1.559954 -3.894887
v -27.818361 -1.109013 -3.962477
v -25.943878 -2.129744 -11.331883
v -25.988541 -2.084678 -11.189612
v -26.916527 -1.283766 -7.734216
v -27.786551 -1.103986 -4.117179
v -27.734442 -1.303785 -3.878582
v -27.716442 -1.430107 -3.870512
v -25.880180 -2.501281 -11.189003
v -25.866386 -2.382695 -11.250270
v -25.865133 -3.664737 -10.693439
v -25.860104 -3.442282 -10.826066
v -26.766037 -2.952731 -7.168408
v -25.981997 -3.618130 -10.319450
v -27.387938 -2.820724 -3.959775
v -27.346111 -2.818044 -4.156175
v -27.592922 -1.973781 -3.892402
v -27.439157 -2.609347 -3.928752
v -27.692276 -1.537687 -3.879882
v -27.734919 -1.260434 -3.969760
v -25.805578 -2.307868 -11.286690
v -25.850243 -2.263105 -11.144419
v -26.871967 -1.492175 -7.702826
v -27.707664 -1.248286 -4.104227
v -19.633739 -0.796577 -0.304808
v -10.204723 -9.113054 -9.094429
v -9.449645 -9.120203 -13.675571
v -9.633769 -8.476561 -13.778020
v -10.450502 -8.342335 -9.206387
v -14.397724 -9.603692 4.148927
v -14.063416 -9.596740 3.453304
v -14.234261 -8.332531 3.923553
v -14.584160 -8.378360 4.600810
v -12.026993 -8.950959 -2.084386
v -11.141847 -9.107196 -5.018772
v -11.466482 -8.238284 -5.110645
v -12.279696 -8.083180 -2.054597
v -9.011079 -8.165237 -18.839924
v -8.853448 -7.354501 -18.831223
v -8.871455 -7.331798 -18.722431
v -9.034464 -8.149219 -18.716763
v -12.835349 -7.916505 0.850358
v -12.564068 -8.446099 -0.038921
v -10.574525 -7.021130 -9.312588
v -9.693649 -7.405285 -13.861956
v -9.561746 -6.534223 -13.887867
v -10.280437 -5.916222 -9.323792
v -14.998463 -7.302403 5.267984
v -15.118807 -6.533538 5.661496
v -15.221983 -6.574008 5.812361
v -15.102082 -7.320511 5.439386
v -8.953072 -8.688148 -18.795044
v -8.971743 -8.685166 -18.696169
v -8.842529 -9.216359 -18.654350
v -8.828971 -9.217382 -18.731321
v -11.673772 -4.429963 -1.430603
v -12.451706 -5.047753 0.962507
v -12.780403 -5.541838 1.613579
v -11.999077 -5.324070 -1.681140
v -8.832099 -9.644702 -18.720137
v -8.845750 -9.644510 -18.642818
v -8.847528 -9.705205 -18.636444
v -8.833830 -9.705325 -18.713963
v -9.455750 -9.619120 -13.650312
v -10.210424 -9.631253 -9.077154
v -10.213801 -9.693441 -9.067093
v -9.459282 -9.686177 -13.635471
v -11.146703 -9.655691 -5.013489
v -11.146846 -9.708016 -5.013071
v -11.988762 -9.623533 -2.115134
v -11.988237 -9.690811 -2.117112
v -12.641109 -8.729993 0.199863
v -13.123934 -9.574997 1.139131
v -12.012484 -9.061954 -2.089367
v -13.203497 -6.763742 2.229655
v -13.021353 -5.623700 2.195676
v -13.541604 -5.818016 3.131522
v -13.625836 -6.888460 3.089142
v -12.986770 -8.019528 1.389043
v -13.466444 -8.197288 2.443239
v -11.543509 -6.821229 -5.082675
v -11.221037 -5.459049 -4.992640
v -12.339674 -6.782743 -1.915916
v -14.973166 -9.609431 5.218861
v -14.925114 -9.608196 5.135611
v -15.156964 -8.467818 5.630615
v -15.202837 -8.481317 5.711089
v -14.704132 -9.602382 4.741869
v -14.941336 -8.405284 5.251118
v -13.830521 -8.290828 3.137755
v -13.728072 -9.579309 2.637742
v -14.286729 -7.057821 3.972440
v -14.433788 -6.162010 4.461869
v -14.523564 -6.202379 4.681579
v -14.391024 -7.100437 4.185583
v -14.650188 -7.192216 4.641763
v -14.780771 -6.357282 5.083035
v -14.869612 -6.409492 5.244486
v -14.749516 -7.224686 4.819696
v -15.142202 -7.349672 5.762277
v -15.273304 -6.650871 6.115920
v -15.465122 -6.764372 6.379177
v -15.332823 -7.473853 6.069123
v -13.125172 -9.690448 1.117298
v -14.054623 -9.680253 3.429658
v -13.717680 -9.686903 2.607734
v -14.385498 -9.688397 4.119234
v -14.690601 -9.688196 4.711088
v -14.909113 -9.684800 5.103169
v -15.562765 -6.499556 6.561936
v -15.521397 -6.468295 6.502957
v -15.608986 -6.266508 6.576706
v -15.698137 -6.252986 6.666897
v -14.961786 -6.118880 5.705512
v -14.593786 -5.923561 5.082777
v -14.217682 -5.727083 4.427432
v -12.471237 -4.724316 1.097916
v -11.650265 -4.281726 -1.420459
v -11.143476 -9.222215 -5.017171
v -10.206591 -9.229992 -9.087107
v -9.452284 -9.239793 -13.665410
v -8.844194 -9.331685 -18.648394
v -13.496814 -5.337386 3.092427
v -14.984083 -8.196045 5.350621
v -15.195400 -8.252528 5.724885
v -14.938798 -8.275846 4.968030
v -14.830187 -8.257748 4.786064
v -14.844209 -8.151359 4.838695
v -14.951395 -8.170119 5.018983
v -14.584887 -8.190046 4.343678
v -14.480458 -8.160304 4.149190
v -14.491784 -8.064387 4.215196
v -14.597303 -8.092938 4.408423
v -14.218472 -8.078859 3.617183
v -14.129965 -8.051648 3.427966
v -14.136164 -7.958742 3.493706
v -14.226315 -7.988153 3.683725
v -12.966653 -6.682697 1.655496
v -13.875796 -7.921225 3.295338
v -14.018927 -7.961474 3.533519
v -14.011631 -8.093063 3.458872
v -14.147507 -8.133188 3.749217
v -14.157918 -8.005747 3.825289
v -14.265089 -8.036551 4.044545
v -14.434584 -7.152946 4.497635
v -14.325727 -7.118943 4.309371
v -14.474354 -6.238163 4.786499
v -14.572076 -6.293077 4.960626
v -14.487331 -6.050804 4.879650
v -14.324528 -5.976473 4.598574
v -14.158408 -6.085555 4.256726
v -14.314966 -6.154702 4.506598
v -14.169215 -7.059272 4.011580
v -14.019138 -6.993112 3.781458
v -14.375687 -8.067090 4.259927
v -14.362294 -8.198085 4.185847
v -14.519797 -8.242699 4.478519
v -14.534412 -8.109631 4.551002
v -14.624386 -8.131595 4.708796
v -14.784508 -7.271364 5.142352
v -14.685662 -7.244085 4.961425
v -14.806249 -6.428440 5.385067
v -14.896303 -6.479080 5.555595
v -14.823082 -6.222403 5.475015
v -14.682055 -6.149876 5.224485
v -14.666691 -6.348662 5.132936
v -14.535256 -7.193157 4.686044
v -15.042793 -7.335238 5.582047
v -15.166988 -6.588351 5.952598
v -15.326408 -6.356519 6.222382
v -15.192345 -6.376887 6.039741
v -15.024827 -6.311544 5.807821
v -15.005985 -6.526325 5.719002
v -14.883881 -7.305424 5.319832
v -14.728363 -8.155651 4.889874
v -14.709068 -8.294881 4.825955
v -14.878448 -8.319802 5.110141
v -14.890574 -8.184116 5.162042
v -15.505779 -6.788477 6.435026
v -15.132170 -6.374424 5.746022
v -15.241126 -6.420167 5.896020
v -14.791196 -6.213088 5.168281
v -14.881197 -6.260904 5.329299
v -14.441479 -6.034502 4.548378
v -14.548508 -6.086060 4.735206
v -8.830608 -9.332712 -18.725464
v -14.341755 -6.168200 4.553711
v -14.195732 -7.070791 4.061901
v -14.042896 -7.969406 3.584158
v -14.036417 -8.061861 3.518421
v -14.125263 -8.088727 3.707608
v -14.133377 -7.998376 3.774194
v -14.298872 -7.110747 4.258623
v -14.447726 -6.223796 4.739996
v -14.456199 -6.091975 4.826606
v -14.349001 -6.040936 4.639929
v -14.561914 -7.202415 4.734756
v -14.402153 -8.074140 4.309906
v -14.390592 -8.169802 4.243924
v -14.495460 -8.199602 4.437659
v -14.506988 -8.102581 4.502552
v -14.659188 -7.236431 4.913324
v -14.781043 -6.414606 5.340226
v -14.792269 -6.266114 5.425353
v -14.701992 -6.219195 5.263639
v -14.691425 -6.363322 5.178176
v -15.014233 -7.331315 5.537324
v -15.137524 -6.578066 5.912223
v -15.156792 -6.424143 5.995914
v -15.046947 -6.378939 5.846342
v -15.033599 -6.538013 5.761362
v -14.910600 -7.311748 5.366150
v -14.755525 -8.161139 4.936715
v -14.741831 -8.267510 4.883883
v -14.850504 -8.285387 5.065796
v -14.862874 -8.180246 5.116982
v -10.047273 -5.117931 -9.416321
v -9.419565 -5.974568 -13.937138
v -9.393726 -5.862225 -13.947777
v -10.033173 -4.996660 -9.426477
v -8.850925 -7.229283 -18.723511
v -8.834180 -7.141890 -18.724623
v -10.904278 -4.462303 -4.837268
v -10.898048 -4.340154 -4.849084
v -15.711533 -5.870298 6.681703
v -15.478048 -6.128124 6.397656
v -15.704997 -5.794267 6.641829
v -15.258462 -8.481619 5.717486
v -15.028620 -9.609431 5.225303
v -15.373239 -7.500273 6.134212
v -15.553676 -6.789447 6.440166
v -15.428939 -7.501161 6.140607
v -14.956699 -9.684075 5.186059
v -15.012150 -9.684081 5.192502
v -15.612984 -6.500775 6.564713
v -15.240365 -8.264734 5.804250
v -15.294945 -8.271596 5.807877
v -15.412615 -8.482613 5.728529
v -15.204864 -9.609431 5.241625
v -15.702893 -6.792660 6.465051
v -15.582732 -7.503706 6.151723
v -15.188375 -9.684081 5.208820
v -15.749433 -6.565696 6.590955
v -15.446230 -8.290314 5.811401
v -24.852301 -5.578444 7.329674
v -22.949549 -6.026066 7.695111
v -18.463680 -6.382646 7.700451
v -17.041746 -6.382918 7.439965
v -20.754349 -6.249375 7.833579
v -26.097282 -4.776499 5.950838
v -25.844017 -4.924242 6.256214
v -24.829659 -5.732780 7.218788
v -22.929749 -6.148864 7.604487
v -18.445097 -6.505452 7.609553
v -17.022715 -6.505260 7.349167
v -20.735451 -6.372169 7.742308
v -25.984392 -4.913975 5.929342
v -25.796841 -5.083744 6.142853
v -16.094702 -6.309407 6.980772
v -15.740373 -6.292774 6.694024
v -16.109039 -6.427687 6.891257
v -15.831295 -6.441361 6.677551
v -27.044758 -9.549471 3.540867
v -27.050034 -9.650928 3.491447
v -26.982502 -9.669410 3.499599
v -26.977165 -9.567947 3.549031
v -26.645466 -7.268252 4.717456
v -26.439152 -6.229980 5.244258
v -26.156555 -4.956980 5.827701
v -26.797466 -8.257671 4.228363
v -26.755894 -7.905523 4.403243
v -26.235470 -5.292038 5.695882
v -26.826994 -9.669410 3.514493
v -26.821817 -9.567947 3.563890
v -26.489265 -7.269996 4.733220
v -26.283014 -6.232621 5.261127
v -26.026464 -4.992830 5.860795
v -26.643005 -8.259894 4.242099
v -26.600481 -7.906330 4.418124
v -26.081249 -5.294881 5.715482
v -8.932341 -9.217382 -18.775906
v -9.056442 -8.688148 -18.839630
v -8.937199 -9.705325 -18.758547
v -8.935472 -9.644702 -18.764721
v -8.933975 -9.332712 -18.770048
v -9.114447 -8.165237 -18.884502
v -8.946671 -7.353708 -18.857391
v -9.543581 -9.329668 -18.962475
v -13.570224 -9.276412 -19.988499
v -13.602855 -8.623794 -20.024363
v -9.527569 -8.684297 -18.988342
v -9.551245 -9.703308 -18.952372
v -13.507236 -9.663598 -19.961258
v -13.517720 -9.600165 -19.970619
v -9.548605 -9.642508 -18.958260
v -13.610292 -8.170984 -20.038330
v -9.515290 -8.161934 -19.005585
v -14.808671 -6.788455 -20.325766
v -16.675390 -6.744740 -20.539169
v -16.675381 -6.712634 -20.539364
v -14.808620 -6.724537 -20.326153
v -17.447912 -9.267907 -20.586966
v -17.997147 -9.287767 -20.605217
v -17.943178 -8.626080 -20.597490
v -17.216583 -8.616899 -20.572163
v -17.543869 -9.645116 -20.589317
v -18.030119 -9.650062 -20.608215
v -18.008966 -9.582327 -20.615349
v -17.520437 -9.582316 -20.596600
v -17.917368 -8.157550 -20.584717
v -17.000692 -8.174078 -20.537321
v -17.143345 -6.719179 -20.560047
v -17.143360 -6.754453 -20.559834
v -17.849525 -6.764916 -20.599396
v -17.849375 -6.727491 -20.599640
v -22.588844 -6.520595 -20.844536
v -21.779364 -5.905081 -20.838448
v -21.796024 -5.893701 -20.839996
v -22.599405 -9.359166 -20.693287
v -22.455486 -8.688283 -20.720505
v -22.598688 -9.703069 -20.675087
v -22.593458 -9.582341 -20.681164
v -22.596334 -9.474377 -20.687031
v -22.439426 -8.074334 -20.752010
v -22.474728 -6.971861 -20.805025
v -9.409554 -6.415654 -19.036442
v -9.440935 -6.433839 -19.033367
v -8.886428 -6.875681 -18.867477
v -8.958202 -6.671531 -18.898716
v -9.287815 -6.427846 -19.004335
v -9.373950 -6.414089 -19.029224
v -9.009455 -6.583277 -18.917892
v -9.076691 -6.545736 -18.938774
v -8.816267 -7.060925 -18.837715
v -8.849531 -6.980600 -18.851414
v -8.833656 -7.254205 -18.832031
v -8.817516 -7.167502 -18.833017
v -9.437654 -7.256783 -19.001049
v -9.487304 -7.256912 -19.001560
v -9.485120 -7.170288 -19.005688
v -9.435780 -7.170138 -19.005260
v -9.410612 -6.467274 -19.036072
v -8.919022 -7.167757 -18.860661
v -8.922532 -7.254463 -18.856913
v -9.310647 -7.256274 -18.965509
v -9.308765 -7.169586 -18.969711
v -8.919630 -7.060585 -18.866684
v -9.305638 -7.058957 -18.974880
v -9.432515 -7.058535 -19.010445
v -9.480155 -7.058391 -19.010406
v -8.922955 -6.980504 -18.871983
v -8.957308 -6.875373 -18.887341
v -9.300418 -6.874057 -18.983515
v -9.303419 -6.980145 -18.978558
v -9.430224 -6.979971 -19.014088
v -9.427113 -6.873514 -19.019028
v -9.476673 -6.979986 -19.013721
v -9.471941 -6.873400 -19.018208
v -9.024586 -6.667685 -18.917522
v -9.294149 -6.652203 -18.993866
v -9.420438 -6.644903 -19.029640
v -9.461704 -6.642734 -19.027935
v -9.054620 -6.607867 -18.929195
v -9.289357 -6.482400 -19.001799
v -9.454954 -6.490731 -19.034348
v -9.509532 -7.335202 -19.015667
v -9.536050 -7.254243 -19.015606
v -9.312548 -7.353117 -18.962498
v -9.316711 -8.164720 -18.948345
v -9.326137 -8.687447 -18.924761
v -9.336238 -9.332353 -18.901859
v -9.340124 -9.644587 -18.892445
v -9.342216 -9.705244 -18.886391
v -22.163036 -9.698525 -20.650494
v -22.418066 -9.701186 -20.664894
v -22.417707 -9.582355 -20.671144
v -22.162601 -9.582370 -20.656599
v -22.417366 -9.468014 -20.677166
v -22.162140 -9.458939 -20.663090
v -22.290836 -8.686419 -20.711212
v -22.159241 -8.684926 -20.703796
v -22.274408 -8.075241 -20.742550
v -22.156960 -8.075890 -20.735817
v -22.297844 -6.969994 -20.805531
v -22.160254 -6.968707 -20.797754
v -22.331457 -6.507010 -20.838135
v -22.172270 -6.506256 -20.829098
v -22.196754 -5.978904 -20.858274
v -22.328648 -6.001031 -20.864384
v -22.502251 -6.512858 -20.844410
v -22.504736 -6.446723 -20.847973
v -22.461082 -6.134887 -20.855736
v -22.003416 -5.943749 -20.849253
v -22.019964 -6.505536 -20.820457
v -21.864309 -5.941123 -20.841385
v -21.875277 -6.504854 -20.812241
v -22.026461 -6.967434 -20.790195
v -21.881693 -6.967631 -20.778095
v -21.793295 -8.077883 -20.723436
v -21.790583 -8.680754 -20.682991
v -21.782375 -9.445440 -20.642151
v -21.781096 -9.582394 -20.634853
v -21.780449 -9.694535 -20.628895
v -14.381735 -6.795379 -20.251217
v -14.381688 -6.733983 -20.251581
v -13.648026 -6.768027 -20.080044
v -13.647945 -6.829856 -20.079725
v -21.786667 -6.969854 -20.766563
v -21.786638 -6.919104 -20.766926
v -21.683258 -6.919353 -20.765133
v -21.684793 -6.968793 -20.764675
v -22.634546 -9.698555 -20.533882
v -24.847700 -9.687051 -14.716439
v -26.326172 -9.680464 -10.459665
v -27.423820 -9.684348 -7.167978
v -27.874714 -9.672436 -4.201279
v -27.659187 -9.657896 0.519392
v -27.507660 -9.652802 1.345459
v -27.927769 -9.676954 -2.235850
v -27.333588 -9.652873 2.116294
v -27.142403 -9.657219 2.881171
v -27.007814 -9.665503 3.391976
v -27.804134 -9.673434 -0.622042
v -9.530375 -9.685856 -13.651476
v -8.931489 -9.705325 -18.676037
v -10.288483 -9.693441 -9.083904
v -11.224497 -9.708016 -5.030552
v -12.067371 -9.690811 -2.134926
v -13.197643 -9.690448 1.100983
v -14.119360 -9.680253 3.415085
v -13.785293 -9.686903 2.592513
v -14.447878 -9.688397 4.105191
v -14.751112 -9.688200 4.697467
v -14.965418 -9.684800 5.106109
v -22.453413 -9.698844 -20.562832
v -24.699934 -9.687051 -14.683174
v -26.137629 -9.680426 -10.453609
v -27.673836 -9.672436 -4.109516
v -27.651100 -9.673227 -4.356251
v -27.518703 -9.657896 0.553256
v -27.369650 -9.652802 1.378510
v -26.197878 -9.680570 -10.258601
v -27.249178 -9.684286 -7.132012
v -27.766846 -9.676954 -2.199623
v -27.200188 -9.652873 2.147285
v -27.015564 -9.657219 2.909725
v -26.831957 -9.665503 3.414975
v -27.656048 -9.673434 -0.587390
v -22.478065 -9.697206 -20.491640
v -9.360072 -9.705254 -18.822643
v -18.044846 -9.650459 -20.533024
v -21.791203 -9.694535 -20.557926
v -9.565416 -9.703347 -18.901773
v -13.989831 -9.659184 -20.072365
v -13.524922 -9.663896 -19.885323
v -14.008057 -9.659512 -19.993656
v -22.176643 -9.698525 -20.560728
v -9.674723 -9.685288 -13.683971
v -8.994268 -9.705325 -18.587187
v -10.439837 -9.693441 -9.117977
v -11.382303 -9.708016 -5.066077
v -12.227917 -9.690811 -2.171068
v -13.343671 -9.690448 1.068110
v -14.250366 -9.680253 3.385592
v -13.921989 -9.686903 2.561740
v -14.574244 -9.688397 4.076744
v -14.873788 -9.688196 4.669849
v -15.132276 -9.684800 5.114735
v -9.396852 -9.705277 -18.691311
v -9.605874 -9.703491 -18.757301
v -13.599009 -9.664885 -19.560286
v -17.628496 -9.646507 -20.187210
v -18.114817 -9.651310 -20.207203
v -17.558605 -9.645567 -20.513580
v -21.809141 -9.694535 -20.439583
v -22.193394 -9.698525 -20.450199
v -11.917891 -3.503400 -5.123710
v -12.761175 -3.234973 -1.806672
v -10.886683 -4.200444 -9.553579
v -10.101961 -5.130608 -14.195467
v -9.452763 -6.441257 -19.036428
v -9.474669 -6.458454 -18.931595
v -25.736801 -0.499901 -2.563386
v -25.699949 -0.551126 -3.382968
v -24.788654 -0.470859 -1.567441
v -25.338678 -0.474115 -1.930144
v -23.391052 -0.376277 -0.923161
v -22.389874 -0.541988 -0.614374
v -23.399250 -0.506446 -0.894003
v -18.164875 -1.139289 -0.305940
v -17.070225 -1.558244 -0.350234
v -18.174686 -1.262432 -0.277153
v -15.102222 -2.185345 -0.682752
v -14.284461 -2.657817 -0.872075
v -15.130217 -2.303960 -0.658059
v -13.538710 -2.974277 -1.107868
v -21.178783 -0.667043 -0.422538
v -19.642952 -0.920925 -0.275887
v -24.196184 -0.482383 -1.227093
v -16.020283 -1.940663 -0.491765
v -25.408438 -0.873137 -7.451120
v -25.693729 -0.648983 -4.447516
v -25.393190 -0.982691 -7.447688
v -24.716684 -1.742053 -10.971254
v -24.701441 -1.851607 -10.967823
v -23.677570 -3.438027 -14.960009
v -21.795574 -5.914578 -20.742207
v -21.779615 -5.940125 -20.836601
v -21.783632 -6.504421 -20.807045
v -21.785719 -6.839907 -20.774536
v -13.672572 -6.768033 -19.965034
v -9.567766 -7.254243 -18.902363
v -16.698904 -6.712634 -20.424110
v -14.832571 -6.724533 -20.211010
v -9.516180 -7.256908 -18.900902
v -9.514006 -7.170288 -18.905033
v -9.509037 -7.058391 -18.909748
v -9.505558 -6.979986 -18.913067
v -9.500826 -6.873400 -18.917561
v -9.490590 -6.642734 -18.927280
v -21.806440 -6.919104 -20.640987
v -21.700880 -6.919353 -20.648865
v -21.805294 -6.843781 -20.649426
v -21.801254 -6.504421 -20.690763
v -17.872963 -6.727491 -20.484402
v -17.166853 -6.719179 -20.444798
v -16.683035 -8.168963 -20.510918
v -14.816870 -8.172248 -20.292973
v -14.405818 -6.733983 -20.136478
v -14.484413 -8.172838 -20.236479
v -14.081534 -9.660591 -19.671398
v -14.135120 -9.659257 -19.682716
v -14.064065 -9.658700 -20.005260
v -14.046696 -9.658522 -20.087561
v -14.053307 -9.594902 -20.095619
v -14.001798 -9.595459 -20.082109
v -14.101222 -9.269947 -20.112085
v -14.060822 -9.270491 -20.101509
v -14.318898 -8.613729 -20.195915
v -14.280828 -8.614320 -20.185940
v -14.523964 -8.236453 -20.247734
v -14.818010 -8.235925 -20.289814
v -16.684238 -8.233668 -20.508453
v -16.971819 -8.233135 -20.527622
v -17.149828 -8.615986 -20.574253
v -17.383173 -9.265357 -20.589621
v -17.442823 -9.582316 -20.597370
v -17.454266 -9.644112 -20.593384
v -17.470444 -9.644342 -20.512810
v -17.540852 -9.644827 -20.188118
v -14.119169 -9.269947 -20.026985
v -14.336816 -8.613729 -20.110806
v -14.071268 -9.594902 -20.010515
v -14.541790 -8.236453 -20.162598
v -14.835749 -8.235926 -20.204659
v -17.167185 -8.615986 -20.489017
v -17.400328 -9.265357 -20.504341
v -17.459955 -9.582316 -20.512087
v -16.989227 -8.233140 -20.442400
v -16.701664 -8.233668 -20.423237
v -14.190218 -9.269947 -19.704365
v -14.407840 -8.613729 -19.788189
v -14.142328 -9.594902 -19.687916
v -14.612684 -8.236454 -19.839958
v -14.906542 -8.235926 -19.881989
v -17.239157 -8.615986 -20.159801
v -17.470404 -9.265357 -20.181511
v -17.529999 -9.582316 -20.189251
v -17.059650 -8.233135 -20.119640
v -16.772097 -8.233668 -20.100487
v -21.667759 -9.692904 -20.438501
v -24.794891 -5.732780 7.168160
v -22.929649 -6.148864 7.523465
v -18.446650 -6.505419 7.528159
v -17.025030 -6.504991 7.267602
v -20.735882 -6.372172 7.661166
v -25.947250 -4.910853 5.893370
v -25.753857 -5.083739 6.108195
v -16.133986 -6.427744 6.828247
v -15.870257 -6.441771 6.629696
v -15.456289 -8.482718 5.681422
v -15.248640 -9.609431 5.194488
v -15.745264 -6.793111 6.418230
v -15.625711 -7.504027 6.104780
v -15.232162 -9.684081 5.161690
v -15.791595 -6.566172 6.544188
v -15.489530 -8.292402 5.763463
v -26.817480 -9.567953 3.518040
v -26.467682 -7.269689 4.695089
v -26.261494 -6.232227 5.222839
v -25.981621 -4.992854 5.826076
v -26.621216 -8.259836 4.204007
v -26.050457 -5.294621 5.675158
v -26.578846 -7.906172 4.379998
v -24.412178 -9.687051 -14.618395
v -25.809351 -9.680430 -10.390778
v -27.342190 -9.672555 -4.028179
v -27.479084 -9.676954 -2.134843
v -27.368290 -9.673434 -0.522603
v -27.224571 -9.657891 0.619471
v -23.886230 -9.687051 -14.499994
v -25.143667 -9.680440 -10.247776
v -26.544130 -9.672575 -3.839929
v -26.806644 -9.676959 -1.983463
v -26.971319 -9.673434 -0.433245
v -27.025898 -9.657891 0.664196
v -21.847649 -9.694396 -20.329460
v -27.127277 -9.652802 1.433073
v -27.042618 -9.652873 2.182765
v -26.907448 -9.657219 2.845216
v -26.830082 -9.657224 2.951472
v -26.955256 -9.652802 1.471799
v -26.871120 -9.652873 2.221373
v -27.575462 -9.673492 -4.408679
v -27.207752 -9.684267 -7.123482
v -27.207752 -9.528701 -7.123482
v -27.575462 -9.517922 -4.408679
v -26.174732 -9.680589 -10.222335
v -26.111713 -9.680363 -10.411387
v -26.111713 -9.524793 -10.411387
v -26.174732 -9.525019 -10.222335
v -25.823952 -9.680363 -10.346606
v -25.823952 -9.524793 -10.346606
v -27.338406 -9.672436 -4.080545
v -27.626165 -9.672436 -4.145326
v -27.626165 -9.516866 -4.145326
v -27.338406 -9.516866 -4.080553
v -25.158726 -9.680363 -10.196852
v -25.158726 -9.524793 -10.196852
v -26.535660 -9.672436 -3.899840
v -26.535660 -9.516866 -3.899840
v -14.769148 -9.652299 -20.248171
v -14.844257 -9.652299 -19.807682
v -16.883936 -9.652299 -20.015823
v -16.792583 -9.652299 -20.534506
v -16.569939 -8.216882 -20.024275
v -15.148993 -8.216882 -19.898212
v -15.079177 -8.216881 -20.318783
v -16.492323 -8.216887 -20.479490
v -14.114151 -9.133317 -20.211353
v -14.298239 -8.650726 -20.243715
v -14.309387 -8.650726 -20.178316
v -14.125300 -9.133317 -20.145954
v -16.681540 -9.133317 -20.579060
v -16.581354 -8.650727 -20.561974
v -14.932219 -8.650726 -20.358429
v -14.843849 -9.133317 -20.343365
v -17.508951 -9.133317 -20.149376
v -17.313341 -8.650727 -20.115074
v -17.235720 -8.650727 -20.570282
v -17.431330 -9.133317 -20.604591
v -14.144972 -9.652299 -19.681831
v -14.054020 -9.652299 -20.133297
v -17.594660 -9.652299 -20.163040
v -17.644524 -9.638215 -20.170172
v -17.566900 -9.638215 -20.625385
v -17.517181 -9.652299 -20.624392
v -14.591532 -8.216882 -19.803158
v -14.523145 -8.216881 -20.217350
v -16.481171 -8.216882 -20.544888
v -17.046431 -8.216882 -20.605305
v -17.057585 -8.216882 -20.539906
v -17.420181 -9.133317 -20.669991
v -17.224571 -8.650727 -20.635681
v -17.163496 -8.650727 -20.625267
v -17.352819 -9.133317 -20.658508
v -14.188756 -9.133317 -20.224072
v -14.372422 -8.650726 -20.256359
v -14.511993 -8.216881 -20.282755
v -14.202923 -9.133317 -19.690739
v -14.074034 -9.579911 -19.669445
v -13.996411 -9.579911 -20.124660
v -16.495770 -8.287213 -20.547379
v -15.068024 -8.216881 -20.384182
v -15.054226 -8.292235 -20.381826
v -14.768740 -9.579911 -20.330559
v -16.766701 -9.579911 -20.593575
v -17.135206 -8.216882 -20.084700
v -17.554119 -9.579911 -20.691875
v -17.565273 -9.579916 -20.626476
v -17.011381 -8.272300 -20.599331
v -17.481417 -9.579911 -20.679482
v -13.985264 -9.579911 -20.190060
v -14.065506 -9.579911 -20.204029
v -14.559233 -8.294046 -20.290806
v -14.066844 -9.643574 -19.669193
v -13.989225 -9.643574 -20.124401
v -14.755486 -9.652299 -20.328297
v -16.781727 -9.652299 -20.596140
v -17.555754 -9.638215 -20.690784
v -17.507193 -9.652299 -20.683872
v -13.978071 -9.643574 -20.189800
v -14.040622 -9.652299 -20.199787
v -14.387010 -8.650727 -19.723103
v -17.642893 -9.579911 -20.171261
v -17.804491 -7.833316 -19.698286
v -17.776651 -7.833316 -19.885975
v -17.726021 -7.833316 -19.878330
v -17.753860 -7.833316 -19.690643
v -17.804491 -6.543869 -19.698286
v -17.753860 -6.543869 -19.690643
v -17.695766 -6.543869 -20.031311
v -17.746397 -6.543869 -20.038956
v -15.238919 -7.833316 -19.308449
v -15.211080 -7.833316 -19.496138
v -15.211080 -7.795420 -19.496138
v -15.238919 -7.795420 -19.308449
v -15.202997 -7.833316 -19.550623
v -15.252617 -7.833316 -19.558121
v -15.252617 -7.795420 -19.558121
v -15.202997 -7.795415 -19.550623
v -17.768568 -7.833316 -19.940468
v -17.776651 -7.795420 -19.885975
v -17.768568 -7.795420 -19.940468
v -15.202997 -7.532207 -19.550623
v -15.180824 -7.370909 -19.649117
v -15.209589 -7.532207 -19.506210
v -17.725561 -7.532207 -20.225342
v -17.725561 -7.370909 -20.225342
v -17.674927 -7.370909 -20.217699
v -17.674927 -7.532207 -20.217699
v -17.804491 -7.532207 -19.698286
v -17.804491 -7.370909 -19.698286
v -17.746397 -7.370909 -20.038956
v -17.774035 -7.532207 -19.903635
v -15.238919 -7.532207 -19.308449
v -17.768568 -7.532207 -19.940468
v -17.717937 -7.532207 -19.932823
v -17.717937 -7.795415 -19.932823
v -17.717937 -7.833316 -19.932823
v -16.468304 -7.833316 -19.741648
v -16.476383 -7.833316 -19.687162
v -16.504227 -6.543869 -19.499474
v -16.446131 -6.543869 -19.840141
v -17.674931 -6.643123 -20.217701
v -16.425295 -6.643123 -20.026531
v -16.425295 -6.682656 -20.026531
v -17.674931 -6.682656 -20.217701
v -16.468304 -7.532207 -19.741648
v -16.468304 -7.795420 -19.741648
v -15.260699 -7.833316 -19.503635
v -15.288540 -6.585064 -19.315939
v -15.238919 -6.590610 -19.308449
v -15.180824 -6.590610 -19.649117
v -15.230445 -6.585064 -19.656609
v -15.209609 -6.684318 -19.843004
v -15.159987 -6.689863 -19.835514
v -15.159987 -6.729398 -19.835514
v -15.209609 -6.723851 -19.843004
v -15.252617 -7.532207 -19.558121
v -15.180824 -6.630143 -19.649117
v -15.238919 -6.630143 -19.308449
v -17.725561 -6.682656 -20.225342
v -17.725561 -6.643123 -20.225342
v -17.804491 -6.583403 -19.698286
v -17.746397 -6.583403 -20.038956
v -15.209609 -7.370909 -19.843004
v -16.425295 -7.370909 -20.026531
v -15.159987 -7.370909 -19.835514
v -16.425291 -7.532207 -20.026531
v -15.181494 -6.590610 -19.693069
v -15.231112 -6.585064 -19.700558
v -15.181494 -6.630143 -19.693069
v -15.181494 -7.370909 -19.693069
v -15.231112 -7.532207 -19.700558
v -15.181494 -7.532207 -19.693069
v -16.446798 -7.532207 -19.884094
v -17.696430 -7.532207 -20.075260
v -17.747065 -7.532207 -20.082905
v -17.747065 -7.370909 -20.082905
v -17.747065 -6.543869 -20.082905
v -17.747065 -6.583403 -20.082905
v -17.696436 -6.543869 -20.075262
v -16.446798 -6.543869 -19.884094
v -15.209609 -7.532207 -19.843004
v -15.159987 -7.532207 -19.835514
v -15.238919 -7.370909 -19.308449
v -17.804491 -7.795420 -19.698286
v -16.504227 -7.833316 -19.499474
v -15.288540 -7.833316 -19.315939
v -26.796989 -3.104334 -7.450917
v -26.670740 -3.093055 -7.429563
v -27.066105 -2.905250 -5.504634
v -27.192360 -2.916525 -5.525982
v -26.401043 -1.563401 -7.703662
v -26.748295 -1.594416 -7.762398
v -27.199501 -1.323208 -5.554844
v -26.852240 -1.292188 -5.496106
v -26.314661 -2.936726 -7.489149
v -26.661921 -2.967741 -7.547887
v -26.718407 -1.744780 -7.859741
v -26.371145 -1.713761 -7.801003
v -27.500328 -2.721307 -3.961674
v -27.374084 -2.710027 -3.940314
v -27.515972 -1.317072 -3.837362
v -27.642223 -1.328351 -3.858708
v -27.198992 -2.961917 -7.042673
v -27.510015 -2.812815 -5.569982
v -27.596445 -1.765549 -5.612052
v -27.260647 -1.970909 -7.201436
v -27.450380 -2.853847 -4.186962
v -27.324135 -2.842567 -4.165609
v -27.362442 -2.822265 -3.949860
v -27.488686 -2.833545 -3.971220
v -26.323483 -3.062040 -7.370826
v -26.650938 -3.103551 -7.541096
v -26.303677 -3.072536 -7.482358
v -27.140118 -1.182760 -4.002245
v -27.487373 -1.213775 -4.060989
v -27.526474 -1.208968 -3.832358
v -27.179214 -1.177953 -3.773620
v -26.874548 -1.605695 -7.783753
v -26.725903 -1.615554 -7.883644
v -26.852150 -1.626828 -7.904998
v -27.179096 -2.971626 -7.155138
v -27.238350 -1.992771 -7.321734
v -27.920361 -1.672951 -3.925543
v -27.881294 -1.679246 -4.153175
v -27.770916 -2.767654 -4.230649
v -27.809244 -2.748898 -4.013921
v -26.378647 -1.584538 -7.824900
v -26.788166 -2.979016 -7.569240
v -26.777187 -3.114826 -7.562449
v -27.652723 -1.220243 -3.853719
v -27.026821 -2.679012 -3.881568
v -27.015181 -2.791250 -3.891122
v -27.607464 -1.649277 -5.608307
v -27.272221 -1.847958 -7.197943
v -27.497772 -2.936270 -5.577192
v -27.759296 -2.881438 -4.239224
v -27.249828 -1.869095 -7.319189
v -27.166309 -3.105535 -7.160048
v -27.186111 -3.095038 -7.048515
v -27.797611 -2.861136 -4.023477
v -27.930862 -1.564847 -3.920547
v -27.891754 -1.569653 -4.149177
v -27.078066 -3.096214 -7.156578
v -27.058254 -3.106711 -7.268116
v -27.070549 -2.972260 -7.266445
v -27.128067 -1.926578 -7.478561
v -26.844650 -1.756055 -7.881094
v -27.138474 -1.801260 -7.483217
v -27.160875 -1.780127 -7.361973
v -27.529736 -1.561845 -5.593978
v -27.325747 -1.334483 -5.576198
v -27.613621 -1.225054 -4.082343
v -27.813881 -1.473165 -4.130459
v -27.852980 -1.468359 -3.901828
v -27.842484 -1.576462 -3.906832
v -27.722750 -2.741172 -3.999294
v -27.711111 -2.853410 -4.008841
v -27.672802 -2.873712 -4.224589
v -27.412571 -2.930364 -5.561857
v -26.718853 -2.874235 -5.445890
v -26.976875 -2.811552 -4.106872
v -27.168716 -1.286057 -3.778617
v -15.426083 -8.448232 3.584285
v -14.458471 -8.448232 3.802113
v -14.407047 -8.583417 3.573688
v -15.374660 -8.583417 3.355860
v -14.407047 -8.853794 3.573688
v -15.374659 -8.853794 3.355852
v -14.458471 -8.988981 3.802113
v -15.426083 -8.988981 3.584285
v -14.509897 -8.853794 4.030553
v -15.477509 -8.853794 3.812725
v -14.509897 -8.583417 4.030553
v -15.477509 -8.583417 3.812725
v -14.294889 -8.448232 3.838939
v -14.294889 -8.988981 3.838939
v -14.243464 -8.853794 3.610505
v -14.243464 -8.583417 3.610505
v -14.346315 -8.583417 4.067378
v -14.346315 -8.853789 4.067378
v -14.287453 -8.583417 3.600603
v -14.338877 -8.448232 3.829036
v -14.287453 -8.853794 3.600603
v -14.338877 -8.988981 3.829036
v -14.390303 -8.853794 4.057476
v -14.390303 -8.583417 4.057476
v -26.440834 -8.448232 0.917145
v -26.389410 -8.583417 0.688712
v -27.357023 -8.583417 0.470883
v -27.408447 -8.448232 0.699317
v -26.389412 -8.853794 0.688719
v -27.357025 -8.853794 0.470891
v -26.440834 -8.988981 0.917145
v -27.408447 -8.988981 0.699317
v -26.492260 -8.853794 1.145585
v -27.459873 -8.853794 0.927756
v -26.492260 -8.583417 1.145585
v -27.459873 -8.583417 0.927756
v -27.572031 -8.448232 0.662491
v -27.520607 -8.583417 0.434065
v -27.520607 -8.853794 0.434058
v -27.572031 -8.988981 0.662491
v -27.623457 -8.853794 0.890931
v -27.623457 -8.583417 0.890931
v -27.476618 -8.583417 0.443968
v -27.528042 -8.448232 0.672394
v -27.476616 -8.853794 0.443961
v -27.528042 -8.988981 0.672394
v -27.579468 -8.853794 0.900834
v -27.579468 -8.583417 0.900834
v -27.749126 -9.526301 -4.071804
v -27.548515 -9.527881 -5.609329
v -26.899178 -9.527881 -5.506531
v -27.156124 -9.526306 -3.987561
v -27.246019 -9.529504 -7.174366
v -26.580797 -9.529499 -7.058686
v -25.915565 -9.529494 -6.943005
v -26.249838 -9.527881 -5.403733
v -26.563118 -9.526312 -3.903318
v -26.765240 -9.531194 -8.787559
v -26.154898 -9.531189 -8.668913
v -26.182577 -9.532918 -10.428271
v -25.667568 -9.532918 -10.312333
v -25.152554 -9.532923 -10.196393
v -25.544558 -9.531184 -8.550267
v -26.400743 -9.489087 -5.564277
v -26.509895 -9.490162 -5.409456
v -26.496086 -9.520491 -5.387511
v -26.375235 -9.519300 -5.558932
v -26.696535 -9.488284 -5.377134
v -26.702747 -9.518401 -5.351721
v -26.851336 -9.484544 -5.486245
v -26.874146 -9.514267 -5.472529
v -26.883614 -9.481139 -5.672875
v -26.909891 -9.510498 -5.679173
v -26.774471 -9.480063 -5.827690
v -26.789040 -9.509307 -5.850595
v -26.587831 -9.481946 -5.860005
v -26.582378 -9.511395 -5.886378
v -26.433031 -9.485691 -5.750901
v -26.410980 -9.515530 -5.765569
v -26.487244 -9.551078 -5.373399
v -26.358776 -9.549815 -5.555625
v -26.706926 -9.548860 -5.335365
v -26.889130 -9.544466 -5.463781
v -26.927128 -9.540457 -5.683444
v -26.798656 -9.539193 -5.865670
v -26.578979 -9.541407 -5.903713
v -26.396770 -9.545806 -5.775288
v -26.482178 -9.593882 -5.365213
v -26.349083 -9.592566 -5.553999
v -26.709778 -9.591581 -5.325800
v -26.898552 -9.587020 -5.458849
v -26.937916 -9.582875 -5.686429
v -26.804817 -9.581560 -5.875228
v -26.577221 -9.583864 -5.914635
v -26.388445 -9.588417 -5.781578
v -26.505030 -9.593022 -5.400347
v -26.390652 -9.591894 -5.562583
v -26.700623 -9.591048 -5.366473
v -26.862846 -9.587131 -5.480823
v -26.896675 -9.583568 -5.676394
v -26.782295 -9.582444 -5.838637
v -26.586704 -9.584408 -5.872504
v -26.424480 -9.588330 -5.758161
v -26.643181 -9.550185 -5.618892
v -26.611233 -9.550714 -5.611700
v -26.614311 -9.551150 -5.582043
v -26.649563 -9.550559 -5.590549
v -26.675167 -9.549662 -5.626085
v -26.685339 -9.549993 -5.596883
v -26.670837 -9.549171 -5.660048
v -26.636129 -9.549777 -5.650222
v -26.602325 -9.550296 -5.644828
v -26.715076 -9.589507 -5.451125
v -26.712425 -9.589330 -5.464256
v -26.680006 -9.589848 -5.458048
v -26.681091 -9.590069 -5.443234
v -26.805418 -9.584446 -5.694738
v -26.799545 -9.584643 -5.687281
v -26.806385 -9.585056 -5.656090
v -26.818541 -9.584864 -5.658031
v -26.572750 -9.585997 -5.784743
v -26.575947 -9.586107 -5.775451
v -26.607319 -9.585613 -5.780936
v -26.603523 -9.585440 -5.794712
v -26.479370 -9.591048 -5.544042
v -26.486032 -9.590803 -5.554179
v -26.480942 -9.590410 -5.582894
v -26.465601 -9.590670 -5.578877
v -26.724335 -9.589041 -5.472653
v -26.696518 -9.549782 -5.601135
v -26.691603 -9.549388 -5.629777
v -26.805902 -9.547506 -5.655486
v -26.799061 -9.547097 -5.686683
v -26.681759 -9.549023 -5.660441
v -26.649540 -9.584969 -5.787422
v -26.739990 -9.584052 -5.771757
v -26.745981 -9.583822 -5.781224
v -26.636532 -9.584921 -5.800941
v -26.565796 -9.586348 -5.768299
v -26.590611 -9.550526 -5.640042
v -26.596560 -9.550953 -5.608404
v -26.605564 -9.551285 -5.580637
v -26.635550 -9.590515 -5.451953
v -26.547335 -9.591409 -5.467227
v -26.540485 -9.591668 -5.456388
v -26.648527 -9.590545 -5.439913
v -26.492714 -9.590866 -5.544703
v -26.609562 -9.588945 -5.570782
v -26.607220 -9.588811 -5.581498
v -26.646832 -9.552850 -5.449310
v -26.679527 -9.552298 -5.457444
v -26.619738 -9.551228 -5.572900
v -26.711941 -9.551788 -5.463667
v -26.684483 -9.550195 -5.584945
v -26.684927 -9.587745 -5.585705
v -26.701559 -9.587466 -5.589585
v -26.811905 -9.585632 -5.615349
v -26.795959 -9.587317 -5.523137
v -26.806591 -9.587289 -5.516413
v -26.822968 -9.585359 -5.623736
v -26.791353 -9.584561 -5.698895
v -26.678865 -9.586424 -5.672843
v -26.681335 -9.586583 -5.660835
v -26.638359 -9.547530 -5.788675
v -26.606838 -9.548067 -5.780332
v -26.665569 -9.549109 -5.668460
v -26.575462 -9.548562 -5.774853
v -26.601688 -9.550146 -5.655236
v -26.475540 -9.589809 -5.624337
v -26.473824 -9.589992 -5.614405
v -26.591711 -9.588062 -5.640786
v -26.588728 -9.587903 -5.653122
v -26.461514 -9.590083 -5.618971
v -26.485788 -9.572033 -5.553876
v -26.480698 -9.571634 -5.582592
v -26.606388 -9.570045 -5.581063
v -26.647316 -9.590400 -5.449915
v -26.647072 -9.571630 -5.449612
v -26.620016 -9.569997 -5.573038
v -26.620287 -9.588773 -5.573182
v -26.679771 -9.571078 -5.457747
v -26.712187 -9.570559 -5.463963
v -26.685822 -9.587539 -5.597488
v -26.685579 -9.568768 -5.597186
v -26.684700 -9.568970 -5.585324
v -26.699100 -9.587294 -5.602212
v -26.697805 -9.568542 -5.601673
v -26.814119 -9.585397 -5.628143
v -26.806143 -9.566276 -5.655787
v -26.813877 -9.566627 -5.627840
v -26.799303 -9.565873 -5.686986
v -26.681553 -9.567802 -5.660636
v -26.638836 -9.585075 -5.789278
v -26.638599 -9.566305 -5.788970
v -26.665728 -9.567875 -5.669150
v -26.665878 -9.586640 -5.669837
v -26.607082 -9.566842 -5.780635
v -26.575701 -9.567327 -5.775156
v -26.602810 -9.587841 -5.645432
v -26.602566 -9.569070 -5.645130
v -26.601852 -9.568903 -5.655874
v -26.602024 -9.587672 -5.656507
v -26.473583 -9.571226 -5.614103
v -26.591160 -9.569291 -5.640414
v -26.485554 -9.553258 -5.553575
v -26.480463 -9.552864 -5.582291
v -26.813641 -9.547855 -5.627539
v -26.473337 -9.552452 -5.613808
v -26.480038 -9.588178 -5.723015
v -26.671082 -9.567946 -5.660351
v -26.671318 -9.586718 -5.660645
v -26.614555 -9.569916 -5.582346
v -26.614796 -9.588691 -5.582647
v -26.491367 -9.588143 -5.715839
v -25.702621 -9.489091 -8.665430
v -25.811768 -9.490162 -8.510615
v -25.797958 -9.520491 -8.488664
v -25.677107 -9.519300 -8.660085
v -25.998405 -9.488284 -8.478293
v -26.004620 -9.518401 -8.452880
v -26.153206 -9.484544 -8.587404
v -26.176020 -9.514267 -8.573689
v -26.185488 -9.481139 -8.774035
v -26.211761 -9.510498 -8.780333
v -26.076340 -9.480068 -8.928849
v -26.090912 -9.509307 -8.951747
v -25.889702 -9.481946 -8.961164
v -25.884258 -9.511395 -8.987539
v -25.734901 -9.485691 -8.852060
v -25.712851 -9.515534 -8.866721
v -25.789122 -9.551078 -8.474560
v -25.660648 -9.549815 -8.656777
v -26.008799 -9.548860 -8.436517
v -26.191002 -9.544466 -8.564940
v -26.228998 -9.540457 -8.784603
v -26.100529 -9.539193 -8.966823
v -25.880852 -9.541407 -9.004866
v -25.698650 -9.545806 -8.876442
v -25.784052 -9.593882 -8.466366
v -25.650955 -9.592570 -8.655151
v -26.011650 -9.591581 -8.426952
v -26.200420 -9.587020 -8.560009
v -26.239786 -9.582881 -8.787588
v -26.106688 -9.581560 -8.976380
v -25.879091 -9.583864 -9.015794
v -25.690319 -9.588417 -8.882738
v -25.806902 -9.593022 -8.501499
v -25.692520 -9.591894 -8.663742
v -26.002493 -9.591053 -8.467632
v -26.164717 -9.587135 -8.581983
v -26.198545 -9.583568 -8.777554
v -26.084166 -9.582444 -8.939796
v -25.888575 -9.584413 -8.973663
v -25.726351 -9.588330 -8.859313
v -25.945053 -9.550185 -8.720051
v -25.913103 -9.550714 -8.712859
v -25.916185 -9.551150 -8.683204
v -25.951433 -9.550559 -8.691709
v -25.977037 -9.549666 -8.727244
v -25.987209 -9.549997 -8.698043
v -25.972708 -9.549176 -8.761208
v -25.938000 -9.549777 -8.751381
v -25.904198 -9.550296 -8.745980
v -26.016947 -9.589512 -8.552284
v -26.014297 -9.589330 -8.565416
v -25.981878 -9.589852 -8.559200
v -25.982964 -9.590069 -8.544386
v -26.107292 -9.584446 -8.795892
v -26.101416 -9.584643 -8.788440
v -26.108257 -9.585056 -8.757242
v -26.120413 -9.584864 -8.759183
v -25.874622 -9.586002 -8.885895
v -25.877817 -9.586107 -8.876610
v -25.909189 -9.585613 -8.882095
v -25.905392 -9.585440 -8.895871
v -25.781246 -9.591048 -8.645203
v -25.787907 -9.590809 -8.655339
v -25.782812 -9.590410 -8.684053
v -25.767473 -9.590670 -8.680030
v -26.026205 -9.589041 -8.573812
v -25.998388 -9.549782 -8.702294
v -25.993473 -9.549393 -8.730937
v -26.107773 -9.547506 -8.756645
v -26.100933 -9.547097 -8.787844
v -25.983631 -9.549023 -8.761594
v -25.951410 -9.584969 -8.888574
v -26.041861 -9.584052 -8.872916
v -26.047852 -9.583822 -8.882383
v -25.938404 -9.584921 -8.902101
v -25.867668 -9.586352 -8.869452
v -25.892483 -9.550526 -8.741202
v -25.898430 -9.550953 -8.709563
v -25.907436 -9.551285 -8.681789
v -25.937422 -9.590515 -8.553105
v -25.849207 -9.591409 -8.568379
v -25.842358 -9.591668 -8.557540
v -25.950397 -9.590545 -8.541073
v -25.794584 -9.590866 -8.645863
v -25.911432 -9.588950 -8.671942
v -25.909092 -9.588811 -8.682657
v -25.948704 -9.552855 -8.550469
v -25.981398 -9.552302 -8.558603
v -25.921610 -9.551228 -8.674053
v -26.013813 -9.551788 -8.564819
v -25.986351 -9.550200 -8.686104
v -25.986797 -9.587745 -8.686857
v -26.003429 -9.587466 -8.690744
v -26.113775 -9.585632 -8.716501
v -26.097830 -9.587317 -8.624297
v -26.108465 -9.587289 -8.617573
v -26.124838 -9.585359 -8.724895
v -26.093224 -9.584566 -8.800055
v -25.980736 -9.586424 -8.774003
v -25.983208 -9.586583 -8.761994
v -25.940231 -9.547530 -8.889828
v -25.908709 -9.548067 -8.881492
v -25.967442 -9.549109 -8.769621
v -25.877333 -9.548562 -8.876013
v -25.903557 -9.550146 -8.756395
v -25.777414 -9.589814 -8.725497
v -25.775694 -9.589997 -8.715557
v -25.893583 -9.588062 -8.741939
v -25.890598 -9.587903 -8.754282
v -25.763388 -9.590083 -8.720132
v -25.787666 -9.572033 -8.655037
v -25.782572 -9.571634 -8.683752
v -25.908258 -9.570045 -8.682222
v -25.949188 -9.590400 -8.551067
v -25.948944 -9.571630 -8.550764
v -25.921886 -9.569997 -8.674197
v -25.922157 -9.588773 -8.674341
v -25.981640 -9.571078 -8.558907
v -26.014057 -9.570559 -8.565115
v -25.987698 -9.587543 -8.698641
v -25.987450 -9.568768 -8.698345
v -25.986572 -9.568970 -8.686477
v -26.000971 -9.587294 -8.703371
v -25.999681 -9.568542 -8.702826
v -26.115992 -9.585402 -8.729295
v -26.108013 -9.566280 -8.756947
v -26.115746 -9.566627 -8.728999
v -26.101175 -9.565873 -8.788138
v -25.983425 -9.567807 -8.761795
v -25.940708 -9.585075 -8.890430
v -25.940472 -9.566305 -8.890129
v -25.967598 -9.567875 -8.770309
v -25.967749 -9.586640 -8.770996
v -25.908953 -9.566842 -8.881794
v -25.877573 -9.567327 -8.876307
v -25.904680 -9.587841 -8.746592
v -25.904442 -9.569070 -8.746283
v -25.903725 -9.568907 -8.757034
v -25.903900 -9.587672 -8.757667
v -25.775452 -9.571226 -8.715262
v -25.893030 -9.569291 -8.741573
v -25.787422 -9.553258 -8.654735
v -25.782333 -9.552864 -8.683450
v -26.115509 -9.547855 -8.728699
v -25.775209 -9.552452 -8.714960
v -25.781910 -9.588178 -8.824167
v -25.972954 -9.567952 -8.761503
v -25.973190 -9.586718 -8.761805
v -25.916426 -9.569921 -8.683505
v -25.916666 -9.588691 -8.683807
v -25.793238 -9.588148 -8.816998
v -26.717010 -3.121126 -7.742385
v -26.325466 -3.421154 -9.399671
v -26.201227 -3.409928 -9.368706
v -26.592764 -3.109899 -7.711418
v -26.313643 -1.594185 -7.952513
v -25.902988 -1.888720 -9.670649
v -26.244741 -1.919601 -9.755823
v -26.655394 -1.625066 -8.037694
v -26.284111 -2.928880 -7.547867
v -26.342466 -1.709982 -7.789996
v -26.684219 -1.740862 -7.875169
v -26.625864 -2.959760 -7.633041
v -25.980755 -3.578112 -10.803343
v -25.984768 -2.383487 -11.265091
v -25.860523 -2.372260 -11.234133
v -25.856506 -3.566885 -10.772376
v -26.905214 -3.097237 -8.301460
v -26.919359 -2.140077 -8.626089
v -26.656267 -2.352068 -9.766729
v -26.625967 -3.323557 -9.517045
v -26.036432 -3.650951 -10.553510
v -25.981003 -3.684247 -10.763857
v -25.856760 -3.673020 -10.732891
v -25.912189 -3.639724 -10.522543
v -26.251015 -3.079024 -7.626245
v -26.279671 -3.061809 -7.517502
v -26.621420 -3.092690 -7.602675
v -25.578693 -2.186688 -10.964617
v -25.519627 -2.238121 -11.182993
v -25.861370 -2.269001 -11.268165
v -25.920444 -2.217569 -11.049790
v -26.779638 -1.636293 -8.068653
v -26.810593 -1.621330 -7.947810
v -26.686352 -1.610103 -7.916852
v -26.934132 -3.079028 -8.192039
v -26.950058 -2.131698 -8.505939
v -26.286285 -2.713771 -11.241117
v -26.284771 -3.605578 -10.879107
v -26.340485 -3.570549 -10.668251
v -26.345070 -2.664020 -11.023285
v -26.344601 -1.579223 -7.831678
v -26.750111 -2.970987 -7.664008
v -26.745661 -3.103916 -7.633648
v -25.985617 -2.280228 -11.299131
v -25.514757 -3.536005 -10.687195
v -25.515007 -3.642144 -10.647717
v -26.920887 -2.022096 -8.662724
v -26.657600 -2.240608 -9.801803
v -26.340452 -3.678422 -10.629280
v -26.625389 -3.441106 -9.476749
v -26.951847 -2.012785 -8.541874
v -26.904093 -3.224462 -8.259833
v -26.932753 -3.207252 -8.151091
v -26.285019 -3.711718 -10.839626
v -26.346203 -2.559080 -11.056789
v -26.287130 -2.610513 -11.275156
v -26.879200 -3.178071 -8.010968
v -26.850544 -3.195281 -8.119712
v -26.881430 -3.048532 -8.048985
v -26.808458 -1.752089 -7.906135
v -26.910463 -2.025438 -8.337776
v -26.914146 -1.903179 -8.367317
v -26.883186 -1.912489 -8.488167
v -26.368980 -1.930827 -9.786788
v -26.575684 -2.155880 -9.802596
v -26.044687 -2.228796 -11.080757
v -26.202709 -2.518034 -11.281866
v -26.261782 -2.466602 -11.063499
v -26.201860 -2.621293 -11.247834
v -26.199644 -3.597891 -10.857891
v -26.199894 -3.704026 -10.818413
v -26.255329 -3.670730 -10.608067
v -26.541267 -3.435406 -9.456264
v -25.570442 -3.608848 -10.437370
v -25.859474 -3.379047 -9.283531
v -25.518776 -2.341380 -11.148952
v -25.175976 -1.507022 -8.463574
v -25.039932 -1.529461 -8.440999
v -24.992140 -1.306469 -8.485088
v -25.138800 -1.188406 -8.537871
v -18.108000 -1.800856 -10.425017
v -19.517855 -1.637286 -10.467672
v -19.707415 -1.357286 -9.516308
v -18.383255 -1.519296 -9.470985
v -17.951641 -1.958438 -10.372612
v -17.943001 -1.820106 -10.410997
v -18.186632 -1.538080 -9.447983
v -18.195612 -1.683561 -9.407984
v -25.107126 -1.236688 -8.717998
v -24.935030 -1.524102 -9.663950
v -24.972584 -1.846152 -9.588896
v -25.144686 -1.558752 -8.642938
v -18.075670 -1.853955 -10.609074
v -19.463682 -1.690515 -10.646744
v -25.064684 -1.185434 -8.725124
v -25.092506 -1.132609 -8.545603
v -24.641472 -0.967872 -8.555258
v -24.611395 -1.019689 -8.734947
v -17.918633 -2.008651 -10.582975
v -17.915802 -1.873023 -10.595549
v -24.755537 -1.819555 -10.642275
v -24.711121 -1.874372 -10.818653
v -24.750158 -2.220248 -10.736979
v -24.795753 -2.158377 -10.555886
v -18.728647 -1.300250 -8.712000
v -18.574404 -1.256059 -8.517410
v -24.942467 -1.244127 -8.492787
v -24.663717 -1.468468 -8.456434
v -24.649866 -1.091928 -8.517965
v -18.583719 -1.408690 -8.475804
v -18.589405 -1.708915 -8.450701
v -18.201544 -1.988925 -9.381726
v -17.957815 -2.215250 -10.345192
v -17.930593 -2.267720 -10.529865
v -18.106585 -2.239480 -10.534042
v -19.360325 -2.143865 -10.570349
v -19.348614 -1.834997 -10.622372
v -18.084736 -1.981741 -10.586774
v -24.230810 -1.655639 -10.840471
v -21.960600 -1.603150 -10.783466
v -21.905149 -1.755061 -10.762009
v -24.233408 -1.781538 -10.828934
v -24.274124 -1.603822 -10.663784
v -24.712999 -1.768227 -10.650437
v -24.892618 -1.472708 -9.671211
v -24.446487 -1.307612 -9.682803
v -24.664557 -1.818642 -10.826721
v -22.367086 -0.903792 -8.446798
v -22.341200 -0.954403 -8.628303
v -22.375381 -1.036582 -8.409950
v -19.946220 -1.187105 -8.323629
v -19.951967 -1.490418 -8.298096
v -24.577843 -1.974778 -10.797504
v -24.614277 -2.225473 -10.725503
v -24.527344 -1.913838 -10.808254
v -24.560116 -2.216589 -10.723900
v -22.009249 -1.550863 -10.605997
v -22.175224 -1.252631 -9.617150
v -21.916376 -2.056145 -10.712144
v -19.936947 -1.038108 -8.364824
v -19.894125 -1.112657 -8.577604
v -22.381897 -1.352576 -8.381007
v -24.252941 -2.165373 -10.742163
v -22.148613 -9.043326 -19.404068
v -22.192411 -9.043316 -19.275196
v -22.191460 -8.927558 -19.277039
v -22.148321 -8.927616 -19.403973
v -26.788525 -9.043294 -2.316736
v -26.777910 -8.927012 -2.309518
v -26.453918 -8.915493 -4.681663
v -26.465536 -9.035731 -4.683452
v -25.603540 -9.043317 -8.509816
v -25.835213 -9.043312 -7.547053
v -25.834841 -8.922800 -7.549170
v -25.602798 -8.923190 -8.513277
v -26.978281 -9.008399 2.952126
v -26.803640 -8.166536 3.410670
v -26.816671 -8.134663 3.323206
v -26.975237 -8.899143 2.912877
v -22.141815 -6.376865 -19.401756
v -22.142365 -6.593467 -19.401947
v -22.171190 -6.549881 -19.316772
v -22.169432 -6.335378 -19.320147
v -25.957087 -4.641288 5.444754
v -25.966843 -4.591138 5.363540
v -25.989643 -4.686790 5.295695
v -25.980139 -4.737551 5.375725
v -26.411488 -8.476485 -4.675107
v -26.739159 -8.502501 -2.283152
v -26.627825 -7.333937 -2.201445
v -26.285643 -7.159000 -4.705591
v -25.220404 -1.365642 -7.555535
v -25.236725 -1.525159 -7.556213
v -25.376053 -1.369930 -6.635126
v -25.360674 -1.217472 -6.636673
v -23.816650 -3.817108 -14.118364
v -23.822666 -3.987530 -14.115317
v -24.491241 -2.809093 -11.451653
v -24.449205 -2.690142 -11.568064
v -25.517086 -5.047320 -8.089201
v -25.613609 -5.052717 -7.571429
v -25.587830 -4.745894 -7.569125
v -25.494831 -4.750773 -8.037814
v -25.731173 -5.052545 -6.990755
v -25.682596 -4.740536 -7.052925
v -22.145935 -7.484846 -19.403156
v -22.146429 -8.186126 -19.403328
v -22.185009 -8.169482 -19.289669
v -22.183037 -7.451286 -19.293709
v -25.600084 -8.484599 -8.525906
v -25.833473 -8.482795 -7.556929
v -25.756796 -7.129958 -7.552390
v -25.552172 -7.127346 -8.473843
v -26.321289 -5.994503 4.525303
v -26.311533 -6.041090 4.608468
v -26.152340 -1.905211 0.366254
v -25.938272 -1.308914 -1.920001
v -25.959511 -1.512987 -1.935673
v -26.172661 -2.101154 0.311255
v -26.232094 -3.767828 -2.034400
v -26.432428 -4.091962 0.078881
v -27.040667 -8.547985 1.236588
v -27.050541 -8.930927 1.245683
v -27.031527 -8.917506 1.900528
v -27.001816 -8.523314 1.901719
v -23.974890 -9.043303 -14.042879
v -23.973829 -8.925408 -14.045013
v -23.960819 -7.405170 -14.070556
v -23.931696 -5.865226 -14.082121
v -24.905064 -3.340887 -10.141474
v -24.774660 -2.280843 -10.169895
v -24.754612 -3.448429 -10.807190
v -24.762190 -2.135770 -10.172812
v -23.969950 -8.494961 -14.052822
v -25.122681 -8.488018 -10.362032
v -25.100615 -7.127783 -10.293992
v -25.123989 -8.923925 -10.355792
v -25.401644 -3.021560 -7.529990
v -25.546646 -2.980884 -6.641829
v -26.020435 -8.481080 -6.657966
v -25.934204 -7.137713 -6.655932
v -26.023056 -8.922119 -6.654981
v -25.537571 -3.482383 -6.974862
v -25.450710 -3.525633 -7.558655
v -25.474319 -3.810185 -7.559389
v -25.565628 -3.799933 -7.037379
v -25.351225 -3.550002 -8.048776
v -25.389595 -3.819486 -8.015130
v -25.991121 -3.061085 -3.791516
v -26.072166 -3.721169 -3.838375
v -25.668531 -1.230408 -4.669664
v -25.873013 -2.911267 -4.868338
v -25.649651 -1.094190 -4.659668
v -25.079538 -1.765034 -8.526687
v -25.243546 -3.159930 -8.407173
v -26.140976 -4.969724 -4.549846
v -26.098679 -4.866887 -4.700746
v -26.073292 -4.871991 -4.969805
v -26.087168 -5.005818 -4.974604
v -25.966839 -3.434773 -4.519551
v -25.958939 -3.550267 -4.687161
v -25.980698 -3.756381 -4.690514
v -26.018063 -3.738782 -4.517256
v -25.567837 -3.609386 -6.892715
v -25.610741 -3.598203 -6.638811
v -25.593983 -3.464866 -6.644577
v -25.727943 -4.920197 -6.924732
v -25.706015 -4.739215 -6.925654
v -25.491640 -4.957281 -8.168062
v -25.435873 -4.962515 -8.440182
v -25.450235 -5.095978 -8.436640
v -25.347961 -3.663863 -8.140230
v -25.366268 -3.822084 -8.142527
v -24.872410 -3.629242 -10.456011
v -24.903727 -3.727295 -10.349083
v -24.945351 -3.719559 -10.127299
v -24.931959 -3.586164 -10.132524
v -25.000900 -5.121384 -10.437223
v -25.010292 -5.000089 -10.344519
v -24.996618 -4.826460 -10.347013
v -24.972013 -4.862051 -10.486567
v -24.908670 -4.050176 -10.472736
v -24.930988 -4.024308 -10.345697
v -25.588337 -3.797426 -6.909729
v -25.469908 -4.752094 -8.164859
v -26.112160 -4.677411 -4.517305
v -26.075825 -4.649906 -4.696727
v -25.773357 -4.913925 -6.658453
v -25.788120 -5.047575 -6.664105
v -25.921595 -3.421842 -4.931780
v -25.935162 -3.555510 -4.939596
v -25.060822 -4.994793 -10.112144
v -25.071241 -5.128313 -10.110615
v -25.288311 -3.537090 -8.381202
v -25.301569 -3.670913 -8.391854
v -23.880938 -4.969280 -14.099190
v -22.176853 -6.980817 -19.305738
v -22.144079 -7.020653 -19.402529
v -25.065739 -1.632144 -8.545735
v -27.039661 -9.025470 1.900206
v -26.947945 -8.500226 2.791682
v -26.848068 -8.018270 3.025960
v -26.918179 -7.757358 1.853908
v -26.024338 -4.501468 5.003467
v -26.121712 -3.835963 3.910151
v -26.440666 -5.251976 3.150231
v -26.356903 -5.824408 4.221631
v -26.002478 -4.408020 5.067014
v -26.100346 -3.726970 3.965822
v -26.626860 -6.978793 3.575514
v -26.717558 -6.596351 2.448253
v -26.579071 -7.093610 3.903766
v -26.998032 -9.042506 -0.624509
v -26.987223 -8.929861 -0.619283
v -26.072767 -4.849557 -4.715837
v -26.037016 -4.855680 -4.979491
v -25.920748 -3.568009 -4.701817
v -25.942801 -3.768817 -4.705152
v -25.538805 -3.625242 -6.869574
v -25.580843 -3.614342 -6.619771
v -25.695095 -4.902872 -6.900800
v -25.673643 -4.726471 -6.901731
v -25.452358 -4.941742 -8.179842
v -25.397427 -4.946842 -8.447509
v -25.312523 -3.681063 -8.152802
v -25.330330 -3.835284 -8.155007
v -24.874756 -3.742892 -10.324641
v -24.915483 -3.735353 -10.107319
v -24.978851 -4.983465 -10.320182
v -24.965437 -4.814234 -10.322638
v -24.901293 -4.032390 -10.321243
v -25.558798 -3.808519 -6.886279
v -25.431166 -4.741751 -8.176731
v -26.046072 -4.638564 -4.711547
v -25.739485 -4.896754 -6.638796
v -25.892860 -3.573565 -4.949683
v -25.028400 -4.978309 -10.092251
v -25.266748 -3.687935 -8.400298
v -25.878925 -4.789208 -5.018540
v -25.912083 -4.783738 -4.772792
v -25.848301 -4.783738 -4.764908
v -25.815218 -4.789208 -5.010478
v -25.797714 -3.818872 -4.766437
v -25.777992 -3.639595 -4.763522
v -25.714474 -3.639595 -4.755674
v -25.734150 -3.818877 -4.758587
v -25.457088 -3.680958 -6.541224
v -25.418581 -3.690696 -6.774149
v -25.355297 -3.690696 -6.764732
v -25.393772 -3.680958 -6.531994
v -25.539337 -4.673853 -6.803009
v -25.558765 -4.831339 -6.802021
v -25.495314 -4.831339 -6.792565
v -25.475904 -4.673853 -6.793558
v -25.238474 -4.882147 -8.477606
v -25.289909 -4.877595 -8.228222
v -25.226831 -4.877595 -8.217687
v -25.175476 -4.882147 -8.466894
v -25.181774 -3.889766 -8.206334
v -25.166012 -3.752083 -8.204460
v -25.103060 -3.752083 -8.193962
v -25.118803 -3.889766 -8.195831
v -24.792122 -3.800547 -10.024940
v -24.754993 -3.807280 -10.223869
v -24.692551 -3.807280 -10.211847
v -24.729654 -3.800547 -10.013063
v -24.836441 -4.763757 -10.222129
v -24.848740 -4.914847 -10.219791
v -24.786243 -4.914847 -10.207772
v -24.773956 -4.763757 -10.210106
v -24.778578 -4.065738 -10.220444
v -24.716141 -4.065738 -10.208424
v -25.436428 -3.854319 -6.789538
v -25.373100 -3.854319 -6.780096
v -25.270985 -4.699043 -8.225502
v -25.207926 -4.699043 -8.214978
v -25.889095 -4.595372 -4.769217
v -25.825375 -4.595372 -4.761346
v -25.599007 -4.825879 -6.557626
v -25.535511 -4.825879 -6.548364
v -25.750948 -3.644556 -4.994274
v -25.687450 -3.644556 -4.986250
v -24.894272 -4.910237 -10.010212
v -24.831726 -4.910237 -9.998347
v -25.122835 -3.758214 -8.434991
v -25.059954 -3.758214 -8.424320
v -27.022602 -8.283370 1.224319
v -27.033592 -8.358284 1.152997
v -27.050388 -8.568402 1.154751
v -26.929615 -8.303427 -0.573254
v -26.944029 -8.367964 -0.511833
v -26.956408 -8.356987 -0.332681
v -26.951683 -8.277521 -0.325173
v -27.006401 -9.039496 -0.543223
v -26.995766 -8.928368 -0.537863
v -27.035908 -8.363993 0.846232
v -27.032875 -8.275524 0.865662
v -26.947762 -8.518564 -0.600177
v -26.956924 -8.522616 -0.518289
v -27.046890 -8.941207 1.163394
v -25.015543 -3.914341 -10.093479
v -25.087721 -4.758139 -10.094257
v -25.417791 -4.721170 -8.442885
v -25.324259 -3.877886 -8.437774
v -25.264000 -4.875530 -8.300241
v -25.353176 -4.875530 -8.315871
v -24.975214 -4.918621 -10.190289
v -24.886330 -4.918621 -10.174726
v -25.167368 -3.803193 -8.175723
v -25.256470 -3.803193 -8.191336
v -25.367409 -4.784800 -8.202717
v -25.278217 -4.784800 -8.187084
v -24.788744 -3.759885 -10.173516
v -24.877609 -3.759885 -10.189068
v -25.224894 -3.717505 -8.300743
v -25.135822 -3.717505 -8.285146
v -24.859270 -4.832909 -10.285925
v -24.948139 -4.832913 -10.301484
v -24.866211 -3.850635 -10.302094
v -24.777351 -3.850635 -10.286544
v -25.364908 -4.870685 -8.325113
v -25.425417 -4.796933 -8.445180
v -25.093847 -4.833951 -10.094246
v -24.989750 -4.913426 -10.185669
v -25.378208 -4.781625 -8.210909
v -25.268064 -3.806694 -8.199759
v -25.343754 -3.875735 -8.339083
v -25.438295 -4.718990 -8.345713
v -24.892942 -3.764730 -10.184446
v -25.008804 -3.838530 -10.093359
v -25.316086 -3.802122 -8.435355
v -25.237770 -3.722695 -8.310282
v -24.961365 -4.829413 -10.297493
v -25.070007 -4.760324 -10.192050
v -24.998526 -3.916488 -10.192728
v -24.879955 -3.853814 -10.298106
v -25.287239 -4.872985 -8.189903
v -25.376431 -4.872985 -8.205536
v -24.954937 -4.921161 -10.301302
v -24.866068 -4.921161 -10.285742
v -24.769377 -3.762382 -10.286461
v -24.858242 -3.762382 -10.302020
v -25.246674 -3.715003 -8.188342
v -25.157585 -3.715003 -8.172732
v -25.387537 -4.868754 -8.214533
v -25.446007 -4.794748 -8.348147
v -25.076069 -4.836135 -10.191913
v -24.968792 -4.916575 -10.296679
v -24.872782 -3.766622 -10.297378
v -24.991766 -3.840676 -10.192717
v -25.335480 -3.799976 -8.336529
v -25.258810 -3.719593 -8.197639
v -27.036667 -8.422690 1.075827
v -27.038702 -8.568402 1.087798
v -26.950689 -8.433955 -0.434038
v -26.957563 -8.430422 -0.339355
v -27.006977 -8.931013 -0.465741
v -26.956816 -8.520984 -0.441088
v -27.043859 -8.428520 0.843069
v -27.045927 -9.043309 1.165767
v -27.035130 -8.941207 1.096414
v -27.034145 -9.043309 1.098775
v -26.938463 -7.608606 0.992661
v -26.869072 -7.456302 -0.252937
v -26.730770 -6.177918 1.304000
v -26.481020 -4.545899 1.691057
v -26.650476 -5.742920 -0.087886
v -26.196171 -2.912127 2.165121
v -26.177301 -2.795222 2.221845
v -26.127394 -5.481383 -4.874714
v -25.821339 -5.555743 -6.680430
v -25.662195 -5.581769 -7.540030
v -25.487431 -5.611444 -8.418847
v -25.085587 -5.660385 -10.172110
v -24.938087 -5.422372 -10.710851
v -22.147503 -8.607472 -19.403690
v -22.188824 -8.607237 -19.282101
v -26.253801 -5.444883 -3.989915
v -24.865349 -4.964426 -10.870287
v -24.803110 -4.135087 -10.859220
v -22.072897 -9.043326 -19.387022
v -22.116695 -9.043316 -19.258150
v -22.072598 -8.927611 -19.386925
v -26.389820 -9.035731 -4.666407
v -26.712807 -9.043294 -2.299690
v -25.527821 -9.043312 -8.492770
v -25.759491 -9.043312 -7.530007
v -26.905396 -9.010234 2.973969
v -26.727919 -8.166536 3.427716
v -22.066093 -6.376865 -19.384710
v -22.066647 -6.593467 -19.384901
v -22.093710 -6.335378 -19.303093
v -25.891127 -4.591133 5.380585
v -25.926762 -4.408020 5.084059
v -25.904417 -4.737551 5.392772
v -25.881363 -4.641288 5.461792
v -25.284950 -1.217477 -6.619627
v -25.144682 -1.365642 -7.538489
v -24.373487 -2.690142 -11.551019
v -23.740934 -3.817108 -14.101318
v -22.070221 -7.484846 -19.386105
v -22.070713 -8.186126 -19.386276
v -26.235815 -6.041090 4.625514
v -26.024628 -3.726970 3.982867
v -26.101583 -2.795222 2.238882
v -27.051273 -9.035808 1.248612
v -26.971388 -9.043309 1.263997
v -26.953320 -9.038334 1.916962
v -23.899168 -9.043303 -14.025832
v -24.686468 -2.135770 -10.155765
v -25.124344 -9.043312 -10.354084
v -25.048626 -9.043312 -10.337040
v -26.023769 -9.042914 -6.654165
v -25.948050 -9.042914 -6.637119
v -25.862549 -1.308914 -1.902954
v -25.573929 -1.094190 -4.642622
v -22.068359 -7.020681 -19.385475
v -24.990017 -1.632144 -8.528689
v -26.565947 -7.124899 3.993849
v -26.490286 -7.125154 4.010747
v -26.922314 -9.042506 -0.607464
v -26.930685 -9.039496 -0.526178
v -26.970211 -9.043309 1.182812
v -26.960945 -8.422690 1.092874
v -26.962986 -8.568402 1.104843
v -26.883076 -8.438940 -0.418818
v -26.889950 -8.435401 -0.324134
v -27.020716 -9.043313 -0.472491
v -26.944992 -9.043309 -0.455444
v -26.931255 -8.931008 -0.448695
v -26.881092 -8.520984 -0.424041
v -26.968136 -8.428514 0.860115
v -26.959408 -8.941202 1.113460
v -26.958427 -9.043309 1.115821
v -26.076618 -1.905211 0.383301
v -22.071787 -8.607472 -19.386646
v -21.746964 -9.043326 -19.313648
v -21.790758 -9.043311 -19.184776
v -21.746668 -8.927611 -19.313553
v -26.063883 -9.035731 -4.593032
v -26.386875 -9.043294 -2.226317
v -25.201885 -9.043312 -8.419395
v -25.433556 -9.043312 -7.456633
v -26.579460 -9.010239 3.047344
v -26.401987 -8.166536 3.501090
v -21.740158 -6.376865 -19.311337
v -21.740711 -6.593467 -19.311520
v -21.767780 -6.335378 -19.229727
v -25.565189 -4.591133 5.453959
v -25.600826 -4.408020 5.157433
v -25.578482 -4.737551 5.466146
v -25.555426 -4.641288 5.535167
v -24.959015 -1.217477 -6.546253
v -24.818752 -1.365642 -7.465117
v -24.047552 -2.690142 -11.477644
v -23.414997 -3.817108 -14.027945
v -21.744284 -7.484846 -19.312729
v -21.744776 -8.186126 -19.312908
v -25.909880 -6.041090 4.698888
v -25.698692 -3.726970 4.056242
v -25.775646 -2.795222 2.312257
v -26.645452 -9.043309 1.337371
v -26.627382 -9.038334 1.990336
v -23.573238 -9.043303 -13.952459
v -24.360540 -2.135770 -10.082384
v -24.722689 -9.043312 -10.263664
v -25.622118 -9.042914 -6.563745
v -25.536615 -1.308914 -1.829580
v -25.247993 -1.094190 -4.569248
v -21.742422 -7.020787 -19.312099
v -24.664087 -1.632144 -8.455317
v -26.164604 -7.126267 4.083501
v -26.596378 -9.042506 -0.534090
v -26.611017 -9.039496 -0.454215
v -26.644276 -9.043309 1.256186
v -26.635014 -8.422690 1.166246
v -26.637047 -8.568402 1.178211
v -26.557140 -8.438940 -0.345443
v -26.564020 -8.435401 -0.250761
v -26.619059 -9.043309 -0.382071
v -26.605318 -8.931008 -0.375320
v -26.555157 -8.520979 -0.350667
v -26.642208 -8.428514 0.933488
v -26.633472 -8.941202 1.186834
v -26.632492 -9.043309 1.189196
v -25.752199 -1.905211 0.427269
v -21.745852 -8.607472 -19.313271
v -26.410496 -5.179011 -2.101599
v -26.180470 -4.771095 -3.929396
v -25.722359 -3.838545 -6.642391
v -25.794533 -4.682347 -6.643167
v -26.124603 -4.645373 -4.991796
v -26.031075 -3.802089 -4.986678
v -25.970816 -4.799733 -4.849154
v -26.059994 -4.799733 -4.864783
v -25.682024 -4.842825 -6.739201
v -25.593147 -4.842825 -6.723639
v -25.874184 -3.727397 -4.724627
v -25.963280 -3.727397 -4.740246
v -26.074223 -4.709002 -4.751620
v -25.985035 -4.709002 -4.735989
v -25.495556 -3.684089 -6.722420
v -25.584421 -3.684089 -6.737979
v -25.931709 -3.641708 -4.849656
v -25.842640 -3.641708 -4.834050
v -25.566088 -4.757117 -6.834829
v -25.654951 -4.757117 -6.850388
v -25.573029 -3.774839 -6.851007
v -25.484169 -3.774839 -6.835449
v -26.071722 -4.794893 -4.874025
v -26.132235 -4.721137 -4.994085
v -25.800665 -4.758154 -6.643151
v -25.696564 -4.837629 -6.734580
v -26.085026 -4.705829 -4.759813
v -25.974880 -3.730902 -4.748671
v -26.050570 -3.799943 -4.887994
v -26.145103 -4.643193 -4.894630
v -25.599760 -3.688934 -6.733351
v -25.715618 -3.762733 -6.642271
v -26.022896 -3.726326 -4.984266
v -25.944588 -3.646899 -4.859186
v -25.668182 -4.753621 -6.846404
v -25.776825 -4.684527 -6.740962
v -25.705341 -3.840696 -6.741641
v -25.586767 -3.778018 -6.847017
v -25.994057 -4.797193 -4.738808
v -26.083248 -4.797193 -4.754441
v -25.661751 -4.845365 -6.850206
v -25.572886 -4.845365 -6.834647
v -25.476192 -3.686591 -6.835366
v -25.565056 -3.686591 -6.850932
v -25.953489 -3.639211 -4.737254
v -25.864403 -3.639206 -4.721637
v -26.094353 -4.792958 -4.763445
v -26.152822 -4.718957 -4.897051
v -25.782887 -4.760339 -6.740817
v -25.675606 -4.840779 -6.845582
v -25.579597 -3.690830 -6.846289
v -25.698582 -3.764884 -6.741621
v -26.042294 -3.724180 -4.885440
v -25.965630 -3.643797 -4.746543
v -11.334522 -7.588408 -5.986540
v -11.297188 -8.967132 -6.021381
v -10.548628 -8.971567 -9.287869
v -10.582214 -7.776958 -9.321063
v -13.582521 -7.551757 1.514615
v -13.508320 -8.960305 1.252916
v -12.196476 -8.939631 -2.825250
v -12.146894 -7.443946 -2.731053
v -9.078880 -8.925474 -17.936106
v -9.201679 -8.394089 -17.955654
v -9.205142 -8.393675 -17.918776
v -9.081932 -8.927629 -17.898458
v -9.661934 -8.949699 -14.229929
v -9.730336 -8.170669 -14.304059
v -11.291723 -9.072868 -6.030260
v -10.543461 -9.083393 -9.285526
v -10.809899 -5.040496 -9.423570
v -10.832053 -4.909747 -9.434355
v -11.444429 -4.164988 -5.922817
v -11.433266 -4.309268 -5.913523
v -15.156068 -9.007650 5.232271
v -14.943437 -9.017633 4.827171
v -14.959238 -8.935282 4.859972
v -15.118724 -8.925505 5.192843
v -14.850567 -5.919705 4.727529
v -15.486966 -6.589739 6.008804
v -15.468001 -6.646996 5.960365
v -14.838331 -6.000659 4.679807
v -13.542030 -9.035535 1.209533
v -12.193777 -9.076950 -2.817327
v -12.213385 -4.102651 -2.530953
v -12.219739 -3.951594 -2.518257
v -13.731494 -4.683745 2.082811
v -13.717194 -4.804862 2.040690
v -9.617106 -7.004457 -18.023720
v -9.644441 -6.920616 -18.028606
v -9.653942 -6.913082 -17.994576
v -9.620624 -6.997455 -17.988222
v -9.656804 -9.083177 -14.218170
v -9.068761 -9.046360 -17.823093
v -9.089234 -8.931768 -17.826515
v -10.035249 -6.225815 -14.488091
v -10.057619 -6.086643 -14.503790
v -14.001490 -9.033605 2.501282
v -13.987252 -8.966661 2.502519
v -13.682311 -6.025297 1.868097
v -13.990973 -7.594340 2.595411
v -15.299492 -7.378892 5.609630
v -14.727920 -6.834421 4.388768
v -15.659748 -6.756876 6.326764
v -15.689278 -6.794374 6.395167
v -15.668706 -6.847535 6.347841
v -15.638430 -6.811631 6.277330
v -15.505674 -7.613702 5.974950
v -15.461080 -7.561769 5.911762
v -14.606186 -9.027761 4.099933
v -14.572131 -9.024327 4.018773
v -14.572985 -8.947022 4.012400
v -14.607004 -8.948616 4.094100
v -14.559751 -8.479751 4.008207
v -14.553749 -8.330754 4.002582
v -14.587292 -8.252263 4.087873
v -14.594427 -8.479770 4.091577
v -14.089359 -8.326054 2.813730
v -14.006561 -8.346380 2.588440
v -13.971563 -8.258866 2.521312
v -14.085938 -8.240773 2.810550
v -14.011732 -8.515448 2.588057
v -14.021482 -8.970797 2.584585
v -13.978745 -8.517027 2.508648
v -14.032990 -9.036101 2.582265
v -15.253114 -8.729965 5.412702
v -15.190004 -8.699574 5.325391
v -15.024755 -8.626576 5.014837
v -14.601430 -7.713886 4.100996
v -14.484390 -8.245254 3.840860
v -14.484264 -8.326899 3.835729
v -9.530649 -7.275760 -18.008396
v -9.534361 -7.271400 -17.972477
v -9.941650 -6.708289 -14.424938
v -10.728748 -5.914728 -9.387720
v -11.342868 -5.559287 -5.926796
v -12.192821 -5.444269 -2.601668
v -9.655526 -6.899378 -17.929073
v -9.763820 -6.902969 -17.957199
v -10.166061 -6.089827 -14.531950
v -9.066610 -8.992195 -17.934357
v -9.177101 -8.995383 -17.962971
v -9.189539 -8.928662 -17.964756
v -15.791155 -6.797433 6.348297
v -15.770604 -6.850584 6.300982
v -10.940495 -4.912931 -9.462515
v -11.552927 -4.168176 -5.950990
v -12.328204 -3.954730 -2.546422
v -13.838857 -4.687001 2.049900
v -14.955108 -5.922788 4.688794
v -13.649899 -9.038569 1.179046
v -12.302227 -9.079965 -2.845489
v -11.400162 -9.076041 -6.058412
v -10.651869 -9.086576 -9.313680
v -9.765181 -9.086361 -14.246307
v -9.062939 -9.032540 -17.895657
v -9.173328 -9.035725 -17.924255
v -9.313448 -8.397272 -17.984562
v -9.725398 -7.007750 -18.051847
v -9.752748 -6.923901 -18.056728
v -15.354790 -8.276931 5.635664
v -15.595367 -7.616833 5.930679
v -15.445229 -8.280321 5.592376
v -14.665375 -9.027438 3.985586
v -14.664762 -8.951598 3.990582
v -14.691032 -8.483443 3.969100
v -14.696518 -8.334173 3.958529
v -14.622391 -8.330379 3.794165
v -14.181081 -8.348833 2.535266
v -14.180131 -8.518026 2.537567
v -14.139614 -9.039036 2.549572
v -14.108170 -9.036548 2.468734
v -14.148880 -8.974321 2.551661
v -15.761642 -6.759926 6.279950
v -15.054582 -9.020918 4.783338
v -14.699349 -9.030891 4.066523
v -15.346222 -8.729293 5.373897
v -15.248619 -9.010829 5.190129
v -14.272812 -8.328522 2.758086
v -15.588610 -6.592783 5.964240
v -9.639521 -7.279078 -18.036646
v -10.028027 -6.910998 -18.025787
v -10.429420 -6.097568 -14.600332
v -9.427290 -9.003119 -18.028397
v -9.439878 -8.936398 -18.030216
v -16.024109 -6.805198 6.241735
v -16.003902 -6.858354 6.194260
v -11.203847 -4.920671 -9.530903
v -11.816206 -4.175921 -6.019354
v -12.591356 -3.962451 -2.614758
v -14.098367 -4.695083 1.970240
v -15.196526 -5.929097 4.602580
v -13.911168 -9.046021 1.105096
v -12.565369 -9.087264 -2.913830
v -11.663448 -9.083730 -6.126785
v -10.914886 -9.094316 -9.381992
v -9.989624 -9.094101 -14.305929
v -9.429431 -9.043465 -17.991003
v -9.564342 -8.405012 -18.050138
v -9.974008 -7.015491 -18.116917
v -10.001240 -6.931641 -18.121769
v -15.823385 -7.624549 5.824943
v -15.683414 -8.287980 5.483809
v -14.909594 -9.036034 3.897164
v -14.919170 -8.960260 3.899386
v -14.944389 -8.492466 3.875526
v -14.949644 -8.343249 3.864483
v -14.876190 -8.339258 3.701640
v -14.438227 -8.356550 2.453764
v -14.437776 -8.525752 2.456194
v -14.399021 -9.046685 2.469034
v -14.367777 -9.044159 2.388647
v -14.408052 -8.981984 2.470982
v -15.995150 -6.767705 6.173114
v -15.294699 -9.028966 4.681743
v -14.943375 -9.039400 3.977844
v -15.592158 -8.727583 5.275692
v -15.486458 -9.018540 5.086041
v -14.529601 -8.336411 2.674878
v -15.829416 -6.600658 5.858253
v -9.967108 -7.286819 -18.119495
v -9.212919 -8.393023 -17.849312
v -9.628312 -6.984692 -17.923676
v -9.541941 -7.263381 -17.906229
v -9.762241 -6.916534 -18.022694
v -9.179108 -9.049549 -17.851683
v -10.010718 -6.924270 -18.087742
v -9.444941 -9.057284 -17.920622
v -15.305204 -8.215602 5.577064
v -15.150599 -8.067547 5.281794
v -16.686863 -9.777908 5.172979
v -18.909662 -9.777908 5.498939
v -17.791443 -9.777908 3.266978
v -16.228359 -9.777908 3.609380
v -22.843582 -9.777909 5.350829
v -23.656124 -9.777909 5.260160
v -22.545483 -9.777908 2.189499
v -25.626139 -9.777909 5.047760
v -26.321564 -9.777908 2.875351
v -26.200218 -9.777908 1.367118
v -24.759289 -9.777908 1.691498
v -17.730131 -9.777908 3.115176
v -16.155493 -9.777908 3.472504
v -19.154806 -9.777908 2.791872
v -19.205662 -9.777908 2.957195
v -22.506557 -9.777908 2.023413
v -26.459585 -9.777908 1.160308
v -24.717138 -9.777908 1.545499
v -11.815132 -9.724482 -8.928284
v -13.155406 -9.724482 -9.234879
v -12.171873 -9.724485 -11.694916
v -11.526382 -9.724485 -11.555853
v -19.317400 -9.724485 -13.686216
v -19.565287 -9.724485 -12.596146
v -21.443871 -9.724485 -13.704275
v -12.918936 -9.724484 -18.934139
v -12.832327 -9.724484 -19.291843
v -10.344992 -9.724484 -18.781773
v -10.455209 -9.724484 -18.415903
v -12.796087 -9.724484 -19.441525
v -15.185698 -9.724484 -19.699272
v -15.152044 -9.724490 -19.846380
v -17.705912 -9.724490 -20.197300
v -17.736847 -9.724490 -20.055054
v -19.597887 -9.724490 -20.215750
v -19.556200 -9.724490 -20.344498
v -14.417112 -9.768092 -7.862250
v -13.519697 -9.768092 -7.656627
v -14.137228 -9.768092 -4.967518
v -15.055557 -9.768092 -5.174650
v -15.428139 -9.724482 -8.192278
v -16.120655 -9.724482 -5.376984
v -20.791876 -9.724486 -7.388391
v -17.771263 -9.724486 -8.719954
v -24.442522 -9.724486 -8.207623
v -23.399731 -9.724486 -11.581926
v -22.064501 -9.724486 -11.273628
v -22.990423 -9.724486 -7.895763
v -9.197887 -9.724484 -18.681835
v -8.906873 -9.724484 -18.621317
v -8.934521 -9.724484 -18.466301
v -9.225301 -9.724484 -18.528254
v -10.362252 -9.724485 -11.302700
v -10.829597 -9.724482 -8.703327
v -11.165382 -9.724482 -7.190990
v -12.157028 -9.724482 -7.422265
v -16.003105 -9.777908 4.545511
v -15.768990 -9.777904 4.670712
v -16.633568 -9.777904 5.526415
v -19.047859 -9.777909 5.800253
v -19.916246 -9.777909 5.844381
v -19.818575 -9.777909 5.539675
v -26.449163 -9.777908 2.911718
v -24.459101 -9.724486 -11.823776
v -25.398901 -9.724486 -8.437777
v -23.697948 -9.724485 -14.287251
v -23.103439 -9.724485 -15.972078
v -22.034035 -9.724485 -15.731335
v -22.624155 -9.724485 -14.019894
v -21.602879 -9.724490 -20.384533
v -20.592205 -9.724490 -20.372936
v -20.641012 -9.724490 -20.237442
v -21.652691 -9.724490 -20.259132
v -16.384586 -9.724485 -14.459538
v -14.130946 -9.724485 -13.952200
v -14.510754 -9.724485 -13.363990
v -15.536787 -9.724485 -13.593925
v -14.659290 -9.724485 -11.537796
v -15.068816 -9.724486 -9.672594
v -15.099452 -9.724485 -10.663645
v -14.896232 -9.724485 -11.595860
v -17.394421 -9.724486 -10.204588
v -16.274237 -9.724485 -10.934622
v -19.006184 -9.724485 -15.049708
v -18.788673 -9.724485 -14.319768
v -18.954382 -9.724485 -13.593056
v -15.339294 -9.724482 -4.107167
v -16.375620 -9.724482 -4.340471
v -16.096642 -9.724482 -4.522469
v -15.280589 -9.724482 -4.341403
v -14.956612 -9.724482 -9.135164
v -15.211463 -9.724482 -8.143125
v -12.303352 -9.724482 -8.517715
v -13.266905 -9.724482 -8.741140
v -12.791037 -9.724482 -4.633770
v -13.029019 -9.724482 -3.587088
v -13.335148 -9.724482 -3.910462
v -13.160135 -9.724482 -4.718574
v -23.723381 -9.777909 5.573314
v -25.687634 -9.777909 5.236621
v -9.000587 -9.724484 -18.095837
v -9.172390 -9.724484 -17.119350
v -9.465672 -9.724484 -17.184359
v -9.290831 -9.724484 -18.161207
v -10.542672 -9.777915 -18.014095
v -10.664695 -9.777915 -17.446426
v -13.147912 -9.777915 -17.930935
v -12.997002 -9.777915 -18.529907
v -15.478577 -9.777916 -18.314228
v -15.328600 -9.777915 -18.940758
v -17.919893 -9.777915 -19.314243
v -18.079458 -9.777916 -18.704330
v -19.996893 -9.777916 -18.902695
v -19.837997 -9.777915 -19.511734
v -20.921886 -9.777916 -19.512852
v -21.067345 -9.777916 -19.028637
v -21.640888 -9.777916 -19.110218
v -21.499908 -9.777916 -19.528736
v -19.974897 -9.724486 -10.794889
v -21.157824 -9.724486 -7.471900
v -20.934830 -9.724486 -8.577683
v -21.259195 -9.724482 -5.439848
v -23.571409 -9.724482 -5.960371
v -23.074997 -9.724486 -6.539260
v -21.477406 -9.724482 -6.170907
v -22.456011 -9.724486 -8.942188
v -22.715071 -9.724486 -7.832762
v -20.915903 -9.724485 -15.479623
v -21.684263 -9.777916 -16.878689
v -21.487305 -9.777916 -17.565079
v -20.410883 -9.777916 -17.322756
v -20.591053 -9.777916 -16.643768
v -19.697561 -9.724490 -19.908085
v -20.757656 -9.724490 -19.913631
v -9.687514 -9.724485 -13.843105
v -9.816458 -9.724485 -12.980927
v -10.121917 -9.724485 -13.049692
v -10.049507 -9.724485 -13.922539
v -11.323966 -9.724485 -14.200784
v -11.484753 -9.724485 -13.356492
v -13.849383 -9.724485 -13.888815
v -13.930913 -9.724485 -14.769489
v -16.200041 -9.724485 -15.264894
v -18.813791 -9.724485 -15.835536
v -20.678858 -9.724485 -16.241594
v -21.772066 -9.724485 -16.476521
v -22.863241 -9.724485 -16.714653
v -10.379385 -9.777911 -14.415902
v -11.236166 -9.777911 -14.602960
v -11.110341 -9.777911 -15.229029
v -10.267793 -9.777911 -15.039355
v -23.342236 -9.724485 -16.025837
v -23.097998 -9.724491 -16.766029
v -22.733820 -9.724491 -17.845692
v -22.504969 -9.724491 -17.794174
v -21.771742 -9.724490 -19.959427
v -22.007292 -9.724490 -19.975143
v -21.906694 -9.724490 -20.250179
v -16.444592 -9.724478 5.816506
v -16.505901 -9.724478 5.749937
v -15.569260 -9.724483 4.817178
v -15.501807 -9.724478 4.859416
v -19.054327 -9.724479 6.141549
v -19.033493 -9.724479 6.049002
v -22.975626 -9.724479 5.902310
v -19.913692 -9.724479 6.091469
v -19.934429 -9.724479 6.183648
v -22.995962 -9.724483 5.992970
v -23.790913 -9.724479 5.809739
v -23.812321 -9.724479 5.899768
v -25.922756 -9.724483 5.482838
v -25.882961 -9.724483 5.424465
v -26.816532 -9.724483 0.785021
v -26.744480 -9.724483 0.845484
v -26.690266 -9.724483 2.966914
v -26.776787 -9.724483 2.988390
v -24.630287 -9.724483 1.232656
v -24.664288 -9.724483 1.305326
v -22.453932 -9.724483 1.783188
v -22.432728 -9.724483 1.690072
v -19.077433 -9.724483 2.475303
v -19.099224 -9.724483 2.552299
v -16.082405 -9.724483 3.160288
v -14.787817 -9.724483 3.508329
v -14.848722 -9.724478 3.539508
v -16.096964 -9.724483 3.233654
v -12.362617 -9.724482 -2.466080
v -14.490973 -9.724483 3.574148
v -15.222225 -9.777908 3.701180
v -15.561095 -9.777908 3.788870
v -14.787817 -9.724483 3.508329
v -14.848722 -9.777908 3.539508
v -15.569260 -9.777904 4.817178
v -15.669124 -9.777904 4.743942
v -15.035475 -9.777908 3.620345
v -16.505907 -9.777908 5.749935
v -16.569736 -9.777904 5.638171
v -19.033499 -9.777909 6.049000
v -19.040676 -9.777909 5.924626
v -19.913691 -9.777905 6.091462
v -22.975626 -9.777909 5.902310
v -22.952654 -9.777909 5.782141
v -19.914967 -9.777909 5.967922
v -23.790913 -9.777909 5.809739
v -25.882961 -9.777909 5.424465
v -25.785295 -9.777909 5.330544
v -23.757780 -9.777909 5.691354
v -26.690266 -9.777908 2.966914
v -26.569712 -9.777908 2.939309
v -26.744480 -9.777908 0.845484
v -26.602032 -9.777908 1.002900
v -24.664288 -9.777908 1.305326
v -24.690710 -9.777908 1.425409
v -22.453932 -9.777908 1.783188
v -22.480244 -9.777908 1.903304
v -19.099224 -9.777908 2.552299
v -19.127012 -9.777908 2.672090
v -17.673149 -9.777908 2.875948
v -17.701641 -9.777908 2.995551
v -16.096964 -9.777908 3.233654
v -16.126226 -9.777908 3.353084
v -15.035475 -9.724478 3.620345
v -15.669126 -9.724483 4.743949
v -15.768990 -9.724478 4.670712
v -15.222225 -9.724483 3.701180
v -16.569736 -9.724478 5.638171
v -16.633568 -9.724478 5.526415
v -19.040676 -9.724479 5.924626
v -19.047859 -9.724483 5.800253
v -19.914967 -9.724479 5.967922
v -22.952654 -9.724479 5.782141
v -22.929691 -9.724479 5.662021
v -19.916246 -9.724479 5.844381
v -23.757780 -9.724483 5.691354
v -25.785295 -9.724483 5.330544
v -25.687634 -9.724483 5.236621
v -23.723381 -9.724479 5.573314
v -26.569712 -9.724483 2.939309
v -26.449163 -9.724483 2.911718
v -26.602032 -9.724483 1.002900
v -26.459585 -9.724483 1.160308
v -24.690710 -9.724483 1.425409
v -24.717138 -9.724483 1.545499
v -22.480247 -9.724483 1.903303
v -22.506557 -9.724483 2.023413
v -19.127012 -9.724483 2.672090
v -19.154806 -9.724483 2.791872
v -17.701641 -9.724483 2.995551
v -17.730129 -9.724483 3.115170
v -16.126226 -9.724483 3.353084
v -16.155487 -9.724483 3.472506
v -22.929691 -9.777909 5.662021
v -17.673149 -9.724483 2.875948
v -14.753014 -9.724478 4.131806
v -15.269365 -9.724478 5.026021
v -16.332855 -9.724478 5.937839
v -19.104918 -9.724479 6.366279
v -19.984335 -9.724479 6.405514
v -23.032412 -9.724479 6.246885
v -23.871319 -9.724479 6.153488
v -26.010254 -9.724483 5.611185
v -26.909214 -9.724483 3.021275
v -27.013290 -9.724483 0.745173
v -26.142685 -9.724486 -5.341278
v -25.253407 -9.724482 -5.440997
v -14.274467 -9.724482 -3.867462
v -17.654797 -9.724483 2.800673
v -14.994782 -9.724482 -8.093977
v -15.677731 -9.724482 -5.287818
v -15.899190 -9.724482 -5.332400
v -12.899185 -9.724482 -7.577870
v -12.791568 -9.724482 -8.107143
v -12.528107 -9.724482 -7.500071
v -13.529227 -9.724482 -4.803383
v -15.817662 -9.724482 -4.704466
v -10.079040 -9.724485 -11.240821
v -10.573208 -9.724482 -8.644678
v -10.913401 -9.724482 -7.133461
v -11.579473 -9.724482 -4.380514
v -11.823312 -9.724482 -4.435594
v -12.156752 -9.724482 -2.314726
v -14.328720 -9.724478 3.638741
v -14.730551 -9.724478 4.411406
v -15.164787 -9.724478 5.091501
v -16.256582 -9.724478 6.020658
v -19.126822 -9.724479 6.463579
v -20.006372 -9.724479 6.503361
v -23.054970 -9.724479 6.346968
v -23.894943 -9.724479 6.253902
v -26.079050 -9.724483 5.712094
v -27.016823 -9.724483 3.047993
v -27.156567 -9.724483 0.716147
v -26.374832 -9.724482 -5.288979
v -25.635250 -9.724486 -8.512749
v -24.696476 -9.724486 -11.878452
v -23.908550 -9.724485 -14.341248
v -14.362911 -9.768092 -8.086468
v -13.468077 -9.768092 -7.881028
v -14.189222 -9.768092 -4.743202
v -15.110139 -9.768092 -4.950518
v -13.282267 -9.768092 -7.602020
v -13.892194 -9.768092 -4.912364
v -15.300878 -9.768092 -5.228584
v -14.654827 -9.768092 -7.915636
v -13.231300 -9.768092 -7.826666
v -14.600437 -9.768092 -8.140998
v -15.354698 -9.768092 -5.005572
v -13.943141 -9.768092 -4.687804
v -14.209183 -9.768092 -4.654536
v -13.874586 -9.768092 -4.579212
v -13.874586 -9.667954 -4.579212
v -14.209183 -9.667954 -4.654536
v -15.389221 -9.768092 -5.249907
v -15.464698 -9.768092 -4.937177
v -15.464698 -9.667954 -4.937177
v -15.389221 -9.667954 -5.249907
v -14.342574 -9.768092 -8.175040
v -14.667700 -9.768092 -8.249690
v -14.667695 -9.667954 -8.249688
v -14.342574 -9.667954 -8.175040
v -13.193633 -9.768092 -7.581917
v -13.122615 -9.768092 -7.894959
v -13.122615 -9.667954 -7.894959
v -13.193633 -9.667954 -7.581917
v -14.743177 -9.768092 -7.936960
v -14.743177 -9.667954 -7.936960
v -13.803566 -9.768092 -4.892262
v -13.803566 -9.667954 -4.892262
v -15.130099 -9.768092 -4.861852
v -15.130099 -9.667954 -4.861852
v -13.447739 -9.768092 -7.969601
v -13.447739 -9.667954 -7.969601
v -13.874586 -9.162076 -4.579212
v -14.209183 -9.162076 -4.654536
v -15.464698 -9.162076 -4.937177
v -15.389221 -9.162076 -5.249907
v -14.667700 -9.162081 -8.249689
v -14.342577 -9.162081 -8.175041
v -13.122615 -9.162081 -7.894959
v -13.193633 -9.162081 -7.581917
v -14.743177 -9.162076 -7.936960
v -13.803566 -9.162076 -4.892262
v -15.130099 -9.162076 -4.861852
v -13.447739 -9.162081 -7.969601
v -15.715435 -9.724482 -4.771157
v -15.201858 -9.724482 -4.655541
v -15.221886 -9.724482 -4.575633
v -14.844410 -9.724482 -8.597749
v -14.818144 -9.724482 -8.471948
v -14.911360 -9.724482 -8.075054
v -12.884898 -9.724482 -8.028656
v -13.403440 -9.724482 -8.147560
v -13.378401 -9.724482 -8.247392
v -13.641276 -9.724482 -4.233829
v -13.725965 -9.724482 -4.323290
v -13.612591 -9.724482 -4.822540
v -15.593808 -9.724482 -5.270923
v -12.982909 -9.724482 -7.595418
v -14.817675 -9.724485 -13.123903
v -14.877577 -9.724485 -13.057433
v -15.364649 -9.724485 -13.167082
v -15.347318 -9.724485 -13.241049
v -15.176394 -9.724485 -11.662828
v -14.958897 -9.724485 -12.677893
v -14.915401 -9.724485 -12.667379
v -15.133175 -9.724485 -11.653917
v -15.779356 -9.724485 -11.333786
v -15.271806 -9.724485 -11.217545
v -15.248092 -9.724485 -11.113407
v -15.801686 -9.724485 -11.242590
v -18.490705 -9.724485 -13.936255
v -18.447596 -9.724485 -13.861113
v -18.533981 -9.724485 -13.485160
v -18.591366 -9.724485 -13.499887
v -15.457727 -9.025133 -4.917605
v -15.207275 -9.025133 -4.861223
v -14.660055 -9.025138 -8.236117
v -14.743207 -9.025138 -7.880285
v -13.135471 -9.025138 -7.885664
v -13.456532 -9.025138 -7.959466
v -13.888617 -9.025133 -4.564368
v -13.787098 -9.025133 -5.011868
v -15.349645 -9.025133 -5.365759
v -13.223276 -9.025133 -7.497339
v -14.108372 -9.025133 -4.613839
v -14.148869 -9.724482 -4.418493
v -14.165136 -9.724482 -4.347119
v -14.219802 -9.724482 -4.107286
v -14.376312 -9.025138 -8.170897
v -14.287427 -9.724482 -8.350258
v -14.265913 -9.724482 -8.459497
v -14.157309 -9.724482 -8.949360
v -19.397356 -9.724485 -11.655300
v -18.057394 -9.724485 -11.346484
v -18.341106 -9.724485 -11.835133
v -18.943007 -9.724485 -11.975581
v -18.865898 -9.724485 -12.040688
v -18.321741 -9.724485 -11.916061
v -17.886240 -9.724485 -13.734740
v -17.871138 -9.724485 -13.799227
v -17.540064 -9.724485 -14.039907
v -14.675738 -9.724485 -12.609484
v -18.777391 -9.724485 -12.425865
v -18.836197 -9.724485 -12.438578
v -19.200741 -9.724485 -12.517354
v -14.048702 -9.724486 -9.439230
v -13.539069 -9.724485 -11.997403
v -14.436081 -9.724485 -12.551590
v -16.112236 -9.777916 -15.667061
v -18.725986 -9.777916 -16.237711
v -18.551308 -9.777916 -16.904131
v -15.955973 -9.777916 -16.319872
v -15.266125 -9.724484 -19.347740
v -17.810780 -9.724490 -19.715113
v -12.918936 -9.777915 -18.934139
v -10.455209 -9.777915 -18.415903
v -10.489297 -9.777915 -18.259323
v -12.949352 -9.777915 -18.776644
v -9.290831 -9.777915 -18.161207
v -9.475727 -9.777915 -18.038452
v -9.465672 -9.777915 -17.184359
v -9.622385 -9.777915 -17.219090
v -10.049507 -9.777911 -13.922539
v -11.323966 -9.777911 -14.200784
v -11.289758 -9.777911 -14.357471
v -10.178034 -9.777911 -14.114756
v -13.930913 -9.777911 -14.769489
v -13.896702 -9.777916 -14.926183
v -16.200041 -9.777916 -15.264894
v -16.165829 -9.777916 -15.421587
v -18.813791 -9.777916 -15.835536
v -18.779579 -9.777916 -15.992229
v -20.678858 -9.777916 -16.241594
v -20.644646 -9.777916 -16.398289
v -21.772066 -9.777916 -16.476521
v -21.737856 -9.777916 -16.633205
v -22.863241 -9.777916 -16.714653
v -22.644426 -9.777916 -16.831043
v -22.504969 -9.777916 -17.794174
v -22.342154 -9.777916 -17.757523
v -21.771742 -9.777915 -19.959427
v -20.757656 -9.777915 -19.913631
v -20.827381 -9.777915 -19.757843
v -21.665831 -9.777915 -19.791634
v -19.697561 -9.777915 -19.908085
v -19.752556 -9.777915 -19.754095
v -17.810780 -9.777915 -19.715113
v -17.857496 -9.777915 -19.559477
v -15.266125 -9.777915 -19.347740
v -15.290465 -9.777915 -19.189171
v -12.949355 -9.724484 -18.776646
v -10.489299 -9.724484 -18.259317
v -10.523368 -9.724484 -18.102772
v -12.979771 -9.724484 -18.619148
v -9.475727 -9.724484 -18.038452
v -9.660629 -9.724484 -17.915703
v -9.622385 -9.724484 -17.219090
v -9.779100 -9.724484 -17.253822
v -10.178034 -9.724485 -14.114756
v -11.289758 -9.724485 -14.357471
v -11.255550 -9.724485 -14.514164
v -10.306553 -9.724485 -14.306978
v -13.896702 -9.724485 -14.926183
v -13.862493 -9.724485 -15.082869
v -16.165829 -9.724485 -15.421587
v -16.131622 -9.724485 -15.578274
v -18.779579 -9.724485 -15.992229
v -18.745367 -9.724485 -16.148922
v -20.644646 -9.724485 -16.398289
v -20.610441 -9.724485 -16.554974
v -21.737856 -9.724485 -16.633205
v -21.703646 -9.724485 -16.789894
v -22.644426 -9.724485 -16.831043
v -22.425619 -9.724485 -16.947428
v -22.342154 -9.724485 -17.757523
v -22.178532 -9.724491 -17.720688
v -21.665831 -9.724490 -19.791634
v -20.827381 -9.724490 -19.757843
v -20.889631 -9.724490 -19.601574
v -21.559921 -9.724491 -19.623833
v -19.752556 -9.724490 -19.754095
v -19.806702 -9.724490 -19.599524
v -17.857496 -9.724490 -19.559477
v -17.908733 -9.724490 -19.404438
v -15.290465 -9.724484 -19.189171
v -15.314806 -9.724484 -19.030607
v -10.523372 -9.777915 -18.102774
v -12.979770 -9.777915 -18.619156
v -9.660633 -9.777915 -17.915703
v -9.779100 -9.777910 -17.253822
v -11.255550 -9.777911 -14.514164
v -10.306553 -9.777911 -14.306978
v -13.862493 -9.777916 -15.082869
v -16.131622 -9.777916 -15.578274
v -18.745369 -9.777916 -16.148914
v -20.610441 -9.777916 -16.554974
v -21.703646 -9.777916 -16.789894
v -22.425619 -9.777916 -16.947428
v -22.178532 -9.777916 -17.720688
v -20.889631 -9.777915 -19.601574
v -21.559921 -9.777916 -19.623833
v -19.806702 -9.777915 -19.599524
v -17.908733 -9.777915 -19.404438
v -15.314806 -9.777915 -19.030607
v -21.888199 -9.724491 -19.148903
v -21.888199 -9.777916 -19.148903
v -10.022424 -9.724485 -14.984118
v -10.022424 -9.777911 -14.984118
v -9.765406 -9.777910 -17.846138
v -9.867907 -9.777915 -17.273506
v -13.843108 -9.777916 -15.171664
v -22.301626 -9.777916 -17.013386
v -22.085354 -9.777916 -17.699711
v -21.575558 -9.724482 -6.499750
v -21.611403 -9.724482 -6.619837
v -21.399385 -9.724486 -7.527024
v -21.315992 -9.724486 -7.507995
v -22.826843 -9.724482 -6.792892
v -22.739300 -9.724482 -6.882362
v -22.364443 -9.724486 -8.719313
v -22.323193 -9.724486 -8.604227
v -22.505209 -9.724486 -7.784865
v -22.580324 -9.724486 -7.802001
v -21.114559 -9.724486 -8.440418
v -21.207407 -9.724486 -8.348484
v -21.611403 -9.650303 -6.619837
v -21.399385 -9.650303 -7.527024
v -22.739300 -9.650303 -6.882362
v -22.323193 -9.650303 -8.604227
v -22.512077 -9.650303 -7.786411
v -21.207407 -9.650303 -8.348484
v -15.124087 -8.957354 -12.941653
v -15.553524 -8.957354 -13.038328
v -15.446396 -8.957349 -11.431735
v -15.368395 -8.957349 -11.797168
v -18.615376 -8.957354 -12.156652
v -18.135582 -8.957349 -12.046900
v -18.271654 -8.957354 -13.650230
v -18.342638 -8.957354 -13.341776
v -15.893915 -8.957349 -11.534109
v -17.776726 -8.957354 -13.538813
v -15.190579 -8.957349 -12.630175
v -18.542646 -8.957354 -12.472675
v -9.527237 -9.724485 -14.872642
v -9.865808 -9.724485 -14.948861
v -13.682753 -9.777916 -15.808127
v -22.275057 -9.724491 -19.205757
v -22.047081 -9.724491 -19.173826
v -9.865808 -9.777911 -14.948861
v -22.047081 -9.777916 -19.173826
v -10.179043 -9.724485 -15.019376
v -21.730066 -9.724491 -19.124142
v -10.179043 -9.777911 -15.019376
v -21.730066 -9.777916 -19.124142
v -14.748307 -9.633239 4.449466
v -15.172365 -9.633239 5.125177
v -16.264164 -9.633239 6.054333
v -19.134474 -9.634161 6.501113
v -20.014000 -9.634191 6.541007
v -23.057165 -9.634300 6.408360
v -26.086632 -9.633240 5.745769
v -27.016819 -9.633239 3.047994
v -23.863520 -9.634330 6.313000
v -12.156752 -9.633238 -2.314726
v -14.328716 -9.633239 3.638741
v -27.156567 -9.633239 0.716140
v -26.374832 -9.633242 -5.288979
v -9.816458 -9.633241 -12.980927
v -10.079040 -9.633241 -11.240821
v -25.635250 -9.633242 -8.512749
v -8.934521 -9.633245 -18.466301
v -9.000587 -9.633245 -18.095837
v -10.298869 -9.724484 -18.934877
v -12.796087 -9.633245 -19.441525
v -10.298861 -9.633245 -18.934914
v -17.705912 -9.633245 -20.197300
v -15.152044 -9.633245 -19.846380
v -21.864605 -9.724490 -20.365255
v -21.864605 -9.633245 -20.365255
v -21.602879 -9.633245 -20.384533
v -23.342236 -9.633245 -16.025837
v -23.097998 -9.633245 -16.766029
v -10.913401 -9.633242 -7.133461
v -11.579471 -9.633238 -4.380521
v -24.696476 -9.633242 -11.878452
v -23.908550 -9.633245 -14.341248
v -9.197882 -9.633245 -18.681835
v -20.592205 -9.633245 -20.372936
v -19.556200 -9.633245 -20.344498
v -9.172390 -9.633245 -17.119350
v -21.906694 -9.633245 -20.250179
v -9.687514 -9.633241 -13.843105
v -22.733820 -9.633245 -17.845692
v -22.275059 -9.633245 -19.205750
v -8.906873 -9.633245 -18.621317
v -10.573208 -9.633242 -8.644678
v -9.527237 -9.633241 -14.872642
v -22.007292 -9.633245 -19.975143
v -14.860021 -9.161670 4.668728
v -15.240786 -9.030656 5.369468
v -16.347128 -9.132388 6.228252
v -19.169437 -9.266302 6.663990
v -23.654825 -9.262206 6.543280
v -26.017307 -9.151077 5.896403
v -12.158733 -9.180621 -2.315172
v -14.386482 -9.168766 3.694751
v -27.156567 -9.181304 0.716140
v -26.374832 -9.181303 -5.288979
v -9.816458 -9.181302 -12.980927
v -10.079040 -9.181302 -11.240821
v -25.635250 -9.181303 -8.512749
v -8.934521 -9.181306 -18.466301
v -8.978790 -9.181306 -18.218075
v -17.705912 -9.181306 -20.197300
v -15.152044 -9.181306 -19.846380
v -21.864607 -9.181306 -20.365248
v -21.602879 -9.181306 -20.384533
v -23.342239 -9.181307 -16.025837
v -23.097998 -9.181307 -16.766029
v -10.913401 -9.181303 -7.133461
v -11.579533 -9.181279 -4.380527
v -24.696476 -9.181308 -11.878452
v -23.908550 -9.181307 -14.341248
v -10.749853 -9.181306 -19.037048
v -10.077976 -9.181306 -18.883986
v -20.260180 -9.181306 -20.357288
v -19.424679 -9.181306 -20.314888
v -9.029123 -9.181306 -17.933661
v -9.172390 -9.181306 -17.119350
v -21.906696 -9.181306 -20.250172
v -9.687518 -9.181302 -13.843105
v -22.738247 -9.181307 -17.846689
v -22.285065 -9.181312 -19.208002
v -9.197886 -9.181306 -18.681843
v -8.906873 -9.181306 -18.621317
v -20.867241 -9.181306 -20.378365
v -27.087223 -9.112417 2.457540
v -10.573208 -9.181303 -8.644678
v -12.796087 -9.181306 -19.441525
v -9.527237 -9.181307 -14.872642
v -22.177773 -9.181307 -19.528191
v -22.007292 -9.181306 -19.975143
v -12.159028 -9.046194 -2.315238
v -14.391951 -9.057671 3.693520
v -27.156567 -9.045536 0.716140
v -26.368719 -9.045535 -5.287602
v -9.816458 -9.045540 -12.980927
v -10.079040 -9.045540 -11.240821
v -25.634653 -9.045541 -8.512614
v -8.934521 -9.045539 -18.466301
v -8.978788 -9.045539 -18.218082
v -17.705912 -9.045544 -20.197300
v -15.152044 -9.045544 -19.846380
v -21.864607 -9.045544 -20.365248
v -21.602879 -9.045544 -20.384533
v -23.342236 -9.045540 -16.025837
v -23.097998 -9.045545 -16.766029
v -10.913401 -9.045535 -7.133461
v -11.579542 -9.045555 -4.380529
v -24.696476 -9.045541 -11.878452
v -23.908550 -9.045540 -14.341248
v -20.256330 -9.045544 -20.359938
v -19.423288 -9.045544 -20.314575
v -9.037692 -9.045539 -17.884949
v -9.172390 -9.045539 -17.119350
v -21.906696 -9.045544 -20.250172
v -9.687518 -9.045540 -13.843105
v -22.736729 -9.045540 -17.846348
v -22.281631 -9.045545 -19.207230
v -9.197881 -9.045539 -18.681843
v -8.906873 -9.045539 -18.621317
v -20.863111 -9.045544 -20.378323
v -10.573208 -9.045535 -8.644678
v -9.527237 -9.045540 -14.872642
v -22.207703 -9.045545 -19.424976
v -22.007292 -9.045544 -19.975143
v -16.430052 -8.599456 6.438689
v -19.215956 -8.564379 6.924365
v -26.996361 -8.948838 3.054845
v -26.883823 -9.058469 3.601348
v -26.728390 -8.478301 3.962328
v -26.899994 -8.473969 3.378735
v -23.671412 -8.583428 6.785992
v -25.913391 -8.494364 6.128992
v -15.321754 -8.612824 5.561006
v -16.521097 -8.027461 6.664902
v -19.236456 -8.074380 7.108111
v -22.998720 -8.322688 6.985193
v -23.018105 -7.949240 7.114094
v -23.208933 -7.943689 7.090549
v -23.191101 -8.318769 6.971281
v -26.482845 -7.500268 4.549993
v -26.651337 -7.412908 3.979125
v -23.694439 -8.109366 6.938309
v -23.700701 -7.518511 7.099017
v -25.573868 -7.044718 6.567463
v -25.756996 -7.773305 6.345680
v -15.466924 -7.943910 5.896176
v -18.975256 -6.480281 7.639737
v -16.762383 -6.523877 7.221628
v -16.786755 -6.389728 7.097470
v -18.974812 -6.348043 7.486647
v -25.985764 -4.564997 5.648889
v -25.766354 -4.876117 6.095476
v -25.606224 -4.846154 6.117112
v -25.791214 -4.555758 5.711994
v -25.127642 -5.540975 7.029685
v -23.801523 -5.996784 7.380821
v -23.738562 -5.875422 7.255430
v -25.022884 -5.441308 6.923940
v -15.809566 -6.425002 6.613521
v -16.039053 -6.338152 6.637894
v -16.737497 -6.603866 7.213471
v -18.999613 -6.562580 7.625390
v -26.007736 -4.692779 5.563423
v -25.800505 -4.995380 6.027946
v -23.811993 -6.101681 7.388453
v -25.151297 -5.660022 6.990946
v -15.779849 -6.502484 6.566631
v -16.955973 -6.130919 6.828041
v -18.990934 -6.046450 7.124704
v -25.007635 -4.776114 6.220472
v -25.144230 -4.546106 5.967543
v -23.502413 -5.491929 6.856174
v -24.544645 -5.074226 6.567112
v -16.593224 -6.126174 6.707380
v -26.941677 -8.467938 3.197844
v -27.019409 -8.889722 2.928041
v -26.700497 -7.395852 3.819848
v -26.006496 -4.501598 5.501509
v -26.028770 -4.634033 5.413309
v -27.100695 -9.001923 2.332365
v -25.803625 -4.480715 5.577544
v -25.138449 -4.464518 5.841768
v -14.893017 -9.049671 4.707249
v -15.212367 -8.942499 5.302857
v -15.271341 -8.613290 5.471354
v -15.671603 -6.929142 6.368736
v -15.601334 -6.929142 6.295873
v -15.731604 -6.484002 6.505175
v -15.770617 -6.406515 6.549977
v -15.966259 -6.319669 6.556750
v -16.715841 -6.086526 6.700768
v -16.479115 -6.127625 6.641502
v -16.584097 -6.089056 6.631117
v -18.993502 -5.987959 7.047318
v -16.984646 -6.078973 6.778687
v -17.025839 -6.153674 6.718884
v -18.992405 -6.052427 6.987301
v -25.066820 -4.573852 5.993839
v -24.939342 -4.783336 6.218565
v -24.924778 -4.879056 6.140844
v -25.049633 -4.670575 5.917496
v -24.498863 -5.045671 6.521534
v -23.477169 -5.426086 6.785048
v -23.494427 -5.515251 6.692487
v -24.582016 -5.138178 6.442611
v -16.769941 -6.175442 6.639817
v -25.061291 -4.478886 5.861031
v -25.043541 -4.571551 5.782187
v -16.630516 -6.175442 6.571166
v -16.686907 -6.969962 7.082688
v -19.340998 -6.996215 7.544092
v -23.684645 -6.885941 7.285878
v -23.008623 -6.917315 7.358348
v -22.863474 -6.284045 7.525129
v -26.213190 -5.491170 5.110003
v -26.013144 -5.724155 5.593868
v -25.347544 -6.300337 6.806308
v -26.241379 -5.444155 4.956678
v -15.571841 -7.435371 6.131351
v -15.505898 -7.435371 6.054899
v -19.317091 -8.553233 6.909934
v -19.343267 -8.075883 7.100175
v -19.427607 -8.059177 7.077284
v -19.400730 -8.549070 6.884872
v -23.003899 -6.997665 7.324841
v -23.612383 -6.969680 7.265059
v -23.527245 -7.053001 7.220372
v -22.989864 -7.073985 7.249097
v -23.613922 -7.519851 7.101264
v -23.527672 -7.524287 7.069189
v -23.584234 -8.578603 6.788268
v -23.589859 -9.185617 6.571094
v -23.509924 -9.097413 6.602043
v -23.495256 -8.582660 6.764031
v -19.990648 -9.101595 6.683328
v -19.970619 -9.197934 6.681468
v -19.265524 -9.191033 6.666896
v -19.355425 -9.103948 6.684037
v -19.489159 -7.125965 7.464339
v -19.690197 -7.303762 7.328732
v -19.666882 -7.567191 7.223781
v -19.456238 -7.586547 7.269624
v -23.295845 -7.269747 7.108130
v -22.970798 -7.273785 7.129114
v -23.272640 -8.502733 6.781425
v -23.290636 -8.121121 6.881648
v -23.514748 -8.126250 6.906525
v -23.028883 -9.100783 6.582786
v -16.601545 -7.521987 6.864802
v -19.270407 -7.615901 7.290015
v -23.033514 -7.413312 7.249162
v -23.224092 -7.405725 7.220438
v -23.220301 -7.541953 7.187532
v -23.029581 -7.552056 7.214177
v -26.436768 -6.493346 4.521357
v -26.257351 -6.638852 5.058537
v -26.476879 -6.466577 4.362261
v -15.407494 -7.943910 5.814316
v -19.370964 -7.599627 7.287566
v -19.410162 -7.065179 7.509558
v -23.604725 -8.125486 6.935500
v -19.699654 -8.024110 7.027599
v -19.680101 -8.436659 6.863610
v -19.632328 -8.481859 6.858008
v -19.650972 -8.030419 7.037823
v -23.253315 -7.538188 7.013182
v -23.243095 -7.317318 7.080425
v -23.303322 -7.535691 7.024786
v -23.029472 -9.178923 6.584531
v -19.939478 -8.277090 7.095556
v -19.954603 -7.926350 7.234669
v -21.488647 -7.947824 7.185664
v -21.472872 -8.308207 7.057663
v -19.967262 -7.557689 7.370055
v -19.972406 -7.413984 7.423753
v -21.508074 -7.427583 7.361660
v -21.502798 -7.568205 7.313722
v -22.966604 -7.317607 7.102713
v -19.945175 -7.342263 7.298436
v -19.951595 -7.305438 7.321204
v -19.967031 -7.109260 7.429063
v -19.982250 -7.043666 7.486479
v -19.725630 -8.265411 7.080415
v -19.749004 -7.916553 7.222222
v -19.770468 -7.550154 7.360725
v -19.779003 -7.406200 7.416071
v -19.735224 -7.338412 7.302952
v -23.185547 -8.465980 6.930758
v -22.993183 -8.470465 6.943195
v -21.466160 -8.460342 7.003078
v -19.931910 -8.433591 7.029884
v -19.714296 -8.422489 7.012925
v -19.715319 -7.562942 7.212974
v -19.898233 -8.435450 6.859161
v -19.678839 -8.421456 6.807716
v -19.896973 -8.420467 6.803185
v -19.697018 -8.008844 6.971789
v -19.711493 -7.547619 7.157252
v -19.730865 -7.323080 7.247274
v -19.940815 -7.327209 7.242647
v -22.962296 -7.308315 7.045530
v -23.238794 -7.308569 7.023165
v -23.249569 -7.529180 6.955888
v -23.243969 -8.119946 6.875134
v -23.241871 -8.109132 6.817860
v -23.232821 -8.460011 6.790975
v -23.231565 -8.448684 6.733772
v -23.034477 -8.461111 6.795016
v -23.033222 -8.449567 6.737882
v -19.631956 -8.315678 6.425749
v -19.850094 -8.315461 6.420915
v -19.645384 -7.902844 6.590064
v -19.655748 -7.441436 6.775851
v -19.673275 -7.216854 6.866018
v -19.895554 -7.221953 6.915694
v -22.917179 -7.224864 6.713738
v -23.181393 -7.229680 6.636452
v -23.194096 -7.447563 6.569041
v -23.193962 -8.030501 6.445810
v -23.184694 -8.356277 6.347272
v -22.986347 -8.356401 6.351601
v -19.924658 -8.411503 6.964517
v -19.707039 -8.400406 6.947566
v -19.718372 -8.243328 7.015057
v -19.741749 -7.894470 7.156869
v -19.763212 -7.528070 7.295373
v -19.771748 -7.384116 7.350712
v -19.964691 -7.391267 7.356139
v -21.500818 -7.405504 7.296309
v -23.026257 -7.391223 7.183795
v -23.216835 -7.383641 7.155080
v -23.213041 -7.519869 7.122181
v -23.201677 -7.921605 7.025197
v -23.183842 -8.296686 6.905922
v -23.178289 -8.443896 6.865399
v -22.985926 -8.448381 6.877836
v -21.458902 -8.438258 6.937719
v -19.908890 -8.355840 6.768959
v -19.691275 -8.344738 6.751992
v -19.702610 -8.187665 6.819489
v -19.725983 -7.838802 6.961288
v -19.747444 -7.472403 7.099808
v -19.755980 -7.328448 7.155146
v -19.948318 -7.334758 7.157562
v -21.485050 -7.349836 7.100742
v -23.010494 -7.335566 6.988235
v -23.201071 -7.327973 6.959514
v -23.197277 -7.464207 6.926608
v -23.185911 -7.865943 6.829623
v -23.168076 -8.241024 6.710356
v -23.162521 -8.388234 6.669818
v -22.970165 -8.392718 6.682277
v -21.443136 -8.382595 6.742146
v -19.989508 -6.526701 7.691118
v -19.993534 -6.445401 7.710527
v -22.861486 -6.181559 7.516610
v -20.000380 -6.311598 7.549458
v -22.832315 -6.062905 7.391354
v -19.992844 -5.993979 7.152338
v -22.737488 -5.691978 6.964526
v -22.731455 -5.622693 6.886410
v -19.993946 -5.932468 7.069926
v -19.990339 -5.997764 7.007771
v -22.723768 -5.706773 6.805541
v -23.031054 -8.496769 6.780857
v -19.895287 -8.473537 6.844451
v -19.943661 -9.271968 6.680740
v -23.036053 -9.264386 6.564288
v -20.245897 -8.788217 6.747077
v -22.711153 -8.767016 6.699503
v -20.001209 -6.985617 7.527079
v -9.289267 -7.686585 -18.546162
v -9.312790 -7.686585 -18.293270
v -10.739847 -7.998216 -19.036606
v -10.677436 -8.001337 -19.024101
v -10.677436 -8.103308 -19.024101
v -10.739043 -8.100019 -19.036440
v -17.705912 -7.884431 -20.197300
v -17.705912 -7.808164 -20.197300
v -15.152045 -7.808164 -19.846375
v -15.152044 -7.898692 -19.846380
v -21.864607 -7.778627 -20.365248
v -21.602877 -7.778627 -20.384541
v -10.100071 -7.693543 -18.891933
v -9.520506 -7.686585 -18.754463
v -10.088427 -7.925626 -18.889305
v -20.257568 -7.992804 -20.360035
v -19.427120 -7.921438 -20.315437
v -19.425892 -7.989279 -20.315163
v -20.258495 -8.030176 -20.360109
v -9.079648 -8.843036 -17.894394
v -21.906696 -7.778627 -20.250172
v -9.274576 -7.686585 -18.704094
v -20.843477 -7.657174 -20.388449
v -20.848162 -7.812097 -20.387402
v -22.207703 -8.845658 -19.424976
v -22.207703 -7.778627 -19.424976
v -22.007292 -7.778627 -19.975143
v -9.457335 -7.140007 -18.583996
v -9.496405 -7.067428 -18.334599
v -21.864607 -6.965278 -20.365248
v -21.602877 -6.939146 -20.384541
v -10.111630 -7.108934 -18.893230
v -9.735327 -7.155396 -18.802822
v -20.822561 -6.792671 -20.375576
v -19.649878 -6.704673 -20.365585
v -19.650417 -6.757732 -20.365707
v -20.823820 -6.846654 -20.376348
v -9.361484 -7.686585 -17.957840
v -9.563754 -6.974857 -18.003374
v -21.906696 -6.905303 -20.250172
v -17.772800 -6.633793 -20.206310
v -17.722181 -6.632689 -20.200962
v -17.722185 -6.683631 -20.200962
v -17.772778 -6.684817 -20.206306
v -9.432935 -7.185331 -18.739742
v -15.152045 -7.451574 -19.846375
v -15.152045 -6.681869 -19.846375
v -15.113225 -6.682925 -19.839706
v -15.103672 -7.454350 -19.838060
v -22.207703 -6.499442 -19.424976
v -22.007292 -6.761972 -19.975143
v -10.744291 -8.103304 -18.727209
v -10.742530 -8.003780 -18.725567
v -10.240170 -7.766113 -18.611244
v -10.230487 -7.965343 -18.611603
v -10.800894 -8.001639 -18.738472
v -10.389302 -7.758517 -18.644192
v -19.623936 -7.610962 -20.049671
v -19.488287 -7.921438 -20.019173
v -20.288933 -7.988544 -20.057735
v -20.711103 -7.702528 -20.078249
v -20.815887 -7.711440 -20.086990
v -20.361012 -7.998518 -20.063374
v -20.359303 -8.034421 -20.063244
v -20.820171 -7.867404 -20.085258
v -10.077950 -9.045539 -18.887230
v -10.211443 -9.045548 -18.605595
v -10.745636 -9.045539 -18.727234
v -10.677436 -9.045539 -19.024101
v -10.747421 -9.045539 -19.038122
v -20.343979 -9.045533 -20.062490
v -20.830772 -9.043368 -20.074284
v -12.796087 -9.045539 -19.441525
v -12.796087 -7.974298 -19.441525
v -12.796087 -7.881526 -19.441525
v -12.853466 -7.881526 -19.142399
v -12.853554 -7.618914 -19.142410
v -20.329504 -9.045544 -20.366001
v -20.329504 -8.034421 -20.366001
v -20.329504 -7.998787 -20.366001
v -20.679810 -7.642846 -20.376795
v -12.796087 -7.548730 -19.441525
v -12.796087 -6.755919 -19.441525
v -10.320399 -7.678553 -18.938131
v -15.113837 -6.633059 -19.839808
v -12.796087 -6.704673 -19.441525
v -19.596193 -7.554165 -20.353500
v -17.772440 -7.433375 -20.206276
v -10.689186 -8.103308 -18.971951
v -10.689444 -9.045539 -18.972010
v -10.688769 -8.001831 -18.971859
v -10.750407 -7.998917 -18.984209
v -12.805884 -7.881526 -19.388969
v -15.162528 -7.808164 -19.793554
v -15.152044 -7.534152 -19.846380
v -15.102707 -7.535923 -19.837894
v -15.111756 -7.535923 -19.785212
v -15.161095 -7.534152 -19.793690
v -12.796087 -7.618914 -19.441525
v -12.805902 -7.618914 -19.388975
v -10.327890 -7.755098 -18.940750
v -10.338587 -7.755799 -18.888386
v -10.175289 -7.763521 -18.909790
v -10.186581 -7.764049 -18.857536
v -10.164227 -7.965414 -18.907248
v -10.175910 -7.965400 -18.855089
v -10.143243 -9.045539 -18.902464
v -10.155251 -9.045544 -18.850370
v -20.330545 -9.045544 -20.312550
v -20.333675 -8.034421 -20.312706
v -20.816305 -9.045544 -20.377781
v -20.790543 -7.832745 -20.388393
v -20.794514 -7.832235 -20.335091
v -20.817348 -9.045102 -20.324331
v -20.785904 -7.712847 -20.389736
v -20.790110 -7.712559 -20.336443
v -20.679911 -7.703599 -20.380896
v -20.684368 -7.703382 -20.327621
v -19.596596 -7.610957 -20.353592
v -19.601397 -7.610957 -20.300320
v -17.772406 -7.507929 -20.206268
v -17.778027 -7.507929 -20.153105
v -17.722185 -7.505945 -20.200962
v -17.727804 -7.505945 -20.147800
v -19.431894 -7.921438 -20.262161
v -17.714682 -7.808168 -20.144238
v -20.261995 -7.992727 -20.306763
v -20.334019 -7.998729 -20.312733
v -10.720555 -8.103308 -18.832630
v -10.721517 -9.045539 -18.832836
v -10.719040 -8.003161 -18.832294
v -10.778608 -8.000784 -18.844227
v -12.832063 -7.881526 -19.248569
v -15.185740 -7.808168 -19.652889
v -15.135942 -7.535923 -19.644459
v -15.185287 -7.534152 -19.652931
v -12.832129 -7.618914 -19.248577
v -10.367165 -7.757672 -18.748478
v -10.216732 -7.765461 -18.717955
v -10.207119 -7.965370 -18.715729
v -10.187323 -9.045548 -18.711205
v -20.333330 -9.045533 -20.169760
v -20.344812 -8.034416 -20.170332
v -20.805128 -7.830876 -20.192680
v -20.820133 -9.043916 -20.181549
v -20.801350 -7.711795 -20.194069
v -20.696260 -7.702797 -20.185303
v -19.614233 -7.610957 -20.157988
v -17.793036 -7.507929 -20.011082
v -17.742811 -7.505945 -20.005770
v -19.444193 -7.921438 -20.119740
v -17.738089 -7.808168 -20.002588
v -20.272749 -7.991973 -20.164391
v -20.346090 -7.998585 -20.170424
v -17.722185 -7.430922 -20.200962
v -10.676714 -9.100558 -19.023197
v -10.143090 -9.099997 -18.902092
v -15.173193 -7.449149 -19.723309
v -15.173193 -6.682459 -19.723309
v -17.736609 -7.430797 -20.064457
v -17.749718 -7.505945 -19.940460
v -17.749718 -7.430739 -19.940460
v -17.735920 -6.651209 -20.071001
v -17.749718 -6.619507 -19.940460
v -10.734926 -8.103304 -18.768810
v -10.736269 -9.045539 -18.768843
v -10.733168 -8.003780 -18.767176
v -10.791527 -8.001639 -18.780081
v -12.844101 -7.881526 -19.184002
v -15.196407 -7.808164 -19.588202
v -15.147069 -7.535923 -19.579723
v -15.196407 -7.534152 -19.588202
v -12.844187 -7.618914 -19.184021
v -10.379933 -7.758517 -18.685808
v -10.230803 -7.766113 -18.652851
v -10.221120 -7.965343 -18.653210
v -10.202076 -9.045548 -18.647205
v -20.334614 -9.045533 -20.104092
v -20.349941 -8.034421 -20.104855
v -20.810804 -7.867399 -20.126869
v -20.821411 -9.043368 -20.115894
v -20.806520 -7.711440 -20.128599
v -20.701736 -7.702528 -20.119858
v -19.620136 -7.610962 -20.092533
v -17.799938 -7.507929 -19.945765
v -20.279144 -7.988544 -20.099251
v -19.475380 -7.921438 -20.059992
v -20.351643 -7.998518 -20.104988
v -15.196407 -7.449149 -19.588202
v -15.196407 -6.682459 -19.588202
v -20.329369 -9.107309 -20.365055
v -20.816305 -9.106820 -20.377781
v -20.817348 -9.106378 -20.324331
v -20.330545 -9.106820 -20.312550
v -20.820133 -9.105192 -20.181549
v -20.333330 -9.106814 -20.169760
v -20.821411 -9.104650 -20.115894
v -20.334614 -9.106811 -20.104092
v -20.343979 -9.106811 -20.062490
v -20.830772 -9.104644 -20.074284
v -10.689444 -9.099992 -18.972010
v -10.155251 -9.099997 -18.850370
v -10.721517 -9.099992 -18.832836
v -10.187323 -9.100000 -18.711205
v -10.736269 -9.099992 -18.768843
v -10.202070 -9.100000 -18.647202
v -10.211443 -9.100000 -18.605595
v -10.745636 -9.099992 -18.727234
v -9.450942 -7.129703 -18.743797
v -9.475338 -7.084378 -18.588049
v -10.112370 -7.057055 -18.893312
v -9.747536 -7.099763 -18.805573
v -9.514412 -7.011798 -18.338654
v -9.581761 -6.919229 -18.007427
v -15.152045 -6.632098 -19.846375
v -15.173193 -6.597414 -19.723309
v -15.208209 -6.559038 -19.567764
v -21.864607 -6.907958 -20.365248
v -21.602877 -6.881827 -20.384541
v -22.007292 -6.704654 -19.975143
v -21.906696 -6.847983 -20.250172
v -22.207703 -6.442122 -19.424976
v -17.735954 -6.567777 -20.070686
v -17.749718 -6.495846 -19.940460
v -15.205774 -7.534152 -19.546593
v -15.205774 -7.808164 -19.546593
v -15.220930 -7.808164 -19.479271
v -15.220930 -7.544197 -19.479271
v -17.751209 -7.808850 -19.936417
v -15.172612 -7.809200 -19.540899
v -15.205774 -7.808164 -19.546593
v -15.156436 -7.535923 -19.538115
v -17.799889 -7.809532 -19.900270
v -17.809305 -7.507929 -19.904156
v -17.758221 -7.808168 -19.895847
v -17.759085 -7.505945 -19.898849
v -17.774242 -7.505945 -19.831524
v -17.773376 -7.808168 -19.828518
v -23.049034 -9.425956 -6.577742
v -22.453783 -9.425956 -9.221899
v -20.418882 -9.425956 -8.756091
v -21.012480 -9.425956 -6.119275
v -21.628790 -6.820459 -20.269434
v -19.675791 -6.643306 -20.250479
v -17.800976 -6.566711 -20.081154
v -20.848475 -6.731298 -20.260464
v -21.691603 -6.667425 -19.990414
v -20.899164 -6.615839 -20.035297
v -21.853249 -6.383214 -19.396374
v -21.087786 -6.317957 -19.299442
v -12.831367 -6.659324 -19.284801
v -10.147652 -7.011706 -18.736591
v -9.782818 -7.054415 -18.648849
v -15.141565 -6.587709 -19.716637
v -10.201377 -6.934162 -18.497936
v -9.836541 -6.976874 -18.410202
v -10.273864 -6.838850 -18.175941
v -9.903856 -6.902240 -18.082626
v -19.715471 -6.562015 -20.091248
v -17.830626 -6.491879 -19.949444
v -12.866385 -6.620948 -19.129250
v -15.176582 -6.549334 -19.561089
v -26.938061 -9.045536 0.676114
v -26.162792 -9.045535 -5.241244
v -25.428724 -9.045541 -8.466256
v -23.136311 -9.045540 -15.979478
v -22.892073 -9.045540 -16.719673
v -24.490547 -9.045541 -11.832094
v -23.702620 -9.045540 -14.294888
v -22.530798 -9.045545 -17.799988
v -22.075706 -9.045545 -19.160872
v -22.001776 -9.045545 -19.378620
v -22.001776 -8.845658 -19.378620
v -21.999481 -7.778627 -19.378103
v -21.997185 -6.499442 -19.377586
v -26.719086 -8.467938 3.139668
v -26.796814 -8.889722 2.869866
v -25.826614 -4.612165 5.445915
v -26.028866 -5.444155 4.943264
v -26.878101 -9.001923 2.274183
v -26.254284 -6.466581 4.304088
v -26.477905 -7.395852 3.761666
v -25.118979 -4.567038 5.755283
v -12.381935 -9.046194 -2.365419
v -14.566125 -9.057671 3.542675
v -10.039365 -9.045540 -13.031108
v -10.301944 -9.045540 -11.291000
v -10.796115 -9.045535 -8.694859
v -11.136307 -9.045535 -7.183641
v -9.969378 -9.045540 -13.906557
v -9.395297 -9.045539 -17.169529
v -9.789036 -9.045540 -14.931578
v -15.067184 -9.049671 4.556405
v -15.401060 -8.918793 5.216548
v -11.802447 -9.045555 -4.430717
v -9.260600 -9.045539 -17.935127
v -9.584391 -7.686585 -18.008018
v -9.302556 -8.843036 -17.944572
v -9.824523 -6.989959 -18.062077
v -15.902178 -6.446096 6.461322
v -16.465347 -6.211109 6.580343
v -15.451882 -8.599508 5.380295
v -15.588039 -7.930128 5.723255
v -15.788933 -6.914348 6.236149
v -15.690952 -7.422300 5.983890
v -18.269077 -9.768096 -12.424547
v -18.063450 -9.768096 -13.321968
v -15.374345 -9.768096 -12.704432
v -15.581474 -9.768096 -11.786097
v -18.493294 -9.768096 -12.478748
v -18.287853 -9.768096 -13.373581
v -15.150032 -9.768096 -12.652433
v -15.357346 -9.768096 -11.731525
v -18.008846 -9.768096 -13.559396
v -15.319193 -9.768096 -12.949465
v -15.635409 -9.768096 -11.540783
v -18.322464 -9.768096 -12.186831
v -18.233494 -9.768096 -13.610359
v -18.547825 -9.768096 -12.241221
v -15.412400 -9.768096 -11.486966
v -15.094634 -9.768096 -12.898515
v -15.061367 -9.768096 -12.632473
v -14.986040 -9.768096 -12.967077
v -14.986040 -9.667953 -12.967077
v -15.061367 -9.667953 -12.632473
v -15.656730 -9.768096 -11.452438
v -15.344006 -9.768096 -11.376961
v -15.344006 -9.667953 -11.376961
v -15.656730 -9.667953 -11.452438
v -18.581869 -9.768096 -12.499086
v -18.656515 -9.768096 -12.173958
v -18.656515 -9.667953 -12.173958
v -18.581869 -9.667953 -12.499086
v -17.988743 -9.768096 -13.648022
v -18.301786 -9.768096 -13.719042
v -18.301786 -9.667953 -13.719042
v -17.988743 -9.667953 -13.648022
v -18.343784 -9.768096 -12.098486
v -18.343784 -9.667953 -12.098486
v -15.299088 -9.768096 -13.038097
v -15.299088 -9.667953 -13.038097
v -15.268680 -9.768096 -11.711565
v -15.268680 -9.667953 -11.711565
v -18.376429 -9.768096 -13.393927
v -18.376429 -9.667953 -13.393927
v -14.986040 -9.162080 -12.967077
v -15.061367 -9.162080 -12.632473
v -15.344006 -9.162080 -11.376961
v -15.656730 -9.162080 -11.452438
v -18.656515 -9.162080 -12.173958
v -18.581869 -9.162080 -12.499086
v -18.301785 -9.162080 -13.719049
v -17.988743 -9.162080 -13.648022
v -18.343784 -9.162080 -12.098486
v -15.299088 -9.162080 -13.038097
v -15.268680 -9.162080 -11.711565
v -18.376429 -9.162080 -13.393927
v -25.161947 -1.211709 -8.564052
v -25.190327 -1.178101 -8.430139
v -25.150015 -1.159830 -8.429048
v -25.121370 -1.192992 -8.560970
v -17.294483 -2.759701 -13.185404
v -17.941360 -1.815511 -10.377327
v -17.765587 -1.832217 -10.349773
v -17.164495 -2.774586 -13.156141
v -24.894268 -2.069890 2.416222
v -24.875834 -1.818235 1.936974
v -25.966824 -1.805045 1.375799
v -25.941463 -2.343969 2.317235
v -25.741768 -0.602597 -4.511039
v -25.990009 -0.710403 -2.224583
v -25.959660 -0.692853 -2.221258
v -25.708107 -0.584994 -4.508035
v -17.075031 -1.967471 0.408503
v -14.928799 -2.753243 0.274945
v -13.553711 -2.968697 -1.790026
v -16.660036 -1.673258 -1.672631
v -18.424297 -1.331380 -8.444203
v -18.232458 -1.301191 -8.286664
v -17.099083 -2.868870 -13.439825
v -17.229475 -2.853817 -13.469953
v -17.251900 -2.821347 -13.371785
v -17.121647 -2.836343 -13.341952
v -13.207222 -5.777605 -20.175938
v -13.927094 -5.693775 -20.333534
v -13.945834 -5.662103 -20.236843
v -13.226609 -5.745587 -20.077681
v -16.187168 -4.342947 -17.270767
v -14.777575 -4.361583 -16.968868
v -14.758759 -4.386692 -17.066158
v -16.166861 -4.359879 -17.365154
v -14.546346 -4.456856 -17.212822
v -14.581453 -4.407494 -17.027437
v -14.304626 -4.327178 -16.558649
v -13.920212 -4.439421 -16.489031
v -14.644494 -3.236052 -13.034101
v -14.995302 -3.142657 -13.153691
v -15.450617 -2.999490 -12.990503
v -15.566870 -2.929052 -12.826632
v -25.896837 -3.154865 3.687855
v -24.896507 -2.269637 2.786858
v -25.109921 -4.417619 5.839539
v -25.111282 -4.442488 5.869859
v -25.071106 -4.445810 5.888337
v -25.068840 -4.421273 5.858752
v -15.595457 -3.553047 2.878792
v -17.629250 -2.986719 3.014717
v -17.754763 -3.350996 3.620354
v -15.926484 -3.813912 3.527108
v -17.768642 -3.381718 3.686693
v -15.951344 -3.842210 3.583931
v -15.359903 -4.379799 3.951098
v -16.275612 -5.787035 6.274498
v -16.210421 -5.816489 6.257427
v -15.278740 -4.405484 3.936370
v -15.564035 -3.993933 3.570039
v -15.503832 -3.979335 3.505926
v -24.293137 -2.720102 3.642386
v -22.472687 -2.681293 3.704000
v -22.462229 -2.657140 3.645363
v -24.289539 -2.684636 3.578208
v -24.955559 -3.048821 3.993432
v -24.798492 -2.811515 3.666039
v -24.842148 -2.783054 3.612335
v -25.014233 -3.053887 3.976303
v -25.775352 -4.435203 5.624352
v -25.778128 -4.404961 5.589607
v -22.350182 -2.281613 3.017483
v -24.240692 -2.236274 2.861981
v -15.655468 -6.505759 6.384896
v -15.467218 -6.264937 5.992483
v -15.621547 -6.084927 6.126905
v -15.792594 -6.331443 6.501073
v -14.523737 -4.689080 3.712647
v -14.306849 -4.968499 3.560241
v -13.741949 -4.528430 2.202148
v -13.952271 -4.233904 2.293315
v -24.013660 -1.025562 0.272724
v -24.287085 -0.398534 -2.069583
v -24.703495 -1.065437 0.176138
v -20.536261 -0.966585 -8.449083
v -20.560265 -0.928079 -8.312128
v -13.098641 -4.092149 0.395755
v -12.863001 -3.959028 -0.333886
v -13.077690 -3.679182 -0.269861
v -13.317387 -3.793442 0.449419
v -12.392578 -3.752746 -1.892039
v -12.577835 -3.506752 -1.898542
v -11.470737 -3.868196 -5.670368
v -11.133852 -4.112441 -7.426920
v -11.341074 -3.843740 -7.473292
v -11.683647 -3.607734 -5.672124
v -10.805423 -4.475345 -9.455833
v -10.991010 -4.204257 -9.512356
v -10.428963 -4.953424 -12.002575
v -10.591217 -4.696118 -12.100964
v -9.477464 -6.675588 -18.853456
v -9.469702 -6.711136 -18.973032
v -9.602171 -6.448355 -19.114960
v -9.608684 -6.411448 -19.018890
v -25.506948 -0.715060 -6.257380
v -25.470921 -0.697351 -6.254489
v -21.379486 -0.283227 -4.230672
v -18.880487 -0.754791 -4.093046
v -18.589741 -0.891062 -5.817566
v -21.044367 -0.435608 -5.932737
v -12.640285 -3.129025 -5.695170
v -12.291082 -3.393937 -7.562071
v -14.962026 -2.348803 -7.755304
v -15.952063 -1.756521 -5.784809
v -15.312469 -2.022326 -7.849967
v -14.548824 -2.731725 -9.949589
v -14.859268 -2.483053 -9.997252
v -15.712181 -2.967769 -13.045841
v -23.115135 -0.897463 -8.549730
v -23.142057 -0.859970 -8.423270
v -23.551537 -0.396661 -6.131782
v -23.856350 -0.252044 -4.364975
v -21.865070 -2.699608 3.710239
v -20.089411 -2.883374 3.743325
v -20.079241 -2.858405 3.688730
v -21.856785 -2.678658 3.660314
v -19.954704 -2.491333 3.090160
v -21.753490 -2.301050 3.050142
v -21.868132 -1.055406 0.443434
v -21.288977 -1.085057 0.464461
v -21.040888 -0.834449 -0.528230
v -21.747593 -0.488069 -1.829194
v -16.219614 -1.633273 -3.992880
v -19.200739 -0.846747 -1.699300
v -18.206663 -2.843672 3.039280
v -18.336535 -3.217942 3.654209
v -18.348471 -3.245207 3.711861
v -24.214430 -2.242646 2.613886
v -22.304453 -2.289968 2.773243
v -22.261305 -2.172241 2.533761
v -24.197409 -2.152813 2.430791
v -17.402609 -2.642120 1.927232
v -17.445259 -2.728337 2.132622
v -15.369974 -3.392200 1.934809
v -15.319328 -3.335558 1.743129
v -17.575878 -3.000928 2.758965
v -17.767014 -2.924540 2.661531
v -18.134344 -2.812177 2.680056
v -18.160271 -2.859153 2.802046
v -17.642691 -2.646629 2.020110
v -17.631712 -2.714911 2.161013
v -17.997757 -2.484797 1.947598
v -18.010450 -2.532297 2.012694
v -21.569433 -1.890705 1.943764
v -21.577839 -1.948850 2.057404
v -19.771809 -2.141336 2.077596
v -19.753159 -2.099854 1.989724
v -22.113754 -2.260840 2.705883
v -22.082548 -2.176472 2.532477
v -19.915594 -2.508879 2.869807
v -19.894489 -2.453979 2.751267
v -21.693098 -2.271092 2.723433
v -21.707804 -2.309574 2.803774
v -22.154947 -1.879041 1.943076
v -21.992432 -1.930603 2.031402
v -24.769119 -2.217167 2.698832
v -24.750994 -2.073669 2.422647
v -22.333416 -2.236663 2.924486
v -21.736067 -2.255726 2.955475
v -19.939548 -2.455679 3.000465
v -18.190252 -2.805848 2.954877
v -17.611317 -2.948026 2.928021
v -15.244431 -3.152579 1.537352
v -17.346346 -2.435943 1.715585
v -17.371967 -2.487208 1.840423
v -15.277706 -3.181577 1.667256
v -17.941854 -2.269277 1.748473
v -17.966715 -2.323643 1.874144
v -19.710512 -1.891170 1.813202
v -19.732603 -1.938905 1.913585
v -21.526810 -1.681983 1.772943
v -21.545788 -1.727822 1.868372
v -22.110847 -1.657014 1.741204
v -22.137550 -1.704926 1.842876
v -24.127909 -1.609370 1.598889
v -24.139254 -1.677292 1.722503
v -24.617039 -2.275140 2.588800
v -24.602041 -2.182109 2.418508
v -24.229935 -2.199131 2.755766
v -15.566850 -3.521639 2.765644
v -15.548142 -3.605743 2.612790
v -14.676082 -3.559520 1.904054
v -14.586634 -3.477649 1.601694
v -14.750971 -3.605551 1.688582
v -14.810094 -3.651356 1.877535
v -24.146004 -1.861375 1.825099
v -14.541608 -3.622348 1.896406
v -14.403904 -3.496611 1.454695
v -22.018944 -2.003039 2.178864
v -22.195320 -1.990396 2.167344
v -24.160366 -1.940764 1.979780
v -24.584805 -1.957537 1.938080
v -24.552162 -1.886513 1.802671
v -24.686100 -1.686545 1.685752
v -24.726383 -1.842734 1.963519
v -24.839581 -1.625576 1.546497
v -17.707403 -2.874351 2.515700
v -17.522728 -2.887551 2.501344
v -15.488709 -3.539036 2.385260
v -14.959657 -3.781106 2.351929
v -14.838116 -3.687835 2.382834
v -14.704406 -3.760299 2.381421
v -15.021183 -3.841566 2.547077
v -14.938082 -3.783161 2.691493
v -14.851567 -3.875990 2.803955
v -13.367793 -4.269832 1.195156
v -13.589381 -3.972747 1.279919
v -16.128309 -4.412247 -17.544338
v -14.035898 -5.498859 -19.774372
v -15.589793 -5.493755 -20.017792
v -13.316583 -5.585345 -19.601612
v -10.073374 -5.406961 -15.427443
v -9.948575 -5.682732 -15.332445
v -9.523013 -6.545530 -18.428656
v -9.655073 -6.255864 -18.563244
v -9.620306 -6.424610 -19.135521
v -10.385927 -6.263297 -19.401184
v -10.395020 -6.239431 -19.318222
v -9.622962 -6.393432 -19.035156
v -10.431200 -6.086533 -18.828873
v -9.670298 -6.237089 -18.579094
v -10.616337 -4.672397 -12.115751
v -11.474388 -4.352551 -12.300383
v -11.938909 -3.792345 -9.630911
v -11.020075 -4.176127 -9.523464
v -11.371167 -3.818266 -7.480292
v -11.715670 -3.579999 -5.676021
v -12.100843 -3.458748 -3.929858
v -13.018057 -3.006396 -3.936781
v -12.613783 -3.478042 -1.891944
v -13.108773 -3.657439 -0.253764
v -14.067789 -3.136978 0.180961
v -14.160431 -3.252548 0.573703
v -13.343729 -3.768573 0.453094
v -13.983427 -4.206798 2.304491
v -14.549867 -4.670027 3.723138
v -15.658623 -6.043741 6.135660
v -16.427696 -6.040485 6.618048
v -16.449144 -6.086093 6.668895
v -16.393068 -6.107389 6.658252
v -16.376387 -6.068451 6.619107
v -15.855109 -6.332644 6.567301
v -15.832502 -6.292933 6.514372
v -15.812668 -6.364662 6.547797
v -15.676132 -6.546426 6.428296
v -25.044430 -4.102493 5.457665
v -25.090443 -4.100025 5.437213
v -25.806833 -4.138704 5.224682
v -26.188238 -1.554734 0.474337
v -26.215828 -1.936682 1.299886
v -26.006527 -1.811594 1.371194
v -25.983456 -1.421464 0.517553
v -26.244461 -1.958372 1.296639
v -26.229189 -2.520154 2.284171
v -26.199604 -2.498564 2.287241
v -25.982384 -2.354024 2.316682
v -26.145763 -3.277773 3.595918
v -25.941393 -3.161069 3.678373
v -26.071707 -4.198881 5.081079
v -25.867619 -4.134267 5.189661
v -25.841724 -4.396520 5.548028
v -26.040459 -4.437892 5.409965
v -26.035442 -4.474804 5.452356
v -25.837410 -4.431155 5.587955
v -25.932236 -1.136744 -0.221783
v -25.884630 -1.129460 -0.215271
v -25.682213 -0.565302 -2.191650
v -25.741207 -0.574818 -2.197879
v -25.463406 -0.465168 -4.486212
v -25.392365 -0.456468 -4.480358
v -25.155207 -0.567855 -6.231190
v -25.227058 -0.576004 -6.237098
v -24.878775 -1.036548 -8.478561
v -24.810486 -1.030493 -8.473989
v -24.784098 -1.060941 -8.593704
v -24.852320 -1.066915 -8.598044
v -15.468256 -5.717785 -20.578991
v -15.575544 -5.717333 -20.597450
v -15.601111 -5.684009 -20.483881
v -15.492804 -5.684422 -20.465874
v -15.701928 -5.492085 -20.036043
v -16.256054 -4.408233 -17.574562
v -16.296400 -4.355865 -17.395344
v -13.602222 -4.570007 -16.404499
v -12.997526 -5.694482 -19.526497
v -12.908375 -5.852408 -19.999702
v -12.893644 -5.876716 -20.074118
v -24.096786 -1.607392 1.296565
v -22.050491 -1.646262 1.459603
v -22.007605 -1.535196 1.221310
v -24.077545 -1.507293 1.088766
v -17.152849 -2.140179 0.619534
v -17.195057 -2.228129 0.825286
v -15.036266 -3.024077 0.607540
v -14.988276 -2.966753 0.415091
v -17.323700 -2.479179 1.451473
v -17.512642 -2.384203 1.337635
v -17.883570 -2.285665 1.370664
v -17.904203 -2.299658 1.474393
v -17.369446 -2.133058 0.705953
v -17.384033 -2.201705 0.852696
v -17.758419 -1.984489 0.639717
v -17.770002 -2.011125 0.702848
v -21.324684 -1.291296 0.651190
v -21.340893 -1.333480 0.742149
v -19.522701 -1.551810 0.776269
v -19.508825 -1.512464 0.691477
v -21.860167 -1.620688 1.391326
v -21.829134 -1.541342 1.218693
v -19.664127 -1.896395 1.557137
v -19.644085 -1.843723 1.442746
v -21.447990 -1.634454 1.407553
v -21.461945 -1.672687 1.488476
v -21.900055 -1.268886 0.625306
v -21.739206 -1.317922 0.718452
v -24.810184 -1.440643 1.158339
v -24.637896 -1.535906 1.387341
v -24.624359 -1.419745 1.109769
v -22.077139 -1.590907 1.600560
v -21.498840 -1.618930 1.637024
v -19.687607 -1.841697 1.685854
v -17.933632 -2.242223 1.626770
v -17.340412 -2.417254 1.594336
v -17.105402 -2.004642 0.549335
v -14.958250 -2.788225 0.392199
v -17.723572 -1.784233 0.435664
v -17.742607 -1.826888 0.561962
v -19.470310 -1.302662 0.498921
v -19.491604 -1.352375 0.615007
v -21.313568 -1.131572 0.575381
v -21.887983 -1.109489 0.548759
v -24.009247 -1.070772 0.382310
v -24.507015 -1.616035 1.248504
v -24.494316 -1.533400 1.077753
v -24.113684 -1.532156 1.445155
v -15.219393 -3.139264 1.421816
v -15.204206 -3.251564 1.268260
v -14.330987 -3.194504 0.584718
v -14.289970 -3.087615 0.325598
v -14.367501 -3.249605 0.341213
v -14.428827 -3.287222 0.559771
v -24.015179 -1.237400 0.478565
v -21.765709 -1.383463 0.865871
v -21.941826 -1.369950 0.855784
v -24.038906 -1.308755 0.671183
v -24.436756 -1.314345 0.621702
v -24.408764 -1.246015 0.408023
v -24.538204 -1.078666 0.324172
v -24.587122 -1.207130 0.645239
v -24.750957 -1.227739 0.641446
v -17.455803 -2.349520 1.207388
v -17.270685 -2.377438 1.194138
v -15.150965 -3.173126 1.062016
v -14.565023 -3.415210 1.014589
v -14.443092 -3.339063 1.040154
v -14.281096 -3.392373 1.054857
v -14.630677 -3.466523 1.244423
v -14.541694 -3.405573 1.366123
v -13.619379 -3.947398 1.292917
v -25.939581 -1.412163 0.517900
v -14.462567 -4.227809 -16.368000
v -15.046955 -3.213402 -13.467763
v -14.942075 -3.238688 -13.437145
v -14.344862 -4.258685 -16.347952
v -26.163425 -1.276396 -0.291695
v -26.135387 -1.256939 -0.287778
v -11.859378 -3.754916 -3.919548
v -12.067341 -3.484275 -3.929593
v -19.343853 -1.042229 -0.503051
v -17.651358 -1.562042 -0.486976
v -14.276508 -3.378653 -12.910667
v -15.280113 -2.342052 -10.041567
v -13.336086 -4.797071 -16.267296
v -12.778879 -5.886992 -19.439068
v -12.699710 -6.035599 -19.914461
v -12.685417 -6.055421 -19.984764
v -10.949599 -5.177646 -15.670000
v -10.094030 -5.383630 -15.440414
v -14.030285 -3.643224 -12.779000
v -13.636375 -4.503213 -16.211117
v -14.218447 -3.467443 -13.194595
v -13.961442 -4.367744 -16.279760
v -14.583965 -3.345083 -13.343212
v -15.674220 -1.891111 -8.228688
v -16.107813 -1.613738 -6.930537
v -16.440453 -1.679302 -8.152325
v -18.419149 -1.052202 -6.958647
v -20.816837 -0.622131 -7.055434
v -23.349564 -0.589497 -7.261908
v -24.980776 -0.756582 -7.354387
v -25.050941 -0.764001 -7.361171
v -25.321037 -0.888124 -7.387126
v -15.096397 -3.124040 -13.197847
v -16.022154 -2.139774 -10.142418
v -26.215820 -1.569471 0.458221
v -26.220661 -1.859440 0.403093
v -26.247105 -2.228297 1.207309
v -25.133520 -1.489985 -8.467272
v -25.161926 -1.458721 -8.333253
v -26.175402 -3.298757 3.591581
v -26.232616 -2.781710 2.193989
v -26.182039 -3.516996 3.449762
v -25.727680 -0.918414 -4.500515
v -25.999762 -1.019641 -2.252358
v -26.065956 -4.448519 5.390594
v -26.098089 -4.211937 5.065009
v -26.110870 -4.391386 4.951263
v -26.081699 -4.614844 5.263864
v -25.358498 -0.906476 -7.390738
v -25.337543 -1.207700 -7.309301
v -26.061401 -4.481930 5.429095
v -26.077232 -4.648141 5.302422
v -26.168354 -1.561279 -0.366353
v -25.498234 -1.024064 -6.248516
v -18.482147 -1.604845 -8.362378
v -20.577665 -1.284279 -8.367153
v -17.357809 -3.072660 -13.079260
v -18.005392 -2.158617 -10.268046
v -17.317608 -3.128222 -13.255078
v -23.111307 -1.210716 -8.464234
v -24.718307 -1.345052 -8.490301
v -24.786524 -1.350857 -8.494685
v -25.097130 -1.478740 -8.460221
v -17.166035 -3.172543 -13.317562
v -17.296432 -3.157490 -13.347684
v -15.434015 -3.031173 -13.086092
v -15.163355 -3.427713 -13.075585
v -15.500969 -3.334846 -12.963829
v -14.423425 -4.293652 -16.576477
v -14.599940 -4.381492 -16.929794
v -14.651498 -4.707200 -16.875919
v -14.474985 -4.619360 -16.522602
v -16.317650 -4.338928 -17.300945
v -16.342693 -4.656718 -17.242302
v -16.211971 -4.660474 -17.213173
v -15.695185 -2.999519 -13.141851
v -15.741312 -3.305718 -13.015141
v -14.829165 -4.687325 -16.914871
v -14.514132 -4.553517 -16.314117
v -15.113909 -3.517075 -13.345501
v -15.605803 -6.028348 -20.515648
v -15.630296 -5.996402 -20.406845
v -16.322388 -4.682317 -17.332504
v -15.731443 -5.808770 -19.957535
v -16.282375 -4.735046 -17.510242
v -9.529678 -6.896203 -18.943153
v -9.725931 -6.753041 -19.063774
v -13.983440 -6.017270 -20.258392
v -15.498756 -6.040381 -20.496109
v -10.494804 -6.541582 -19.329893
v -12.759497 -6.286385 -19.912975
v -9.788082 -6.708442 -19.092764
v -13.304115 -6.080789 -20.106522
v -12.990540 -6.179903 -20.004704
v -15.643416 -6.594420 6.394106
v -15.627972 -6.555401 6.353196
v -12.825239 -4.008593 -0.349185
v -12.353619 -3.803002 -1.906671
v -11.100571 -4.161929 -7.412788
v -10.779068 -4.527723 -9.433407
v -11.821539 -3.803280 -3.922498
v -11.435610 -3.920041 -5.664112
v -10.404534 -5.002888 -11.978863
v -9.933464 -5.735523 -15.294015
v -9.511330 -6.598273 -18.400604
v -14.266846 -5.011956 3.530102
v -13.702531 -4.575997 2.171000
v -13.064348 -4.144465 0.384954
v -13.328169 -4.318738 1.162573
v -9.463966 -6.723332 -18.820385
v -9.453056 -6.767144 -18.949158
v -15.437974 -6.313522 5.961012
v -9.480321 -6.937072 -18.909332
v -15.606073 -6.746197 6.311840
v -15.578229 -6.723941 6.262246
v -12.814871 -4.246317 -0.429225
v -12.361064 -4.076274 -1.941332
v -11.122347 -4.428306 -7.387267
v -10.785161 -4.789423 -9.382799
v -11.818928 -4.081393 -3.924299
v -11.433682 -4.200075 -5.665421
v -10.414171 -5.268765 -11.893633
v -9.527398 -6.784513 -18.320570
v -9.484768 -6.909231 -18.772411
v -14.238706 -5.248595 3.422173
v -13.683105 -4.819416 2.094726
v -13.054350 -4.386786 0.319461
v -13.312213 -4.570019 1.090904
v -15.391676 -6.495401 5.873086
v -9.948701 -5.970208 -15.193885
v -17.530653 -2.404679 1.319881
v -17.890221 -2.306318 1.357863
v -17.391335 -2.152491 0.701521
v -17.403379 -2.222098 0.845172
v -17.779524 -2.037794 0.702372
v -21.340624 -1.358700 0.746551
v -19.524885 -1.576030 0.777881
v -21.844654 -1.641979 1.380983
v -21.813328 -1.562782 1.215296
v -19.648737 -1.864592 1.432528
v -21.447336 -1.655419 1.396826
v -21.723429 -1.343895 0.723491
v -21.750128 -1.402828 0.865113
v -17.473948 -2.370014 1.189649
v -17.639631 -2.569626 1.202738
v -17.660473 -2.734445 1.178429
v -17.955482 -2.650168 1.252784
v -17.934464 -2.485590 1.277004
v -17.546167 -2.312454 0.709376
v -17.566673 -2.477350 0.685173
v -17.537632 -2.552287 0.776939
v -17.517122 -2.387147 0.801188
v -17.840784 -2.246084 0.696843
v -17.861420 -2.410806 0.672678
v -21.348564 -1.550346 0.767632
v -21.368649 -1.716081 0.743141
v -19.567368 -1.925830 0.759320
v -19.546537 -1.761290 0.783746
v -21.729969 -1.812631 1.316203
v -21.750034 -1.978204 1.291611
v -21.756607 -1.899218 1.169206
v -21.736534 -1.733723 1.193778
v -19.679810 -2.032296 1.373764
v -19.697632 -2.197326 1.349166
v -21.448996 -1.990304 1.310713
v -21.452822 -1.823584 1.333779
v -21.630699 -1.541289 0.766237
v -21.650778 -1.706650 0.741716
v -21.661900 -1.578134 0.857411
v -21.681976 -1.743653 0.832884
v -17.602200 -2.700193 1.065628
v -17.581484 -2.535169 1.089946
v -17.543953 -2.587143 0.760367
v -17.572994 -2.512144 0.668609
v -17.867741 -2.445566 0.656113
v -17.890583 -2.495198 0.781674
v -19.573124 -1.960475 0.742695
v -21.374969 -1.751177 0.726532
v -21.379799 -1.798202 0.824191
v -19.592636 -2.003908 0.836606
v -21.657101 -1.741598 0.725107
v -21.688297 -1.778654 0.816267
v -21.762922 -1.934176 1.152591
v -21.756353 -2.013180 1.274995
v -21.447151 -2.025694 1.294621
v -21.432238 -1.958045 1.160312
v -19.703199 -2.232130 1.332547
v -19.668545 -2.158330 1.174323
v -17.961710 -2.684981 1.236218
v -17.931650 -2.624372 1.082203
v -17.666782 -2.769378 1.161852
v -17.608522 -2.735165 1.049048
v -17.925245 -2.432169 1.279831
v -17.630304 -2.516014 1.205581
v -17.507853 -2.333467 0.804011
v -17.536959 -2.258871 0.712178
v -17.831745 -2.192562 0.699636
v -19.537897 -1.708018 0.786637
v -21.339151 -1.496599 0.770510
v -21.727131 -1.680053 1.196698
v -21.720570 -1.758928 1.319138
v -21.443419 -1.769732 1.336700
v -19.672346 -1.978799 1.376729
v -21.621288 -1.487682 0.769129
v -21.665174 -1.508637 0.860940
v -17.572176 -2.481479 1.092785
v -26.039438 -4.643545 5.330659
v -25.108921 -4.595911 5.747949
v -25.046732 -4.596266 5.775468
v -25.836050 -4.603839 5.469906
v -25.773991 -4.607897 5.506310
v -15.602085 -6.771935 6.292962
v -15.658607 -6.734927 6.320065
v -15.654171 -6.760094 6.302304
v -15.917993 -6.569466 6.391430
v -15.935856 -6.604198 6.364916
v -15.986221 -6.533264 6.411798
v -16.008457 -6.567286 6.385426
v -16.468243 -6.304385 6.535529
v -16.487814 -6.335155 6.511724
v -16.541346 -6.269154 6.554792
v -16.563805 -6.297557 6.532447
v -25.044239 -4.575556 5.746911
v -24.934780 -3.230686 3.902246
v -24.777248 -2.994484 3.575078
v -24.272335 -2.903460 3.551108
v -20.101097 -3.073085 3.645312
v -18.360180 -3.431292 3.614106
v -15.708171 -4.168288 3.442840
v -15.503968 -4.554729 3.823586
v -16.388992 -5.975166 6.135237
v -22.484043 -2.872459 3.605791
v -21.876432 -2.890932 3.612045
v -17.780113 -3.567847 3.588924
v -16.095482 -4.016809 3.456739
v -16.519701 -6.220214 6.483990
v -25.023788 -4.287230 5.366735
v -17.784651 -2.945846 2.644809
v -18.140926 -2.832801 2.667226
v -17.663824 -2.667406 2.016698
v -17.650475 -2.736505 2.154522
v -18.019871 -2.558947 2.012181
v -21.577560 -1.974564 2.061769
v -19.774385 -2.166368 2.082325
v -22.097895 -2.282434 2.696588
v -22.066402 -2.198382 2.530157
v -19.897943 -2.474992 2.737227
v -21.692110 -2.292580 2.713735
v -21.976311 -1.957556 2.037509
v -22.003025 -2.023043 2.179179
v -17.725178 -2.895609 2.499000
v -17.893175 -3.111398 2.527572
v -17.913755 -3.273960 2.503284
v -18.205906 -3.203507 2.562600
v -18.185234 -3.040740 2.586834
v -17.816626 -2.833756 2.024357
v -17.837481 -2.996553 2.000090
v -17.784008 -3.068331 2.086158
v -17.763123 -2.905448 2.110438
v -18.066303 -2.761090 2.010381
v -18.087343 -2.924266 1.986147
v -21.601688 -2.167122 2.082730
v -21.621758 -2.332752 2.058151
v -19.818007 -2.517772 2.063493
v -19.797035 -2.352848 2.088011
v -21.983231 -2.450637 2.631908
v -22.003311 -2.615864 2.607371
v -22.009727 -2.533781 2.484297
v -21.989655 -2.368603 2.508845
v -19.932568 -2.643123 2.678407
v -19.950935 -2.807947 2.653851
v -21.718468 -2.625645 2.626208
v -21.698385 -2.460337 2.650737
v -21.883635 -2.157433 2.080475
v -21.903698 -2.322668 2.055883
v -21.914841 -2.198666 2.171679
v -21.934906 -2.363878 2.147093
v -17.852737 -3.224847 2.374924
v -17.832294 -3.062266 2.399233
v -17.790247 -3.102918 2.069589
v -17.843689 -3.031126 1.983529
v -18.093477 -2.958830 1.969587
v -18.119886 -3.011213 2.095119
v -19.823689 -2.552508 2.046863
v -21.628077 -2.367738 2.041528
v -21.632923 -2.418402 2.139296
v -19.843018 -2.598490 2.140664
v -21.910015 -2.357511 2.039261
v -21.941227 -2.398715 2.130477
v -22.016048 -2.568623 2.467672
v -22.009628 -2.650739 2.590741
v -21.724781 -2.660554 2.609578
v -21.697596 -2.589790 2.475945
v -19.956430 -2.842683 2.637210
v -19.918800 -2.764653 2.478538
v -18.212053 -3.238037 2.546031
v -18.181986 -3.172641 2.391822
v -17.920006 -3.308538 2.486713
v -17.858999 -3.259439 2.358351
v -18.176142 -2.987953 2.589662
v -17.883944 -3.058694 2.530424
v -17.753729 -2.852555 2.113290
v -17.807293 -2.780979 2.027194
v -18.057041 -2.708174 2.013209
v -19.788553 -2.299360 2.090958
v -21.592289 -2.113356 2.085656
v -21.980255 -2.314995 2.511773
v -21.973833 -2.397006 2.634828
v -21.688978 -2.406677 2.653643
v -19.924084 -2.589650 2.681337
v -21.874233 -2.103820 2.083410
v -21.916618 -2.141077 2.171158
v -17.823013 -3.009552 2.402081
v -15.749132 -3.357645 -12.993649
v -17.177387 -3.224048 -13.296828
v -26.221470 -1.908731 0.393689
v -26.247547 -2.274165 1.192122
v -25.128698 -1.537188 -8.450866
v -25.157108 -1.506331 -8.316832
v -26.233187 -2.826122 2.178666
v -26.183260 -3.554023 3.425688
v -25.725294 -0.971988 -4.498746
v -26.001415 -1.072082 -2.257065
v -26.113033 -4.421821 4.931971
v -26.084373 -4.643051 5.242376
v -25.333982 -1.258840 -7.295515
v -26.079914 -4.676327 5.280931
v -26.169176 -1.609739 -0.379081
v -25.509106 -1.076600 -6.249867
v -18.491959 -1.651226 -8.348508
v -20.585159 -1.338170 -8.353256
v -17.368549 -3.125735 -13.061258
v -18.016254 -2.213324 -10.249515
v -17.328747 -3.180265 -13.235288
v -23.110664 -1.263857 -8.449737
v -24.707142 -1.393243 -8.472775
v -24.775364 -1.399024 -8.477160
v -25.093014 -1.527214 -8.443148
v -17.307787 -3.208989 -13.326950
v -15.174709 -3.479213 -13.054844
v -15.512321 -3.386345 -12.943088
v -14.660245 -4.762441 -16.866781
v -14.483730 -4.674601 -16.513462
v -16.343529 -4.712050 -17.230984
v -16.212769 -4.715767 -17.202026
v -14.837912 -4.742566 -16.905710
v -14.522873 -4.608758 -16.304983
v -15.125268 -3.568575 -13.324760
v -15.607345 -6.083156 -20.501190
v -15.631791 -6.051244 -20.392597
v -16.323256 -4.737682 -17.321045
v -15.732907 -5.863650 -19.943428
v -16.283298 -4.790468 -17.498539
v -9.538738 -6.933749 -18.929962
v -9.748105 -6.804714 -19.055374
v -13.992986 -6.072150 -20.245701
v -15.508276 -6.095252 -20.483538
v -10.513277 -6.588775 -19.317806
v -12.775934 -6.337803 -19.901203
v -9.817723 -6.756576 -19.085783
v -13.320547 -6.132207 -20.094749
v -13.006969 -6.231321 -19.992937
v -9.484943 -6.965893 -18.902576
v -15.575382 -6.752525 6.245560
v -12.813107 -4.286494 -0.442812
v -12.362322 -4.122650 -1.947218
v -11.127785 -4.471926 -7.372103
v -10.787940 -4.830464 -9.366406
v -11.818483 -4.128575 -3.924612
v -11.433359 -4.247570 -5.665633
v -10.415808 -5.313855 -11.879176
v -9.530118 -6.816094 -18.306995
v -9.488295 -6.940760 -18.764282
v -14.233929 -5.288666 3.403863
v -13.679809 -4.860717 2.081784
v -13.052649 -4.427778 0.308338
v -13.309503 -4.612582 1.078739
v -15.389410 -6.526249 5.856923
v -9.951287 -6.010005 -15.176908
v -26.040113 -4.672164 5.310019
v -25.108475 -4.622066 5.727313
v -25.042679 -4.621783 5.756305
v -25.835815 -4.633125 5.449883
v -25.773758 -4.637182 5.486286
v -25.040150 -4.601721 5.727921
v -24.931393 -3.261533 3.886757
v -24.773752 -3.025528 3.559621
v -24.268837 -2.934566 3.535614
v -20.103142 -3.105276 3.628683
v -18.362160 -3.462898 3.597513
v -15.732616 -4.197982 3.421265
v -15.528401 -4.584487 3.801960
v -16.413403 -6.005192 6.113512
v -22.485966 -2.904891 3.589128
v -21.878355 -2.923397 3.595383
v -17.782093 -3.599501 3.572331
v -16.119926 -4.046672 3.435156
v -16.542131 -6.248055 6.458257
v -25.020372 -4.318562 5.351296
v -10.041563 -5.998049 -15.197238
v -9.620283 -6.804152 -18.327841
v -9.560674 -6.915775 -18.781050
v -9.778507 -6.798568 -18.920326
v -10.543677 -6.582634 -19.182766
v -12.805413 -6.333020 -19.770227
v -9.848125 -6.750429 -18.950733
v -15.534401 -6.078072 -20.367489
v -13.350812 -6.126257 -19.960308
v -14.023252 -6.066205 -20.111252
v -13.036707 -6.226164 -19.860840
v -16.180262 -4.794387 -17.475336
v -16.209564 -4.741596 -17.295450
v -15.637897 -5.867558 -19.921867
v -14.818876 -4.761293 -16.990295
v -14.611500 -4.782388 -16.930805
v -14.880540 -3.532326 -12.934052
v -15.460708 -3.373054 -12.831047
v -14.336739 -4.674601 -16.480371
v -14.375874 -4.608758 -16.271893
v -14.819405 -3.626629 -13.255905
v -17.198631 -3.202853 -13.202459
v -15.773502 -3.332853 -12.885391
v -17.244061 -3.156957 -13.033234
v -17.891768 -2.244545 -10.221498
v -18.389811 -1.680820 -8.204655
v -20.611250 -1.314627 -8.211851
v -23.142574 -1.239954 -8.307982
v -24.739105 -1.368950 -8.330813
v -24.807322 -1.374713 -8.335197
v -24.978203 -1.453405 -8.313320
v -25.998096 -1.606959 -0.340794
v -26.050365 -1.906152 0.431885
v -26.062382 -2.823020 2.216705
v -26.012815 -3.551310 3.463795
v -25.554302 -0.968425 -4.460072
v -25.832333 -1.068870 -2.219001
v -25.963600 -4.416755 4.971934
v -25.163000 -1.255195 -7.256805
v -25.937513 -4.583541 5.232417
v -25.933260 -4.610729 5.274878
v -26.077976 -2.293512 1.277716
v -25.325773 -1.072831 -6.208302
v -25.100910 -4.600616 5.694235
v -25.825798 -4.597169 5.405386
v -25.763741 -4.601227 5.441782
v -25.925659 -4.628789 5.315657
v -24.992146 -3.275550 3.873185
v -24.827559 -3.013120 3.513868
v -25.081186 -4.332789 5.337606
v -24.260376 -2.896306 3.469467
v -20.095249 -3.066698 3.562783
v -18.351837 -3.424853 3.531528
v -22.477274 -2.866433 3.523139
v -21.869673 -2.884906 3.529413
v -17.773052 -3.561907 3.506457
v -16.111263 -4.009957 3.369303
v -15.681631 -4.159375 3.344473
v -15.437954 -4.599123 3.778063
v -16.323599 -6.032173 6.092474
v -16.461857 -6.285231 6.440722
v -15.639671 -6.726088 6.237891
v -15.920928 -6.554988 6.298602
v -15.993527 -6.518076 6.319105
v -12.907843 -4.275872 -0.462547
v -12.457045 -4.111990 -1.966995
v -11.222179 -4.464286 -7.393353
v -10.882330 -4.822920 -9.387655
v -11.913084 -4.119010 -3.944924
v -11.527789 -4.239493 -5.686696
v -10.510107 -5.306244 -11.900405
v -14.328387 -5.280288 3.382922
v -13.774395 -4.851286 2.061407
v -13.404165 -4.602633 1.058698
v -13.147357 -4.417450 0.288505
v -15.487991 -6.503925 5.854273
v -24.697086 -1.830387 -10.835847
v -24.655804 -1.815487 -10.844916
v -24.646368 -1.846978 -10.948696
v -24.687325 -1.862617 -10.941431
v -17.903320 -1.878977 -10.704996
v -17.942335 -1.876067 -10.710474
v -17.976868 -1.848437 -10.590745
v -17.937101 -1.851381 -10.589588
v -19.407038 -1.702466 -10.658206
v -19.398170 -1.731474 -10.746094
v -21.101007 -1.639572 -10.789146
v -21.103662 -1.613191 -10.713011
v -24.390530 -1.739911 -10.930051
v -24.400812 -1.713180 -10.837915
v -24.331614 -1.701756 -10.841016
v -24.321280 -1.728550 -10.933403
v -17.735329 -2.110862 -11.462122
v -17.775358 -2.107957 -11.467221
v -19.312357 -1.876840 -11.134605
v -21.073366 -1.731901 -11.036055
v -22.865242 -1.765289 -11.256712
v -23.444645 -1.898982 -11.632954
v -23.624868 -1.648993 -10.888653
v -22.896626 -1.620437 -10.858885
v -24.170986 -2.060390 -11.913502
v -24.451399 -2.202775 -11.885428
v -24.464836 -2.182247 -11.829602
v -24.185772 -2.043128 -11.855824
v -24.690170 -1.933176 -10.917618
v -24.699862 -1.898775 -10.813933
v -24.489616 -2.216978 -11.875790
v -24.494541 -2.287205 -11.848478
v -24.508041 -2.267469 -11.794649
v -24.503263 -2.197075 -11.821512
v -23.637081 -1.625262 -10.808111
v -24.159407 -1.978870 -11.683750
v -24.230129 -1.991350 -11.682810
v -24.505157 -2.120658 -11.662110
v -24.544184 -2.137369 -11.658691
v -19.419436 -1.768592 -10.634561
v -18.729687 -1.816260 -10.613976
v -18.716955 -1.758686 -10.634918
v -24.317112 -1.771728 -10.816639
v -23.625921 -1.693866 -10.783180
v -22.902874 -1.594084 -10.776235
v -22.906929 -1.661838 -10.750584
v -21.109600 -1.680464 -10.688114
v -24.659466 -1.885757 -10.822819
v -24.386307 -1.783118 -10.813538
v -24.693138 -2.141230 -10.732501
v -24.683685 -2.183332 -10.829428
v -24.678698 -2.231446 -10.814216
v -24.688145 -2.189099 -10.717506
v -24.547356 -2.459687 -11.538894
v -24.543526 -2.508623 -11.519827
v -17.965916 -2.114488 -10.515774
v -18.005409 -2.112140 -10.517688
v -18.008606 -2.160475 -10.509012
v -17.969122 -2.162727 -10.507153
v -22.921307 -1.902060 -10.659647
v -23.586388 -1.937022 -10.694738
v -23.577682 -1.987014 -10.677706
v -22.920925 -1.953439 -10.641303
v -19.463390 -2.003037 -10.550696
v -21.130672 -1.918976 -10.599849
v -21.135252 -1.970836 -10.580662
v -19.472944 -2.054008 -10.532464
v -24.334887 -2.031080 -10.727129
v -24.655846 -2.134900 -10.740772
v -24.658329 -2.175491 -10.703028
v -24.323505 -2.100572 -10.711814
v -24.265696 -2.019810 -10.730202
v -24.254316 -2.089326 -10.714871
v -19.467245 -2.122281 -10.683912
v -18.785711 -2.162137 -10.675046
v -18.784691 -2.088448 -10.523016
v -24.247156 -2.139765 -10.815266
v -23.597450 -2.046811 -10.791432
v -22.936459 -2.018802 -10.770599
v -21.150837 -2.036127 -10.709805
v -24.546186 -2.210352 -10.821832
v -24.316349 -2.151011 -10.812202
v -24.492067 -2.585870 -11.728492
v -24.426044 -2.560574 -11.740651
v -24.427195 -2.542672 -11.685866
v -24.504929 -2.566557 -11.676321
v -18.716568 -1.784952 -10.737971
v -18.647591 -2.046254 -11.513008
v -17.983940 -1.911139 -10.570369
v -17.944883 -1.913954 -10.570349
v -18.774828 -2.020410 -10.539721
v -17.978863 -2.193377 -10.612141
v -17.939953 -2.195596 -10.606753
v -17.932671 -2.143500 -10.621193
v -17.901304 -1.943422 -10.689177
v -17.784866 -2.455303 -11.396690
v -17.745802 -2.457925 -11.393162
v -17.737991 -2.403232 -11.403871
v -17.732800 -2.173368 -11.448605
v -24.114515 -2.031603 -11.860292
v -24.508389 -2.517059 -11.695658
v -23.540058 -1.995181 -11.842425
v -23.342159 -1.918319 -11.657828
v -23.205114 -2.075521 -11.697162
v -23.299870 -2.135338 -11.825853
v -23.433262 -1.995066 -11.849176
v -22.855217 -1.972526 -11.413908
v -22.864491 -1.788544 -11.325683
v -21.070507 -1.758129 -11.113316
v -21.068588 -1.941492 -11.200373
v -19.311699 -1.902434 -11.209990
v -19.310848 -2.090378 -11.288822
v -18.432587 -2.133570 -11.751226
v -18.546768 -2.134218 -11.758327
v -18.591434 -2.117402 -11.710470
v -18.475748 -2.112360 -11.690616
v -18.728464 -2.059002 -11.553476
v -17.731182 -2.162799 -11.659065
v -17.690725 -2.166300 -11.656822
v -22.818916 -2.229900 -11.784462
v -20.968468 -2.311065 -11.726692
v -19.318964 -2.293510 -11.693423
v -18.872669 -2.220920 -11.593231
v -18.755325 -2.254653 -11.700396
v -24.548531 -2.208277 -11.633158
v -24.430649 -2.488969 -11.521521
v -17.688381 -2.230760 -11.642288
v -17.713816 -2.513420 -11.583199
v -17.705896 -2.459298 -11.596572
v -17.751772 -2.512762 -11.590511
v -17.677460 -2.247134 -11.707724
v -17.695198 -2.477982 -11.660803
v -17.703159 -2.531916 -11.646545
v -17.740738 -2.531916 -11.655117
v -17.732777 -2.477987 -11.669375
v -17.715044 -2.247139 -11.716296
v -17.720339 -2.178323 -11.723887
v -17.679737 -2.182026 -11.722595
v -23.556599 -2.020127 -11.906720
v -23.559372 -2.093864 -11.894397
v -24.102324 -2.122920 -11.906816
v -24.099550 -2.049183 -11.919140
v -24.173756 -2.134127 -11.901176
v -24.450956 -2.276511 -11.860394
v -23.448357 -2.016770 -11.907325
v -23.451130 -2.090508 -11.895001
v -18.435360 -2.207307 -11.738903
v -18.549541 -2.207956 -11.746004
v -18.716211 -2.265894 -11.736118
v -18.718985 -2.339631 -11.723795
v -19.322605 -2.389009 -11.724449
v -19.319832 -2.315272 -11.736766
v -20.960379 -2.341547 -11.769558
v -20.963160 -2.415285 -11.757229
v -22.817724 -2.331747 -11.812620
v -22.814951 -2.258015 -11.824944
v -23.316179 -2.151395 -11.863119
v -23.318954 -2.225132 -11.850788
v -23.573078 -2.329730 -11.833516
v -24.116030 -2.358781 -11.845936
v -24.187462 -2.369989 -11.840296
v -24.448948 -2.512378 -11.773656
v -24.495398 -2.536185 -11.747920
v -23.464836 -2.326374 -11.834121
v -18.447329 -2.443173 -11.685741
v -18.561922 -2.443817 -11.690983
v -18.725367 -2.449469 -11.695446
v -19.325577 -2.440148 -11.711246
v -20.966124 -2.466424 -11.744032
v -22.820698 -2.382891 -11.799418
v -23.325336 -2.334969 -11.822439
v -23.575581 -2.380682 -11.822401
v -24.118528 -2.409739 -11.834812
v -24.189960 -2.420941 -11.829180
v -23.467339 -2.377326 -11.823006
v -18.451569 -2.494126 -11.666906
v -18.565744 -2.494774 -11.674006
v -18.727869 -2.500426 -11.684330
v -19.328075 -2.491101 -11.700130
v -20.968626 -2.517376 -11.732917
v -22.823196 -2.433844 -11.788301
v -23.327839 -2.385921 -11.811324
v -18.067648 -3.329719 3.746307
v -19.900803 -2.987079 3.797020
v -20.015800 -3.304826 4.190241
v -18.182777 -3.629320 4.136111
v -23.470566 -2.746834 3.767172
v -24.457615 -2.796855 3.746442
v -24.517677 -3.102256 4.155327
v -23.558712 -3.062478 4.172273
v -21.692167 -2.764510 3.825313
v -21.792269 -3.093464 4.224561
v -15.506073 -4.380649 4.053230
v -15.674722 -3.998235 3.640142
v -15.956438 -3.863808 3.598908
v -16.085390 -4.157109 4.039007
v -24.729229 -2.845718 3.771020
v -24.897114 -3.155686 4.162767
v -24.947390 -4.147309 5.523485
v -24.670879 -4.194468 5.621947
v -23.880394 -4.398296 5.841748
v -22.242004 -4.677086 6.122725
v -20.561119 -4.953811 6.268287
v -18.808712 -5.242373 6.287327
v -16.826298 -5.514656 6.126885
v -16.292538 -5.606832 6.038519
v -24.995455 -4.580982 6.002859
v -24.757690 -4.876233 6.366864
v -24.069290 -5.233130 6.659493
v -22.458405 -5.635782 6.968983
v -20.761679 -5.812235 7.059711
v -19.015377 -5.950706 7.010857
v -17.078869 -6.000381 6.755298
v -16.490250 -6.059986 6.657365
v -16.208656 -5.639868 6.043486
v -16.424442 -6.124393 6.712915
v -16.397387 -6.272765 6.591766
v -16.181778 -5.787933 5.922730
v -24.789049 -4.928457 6.427023
v -25.088718 -4.646499 6.035052
v -25.061485 -4.790073 5.914469
v -24.762789 -5.072892 6.303169
v -24.987583 -3.155600 4.155469
v -24.814857 -2.803539 3.706899
v -24.786892 -2.946787 3.585803
v -24.959560 -3.295919 4.034319
v -15.937114 -3.816371 3.531175
v -15.566976 -3.979859 3.568041
v -15.540065 -4.125081 3.447931
v -15.910070 -3.961338 3.411043
v -22.464634 -5.692785 7.015159
v -24.083710 -5.292177 6.725064
v -24.058302 -5.437246 6.599255
v -22.440832 -5.836710 6.893524
v -19.021774 -6.003420 7.077243
v -20.766159 -5.866938 7.105657
v -20.744583 -6.000813 6.983625
v -18.997208 -6.149228 6.956074
v -17.079226 -6.052759 6.822924
v -17.052044 -6.200612 6.701861
v -21.683205 -2.713745 3.760637
v -19.887917 -2.935877 3.732170
v -19.867388 -3.079668 3.610414
v -21.656561 -2.857348 3.639334
v -23.468204 -2.697264 3.701259
v -23.440435 -2.840782 3.580104
v -24.464207 -2.748524 3.679580
v -24.436283 -2.891825 3.558475
v -18.050991 -3.280270 3.681059
v -18.026480 -3.423571 3.559997
v -25.038013 -4.150790 5.513576
v -25.012016 -4.281986 5.398510
v -15.422627 -4.410958 4.056438
v -15.396187 -4.557169 3.936209
v -16.447498 -7.997404 -14.758373
v -16.446205 -7.970744 -14.758105
v -16.123648 -7.472012 -16.258753
v -16.121647 -7.493582 -16.274351
v -16.460258 -7.970788 -14.761095
v -16.137695 -7.472045 -16.261772
v -16.768763 -7.472007 -13.257450
v -16.773352 -7.493576 -13.242403
v -16.747791 -8.929175 -18.688011
v -16.466318 -8.435787 -18.643423
v -15.906023 -8.435787 -18.539888
v -15.627203 -8.929175 -18.480915
v -15.908677 -9.422569 -18.525496
v -16.468975 -9.422569 -18.629038
vn -0.0219 -0.9232 0.3837
vn 0.0377 -0.9065 0.4205
vn -0.6940 -0.6933 0.1943
vn -0.6763 -0.7288 0.1071
vn -0.9806 -0.1345 -0.1427
vn -0.9642 -0.1259 -0.2332
vn -0.9790 -0.1084 -0.1728
vn -0.9644 -0.0876 -0.2497
vn -0.8209 0.3999 -0.4078
vn -0.8676 0.3547 -0.3486
vn -0.4246 0.7964 -0.4307
vn -0.3461 0.8218 -0.4525
vn -0.1834 0.8924 -0.4122
vn -0.1563 0.8891 -0.4302
vn -0.0325 0.9204 -0.3896
vn -0.0472 0.9116 -0.4083
vn -0.0383 0.9197 -0.3906
vn -0.0321 0.9145 -0.4034
vn -0.0395 0.9192 -0.3918
vn -0.0270 0.9152 -0.4022
vn 0.2744 0.9093 -0.3128
vn 0.2100 0.9182 -0.3360
vn 0.4205 0.8703 -0.2565
vn 0.3460 0.8953 -0.2804
vn 0.1816 0.9247 -0.3346
vn 0.1656 0.9260 -0.3393
vn 0.0244 0.9262 -0.3763
vn 0.0236 0.9259 -0.3770
vn -0.0633 0.9192 -0.3888
vn -0.1053 0.9115 -0.3975
vn -0.3293 0.8505 -0.4101
vn -0.3610 0.8331 -0.4190
vn -0.3219 0.8558 -0.4049
vn -0.3200 0.8517 -0.4150
vn -0.0418 0.9279 -0.3705
vn -0.0393 0.9243 -0.3797
vn 0.0309 0.9351 -0.3530
vn 0.0204 0.9301 -0.3668
vn 0.0809 0.9370 -0.3399
vn 0.0676 0.9326 -0.3544
vn 0.7850 0.6161 -0.0647
vn 0.7769 0.6255 -0.0724
vn 0.9665 -0.0847 0.2423
vn 0.9657 -0.0764 0.2482
vn 0.9615 -0.0983 0.2567
vn 0.9634 -0.1032 0.2473
vn 0.5857 -0.7086 0.3936
vn 0.5760 -0.7083 0.4080
vn -0.0564 -0.9402 0.3360
vn -0.0973 -0.9343 0.3430
vn -0.1098 -0.9097 -0.4005
vn -0.0280 -0.9374 0.3470
vn -0.6696 -0.7384 0.0805
vn -0.5451 -0.7961 -0.2629
vn -0.9542 -0.1303 -0.2694
vn -0.6591 -0.3209 -0.6802
vn -0.9534 -0.0803 -0.2909
vn -0.6618 -0.2506 -0.7066
vn -0.6211 0.1900 -0.7603
vn -0.7844 0.4227 -0.4538
vn -0.2947 0.8347 -0.4653
vn -0.2503 0.3383 -0.9071
vn -0.1524 0.8854 -0.4392
vn -0.1223 0.3771 -0.9181
vn -0.0719 0.9047 -0.4199
vn -0.0528 0.3993 -0.9153
vn -0.0253 0.9131 -0.4070
vn 0.0054 0.4023 -0.9155
vn -0.0150 0.9145 -0.4043
vn 0.0243 0.3892 -0.9208
vn 0.1302 0.9251 -0.3566
vn 0.1133 0.4376 -0.8920
vn 0.2313 0.9208 -0.3139
vn 0.1550 0.4144 -0.8968
vn 0.1284 0.9296 -0.3455
vn 0.0789 0.3946 -0.9155
vn 0.0047 0.9280 -0.3726
vn 0.0288 0.3950 -0.9182
vn -0.1308 0.9125 -0.3875
vn -0.0101 0.3757 -0.9267
vn -0.3483 0.8439 -0.4080
vn -0.1986 0.3387 -0.9197
vn -0.2913 0.8661 -0.4063
vn -0.1414 0.3869 -0.9112
vn -0.0440 0.9261 -0.3747
vn 0.0180 0.4250 -0.9050
vn 0.0137 0.9317 -0.3631
vn 0.0635 0.3937 -0.9171
vn 0.0393 0.9328 -0.3581
vn 0.0631 0.4292 -0.9010
vn 0.7543 0.6509 -0.0854
vn 0.6793 0.3064 -0.6669
vn 0.9713 -0.0393 0.2345
vn 0.7858 -0.2882 -0.5473
vn 0.7949 -0.3296 -0.5094
vn 0.9675 -0.0639 0.2445
vn 0.6097 -0.6805 0.4064
vn 0.6062 -0.7675 -0.2086
vn -0.0298 -0.9403 0.3392
vn 0.0711 -0.9199 -0.3857
vn 0.1041 -0.3883 -0.9156
vn 0.0816 -0.3599 -0.9294
vn -0.1469 -0.3770 -0.9145
vn -0.1302 -0.3434 -0.9301
vn -0.0439 -0.3323 -0.9421
vn -0.0022 -0.3277 -0.9448
vn 0.0261 -0.3328 -0.9426
vn 0.0507 -0.3386 -0.9396
vn 0.0652 -0.3479 -0.9353
vn 0.0358 -0.3501 -0.9360
vn 0.0138 -0.3307 -0.9436
vn 0.0541 -0.3183 -0.9464
vn 0.1101 -0.3230 -0.9400
vn 0.0694 -0.3376 -0.9387
vn 0.0532 -0.3604 -0.9313
vn 0.0768 -0.3710 -0.9255
vn 0.0716 -0.3656 -0.9280
vn -0.0606 -0.3456 -0.9364
vn -0.0184 -0.8912 -0.4533
vn -0.0051 -0.3343 -0.9425
vn 0.0375 -0.8890 -0.4563
vn 0.0304 -0.3381 -0.9406
vn 0.0551 -0.8846 -0.4630
vn 0.0538 -0.3417 -0.9383
vn 0.0634 -0.8898 -0.4520
vn 0.0783 -0.3472 -0.9345
vn 0.0581 -0.8802 -0.4711
vn 0.0419 -0.3473 -0.9368
vn 0.0130 -0.8984 -0.4389
vn 0.0077 -0.3362 -0.9417
vn -0.0196 -0.8814 -0.4720
vn 0.0544 -0.3321 -0.9417
vn 0.0499 -0.8944 -0.4445
vn 0.1127 -0.3356 -0.9352
vn 0.1682 -0.8872 -0.4296
vn 0.0831 -0.3411 -0.9363
vn 0.1984 -0.8869 -0.4171
vn 0.0671 -0.3529 -0.9333
vn 0.1445 -0.8742 -0.4635
vn 0.0763 -0.3590 -0.9302
vn 0.0881 -0.8866 -0.4540
vn 0.0707 -0.3688 -0.9268
vn 0.0500 -0.8950 -0.4432
vn 0.0458 -0.9552 0.2923
vn 0.0610 -0.9586 0.2782
vn 0.0539 -0.9594 0.2768
vn 0.0378 -0.9611 0.2736
vn 0.0072 -0.9636 0.2674
vn -0.0263 -0.9652 0.2603
vn -0.0312 -0.9653 0.2593
vn 0.0092 -0.9634 0.2678
vn 0.1281 -0.9483 0.2904
vn 0.1888 -0.9349 0.3004
vn 0.1530 -0.9433 0.2947
vn 0.0614 -0.9585 0.2782
vn 0.0021 -0.9588 0.2842
vn -0.7390 -0.3923 0.5477
vn -0.2076 -0.3642 0.9079
vn -0.3516 0.3458 0.8699
vn -0.9282 0.0580 0.3676
vn -0.2871 0.3737 0.8820
vn -0.9102 0.1155 0.3978
vn 0.6585 0.6907 0.2988
vn 0.1711 0.8657 0.4705
vn 0.1267 0.3355 0.9335
vn 0.7221 0.1327 0.6789
vn 0.7011 0.1443 0.6983
vn 0.0921 0.3650 0.9264
vn 0.0384 -0.3773 0.9253
vn 0.4782 -0.3869 0.7885
vn -0.4606 0.8205 0.3387
vn -0.0280 0.4074 0.9128
vn -0.1700 0.9311 0.3226
vn -0.0017 0.4076 0.9131
vn -0.0210 0.9329 0.3595
vn -0.0131 0.4100 0.9120
vn -0.0360 0.9280 0.3709
vn -0.0182 0.4101 0.9119
vn -0.0449 0.9318 0.3602
vn -0.0121 0.4105 0.9118
vn 0.1820 0.9289 0.3225
vn 0.0007 0.4100 0.9121
vn 0.2858 0.8210 0.4941
vn -0.0024 0.4064 0.9137
vn 0.1253 0.8956 0.4269
vn -0.0096 0.4051 0.9142
vn 0.0117 0.9231 0.3843
vn -0.0212 0.4106 0.9116
vn -0.0463 0.9304 0.3637
vn -0.0825 0.4067 0.9098
vn -0.2595 0.8701 0.4189
vn -0.1341 0.3945 0.9090
vn -0.3308 0.8951 0.2989
vn -0.0732 0.3842 0.9203
vn -0.0829 0.9174 0.3892
vn -0.0151 0.3713 0.9284
vn 0.0092 0.9172 0.3984
vn 0.0998 -0.3268 0.9398
vn -0.0440 0.4161 0.9082
vn 0.0549 -0.3386 0.9393
vn -0.0173 0.4250 0.9050
vn 0.0187 -0.3739 0.9273
vn -0.0137 0.4275 0.9039
vn 0.0210 -0.3722 0.9279
vn -0.0185 0.4276 0.9038
vn -0.0134 -0.3570 0.9340
vn -0.0152 0.4273 0.9040
vn -0.0964 -0.3548 0.9300
vn 0.0015 0.4212 0.9070
vn -0.1298 -0.4195 0.8984
vn 0.0013 0.4045 0.9145
vn -0.0283 -0.4031 0.9147
vn -0.0105 0.4027 0.9153
vn 0.0152 -0.3512 0.9362
vn -0.0244 0.4332 0.9010
vn 0.0198 -0.3560 0.9343
vn -0.0732 0.4447 0.8927
vn 0.0076 -0.3554 0.9347
vn -0.1192 0.4228 0.8983
vn -0.0165 -0.3447 0.9386
vn -0.0732 0.4074 0.9103
vn -0.0063 -0.3812 0.9245
vn -0.0106 0.3958 0.9183
vn -0.8616 0.4687 0.1949
vn 0.1927 -0.9006 0.3897
vn 0.0893 -0.9332 0.3482
vn 0.0423 -0.9395 0.3398
vn 0.0444 -0.9388 0.3416
vn -0.0098 -0.9430 0.3327
vn -0.1594 -0.9412 0.2978
vn -0.1529 -0.9387 0.3090
vn -0.0126 -0.9351 0.3541
vn 0.0482 -0.9308 0.3623
vn 0.0969 -0.9286 0.3582
vn 0.1210 -0.9271 0.3546
vn 0.0514 -0.9384 0.3417
vn 0.0016 -0.9426 0.3339
vn -0.9305 0.2068 -0.3023
vn -0.9296 0.2535 -0.2677
vn -0.9295 0.1834 -0.3200
vn -0.9308 0.1482 -0.3342
vn -0.9685 -0.0919 0.2316
vn -0.9653 -0.0929 0.2441
vn -0.9795 -0.0725 0.1877
vn -0.9778 -0.0636 0.1997
vn -0.9581 0.2636 -0.1125
vn -0.9313 0.3284 -0.1576
vn -0.9257 0.3147 -0.2100
vn -0.9358 0.2631 -0.2346
vn -0.5911 -0.0850 -0.8021
vn -0.5893 -0.0386 -0.8070
vn -0.9594 -0.0057 -0.2820
vn -0.9548 -0.0912 -0.2829
vn -0.9495 0.3084 -0.0576
vn -0.9397 0.2968 -0.1702
vn -0.9683 -0.0214 -0.2487
vn -0.9464 -0.1458 -0.2882
vn -0.9518 -0.1175 -0.2834
vn -0.9531 -0.0042 -0.3025
vn -0.3368 -0.3668 0.8672
vn -0.3521 -0.4021 0.8452
vn -0.9217 0.2783 -0.2701
vn -0.9308 0.2758 -0.2401
vn -0.5667 0.0307 -0.8234
vn -0.5879 0.0384 -0.8080
vn -0.9369 0.1177 -0.3292
vn -0.9468 0.1287 -0.2949
vn -0.9661 -0.1996 -0.1635
vn -0.9641 -0.2003 -0.1743
vn -0.9601 -0.2192 -0.1737
vn -0.9580 -0.2355 -0.1639
vn -0.5548 -0.0681 -0.8292
vn -0.4527 -0.6320 -0.6290
vn -0.6260 -0.7526 -0.2043
vn -0.9390 -0.0522 -0.3400
vn -0.9400 -0.0294 -0.3400
vn -0.6535 -0.7196 -0.2348
vn -0.6688 -0.7080 -0.2268
vn -0.9470 -0.0062 -0.3213
vn -0.6996 -0.6926 -0.1757
vn -0.9694 -0.0027 -0.2456
vn -0.7233 -0.6877 -0.0615
vn -0.9966 -0.0050 -0.0820
vn -0.9995 0.0062 0.0321
vn -0.9967 -0.0075 -0.0809
vn -0.9990 -0.0131 0.0421
vn -0.9957 -0.0421 0.0822
vn -0.9967 -0.0343 0.0739
vn -0.9884 -0.0546 0.1417
vn -0.9866 -0.0505 0.1553
vn -0.9400 -0.1002 -0.3262
vn -0.9180 0.1074 -0.3817
vn -0.9237 0.1025 -0.3691
vn -0.9496 -0.0896 -0.3004
vn -0.9261 0.0846 -0.3677
vn -0.9495 -0.0806 -0.3033
vn -0.9985 -0.0012 0.0552
vn -0.9981 0.0518 0.0342
vn -0.9943 -0.0257 0.1033
vn -0.9912 -0.0465 0.1243
vn -0.9552 -0.1589 -0.2495
vn -0.9684 -0.1565 -0.1942
vn -0.9791 -0.0361 -0.2001
vn -0.9866 -0.0323 -0.1599
vn -0.9679 -0.1624 -0.1918
vn -0.6617 -0.2731 0.6983
vn -0.6489 -0.2592 0.7154
vn -0.9196 -0.0742 0.3858
vn -0.9396 -0.0694 0.3351
vn -0.9603 -0.0998 0.2604
vn -0.9458 -0.0952 0.3106
vn -0.9832 -0.0599 0.1724
vn -0.9864 -0.0448 0.1581
vn -0.4391 -0.3768 0.8156
vn -0.4490 -0.4176 0.7900
vn -0.8809 0.2669 -0.3908
vn -0.8773 0.2837 -0.3871
vn -0.3994 -0.3718 0.8380
vn -0.4056 -0.3956 0.8240
vn -0.9066 0.2537 -0.3373
vn -0.9097 0.2707 -0.3149
vn -0.9100 -0.0624 0.4098
vn -0.9047 -0.0535 0.4226
vn -0.8860 -0.0492 0.4610
vn -0.8931 -0.0566 0.4464
vn -0.7117 -0.7018 0.0312
vn -0.6940 -0.7111 0.1127
vn -0.6771 -0.7227 0.1388
vn -0.6578 -0.7377 0.1523
vn -0.6565 -0.7370 0.1607
vn -0.7162 -0.6779 0.1660
vn -0.9619 -0.0678 0.2649
vn -0.7986 -0.0424 0.6004
vn -0.8762 0.0862 0.4742
vn -0.8596 0.0206 0.5105
vn -0.8485 0.0022 0.5291
vn -0.8999 0.0491 0.4332
vn -0.9254 0.1085 0.3631
vn -0.9228 0.0508 0.3819
vn -0.9554 0.0336 0.2934
vn -0.9754 0.2119 0.0607
vn -0.9842 0.1751 -0.0266
vn -0.9948 -0.0261 -0.0981
vn -0.9999 0.0161 0.0029
vn -0.9694 -0.0014 -0.2456
vn -0.9470 -0.0040 -0.3211
vn -0.9404 -0.0042 -0.3400
vn -0.9356 -0.0024 -0.3530
vn -0.7034 -0.7066 0.0770
vn -0.9534 0.2890 -0.0868
vn -0.9730 0.1807 -0.1439
vn -0.9723 0.0250 -0.2322
vn -0.9939 0.0133 -0.1096
vn -0.9952 -0.0700 -0.0690
vn -0.9672 -0.1505 -0.2045
vn -0.9932 0.0118 0.1158
vn -0.9713 0.1710 0.1656
vn -0.9714 -0.1628 -0.1730
vn -0.9420 -0.1471 -0.3015
vn -0.7684 0.6367 -0.0643
vn -0.9058 0.2980 -0.3012
vn -0.3914 -0.4946 0.7760
vn -0.2659 0.2876 0.9201
vn -0.7511 0.6536 -0.0930
vn -0.8899 0.2824 -0.3583
vn -0.4216 -0.4845 0.7665
vn -0.3293 0.2837 0.9006
vn -0.7410 0.6497 -0.1699
vn -0.8696 0.2670 -0.4153
vn -0.4762 -0.4819 0.7355
vn -0.3879 0.2959 0.8729
vn -0.6250 -0.2352 0.7443
vn -0.6047 -0.2038 0.7699
vn -0.8639 -0.0412 0.5020
vn -0.9428 0.2308 -0.2406
vn -0.3301 -0.4043 0.8530
vn -0.9283 0.2382 -0.2856
vn -0.3884 -0.3973 0.8314
vn -0.8085 0.3018 -0.5052
vn -0.4400 -0.3915 0.8082
vn -0.9947 -0.0230 0.1005
vn -0.9847 -0.0157 0.1736
vn -0.9928 -0.1116 -0.0443
vn -0.9922 -0.1093 -0.0603
vn -0.9719 -0.0589 0.2277
vn -0.9798 -0.0702 0.1871
vn -0.9798 -0.0676 0.1885
vn -0.9643 -0.0569 0.2588
vn -0.9784 -0.0868 0.1876
vn -0.9792 -0.0635 0.1928
vn -0.9789 -0.1068 0.1743
vn -0.9874 -0.0555 0.1482
vn -0.9770 -0.0919 0.1926
vn -0.9830 -0.0897 0.1603
vn -0.9690 -0.0545 0.2409
vn -0.9576 -0.0443 0.2846
vn -0.9626 -0.0388 0.2682
vn -0.9716 -0.0608 0.2286
vn -0.9484 -0.0276 0.3158
vn -0.9484 -0.0552 0.3124
vn -0.9487 -0.0064 0.3161
vn -0.9349 0.0063 0.3549
vn -0.9628 -0.0317 0.2684
vn -0.9558 -0.0628 0.2873
vn -0.9717 -0.1194 0.2039
vn -0.9705 -0.1090 0.2150
vn -0.9713 -0.0978 0.2167
vn -0.9606 -0.0857 0.2643
vn -0.9671 -0.0807 0.2412
vn -0.9480 -0.0564 0.3132
vn -0.9237 -0.0511 0.3798
vn -0.9331 -0.0497 0.3563
vn -0.9565 -0.0548 0.2866
vn -0.9042 -0.0507 0.4241
vn -0.8929 -0.0877 0.4416
vn -0.9354 0.0553 0.3493
vn -0.8900 0.0247 0.4553
vn -0.9566 -0.0390 0.2886
vn -0.9580 -0.0335 0.2847
vn -0.9696 -0.0444 0.2406
vn -0.9297 -0.0209 0.3677
vn -0.9307 -0.0449 0.3630
vn -0.8714 -0.0560 0.4873
vn -0.9057 -0.0519 0.4208
vn -0.9073 0.0163 0.4201
vn -0.8842 0.0070 0.4671
vn -0.9185 -0.0476 0.3925
vn -0.9157 -0.0485 0.3989
vn -0.9412 -0.0558 0.3332
vn -0.9524 -0.1180 0.2811
vn -0.9513 -0.1015 0.2912
vn -0.9466 -0.1238 0.2978
vn -0.9252 -0.0923 0.3680
vn -0.9386 -0.0997 0.3302
vn -0.6518 -0.1584 0.7417
vn -0.8047 -0.4087 -0.4306
vn -0.3258 -0.7838 0.5288
vn -0.7917 -0.3830 -0.4759
vn -0.3319 -0.7910 0.5140
vn -0.7570 -0.4317 -0.4905
vn -0.4005 -0.7763 0.4868
vn -0.6360 -0.2479 0.7308
vn -0.9786 0.0338 0.2028
vn -0.9617 0.1319 0.2402
vn -0.5459 -0.0348 -0.8372
vn -0.9802 -0.1428 -0.1370
vn -0.7444 0.5196 -0.4193
vn -0.5811 0.7066 -0.4038
vn -0.5611 0.6751 -0.4789
vn -0.7590 0.4611 -0.4598
vn -0.8526 0.5218 0.0285
vn -0.7055 0.7070 0.0492
vn -0.6177 0.7791 -0.1066
vn -0.7695 0.6282 -0.1150
vn -0.7235 0.6328 -0.2760
vn -0.5983 0.7569 -0.2630
vn -0.5921 0.7272 -0.3473
vn -0.7039 0.6211 -0.3446
vn 0.9147 0.3914 0.1009
vn 0.8945 0.4444 0.0479
vn 0.6646 0.7343 -0.1386
vn 0.7212 0.6885 -0.0768
vn 0.9058 0.4233 0.0197
vn 0.6917 0.7220 -0.0166
vn 0.6502 0.7580 -0.0513
vn 0.8787 0.4771 -0.0188
vn 0.8532 0.4618 -0.2425
vn 0.6034 0.7662 -0.2211
vn 0.4386 0.8064 -0.3965
vn 0.6628 0.3928 -0.6375
vn 0.1374 0.9475 -0.2888
vn 0.1290 0.9499 -0.2846
vn 0.1617 0.8750 -0.4564
vn 0.1869 0.8748 -0.4470
vn 0.2227 0.4144 -0.8824
vn 0.1725 0.8684 -0.4649
vn 0.1707 0.4062 -0.8977
vn 0.2939 0.8973 -0.3293
vn 0.2727 0.8940 -0.3556
vn 0.2134 0.8286 -0.5176
vn 0.2434 0.8350 -0.4936
vn -0.1148 0.3657 -0.9236
vn 0.1234 0.7916 -0.5985
vn -0.1673 0.7355 -0.6566
vn -0.3866 0.3205 -0.8648
vn -0.5566 0.6986 -0.4496
vn -0.7742 0.3581 -0.5218
vn -0.6506 0.7176 -0.2487
vn -0.8758 0.4051 -0.2623
vn -0.5746 0.7772 -0.2567
vn -0.8583 0.4470 -0.2520
vn -0.4932 0.8230 -0.2818
vn -0.8302 0.4975 -0.2515
vn -0.4481 0.8360 -0.3167
vn -0.8136 0.5098 -0.2795
vn -0.3302 0.8700 -0.3661
vn -0.1725 0.9222 -0.3462
vn -0.0724 0.9087 -0.4111
vn -0.2045 0.8767 -0.4354
vn -0.5052 0.8565 -0.1058
vn -0.4226 0.9008 -0.0996
vn -0.3210 0.9197 -0.2261
vn -0.4531 0.8559 -0.2492
vn -0.3334 0.4003 -0.8536
vn -0.5258 0.2313 -0.8186
vn -0.7756 0.4254 -0.4662
vn -0.5529 0.6688 -0.4970
vn -0.8727 0.4680 0.1392
vn -0.7726 0.6111 0.1720
vn -0.8549 0.4601 0.2398
vn -0.7917 -0.1889 0.5809
vn -0.6329 0.3172 0.7062
vn -0.6738 0.3742 0.6372
vn -0.2537 0.6294 0.7345
vn -0.2476 0.5585 0.7917
vn -0.0363 0.5202 0.8533
vn -0.0308 0.5815 0.8130
vn 0.8136 0.1021 0.5723
vn 0.8453 0.1051 0.5239
vn 0.8035 0.2425 0.5437
vn 0.7836 0.2186 0.5816
vn 0.7648 0.4046 0.5014
vn 0.8020 0.3158 0.5070
vn 0.8597 0.3100 0.4059
vn 0.8202 0.4073 0.4017
vn 0.9124 0.3154 0.2607
vn 0.8705 0.4255 0.2475
vn 0.9293 0.3343 0.1568
vn 0.8733 0.4698 0.1290
vn 0.9390 0.3289 0.1006
vn 0.8877 0.4551 0.0702
vn 0.9488 0.3128 0.0438
vn 0.9084 0.4180 0.0088
vn 0.9450 0.3249 0.0374
vn 0.9106 0.4132 0.0050
vn 0.2950 0.8434 0.4490
vn 0.3220 0.8867 0.3319
vn 0.2439 0.9099 0.3357
vn 0.2155 0.8591 0.4642
vn 0.1017 -0.3382 0.9355
vn 0.3022 -0.2935 0.9070
vn 0.3075 0.1591 0.9381
vn 0.1255 0.1677 0.9778
vn 0.1601 0.9308 0.3287
vn 0.1348 0.8700 0.4743
vn -0.1754 -0.3285 0.9281
vn -0.0322 -0.3465 0.9375
vn 0.0035 0.1820 0.9833
vn -0.0955 0.2200 0.9708
vn 0.0576 0.5416 -0.8387
vn 0.0114 0.5196 -0.8543
vn -0.0398 0.9051 -0.4233
vn 0.0991 0.9180 -0.3840
vn -0.0337 0.9942 -0.1022
vn -0.3437 0.9322 -0.1135
vn -0.4394 0.8980 -0.0231
vn -0.1740 0.9824 -0.0682
vn -0.5082 0.8542 0.1101
vn -0.5867 0.7967 0.1451
vn -0.5731 0.7849 0.2355
vn -0.4562 0.8648 0.2097
vn -0.0481 0.8970 0.4395
vn 0.0006 0.9539 0.3001
vn -0.0690 0.9583 0.2774
vn -0.1662 0.9030 0.3962
vn 0.0519 0.8835 0.4655
vn 0.0768 0.9458 0.3155
vn 0.3771 0.8722 0.3115
vn 0.3746 0.8292 0.4148
vn 0.4400 0.8157 0.3754
vn 0.4158 0.8661 0.2773
vn 0.4450 0.8621 0.2424
vn 0.4866 0.8104 0.3263
vn 0.5149 0.8245 0.2347
vn 0.4860 0.8562 0.1754
vn 0.4694 0.8793 0.0803
vn 0.2398 0.9681 -0.0724
vn 0.3932 0.9190 -0.0291
vn 0.0258 0.9918 -0.1254
vn 0.3736 0.9220 -0.1017
vn -0.0525 0.9797 -0.1933
vn 0.3632 0.9133 -0.1843
vn -0.0174 0.9671 -0.2539
vn 0.3620 0.9077 -0.2120
vn 0.0804 0.9606 -0.2661
vn 0.5276 0.8354 -0.1540
vn 0.7054 0.7056 -0.0667
vn 0.5036 0.8387 -0.2075
vn 0.4779 0.8771 -0.0488
vn 0.7146 0.6990 -0.0258
vn 0.5207 0.8494 -0.0864
vn 0.2650 0.9127 -0.3109
vn 0.2182 0.8424 -0.4928
vn 0.1951 0.8468 -0.4949
vn 0.2234 0.9230 -0.3133
vn 0.1872 0.8554 -0.4830
vn 0.1862 0.9352 -0.3012
vn 0.4106 0.4162 -0.8113
vn 0.4834 0.4012 -0.7780
vn 0.2913 0.8552 -0.4287
vn 0.2349 0.8730 -0.4274
vn -0.2329 0.9428 0.2385
vn -0.3820 0.8852 0.2654
vn -0.2925 0.8954 0.3358
vn -0.1396 0.9564 0.2565
vn -0.7324 0.5871 0.3447
vn -0.8359 0.4437 0.3231
vn -0.7791 0.4442 0.4424
vn -0.6443 0.6170 0.4519
vn 0.0229 0.4260 -0.9044
vn 0.0485 0.4199 -0.9063
vn 0.3060 0.5248 0.7943
vn 0.2775 0.4591 0.8440
vn 0.4212 0.4562 0.7839
vn -0.5231 0.7905 0.3186
vn -0.4226 0.8000 0.4259
vn -0.2860 0.8158 0.5027
vn -0.0991 0.8217 0.5612
vn 0.0386 0.8058 0.5909
vn 0.0999 0.7972 0.5954
vn 0.1594 0.8012 0.5767
vn 0.2435 0.8012 0.5467
vn 0.3629 0.7801 0.5097
vn 0.4561 0.6577 0.5995
vn 0.5719 0.6285 0.5272
vn 0.4393 0.7679 0.4663
vn -0.4346 0.8985 0.0616
vn -0.3501 0.9189 0.1816
vn 0.4964 0.7688 0.4032
vn 0.6103 0.6398 0.4671
vn 0.6725 0.6492 0.3554
vn 0.5303 0.7958 0.2923
vn -0.5140 0.7630 -0.3920
vn -0.4196 0.7724 -0.4768
vn -0.5693 0.8155 -0.1040
vn -0.5744 0.7808 -0.2457
vn -0.0819 0.5207 -0.8498
vn -0.2419 0.5138 -0.8231
vn -0.3813 0.7838 -0.4902
vn -0.1639 0.8765 -0.4526
vn -0.6477 0.7609 0.0390
vn -0.5914 0.8059 0.0280
vn -0.6683 0.7286 0.1498
vn -0.7375 0.6569 0.1568
vn -0.7439 0.6251 0.2361
vn -0.6655 0.7086 0.2345
vn -0.5967 0.7344 0.3234
vn -0.6891 0.6416 0.3370
vn -0.6181 0.6447 0.4499
vn -0.4866 0.7581 0.4341
vn -0.1650 0.7654 0.6221
vn 0.0171 0.7401 0.6723
vn 0.2680 0.6880 0.6744
vn 0.5602 0.4887 0.6688
vn 0.6773 0.7123 0.1840
vn 0.6223 0.7817 0.0411
vn 0.6301 0.7758 -0.0323
vn 0.6820 0.7250 -0.0963
vn 0.7118 0.6945 -0.1049
vn 0.1442 0.6929 0.7065
vn 0.1421 0.5231 0.8403
vn 0.0743 0.7109 0.6993
vn 0.0420 0.5435 0.8384
vn -0.3654 0.7688 0.5248
vn -0.5037 0.6521 0.5666
vn 0.7153 0.4138 0.5631
vn -0.1400 0.9286 -0.3438
vn 0.1349 0.9496 -0.2829
vn 0.1476 0.9241 -0.3524
vn -0.0705 0.9079 -0.4132
vn 0.0662 0.9808 -0.1836
vn -0.2426 0.9441 -0.2230
vn 0.0059 0.5134 -0.8581
vn -0.0503 0.9038 -0.4250
vn -0.5175 0.8556 0.0137
vn 0.4910 0.8631 0.1182
vn 0.4186 0.9080 -0.0178
vn 0.4131 0.9059 -0.0930
vn 0.4669 0.8695 -0.1613
vn 0.5101 0.8425 -0.1732
vn 0.2889 0.5686 -0.7702
vn 0.4173 0.8689 -0.2661
vn 0.3807 0.9220 -0.0710
vn 0.2530 0.9550 -0.1551
vn -0.2508 0.9679 -0.0143
vn -0.1748 0.9825 0.0650
vn 0.2184 0.9510 -0.2190
vn 0.2070 0.9406 -0.2690
vn -0.0635 0.9946 0.0826
vn -0.0188 0.9975 0.0675
vn 0.1730 0.9405 -0.2924
vn 0.0466 0.9945 0.0942
vn 0.1068 0.9888 0.1043
vn 0.1532 0.9460 -0.2856
vn 0.3197 0.9405 0.1153
vn 0.3730 0.9237 0.0870
vn 0.1951 0.8904 -0.4112
vn 0.3768 0.9262 0.0102
vn 0.3558 0.9342 -0.0274
vn 0.0223 0.8980 -0.4394
vn -0.3194 0.8915 -0.3211
vn -0.4966 0.8373 -0.2288
vn -0.5088 0.8231 -0.2521
vn -0.3861 0.8778 -0.2837
vn -0.2540 0.9178 -0.3052
vn 0.2466 0.9626 0.1121
vn 0.1732 0.9786 0.1108
vn -0.0002 0.9966 0.0819
vn 0.3896 0.9195 0.0525
vn -0.7364 0.4231 0.5279
vn -0.5897 0.0156 -0.8075
vn -0.4942 0.6282 0.6010
vn -0.4405 0.5861 0.6801
vn -0.4081 0.2401 0.8808
vn -0.5298 -0.2737 0.8027
vn 0.7243 0.3567 0.5901
vn 0.7599 0.3355 0.5568
vn 0.8310 0.2305 0.5063
vn 0.8669 0.0955 0.4892
vn 0.9165 0.0855 0.3907
vn 0.8819 0.2234 0.4151
vn 0.9611 0.0711 0.2668
vn 0.9423 0.2038 0.2655
vn 0.9796 0.0482 0.1953
vn 0.9616 0.2103 0.1762
vn 0.9868 0.0316 0.1586
vn 0.9700 0.2077 0.1261
vn 0.9911 0.0816 0.1051
vn 0.9666 0.2489 0.0617
vn 0.9824 0.1640 0.0894
vn 0.9441 0.3272 0.0394
vn 0.1325 0.4763 0.8693
vn 0.0315 0.4917 0.8702
vn 0.5466 -0.1950 0.8144
vn 0.5328 0.1726 0.8285
vn -0.5691 0.6301 0.5283
vn -0.7676 0.5868 0.2580
vn -0.4264 -0.3789 0.8213
vn -0.4637 -0.4064 0.7873
vn -0.4749 -0.4667 0.7461
vn -0.8888 0.0933 0.4488
vn -0.9229 0.3604 -0.1355
vn -0.8854 0.2473 -0.3936
vn -0.8982 0.2464 -0.3640
vn -0.8709 0.2960 -0.3924
vn -0.8457 0.2873 -0.4496
vn -0.9780 -0.2079 0.0177
vn -0.7633 -0.4908 0.4201
vn -0.4279 -0.4223 0.7991
vn -0.4284 -0.3829 0.8185
vn -0.4293 -0.4630 0.7754
vn -0.8497 0.0248 0.5266
vn -0.9223 0.3844 -0.0400
vn -0.9141 0.2518 -0.3180
vn -0.9117 0.2453 -0.3297
vn -0.9149 0.2688 -0.3012
vn -0.9277 0.2618 -0.2663
vn -0.9714 -0.1716 0.1641
vn -0.7696 -0.4236 0.4778
vn -0.4193 -0.3968 0.8166
vn -0.4111 -0.3721 0.8322
vn -0.9258 0.2710 -0.2634
vn -0.9081 0.2999 -0.2922
vn -0.9138 0.2787 -0.2956
vn -0.9759 -0.1651 0.1425
vn -0.7134 -0.4550 0.5329
vn -0.3578 -0.3932 0.8470
vn -0.3354 -0.3699 0.8664
vn -0.3697 -0.3907 0.8430
vn -0.3812 -0.4763 0.7924
vn -0.8295 0.0244 0.5580
vn -0.9238 0.3827 0.0146
vn -0.9318 0.2537 -0.2598
vn -0.7968 -0.0261 -0.6037
vn -0.6685 -0.0203 -0.7434
vn -0.8651 0.2468 0.4366
vn -0.8740 0.3566 0.3302
vn -0.9279 0.3723 -0.0226
vn -0.8967 0.1998 0.3950
vn -0.7137 0.6579 -0.2402
vn -0.7257 0.6153 -0.3079
vn -0.8156 0.2170 -0.5363
vn -0.7398 0.6541 -0.1576
vn -0.5833 -0.0707 -0.8092
vn -0.5547 -0.0367 -0.8312
vn -0.6200 -0.0495 -0.7830
vn -0.9683 0.1499 -0.2000
vn -0.9707 0.1633 -0.1765
vn -0.9649 -0.0065 -0.2624
vn -0.9633 0.0731 -0.2582
vn -0.9798 0.0685 -0.1878
vn -0.0983 -0.2678 -0.9584
vn 0.0930 0.0304 -0.9952
vn -0.1631 0.4008 0.9015
vn -0.1024 0.3719 0.9226
vn -0.0988 0.8968 0.4312
vn -0.1891 0.4326 0.8815
vn 0.0267 0.9925 -0.1196
vn 0.0335 0.9873 -0.1550
vn 0.1270 0.8087 -0.5743
vn 0.0021 0.9999 -0.0135
vn 0.1556 0.0917 -0.9836
vn 0.2013 0.1570 -0.9669
vn 0.1036 0.0824 -0.9912
vn -0.6149 -0.5266 -0.5870
vn -0.5693 -0.1477 0.8087
vn -0.8322 -0.5464 -0.0939
vn -0.9011 -0.3982 -0.1718
vn -0.8896 -0.4104 -0.2003
vn 0.1268 0.4081 -0.9041
vn 0.9678 0.1625 0.1922
vn 0.9797 0.1432 0.1405
vn 0.9715 0.1882 0.1440
vn 0.9586 0.2069 0.1954
vn 0.8918 -0.0308 0.4514
vn 0.9072 -0.0358 0.4192
vn 0.8990 -0.0521 0.4348
vn 0.8844 -0.0443 0.4645
vn 0.9578 0.1471 0.2471
vn 0.9536 0.1751 0.2448
vn 0.9518 0.1959 0.2361
vn 0.9652 0.1491 0.2149
vn 0.8512 -0.0440 -0.5229
vn 0.8489 -0.1645 -0.5022
vn 0.9642 -0.1911 0.1836
vn 0.9851 -0.0380 0.1676
vn 0.9692 0.0073 0.2462
vn 0.9669 0.1112 0.2295
vn 0.9752 -0.0726 0.2091
vn 0.9847 -0.0524 0.1659
vn 0.9615 -0.2101 0.1772
vn 0.9466 -0.2471 0.2070
vn 0.1328 -0.4286 0.8937
vn 0.1206 -0.4409 0.8894
vn 0.9885 0.1481 -0.0310
vn 0.9818 0.1847 -0.0436
vn 0.8650 0.0977 -0.4922
vn 0.9725 0.1807 0.1466
vn 0.9812 0.1260 0.1461
vn 0.8924 0.0607 -0.4471
vn 0.9460 -0.2236 0.2348
vn 0.9349 -0.2253 0.2743
vn 0.9365 -0.1689 0.3074
vn 0.9311 -0.2979 0.2106
vn 0.8739 -0.0434 -0.4842
vn 0.9889 -0.0091 0.1484
vn 0.6869 -0.7194 0.1032
vn 0.7041 -0.6171 -0.3514
vn 0.9899 -0.0125 0.1409
vn 0.9813 -0.0102 0.1923
vn 0.6952 -0.7055 0.1379
vn 0.6966 -0.7101 0.1028
vn 0.9676 -0.0003 0.2524
vn 0.6875 -0.7036 0.1797
vn 0.9532 -0.0346 0.3002
vn 0.6714 -0.7087 0.2168
vn 0.9496 -0.0662 0.3064
vn 0.9292 -0.0878 0.3589
vn 0.9583 -0.0135 0.2854
vn 0.9125 -0.1083 0.3945
vn 0.9017 -0.0691 0.4268
vn 0.8845 -0.0682 0.4615
vn 0.8852 -0.1068 0.4527
vn 0.9309 -0.0983 0.3518
vn 0.9049 -0.1161 0.4095
vn 0.9662 -0.0981 0.2383
vn 0.9314 -0.2845 0.2269
vn 0.9709 -0.1052 0.2153
vn 0.5497 -0.2355 0.8015
vn 0.8695 -0.0332 0.4929
vn 0.8710 -0.0466 0.4891
vn 0.5502 -0.2435 0.7987
vn 0.8784 -0.0318 0.4768
vn 0.8830 -0.0314 0.4684
vn 0.8930 -0.0894 0.4410
vn 0.9184 -0.0618 0.3907
vn 0.2153 -0.4364 0.8736
vn 0.2385 -0.4519 0.8596
vn 0.9595 0.2280 -0.1656
vn 0.9577 0.2447 -0.1514
vn 0.1714 -0.4206 0.8909
vn 0.1852 -0.4588 0.8690
vn 0.9830 0.1576 -0.0938
vn 0.9773 0.1955 -0.0811
vn 0.8647 -0.0821 0.4956
vn 0.8389 -0.0849 0.5377
vn 0.8352 -0.0762 0.5446
vn 0.8553 -0.0752 0.5127
vn 0.6507 -0.7193 0.2432
vn 0.6496 -0.7051 0.2844
vn 0.6438 -0.7183 0.2638
vn 0.6289 -0.7148 0.3059
vn 0.6168 -0.7142 0.3309
vn 0.6061 -0.7150 0.3484
vn 0.5579 -0.1531 0.8157
vn 0.8007 0.0145 0.5989
vn 0.7650 0.0707 0.6401
vn 0.6461 -0.0652 0.7605
vn 0.8398 0.0254 0.5422
vn 0.8627 0.0047 0.5056
vn 0.8759 -0.0202 0.4821
vn 0.9230 -0.0383 0.3828
vn 0.9660 -0.0322 0.2567
vn 0.9672 0.0131 0.2537
vn 0.9810 -0.0054 0.1940
vn 0.9898 -0.0060 0.1423
vn 0.9891 -0.0051 0.1472
vn 0.8814 0.0037 0.4723
vn 0.8826 -0.0579 0.4666
vn 0.8696 -0.0626 0.4898
vn 0.7748 0.6256 0.0909
vn 0.0329 0.3407 0.9396
vn 0.1191 -0.4312 0.8944
vn 0.9828 0.1758 -0.0573
vn 0.7663 0.6321 0.1152
vn 0.0635 0.2736 0.9597
vn 0.1594 -0.4923 0.8557
vn 0.9696 0.2193 -0.1085
vn 0.7763 0.6242 0.0879
vn 0.1158 0.2676 0.9565
vn 0.1928 -0.5125 0.8367
vn 0.9590 0.2404 -0.1498
vn 0.9532 -0.1140 0.2802
vn 0.8615 -0.1293 0.4910
vn 0.8667 -0.1523 0.4750
vn 0.8742 -0.0739 0.4799
vn 0.9083 -0.0520 0.4152
vn 0.9039 -0.0970 0.4167
vn 0.8903 -0.0896 0.4464
vn 0.8836 -0.0868 0.4600
vn 0.8843 -0.0893 0.4583
vn 0.8566 -0.1529 0.4928
vn 0.8800 -0.1130 0.4613
vn 0.8627 -0.0932 0.4970
vn 0.8820 -0.0831 0.4639
vn 0.8729 -0.1011 0.4774
vn 0.8827 -0.1290 0.4519
vn 0.8731 -0.1120 0.4746
vn 0.8644 -0.1186 0.4886
vn 0.8776 -0.1160 0.4652
vn 0.8810 -0.0872 0.4651
vn 0.8896 -0.0751 0.4506
vn 0.8840 -0.0924 0.4584
vn 0.8744 -0.0823 0.4781
vn 0.8747 -0.0978 0.4748
vn 0.8788 -0.0918 0.4683
vn 0.8604 -0.1305 0.4926
vn 0.8670 -0.1015 0.4879
vn 0.8607 -0.0466 0.5069
vn 0.8874 -0.0501 0.4582
vn 0.8971 -0.1073 0.4286
vn 0.8854 -0.0830 0.4574
vn 0.8578 -0.0993 0.5043
vn 0.8116 -0.1361 0.5681
vn 0.8115 0.0092 0.5843
vn 0.8070 -0.0160 0.5904
vn 0.8441 -0.0211 0.5357
vn 0.8691 -0.1113 0.4819
vn 0.8640 -0.1058 0.4923
vn 0.8625 -0.0993 0.4962
vn 0.8656 -0.0198 0.5003
vn 0.8803 -0.0089 0.4743
vn 0.8772 -0.0816 0.4731
vn 0.5212 -0.2504 0.8159
vn 0.1198 -0.7878 0.6042
vn 0.8809 -0.4176 -0.2227
vn 0.1828 -0.7979 0.5744
vn 0.8604 -0.4171 -0.2929
vn 0.2186 -0.7928 0.5689
vn 0.8621 -0.4094 -0.2988
vn 0.8824 -0.0243 -0.4699
vn 0.1890 -0.4937 0.8489
vn 0.1917 -0.4420 0.8763
vn 0.2125 -0.4745 0.8543
vn 0.6837 0.0540 0.7278
vn 0.9385 0.3176 0.1357
vn 0.9718 0.2049 -0.1164
vn 0.9616 0.2425 -0.1282
vn 0.9724 0.2001 -0.1197
vn 0.9280 -0.2490 0.2772
vn 0.6798 -0.5502 0.4849
vn 0.1658 -0.4275 0.8887
vn 0.1751 -0.4572 0.8720
vn 0.6467 0.0643 0.7600
vn 0.9299 0.3144 0.1907
vn 0.9809 0.1818 -0.0689
vn 0.9743 0.2062 -0.0911
vn 0.9824 0.1691 -0.0793
vn 0.9371 -0.2107 0.2784
vn 0.7018 -0.5200 0.4870
vn 0.1793 -0.4573 0.8710
vn 0.9818 0.1864 -0.0352
vn 0.9871 0.1600 -0.0022
vn 0.8951 -0.2236 0.3857
vn 0.6552 -0.4872 0.5774
vn 0.1274 -0.4366 0.8906
vn 0.1296 -0.4330 0.8920
vn 0.1453 -0.4191 0.8963
vn 0.6231 0.1507 0.7675
vn 0.9267 0.2964 0.2310
vn 0.9825 0.1769 -0.0578
vn 0.9632 -0.1886 0.1913
vn 0.9638 -0.2043 0.1715
vn 0.9841 -0.0971 0.1490
vn 0.9836 -0.0537 0.1723
vn 0.9631 -0.1977 0.1825
vn 0.9820 -0.1009 0.1595
vn 0.9554 -0.2028 0.2147
vn 0.9791 -0.0149 0.2030
vn 0.6787 0.2022 0.7060
vn 0.7909 0.0716 0.6078
vn 0.6105 0.4076 0.6791
vn 0.0905 -0.3813 0.9200
vn 0.0944 -0.3822 0.9192
vn 0.5402 -0.2478 0.8042
vn 0.1341 -0.3786 0.9158
vn 0.1005 -0.3772 0.9207
vn 0.4709 -0.6845 0.5565
vn 0.0592 -0.8271 0.5590
vn 0.2861 -0.3269 0.9007
vn 0.5519 -0.2477 0.7962
vn 0.0895 -0.3812 0.9201
vn -0.3295 -0.4233 0.8439
vn -0.3254 -0.4318 0.8412
vn -0.2665 -0.4561 0.8491
vn -0.3209 -0.4224 0.8477
vn -0.2653 -0.6297 0.7301
vn -0.1273 -0.5379 0.8333
vn -0.3312 -0.4219 0.8440
vn -0.5547 -0.5118 0.6560
vn -0.1958 -0.5630 0.8029
vn 0.0835 -0.5499 0.8310
vn 0.2868 -0.5070 0.8129
vn -0.0469 -0.5636 0.8247
vn -0.6735 -0.3638 0.6435
vn -0.7893 -0.4310 0.4373
vn -0.4703 -0.8282 0.3047
vn -0.1890 -0.8832 0.4293
vn 0.0342 -0.8853 0.4637
vn 0.1966 -0.8677 0.4566
vn -0.0677 -0.8864 0.4579
vn -0.4052 -0.8078 0.4281
vn -0.6108 -0.7917 0.0115
vn 0.5116 -0.4086 0.7558
vn 0.5135 -0.2990 0.8043
vn 0.3106 -0.8473 0.4308
vn 0.1552 -0.7311 0.6643
vn -0.6990 -0.2661 0.6638
vn -0.6445 -0.6110 0.4597
vn -0.1460 -0.8508 0.5048
vn -0.1551 -0.4315 0.8887
vn -0.1611 -0.4172 0.8944
vn -0.1758 -0.4072 0.8963
vn -0.3523 -0.3385 0.8725
vn -0.1533 -0.4316 0.8889
vn -0.1564 -0.4201 0.8939
vn -0.2049 -0.3645 0.9084
vn 0.5597 -0.7074 0.4317
vn 0.5572 -0.4314 0.7095
vn 0.4091 -0.4702 0.7820
vn 0.3818 -0.4727 0.7942
vn 0.1201 -0.5520 0.8252
vn 0.4603 -0.4478 0.7665
vn 0.4129 -0.4545 0.7893
vn 0.2950 -0.4558 0.8397
vn 0.3557 -0.0394 -0.9338
vn 0.3481 -0.0361 -0.9368
vn 0.2377 -0.7327 -0.6377
vn 0.3494 -0.0630 -0.9348
vn 0.3526 -0.0369 -0.9351
vn 0.3264 -0.0378 -0.9445
vn 0.2931 -0.0451 -0.9550
vn 0.2684 -0.0313 -0.9628
vn 0.2358 -0.0303 -0.9713
vn 0.2361 -0.0345 -0.9711
vn 0.2674 -0.0401 -0.9628
vn 0.1788 -0.7367 -0.6522
vn 0.1530 -0.7394 -0.6556
vn 0.2347 -0.0606 -0.9702
vn 0.2705 -0.0620 -0.9607
vn 0.2351 -0.0234 -0.9717
vn 0.2619 -0.0277 -0.9647
vn 0.1425 -0.0146 -0.9897
vn 0.0831 -0.0123 -0.9965
vn 0.0543 0.6994 -0.7127
vn 0.1117 0.7003 -0.7050
vn 0.0036 0.0252 -0.9997
vn 0.0233 0.0046 -0.9997
vn 0.0311 -0.0002 -0.9995
vn 0.0286 0.0344 -0.9990
vn 0.0165 -0.7522 -0.6587
vn 0.0203 -0.7348 -0.6780
vn 0.0232 -0.0431 -0.9988
vn 0.0037 -0.0342 -0.9994
vn 0.0417 -0.0054 -0.9991
vn 0.0655 -0.0069 -0.9978
vn 0.0263 0.7052 -0.7085
vn 0.0534 -0.0098 -0.9985
vn 0.0483 -0.0128 -0.9987
vn 0.0148 0.7056 -0.7085
vn -0.5975 -0.0870 -0.7971
vn 0.7593 0.2718 -0.5912
vn 0.3961 0.4751 -0.7857
vn 0.0568 -0.0526 -0.9970
vn 0.0452 -0.7360 -0.6754
vn 0.0568 -0.0527 -0.9970
vn 0.0462 -0.0507 -0.9976
vn 0.0276 -0.0640 -0.9976
vn -0.1165 0.6064 -0.7866
vn -0.2743 0.5409 -0.7951
vn 0.7864 0.1858 -0.5891
vn 0.7764 0.2442 -0.5809
vn 0.4085 0.5814 -0.7036
vn 0.2013 0.6052 -0.7702
vn 0.6560 0.4477 -0.6076
vn 0.4991 0.5012 -0.7069
vn 0.8538 0.0930 -0.5123
vn 0.7753 0.2000 -0.5991
vn 0.8380 -0.1659 -0.5198
vn 0.8536 -0.1056 -0.5101
vn 0.1863 -0.0247 -0.9822
vn -0.1984 0.3621 -0.9108
vn -0.6010 -0.0156 -0.7991
vn 0.1390 -0.0499 -0.9890
vn 0.1232 -0.0273 -0.9920
vn 0.2676 -0.0526 -0.9621
vn 0.2691 -0.0550 -0.9615
vn 0.2682 -0.0500 -0.9621
vn 0.2693 -0.0525 -0.9616
vn 0.2685 -0.0516 -0.9619
vn 0.1358 -0.0488 -0.9895
vn -0.6019 -0.0083 -0.7985
vn 0.1316 -0.0487 -0.9901
vn 0.1251 -0.0485 -0.9910
vn -0.6053 -0.0081 -0.7960
vn -0.6104 -0.0077 -0.7920
vn 0.2689 -0.0521 -0.9617
vn 0.1190 -0.0465 -0.9918
vn -0.6211 0.0028 -0.7838
vn 0.2683 -0.0529 -0.9619
vn -0.6291 0.0252 -0.7769
vn 0.2391 0.0155 -0.9709
vn 0.2026 0.7249 -0.6583
vn 0.2718 -0.0329 -0.9618
vn 0.2855 -0.0326 -0.9578
vn 0.2960 -0.0436 -0.9542
vn 0.2982 -0.0337 -0.9539
vn 0.2988 -0.0652 -0.9521
vn 0.1979 -0.7441 -0.6381
vn 0.0448 -0.7278 -0.6844
vn 0.0434 -0.7323 -0.6796
vn 0.0540 -0.0544 -0.9971
vn 0.0494 -0.0532 -0.9974
vn 0.0519 -0.0545 -0.9972
vn 0.0399 -0.0624 -0.9973
vn 0.0569 -0.0608 -0.9965
vn 0.0372 -0.0599 -0.9975
vn 0.0565 -0.0593 -0.9966
vn 0.0410 -0.0433 -0.9982
vn 0.0080 0.0026 -1.0000
vn 0.0206 -0.0658 -0.9976
vn 0.0212 -0.0463 -0.9987
vn 0.0211 -0.0425 -0.9989
vn 0.0579 -0.0549 -0.9968
vn 0.0601 -0.0604 -0.9964
vn 0.0571 -0.0528 -0.9970
vn 0.0720 -0.0649 -0.9953
vn 0.0577 -0.0604 -0.9965
vn 0.0788 -0.0578 -0.9952
vn 0.0412 -0.0404 -0.9983
vn 0.0370 -0.0406 -0.9985
vn 0.0344 -0.0305 -0.9989
vn 0.0317 -0.0429 -0.9986
vn 0.0290 -0.7347 -0.6778
vn 0.1989 -0.0151 -0.9799
vn 0.1651 0.7011 -0.6937
vn 0.2212 0.7162 -0.6618
vn 0.2380 -0.0001 -0.9713
vn 0.0753 -0.0371 -0.9965
vn 0.4216 0.2995 -0.8559
vn 0.0044 0.6935 -0.7205
vn 0.0416 -0.0203 -0.9989
vn 0.0064 -0.9998 0.0182
vn 0.0026 -1.0000 0.0028
vn 0.0004 -1.0000 0.0003
vn 0.0000 -1.0000 0.0015
vn -0.0002 -1.0000 0.0009
vn -0.0025 -0.9999 0.0102
vn -0.0008 -1.0000 0.0032
vn 0.0001 -1.0000 -0.0000
vn 0.0007 -1.0000 -0.0031
vn -0.0418 -0.9991 0.0044
vn -0.1007 -0.9949 0.0042
vn -0.0019 -1.0000 0.0081
vn -0.0019 -1.0000 0.0008
vn -0.0006 -1.0000 0.0012
vn -0.0004 -1.0000 -0.0027
vn -0.0002 -1.0000 0.0011
vn -0.0006 -1.0000 0.0028
vn -0.0003 -1.0000 0.0011
vn 0.0004 -1.0000 -0.0016
vn -0.0011 -1.0000 0.0048
vn 0.0012 -1.0000 -0.0052
vn -0.0003 -1.0000 0.0041
vn 0.0001 -1.0000 0.0083
vn 0.0026 -0.9998 0.0191
vn 0.0003 -1.0000 0.0018
vn 0.0001 -1.0000 0.0008
vn 0.0001 -1.0000 -0.0003
vn -0.0003 -1.0000 0.0037
vn -0.0024 -0.9999 0.0102
vn -0.0007 -1.0000 0.0032
vn 0.0009 -1.0000 -0.0007
vn 0.0000 -1.0000 -0.0000
vn 0.0003 -1.0000 -0.0031
vn 0.0020 -0.9999 -0.0123
vn 0.2391 -0.9706 -0.0287
vn 0.0002 -1.0000 0.0091
vn -0.0041 -1.0000 -0.0015
vn 0.0109 -0.9999 -0.0011
vn 0.0110 -0.9999 0.0009
vn -0.0085 -1.0000 -0.0038
vn 0.1509 -0.7453 -0.6495
vn -0.0083 -1.0000 -0.0051
vn -0.0114 -0.9999 -0.0058
vn 0.0060 -1.0000 0.0064
vn -0.0016 -1.0000 0.0010
vn -0.0010 -1.0000 0.0021
vn -0.0003 -1.0000 0.0012
vn -0.0006 -1.0000 0.0027
vn 0.0006 -1.0000 -0.0027
vn -0.0011 -1.0000 0.0050
vn 0.0010 -1.0000 -0.0044
vn -0.0003 -1.0000 0.0046
vn 0.0003 -1.0000 0.0081
vn -0.0040 -1.0000 -0.0015
vn -0.0084 -1.0000 -0.0037
vn -0.0083 -1.0000 -0.0048
vn 0.0128 -0.9999 0.0003
vn 0.0109 -0.9999 -0.0001
vn 0.0125 -0.9999 -0.0012
vn 0.0107 -0.9999 0.0026
vn 0.0027 -1.0000 0.0037
vn -0.9709 0.0167 -0.2389
vn -0.8546 -0.0459 -0.5172
vn -0.9795 0.0137 -0.2012
vn -0.9870 0.0316 -0.1577
vn -0.5889 0.3190 -0.7426
vn -0.9800 0.0559 -0.1910
vn 0.9549 -0.0501 -0.2927
vn 0.9946 0.1031 0.0141
vn 0.5097 -0.2183 -0.8322
vn 0.6936 -0.1987 -0.6924
vn 0.3104 0.4091 -0.8581
vn 0.1889 -0.2297 -0.9548
vn 0.3101 -0.2267 -0.9233
vn 0.0719 0.4032 -0.9123
vn -0.1613 -0.1947 -0.9675
vn -0.0902 -0.2179 -0.9718
vn -0.0302 0.4206 -0.9068
vn -0.3408 -0.1693 -0.9248
vn -0.2756 -0.1505 -0.9494
vn -0.5482 -0.1408 -0.8244
vn 0.0896 -0.2306 -0.9689
vn -0.0034 -0.2267 -0.9740
vn 0.4246 -0.2223 -0.8776
vn -0.2169 -0.1604 -0.9629
vn 0.9031 0.4268 0.0484
vn 0.9953 0.0838 0.0480
vn 0.9865 0.1032 0.1272
vn 0.8973 0.4369 0.0623
vn 0.9738 0.1408 0.1785
vn 0.9635 0.1280 0.2352
vn 0.9803 0.0526 0.1906
vn 0.7808 -0.0230 -0.6244
vn 0.7804 -0.0468 -0.6235
vn 0.7955 -0.0533 -0.6036
vn 0.0780 0.9968 0.0185
vn 0.0834 0.9963 0.0214
vn -0.0046 1.0000 -0.0009
vn 0.0135 0.9999 0.0028
vn -0.5885 0.7906 -0.1690
vn -0.9610 0.0207 -0.2758
vn -0.9607 0.0310 -0.2757
vn -0.9649 0.0439 -0.2588
vn 0.7270 0.6770 0.1141
vn -0.0210 0.9998 -0.0038
vn 0.9881 0.0051 0.1538
vn 0.9880 0.0054 0.1546
vn -0.0325 0.9995 -0.0059
vn -0.0126 0.9999 -0.0026
vn 0.0916 -0.0407 -0.9950
vn 0.1390 -0.0195 -0.9901
vn 0.0327 0.9994 0.0069
vn 0.2047 -0.0120 -0.9787
vn -0.0130 -0.9999 -0.0058
vn -0.6424 -0.7529 -0.1433
vn -0.6504 -0.7462 -0.1424
vn -0.4012 -0.6301 -0.6648
vn -0.5017 -0.1367 -0.8542
vn 0.2389 -0.0582 -0.9693
vn -0.4799 -0.1929 -0.8558
vn 0.2391 -0.0287 -0.9706
vn -0.4308 -0.2956 -0.8526
vn 0.2401 -0.0251 -0.9704
vn -0.0942 -0.4503 -0.8879
vn 0.0945 -0.7100 -0.6978
vn 0.0651 -0.7239 -0.6868
vn 0.3612 -0.4937 -0.7911
vn 0.7193 -0.2548 -0.6463
vn 0.7194 -0.1788 -0.6712
vn 0.7390 -0.1536 -0.6560
vn 0.5727 -0.6332 -0.5207
vn 0.6396 -0.7574 0.1313
vn 0.5846 -0.8016 0.1252
vn -0.9482 -0.2431 -0.2044
vn -0.8911 -0.4114 -0.1917
vn -0.9679 -0.1397 -0.2087
vn -0.4963 -0.8616 -0.1066
vn -0.0015 -1.0000 -0.0003
vn 0.9032 -0.3848 0.1901
vn 0.9447 -0.2615 0.1980
vn 0.9637 -0.1756 0.2012
vn 0.5187 -0.8479 0.1096
vn -0.9477 -0.2413 -0.2087
vn -0.8908 -0.4099 -0.1960
vn -0.9670 -0.1394 -0.2131
vn -0.4856 -0.8676 -0.1068
vn -0.0014 -1.0000 -0.0003
vn 0.9022 -0.3839 0.1968
vn 0.9436 -0.2597 0.2052
vn 0.9622 -0.1749 0.2087
vn 0.5447 -0.8302 0.1190
vn 0.0117 -0.9999 0.0007
vn -0.2547 -0.9534 -0.1619
vn -0.1574 -0.9871 -0.0292
vn -0.0273 -0.9996 -0.0007
vn 0.0453 -0.9989 -0.0102
vn -0.0798 -0.9968 0.0004
vn 0.1430 -0.9815 0.1274
vn -0.3133 -0.8872 -0.3387
vn 0.0163 -0.9999 0.0057
vn -0.3204 -0.9063 0.2755
vn -0.6743 -0.3917 0.6261
vn -0.6691 -0.4077 0.6214
vn -0.6696 -0.4216 0.6114
vn -0.6782 -0.3883 0.6239
vn -0.6654 -0.4185 0.6181
vn -0.6129 -0.5698 0.5475
vn -0.6761 -0.3881 0.6263
vn 0.9840 -0.1550 0.0877
vn 0.8076 -0.3762 0.4541
vn 0.7867 -0.3979 0.4719
vn 0.5729 -0.5611 0.5974
vn 0.8836 -0.3015 0.3582
vn 0.7087 -0.4257 0.5626
vn 0.8164 -0.3455 0.4627
vn 0.0001 -1.0000 0.0017
vn -0.0003 -1.0000 0.0015
vn 0.0004 -1.0000 -0.0021
vn -0.0018 -1.0000 0.0081
vn -0.0023 -0.9999 0.0102
vn 0.0019 -1.0000 0.0023
vn -0.0003 -1.0000 0.0014
vn 0.0005 -1.0000 -0.0023
vn -0.0000 -1.0000 0.0001
vn -0.0019 -1.0000 0.0086
vn -0.0022 -1.0000 0.0097
vn 0.0071 -1.0000 0.0039
vn 0.0005 -1.0000 -0.0032
vn 0.0024 -1.0000 -0.0087
vn 0.0034 -0.9999 -0.0134
vn -0.0006 -1.0000 0.0025
vn 0.0023 -1.0000 -0.0041
vn 0.7035 -0.7008 0.1180
vn 0.6663 -0.7292 0.1559
vn 0.9741 0.0000 0.2261
vn 0.9868 0.0000 0.1618
vn 0.6713 -0.7069 0.2230
vn 0.2223 -0.8922 0.3931
vn 0.4912 0.0000 0.8710
vn 0.9487 0.0000 0.3162
vn -0.1554 -0.7066 0.6904
vn -0.2196 0.0000 0.9756
vn 0.1554 -0.7065 -0.6905
vn 0.3642 -0.9008 -0.2365
vn 0.8360 -0.0000 -0.5487
vn 0.2196 -0.0000 -0.9756
vn -0.1522 -0.7210 0.6760
vn 0.1515 -0.7238 -0.6732
vn 0.0000 1.0000 -0.0000
vn 0.7866 0.2306 -0.5728
vn 0.7648 0.2887 -0.5759
vn 0.9016 0.4044 0.1532
vn 0.9335 0.3212 0.1592
vn 0.1213 0.0077 -0.9926
vn 0.1152 0.0087 -0.9933
vn 0.1525 -0.0011 -0.9883
vn 0.1531 0.0016 -0.9882
vn -0.9284 0.3360 -0.1583
vn -0.9108 0.3825 -0.1553
vn -0.9285 0.3360 -0.1583
vn 0.0579 -0.9983 0.0108
vn 0.0625 -0.9980 0.0116
vn -0.1349 -0.9906 -0.0228
vn -0.7939 -0.5929 -0.1351
vn -0.7939 -0.5928 -0.1352
vn -0.1365 -0.9904 -0.0231
vn 0.5350 0.8401 0.0898
vn 0.5179 0.8509 0.0876
vn 0.0774 0.7048 -0.7052
vn -0.3491 0.6679 -0.6573
vn -0.5469 0.8320 -0.0932
vn -0.5487 0.2406 -0.8006
vn -0.5258 0.2716 -0.8061
vn 0.1391 0.0098 -0.9902
vn 0.1430 0.0069 -0.9897
vn 0.1735 0.0013 -0.9848
vn 0.1746 -0.0016 -0.9846
vn 0.5163 0.6763 -0.5255
vn 0.9664 0.1972 0.1648
vn 0.9665 0.1968 0.1648
vn 0.1102 -0.0002 -0.9939
vn 0.1022 0.6993 -0.7075
vn 0.1468 -0.0029 -0.9892
vn 0.1537 0.0017 -0.9881
vn 0.1245 0.0064 -0.9922
vn -0.5579 0.8244 -0.0951
vn -0.6014 0.1134 -0.7908
vn -0.9732 0.1590 -0.1659
vn 0.1263 0.0027 -0.9920
vn 0.1409 0.0044 -0.9900
vn 0.8175 0.1459 -0.5571
vn 0.1728 0.0033 -0.9850
vn 0.1771 -0.0032 -0.9842
vn 0.7740 -0.6190 0.1333
vn 0.7750 -0.6177 0.1335
vn 0.1117 -0.7013 -0.7040
vn 0.0886 -0.7030 -0.7057
vn -0.5483 -0.4817 -0.6836
vn -0.0042 -0.7297 -0.6838
vn 0.7300 -0.4990 -0.4671
vn 0.1666 -0.7211 -0.6725
vn 0.9025 0.4026 0.1528
vn -0.9734 0.1580 -0.1660
vn -0.6989 -0.7077 -0.1037
vn -0.6995 -0.7071 -0.1038
vn -0.7013 0.7028 -0.1196
vn -0.6831 0.7284 -0.0526
vn 0.7000 -0.7065 0.1038
vn 0.6995 -0.7071 0.1038
vn 0.9892 0.0000 0.1467
vn 0.6564 -0.5775 -0.4854
vn 0.1056 -0.7071 -0.6992
vn 0.1493 0.0000 -0.9888
vn 0.8040 0.0000 -0.5946
vn -0.4856 -0.5772 -0.6565
vn -0.9892 -0.0000 -0.1467
vn -0.5946 -0.0000 -0.8040
vn 0.9306 -0.3238 -0.1706
vn 0.9947 -0.0152 0.1015
vn 0.9883 -0.0124 0.1517
vn -0.4847 -0.5774 -0.6571
vn -0.5936 -0.0000 -0.8047
vn 0.1502 -0.0000 -0.9887
vn 0.1063 -0.7069 -0.6993
vn -0.9881 0.0087 -0.1534
vn -0.9864 0.0087 -0.1641
vn -0.9947 0.0151 -0.1016
vn -0.9884 0.0127 -0.1516
vn 0.9881 -0.0085 0.1535
vn -0.8594 -0.2789 -0.4285
vn 0.1062 -0.7073 -0.6989
vn 0.1503 0.0000 -0.9886
vn 0.0163 0.9999 0.0028
vn 0.0177 0.9998 0.0013
vn 0.1330 0.4650 -0.8753
vn 0.1405 0.4690 -0.8719
vn 0.1502 -0.0000 -0.9886
vn 0.0703 0.9975 0.0120
vn 0.7308 0.6711 0.1246
vn 0.7592 0.6482 0.0587
vn 0.0740 0.9972 0.0055
vn 0.1655 0.4732 -0.8653
vn 0.7306 0.3394 -0.5925
vn 0.8047 0.0000 -0.5936
vn 0.9970 0.0000 0.0768
vn 0.9858 0.0000 0.1681
vn -0.5937 -0.0000 -0.8047
vn -0.5049 0.3664 -0.7816
vn -0.9858 0.0000 -0.1681
vn -0.9970 0.0000 -0.0768
vn 0.6891 0.7026 -0.1772
vn 0.1099 0.9517 -0.2867
vn 0.9977 0.0000 0.0673
vn 0.9951 -0.0086 0.0988
vn 0.6949 -0.7133 0.0913
vn -0.7070 -0.7011 -0.0928
vn -0.9951 0.0086 -0.0988
vn -0.6394 0.7208 -0.2675
vn -0.9977 0.0000 -0.0673
vn 0.0447 0.9548 -0.2939
vn 0.0595 0.9547 -0.2916
vn 0.1055 -0.7071 -0.6992
vn 0.6571 -0.5773 -0.4847
vn 0.9864 -0.0085 0.1642
vn 0.0761 -0.9911 0.1089
vn 0.0702 -0.9916 0.1085
vn 0.0741 -0.9935 0.0864
vn 0.0712 -0.9937 0.0862
vn -0.0612 0.9855 -0.1585
vn -0.0612 0.9855 -0.1583
vn -0.0698 0.9914 -0.1110
vn -0.0697 0.9913 -0.1113
vn 0.1770 -0.1360 -0.9748
vn 0.1809 -0.2021 -0.9625
vn -0.1540 -0.0946 0.9835
vn -0.1579 -0.0944 0.9829
vn -0.1598 -0.0750 0.9843
vn -0.1581 -0.0717 0.9848
vn -0.9793 -0.0878 -0.1825
vn -0.9775 -0.0873 -0.1918
vn -0.9777 -0.0875 -0.1911
vn -0.9797 -0.0881 -0.1800
vn 0.0715 -0.9940 0.0827
vn 0.0746 -0.9937 0.0838
vn -0.0561 -0.7071 0.7049
vn 0.0702 -0.9916 0.1084
vn 0.1751 -0.7481 -0.6400
vn -0.0785 0.9950 -0.0612
vn -0.0785 0.9950 -0.0611
vn -0.1802 0.6899 0.7011
vn -0.4290 0.8770 -0.2166
vn 0.0863 0.5747 -0.8138
vn -0.3597 0.4702 -0.8059
vn -0.9006 -0.1011 -0.4228
vn -0.8993 -0.1134 -0.4224
vn -0.7994 -0.1236 0.5880
vn -0.9805 -0.0873 -0.1761
vn -0.9804 -0.0872 -0.1767
vn -0.8030 -0.1312 0.5814
vn -0.3344 -0.1531 -0.9299
vn -0.2026 -0.6851 -0.6997
vn -0.4657 0.6722 0.5756
vn -0.1578 -0.0944 0.9829
vn -0.9241 0.3152 -0.2161
vn -0.9230 0.3106 -0.2271
vn -0.6486 -0.7572 -0.0768
vn -0.6392 -0.7661 -0.0679
vn -0.9072 0.2258 -0.3551
vn -0.6231 -0.7218 -0.3013
vn -0.6327 -0.7733 -0.0415
vn -0.6231 -0.6234 0.4723
vn -0.8383 0.2085 0.5038
vn -0.9343 0.3059 -0.1831
vn 0.0847 -0.9900 0.1130
vn -0.4631 -0.7763 -0.4277
vn -0.7329 -0.1183 -0.6699
vn -0.7736 -0.1365 -0.6187
vn -0.3407 -0.2019 -0.9182
vn -0.8416 0.2842 -0.4594
vn -0.7324 0.6380 -0.2379
vn -0.7288 0.6528 -0.2066
vn -0.4298 0.8865 -0.1715
vn -0.4457 0.8869 -0.1213
vn -0.7461 0.6456 -0.1631
vn -0.6683 0.4204 0.6137
vn -0.1516 -0.0761 0.9855
vn -0.1494 -0.0959 0.9841
vn 0.0693 -0.9943 0.0810
vn 0.0723 -0.9936 0.0871
vn 0.0741 -0.9935 0.0868
vn 0.0746 -0.9937 0.0837
vn 0.1902 0.5000 -0.8449
vn 0.1902 -0.5000 -0.8449
vn -0.1902 -0.5000 0.8449
vn -0.1902 0.5000 0.8449
vn 0.5951 0.7924 0.1340
vn 0.5951 -0.7924 0.1340
vn 0.7458 -0.3962 -0.5355
vn 0.7458 0.3962 -0.5355
vn 0.4444 0.3962 0.8035
vn 0.4444 -0.3962 0.8035
vn -0.5951 0.7924 -0.1340
vn -0.4444 0.3962 -0.8035
vn -0.4444 -0.3962 -0.8035
vn -0.5951 -0.7924 -0.1340
vn -0.7458 -0.3962 0.5355
vn -0.7458 0.3962 0.5355
vn -0.0002 -1.0000 0.0010
vn 0.7369 0.6531 0.1745
vn 0.4076 0.6498 0.6415
vn 0.4458 0.5551 0.7022
vn 0.8076 0.5587 0.1891
vn -0.1554 0.6555 0.7390
vn -0.1728 0.5613 0.8094
vn -0.6224 0.6668 0.4098
vn -0.6859 0.5737 0.4478
vn -0.7198 0.6771 -0.1532
vn -0.7929 0.5849 -0.1708
vn -0.3905 0.6803 -0.6202
vn -0.4311 0.5885 -0.6840
vn 0.1725 0.6747 -0.7177
vn 0.1875 0.5823 -0.7910
vn 0.6395 0.6634 -0.3885
vn 0.7005 0.5700 -0.4294
vn 0.5033 0.3409 0.7940
vn 0.9147 0.3450 0.2104
vn -0.2003 0.3480 0.9159
vn -0.7838 0.3621 0.5046
vn -0.9055 0.3749 -0.1989
vn -0.4940 0.3790 -0.7825
vn 0.2095 0.3719 -0.9043
vn 0.7930 0.3578 -0.4930
vn 0.4438 -0.5548 0.7038
vn 0.8156 -0.5511 0.1764
vn -0.1921 -0.5484 0.8139
vn -0.7195 -0.5356 0.4422
vn -0.8294 -0.5240 -0.1936
vn -0.4576 -0.5203 -0.7210
vn 0.1782 -0.5268 -0.8311
vn 0.7056 -0.5395 -0.4594
vn -0.0129 -0.9998 -0.0160
vn -0.0128 -0.9998 -0.0160
vn -0.2298 -0.8475 -0.4785
vn 0.4095 -0.8510 -0.3287
vn 0.2466 -0.8498 0.4659
vn -0.4376 -0.8629 0.2528
vn 0.3381 -0.9091 -0.2435
vn 0.1443 -0.6917 -0.7076
vn -0.0129 -0.9998 -0.0161
vn 0.2168 -0.9136 0.3440
vn 0.6829 -0.7127 0.1601
vn -0.0128 -0.9998 -0.0161
vn -0.3568 -0.9086 0.2170
vn -0.1625 -0.7067 0.6886
vn -0.2413 -0.9013 -0.3597
vn -0.7072 -0.6905 -0.1517
vn -0.0129 -0.9998 -0.0159
vn 0.1893 -0.7158 -0.6721
vn 0.6711 -0.7245 0.1571
vn 0.4314 -0.5936 0.6794
vn -0.0966 -0.7376 0.6682
vn -0.2153 -0.7339 0.6442
vn 0.1238 -0.7043 -0.6990
vn -0.0127 -0.9998 -0.0161
vn -0.0129 -0.9998 -0.0158
vn -0.0128 -0.9998 -0.0158
vn 0.1239 -0.6895 -0.7136
vn -0.4385 -0.5591 -0.7037
vn 0.1416 -0.7041 -0.6958
vn -0.6966 -0.6598 -0.2817
vn 0.6769 -0.5772 -0.4568
vn 0.7266 -0.6856 0.0446
vn 0.7269 -0.6854 0.0426
vn -0.0129 -0.9998 -0.0162
vn -0.0963 -0.6949 0.7126
vn 0.4163 -0.5920 0.6901
vn -0.1586 -0.7258 0.6694
vn 0.6764 -0.6850 0.2707
vn -0.6867 -0.5736 0.4466
vn -0.7254 -0.6793 -0.1111
vn -0.0130 -0.9998 -0.0160
vn -0.3717 -0.9035 0.2133
vn -0.2292 -0.6957 0.6807
vn -0.5536 0.0204 -0.8325
vn -0.9802 0.0157 -0.1973
vn 0.1880 0.0139 -0.9821
vn -0.2327 -0.8991 -0.3708
vn -0.5273 0.0204 -0.8494
vn -0.9311 0.0171 -0.3644
vn -0.6967 -0.6611 -0.2784
vn 0.2151 0.0128 -0.9765
vn 0.8368 -0.0024 -0.5476
vn 0.6275 -0.6032 -0.4923
vn 0.7981 -0.0023 -0.6025
vn 0.9972 -0.0137 0.0742
vn 0.1913 -0.6857 -0.7023
vn 0.2830 0.0099 -0.9591
vn 0.3440 -0.9110 -0.2275
vn 0.9706 -0.0163 0.2403
vn 0.8579 -0.0027 -0.5138
vn 0.5373 -0.0203 0.8432
vn -0.1237 -0.0130 0.9922
vn 0.2045 -0.9170 0.3424
vn 0.5182 -0.0204 0.8550
vn 0.9268 -0.0196 0.3750
vn 0.6771 -0.6875 0.2625
vn -0.2143 -0.0129 0.9767
vn -0.8303 0.0018 0.5572
vn -0.6904 -0.5941 0.4127
vn -0.8492 0.0025 0.5281
vn -0.9900 0.0143 -0.1403
vn -0.7241 -0.6803 -0.1139
vn -0.8450 0.0023 0.5348
vn -0.3015 -0.0107 0.9534
vn -0.4601 -0.5582 -0.6904
vn -0.6969 -0.7013 -0.1498
vn 0.6947 -0.5769 -0.4296
vn -0.6974 -0.5753 0.4275
vn 0.4778 -0.0207 0.8782
vn 0.3746 -0.6253 0.6845
vn -0.4280 0.0198 -0.9036
vn -0.3518 -0.5837 -0.7318
vn -0.0130 -0.9998 -0.0159
vn 0.7369 0.6532 0.1744
vn 0.4076 0.6499 0.6415
vn 0.4458 0.5550 0.7023
vn 0.8076 0.5586 0.1891
vn -0.1554 0.6556 0.7390
vn -0.6859 0.5736 0.4477
vn 0.1725 0.6746 -0.7177
vn 0.1875 0.5823 -0.7911
vn 0.6395 0.6634 -0.3886
vn 0.7006 0.5699 -0.4294
vn 0.7930 0.3578 -0.4931
vn 0.4438 -0.5547 0.7038
vn -0.1921 -0.5483 0.8139
vn -0.2296 -0.8476 -0.4783
vn 0.4094 -0.8511 -0.3288
vn 0.2468 -0.8497 0.4659
vn -0.4374 -0.8630 0.2527
vn 0.3382 -0.9090 -0.2436
vn 0.1444 -0.6918 -0.7075
vn 0.2166 -0.9136 0.3441
vn -0.0130 -0.9998 -0.0161
vn -0.3571 -0.9085 0.2172
vn -0.0128 -0.9998 -0.0159
vn -0.2412 -0.9014 -0.3597
vn -0.7072 -0.6906 -0.1518
vn -0.0127 -0.9998 -0.0159
vn 0.1891 -0.7160 -0.6720
vn 0.6711 -0.7246 0.1570
vn 0.4314 -0.5936 0.6793
vn -0.0967 -0.7378 0.6681
vn -0.2152 -0.7339 0.6443
vn 0.1236 -0.7044 -0.6989
vn 0.1239 -0.6894 -0.7137
vn -0.4385 -0.5591 -0.7036
vn 0.1416 -0.7042 -0.6958
vn -0.6966 -0.6599 -0.2815
vn 0.6769 -0.5771 -0.4569
vn 0.7267 -0.6856 0.0445
vn 0.7270 -0.6854 0.0426
vn -0.0964 -0.6950 0.7126
vn 0.4164 -0.5920 0.6900
vn -0.1586 -0.7257 0.6695
vn 0.6763 -0.6851 0.2705
vn -0.6867 -0.5735 0.4467
vn -0.7254 -0.6793 -0.1112
vn -0.3716 -0.9035 0.2133
vn -0.2293 -0.6956 0.6809
vn -0.5535 0.0205 -0.8326
vn -0.9802 0.0158 -0.1974
vn 0.1878 0.0139 -0.9821
vn -0.2327 -0.8991 -0.3707
vn -0.5272 0.0203 -0.8495
vn -0.9310 0.0170 -0.3646
vn -0.6968 -0.6610 -0.2784
vn 0.8368 -0.0021 -0.5475
vn 0.6273 -0.6035 -0.4922
vn 0.7982 -0.0025 -0.6024
vn 0.9972 -0.0137 0.0738
vn 0.2829 0.0098 -0.9591
vn 0.3437 -0.9111 -0.2274
vn 0.9706 -0.0164 0.2403
vn 0.8579 -0.0029 -0.5138
vn 0.5374 -0.0204 0.8431
vn -0.1237 -0.0131 0.9922
vn 0.2046 -0.9170 0.3425
vn 0.5182 -0.0203 0.8550
vn 0.9269 -0.0196 0.3749
vn -0.8305 0.0018 0.5571
vn -0.6903 -0.5943 0.4126
vn -0.8491 0.0024 0.5282
vn -0.9900 0.0143 -0.1404
vn -0.7241 -0.6802 -0.1139
vn -0.8450 0.0027 0.5347
vn -0.3015 -0.0104 0.9534
vn -0.4603 -0.5581 -0.6904
vn -0.6970 -0.7013 -0.1499
vn 0.6946 -0.5771 -0.4295
vn -0.6975 -0.5750 0.4276
vn 0.4778 -0.0208 0.8782
vn 0.3744 -0.6258 0.6842
vn -0.4279 0.0198 -0.9036
vn -0.3519 -0.5835 -0.7319
vn 0.0491 -0.9832 0.1758
vn 0.0315 -0.9804 0.1944
vn 0.0397 -0.9798 0.1959
vn 0.0445 -0.9830 0.1779
vn -0.0498 0.9862 -0.1577
vn -0.0373 0.9781 -0.2050
vn -0.0372 0.9780 -0.2053
vn -0.0498 0.9862 -0.1579
vn -0.2536 0.1921 0.9480
vn -0.2550 0.2335 0.9383
vn -0.2550 0.2337 0.9383
vn 0.2629 -0.3431 -0.9017
vn 0.2597 -0.3186 -0.9116
vn 0.2562 -0.3243 -0.9106
vn 0.2562 -0.3427 -0.9038
vn -0.9706 -0.0862 -0.2248
vn -0.9731 -0.0830 -0.2148
vn -0.9729 -0.0830 -0.2156
vn 0.0390 -0.9818 0.1861
vn 0.1964 -0.8563 -0.4776
vn 0.0423 -0.9816 0.1863
vn 0.0445 -0.9831 0.1778
vn -0.1508 -0.5660 0.8105
vn -0.1509 -0.5661 0.8104
vn -0.0295 0.9718 -0.2340
vn 0.1678 0.4949 -0.8526
vn -0.4097 0.8845 -0.2230
vn -0.6195 0.6902 0.3739
vn -0.2031 0.8343 0.5125
vn -0.9995 -0.0095 0.0292
vn -0.9997 -0.0239 -0.0046
vn -0.4840 -0.3132 -0.8171
vn -0.4973 -0.3137 -0.8089
vn -0.9690 -0.0888 -0.2307
vn -0.9691 -0.0891 -0.2302
vn -0.2035 0.8330 0.5144
vn -0.6930 0.1338 0.7085
vn -0.5149 -0.5068 0.6914
vn -0.1445 0.4954 -0.8566
vn 0.2562 -0.3426 -0.9038
vn 0.1964 -0.8563 -0.4777
vn -0.9027 0.3320 -0.2737
vn -0.9030 0.3201 -0.2865
vn -0.6555 -0.7546 -0.0297
vn -0.6696 -0.7426 -0.0163
vn -0.9571 0.2651 -0.1170
vn -0.6547 -0.7553 -0.0308
vn -0.7349 -0.6551 0.1752
vn -0.4097 -0.7439 -0.5280
vn -0.9058 0.2929 -0.3063
vn -0.5413 0.0467 -0.8395
vn -0.6450 -0.6711 0.3656
vn 0.0486 -0.9827 0.1788
vn -0.9540 0.0576 0.2943
vn -0.7080 0.1569 0.6886
vn -0.9715 0.0364 0.2341
vn -0.9305 0.3657 -0.0193
vn -0.7110 0.6529 -0.2612
vn -0.3910 0.8788 -0.2737
vn -0.6906 0.6549 -0.3069
vn -0.3974 0.8650 -0.3064
vn -0.3285 0.2335 -0.9152
vn -0.7018 0.6296 -0.3334
vn 0.2703 -0.3262 -0.9058
vn 0.2706 -0.3455 -0.8986
vn 0.0363 -0.9817 0.1869
vn 0.0269 -0.9806 0.1943
vn 0.0422 -0.9816 0.1863
vn 0.0397 -0.9798 0.1958
vn 0.2563 -0.3244 -0.9105
vn -0.7946 0.2187 0.5664
vn -0.0799 0.2061 0.9753
vn -0.0828 0.2099 0.9742
vn -0.7926 0.4225 0.4396
vn 0.1255 0.9596 -0.2517
vn 0.0842 0.9610 -0.2636
vn 0.0900 0.9632 -0.2533
vn 0.1129 0.9628 -0.2455
vn 0.9795 -0.0031 0.2015
vn 0.7661 0.6420 -0.0311
vn 0.7430 0.6674 0.0498
vn 0.9489 0.0177 0.3151
vn -0.9032 0.3422 -0.2592
vn -0.9032 0.3362 -0.2669
vn -0.9777 0.0670 -0.1991
vn -0.9784 0.0687 -0.1948
vn 0.0989 0.5380 -0.8371
vn 0.0865 0.5637 -0.8214
vn -0.5641 0.7605 -0.3217
vn -0.5127 0.7586 0.4020
vn -0.1817 0.8872 0.4242
vn -0.1760 0.9357 -0.3059
vn 0.7506 -0.1396 -0.6459
vn 0.6841 0.4035 -0.6076
vn -0.8981 0.3259 -0.2953
vn -0.6071 0.1023 -0.7880
vn -0.6023 -0.1312 -0.7874
vn -0.9715 0.0570 -0.2302
vn 0.1100 0.9593 -0.2600
vn 0.5440 0.7108 0.4459
vn -0.0647 0.2340 0.9701
vn -0.0197 0.1519 0.9882
vn -0.0536 0.2338 0.9708
vn 0.5954 0.1144 0.7952
vn 0.6515 0.0512 0.7569
vn 0.9519 0.0079 0.3064
vn 0.9807 -0.0047 0.1952
vn 0.7663 -0.1600 -0.6223
vn 0.0003 -0.1914 -0.9815
vn 0.0294 -0.1745 -0.9842
vn 0.0245 -0.1643 -0.9861
vn 0.0113 -0.1695 -0.9855
vn -0.0990 0.5658 -0.8185
vn 0.0380 0.5584 -0.8287
vn 0.0397 -0.1502 -0.9879
vn 0.0178 -0.1631 -0.9865
vn -0.1827 0.9307 -0.3169
vn -0.5675 0.7462 -0.3481
vn -0.5640 0.7564 -0.3314
vn -0.1776 0.9327 -0.3138
vn -0.3692 0.4327 -0.8225
vn -0.0083 0.8792 0.4764
vn 0.0239 0.9594 -0.2809
vn -0.0365 0.1947 0.9802
vn 0.0555 0.1758 0.9829
vn 0.0513 0.0845 0.9951
vn 0.0543 -0.2451 -0.9680
vn 0.0565 -0.2654 -0.9625
vn 0.0200 -0.1930 -0.9810
vn 0.0663 -0.2663 -0.9616
vn 0.0163 0.9594 -0.2814
vn 0.0204 0.9598 -0.2799
vn 0.0372 -0.1819 -0.9826
vn 0.1076 0.8635 0.4928
vn 0.0916 0.9572 -0.2746
vn -0.0372 0.1097 0.9933
vn 0.0179 -0.2219 -0.9749
vn -0.3980 -0.5824 -0.7088
vn -0.6702 -0.7062 -0.2280
vn -0.9467 0.0027 -0.3221
vn -0.4889 0.0020 -0.8723
vn -0.7356 -0.6705 -0.0968
vn -0.9869 0.0984 -0.1281
vn -0.9823 0.0744 -0.1721
vn -0.7308 -0.6701 -0.1302
vn -0.6876 -0.7054 -0.1719
vn -0.6930 -0.7038 -0.1561
vn -0.9755 0.0005 -0.2198
vn -0.9701 -0.0010 -0.2428
vn -0.6900 -0.6175 0.3776
vn -0.7352 -0.1958 0.6490
vn -0.9776 0.1156 0.1760
vn -0.9892 0.0872 0.1177
vn -0.3962 0.4237 -0.8146
vn -0.4886 0.0027 -0.8725
vn -0.9475 0.0158 -0.3193
vn -0.5904 0.6304 -0.5040
vn -0.5734 0.1950 0.7957
vn -0.6804 0.5841 0.4426
vn -0.9751 0.1181 0.1878
vn -0.7331 -0.2292 0.6404
vn -0.9833 0.0806 -0.1631
vn -0.9869 0.0989 -0.1272
vn -0.9879 0.1031 -0.1161
vn -0.9847 0.0793 -0.1553
vn -0.6245 0.7379 -0.2560
vn -0.9798 0.0986 -0.1741
vn -0.9803 0.1117 -0.1632
vn -0.6346 0.7516 -0.1801
vn -0.6011 0.6501 -0.4648
vn -0.9545 0.0433 -0.2951
vn -0.9600 0.0920 -0.2643
vn -0.5995 0.6765 -0.4277
vn -0.9774 0.0840 -0.1942
vn -0.9780 0.0877 -0.1895
vn -0.9766 0.1084 -0.1859
vn -0.9760 0.1078 -0.1890
vn -0.9793 0.0876 -0.1822
vn -0.9765 0.1150 -0.1821
vn -0.4894 0.0016 -0.8721
vn -0.4888 0.0013 -0.8724
vn -0.9467 0.0040 -0.3220
vn -0.9465 0.0114 -0.3226
vn -0.9707 0.0208 -0.2396
vn -0.9760 0.0275 -0.2158
vn -0.9771 0.0572 -0.2048
vn -0.9727 0.0451 -0.2278
vn -0.9736 0.1282 0.1891
vn -0.7286 -0.1996 0.6552
vn -0.6858 0.6970 0.2095
vn -0.6625 0.7471 0.0545
vn -0.9893 0.1231 -0.0780
vn -0.9922 0.1233 -0.0176
vn -0.9887 0.1270 -0.0798
vn -0.9902 0.1369 -0.0276
vn -0.9963 0.0618 0.0596
vn -0.9996 0.0252 0.0129
vn -0.9973 0.0586 0.0442
vn -0.9939 0.0922 0.0601
vn -0.6757 -0.7035 -0.2202
vn -0.9507 0.0018 -0.3101
vn -0.9517 0.0138 -0.3068
vn -0.9513 0.0318 -0.3067
vn -0.9681 0.1158 -0.2222
vn -0.9687 0.0964 -0.2289
vn -0.9582 0.1033 -0.2668
vn -0.6088 0.7018 -0.3698
vn -0.9510 0.0062 -0.3093
vn -0.9619 0.0134 -0.2730
vn -0.9638 0.0287 -0.2650
vn -0.9615 -0.0001 -0.2747
vn -0.9790 0.1019 -0.1768
vn -0.9793 0.1066 -0.1720
vn -0.9791 0.0471 -0.1978
vn -0.9802 0.0678 -0.1861
vn -0.9779 0.0264 -0.2076
vn -0.9801 0.1039 -0.1690
vn -0.9788 0.1024 -0.1772
vn -0.9774 0.1097 -0.1807
vn -0.9780 0.1168 -0.1729
vn -0.9771 0.1031 -0.1862
vn -0.9759 0.1110 -0.1878
vn -0.9877 0.1279 -0.0900
vn -0.9883 0.1229 -0.0900
vn -0.9843 0.1242 -0.1257
vn -0.9837 0.1185 -0.1353
vn -0.6486 0.7572 -0.0778
vn -0.9765 0.0924 -0.1946
vn -0.9754 0.1008 -0.1959
vn -0.9863 0.0992 -0.1321
vn -0.9249 0.2688 -0.2689
vn -0.8150 0.5646 -0.1304
vn -0.9834 0.0963 -0.1540
vn -0.9862 0.1240 -0.1098
vn -0.9454 -0.0731 -0.3175
vn -0.7623 0.0974 -0.6398
vn -0.9824 0.1219 -0.1416
vn -0.9965 -0.0779 0.0311
vn -0.8684 -0.4761 -0.1385
vn -0.9780 0.1075 -0.1785
vn -0.9605 0.2780 -0.0159
vn -0.9292 0.1130 0.3520
vn -0.8989 0.2618 -0.3513
vn -0.7927 0.5820 -0.1812
vn -0.9746 0.0759 -0.2105
vn -0.9324 -0.0610 -0.3564
vn -0.7479 0.0976 -0.6566
vn -0.9661 0.1101 -0.2336
vn -0.9967 -0.0810 0.0006
vn -0.8609 -0.4849 -0.1539
vn -0.9726 0.1094 -0.2051
vn -0.9690 0.0545 -0.2411
vn -0.9681 0.2483 -0.0338
vn -0.9379 0.0780 0.3379
vn -0.9682 0.0713 -0.2398
vn -0.9678 0.0847 -0.2369
vn -0.9355 0.0843 0.3431
vn -0.9338 0.0882 0.3466
vn -0.7433 0.0935 -0.6624
vn -0.9839 0.1084 -0.1424
vn -0.7977 0.0956 -0.5954
vn -0.7973 0.5839 -0.1530
vn -0.9807 0.0867 -0.1750
vn -0.9838 0.1065 -0.1445
vn -0.8657 -0.4875 -0.1138
vn -0.7944 0.5779 -0.1870
vn -0.9729 0.0652 -0.2220
vn -0.9758 0.1032 -0.1929
vn -0.8661 -0.4755 -0.1544
vn -0.9509 0.0495 -0.3056
vn -0.9463 0.0192 -0.3228
vn -0.4887 0.0031 -0.8725
vn -0.6261 0.7138 -0.3137
vn -0.7657 -0.6419 0.0402
vn -0.9884 0.1135 0.1014
vn -0.9834 0.1282 0.1281
vn -0.9890 0.1305 0.0699
vn -0.9770 0.1233 0.1738
vn -0.9820 0.1320 0.1351
vn -0.9818 0.1437 0.1238
vn -0.9763 0.1342 0.1697
vn -0.6841 0.5863 0.4339
vn -0.6830 0.6147 0.3945
vn -0.9800 0.1306 0.1501
vn -0.9857 0.1386 0.0953
vn -0.9757 0.1226 0.1817
vn -0.7366 -0.6725 -0.0720
vn -0.9885 0.0994 -0.1138
vn -0.5615 0.5806 -0.5895
vn -0.4261 0.9006 -0.0858
vn -0.5203 -0.5649 -0.6405
vn -0.3711 0.0522 -0.9271
vn -0.6800 -0.5634 0.4694
vn -0.4445 -0.8944 -0.0489
vn -0.6460 0.6237 0.4401
vn -0.6094 0.0708 0.7897
vn -0.4385 0.6074 -0.6624
vn -0.3930 0.9139 -0.1018
vn -0.5023 -0.5542 -0.6638
vn -0.3090 0.0531 -0.9496
vn -0.6931 -0.5420 0.4753
vn -0.4407 -0.8957 -0.0588
vn -0.6570 0.6217 0.4264
vn -0.6281 0.0558 0.7761
vn -0.6244 0.0582 0.7789
vn -0.6151 0.0294 0.7879
vn -0.3049 0.0518 -0.9510
vn -0.3987 0.0587 -0.9152
vn -0.4110 0.9069 -0.0930
vn -0.4365 -0.8986 -0.0441
vn -0.3964 0.9119 -0.1065
vn -0.4465 -0.8926 -0.0628
vn -0.2078 0.9765 -0.0567
vn -0.2622 0.6817 -0.6830
vn 0.0903 0.6766 -0.7308
vn 0.0030 0.9997 -0.0226
vn -0.1261 0.0243 -0.9917
vn -0.2896 -0.6585 -0.6946
vn 0.0827 -0.7379 -0.6698
vn 0.1226 -0.0036 -0.9925
vn -0.2342 -0.9721 -0.0111
vn -0.4431 -0.6735 0.5917
vn -0.0989 -0.7406 0.6646
vn -0.0046 -0.9995 0.0320
vn -0.3910 0.0430 0.9194
vn -0.4464 0.7021 0.5548
vn -0.1061 0.6940 0.7121
vn -0.1474 0.0125 0.9890
vn -0.2005 0.9778 -0.0616
vn -0.2254 0.6766 -0.7010
vn 0.1200 0.6850 -0.7186
vn 0.0031 0.9998 -0.0176
vn -0.0742 0.0276 -0.9969
vn -0.2491 -0.6595 -0.7092
vn 0.1090 -0.7487 -0.6539
vn 0.1645 -0.0005 -0.9864
vn -0.2278 -0.9736 -0.0161
vn -0.4756 -0.6369 0.6067
vn -0.1339 -0.7060 0.6955
vn -0.0054 -0.9996 0.0292
vn -0.4212 0.0397 0.9061
vn -0.4582 0.7012 0.5463
vn -0.1343 0.7034 0.6980
vn -0.1889 0.0215 0.9818
vn -0.4189 0.0406 0.9071
vn -0.1890 0.0222 0.9817
vn -0.3946 -0.0007 0.9189
vn -0.1472 -0.0403 0.9883
vn -0.0722 0.0277 -0.9970
vn 0.1646 0.0017 -0.9864
vn -0.1234 0.0263 -0.9920
vn 0.1226 -0.0041 -0.9924
vn -0.2054 0.9769 -0.0589
vn 0.0032 0.9997 -0.0225
vn -0.2402 -0.9706 -0.0165
vn -0.0029 -0.9998 0.0221
vn -0.2001 0.9777 -0.0640
vn 0.0036 0.9998 -0.0194
vn -0.2324 -0.9724 -0.0201
vn -0.0045 -0.9997 0.0257
vn -0.9926 0.1089 0.0537
vn -0.9970 0.0717 0.0304
vn -0.9990 0.0277 -0.0357
vn -0.9880 0.1049 -0.1131
vn -0.9927 0.0844 -0.0860
vn -0.9952 0.0635 -0.0747
vn -0.9918 0.0980 -0.0816
vn -0.7367 -0.6676 -0.1071
vn -0.9878 0.1070 -0.1135
vn -0.9972 0.0689 -0.0279
vn -0.9950 0.0992 -0.0146
vn -0.9882 0.0987 -0.1169
vn -0.9923 0.0966 -0.0771
vn -0.9957 -0.0052 -0.0929
vn -0.9794 0.0917 -0.1800
vn -0.9787 0.0876 -0.1858
vn -0.9747 0.1008 -0.1995
vn -0.9757 0.1045 -0.1925
vn -0.0039 -0.9997 0.0222
vn -0.1739 -0.9847 -0.0139
vn -0.1742 -0.9847 -0.0099
vn -0.1726 -0.0039 0.9850
vn -0.3993 0.0240 0.9165
vn -0.3993 0.0215 0.9166
vn -0.1726 -0.0021 0.9850
vn 0.0038 0.9998 -0.0216
vn -0.1570 0.9864 -0.0491
vn -0.1564 0.9863 -0.0522
vn 0.1724 -0.0152 -0.9849
vn -0.0613 0.0028 -0.9981
vn -0.0623 0.0064 -0.9980
vn 0.1724 -0.0148 -0.9849
vn -0.5118 -0.8547 -0.0869
vn -0.9161 -0.3585 -0.1798
vn -0.9154 -0.3655 -0.1686
vn -0.5116 -0.8557 -0.0774
vn -0.7689 0.0679 0.6358
vn -0.7672 0.0719 0.6373
vn -0.9862 0.1072 0.1261
vn -0.9866 0.1037 0.1258
vn -0.4645 0.8798 -0.1013
vn -0.8604 0.4821 -0.1652
vn -0.8555 0.4879 -0.1733
vn -0.4618 0.8804 -0.1078
vn -0.4960 0.0382 -0.8675
vn -0.8745 0.0716 -0.4797
vn -0.8758 0.0758 -0.4767
vn -0.4973 0.0439 -0.8665
vn -0.1251 -0.6889 0.7140
vn -0.3802 -0.6608 0.6471
vn -0.1342 -0.6792 -0.7215
vn 0.1228 -0.7021 -0.7014
vn 0.1205 0.7154 -0.6883
vn -0.1059 0.6681 -0.7365
vn -0.3483 0.6856 0.6392
vn -0.1159 0.7408 0.6617
vn -0.7544 -0.5289 0.3888
vn -0.9585 -0.2814 0.0459
vn -0.8702 -0.3021 -0.3891
vn -0.5679 -0.5465 -0.6155
vn -0.5246 0.5821 -0.6213
vn -0.8276 0.4022 -0.3915
vn -0.9061 0.4184 0.0629
vn -0.7044 0.5979 0.3824
vn -0.8808 -0.3391 -0.3305
vn -0.5843 -0.0238 -0.8112
vn -0.9354 -0.2412 0.2585
vn -0.7454 -0.6656 -0.0374
vn -0.8145 0.0556 0.5775
vn -0.7901 0.0304 0.6122
vn -0.7473 -0.6644 -0.0126
vn -0.7118 -0.6993 -0.0660
vn -0.5545 -0.0245 -0.8318
vn -0.4516 -0.5840 -0.6745
vn -0.9909 0.1347 0.0046
vn -0.9896 0.1238 -0.0729
vn -0.9897 0.1403 0.0279
vn -0.9879 0.1446 0.0563
vn -0.9899 0.1325 -0.0505
vn -0.9889 0.1309 0.0700
vn -0.6951 0.6384 0.3307
vn -0.9858 0.0668 -0.1541
vn -0.9818 0.0648 -0.1786
vn -0.9789 0.0657 -0.1936
vn -0.9752 0.0541 -0.2145
vn -0.9683 0.0378 -0.2469
vn -0.9607 0.0311 -0.2757
vn -0.9891 0.0909 -0.1158
vn -0.9567 0.0532 -0.2862
vn -0.9560 0.0738 -0.2840
vn 0.1553 -0.7071 -0.6899
vn 0.2196 0.0003 -0.9756
vn -0.0000 -1.0000 0.0002
vn 0.0003 -1.0000 -0.0013
vn -0.1550 -0.8304 0.5352
vn -0.2048 -0.4366 0.8760
vn 0.1861 0.5313 -0.8265
vn 0.2196 0.0004 -0.9756
vn 0.0940 0.9037 -0.4176
vn -0.1198 0.8382 0.5320
vn -0.1195 0.8389 0.5310
vn -0.1899 -0.5023 0.8436
vn -0.2148 0.2083 0.9542
vn 0.0242 0.9939 -0.1072
vn 0.0457 0.9781 -0.2028
vn 0.0830 0.9258 -0.3687
vn 0.0895 0.9133 -0.3974
vn 0.2197 0.0003 -0.9756
vn 0.2196 0.0002 -0.9756
vn -0.1956 -0.4543 0.8691
vn -0.1129 0.8579 0.5013
vn -0.0960 0.8876 0.4505
vn -0.7598 -0.6501 0.0088
vn -0.0485 -0.9987 0.0154
vn -0.0568 -0.9982 0.0185
vn 0.0717 0.9452 -0.3186
vn -0.6850 -0.7018 -0.1955
vn -0.6987 -0.6996 -0.1496
vn -0.0004 -1.0000 0.0019
vn -0.0341 0.9860 0.1629
vn -0.0018 1.0000 0.0081
vn 0.2197 0.0004 -0.9756
vn 0.0603 0.9616 -0.2677
vn -0.7278 -0.2005 0.6558
vn -0.1965 -0.4464 0.8730
vn -0.0041 -0.9998 0.0183
vn 0.0017 -1.0000 -0.0077
vn -0.0162 -0.9998 0.0123
vn 0.1466 -0.7445 -0.6513
vn 0.2193 -0.0517 -0.9743
vn -0.1813 -0.7070 0.6836
vn -0.0304 -0.9994 0.0188
vn -0.7105 -0.5693 0.4136
vn -0.1486 -0.7364 0.6601
vn -0.2195 -0.0318 0.9751
vn -0.2199 -0.0490 0.9743
vn -0.0111 -0.9998 0.0145
vn 0.2196 -0.0204 -0.9754
vn 0.1537 -0.7143 -0.6828
vn -0.0697 0.9369 0.3425
vn 0.1608 -0.6813 -0.7142
vn 0.0003 -1.0000 -0.0012
vn -0.1385 -0.7763 0.6150
vn -0.1973 -0.4392 0.8765
vn 0.1882 0.5151 -0.8362
vn 0.0941 0.9035 -0.4180
vn -0.1198 0.8382 0.5321
vn -0.1196 0.8388 0.5311
vn -0.1888 -0.5107 0.8388
vn -0.2143 0.2191 0.9519
vn 0.0237 0.9942 -0.1051
vn 0.0452 0.9786 -0.2008
vn 0.0830 0.9258 -0.3688
vn 0.0895 0.9131 -0.3978
vn -0.1955 -0.4555 0.8685
vn -0.1139 0.8551 0.5059
vn -0.0937 0.8865 0.4531
vn -0.0010 -1.0000 0.0044
vn -0.0042 -0.9998 0.0188
vn 0.0716 0.9453 -0.3182
vn -0.0004 -1.0000 0.0020
vn -0.0323 0.9849 0.1702
vn -0.0027 0.9999 0.0122
vn 0.0602 0.9618 -0.2672
vn -0.1965 -0.4468 0.8728
vn -0.0043 -0.9998 0.0191
vn 0.0022 -1.0000 -0.0097
vn 0.1597 -0.6862 -0.7097
vn 0.2193 -0.0515 -0.9743
vn -0.1469 -0.7434 0.6525
vn -0.0044 -0.9998 0.0197
vn -0.1607 -0.6814 0.7140
vn -0.2193 -0.0503 0.9744
vn -0.0038 -0.9999 0.0167
vn 0.1507 -0.7275 -0.6693
vn -0.0621 0.9368 0.3443
vn -0.9886 0.1202 -0.0904
vn -0.9892 0.1122 -0.0943
vn -0.9794 0.0918 -0.1799
vn -0.1738 -0.9847 -0.0139
vn -0.1741 -0.9847 -0.0099
vn -0.1727 -0.0039 0.9850
vn -0.3992 0.0240 0.9165
vn -0.3994 0.0215 0.9165
vn -0.1569 0.9864 -0.0491
vn -0.1563 0.9863 -0.0522
vn -0.0616 0.0028 -0.9981
vn 0.1725 -0.0148 -0.9849
vn -0.5117 -0.8547 -0.0869
vn -0.7689 0.0679 0.6357
vn -0.7672 0.0719 0.6374
vn -0.4644 0.8798 -0.1013
vn -0.8555 0.4880 -0.1733
vn -0.4962 0.0383 -0.8673
vn -0.8758 0.0759 -0.4767
vn -0.1341 -0.6793 -0.7215
vn 0.1205 0.7154 -0.6882
vn -0.3482 0.6857 0.6392
vn -0.1160 0.7408 0.6617
vn -0.8702 -0.3022 -0.3891
vn -0.5678 -0.5466 -0.6155
vn -0.7046 0.5978 0.3824
vn 0.9733 0.0130 0.2290
vn 0.9697 0.0209 0.2435
vn 0.9792 0.0447 0.1979
vn 0.9812 0.0605 0.1831
vn 0.9425 -0.0165 0.3337
vn 0.9297 -0.1696 0.3269
vn 0.9567 -0.0488 0.2870
vn 0.9591 -0.0120 0.2829
vn 0.8079 0.1497 -0.5699
vn 0.7987 0.1852 -0.5725
vn 0.9625 0.2557 0.0911
vn 0.9739 0.2036 0.1007
vn 0.9822 0.0935 0.1629
vn 0.9807 0.1347 0.1417
vn 0.7123 -0.6781 0.1813
vn 0.7223 -0.6753 0.1490
vn 0.9823 0.1293 0.1358
vn 0.6661 0.7439 -0.0545
vn 0.6634 0.7475 0.0332
vn 0.9786 0.0756 0.1911
vn 0.3689 -0.7046 0.6061
vn 0.6394 -0.6998 0.3186
vn 0.8999 -0.0361 0.4345
vn 0.8693 -0.0639 0.4901
vn 0.5515 0.6183 0.5600
vn 0.5267 0.6075 0.5946
vn 0.8990 -0.0457 0.4356
vn 0.9173 -0.0390 0.3963
vn 0.5823 -0.7870 0.2039
vn 0.6586 -0.7244 0.2039
vn 0.9626 0.0232 0.2698
vn 0.6402 0.7387 0.2109
vn 0.5776 0.6973 0.4244
vn 0.9392 -0.0154 0.3429
vn 0.7799 0.2268 -0.5834
vn 0.5981 0.6001 -0.5312
vn 0.5563 0.8242 -0.1059
vn 0.9452 0.3215 0.0562
vn 0.7347 -0.6673 0.1224
vn 0.7580 -0.6514 0.0350
vn 0.9772 0.1672 0.1311
vn 0.9773 0.1907 0.0920
vn 0.6529 0.7524 -0.0866
vn 0.5744 -0.7909 0.2110
vn 0.9191 -0.1608 0.3598
vn 0.9382 -0.0113 0.3459
vn 0.9306 -0.0076 0.3660
vn 0.8965 -0.0156 0.4428
vn 0.9154 -0.0105 0.4023
vn 0.4973 0.6449 0.5803
vn 0.1822 0.1481 0.9721
vn 0.4411 -0.4022 0.8023
vn 0.8935 -0.0335 0.4479
vn 0.3199 -0.3623 0.8755
vn 0.8725 -0.0406 0.4869
vn 0.6686 -0.6873 0.2839
vn 0.7700 -0.5451 -0.3316
vn 0.8924 -0.0066 -0.4512
vn 0.9156 0.0056 0.4020
vn 0.9030 -0.0455 -0.4272
vn 0.9307 -0.3609 0.0606
vn 0.9146 -0.0007 0.4044
vn 0.9149 -0.0174 0.4033
vn 0.6518 -0.7034 0.2836
vn 0.7102 -0.3208 0.6266
vn 0.9310 -0.0266 0.3641
vn 0.9307 -0.0222 0.3652
vn 0.4247 -0.0158 0.9052
vn 0.4595 -0.0817 0.8844
vn 0.9260 -0.0304 0.3764
vn 0.3066 -0.6324 0.7114
vn 0.2871 -0.4107 0.8654
vn 0.8546 -0.0556 0.5163
vn 0.8987 -0.0144 0.4383
vn 0.9174 0.0030 0.3980
vn 0.9275 -0.0076 0.3739
vn 0.6628 -0.7030 0.2577
vn 0.7840 0.2089 -0.5845
vn 0.9535 0.2933 0.0692
vn 0.9785 0.1737 0.1115
vn 0.9832 0.0926 0.1572
vn 0.9772 0.0396 0.2085
vn 0.9606 0.0059 0.2778
vn 0.6286 0.7699 -0.1101
vn 0.0256 0.9762 -0.2153
vn 0.0291 0.9740 -0.2247
vn 0.7710 -0.1836 -0.6098
vn 0.2457 -0.3481 -0.9047
vn 0.2511 0.0217 -0.9677
vn -0.4155 0.1665 0.8942
vn -0.3242 -0.5896 0.7398
vn 0.0265 0.9768 -0.2126
vn 0.0059 0.9909 -0.1347
vn -0.0403 0.9986 0.0351
vn -0.1097 0.9612 0.2531
vn -0.1656 0.9115 0.3764
vn 0.0242 -0.9996 0.0143
vn 0.0250 -0.9996 0.0122
vn 0.0269 -0.9996 0.0079
vn 0.0280 -0.9996 0.0073
vn 0.0304 -0.9995 0.0001
vn 0.7682 -0.5790 -0.2732
vn 0.1481 -0.8694 -0.4714
vn 0.2501 0.0252 -0.9679
vn 0.2502 0.0238 -0.9679
vn 0.1752 0.6401 -0.7480
vn 0.2984 -0.3719 0.8790
vn -0.3604 -0.4792 0.8003
vn -0.3539 -0.4783 0.8038
vn 0.2500 -0.6837 -0.6856
vn 0.3066 0.0011 -0.9518
vn 0.3121 -0.0393 -0.9492
vn 0.2430 -0.7142 -0.6564
vn 0.0282 -0.9996 -0.0014
vn -0.2048 -0.6750 0.7089
vn -0.2909 0.0091 0.9567
vn -0.1730 -0.7323 0.6586
vn 0.0296 -0.9996 -0.0036
vn -0.2840 -0.0218 0.9586
vn -0.2036 0.8998 0.3860
vn 0.0205 -0.9994 0.0296
vn 0.0330 -0.9995 0.0006
vn -0.3298 -0.5329 0.7793
vn -0.1618 -0.8877 0.4311
vn 0.0092 -0.9988 0.0472
vn -0.1888 0.9056 0.3797
vn 0.2491 0.0255 -0.9681
vn 0.0262 0.9763 -0.2147
vn 0.0295 0.9739 -0.2249
vn 0.2489 -0.3169 -0.9152
vn 0.2523 0.0221 -0.9674
vn -0.4153 0.1540 0.8966
vn -0.3212 -0.5879 0.7424
vn 0.0266 0.9766 -0.2132
vn 0.0065 0.9905 -0.1373
vn -0.0408 0.9985 0.0362
vn -0.1107 0.9597 0.2582
vn -0.1657 0.9106 0.3787
vn 0.0245 -0.9996 0.0142
vn 0.0250 -0.9996 0.0124
vn 0.0268 -0.9996 0.0079
vn 0.0286 -0.9996 0.0074
vn 0.0317 -0.9995 -0.0001
vn 0.1519 -0.8624 -0.4829
vn 0.2496 0.0259 -0.9680
vn 0.2504 0.0232 -0.9679
vn 0.1601 0.7010 -0.6950
vn -0.3536 -0.4793 0.8032
vn -0.3472 -0.4756 0.8083
vn 0.2739 -0.6640 -0.6957
vn 0.3399 0.0174 -0.9403
vn 0.3457 -0.0412 -0.9374
vn 0.2666 -0.7100 -0.6518
vn 0.0340 -0.9994 0.0005
vn -0.2014 -0.6838 0.7014
vn -0.3007 0.0111 0.9536
vn -0.1912 -0.7063 0.6817
vn 0.0304 -0.9995 -0.0039
vn -0.2972 -0.0288 0.9544
vn -0.2050 0.8993 0.3864
vn 0.0210 -0.9993 0.0302
vn 0.0333 -0.9994 0.0025
vn -0.3251 -0.5289 0.7840
vn -0.1627 -0.8824 0.4415
vn 0.0160 -0.9987 0.0484
vn -0.1899 0.9049 0.3808
vn 0.2479 0.0235 -0.9685
vn 0.9694 0.2181 0.1123
vn 0.9602 0.2754 0.0471
vn 0.9628 0.2575 0.0817
vn 0.0227 0.9786 -0.2047
vn 0.0537 -0.9942 -0.0928
vn 0.0230 0.9787 -0.2041
vn 0.0553 -0.9938 -0.0960
vn 0.8575 -0.0594 0.5111
vn 0.8975 -0.0136 0.4409
vn 0.1565 -0.7071 -0.6896
vn 0.1628 -0.7052 -0.6901
vn 0.1572 -0.7074 -0.6891
vn 0.1540 -0.7057 -0.6916
vn -0.5179 -0.5665 -0.6410
vn 0.1509 -0.7076 -0.6903
vn 0.1334 -0.7108 -0.6906
vn 0.1481 -0.7080 -0.6905
vn 0.1308 -0.7038 -0.6983
vn 0.1086 -0.7033 -0.7025
vn 0.0769 -0.7007 -0.7093
vn 0.0381 -0.7013 -0.7118
vn 0.1507 -0.7095 -0.6884
vn 0.6755 -0.5789 -0.4568
vn 0.6961 -0.7071 0.1241
vn 0.5848 -0.6773 0.4464
vn 0.3318 -0.6403 0.6928
vn 0.0584 -0.7002 0.7116
vn -0.0035 -0.6948 0.7192
vn -0.7292 -0.6739 0.1186
vn -0.0222 -0.6977 -0.7161
vn 0.0138 -0.7053 -0.7088
vn -0.1000 -0.7006 0.7065
vn -0.5191 -0.6073 0.6014
vn 0.6960 -0.7074 0.1233
vn 0.6955 -0.7091 0.1161
vn 0.6960 -0.7071 0.1246
vn 0.3624 -0.9000 -0.2422
vn 0.0373 -0.7181 -0.6949
vn 0.0179 -0.7026 -0.7113
vn 0.6983 -0.7078 0.1066
vn 0.6994 -0.7070 0.1051
vn 0.2318 -0.9089 0.3466
vn -0.1508 -0.7071 0.6909
vn -0.1508 -0.7071 0.6908
vn -0.1506 -0.7070 0.6909
vn -0.1496 -0.7068 0.6914
vn -0.1496 -0.7075 0.6907
vn -0.3473 -0.9166 0.1978
vn -0.6703 -0.7077 -0.2232
vn -0.6715 -0.7064 -0.2240
vn -0.6700 -0.7071 -0.2260
vn -0.6711 -0.7071 -0.2227
vn -0.2774 -0.8687 -0.4105
vn -0.6676 -0.7053 -0.2383
vn -0.6641 -0.7071 -0.2429
vn 0.2678 -0.7885 0.5536
vn 0.5360 -0.7392 0.4079
vn 0.0580 -0.7150 0.6967
vn -0.0612 -0.7130 0.6985
vn -0.0047 -0.7197 0.6943
vn -0.1028 -0.7150 0.6916
vn -0.3550 -0.8418 0.4066
vn -0.2314 -0.9315 -0.2807
vn -0.6613 -0.7413 0.1145
vn 0.1511 -0.7066 -0.6913
vn 0.1534 -0.7085 -0.6888
vn 0.1573 -0.7069 -0.6896
vn 0.3265 -0.9346 -0.1413
vn 0.1619 -0.7090 -0.6863
vn 0.7576 -0.5643 -0.3279
vn 0.0000 -0.9232 -0.0000
vn 0.5852 -0.6776 0.4453
vn -0.5355 -0.7393 -0.4081
vn -0.3265 -0.9346 0.1414
vn 0.3344 -0.6405 0.6914
vn -0.2667 -0.7886 -0.5540
vn 0.0592 -0.6994 0.7123
vn -0.0576 -0.7146 -0.6972
vn -0.0049 -0.6950 0.7190
vn -0.0622 -0.7014 0.7101
vn 0.0607 -0.7129 -0.6986
vn 0.0040 -0.7198 -0.6942
vn -0.1051 -0.6994 0.7069
vn -0.5220 -0.6083 0.5979
vn 0.3530 -0.8426 -0.4066
vn 0.1006 -0.7144 -0.6925
vn -0.7263 -0.6758 0.1258
vn 0.6607 -0.7424 -0.1113
vn -0.5245 -0.5656 -0.6363
vn 0.2317 -0.9305 0.2836
vn -0.1511 -0.7066 0.6913
vn -0.1534 -0.7085 0.6888
vn 0.1572 -0.7074 -0.6892
vn -0.1573 -0.7069 0.6896
vn -0.1565 -0.7071 0.6896
vn -0.1619 -0.7090 0.6863
vn -0.7576 -0.5643 0.3279
vn -0.5850 -0.6775 -0.4459
vn 0.5350 -0.7396 0.4084
vn 0.3266 -0.9345 -0.1414
vn -0.3331 -0.6404 -0.6921
vn 0.2655 -0.7888 0.5544
vn -0.0588 -0.6998 -0.7119
vn 0.0572 -0.7142 0.6976
vn 0.0042 -0.6949 -0.7191
vn 0.0617 -0.7014 -0.7101
vn -0.0601 -0.7129 0.6987
vn -0.0034 -0.7198 0.6941
vn 0.1026 -0.7000 -0.7067
vn 0.5206 -0.6078 -0.5996
vn -0.3509 -0.8435 0.4066
vn -0.0981 -0.7138 0.6935
vn 0.7276 -0.6749 -0.1225
vn -0.6599 -0.7436 0.1073
vn 0.5215 -0.5660 0.6384
vn -0.2319 -0.9294 -0.2870
vn -0.1509 -0.7076 0.6903
vn -0.1540 -0.7057 0.6916
vn -0.1572 -0.7074 0.6892
vn -0.1628 -0.7052 0.6901
vn -0.0611 -0.7014 0.7101
vn 0.7012 -0.7028 0.1196
vn 0.6960 -0.7034 0.1445
vn 0.6903 -0.7053 0.1612
vn 0.6880 -0.7032 0.1793
vn 0.6812 -0.6985 0.2191
vn 0.6586 -0.6946 0.2895
vn 0.6133 -0.7116 0.3428
vn 0.5321 -0.7272 0.4336
vn 0.2973 -0.7552 0.5842
vn 0.0597 -0.8172 0.5732
vn 0.0013 -0.8388 0.5445
vn -0.0402 -0.8659 0.4987
vn -0.1045 -0.8476 0.5203
vn -0.5057 -0.7188 0.4771
vn -0.7030 -0.6972 0.1404
vn -0.7268 -0.6864 -0.0253
vn -0.7063 -0.6965 -0.1267
vn -0.6903 -0.7019 -0.1754
vn -0.6814 -0.7029 -0.2040
vn -0.6734 -0.7055 -0.2209
vn -0.1553 -0.7071 0.6898
vn 0.4358 -0.5774 0.6904
vn 0.5338 0.0000 0.8456
vn -0.6873 -0.7072 -0.1656
vn -0.6939 -0.5765 0.4314
vn -0.8492 0.0000 0.5280
vn -0.9722 0.0000 -0.2342
vn 0.1582 -0.7071 -0.6892
vn -0.4294 -0.5779 -0.6940
vn -0.5262 0.0000 -0.8504
vn 0.2238 0.0000 -0.9746
vn 0.6896 -0.7071 0.1564
vn 0.6913 -0.5775 -0.4344
vn 0.8467 0.0000 -0.5321
vn 0.9752 0.0000 0.2212
vn -0.6875 -0.7070 -0.1656
vn -0.5262 -0.0000 -0.8503
vn 0.8467 0.0000 -0.5320
vn 0.2578 -0.9532 -0.1581
vn 0.1323 -0.7982 -0.5877
vn 0.1656 -0.9505 0.2629
vn 0.5817 -0.8015 0.1383
vn -0.2624 -0.9511 0.1629
vn -0.1353 -0.7965 0.5893
vn -0.1654 -0.9515 -0.2595
vn -0.5809 -0.8032 -0.1319
vn 0.5780 -0.8039 0.1401
vn -0.5806 -0.8035 -0.1315
vn -0.2767 -0.9456 0.1709
vn -0.1378 -0.7787 0.6120
vn -0.5904 -0.7972 -0.1263
vn -0.5901 -0.7974 -0.1262
vn 0.1397 -0.7797 -0.6104
vn -0.1753 -0.9478 -0.2664
vn 0.1767 -0.9463 0.2708
vn 0.5872 -0.7981 0.1350
vn 0.7778 -0.3894 -0.4933
vn 0.2112 -0.2743 -0.9382
vn 0.4844 -0.3761 0.7899
vn 0.9314 -0.2880 0.2225
vn -0.7779 -0.3808 0.4999
vn -0.2155 -0.2688 0.9388
vn -0.4874 -0.3838 -0.7843
vn -0.9332 -0.2904 -0.2118
vn 0.9295 -0.2921 0.2252
vn -0.9331 -0.2908 -0.2115
vn -0.2155 -0.2683 0.9389
vn -0.1353 -0.7963 0.5895
vn 0.2753 -0.9468 -0.1665
vn 0.1398 -0.7795 -0.6106
vn 0.5873 -0.7980 0.1350
vn 0.1113 -0.7106 -0.6947
vn 0.0859 -0.7118 -0.6971
vn 0.1348 -0.7034 -0.6979
vn 0.1485 -0.7062 -0.6923
vn -0.1479 -0.7079 0.6906
vn -0.1334 -0.7108 0.6906
vn 0.6776 -0.5794 -0.4529
vn -0.3621 -0.9001 0.2422
vn -0.6960 -0.7071 -0.1246
vn 0.4546 -0.5754 0.6799
vn 0.1508 -0.7071 -0.6909
vn -0.2318 -0.9089 -0.3466
vn 0.1508 -0.7071 -0.6908
vn -0.1506 -0.7072 0.6908
vn 0.1506 -0.7070 -0.6909
vn -0.1494 -0.7074 0.6908
vn 0.1496 -0.7068 -0.6914
vn -0.1497 -0.7067 0.6914
vn 0.1496 -0.7075 -0.6907
vn -0.7127 -0.5720 0.4060
vn 0.3480 -0.9161 -0.1994
vn 0.6722 -0.7071 0.2193
vn -0.4503 -0.5943 -0.6664
vn 0.0177 -0.7116 -0.7023
vn -0.0156 -0.7030 0.7110
vn 0.2793 -0.8686 0.4094
vn 0.0384 -0.6964 -0.7166
vn -0.0368 -0.7184 0.6947
vn 0.0871 -0.7025 -0.7064
vn -0.0860 -0.7117 0.6972
vn 0.1124 -0.7036 -0.7016
vn -0.1113 -0.7106 0.6947
vn -0.1348 -0.7034 0.6979
vn -0.1482 -0.7063 0.6922
vn 0.1475 -0.7078 -0.6908
vn -0.6775 -0.5794 0.4532
vn 0.3618 -0.9002 -0.2423
vn -0.4546 -0.5754 -0.6799
vn 0.1506 -0.7072 -0.6908
vn -0.1506 -0.7070 0.6910
vn 0.1494 -0.7074 -0.6908
vn 0.1497 -0.7067 -0.6914
vn 0.7116 -0.5722 -0.4077
vn -0.3487 -0.9154 0.2012
vn -0.6736 -0.7071 -0.2152
vn 0.4532 -0.5943 0.6643
vn -0.0154 -0.7113 0.7027
vn 0.0125 -0.7036 -0.7105
vn -0.2820 -0.8683 -0.4081
vn -0.0380 -0.6962 0.7169
vn 0.0363 -0.7186 -0.6945
vn -0.0872 -0.7025 0.7063
vn 0.0860 -0.7117 -0.6972
vn -0.1124 -0.7036 0.7016
vn 0.1112 -0.7106 -0.6947
vn 0.1478 -0.7064 -0.6922
vn 0.6773 -0.5793 -0.4536
vn -0.1506 -0.7071 0.6908
vn -0.1497 -0.7068 0.6914
vn -0.7101 -0.5725 0.4098
vn 0.0123 -0.7106 -0.7034
vn -0.4572 -0.5945 -0.6615
vn 0.0374 -0.6960 -0.7171
vn 0.0872 -0.7026 -0.7063
vn 0.1124 -0.7036 -0.7017
vn 0.6721 -0.7051 0.2259
vn 0.6684 -0.7091 0.2246
vn -0.2253 -0.9044 -0.3623
vn -0.6886 -0.7071 -0.1609
vn 0.3640 -0.9047 -0.2215
vn 0.2291 -0.9024 0.3648
vn 0.7071 -0.6863 0.1703
vn -0.3608 -0.9050 0.2252
vn -0.5280 0.0000 -0.8492
vn -0.9738 0.0000 -0.2276
vn 0.8538 0.0339 -0.5195
vn 0.5316 0.0336 0.8464
vn 0.9711 0.0474 0.2340
vn -0.8483 0.0000 0.5294
vn -0.7819 -0.3309 0.5284
vn -0.2146 -0.2128 0.9532
vn -0.4878 -0.3361 -0.8056
vn -0.9413 -0.2710 -0.2013
vn 0.7856 -0.3353 -0.5200
vn 0.2179 -0.2154 -0.9519
vn 0.4813 -0.3332 0.8107
vn 0.9373 -0.2740 0.2155
vn 0.2179 -0.2158 -0.9518
vn -0.9411 -0.2715 -0.2013
vn 0.9373 -0.2738 0.2155
vn 0.6983 -0.7074 0.1095
vn -0.6699 -0.7060 -0.2296
vn -0.6674 -0.7090 -0.2277
vn -0.6710 -0.7052 -0.2289
vn -0.6695 -0.7092 -0.2209
vn -0.6735 -0.7050 -0.2222
vn 0.8718 -0.0345 0.4886
vn 0.7529 -0.1491 0.6411
vn 0.4063 -0.2863 0.8677
vn 0.0932 -0.3640 0.9267
vn -0.0043 -0.4058 0.9140
vn -0.0626 -0.4607 0.8854
vn -0.6831 -0.2460 0.6877
vn -0.9810 -0.0283 0.1920
vn -0.1686 -0.4323 0.8858
vn 0.9517 0.0106 0.3068
vn 0.9177 0.0155 0.3970
vn -0.9993 -0.0102 -0.0368
vn -0.9843 0.0000 -0.1766
vn 0.9889 0.0000 0.1486
vn -0.9692 0.0000 -0.2462
vn 0.9845 0.0000 0.1756
vn 0.9847 -0.0000 0.1744
vn 0.1501 -0.7043 -0.6939
vn 0.1836 -0.0032 -0.9830
vn 0.2140 -0.0014 -0.9768
vn 0.1064 0.0055 -0.9943
vn 0.1528 0.0000 -0.9883
vn -0.4808 -0.6030 -0.6366
vn -0.6027 0.0000 -0.7980
vn -0.0313 -0.0007 -0.9995
vn -0.9488 -0.0000 -0.3160
vn -0.9488 -0.0013 -0.3160
vn 0.9738 0.0000 0.2274
vn 0.9676 0.0006 0.2523
vn -0.9580 0.0000 -0.2867
vn -0.9502 0.0000 -0.3117
vn 0.2138 -0.0000 -0.9769
vn 0.0235 0.0058 -0.9997
vn 0.0530 0.0135 -0.9985
vn 0.9864 0.0000 0.1646
vn -0.9392 0.0000 -0.3435
vn 0.9886 0.0000 0.1509
vn -0.9478 -0.0053 -0.3187
vn -0.9464 -0.0112 -0.3229
vn 0.8284 -0.0000 -0.5602
vn 0.9791 0.0000 0.2033
vn 0.9879 0.0000 0.1549
vn -0.9407 -0.0035 -0.3393
vn 0.8826 0.0177 0.4698
vn 0.7729 -0.1095 0.6250
vn 0.3979 -0.2837 0.8724
vn 0.0587 -0.3222 0.9449
vn -0.1404 -0.3554 0.9241
vn -0.6812 -0.1791 0.7098
vn 0.9511 0.0169 0.3084
vn 0.9165 0.0435 0.3977
vn -0.9990 -0.0133 -0.0422
vn -0.9842 0.0121 -0.1765
vn -0.9693 0.0069 -0.2460
vn 0.9846 -0.0001 0.1750
vn 0.1037 0.0057 -0.9946
vn -0.0321 -0.0007 -0.9995
vn -0.9490 0.0002 -0.3152
vn 0.9676 0.0009 0.2525
vn -0.9580 0.0006 -0.2867
vn 0.2024 -0.0122 -0.9792
vn 0.2251 -0.0098 -0.9743
vn 0.0461 0.0015 -0.9989
vn 0.0598 0.0105 -0.9982
vn 0.9848 -0.0001 0.1737
vn -0.9484 0.0008 -0.3171
vn -0.9475 0.0009 -0.3197
vn 0.2142 -0.0029 -0.9768
vn 0.0170 -0.0064 -0.9998
vn -0.9948 -0.0156 0.1008
vn 0.1822 -0.0046 -0.9832
vn -0.9416 0.0038 -0.3366
vn -0.9375 0.0073 -0.3480
vn 0.6763 0.7028 0.2207
vn 0.6450 0.7132 0.2745
vn -0.7299 0.6821 -0.0435
vn -0.6979 0.7052 -0.1250
vn 0.6994 0.7070 0.1051
vn 0.7012 0.7028 0.1196
vn -0.6858 0.7067 -0.1739
vn 0.9796 0.1292 0.1539
vn 0.9798 0.1211 0.1593
vn 0.1022 0.0002 -0.9948
vn -0.0341 -0.0009 -0.9994
vn -0.6703 0.7077 -0.2232
vn -0.6706 0.7077 -0.2225
vn 0.6903 0.7053 0.1612
vn 0.6878 0.7033 0.1797
vn -0.6811 0.7033 -0.2038
vn -0.6734 0.7055 -0.2209
vn 0.0688 -0.0074 -0.9976
vn 0.0608 -0.0023 -0.9981
vn 0.8299 0.3749 0.4131
vn 0.6955 0.7091 0.1161
vn 0.6983 0.7078 0.1066
vn -0.6667 0.7114 -0.2224
vn -0.6628 0.7151 -0.2222
vn 0.2140 -0.0040 -0.9768
vn 0.8386 0.0941 -0.5365
vn 0.0041 -0.0029 -1.0000
vn 0.6960 0.7034 0.1445
vn 0.6983 0.7074 0.1095
vn -0.9380 0.3467 -0.0068
vn -0.9388 0.0073 -0.3445
vn 0.3902 -0.2923 0.8731
vn -0.0054 -0.3547 0.9350
vn -0.9799 0.0374 0.1960
vn -0.9576 0.0136 0.2878
vn -0.9473 0.0494 0.3166
vn -0.9649 0.0653 0.2545
vn -0.1471 -0.3041 0.9412
vn -0.6829 -0.1370 0.7176
vn 0.7485 -0.1527 0.6453
vn 0.3827 -0.2959 0.8752
vn 0.0330 -0.3585 0.9330
vn -0.0631 -0.3071 0.9496
vn -0.0836 -0.2939 0.9522
vn -0.7756 -0.2022 0.5980
vn -0.7747 -0.2158 0.5944
vn -0.9390 0.0527 0.3398
vn -0.9569 0.0634 0.2835
vn -0.1636 -0.2639 0.9506
vn -0.1789 -0.2521 0.9510
vn -0.6711 -0.0970 0.7350
vn -0.6813 -0.1049 0.7245
vn 0.7012 -0.1789 0.6902
vn 0.1312 0.3217 0.9377
vn 0.3223 0.2953 0.8994
vn 0.2361 0.7208 0.6516
vn 0.0996 0.7539 0.6494
vn -0.7167 0.4997 0.4865
vn -0.6450 0.4013 0.6503
vn -0.1943 0.7270 0.6586
vn -0.2281 0.7921 0.5662
vn -0.4174 0.3307 0.8464
vn -0.1022 0.3639 0.9258
vn 0.0538 0.7052 0.7070
vn -0.0513 0.7196 0.6925
vn 0.5867 0.3645 0.7231
vn 0.3495 0.7300 0.5873
vn 0.3782 -0.1970 0.9045
vn 0.1159 -0.2382 0.9643
vn -0.9555 0.0420 0.2921
vn -0.8829 -0.0112 0.4694
vn -0.2346 -0.0879 0.9681
vn -0.6120 -0.0742 0.7873
vn 0.6926 -0.0986 0.7145
vn 0.1846 0.7465 0.6393
vn 0.0921 0.7744 0.6260
vn -0.0618 0.7454 0.6638
vn -0.1047 0.7856 0.6098
vn 0.0807 0.7179 0.6914
vn 0.0263 0.7405 0.6715
vn 0.2811 0.7826 0.5554
vn -0.8245 0.4066 -0.3934
vn -0.8630 0.4753 -0.1711
vn -0.8226 0.4168 -0.3867
vn -0.5753 0.7814 -0.2416
vn -0.6880 0.5110 -0.5152
vn -0.7551 0.6551 -0.0262
vn 0.0005 0.9850 -0.1723
vn 0.1073 0.9908 -0.0824
vn 0.6630 0.6992 0.2674
vn 0.8754 0.4754 0.0878
vn 0.9303 0.2964 -0.2162
vn 0.6624 -0.1784 0.7276
vn 0.9476 0.2858 -0.1424
vn 0.9021 0.4075 -0.1421
vn 0.7394 0.6732 0.0066
vn 0.3320 0.9229 -0.1948
vn -0.0228 0.9995 -0.0211
vn 0.3560 0.9247 -0.1346
vn 0.1199 0.9450 -0.3043
vn 0.0496 0.9971 -0.0580
vn 0.0222 0.9990 -0.0399
vn -0.1190 0.6584 -0.7432
vn -0.0263 0.6740 -0.7383
vn 0.6112 0.6734 0.4160
vn 0.5925 0.7870 0.1717
vn 0.8277 0.3160 -0.4637
vn 0.9746 0.2162 -0.0585
vn 0.4227 0.9058 -0.0282
vn 0.2982 0.9544 -0.0161
vn 0.3253 0.5966 -0.7336
vn 0.5914 0.3815 -0.7104
vn -0.2519 0.6561 -0.7114
vn 0.6298 0.7767 0.0099
vn 0.7873 0.4781 -0.3894
vn -0.1054 0.6335 -0.7665
vn 0.3729 -0.2861 0.8826
vn 0.0529 -0.3435 0.9376
vn -0.2174 -0.2307 0.9484
vn -0.1007 -0.3236 0.9408
vn -0.1017 -0.1190 0.9877
vn -0.9523 0.0667 0.2979
vn -0.9005 0.0241 0.4342
vn -0.6435 -0.0921 0.7599
vn -0.7650 0.4563 -0.4544
vn 0.6658 -0.1970 0.7196
vn 0.9504 0.2718 -0.1510
vn -0.2122 -0.3613 0.9080
vn -0.1923 -0.3693 0.9092
vn -0.2507 -0.3701 0.8945
vn -0.1906 -0.3433 0.9197
vn -0.0774 -0.5468 0.8337
vn -0.0359 -0.3634 0.9309
vn 0.0852 -0.4581 0.8848
vn -0.0646 -0.5883 0.8061
vn 0.1288 -0.2734 0.9532
vn 0.2261 -0.2689 0.9363
vn 0.0969 -0.3127 0.9449
vn 0.0023 -0.2911 0.9567
vn 0.0590 -0.2645 0.9626
vn 0.1173 -0.2978 0.9474
vn -0.0304 -0.1560 0.9873
vn -0.0106 -0.0709 0.9974
vn -0.0952 -0.1903 0.9771
vn -0.0980 -0.2459 0.9643
vn -0.1485 -0.4952 0.8560
vn -0.1471 -0.4599 0.8757
vn -0.2314 -0.3775 0.8966
vn -0.2414 -0.3810 0.8925
vn 0.0604 -0.4160 0.9074
vn -0.0617 -0.5200 0.8519
vn 0.0384 -0.2867 0.9573
vn 0.1199 -0.2477 0.9614
vn 0.1990 -0.2630 0.9441
vn -0.0050 -0.1937 0.9811
vn 0.3771 -0.2993 0.8765
vn 0.0437 -0.3656 0.9298
vn -0.0856 0.4587 0.8845
vn -0.6608 0.4055 0.6316
vn -0.7900 -0.1681 0.5896
vn -0.1028 -0.2630 0.9593
vn -0.9557 0.0581 0.2886
vn -0.9241 0.0398 0.3800
vn -0.8087 0.4289 -0.4026
vn 0.9464 0.2797 -0.1613
vn -0.1668 -0.3814 0.9092
vn -0.0861 -0.4568 0.8854
vn 0.1355 -0.2788 0.9507
vn -0.8000 -0.2493 0.5458
vn -0.4430 -0.0027 0.8965
vn -0.1223 -0.3126 0.9420
vn -0.2259 -0.3701 0.9011
vn 0.7531 -0.1851 0.6313
vn 0.3195 -0.6379 0.7007
vn 0.1765 -0.2674 0.9473
vn -0.0222 -0.1458 0.9891
vn 0.0337 -0.3675 0.9294
vn 0.0239 -0.3501 0.9364
vn -0.0368 -0.3253 0.9449
vn -0.0287 -0.3389 0.9404
vn 0.0144 -0.3423 0.9395
vn -0.0091 0.4205 0.9073
vn -0.0491 0.4424 0.8955
vn -0.0467 -0.3100 0.9496
vn -0.0318 -0.9145 0.4034
vn -0.0126 -0.9266 0.3758
vn -0.0491 -0.5265 0.8488
vn -0.0593 -0.5813 0.8115
vn -0.0528 -0.5737 0.8173
vn 0.6976 -0.2326 0.6777
vn 0.6923 -0.2233 0.6862
vn 0.6915 -0.2188 0.6884
vn 0.5323 0.3746 0.7592
vn -0.3541 -0.6956 0.6251
vn -0.6127 -0.7164 0.3337
vn -0.0335 -0.8880 0.4586
vn -0.0038 -0.8982 0.4395
vn 0.0424 -0.9010 0.4317
vn 0.5965 -0.7281 0.3376
vn -0.7971 -0.2664 0.5418
vn -0.0257 0.4838 0.8748
vn -0.7044 0.6977 0.1304
vn -0.0084 0.9681 0.2502
vn -0.9960 0.0002 -0.0899
vn -0.9941 -0.0135 -0.1080
vn -0.6688 -0.6924 -0.2706
vn 0.0097 -0.9661 -0.2579
vn 0.0211 -0.9769 -0.2125
vn 0.7058 -0.7059 -0.0596
vn 0.9948 -0.0440 0.0922
vn 0.7371 -0.1465 0.6597
vn 0.9964 -0.0003 0.0844
vn 0.3499 0.0647 0.9346
vn 0.7020 0.6823 0.2041
vn -0.0121 0.4887 0.8723
vn -0.0075 0.9741 0.2261
vn -0.7067 0.7001 0.1020
vn -0.0092 0.9663 0.2572
vn -0.9916 0.0185 -0.1282
vn -0.9899 0.0049 -0.1415
vn -0.7829 -0.5548 -0.2817
vn 0.0015 -0.9596 -0.2813
vn 0.0324 -0.9695 -0.2429
vn 0.7389 -0.6725 -0.0430
vn 0.9902 -0.0561 0.1279
vn 0.9919 -0.0133 0.1265
vn 0.6571 0.7102 0.2527
vn -0.0097 0.9705 0.2410
vn 0.0237 -0.9550 -0.2956
vn 0.7411 -0.6582 -0.1326
vn 0.9943 0.0260 0.1033
vn 0.9945 0.0223 0.1022
vn 0.9947 0.0200 0.1013
vn 0.6748 0.6844 0.2762
vn -0.0236 0.9552 0.2949
vn -0.0167 0.9552 0.2956
vn -0.0099 0.9549 0.2967
vn -0.7094 0.6895 0.1462
vn -0.9953 -0.0046 -0.0967
vn -0.9951 -0.0100 -0.0987
vn -0.9950 -0.0130 -0.0991
vn -0.6935 -0.6663 -0.2741
vn 0.0075 -0.9550 -0.2966
vn 0.0199 -0.9552 -0.2954
vn 0.0249 -0.9620 -0.2718
vn 0.7422 -0.6580 -0.1275
vn 0.9955 0.0320 0.0894
vn 0.9957 0.0281 0.0883
vn 0.9958 0.0253 0.0875
vn 0.7201 0.6500 0.2430
vn -0.0240 0.9620 0.2718
vn -0.0154 0.9620 0.2726
vn -0.0069 0.9619 0.2732
vn -0.7257 0.6749 0.1336
vn -0.9965 -0.0080 -0.0826
vn -0.9963 -0.0141 -0.0843
vn -0.9962 -0.0172 -0.0852
vn -0.6929 -0.6769 -0.2485
vn 0.0064 -0.9619 -0.2733
vn 0.0194 -0.9620 -0.2723
vn -0.0127 -0.2093 0.9778
vn 0.0218 0.3434 0.9389
vn -0.0384 0.3945 0.9181
vn 0.0478 0.7621 0.6457
vn 0.0422 0.7378 0.6737
vn 0.0498 0.7779 0.6264
vn 0.0594 0.7486 0.6604
vn 0.1882 0.9820 -0.0156
vn 0.0855 0.9950 -0.0517
vn 0.0716 0.6892 -0.7210
vn 0.1931 0.6849 -0.7026
vn -0.0106 -0.3178 0.9481
vn -0.0379 -0.2822 0.9586
vn 0.0005 -0.2205 0.9754
vn -0.0433 -0.3084 0.9503
vn -0.0313 -0.2689 0.9626
vn -0.0192 -0.2872 0.9577
vn -0.0379 -0.3838 0.9226
vn 0.9554 0.2768 0.1027
vn 0.9562 0.2675 0.1192
vn 0.1733 0.7082 -0.6844
vn 0.6961 0.5644 -0.4438
vn 0.8386 -0.0008 -0.5448
vn 0.1948 -0.0000 -0.9808
vn 0.1023 -0.0004 -0.9948
vn 0.0508 0.7060 -0.7063
vn 0.1189 0.7069 -0.6972
vn -0.0360 0.0005 -0.9994
vn 0.2216 0.0044 -0.9751
vn 0.2156 -0.0020 -0.9765
vn 0.2296 0.0007 -0.9733
vn -0.0121 0.7063 -0.7078
vn -0.0096 0.7039 -0.7102
vn 0.0612 -0.0009 -0.9981
vn 0.0685 -0.0005 -0.9977
vn 0.5460 0.1698 0.8204
vn 0.7861 0.1888 -0.5885
vn 0.0219 0.0135 -0.9997
vn -0.0091 -0.0065 -0.9999
vn -0.8776 0.0000 0.4794
vn -0.9394 0.0000 -0.3429
vn 0.9504 0.3038 0.0669
vn 0.9496 0.3000 0.0914
vn -0.0339 0.0035 -0.9994
vn 0.2169 0.0022 -0.9762
vn 0.2188 -0.0008 -0.9758
vn -0.0394 0.5150 -0.8563
vn 0.0136 0.5132 -0.8581
vn 0.0468 -0.0002 -0.9989
vn 0.0110 0.0046 -0.9999
vn 0.5467 0.1949 0.8143
vn 0.5444 0.2298 0.8067
vn 0.0764 0.5195 -0.8510
vn 0.6771 0.4182 -0.6056
vn 0.7775 -0.0000 -0.6289
vn 0.0944 -0.0010 -0.9955
vn 0.7692 0.2001 -0.6069
vn -0.5771 -0.0000 -0.8167
vn -0.5771 0.0000 -0.8166
vn 0.1694 0.0000 -0.9856
vn 0.1694 0.0000 -0.9855
vn -0.8706 0.0894 0.4839
vn 0.2190 0.0045 -0.9757
vn 0.2163 0.0123 -0.9762
vn 0.2183 0.0066 -0.9759
vn 0.2005 0.0206 -0.9795
vn 0.2128 0.0142 -0.9770
vn 0.0543 -0.0442 -0.9975
vn 0.0626 -0.0418 -0.9972
vn 0.0481 -0.0280 -0.9985
vn 0.0687 0.0214 -0.9974
vn 0.0570 0.0093 -0.9983
vn 0.0616 0.0166 -0.9980
vn 0.0385 -0.0072 -0.9992
vn 0.0407 -0.0083 -0.9991
vn 0.2300 -0.0071 -0.9732
vn 0.2215 -0.0005 -0.9752
vn 0.8385 -0.0014 -0.5449
vn 0.1952 -0.0044 -0.9808
vn 0.0294 -0.0026 -0.9996
vn 0.0295 -0.0026 -0.9996
vn 0.1814 -0.0014 -0.9834
vn 0.1813 0.0000 -0.9834
vn 0.1578 0.7078 -0.6885
vn 0.1836 0.0115 -0.9829
vn 0.1828 0.0109 -0.9831
vn -0.6621 -0.0082 -0.7494
vn -0.6529 -0.0023 -0.7574
vn -0.5492 0.5492 -0.6298
vn 0.0421 0.0298 -0.9987
vn 0.1845 0.0022 -0.9828
vn 0.1847 0.0006 -0.9828
vn 0.2019 0.0082 -0.9794
vn 0.1138 0.5898 -0.7995
vn 0.1953 0.6056 -0.7715
vn 0.0505 0.0059 -0.9987
vn 0.0934 -0.0012 -0.9956
vn 0.9757 -0.0032 0.2190
vn 0.9743 0.0019 0.2254
vn 0.7063 0.6887 0.1637
vn 0.0479 0.9987 0.0187
vn 0.0420 0.9991 0.0113
vn 0.0149 0.9999 0.0028
vn -0.4799 -0.5661 -0.6702
vn 0.0951 -0.7066 -0.7012
vn -0.0349 -0.9994 -0.0061
vn -0.7091 -0.6945 -0.1218
vn 0.1013 -0.6984 -0.7085
vn -0.0435 -0.9990 -0.0116
vn 0.1068 -0.6979 -0.7082
vn -0.0507 -0.9985 -0.0195
vn -0.1168 -0.3088 -0.9439
vn -0.6888 -0.7073 -0.1593
vn -0.5254 -0.0263 -0.8505
vn -0.9752 -0.0365 -0.2182
vn -0.5238 -0.0142 -0.8517
vn -0.9746 -0.0103 -0.2236
vn -0.9994 -0.0025 -0.0345
vn -0.9978 -0.0091 -0.0650
vn 0.7183 -0.0099 -0.6957
vn 0.7220 -0.0265 -0.6914
vn 0.9977 -0.0262 0.0619
vn 0.9994 -0.0087 0.0333
vn 0.3583 -0.2910 -0.8871
vn 0.7225 -0.6888 0.0590
vn 0.0962 -0.6921 -0.7154
vn 0.0850 -0.9963 0.0105
vn 0.0849 -0.6904 -0.7185
vn 0.0704 -0.9975 0.0074
vn 0.0991 -0.7017 -0.7056
vn 0.0475 -0.9989 0.0048
vn 0.6452 -0.5649 -0.5145
vn 0.7169 -0.6931 0.0758
vn -0.0751 0.9971 -0.0085
vn -0.0327 0.9995 -0.0041
vn -0.0844 0.9964 -0.0089
vn -0.7384 0.6715 -0.0617
vn 0.9757 -0.0075 0.2189
vn 0.9747 -0.0005 0.2234
vn 0.7073 0.6876 0.1639
vn 0.0457 0.9988 0.0182
vn 0.0424 0.9990 0.0113
vn 0.0149 0.9999 0.0039
vn -0.0438 -0.9990 -0.0116
vn -0.0501 -0.9986 -0.0193
vn -0.6894 -0.7066 -0.1594
vn -0.9753 -0.0344 -0.2182
vn -0.9748 -0.0095 -0.2231
vn -0.9994 -0.0051 -0.0342
vn -0.9977 -0.0212 -0.0650
vn 0.9977 -0.0232 0.0641
vn 0.9994 -0.0063 0.0340
vn 0.7237 -0.6876 0.0584
vn 0.0844 -0.9964 0.0105
vn 0.0702 -0.9975 0.0074
vn -0.0730 0.9971 -0.0193
vn -0.0324 0.9995 -0.0049
vn -0.0903 0.9955 -0.0272
vn -0.7488 0.6589 -0.0716
vn 0.4888 0.2899 -0.8228
vn -0.0874 0.2767 -0.9570
vn -0.9856 -0.0000 -0.1694
vn -0.9845 -0.0092 -0.1750
vn 0.9945 0.0000 0.1051
vn 0.7168 -0.6931 0.0758
vn 0.9757 -0.0097 0.2189
vn 0.9747 -0.0006 0.2234
vn 0.7081 0.6868 0.1641
vn 0.0445 0.9988 0.0179
vn 0.0425 0.9990 0.0113
vn 0.0146 0.9999 0.0051
vn -0.0439 -0.9990 -0.0116
vn -0.0498 -0.9986 -0.0193
vn -0.6903 -0.7057 -0.1596
vn -0.9753 -0.0334 -0.2182
vn -0.9748 -0.0093 -0.2231
vn -0.9994 -0.0066 -0.0342
vn -0.9975 -0.0274 -0.0650
vn 0.9982 -0.0163 0.0583
vn 0.9994 -0.0051 0.0348
vn 0.7251 -0.6863 0.0578
vn 0.0841 -0.9964 0.0105
vn 0.0705 -0.9975 0.0074
vn 0.0476 -0.9989 0.0048
vn -0.0959 0.9944 -0.0441
vn -0.0751 0.9964 -0.0391
vn -0.7563 0.6492 -0.0806
vn -0.9856 0.0000 -0.1693
vn -0.9833 -0.0193 -0.1811
vn -0.2530 0.2775 -0.9268
vn 0.3200 0.2829 -0.9042
vn 0.7076 0.7065 0.0092
vn -0.7073 0.7067 -0.0189
vn 0.7081 0.7060 0.0109
vn -0.7058 0.7082 -0.0167
vn 0.7092 0.7049 0.0109
vn -0.7066 0.7074 -0.0167
vn 0.0242 0.0000 -0.9997
vn 0.6903 0.7055 0.1603
vn -0.6884 0.7071 -0.1614
vn 0.6890 0.7071 0.1588
vn -0.6890 0.7071 -0.1588
vn 0.6896 0.7065 0.1590
vn -0.6885 0.7077 -0.1587
vn 0.2220 0.0000 -0.9750
vn 0.6110 0.5385 -0.5803
vn 0.6507 0.7501 -0.1178
vn 0.2431 0.5957 -0.7655
vn 0.2376 0.6005 -0.7635
vn 0.6500 0.7544 -0.0918
vn 0.3658 0.7033 0.6095
vn -0.5100 0.4627 -0.7252
vn -0.7257 0.6103 -0.3176
vn -0.6792 0.6667 -0.3069
vn -0.5225 0.3801 -0.7632
vn -0.0773 0.4961 -0.8648
vn -0.6598 0.5502 -0.5118
vn -0.6621 0.5372 -0.5225
vn -0.6530 0.7061 0.2738
vn 0.7520 0.6112 -0.2467
vn 0.6201 0.7122 -0.3290
vn -0.9756 0.0000 -0.2196
vn -0.0345 0.9994 -0.0068
vn 0.1693 0.0000 -0.9856
vn 0.0915 -0.0237 -0.9955
vn 0.0917 -0.0234 -0.9955
vn 0.8088 -0.0035 -0.5880
vn 0.8184 -0.0033 -0.5747
vn 0.9756 0.0050 0.2196
vn -0.1064 0.8660 -0.4886
vn -0.0279 0.8807 -0.4729
vn 0.0418 0.8830 -0.4674
vn -0.0767 0.8747 -0.4785
vn -0.0944 0.8822 -0.4614
vn -0.0707 0.8863 -0.4577
vn -0.1167 0.9540 -0.2760
vn -0.0544 0.9094 -0.4124
vn 0.1251 0.9603 -0.2493
vn 0.1728 0.9536 -0.2466
vn 0.1610 0.9534 -0.2552
vn -0.0346 0.9594 -0.2800
vn 0.1794 0.9541 -0.2399
vn 0.1620 0.9571 -0.2404
vn 0.1902 0.9590 -0.2100
vn 0.1072 0.9940 0.0237
vn -0.0326 0.8826 -0.4691
vn 0.0458 0.8795 -0.4738
vn 0.1213 0.9649 -0.2330
vn -0.0778 0.9637 -0.2553
vn -0.0026 0.9999 -0.0116
vn -0.1606 0.6820 0.7135
vn -0.1808 0.1406 0.9734
vn -0.2129 0.5397 -0.8145
vn -0.1367 0.8412 -0.5232
vn 0.1397 0.6002 -0.7875
vn -0.0543 0.5179 -0.8537
vn -0.0243 0.9952 -0.0952
vn -0.1745 0.5327 -0.8281
vn -0.2147 0.5282 -0.8215
vn 0.2786 0.6528 -0.7045
vn -0.0005 1.0000 0.0010
vn 0.0015 1.0000 -0.0013
vn 0.0615 0.9968 -0.0515
vn 0.3169 0.8008 -0.5082
vn -0.0000 1.0000 0.0002
vn -0.1668 0.6502 0.7412
vn -0.2223 0.0097 0.9749
vn 0.2609 0.5855 -0.7675
vn 0.1396 0.5902 -0.7951
vn 0.4224 0.4744 -0.7723
vn 0.4052 0.4742 -0.7816
vn 0.3156 0.4692 -0.8248
vn 0.3543 0.4659 -0.8108
vn 0.6898 -0.7071 0.1553
vn 0.6904 -0.5774 -0.4358
vn 0.8456 0.0000 -0.5338
vn 0.9756 0.0000 0.2196
vn -0.1656 -0.7072 0.6873
vn 0.4314 -0.5765 0.6939
vn 0.5280 0.0000 0.8492
vn -0.2342 0.0000 0.9722
vn -0.6892 -0.7071 -0.1582
vn -0.6939 -0.5779 0.4294
vn -0.8503 0.0000 0.5262
vn -0.9746 0.0000 -0.2238
vn 0.1564 -0.7071 -0.6896
vn -0.4344 -0.5775 -0.6913
vn -0.5320 -0.0000 -0.8467
vn 0.2212 -0.0000 -0.9752
vn -0.1656 -0.7070 0.6875
vn -0.5432 0.1969 -0.8162
vn -0.8501 0.4480 -0.2767
vn -0.4048 0.8652 -0.2958
vn -0.2237 0.4019 -0.8879
vn -0.5616 0.7376 -0.3750
vn -0.5714 0.7401 -0.3546
vn 0.1540 0.9581 -0.2415
vn 0.1610 0.9480 -0.2744
vn -0.1295 0.8699 0.4760
vn -0.1117 0.8816 0.4586
vn -0.2086 0.8753 0.4362
vn -0.2377 0.8398 0.4882
vn -0.8481 0.5188 -0.1081
vn -0.8526 0.5226 0.0043
vn -0.5006 0.8609 0.0909
vn -0.4530 0.8892 -0.0636
vn 0.3267 0.9085 0.2605
vn 0.3844 0.8855 0.2610
vn 0.4403 0.8849 0.1518
vn 0.3433 0.9299 0.1321
vn -0.2142 0.7690 -0.6023
vn 0.1757 0.9653 -0.1930
vn 0.2373 0.4061 -0.8825
vn -0.3344 0.3984 -0.8541
vn -0.5559 0.7430 -0.3727
vn 0.1596 0.9477 -0.2763
vn 0.3239 0.4773 -0.8168
vn 0.1867 0.4975 -0.8471
vn 0.1071 0.9470 -0.3027
vn 0.2686 0.9282 -0.2574
vn -0.1029 0.8262 0.5539
vn -0.0604 0.8451 0.5311
vn 0.1070 0.9639 -0.2439
vn 0.0757 0.9704 -0.2295
vn 0.1802 0.9338 -0.3091
vn 0.2122 0.9428 -0.2573
vn 0.2795 0.9218 -0.2686
vn 0.3460 0.9031 -0.2545
vn 0.3437 0.9138 -0.2166
vn 0.2842 0.9361 -0.2070
vn 0.2199 0.9510 -0.2171
vn 0.2131 0.9460 -0.2442
vn -0.2415 0.8190 0.5205
vn -0.1766 0.8559 0.4861
vn -0.2191 0.7613 0.6103
vn -0.3635 0.1294 0.9225
vn 0.3599 0.0738 0.9301
vn 0.5731 0.6163 0.5401
vn 0.3282 0.8402 0.4316
vn 0.2451 0.8507 0.4650
vn 0.2336 0.8371 0.4947
vn 0.2962 0.8146 0.4987
vn 0.1145 0.2707 0.9558
vn 0.1169 0.2593 0.9587
vn -0.1738 0.7685 0.6158
vn -0.3029 0.8417 0.4470
vn 0.4049 0.6785 0.6129
vn 0.4070 0.7233 0.5579
vn -0.0074 0.5511 0.8344
vn 0.3815 0.7707 0.5103
vn -0.0252 0.3394 0.9403
vn -0.0202 0.3391 0.9405
vn -0.0062 0.8849 0.4657
vn -0.0734 0.8643 0.4977
vn 0.5098 0.6184 0.5980
vn 0.1777 0.5387 0.8235
vn -0.1847 0.8345 0.5192
vn -0.2250 0.8132 0.5368
vn -0.4060 0.1058 0.9077
vn -0.2643 0.7427 0.6153
vn -0.0061 0.8856 0.4644
vn -0.0580 0.8907 0.4508
vn 0.8183 0.2141 0.5334
vn 0.8121 0.2474 0.5284
vn 0.7253 0.3852 0.5706
vn 0.7255 0.3627 0.5848
vn 0.7268 0.4602 0.5098
vn 0.8015 0.3351 0.4953
vn 0.8005 0.4136 0.4337
vn 0.7375 0.5194 0.4316
vn -0.0430 0.9536 0.2980
vn -0.0661 0.9856 0.1557
vn -0.1344 0.9470 0.2917
vn 0.0708 0.5069 -0.8591
vn 0.1006 0.9647 -0.2435
vn 0.7988 0.4821 0.3597
vn 0.7904 0.5182 0.3269
vn 0.7162 0.6252 0.3102
vn 0.7295 0.5867 0.3516
vn 0.7857 0.5615 0.2597
vn 0.7050 0.6700 0.2326
vn 0.7932 0.6004 0.1016
vn 0.8160 0.5756 0.0535
vn 0.7297 0.6832 0.0258
vn 0.7111 0.6989 0.0764
vn 0.8471 0.5304 0.0347
vn 0.7563 0.6542 0.0021
vn 0.8815 0.4710 0.0350
vn 0.7887 0.6148 -0.0033
vn 0.9403 0.3394 -0.0261
vn 0.8240 0.0570 -0.5637
vn 0.7761 0.1430 -0.6142
vn 0.8718 0.4813 -0.0918
vn -0.8406 0.5130 -0.1735
vn -0.4247 0.8909 -0.1613
vn 0.0939 0.9956 0.0070
vn 0.2414 0.9702 0.0224
vn 0.2415 0.9691 -0.0501
vn 0.1043 0.9893 -0.1024
vn 0.4092 0.9122 -0.0194
vn 0.3989 0.9137 -0.0782
vn 0.4950 0.8681 -0.0363
vn 0.3678 0.9299 -0.0086
vn 0.5042 0.8632 -0.0254
vn 0.5322 0.8407 -0.0997
vn 0.5326 0.8391 -0.1106
vn 0.1577 0.9472 -0.2791
vn 0.0128 0.5039 -0.8637
vn -0.0271 0.9662 -0.2563
vn -0.0393 0.9909 -0.1289
vn -0.0502 0.9986 -0.0134
vn 0.0078 0.3517 0.9361
vn 0.0488 0.3333 0.9416
vn 0.1338 0.8641 0.4853
vn 0.0488 0.8835 0.4658
vn 0.1347 0.8688 0.4765
vn 0.0446 0.8777 0.4771
vn 0.0101 0.9413 0.3375
vn 0.0661 0.9395 0.3361
vn 0.0843 0.9692 0.2313
vn 0.0654 0.9856 0.1559
vn 0.3506 0.9358 0.0370
vn 0.2218 0.9663 0.1305
vn 0.2068 0.8515 0.4818
vn 0.2041 0.8451 0.4941
vn 0.0940 0.2976 0.9500
vn -0.0200 0.9981 0.0589
vn 0.0262 0.9977 0.0619
vn 0.0050 0.8979 0.4401
vn -0.0490 0.8989 0.4355
vn 0.2286 0.6799 0.6968
vn 0.2205 0.8868 0.4062
vn 0.3667 0.8510 0.3759
vn 0.3246 0.6538 0.6836
vn 0.2427 0.9694 0.0378
vn -0.0088 0.9979 0.0642
vn 0.2134 0.9277 -0.3065
vn 0.2248 0.9735 0.0406
vn -0.0368 0.7473 0.6635
vn -0.3241 0.8650 0.3831
vn 0.1776 0.6240 0.7610
vn 0.1265 0.4633 0.8771
vn 0.0320 0.6933 0.7199
vn 0.0157 0.5952 0.8034
vn 0.0964 0.5605 0.8225
vn 0.1138 0.6651 0.7380
vn 0.2216 0.9273 0.3017
vn 0.4323 0.7751 0.4608
vn 0.1545 0.9869 0.0468
vn 0.1437 0.9500 -0.2771
vn 0.0717 0.9475 -0.3115
vn 0.0689 0.9962 0.0528
vn -0.0102 0.7205 0.6934
vn 0.1412 0.8022 0.5802
vn 0.0637 0.9362 0.3456
vn 0.3059 0.8394 0.4492
vn 0.0238 0.9982 0.0542
vn 0.0686 0.9962 0.0537
vn 0.1527 0.9869 0.0520
vn 0.2173 0.9736 0.0705
vn 0.2560 0.9649 0.0589
vn 0.3585 0.8928 0.2728
vn 0.3027 0.9097 0.2843
vn 0.2533 0.6894 0.6787
vn 0.3138 0.6784 0.6643
vn 0.2427 0.9074 0.3430
vn 0.1925 0.6832 0.7044
vn 0.1527 0.9022 0.4033
vn 0.1119 0.6916 0.7136
vn 0.0555 0.9018 0.4286
vn 0.0330 0.7104 0.7030
vn 0.0028 0.8993 0.4374
vn -0.0136 0.7205 0.6933
vn -0.0315 0.8931 0.4487
vn -0.0475 0.7185 0.6939
vn 0.1842 0.9754 0.1212
vn 0.2559 0.8582 0.4449
vn -0.0167 0.9997 0.0177
vn 0.3301 0.9439 -0.0087
vn 0.3397 0.9401 -0.0264
vn -0.0980 0.9672 0.2343
vn 0.2815 0.8521 0.4412
vn -0.0732 0.8391 0.5390
vn -0.0999 0.9687 0.2271
vn -0.0565 0.7176 0.6942
vn 0.4645 0.8031 0.3731
vn 0.4433 0.8279 0.3435
vn 0.4166 0.7839 0.4603
vn 0.0077 0.8960 0.4439
vn -0.0483 0.8980 0.4373
vn 0.2910 0.8418 0.4547
vn 0.1881 0.7277 0.6595
vn 0.0466 0.8311 0.5542
vn 0.3150 0.8278 0.4643
vn -0.1198 0.8947 0.4304
vn -0.3529 0.9005 0.2539
vn 0.2106 0.8896 0.4054
vn 0.3581 0.8518 0.3823
vn -0.1149 0.9640 0.2398
vn -0.1069 0.9640 0.2435
vn 0.4765 0.7853 0.3954
vn -0.0051 0.9999 -0.0124
vn 0.2687 0.9463 0.1795
vn 0.4554 0.7751 0.4380
vn 0.8045 0.4472 0.3909
vn 0.7378 0.5546 0.3849
vn 0.0895 0.9407 -0.3271
vn 0.1405 0.9330 -0.3313
vn 0.0754 0.9253 -0.3716
vn 0.2983 0.9155 -0.2700
vn 0.8291 0.5589 -0.0153
vn 0.9214 0.3870 0.0346
vn 0.9395 0.3423 0.0129
vn 0.8585 0.5104 -0.0500
vn 0.5582 0.3907 -0.7320
vn 0.3113 0.4576 -0.8329
vn 0.2162 0.9393 -0.2665
vn 0.5982 0.7733 -0.2101
vn 0.2247 0.9386 -0.2619
vn 0.5697 0.8023 -0.1782
vn 0.5464 0.8328 -0.0889
vn 0.3275 0.9287 -0.1739
vn 0.3783 0.9169 -0.1272
vn 0.5495 0.8328 -0.0666
vn 0.5455 0.8374 -0.0339
vn 0.5393 0.8418 0.0233
vn 0.5379 0.8373 0.0982
vn 0.4211 0.9051 0.0595
vn 0.5586 0.8066 0.1936
vn 0.5917 0.7547 0.2834
vn 0.4719 0.8375 0.2756
vn 0.4443 0.8252 0.3487
vn 0.6084 0.7171 0.3401
vn 0.5976 0.6811 0.4231
vn 0.5526 0.6405 0.5333
vn 0.5361 0.5876 0.6061
vn -0.3653 0.7875 0.4964
vn -0.4356 0.2987 0.8491
vn 0.1999 0.0566 0.9782
vn 0.3827 0.6317 0.6742
vn 0.2971 0.0288 0.9544
vn 0.5238 0.5612 0.6408
vn 0.4382 -0.0979 0.8935
vn 0.4787 -0.2015 0.8546
vn 0.5725 0.6356 0.5180
vn -0.2228 0.7881 0.5738
vn -0.2473 0.7869 0.5653
vn -0.5725 0.7634 0.2990
vn -0.5712 0.7330 0.3694
vn -0.3874 0.8206 0.4202
vn -0.3859 0.8566 0.3425
vn -0.8833 0.4192 0.2099
vn -0.8799 0.3994 0.2575
vn -0.5604 0.7089 0.4283
vn -0.3898 0.7910 0.4715
vn -0.5560 0.6988 0.4501
vn -0.3912 0.7767 0.4937
vn -0.5623 0.6665 0.4895
vn -0.3886 0.7502 0.5350
vn -0.4122 0.6951 0.5889
vn -0.5751 0.6114 0.5435
vn -0.6079 0.0431 0.7929
vn -0.5232 0.1397 0.8407
vn -0.3681 0.8901 0.2687
vn -0.1689 0.9409 0.2937
vn -0.1475 0.9783 0.1454
vn -0.3266 0.9378 0.1176
vn -0.2887 0.9564 -0.0439
vn -0.1232 0.9921 -0.0254
vn -0.1017 0.9861 -0.1316
vn -0.2640 0.9533 -0.1466
vn -0.2563 0.9248 -0.2812
vn -0.0791 0.9629 -0.2581
vn -0.0068 0.4709 -0.8822
vn -0.1384 0.4748 -0.8692
vn 0.1356 0.4868 -0.8630
vn -0.4175 0.4112 -0.8103
vn -0.6433 0.6622 -0.3844
vn 0.0500 0.9449 -0.3236
vn -0.6171 0.6618 -0.4258
vn -0.6019 0.6972 -0.3894
vn -0.6189 0.7218 -0.3099
vn 0.5509 0.8139 -0.1848
vn 0.5398 0.8216 -0.1830
vn 0.5288 0.8319 -0.1683
vn 0.5265 0.4311 -0.7328
vn 0.0031 1.0000 -0.0071
vn 0.0351 0.9990 0.0261
vn 0.0117 0.9065 0.4221
vn -0.0409 0.9043 0.4249
vn 0.2373 0.6438 0.7275
vn 0.2699 0.8739 0.4044
vn 0.3761 0.8517 0.3650
vn 0.3093 0.5695 0.7616
vn 0.2936 0.9555 -0.0287
vn 0.0275 0.9995 0.0179
vn 0.2157 0.9108 -0.3520
vn 0.2584 0.9658 -0.0206
vn 0.0055 0.8109 0.5852
vn -0.3064 0.8865 0.3467
vn 0.2015 0.6736 0.7111
vn 0.1511 0.4939 0.8563
vn 0.0331 0.7012 0.7122
vn 0.0143 0.5958 0.8030
vn 0.1114 0.5626 0.8192
vn 0.1398 0.6886 0.7116
vn 0.2270 0.9311 0.2855
vn 0.4477 0.7796 0.4378
vn 0.1762 0.9842 0.0170
vn 0.1666 0.9300 -0.3278
vn 0.0822 0.9457 -0.3146
vn 0.0832 0.9955 0.0451
vn -0.0145 0.7277 0.6857
vn 0.1532 0.8189 0.5532
vn -0.1243 0.9078 0.4006
vn 0.0900 0.9473 0.3075
vn 0.3231 0.8539 0.4079
vn 0.0341 0.9989 0.0325
vn 0.0810 0.9957 0.0455
vn 0.1694 0.9854 0.0179
vn 0.2469 0.9682 -0.0392
vn 0.2957 0.9496 -0.1042
vn 0.2517 0.6790 0.6896
vn 0.3054 0.5943 0.7440
vn 0.2794 0.9142 0.2936
vn 0.2148 0.7105 0.6701
vn 0.1867 0.9254 0.3299
vn 0.1388 0.7131 0.6872
vn 0.0334 0.7143 0.6990
vn -0.0211 0.7180 0.6957
vn -0.0742 0.7440 0.6640
vn 0.2874 0.9547 0.0769
vn 0.3236 0.8465 0.4227
vn 0.0082 0.9999 0.0085
vn 0.3339 0.9295 -0.1565
vn 0.3463 0.9352 -0.0743
vn -0.2341 0.9429 0.2371
vn 0.2092 0.8089 0.5495
vn -0.2640 0.7338 0.6260
vn -0.1963 0.9542 0.2259
vn -0.0700 0.7503 0.6574
vn 0.4309 0.7933 0.4301
vn 0.0159 0.9141 0.4052
vn -0.0387 0.9221 0.3850
vn 0.3010 0.8676 0.3958
vn 0.1757 0.7602 0.6255
vn -0.0066 0.9083 0.4182
vn 0.2610 0.8825 0.3913
vn -0.1461 0.9217 0.3593
vn -0.2931 0.9281 0.2295
vn 0.2662 0.8785 0.3967
vn 0.3599 0.8526 0.3788
vn -0.1163 0.9659 0.2313
vn -0.1520 0.9655 0.2112
vn 0.4230 0.8378 0.3453
vn 0.0034 0.9961 -0.0886
vn 0.2200 0.9716 0.0868
vn 0.6063 0.7001 0.3771
vn -0.1879 0.9122 0.3641
vn -0.5094 0.7809 -0.3615
vn -0.5078 0.7804 -0.3648
vn 0.3084 0.9164 -0.2553
vn 0.3033 0.9194 -0.2505
vn -0.8738 0.4770 0.0947
vn -0.5464 0.8063 0.2264
vn 0.7852 0.5954 0.1705
vn 0.7031 0.6962 0.1446
vn 0.2017 0.9540 0.2219
vn 0.3009 0.9302 0.2105
vn 0.5637 0.8133 -0.1444
vn 0.3240 0.9287 -0.1804
vn 0.4756 0.8593 -0.1880
vn 0.4429 0.8727 -0.2057
vn 0.4360 0.8796 -0.1901
vn 0.4272 0.3067 -0.8505
vn 0.2599 0.9402 -0.2200
vn 0.5489 0.8264 -0.1257
vn 0.5243 0.8385 -0.1483
vn 0.5703 0.8044 -0.1664
vn 0.5780 0.8015 -0.1534
vn 0.3626 0.9012 -0.2374
vn 0.3642 0.9008 -0.2366
vn 0.3227 0.9375 -0.1303
vn 0.3834 0.9234 -0.0195
vn 0.2476 0.9575 -0.1481
vn 0.2157 0.9706 -0.1069
vn 0.1040 0.9798 -0.1709
vn -0.0300 0.9786 -0.2037
vn -0.0863 0.9733 -0.2127
vn -0.2480 0.9405 -0.2320
vn -0.4070 0.8794 -0.2470
vn -0.2464 0.7867 -0.5661
vn 0.2284 0.9498 -0.2136
vn -0.8839 0.4461 0.1402
vn -0.9989 0.0246 -0.0404
vn -0.9999 0.0124 -0.0031
vn -0.5185 -0.3300 -0.7888
vn -0.9782 -0.1412 -0.1522
vn -0.8772 0.3911 0.2784
vn -0.9996 0.0034 0.0295
vn -0.9988 0.0074 0.0487
vn -0.9923 0.0072 -0.1238
vn -0.9950 0.0172 -0.0980
vn -0.8788 0.3266 0.3478
vn -0.8766 0.3696 0.3081
vn -0.9968 0.0122 0.0791
vn -0.9939 0.0074 0.1104
vn -0.8421 0.4866 -0.2326
vn -0.9876 -0.0685 -0.1411
vn -0.8098 -0.0047 0.5867
vn -0.8334 -0.2837 0.4743
vn -0.9971 0.0338 -0.0675
vn -0.9905 0.0033 -0.1376
vn -0.6249 -0.0961 -0.7747
vn -0.0046 -0.2595 -0.9657
vn -0.9611 0.1064 -0.2550
vn -0.9591 0.1059 -0.2625
vn -0.9609 0.1089 -0.2544
vn 0.0366 -0.2774 -0.9601
vn 0.0658 -0.3096 -0.9486
vn 0.0595 -0.3278 -0.9429
vn 0.1442 -0.3174 -0.9373
vn 0.1586 -0.3985 -0.9034
vn -0.5563 -0.2020 -0.8060
vn 0.0750 0.5400 -0.8383
vn -0.7677 -0.0864 -0.6350
vn -0.1163 -0.3488 -0.9299
vn -0.4353 0.8802 -0.1890
vn -0.2172 0.9502 0.2232
vn -0.6083 0.2224 0.7619
vn -0.9809 0.1707 0.0930
vn -0.6453 0.6915 0.3249
vn -0.8462 0.1396 0.5142
vn -0.2064 0.1936 0.9591
vn 0.2316 0.4127 -0.8809
vn 0.1501 -0.3974 -0.9053
vn -0.1967 0.1909 0.9617
vn -0.9669 0.1165 -0.2271
vn -0.9664 0.1206 -0.2270
vn -0.5761 -0.1718 -0.7991
vn -0.9755 0.0019 -0.2202
vn -0.9755 0.0028 -0.2200
vn -0.9753 0.0025 -0.2207
vn -0.9753 0.0037 -0.2211
vn 0.3438 -0.3005 -0.8897
vn 0.3049 -0.2902 -0.9071
vn 0.1697 -0.2572 -0.9513
vn 0.1515 -0.2533 -0.9555
vn 0.2224 -0.3114 -0.9239
vn 0.2093 -0.3050 -0.9291
vn 0.2576 -0.2941 -0.9204
vn 0.1995 -0.2730 -0.9411
vn 0.2112 -0.2904 -0.9333
vn 0.6081 -0.1998 0.7684
vn 0.8716 0.0954 0.4808
vn 0.9160 0.2387 0.3224
vn 0.9203 0.2805 0.2728
vn 0.9540 0.2729 0.1243
vn 0.9627 0.2499 0.1035
vn 0.9278 0.3060 0.2134
vn 0.9389 0.3039 0.1614
vn 0.9699 0.2238 0.0957
vn 0.9802 0.1738 0.0952
vn 0.9893 0.1181 0.0859
vn 0.8777 0.1615 0.4511
vn 0.8966 0.1858 0.4020
vn 0.9126 0.2190 0.3452
vn 0.9080 0.2021 0.3669
vn 0.9939 0.0937 0.0574
vn 0.8779 -0.0963 -0.4691
vn 0.8712 0.1080 0.4790
vn 0.8173 -0.2655 -0.5114
vn 0.5551 -0.3613 0.7492
vn 0.9045 -0.0695 0.4207
vn 0.9558 -0.0536 0.2891
vn 0.9615 -0.0417 0.2716
vn 0.9839 -0.0282 0.1762
vn 0.9876 -0.0115 0.1567
vn 0.9710 -0.0095 0.2389
vn 0.9798 -0.0099 0.1998
vn 0.9898 0.0036 0.1423
vn 0.9914 -0.0370 0.1255
vn 0.9919 -0.0880 0.0914
vn 0.9209 -0.0574 0.3856
vn 0.9338 -0.0424 0.3552
vn 0.9519 -0.0429 0.3035
vn 0.9452 -0.0352 0.3247
vn 0.9129 -0.0579 0.4040
vn 0.9903 -0.0062 0.1385
vn -0.3614 0.7574 -0.5438
vn 0.0673 0.5307 -0.8449
vn -0.4264 0.3706 0.8251
vn -0.7227 0.6486 0.2386
vn 0.0150 -0.0065 0.9999
vn -0.0204 0.1599 0.9869
vn 0.0233 0.0657 0.9976
vn 0.6130 0.7066 -0.3536
vn 0.7650 0.5217 0.3775
vn 0.0744 0.4562 -0.8868
vn 0.0629 0.4604 -0.8855
vn 0.4010 0.4403 0.8033
vn 0.7344 0.5549 0.3908
vn -0.7350 0.6781 0.0012
vn -0.6050 0.1707 -0.7777
vn -0.5668 0.3280 -0.7558
vn -0.0657 0.2959 -0.9530
vn -0.1169 0.1164 -0.9863
vn -0.5828 0.0124 0.8125
vn -0.6528 -0.1263 0.7469
vn -0.9895 0.1184 0.0832
vn -0.9849 0.1313 0.1126
vn -0.0203 -0.0974 0.9950
vn -0.0696 -0.2839 0.9563
vn -0.0141 -0.0970 0.9952
vn -0.0284 -0.2835 0.9585
vn -0.0353 -0.2786 0.9598
vn 0.0009 -0.0979 0.9952
vn 0.6787 -0.0180 -0.7342
vn 0.6622 0.1324 -0.7375
vn 0.9892 -0.1463 -0.0088
vn 0.9919 -0.1269 0.0038
vn 0.0026 0.0979 -0.9952
vn 0.0363 0.2786 -0.9597
vn 0.0626 0.2776 -0.9586
vn 0.0510 0.0918 -0.9945
vn 0.5875 -0.1253 0.7995
vn 0.6066 -0.3149 0.7299
vn 0.9667 -0.1047 0.2334
vn 0.9636 -0.1978 0.1801
vn -0.9378 0.2233 -0.2659
vn -0.9451 0.1675 -0.2806
vn -0.5853 0.7048 0.4008
vn -0.4210 0.3176 0.8496
vn 0.0967 0.3143 0.9444
vn 0.2599 0.8571 0.4447
vn 0.0822 0.2977 0.9511
vn 0.0216 0.3223 0.9464
vn 0.0728 0.9003 0.4292
vn 0.1820 0.8832 0.4322
vn 0.5200 0.2260 0.8237
vn 0.7659 0.4740 0.4345
vn 0.8082 0.4945 0.3197
vn 0.6219 0.7426 -0.2486
vn 0.0972 0.9389 -0.3301
vn 0.0684 0.8890 0.4527
vn 0.1640 0.9192 -0.3581
vn 0.1771 0.8823 0.4361
vn 0.1783 0.9080 -0.3792
vn 0.2873 0.8560 0.4297
vn -0.2608 0.9216 -0.2874
vn -0.5033 0.8521 0.1437
vn -0.0330 0.3288 -0.9438
vn -0.5418 0.4826 -0.6882
vn -0.8701 0.4194 0.2590
vn -0.3758 0.2307 0.8976
vn 0.0076 -0.0153 0.9999
vn 0.0184 0.0064 0.9998
vn -0.0118 0.0637 0.9979
vn 0.9348 0.2582 0.2439
vn 0.6554 0.3283 -0.6802
vn 0.0576 0.2696 -0.9612
vn 0.0376 0.2727 -0.9614
vn 0.4138 0.2338 0.8798
vn 0.8791 0.2981 0.3720
vn -0.8884 0.4426 -0.1221
vn -0.4458 -0.5133 0.7334
vn -0.3055 -0.5828 0.7530
vn 0.5422 -0.4415 0.7149
vn -0.4344 -0.5132 0.7402
vn -0.3699 -0.5401 0.7560
vn 0.3533 -0.9069 0.2295
vn -0.0273 -0.5424 0.8397
vn -0.3179 -0.9296 0.1866
vn -0.0851 -0.5696 0.8175
vn -0.4372 -0.8840 0.1658
vn -0.0682 -0.5744 0.8157
vn -0.4037 -0.9007 0.1608
vn -0.0598 -0.5595 0.8267
vn -0.3935 -0.9068 0.1514
vn -0.6830 -0.0682 0.7272
vn -0.8688 -0.4254 0.2536
vn 0.9909 0.0644 0.1182
vn 0.9694 -0.0136 0.2451
vn 0.6030 -0.3000 0.7392
vn 0.0503 -0.4427 0.8953
vn -0.0708 -0.4553 0.8875
vn -0.0741 -0.4585 0.8856
vn -0.5287 -0.1695 0.8317
vn -0.8421 0.4126 0.3473
vn -0.8283 0.5585 0.0454
vn -0.0213 -0.4537 0.8909
vn -0.0431 -0.4548 0.8895
vn -0.0701 -0.4828 0.8729
vn -0.1158 -0.4980 0.8594
vn -0.8547 0.5153 0.0628
vn 0.9925 0.0632 0.1048
vn -0.3789 0.7391 -0.5570
vn 0.0750 0.5131 -0.8551
vn -0.4126 0.3327 0.8480
vn -0.7378 0.6101 0.2888
vn 0.0143 0.0232 0.9996
vn -0.0164 0.1754 0.9844
vn 0.0288 0.0980 0.9948
vn 0.6109 0.7009 -0.3681
vn 0.7604 0.5187 0.3908
vn 0.0617 0.4745 -0.8781
vn 0.0572 0.4626 -0.8847
vn 0.3922 0.4360 0.8100
vn 0.7282 0.5441 0.4167
vn -0.7607 0.6487 0.0233
vn -0.6059 0.1715 -0.7768
vn -0.5728 0.3284 -0.7510
vn -0.0523 0.2971 -0.9534
vn -0.0974 0.1147 -0.9886
vn -0.4978 -0.0063 0.8673
vn -0.5739 -0.1560 0.8039
vn -0.9817 0.0891 0.1682
vn -0.9690 0.1216 0.2152
vn -0.0296 -0.0956 0.9950
vn -0.0792 -0.2794 0.9569
vn -0.0123 -0.0982 0.9951
vn -0.0253 -0.2852 0.9581
vn -0.0274 -0.2820 0.9590
vn 0.0037 -0.0996 0.9950
vn 0.6791 -0.0180 -0.7339
vn 0.6622 0.1333 -0.7374
vn 0.9892 -0.1459 -0.0127
vn 0.9915 -0.1297 -0.0002
vn -0.0012 0.0993 -0.9951
vn 0.0287 0.2824 -0.9589
vn 0.0586 0.2801 -0.9582
vn 0.0476 0.0927 -0.9946
vn 0.5889 -0.1276 0.7981
vn 0.6089 -0.3147 0.7282
vn 0.9684 -0.1098 0.2241
vn 0.9652 -0.1963 0.1726
vn -0.9447 0.2179 -0.2452
vn -0.9502 0.1689 -0.2620
vn -0.6063 0.6400 0.4721
vn -0.3304 0.3205 0.8877
vn 0.0803 0.2962 0.9518
vn 0.2407 0.8472 0.4736
vn 0.0722 0.2958 0.9525
vn 0.0197 0.3120 0.9499
vn 0.0656 0.8881 0.4550
vn 0.1552 0.8733 0.4618
vn 0.5224 0.2091 0.8267
vn 0.7633 0.4664 0.4471
vn 0.8042 0.4926 0.3327
vn 0.6206 0.7469 -0.2388
vn 0.0864 0.9435 -0.3198
vn 0.0601 0.8784 0.4741
vn 0.1429 0.9282 -0.3435
vn 0.1543 0.8720 0.4645
vn 0.1610 0.9197 -0.3581
vn 0.2498 0.8478 0.4679
vn -0.2973 0.9145 -0.2743
vn -0.5241 0.8300 0.1908
vn -0.0255 0.2986 -0.9540
vn -0.5544 0.4676 -0.6885
vn -0.8419 0.4058 0.3557
vn -0.3438 0.1899 0.9197
vn 0.0006 -0.0049 1.0000
vn 0.0197 0.0096 0.9998
vn -0.0107 0.0639 0.9979
vn 0.9359 0.2503 0.2479
vn 0.6566 0.3284 -0.6789
vn 0.0523 0.2703 -0.9613
vn 0.0252 0.2613 -0.9649
vn 0.3992 0.2356 0.8861
vn 0.8863 0.2625 0.3816
vn -0.8965 0.4313 -0.1012
vn 0.0041 -0.8848 -0.4659
vn -0.0024 -0.8917 -0.4526
vn -0.6846 -0.6602 -0.3089
vn -0.6837 -0.6527 -0.3264
vn -0.3211 -0.8200 -0.4739
vn -0.5904 -0.8037 0.0735
vn -0.6706 -0.6524 -0.3530
vn -0.6694 -0.6550 -0.3505
vn -0.7205 -0.6883 -0.0839
vn -0.7178 -0.6733 -0.1776
vn -0.6764 -0.6472 -0.3516
vn -0.6456 -0.6513 -0.3987
vn -0.6834 -0.7294 0.0319
vn -0.5324 -0.8445 -0.0587
vn -0.6920 -0.6673 -0.2754
vn -0.7459 -0.6655 -0.0278
vn -0.4948 -0.8190 -0.2905
vn -0.0680 -0.8100 -0.5824
vn -0.8282 -0.5601 -0.0193
vn -0.8466 -0.5306 -0.0421
vn -0.8142 -0.5800 -0.0276
vn 0.0327 -0.8381 -0.5445
vn 0.0900 -0.8608 -0.5010
vn 0.1766 -0.8168 -0.5492
vn 0.3210 -0.8626 -0.3910
vn -0.5604 -0.6601 -0.5002
vn -0.5715 -0.8008 -0.1793
vn -0.1948 -0.8915 -0.4091
vn -0.4063 -0.6796 0.6108
vn -0.6825 -0.6663 0.3005
vn -0.7157 -0.4224 0.5562
vn -0.1931 -0.5297 0.8259
vn -0.2130 -0.5278 0.8222
vn -0.7906 -0.6105 0.0466
vn -0.8253 -0.5641 0.0243
vn -0.5242 -0.6564 -0.5425
vn -0.7707 -0.6361 0.0381
vn -0.7343 -0.6779 0.0339
vn -0.7691 -0.6305 0.1050
vn -0.7560 -0.6510 0.0686
vn -0.1160 -0.8140 -0.5691
vn -0.1486 -0.7528 -0.6413
vn 0.0819 -0.7970 -0.5984
vn 0.0221 -0.8381 -0.5450
vn 0.0390 -0.7979 -0.6015
vn -0.0489 -0.8228 -0.5662
vn -0.0667 -0.7469 -0.6616
vn 0.0174 -0.7764 -0.6300
vn -0.0652 -0.7688 -0.6362
vn 0.4314 -0.8548 -0.2884
vn 0.5669 -0.8158 -0.1145
vn 0.6551 -0.7498 0.0926
vn 0.6513 -0.7441 0.1486
vn 0.6426 -0.7320 0.2263
vn 0.6433 -0.7276 0.2383
vn 0.6566 -0.7303 0.1885
vn 0.6566 -0.7262 0.2036
vn 0.6457 -0.7252 0.2392
vn 0.6032 -0.7527 0.2638
vn 0.5309 -0.8245 0.1958
vn 0.6811 -0.7322 0.0066
vn 0.6791 -0.7316 0.0603
vn 0.6662 -0.7434 0.0595
vn 0.6707 -0.7397 0.0552
vn 0.6370 -0.7640 -0.1028
vn 0.6336 -0.7295 0.2577
vn -0.0624 -0.9676 0.2446
vn -0.0372 -0.9883 0.1477
vn 0.5382 -0.7836 0.3102
vn -0.0739 -0.9713 0.2260
vn -0.1175 -0.9769 0.1787
vn 0.8292 -0.4869 -0.2745
vn 0.8011 -0.5621 -0.2058
vn 0.5010 -0.8654 0.0095
vn 0.1016 -0.9498 0.2959
vn -0.1453 -0.9466 0.2878
vn -0.1980 -0.9395 0.2794
vn -0.5847 -0.8108 0.0270
vn -0.8897 -0.3655 -0.2735
vn -0.9124 -0.0747 -0.4025
vn -0.0114 -0.9570 0.2899
vn -0.0667 -0.9575 0.2807
vn -0.2191 -0.9372 0.2713
vn -0.2810 -0.9300 0.2371
vn -0.9257 -0.0746 -0.3710
vn 0.8396 -0.4592 -0.2903
vn -0.1618 -0.9655 0.2042
vn -0.2224 -0.9501 0.2189
vn -0.3952 -0.9123 0.1070
vn -0.5139 -0.8566 -0.0459
vn -0.1754 -0.9845 0.0032
vn -0.2527 -0.9674 -0.0186
vn -0.4038 -0.9135 -0.0493
vn -0.1551 -0.9672 0.2014
vn -0.1973 -0.9803 -0.0023
vn -0.0480 -0.9972 0.0577
vn -0.3511 -0.9354 -0.0419
vn -0.1079 -0.9411 0.3206
vn -0.0838 -0.9637 0.2535
vn -0.1766 -0.9145 0.3640
vn -0.1086 -0.9717 0.2097
vn -0.1039 -0.9688 0.2250
vn -0.2434 -0.9440 0.2229
vn -0.2004 -0.9639 0.1754
vn -0.0621 -0.9576 0.2814
vn -0.1272 -0.9493 0.2876
vn -0.2178 -0.9394 0.2647
vn -0.1905 -0.9597 0.2066
vn -0.1440 -0.9713 0.1892
vn -0.2674 -0.9371 0.2242
vn -0.3279 -0.9223 0.2044
vn -0.2680 -0.9586 0.0966
vn -0.0889 -0.9913 0.0975
vn 0.0275 -0.9846 0.1728
vn 0.0736 -0.9802 0.1838
vn 0.2594 -0.9457 0.1959
vn 0.2893 -0.9302 0.2260
vn 0.0862 -0.9452 -0.3149
vn 0.0998 -0.9173 -0.3854
vn 0.1308 -0.8582 -0.4965
vn 0.1357 -0.8551 -0.5003
vn 0.0188 -0.9998 0.0066
vn 0.0552 -0.9850 -0.1636
vn 0.1937 -0.8216 -0.5361
vn 0.0527 -0.9787 0.1985
vn 0.2561 -0.7763 -0.5760
vn 0.3196 -0.7995 -0.5085
vn 0.1247 -0.8790 -0.4602
vn -0.0047 -0.9937 0.1120
vn 0.2581 -0.7974 -0.5454
vn 0.3753 -0.8231 -0.4262
vn 0.2510 -0.7909 -0.5581
vn 0.4049 -0.8435 -0.3529
vn 0.2854 -0.8062 -0.5182
vn 0.2131 -0.8549 -0.4729
vn 0.3030 -0.7755 -0.5539
vn 0.0785 -0.8733 -0.4808
vn -0.1309 -0.8488 -0.5122
vn -0.2007 -0.8357 -0.5111
vn 0.0027 -0.8644 -0.5027
vn -0.0509 -0.8597 -0.5083
vn -0.2417 -0.8285 -0.5050
vn -0.2887 -0.8024 -0.5223
vn -0.3057 -0.7653 -0.5665
vn -0.3068 -0.7474 -0.5893
vn -0.3494 -0.7172 -0.6030
vn -0.4417 -0.6554 -0.6126
vn -0.3325 -0.7750 -0.5375
vn -0.5006 -0.6569 -0.5638
vn -0.4832 -0.6420 -0.5953
vn -0.0739 -0.9826 -0.1705
vn -0.0919 -0.9925 -0.0810
vn -0.1108 -0.9847 0.1344
vn -0.1157 -0.9796 0.1641
vn -0.1019 -0.9947 0.0098
vn -0.1050 -0.9914 0.0785
vn -0.1313 -0.9753 0.1778
vn -0.0539 -0.9125 -0.4055
vn -0.0313 -0.9570 -0.2884
vn -0.0475 -0.9664 -0.2526
vn -0.0578 -0.9719 -0.2283
vn -0.1532 -0.8376 -0.5243
vn -0.6449 0.6180 0.4496
vn -0.3073 0.8532 0.4216
vn -0.3761 0.8588 -0.3479
vn -0.8142 0.5043 -0.2877
vn 0.7201 0.6938 0.0073
vn 0.1045 0.9636 -0.2461
vn 0.0710 0.8592 0.5066
vn 0.5302 0.6987 0.4804
vn 0.0435 0.8957 0.4425
vn 0.0674 0.9475 -0.3127
vn 0.0406 0.9437 -0.3284
vn 0.0142 0.9028 0.4299
vn -0.2697 0.9048 -0.3294
vn -0.2367 0.8633 0.4458
vn -0.1237 0.8929 0.4328
vn -0.1290 0.9399 -0.3163
vn 0.7207 0.6920 -0.0419
vn 0.0962 0.9581 -0.2697
vn 0.0606 0.9427 -0.3282
vn 0.0415 0.9425 -0.3316
vn 0.0112 0.9407 -0.3392
vn -0.0231 0.9315 -0.3629
vn -0.0549 0.9484 -0.3123
vn 0.0011 0.9472 -0.3207
vn -0.2208 0.4956 -0.8400
vn -0.3024 0.3242 -0.8964
vn -0.4187 0.8198 -0.3906
vn -0.3075 0.8828 -0.3550
vn -0.9908 -0.0332 -0.1311
vn -0.7051 0.2244 0.6726
vn -0.6308 0.2047 -0.7484
vn -0.7031 -0.2335 -0.6717
vn -0.9731 -0.0536 -0.2240
vn -0.8016 0.4680 -0.3719
vn -0.0897 0.8922 0.4427
vn -0.1228 0.9334 -0.3372
vn -0.2915 0.8860 -0.3606
vn -0.3973 0.8309 -0.3895
vn -0.8074 0.4696 -0.3571
vn -0.0083 0.3417 0.9398
vn -0.0072 0.3264 0.9452
vn 0.0648 0.8825 0.4658
vn -0.0472 0.3239 0.9449
vn -0.0712 0.3325 0.9404
vn -0.0311 0.9007 0.4333
vn -0.0440 0.3485 0.9363
vn -0.0201 0.3478 0.9373
vn -0.0113 0.3057 0.9521
vn -0.0779 0.3153 0.9458
vn -0.7720 0.2367 0.5900
vn -0.9900 -0.0957 -0.1040
vn -0.6145 -0.7556 0.2268
vn -0.5709 -0.4577 0.6816
vn -0.9785 -0.1102 -0.1745
vn -0.5960 -0.7880 0.1547
vn 0.5671 0.1234 0.8143
vn -0.0120 0.2373 0.9714
vn -0.0651 -0.4966 0.8655
vn 0.4271 -0.4565 0.7805
vn -0.0471 0.3407 0.9390
vn -0.0752 0.3086 0.9482
vn -0.0133 -0.3761 0.9265
vn -0.0347 -0.3583 0.9330
vn -0.0076 0.3260 0.9453
vn -0.0195 0.3454 0.9382
vn -0.0404 -0.3641 0.9305
vn -0.0414 -0.3915 0.9192
vn -0.0666 0.3165 0.9462
vn -0.0754 0.3861 0.9194
vn -0.0097 -0.2566 0.9665
vn 0.0816 -0.3555 0.9311
vn -0.0440 0.2790 0.9593
vn 0.0628 -0.4205 0.9051
vn -0.0549 -0.9028 0.4264
vn -0.0664 -0.9141 0.4001
vn -0.0446 -0.4298 0.9018
vn 0.1362 -0.8820 0.4512
vn 0.0721 -0.8888 0.4526
vn 0.0010 -0.8907 0.4545
vn -0.0385 -0.8957 0.4429
vn 0.1855 -0.8874 0.4221
vn 0.1846 -0.8731 0.4513
vn -0.3678 -0.8890 -0.2727
vn 0.0987 -0.7816 -0.6159
vn 0.2913 -0.8910 0.3482
vn -0.5508 -0.8249 0.1269
vn 0.0941 0.9566 -0.2758
vn 0.0600 0.9476 -0.3137
vn -0.0047 0.2963 0.9551
vn 0.5815 0.1795 0.7935
vn -0.0035 0.2853 0.9584
vn -0.0840 -0.9449 0.3164
vn 0.6070 -0.6896 0.3950
vn 0.9584 -0.0370 0.2831
vn 0.9644 0.0202 0.2638
vn -0.0863 -0.9553 0.2829
vn 0.6120 -0.7106 0.3471
vn 0.9736 -0.0507 0.2225
vn 0.9777 0.0325 0.2073
vn -0.1141 0.9365 -0.3317
vn -0.9732 -0.1130 -0.2004
vn -0.0336 0.9336 -0.3566
vn 0.2513 0.7988 -0.5466
vn 0.3796 0.6732 -0.6346
vn 0.4485 0.7128 -0.5392
vn 0.3331 0.8116 -0.4800
vn 0.2236 0.6328 -0.7413
vn 0.1276 0.7815 -0.6107
vn 0.0460 0.7598 -0.6485
vn 0.0428 0.6409 -0.7665
vn -0.0487 0.7807 -0.6230
vn -0.1440 0.6532 -0.7434
vn 0.0656 0.5505 -0.8323
vn -0.0936 0.5056 -0.8577
vn -0.2598 0.7992 -0.5419
vn 0.0479 0.9549 -0.2929
vn -0.2004 0.8034 -0.5606
vn 0.0872 0.9651 -0.2471
vn 0.7280 0.6847 -0.0339
vn 0.1314 0.8264 -0.5475
vn 0.0333 0.8381 -0.5445
vn -0.0245 0.8815 -0.4715
vn -0.2618 0.7324 -0.6286
vn -0.2920 0.7675 -0.5708
vn -0.9785 -0.0498 -0.2000
vn 0.1978 -0.9090 0.3670
vn 0.9833 0.0247 0.1801
vn 0.6171 -0.7210 0.3152
vn 0.9801 -0.0612 0.1887
vn -0.0720 -0.9601 0.2703
vn 0.8248 -0.1183 -0.5530
vn 0.8225 -0.2150 -0.5266
vn 0.6091 -0.7435 -0.2760
vn 0.0642 -0.6780 -0.7323
vn 0.1153 -0.2516 -0.9609
vn 0.0969 -0.1805 -0.9788
vn 0.1032 0.5611 -0.8213
vn 0.6662 0.4282 -0.6106
vn -0.0157 0.5121 -0.8588
vn 0.0171 -0.2081 -0.9780
vn -0.0059 -0.2058 -0.9786
vn -0.0699 0.5140 -0.8549
vn -0.0256 -0.2370 -0.9712
vn -0.1024 -0.3117 -0.9446
vn 0.2513 0.4976 -0.8302
vn 0.0666 -0.1984 -0.9779
vn 0.0395 -0.1848 -0.9820
vn 0.0348 -0.1909 -0.9810
vn -0.1915 0.2172 -0.9572
vn 0.0254 -0.2110 -0.9772
vn 0.0206 -0.2094 -0.9776
vn -0.0098 0.4333 -0.9012
vn 0.0276 0.3950 -0.9183
vn 0.0214 -0.2093 -0.9776
vn 0.0244 -0.2109 -0.9772
vn 0.0930 0.3748 -0.9224
vn 0.3406 0.2467 -0.9073
vn 0.0595 -0.2180 -0.9741
vn 0.0183 -0.2326 -0.9724
vn -0.0029 -0.2322 -0.9727
vn -0.0396 -0.2816 -0.9587
vn -0.1204 -0.3908 -0.9126
vn -0.6804 -0.3343 -0.6522
vn 0.0342 -0.2338 -0.9717
vn 0.0312 -0.2677 -0.9630
vn 0.0513 -0.2672 -0.9623
vn 0.0358 -0.2432 -0.9693
vn 0.0226 -0.2328 -0.9723
vn 0.0209 -0.2322 -0.9724
vn 0.0205 -0.2323 -0.9724
vn 0.0446 -0.2337 -0.9713
vn 0.0184 -0.2140 -0.9767
vn -0.0088 -0.2128 -0.9771
vn -0.0470 -0.3384 -0.9398
vn 0.0342 -0.2146 -0.9761
vn 0.0287 -0.3186 -0.9474
vn 0.0529 -0.3003 -0.9524
vn 0.0372 -0.2406 -0.9699
vn 0.0227 -0.2142 -0.9765
vn 0.0212 -0.2141 -0.9766
vn 0.0218 -0.2141 -0.9766
vn 0.0457 -0.2151 -0.9755
vn 0.1946 0.7583 0.6221
vn 0.1317 0.7617 0.6344
vn 0.1206 0.7598 0.6389
vn 0.1772 0.7636 0.6209
vn -0.0300 0.7939 0.6073
vn -0.0686 0.7988 0.5976
vn -0.0607 0.7996 0.5974
vn -0.0152 0.7864 0.6176
vn 0.0484 0.7772 0.6274
vn 0.0466 0.7696 0.6368
vn 0.2638 0.7649 0.5876
vn 0.2710 0.7569 0.5947
vn 0.2529 0.7563 0.6034
vn 0.2395 0.7658 0.5969
vn -0.0782 0.7965 0.5996
vn -0.0758 0.8021 0.5924
vn -0.1137 0.7752 0.6214
vn -0.0454 0.7657 0.6416
vn 0.0106 0.7398 0.6727
vn 0.0353 0.7209 0.6921
vn 0.0870 0.7195 0.6890
vn 0.1359 0.7365 0.6627
vn 0.1965 0.7545 0.6262
vn 0.2431 0.7597 0.6031
vn -0.1529 0.7316 0.6643
vn -0.0455 0.7257 0.6865
vn 0.0447 0.7046 0.7081
vn 0.0276 0.6679 0.7437
vn 0.0546 0.6746 0.7362
vn 0.0971 0.7264 0.6803
vn 0.1526 0.7506 0.6429
vn 0.2092 0.7515 0.6257
vn 0.7175 0.4320 0.5464
vn 0.5342 0.0464 0.8441
vn 0.7098 -0.3637 0.6032
vn 0.9520 -0.0708 0.2979
vn -0.5476 0.1237 0.8275
vn -0.8377 0.2568 0.4820
vn -0.9589 -0.2658 0.0994
vn -0.7018 -0.5333 0.4723
vn -0.7913 0.5519 0.2634
vn -0.5838 0.8013 -0.1307
vn -0.6296 0.4264 -0.6494
vn -0.9763 -0.0079 -0.2163
vn 0.3071 0.9447 -0.1147
vn 0.6444 0.7633 -0.0463
vn 0.8039 0.4598 -0.3773
vn 0.2613 0.6452 -0.7179
vn -0.1248 -0.0280 0.9918
vn -0.2895 0.0127 0.9571
vn -0.4081 -0.6348 0.6561
vn -0.1872 -0.6617 0.7260
vn 0.0683 0.0573 0.9960
vn -0.0200 0.0044 0.9998
vn -0.0703 -0.6625 0.7458
vn 0.0306 -0.6413 0.7667
vn 0.1532 0.1200 0.9809
vn 0.0717 -0.6250 0.7773
vn 0.0670 0.9942 -0.0844
vn 0.1505 0.9849 -0.0851
vn 0.0874 0.6514 -0.7537
vn 0.0521 0.6498 -0.7583
vn -0.0186 0.9935 -0.1125
vn 0.0091 0.6462 -0.7631
vn -0.1097 0.9847 -0.1353
vn -0.0831 0.6337 -0.7691
vn 0.2114 0.9740 -0.0813
vn 0.1075 0.6503 -0.7520
vn -0.7811 0.5073 0.3640
vn -0.9880 -0.0805 -0.1316
vn 0.7988 0.4516 0.3975
vn 0.9894 0.0834 0.1185
vn -0.9765 0.0495 -0.2099
vn -0.8910 -0.3266 -0.3155
vn -0.7295 -0.5866 -0.3518
vn -0.9797 0.0495 -0.1941
vn 0.0671 -0.9510 -0.3017
vn -0.9730 0.0495 -0.2256
usemtl Material__2
s 1
f 367//176 368//177 369//178 370//179
f 370//179 369//178 371//180 372//181
f 372//181 371//180 373//182 374//183
f 375//184 376//185 377//186 378//187
f 378//187 377//186 379//188 380//189
f 380//189 379//188 381//190 382//191
f 382//191 381//190 383//192 384//193
f 384//193 383//192 385//194 386//195
f 386//195 385//194 387//196 388//197
f 388//197 387//196 389//198 390//199
f 390//199 389//198 391//200 392//201
f 392//201 391//200 393//202 394//203
f 394//203 393//202 395//204 396//205
f 396//205 395//204 397//206 398//207
f 398//207 397//206 399//208 400//209
f 400//209 399//208 401//210 402//211
f 402//211 401//210 403//212 404//213
f 404//213 403//212 405//214 406//215
f 406//215 405//214 407//216 408//217
f 408//217 407//216 409//218 410//219
f 411//220 412//221 413//222 414//223
f 414//223 413//222 415//224 416//225
f 417//226 418//227 419//228 420//229
f 420//229 419//228 421//230 422//231
f 422//231 421//230 423//232 424//233
f 425//234 426//235 427//236 428//237
f 428//237 427//236 429//238 430//239
f 430//239 429//238 431//240 432//241
f 432//241 431//240 433//242 434//243
f 434//243 433//242 435//244 436//245
f 436//245 435//244 437//246 438//247
f 438//247 437//246 439//248 440//249
f 440//249 439//248 441//250 442//251
f 442//251 441//250 443//252 444//253
f 444//253 443//252 445//254 446//255
f 446//255 445//254 447//256 448//257
f 448//257 447//256 449//258 450//259
f 450//259 449//258 451//260 452//261
f 452//261 451//260 453//262 454//263
f 454//263 453//262 455//264 456//265
f 456//265 455//264 457//266 458//267
f 458//267 457//266 459//268 460//269
f 461//270 462//271 463//272 464//273
f 464//273 463//272 465//274 466//275
f 419//228 418//227 367//176 370//179
f 421//230 419//228 370//179 372//181
f 426//235 423//232 374//183 375//184
f 427//236 426//235 375//184 378//187
f 429//238 427//236 378//187 380//189
f 431//240 429//238 380//189 382//191
f 433//242 431//240 382//191 384//193
f 435//244 433//242 384//193 386//195
f 437//246 435//244 386//195 388//197
f 439//248 437//246 388//197 390//199
f 441//250 439//248 390//199 392//201
f 443//252 441//250 392//201 394//203
f 445//254 443//252 394//203 396//205
f 447//256 445//254 396//205 398//207
f 449//258 447//256 398//207 400//209
f 451//260 449//258 400//209 402//211
f 453//262 451//260 402//211 404//213
f 455//264 453//262 404//213 406//215
f 457//266 455//264 406//215 408//217
f 462//271 459//268 410//219 411//220
f 463//272 462//271 411//220 414//223
f 465//274 463//272 414//223 416//225
f 461//270 467//276 468//277 460//269
f 464//273 466//275 467//276 461//270
f 422//231 469//278 417//226 420//229
f 425//234 428//237 470//279 424//233
f 430//239 471//280 470//279 428//237
f 432//241 472//281 471//280 430//239
f 434//243 473//282 472//281 432//241
f 436//245 474//283 473//282 434//243
f 438//247 475//284 474//283 436//245
f 440//249 476//285 475//284 438//247
f 442//251 477//286 476//285 440//249
f 444//253 478//287 477//286 442//251
f 446//255 479//288 478//287 444//253
f 448//257 480//289 479//288 446//255
f 450//259 481//290 480//289 448//257
f 452//261 482//291 481//290 450//259
f 454//263 483//292 482//291 452//261
f 456//265 468//277 483//292 454//263
f 484//293 485//294 417//226 469//278
f 486//295 487//296 485//294 484//293
f 488//297 489//298 487//296 486//295
f 490//299 491//300 489//298 488//297
f 492//301 493//302 491//300 490//299
f 494//303 495//304 493//302 492//301
f 496//305 497//306 495//304 494//303
f 498//307 499//308 497//306 496//305
f 500//309 501//310 499//308 498//307
f 502//311 503//312 501//310 500//309
f 504//313 505//314 503//312 502//311
f 506//315 507//316 505//314 504//313
f 508//317 509//318 507//316 506//315
f 467//276 466//275 509//318 508//317
f 485//294 510//319 418//227 417//226
f 487//296 511//320 510//319 485//294
f 489//298 512//321 511//320 487//296
f 491//300 513//322 512//321 489//298
f 493//302 514//323 513//322 491//300
f 495//304 515//324 514//323 493//302
f 497//306 516//325 515//324 495//304
f 499//308 517//326 516//325 497//306
f 501//310 518//327 517//326 499//308
f 503//312 519//328 518//327 501//310
f 505//314 520//329 519//328 503//312
f 507//316 521//330 520//329 505//314
f 509//318 522//331 521//330 507//316
f 466//275 465//274 522//331 509//318
f 523//332 524//333 525//334 526//335
f 526//335 525//334 527//336 528//337
f 529//338 530//339 531//340 532//341
f 533//342 534//343 535//344 536//345
f 537//346 527//336 538//347 539//348
f 539//348 538//347 540//349 541//350
f 541//350 540//349 542//351 543//352
f 543//352 542//351 544//353 545//354
f 545//354 544//353 546//355 547//356
f 547//356 546//355 548//357 549//358
f 549//358 548//357 550//359 551//360
f 551//360 550//359 552//361 553//362
f 553//362 552//361 554//363 555//364
f 555//364 554//363 556//365 557//366
f 557//366 556//365 558//367 559//368
f 559//368 558//367 560//369 561//370
f 561//370 560//369 562//371 563//372
f 563//372 562//371 531//340 530//339
f 525//334 524//333 564//373 565//374
f 565//374 564//373 566//375 567//376
f 567//376 566//375 568//377 569//378
f 569//378 568//377 570//379 571//380
f 571//380 570//379 572//381 573//382
f 573//382 572//381 574//383 575//384
f 575//384 574//383 576//385 577//386
f 577//386 576//385 578//387 579//388
f 579//388 578//387 580//389 581//390
f 581//390 580//389 582//391 583//392
f 583//392 582//391 584//393 585//394
f 585//394 584//393 586//395 587//396
f 587//396 586//395 588//397 589//398
f 589//398 588//397 535//344 534//343
f 374//183 373//182 376//185 375//184
f 410//219 409//218 412//221 411//220
f 424//233 423//232 426//235 425//234
f 460//269 459//268 462//271 461//270
f 374//183 423//232 421//230 372//181
f 410//219 459//268 457//266 408//217
f 460//269 468//277 456//265 458//267
f 424//233 470//279 469//278 422//231
f 470//279 471//280 484//293 469//278
f 471//280 472//281 486//295 484//293
f 472//281 473//282 488//297 486//295
f 473//282 474//283 490//299 488//297
f 474//283 475//284 492//301 490//299
f 475//284 476//285 494//303 492//301
f 476//285 477//286 496//305 494//303
f 477//286 478//287 498//307 496//305
f 478//287 479//288 500//309 498//307
f 479//288 480//289 502//311 500//309
f 480//289 481//290 504//313 502//311
f 481//290 482//291 506//315 504//313
f 482//291 483//292 508//317 506//315
f 483//292 468//277 467//276 508//317
f 528//337 527//336 537//346 590//399
f 532//341 531//340 534//343 533//342
f 538//347 527//336 525//334 565//374
f 540//349 538//347 565//374 567//376
f 542//351 540//349 567//376 569//378
f 544//353 542//351 569//378 571//380
f 546//355 544//353 571//380 573//382
f 548//357 546//355 573//382 575//384
f 550//359 548//357 575//384 577//386
f 552//361 550//359 577//386 579//388
f 554//363 552//361 579//388 581//390
f 556//365 554//363 581//390 583//392
f 558//367 556//365 583//392 585//394
f 560//369 558//367 585//394 587//396
f 562//371 560//369 587//396 589//398
f 531//340 562//371 589//398 534//343
f 369//178 368//177 524//333 523//332
f 371//180 369//178 523//332 526//335
f 373//182 371//180 526//335 528//337
f 377//186 376//185 590//399 537//346
f 379//188 377//186 537//346 539//348
f 381//190 379//188 539//348 541//350
f 383//192 381//190 541//350 543//352
f 385//194 383//192 543//352 545//354
f 387//196 385//194 545//354 547//356
f 389//198 387//196 547//356 549//358
f 391//200 389//198 549//358 551//360
f 393//202 391//200 551//360 553//362
f 395//204 393//202 553//362 555//364
f 397//206 395//204 555//364 557//366
f 399//208 397//206 557//366 559//368
f 401//210 399//208 559//368 561//370
f 403//212 401//210 561//370 563//372
f 405//214 403//212 563//372 530//339
f 407//216 405//214 530//339 529//338
f 409//218 407//216 529//338 532//341
f 413//222 412//221 533//342 536//345
f 415//224 413//222 536//345 535//344
f 376//185 373//182 528//337 590//399
f 412//221 409//218 532//341 533//342
f 524//333 368//177 591//400 564//373
f 564//373 591//400 592//401 566//375
f 566//375 592//401 593//402 568//377
f 568//377 593//402 594//403 570//379
f 570//379 594//403 595//404 572//381
f 572//381 595//404 596//405 574//383
f 574//383 596//405 597//406 576//385
f 576//385 597//406 598//407 578//387
f 578//387 598//407 599//408 580//389
f 580//389 599//408 600//409 582//391
f 582//391 600//409 601//410 584//393
f 584//393 601//410 602//411 586//395
f 586//395 602//411 603//412 588//397
f 588//397 603//412 415//224 535//344
f 604//413 605//414 606//415 607//416
f 608//417 609//418 610//419 611//420
f 612//421 613//422 614//423 615//424
f 616//425 617//426 618//427 619//428
f 615//424 614//423 605//414 604//413
f 613//422 612//421 620//429 621//430
f 622//431 623//432 624//433 625//434
f 626//435 627//436 628//437 629//438
f 630//439 631//440 632//441 633//442
f 634//443 635//444 636//445 637//446
f 638//447 639//448 640//449 641//450
f 642//451 643//452 644//453 645//454
f 645//454 644//453 646//455 647//456
f 647//456 646//455 648//457 649//458
f 650//459 651//460 649//458 652//461
f 653//462 654//463 655//464 656//465
f 657//466 658//467 659//468 660//469
f 660//469 659//468 661//470 662//471
f 663//472 664//473 665//474 666//475
f 623//432 622//431 667//476
f 668//477 669//478 670//479 671//480
f 672//481 673//482 674//483 675//484
f 676//485 677//486 609//418 608//417
f 678//487 679//488 611//420 610//419
f 680//489 681//490 682//491 683//492
f 684//493 685//494 686//495 687//496
f 688//497 689//498 690//499 691//500
f 649//458 648//457 692//501 652//461
f 679//488 693//502 694//503 611//420
f 611//420 694//503 695//504 608//417
f 608//417 695//504 696//505 676//485
f 676//485 696//505 697//506 698//507
f 699//508 700//509 701//510 702//511
f 701//510 700//509 703//512
f 703//512 700//509 704//513 705//514
f 705//514 704//513 706//515
f 707//516 708//517 709//518 710//519
f 649//458 651//460 711//520 647//456
f 647//456 711//520 712//521 645//454
f 645//454 712//521 713//522 642//451
f 642//451 713//522 714//523 641//450
f 692//501 715//524 665//474 652//461
f 652//461 665//474 664//473 650//459
f 620//429 716//525 717//526 621//430
f 718//527 719//528 720//529 721//530
f 710//519 722//531 723//532 707//516
f 724//533 670//479 718//527 721//530
f 623//432 725//534 624//433
f 726//535 727//536 728//537 729//538
f 730//539 731//540 732//541 733//542
f 734//543 735//544 736//545 737//546
f 655//464 654//463 663//472 666//475
f 717//526 719//528 718//527 621//430
f 621//430 718//527 670//479 613//422
f 613//422 670//479 669//478 614//423
f 738//547 739//548 740//549 690//499
f 629//438 741//550 742//551 626//435
f 687//496 743//552 744//553 684//493
f 683//492 745//554 746//555 680//489
f 747//556 653//462 656//465 748//557
f 749//558 750//559 637//446 636//445
f 751//560 752//561 753//562 754//563
f 755//564 678//487 756//565 757//566
f 678//487 610//419 758//567 756//565
f 610//419 759//568 760//569 758//567
f 761//570 762//571 763//572 764//573
f 762//571 765//574 766//575 763//572
f 705//514 706//515 767//576 768//577
f 769//578 751//560 754//563 770//579
f 759//568 610//419 771//580 772//581
f 610//419 609//418 773//582 771//580
f 609//418 774//583 775//584 773//582
f 776//585 777//586 778//587 779//588
f 777//586 780//589 781//590 778//587
f 703//512 705//514 782//591 783//592
f 765//574 762//571 784//593 785//594
f 762//571 761//570 786//595 784//593
f 688//497 691//500 787//596 788//597
f 691//500 789//598 790//599 787//596
f 701//510 703//512 791//600 792//601
f 780//589 777//586 793//602 794//603
f 777//586 776//585 795//604 793//602
f 774//583 609//418 796//605 797//606
f 609//418 677//486 798//607 796//605
f 677//486 799//608 800//609 798//607
f 739//548 801//610 702//511 740//549
f 789//598 701//510 792//601 790//599
f 741//550 802//611 803//612 742//551
f 794//603 791//600 703//512 780//589
f 780//589 703//512 783//592 781//590
f 743//552 804//613 805//614 744//553
f 785//594 782//591 705//514 765//574
f 765//574 705//514 768//577 766//575
f 745//554 806//615 807//616 746//555
f 770//579 767//576 706//515 769//578
f 673//482 808//617 689//498 674//483
f 799//608 688//497 788//597 800//609
f 727//536 628//437 627//436 728//537
f 797//606 795//604 776//585 774//583
f 774//583 776//585 779//588 775//584
f 731//540 686//495 685//494 732//541
f 772//581 786//595 761//570 759//568
f 759//568 761//570 764//573 760//569
f 735//544 682//491 681//490 736//545
f 757//566 753//562 752//561 755//564
f 614//423 669//478 622//431 605//414
f 605//414 622//431 625//434 606//415
f 606//415 625//434 618//427 633//442
f 715//524 693//502 679//488 665//474
f 665//474 679//488 678//487 666//475
f 666//475 678//487 755//564 655//464
f 655//464 752//561 751//560 656//465
f 656//465 751//560 769//578 748//557
f 809//618 706//515 704//513 810//619
f 631//440 811//620 714//523 632//441
f 607//416 713//522 712//521 604//413
f 604//413 712//521 711//520 615//424
f 615//424 711//520 651//460 612//421
f 612//421 651//460 650//459 620//429
f 719//528 654//463 653//462 720//529
f 716//525 664//473 663//472 717//526
f 749//558 747//556 710//519 750//559
f 620//429 650//459 664//473 716//525
f 750//559 710//519 709//518 812//621
f 717//526 663//472 654//463 719//528
f 720//529 653//462 747//556 749//558
f 813//622 814//623 815//624 816//625
f 817//626 818//627 819//628 820//629
f 821//630 822//631 823//632 824//633
f 825//634 826//635 827//636 828//637
f 829//638 830//639 831//640 832//641
f 833//642 834//643 835//644 836//645
f 837//646 838//647 839//648 840//649
f 841//650 839//648 842//651 843//652
f 844//653 845//654 846//655 847//656
f 848//657 849//658 850//659 851//660
f 851//660 850//659 852//661 853//662
f 853//662 852//661 854//663 855//664
f 855//664 854//663 856//665 857//666
f 857//666 856//665 858//667 859//668
f 859//668 858//667 860//669 861//670
f 862//671 863//672 864//673 865//674
f 866//675 867//676 868//677 869//678
f 869//678 868//677 863//672 862//671
f 870//679 871//680 872//681 873//682
f 818//627 817//626 874//683 875//684
f 874//683 707//516 723//532 876//685
f 699//508 877//686 878//687 879//688
f 880//689 881//690 882//691 883//692
f 884//693 885//694 886//695 887//696
f 888//697 889//698 890//699 891//700
f 891//700 890//699 892//701 893//702
f 893//702 892//701 894//703 895//704
f 895//704 894//703 896//705 897//706
f 897//706 896//705 898//707 899//708
f 899//708 898//707 900//709 901//710
f 902//711 903//712 904//713 905//714
f 906//715 907//716 908//717 909//718
f 905//714 904//713 910//719 911//720
f 912//721 913//722 914//723 915//724
f 916//725 917//726 918//727 919//728
f 920//729 921//730 922//731 923//732
f 924//733 925//734 926//735 927//736
f 928//737 929//738 930//739 931//740
f 929//738 928//737 932//741 933//742
f 934//743 935//744 936//745 937//746
f 938//747 939//748 940//749 941//750
f 941//750 940//749 942//751
f 943//752 942//751 944//753 945//754
f 945//754 944//753 946//755 947//756
f 947//756 946//755 948//757 949//758
f 949//758 948//757 950//759 951//760
f 952//761 953//762 828//637 954//763
f 955//764 830//639 956//765 957//766
f 957//766 956//765 953//762 952//761
f 958//767 959//768 960//769 961//770
f 961//770 960//769 962//771 963//772
f 964//773 965//774 966//775 967//776
f 968//777 969//778 970//779 971//780
f 972//781 973//782 974//783 975//784
f 976//785 977//786 959//768 847//656
f 903//712 902//711 935//744 934//743
f 978//787 979//788 980//789
f 969//778 981//790 982//791 970//779
f 931//740 983//792 984//793 928//737
f 928//737 984//793 985//794 932//741
f 932//741 985//794 986//795 911//720
f 905//714 987//796 988//797 902//711
f 902//711 988//797 989//798 935//744
f 989//798 990//799 991//800 992//801
f 993//802 924//733 927//736 994//803
f 995//804 996//805 997//806 998//807
f 999//808 862//671 865//674 1000//809
f 1001//810 866//675 869//678 1002//811
f 1002//811 869//678 862//671 999//808
f 1003//812 1004//813 1005//814 1006//815
f 866//675 1001//810 1007//816 1008//817
f 1009//818 1010//819 1011//820 1012//821
f 1013//822 1014//823 1015//824 1016//825
f 1017//826 880//689 883//692 1018//827
f 1019//828 978//787 1020//829 990//799
f 996//805 888//697 891//700 997//806
f 997//806 891//700 893//702 1021//830
f 1021//830 893//702 895//704 1022//831
f 1022//831 895//704 897//706 1023//832
f 1023//832 897//706 899//708 1024//833
f 1024//833 899//708 901//710 1025//834
f 1026//835 1027//836 978//787 1019//828
f 1027//836 1026//835 1028//837 1029//838
f 1030//839 1031//840 880//689 1017//826
f 1020//829 1032//841 991//800 990//799
f 1033//842 1034//843 1035//844 1036//845
f 921//730 920//729 1037//846 1038//847
f 1038//847 1037//846 1034//843 1033//842
f 1039//848 1003//812 1006//815 1040//849
f 867//676 866//675 1008//817 1041//850
f 942//751 1042//851 1043//852 944//753
f 944//753 1043//852 1044//853 946//755
f 946//755 1044//853 1045//854 948//757
f 948//757 1045//854 1046//855 950//759
f 998//807 1042//851 942//751 940//749
f 1047//856 916//725 919//728 1048//857
f 955//764 920//729 923//732 1049//858
f 1050//859 1051//860 1052//861 1053//862
f 1054//863 1055//864 1056//865 1057//866
f 838//647 1058//867 1059//868 1060//869
f 958//767 1061//870 1062//871 844//653
f 1063//872 1064//873 1065//874 1066//875
f 1066//875 1065//874 943//752 1067//876
f 1067//876 943//752 945//754 1068//877
f 1068//877 945//754 947//756 1069//878
f 1069//878 947//756 949//758 1070//879
f 1070//879 949//758 951//760 1071//880
f 1034//843 952//761 954//763 1035//844
f 920//729 955//764 957//766 1037//846
f 1037//846 957//766 952//761 1034//843
f 1061//870 958//767 961//770 1072//881
f 1072//881 961//770 963//772 1073//882
f 837//646 1074//883 1058//867 838//647
f 844//653 1062//871 1075//884 845//654
f 704//513 700//509 1076//885 974//783
f 700//509 699//508 879//688 1076//885
f 871//680 1077//886 661//470 872//681
f 816//625 659//468 658//467 813//622
f 817//626 708//517 707//516 874//683
f 1078//887 879//688 878//687 1079//888
f 1080//889 1081//890 912//721 915//724
f 1032//841 1020//829 1082//891 1083//892
f 1084//893 1085//894 1086//895 1087//896
f 1087//896 1086//895 1088//897 1089//898
f 1089//898 1088//897 1090//899 1091//900
f 1091//900 1090//899 1092//901 1093//902
f 1093//902 1092//901 1094//903 1095//904
f 1095//904 1094//903 1096//905 1097//906
f 908//717 979//788 1098//907 909//718
f 909//718 1098//907 1099//908 914//723
f 973//782 810//619 704//513 974//783
f 908//717 907//716 1100//909 1101//910
f 1076//885 1102//911 975//784 974//783
f 879//688 1078//887 1102//911 1076//885
f 875//684 874//683 876//685 1103//912
f 1104//913 754//563 753//562 1105//914
f 1105//914 753//562 757//566 1106//915
f 1107//916 756//565 758//567 1108//917
f 1108//917 758//567 760//569 1109//918
f 1110//919 764//573 763//572 1111//920
f 1111//920 763//572 766//575 1112//921
f 1113//922 768//577 767//576 1114//923
f 1114//923 767//576 770//579 1115//924
f 1116//925 786//595 772//581 1117//926
f 1118//927 771//580 773//582 1119//928
f 1119//928 773//582 775//584 1120//929
f 1121//930 779//588 778//587 1122//931
f 1122//931 778//587 781//590 1123//932
f 1124//933 783//592 782//591 1125//934
f 1125//934 782//591 785//594 1126//935
f 1127//936 784//593 786//595 1116//925
f 1128//937 788//597 787//596 1129//938
f 1129//938 787//596 790//599 1130//939
f 1131//940 792//601 791//600 1132//941
f 1132//941 791//600 794//603 1133//942
f 1134//943 793//602 795//604 1135//944
f 1135//944 795//604 797//606 1136//945
f 1137//946 796//605 798//607 1138//947
f 1138//947 798//607 800//609 1139//948
f 1130//939 790//599 792//601 1131//940
f 1133//942 794//603 793//602 1134//943
f 1123//932 781//590 783//592 1124//933
f 1126//935 785//594 784//593 1127//936
f 1112//921 766//575 768//577 1113//922
f 1115//924 770//579 754//563 1104//913
f 1139//948 800//609 788//597 1128//937
f 1136//945 797//606 796//605 1137//946
f 1120//929 775//584 779//588 1121//930
f 1117//926 772//581 771//580 1118//927
f 1109//918 760//569 764//573 1110//919
f 1106//915 757//566 756//565 1107//916
f 1128//937 1129//938 629//438 628//437
f 1129//938 1130//939 741//550 629//438
f 1130//939 1131//940 802//611 741//550
f 1131//940 1132//941 803//612 802//611
f 1132//941 1133//942 742//551 803//612
f 1133//942 1134//943 626//435 742//551
f 1134//943 1135//944 627//436 626//435
f 1135//944 1136//945 728//537 627//436
f 1136//945 1137//946 729//538 728//537
f 1137//946 1138//947 726//535 729//538
f 1138//947 1139//948 727//536 726//535
f 1139//948 1128//937 628//437 727//536
f 1104//913 1105//914 681//490 680//489
f 1105//914 1106//915 736//545 681//490
f 1106//915 1107//916 737//546 736//545
f 1107//916 1108//917 734//543 737//546
f 1108//917 1109//918 735//544 734//543
f 1109//918 1110//919 682//491 735//544
f 1110//919 1111//920 683//492 682//491
f 1111//920 1112//921 745//554 683//492
f 1112//921 1113//922 806//615 745//554
f 1113//922 1114//923 807//616 806//615
f 1114//923 1115//924 746//555 807//616
f 1115//924 1104//913 680//489 746//555
f 1116//925 1117//926 732//541 685//494
f 1117//926 1118//927 733//542 732//541
f 1118//927 1119//928 730//539 733//542
f 1119//928 1120//929 731//540 730//539
f 1120//929 1121//930 686//495 731//540
f 1121//930 1122//931 687//496 686//495
f 1122//931 1123//932 743//552 687//496
f 1123//932 1124//933 804//613 743//552
f 1124//933 1125//934 805//614 804//613
f 1125//934 1126//935 744//553 805//614
f 1126//935 1127//936 684//493 744//553
f 1127//936 1116//925 685//494 684//493
f 769//578 706//515 809//618 748//557
f 722//531 710//519 747//556
f 747//556 748//557 809//618 722//531
f 722//531 809//618 810//619 723//532
f 723//532 810//619 973//782 876//685
f 876//685 973//782 972//781 1103//912
f 1011//820 1014//823 1013//822 1012//821
f 1015//824 1031//840 1030//839 1016//825
f 983//792 931//740 970//779 982//791
f 970//779 931//740 930//739 971//780
f 1056//865 1074//883 837//646 1057//866
f 1057//866 837//646 840//649 967//776
f 981//790 969//778 927//736 926//735
f 927//736 969//778 968//777 994//803
f 1052//861 1055//864 1054//863 1053//862
f 1053//862 1054//863 966//775 835//644
f 635//444 724//533 721//530 636//445
f 636//445 721//530 720//529 749//558
f 814//623 813//622 824//633 823//632
f 822//631 821//630 820//629 819//628
f 670//479 724//533 671//480
f 622//431 669//478 668//477 667//476
f 708//517 1140//949 1141//950 709//518
f 657//466 1142//951 1143//952 658//467
f 623//432 1144//953 1145//954 725//534
f 668//477 1146//955 1147//956 667//476
f 724//533 1148//957 1149//958 671//480
f 1150//959 1151//960 635//444 634//443
f 709//518 1141//950 1152//961 812//621
f 817//626 1153//962 1140//949 708//517
f 658//467 1143//952 1154//963 813//622
f 813//622 1154//963 1155//964 824//633
f 821//630 1156//965 1157//966 820//629
f 635//444 1151//960 1148//957 724//533
f 824//633 1155//964 1156//965 821//630
f 820//629 1157//966 1153//962 817//626
f 671//480 1149//958 1146//955 668//477
f 667//476 1147//956 1144//953 623//432
f 725//534 657//466 660//469 624//433
f 624//433 660//469 662//471 619//428
f 1145//954 1142//951 657//466 725//534
f 1141//950 1140//949 1158//967 1159//968
f 1143//952 1142//951 1160//969 1161//970
f 1145//954 1144//953 1162//971 1163//972
f 1147//956 1146//955 1164//973 1165//974
f 1149//958 1148//957 1166//975 1167//976
f 1151//960 1150//959 1168//977 1169//978
f 1152//961 1141//950 1159//968 1170//979
f 1140//949 1153//962 1171//980 1158//967
f 1154//963 1143//952 1161//970 1172//981
f 1155//964 1154//963 1172//981 1173//982
f 1157//966 1156//965 1174//983 1175//984
f 1148//957 1151//960 1169//978 1166//975
f 1156//965 1155//964 1173//982 1174//983
f 1153//962 1157//966 1175//984 1171//980
f 1146//955 1149//958 1167//976 1164//973
f 1144//953 1147//956 1165//974 1162//971
f 1142//951 1145//954 1163//972 1160//969
f 755//564 752//561 655//464
f 933//742 932//741 911//720 910//719
f 913//722 906//715 909//718 914//723
f 1176//985 843//652 842//651 962//771
f 987//796 905//714 911//720 986//795
f 1028//837 1018//827 883//692 1029//838
f 963//772 1060//869 1059//868 1073//882
f 1029//838 883//692 882//691 1099//908
f 1177//986 1178//987 1179//988 1180//989
f 1181//990 1182//991 1183//992 1184//993
f 1185//994 1186//995 1187//996 1188//997
f 1189//998 1190//999 1191//1000 1192//1001
f 1186//995 1177//986 1180//989 1187//996
f 1188//997 1193//1002 1194//1003 1185//994
f 1195//1004 1196//1005 1197//1006 1198//1007
f 1199//1008 1200//1009 1201//1010 1202//1011
f 1203//1012 1204//1013 1205//1014 1206//1015
f 1207//1016 1208//1017 1209//1018 1210//1019
f 1211//1020 1212//1021 1213//1022 1214//1023
f 1215//1024 1216//1025 1217//1026 1218//1027
f 1216//1025 1219//1028 1220//1029 1217//1026
f 1219//1028 1221//1030 1222//1031 1220//1029
f 1223//1032 1224//1033 1221//1030 1225//1034
f 1226//1035 1227//1036 1228//1037 1229//1038
f 1230//1039 1231//1040 1224//1033 1223//1032
f 1232//1041 1233//1042 1210//1019 1234//1043
f 1235//1044 1236//1045 1237//1046 1238//1047
f 1239//1048 1181//990 1184//993 1240//1049
f 1241//1050 1183//992 1182//991 1242//1051
f 1243//1052 1244//1053 1245//1054 1246//1055
f 1247//1056 1248//1057 1249//1058 1250//1059
f 1251//1060 1252//1061 1253//1062 1254//1063
f 1221//1030 1224//1033 1255//1064 1222//1031
f 1242//1051 1182//991 1256//1065 1257//1066
f 1182//991 1181//990 1258//1067 1256//1065
f 1181//990 1239//1048 1259//1068 1258//1067
f 1239//1048 1236//1045 1260//1069 1259//1068
f 1261//1070 1262//1071 1263//1072 1264//1073
f 1265//1074 1266//1075 885//694 884//693
f 1266//1075 1267//1076 885//694
f 1086//895 1268//1077 1269//1078 1088//897
f 1221//1030 1219//1028 1270//1079 1225//1034
f 1219//1028 1216//1025 1271//1080 1270//1079
f 1216//1025 1215//1024 1272//1081 1271//1080
f 1215//1024 1212//1021 1273//1082 1272//1081
f 1268//1077 1086//895 1085//894 1274//1083
f 1240//1049 1275//1084 1276//1085 1237//1046
f 1277//1086 1278//1087 1279//1088 1280//1089
f 1281//1090 1282//1091 1283//1092 1284//1093
f 1285//1094 1286//1095 1287//1096 1288//1097
f 1229//1038 1231//1040 1230//1039 1226//1035
f 1193//1002 1188//997 1234//1043 1289//1098
f 1188//997 1187//996 1232//1041 1234//1043
f 1290//1099 1291//1100 1292//1101 1241//1050
f 1241//1050 1292//1101 1293//1102 1183//992
f 1183//992 1293//1102 1294//1103 1295//1104
f 1296//1105 1297//1106 1298//1107 1299//1108
f 1266//1075 1300//1109 1301//1110 1267//1076
f 1302//1111 1303//1112 1304//1113 1305//1114
f 1295//1104 1306//1115 1307//1116 1183//992
f 1183//992 1307//1116 1308//1117 1184//993
f 1184//993 1308//1117 1309//1118 1310//1119
f 1311//1120 1312//1121 1313//1122 1314//1123
f 1265//1074 1315//1124 1316//1125 1266//1075
f 1299//1108 1317//1126 1318//1127 1296//1105
f 1251//1060 1319//1128 1320//1129 1252//1061
f 1321//1130 1322//1131 1323//1132 1265//1074
f 1314//1123 1324//1133 1325//1134 1311//1120
f 1310//1119 1326//1135 1327//1136 1184//993
f 1184//993 1327//1136 1328//1137 1240//1049
f 1240//1049 1328//1137 1329//1138 1275//1084
f 1330//1139 1253//1062 1262//1071 1261//1070
f 1252//1061 1320//1129 1322//1131 1321//1130
f 1201//1010 1200//1009 1331//1140 1332//1141
f 1324//1133 1314//1123 1265//1074 1323//1132
f 1314//1123 1313//1122 1315//1124 1265//1074
f 1249//1058 1248//1057 1333//1142 1334//1143
f 1317//1126 1299//1108 1266//1075 1316//1125
f 1299//1108 1298//1107 1300//1109 1266//1075
f 1245//1054 1244//1053 1335//1144 1336//1145
f 1303//1112 1302//1111 1267//1076 1301//1110
f 1275//1084 1329//1138 1319//1128 1251//1060
f 1280//1089 1279//1088 1199//1008 1202//1011
f 1326//1135 1310//1119 1311//1120 1325//1134
f 1310//1119 1309//1118 1312//1121 1311//1120
f 1284//1093 1283//1092 1247//1056 1250//1059
f 1306//1115 1295//1104 1296//1105 1318//1127
f 1295//1104 1294//1103 1297//1106 1296//1105
f 1288//1097 1287//1096 1243//1052 1246//1055
f 1291//1100 1290//1099 1305//1114 1304//1113
f 1187//996 1180//989 1195//1004 1232//1041
f 1180//989 1179//988 1196//1005 1195//1004
f 1179//988 1204//1013 1192//1001 1196//1005
f 1255//1064 1224//1033 1242//1051 1257//1066
f 1224//1033 1231//1040 1241//1050 1242//1051
f 1231//1040 1229//1038 1290//1099 1241//1050
f 1229//1038 1228//1037 1302//1111 1305//1114
f 1274//1083 1085//894 885//694 1267//1076
f 1206//1015 1205//1014 1273//1082 1337//1146
f 1178//987 1177//986 1271//1080 1272//1081
f 1177//986 1186//995 1270//1079 1271//1080
f 1186//995 1185//994 1225//1034 1270//1079
f 1194//1003 1193//1002 1230//1039 1223//1032
f 1209//1018 1208//1017 1268//1077 1227//1036
f 1194//1003 1223//1032 1225//1034 1185//994
f 1208//1017 1207//1016 1269//1078 1268//1077
f 1193//1002 1289//1098 1226//1035 1230//1039
f 1289//1098 1209//1018 1227//1036 1226//1035
f 1338//1147 1339//1148 1304//1113 1303//1112
f 1339//1148 1340//1149 1291//1100 1304//1113
f 1341//1150 1342//1151 1293//1102 1292//1101
f 1342//1151 1343//1152 1294//1103 1293//1102
f 1344//1153 1345//1154 1298//1107 1297//1106
f 1346//1155 1347//1156 1301//1110 1300//1109
f 1347//1156 1338//1147 1303//1112 1301//1110
f 1348//1157 1349//1158 1306//1115 1318//1127
f 1350//1159 1351//1160 1308//1117 1307//1116
f 1351//1160 1352//1161 1309//1118 1308//1117
f 1353//1162 1354//1163 1313//1122 1312//1121
f 1355//1164 1356//1165 1316//1125 1315//1124
f 1356//1165 1357//1166 1317//1126 1316//1125
f 1357//1166 1348//1157 1318//1127 1317//1126
f 1358//1167 1359//1168 1320//1129 1319//1128
f 1360//1169 1361//1170 1323//1132 1322//1131
f 1361//1170 1362//1171 1324//1133 1323//1132
f 1362//1171 1363//1172 1325//1134 1324//1133
f 1363//1172 1364//1173 1326//1135 1325//1134
f 1365//1174 1366//1175 1328//1137 1327//1136
f 1366//1175 1367//1176 1329//1138 1328//1137
f 1359//1168 1360//1169 1322//1131 1320//1129
f 1354//1163 1355//1164 1315//1124 1313//1122
f 1345//1154 1346//1155 1300//1109 1298//1107
f 1367//1176 1358//1167 1319//1128 1329//1138
f 1364//1173 1365//1174 1327//1136 1326//1135
f 1352//1161 1353//1162 1312//1121 1309//1118
f 1349//1158 1350//1159 1307//1116 1306//1115
f 1343//1152 1344//1153 1297//1106 1294//1103
f 1340//1149 1341//1150 1292//1101 1291//1100
f 1358//1167 1202//1011 1201//1010 1359//1168
f 1359//1168 1201//1010 1332//1141 1360//1169
f 1360//1169 1332//1141 1331//1140 1361//1170
f 1361//1170 1331//1140 1200//1009 1362//1171
f 1362//1171 1200//1009 1199//1008 1363//1172
f 1363//1172 1199//1008 1279//1088 1364//1173
f 1364//1173 1279//1088 1278//1087 1365//1174
f 1365//1174 1278//1087 1277//1086 1366//1175
f 1366//1175 1277//1086 1280//1089 1367//1176
f 1367//1176 1280//1089 1202//1011 1358//1167
f 1339//1148 1243//1052 1287//1096 1340//1149
f 1340//1149 1287//1096 1286//1095 1341//1150
f 1341//1150 1286//1095 1285//1094 1342//1151
f 1342//1151 1285//1094 1288//1097 1343//1152
f 1343//1152 1288//1097 1246//1055 1344//1153
f 1344//1153 1246//1055 1245//1054 1345//1154
f 1345//1154 1245//1054 1336//1145 1346//1155
f 1346//1155 1336//1145 1335//1144 1347//1156
f 1347//1156 1335//1144 1244//1053 1338//1147
f 1338//1147 1244//1053 1243//1052 1339//1148
f 1348//1157 1247//1056 1283//1092 1349//1158
f 1349//1158 1283//1092 1282//1091 1350//1159
f 1350//1159 1282//1091 1281//1090 1351//1160
f 1351//1160 1281//1090 1284//1093 1352//1161
f 1352//1161 1284//1093 1250//1059 1353//1162
f 1353//1162 1250//1059 1249//1058 1354//1163
f 1354//1163 1249//1058 1334//1143 1355//1164
f 1355//1164 1334//1143 1333//1142 1356//1165
f 1356//1165 1333//1142 1248//1057 1357//1166
f 1357//1166 1248//1057 1247//1056 1348//1157
f 1302//1111 1228//1037 1274//1083 1267//1076
f 1274//1083 1228//1037 1227//1036 1268//1077
f 1210//1019 1209//1018 1289//1098 1234//1043
f 1368//1177 1369//1178 1370//1179 1371//1180
f 1369//1178 1372//1181 1373//1182 1370//1179
f 1290//1099 1229//1038 1305//1114
f 1210//1019 1233//1042 1374//1183 1207//1016
f 1269//1078 1375//1184 1090//899 1088//897
f 1207//1016 1374//1183 1375//1184 1269//1078
f 1233//1042 1198//1007 1368//1177 1374//1183
f 1375//1184 1371//1180 1092//901 1090//899
f 1374//1183 1368//1177 1371//1180 1375//1184
f 1233//1042 1232//1041 1195//1004 1198//1007
f 1371//1180 1370//1179 1094//903 1092//901
f 1370//1179 1373//1182 1096//905 1094//903
f 1198//1007 1197//1006 1369//1178 1368//1177
f 1197//1006 1191//1000 1372//1181 1369//1178
f 885//694 1085//894 1084//893 886//695
f 1376//1185 1264//1073 1263//1072 1377//1186
f 1032//841 888//697 996//805 991//800
f 1020//829 1378//1187 1082//891
f 889//698 888//697 1032//841 1083//892
f 991//800 996//805 995//804 992//801
f 936//745 939//748 938//747 937//746
f 1075//884 1064//873 1063//872 845//654
f 845//654 1063//872 849//658 846//655
f 1235//1044 1238//1047 1379//1188 1380//1189
f 1381//1190 1330//1139 1382//1191 1383//1192
f 1384//1193 1235//1044 1380//1189 1385//1194
f 1330//1139 1261//1070 1386//1195 1382//1191
f 1238//1047 1387//1196 1388//1197 1379//1188
f 1380//1189 1379//1188 1389//1198 1390//1199
f 1383//1192 1382//1191 1391//1200 1392//1201
f 1385//1194 1380//1189 1390//1199 1393//1202
f 1382//1191 1386//1195 1394//1203 1391//1200
f 1379//1188 1388//1197 1395//1204 1389//1198
f 912//721 1081//890 1396//1205 1397//1206
f 907//716 906//715 1398//1207 1399//1208
f 913//722 912//721 1397//1206 1400//1209
f 877//686 699//508 1401//1210 1402//1211
f 906//715 913//722 1400//1209 1398//1207
f 1397//1206 1396//1205 1403//1212 1404//1213
f 1399//1208 1398//1207 1405//1214 1406//1215
f 1400//1209 1397//1206 1404//1213 1407//1216
f 1402//1211 1401//1210 1408//1217 1409//1218
f 1398//1207 1400//1209 1407//1216 1405//1214
f 1100//909 1264//1073 1376//1185 1101//910
f 1100//909 907//716 1399//1208 1410//1219
f 1264//1073 1100//909 1410//1219 1411//1220
f 1410//1219 1399//1208 1406//1215 1412//1221
f 1411//1220 1410//1219 1412//1221 1413//1222
f 1261//1070 1264//1073 1411//1220 1386//1195
f 1386//1195 1411//1220 1413//1222 1394//1203
f 1378//1187 1020//829 978//787 980//789
f 1409//1218 1403//1212 1396//1205 1402//1211
f 1402//1211 1396//1205 1081//890 877//686
f 877//686 1081//890 1080//889 878//687
f 878//687 1080//889 881//690 1079//888
f 1414//1223 1415//1224 1416//1225 1417//1226
f 738//547 808//617 1418//1227 1419//1228
f 699//508 801//610 1420//1229 1401//1210
f 673//482 672//481 1421//1230 1422//1231
f 739//548 738//547 1419//1228 1423//1232
f 801//610 739//548 1423//1232 1420//1229
f 808//617 673//482 1422//1231 1418//1227
f 1417//1226 1416//1225 1424//1233 1425//1234
f 1419//1228 1418//1227 1426//1235 1427//1236
f 1401//1210 1420//1229 1428//1237 1408//1217
f 1422//1231 1421//1230 1429//1238 1430//1239
f 1423//1232 1419//1228 1427//1236 1431//1240
f 1420//1229 1423//1232 1431//1240 1428//1237
f 1418//1227 1422//1231 1430//1239 1426//1235
f 881//690 1080//889 915//724 882//691
f 979//788 978//787 1027//836 1098//907
f 1098//907 1027//836 1029//838 1099//908
f 882//691 915//724 914//723 1099//908
f 881//690 880//689 1079//888
f 1079//888 880//689 1031//840 1078//887
f 1078//887 1031//840 1102//911
f 1102//911 1031//840 1015//824 975//784
f 975//784 1015//824 1014//823 972//781
f 972//781 1014//823 1011//820 1103//912
f 1103//912 1011//820 1010//819 875//684
f 818//627 1007//816 1001//810 819//628
f 819//628 1001//810 1002//811 822//631
f 822//631 1002//811 999//808 823//632
f 823//632 999//808 814//623
f 814//623 999//808 1000//809 815//624
f 815//624 1000//809 1005//814 873//682
f 979//788 908//717 1101//910 980//789
f 980//789 1101//910 1376//1185 1378//1187
f 1378//1187 1376//1185 887//696 1082//891
f 1082//891 887//696 886//695 1083//892
f 1083//892 886//695 1084//893 889//698
f 889//698 1084//893 1087//896 890//699
f 890//699 1087//896 1089//898 892//701
f 892//701 1089//898 1091//900 894//703
f 894//703 1091//900 1093//902 896//705
f 896//705 1093//902 1095//904 898//707
f 898//707 1095//904 1097//906 900//709
f 1203//1012 1206//1015 1432//1241 1433//1242
f 1211//1020 1214//1023 1434//1243 1435//1244
f 1337//1146 1211//1020 1435//1244 1436//1245
f 1189//998 1203//1012 1433//1242 1437//1246
f 1206//1015 1337//1146 1436//1245 1432//1241
f 1190//999 1189//998 1437//1246 1438//1247
f 1439//1248 1440//1249 1441//1250 1442//1251
f 1443//1252 1444//1253 1445//1254 1446//1255
f 1446//1255 1445//1254 1440//1249 1439//1248
f 1442//1251 1441//1250 1447//1256 1448//1257
f 1449//1258 1450//1259 1451//1260 1452//1261
f 1453//1262 1454//1263 1455//1264 1456//1265
f 1457//1266 1458//1267 1459//1268 1460//1269
f 1460//1269 1459//1268 1454//1263 1453//1262
f 1456//1265 1455//1264 1461//1270 1462//1271
f 1463//1272 1464//1273 1465//1274 1466//1275
f 618//427 625//434 624//433 619//428
f 632//441 607//416 606//415 633//442
f 640//449 643//452 642//451 641//450
f 661//470 1077//886 1467//1276 662//471
f 714//523 811//620 638//447 641//450
f 618//427 617//426 630//439 633//442
f 714//523 713//522 607//416 632//441
f 826//635 1468//1277 1469//1278 827//636
f 872//681 816//625 815//624 873//682
f 918//727 1036//845 1035//844 919//728
f 1005//814 1000//809 865//674 1006//815
f 1006//815 865//674 864//673 1040//849
f 919//728 1035//844 954//763 1048//857
f 661//470 659//468 816//625 872//681
f 662//471 1467//1276 616//425 619//428
f 1005//814 1004//813 870//679 873//682
f 1470//1279 631//440 630//439 1471//1279
f 1472//1280 639//448 638//447 1473//1281
f 1473//1281 638//447 811//620 1474//1279
f 1471//1279 630//439 617//426 1475//1282
f 1474//1279 811//620 631//440 1470//1279
f 1475//1282 617//426 616//425 1476//1283
f 1071//880 1477//1284 1478//1285 860//669
f 900//709 1479//1286 1480//1287 901//710
f 950//759 1481//1288 1482//1289 951//760
f 901//710 1480//1287 1483//1290 1025//834
f 1025//834 1483//1290 1484//1291 1046//855
f 951//760 1482//1289 1477//1284 1071//880
f 1096//905 1485//1292 1486//1293 1097//906
f 1191//1000 1197//1006 1196//1005 1192//1001
f 1204//1013 1179//988 1178//987 1205//1014
f 1212//1021 1215//1024 1218//1027 1213//1022
f 1212//1021 1211//1020 1337//1146 1273//1082
f 1204//1013 1203//1012 1189//998 1192//1001
f 1205//1014 1178//987 1272//1081 1273//1082
f 1372//1181 1487//1294 1488//1295 1373//1182
f 1373//1182 1488//1295 1485//1292 1096//905
f 1191//1000 1190//999 1487//1294 1372//1181
f 1097//906 1486//1293 1479//1286 900//709
f 1489//1296 1490//1297 1491//1298 1492//1299
f 1478//1285 1477//1284 1482//1289 1493//1300
f 1494//1301 1488//1295 1487//1294 1495//1302
f 1496//1303 1489//1296 1492//1299 1497//1304
f 1485//1292 1488//1295 1494//1301 1498//1305
f 1499//1304 1497//1304 1492//1299 1500//1306
f 1500//1306 1492//1299 1491//1298 1501//1307
f 1479//1286 1486//1293 1502//1304 1503//1304
f 1504//1304 1505//1304 1506//1308 1507//1309
f 1507//1309 1506//1308 1508//1310 1509//1311
f 1480//1287 1479//1286 1503//1304 1510//1304
f 1511//1312 1504//1304 1507//1309 1512//1313
f 1512//1313 1507//1309 1509//1311 1513//1314
f 1486//1293 1485//1292 1498//1305 1502//1304
f 1505//1304 1499//1304 1500//1306 1506//1308
f 1506//1308 1500//1306 1501//1307 1508//1310
f 1495//1302 1496//1303 1497//1304 1494//1301
f 1494//1301 1497//1304 1499//1304 1498//1305
f 1498//1305 1499//1304 1505//1304 1502//1304
f 1502//1304 1505//1304 1504//1304 1503//1304
f 1503//1304 1504//1304 1511//1312 1510//1304
f 1483//1290 1480//1287 1510//1304 1514//1304
f 1514//1304 1510//1304 1511//1312 1515//1315
f 1482//1289 1481//1288 1515//1315 1493//1300
f 1515//1315 1511//1312 1512//1313 1493//1300
f 1493//1300 1512//1313 1513//1314 1516//1316
f 1514//1304 1484//1291 1483//1290
f 1495//1302 1487//1294 1190//999 1438//1247
f 1489//1296 1517//1317 1518//1318 1490//1297
f 1496//1303 1495//1302 1438//1247 1519//1319
f 1519//1319 1438//1247 1437//1246 1520//1320
f 1520//1320 1437//1246 1433//1242 1521//1321
f 1521//1321 1433//1242 1432//1241 1522//1322
f 1522//1322 1432//1241 1436//1245
f 1522//1322 1436//1245 1435//1244 1523//1323
f 1523//1323 1435//1244 1434//1243 1524//1324
f 1448//1257 1520//1320 1521//1321 1442//1251
f 1442//1251 1521//1321 1522//1322 1439//1248
f 1439//1248 1522//1322 1523//1323 1446//1255
f 1446//1255 1523//1323 1524//1324 1443//1252
f 1525//1325 1526//1326 1527//1279 1528//1279
f 1528//1279 1527//1279 1529//1279 1530//1279
f 1530//1279 1529//1279 1531//1279 1532//1327
f 1532//1327 1531//1279 1533//1328 1534//1329
f 1534//1329 1533//1328 1535//1330 1536//1331
f 1537//1332 1538//1333 1536//1331 1535//1330
f 1539//1334 1538//1333 1537//1332 1540//1335
f 1476//1283 616//425 1467//1276 1541//1336
f 1537//1332 1542//1337 1543//1338 1540//1335
f 1544//1339 1545//1340 1538//1333 1539//1334
f 1543//1338 871//680 870//679 1540//1335
f 1540//1335 1004//813 1003//812 1539//1334
f 1546//1341 1547//1342 1545//1340 1544//1339
f 1539//1334 1003//812 1039//848
f 1544//1339 917//726 916//725 1546//1341
f 1546//1341 916//725 1047//856 1469//1278
f 1543//1338 1542//1337 1077//886 871//680
f 870//679 1004//813 1540//1335
f 1538//1333 1545//1340 1548//1343 1536//1331
f 1545//1340 1547//1342 1549//1344 1548//1343
f 1537//1332 1535//1330 1476//1283 1541//1336
f 1476//1283 1535//1330 1533//1328 1475//1282
f 1475//1282 1533//1328 1531//1279 1471//1279
f 1471//1279 1531//1279 1529//1279 1470//1279
f 1470//1279 1529//1279 1474//1279
f 1474//1279 1529//1279 1527//1279 1473//1281
f 1473//1281 1527//1279 1526//1326 1472//1280
f 1536//1331 1548//1343 1534//1329
f 1534//1329 1550//1345 1551//1346 1532//1327
f 1532//1327 1551//1346 1552//1347 1530//1279
f 1530//1279 1552//1347 1553//1348 1528//1279
f 1528//1279 1553//1348 1554//1349 1525//1325
f 1548//1343 1549//1344 1550//1345 1534//1329
f 1519//1319 1520//1320 1448//1257 1517//1317
f 1489//1296 1496//1303 1519//1319 1517//1317
f 1555//1350 1556//1351 1557//1352 1558//1353
f 1559//1354 1560//1355 1561//1356 1562//1357
f 640//449 639//448 1472//1280 1563//1358
f 644//453 643//452 1564//1359 1565//1360
f 648//457 646//455 1566//1361 1567//1362
f 694//503 693//502 1568//1363 1569//1364
f 646//455 644//453 1565//1360 1566//1361
f 692//501 648//457 1567//1362 1570//1365
f 695//504 694//503 1569//1364 1571//1366
f 696//505 695//504 1571//1366 1572//1367
f 1415//1224 697//506 1573//1368 1416//1225
f 715//524 692//501 1570//1365 1574//1369
f 693//502 715//524 1574//1369 1568//1363
f 1213//1022 1218//1027 1575//1370 1576//1371
f 1218//1027 1217//1026 1577//1372 1575//1370
f 1217//1026 1220//1029 1578//1373 1577//1372
f 1220//1029 1222//1031 1579//1374 1578//1373
f 1222//1031 1255//1064 1580//1375 1579//1374
f 1257//1066 1256//1065 1581//1376 1582//1377
f 1256//1065 1258//1067 1583//1378 1581//1376
f 1258//1067 1259//1068 1584//1379 1583//1378
f 1259//1068 1260//1069 1585//1380 1584//1379
f 1255//1064 1257//1066 1582//1377 1580//1375
f 643//452 640//449 1563//1358 1564//1359
f 1214//1023 1213//1022 1576//1371 1434//1243
f 1472//1280 1526//1326 1586//1381 1563//1358
f 1564//1359 1587//1382 1588//1383 1565//1360
f 1589//1384 1567//1362 1590//1385
f 1568//1363 1591//1386 1592//1387 1569//1364
f 1565//1360 1593//1388 1594//1361 1566//1361
f 1567//1362 1589//1384 1595//1389 1570//1365
f 1569//1364 1592//1387 1596//1390 1571//1366
f 1571//1366 1596//1390 1597//1391 1572//1367
f 1572//1367 1597//1391 1598//1392 1573//1368
f 1570//1365 1595//1389 1599//1369 1574//1369
f 1574//1369 1599//1369 1591//1386 1568//1363
f 1563//1358 1600//1393 1587//1382 1564//1359
f 1524//1324 1434//1243 1576//1371 1601//1394
f 1554//1349 1458//1267 1602//1395 1603//1396
f 1443//1252 1524//1324 1601//1394 1604//1397
f 1605//1398 1444//1253 1606//1399 1607//1400
f 1525//1325 1554//1349 1603//1396 1608//1401
f 1526//1326 1525//1325 1608//1401 1586//1381
f 1575//1370 1609//1402 1610//1403 1576//1371
f 1577//1372 1611//1372 1609//1402 1575//1370
f 1578//1373 1612//1404 1611//1372 1577//1372
f 1579//1374 1613//1405 1612//1404 1578//1373
f 1580//1375 1614//1404 1613//1405 1579//1374
f 1581//1376 1615//1406 1616//1407 1582//1377
f 1583//1378 1617//1408 1615//1406 1581//1376
f 1584//1379 1618//1409 1617//1408 1583//1378
f 1385//1194 1393//1202 1619//1410 1585//1380
f 1582//1377 1616//1407 1614//1404 1580//1375
f 1576//1371 1610//1403 1620//1411 1601//1394
f 1601//1394 1620//1411 1621//1412 1604//1397
f 1604//1397 1621//1412 1622//1413 1606//1399
f 1623//1414 1624//1415 1602//1395 1625//1416
f 1603//1396 1626//1417 1627//1418 1608//1401
f 1608//1401 1627//1418 1600//1393 1586//1381
f 1586//1381 1600//1393 1563//1358
f 677//486 676//485 698//507 675//484
f 672//481 1414//1223 1417//1226 1421//1230
f 1421//1230 1417//1226 1425//1234 1429//1238
f 853//662 855//664 1628//1419 1629//1420
f 855//664 857//666 1630//1421 1628//1419
f 857//666 859//668 1631//1422 1630//1421
f 861//670 1632//1423 1516//1316 1633//1424
f 859//668 861//670 1633//1424 1631//1422
f 832//641 833//642 1634//1425 1635//1426
f 836//645 965//774 1636//1427 1637//1428
f 1638//1429 841//650 1639//1430 1640//1431
f 1641//1432 977//786 1642//1433 1643//1434
f 1644//1435 848//657 1645//1436 1646//1437
f 848//657 851//660 1647//1438 1645//1436
f 851//660 853//662 1629//1420 1647//1438
f 841//650 843//652 1648//1439 1639//1430
f 1176//985 1641//1432 1643//1434 1649//1440
f 964//773 1638//1429 1640//1431 1650//1441
f 977//786 976//785 1651//1442 1642//1433
f 965//774 964//773 1650//1441 1636//1427
f 833//642 836//645 1637//1428 1634//1425
f 843//652 1176//985 1649//1440 1648//1439
f 976//785 1644//1435 1646//1437 1651//1442
f 1652//1443 829//638 1653//1444 1654//1445
f 1655//1446 1652//1443 1654//1445 1656//1447
f 825//634 1655//1446 1656//1447 1657//1448
f 826//635 825//634 1657//1448 1658//1449
f 1468//1277 826//635 1658//1449 1659//1450
f 827//636 1048//857 954//763 828//637
f 830//639 955//764 1049//858 831//640
f 834//643 1050//859 1053//862 835//644
f 839//648 841//650 1638//1429 840//649
f 839//648 838//647 1060//869 842//651
f 846//655 1644//1435 976//785 847//656
f 849//658 1063//872 1066//875 850//659
f 850//659 1066//875 1067//876 852//661
f 852//661 1067//876 1068//877 854//663
f 854//663 1068//877 1069//878 856//665
f 856//665 1069//878 1070//879 858//667
f 858//667 1070//879 1071//880 860//669
f 953//762 1655//1446 825//634 828//637
f 830//639 829//638 1652//1443 956//765
f 956//765 1652//1443 1655//1446 953//762
f 959//768 977//786 1641//1432 960//769
f 960//769 1641//1432 1176//985 962//771
f 966//775 1054//863 1057//866 967//776
f 959//768 958//767 844//653 847//656
f 840//649 1638//1429 964//773 967//776
f 966//775 965//774 836//645 835//644
f 842//651 1060//869 963//772 962//771
f 849//658 848//657 1644//1435 846//655
f 1469//1278 1047//856 1048//857 827//636
f 1546//1341 1659//1450 1660//1451 1547//1342
f 1469//1278 1468//1277 1659//1450 1546//1341
f 1661//1452 1560//1355 1559//1354 1549//1344
f 1493//1300 1516//1316 1632//1423 1478//1285
f 1478//1285 1632//1423 861//670 860//669
f 1518//1318 1557//1352 1662//1453 1663//1454
f 1452//1261 1451//1260 1664//1455 1665//1456
f 1491//1298 1490//1297 1666//1457 1667//1458
f 1501//1307 1491//1298 1667//1458 1668//1459
f 1508//1310 1501//1307 1668//1459 1669//1459
f 1513//1314 1509//1311 1670//1459 1671//1460
f 1516//1316 1513//1314 1671//1460 1633//1424
f 1509//1311 1508//1310 1669//1459 1670//1459
f 1561//1356 1560//1355 1672//1461 1673//1462
f 1560//1355 1661//1452 1674//1463 1672//1461
f 1660//1451 1659//1450 1658//1449 1675//1464
f 1490//1297 1518//1318 1663//1454 1666//1457
f 1463//1272 1466//1275 1676//1465 1677//1466
f 1517//1317 1448//1257 1447//1256 1558//1353
f 1678//1467 1450//1259 1449//1258 1679//1468
f 1464//1273 1462//1271 1461//1270 1465//1274
f 1562//1357 1550//1345 1549//1344 1559//1354
f 1450//1259 1464//1273 1463//1272 1451//1260
f 1452//1261 1556//1351 1555//1350 1449//1258
f 1451//1260 1463//1272 1677//1466 1664//1455
f 1665//1456 1680//1469 1556//1351 1452//1261
f 1462//1271 1464//1273 1450//1259 1678//1467
f 1449//1258 1555//1350 1681//1470 1679//1468
f 1682//1471 1683//1472 1684//1473 1607//1400
f 1607//1400 1684//1473 1685//1474 1605//1398
f 1605//1398 1685//1474 1686//1475 1687//1476
f 1687//1476 1686//1475 1688//1477 1689//1478
f 1689//1478 1688//1477 1690//1479 1691//1480
f 1691//1480 1690//1479 1692//1481 1681//1470
f 1681//1470 1692//1481 1693//1482 1679//1468
f 1679//1468 1693//1482 1694//1483 1678//1467
f 1678//1467 1694//1483 1695//1484 1462//1271
f 1462//1271 1695//1484 1696//1485 1456//1265
f 1456//1265 1696//1485 1697//1486 1453//1262
f 1453//1262 1697//1486 1698//1487 1460//1269
f 1460//1269 1698//1487 1699//1488 1457//1266
f 1457//1266 1699//1488 1700//1489 1625//1416
f 1625//1416 1700//1489 1701//1490 1623//1414
f 1690//1479 1688//1477 1702//1491 1703//1492
f 1686//1475 1685//1474 1684//1473 1704//1493
f 1688//1477 1686//1475 1704//1493 1702//1491
f 1692//1481 1690//1479 1703//1492 1705//1494
f 1693//1482 1692//1481 1705//1494 1706//1495
f 1697//1486 1696//1485 1707//1496 1708//1497
f 1699//1488 1698//1487 1709//1498 1700//1489
f 1698//1487 1697//1486 1708//1497 1709//1498
f 1696//1485 1695//1484 1710//1499 1707//1496
f 1694//1483 1693//1482 1706//1495 1711//1495
f 1695//1484 1694//1483 1711//1495 1710//1499
f 1703//1492 1702//1491 1712//1500 1713//1501
f 1704//1493 1684//1473 1683//1472 1714//1502
f 1702//1491 1704//1493 1714//1502 1712//1500
f 1705//1494 1703//1492 1713//1501 1715//1503
f 1706//1495 1705//1494 1715//1503 1716//1504
f 1708//1497 1707//1496 1717//1505 1718//1506
f 1700//1489 1709//1498 1719//1507 1701//1490
f 1709//1498 1708//1497 1718//1506 1719//1507
f 1707//1496 1710//1499 1720//1508 1717//1505
f 1711//1495 1706//1495 1716//1504 1721//1495
f 1710//1499 1711//1495 1721//1495 1720//1508
f 1454//1263 1552//1347 1551//1346 1455//1264
f 1458//1267 1554//1349 1553//1348 1459//1268
f 1459//1268 1553//1348 1552//1347 1454//1263
f 1455//1264 1551//1346 1550//1345 1461//1270
f 1465//1274 1562//1357 1561//1356 1466//1275
f 1458//1267 1457//1266 1625//1416 1602//1395
f 1722//1509 1626//1417 1603//1396
f 1466//1275 1561//1356 1673//1462 1676//1465
f 1461//1270 1550//1345 1562//1357 1465//1274
f 1440//1249 1689//1478 1691//1480 1441//1250
f 1444//1253 1605//1398 1687//1476 1445//1254
f 1445//1254 1687//1476 1689//1478 1440//1249
f 1441//1250 1691//1480 1681//1470 1447//1256
f 1557//1352 1518//1318 1517//1317 1558//1353
f 1444//1253 1443//1252 1604//1397 1606//1399
f 1622//1413 1682//1471 1607//1400 1606//1399
f 1557//1352 1556//1351 1680//1469 1662//1453
f 1447//1256 1681//1470 1555//1350 1558//1353
f 1467//1276 1077//886 1542//1337 1541//1336
f 1541//1336 1542//1337 1537//1332
f 1404//1213 1403//1212 1723//1510 1724//1511
f 1406//1215 1405//1214 1725//1512 1726//1513
f 1407//1216 1404//1213 1724//1511 1727//1514
f 1409//1218 1408//1217 1728//1515 1729//1516
f 1405//1214 1407//1216 1727//1514 1725//1512
f 1412//1221 1406//1215 1726//1513 1730//1517
f 1413//1222 1412//1221 1730//1517 1731//1518
f 1403//1212 1409//1218 1729//1516 1723//1510
f 1390//1199 1389//1198 1732//1519 1733//1520
f 1392//1201 1391//1200 1734//1521 1735//1522
f 1393//1202 1390//1199 1733//1520 1736//1523
f 1391//1200 1394//1203 1737//1524 1734//1521
f 1389//1198 1395//1204 1738//1525 1732//1519
f 1394//1203 1413//1222 1731//1518 1737//1524
f 1425//1234 1424//1233 1598//1392 1739//1526
f 1427//1236 1426//1235 1740//1527 1741//1528
f 1408//1217 1428//1237 1742//1529 1728//1515
f 1429//1238 1425//1234 1739//1526 1743//1530
f 1431//1240 1427//1236 1741//1528 1744//1531
f 1428//1237 1431//1240 1744//1531 1742//1529
f 1426//1235 1430//1239 1745//1532 1740//1527
f 1430//1239 1429//1238 1743//1530 1745//1532
f 1275//1084 1251//1060 1254//1063 1276//1085
f 1387//1196 1381//1190 1383//1192 1388//1197
f 1388//1197 1383//1192 1392//1201 1395//1204
f 1395//1204 1392//1201 1735//1522 1738//1525
f 1236//1045 1239//1048 1240//1049 1237//1046
f 1253//1062 1330//1139 1381//1190 1254//1063
f 1236//1045 1235//1044 1384//1193 1260//1069
f 1276//1085 1387//1196 1238//1047 1237//1046
f 1253//1062 1252//1061 1321//1130 1262//1071
f 1260//1069 1384//1193 1385//1194 1585//1380
f 1619//1410 1618//1409 1584//1379 1585//1380
f 1254//1063 1381//1190 1387//1196 1276//1085
f 674//483 799//608 677//486 675//484
f 689//498 808//617 738//547 690//499
f 697//506 1415//1224 1414//1223 698//507
f 740//549 789//598 691//500 690//499
f 702//511 701//510 789//598 740//549
f 689//498 688//497 799//608 674//483
f 697//506 696//505 1572//1367 1573//1368
f 1598//1392 1424//1233 1416//1225 1573//1368
f 698//507 1414//1223 672//481 675//484
f 702//511 801//610 699//508
f 942//751 943//752 1065//874 941//750
f 941//750 1065//874 1064//873 938//747
f 938//747 1064//873 1075//884 937//746
f 937//746 1075//884 1062//871 934//743
f 934//743 1062//871 1061//870 903//712
f 903//712 1061//870 1072//881 904//713
f 904//713 1072//881 1073//882 910//719
f 910//719 1073//882 1059//868 933//742
f 933//742 1059//868 1058//867 929//738
f 929//738 1058//867 1074//883 930//739
f 930//739 1074//883 1056//865 971//780
f 971//780 1056//865 1055//864 968//777
f 968//777 1055//864 1052//861 994//803
f 994//803 1052//861 1051//860 993//802
f 925//734 1009//818 1012//821 926//735
f 926//735 1012//821 1013//822 981//790
f 981//790 1013//822 1016//825 982//791
f 982//791 1016//825 1030//839 983//792
f 983//792 1030//839 1017//826 984//793
f 984//793 1017//826 1018//827 985//794
f 985//794 1018//827 1028//837 986//795
f 986//795 1028//837 1026//835 987//796
f 987//796 1026//835 1019//828 988//797
f 988//797 1019//828 990//799 989//798
f 998//807 940//749 939//748 995//804
f 995//804 939//748 936//745 992//801
f 992//801 936//745 935//744 989//798
f 998//807 997//806 1021//830 1042//851
f 1042//851 1021//830 1022//831 1043//852
f 1043//852 1022//831 1023//832 1044//853
f 1044//853 1023//832 1024//833 1045//854
f 1045//854 1024//833 1025//834 1046//855
f 1514//1304 1515//1315 1481//1288 1484//1291
f 1484//1291 1481//1288 950//759 1046//855
f 922//731 921//730 867//676 1041//850
f 867//676 921//730 1038//847 868//677
f 868//677 1038//847 1033//842 863//672
f 863//672 1033//842 1036//845 864//673
f 864//673 1036//845 918//727 1040//849
f 1040//849 918//727 917//726 1039//848
f 1039//848 917//726 1544//1339 1539//1334
f 818//627 875//684 1010//819 1007//816
f 1007//816 1010//819 1009//818 1008//817
f 1008//817 1009//818 925//734 1041//850
f 1041//850 925//734 924//733 922//731
f 922//731 924//733 993//802
f 922//731 993//802 1051//860 923//732
f 923//732 1051//860 1050//859 1049//858
f 1049//858 1050//859 834//643 831//640
f 831//640 834//643 833//642 832//641
f 1321//1130 1265//1074 884//693 1377//1186
f 1377//1186 884//693 887//696 1376//1185
f 1262//1071 1321//1130 1377//1186 1263//1072
f 1635//1426 1653//1444 829//638 832//641
f 637//446 750//559 812//621 634//443
f 634//443 812//621 1152//961 1150//959
f 1150//959 1152//961 1170//979 1168//977
f 1549//1344 1547//1342 1660//1451 1661//1452
f 1661//1452 1660//1451 1675//1464 1674//1463
f 1588//1383 1587//1382 1746//1533 1747//1534
f 1595//1389 1589//1384 1748//1535 1749//1389
f 1599//1369 1595//1389 1749//1389 1750//1536
f 1591//1386 1599//1369 1750//1536 1751//1537
f 1587//1382 1600//1393 1627//1418 1746//1533
f 1747//1534 1746//1533 1752//1538 1753//1539
f 1749//1389 1748//1535 1754//1540 1755//1541
f 1750//1536 1749//1389 1755//1541 1756//1542
f 1751//1537 1750//1536 1756//1542 1757//1543
f 1746//1533 1627//1418 1758//1544 1752//1538
f 1592//1387 1591//1386 1751//1537 1759//1387
f 1596//1390 1592//1387 1759//1387 1760//1545
f 1596//1390 1760//1545 1761//1546 1597//1391
f 1597//1391 1761//1546 1762//1547 1598//1392
f 1759//1387 1751//1537 1757//1543 1763//1548
f 1760//1545 1759//1387 1763//1548 1764//1549
f 1760//1545 1764//1549 1762//1547 1761//1546
f 1565//1360 1588//1383 1593//1388
f 1603//1396 1602//1395 1624//1415 1722//1509
f 1627//1418 1626//1417 1758//1544
f 1567//1362 1566//1361 1594//1361 1590//1385
f 1765//1550 1766//1551 1767//1552 1768//1553
f 1769//1554 1770//1555 1771//1556 1772//1557
f 1770//1555 1773//1558 1774//1559 1771//1556
f 1775//1560 1776//1561 1777//1562 1778//1563
f 1773//1558 1779//1564 1780//1559 1774//1559
f 1781//1565 1775//1560 1778//1563 1782//1563
f 1766//1551 1769//1554 1772//1557 1767//1552
f 1776//1561 1765//1550 1768//1553 1777//1562
f 1753//1539 1779//1564 1773//1558 1747//1534
f 1747//1534 1773//1558 1770//1555 1588//1383
f 1588//1383 1770//1555 1769//1554 1593//1388
f 1593//1388 1769//1554 1766//1551 1594//1361
f 1594//1361 1766//1551 1765//1550 1590//1385
f 1590//1385 1765//1550 1776//1561 1589//1384
f 1589//1384 1776//1561 1775//1560 1748//1535
f 1748//1535 1775//1560 1781//1565 1754//1540
f 1783//1389 1784//1389 1785//1389 1786//1389
f 1787//1566 1788//1566 1789//1566 1790//1566
f 1791//1567 1792//1568 1793//1569 1794//1570
f 1795//1571 1796//1572 1797//1573 1798//1574
f 1799//1575 1800//1576 1801//1576 1802//1577
f 1803//1578 1784//1389 1783//1389 1804//1579
f 1805//1580 1806//1581 1807//1582 1808//1583
f 1788//1566 1809//1584 1810//1585 1789//1566
f 1811//1586 1812//1587 1813//1588 1790//1566
f 1814//1589 1815//1590 1816//1591 1817//1592
f 1792//1568 1791//1567 1818//1593 1819//1594
f 1792//1568 1820//1595 1810//1585 1793//1569
f 1821//1570 1822//1596 1823//1597 1794//1570
f 1824//1598 1811//1586 1825//1599 1826//1600
f 1798//1574 1827//1601 1828//1602 1795//1571
f 1800//1576 1829//1603 1813//1588 1801//1576
f 1814//1589 1830//1604 1831//1605 1802//1577
f 1832//1606 1812//1587 1811//1586 1824//1598
f 1833//1607 1830//1604 1814//1589 1817//1592
f 1791//1567 1834//1608 1835//1609 1818//1593
f 1836//1610 1820//1595 1792//1568 1819//1594
f 1822//1596 1837//1611 1838//1612 1823//1597
f 1827//1601 1839//1613 1840//1614 1828//1602
f 1830//1604 1841//1615 1807//1582 1831//1605
f 1842//1616 1841//1615 1830//1604 1833//1607
f 1834//1608 1843//1617 1844//1618 1835//1609
f 1844//1618 1839//1613 1827//1601 1835//1609
f 1835//1609 1827//1601 1798//1574 1818//1593
f 1818//1593 1798//1574 1797//1573 1819//1594
f 1836//1610 1819//1594 1797//1573 1826//1600
f 1826//1600 1797//1573 1796//1572 1824//1598
f 1832//1606 1824//1598 1796//1572 1816//1591
f 1816//1591 1796//1572 1795//1571 1817//1592
f 1817//1592 1795//1571 1828//1602 1833//1607
f 1833//1607 1828//1602 1840//1614 1842//1616
f 1832//1606 1816//1591 1815//1590 1812//1587
f 1836//1610 1826//1600 1825//1599 1820//1595
f 1789//1566 1825//1599 1811//1586 1790//1566
f 1793//1569 1845//1619 1821//1570 1794//1570
f 1801//1576 1815//1590 1814//1589 1802//1577
f 1810//1585 1820//1595 1825//1599 1789//1566
f 1813//1588 1829//1603 1787//1566 1790//1566
f 1810//1585 1809//1584 1845//1619 1793//1569
f 1823//1597 1834//1608 1791//1567 1794//1570
f 1813//1588 1812//1587 1815//1590 1801//1576
f 1831//1605 1846//1620 1799//1575 1802//1577
f 1838//1612 1843//1617 1834//1608 1823//1597
f 1807//1582 1806//1581 1846//1620 1831//1605
f 1786//1389 1785//1389 1805//1580 1808//1583
f 1807//1582 1841//1615 1842//1616 1808//1583
f 1808//1583 1842//1616 1840//1614 1786//1389
f 1786//1389 1840//1614 1839//1613 1783//1389
f 1783//1389 1839//1613 1844//1618 1804//1579
f 1844//1618 1843//1617 1838//1612 1804//1579
f 1804//1579 1838//1612 1837//1611 1803//1578
f 1847//1621 1848//1622 1849//1389 1850//1389
f 1851//1623 1852//1566 1853//1566 1854//1624
f 1855//1625 1856//1626 1857//1627 1858//1627
f 1859//1628 1860//1629 1861//1630 1862//1631
f 1863//1632 1848//1622 1864//1633 1865//1634
f 1866//1635 1867//1636 1868//1637
f 1869//1638 1870//1639 1871//1640 1872//1641
f 1873//1642 1874//1643 1875//1644 1876//1645
f 1868//1637 1877//1646 1858//1627 1857//1627
f 1865//1634 1878//1647 1879//1648 1880//1649
f 1876//1645 1878//1647 1865//1634 1864//1633
f 1881//1641 1882//1648 1883//1389 1849//1389
f 1852//1566 1884//1650 1885//1651 1853//1566
f 1881//1641 1863//1632 1865//1634 1880//1649
f 1886//1652 1887//1653 1888//1654 1889//1640
f 1879//1648 1890//1641 1891//1654 1880//1649
f 1860//1629 1882//1648 1891//1654 1861//1630
f 1860//1629 1859//1628 1856//1626 1892//1389
f 1893//1655 1894//1656 1895//1657 1896//1658
f 1897//1659 1898//1660 1899//1661 1900//1630
f 1901//1629 1866//1635 1862//1631 1861//1630
f 1902//1662 1895//1657 1894//1656 1903//1663
f 1904//1664 1905//1665 1886//1652 1889//1640
f 1906//1666 1851//1623 1854//1624 1907//1667
f 1900//1630 1908//1630 1909//1654 1888//1654
f 1899//1661 1910//1661 1908//1630 1900//1630
f 1882//1648 1860//1629 1892//1389 1883//1389
f 1884//1650 1893//1655 1896//1658 1885//1651
f 1887//1653 1897//1659 1900//1630 1888//1654
f 1890//1641 1901//1629 1861//1630 1891//1654
f 1882//1648 1881//1641 1880//1649 1891//1654
f 1911//1648 1872//1641 1871//1640 1909//1654
f 1896//1658 1895//1657 1912//1668 1913//1669
f 1895//1657 1902//1662 1914//1670 1912//1668
f 1902//1662 1867//1636 1915//1671 1914//1670
f 1866//1635 1901//1629 1916//1389 1917//1672
f 1901//1629 1890//1641 1918//1389 1916//1389
f 1890//1641 1879//1648 1919//1389 1918//1389
f 1879//1648 1878//1647 1920//1673 1919//1389
f 1878//1647 1875//1644 1921//1674 1920//1673
f 1907//1667 1854//1624 1922//1675 1923//1676
f 1854//1624 1853//1566 1924//1677 1922//1675
f 1853//1566 1885//1651 1925//1678 1924//1677
f 1885//1651 1896//1658 1913//1669 1925//1678
f 1913//1669 1912//1668 1898//1660 1897//1659
f 1912//1668 1914//1670 1899//1661 1898//1660
f 1914//1670 1915//1671 1910//1661 1899//1661
f 1917//1672 1916//1389 1926//1679 1927//1680
f 1916//1389 1918//1389 1911//1648 1926//1679
f 1918//1389 1919//1389 1872//1641 1911//1648
f 1919//1389 1920//1673 1869//1638 1872//1641
f 1920//1673 1921//1674 1870//1639 1869//1638
f 1923//1676 1922//1675 1905//1665 1904//1664
f 1922//1675 1924//1677 1886//1652 1905//1665
f 1924//1677 1925//1678 1887//1653 1886//1652
f 1925//1678 1913//1669 1897//1659 1887//1653
f 1867//1636 1902//1662 1903//1663 1928//1681
f 1870//1639 1904//1664 1889//1640 1871//1640
f 1874//1643 1906//1666 1907//1667 1875//1644
f 1908//1630 1926//1679 1911//1648 1909//1654
f 1910//1661 1927//1680 1926//1679 1908//1630
f 1871//1640 1889//1640 1888//1654 1909//1654
f 1867//1636 1866//1635 1917//1672 1915//1671
f 1875//1644 1907//1667 1923//1676 1921//1674
f 1915//1671 1917//1672 1927//1680 1910//1661
f 1921//1674 1923//1676 1904//1664 1870//1639
f 1875//1644 1878//1647 1876//1645
f 1867//1636 1928//1681 1877//1646 1868//1637
f 1848//1622 1863//1632 1881//1641 1849//1389
f 1856//1626 1859//1628 1862//1631 1857//1627
f 1848//1622 1847//1621 1929//1633 1864//1633
f 1883//1389 1930//1389 1850//1389 1849//1389
f 1856//1626 1855//1625 1931//1389 1892//1389
f 1892//1389 1931//1389 1930//1389 1883//1389
f 1857//1627 1862//1631 1866//1635 1868//1637
f 1864//1633 1929//1633 1873//1642 1876//1645
f 1932//1682 1933//1683 1934//1684 1935//1685
f 1936//1686 1937//1687 1938//1688 1939//1689
f 1940//1690 1941//1690 1942//1691 1943//1691
f 1944//1692 1945//1693 1946//1694 1947//1695
f 1948//1696 1949//1697 1950//1698 1951//1699
f 1952//1700 1953//1701 1954//1702 1955//1702
f 1956//1703 1933//1683 1957//1704 1958//1704
f 1959//1705 1960//1706 1961//1707 1962//1707
f 1963//1708 1937//1687 1964//1709 1965//1710
f 1966//1711 1948//1696 1951//1699 1967//1712
f 1968//1713 1969//1714 1970//1715 1971//1716
f 1943//1691 1942//1691 1964//1709 1972//1709
f 1973//1717 1941//1690 1957//1704 1974//1718
f 1947//1695 1946//1694 1961//1707 1975//1719
f 1976//1720 1945//1693 1954//1702 1977//1702
f 1951//1699 1950//1698 1978//1721 1979//1722
f 1970//1715 1949//1697 1980//1723 1981//1724
f 1967//1712 1951//1699 1979//1722 1982//1725
f 1948//1696 1966//1711 1983//1726 1984//1727
f 1971//1716 1970//1715 1981//1724 1985//1728
f 1969//1714 1968//1713 1986//1729 1987//1730
f 1932//1682 1988//1731 1989//1732 1974//1718
f 1974//1718 1989//1732 1990//1733 1973//1717
f 1973//1717 1990//1733 1991//1734 1992//1735
f 1992//1735 1991//1734 1993//1736 1965//1710
f 1965//1710 1993//1736 1994//1737 1963//1708
f 1963//1708 1994//1737 1995//1738 1996//1739
f 1997//1740 1998//1741 1999//1742 1975//1719
f 1975//1719 1999//1742 2000//1743 1947//1695
f 1947//1695 2000//1743 2001//1744 1944//1692
f 1944//1692 2001//1744 2002//1702 1955//1702
f 1955//1702 2002//1702 2003//1745 1952//1700
f 1952//1700 2003//1745 2004//1746 1935//1685
f 1953//1701 1934//1684 2005//1747 2006//1748
f 1960//1706 1938//1688 1996//1739 1997//1740
f 1942//1691 1941//1690 1973//1717 1992//1735
f 1946//1694 1945//1693 1976//1720 2007//1694
f 1954//1702 1953//1701 2006//1748 1977//1702
f 1957//1704 1933//1683 1932//1682 1974//1718
f 1961//1707 1960//1706 1997//1740 1975//1719
f 1964//1709 1937//1687 1936//1686 1972//1709
f 1964//1709 1942//1691 1992//1735 1965//1710
f 1957//1704 1941//1690 1940//1690 1958//1704
f 1961//1707 1946//1694 2007//1694 1962//1707
f 1954//1702 1945//1693 1944//1692 1955//1702
f 1989//1732 1988//1731 1984//1727 1983//1726
f 1990//1733 1989//1732 1983//1726 1966//1711
f 1991//1734 1990//1733 1966//1711 1967//1712
f 1993//1736 1991//1734 1967//1712 1982//1725
f 1994//1737 1993//1736 1982//1725 1979//1722
f 1998//1741 1995//1738 1978//1721 1987//1730
f 1999//1742 1998//1741 1987//1730 1986//1729
f 2000//1743 1999//1742 1986//1729 1968//1713
f 2001//1744 2000//1743 1968//1713 1971//1716
f 2002//1702 2001//1744 1971//1716 1985//1728
f 2003//1745 2002//1702 1985//1728 1981//1724
f 1988//1731 2004//1746 1980//1723 1984//1727
f 1935//1685 1934//1684 1953//1701 1952//1700
f 1939//1689 1938//1688 1960//1706 1959//1705
f 1950//1698 1949//1697 1970//1715 1969//1714
f 1978//1721 1950//1698 1969//1714 1987//1730
f 1980//1723 1949//1697 1948//1696 1984//1727
f 1996//1739 1995//1738 1998//1741 1997//1740
f 1935//1685 2004//1746 1988//1731 1932//1682
f 2005//1747 1934//1684 1933//1683 1956//1703
f 1996//1739 1938//1688 1937//1687 1963//1708
f 1978//1721 1995//1738 1994//1737 1979//1722
f 1980//1723 2004//1746 2003//1745 1981//1724
f 2008//1566 2009//1566 2010//1749 2011//1749
f 2011//1749 2010//1749 2012//1750 2013//1750
f 2013//1750 2012//1750 2014//1389 2015//1389
f 2015//1389 2014//1389 2016//1751 2017//1751
f 2017//1751 2016//1751 2018//1752 2019//1752
f 2019//1752 2018//1752 2009//1566 2008//1566
f 2020//1753 2021//1754 2022//1755 2023//1756
f 2021//1754 2020//1753 2024//1757 2025//1758
f 2026//1749 2027//1566 2020//1753 2023//1756
f 2028//1750 2026//1749 2023//1756 2022//1755
f 2029//1389 2028//1750 2022//1755 2021//1754
f 2030//1751 2029//1389 2021//1754 2025//1758
f 2031//1752 2030//1751 2025//1758 2024//1757
f 2027//1566 2031//1752 2024//1757 2020//1753
f 2010//1749 2009//1566 2027//1566 2026//1749
f 2012//1750 2010//1749 2026//1749 2028//1750
f 2014//1389 2012//1750 2028//1750 2029//1389
f 2016//1751 2014//1389 2029//1389 2030//1751
f 2018//1752 2016//1751 2030//1751 2031//1752
f 2009//1566 2018//1752 2031//1752 2027//1566
f 2032//1566 2033//1749 2034//1749 2035//1566
f 2033//1749 2036//1750 2037//1750 2034//1749
f 2036//1750 2038//1389 2039//1389 2037//1750
f 2038//1389 2040//1751 2041//1751 2039//1389
f 2040//1751 2042//1752 2043//1752 2041//1751
f 2042//1752 2032//1566 2035//1566 2043//1752
f 2044//1759 2045//1760 2046//1761 2047//1762
f 2047//1762 2048//1763 2049//1764 2044//1759
f 2050//1749 2045//1760 2044//1759 2051//1566
f 2052//1750 2046//1761 2045//1760 2050//1749
f 2053//1389 2047//1762 2046//1761 2052//1750
f 2054//1751 2048//1763 2047//1762 2053//1389
f 2055//1752 2049//1764 2048//1763 2054//1751
f 2051//1566 2044//1759 2049//1764 2055//1752
f 2034//1749 2050//1749 2051//1566 2035//1566
f 2037//1750 2052//1750 2050//1749 2034//1749
f 2039//1389 2053//1389 2052//1750 2037//1750
f 2041//1751 2054//1751 2053//1389 2039//1389
f 2043//1752 2055//1752 2054//1751 2041//1751
f 2035//1566 2051//1566 2055//1752 2043//1752
f 2056//1765 2057//1765 2058//1765 2059//1765
f 2060//1765 2061//1765 2058//1765 2057//1765
f 2062//1765 2063//1765 2058//1765 2061//1765
f 2064//1765 2059//1765 2058//1765 2063//1765
f 2060//1765 2065//1765 2066//1765 2061//1765
f 2067//1765 2068//1765 2066//1765 2065//1765
f 2069//1765 2070//1765 2066//1765 2068//1765
f 2062//1765 2061//1765 2066//1765 2070//1765
f 2071//1766 2072//1767 2073//1768 2074//1769
f 2072//1767 2075//1770 2076//1771 2073//1768
f 2075//1770 2077//1772 2078//1773 2076//1771
f 2077//1772 2079//1774 2080//1775 2078//1773
f 2079//1774 2081//1776 2082//1777 2080//1775
f 2081//1776 2083//1778 2084//1779 2082//1777
f 2083//1778 2085//1780 2086//1781 2084//1779
f 2085//1780 2071//1766 2074//1769 2086//1781
f 2074//1769 2073//1768 2087//1782 2088//1783
f 2073//1768 2076//1771 2089//1784 2087//1782
f 2076//1771 2078//1773 2090//1785 2089//1784
f 2078//1773 2080//1775 2091//1786 2090//1785
f 2080//1775 2082//1777 2092//1787 2091//1786
f 2082//1777 2084//1779 2093//1788 2092//1787
f 2084//1779 2086//1781 2094//1789 2093//1788
f 2086//1781 2074//1769 2088//1783 2094//1789
f 2088//1783 2087//1782 2095//1790 2096//1791
f 2087//1782 2089//1784 2097//1792 2095//1790
f 2089//1784 2090//1785 2098//1793 2097//1792
f 2090//1785 2091//1786 2099//1794 2098//1793
f 2091//1786 2092//1787 2100//1795 2099//1794
f 2092//1787 2093//1788 2101//1796 2100//1795
f 2093//1788 2094//1789 2102//1797 2101//1796
f 2094//1789 2088//1783 2096//1791 2102//1797
f 2096//1791 2095//1790 2103//1798 2104//1798
f 2095//1790 2097//1792 2105//1798 2103//1798
f 2097//1792 2098//1793 2106//1798 2105//1798
f 2098//1793 2099//1794 2107//1798 2106//1798
f 2099//1794 2100//1795 2108//1798 2107//1798
f 2100//1795 2101//1796 2109//1798 2108//1798
f 2101//1796 2102//1797 2110//1798 2109//1798
f 2102//1797 2096//1791 2104//1798 2110//1798
f 2111//1798 2112//1799 2113//1800 2114//1798
f 2115//1798 2111//1798 2114//1798 2116//1801
f 2111//1798 2115//1798 2117//1802 2118//1798
f 2112//1799 2111//1798 2118//1798 2119//1803
f 2120//1798 2121//1804 2122//1805 2123//1798
f 2124//1806 2125//1807 2126//1808 2127//1798
f 2128//1809 2129//1810 2130//1811 2131//1809
f 2132//1799 2133//1812 2134//1813 2135//1814
f 2136//1809 2121//1804 2120//1798
f 2115//1798 2116//1801 2137//1815 2138//1798
f 2138//1798 2139//1816 2140//1817 2141//1818
f 2142//1798 2143//1798 2144//1798 2145//1799
f 2146//1814 2129//1810 2128//1809
f 2112//1799 2119//1803 2147//1819 2148//1799
f 2112//1799 2148//1799 2149//1820 2113//1800
f 2150//1821 2151//1809 2152//1809 2153//1798
f 2154//1822 2133//1812 2132//1799
f 2154//1822 2155//1823 2156//1824 2133//1812
f 2157//1825 2158//1826 2114//1798 2113//1800 2159//1827
f 2114//1798 2158//1826 2160//1828 2161//1829 2116//1801
f 2162//1830 2121//1804 2136//1809 2163//1831
f 2164//1821 2165//1809 2166//1799 2167//1799
f 2168//1798 2125//1807 2124//1806
f 2168//1798 2169//1798 2170//1832 2125//1807
f 2171//1833 2172//1834 2118//1798 2117//1802 2173//1835
f 2118//1798 2172//1834 2174//1836 2175//1837 2119//1803
f 2176//1838 2177//1839 2178//1840 2179//1806
f 2177//1839 2176//1838 2180//1838
f 2134//1813 2133//1812 2181//1841 2182//1842
f 2156//1824 2183//1843 2181//1841 2133//1812
f 2184//1844 2185//1845 2186//1846 2187//1847
f 2184//1844 2122//1805 2188//1848 2185//1845
f 2122//1805 2121//1804 2189//1849 2188//1848
f 2190//1850 2191//1851 2192//1852 2162//1830
f 2190//1850 2193//1853 2194//1854 2191//1851
f 2195//1855 2126//1808 2196//1856 2197//1857
f 2126//1808 2125//1807 2198//1858 2196//1856
f 2170//1832 2199//1859 2198//1858 2125//1807
f 2200//1860 2201//1861 2202//1862 2203//1863
f 2200//1860 2130//1811 2204//1864 2201//1861
f 2130//1811 2129//1810 2205//1865 2204//1864
f 2206//1866 2207//1867 2208//1868 2209//1869
f 2177//1839 2210//1870 2211//1871 2178//1840
f 2177//1839 2134//1813 2182//1842 2210//1870
f 2182//1842 2181//1841 2212//1872 2213//1873
f 2183//1843 2149//1820 2212//1872 2181//1841
f 2185//1845 2157//1825 2159//1827 2186//1846
f 2185//1845 2188//1848 2158//1826 2157//1825
f 2188//1848 2189//1849 2160//1828 2158//1826
f 2191//1851 2116//1801 2161//1829 2192//1852
f 2191//1851 2194//1854 2137//1815 2116//1801
f 2197//1857 2196//1856 2139//1816 2214//1874
f 2196//1856 2198//1858 2140//1817 2139//1816
f 2199//1859 2141//1818 2140//1817 2198//1858
f 2201//1861 2171//1833 2173//1835 2202//1862
f 2201//1861 2204//1864 2172//1834 2171//1833
f 2204//1864 2205//1865 2174//1836 2172//1834
f 2207//1867 2119//1803 2175//1837 2208//1868
f 2210//1870 2215//1875 2147//1819 2211//1871
f 2210//1870 2182//1842 2213//1873 2215//1875
f 2127//1798 2167//1799 2107//1798 2124//1806
f 2124//1806 2107//1798 2108//1798 2144//1798
f 2108//1798 2109//1798 2145//1799 2144//1798
f 2131//1809 2145//1799 2109//1798 2128//1809
f 2128//1809 2109//1798 2110//1798 2216//1838
f 2110//1798 2104//1798 2180//1838 2216//1838
f 2135//1814 2180//1838 2104//1798 2132//1799
f 2132//1799 2104//1798 2103//1798 2152//1809
f 2103//1798 2105//1798 2153//1798 2152//1809
f 2123//1798 2153//1798 2105//1798 2120//1798
f 2120//1798 2105//1798 2106//1798 2166//1799
f 2106//1798 2107//1798 2167//1799 2166//1799
f 2126//1808 2195//1855 2167//1799 2127//1798
f 2122//1805 2184//1844 2153//1798 2123//1798
f 2130//1811 2200//1860 2145//1799 2131//1809
f 2134//1813 2177//1839 2180//1838 2135//1814
f 2144//1798 2143//1798 2168//1798 2124//1806
f 2173//1835 2117//1802 2217//1876 2202//1862
f 2202//1862 2217//1876 2218//1877 2203//1863
f 2160//1828 2189//1849 2192//1852 2161//1829
f 2189//1849 2121//1804 2162//1830 2192//1852
f 2174//1836 2205//1865 2208//1868 2175//1837
f 2205//1865 2129//1810 2209//1869 2208//1868
f 2113//1800 2219//1878 2186//1846 2159//1827
f 2219//1878 2220//1879 2187//1847 2186//1846
f 2167//1799 2195//1855 2164//1821
f 2190//1850 2162//1830 2163//1831 2193//1853
f 2143//1798 2142//1798 2169//1798 2168//1798
f 2152//1809 2151//1809 2154//1822 2132//1799
f 2151//1809 2150//1821 2155//1823 2154//1822
f 2209//1869 2129//1810 2146//1814 2179//1806
f 2176//1838 2221//1880 2216//1838 2180//1838
f 2166//1799 2165//1809 2136//1809 2120//1798
f 2165//1809 2164//1821 2163//1831 2136//1809
f 2164//1821 2195//1855 2193//1853 2163//1831
f 2193//1853 2195//1855 2197//1857 2194//1854
f 2194//1854 2197//1857 2214//1874 2137//1815
f 2153//1798 2184//1844 2150//1821
f 2150//1821 2184//1844 2187//1847 2155//1823
f 2187//1847 2220//1879 2156//1824 2155//1823
f 2156//1824 2220//1879 2219//1878 2183//1843
f 2183//1843 2219//1878 2113//1800 2149//1820
f 2119//1803 2207//1867 2211//1871 2147//1819
f 2207//1867 2206//1866 2178//1840 2211//1871
f 2206//1866 2209//1869 2179//1806 2178//1840
f 2203//1863 2218//1877 2170//1832 2169//1798
f 2170//1832 2218//1877 2217//1876 2199//1859
f 2199//1859 2217//1876 2117//1802 2141//1818
f 2214//1874 2139//1816 2138//1798 2137//1815
f 2141//1818 2117//1802 2115//1798 2138//1798
f 2215//1875 2213//1873 2148//1799 2147//1819
f 2148//1799 2213//1873 2212//1872 2149//1820
f 2216//1838 2221//1880 2146//1814 2128//1809
f 2221//1880 2176//1838 2179//1806 2146//1814
f 2145//1799 2200//1860 2142//1798
f 2142//1798 2200//1860 2203//1863 2169//1798
f 2222//1881 2223//1882 2224//1883 2225//1884
f 2223//1882 2226//1885 2227//1771 2224//1883
f 2226//1885 2228//1772 2229//1886 2227//1771
f 2228//1772 2230//1774 2231//1775 2229//1886
f 2230//1774 2232//1776 2233//1777 2231//1775
f 2232//1776 2234//1887 2235//1888 2233//1777
f 2234//1887 2236//1889 2237//1890 2235//1888
f 2236//1889 2222//1881 2225//1884 2237//1890
f 2225//1884 2224//1883 2238//1782 2239//1783
f 2224//1883 2227//1771 2240//1784 2238//1782
f 2227//1771 2229//1886 2241//1785 2240//1784
f 2229//1886 2231//1775 2242//1786 2241//1785
f 2231//1775 2233//1777 2243//1787 2242//1786
f 2233//1777 2235//1888 2244//1788 2243//1787
f 2235//1888 2237//1890 2245//1891 2244//1788
f 2237//1890 2225//1884 2239//1783 2245//1891
f 2239//1783 2238//1782 2246//1892 2247//1791
f 2238//1782 2240//1784 2248//1893 2246//1892
f 2240//1784 2241//1785 2249//1793 2248//1893
f 2241//1785 2242//1786 2250//1794 2249//1793
f 2242//1786 2243//1787 2251//1795 2250//1794
f 2243//1787 2244//1788 2252//1796 2251//1795
f 2244//1788 2245//1891 2253//1797 2252//1796
f 2245//1891 2239//1783 2247//1791 2253//1797
f 2247//1791 2246//1892 2254//1798 2255//1798
f 2246//1892 2248//1893 2256//1798 2254//1798
f 2248//1893 2249//1793 2257//1798 2256//1798
f 2249//1793 2250//1794 2258//1798 2257//1798
f 2250//1794 2251//1795 2259//1798 2258//1798
f 2251//1795 2252//1796 2260//1798 2259//1798
f 2252//1796 2253//1797 2261//1798 2260//1798
f 2253//1797 2247//1791 2255//1798 2261//1798
f 2262//1799 2263//1799 2264//1894 2265//1798
f 2266//1798 2262//1799 2265//1798 2267//1895
f 2262//1799 2266//1798 2268//1896 2269//1799
f 2263//1799 2262//1799 2269//1799 2270//1897
f 2271//1809 2272//1898 2273//1899 2274//1799
f 2275//1838 2276//1900 2277//1808 2278//1901
f 2279//1798 2280//1902 2281//1811 2282//1798
f 2283//1903 2284//1904 2285//1905 2286//1906
f 2287//1809 2272//1898 2271//1809
f 2266//1798 2267//1895 2288//1907 2289//1838
f 2289//1838 2290//1908 2291//1909 2292//1910
f 2293//1798 2294//1901 2295//1798 2296//1903
f 2297//1798 2280//1902 2279//1798
f 2263//1799 2270//1897 2298//1911 2299//1799
f 2263//1799 2299//1799 2300//1912 2264//1894
f 2301//1799 2302//1799 2303//1799 2304//1799
f 2305//1822 2284//1904 2283//1903
f 2305//1822 2306//1814 2307//1913 2284//1904
f 2308//1914 2309//1915 2265//1798 2264//1894 2310//1916
f 2265//1798 2309//1915 2311//1917 2312//1918 2267//1895
f 2313//1919 2272//1898 2287//1809 2314//1806
f 2315//1799 2316//1821 2317//1809 2318//1799
f 2319//1838 2276//1900 2275//1838
f 2319//1838 2320//1798 2321//1920 2276//1900
f 2322//1921 2323//1922 2269//1799 2268//1896 2324//1923
f 2269//1799 2323//1922 2325//1924 2326//1925 2270//1897
f 2327//1798 2328//1926 2329//1927 2330//1901
f 2328//1926 2327//1798 2331//1798
f 2285//1905 2284//1904 2332//1928 2333//1929
f 2307//1913 2334//1930 2332//1928 2284//1904
f 2335//1931 2336//1932 2337//1933 2338//1934
f 2335//1931 2273//1899 2339//1848 2336//1932
f 2273//1899 2272//1898 2340//1935 2339//1848
f 2341//1936 2342//1937 2343//1938 2313//1919
f 2341//1936 2344//1853 2345//1939 2342//1937
f 2346//1940 2277//1808 2347//1941 2348//1942
f 2277//1808 2276//1900 2349//1943 2347//1941
f 2321//1920 2350//1944 2349//1943 2276//1900
f 2351//1945 2352//1946 2353//1947 2354//1863
f 2351//1945 2281//1811 2355//1864 2352//1946
f 2281//1811 2280//1902 2356//1948 2355//1864
f 2357//1949 2358//1950 2359//1951 2360//1952
f 2328//1926 2361//1953 2362//1954 2329//1927
f 2328//1926 2285//1905 2333//1929 2361//1953
f 2333//1929 2332//1928 2363//1955 2364//1956
f 2334//1930 2300//1912 2363//1955 2332//1928
f 2336//1932 2308//1914 2310//1916 2337//1933
f 2336//1932 2339//1848 2309//1915 2308//1914
f 2339//1848 2340//1935 2311//1917 2309//1915
f 2342//1937 2267//1895 2312//1918 2343//1938
f 2342//1937 2345//1939 2288//1907 2267//1895
f 2348//1942 2347//1941 2290//1908 2365//1957
f 2347//1941 2349//1943 2291//1909 2290//1908
f 2350//1944 2292//1910 2291//1909 2349//1943
f 2352//1946 2322//1921 2324//1923 2353//1947
f 2352//1946 2355//1864 2323//1922 2322//1921
f 2355//1864 2356//1948 2325//1924 2323//1922
f 2358//1950 2270//1897 2326//1925 2359//1951
f 2361//1953 2366//1958 2298//1911 2362//1954
f 2361//1953 2333//1929 2364//1956 2366//1958
f 2278//1901 2318//1799 2258//1798 2275//1838
f 2275//1838 2258//1798 2259//1798 2295//1798
f 2259//1798 2260//1798 2296//1903 2295//1798
f 2282//1798 2296//1903 2260//1798 2279//1798
f 2279//1798 2260//1798 2261//1798 2367//1798
f 2261//1798 2255//1798 2331//1798 2367//1798
f 2286//1906 2331//1798 2255//1798 2283//1903
f 2283//1903 2255//1798 2254//1798 2303//1799
f 2254//1798 2256//1798 2304//1799 2303//1799
f 2274//1799 2304//1799 2256//1798 2271//1809
f 2271//1809 2256//1798 2257//1798 2317//1809
f 2257//1798 2258//1798 2318//1799 2317//1809
f 2277//1808 2346//1940 2318//1799 2278//1901
f 2273//1899 2335//1931 2304//1799 2274//1799
f 2281//1811 2351//1945 2296//1903 2282//1798
f 2285//1905 2328//1926 2331//1798 2286//1906
f 2295//1798 2294//1901 2319//1838 2275//1838
f 2324//1923 2268//1896 2368//1959 2353//1947
f 2353//1947 2368//1959 2369//1960 2354//1863
f 2311//1917 2340//1935 2343//1938 2312//1918
f 2340//1935 2272//1898 2313//1919 2343//1938
f 2325//1924 2356//1948 2359//1951 2326//1925
f 2356//1948 2280//1902 2360//1952 2359//1951
f 2264//1894 2370//1961 2337//1933 2310//1916
f 2370//1961 2371//1962 2338//1934 2337//1933
f 2318//1799 2346//1940 2315//1799
f 2341//1936 2313//1919 2314//1806 2344//1853
f 2294//1901 2293//1798 2320//1798 2319//1838
f 2303//1799 2302//1799 2305//1822 2283//1903
f 2302//1799 2301//1799 2306//1814 2305//1822
f 2360//1952 2280//1902 2297//1798 2330//1901
f 2327//1798 2372//1798 2367//1798 2331//1798
f 2317//1809 2316//1821 2287//1809 2271//1809
f 2316//1821 2315//1799 2314//1806 2287//1809
f 2315//1799 2346//1940 2344//1853 2314//1806
f 2344//1853 2346//1940 2348//1942 2345//1939
f 2345//1939 2348//1942 2365//1957 2288//1907
f 2304//1799 2335//1931 2301//1799
f 2301//1799 2335//1931 2338//1934 2306//1814
f 2338//1934 2371//1962 2307//1913 2306//1814
f 2307//1913 2371//1962 2370//1961 2334//1930
f 2334//1930 2370//1961 2264//1894 2300//1912
f 2270//1897 2358//1950 2362//1954 2298//1911
f 2358//1950 2357//1949 2329//1927 2362//1954
f 2357//1949 2360//1952 2330//1901 2329//1927
f 2354//1863 2369//1960 2321//1920 2320//1798
f 2321//1920 2369//1960 2368//1959 2350//1944
f 2350//1944 2368//1959 2268//1896 2292//1910
f 2365//1957 2290//1908 2289//1838 2288//1907
f 2292//1910 2268//1896 2266//1798 2289//1838
f 2366//1958 2364//1956 2299//1799 2298//1911
f 2299//1799 2364//1956 2363//1955 2300//1912
f 2367//1798 2372//1798 2297//1798 2279//1798
f 2372//1798 2327//1798 2330//1901 2297//1798
f 2296//1903 2351//1945 2293//1798
f 2293//1798 2351//1945 2354//1863 2320//1798
f 2373//1963 2374//1964 2375//1965 2376//1966
f 2377//1967 2378//1968 2379//1969 2380//1970
f 2381//1971 2382//1972 2383//1973 2384//1971
f 2385//1974 2386//1975 2387//1976 2388//1977
f 2389//1978 2390//1978 2391//1979 2392//1980
f 2393//1981 2394//1982 2395//1982 2396//1983
f 2397//1984 2398//1985 2399//1986 2376//1966
f 2400//1987 2401//1988 2402//1988 2403//1987
f 2404//1989 2405//1990 2406//1991 2380//1970
f 2407//1992 2408//1993 2390//1978 2389//1978
f 2409//1994 2410//1995 2411//1996 2412//1997
f 2382//1972 2413//1998 2406//1991 2383//1973
f 2414//1999 2415//2000 2399//1986 2384//1971
f 2386//1975 2416//2001 2402//1988 2387//1976
f 2417//2002 2418//2003 2395//1982 2388//1977
f 2390//1978 2419//2004 2420//2005 2391//1979
f 2411//1996 2421//2006 2422//2007 2392//1980
f 2408//1993 2423//2008 2419//2004 2390//1978
f 2389//1978 2424//2009 2425//2010 2407//1992
f 2410//1995 2426//2011 2421//2006 2411//1996
f 2412//1997 2427//2012 2428//2013 2409//1994
f 2373//1963 2415//2000 2429//2014 2430//2015
f 2415//2000 2414//1999 2431//2016 2429//2014
f 2414//1999 2432//2017 2433//2018 2431//2016
f 2432//2017 2405//1990 2434//2019 2433//2018
f 2405//1990 2404//1989 2435//2020 2434//2019
f 2404//1989 2436//2021 2437//2022 2435//2020
f 2438//2023 2416//2001 2439//2024 2440//2025
f 2416//2001 2386//1975 2441//2026 2439//2024
f 2386//1975 2385//1974 2442//2027 2441//2026
f 2385//1974 2394//1982 2443//2003 2442//2027
f 2394//1982 2393//1981 2444//2028 2443//2003
f 2393//1981 2374//1964 2445//2029 2444//2028
f 2396//1983 2446//2030 2447//2031 2375//1965
f 2403//1987 2438//2023 2436//2021 2379//1969
f 2383//1973 2432//2017 2414//1999 2384//1971
f 2387//1976 2448//2032 2417//2002 2388//1977
f 2395//1982 2418//2003 2446//2030 2396//1983
f 2399//1986 2415//2000 2373//1963 2376//1966
f 2402//1988 2416//2001 2438//2023 2403//1987
f 2406//1991 2413//1998 2377//1967 2380//1970
f 2406//1991 2405//1990 2432//2017 2383//1973
f 2399//1986 2398//1985 2381//1971 2384//1971
f 2402//1988 2401//1988 2448//2032 2387//1976
f 2395//1982 2394//1982 2385//1974 2388//1977
f 2429//2014 2425//2010 2424//2009 2430//2015
f 2431//2016 2407//1992 2425//2010 2429//2014
f 2433//2018 2408//1993 2407//1992 2431//2016
f 2434//2019 2423//2008 2408//1993 2433//2018
f 2435//2020 2419//2004 2423//2008 2434//2019
f 2440//2025 2427//2012 2420//2005 2437//2022
f 2439//2024 2428//2013 2427//2012 2440//2025
f 2441//2026 2409//1994 2428//2013 2439//2024
f 2442//2027 2410//1995 2409//1994 2441//2026
f 2443//2003 2426//2011 2410//1995 2442//2027
f 2444//2028 2421//2006 2426//2011 2443//2003
f 2430//2015 2424//2009 2422//2007 2445//2029
f 2374//1964 2393//1981 2396//1983 2375//1965
f 2378//1968 2400//1987 2403//1987 2379//1969
f 2391//1979 2412//1997 2411//1996 2392//1980
f 2420//2005 2427//2012 2412//1997 2391//1979
f 2422//2007 2424//2009 2389//1978 2392//1980
f 2436//2021 2438//2023 2440//2025 2437//2022
f 2374//1964 2373//1963 2430//2015 2445//2029
f 2447//2031 2397//1984 2376//1966 2375//1965
f 2436//2021 2404//1989 2380//1970 2379//1969
f 2420//2005 2419//2004 2435//2020 2437//2022
f 2422//2007 2421//2006 2444//2028 2445//2029
f 2449//2033 2450//2034 2451//2035 2452//2036
f 2453//2037 2454//2038 2455//2039 2456//2040
f 2457//2041 2458//2042 2459//2043 2460//2044
f 2461//2045 2462//2046 2463//2047 2464//2048
f 2465//2049 2466//2050 2454//2038 2453//2037
f 2467//2051 2468//2052 2469//2053 2470//2054
f 2471//2055 2472//2056 2458//2042 2457//2041
f 2473//2057 2474//2058 2475//2059 2476//2060
f 2477//2061 2478//2062 2459//2043 2456//2040
f 2453//2037 2458//2042 2472//2056 2465//2049
f 2479//2063 2451//2035 2450//2034 2480//2064 2481//2065
f 2482//2066 2483//2067 2484//2068 2460//2044
f 2457//2041 2485//2069 2486//2070 2471//2055
f 2487//2071 2488//2072 2489//2073 2490//2074
f 2479//2063 2481//2065 2469//2053 2468//2052
f 2491//2075 2492//2076 2493//2077 2494//2078
f 2495//2079 2496//2080 2497//2081 2498//2082
f 2491//2075 2499//2083 2496//2080 2495//2079
f 2469//2053 2500//2084 2501//2085 2470//2054
f 2481//2065 2502//2086 2500//2084 2469//2053
f 2449//2033 2452//2036 2461//2045 2464//2048
f 2483//2067 2482//2066 2503//2087 2504//2088
f 2475//2059 2474//2058 2505//2089 2506//2090
f 2499//2083 2491//2075 2494//2078 2507//2091
f 2505//2089 2507//2091 2508//2092 2506//2090
f 2454//2038 2509//2093 2510//2094 2455//2039
f 2466//2050 2492//2076 2509//2093 2454//2038
f 2488//2072 2511//2095 2493//2077 2489//2073
f 2466//2050 2465//2049 2490//2074 2489//2073
f 2512//2096 2478//2062 2477//2061 2513//2097
f 2503//2087 2482//2066 2478//2062 2512//2096
f 2503//2087 2502//2086 2514//2098 2504//2088
f 2492//2076 2466//2050 2489//2073 2493//2077
f 2500//2084 2512//2096 2513//2097 2501//2085
f 2502//2086 2503//2087 2512//2096 2500//2084
f 2509//2093 2495//2079 2498//2082 2510//2094
f 2492//2076 2491//2075 2495//2079 2509//2093
f 2511//2095 2515//2099 2494//2078 2493//2077
f 2502//2086 2481//2065 2480//2064 2514//2098
f 2455//2039 2513//2097 2477//2061 2456//2040
f 2459//2043 2478//2062 2482//2066 2460//2044
f 2462//2046 2473//2057 2476//2060 2463//2047
f 2459//2043 2458//2042 2453//2037 2456//2040
f 2484//2068 2485//2069 2457//2041 2460//2044
f 2497//2081 2467//2051 2470//2054 2498//2082
f 2510//2094 2501//2085 2513//2097 2455//2039
f 2498//2082 2470//2054 2501//2085 2510//2094
f 2465//2049 2472//2056 2471//2055 2490//2074
f 2490//2074 2471//2055 2486//2070 2487//2071
f 2499//2083 2474//2058 2473//2057 2496//2080
f 2496//2080 2473//2057 2462//2046 2497//2081
f 2467//2051 2461//2045 2452//2036 2468//2052
f 2451//2035 2479//2063 2468//2052 2452//2036
f 2474//2058 2499//2083 2507//2091 2505//2089
f 2497//2081 2462//2046 2461//2045 2467//2051
f 2507//2091 2494//2078 2515//2099 2508//2092
f 2516//2100 2517//2101 2518//2102 2519//2103
f 2520//2104 2521//2105 2522//2106 2523//2107
f 2524//2108 2525//2109 2526//2110 2527//2111
f 2528//2112 2529//2113 2530//2114 2531//2115
f 2532//2116 2533//2117 2534//2118 2535//2119
f 2536//2120 2537//2121 2538//2122 2539//2123
f 2540//2124 2541//2125 2542//2126 2543//2127
f 2544//2128 2545//2129 2546//2130 2547//2131
f 2548//2132 2549//2133 2550//2134 2551//2135
f 2552//2136 2553//2137 2554//2138 2555//2139
f 2553//2137 2556//2140 2557//2141 2554//2138
f 2558//2142 2559//2143 2560//2144 2561//2145
f 2562//2146 2563//2147 2564//2148 2565//2149
f 2539//2123 2538//2122 2566//2150 2567//2151
f 2568//2152 2569//2153 2570//2154 2571//2155
f 2571//2155 2570//2154 2572//2156 2573//2157
f 2574//2158 2575//2159 2576//2160 2577//2161
f 2578//2162 2579//2163 2518//2102 2517//2101
f 2580//2164 2581//2165 2561//2145 2560//2144
f 2549//2133 2548//2132 2535//2119 2534//2118
f 2582//2166 2583//2167 2550//2134 2584//2168
f 2583//2167 2585//2169 2551//2135 2550//2134
f 2580//2164 2586//2170 2587//2171 2588//2172
f 2587//2171 2586//2170 2579//2163 2589//2173
f 2550//2134 2549//2133 2584//2168
f 2546//2130 2545//2129 2590//2174 2591//2175
f 2564//2148 2563//2147 2592//2176 2593//2177
f 2592//2176 2594//2178 2522//2106 2540//2124
f 2595//2179 2596//2180 2597//2181 2598//2182
f 2597//2181 2596//2180 2599//2183 2600//2184
f 2555//2139 2554//2138 2597//2181 2600//2184
f 2554//2138 2557//2141 2598//2182 2597//2181
f 2572//2156 2570//2154 2601//2185 2602//2186
f 2601//2185 2570//2154 2603//2187 2604//2188
f 2570//2154 2569//2153 2605//2189 2603//2187
f 2540//2124 2543//2127 2593//2177 2592//2176
f 2604//2188 2603//2187 2546//2130 2591//2175
f 2588//2172 2587//2171 2562//2146 2565//2149
f 2590//2174 2545//2129 2606//2190 2607//2191
f 2607//2191 2606//2190 2583//2167 2582//2166
f 2608//2192 2609//2193 2610//2194 2611//2195
f 2612//2196 2613//2197 2614//2198 2615//2199
f 2595//2179 2616//2200 2617//2201 2618//2202
f 2556//2140 2619//2203 2620//2204 2557//2141
f 2552//2136 2621//2205 2622//2206 2623//2207
f 2599//2183 2624//2208 2625//2209 2600//2184
f 2626//2210 2627//2211 2628//2212 2629//2213
f 2630//2214 2631//2215 2632//2216 2633//2217
f 2634//2218 2635//2219 2627//2211 2626//2210
f 2633//2217 2632//2216 2635//2219 2634//2218
f 2557//2141 2620//2204 2636//2220 2598//2182
f 2555//2139 2637//2221 2621//2205 2552//2136
f 2600//2184 2625//2209 2637//2221 2555//2139
f 2598//2182 2636//2220 2616//2200 2595//2179
f 2638//2222 2639//2223 2609//2193 2608//2192
f 2615//2199 2614//2198 2639//2223 2638//2222
f 2611//2195 2610//2194 2640//2224 2641//2225
f 2642//2226 2643//2227 2613//2197 2612//2196
f 2641//2225 2640//2224 2619//2203 2556//2140
f 2618//2202 2617//2201 2643//2227 2642//2226
f 2623//2207 2622//2206 2644//2228 2645//2229
f 2646//2230 2647//2231 2624//2208 2599//2183
f 2629//2213 2628//2212 2647//2231 2646//2230
f 2645//2229 2644//2228 2631//2215 2630//2214
f 2648//2232 2549//2133 2534//2118 2649//2233
f 2561//2145 2649//2233 2650//2234 2558//2142
f 2603//2187 2605//2189 2547//2131 2546//2130
f 2545//2129 2544//2128 2651//2235 2606//2190
f 2606//2190 2651//2235 2585//2169 2583//2167
f 2528//2112 2531//2115 2576//2160 2652//2236
f 2653//2237 2654//2238 2655//2239 2577//2161
f 2656//2240 2657//2241 2658//2242 2659//2243
f 2657//2241 2656//2240 2660//2244 2661//2245
f 2662//2246 2659//2243 2658//2242 2663//2247
f 2659//2243 2662//2246 2664//2248 2566//2150
f 2592//2176 2563//2147 2526//2110 2594//2178
f 2562//2146 2587//2171 2589//2173 2527//2111
f 2520//2104 2665//2249 2666//2250 2521//2105
f 2610//2194 2609//2193 2667//2251 2668//2252
f 2614//2198 2613//2197 2669//2253 2670//2254
f 2617//2201 2616//2200 2671//2255 2672//2256
f 2620//2204 2619//2203 2673//2257 2674//2258
f 2622//2206 2621//2205 2675//2259 2676//2260
f 2625//2209 2624//2208 2677//2261 2678//2262
f 2628//2212 2627//2211 2679//2263 2680//2264
f 2632//2216 2631//2215 2681//2265 2682//2266
f 2635//2219 2683//2267 2679//2263 2627//2211
f 2632//2216 2682//2266 2683//2267 2635//2219
f 2620//2204 2674//2258 2684//2268 2636//2220
f 2637//2221 2685//2269 2675//2259 2621//2205
f 2625//2209 2678//2262 2685//2269 2637//2221
f 2636//2220 2684//2268 2671//2255 2616//2200
f 2639//2223 2686//2270 2667//2251 2609//2193
f 2614//2198 2670//2254 2686//2270 2639//2223
f 2610//2194 2668//2252 2687//2271 2640//2224
f 2643//2227 2688//2272 2669//2253 2613//2197
f 2640//2224 2687//2271 2673//2257 2619//2203
f 2617//2201 2672//2256 2688//2272 2643//2227
f 2622//2206 2676//2260 2689//2273 2644//2228
f 2647//2231 2690//2274 2677//2261 2624//2208
f 2628//2212 2680//2264 2690//2274 2647//2231
f 2644//2228 2689//2273 2681//2265 2631//2215
f 2691//2275 2692//2276 2693//2277 2694//2278
f 2695//2279 2696//2280 2697//2281 2698//2282
f 2699//2283 2700//2284 2701//2285 2702//2286
f 2703//2287 2704//2288 2705//2289 2706//2290
f 2707//2291 2708//2292 2709//2293 2710//2294
f 2711//2295 2712//2296 2713//2297 2714//2298
f 2715//2299 2716//2300 2717//2301 2718//2302
f 2719//2303 2720//2304 2721//2305 2722//2306
f 2716//2300 2723//2307 2724//2308 2717//2301
f 2723//2307 2719//2303 2722//2306 2724//2308
f 2725//2309 2703//2287 2706//2290 2726//2310
f 2708//2292 2727//2311 2728//2312 2709//2293
f 2727//2311 2711//2295 2714//2298 2728//2312
f 2700//2284 2725//2309 2726//2310 2701//2285
f 2692//2276 2729//2313 2730//2314 2693//2277
f 2729//2313 2695//2279 2698//2282 2730//2314
f 2731//2315 2691//2275 2694//2278 2732//2316
f 2696//2280 2733//2317 2734//2318 2697//2281
f 2704//2288 2731//2315 2732//2316 2705//2289
f 2733//2317 2699//2283 2702//2286 2734//2318
f 2735//2319 2707//2291 2710//2294 2736//2320
f 2712//2296 2737//2321 2738//2322 2713//2297
f 2737//2321 2715//2299 2718//2302 2738//2322
f 2720//2304 2735//2319 2736//2320 2721//2305
f 2692//2276 2691//2275 2668//2252 2667//2251
f 2696//2280 2695//2279 2670//2254 2669//2253
f 2700//2284 2699//2283 2672//2256 2671//2255
f 2704//2288 2703//2287 2674//2258 2673//2257
f 2708//2292 2707//2291 2676//2260 2675//2259
f 2712//2296 2711//2295 2678//2262 2677//2261
f 2716//2300 2715//2299 2680//2264 2679//2263
f 2720//2304 2719//2303 2682//2266 2681//2265
f 2683//2267 2723//2307 2716//2300 2679//2263
f 2719//2303 2723//2307 2683//2267 2682//2266
f 2703//2287 2725//2309 2684//2268 2674//2258
f 2685//2269 2727//2311 2708//2292 2675//2259
f 2711//2295 2727//2311 2685//2269 2678//2262
f 2684//2268 2725//2309 2700//2284 2671//2255
f 2686//2270 2729//2313 2692//2276 2667//2251
f 2695//2279 2729//2313 2686//2270 2670//2254
f 2691//2275 2731//2315 2687//2271 2668//2252
f 2688//2272 2733//2317 2696//2280 2669//2253
f 2687//2271 2731//2315 2704//2288 2673//2257
f 2699//2283 2733//2317 2688//2272 2672//2256
f 2707//2291 2735//2319 2689//2273 2676//2260
f 2690//2274 2737//2321 2712//2296 2677//2261
f 2715//2299 2737//2321 2690//2274 2680//2264
f 2689//2273 2735//2319 2720//2304 2681//2265
f 2739//2323 2740//2324 2741//2325 2574//2158
f 2742//2326 2743//2327 2744//2328 2745//2329
f 2665//2249 2746//2330 2747//2331 2666//2250
f 2745//2329 2744//2328 2748//2332 2749//2333
f 2749//2333 2748//2332 2740//2324 2739//2323
f 2750//2334 2751//2335 2743//2327 2742//2326
f 2574//2158 2741//2325 2752//2336 2575//2159
f 2753//2337 2754//2338 2755//2339 2756//2340
f 2757//2341 2758//2342 2759//2343 2760//2341
f 2761//2344 2762//2345 2763//2346 2764//2347
f 2765//2348 2766//2349 2767//2350 2768//2348
f 2769//2351 2770//2352 2771//2353 2772//2354
f 2773//2355 2774//2356 2775//2357 2776//2358
f 2777//2359 2778//2360 2779//2361 2780//2362
f 2781//2363 2782//2364 2783//2365 2784//2366
f 2785//2367 2786//2368 2787//2369 2788//2370
f 2786//2368 2754//2338 2753//2337 2787//2369
f 2780//2362 2779//2361 2756//2340 2755//2339
f 2789//2371 2790//2372 2758//2342 2757//2341
f 2791//2373 2792//2374 2760//2341 2759//2343
f 2793//2375 2794//2376 2766//2349 2765//2348
f 2795//2377 2796//2378 2768//2348 2767//2350
f 2773//2355 2797//2379 2798//2380 2774//2356
f 2799//2381 2800//2382 2776//2358 2775//2357
f 2781//2363 2801//2383 2802//2384 2782//2364
f 2803//2385 2804//2386 2784//2366 2783//2365
f 2775//2357 2774//2356 2755//2339 2754//2338
f 2783//2365 2782//2364 2753//2337 2756//2340
f 2796//2378 2795//2377 2762//2345 2761//2344
f 2790//2372 2789//2371 2764//2347 2763//2346
f 2792//2374 2791//2373 2770//2352 2769//2351
f 2794//2376 2793//2375 2772//2354 2771//2353
f 2778//2360 2804//2386 2803//2385 2779//2361
f 2798//2380 2797//2379 2777//2359 2780//2362
f 2785//2367 2800//2382 2799//2381 2786//2368
f 2802//2384 2801//2383 2788//2370 2787//2369
f 2799//2381 2775//2357 2754//2338 2786//2368
f 2782//2364 2802//2384 2787//2369 2753//2337
f 2779//2361 2803//2385 2783//2365 2756//2340
f 2755//2339 2774//2356 2798//2380 2780//2362
f 2800//2382 2791//2373 2759//2343 2776//2358
f 2797//2379 2790//2372 2763//2346 2777//2359
f 2804//2386 2795//2377 2767//2350 2784//2366
f 2801//2383 2794//2376 2771//2353 2788//2370
f 2776//2358 2759//2343 2758//2342 2773//2355
f 2773//2355 2758//2342 2790//2372 2797//2379
f 2784//2366 2767//2350 2766//2349 2781//2363
f 2781//2363 2766//2349 2794//2376 2801//2383
f 2777//2359 2763//2346 2762//2345 2778//2360
f 2778//2360 2762//2345 2795//2377 2804//2386
f 2788//2370 2771//2353 2770//2352 2785//2367
f 2785//2367 2770//2352 2791//2373 2800//2382
f 2741//2325 2740//2324 2805//2387 2806//2388
f 2744//2328 2743//2327 2807//2389 2808//2390
f 2751//2335 2747//2331 2809//2391 2810//2392
f 2748//2332 2744//2328 2808//2390 2811//2393
f 2740//2324 2748//2332 2811//2393 2805//2387
f 2743//2327 2751//2335 2810//2392 2807//2389
f 2812//2394 2752//2336 2813//2395 2814//2396
f 2749//2333 2739//2323 2655//2239 2815//2397
f 2745//2329 2749//2333 2815//2397 2816//2398
f 2739//2323 2574//2158 2577//2161 2655//2239
f 2742//2326 2745//2329 2816//2398 2542//2126
f 2817//2399 2818//2400 2573//2157 2819//2401
f 2573//2157 2818//2400 2820//2402 2571//2155
f 2571//2155 2820//2402 2821//2403 2568//2152
f 2663//2247 2658//2242 2818//2400 2817//2399
f 2818//2400 2658//2242 2657//2241 2820//2402
f 2820//2402 2657//2241 2661//2245 2821//2403
f 2543//2127 2822//2404 2823//2405 2593//2177
f 2593//2177 2823//2405 2824//2406 2564//2148
f 2564//2148 2824//2406 2825//2407 2565//2149
f 2565//2149 2825//2407 2826//2408 2588//2172
f 2588//2172 2826//2408 2827//2409 2580//2164
f 2559//2143 2828//2103 2829//2102 2560//2144
f 2560//2144 2829//2102 2586//2170 2580//2164
f 2584//2168 2626//2210 2629//2213 2582//2166
f 2582//2166 2629//2213 2646//2230 2607//2191
f 2607//2191 2646//2230 2599//2183 2590//2174
f 2590//2174 2599//2183 2596//2180 2595//2179
f 2590//2174 2595//2179 2618//2202 2591//2175
f 2591//2175 2618//2202 2642//2226 2604//2188
f 2604//2188 2642//2226 2612//2196 2601//2185
f 2601//2185 2612//2196 2615//2199 2602//2186
f 2830//2410 2822//2404 2543//2127 2542//2126
f 2830//2410 2608//2192 2611//2195 2822//2404
f 2822//2404 2611//2195 2641//2225 2823//2405
f 2823//2405 2641//2225 2556//2140 2824//2406
f 2824//2406 2556//2140 2553//2137 2552//2136
f 2824//2406 2552//2136 2623//2207 2825//2407
f 2825//2407 2623//2207 2645//2229 2826//2408
f 2826//2408 2645//2229 2630//2214 2827//2409
f 2827//2409 2630//2214 2633//2217 2831//2411
f 2831//2411 2633//2217 2634//2218 2832//2412
f 2832//2412 2634//2218 2626//2210 2584//2168
f 2827//2409 2831//2411 2581//2165 2580//2164
f 2517//2101 2516//2100 2833//2413 2834//1389
f 2516//2100 2519//2103 2835//2414 2833//2413
f 2520//2104 2523//2107 2836//2415 2837//2416
f 2525//2109 2524//2108 2838//1389 2839//2415
f 2529//2113 2528//2112 2840//2417 2841//2418
f 2533//2117 2532//2116 2842//2419 2843//2420
f 2532//2116 2535//2119 2844//2421 2842//2419
f 2660//2244 2537//2121 2845//2422 2846//2423
f 2536//2120 2539//2123 2847//2424 2848//2425
f 2544//2128 2547//2131 2849//2426 2850//2427
f 2548//2132 2551//2135 2851//2428 2852//2429
f 2559//2143 2558//2142 2853//2430 2854//2431
f 2539//2123 2567//2151 2855//2432 2847//2424
f 2821//2403 2661//2245 2856//2433 2857//2434
f 2652//2236 2858//2435 2859//2436 2860//2437
f 2578//2162 2517//2101 2834//1389 2861//1389
f 2535//2119 2548//2132 2852//2429 2844//2421
f 2551//2135 2585//2169 2862//2438 2851//2428
f 2863//2439 2578//2162 2861//1389 2864//1389
f 2523//2107 2865//2440 2866//2441 2836//2415
f 2605//2189 2569//2153 2867//2442 2868//2443
f 2558//2142 2650//2234 2869//2444 2853//2430
f 2547//2131 2605//2189 2868//2443 2849//2426
f 2651//2235 2544//2128 2850//2427 2870//2445
f 2585//2169 2651//2235 2870//2445 2862//2438
f 2528//2112 2652//2236 2860//2437 2840//2417
f 2661//2245 2660//2244 2846//2423 2856//2433
f 2567//2151 2871//2446 2872//2447 2855//2432
f 2865//2440 2525//2109 2839//2415 2866//2441
f 2524//2108 2863//2439 2864//1389 2838//1389
f 2665//2249 2520//2104 2837//2416 2873//2448
f 2746//2330 2665//2249 2873//2448 2874//2449
f 2858//2435 2812//2394 2875//2450 2859//2436
f 2806//2388 2805//2387 2876//2451 2877//2452
f 2808//2390 2807//2389 2878//2453 2879//2454
f 2880//2455 2746//2330 2874//2449 2881//2456
f 2810//2392 2809//2391 2882//2457 2883//2458
f 2811//2393 2808//2390 2879//2454 2884//2459
f 2805//2387 2811//2393 2884//2459 2876//2451
f 2807//2389 2810//2392 2883//2458 2878//2453
f 2814//2396 2813//2395 2885//2460 2886//2461
f 2812//2394 2814//2396 2886//2461 2875//2450
f 2569//2153 2568//2152 2887//2462 2867//2442
f 2568//2152 2821//2403 2857//2434 2887//2462
f 2828//2103 2559//2143 2854//2431 2888//2414
f 2834//1389 2833//2413 2889//2463 2890//1389
f 2833//2413 2835//2414 2891//2414 2889//2463
f 2837//2416 2836//2415 2892//1541 2893//2464
f 2839//2415 2838//1389 2894//1389 2895//2415
f 2841//2418 2840//2417 2896//2465 2897//2466
f 2843//2420 2842//2419 2898//2467 2899//2420
f 2842//2419 2844//2421 2900//2468 2898//2467
f 2846//2423 2845//2422 2901//2469 2902//2470
f 2848//2425 2847//2424 2903//2471 2904//2472
f 2850//2427 2849//2426 2905//2473 2906//2474
f 2852//2429 2851//2428 2907//2475 2908//2476
f 2854//2431 2853//2430 2909//2414 2910//2431
f 2847//2424 2855//2432 2911//2477 2903//2471
f 2857//2434 2856//2433 2912//2478 2913//2479
f 2860//2437 2859//2436 2914//2480 2915//2481
f 2861//1389 2834//1389 2890//1389 2916//1389
f 2844//2421 2852//2429 2908//2476 2900//2468
f 2851//2428 2862//2438 2917//2482 2907//2475
f 2864//1389 2861//1389 2916//1389 2918//1389
f 2836//2415 2866//2441 2919//2483 2892//1541
f 2868//2443 2867//2442 2920//2484 2921//2485
f 2853//2430 2869//2444 2922//2420 2909//2414
f 2849//2426 2868//2443 2921//2485 2905//2473
f 2870//2445 2850//2427 2906//2474 2923//2486
f 2862//2438 2870//2445 2923//2486 2917//2482
f 2840//2417 2860//2437 2915//2481 2896//2465
f 2856//2433 2846//2423 2902//2470 2912//2478
f 2855//2432 2872//2447 2924//2487 2911//2477
f 2866//2441 2839//2415 2895//2415 2919//2483
f 2838//1389 2864//1389 2918//1389 2894//1389
f 2873//2448 2837//2416 2893//2464 2925//2488
f 2874//2449 2873//2448 2925//2488 2926//2489
f 2859//2436 2875//2450 2927//1389 2914//2480
f 2877//2452 2876//2451 2928//2490 2929//2491
f 2879//2454 2878//2453 2930//2492 2931//2493
f 2881//2456 2874//2449 2926//2489 2932//2494
f 2883//2458 2882//2457 2933//2457 2934//2495
f 2884//2459 2879//2454 2931//2493 2935//2496
f 2876//2451 2884//2459 2935//2496 2928//2490
f 2878//2453 2883//2458 2934//2495 2930//2492
f 2886//2461 2885//2460 2936//2460 2937//2497
f 2875//2450 2886//2461 2937//2497 2927//1389
f 2867//2442 2887//2462 2938//2498 2920//2484
f 2887//2462 2857//2434 2913//2479 2938//2498
f 2888//2414 2854//2431 2910//2431 2939//2414
f 2530//2114 2654//2238 2653//2237 2531//2115
f 2537//2121 2660//2244 2656//2240 2538//2122
f 2538//2122 2656//2240 2659//2243 2566//2150
f 2575//2159 2858//2435 2652//2236 2576//2160
f 2531//2115 2653//2237 2577//2161 2576//2160
f 2871//2446 2567//2151 2566//2150 2664//2248
f 2752//2336 2812//2394 2858//2435 2575//2159
f 2752//2336 2741//2325 2806//2388 2813//2395
f 2537//2121 2536//2120 2848//2425 2845//2422
f 2813//2395 2806//2388 2877//2452 2885//2460
f 2845//2422 2848//2425 2904//2472 2901//2469
f 2885//2460 2877//2452 2929//2491 2936//2460
f 2518//2102 2829//2102 2828//2103 2519//2103
f 2521//2105 2541//2125 2540//2124 2522//2106
f 2526//2110 2563//2147 2562//2146 2527//2111
f 2579//2163 2586//2170 2829//2102 2518//2102
f 2579//2163 2578//2162 2863//2439 2589//2173
f 2594//2178 2865//2440 2523//2107 2522//2106
f 2526//2110 2525//2109 2865//2440 2594//2178
f 2589//2173 2863//2439 2524//2108 2527//2111
f 2666//2250 2750//2334 2541//2125 2521//2105
f 2747//2331 2751//2335 2750//2334 2666//2250
f 2747//2331 2746//2330 2880//2455 2809//2391
f 2519//2103 2828//2103 2888//2414 2835//2414
f 2809//2391 2880//2455 2881//2456 2882//2457
f 2835//2414 2888//2414 2939//2414 2891//2414
f 2882//2457 2881//2456 2932//2494 2933//2457
f 2649//2233 2561//2145 2581//2165 2648//2232
f 2648//2232 2581//2165 2831//2411 2832//2412
f 2549//2133 2648//2232 2832//2412 2584//2168
f 2541//2125 2750//2334 2742//2326 2542//2126
f 2819//2401 2573//2157 2572//2156 2940//2499
f 2940//2499 2572//2156 2602//2186 2941//2500
f 2941//2500 2602//2186 2615//2199 2638//2222
f 2638//2222 2608//2192 2830//2410 2941//2500
f 2941//2500 2830//2410 2542//2126 2940//2499
f 2940//2499 2542//2126 2816//2398 2819//2401
f 2819//2401 2816//2398 2815//2397 2817//2399
f 2817//2399 2815//2397 2655//2239 2663//2247
f 2663//2247 2655//2239 2654//2238 2662//2246
f 2662//2246 2654//2238 2530//2114 2664//2248
f 2664//2248 2530//2114 2529//2113 2871//2446
f 2871//2446 2529//2113 2841//2418 2872//2447
f 2872//2447 2841//2418 2897//2466 2924//2487
f 2649//2233 2534//2118 2533//2117 2650//2234
f 2650//2234 2533//2117 2843//2420 2869//2444
f 2869//2444 2843//2420 2899//2420 2922//2420
f 2942//2501 2943//2338 2944//2339 2945//2340
f 2946//2341 2947//2502 2948//2503 2949//2341
f 2950//2504 2951//2505 2952//2506 2953//2347
f 2954//2348 2955//2507 2956//2508 2957//2348
f 2958//2351 2959//2509 2960//2353 2961//2510
f 2962//2511 2963//2356 2964//2357 2965//2358
f 2966//2512 2967//2513 2968//2361 2969//2362
f 2970//2514 2971//2364 2972//2515 2973//2366
f 2974//2516 2975//2368 2976//2517 2977//2370
f 2975//2368 2943//2338 2942//2501 2976//2517
f 2969//2362 2968//2361 2945//2340 2944//2339
f 2978//2371 2979//2372 2947//2502 2946//2341
f 2980//2518 2981//2374 2949//2341 2948//2503
f 2982//2519 2983//2376 2955//2507 2954//2348
f 2984//2520 2985//2521 2957//2348 2956//2508
f 2962//2511 2986//2379 2987//2380 2963//2356
f 2988//2522 2989//2523 2965//2358 2964//2357
f 2970//2514 2990//2383 2991//2384 2971//2364
f 2992//2385 2993//2524 2973//2366 2972//2515
f 2964//2357 2963//2356 2944//2339 2943//2338
f 2972//2515 2971//2364 2942//2501 2945//2340
f 2985//2521 2984//2520 2951//2505 2950//2504
f 2979//2372 2978//2371 2953//2347 2952//2506
f 2981//2374 2980//2518 2959//2509 2958//2351
f 2983//2376 2982//2519 2961//2510 2960//2353
f 2967//2513 2993//2524 2992//2385 2968//2361
f 2987//2380 2986//2379 2966//2512 2969//2362
f 2974//2516 2989//2523 2988//2522 2975//2368
f 2991//2384 2990//2383 2977//2370 2976//2517
f 2988//2522 2964//2357 2943//2338 2975//2368
f 2971//2364 2991//2384 2976//2517 2942//2501
f 2968//2361 2992//2385 2972//2515 2945//2340
f 2944//2339 2963//2356 2987//2380 2969//2362
f 2989//2523 2980//2518 2948//2503 2965//2358
f 2986//2379 2979//2372 2952//2506 2966//2512
f 2993//2524 2984//2520 2956//2508 2973//2366
f 2990//2383 2983//2376 2960//2353 2977//2370
f 2965//2358 2948//2503 2947//2502 2962//2511
f 2962//2511 2947//2502 2979//2372 2986//2379
f 2973//2366 2956//2508 2955//2507 2970//2514
f 2970//2514 2955//2507 2983//2376 2990//2383
f 2966//2512 2952//2506 2951//2505 2967//2513
f 2967//2513 2951//2505 2984//2520 2993//2524
f 2977//2370 2960//2353 2959//2509 2974//2516
f 2974//2516 2959//2509 2980//2518 2989//2523
f 2994//2525 2995//2526 2996//2527 2997//2528
f 2998//2529 2999//2530 3000//2531 3001//2532
f 3001//2532 3000//2531 2995//2526 2994//2525
f 3002//2533 3003//2534 3004//2535 3005//2536
f 3006//2537 3007//2538 2997//2528 2996//2527
f 2995//2526 3008//2539 3009//2540 2996//2527
f 3010//2541 3011//2542 3012//2543 3013//2544
f 3014//2545 3015//2546 3016//2547 3017//2548
f 3018//2549 3019//2550 3020//2551 3021//2552
f 2999//2530 3022//2553 3023//2554 3000//2531
f 3024//2555 3025//2556 3026//2557 3027//2558
f 3000//2531 3023//2554 3008//2539 2995//2526
f 3013//2544 3012//2543 3025//2556 3024//2555
f 3028//2559 3029//2560 3030//2561 3031//2562
f 3006//2537 3032//2563 3033//2564 3034//2565
f 3035//2566 3036//2567 3011//2542 3010//2541
f 2996//2527 3009//2540 3032//2563 3006//2537
f 3037//2568 3022//2553 2999//2530 3038//2569
f 2998//2529 3039//2570 3040//2571
f 3021//2552 3020//2551 3041//2572 3042//2573
f 3043//2574 3044//2575 3045//2576 3046//2577
f 3046//2577 3045//2576 3047//2578 3048//2579
f 3049//2580 3050//2581 3051//2582 3052//2583
f 3053//2584 3054//2585 3055//2586 3056//2587
f 3057//2588 3058//2589 3059//2590 3060//2591
f 3061//2592 3062//2593 3038//2569 3063//2594
f 3038//2569 3062//2593 3064//2595 3037//2568
f 3059//2590 3063//2594 3038//2569 2999//2530
f 3065//2596 3014//2545 3017//2548 3066//2597
f 3066//2597 3017//2548 3016//2547 3067//2598
f 3060//2591 3059//2590 3040//2571
f 3040//2571 3059//2590 2999//2530 2998//2529
f 3068//2599 3055//2586 3069//2600
f 3069//2600 3055//2586 3054//2585 3070//2601
f 3070//2601 3057//2588 3060//2591 3069//2600
f 3069//2600 3060//2591 3040//2571 3068//2599
f 3068//2599 3040//2571 3039//2570 3042//2573
f 3021//2552 3027//2558 3026//2557 3018//2549
f 3063//2594 3059//2590 3058//2589 3061//2592
f 3056//2587 3052//2583 3051//2582 3053//2584
f 3003//2534 3071//2602 3072//2603 3004//2535
f 3007//2538 3073//2604 3074//2605 2997//2528
f 2997//2528 3074//2605 3075//2606 2994//2525
f 2994//2525 3075//2606 3076//2607 3001//2532
f 3001//2532 3076//2607 3039//2570 2998//2529
f 3036//2567 3077//2608 3078//2609 3079//2610
f 3002//2533 3080//2611 3081//2612 3082//2613
f 3045//2576 3044//2575 3083//2614 3084//2615
f 3011//2542 3036//2567 3079//2610 3085//2616
f 3012//2543 3011//2542 3085//2616 3086//2617
f 3025//2556 3012//2543 3086//2617 3087//2618
f 3026//2557 3025//2556 3087//2618 3088//2619
f 3018//2549 3026//2557 3088//2619 3089//2620
f 3023//2554 3022//2553 3090//2621 3091//2622
f 3008//2539 3023//2554 3091//2622 3092//2623
f 3009//2540 3008//2539 3092//2623 3093//2624
f 3032//2563 3009//2540 3093//2624 3094//2625
f 3080//2611 3095//2626 3096//2627 3081//2612
f 3003//2534 3002//2533 3082//2613 3097//2628
f 3029//2560 3028//2559 3098//2629 3099//2630
f 3100//2631 3047//2578 3101//2632 3102//2633
f 3051//2582 3050//2581 3103//2634 3104//2635
f 3053//2584 3051//2582 3104//2635 3105//2636
f 3070//2601 3054//2585 3106//2637 3107//2638
f 3061//2592 3058//2589 3108//2639 3109//2640
f 3037//2568 3064//2595 3110//2641 3111//2642
f 3064//2595 3062//2593 3112//2643 3110//2641
f 3044//2575 3043//2574 3113//2644 3083//2614
f 3049//2580 3015//2546 3114//2645 3115//2646
f 3050//2581 3049//2580 3115//2646 3103//2634
f 3022//2553 3037//2568 3111//2642 3090//2621
f 3014//2545 3065//2596 3116//2647 3117//2648
f 3058//2589 3057//2588 3118//2649 3108//2639
f 3057//2588 3070//2601 3107//2638 3118//2649
f 3043//2574 3019//2550 3119//2650 3113//2644
f 3062//2593 3061//2592 3109//2640 3112//2643
f 3054//2585 3053//2584 3105//2636 3106//2637
f 3028//2559 3071//2602 3120//2651 3098//2629
f 3079//2610 3078//2609 3121//2652 3122//2653
f 3082//2613 3081//2612 3123//2654 3124//2655
f 3084//2615 3083//2614 3125//2656 3126//2657
f 3085//2616 3079//2610 3122//2653 3127//2658
f 3086//2617 3085//2616 3127//2658 3128//2659
f 3087//2618 3086//2617 3128//2659 3129//2660
f 3088//2619 3087//2618 3129//2660 3130//2661
f 3089//2620 3088//2619 3130//2661 3131//2662
f 3091//2622 3090//2621 3132//2663 3133//2664
f 3092//2623 3091//2622 3133//2664 3134//2665
f 3093//2624 3092//2623 3134//2665 3135//2666
f 3094//2625 3093//2624 3135//2666 3136//2667
f 3081//2612 3096//2627 3137//2668 3123//2654
f 3097//2628 3082//2613 3124//2655 3138//2669
f 3099//2630 3098//2629 3139//2670 3140//2671
f 3102//2633 3101//2632 3141//2672 3142//2673
f 3104//2635 3103//2634 3143//2674 3144//2675
f 3105//2636 3104//2635 3144//2675 3145//2676
f 3107//2638 3106//2637 3146//2677 3147//2678
f 3109//2640 3108//2639 3148//2679 3149//2680
f 3111//2642 3110//2641 3150//2681 3151//2682
f 3110//2641 3112//2643 3152//2683 3150//2681
f 3083//2614 3113//2644 3153//2684 3125//2656
f 3115//2646 3114//2645 3154//2685 3155//2686
f 3103//2634 3115//2646 3155//2686 3143//2674
f 3090//2621 3111//2642 3151//2682 3132//2663
f 3117//2648 3116//2647 3156//2687 3157//2688
f 3108//2639 3118//2649 3158//2689 3148//2679
f 3118//2649 3107//2638 3147//2678 3158//2689
f 3113//2644 3119//2650 3159//2690 3153//2684
f 3112//2643 3109//2640 3149//2680 3152//2683
f 3106//2637 3105//2636 3145//2676 3146//2677
f 3098//2629 3120//2651 3160//2691 3139//2670
f 3004//2535 3161//2692 3034//2565 3005//2536
f 3030//2561 3077//2608 3162//2693 3031//2562
f 3095//2626 3080//2611 3002//2533 3005//2536
f 3031//2562 3162//2693 3163//2694 3072//2603
f 3030//2561 3029//2560 3099//2630 3164//2695
f 3095//2626 3033//2564 3165//2696 3096//2627
f 3164//2695 3099//2630 3140//2671 3166//2697
f 3096//2627 3165//2696 3167//2698 3137//2668
f 3033//2564 3095//2626 3005//2536 3034//2565
f 3077//2608 3030//2561 3164//2695 3078//2609
f 3078//2609 3164//2695 3166//2697 3121//2652
f 3161//2692 3007//2538 3006//2537 3034//2565
f 3077//2608 3036//2567 3035//2566 3162//2693
f 3162//2693 3035//2566 3073//2604 3163//2694
f 3033//2564 3032//2563 3094//2625 3165//2696
f 3165//2696 3094//2625 3136//2667 3167//2698
f 3048//2579 3168//2699 3169//2700 3041//2572
f 3047//2578 3100//2631 3168//2699 3048//2579
f 3039//2570 3027//2558 3021//2552 3042//2573
f 3071//2602 3028//2559 3031//2562 3072//2603
f 3073//2604 3035//2566 3010//2541 3074//2605
f 3074//2605 3010//2541 3013//2544 3075//2606
f 3075//2606 3013//2544 3024//2555 3076//2607
f 3076//2607 3024//2555 3027//2558 3039//2570
f 3047//2578 3045//2576 3084//2615 3101//2632
f 3071//2602 3003//2534 3097//2628 3120//2651
f 3101//2632 3084//2615 3126//2657 3141//2672
f 3120//2651 3097//2628 3138//2669 3160//2691
f 3163//2694 3161//2692 3004//2535 3072//2603
f 3073//2604 3007//2538 3161//2692 3163//2694
f 3055//2586 3068//2599 3169//2700
f 3066//2597 3168//2699 3100//2631 3065//2596
f 3065//2596 3100//2631 3102//2633 3116//2647
f 3116//2647 3102//2633 3142//2673 3156//2687
f 3168//2699 3066//2597 3067//2598 3169//2700
f 3015//2546 3049//2580 3052//2583 3016//2547
f 3019//2550 3043//2574 3046//2577 3020//2551
f 3020//2551 3046//2577 3048//2579 3041//2572
f 3016//2547 3052//2583 3056//2587 3067//2598
f 3015//2546 3014//2545 3117//2648 3114//2645
f 3019//2550 3018//2549 3089//2620 3119//2650
f 3114//2645 3117//2648 3157//2688 3154//2685
f 3119//2650 3089//2620 3131//2662 3159//2690
f 3169//2700 3068//2599 3042//2573 3041//2572
f 3067//2598 3056//2587 3055//2586 3169//2700
f 3170//1389 3171//1389 3172//1389 3173//1389
f 3174//1389 3175//1389 3176//1389
f 3177//1389 3178//1389 3179//1389 3180//1389
f 3173//1389 3172//1389 3181//2701 3182//2702
f 3183//2703 3184//1389 3176//1389 3185//2704
f 3180//1389 3179//1389 3186//2705 3187//2706
f 3188//1389 3189//1389 3190//1389 3191//1389
f 3192//1389 3193//1389 3194//1389
f 3195//2707 3196//1389 3197//1389 3198//2708
f 3199//2709 3196//1389 3200//1389 3201//2710
f 3202//2711 3203//1389 3204//1389 3205//2712
f 3206//1389 3207//1389 3208//1389 3209//1389
f 3210//1389 3211//1389 3212//1389 3213//1389
f 3214//1389 3215//1389 3216//1389 3217//1389
f 3218//2713 3219//2714 3220//2715 3221//1389
f 3222//1389 3223//1389 3188//1389 3191//1389
f 3223//1389 3224//1389 3225//1389 3188//1389
f 3170//1389 3226//1389 3227//2716 3228//2717
f 3171//1389 3229//2718 3230//2719 3231//1389
f 3232//2720 3186//2705 3179//1389 3178//1389
f 3233//1389 3215//1389 3214//1389 3234//1389
f 3235//1389 3236//1389 3237//1389 3238//1389
f 3239//2721 3240//2722 3241//1389 3242//1389
f 3243//1389 3244//1389 3245//1389 3246//1389
f 3247//1389 3248//1389 3249//1389 3250//1389
f 3248//1389 3251//1389 3252//1389 3249//1389
f 3192//1389 3253//1389 3254//1389 3255//1389
f 3256//1389 3257//1389 3258//1389 3259//1389
f 3210//1389 3248//1389 3260//1389 3261//1389
f 3189//1389 3188//1389 3262//1389 3263//1389
f 3264//1389 3265//1389 3266//1389 3267//1389
f 3229//2718 3171//1389 3170//1389 3228//2717
f 3177//1389 3175//1389 3268//2723 3269//2724
f 3270//2725 3271//2726 3272//2727 3273//2728
f 3274//1389 3275//1389 3276//1389 3277//1389
f 3277//1389 3276//1389 3278//1389 3279//1389
f 3280//1389 3281//1389 3282//1389 3283//1389
f 3284//1389 3285//1389 3286//1389 3287//1389
f 3288//1389 3212//1389 3289//1389 3290//1389
f 3291//1389 3292//1389 3293//1389 3294//1389
f 3217//1389 3216//1389 3295//1389 3296//1389
f 3216//1389 3288//1389 3290//1389 3295//1389
f 3238//1389 3237//1389 3297//1389 3194//1389
f 3298//1389 3299//1389 3300//1389 3301//1389
f 3302//2729 3303//2730 3241//1389 3204//1389
f 3304//2731 3305//2732 3306//1389 3307//2733
f 3308//2734 3309//1389 3310//1389 3311//2735
f 3311//2735 3244//1389 3243//1389 3312//2735
f 3313//2736 3253//1389 3297//1389 3314//2737
f 3314//2737 3297//1389 3237//1389 3315//2738
f 3315//2738 3237//1389 3236//1389 3316//2739
f 3306//1389 3309//1389 3308//2734 3307//2733
f 3317//1389 3318//1389 3319//1389 3320//1389
f 3273//2728 3198//2708 3197//1389 3221//1389
f 3236//1389 3321//2740 3322//2741 3316//2739
f 3316//2739 3322//2741 3323//2742 3324//2743
f 3325//2744 3326//2745 3327//2746 3242//1389
f 3328//1389 3329//2747 3330//2748 3331//1389
f 3329//2747 3328//1389 3332//1389 3333//2749
f 3334//2750 3335//2751 3336//1389 3337//1389
f 3338//2752 3339//1389 3340//1389 3341//2753
f 3342//1389 3343//2754 3344//2755 3345//1389
f 3343//2754 3342//1389 3346//1389 3347//2756
f 3348//2757 3349//1389 3350//1389 3351//2758
f 3352//1389 3353//1389 3354//2759 3355//2760
f 3265//1389 3356//1389 3357//1389 3353//1389
f 3349//1389 3348//2757 3347//2756 3346//1389
f 3187//2706 3185//2704 3176//1389 3180//1389
f 3180//1389 3176//1389 3175//1389 3177//1389
f 3178//1389 3177//1389 3269//2724 3232//2720
f 3344//2755 3341//2753 3340//1389 3345//1389
f 3182//2702 3358//2761 3359//1389 3173//1389
f 3173//1389 3359//1389 3226//1389 3170//1389
f 3226//1389 3359//1389 3358//2761 3227//2716
f 3330//2748 3354//2759 3353//2762 3360//1389 3331//1389
f 3361//2761 3362//2763 3363//2764 3364//2765
f 3362//2763 3365//2766 3366//2767 3363//2764
f 3365//2766 3367//2768 3368//2769 3366//2767
f 3369//2770 3370//2771 3371//2772 3372//2773
f 3373//2774 3374//2775 3375//2776 3376//2777
f 3374//2775 3377//2778 3378//2779 3375//2776
f 3377//2778 3379//2780 3380//2781 3378//2779
f 3379//2780 3381//2706 3382//2782 3380//2781
f 3381//2706 3383//2704 3384//2783 3382//2782
f 3383//2704 3385//2784 3386//2785 3384//2783
f 3385//2784 3387//2701 3388//2786 3386//2785
f 3389//2702 3361//2761 3364//2765 3390//2787
f 3391//2788 3392//2789 3393//2790 3394//2791
f 3392//2789 3395//2792 3396//2793 3393//2790
f 3395//2792 3397//2794 3398//2795 3396//2793
f 3399//2796 3400//2797 3401//2798 3402//2799
f 3403//2800 3404//2801 3405//2802 3406//2803
f 3404//2801 3407//2804 3408//2805 3405//2802
f 3407//2804 3409//2806 3410//2807 3408//2805
f 3409//2806 3411//2808 3412//2756 3410//2807
f 3411//2808 3413//2809 3414//2757 3412//2756
f 3413//2809 3415//2810 3416//2758 3414//2757
f 3415//2810 3417//2786 3418//2701 3416//2758
f 3419//2811 3391//2788 3394//2791 3420//2760
f 3394//2791 3393//2790 3227//2716 3358//2761
f 3393//2790 3396//2793 3228//2717 3227//2716
f 3396//2793 3398//2795 3229//2718 3228//2717
f 3402//2799 3401//2798 3421//2812 3230//2719
f 3406//2803 3405//2802 3269//2724 3268//2723
f 3405//2802 3408//2805 3232//2720 3269//2724
f 3408//2805 3410//2807 3186//2705 3232//2720
f 3410//2807 3412//2756 3187//2706 3186//2705
f 3412//2756 3414//2757 3185//2704 3187//2706
f 3414//2757 3416//2758 3183//2703 3185//2704
f 3416//2758 3418//2701 3181//2701 3183//2703
f 3420//2760 3394//2791 3358//2761 3182//2702
f 3354//2759 3330//2748 3362//2763 3361//2761
f 3330//2748 3329//2747 3365//2766 3362//2763
f 3329//2747 3333//2749 3367//2768 3365//2766
f 3335//2751 3334//2750 3370//2771 3369//2770
f 3338//2752 3341//2753 3374//2775 3373//2774
f 3341//2753 3344//2755 3377//2778 3374//2775
f 3344//2755 3343//2754 3379//2780 3377//2778
f 3343//2754 3347//2756 3381//2706 3379//2780
f 3347//2756 3348//2757 3383//2704 3381//2706
f 3348//2757 3351//2758 3385//2784 3383//2704
f 3351//2758 3422//2701 3387//2701 3385//2784
f 3355//2760 3354//2759 3361//2761 3389//2702
f 3392//2789 3391//2788 3364//2765 3363//2764
f 3391//2788 3419//2811 3390//2787 3364//2765
f 3419//2811 3417//2786 3388//2786 3390//2787
f 3415//2810 3413//2809 3384//2783 3386//2785
f 3413//2809 3411//2808 3382//2782 3384//2783
f 3411//2808 3409//2806 3380//2781 3382//2782
f 3409//2806 3407//2804 3378//2779 3380//2781
f 3407//2804 3404//2801 3375//2776 3378//2779
f 3404//2801 3403//2800 3376//2777 3375//2776
f 3400//2797 3399//2796 3372//2773 3371//2772
f 3397//2794 3395//2792 3366//2767 3368//2769
f 3395//2792 3392//2789 3363//2764 3366//2767
f 3353//1389 3357//1389 3423//1389 3360//2762
f 3331//1389 3424//1389 3425//1389 3328//1389
f 3328//1389 3425//1389 3426//1389 3332//1389
f 3337//1389 3336//1389 3427//1389 3428//1389
f 3339//1389 3429//1389 3430//1389 3340//1389
f 3340//1389 3430//1389 3431//1389 3345//1389
f 3345//1389 3431//1389 3432//1389 3342//1389
f 3342//1389 3432//1389 3433//1389 3434//1389
f 3342//1389 3434//1389 3292//1389 3346//1389
f 3346//1389 3292//1389 3291//1389 3349//1389
f 3349//1389 3291//1389 3257//1389 3350//1389
f 3435//1389 3265//1389 3353//1389 3352//1389
f 3355//2760 3422//2701 3436//1389 3352//1389
f 3437//1389 3438//1389 3439//1389 3261//1389
f 3440//1389 3441//1389 3262//1389 3442//1389
f 3443//1389 3440//1389 3442//1389 3267//1389
f 3438//1389 3444//1389 3258//1389 3439//1389
f 3211//1389 3257//1389 3291//1389 3212//1389
f 3251//1389 3248//1389 3210//1389 3213//1389
f 3212//1389 3291//1389 3294//1389 3289//1389
f 3293//1389 3292//1389 3217//1389 3296//1389
f 3217//1389 3292//1389 3434//1389 3214//1389
f 3214//1389 3434//1389 3433//1389 3234//1389
f 3445//2813 3446//2814 3223//1389 3222//1389
f 3447//2815 3448//2816 3449//1389 3224//1389
f 3356//1389 3450//2817 3451//2818 3357//1389
f 3452//2819 3453//2820 3424//1389 3423//1389
f 3424//1389 3453//2820 3454//2821 3425//1389
f 3425//1389 3454//2821 3455//2822 3426//1389
f 3428//1389 3427//1389 3456//2823 3457//2824
f 3429//1389 3458//2825 3459//2826 3430//1389
f 3430//1389 3459//2826 3460//2827 3431//1389
f 3461//2828 3432//1389 3431//1389 3460//2827
f 3432//1389 3461//2828 3462//2829 3433//1389
f 3433//1389 3462//2829 3463//2830 3234//1389
f 3234//1389 3463//2830 3464//2831 3233//1389
f 3465//2832 3321//2740 3236//1389 3235//1389
f 3466//1389 3467//1389 3207//1389 3206//1389
f 3468//1389 3469//1389 3209//1389 3208//1389
f 3207//1389 3470//1389 3471//1389 3208//1389
f 3209//1389 3472//1389 3473//1389 3206//1389
f 3467//1389 3474//1389 3470//1389 3207//1389
f 3206//1389 3473//1389 3475//1389 3466//1389
f 3469//1389 3476//1389 3472//1389 3209//1389
f 3208//1389 3471//1389 3477//1389 3468//1389
f 3478//2833 3479//2834 3480//2835 3481//1559
f 3482//2836 3483//2837 3484//2838 3485//2839
f 3486//2840 3487//2841 3488//2842 3489//2843
f 3490//2844 3491//2845 3492//2846 3493//2847
f 3494//2848 3482//2836 3485//2839 3495//2839
f 3487//2841 3494//2848 3495//2839 3488//2842
f 3496//2844 3490//2844 3493//2847 3497//2847
f 3479//2834 3496//2844 3497//2847 3480//2835
f 3498//2833 3478//2833 3481//1559 3499//1559
f 3483//2837 3498//2833 3499//1559 3484//2838
f 3500//2840 3486//2840 3489//2843 3501//2843
f 3491//2845 3500//2840 3501//2843 3492//2846
f 3481//1559 3480//2835 3502//2835 3503//1559
f 3485//2839 3484//2838 3504//2838 3505//2839
f 3489//2843 3488//2842 3506//2849 3507//2843
f 3493//2847 3492//2846 3508//2850 3509//2847
f 3495//2839 3485//2839 3505//2839 3510//2839
f 3488//2842 3495//2839 3510//2839 3506//2849
f 3497//2847 3493//2847 3509//2847 3511//2847
f 3480//2835 3497//2847 3511//2847 3502//2835
f 3499//1559 3481//1559 3503//1559 3512//1559
f 3484//2838 3499//1559 3512//1559 3504//2838
f 3501//2843 3489//2843 3507//2843 3513//2843
f 3492//2846 3501//2843 3513//2843 3508//2850
f 3479//2834 3478//2833 3468//1389 3477//1389
f 3478//2833 3498//2833 3469//1389 3468//1389
f 3498//2833 3483//2837 3476//1389 3469//1389
f 3483//2837 3482//2836 3472//1389 3476//1389
f 3482//2836 3494//2848 3473//1389 3472//1389
f 3494//2848 3487//2841 3475//1389 3473//1389
f 3487//2841 3486//2840 3466//1389 3475//1389
f 3486//2840 3500//2840 3467//1389 3466//1389
f 3500//2840 3491//2845 3474//1389 3467//1389
f 3491//2845 3490//2844 3470//1389 3474//1389
f 3490//2844 3496//2844 3471//1389 3470//1389
f 3496//2844 3479//2834 3477//1389 3471//1389
f 3444//1389 3514//2851 3515//2852 3516//1389
f 3517//1389 3518//2853 3519//2854 3437//1389
f 3441//1389 3520//2855 3521//2856 3522//1389
f 3523//1389 3524//2857 3525//2858 3443//1389
f 3437//1389 3519//2854 3526//2859 3438//1389
f 3440//1389 3527//2860 3520//2855 3441//1389
f 3443//1389 3525//2858 3527//2860 3440//1389
f 3438//1389 3526//2859 3514//2851 3444//1389
f 3528//1389 3529//2861 3530//2862 3531//1389
f 3532//2863 3533//2864 3534//1389 3535//1389
f 3536//2865 3537//2866 3538//1389 3539//1389
f 3540//1389 3541//2867 3542//2868 3543//1389
f 3515//2852 3514//2851 3544//2869 3545//2870
f 3519//2854 3518//2853 3546//2871 3547//2872
f 3521//2856 3520//2855 3548//2873 3549//2874
f 3525//2858 3524//2857 3550//2875 3551//2876
f 3526//2859 3519//2854 3547//2872 3552//2877
f 3520//2855 3527//2860 3553//2878 3548//2873
f 3527//2860 3525//2858 3551//2876 3553//2878
f 3514//2851 3526//2859 3552//2877 3544//2869
f 3554//2870 3550//2875 3524//2857 3555//2852
f 3555//2852 3524//2857 3523//1389 3556//1389
f 3556//1389 3523//1389 3266//1389 3557//1389
f 3545//2870 3554//2870 3555//2852 3515//2852
f 3515//2852 3555//2852 3556//1389 3516//1389
f 3516//1389 3556//1389 3557//1389 3259//1389
f 3549//2874 3558//2879 3559//2880 3521//2856
f 3521//2856 3559//2880 3560//1389 3522//1389
f 3558//2879 3546//2871 3518//2853 3559//2880
f 3559//2880 3518//2853 3517//1389 3560//1389
f 3436//1389 3350//1389 3257//1389 3256//1389
f 3522//1389 3560//1389 3561//1389 3263//1389
f 3560//1389 3517//1389 3260//1389 3561//1389
f 3251//1389 3288//1389 3562//1389 3563//1389
f 3564//1389 3565//1389 3566//2881 3567//2882
f 3530//2862 3568//2862 3569//1389 3531//1389
f 3531//1389 3569//1389 3570//1389 3246//1389
f 3533//2864 3529//2861 3528//1389 3534//1389
f 3534//1389 3528//1389 3245//1389 3571//1389
f 3535//1389 3534//1389 3571//1389 3250//1389
f 3568//2862 3541//2867 3540//1389 3569//1389
f 3569//1389 3540//1389 3254//1389 3570//1389
f 3567//2882 3536//2865 3539//1389 3564//1389
f 3564//1389 3539//1389 3252//1389 3563//1389
f 3572//2883 3566//2881 3565//1389 3573//1389
f 3573//1389 3565//1389 3562//1389 3574//1389
f 3542//2868 3572//2883 3573//1389 3543//1389
f 3543//1389 3573//1389 3574//1389 3255//1389
f 3575//1389 3248//1389 3247//1389 3576//1389
f 3189//1389 3575//1389 3576//1389 3190//1389
f 3577//1389 3244//1389 3310//1389 3576//1389
f 3576//1389 3247//1389 3577//1389
f 3576//1389 3310//1389 3309//1389 3190//1389
f 3190//1389 3309//1389 3191//1389
f 3191//1389 3309//1389 3306//1389 3222//1389
f 3222//1389 3306//1389 3305//2732 3445//2813
f 3193//1389 3288//1389 3216//1389 3194//1389
f 3194//1389 3297//1389 3253//1389 3192//1389
f 3194//1389 3216//1389 3215//1389 3238//1389
f 3238//1389 3215//1389 3233//1389 3235//1389
f 3235//1389 3233//1389 3464//2831 3465//2832
f 3243//1389 3253//1389 3313//2736 3312//2735
f 3578//1389 3579//1389 3580//1389 3581//1389
f 3582//2884 3583//2885 3203//1389 3200//1389
f 3310//1389 3244//1389 3311//2735
f 3535//1389 3538//1389 3537//2866 3532//2863
f 3213//1389 3212//1389 3288//1389 3251//1389
f 3584//2886 3585//2887 3586//2888 3587//2889
f 3585//2887 3588//2890 3589//2891 3586//2888
f 3588//2890 3590//2727 3591//2892 3589//2891
f 3592//2893 3593//2735 3594//2894 3595//2895
f 3593//2735 3596//2734 3597//2896 3594//2894
f 3596//2734 3598//2735 3599//2896 3597//2896
f 3598//2735 3600//2897 3601//2898 3599//2896
f 3600//2897 3602//2899 3603//2900 3601//2898
f 3602//2899 3604//2901 3605//2902 3603//2900
f 3604//2901 3606//2903 3607//2904 3605//2902
f 3606//2903 3608//2743 3609//2905 3607//2904
f 3610//2906 3611//2907 3612//2908 3613//2909
f 3611//2907 3614//2910 3615//2911 3612//2908
f 3614//2910 3616//2912 3617//2913 3615//2911
f 3616//2912 3618//2914 3619//2915 3617//2913
f 3618//2914 3584//2886 3587//2889 3619//2915
f 3620//2916 3621//2917 3622//2918 3623//2707
f 3621//2917 3624//2919 3625//2920 3622//2918
f 3624//2919 3626//2892 3627//2727 3625//2920
f 3628//2921 3629//2896 3630//2734 3631//2733
f 3629//2896 3632//2894 3633//2735 3630//2734
f 3632//2894 3634//2896 3635//2735 3633//2735
f 3634//2896 3636//2922 3637//2923 3635//2735
f 3636//2922 3638//2924 3639//2737 3637//2923
f 3638//2924 3640//2925 3641//2738 3639//2737
f 3640//2925 3642//2926 3643//2927 3641//2738
f 3642//2926 3644//2905 3645//2928 3643//2927
f 3646//2929 3647//2930 3648//2931 3649//2932
f 3647//2930 3650//2933 3651//2934 3648//2931
f 3650//2933 3652//2935 3653//2936 3651//2934
f 3652//2935 3654//2937 3655//2938 3653//2936
f 3654//2937 3620//2916 3623//2707 3655//2938
f 3623//2707 3622//2918 3656//2939 3657//2886
f 3622//2918 3625//2920 3658//2940 3656//2939
f 3625//2920 3627//2727 3659//2727 3658//2940
f 3631//2733 3630//2734 3660//2735 3661//2893
f 3630//2734 3633//2735 3662//2734 3660//2735
f 3633//2735 3635//2735 3663//2735 3662//2734
f 3635//2735 3637//2923 3664//2941 3663//2735
f 3637//2923 3639//2737 3665//2899 3664//2941
f 3639//2737 3641//2738 3666//2942 3665//2899
f 3641//2738 3643//2927 3667//2943 3666//2942
f 3643//2927 3645//2928 3668//2928 3667//2943
f 3649//2932 3648//2931 3669//2944 3670//2945
f 3648//2931 3651//2934 3671//2946 3669//2944
f 3651//2934 3653//2936 3672//2947 3671//2946
f 3653//2936 3655//2938 3673//2948 3672//2947
f 3655//2938 3623//2707 3657//2886 3673//2948
f 3195//2707 3198//2708 3585//2887 3584//2886
f 3198//2708 3273//2728 3588//2890 3585//2887
f 3273//2728 3272//2727 3590//2727 3588//2890
f 3307//2733 3308//2734 3593//2735 3592//2893
f 3308//2734 3311//2735 3596//2734 3593//2735
f 3311//2735 3312//2735 3598//2735 3596//2734
f 3312//2735 3313//2736 3600//2897 3598//2735
f 3313//2736 3314//2737 3602//2899 3600//2897
f 3314//2737 3315//2738 3604//2901 3602//2899
f 3315//2738 3316//2739 3606//2903 3604//2901
f 3316//2739 3324//2743 3608//2743 3606//2903
f 3325//2744 3303//2730 3611//2907 3610//2906
f 3303//2730 3302//2729 3614//2910 3611//2907
f 3302//2729 3583//2885 3616//2912 3614//2910
f 3583//2885 3582//2884 3618//2914 3616//2912
f 3582//2884 3195//2707 3584//2886 3618//2914
f 3621//2917 3620//2916 3587//2889 3586//2888
f 3620//2916 3654//2937 3619//2915 3587//2889
f 3654//2937 3652//2935 3617//2913 3619//2915
f 3652//2935 3650//2933 3615//2911 3617//2913
f 3650//2933 3647//2930 3612//2908 3615//2911
f 3647//2930 3646//2929 3613//2909 3612//2908
f 3646//2929 3674//2949 3675//2950 3613//2909
f 3642//2926 3640//2925 3605//2902 3607//2904
f 3640//2925 3638//2924 3603//2900 3605//2902
f 3638//2924 3636//2922 3601//2898 3603//2900
f 3636//2922 3634//2896 3599//2896 3601//2898
f 3634//2896 3632//2894 3597//2896 3599//2896
f 3632//2894 3629//2896 3594//2894 3597//2896
f 3629//2896 3628//2921 3595//2895 3594//2894
f 3628//2921 3676//2892 3677//2892 3595//2895
f 3624//2919 3621//2917 3586//2888 3589//2891
f 3657//2886 3656//2939 3274//1389 3277//1389
f 3656//2939 3658//2940 3678//1389 3274//1389
f 3658//2940 3659//2727 3679//1389 3678//1389
f 3661//2893 3660//2735 3318//1389 3317//1389
f 3660//2735 3662//2734 3680//1389 3318//1389
f 3662//2734 3663//2735 3578//1389 3680//1389
f 3663//2735 3664//2941 3579//1389 3578//1389
f 3664//2941 3665//2899 3301//1389 3579//1389
f 3665//2899 3666//2942 3298//1389 3301//1389
f 3666//2942 3667//2943 3681//1389 3298//1389
f 3667//2943 3668//2928 3682//1389 3681//1389
f 3670//2945 3669//2944 3284//1389 3287//1389
f 3669//2944 3671//2946 3283//1389 3284//1389
f 3671//2946 3672//2947 3280//1389 3283//1389
f 3672//2947 3673//2948 3279//1389 3280//1389
f 3673//2948 3657//2886 3277//1389 3279//1389
f 3683//1389 3684//2951 3685//2952 3686//1389
f 3687//1389 3688//2953 3684//2951 3683//1389
f 3689//1389 3690//2954 3691//2955 3692//1389
f 3693//1389 3694//2956 3690//2954 3689//1389
f 3686//1389 3685//2952 3694//2956 3693//1389
f 3692//1389 3691//2955 3688//2953 3687//1389
f 3685//2952 3684//2951 3695//2957 3696//2958
f 3684//2951 3688//2953 3697//2959 3695//2957
f 3691//2955 3690//2954 3698//2960 3699//2961
f 3690//2954 3694//2956 3700//2962 3698//2960
f 3694//2956 3685//2952 3696//2958 3700//2962
f 3688//2953 3691//2955 3699//2961 3697//2959
f 3530//2862 3529//2861 3701//2963 3702//2964
f 3532//2863 3537//2866 3703//2965 3704//2966
f 3567//2882 3566//2881 3705//2967 3706//2968
f 3542//2868 3541//2867 3707//2969 3708//2970
f 3537//2866 3536//2865 3709//2971 3703//2965
f 3568//2862 3530//2862 3702//2964 3710//2964
f 3529//2861 3533//2864 3711//2972 3701//2963
f 3541//2867 3568//2862 3710//2964 3707//2969
f 3536//2865 3567//2882 3706//2968 3709//2971
f 3566//2881 3572//2883 3712//2973 3705//2967
f 3572//2883 3542//2868 3708//2970 3712//2973
f 3533//2864 3532//2863 3704//2966 3711//2972
f 3258//1389 3444//1389 3516//1389 3259//1389
f 3260//1389 3517//1389 3437//1389 3261//1389
f 3262//1389 3441//1389 3522//1389 3263//1389
f 3266//1389 3523//1389 3443//1389 3267//1389
f 3439//1389 3211//1389 3210//1389 3261//1389
f 3262//1389 3188//1389 3225//1389 3442//1389
f 3442//1389 3225//1389 3264//1389 3267//1389
f 3258//1389 3257//1389 3211//1389 3439//1389
f 3266//1389 3265//1389 3435//1389 3557//1389
f 3557//1389 3435//1389 3256//1389 3259//1389
f 3561//1389 3575//1389 3189//1389 3263//1389
f 3260//1389 3248//1389 3575//1389 3561//1389
f 3245//1389 3528//1389 3531//1389 3246//1389
f 3249//1389 3538//1389 3535//1389 3250//1389
f 3252//1389 3539//1389 3538//1389 3249//1389
f 3254//1389 3540//1389 3543//1389 3255//1389
f 3562//1389 3565//1389 3564//1389 3563//1389
f 3570//1389 3243//1389 3246//1389
f 3245//1389 3244//1389 3577//1389 3571//1389
f 3571//1389 3577//1389 3247//1389 3250//1389
f 3254//1389 3253//1389 3243//1389 3570//1389
f 3252//1389 3251//1389 3563//1389
f 3562//1389 3288//1389 3193//1389 3574//1389
f 3574//1389 3193//1389 3192//1389 3255//1389
f 3289//1389 3686//1389 3693//1389 3290//1389
f 3290//1389 3693//1389 3689//1389 3295//1389
f 3295//1389 3689//1389 3692//1389 3296//1389
f 3296//1389 3692//1389 3687//1389 3293//1389
f 3293//1389 3687//1389 3683//1389 3294//1389
f 3294//1389 3683//1389 3686//1389 3289//1389
f 3271//2726 3713//2974 3714//2727 3272//2727
f 3275//1389 3319//1389 3715//1389 3276//1389
f 3276//1389 3715//1389 3581//1389 3278//1389
f 3281//1389 3580//1389 3300//1389 3282//1389
f 3285//1389 3299//1389 3682//1389 3286//1389
f 3285//1389 3284//1389 3283//1389 3282//1389
f 3275//1389 3274//1389 3678//1389 3679//1389
f 3716//2975 3326//2745 3325//2744 3717//2976
f 3281//1389 3280//1389 3279//1389 3278//1389
f 3590//2727 3718//2727 3677//2892 3591//2892
f 3719//2977 3610//2906 3613//2909 3675//2950
f 3626//2892 3676//2892 3720//2727 3627//2727
f 3674//2949 3646//2929 3649//2932 3721//2978
f 3627//2727 3720//2727 3722//2727 3659//2727
f 3721//2978 3649//2932 3670//2945 3723//2979
f 3272//2727 3714//2727 3718//2727 3590//2727
f 3717//2976 3325//2744 3610//2906 3719//2977
f 3674//2949 3644//2905 3609//2905 3675//2950
f 3626//2892 3624//2919 3589//2891 3591//2892
f 3659//2727 3722//2727 3320//1389 3679//1389
f 3723//2979 3670//2945 3287//1389 3286//1389
f 3453//2820 3452//2819 3724//2980 3725//2981
f 3455//2822 3454//2821 3726//2982 3727//2983
f 3728//2984 3729//2985 3457//2824 3456//2823
f 3460//2827 3459//2826 3730//2986 3731//2987
f 3459//2826 3458//2825 3732//2988 3730//2986
f 3451//2818 3450//2817 3733//2989 3734//2990
f 3462//2829 3461//2828 3735//2991 3736//2992
f 3445//2813 3305//2732 3737//2993 3738//1663
f 3463//2830 3462//2829 3736//2992 3739//2994
f 3270//2725 3220//2715 3740//2995 3741//2996
f 3742//2997 3199//2709 3743//2998 3744//2999
f 3201//2710 3202//2711 3745//3000 3746//3001
f 3239//2721 3747//3002 3748//3003 3749//3004
f 3322//2741 3321//2740 3750//3005 3751//3006
f 3448//2816 3447//2815 3752//3007 3753//3008
f 3465//2832 3464//2831 3754//3009 3755//3010
f 3218//2713 3742//2997 3744//2999 3756//3011
f 3205//2712 3240//2722 3757//3012 3758//3013
f 3271//2726 3270//2725 3741//2996 3759//3014
f 3747//3002 3327//2746 3760//3015 3748//3003
f 3202//2711 3205//2712 3758//3013 3745//3000
f 3305//2732 3304//2731 3761//3016 3737//2993
f 3716//2975 3323//2742 3762//3017 3763//3018
f 3219//2714 3218//2713 3756//3011 3764//3019
f 3240//2722 3239//2721 3749//3004 3757//3012
f 3461//2828 3460//2827 3731//2987 3735//2991
f 3454//2821 3453//2820 3725//2981 3726//2982
f 3464//2831 3463//2830 3739//2994 3754//3009
f 3446//2814 3445//2813 3738//1663 3765//3020
f 3321//2740 3465//2832 3755//3010 3750//3005
f 3199//2709 3201//2710 3746//3001 3743//2998
f 3304//2731 3713//2974 3766//3021 3761//3016
f 3326//2745 3716//2975 3763//3018 3767//3022
f 3725//2981 3724//2980 3768//3023 3769//3024
f 3727//2983 3726//2982 3770//3025 3771//3026
f 3730//2986 3732//2988 3772//3027 3773//3028
f 3734//2990 3733//2989 3774//3029 3775//3030
f 3736//2992 3735//2991 3776//3031 3777//3032
f 3738//1663 3737//2993 3778//2993 3779//1663
f 3739//2994 3736//2992 3777//3032 3780//3033
f 3741//2996 3740//2995 3781//2995 3782//3034
f 3746//3001 3745//3000 3783//3035 3784//3001
f 3749//3004 3748//3003 3785//3003 3786//3036
f 3751//3006 3750//3005 3787//3005 3788//3037
f 3753//3008 3752//3007 3789//3007 3790//3038
f 3755//3010 3754//3009 3791//3039 3792//3010
f 3744//2999 3793//3040 3794//3041
f 3758//3013 3757//3012 3795//3042 3796//3043
f 3759//3014 3741//2996 3797//3044 3798//3014
f 3748//3003 3760//3015 3799//3015 3785//3003
f 3745//3000 3758//3013 3796//3043 3783//3035
f 3737//2993 3761//3016 3800//3016 3778//2993
f 3763//3018 3762//3017 3801//3045 3802//3046
f 3764//3019 3756//3011 3803//3047 3804//3019
f 3757//3012 3749//3004 3786//3036 3805//3048
f 3735//2991 3731//2987 3806//3049 3776//3031
f 3726//2982 3725//2981 3769//3024 3770//3025
f 3754//3009 3739//2994 3780//3033 3791//3039
f 3765//3020 3738//1663 3779//1663 3807//3020
f 3750//3005 3755//3010 3792//3010 3787//3005
f 3743//2998 3746//3001 3784//3001 3808//3050
f 3761//3016 3766//3021 3809//3021 3800//3016
f 3767//3022 3810//3051 3811//3052
f 3775//3030 3774//3029 3812//3053 3813//3054
f 3777//3032 3776//3031 3814//3055 3815//3056
f 3779//1663 3778//2993 3816//3057 3817//3058
f 3780//3033 3777//3032 3815//3056 3818//3059
f 3782//3034 3781//2995 3819//3060 3820//3061
f 3784//3001 3783//3035 3821//3062 3822//3001
f 3786//3036 3785//3003 3823//3003 3824//3063
f 3788//3037 3787//3005 3825//3064 3826//3065
f 3790//3038 3789//3007 3827//3066 3828//3067
f 3792//3010 3791//3039 3829//3068 3830//3069
f 3796//3043 3795//3042 3831//3070 3832//3071
f 3798//3014 3797//3044 3833//3072 3834//3073
f 3785//3003 3799//3015 3835//3015 3823//3003
f 3778//2993 3800//3016 3836//3074 3816//3057
f 3802//3046 3801//3045 3837//3075 3838//3076
f 3804//3019 3803//3047 3839//3077 3840//3078
f 3805//3048 3786//3036 3824//3063 3841//3079
f 3791//3039 3780//3033 3818//3059 3829//3068
f 3807//3020 3779//1663 3817//3058 3842//3080
f 3787//3005 3792//3010 3830//3069 3825//3064
f 3800//3016 3809//3021 3843//3081 3836//3074
f 3811//3052 3810//3051 3844//3082 3845//3083
f 3771//3026 3770//3025 3846//3084 3847//3085
f 3848//3086 3849//3087 3850//3088 3851//3089
f 3773//3028 3772//3027 3852//3090 3853//3091
f 3770//3025 3769//3024 3854//3092 3846//3084
f 3847//3085 3846//3084 3855//3093 3856//3094
f 3857//3095 3858//3096 3859//3097 3860//3098
f 3851//3089 3850//3088 3861//3099 3862//3100
f 3863//3101 3864//3102 3865//3103 3866//3104
f 3846//3084 3854//3092 3867//3105 3855//3093
f 3868//3106 3869//3107 3870//3108 3871//3109
f 3872//3110 3873//3111 3874//3112 3875//3113
f 3876//3114 3877//3115 3878//3116 3879//3117
f 3869//3107 3880//3118 3881//3119 3870//3108
f 3882//3120 3869//3107 3868//3106 3883//3121
f 3873//3111 3872//3110 3884//3122 3885//3123
f 3886//3124 3877//3115 3876//3114 3887//3125
f 3888//3126 3880//3118 3869//3107 3882//3120
f 3871//3109 3870//3108 3889//3127 3890//3128
f 3875//3113 3874//3112 3891//3129 3892//3130
f 3879//3117 3878//3116 3893//3131 3894//3132
f 3870//3108 3881//3119 3895//3133 3889//3127
f 3848//3086 3851//3089 3896//3134 3897//3135
f 3851//3089 3862//3100 3898//3136 3896//3134
f 3884//3122 3872//3110 3899//3137 3900//3138
f 3901//3139 3814//3055 3776//3031 3806//3049
f 3872//3110 3875//3113 3902//3140 3899//3137
f 3875//3113 3892//3130 3903//3141 3902//3140
f 3769//3024 3768//3023 3904//3142 3905//3143
f 3854//3092 3769//3024 3905//3143 3906//3144
f 3888//3126 3907//3145 3908//3146 3909//3147
f 3880//3118 3888//3126 3909//3147 3910//3148
f 3881//3119 3880//3118 3910//3148 3911//3149
f 3912//3150 3895//3133 3913//3151 3914//3152
f 3423//1389 3357//1389 3451//2818 3452//2819
f 3452//2819 3451//2818 3734//2990 3724//2980
f 3724//2980 3734//2990 3775//3030 3768//3023
f 3768//3023 3775//3030 3813//3054 3904//3142
f 3915//3153 3916//3154 3917//3155 3918//3156
f 3919//3157 3920//3158 3921//3159 3922//3160
f 3923//3161 3924//3162 3925//3163 3926//3164
f 3916//3154 3912//3150 3927//3165 3917//3155
f 3928//3166 3919//3157 3922//3160 3929//3167
f 3912//3150 3914//3152 3930//3168 3927//3165
f 3931//3169 3882//3120 3883//3121 3932//3170
f 3886//3124 3933//3171 3934//3172 3935//3173
f 3885//3123 3884//3122 3936//3174 3937//3175
f 3886//3124 3887//3125 3938//3176 3933//3171
f 3907//3145 3888//3126 3882//3120 3931//3169
f 3936//3174 3884//3122 3900//3138 3939//3177
f 3907//3145 3940//3178 3941//3179 3908//3146
f 3942//3180 3943//3181 3944//3182 3945//3183
f 3946//3184 3947//3185 3948//3186 3949//3187
f 3947//3185 3950//3188 3951//3189 3948//3186
f 3952//3190 3953//3191 3954//3192 3955//3193
f 3956//3194 3957//3195 3958//3196 3959//3197
f 3960//3198 3961//3199 3962//3200 3963//3201
f 3948//3186 3964//3202 3965//3203 3949//3187
f 3955//3193 3966//3204 3967//3205 3968//3206
f 3969//3207 3966//3204 3955//3193 3954//3192
f 3855//3093 3970//3208 3971//3209 3856//3094
f 3972//3210 3973//3211 3974//3212 3975//3213
f 3937//3175 3936//3174 3976//3214 3977//3215
f 3867//3105 3940//3178 3970//3208 3855//3093
f 3976//3214 3936//3174 3939//3177 3978//3216
f 3867//3105 3854//3092 3906//3144 3979//3217
f 3980//3218 3981//3219 3960//3198 3963//3201
f 3982//3220 3952//3190 3955//3193 3968//3206
f 3983//3221 3984//3222 3985//3223 3986//3224
f 3987//3225 3988//3226 3964//3202 3989//3227
f 3990//3228 3957//3195 3956//3194 3969//3207
f 3991//3229 3992//3230 3993//3231 3994//3232
f 3995//3233 3996//3234 3997//3235 3998//3236
f 3999//3237 4000//3238 4001//3239 3965//3203
f 3949//3187 4002//3240 4003//3241 3946//3184
f 4004//3242 4005//3243 3992//3230 3991//3229
f 4006//3244 4007//3245 3996//3234 3995//3233
f 4000//3238 4008//3246 3961//3199 4001//3239
f 4002//3240 3960//3198 3981//3219 4003//3241
f 3860//3098 4009//3247 4010//3248 3857//3095
f 3857//3095 4010//3248 4011//3249 3994//3232
f 3991//3229 4012//3250 4013//3251 4004//3242
f 3950//3188 3982//3220 3968//3206 3951//3189
f 3951//3189 3968//3206 3967//3205 3989//3227
f 3974//3212 3859//3097 3858//3096 3975//3213
f 3975//3213 3858//3096 3993//3231 3998//3236
f 3995//3233 3992//3230 4005//3243 4006//3244
f 4014//3252 3983//3221 3986//3224 3962//3200
f 3963//3201 3944//3182 3943//3181 3980//3218
f 4015//3253 3984//3222 4016//3254 4017//3255
f 3984//3222 3983//3221 4018//3256 4016//3254
f 3983//3221 4014//3252 4019//3257 4018//3256
f 4014//3252 4008//3246 4020//3258 4019//3257
f 4008//3246 4000//3238 4021//3259 4020//3258
f 4000//3238 3999//3237 4022//3260 4021//3259
f 3999//3237 3988//3226 4023//3261 4022//3260
f 3988//3226 3987//3225 4024//3262 4023//3261
f 3987//3225 4025//3263 4026//3264 4024//3262
f 4025//3263 4027//3265 4028//3266 4026//3264
f 4027//3265 4029//3267 4030//3268 4028//3266
f 4029//3267 4015//3253 4017//3255 4030//3268
f 4017//3255 4016//3254 4031//3269 4032//3270
f 4016//3254 4018//3256 4033//3271 4031//3269
f 4018//3256 4019//3257 4034//3272 4033//3271
f 4019//3257 4020//3258 4035//3273 4034//3272
f 4020//3258 4021//3259 4036//3274 4035//3273
f 4021//3259 4022//3260 4037//3275 4036//3274
f 4022//3260 4023//3261 4038//3276 4037//3275
f 4023//3261 4024//3262 4039//3277 4038//3276
f 4024//3262 4026//3264 4040//3278 4039//3277
f 4026//3264 4028//3266 4041//3279 4040//3278
f 4028//3266 4030//3268 4042//3280 4041//3279
f 4030//3268 4017//3255 4032//3270 4042//3280
f 4013//3251 4012//3250 4043//3281 4044//3282
f 4004//3242 4013//3251 4044//3282 4045//3283
f 4005//3243 4004//3242 4045//3283 4046//3284
f 4006//3244 4005//3243 4046//3284 4047//3285
f 4007//3245 4006//3244 4047//3285 4048//3286
f 3996//3234 4007//3245 4048//3286 4049//3287
f 3972//3210 3997//3235 4050//3288 4051//3289
f 3973//3211 3972//3210 4051//3289 4052//3290
f 3974//3212 3973//3211 4052//3290 4053//3291
f 3859//3097 3974//3212 4053//3291 4054//3292
f 3860//3098 3859//3097 4054//3292 4055//3293
f 4009//3247 3860//3098 4055//3293 4056//3294
f 4010//3248 4009//3247 4056//3294 4057//3295
f 4012//3250 4011//3249 4058//3296 4043//3281
f 4044//3282 4043//3281 4059//3297 4060//3298
f 4045//3283 4044//3282 4060//3298 4061//3299
f 4046//3284 4045//3283 4061//3299 4062//3300
f 4047//3285 4046//3284 4062//3300 4063//3301
f 4048//3286 4047//3285 4063//3301 4064//3302
f 4049//3287 4048//3286 4064//3302 4065//3303
f 4051//3289 4050//3288 4066//3304 4067//3305
f 4052//3290 4051//3289 4067//3305 4068//3306
f 4053//3291 4052//3290 4068//3306 4069//3307
f 4054//3292 4053//3291 4069//3307 4070//3308
f 4055//3293 4054//3292 4070//3308 4071//3309
f 4056//3294 4055//3293 4071//3309 4072//3310
f 4057//3295 4056//3294 4072//3310 4073//3311
f 4043//3281 4058//3296 4074//3312 4059//3297
f 3935//3173 4075//3313 4076//3314 4077//3315
f 4077//3315 4076//3314 4078//3316 4079//3317
f 4079//3317 4078//3316 4080//3318 4081//3319
f 4082//3320 4083//3321 4084//3322 4085//3323
f 3933//3171 3938//3176 3865//3103 3864//3102
f 4086//3324 4029//3267 4027//3265 3966//3204
f 3961//3199 4008//3246 4014//3252 3962//3200
f 3964//3202 3988//3226 3999//3237 3965//3203
f 3966//3204 4027//3265 4025//3263 3967//3205
f 3985//3223 3945//3183 3944//3182 3986//3224
f 3964//3202 3948//3186 3951//3189 3989//3227
f 4087//3325 4015//3253 4029//3267 4086//3324
f 4001//3239 4002//3240 3949//3187 3965//3203
f 3985//3223 3984//3222 4015//3253 4087//3325
f 3961//3199 3960//3198 4002//3240 4001//3239
f 3967//3205 4025//3263 3987//3225 3989//3227
f 3986//3224 3944//3182 3963//3201 3962//3200
f 3729//2985 3728//2984 4088//3326 4089//3327
f 3958//3196 3942//3180 3945//3183 3959//3197
f 3959//3197 3945//3183 3985//3223 3956//3194
f 3956//3194 3985//3223 4087//3325 4090//3328
f 4090//3328 4087//3325 4086//3324 4091//3329
f 3969//3207 4091//3329 4086//3324 3966//3204
f 3954//3192 3953//3191 3990//3228 3969//3207
f 4091//3329 3969//3207 3956//3194 4090//3328
f 3772//3027 3953//3191 3952//3190 3852//3090
f 3852//3090 3952//3190 3982//3220 3863//3101
f 3863//3101 3982//3220 3950//3188 3864//3102
f 3864//3102 3950//3188 3947//3185 3933//3171
f 3933//3171 3947//3185 3946//3184 3934//3172
f 3934//3172 3946//3184 4003//3241 4092//3330
f 4092//3330 4003//3241 3981//3219 3932//3170
f 3932//3170 3981//3219 3980//3218 3971//3209
f 3971//3209 3980//3218 3943//3181 3856//3094
f 3856//3094 3943//3181 3942//3180 3847//3085
f 3847//3085 3942//3180 3958//3196 3771//3026
f 3771//3026 3958//3196 3957//3195 4088//3326
f 4088//3326 3957//3195 3990//3228 4089//3327
f 4089//3327 3990//3228 3953//3191 3772//3027
f 3423//1389 3424//1389 3331//1389 3360//1389
f 3940//3178 3867//3105 3979//3217 3941//3179
f 3940//3178 3907//3145 3931//3169 3970//3208
f 3970//3208 3931//3169 3932//3170 3971//3209
f 3977//3215 3976//3214 3862//3100 3861//3099
f 3862//3100 3976//3214 3978//3216 3898//3136
f 3866//3104 3853//3091 3852//3090 3863//3101
f 3731//2987 3849//3087 3848//3086 3806//3049
f 3806//3049 3848//3086 3897//3135 3901//3139
f 3889//3127 3916//3154 3915//3153 3890//3128
f 3920//3158 3919//3157 3892//3130 3891//3129
f 3893//3131 3924//3162 3923//3161 3894//3132
f 3895//3133 3912//3150 3916//3154 3889//3127
f 3892//3130 3919//3157 3928//3166 3903//3141
f 3895//3133 3881//3119 3911//3149 3913//3151
f 4083//3321 4082//3320 4081//3319 4080//3318
f 3993//3231 3858//3096 3857//3095 3994//3232
f 3997//3235 3972//3210 3975//3213 3998//3236
f 4011//3249 4012//3250 3991//3229 3994//3232
f 3993//3231 3992//3230 3995//3233 3998//3236
f 3997//3235 3996//3234 4049//3287 4050//3288
f 4011//3249 4010//3248 4057//3295 4058//3296
f 4050//3288 4049//3287 4065//3303 4066//3304
f 4058//3296 4057//3295 4073//3311 4074//3312
f 4075//3313 3883//3121 3868//3106 4076//3314
f 4077//3315 3877//3115 3886//3124 3935//3173
f 4076//3314 3868//3106 3871//3109 4078//3316
f 4079//3317 3878//3116 3877//3115 4077//3315
f 4078//3316 3871//3109 3890//3128 4080//3318
f 4081//3319 3893//3131 3878//3116 4079//3317
f 4083//3321 3915//3153 3918//3156 4084//3322
f 4085//3323 3925//3163 3924//3162 4082//3320
f 4082//3320 3924//3162 3893//3131 4081//3319
f 4080//3318 3890//3128 3915//3153 4083//3321
f 4092//3330 3932//3170 3883//3121 4075//3313
f 3934//3172 4092//3330 4075//3313 3935//3173
f 3335//2751 3333//2749 3332//1389 3336//1389
f 3337//1389 3339//1389 3338//2752 3334//2750
f 3370//2771 3373//2774 3376//2777 3371//2772
f 3372//2773 3368//2769 3367//2768 3369//2770
f 3400//2797 3403//2800 3406//2803 3401//2798
f 3402//2799 3398//2795 3397//2794 3399//2796
f 3401//2798 3406//2803 3268//2723 3421//2812
f 3230//2719 3229//2718 3398//2795 3402//2799
f 3334//2750 3338//2752 3373//2774 3370//2771
f 3369//2770 3367//2768 3333//2749 3335//2751
f 3399//2796 3397//2794 3368//2769 3372//2773
f 3371//2772 3376//2777 3403//2800 3400//2797
f 3336//1389 3332//1389 3426//1389 3427//1389
f 3428//1389 3429//1389 3339//1389 3337//1389
f 3427//1389 3426//1389 3455//2822 3456//2823
f 3457//2824 3458//2825 3429//1389 3428//1389
f 3729//2985 3732//2988 3458//2825 3457//2824
f 3456//2823 3455//2822 3727//2983 3728//2984
f 4089//3327 3772//3027 3732//2988 3729//2985
f 3421//2812 3268//2723 3175//1389 3174//1389
f 3230//2719 3421//2812 3174//1389 3231//1389
f 3231//1389 3174//1389 3176//1389 3184//1389
f 3728//2984 3727//2983 3771//3026 4088//3326
f 3172//1389 3184//1389 3183//2703 3181//2701
f 3387//2701 3389//2702 3390//2787 3388//2786
f 3417//2786 3419//2811 3420//2760 3418//2701
f 3418//2701 3420//2760 3182//2702 3181//2701
f 3422//2701 3355//2760 3389//2702 3387//2701
f 3417//2786 3415//2810 3386//2785 3388//2786
f 3422//2701 3351//2758 3350//1389 3436//1389
f 3171//1389 3231//1389 3184//1389 3172//1389
f 3256//1389 3435//1389 3352//1389 3436//1389
f 3448//2816 3450//2817 3356//1389 3449//1389
f 3224//1389 3223//1389 3446//2814 3447//2815
f 3447//2815 3446//2814 3765//3020 3752//3007
f 3753//3008 3733//2989 3450//2817 3448//2816
f 3752//3007 3765//3020 3807//3020 3789//3007
f 3790//3038 3774//3029 3733//2989 3753//3008
f 3789//3007 3807//3020 3842//3080 3827//3066
f 3828//3067 3812//3053 3774//3029 3790//3038
f 3449//1389 3356//1389 3265//1389 3264//1389
f 3264//1389 3225//1389 3224//1389 3449//1389
f 3741//2996 3782//3034 3797//3044
f 3797//3044 3782//3034 3820//3061 3833//3072
f 3767//3022 3763//3018 3802//3046 3810//3051
f 3810//3051 3802//3046 3838//3076 3844//3082
f 3820//3061 3819//3060 4093//3331 4094//3332
f 4095//3333 4096//3334 4097//3335 4098//3336
f 4099//3337 4100//3338 4101//3339 4102//3001
f 3824//3063 3823//3003 4103//3003 4104//3340
f 4105//3341 4106//3342 4107//3343
f 4108//3344 4109//3345 4110//3346 4111//3347
f 3833//3072 3820//3061 4112//3348
f 3823//3003 3835//3015 4113//3015 4103//3003
f 3840//3078 3839//3077 4106//3342 4114//3349
f 4104//3340 4115//3350 4116//3351
f 3845//3083 4117//3352 4118//3352 4119//3353
f 4094//3332 4093//3331 4120//3354 4121//3355
f 4104//3340 4103//3003 4122//3003 4123//3356
f 4106//3342 4105//3341 4124//3357 4125//3358
f 4126//3359 4127//3360 4128//3361 4129//3362
f 4130//3363 4094//3332 4121//3355 4131//3364
f 4103//3003 4113//3015 4132//3015 4122//3003
f 4133//3365 4134//3366 4135//3367 4136//3368
f 4114//3349 4106//3342 4125//3358 4137//3369
f 4104//3340 4123//3356 4129//3362 4115//3350
f 4138//3370 4139//3371 4140//3372 4141//3373
f 4119//3353 4118//3352 4142//3374 4143//3353
f 4144//3375 4145//3376 4146//3376 4147//3377
f 4146//3376 4145//3376 4148//3378 4149//3379
f 4150//3380 4151//3381 4152//3382 4153//3383
f 4154//3384 4155//3385 4156//3386 4157//3387
f 4106//3342 3839//3077 4158//3388 4107//3343
f 4147//3377 4159//3389 4160//3389 4144//3375
f 4097//3335 4161//3390 4162//3391 4098//3336
f 4102//3001 3822//3001 3821//3062 4099//3337
f 4110//3346 3832//3071 3831//3070 4111//3347
f 4156//3386 4163//3392 4164//3393 4157//3387
f 3841//3079 3824//3063 4104//3340 4116//3351
f 3744//2999 3743//2998 3808//3050 3793//3040
f 3793//3040 3808//3050 4165//3394 4162//3391
f 4162//3391 4165//3394 4166//3395 4098//3336
f 4098//3336 4166//3395 4167//3396 4095//3333
f 4148//3378 4168//3397 4169//3398 4149//3379
f 3831//3070 4170//3399 4171//3400 4111//3347
f 4111//3347 4171//3400 4172//3401 4108//3344
f 4152//3382 4155//3385 4154//3384 4153//3383
f 4115//3350 4129//3362 4173//3402
f 4174//3403 4175//3404 4124//3357 4176//3405
f 4177//3406 4178//3407 4175//3404 4140//3372
f 4101//3339 4167//3396 4166//3395 4102//3001
f 4102//3001 4166//3395 4165//3394 3822//3001
f 3822//3001 4165//3394 3808//3050 3784//3001
f 3783//3035 3796//3043 3832//3071 3821//3062
f 3821//3062 3832//3071 4110//3346 4099//3337
f 4099//3337 4110//3346 4109//3345 4100//3338
f 4179//3408 4128//3361 4136//3368 4180//3409
f 4161//3390 4097//3335 4181//3410 4182//3411
f 4097//3335 4096//3334 4183//3412 4181//3410
f 4096//3334 4095//3333 4184//3413 4183//3412
f 4095//3333 4167//3396 4185//3414 4184//3413
f 4167//3396 4101//3339 4186//3415 4185//3414
f 4187//3416 4188//3417 4189//3418 4190//3419
f 4188//3417 4191//3420 4192//3421 4189//3418
f 4191//3420 4193//3422 4194//3423 4192//3421
f 4193//3422 4195//3424 4196//3425 4194//3423
f 4195//3424 4197//3426 4198//3427 4196//3425
f 4197//3426 4199//3428 4200//3429 4198//3427
f 4171//3400 4170//3399 4201//3430 4202//3431
f 4203//3432 4204//3433 4205//3434 4206//3435
f 4204//3433 4207//3436 4208//3437 4205//3434
f 4207//3436 4209//3438 4210//3439 4208//3437
f 4209//3438 4211//3440 4212//3441 4210//3439
f 4211//3440 4213//3442 4214//3443 4212//3441
f 4213//3442 4215//3444 4216//3445 4214//3443
f 4100//3338 4109//3345 4217//3446 4218//3447
f 4109//3345 4108//3344 4219//3448 4217//3446
f 4108//3344 4172//3401 4220//3449 4219//3448
f 4172//3401 4171//3400 4202//3431 4220//3449
f 4182//3411 4181//3410 4221//3450 4222//3451
f 4181//3410 4183//3412 4223//3452 4221//3450
f 4183//3412 4184//3413 4224//3453 4223//3452
f 4184//3413 4185//3414 4225//3454 4224//3453
f 4185//3414 4186//3415 4226//3455 4225//3454
f 4190//3419 4189//3418 4227//3418 4228//3419
f 4189//3418 4192//3421 4229//3456 4227//3418
f 4192//3421 4194//3423 4230//3457 4229//3456
f 4194//3423 4196//3425 4231//3458 4230//3457
f 4196//3425 4198//3427 4232//3459 4231//3458
f 4198//3427 4200//3429 4233//3460 4232//3459
f 4202//3431 4201//3430 4234//3461 4235//3462
f 4206//3435 4205//3434 4236//3463 4237//3464
f 4205//3434 4208//3437 4238//3465 4236//3463
f 4208//3437 4210//3439 4239//3466 4238//3465
f 4210//3439 4212//3441 4240//3467 4239//3466
f 4212//3441 4214//3443 4241//3443 4240//3467
f 4214//3443 4216//3445 4242//3445 4241//3443
f 4218//3447 4217//3446 4243//3468 4244//3469
f 4217//3446 4219//3448 4245//3470 4243//3468
f 4219//3448 4220//3449 4246//3471 4245//3470
f 4220//3449 4202//3431 4235//3462 4246//3471
f 4158//3388 4199//3428 4197//3426 4107//3343
f 4107//3343 4197//3426 4195//3424 4105//3341
f 4105//3341 4195//3424 4193//3422 4176//3405
f 4176//3405 4193//3422 4191//3420 4174//3403
f 4174//3403 4191//3420 4188//3417 4141//3373
f 4141//3373 4188//3417 4187//3416 4138//3370
f 4247//3367 4215//3444 4213//3442 4180//3409
f 4180//3409 4213//3442 4211//3440 4179//3408
f 4179//3408 4211//3440 4209//3438 4173//3402
f 4173//3402 4209//3438 4207//3436 4115//3350
f 4115//3350 4207//3436 4204//3433 4116//3351
f 4116//3351 4204//3433 4203//3432 3841//3079
f 4158//3388 3839//3077 3803//3047 3794//3041
f 3794//3041 3803//3047 3756//3011 3744//2999
f 3793//3040 4162//3391 4161//3390 4248//3472
f 4249//3473 4199//3428 4158//3388 3794//3041
f 3794//3041 3793//3040 4248//3472 4249//3473
f 3805//3048 3795//3042 3757//3012
f 4101//3339 4100//3338 4218//3447 4186//3415
f 4186//3415 4218//3447 4244//3469 4226//3455
f 4187//3416 4190//3419 4250//3474 4138//3370
f 4190//3419 4228//3419 4250//3474
f 4138//3370 4250//3474 4251//3475 4139//3371
f 4216//3445 4215//3444 4247//3367 4252//3476
f 4253//3477 4242//3445 4252//3476 4254//3476
f 4252//3476 4247//3367 4135//3367 4255//3476
f 4254//3476 4252//3476 4255//3476 4256//3476
f 4221//3450 4257//3478 4258//3479 4222//3451
f 4223//3452 4259//3480 4257//3478 4221//3450
f 4224//3453 4260//3481 4259//3480 4223//3452
f 4225//3454 4261//3482 4260//3481 4224//3453
f 4226//3455 4262//3483 4261//3482 4225//3454
f 4227//3418 4263//3418 4264//3419 4228//3419
f 4229//3456 4265//3484 4263//3418 4227//3418
f 4230//3457 4266//3485 4265//3484 4229//3456
f 4231//3458 4267//3486 4266//3485 4230//3457
f 4232//3459 4268//3487 4267//3486 4231//3458
f 4233//3460 4269//3488 4268//3487 4232//3459
f 4234//3461 4270//3489 4271//3490 4235//3462
f 4236//3463 4272//3491 4273//3492 4237//3464
f 4238//3465 4274//3493 4272//3491 4236//3463
f 4239//3466 4275//3494 4274//3493 4238//3465
f 4240//3467 4276//3495 4275//3494 4239//3466
f 4241//3443 4277//3496 4276//3495 4240//3467
f 4242//3445 4253//3477 4277//3496 4241//3443
f 4245//3470 4278//3497 4279//3498 4243//3468
f 4246//3471 4280//3499 4278//3497 4245//3470
f 4235//3462 4271//3490 4280//3499 4246//3471
f 4228//3419 4264//3419 4281//3500 4250//3474
f 4250//3474 4281//3500 4282//3501 4251//3475
f 4242//3445 4216//3445 4252//3476
f 4283//3502 4170//3399 3831//3070 3795//3042
f 3805//3048 3841//3079 4203//3432 4284//3503
f 4283//3502 4284//3503 4285//3504 4286//3505
f 4286//3505 4285//3504 4287//3506 4288//3507
f 4287//3506 4289//3508 4290//3509 4288//3507
f 4201//3430 4170//3399 4283//3502 4286//3505
f 4203//3432 4206//3435 4285//3504 4284//3503
f 4164//3393 4163//3392 4291//3510 4292//3510
f 4234//3461 4201//3430 4286//3505 4288//3507
f 4206//3435 4237//3464 4287//3506 4285//3504
f 4270//3489 4234//3461 4288//3507 4290//3509
f 4237//3464 4273//3492 4289//3508 4287//3506
f 4249//3473 4248//3472 4293//3511 4294//3512
f 4294//3512 4293//3511 4295//3513 4296//3514
f 4295//3513 4297//3515 4298//3516 4296//3514
f 4200//3429 4199//3428 4249//3473 4294//3512
f 4161//3390 4182//3411 4293//3511 4248//3472
f 4160//3389 4159//3389 4299//3517 4300//3517
f 4233//3460 4200//3429 4294//3512 4296//3514
f 4182//3411 4222//3451 4295//3513 4293//3511
f 4269//3488 4233//3460 4296//3514 4298//3516
f 4222//3451 4258//3479 4297//3515 4295//3513
f 4137//3369 4301//3518 4302//3519 4120//3354
f 4124//3357 4105//3341 4176//3405
f 4124//3357 4303//3520 4304//3521 4125//3358
f 4121//3355 4305//3522 4306//3523 4131//3364
f 4125//3358 4304//3521 4301//3518 4137//3369
f 4139//3371 4307//3524 4177//3406 4140//3372
f 4175//3404 4178//3407 4303//3520 4124//3357
f 4175//3404 4174//3403 4141//3373 4140//3372
f 4251//3475 4308//3525 4307//3524 4139//3371
f 4282//3501 4309//3526 4308//3525 4251//3475
f 4122//3003 4310//3527 4311//3528 4123//3356
f 4128//3361 4179//3408 4173//3402 4129//3362
f 4143//3353 4312//3529 4313//3530 4132//3015
f 4135//3367 4247//3367 4180//3409 4136//3368
f 4123//3356 4311//3528 4126//3359 4129//3362
f 4142//3374 4314//3531 4312//3529 4143//3353
f 4128//3361 4127//3360 4133//3365 4136//3368
f 4135//3367 4134//3366 4315//3532 4255//3476
f 4255//3476 4315//3532 4316//3533 4256//3476
f 3805//3048 4284//3503 4283//3502 3795//3042
f 4317//3534 4318//3534 4319//3534 4320//3534
f 4244//3469 4243//3468 4279//3498 4321//3535
f 4226//3455 4244//3469 4321//3535 4262//3483
f 4322//3536 4323//3536 4317//3536 4324//3536
f 4168//3397 4322//3536 4324//3536 4169//3398
f 4325//3537 4151//3381 4150//3380 4326//3538
f 4327//3539 4325//3537 4326//3538 4328//3540
f 4328//3540 4329//3541 4330//3541 4327//3539
f 3820//3061 4094//3332 4130//3363 4112//3348
f 3845//3083 3844//3082 4117//3352
f 4331//1389 4332//1389 4333//1389 4334//1389
f 3731//2987 3730//2986 3773//3028 3849//3087
f 3849//3087 3773//3028 3853//3091 3850//3088
f 3850//3088 3853//3091 3866//3104 3861//3099
f 3861//3099 3866//3104 3865//3103 3977//3215
f 3977//3215 3865//3103 3938//3176 3937//3175
f 3937//3175 3938//3176 3887//3125 3885//3123
f 3885//3123 3887//3125 3876//3114 3873//3111
f 3873//3111 3876//3114 3879//3117 3874//3112
f 3874//3112 3879//3117 3894//3132 3891//3129
f 3891//3129 3894//3132 3923//3161 3920//3158
f 3920//3158 3923//3161 3926//3164 3921//3159
f 3196//1389 3199//2709 3742//2997 3197//1389
f 3196//1389 3195//2707 3582//2884 3200//1389
f 3203//1389 3583//2885 3302//2729 3204//1389
f 3220//2715 3270//2725 3273//2728 3221//1389
f 3241//1389 3303//2730 3325//2744 3242//1389
f 3241//1389 3240//2722 3205//2712 3204//1389
f 3197//1389 3742//2997 3218//2713 3221//1389
f 3327//2746 3747//3002 3239//2721 3242//1389
f 3203//1389 3202//2711 3201//2710 3200//1389
f 3220//2715 3219//2714 3764//3019 3740//2995
f 3327//2746 3326//2745 3767//3022 3760//3015
f 3740//2995 3764//3019 3804//3019 3781//2995
f 3760//3015 3767//3022 3811//3052 3799//3015
f 3781//2995 3804//3019 3840//3078 3819//3060
f 3799//3015 3811//3052 3845//3083 3835//3015
f 3819//3060 3840//3078 4114//3349 4093//3331
f 3835//3015 3845//3083 4119//3353 4113//3015
f 4093//3331 4114//3349 4137//3369 4120//3354
f 4113//3015 4119//3353 4143//3353 4132//3015
f 4302//3519 4305//3522 4121//3355 4120//3354
f 4313//3530 4310//3527 4122//3003 4132//3015
f 4311//3528 4310//3527 4313//3530 4335//3542
f 4133//3365 4127//3360 4336//3543 4337//3544
f 4126//3359 4311//3528 4335//3542 4338//3545
f 4127//3360 4126//3359 4338//3545 4336//3543
f 4335//3542 4313//3530 4312//3529 4339//3546
f 4338//3545 4335//3542 4339//3546 4340//3547
f 4339//3546 4312//3529 4314//3531 4341//3548
f 4340//3547 4339//3546 4341//3548 4342//3549
f 4303//3520 4178//3407 4343//3550 4344//3551
f 4304//3521 4303//3520 4344//3551 4345//3552
f 4301//3518 4304//3521 4345//3552 4302//3519
f 4178//3407 4177//3406 4346//3553 4343//3550
f 4345//3552 4344//3551 4347//3554 4348//3555
f 4302//3519 4345//3552 4348//3555 4305//3522
f 4348//3555 4347//3554 4349//3556 4350//3557
f 4305//3522 4348//3555 4350//3557 4306//3523
f 4337//3544 4336//3543 4351//3558 4352//3559
f 4336//3543 4338//3545 4340//3547 4351//3558
f 4315//3532 4337//3544 4352//3559 4316//3533
f 4315//3532 4134//3366 4133//3365 4337//3544
f 4177//3406 4307//3524 4308//3525 4346//3553
f 4344//3551 4343//3550 4353//3560 4347//3554
f 4343//3550 4346//3553 4354//3561 4353//3560
f 4346//3553 4308//3525 4309//3526 4354//3561
f 3299//1389 3285//1389 3282//1389 3300//1389
f 3319//1389 3275//1389 3679//1389 3320//1389
f 3323//2742 3716//2975 3717//2976 3324//2743
f 3580//1389 3281//1389 3278//1389 3581//1389
f 3608//2743 3719//2977 3675//2950 3609//2905
f 3644//2905 3674//2949 3721//2978 3645//2928
f 3645//2928 3721//2978 3723//2979 3668//2928
f 3324//2743 3717//2976 3719//2977 3608//2743
f 3676//2892 3626//2892 3591//2892 3677//2892
f 3668//2928 3723//2979 3286//1389 3682//1389
f 3713//2974 3304//2731 3307//2733 3714//2727
f 3319//1389 3318//1389 3680//1389 3715//1389
f 3715//1389 3680//1389 3578//1389 3581//1389
f 3580//1389 3579//1389 3301//1389 3300//1389
f 3299//1389 3298//1389 3681//1389 3682//1389
f 3718//2727 3592//2893 3595//2895 3677//2892
f 3676//2892 3628//2921 3631//2733 3720//2727
f 3720//2727 3631//2733 3661//2893 3722//2727
f 3714//2727 3307//2733 3592//2893 3718//2727
f 3644//2905 3642//2926 3607//2904 3609//2905
f 3722//2727 3661//2893 3317//1389 3320//1389
f 3323//2742 3322//2741 3751//3006 3762//3017
f 3713//2974 3271//2726 3759//3014 3766//3021
f 3762//3017 3751//3006 3788//3037 3801//3045
f 3766//3021 3759//3014 3798//3014 3809//3021
f 3801//3045 3788//3037 3826//3065 3837//3075
f 3809//3021 3798//3014 3834//3073 3843//3081
f 3815//3056 3814//3055 4355//3562 4356//1566
f 3818//3059 3815//3056 4356//1566 4357//1566
f 3826//3065 3825//3064 4358//1566 4359//1566
f 3830//3069 3829//3068 4360//1566 4361//1566
f 3837//3075 3826//3065 4359//1566 4362//1566
f 3829//3068 3818//3059 4357//1566 4360//1566
f 3825//3064 3830//3069 4361//1566 4358//1566
f 3844//3082 3838//3076 4363//1566 4364//3563
f 4117//3352 3844//3082 4364//3563 4365//1559
f 4118//3352 4117//3352 4365//1559 4366//1559
f 3838//3076 3837//3075 4362//1566 4363//1566
f 4142//3374 4118//3352 4366//1559 4367//3564
f 4314//3531 4142//3374 4367//3564 4341//3548
f 3897//3135 3896//3134 4368//3565 4369//3566
f 3939//3177 3900//3138 4370//3567 4371//3568
f 3900//3138 3899//3137 3902//3140 4370//3567
f 3901//3139 3897//3135 4369//3566 4372//3569
f 3978//3216 3939//3177 4371//3568 4373//3570
f 3898//3136 3978//3216 4373//3570 4374//3571
f 3896//3134 3898//3136 4374//3571 4368//3565
f 3814//3055 3901//3139 4372//3569 4355//3562
f 3903//3141 3928//3166 3929//3167 4375//3572
f 3902//3140 3903//3141 4375//3572 4370//3567
f 3813//3054 3812//3053 4376//3573 4377//3574
f 3817//3058 3816//3057 4378//1566 4379//1566
f 3827//3066 3842//3080 4380//1566 4381//1566
f 3816//3057 3836//3074 4382//1566 4378//1566
f 3842//3080 3817//3058 4379//1566 4380//1566
f 3843//3081 3834//3073 4383//1566 4384//1566
f 3904//3142 3813//3054 4377//3574 4385//3575
f 3905//3143 3904//3142 4385//3575 4386//3576
f 3828//3067 3827//3066 4381//1566 4387//3577
f 3812//3053 3828//3067 4387//3577 4376//3573
f 3834//3073 3833//3072 4388//3578 4383//1566
f 4112//3348 4130//3363 4389//1559 4390//1559
f 4131//3364 4306//3523 4350//3557 4391//3579
f 4130//3363 4131//3364 4391//3579 4389//1559
f 3833//3072 4112//3348 4390//1559 4388//3578
f 3836//3074 3843//3081 4384//1566 4382//1566
f 3911//3149 3910//3148 3909//3147 4392//3580
f 3913//3151 3911//3149 4392//3580 4393//3581
f 3914//3152 3913//3151 4393//3581 3930//3168
f 3906//3144 3905//3143 4386//3576 4394//3582
f 3979//3217 3906//3144 4394//3582 4395//3583
f 3909//3147 3908//3146 4396//3584 4392//3580
f 3941//3179 3979//3217 4395//3583 4397//3585
f 3908//3146 3941//3179 4397//3585 4396//3584
f 4398//1389 4399//1389 4400//1389 4401//1389
f 4402//1389 4403//1389 4399//1389 4398//1389
f 4404//1389 4405//1389 4401//1389 4400//1389
f 4399//1389 4406//1389 4407//1389 4400//1389
f 4401//1389 4408//1389 4409//1389 4398//1389
f 4403//1389 4410//1389 4406//1389 4399//1389
f 4398//1389 4409//1389 4411//1389 4402//1389
f 4405//1389 4412//1389 4408//1389 4401//1389
f 4400//1389 4407//1389 4413//1389 4404//1389
f 4414//3586 4415//3587 4416//3588 4417//3589
f 4418//3590 4419//3591 4420//3592 4421//3593
f 4422//3594 4423//3595 4424//3596 4425//3597
f 4426//3598 4427//3599 4428//3600 4429//3601
f 4430//3602 4418//3590 4421//3593 4431//3593
f 4423//3595 4430//3602 4431//3593 4424//3596
f 4432//3598 4426//3598 4429//3601 4433//3601
f 4415//3587 4432//3598 4433//3601 4416//3588
f 4434//3586 4414//3586 4417//3589 4435//3589
f 4419//3591 4434//3586 4435//3589 4420//3592
f 4436//3594 4422//3594 4425//3597 4437//3597
f 4427//3599 4436//3594 4437//3597 4428//3600
f 4417//3589 4416//3588 4438//3588 4439//3589
f 4421//3593 4420//3592 4440//3592 4441//3593
f 4425//3597 4424//3596 4442//3596 4443//3597
f 4429//3601 4428//3600 4444//3600 4445//3601
f 4431//3593 4421//3593 4441//3593 4446//3593
f 4424//3596 4431//3593 4446//3593 4442//3596
f 4433//3601 4429//3601 4445//3601 4447//3601
f 4416//3588 4433//3601 4447//3601 4438//3588
f 4435//3589 4417//3589 4439//3589 4448//3589
f 4420//3592 4435//3589 4448//3589 4440//3592
f 4437//3597 4425//3597 4443//3597 4449//3597
f 4428//3600 4437//3597 4449//3597 4444//3600
f 4415//3587 4414//3586 4404//1389 4413//1389
f 4414//3586 4434//3586 4405//1389 4404//1389
f 4434//3586 4419//3591 4412//1389 4405//1389
f 4419//3591 4418//3590 4408//1389 4412//1389
f 4418//3590 4430//3602 4409//1389 4408//1389
f 4430//3602 4423//3595 4411//1389 4409//1389
f 4423//3595 4422//3594 4402//1389 4411//1389
f 4422//3594 4436//3594 4403//1389 4402//1389
f 4436//3594 4427//3599 4410//1389 4403//1389
f 4427//3599 4426//3598 4406//1389 4410//1389
f 4426//3598 4432//3598 4407//1389 4406//1389
f 4432//3598 4415//3587 4413//1389 4407//1389
f 4450//3603 4451//3604 4452//3605 4453//3606
f 4454//3607 4455//3608 4456//3609 4457//3610
f 4458//3611 4459//3612 4460//3613 4461//3614
f 4462//3615 4463//3616 4464//3617 4465//3618
f 4466//3619 4467//3620 4468//3621 4469//3622
f 4455//3608 4470//3623 4471//3624 4456//3609
f 4472//3625 4473//3626 4474//3627 4475//3628
f 4476//3629 4477//3630 4478//3631 4479//3632
f 4480//3633 4481//3634 4482//3635 4483//3636
f 4484//3637 4485//3638 4486//3639 4487//3640
f 4488//3641 4489//3642 4490//3643 4491//3644
f 4492//3645 4493//3646 4458//3611 4461//3614
f 4494//3647 4495//3648 4496//3649 4497//3650
f 4498//3651 4499//3652 4500//3653 4501//3654
f 4501//3654 4500//3653 4502//3655 4503//3656
f 4504//3657 4505//3658 4506//3659 4507//3660
f 4508//3661 4504//3657 4507//3660 4509//3662
f 4510//3663 4511//3664 4512//3665 4513//3666
f 4514//3667 4515//3668 4516//3669 4517//3670
f 4518//3671 4495//3648 4494//3647 4519//3672
f 4513//3666 4512//3665 4520//3673 4521//3674
f 4522//3675 4523//3676 4524//3677 4525//3678
f 4526//3679 4527//3680 4528//3681 4529//3682
f 4530//3683 4531//3684 4532//3685
f 4471//3624 4470//3623 4533//3686 4534//3687
f 4535//3688 4536//3689 4537//3690 4538//3691
f 4537//3690 4536//3689 4539//3692 4540//3693
f 4541//3694 4542//3695 4543//3696 4544//3697
f 4543//3696 4542//3695 4545//3698 4546//3699
f 4546//3699 4545//3698 4547//3700 4548//3701
f 4549//3702 4550//3703 4551//3704 4552//3705
f 4553//3706 4462//3615 4465//3618 4554//3707
f 4555//3708 4556//3709 4557//3710 4558//3711
f 4559//3712 4560//3713 4561//3714 4562//3715
f 4563//3716 4561//3714 4564//3717 4565//3718
f 4491//3644 4490//3643 4566//3719
f 4533//3686 4567//3720 4568//3721 4534//3687
f 4569//3722 4570//3723 4555//3708 4558//3711
f 4571//3724 4572//3725 4573//3726 4574//3727
f 4574//3727 4573//3726 4575//3728 4576//3729
f 4577//3730 4578//3731 4579//3732 4580//3733
f 4557//3710 4556//3709 4581//3734 4562//3715
f 4581//3734 4556//3709 4582//3735 4469//3622
f 4499//3652 4583//3736 4584//3737 4500//3653
f 4500//3653 4584//3737 4585//3738 4502//3655
f 4586//3739 4587//3740 4588//3741 4589//3742
f 4590//3743 4591//3744 4592//3745 4593//3746
f 4594//3747 4595//3748 4596//3749 4597//3750
f 4590//3743 4598//3751 4599//3752 4591//3744
f 4600//3753 4601//3754 4598//3751 4590//3743
f 4602//3755 4603//3756 4604//3757 4605//3758
f 4587//3740 4606//3759 4607//3760 4588//3741
f 4608//3761 4609//3762 4610//3763 4611//3764
f 4612//3765 4613//3766 4603//3756 4602//3755
f 4610//3763 4606//3759 4587//3740 4611//3764
f 4576//3729 4520//3673 4512//3665 4574//3727
f 4574//3727 4512//3665 4511//3664 4571//3724
f 4605//3758 4604//3757 4601//3754 4600//3753
f 4596//3749 4609//3762 4608//3761 4597//3750
f 4583//3736 4575//3728 4573//3726 4584//3737
f 4584//3737 4573//3726 4572//3725 4585//3738
f 4458//3611 4493//3646 4614//3767 4615//3768
f 4616//3769 4520//3673 4576//3729 4617//3770
f 4617//3770 4576//3729 4575//3728 4618//3771
f 4618//3771 4575//3728 4583//3736 4619//3772
f 4619//3772 4583//3736 4499//3652 4620//3773
f 4621//3774 4622//3775 4623//3776 4624//3777
f 4623//3776 4622//3775 4625//3778 4626//3779
f 4626//3779 4625//3778 4627//3780 4628//3781
f 4628//3781 4627//3780 4629//3782 4630//3783
f 4630//3783 4629//3782 4631//3784 4632//3785
f 4632//3785 4631//3784 4633//3786 4634//3787
f 4615//3768 4614//3767 4635//3788 4636//3789
f 4637//3790 4616//3769 4587//3740 4586//3739
f 4587//3740 4616//3769 4617//3770 4611//3764
f 4611//3764 4617//3770 4618//3771 4608//3761
f 4608//3761 4618//3771 4619//3772 4597//3750
f 4597//3750 4619//3772 4620//3773 4594//3747
f 4594//3747 4620//3773 4638//3791 4639//3792
f 4640//3793 4641//3794 4642//3795 4643//3796
f 4624//3777 4623//3776 4590//3743 4593//3746
f 4590//3743 4623//3776 4626//3779 4600//3753
f 4600//3753 4626//3779 4628//3781 4605//3758
f 4605//3758 4628//3781 4630//3783 4602//3755
f 4602//3755 4630//3783 4632//3785 4612//3765
f 4612//3765 4632//3785 4634//3787 4644//3797
f 4641//3794 4640//3793 4645//3798 4646//3799
f 4638//3791 4620//3773 4499//3652 4498//3651
f 4521//3674 4520//3673 4616//3769 4637//3790
f 4647//3800 4613//3766 4612//3765 4648//3801
f 4648//3801 4612//3765 4644//3797 4649//3802
f 4650//3803 4651//3804 4652//3805 4653//3806
f 4653//3806 4652//3805 4654//3807 4459//3612
f 4459//3612 4458//3611 4615//3768 4653//3806
f 4653//3806 4615//3768 4636//3789 4650//3803
f 4589//3742 4588//3741 4648//3801 4649//3802
f 4648//3801 4588//3741 4607//3760 4647//3800
f 4599//3752 4655//3808 4656//3809 4591//3744
f 4591//3744 4656//3809 4657//3810 4592//3745
f 4643//3796 4658//3811 4659//3812 4640//3793
f 4640//3793 4659//3812 4660//3813 4645//3798
f 4655//3808 4595//3748 4594//3747 4656//3809
f 4656//3809 4594//3747 4639//3792 4657//3810
f 4658//3811 4661//3814 4662//3815 4659//3812
f 4659//3812 4662//3815 4663//3816 4660//3813
f 4529//3682 4528//3681 4664//3817 4665//3818
f 4666//3819 4484//3637 4667//3820 4668//3821
f 4478//3631 4667//3820 4669//3822 4479//3632
f 4670//3823 4671//3824 4672//3825 4673//3826
f 4674//3827 4675//3828 4676//3829 4677//3830
f 4677//3830 4676//3829 4678//3831 4679//3832
f 4680//3833 4681//3834 4682//3835 4683//3836
f 4683//3836 4682//3835 4560//3713 4684//3837
f 4684//3837 4560//3713 4559//3712 4685//3838
f 4686//3839 4687//3840 4468//3621 4688//3841
f 4689//3842 4690//3843 4691//3844 4692//3845
f 4693//3846 4660//3813 4663//3816 4694//3847
f 4663//3816 4509//3662 4507//3660 4694//3847
f 4694//3847 4507//3660 4506//3659 4695//3848
f 4696//3849 4697//3850 4698//3851 4699//3852
f 4699//3852 4698//3851 4700//3853 4701//3854
f 4525//3678 4702//3855 4703//3856 4522//3675
f 4497//3650 4704//3857 4705//3858 4494//3647
f 4494//3647 4705//3858 4706//3859 4519//3672
f 4707//3860 4708//3861 4709//3862 4710//3863
f 4711//3864 4712//3865 4713//3866 4708//3861
f 4714//3867 4713//3866 4715//3868 4716//3869
f 4716//3869 4715//3868 4717//3870 4718//3871
f 4719//3872 4720//3873 4721//3874 4722//3875
f 4723//3876 4724//3877 4725//3878 4726//3879
f 4727//3880 4728//3881 4729//3882 4730//3883
f 4731//3884 4732//3885 4733//3886 4734//3887
f 4735//3888 4736//3889 4737//3890 4738//3891
f 4738//3891 4737//3890 4739//3892 4668//3821
f 4666//3819 4740//3893 4741//3894 4483//3636
f 4487//3640 4742//3895 4743//3896 4669//3822
f 4479//3632 4744//3897 4745//3898 4476//3629
f 4517//3670 4516//3669 4493//3646 4492//3645
f 4746//3899 4747//3900 4748//3901 4749//3902
f 4750//3903 4751//3904 4752//3905 4753//3906
f 4754//3907 4755//3908 4756//3909 4757//3910
f 4750//3903 4758//3911 4759//3912 4751//3904
f 4760//3913 4761//3914 4758//3911 4750//3903
f 4762//3915 4763//3916 4764//3917 4765//3918
f 4747//3900 4766//3919 4767//3920 4748//3901
f 4768//3921 4769//3922 4770//3923 4771//3924
f 4772//3925 4773//3926 4763//3916 4762//3915
f 4770//3923 4766//3919 4747//3900 4771//3924
f 4765//3918 4764//3917 4761//3914 4760//3913
f 4756//3909 4769//3922 4768//3921 4757//3910
f 4774//3927 4654//3807 4775//3928 4776//3929
f 4777//3930 4631//3784 4629//3782 4778//3931
f 4778//3931 4629//3782 4627//3780 4779//3932
f 4779//3932 4627//3780 4625//3778 4780//3933
f 4780//3933 4625//3778 4622//3775 4781//3934
f 4467//3620 4466//3619 4782//3935 4783//3936
f 4782//3935 4466//3619 4784//3937 4785//3938
f 4785//3938 4784//3937 4786//3939 4787//3940
f 4787//3940 4786//3939 4578//3731 4788//3941
f 4788//3941 4578//3731 4577//3730 4789//3942
f 4789//3942 4577//3730 4530//3683 4790//3943
f 4776//3929 4775//3928 4791//3944 4792//3945
f 4793//3946 4777//3930 4747//3900 4746//3899
f 4747//3900 4777//3930 4778//3931 4771//3924
f 4771//3924 4778//3931 4779//3932 4768//3921
f 4768//3921 4779//3932 4780//3933 4757//3910
f 4757//3910 4780//3933 4781//3934 4754//3907
f 4754//3907 4781//3934 4794//3947 4795//3948
f 4796//3949 4797//3950 4798//3951 4799//3952
f 4783//3936 4782//3935 4750//3903 4753//3906
f 4750//3903 4782//3935 4785//3938 4760//3913
f 4760//3913 4785//3938 4787//3940 4765//3918
f 4765//3918 4787//3940 4788//3941 4762//3915
f 4762//3915 4788//3941 4789//3942 4772//3925
f 4772//3925 4789//3942 4790//3943 4800//3953
f 4797//3950 4796//3949 4691//3844 4690//3843
f 4794//3947 4781//3934 4622//3775 4621//3774
f 4633//3786 4631//3784 4777//3930 4793//3946
f 4801//3954 4773//3926 4772//3925 4802//3955
f 4802//3955 4772//3925 4800//3953 4803//3956
f 4804//3957 4805//3958 4806//3959 4807//3960
f 4807//3960 4806//3959 4532//3685 4808//3961
f 4808//3961 4774//3927 4776//3929 4807//3960
f 4807//3960 4776//3929 4792//3945 4804//3957
f 4749//3902 4748//3901 4802//3955 4803//3956
f 4802//3955 4748//3901 4767//3920 4801//3954
f 4759//3912 4809//3962 4810//3963 4751//3904
f 4751//3904 4810//3963 4811//3964 4752//3905
f 4799//3952 4812//3965 4813//3966 4796//3949
f 4796//3949 4813//3966 4814//3967 4691//3844
f 4809//3962 4755//3908 4754//3907 4810//3963
f 4810//3963 4754//3907 4795//3948 4811//3964
f 4812//3965 4815//3968 4816//3969 4813//3966
f 4813//3966 4816//3969 4646//3799 4814//3967
f 4814//3967 4646//3799 4645//3798 4817//3970
f 4774//3927 4808//3961 4818//3971 4460//3613
f 4819//3972 4820//3973 4821//3974 4822//3975
f 4463//3616 4823//3976 4824//3977 4464//3617
f 4468//3621 4687//3840 4581//3734 4469//3622
f 4580//3733 4555//3708 4570//3723 4531//3684
f 4539//3692 4825//3978 4826//3979 4540//3693
f 4582//3735 4556//3709 4555//3708 4580//3733
f 4582//3735 4827//3980 4828//3981 4469//3622
f 4468//3621 4690//3843 4689//3842 4688//3841
f 4531//3684 4570//3723 4728//3881 4725//3878
f 4530//3683 4532//3685 4806//3959 4790//3943
f 4790//3943 4806//3959 4805//3958 4800//3953
f 4800//3953 4805//3958 4804//3957 4803//3956
f 4803//3956 4804//3957 4792//3945 4749//3902
f 4749//3902 4792//3945 4791//3944 4746//3899
f 4746//3899 4791//3944 4775//3928 4793//3946
f 4793//3946 4775//3928 4654//3807 4633//3786
f 4633//3786 4654//3807 4652//3805 4634//3787
f 4634//3787 4652//3805 4651//3804 4644//3797
f 4644//3797 4651//3804 4650//3803 4649//3802
f 4649//3802 4650//3803 4636//3789 4589//3742
f 4589//3742 4636//3789 4635//3788 4586//3739
f 4586//3739 4635//3788 4614//3767 4637//3790
f 4637//3790 4614//3767 4493//3646 4521//3674
f 4521//3674 4493//3646 4516//3669 4513//3666
f 4513//3666 4516//3669 4515//3668 4510//3663
f 4503//3656 4508//3661 4509//3662 4501//3654
f 4501//3654 4509//3662 4663//3816 4498//3651
f 4498//3651 4663//3816 4662//3815 4638//3791
f 4638//3791 4662//3815 4661//3814 4639//3792
f 4639//3792 4661//3814 4658//3811 4657//3810
f 4657//3810 4658//3811 4643//3796 4592//3745
f 4592//3745 4643//3796 4642//3795 4593//3746
f 4593//3746 4642//3795 4641//3794 4624//3777
f 4624//3777 4641//3794 4646//3799 4621//3774
f 4621//3774 4646//3799 4816//3969 4794//3947
f 4794//3947 4816//3969 4815//3968 4795//3948
f 4795//3948 4815//3968 4812//3965 4811//3964
f 4811//3964 4812//3965 4799//3952 4752//3905
f 4752//3905 4799//3952 4798//3951 4753//3906
f 4753//3906 4798//3951 4797//3950 4783//3936
f 4783//3936 4797//3950 4690//3843 4467//3620
f 4829//3982 4488//3641 4830//3983 4565//3718
f 4742//3895 4831//3984 4832//3985 4743//3896
f 4744//3897 4833//3986 4834//3987 4745//3898
f 4835//3988 4681//3834 4680//3833 4836//3989
f 4670//3823 4548//3701 4547//3700 4671//3824
f 4835//3988 4831//3984 4837//3990 4681//3834
f 4831//3984 4835//3988 4678//3831 4832//3985
f 4833//3986 4676//3829 4675//3828 4834//3987
f 4831//3984 4742//3895 4838//3991
f 4839//3992 4838//3991 4840//3993 4841//3994
f 4564//3717 4682//3835 4681//3834 4837//3990
f 4837//3990 4829//3982 4565//3718 4564//3717
f 4561//3714 4560//3713 4682//3835 4564//3717
f 4565//3718 4830//3983 4842//3995 4563//3716
f 4843//3996 4844//3997 4471//3624 4845//3998
f 4845//3998 4471//3624 4534//3687 4846//3999
f 4561//3714 4563//3716 4843//3996 4562//3715
f 4562//3715 4843//3996 4845//3998 4557//3710
f 4562//3715 4581//3734 4687//3840 4559//3712
f 4559//3712 4687//3840 4686//3839 4685//3838
f 4544//3697 4826//3979 4825//3978 4541//3694
f 4846//3999 4534//3687 4568//3721 4847//4000
f 4847//4000 4568//3721 4732//3885 4848//4001
f 4849//4002 4731//3884 4452//3605 4850//4003
f 4557//3710 4845//3998 4846//3999 4558//3711
f 4558//3711 4846//3999 4847//4000 4569//3722
f 4569//3722 4847//4000 4848//4001 4729//3882
f 4730//3883 4849//4002 4850//4003 4554//3707
f 4843//3996 4563//3716 4842//3995 4844//3997
f 4820//3973 4851//4004 4489//3642 4821//3974
f 4840//3993 4487//3640 4486//3639 4822//3975
f 4838//3991 4742//3895 4487//3640 4840//3993
f 4841//3994 4488//3641 4829//3982 4839//3992
f 4488//3641 4491//3644 4852//4005 4830//3983
f 4830//3983 4852//4005 4844//3997 4842//3995
f 4711//3864 4853//4006 4854//4007 4855//4008
f 4451//3604 4450//3603 4856//4009 4857//4010
f 4858//4011 4712//3865 4859//4012 4860//4013
f 4463//3616 4462//3615 4861//4014 4862//4015
f 4863//4016 4864//4017 4865//4018 4866//4019
f 4867//4020 4451//3604 4857//4010 4868//4021
f 4869//4022 4863//4016 4866//4019 4870//4023
f 4712//3865 4711//3864 4855//4008 4859//4012
f 4823//3976 4463//3616 4862//4015 4871//4024
f 4553//3706 4867//4020 4868//4021 4872//4025
f 4462//3615 4553//3706 4872//4025 4861//4014
f 4724//3877 4532//3685 4531//3684 4725//3878
f 4728//3881 4570//3723 4569//3722 4729//3882
f 4732//3885 4568//3721 4567//3720 4733//3886
f 4710//3863 4709//3862 4460//3613 4818//3971
f 4728//3881 4727//3880 4726//3879 4725//3878
f 4732//3885 4731//3884 4849//4002 4848//4001
f 4848//4001 4849//4002 4730//3883 4729//3882
f 4460//3613 4709//3862 4714//3867 4461//3614
f 4461//3614 4714//3867 4716//3869 4492//3645
f 4492//3645 4716//3869 4718//3871 4706//3859
f 4519//3672 4719//3872 4722//3875 4518//3671
f 4452//3605 4731//3884 4734//3887 4453//3606
f 4464//3617 4726//3879 4727//3880 4465//3618
f 4465//3618 4727//3880 4730//3883 4554//3707
f 4853//4006 4711//3864 4708//3861 4707//3860
f 4713//3866 4714//3867 4709//3862 4708//3861
f 4713//3866 4712//3865 4858//4011 4715//3868
f 4715//3868 4858//4011 4864//4017 4717//3870
f 4720//3873 4863//4016 4869//4022 4721//3874
f 4824//3977 4723//3876 4726//3879 4464//3617
f 4452//3605 4451//3604 4867//4020 4850//4003
f 4850//4003 4867//4020 4553//3706 4554//3707
f 4533//3686 4470//3623 4873//4026 4874//4027
f 4455//3608 4454//3607 4875//4028 4876//4029
f 4470//3623 4455//3608 4876//4029 4873//4026
f 4454//3607 4474//3627 4877//4030 4875//4028
f 4733//3886 4567//3720 4878//4031 4879//4032
f 4567//3720 4533//3686 4874//4027 4878//4031
f 4453//3606 4734//3887 4880//4033 4881//4034
f 4734//3887 4733//3886 4879//4032 4880//4033
f 4450//3603 4453//3606 4881//4034 4856//4009
f 4473//3626 4472//3625 4882//4035 4883//4036
f 4884//4037 4851//4004 4885//4038 4886//4039
f 4887//4040 4888//4041 4889//4042 4890//4043
f 4480//3633 4891//4044 4892//4045 4893//4046
f 4894//4047 4884//4037 4886//4039 4895//4048
f 4888//4041 4481//3634 4896//4049 4889//4042
f 4819//3972 4887//4040 4890//4043 4897//4050
f 4820//3973 4819//3972 4897//4050 4898//4051
f 4851//4004 4820//3973 4898//4051 4885//4038
f 4737//3890 4736//3889 4899//4052 4900//4053
f 4891//4044 4741//3894 4901//4054 4892//4045
f 4740//3893 4739//3892 4902//4055 4903//4056
f 4551//3704 4550//3703 4904//4057 4905//4058
f 4735//3888 4477//3630 4906//4059 4907//4060
f 4834//3987 4675//3828 4908//4061 4909//4062
f 4675//3828 4674//3827 4910//4063 4908//4061
f 4736//3889 4735//3888 4907//4060 4899//4052
f 4477//3630 4476//3629 4911//4064 4906//4059
f 4476//3629 4745//3898 4912//4065 4911//4064
f 4745//3898 4834//3987 4909//4062 4912//4065
f 4551//3704 4674//3827 4677//3830 4552//3705
f 4552//3705 4677//3830 4679//3832 4673//3826
f 4548//3701 4680//3833 4683//3836 4546//3699
f 4546//3699 4683//3836 4684//3837 4543//3696
f 4543//3696 4684//3837 4685//3838 4544//3697
f 4826//3979 4686//3839 4688//3841 4540//3693
f 4665//3818 4817//3970 4693//3846 4529//3682
f 4529//3682 4693//3846 4694//3847 4526//3679
f 4526//3679 4694//3847 4695//3848 4524//3677
f 4525//3678 4701//3854 4700//3853 4702//3855
f 4537//3690 4689//3842 4692//3845 4538//3691
f 4540//3693 4688//3841 4689//3842 4537//3690
f 4544//3697 4685//3838 4686//3839 4826//3979
f 4670//3823 4836//3989 4680//3833 4548//3701
f 4674//3827 4551//3704 4905//4058 4910//4063
f 4703//3856 4913//4066 4914//4067 4522//3675
f 4536//3689 4915//4068 4916//4069 4539//3692
f 4542//3695 4917//4070 4918//4071 4545//3698
f 4825//3978 4919//4072 4920//4073 4541//3694
f 4545//3698 4918//4071 4921//4074 4547//3700
f 4671//3824 4922//4075 4923//4076 4672//3825
f 4527//3680 4924//4077 4925//4078 4528//3681
f 4926//4079 4915//4068 4536//3689 4535//3688
f 4528//3681 4925//4078 4927//4080 4664//3817
f 4549//3702 4928//4081 4929//4082 4550//3703
f 4522//3675 4914//4067 4930//4083 4523//3676
f 4539//3692 4916//4069 4919//4072 4825//3978
f 4541//3694 4920//4073 4917//4070 4542//3695
f 4547//3700 4921//4074 4922//4075 4671//3824
f 4550//3703 4929//4082 4931//4084 4904//4057
f 4914//4067 4913//4066 4932//4085 4933//4086
f 4916//4069 4915//4068 4934//4087 4935//4088
f 4918//4071 4917//4070 4936//4089 4937//4090
f 4920//4073 4919//4072 4938//4091 4939//4092
f 4921//4074 4918//4071 4937//4090 4940//4093
f 4928//4081 4923//4076 4941//4094 4942//4095
f 4925//4078 4924//4077 4943//4096 4944//4097
f 4915//4068 4926//4079 4945//4098 4934//4087
f 4927//4080 4925//4078 4944//4097 4946//4099
f 4929//4082 4928//4081 4942//4095 4931//4084
f 4924//4077 4930//4083 4947//4100 4943//4096
f 4919//4072 4916//4069 4935//4088 4938//4091
f 4917//4070 4920//4073 4939//4092 4936//4089
f 4922//4075 4921//4074 4940//4093 4948//4101
f 4756//3909 4755//3908 4949//4102 4950//4103
f 4759//3912 4758//3911 4951//4104 4952//4105
f 4758//3911 4761//3914 4953//4106 4951//4104
f 4764//3917 4763//3916 4954//4107 4955//4108
f 4767//3920 4766//3919 4956//4109 4957//4110
f 4770//3923 4769//3922 4958//4111 4959//4112
f 4763//3916 4773//3926 4960//4113 4954//4107
f 4766//3919 4770//3923 4959//4112 4956//4109
f 4761//3914 4764//3917 4955//4108 4953//4106
f 4769//3922 4756//3909 4950//4103 4958//4111
f 4773//3926 4801//3954 4961//4114 4960//4113
f 4801//3954 4767//3920 4957//4110 4961//4114
f 4809//3962 4759//3912 4952//4105 4962//4115
f 4755//3908 4809//3962 4962//4115 4949//4102
f 4963//4116 4964//4117 4965//4118 4966//4119
f 4967//4120 4968//4121 4969//4122 4970//4123
f 4971//4124 4972//4125 4968//4121 4967//4120
f 4973//4126 4974//4127 4975//4128 4976//4129
f 4977//4130 4978//4131 4979//4132 4980//4133
f 4981//4134 4982//4135 4983//4136 4984//4137
f 4985//4138 4986//4139 4974//4127 4973//4126
f 4984//4137 4983//4136 4978//4131 4977//4130
f 4976//4129 4975//4128 4972//4125 4971//4124
f 4966//4119 4965//4118 4982//4135 4981//4134
f 4987//4140 4988//4141 4986//4139 4985//4138
f 4980//4133 4979//4132 4988//4141 4987//4140
f 4970//4123 4969//4122 4989//4142 4990//4143
f 4990//4143 4989//4142 4964//4117 4963//4116
f 4991//4144 4992//4145 4993//4146 4994//4147
f 4995//4148 4996//4149 4997//4150 4998//4151
f 4993//4146 4995//4148 4998//4151 4994//4147
f 4996//4149 4999//4152 5000//4153 4997//4150
f 5001//4154 5002//4155 5003//4156 5004//4157
f 5004//4157 5003//4156 5005//4158 5006//4159
f 5006//4159 5005//4158 5007//4160 5008//4161
f 5008//4161 5007//4160 5009//4162 5010//4163
f 5010//4163 4991//4144 4994//4147 5008//4161
f 5008//4161 4994//4147 4998//4151 5006//4159
f 5006//4159 4998//4151 4997//4150 5004//4157
f 5004//4157 4997//4150 5000//4153 5001//4154
f 4964//4117 5009//4162 5007//4160 4965//4118
f 4966//4119 5011//4164 5012//4165 4963//4116
f 4968//4121 4992//4145 4991//4144 4969//4122
f 4970//4123 5013//4166 5014//4167 4967//4120
f 4972//4125 4993//4146 4992//4145 4968//4121
f 4967//4120 5014//4167 5015//4168 4971//4124
f 4974//4127 4996//4149 4995//4148 4975//4128
f 4976//4129 5016//4169 5017//4170 4973//4126
f 4978//4131 5002//4155 5001//4154 4979//4132
f 4980//4133 5018//4171 5019//4172 4977//4130
f 4982//4135 5005//4158 5003//4156 4983//4136
f 4984//4137 5020//4173 5021//4174 4981//4134
f 4986//4139 4999//4152 4996//4149 4974//4127
f 4973//4126 5017//4170 5022//4175 4985//4138
f 4983//4136 5003//4156 5002//4155 4978//4131
f 4977//4130 5019//4172 5020//4173 4984//4137
f 4975//4128 4995//4148 4993//4146 4972//4125
f 4971//4124 5015//4168 5016//4169 4976//4129
f 4965//4118 5007//4160 5005//4158 4982//4135
f 4981//4134 5021//4174 5011//4164 4966//4119
f 4988//4141 5000//4153 4999//4152 4986//4139
f 4985//4138 5022//4175 5023//4176 4987//4140
f 4979//4132 5001//4154 5000//4153 4988//4141
f 4987//4140 5023//4176 5018//4171 4980//4133
f 4969//4122 4991//4144 5010//4163 4989//4142
f 4990//4143 5024//4177 5013//4166 4970//4123
f 4989//4142 5010//4163 5009//4162 4964//4117
f 4963//4116 5012//4165 5024//4177 4990//4143
f 4949//4102 5012//4165 5011//4164 4950//4103
f 4951//4104 5014//4167 5013//4166 4952//4105
f 4953//4106 5015//4168 5014//4167 4951//4104
f 4954//4107 5017//4170 5016//4169 4955//4108
f 4956//4109 5019//4172 5018//4171 4957//4110
f 4958//4111 5021//4174 5020//4173 4959//4112
f 4960//4113 5022//4175 5017//4170 4954//4107
f 4959//4112 5020//4173 5019//4172 4956//4109
f 4955//4108 5016//4169 5015//4168 4953//4106
f 4950//4103 5011//4164 5021//4174 4958//4111
f 4961//4114 5023//4176 5022//4175 4960//4113
f 4957//4110 5018//4171 5023//4176 4961//4114
f 4952//4105 5013//4166 5024//4177 4962//4115
f 4962//4115 5024//4177 5012//4165 4949//4102
f 4721//3874 4869//4022 4870//4023 5025//4178
f 4496//3649 4495//3648 5026//4179 5027//4180
f 4518//3671 4722//3875 5028//4181 5029//4182
f 4495//3648 4518//3671 5029//4182 5026//4179
f 4722//3875 4721//3874 5025//4178 5028//4181
f 4704//3857 4514//3667 4517//3670 4705//3858
f 4705//3858 4517//3670 4492//3645 4706//3859
f 4717//3870 4720//3873 4719//3872 4718//3871
f 4864//4017 4858//4011 4860//4013 4865//4018
f 4718//3871 4719//3872 4519//3672 4706//3859
f 4864//4017 4863//4016 4720//3873 4717//3870
f 5030//4183 4932//4085 5031//4184 5032//4185
f 5032//4185 5031//4184 5033//4186 5034//4187
f 5034//4187 5033//4186 5035//4188 5036//4189
f 5036//4189 5035//4188 5037//4190 5038//4191
f 5038//4191 5037//4190 5039//4192 5040//4193
f 4505//3658 4696//3849 4699//3852 4506//3659
f 4523//3676 4527//3680 4526//3679 4524//3677
f 4506//3659 4699//3852 4701//3854 4695//3848
f 4695//3848 4701//3854 4525//3678 4524//3677
f 4930//4083 4924//4077 4527//3680 4523//3676
f 4930//4083 4914//4067 4933//4086 4947//4100
f 4497//3650 4496//3649 5027//4180 5041//4194
f 4515//3668 4514//3667 5042//4195 5043//4196
f 4510//3663 4515//3668 5043//4196 5044//4197
f 4585//3738 4572//3725 5045//4198 5046//4199
f 4504//3657 4508//3661 5047//4200 5048//4201
f 4505//3658 4504//3657 5048//4201 5049//4202
f 4571//3724 4511//3664 5050//4203 5051//4204
f 4503//3656 4502//3655 5052//4205 5053//4206
f 4572//3725 4571//3724 5051//4204 5045//4198
f 4502//3655 4585//3738 5046//4199 5052//4205
f 4697//3850 4696//3849 5054//4207 5039//4192
f 4704//3857 4497//3650 5041//4194 5055//4208
f 4511//3664 4510//3663 5044//4197 5050//4203
f 4508//3661 4503//3656 5053//4206 5047//4200
f 4514//3667 4704//3857 5055//4208 5042//4195
f 4696//3849 4505//3658 5049//4202 5054//4207
f 4596//3749 4595//3748 5056//4209 5057//4210
f 4599//3752 4598//3751 5058//4211 5059//4212
f 4598//3751 4601//3754 5060//4213 5058//4211
f 4604//3757 4603//3756 5061//4214 5062//4215
f 4607//3760 4606//3759 5063//4216 5064//4217
f 4610//3763 4609//3762 5065//4218 5066//4219
f 4603//3756 4613//3766 5067//4220 5061//4214
f 4606//3759 4610//3763 5066//4219 5063//4216
f 4601//3754 4604//3757 5062//4215 5060//4213
f 4609//3762 4596//3749 5057//4210 5065//4218
f 4613//3766 4647//3800 5068//4221 5067//4220
f 4647//3800 4607//3760 5064//4217 5068//4221
f 4655//3808 4599//3752 5059//4212 5069//4222
f 4595//3748 4655//3808 5069//4222 5056//4209
f 5070//4223 5071//4224 5072//4225 5073//4226
f 5074//4227 5075//4228 5076//4229 5077//4230
f 5078//4231 5079//4232 5075//4228 5074//4227
f 5080//4233 5081//4234 5082//4235 5083//4236
f 5084//4237 5085//4238 5086//4239 5087//4240
f 5088//4241 5089//4242 5090//4243 5091//4244
f 5092//4245 5093//4246 5081//4234 5080//4233
f 5091//4244 5090//4243 5085//4238 5084//4237
f 5083//4236 5082//4235 5079//4232 5078//4231
f 5073//4226 5072//4225 5089//4242 5088//4241
f 5094//4247 5095//4248 5093//4246 5092//4245
f 5087//4240 5086//4239 5095//4248 5094//4247
f 5077//4230 5076//4229 5096//4249 5097//4250
f 5097//4250 5096//4249 5071//4224 5070//4223
f 5098//4251 5099//4252 5100//4253 5101//4254
f 5102//4255 5103//4256 5104//4257 5105//4258
f 5100//4253 5102//4255 5105//4258 5101//4254
f 5103//4256 5106//4259 5107//4260 5104//4257
f 5108//4261 5109//4262 5110//4263 5111//4264
f 5111//4264 5110//4263 5112//4265 5113//4266
f 5113//4266 5112//4265 5114//4267 5115//4268
f 5115//4268 5114//4267 5116//4269 5117//4270
f 5117//4270 5098//4251 5101//4254 5115//4268
f 5115//4268 5101//4254 5105//4258 5113//4266
f 5113//4266 5105//4258 5104//4257 5111//4264
f 5111//4264 5104//4257 5107//4260 5108//4261
f 5071//4224 5116//4269 5114//4267 5072//4225
f 5073//4226 5118//4271 5119//4272 5070//4223
f 5075//4228 5099//4252 5098//4251 5076//4229
f 5077//4230 5120//4273 5121//4274 5074//4227
f 5079//4232 5100//4253 5099//4252 5075//4228
f 5074//4227 5121//4274 5122//4275 5078//4231
f 5081//4234 5103//4256 5102//4255 5082//4235
f 5083//4236 5123//4276 5124//4277 5080//4233
f 5085//4238 5109//4262 5108//4261 5086//4239
f 5087//4240 5125//4278 5126//4279 5084//4237
f 5089//4242 5112//4265 5110//4263 5090//4243
f 5091//4244 5127//4280 5128//4281 5088//4241
f 5093//4246 5106//4259 5103//4256 5081//4234
f 5080//4233 5124//4277 5129//4282 5092//4245
f 5090//4243 5110//4263 5109//4262 5085//4238
f 5084//4237 5126//4279 5127//4280 5091//4244
f 5082//4235 5102//4255 5100//4253 5079//4232
f 5078//4231 5122//4275 5123//4276 5083//4236
f 5072//4225 5114//4267 5112//4265 5089//4242
f 5088//4241 5128//4281 5118//4271 5073//4226
f 5095//4248 5107//4260 5106//4259 5093//4246
f 5092//4245 5129//4282 5130//4283 5094//4247
f 5086//4239 5108//4261 5107//4260 5095//4248
f 5094//4247 5130//4283 5125//4278 5087//4240
f 5076//4229 5098//4251 5117//4270 5096//4249
f 5097//4250 5131//4284 5120//4273 5077//4230
f 5096//4249 5117//4270 5116//4269 5071//4224
f 5070//4223 5119//4272 5131//4284 5097//4250
f 5056//4209 5119//4272 5118//4271 5057//4210
f 5058//4211 5121//4274 5120//4273 5059//4212
f 5060//4213 5122//4275 5121//4274 5058//4211
f 5061//4214 5124//4277 5123//4276 5062//4215
f 5063//4216 5126//4279 5125//4278 5064//4217
f 5065//4218 5128//4281 5127//4280 5066//4219
f 5067//4220 5129//4282 5124//4277 5061//4214
f 5066//4219 5127//4280 5126//4279 5063//4216
f 5062//4215 5123//4276 5122//4275 5060//4213
f 5057//4210 5118//4271 5128//4281 5065//4218
f 5068//4221 5130//4283 5129//4282 5067//4220
f 5064//4217 5125//4278 5130//4283 5068//4221
f 5059//4212 5120//4273 5131//4284 5069//4222
f 5069//4222 5131//4284 5119//4272 5056//4209
f 4667//3820 4484//3637 4487//3640 4669//3822
f 4672//3825 4549//3702 4552//3705 4673//3826
f 4678//3831 4835//3988 4836//3989 4679//3832
f 4739//3892 4740//3893 4666//3819 4668//3821
f 4743//3896 4744//3897 4479//3632 4669//3822
f 4832//3985 4833//3986 4744//3897 4743//3896
f 4678//3831 4676//3829 4833//3986 4832//3985
f 4739//3892 4737//3890 4900//4053 4902//4055
f 4679//3832 4836//3989 4670//3823 4673//3826
f 4923//4076 4928//4081 4549//3702 4672//3825
f 4923//4076 4922//4075 4948//4101 4941//4094
f 4839//3992 4829//3982 4837//3990
f 4838//3991 4839//3992 4837//3990 4831//3984
f 4474//3627 4454//3607 4457//3610 4475//3628
f 4485//3638 4484//3637 4482//3635
f 4485//3638 4888//4041 4887//4040 4486//3639
f 4489//3642 4851//4004 4884//4037 4490//3643
f 4490//3643 4884//4037 4894//4047 4566//3719
f 4741//3894 4891//4044 4480//3633 4483//3636
f 4821//3974 4841//3994 4840//3993 4822//3975
f 4489//3642 4488//3641 4841//3994 4821//3974
f 4486//3639 4887//4040 4819//3972 4822//3975
f 4474//3627 4473//3626 4883//4036 4877//4030
f 4741//3894 4740//3893 4903//4056 4901//4054
f 4459//3612 4654//3807 4774//3927 4460//3613
f 4645//3798 4660//3813 4693//3846 4817//3970
f 4691//3844 4814//3967 4817//3970 4692//3845
f 4692//3845 4817//3970 4665//3818 4538//3691
f 4538//3691 4665//3818 4664//3817 4535//3688
f 4535//3688 4664//3817 4927//4080 4926//4079
f 4926//4079 4927//4080 4946//4099 4945//4098
f 4808//3961 4532//3685 4724//3877 4818//3971
f 4818//3971 4724//3877 4723//3876 4710//3863
f 4710//3863 4723//3876 4824//3977 4707//3860
f 4707//3860 4824//3977 4823//3976 4853//4006
f 4853//4006 4823//3976 4871//4024 4854//4007
f 4579//3732 4578//3731 4786//3939 4827//3980
f 4828//3981 4827//3980 4786//3939 4784//3937
f 4828//3981 4784//3937 4466//3619 4469//3622
f 4579//3732 4827//3980 4582//3735 4580//3733
f 4530//3683 4577//3730 4580//3733 4531//3684
f 4467//3620 4690//3843 4468//3621
f 4477//3630 4735//3888 4738//3891 4478//3631
f 4481//3634 4888//4041 4485//3638 4482//3635
f 4481//3634 4480//3633 4893//4046 4896//4049
f 4478//3631 4738//3891 4668//3821 4667//3820
f 4484//3637 4666//3819 4483//3636 4482//3635
f 5132//4285 5133//4286 4882//4035 4895//4048
f 4894//4047 4472//3625 4475//3628 4566//3719
f 4566//3719 4475//3628 4457//3610 4491//3644
f 4491//3644 4457//3610 4456//3609 4852//4005
f 4852//4005 4456//3609 4471//3624 4844//3997
f 4854//4007 5134//4287 5135//4288 4855//4008
f 4856//4009 5136//4289 5137//4290 4857//4010
f 4859//4012 5138//4291 5139//4292 4860//4013
f 4861//4014 5140//4293 5141//4294 4862//4015
f 4865//4018 5142//4295 5143//4296 4866//4019
f 4857//4010 5137//4290 5144//4297 4868//4021
f 4866//4019 5143//4296 5145//4298 4870//4023
f 4855//4008 5135//4288 5138//4291 4859//4012
f 4862//4015 5141//4294 5146//4299 4871//4024
f 4868//4021 5144//4297 5147//4300 4872//4025
f 4872//4025 5147//4300 5140//4293 4861//4014
f 4873//4026 5148//4301 5149//4302 4874//4027
f 4875//4028 5150//4303 5151//4304 4876//4029
f 4876//4029 5151//4304 5148//4301 4873//4026
f 4877//4030 5152//4305 5150//4303 4875//4028
f 4878//4031 5153//4306 5154//4307 4879//4032
f 4874//4027 5149//4302 5153//4306 4878//4031
f 4880//4033 5155//4308 5156//4309 4881//4034
f 4879//4032 5154//4307 5155//4308 4880//4033
f 4881//4034 5156//4309 5136//4289 4856//4009
f 4882//4035 5133//4286 5157//4310 4883//4036
f 4885//4038 5158//4311 5159//4312 4886//4039
f 4889//4042 5160//4313 5161//4314 4890//4043
f 4892//4045 5162//4315 5163//4316 4893//4046
f 4886//4039 5159//4312 5132//4285 4895//4048
f 4896//4049 5164//4317 5160//4313 4889//4042
f 4890//4043 5161//4314 5165//4318 4897//4050
f 4897//4050 5165//4318 5166//4319 4898//4051
f 4898//4051 5166//4319 5158//4311 4885//4038
f 4899//4052 5167//4320 5168//4321 4900//4053
f 4901//4054 5169//4322 5162//4315 4892//4045
f 4902//4055 5170//4323 5171//4324 4903//4056
f 4904//4057 5172//4325 5173//4326 4905//4058
f 4906//4059 5174//4327 5175//4328 4907//4060
f 4908//4061 5176//4329 5177//4330 4909//4062
f 4910//4063 5178//4331 5176//4329 4908//4061
f 4907//4060 5175//4328 5167//4320 4899//4052
f 4911//4064 5179//4332 5174//4327 4906//4059
f 4912//4065 5180//4333 5179//4332 4911//4064
f 4909//4062 5177//4330 5180//4333 4912//4065
f 4905//4058 5173//4326 5178//4331 4910//4063
f 4931//4084 5181//4334 5172//4325 4904//4057
f 4932//4085 5030//4183 5182//4335 4933//4086
f 4934//4087 5183//4336 5184//4337 4935//4088
f 4936//4089 5185//4338 5186//4339 4937//4090
f 4938//4091 5187//4340 5188//4341 4939//4092
f 4937//4090 5186//4339 5189//4342 4940//4093
f 4941//4094 5190//4343 5191//4344 4942//4095
f 4943//4096 5192//4345 5193//4346 4944//4097
f 4945//4098 5194//4347 5183//4336 4934//4087
f 4944//4097 5193//4346 5195//4348 4946//4099
f 4942//4095 5191//4344 5181//4334 4931//4084
f 4947//4100 5196//4349 5192//4345 4943//4096
f 4935//4088 5184//4337 5187//4340 4938//4091
f 4939//4092 5188//4341 5185//4338 4936//4089
f 4940//4093 5189//4342 5197//4350 4948//4101
f 4870//4023 5145//4298 5198//4351 5025//4178
f 5026//4179 5199//4352 5200//4353 5027//4180
f 5028//4181 5201//4354 5202//4355 5029//4182
f 5029//4182 5202//4355 5199//4352 5026//4179
f 5025//4178 5198//4351 5201//4354 5028//4181
f 4860//4013 5139//4292 5142//4295 4865//4018
f 4932//4085 4913//4066 4703//3856 5031//4184
f 5031//4184 4703//3856 4702//3855 5033//4186
f 5033//4186 4702//3855 4700//3853 5035//4188
f 5035//4188 4700//3853 4698//3851 5037//4190
f 5037//4190 4698//3851 4697//3850 5039//4192
f 4933//4086 5182//4335 5196//4349 4947//4100
f 5027//4180 5200//4353 5203//4356 5041//4194
f 5042//4195 5204//4357 5205//4358 5043//4196
f 5043//4196 5205//4358 5206//4359 5044//4197
f 5045//4198 5207//4360 5208//4361 5046//4199
f 5047//4200 5209//4362 5210//4363 5048//4201
f 5048//4201 5210//4363 5211//4364 5049//4202
f 5050//4203 5212//4365 5213//4366 5051//4204
f 5052//4205 5214//4367 5215//4368 5053//4206
f 5051//4204 5213//4366 5207//4360 5045//4198
f 5046//4199 5208//4361 5214//4367 5052//4205
f 5054//4207 5216//4369 5040//4193 5039//4192
f 5041//4194 5203//4356 5217//4370 5055//4208
f 5044//4197 5206//4359 5212//4365 5050//4203
f 5053//4206 5215//4368 5209//4362 5047//4200
f 5055//4208 5217//4370 5204//4357 5042//4195
f 5049//4202 5211//4364 5216//4369 5054//4207
f 4900//4053 5168//4321 5170//4323 4902//4055
f 4948//4101 5197//4350 5190//4343 4941//4094
f 4883//4036 5157//4310 5152//4305 4877//4030
f 4903//4056 5171//4324 5169//4322 4901//4054
f 4946//4099 5195//4348 5194//4347 4945//4098
f 4871//4024 5146//4299 5134//4287 4854//4007
f 4893//4046 5163//4316 5164//4317 4896//4049
f 4882//4035 4472//3625 4894//4047 4895//4048
f 5190//4343 5197//4350 5218//4371 5219//4372
f 5181//4334 5191//4344 5220//4373 5172//4325
f 5191//4344 5190//4343 5219//4372 5220//4373
f 5173//4326 5172//4325 5220//4373 5221//4374
f 5177//4330 5176//4329 5222//4375 5223//4376
f 5176//4329 5178//4331 5224//4377 5222//4375
f 5167//4320 5175//4328 5225//4378 5168//4321
f 5174//4327 5179//4332 5226//4379 5227//4380
f 5179//4332 5180//4333 5228//4381 5226//4379
f 5180//4333 5177//4330 5223//4376 5228//4381
f 5178//4331 5173//4326 5221//4374 5224//4377
f 5175//4328 5174//4327 5227//4380 5225//4378
f 5169//4322 5171//4324 5229//4382 5230//4383
f 5170//4323 5168//4321 5225//4378 5231//4384
f 5171//4324 5170//4323 5231//4384 5229//4382
f 5162//4315 5169//4322 5230//4383 5163//4316
f 5164//4317 5163//4316 5230//4383 5232//4385
f 5160//4313 5164//4317 5232//4385 5233//4386
f 5159//4312 5158//4311 5234//4387 5235//4388
f 5161//4314 5160//4313 5233//4386 5236//4389
f 5165//4318 5161//4314 5236//4389 5237//4390
f 5166//4319 5165//4318 5237//4390 5238//4391
f 5158//4311 5166//4319 5238//4391 5234//4387
f 5157//4310 5133//4286 5239//4392 5152//4305
f 5132//4285 5159//4312 5235//4388 5240//4393
f 5133//4286 5132//4285 5240//4393 5239//4392
f 5151//4304 5150//4303 5241//4394 5242//4395
f 5148//4301 5151//4304 5242//4395 5243//4396
f 5150//4303 5152//4305 5239//4392 5241//4394
f 5149//4302 5148//4301 5243//4396 5244//4397
f 5154//4307 5153//4306 5245//4398 5246//4399
f 5153//4306 5149//4302 5244//4397 5245//4398
f 5156//4309 5155//4308 5247//4400 5248//4401
f 5155//4308 5154//4307 5246//4399 5247//4400
f 5136//4289 5156//4309 5248//4401 5137//4290
f 5134//4287 5146//4299 5249//4402 5250//4403
f 5139//4292 5138//4291 5251//4404 5252//4405
f 5141//4294 5140//4293 5253//4406 5254//4407
f 5142//4295 5139//4292 5252//4405 5255//4408
f 5144//4297 5137//4290 5248//4401 5256//4409
f 5145//4298 5143//4296 5257//4410 5258//4411
f 5138//4291 5135//4288 5259//4412 5251//4404
f 5146//4299 5141//4294 5254//4407 5249//4402
f 5147//4300 5144//4297 5256//4409 5260//4413
f 5140//4293 5147//4300 5260//4413 5253//4406
f 5143//4296 5142//4295 5255//4408 5257//4410
f 5135//4288 5134//4287 5250//4403 5259//4412
f 5200//4353 5199//4352 5261//4414 5203//4356
f 5202//4355 5201//4354 5262//4415 5263//4416
f 5199//4352 5202//4355 5263//4416 5261//4414
f 5201//4354 5198//4351 5264//4417 5262//4415
f 5258//4411 5264//4417 5198//4351 5145//4298
f 5205//4358 5204//4357 5265//4418 5266//4419
f 5217//4370 5203//4356 5261//4414 5267//4420
f 5204//4357 5217//4370 5267//4420 5265//4418
f 5206//4359 5205//4358 5266//4419 5268//4421
f 5208//4361 5207//4360 5269//4422 5270//4423
f 5213//4366 5212//4365 5271//4424 5272//4425
f 5215//4368 5214//4367 5273//4426 5274//4427
f 5207//4360 5213//4366 5272//4425 5269//4422
f 5214//4367 5208//4361 5270//4423 5273//4426
f 5212//4365 5206//4359 5268//4421 5271//4424
f 5210//4363 5209//4362 5275//4428 5276//4429
f 5209//4362 5215//4368 5274//4427 5275//4428
f 5211//4364 5210//4363 5276//4429 5277//4430
f 5040//4193 5216//4369 5278//4431 5038//4191
f 5216//4369 5211//4364 5277//4430 5278//4431
f 5030//4183 5032//4185 5279//4432 5182//4335
f 5032//4185 5034//4187 5280//4433 5279//4432
f 5034//4187 5036//4189 5281//4434 5280//4433
f 5036//4189 5038//4191 5278//4431 5281//4434
f 5184//4337 5183//4336 5282//4435 5283//4436
f 5186//4339 5185//4338 5284//4437 5285//4438
f 5188//4341 5187//4340 5286//4439 5287//4440
f 5189//4342 5186//4339 5285//4438 5288//4441
f 5193//4346 5192//4345 5289//4442 5290//4443
f 5194//4347 5195//4348 5291//4444 5292//4445
f 5195//4348 5193//4346 5290//4443 5291//4444
f 5196//4349 5182//4335 5279//4432 5293//4446
f 5187//4340 5184//4337 5283//4436 5286//4439
f 5185//4338 5188//4341 5287//4440 5284//4437
f 5197//4350 5189//4342 5288//4441 5218//4371
f 5192//4345 5196//4349 5293//4446 5289//4442
f 5183//4336 5194//4347 5292//4445 5282//4435
f 5294//4447 5295//4448 5296//4449 5297//4450
f 5298//4451 5299//4452 5300//4453 5301//4454
f 5302//4455 5303//4456 5304//4457 5305//4458
f 5306//4459 5307//4460 5308//4461 5309//4462
f 5310//4463 5311//4464 5299//4452 5298//4451
f 5312//4465 5313//4466 5304//4457 5303//4456
f 5314//4467 5315//4468 5316//4469 5317//4470
f 5318//4471 5319//4472 5320//4473 5321//4474
f 5297//4450 5322//4475 5323//4476 5294//4447
f 5324//4477 5325//4478 5326//4479 5327//4480
f 5309//4462 5308//4461 5328//4481 5316//4469
f 5309//4462 5329//4482 5330//4483 5306//4459
f 5296//4449 5295//4448 5307//4460 5306//4459
f 5296//4449 5331//4484 5332//4485 5297//4450
f 5302//4455 5333//4486 5334//4487 5335//4488
f 5308//4461 5336//4489 5337//4490 5328//4481
f 5338//4491 5339//4492 5340//4493 5305//4458
f 5295//4448 5341//4494 5342//4495 5307//4460
f 5307//4460 5342//4495 5336//4489 5308//4461
f 5294//4447 5323//4476 5341//4494 5295//4448
f 5343//4496 5344//4497 5345//4498 5346//4499
f 5344//4497 5347//4500 5348//4501 5345//4498
f 5349//4502 5350//4503 5351//4504 5352//4505
f 5353//4506 5354//4507 5355//4508 5356//4509
f 5357//4510 5358//4511 5359//4512 5360//4513
f 5361//4514 5362//4515 5363//4516 5364//4517
f 5365//4518 5361//4514 5364//4517 5366//4519
f 5362//4515 5343//4496 5346//4499 5363//4516
f 5360//4513 5367//4520 5368//4521 5369//4522
f 5366//4519 5370//4523 5371//4524 5355//4508
f 5356//4509 5372//4525 5373//4526 5359//4512
f 5363//4516 5374//4527 5375//4528 5364//4517
f 5364//4517 5375//4528 5370//4523 5366//4519
f 5346//4499 5345//4498 5374//4527 5363//4516
f 5376//4529 5377//4530 5378//4531 5379//4532
f 5300//4453 5299//4452 5380//4533 5335//4488
f 5299//4452 5311//4464 5381//4534 5380//4533
f 5300//4453 5382//4535 5383//4536 5301//4454
f 5351//4504 5350//4503 5384//4537 5369//4522
f 5351//4504 5385//4538 5386//4539 5352//4505
f 5386//4539 5387//4540 5349//4502 5352//4505
f 5387//4540 5388//4541 5383//4536 5349//4502
f 5385//4538 5389//4542 5390//4543 5386//4539
f 5386//4539 5390//4543 5391//4544 5387//4540
f 5387//4540 5391//4544 5392//4545 5388//4541
f 5316//4469 5315//4468 5329//4482 5309//4462
f 5316//4469 5328//4481 5338//4491 5317//4470
f 5328//4481 5337//4490 5339//4492 5338//4491
f 5355//4508 5354//4507 5365//4518 5366//4519
f 5355//4508 5371//4524 5372//4525 5356//4509
f 5335//4488 5334//4487 5382//4535 5300//4453
f 5369//4522 5368//4521 5385//4538 5351//4504
f 5335//4488 5380//4533 5303//4456 5302//4455
f 5380//4533 5381//4534 5312//4465 5303//4456
f 5369//4522 5384//4537 5357//4510 5360//4513
f 5330//4483 5329//4482 5393//4546 5321//4474
f 5332//4485 5331//4484 5320//4473 5327//4480
f 5348//4501 5347//4500 5394//4547 5379//4532
f 5329//4482 5315//4468 5395//4548 5393//4546
f 5305//4458 5304//4457 5317//4470 5338//4491
f 5304//4457 5313//4466 5314//4467 5317//4470
f 5305//4458 5340//4493 5333//4486 5302//4455
f 5359//4512 5358//4511 5353//4506 5356//4509
f 5359//4512 5373//4526 5367//4520 5360//4513
f 5396//4549 5397//4550 5398//4551 5399//4552
f 5400//4553 5401//4554 5402//4555 5403//4556
f 5403//4556 5402//4555 5404//4557 5405//4558
f 5315//4468 5396//4549 5399//4552 5395//4548
f 5406//4559 5407//4560 5408//4561 5409//4562
f 5315//4468 5314//4467 5401//4554 5396//4549
f 5314//4467 5313//4466 5402//4555 5401//4554
f 5313//4466 5312//4465 5404//4557 5402//4555
f 5312//4465 5381//4534 5410//4563 5404//4557
f 5381//4534 5311//4464 5411//4564 5409//4562
f 5311//4464 5310//4463 5412//4565 5411//4564
f 5397//4550 5400//4553 5413//4566 5398//4551
f 5400//4553 5403//4556 5414//4567 5413//4566
f 5403//4556 5405//4558 5415//4568 5414//4567
f 5410//4563 5416//4569 5405//4558 5404//4557
f 5416//4569 5417//4570 5415//4568 5405//4558
f 5416//4569 5410//4563 5408//4561 5417//4570
f 5397//4550 5396//4549 5401//4554 5400//4553
f 5330//4483 5331//4484 5296//4449 5306//4459
f 5332//4485 5418//4571 5322//4475 5297//4450
f 5348//4501 5419//4572 5374//4527 5345//4498
f 5310//4463 5392//4545 5420//4573 5412//4565
f 5391//4544 5390//4543 5421//4574 5422//4575
f 5390//4543 5389//4542 5423//4576 5421//4574
f 5323//4476 5322//4475 5344//4497 5343//4496
f 5418//4571 5326//4479 5394//4547 5347//4500
f 5334//4487 5333//4486 5357//4510 5384//4537
f 5337//4490 5336//4489 5365//4518 5354//4507
f 5340//4493 5339//4492 5353//4506 5358//4511
f 5342//4495 5341//4494 5362//4515 5361//4514
f 5336//4489 5342//4495 5361//4514 5365//4518
f 5341//4494 5323//4476 5343//4496 5362//4515
f 5383//4536 5382//4535 5350//4503 5349//4502
f 5383//4536 5388//4541 5298//4451 5301//4454
f 5388//4541 5392//4545 5310//4463 5298//4451
f 5339//4492 5337//4490 5354//4507 5353//4506
f 5382//4535 5334//4487 5384//4537 5350//4503
f 5333//4486 5340//4493 5358//4511 5357//4510
f 5322//4475 5418//4571 5347//4500 5344//4497
f 5424//4577 5420//4573 5422//4575 5425//4578
f 5426//4579 5427//4580 5428//4581 5425//4578
f 5424//4577 5429//4582 5430//4583 5431//4584
f 5425//4578 5428//4581 5429//4582 5424//4577
f 5432//4585 5433//4586 5434//4587 5435//4588
f 5318//4471 5436//4589 5437//4590 5319//4472
f 5435//4588 5434//4587 5436//4589 5318//4471
f 5319//4472 5437//4590 5325//4478 5324//4477
f 5438//4591 5439//4592 5433//4586 5432//4585
f 5430//4583 5429//4582 5440//4593 5406//4559
f 5406//4559 5440//4593 5441//4594 5407//4560
f 5442//4595 5443//4596 5444//4597 5445//4598
f 5446//4599 5447//4600 5448//4601 5449//4602
f 5445//4598 5444//4597 5447//4600 5446//4599
f 5450//4603 5451//4604 5439//4592 5438//4591
f 5449//4602 5448//4601 5451//4604 5450//4603
f 5407//4560 5441//4594 5443//4596 5442//4595
f 5433//4586 5452//4605 5453//4606 5434//4587
f 5436//4589 5454//4607 5455//4608 5437//4590
f 5434//4587 5453//4606 5454//4607 5436//4589
f 5437//4590 5455//4608 5456//4609 5325//4478
f 5439//4592 5457//4610 5452//4605 5433//4586
f 5429//4582 5428//4581 5458//4611 5440//4593
f 5440//4593 5458//4611 5459//4612 5441//4594
f 5443//4596 5460//4613 5461//4614 5444//4597
f 5447//4600 5462//4615 5463//4616 5448//4601
f 5444//4597 5461//4614 5462//4615 5447//4600
f 5451//4604 5464//4617 5457//4610 5439//4592
f 5448//4601 5463//4616 5464//4617 5451//4604
f 5441//4594 5459//4612 5460//4613 5443//4596
f 5452//4605 5465//4618 5466//4619 5453//4606
f 5454//4607 5467//4620 5377//4530 5455//4608
f 5453//4606 5466//4619 5467//4620 5454//4607
f 5455//4608 5377//4530 5376//4529 5456//4609
f 5457//4610 5468//4621 5465//4618 5452//4605
f 5428//4581 5427//4580 5469//4622 5458//4611
f 5458//4611 5469//4622 5470//4623 5459//4612
f 5460//4613 5471//4624 5472//4625 5461//4614
f 5462//4615 5473//4626 5474//4627 5463//4616
f 5461//4614 5472//4625 5473//4626 5462//4615
f 5464//4617 5475//4628 5468//4621 5457//4610
f 5463//4616 5474//4627 5475//4628 5464//4617
f 5459//4612 5470//4623 5471//4624 5460//4613
f 5321//4474 5320//4473 5331//4484 5330//4483
f 5327//4480 5326//4479 5418//4571 5332//4485
f 5379//4532 5378//4531 5419//4572 5348//4501
f 5321//4474 5393//4546 5435//4588 5318//4471
f 5327//4480 5320//4473 5319//4472 5324//4477
f 5379//4532 5394//4547 5456//4609 5376//4529
f 5393//4546 5395//4548 5432//4585 5435//4588
f 5399//4552 5398//4551 5450//4603 5438//4591
f 5395//4548 5399//4552 5438//4591 5432//4585
f 5409//4562 5408//4561 5410//4563 5381//4534
f 5409//4562 5411//4564 5430//4583 5406//4559
f 5411//4564 5412//4565 5431//4584 5430//4583
f 5398//4551 5413//4566 5449//4602 5450//4603
f 5413//4566 5414//4567 5446//4599 5449//4602
f 5414//4567 5415//4568 5445//4598 5446//4599
f 5415//4568 5417//4570 5442//4595 5445//4598
f 5417//4570 5408//4561 5407//4560 5442//4595
f 5412//4565 5420//4573 5424//4577 5431//4584
f 5422//4575 5421//4574 5426//4579 5425//4578
f 5421//4574 5423//4576 5427//4580 5426//4579
f 5394//4547 5326//4479 5325//4478 5456//4609
f 5422//4575 5420//4573 5392//4545 5391//4544
f 5476//4629 5477//4630 5478//4631 5479//4632
f 5480//4633 5481//4634 5482//4635 5483//4636
f 5484//4637 5480//4633 5483//4636 5485//4638
f 5486//4639 5487//4640 5488//4641 5489//4642
f 5481//4634 5490//4643 5491//4644 5482//4635
f 5488//4641 5476//4629 5479//4632 5489//4642
f 5491//4644 5492//4645 5493//4646 5482//4635
f 5482//4635 5493//4646 5494//4647 5483//4636
f 5483//4636 5494//4647 5495//4648 5485//4638
f 5485//4638 5495//4648 5496//4649 5478//4631
f 5479//4632 5497//4650 5498//4651 5489//4642
f 5489//4642 5498//4651 5499//4652 5486//4639
f 5492//4645 5500//4653 5501//4654 5493//4646
f 5493//4646 5501//4654 5502//4655 5494//4647
f 5494//4647 5502//4655 5503//4656 5495//4648
f 5495//4648 5503//4656 5504//4657 5496//4649
f 5497//4650 5505//4658 5506//4659 5498//4651
f 5498//4651 5506//4659 5507//4660 5499//4652
f 5508//4661 5509//4662 5510//4663 5511//4664
f 5512//4665 5513//4666 5514//4667 5515//4668
f 5516//4669 5517//4670 5518//4671 5519//4672
f 5520//4673 5521//4674 5522//4675 5523//4676
f 5524//4677 5525//4678 5526//4679 5527//4680
f 5528//4681 5529//4682 5530//4683 5531//4684
f 5532//4685 5528//4681 5531//4684 5533//4686
f 5534//4687 5535//4688 5536//4689 5537//4690
f 5538//4691 5534//4687 5537//4690 5539//4692
f 5540//4693 5538//4691 5539//4692 5541//4694
f 5517//4670 5540//4693 5541//4694 5518//4671
f 5525//4678 5512//4665 5515//4668 5526//4679
f 5542//4695 5520//4673 5523//4676 5543//4696
f 5509//4662 5532//4685 5533//4686 5510//4663
f 5544//4697 5516//4669 5519//4672 5545//4698
f 5521//4674 5546//4699 5547//4700 5522//4675
f 5513//4666 5544//4697 5545//4698 5514//4667
f 5546//4699 5508//4661 5511//4664 5547//4700
f 5509//4662 5508//4661 5499//4652 5507//4660
f 5508//4661 5546//4699 5486//4639 5499//4652
f 5546//4699 5521//4674 5487//4640 5486//4639
f 5521//4674 5520//4673 5488//4641 5487//4640
f 5520//4673 5542//4695 5476//4629 5488//4641
f 5542//4695 5535//4688 5477//4630 5476//4629
f 5534//4687 5538//4691 5480//4633 5484//4637
f 5538//4691 5540//4693 5481//4634 5480//4633
f 5540//4693 5517//4670 5490//4643 5481//4634
f 5517//4670 5516//4669 5491//4644 5490//4643
f 5516//4669 5544//4697 5492//4645 5491//4644
f 5544//4697 5513//4666 5500//4653 5492//4645
f 5513//4666 5512//4665 5501//4654 5500//4653
f 5512//4665 5525//4678 5502//4655 5501//4654
f 5525//4678 5524//4677 5503//4656 5502//4655
f 5524//4677 5529//4682 5504//4657 5503//4656
f 5528//4681 5532//4685 5506//4659 5505//4658
f 5532//4685 5509//4662 5507//4660 5506//4659
f 5477//4630 5484//4637 5485//4638 5478//4631
f 5496//4649 5497//4650 5479//4632 5478//4631
f 5504//4657 5505//4658 5497//4650 5496//4649
f 5529//4682 5524//4677 5527//4680 5530//4683
f 5535//4688 5542//4695 5543//4696 5536//4689
f 5535//4688 5534//4687 5484//4637 5477//4630
f 5529//4682 5528//4681 5505//4658 5504//4657
f 5548//4701 5549//4702 5550//4703 5551//4704
f 5549//4702 5552//4705 5553//4705 5550//4703
f 5555//4706 5554//4706 5549//4702 5548//4701
l 5556 5561
l 5559 5560
l 5558 5559
l 5560 5561
l 5556 5557
l 5557 5558
