# Blender v2.92.0 OBJ File: 'model.blend'
# www.blender.org
o second_support
v 21.678024 -26.379471 -9.541598
v 21.678024 -31.467505 -5.302257
v 21.678024 -28.497456 -10.999183
v 21.678024 -31.552856 3.043882
v 21.678024 -24.292295 2.518185
v 21.678024 -26.217281 -9.735907
v 21.678024 -24.468370 0.315948
v 21.678024 -24.107754 -7.978215
v 21.678024 -24.495197 0.211746
v 21.678024 -24.545187 0.137064
v 21.678024 -24.618273 0.080469
v 21.678024 -24.707302 0.047497
v 21.678024 -24.824673 0.040037
v 21.678024 -24.206059 -3.748481
v 21.678024 -24.227541 -3.637630
v 21.678024 -24.277254 -3.548191
v 21.678024 -24.354467 -3.473025
v 21.678024 -24.449139 -3.421911
v 21.678024 -24.569136 -3.395033
v 21.678024 -27.296244 0.237646
v 21.678024 -27.539246 0.222200
v 21.678024 -27.783533 0.131733
v 21.678024 -27.984076 -0.023565
v 21.678024 -28.121244 -0.228485
v 21.678024 -28.176786 -0.444229
v 21.678024 -27.567518 -3.155305
v 21.678024 -27.804981 -3.101445
v 21.678024 -28.031790 -2.973311
v 21.678024 -28.205111 -2.788124
v 21.678024 -28.307976 -2.564013
v 21.678024 -28.328533 -2.342183
v 21.678026 -30.143948 -30.722576
v 21.678026 -29.217022 -27.745419
v 21.678026 -29.758213 -29.330595
v 21.678024 -26.397642 -18.919121
v 21.678024 -26.065126 -13.295933
v 21.678024 -26.189930 -17.077469
v 21.678024 -26.068220 -15.019238
v 21.678024 -28.468342 -25.960735
v 21.678024 -26.824596 -21.636677
v 21.678024 -27.891195 -24.600611
v 21.678024 -27.289543 -23.017895
v 18.144117 -26.379471 -9.541598
v 18.144117 -31.467503 -5.302257
v 18.144117 -28.497456 -10.999184
v 18.144117 -31.552855 3.043882
v 18.144119 -24.292295 2.518185
v 18.144117 -26.217281 -9.735907
v 18.144119 -24.468370 0.315948
v 18.144119 -24.107754 -7.978215
v 18.144119 -24.495197 0.211746
v 18.144119 -24.545187 0.137064
v 18.144119 -24.618273 0.080469
v 18.144119 -24.707302 0.047497
v 18.144119 -24.824673 0.040037
v 18.144119 -24.206059 -3.748481
v 18.144119 -24.227541 -3.637630
v 18.144119 -24.277254 -3.548191
v 18.144119 -24.354467 -3.473025
v 18.144119 -24.449139 -3.421911
v 18.144119 -24.569136 -3.395033
v 18.144117 -27.296242 0.237646
v 18.144117 -27.539246 0.222200
v 18.144117 -27.783533 0.131733
v 18.144117 -27.984076 -0.023565
v 18.144117 -28.121244 -0.228485
v 18.144117 -28.176786 -0.444229
v 18.144117 -27.567518 -3.155305
v 18.144117 -27.804981 -3.101445
v 18.144117 -28.031790 -2.973311
v 18.144117 -28.205111 -2.788124
v 18.144117 -28.307976 -2.564013
v 18.144117 -28.328533 -2.342183
v 18.144117 -30.143948 -30.722576
v 18.144117 -29.217022 -27.745419
v 18.144117 -29.758213 -29.330595
v 18.144119 -26.397642 -18.919121
v 18.144119 -26.065126 -13.295933
v 18.144119 -26.189930 -17.077469
v 18.144119 -26.068220 -15.019239
v 18.144119 -28.468342 -25.960735
v 18.144119 -26.824596 -21.636677
v 18.144119 -27.891195 -24.600611
v 18.144119 -27.289543 -23.017895
v 21.678026 -31.399607 -29.306923
v 21.576126 -31.517914 -29.286713
v 21.664373 -31.454332 -29.303041
v 21.627075 -31.497635 -29.295645
v 18.246017 -30.273785 -31.284256
v 18.144117 -30.245485 -31.161831
v 18.195068 -30.275873 -31.258415
v 18.157772 -30.265514 -31.213604
v 21.576126 -28.262564 -31.749166
v 21.576126 -28.109968 -31.672995
v 21.678026 -28.220945 -31.630470
v 21.576126 -28.200033 -31.747128
v 21.625893 -28.254467 -31.732204
v 21.624365 -28.196424 -31.733624
v 21.626152 -28.126110 -31.665726
v 21.576126 -28.144825 -31.719570
v 21.624584 -28.156328 -31.712841
v 21.662762 -28.239464 -31.689444
v 21.662914 -28.166157 -31.650379
v 21.651508 -28.185890 -31.703499
v 21.576126 -30.273785 -31.284256
v 21.678026 -30.245485 -31.161831
v 21.627075 -30.275873 -31.258415
v 21.664373 -30.265514 -31.213604
v 21.576126 -28.595501 -11.372583
v 21.678024 -28.467449 -11.365378
v 21.627075 -28.576517 -11.375057
v 21.664371 -28.529646 -11.372419
v 21.678024 -31.616106 -5.325859
v 21.576126 -31.737835 -5.345194
v 21.664373 -31.675503 -5.335293
v 21.627075 -31.720058 -5.342370
v 21.678024 -31.688025 3.188305
v 21.576126 -31.798748 3.306610
v 21.664371 -31.733253 3.236629
v 21.627075 -31.773781 3.279932
v 21.678024 -24.135897 2.639296
v 21.576126 -24.007782 2.738504
v 21.664371 -24.083563 2.679823
v 21.627075 -24.036671 2.716135
v 21.678024 -23.965588 -8.099503
v 21.576126 -23.839060 -8.099228
v 21.664371 -23.902325 -8.099370
v 21.627075 -23.856012 -8.099270
v 21.576126 -24.204687 0.275736
v 21.678024 -24.323421 0.293844
v 21.627075 -24.220728 0.278183
v 21.664371 -24.264189 0.284811
v 21.678024 -24.823814 -0.093649
v 21.576126 -24.823111 -0.203157
v 21.664371 -24.823463 -0.148281
v 21.627075 -24.823206 -0.188364
v 21.678024 -24.358141 0.158983
v 21.576126 -24.245872 0.115763
v 21.664371 -24.302509 0.137568
v 21.627075 -24.261415 0.121748
v 21.678024 -24.432093 0.048504
v 21.576126 -24.339451 -0.024038
v 21.664371 -24.386187 0.012560
v 21.627075 -24.352278 -0.013992
v 21.678024 -24.540211 -0.035221
v 21.576126 -24.476265 -0.129986
v 21.664371 -24.508526 -0.082178
v 21.627075 -24.485119 -0.116865
v 21.678024 -24.671913 -0.083994
v 21.576126 -24.642923 -0.191704
v 21.664371 -24.657547 -0.137369
v 21.627075 -24.646936 -0.176792
v 21.678024 -24.060162 -3.737348
v 21.576126 -23.940649 -3.728226
v 21.664371 -24.000534 -3.732797
v 21.627075 -23.956791 -3.729457
v 21.576126 -24.529346 -3.155147
v 21.678024 -24.547262 -3.263165
v 21.627075 -24.531765 -3.169733
v 21.664371 -24.538322 -3.209271
v 21.576126 -23.972647 -3.563120
v 21.678024 -24.087425 -3.596672
v 21.627075 -23.988483 -3.567750
v 21.664371 -24.030495 -3.580029
v 21.576126 -24.057940 -3.409665
v 21.678024 -24.156696 -3.472043
v 21.627075 -24.071543 -3.418256
v 21.664371 -24.107689 -3.441090
v 21.576126 -24.188177 -3.282882
v 21.678024 -24.263058 -3.368502
v 21.627075 -24.198490 -3.294673
v 21.664371 -24.225899 -3.326014
v 21.576126 -24.350613 -3.195180
v 21.678024 -24.394979 -3.297276
v 21.627075 -24.356735 -3.209268
v 21.664371 -24.372974 -3.246636
v 21.576126 -27.294682 -0.005548
v 21.678024 -27.295385 0.103960
v 21.627075 -27.294777 0.009245
v 21.664371 -27.295033 0.049328
v 21.678024 -28.031839 -0.466335
v 21.576126 -27.913103 -0.484442
v 21.664371 -27.972605 -0.475368
v 21.627075 -27.929144 -0.481995
v 21.678024 -27.503857 0.090710
v 21.576126 -27.474869 -0.017000
v 21.664371 -27.489492 0.037334
v 21.627075 -27.478882 -0.002089
v 21.678024 -27.705471 0.016045
v 21.576126 -27.641525 -0.078720
v 21.664371 -27.673784 -0.030912
v 21.627075 -27.650379 -0.065599
v 21.678024 -27.870981 -0.112123
v 21.576126 -27.778339 -0.184668
v 21.664371 -27.825077 -0.148071
v 21.627075 -27.791166 -0.174623
v 21.678024 -27.984190 -0.281248
v 21.576126 -27.871920 -0.324469
v 21.664371 -27.928556 -0.302664
v 21.627075 -27.887465 -0.318483
v 21.678024 -27.545429 -3.023454
v 21.576126 -27.527336 -2.915449
v 21.664371 -27.536404 -2.969574
v 21.627075 -27.529779 -2.930040
v 21.576126 -28.061811 -2.344378
v 21.678024 -28.181913 -2.343390
v 21.627075 -28.078037 -2.344245
v 21.664371 -28.121998 -2.343883
v 21.576126 -27.703413 -2.875512
v 21.678024 -27.749149 -2.977249
v 21.627075 -27.709745 -2.889597
v 21.664371 -27.726486 -2.926833
v 21.576126 -27.858147 -2.788096
v 21.678024 -27.936338 -2.871497
v 21.627075 -27.868973 -2.799644
v 21.664371 -27.897593 -2.830171
v 21.576126 -27.976391 -2.661757
v 21.678024 -28.079382 -2.718659
v 21.627075 -27.990650 -2.669636
v 21.664371 -28.028347 -2.690464
v 21.576126 -28.046568 -2.508862
v 21.678024 -28.164278 -2.533697
v 21.627075 -28.062866 -2.512302
v 21.664371 -28.105949 -2.521391
v 21.678026 -28.071753 -31.201576
v 21.576126 -27.955379 -31.228477
v 21.664373 -28.014204 -31.216866
v 21.627075 -27.971609 -31.226711
v 18.246017 -28.262564 -31.749166
v 18.144117 -28.220945 -31.630470
v 18.246017 -28.109968 -31.672995
v 18.196251 -28.254467 -31.732204
v 18.246017 -28.200035 -31.747128
v 18.197781 -28.196424 -31.733624
v 18.159231 -28.166157 -31.650379
v 18.159382 -28.239464 -31.689444
v 18.170635 -28.185888 -31.703495
v 18.246017 -28.144825 -31.719570
v 18.195992 -28.126110 -31.665726
v 18.197559 -28.156328 -31.712841
v 21.678026 -27.574581 -29.762880
v 21.576126 -27.457069 -29.786144
v 21.664375 -27.516685 -29.777000
v 21.627075 -27.473673 -29.785515
v 21.576126 -26.958757 -28.343811
v 21.678024 -27.073593 -28.313381
v 21.627075 -26.974541 -28.340885
v 21.664373 -27.016573 -28.329748
v 18.246017 -31.517914 -29.286713
v 18.144117 -31.399607 -29.306923
v 18.195068 -31.497635 -29.295645
v 18.157772 -31.454330 -29.303041
v 21.678026 -30.585722 -26.816580
v 21.576126 -30.704311 -26.797573
v 21.664373 -30.643751 -26.803925
v 21.627075 -30.687157 -26.796967
v 21.678024 -28.673872 -21.289009
v 21.576126 -28.788916 -21.267382
v 21.664371 -28.730648 -21.275885
v 21.627075 -28.772758 -21.267969
v 21.576126 -30.315193 -25.638220
v 21.678024 -30.198126 -25.660227
v 21.627075 -30.297707 -25.637102
v 21.664371 -30.254856 -25.645159
v 21.576126 -29.254688 -22.648443
v 21.678024 -29.138723 -22.670246
v 21.627075 -29.238096 -22.648457
v 21.664371 -29.195650 -22.656437
v 21.576126 -29.795652 -24.230156
v 21.678024 -29.679008 -24.252083
v 21.627075 -29.778561 -24.229515
v 21.664371 -29.735867 -24.237541
v 21.678024 -28.228580 -14.547230
v 21.576126 -28.352161 -14.618707
v 21.664371 -28.290926 -14.571244
v 21.627075 -28.336159 -14.597406
v 21.576126 -28.447060 -19.395863
v 21.678024 -28.319704 -19.322203
v 21.627075 -28.427898 -19.369606
v 21.664371 -28.381283 -19.342644
v 21.576126 -28.313728 -16.317993
v 21.678024 -28.189211 -16.245975
v 21.627075 -28.296873 -16.295095
v 21.664371 -28.251297 -16.268734
v 21.576126 -28.348801 -18.069057
v 21.678024 -28.222937 -17.996260
v 21.627075 -28.330790 -18.044346
v 21.664371 -28.284719 -18.017700
v 21.678024 -24.324312 -17.719950
v 21.576126 -24.195572 -17.645489
v 21.664373 -24.262186 -17.699318
v 21.627075 -24.215063 -17.672064
v 21.576126 -23.784546 -11.976892
v 21.678024 -23.910326 -12.049641
v 21.627075 -23.801468 -11.999722
v 21.664373 -23.847507 -12.026350
v 21.678024 -24.103788 -15.870887
v 21.576126 -23.976198 -15.797091
v 21.664373 -24.041491 -15.849504
v 21.627075 -23.994789 -15.822494
v 21.678024 -23.952282 -13.795423
v 21.576126 -23.825752 -13.722240
v 21.664373 -23.889717 -13.773060
v 21.627075 -23.843403 -13.746273
v 21.678024 -26.396259 -26.350292
v 21.576126 -26.278845 -26.372366
v 21.664373 -26.338400 -26.363861
v 21.627075 -26.295424 -26.371939
v 21.576126 -24.861235 -21.774689
v 21.678024 -24.977043 -21.752916
v 21.627075 -24.877457 -21.774006
v 21.664373 -24.919846 -21.766035
v 21.678024 -25.924644 -24.898893
v 21.576126 -25.806309 -24.916842
v 21.664373 -25.866493 -24.910995
v 21.627075 -25.823177 -24.917564
v 21.678024 -25.448908 -23.435215
v 21.576126 -25.333773 -23.461319
v 21.664373 -25.391857 -23.449860
v 21.627075 -25.349714 -23.459414
v 18.144117 -28.467449 -11.365377
v 18.246017 -28.595501 -11.372583
v 18.157770 -28.529646 -11.372419
v 18.195068 -28.576517 -11.375057
v 18.246017 -31.737835 -5.345194
v 18.144117 -31.616106 -5.325859
v 18.195068 -31.720058 -5.342370
v 18.157768 -31.675503 -5.335293
v 18.246017 -31.798748 3.306610
v 18.144117 -31.688023 3.188305
v 18.195068 -31.773781 3.279932
v 18.157768 -31.733253 3.236629
v 18.246017 -24.007782 2.738504
v 18.144119 -24.135897 2.639296
v 18.195068 -24.036671 2.716135
v 18.157772 -24.083563 2.679823
v 18.246017 -23.839060 -8.099228
v 18.144119 -23.965588 -8.099503
v 18.195068 -23.856012 -8.099270
v 18.157772 -23.902325 -8.099370
v 18.144119 -24.323421 0.293844
v 18.246017 -24.204687 0.275736
v 18.157772 -24.264189 0.284811
v 18.195068 -24.220728 0.278183
v 18.246017 -24.823111 -0.203157
v 18.144119 -24.823814 -0.093649
v 18.195068 -24.823206 -0.188364
v 18.157772 -24.823463 -0.148281
v 18.246017 -24.245871 0.115763
v 18.144119 -24.358141 0.158983
v 18.195068 -24.261415 0.121748
v 18.157772 -24.302509 0.137568
v 18.246017 -24.339451 -0.024038
v 18.144119 -24.432093 0.048504
v 18.195068 -24.352278 -0.013992
v 18.157772 -24.386187 0.012560
v 18.246017 -24.476265 -0.129986
v 18.144119 -24.540211 -0.035221
v 18.195068 -24.485119 -0.116865
v 18.157772 -24.508524 -0.082178
v 18.246017 -24.642923 -0.191704
v 18.144119 -24.671913 -0.083994
v 18.195068 -24.646936 -0.176792
v 18.157772 -24.657547 -0.137369
v 18.246017 -23.940649 -3.728226
v 18.144119 -24.060162 -3.737348
v 18.195068 -23.956789 -3.729457
v 18.157772 -24.000534 -3.732797
v 18.144119 -24.547262 -3.263165
v 18.246017 -24.529346 -3.155147
v 18.157772 -24.538322 -3.209271
v 18.195068 -24.531765 -3.169733
v 18.144119 -24.087423 -3.596672
v 18.246017 -23.972647 -3.563120
v 18.157772 -24.030495 -3.580029
v 18.195068 -23.988483 -3.567750
v 18.144119 -24.156696 -3.472043
v 18.246017 -24.057940 -3.409665
v 18.157772 -24.107689 -3.441090
v 18.195068 -24.071543 -3.418256
v 18.144119 -24.263058 -3.368502
v 18.246017 -24.188177 -3.282882
v 18.157772 -24.225899 -3.326014
v 18.195068 -24.198490 -3.294673
v 18.144119 -24.394979 -3.297276
v 18.246017 -24.350613 -3.195180
v 18.157772 -24.372974 -3.246636
v 18.195068 -24.356735 -3.209268
v 18.144117 -27.295383 0.103960
v 18.246017 -27.294682 -0.005548
v 18.157768 -27.295033 0.049328
v 18.195066 -27.294775 0.009245
v 18.246017 -27.913103 -0.484442
v 18.144117 -28.031837 -0.466335
v 18.195068 -27.929144 -0.481995
v 18.157768 -27.972605 -0.475368
v 18.246017 -27.474867 -0.017000
v 18.144117 -27.503857 0.090710
v 18.195068 -27.478882 -0.002089
v 18.157768 -27.489492 0.037334
v 18.246017 -27.641525 -0.078720
v 18.144117 -27.705471 0.016045
v 18.195068 -27.650379 -0.065599
v 18.157768 -27.673784 -0.030912
v 18.246017 -27.778339 -0.184668
v 18.144117 -27.870981 -0.112123
v 18.195068 -27.791166 -0.174623
v 18.157768 -27.825075 -0.148071
v 18.246017 -27.871920 -0.324469
v 18.144117 -27.984188 -0.281248
v 18.195068 -27.887465 -0.318483
v 18.157768 -27.928556 -0.302664
v 18.246017 -27.527334 -2.915449
v 18.144117 -27.545429 -3.023454
v 18.195068 -27.529779 -2.930040
v 18.157768 -27.536402 -2.969574
v 18.144117 -28.181913 -2.343390
v 18.246017 -28.061810 -2.344378
v 18.157768 -28.121998 -2.343883
v 18.195068 -28.078037 -2.344245
v 18.144117 -27.749149 -2.977249
v 18.246017 -27.703413 -2.875512
v 18.157768 -27.726484 -2.926833
v 18.195068 -27.709745 -2.889597
v 18.144117 -27.936337 -2.871497
v 18.246017 -27.858147 -2.788096
v 18.157768 -27.897593 -2.830172
v 18.195068 -27.868973 -2.799644
v 18.144117 -28.079382 -2.718659
v 18.246017 -27.976389 -2.661757
v 18.157768 -28.028347 -2.690464
v 18.195068 -27.990650 -2.669636
v 18.144117 -28.164278 -2.533697
v 18.246017 -28.046568 -2.508862
v 18.157768 -28.105949 -2.521391
v 18.195068 -28.062866 -2.512302
v 18.246017 -27.955379 -31.228477
v 18.144117 -28.071753 -31.201576
v 18.195068 -27.971609 -31.226711
v 18.157772 -28.014204 -31.216866
v 18.246019 -27.457069 -29.786144
v 18.144119 -27.574581 -29.762880
v 18.195068 -27.473671 -29.785515
v 18.157770 -27.516684 -29.777000
v 18.144119 -27.073593 -28.313381
v 18.246019 -26.958757 -28.343811
v 18.157770 -27.016573 -28.329750
v 18.195068 -26.974539 -28.340885
v 18.246017 -30.704311 -26.797573
v 18.144117 -30.585722 -26.816580
v 18.195068 -30.687157 -26.796967
v 18.157772 -30.643749 -26.803925
v 18.246017 -28.788914 -21.267382
v 18.144117 -28.673872 -21.289009
v 18.195068 -28.772757 -21.267969
v 18.157770 -28.730648 -21.275887
v 18.144117 -30.198126 -25.660227
v 18.246017 -30.315193 -25.638220
v 18.157772 -30.254856 -25.645159
v 18.195068 -30.297707 -25.637102
v 18.144117 -29.138723 -22.670246
v 18.246017 -29.254688 -22.648443
v 18.157772 -29.195650 -22.656437
v 18.195068 -29.238096 -22.648457
v 18.144117 -29.679008 -24.252083
v 18.246017 -29.795652 -24.230156
v 18.157772 -29.735867 -24.237541
v 18.195068 -29.778561 -24.229515
v 18.246017 -28.352161 -14.618708
v 18.144117 -28.228579 -14.547230
v 18.195068 -28.336159 -14.597406
v 18.157770 -28.290926 -14.571244
v 18.144117 -28.319704 -19.322203
v 18.246017 -28.447060 -19.395863
v 18.157770 -28.381283 -19.342646
v 18.195068 -28.427898 -19.369606
v 18.144117 -28.189211 -16.245975
v 18.246017 -28.313728 -16.317993
v 18.157770 -28.251297 -16.268734
v 18.195068 -28.296873 -16.295095
v 18.144117 -28.222937 -17.996260
v 18.246017 -28.348801 -18.069057
v 18.157770 -28.284719 -18.017700
v 18.195068 -28.330790 -18.044346
v 18.246019 -24.195572 -17.645489
v 18.144119 -24.324310 -17.719950
v 18.195068 -24.215063 -17.672064
v 18.157772 -24.262186 -17.699318
v 18.144119 -23.910326 -12.049641
v 18.246017 -23.784546 -11.976892
v 18.157772 -23.847507 -12.026349
v 18.195068 -23.801468 -11.999722
v 18.246019 -23.976198 -15.797091
v 18.144119 -24.103788 -15.870887
v 18.195068 -23.994789 -15.822494
v 18.157772 -24.041491 -15.849504
v 18.246017 -23.825752 -13.722240
v 18.144119 -23.952282 -13.795423
v 18.195068 -23.843403 -13.746273
v 18.157772 -23.889717 -13.773060
v 18.246019 -26.278845 -26.372366
v 18.144119 -26.396259 -26.350292
v 18.195068 -26.295424 -26.371939
v 18.157770 -26.338400 -26.363861
v 18.144119 -24.977043 -21.752916
v 18.246019 -24.861235 -21.774689
v 18.157772 -24.919844 -21.766037
v 18.195068 -24.877457 -21.774006
v 18.246019 -25.806309 -24.916842
v 18.144119 -25.924644 -24.898893
v 18.195068 -25.823177 -24.917564
v 18.157772 -25.866491 -24.910995
v 18.246019 -25.333773 -23.461319
v 18.144119 -25.448906 -23.435215
v 18.195068 -25.349714 -23.459414
v 18.157772 -25.391857 -23.449860
v 21.678024 -26.611120 -20.277899
v 18.144119 -26.611120 -20.277899
v 21.678024 -28.460964 -20.417057
v 21.664371 -28.520142 -20.420715
v 21.627075 -28.564505 -20.430239
v 21.576126 -28.582163 -20.443073
v 21.678024 -24.634171 -19.885000
v 21.664373 -24.574509 -19.881245
v 21.627075 -24.529753 -19.871603
v 21.576126 -24.511896 -19.858656
v 18.246017 -28.582163 -20.443073
v 18.195068 -28.564505 -20.430239
v 18.157770 -28.520142 -20.420717
v 18.144117 -28.460964 -20.417057
v 18.246019 -24.511896 -19.858656
v 18.195068 -24.529753 -19.871603
v 18.157772 -24.574507 -19.881245
v 18.144119 -24.634169 -19.885000
v 21.678024 -30.553959 -6.518983
v 21.678024 -28.842707 -9.879293
v 21.678024 -29.905319 -7.527731
v 21.678024 -29.278957 -8.757690
v 18.144117 -28.842707 -9.879292
v 18.144117 -30.553957 -6.518985
v 18.144117 -29.278957 -8.757691
v 18.144117 -29.905319 -7.527733
v 21.678024 -28.907709 -9.989537
v 21.678024 -30.599079 -6.705137
v 21.678024 -29.339287 -8.908943
v 21.678024 -29.958370 -7.706768
v 21.664373 -28.976599 -9.974235
v 21.664373 -30.647926 -6.729210
v 21.664373 -29.402527 -8.907532
v 21.664373 -30.014277 -7.719770
v 21.627075 -29.027359 -9.964066
v 21.627075 -30.683929 -6.747577
v 21.627075 -29.449463 -8.906689
v 21.627075 -30.055809 -7.729372
v 21.576126 -30.697220 -6.755598
v 21.576126 -29.047985 -9.956805
v 21.576126 -30.071945 -7.732478
v 21.576126 -29.468283 -8.904201
v 18.246017 -29.047985 -9.956805
v 18.246017 -30.697220 -6.755598
v 18.246017 -29.468283 -8.904201
v 18.246017 -30.071943 -7.732478
v 18.195068 -29.027361 -9.964065
v 18.195068 -30.683929 -6.747578
v 18.195068 -29.449463 -8.906688
v 18.195068 -30.055809 -7.729373
v 18.157770 -28.976599 -9.974234
v 18.157768 -30.647926 -6.729211
v 18.157768 -29.402531 -8.907532
v 18.157768 -30.014278 -7.719771
v 18.144117 -30.599077 -6.705137
v 18.144117 -28.907709 -9.989536
v 18.144117 -29.958372 -7.706767
v 18.144117 -29.339287 -8.908941
v -19.207705 -26.379471 -9.541599
v -19.207705 -31.467503 -5.302257
v -19.207708 -28.497454 -10.999185
v -19.207705 -31.552853 3.043882
v -19.207705 -24.292295 2.518187
v -19.207705 -26.217279 -9.735908
v -19.207705 -24.468369 0.315948
v -19.207705 -24.107752 -7.978214
v -19.207705 -24.495195 0.211746
v -19.207705 -24.545185 0.137064
v -19.207705 -24.618273 0.080469
v -19.207705 -24.707302 0.047497
v -19.207705 -24.824671 0.040035
v -19.207705 -24.206059 -3.748480
v -19.207705 -24.227541 -3.637630
v -19.207705 -24.277252 -3.548190
v -19.207705 -24.354465 -3.473025
v -19.207705 -24.449139 -3.421911
v -19.207705 -24.569134 -3.395033
v -19.207705 -27.296242 0.237644
v -19.207705 -27.539246 0.222200
v -19.207705 -27.783533 0.131731
v -19.207705 -27.984076 -0.023565
v -19.207705 -28.121244 -0.228485
v -19.207705 -28.176785 -0.444231
v -19.207705 -27.567516 -3.155305
v -19.207705 -27.804979 -3.101445
v -19.207705 -28.031788 -2.973310
v -19.207705 -28.205109 -2.788123
v -19.207705 -28.307976 -2.564012
v -19.207705 -28.328531 -2.342183
v -19.207708 -30.143948 -30.722576
v -19.207708 -29.217022 -27.745420
v -19.207708 -29.758211 -29.330597
v -19.207705 -26.397642 -18.919123
v -19.207705 -26.065126 -13.295935
v -19.207705 -26.189928 -17.077469
v -19.207705 -26.068220 -15.019239
v -19.207705 -28.468342 -25.960737
v -19.207705 -26.824596 -21.636679
v -19.207705 -27.891193 -24.600615
v -19.207705 -27.289541 -23.017899
v -22.741613 -26.379471 -9.541599
v -22.741613 -31.467501 -5.302257
v -22.741613 -28.497454 -10.999185
v -22.741613 -31.552853 3.043882
v -22.741610 -24.292294 2.518187
v -22.741613 -26.217279 -9.735908
v -22.741610 -24.468369 0.315948
v -22.741610 -24.107752 -7.978214
v -22.741610 -24.495195 0.211746
v -22.741610 -24.545185 0.137064
v -22.741610 -24.618273 0.080467
v -22.741610 -24.707300 0.047497
v -22.741610 -24.824671 0.040035
v -22.741610 -24.206057 -3.748480
v -22.741610 -24.227539 -3.637630
v -22.741610 -24.277252 -3.548191
v -22.741610 -24.354465 -3.473025
v -22.741610 -24.449139 -3.421911
v -22.741610 -24.569134 -3.395034
v -22.741613 -27.296242 0.237644
v -22.741613 -27.539246 0.222200
v -22.741613 -27.783531 0.131731
v -22.741613 -27.984074 -0.023565
v -22.741613 -28.121243 -0.228485
v -22.741613 -28.176785 -0.444231
v -22.741613 -27.567516 -3.155305
v -22.741613 -27.804979 -3.101445
v -22.741613 -28.031788 -2.973310
v -22.741613 -28.205109 -2.788123
v -22.741613 -28.307976 -2.564012
v -22.741613 -28.328531 -2.342183
v -22.741613 -30.143946 -30.722576
v -22.741613 -29.217022 -27.745420
v -22.741613 -29.758211 -29.330597
v -22.741613 -26.397642 -18.919123
v -22.741613 -26.065125 -13.295935
v -22.741613 -26.189928 -17.077471
v -22.741613 -26.068218 -15.019240
v -22.741613 -28.468342 -25.960737
v -22.741613 -26.824596 -21.636681
v -22.741613 -27.891193 -24.600615
v -22.741613 -27.289541 -23.017899
v -19.207708 -31.399605 -29.306927
v -19.309607 -31.517914 -29.286715
v -19.221359 -31.454330 -29.303045
v -19.258657 -31.497635 -29.295647
v -22.639715 -30.273783 -31.284260
v -22.741613 -30.245483 -31.161835
v -22.690664 -30.275871 -31.258415
v -22.727961 -30.265514 -31.213608
v -19.309607 -28.262562 -31.749168
v -19.309607 -28.109966 -31.672997
v -19.207708 -28.220945 -31.630474
v -19.309607 -28.200033 -31.747129
v -19.259840 -28.254465 -31.732208
v -19.261368 -28.196423 -31.733627
v -19.259581 -28.126110 -31.665728
v -19.309607 -28.144825 -31.719572
v -19.261150 -28.156326 -31.712843
v -19.222973 -28.239462 -31.689445
v -19.222818 -28.166155 -31.650383
v -19.234224 -28.185888 -31.703503
v -19.309607 -30.273785 -31.284260
v -19.207708 -30.245483 -31.161835
v -19.258657 -30.275873 -31.258415
v -19.221359 -30.265514 -31.213608
v -19.309607 -28.595501 -11.372585
v -19.207708 -28.467449 -11.365379
v -19.258657 -28.576515 -11.375059
v -19.221359 -28.529646 -11.372421
v -19.207705 -31.616104 -5.325859
v -19.309607 -31.737833 -5.345193
v -19.221359 -31.675501 -5.335293
v -19.258657 -31.720057 -5.342371
v -19.207705 -31.688023 3.188307
v -19.309607 -31.798746 3.306612
v -19.221359 -31.733252 3.236631
v -19.258657 -31.773779 3.279934
v -19.207706 -24.135897 2.639297
v -19.309608 -24.007782 2.738506
v -19.221361 -24.083563 2.679823
v -19.258659 -24.036671 2.716135
v -19.207705 -23.965586 -8.099502
v -19.309607 -23.839060 -8.099228
v -19.221359 -23.902323 -8.099370
v -19.258657 -23.856010 -8.099269
v -19.309607 -24.204687 0.275736
v -19.207705 -24.323421 0.293844
v -19.258657 -24.220728 0.278181
v -19.221359 -24.264187 0.284809
v -19.207705 -24.823812 -0.093649
v -19.309607 -24.823109 -0.203157
v -19.221359 -24.823462 -0.148281
v -19.258657 -24.823204 -0.188364
v -19.207705 -24.358139 0.158983
v -19.309607 -24.245871 0.115763
v -19.221359 -24.302507 0.137566
v -19.258657 -24.261414 0.121748
v -19.207705 -24.432091 0.048504
v -19.309607 -24.339451 -0.024038
v -19.221359 -24.386187 0.012558
v -19.258657 -24.352276 -0.013994
v -19.207705 -24.540211 -0.035221
v -19.309607 -24.476265 -0.129986
v -19.221359 -24.508524 -0.082178
v -19.258657 -24.485119 -0.116865
v -19.207705 -24.671911 -0.083994
v -19.309607 -24.642921 -0.191704
v -19.221359 -24.657547 -0.137369
v -19.258657 -24.646936 -0.176792
v -19.207705 -24.060160 -3.737347
v -19.309607 -23.940647 -3.728226
v -19.221359 -24.000534 -3.732797
v -19.258657 -23.956789 -3.729458
v -19.309607 -24.529345 -3.155146
v -19.207705 -24.547262 -3.263165
v -19.258657 -24.531765 -3.169732
v -19.221359 -24.538322 -3.209270
v -19.309607 -23.972645 -3.563120
v -19.207705 -24.087423 -3.596671
v -19.258657 -23.988483 -3.567749
v -19.221359 -24.030495 -3.580029
v -19.309607 -24.057938 -3.409665
v -19.207705 -24.156694 -3.472043
v -19.258657 -24.071541 -3.418257
v -19.221359 -24.107689 -3.441089
v -19.309607 -24.188177 -3.282881
v -19.207705 -24.263056 -3.368502
v -19.258657 -24.198490 -3.294673
v -19.221359 -24.225899 -3.326014
v -19.309607 -24.350613 -3.195179
v -19.207705 -24.394978 -3.297276
v -19.258657 -24.356733 -3.209268
v -19.221359 -24.372972 -3.246635
v -19.309607 -27.294680 -0.005548
v -19.207705 -27.295383 0.103960
v -19.258657 -27.294775 0.009245
v -19.221359 -27.295033 0.049328
v -19.207705 -28.031837 -0.466335
v -19.309607 -27.913103 -0.484444
v -19.221359 -27.972603 -0.475368
v -19.258657 -27.929144 -0.481995
v -19.207705 -27.503857 0.090710
v -19.309607 -27.474867 -0.017000
v -19.221359 -27.489491 0.037334
v -19.258657 -27.478880 -0.002089
v -19.207705 -27.705469 0.016045
v -19.309607 -27.641525 -0.078720
v -19.221359 -27.673784 -0.030912
v -19.258657 -27.650377 -0.065599
v -19.207705 -27.870981 -0.112123
v -19.309607 -27.778339 -0.184668
v -19.221359 -27.825075 -0.148071
v -19.258657 -27.791166 -0.174623
v -19.207705 -27.984188 -0.281248
v -19.309607 -27.871918 -0.324469
v -19.221359 -27.928556 -0.302666
v -19.258657 -27.887463 -0.318483
v -19.207705 -27.545429 -3.023454
v -19.309607 -27.527334 -2.915449
v -19.221359 -27.536402 -2.969573
v -19.258657 -27.529779 -2.930039
v -19.309607 -28.061810 -2.344378
v -19.207705 -28.181913 -2.343390
v -19.258657 -28.078035 -2.344245
v -19.221359 -28.121996 -2.343882
v -19.309607 -27.703413 -2.875512
v -19.207705 -27.749147 -2.977248
v -19.258657 -27.709743 -2.889596
v -19.221359 -27.726484 -2.926833
v -19.309607 -27.858147 -2.788096
v -19.207705 -27.936337 -2.871497
v -19.258657 -27.868971 -2.799644
v -19.221359 -27.897591 -2.830171
v -19.309607 -27.976389 -2.661757
v -19.207705 -28.079380 -2.718658
v -19.258657 -27.990648 -2.669635
v -19.221359 -28.028345 -2.690463
v -19.309607 -28.046566 -2.508862
v -19.207705 -28.164278 -2.533696
v -19.258657 -28.062864 -2.512302
v -19.221359 -28.105949 -2.521391
v -19.207708 -28.071753 -31.201580
v -19.309607 -27.955379 -31.228479
v -19.221359 -28.014204 -31.216869
v -19.258657 -27.971607 -31.226715
v -22.639715 -28.262562 -31.749168
v -22.741613 -28.220943 -31.630474
v -22.639715 -28.109966 -31.672997
v -22.689482 -28.254465 -31.732208
v -22.639715 -28.200033 -31.747131
v -22.687952 -28.196423 -31.733627
v -22.726503 -28.166155 -31.650383
v -22.726351 -28.239462 -31.689445
v -22.715097 -28.185888 -31.703499
v -22.639715 -28.144825 -31.719572
v -22.689741 -28.126110 -31.665728
v -22.688173 -28.156326 -31.712843
v -19.207705 -27.574581 -29.762882
v -19.309607 -27.457067 -29.786148
v -19.221359 -27.516684 -29.777004
v -19.258657 -27.473671 -29.785519
v -19.309607 -26.958755 -28.343813
v -19.207705 -27.073591 -28.313385
v -19.258657 -26.974539 -28.340889
v -19.221359 -27.016571 -28.329750
v -22.639715 -31.517914 -29.286715
v -22.741613 -31.399605 -29.306927
v -22.690664 -31.497633 -29.295647
v -22.727961 -31.454330 -29.303045
v -19.207708 -30.585720 -26.816582
v -19.309607 -30.704311 -26.797575
v -19.221359 -30.643749 -26.803926
v -19.258657 -30.687157 -26.796970
v -19.207708 -28.673870 -21.289011
v -19.309607 -28.788914 -21.267384
v -19.221359 -28.730648 -21.275888
v -19.258657 -28.772757 -21.267971
v -19.309607 -30.315191 -25.638222
v -19.207708 -30.198124 -25.660231
v -19.258657 -30.297705 -25.637106
v -19.221359 -30.254856 -25.645161
v -19.309607 -29.254688 -22.648445
v -19.207708 -29.138721 -22.670248
v -19.258657 -29.238094 -22.648460
v -19.221359 -29.195648 -22.656439
v -19.309607 -29.795652 -24.230158
v -19.207708 -29.679008 -24.252087
v -19.258657 -29.778561 -24.229519
v -19.221359 -29.735865 -24.237545
v -19.207708 -28.228579 -14.547232
v -19.309607 -28.352160 -14.618709
v -19.221359 -28.290924 -14.571245
v -19.258657 -28.336159 -14.597407
v -19.309607 -28.447058 -19.395864
v -19.207708 -28.319702 -19.322205
v -19.258657 -28.427896 -19.369608
v -19.221359 -28.381281 -19.342648
v -19.309607 -28.313726 -16.317995
v -19.207708 -28.189209 -16.245977
v -19.258657 -28.296873 -16.295095
v -19.221359 -28.251297 -16.268736
v -19.309607 -28.348801 -18.069059
v -19.207708 -28.222935 -17.996262
v -19.258657 -28.330788 -18.044348
v -19.221359 -28.284718 -18.017702
v -19.207705 -24.324310 -17.719950
v -19.309607 -24.195570 -17.645491
v -19.221359 -24.262184 -17.699320
v -19.258657 -24.215063 -17.672066
v -19.309607 -23.784544 -11.976893
v -19.207705 -23.910324 -12.049643
v -19.258657 -23.801468 -11.999723
v -19.221359 -23.847506 -12.026350
v -19.207705 -24.103786 -15.870888
v -19.309607 -23.976196 -15.797092
v -19.221359 -24.041491 -15.849505
v -19.258657 -23.994789 -15.822495
v -19.207705 -23.952280 -13.795425
v -19.309607 -23.825750 -13.722242
v -19.221359 -23.889715 -13.773062
v -19.258657 -23.843403 -13.746275
v -19.207705 -26.396257 -26.350296
v -19.309607 -26.278845 -26.372368
v -19.221359 -26.338400 -26.363861
v -19.258657 -26.295424 -26.371941
v -19.309607 -24.861233 -21.774691
v -19.207705 -24.977041 -21.752918
v -19.258657 -24.877457 -21.774008
v -19.221359 -24.919844 -21.766039
v -19.207705 -25.924644 -24.898895
v -19.309607 -25.806307 -24.916843
v -19.221359 -25.866491 -24.910999
v -19.258657 -25.823177 -24.917568
v -19.207705 -25.448906 -23.435217
v -19.309607 -25.333771 -23.461321
v -19.221359 -25.391855 -23.449862
v -19.258657 -25.349714 -23.459415
v -22.741613 -28.467449 -11.365379
v -22.639715 -28.595499 -11.372585
v -22.727961 -28.529646 -11.372421
v -22.690664 -28.576515 -11.375059
v -22.639715 -31.737833 -5.345194
v -22.741613 -31.616104 -5.325859
v -22.690664 -31.720057 -5.342371
v -22.727964 -31.675501 -5.335293
v -22.639715 -31.798746 3.306612
v -22.741613 -31.688023 3.188307
v -22.690664 -31.773779 3.279934
v -22.727964 -31.733252 3.236631
v -22.639715 -24.007782 2.738506
v -22.741610 -24.135895 2.639297
v -22.690664 -24.036669 2.716135
v -22.727961 -24.083561 2.679823
v -22.639715 -23.839058 -8.099228
v -22.741610 -23.965586 -8.099502
v -22.690664 -23.856010 -8.099269
v -22.727961 -23.902323 -8.099370
v -22.741610 -24.323421 0.293844
v -22.639715 -24.204685 0.275736
v -22.727961 -24.264187 0.284809
v -22.690664 -24.220728 0.278181
v -22.639715 -24.823109 -0.203157
v -22.741610 -24.823812 -0.093649
v -22.690664 -24.823204 -0.188364
v -22.727961 -24.823462 -0.148281
v -22.639715 -24.245871 0.115763
v -22.741610 -24.358139 0.158983
v -22.690664 -24.261414 0.121748
v -22.727961 -24.302507 0.137566
v -22.639715 -24.339449 -0.024038
v -22.741610 -24.432091 0.048504
v -22.690664 -24.352276 -0.013994
v -22.727961 -24.386185 0.012558
v -22.639715 -24.476265 -0.129986
v -22.741610 -24.540211 -0.035221
v -22.690664 -24.485117 -0.116865
v -22.727961 -24.508524 -0.082178
v -22.639715 -24.642921 -0.191704
v -22.741610 -24.671911 -0.083994
v -22.690664 -24.646935 -0.176792
v -22.727961 -24.657547 -0.137369
v -22.639715 -23.940647 -3.728226
v -22.741610 -24.060160 -3.737347
v -22.690664 -23.956789 -3.729458
v -22.727961 -24.000534 -3.732797
v -22.741610 -24.547262 -3.263165
v -22.639715 -24.529345 -3.155146
v -22.727961 -24.538322 -3.209270
v -22.690664 -24.531763 -3.169732
v -22.741610 -24.087423 -3.596671
v -22.639715 -23.972645 -3.563120
v -22.727961 -24.030495 -3.580029
v -22.690664 -23.988483 -3.567749
v -22.741610 -24.156694 -3.472043
v -22.639715 -24.057938 -3.409665
v -22.727961 -24.107689 -3.441090
v -22.690664 -24.071541 -3.418257
v -22.741610 -24.263056 -3.368502
v -22.639715 -24.188177 -3.282881
v -22.727961 -24.225899 -3.326014
v -22.690664 -24.198490 -3.294673
v -22.741610 -24.394978 -3.297276
v -22.639715 -24.350613 -3.195179
v -22.727961 -24.372972 -3.246635
v -22.690664 -24.356733 -3.209268
v -22.741613 -27.295383 0.103960
v -22.639715 -27.294680 -0.005548
v -22.727964 -27.295033 0.049328
v -22.690664 -27.294775 0.009245
v -22.639715 -27.913103 -0.484444
v -22.741613 -28.031837 -0.466335
v -22.690664 -27.929144 -0.481995
v -22.727964 -27.972603 -0.475368
v -22.639715 -27.474867 -0.017000
v -22.741613 -27.503857 0.090710
v -22.690664 -27.478880 -0.002090
v -22.727964 -27.489491 0.037334
v -22.639715 -27.641523 -0.078720
v -22.741613 -27.705469 0.016045
v -22.690664 -27.650377 -0.065599
v -22.727964 -27.673784 -0.030912
v -22.639715 -27.778339 -0.184668
v -22.741613 -27.870981 -0.112123
v -22.690664 -27.791164 -0.174623
v -22.727964 -27.825075 -0.148071
v -22.639715 -27.871918 -0.324469
v -22.741613 -27.984188 -0.281248
v -22.690664 -27.887463 -0.318483
v -22.727964 -27.928556 -0.302666
v -22.639715 -27.527334 -2.915449
v -22.741613 -27.545427 -3.023454
v -22.690664 -27.529778 -2.930039
v -22.727964 -27.536402 -2.969573
v -22.741613 -28.181913 -2.343390
v -22.639715 -28.061810 -2.344378
v -22.727964 -28.121996 -2.343882
v -22.690664 -28.078035 -2.344245
v -22.741613 -27.749147 -2.977248
v -22.639715 -27.703411 -2.875512
v -22.727964 -27.726484 -2.926834
v -22.690664 -27.709743 -2.889596
v -22.741613 -27.936337 -2.871497
v -22.639715 -27.858147 -2.788096
v -22.727964 -27.897591 -2.830171
v -22.690664 -27.868971 -2.799644
v -22.741613 -28.079380 -2.718658
v -22.639715 -27.976389 -2.661757
v -22.727964 -28.028345 -2.690463
v -22.690664 -27.990648 -2.669635
v -22.741613 -28.164276 -2.533696
v -22.639715 -28.046566 -2.508863
v -22.727964 -28.105949 -2.521391
v -22.690664 -28.062864 -2.512302
v -22.639715 -27.955379 -31.228479
v -22.741613 -28.071753 -31.201580
v -22.690664 -27.971607 -31.226715
v -22.727961 -28.014202 -31.216869
v -22.639715 -27.457067 -29.786148
v -22.741613 -27.574581 -29.762882
v -22.690664 -27.473671 -29.785519
v -22.727964 -27.516684 -29.777004
v -22.741613 -27.073591 -28.313385
v -22.639715 -26.958755 -28.343813
v -22.727964 -27.016571 -28.329750
v -22.690664 -26.974539 -28.340889
v -22.639715 -30.704311 -26.797575
v -22.741613 -30.585720 -26.816582
v -22.690664 -30.687157 -26.796970
v -22.727961 -30.643749 -26.803925
v -22.639715 -28.788914 -21.267384
v -22.741613 -28.673870 -21.289013
v -22.690664 -28.772757 -21.267971
v -22.727961 -28.730648 -21.275888
v -22.741613 -30.198124 -25.660231
v -22.639715 -30.315191 -25.638222
v -22.727961 -30.254856 -25.645161
v -22.690664 -30.297705 -25.637106
v -22.741613 -29.138721 -22.670248
v -22.639715 -29.254688 -22.648447
v -22.727961 -29.195648 -22.656441
v -22.690664 -29.238094 -22.648460
v -22.741613 -29.679008 -24.252087
v -22.639715 -29.795652 -24.230158
v -22.727961 -29.735865 -24.237545
v -22.690664 -29.778559 -24.229519
v -22.639715 -28.352160 -14.618709
v -22.741613 -28.228579 -14.547232
v -22.690664 -28.336159 -14.597408
v -22.727961 -28.290924 -14.571245
v -22.741613 -28.319702 -19.322205
v -22.639715 -28.447058 -19.395864
v -22.727961 -28.381281 -19.342648
v -22.690664 -28.427896 -19.369608
v -22.741613 -28.189209 -16.245977
v -22.639715 -28.313726 -16.317995
v -22.727961 -28.251295 -16.268736
v -22.690664 -28.296871 -16.295095
v -22.741613 -28.222935 -17.996262
v -22.639715 -28.348801 -18.069059
v -22.727961 -28.284718 -18.017702
v -22.690664 -28.330788 -18.044348
v -22.639715 -24.195570 -17.645491
v -22.741610 -24.324310 -17.719952
v -22.690664 -24.215063 -17.672066
v -22.727961 -24.262184 -17.699320
v -22.741610 -23.910324 -12.049643
v -22.639715 -23.784544 -11.976893
v -22.727961 -23.847506 -12.026350
v -22.690664 -23.801468 -11.999723
v -22.639715 -23.976196 -15.797093
v -22.741610 -24.103786 -15.870889
v -22.690664 -23.994789 -15.822495
v -22.727961 -24.041489 -15.849505
v -22.639715 -23.825750 -13.722242
v -22.741610 -23.952280 -13.795425
v -22.690664 -23.843403 -13.746275
v -22.727961 -23.889715 -13.773062
v -22.639715 -26.278845 -26.372368
v -22.741613 -26.396257 -26.350296
v -22.690664 -26.295424 -26.371941
v -22.727964 -26.338400 -26.363861
v -22.741610 -24.977041 -21.752918
v -22.639715 -24.861233 -21.774691
v -22.727961 -24.919844 -21.766039
v -22.690664 -24.877455 -21.774010
v -22.639715 -25.806309 -24.916843
v -22.741610 -25.924644 -24.898895
v -22.690664 -25.823177 -24.917568
v -22.727961 -25.866491 -24.910999
v -22.639715 -25.333771 -23.461321
v -22.741610 -25.448906 -23.435217
v -22.690664 -25.349712 -23.459415
v -22.727961 -25.391855 -23.449862
v -19.207705 -26.611118 -20.277901
v -22.741613 -26.611118 -20.277901
v -19.207708 -28.460962 -20.417061
v -19.221359 -28.520142 -20.420719
v -19.258657 -28.564503 -20.430241
v -19.309607 -28.582163 -20.443075
v -19.207705 -24.634169 -19.885002
v -19.221359 -24.574507 -19.881247
v -19.258657 -24.529753 -19.871605
v -19.309607 -24.511894 -19.858658
v -22.639715 -28.582161 -20.443075
v -22.690664 -28.564503 -20.430241
v -22.727961 -28.520140 -20.420719
v -22.741613 -28.460962 -20.417061
v -22.639715 -24.511894 -19.858658
v -22.690664 -24.529751 -19.871605
v -22.727961 -24.574507 -19.881247
v -22.741610 -24.634169 -19.885002
v -19.207705 -30.553957 -6.518982
v -19.207708 -28.842705 -9.879293
v -19.207705 -29.905317 -7.527732
v -19.207705 -29.278957 -8.757690
v -22.741613 -28.842705 -9.879292
v -22.741613 -30.553955 -6.518984
v -22.741613 -29.278957 -8.757691
v -22.741613 -29.905317 -7.527732
v -19.207708 -28.907707 -9.989537
v -19.207705 -30.599077 -6.705136
v -19.207705 -29.339287 -8.908943
v -19.207705 -29.958370 -7.706769
v -19.221359 -28.976599 -9.974235
v -19.221359 -30.647926 -6.729210
v -19.221359 -29.402527 -8.907532
v -19.221359 -30.014275 -7.719770
v -19.258657 -29.027359 -9.964066
v -19.258657 -30.683928 -6.747576
v -19.258657 -29.449461 -8.906690
v -19.258657 -30.055807 -7.729372
v -19.309607 -30.697220 -6.755598
v -19.309607 -29.047983 -9.956806
v -19.309607 -30.071943 -7.732478
v -19.309607 -29.468281 -8.904201
v -22.639715 -29.047983 -9.956806
v -22.639715 -30.697218 -6.755598
v -22.639715 -29.468281 -8.904201
v -22.639715 -30.071943 -7.732478
v -22.690664 -29.027359 -9.964065
v -22.690664 -30.683928 -6.747577
v -22.690664 -29.449461 -8.906689
v -22.690664 -30.055807 -7.729373
v -22.727961 -28.976599 -9.974234
v -22.727964 -30.647924 -6.729210
v -22.727964 -29.402529 -8.907532
v -22.727964 -30.014277 -7.719770
v -22.741613 -30.599075 -6.705136
v -22.741613 -28.907707 -9.989536
v -22.741613 -29.958370 -7.706768
v -22.741613 -29.339287 -8.908942
vt 0.000000 0.000000
vt 0.000000 0.000000
vt 0.000000 0.000000
vt 0.000000 0.000000
vt 0.000000 0.000000
vt 0.000000 0.000000
vt 0.000000 0.000000
vt 0.000000 0.000000
vt 0.000000 0.000000
vt 0.000000 0.000000
vt 0.000000 0.000000
vt 0.000000 0.000000
vt 0.000000 0.000000
vt 0.000000 0.000000
vt 0.000000 0.000000
vt 0.000000 0.000000
vt 0.000000 0.000000
vt 0.000000 0.000000
vt 0.038062 1.000000
vt 0.202083 1.000000
vt 0.202083 1.000000
vt 1.000000 0.001045
vt 0.000000 0.000000
vt 0.000000 0.000000
vt 0.000000 0.000000
vt 0.000000 0.000000
vt 0.000000 0.000000
vt 0.000000 0.000000
vt 0.000000 0.000000
vt 0.000000 0.000000
vt 0.000000 0.000000
vt 0.000000 0.000000
vt 0.000000 0.000000
vt 0.000000 0.000000
vt 0.000000 0.000000
vt 0.000000 0.000000
vt 0.000000 0.000000
vt 0.000000 0.000000
vt 0.000000 0.000000
vt 0.000000 0.000000
vt 0.000000 0.000000
vt 0.000000 0.000000
vt 0.000000 0.000000
vt 0.000000 0.000000
vt 0.000000 0.000000
vt 0.000000 0.000000
vt 0.000000 0.000000
vt 0.000000 0.000000
vt 0.000000 0.000000
vt 0.000000 0.000000
vt 0.000000 0.000000
vt 0.000000 0.000000
vt 0.000000 0.000000
vt 0.000000 0.000000
vt 0.000000 0.000000
vt 0.000000 0.000000
vt 0.000000 0.000000
vt 0.000000 0.000000
vt 0.000000 0.000000
vt 0.000000 0.000000
vt 0.000000 0.000000
vt 0.000000 0.000000
vt 0.000000 0.000000
vt 0.000000 0.000000
vt 0.000000 0.000000
vt 0.000000 0.000000
vt 0.000000 0.000000
vt 0.000000 0.000000
vt 0.000000 0.000000
vt 0.000000 0.000000
vt 0.000000 0.000000
vt 0.000000 0.000000
vt 0.000000 0.000000
vt 0.000000 0.000000
vt 0.000000 0.000000
vt 1.000000 0.973234
vt 1.000000 0.973234
vt 0.000000 0.000000
vt 0.000000 0.000000
vt 0.000000 0.000000
vt 0.000000 0.000000
vt 0.000000 0.000000
vt 0.000000 0.000000
vt 0.000000 0.000000
vt 0.000000 0.000000
vt 0.000000 0.000000
vt 0.000000 0.000000
vt 0.000000 0.000000
vt 0.000000 0.000000
vt 0.000000 0.000000
vt 0.000000 0.000000
vt 0.000000 0.000000
vt 0.000000 0.000000
vt 0.000000 0.000000
vt 0.000000 0.000000
vt 0.000000 0.000000
vt 0.000000 0.000000
vt 0.000000 0.000000
vt 0.000000 0.000000
vt 0.000000 0.000000
vt 0.000000 0.000000
vt 0.000000 0.000000
vt 0.000000 0.000000
vt 0.000000 0.000000
vt 0.000000 0.000000
vt 0.000000 0.000000
vt 0.000000 0.000000
vt 0.000000 0.000000
vt 0.000000 0.000000
vt 0.000000 0.000000
vt 0.000000 0.000000
vt 0.000000 0.000000
vt 0.000000 0.000000
vt 0.000000 0.000000
vt 0.000000 0.000000
vt 0.000000 0.000000
vt 0.000000 0.000000
vt 0.000000 0.000000
vt 0.000000 0.000000
vt 0.000000 0.000000
vt 0.000000 0.000000
vt 0.000000 0.000000
vt 0.000000 0.000000
vt 0.000000 0.000000
vt 0.000000 0.000000
vt 0.000000 0.000000
vt 0.000000 0.000000
vt 0.000000 0.000000
vt 0.000000 0.000000
vt 0.000000 0.000000
vt 0.000000 0.000000
vt 0.000000 0.000000
vt 0.000000 0.000000
vt 0.000000 0.000000
vt 0.000000 0.000000
vt 0.000000 0.000000
vt 0.000000 0.000000
vt 0.000000 0.000000
vt 0.000000 0.000000
vt 0.000000 0.000000
vt 0.000000 0.000000
vt 0.000000 0.000000
vt 0.000000 0.000000
vt 0.000000 0.000000
vt 0.000000 0.000000
vt 0.000000 0.000000
vt 0.000000 0.000000
vt 0.000000 0.000000
vt 0.043823 0.957532
vt 0.202083 0.215385
vt 0.044046 0.215385
vt 0.202083 0.215385
vt 0.043823 0.957532
vt 0.044046 0.215385
vt 0.000000 0.000000
vt 0.000000 0.000000
vt 0.000000 0.000000
vt 0.000000 0.000000
vt 0.000000 0.000000
vt 0.000000 0.000000
vt 0.000000 0.000000
vt 0.000000 0.000000
vt 0.000000 0.000000
vt 0.000000 0.000000
vt 0.000000 0.000000
vt 0.000000 0.000000
vt 0.000000 0.000000
vt 0.000000 0.000000
vt 0.000000 0.000000
vt 0.000000 0.000000
vt 0.000000 0.000000
vt 0.000000 0.000000
vt 0.000000 0.000000
vt 0.000000 0.000000
vt 0.000000 0.000000
vt 0.000000 0.000000
vt 0.000000 0.000000
vt 0.000000 0.000000
vt 0.000000 0.000000
vt 0.000000 0.000000
vt 0.000000 0.000000
vt 0.000000 0.000000
vt 0.000000 0.000000
vt 0.000000 0.000000
vt 0.000000 0.000000
vt 0.000000 0.000000
vt 0.000000 0.000000
vt 0.000000 0.000000
vt 0.000000 0.000000
vt 0.000000 0.000000
vt 0.000000 0.000000
vt 0.000000 0.000000
vt 0.000000 0.000000
vt 0.000000 0.000000
vt 0.000000 0.000000
vt 0.000000 0.000000
vt 0.000000 0.000000
vt 0.000000 0.000000
vt 0.000000 0.000000
vt 0.000000 0.000000
vt 0.000000 0.000000
vt 0.000000 0.000000
vt 1.000000 0.235008
vt 0.202083 0.958280
vt 0.000000 0.000000
vt 0.000000 0.000000
vt 0.000000 0.000000
vt 0.000000 0.000000
vt 0.000000 0.000000
vt 0.000000 0.000000
vt 0.000000 0.000000
vt 0.000000 0.000000
vt 0.000000 0.000000
vt 0.000000 0.000000
vt 0.000000 0.000000
vt 0.000000 0.000000
vt 0.000000 0.000000
vt 0.000000 0.000000
vt 0.000000 0.000000
vt 0.000000 0.000000
vt 0.000000 0.000000
vt 0.000000 0.000000
vt 0.000000 0.000000
vt 0.000000 0.000000
vt 0.000000 0.000000
vt 0.000000 0.000000
vt 0.000000 0.000000
vt 0.000000 0.000000
vt 0.000000 0.000000
vt 0.000000 0.000000
vt 0.000000 0.000000
vt 0.000000 0.000000
vt 0.000000 0.000000
vt 0.000000 0.000000
vt 0.000000 0.000000
vt 0.000000 0.215385
vt 0.000000 0.956962
vt 0.000000 0.956962
vt 0.000000 0.000000
vt 0.000000 0.000000
vt 0.000000 0.000000
vt 0.000000 0.000000
vt 0.000000 0.000000
vt 0.000000 0.000000
vt 0.000000 0.000000
vt 0.000000 0.000000
vt 0.000000 0.000000
vt 0.000000 0.000000
vt 0.000000 0.000000
vt 0.000000 0.000000
vt 0.000000 0.000000
vt 0.000000 0.000000
vt 0.000000 0.000000
vt 0.044539 0.015527
vt 1.044973 0.016573
vt 1.000000 0.235008
vt 0.202083 0.958280
vt 1.000000 0.935535
vt 0.000000 0.000000
vt 0.000000 0.000000
vt 0.000000 0.000000
vt 0.000000 0.000000
vt 0.044539 0.015527
vt 0.000000 0.000000
vt 0.000000 0.000000
vt 0.000000 0.000000
vt 0.000000 0.000000
vt 0.000000 0.000000
vt 0.000000 0.000000
vt 0.000000 0.000000
vt 0.000000 0.000000
vt 0.000000 0.000000
vt 0.000000 0.000000
vt 0.000000 0.000000
vt 0.000000 0.000000
vt 0.000000 0.000000
vt 0.000000 0.000000
vt 0.000000 0.000000
vt 0.000000 0.000000
vt 0.000000 0.000000
vt 0.000000 0.000000
vt 0.000000 0.000000
vt 0.000000 0.000000
vt 0.000000 0.000000
vt 0.000000 0.000000
vt 0.000000 0.000000
vt 0.000000 0.000000
vt 0.000000 0.000000
vt 0.000000 0.000000
vt 0.000000 0.000000
vt 0.000000 0.000000
vt 0.000000 0.000000
vt 0.000000 0.000000
vt 0.000000 0.000000
vt 0.000000 0.000000
vt 0.000000 0.000000
vt 0.000000 0.000000
vt 0.000000 0.000000
vt 0.000000 0.000000
vt 0.000000 0.000000
vt 0.000000 0.000000
vt 0.000000 0.000000
vt 0.000000 0.000000
vt 0.000000 0.000000
vt 0.000000 0.000000
vt 0.000000 0.000000
vt 0.000000 0.000000
vt 0.000000 0.000000
vt 0.000000 0.978683
vt 0.000000 0.958424
vt 0.018851 1.000000
vt 0.000000 0.978854
vt 0.038719 1.000000
vt 0.021650 0.977916
vt 0.019833 1.000000
vt 0.022220 0.958057
vt 0.041349 0.978401
vt 0.000000 0.958424
vt 0.000000 0.978683
vt 0.022221 0.958057
vt 0.000000 0.978854
vt 0.041349 0.978401
vt 0.038719 1.000000
vt 0.021651 0.977916
vt 0.018851 1.000000
vt 0.038062 1.000000
vt 0.019833 1.000000
vt 0.022502 0.008505
vt 0.023403 0.213483
vt -0.000718 0.000784
vt 0.000000 0.212868
vt 0.000000 0.000000
vt 0.000000 0.000000
vt 0.000000 0.000000
vt 0.000000 0.000000
vt 0.000000 0.000000
vt 0.000000 0.000000
vt 0.000000 0.000000
vt 0.000000 0.000000
vt 0.000000 0.000000
vt 0.000000 0.000000
vt 0.000000 0.000000
vt 0.000000 0.000000
vt 0.000000 0.000000
vt 0.000000 0.000000
vt 0.000000 0.000000
vt 0.000000 0.000000
vt 0.000000 0.000000
vt 0.000000 0.000000
vt 0.000000 0.000000
vt 0.000000 0.000000
vt 0.000000 0.000000
vt 0.000000 0.000000
vt 0.000000 0.000000
vt 0.000000 0.000000
vt 0.000000 0.000000
vt 0.000000 0.000000
vt 0.000000 0.000000
vt 0.000000 0.000000
vt 0.000000 0.000000
vt 0.000000 0.000000
vt 0.000000 0.000000
vt 0.000000 0.000000
vt 0.000000 0.000000
vt 0.000000 0.000000
vt 0.000000 0.000000
vt 0.000000 0.000000
vt 0.000000 0.000000
vt 0.000000 0.000000
vt 0.000000 0.000000
vt 0.000000 0.000000
vt 0.000000 0.000000
vt 0.000000 0.000000
vt 0.000000 0.000000
vt 0.000000 0.000000
vt 0.000000 0.000000
vt 0.000000 0.000000
vt 0.000000 0.000000
vt 0.000000 0.000000
vt 0.000000 0.000000
vt 0.000000 0.000000
vt 0.000000 0.000000
vt 0.000000 0.000000
vt 0.000000 0.000000
vt 0.000000 0.000000
vt 0.000000 0.000000
vt 0.000000 0.000000
vt 0.000000 0.000000
vt 0.000000 0.000000
vt 0.000000 0.000000
vt 0.000000 0.000000
vt 0.000000 0.000000
vt 0.000000 0.000000
vt 0.000000 0.000000
vt 0.000000 0.000000
vt 0.000000 0.000000
vt 0.000000 0.000000
vt 0.000000 0.000000
vt 0.000000 0.000000
vt 0.000000 0.000000
vt 0.000000 0.000000
vt 0.000000 0.000000
vt 0.000000 0.000000
vt 0.000000 0.000000
vt 0.201228 0.979138
vt 0.998609 0.954403
vt 0.200621 1.000029
vt 0.997624 0.973313
vt 0.000000 0.000000
vt 0.000000 0.000000
vt 0.000000 0.000000
vt 0.000000 0.000000
vt 0.000000 0.000000
vt 0.000000 0.000000
vt 0.000000 0.000000
vt 0.000000 0.000000
vt 0.000000 0.000000
vt 0.000000 0.000000
vt 0.000000 0.000000
vt 0.000000 0.000000
vt 0.000000 0.000000
vt 0.000000 0.000000
vt 0.000000 0.000000
vt 0.000000 0.000000
vt 0.000000 0.000000
vt 0.000000 0.000000
vt 0.000000 0.000000
vt 0.000000 0.000000
vt 0.000000 0.000000
vt 0.000000 0.000000
vt 0.000000 0.000000
vt 0.000000 0.000000
vt 0.000000 0.000000
vt 0.000000 0.000000
vt 0.000000 0.000000
vt 0.000000 0.000000
vt 0.000000 0.000000
vt 0.000000 0.000000
vt 0.000000 0.000000
vt 0.000000 0.000000
vt 0.000000 0.215385
vt 0.023403 0.213483
vt 0.000000 0.212868
vt -0.000718 0.000784
vt 0.022502 0.008505
vt 0.000000 0.000000
vt 0.000000 0.000000
vt 0.000000 0.000000
vt 0.000000 0.000000
vt 1.023847 0.008877
vt 1.001579 0.001047
vt 0.000000 0.000000
vt 0.000000 0.000000
vt 0.000000 0.000000
vt 0.000000 0.000000
vt 0.000000 0.000000
vt 0.000000 0.000000
vt 0.000000 0.000000
vt 0.000000 0.000000
vt 0.000000 0.000000
vt 0.000000 0.000000
vt 0.000000 0.000000
vt 0.000000 0.000000
vt 0.000000 0.000000
vt 0.000000 0.000000
vt 0.000000 0.000000
vt 0.000000 0.000000
vt 0.000000 0.000000
vt 0.000000 0.000000
vt 0.000000 0.000000
vt 0.000000 0.000000
vt 0.000000 0.000000
vt 0.000000 0.000000
vt 0.000000 0.000000
vt 0.000000 0.000000
vt 0.000000 0.000000
vt 0.000000 0.000000
vt 0.000000 0.000000
vt 0.000000 0.000000
vt 0.000000 0.000000
vt 0.000000 0.000000
vt 0.000000 0.000000
vt 0.000000 0.000000
vt 0.000000 0.000000
vt 0.000000 0.000000
vt 0.000000 0.000000
vt 0.000000 0.000000
vt 0.000000 0.000000
vt 0.000000 0.000000
vt 0.000000 0.000000
vt 0.000000 0.000000
vt 0.000000 0.000000
vt 0.000000 0.000000
vt 0.000000 0.000000
vt 0.000000 0.000000
vt 0.000000 0.000000
vt 0.000000 0.000000
vt 0.000000 0.000000
vt 0.000000 0.000000
vt 0.000000 0.000000
vt 0.000000 0.000000
vt 0.000000 0.000000
vt 0.000000 0.000000
vt 0.000000 0.000000
vt 0.000000 0.000000
vt 0.000000 0.000000
vt 0.000000 0.000000
vt 0.000000 0.000000
vt 0.000000 0.000000
vt 0.000000 0.000000
vt 0.000000 0.000000
vt 0.000000 0.000000
vt 0.000000 0.000000
vt 0.000000 0.000000
vt 0.000000 0.000000
vt 0.000000 0.000000
vt 0.997624 0.973313
vt 0.200621 1.000029
vt 0.998609 0.954403
vt 0.201228 0.979138
vt 1.000000 0.935534
vt 0.000000 0.000000
vt 0.000000 0.000000
vt 0.000000 0.000000
vt 0.000000 0.000000
vt 0.000000 0.000000
vt 0.000000 0.000000
vt 0.000000 0.000000
vt 0.000000 0.000000
vt 0.000000 0.000000
vt 0.000000 0.000000
vt 0.000000 0.000000
vt 0.000000 0.000000
vt 0.000000 0.000000
vt 0.000000 0.000000
vt 0.000000 0.000000
vt 0.000000 0.000000
vt 0.000000 0.000000
vt 0.000000 0.000000
vt 0.000000 0.000000
vt 0.000000 0.000000
vt 0.000000 0.000000
vt 0.000000 0.000000
vt 0.000000 0.000000
vt 0.000000 0.000000
vt 0.000000 0.000000
vt 0.000000 0.000000
vt 0.000000 0.000000
vt 0.000000 0.000000
vt 0.000000 0.000000
vt 0.000000 0.000000
vt 0.000000 0.000000
vt 0.000000 0.000000
vt 0.000000 0.000000
vt 0.000000 0.000000
vt 0.000000 0.000000
vt 0.000000 0.000000
vt 0.000000 0.000000
vt 0.000000 0.000000
vt 0.000000 0.000000
vt 1.000000 0.001045
vt 1.001579 0.001047
vt 1.023848 0.008877
vt 0.000000 0.000000
vt 0.000000 0.000000
vt 0.000000 0.000000
vt 0.000000 0.000000
vt 0.000000 0.000000
vt 0.000000 0.000000
vt 0.000000 0.000000
vt 0.000000 0.000000
vt 0.000000 0.000000
vt 0.000000 0.000000
vt 0.000000 0.000000
vt 0.000000 0.000000
vt 0.000000 0.000000
vt 0.000000 0.000000
vt 0.000000 0.000000
vt 0.000000 0.000000
vt 0.000000 0.000000
vt 0.000000 0.000000
vt 0.000000 0.000000
vt 0.000000 0.000000
vt 0.000000 0.000000
vt 0.000000 0.000000
vt 0.000000 0.000000
vt 0.000000 0.000000
vt 0.000000 0.000000
vt 0.000000 0.000000
vt 0.000000 0.000000
vt 0.000000 0.000000
vt 0.000000 0.000000
vt 0.000000 0.000000
vt 0.000000 0.000000
vt 0.000000 0.000000
vt 0.000000 0.000000
vt 0.000000 0.000000
vt 0.000000 0.000000
vt 0.000000 0.000000
vt 0.000000 0.000000
vt 0.000000 0.000000
vt 0.000000 0.000000
vt 0.000000 0.000000
vt 0.000000 0.000000
vt 0.000000 0.000000
vt 0.000000 0.000000
vt 0.000000 0.000000
vt 0.000000 0.000000
vt 0.000000 0.000000
vt 0.000000 0.000000
vt 0.000000 0.000000
vt 0.038062 1.000000
vt 0.202083 1.000000
vt 0.202083 1.000000
vt 1.000000 0.001045
vt 0.000000 0.000000
vt 0.000000 0.000000
vt 0.000000 0.000000
vt 0.000000 0.000000
vt 0.000000 0.000000
vt 0.000000 0.000000
vt 0.000000 0.000000
vt 0.000000 0.000000
vt 0.000000 0.000000
vt 0.000000 0.000000
vt 0.000000 0.000000
vt 0.000000 0.000000
vt 0.000000 0.000000
vt 0.000000 0.000000
vt 0.000000 0.000000
vt 0.000000 0.000000
vt 0.000000 0.000000
vt 0.000000 0.000000
vt 0.000000 0.000000
vt 0.000000 0.000000
vt 0.000000 0.000000
vt 0.000000 0.000000
vt 0.000000 0.000000
vt 0.000000 0.000000
vt 0.000000 0.000000
vt 0.000000 0.000000
vt 0.000000 0.000000
vt 0.000000 0.000000
vt 0.000000 0.000000
vt 0.000000 0.000000
vt 0.000000 0.000000
vt 0.000000 0.000000
vt 0.000000 0.000000
vt 0.000000 0.000000
vt 0.000000 0.000000
vt 0.000000 0.000000
vt 0.000000 0.000000
vt 0.000000 0.000000
vt 0.000000 0.000000
vt 0.000000 0.000000
vt 0.000000 0.000000
vt 0.000000 0.000000
vt 0.000000 0.000000
vt 0.000000 0.000000
vt 0.000000 0.000000
vt 0.000000 0.000000
vt 0.000000 0.000000
vt 0.000000 0.000000
vt 0.000000 0.000000
vt 0.000000 0.000000
vt 0.000000 0.000000
vt 0.000000 0.000000
vt 0.000000 0.000000
vt 1.000000 0.973234
vt 1.000000 0.973234
vt 0.000000 0.000000
vt 0.000000 0.000000
vt 0.000000 0.000000
vt 0.000000 0.000000
vt 0.000000 0.000000
vt 0.000000 0.000000
vt 0.000000 0.000000
vt 0.000000 0.000000
vt 0.000000 0.000000
vt 0.000000 0.000000
vt 0.000000 0.000000
vt 0.000000 0.000000
vt 0.000000 0.000000
vt 0.000000 0.000000
vt 0.000000 0.000000
vt 0.000000 0.000000
vt 0.000000 0.000000
vt 0.000000 0.000000
vt 0.000000 0.000000
vt 0.000000 0.000000
vt 0.000000 0.000000
vt 0.000000 0.000000
vt 0.000000 0.000000
vt 0.000000 0.000000
vt 0.000000 0.000000
vt 0.000000 0.000000
vt 0.000000 0.000000
vt 0.000000 0.000000
vt 0.000000 0.000000
vt 0.000000 0.000000
vt 0.000000 0.000000
vt 0.000000 0.000000
vt 0.000000 0.000000
vt 0.000000 0.000000
vt 0.000000 0.000000
vt 0.000000 0.000000
vt 0.000000 0.000000
vt 0.000000 0.000000
vt 0.000000 0.000000
vt 0.000000 0.000000
vt 0.000000 0.000000
vt 0.000000 0.000000
vt 0.000000 0.000000
vt 0.000000 0.000000
vt 0.000000 0.000000
vt 0.000000 0.000000
vt 0.000000 0.000000
vt 0.000000 0.000000
vt 0.000000 0.000000
vt 0.000000 0.000000
vt 0.000000 0.000000
vt 0.000000 0.000000
vt 0.000000 0.000000
vt 0.000000 0.000000
vt 0.000000 0.000000
vt 0.000000 0.000000
vt 0.000000 0.000000
vt 0.000000 0.000000
vt 0.000000 0.000000
vt 0.000000 0.000000
vt 0.000000 0.000000
vt 0.000000 0.000000
vt 0.000000 0.000000
vt 0.000000 0.000000
vt 0.000000 0.000000
vt 0.000000 0.000000
vt 0.000000 0.000000
vt 0.000000 0.000000
vt 0.000000 0.000000
vt 0.000000 0.000000
vt 0.000000 0.000000
vt 0.043823 0.957532
vt 0.202083 0.215385
vt 0.044046 0.215385
vt 0.202083 0.215385
vt 0.043823 0.957532
vt 0.044046 0.215385
vt 0.000000 0.000000
vt 0.000000 0.000000
vt 0.000000 0.000000
vt 0.000000 0.000000
vt 0.000000 0.000000
vt 0.000000 0.000000
vt 0.000000 0.000000
vt 0.000000 0.000000
vt 0.000000 0.000000
vt 0.000000 0.000000
vt 0.000000 0.000000
vt 0.000000 0.000000
vt 0.000000 0.000000
vt 0.000000 0.000000
vt 0.000000 0.000000
vt 0.000000 0.000000
vt 0.000000 0.000000
vt 0.000000 0.000000
vt 0.000000 0.000000
vt 0.000000 0.000000
vt 0.000000 0.000000
vt 0.000000 0.000000
vt 0.000000 0.000000
vt 0.000000 0.000000
vt 0.000000 0.000000
vt 0.000000 0.000000
vt 0.000000 0.000000
vt 0.000000 0.000000
vt 0.000000 0.000000
vt 0.000000 0.000000
vt 0.000000 0.000000
vt 0.000000 0.000000
vt 0.000000 0.000000
vt 0.000000 0.000000
vt 0.000000 0.000000
vt 0.000000 0.000000
vt 0.000000 0.000000
vt 0.000000 0.000000
vt 0.000000 0.000000
vt 0.000000 0.000000
vt 0.000000 0.000000
vt 0.000000 0.000000
vt 0.000000 0.000000
vt 0.000000 0.000000
vt 0.000000 0.000000
vt 0.000000 0.000000
vt 0.000000 0.000000
vt 0.000000 0.000000
vt 1.000000 0.235008
vt 0.202083 0.958280
vt 0.000000 0.000000
vt 0.000000 0.000000
vt 0.000000 0.000000
vt 0.000000 0.000000
vt 0.000000 0.000000
vt 0.000000 0.000000
vt 0.000000 0.000000
vt 0.000000 0.000000
vt 0.000000 0.000000
vt 0.000000 0.000000
vt 0.000000 0.000000
vt 0.000000 0.000000
vt 0.000000 0.000000
vt 0.000000 0.000000
vt 0.000000 0.000000
vt 0.000000 0.000000
vt 0.000000 0.000000
vt 0.000000 0.000000
vt 0.000000 0.000000
vt 0.000000 0.000000
vt 0.000000 0.000000
vt 0.000000 0.000000
vt 0.000000 0.000000
vt 0.000000 0.000000
vt 0.000000 0.000000
vt 0.000000 0.000000
vt 0.000000 0.000000
vt 0.000000 0.000000
vt 0.000000 0.000000
vt 0.000000 0.000000
vt 0.000000 0.000000
vt 0.000000 0.215385
vt 0.000000 0.956962
vt 0.000000 0.956962
vt 0.000000 0.000000
vt 0.000000 0.000000
vt 0.000000 0.000000
vt 0.000000 0.000000
vt 0.000000 0.000000
vt 0.000000 0.000000
vt 0.000000 0.000000
vt 0.000000 0.000000
vt 0.000000 0.000000
vt 0.000000 0.000000
vt 0.000000 0.000000
vt 0.000000 0.000000
vt 0.000000 0.000000
vt 0.000000 0.000000
vt 0.000000 0.000000
vt 0.044539 0.015527
vt 1.044973 0.016573
vt 1.000000 0.235008
vt 0.202083 0.958280
vt 1.000000 0.935535
vt 0.000000 0.000000
vt 0.000000 0.000000
vt 0.000000 0.000000
vt 0.000000 0.000000
vt 0.044539 0.015527
vt 0.000000 0.000000
vt 0.000000 0.000000
vt 0.000000 0.000000
vt 0.000000 0.000000
vt 0.000000 0.000000
vt 0.000000 0.000000
vt 0.000000 0.000000
vt 0.000000 0.000000
vt 0.000000 0.000000
vt 0.000000 0.000000
vt 0.000000 0.000000
vt 0.000000 0.000000
vt 0.000000 0.000000
vt 0.000000 0.000000
vt 0.000000 0.000000
vt 0.000000 0.000000
vt 0.000000 0.000000
vt 0.000000 0.000000
vt 0.000000 0.000000
vt 0.000000 0.000000
vt 0.000000 0.000000
vt 0.000000 0.000000
vt 0.000000 0.000000
vt 0.000000 0.000000
vt 0.000000 0.000000
vt 0.000000 0.000000
vt 0.000000 0.000000
vt 0.000000 0.000000
vt 0.000000 0.000000
vt 0.000000 0.000000
vt 0.000000 0.000000
vt 0.000000 0.000000
vt 0.000000 0.000000
vt 0.000000 0.000000
vt 0.000000 0.000000
vt 0.000000 0.000000
vt 0.000000 0.000000
vt 0.000000 0.000000
vt 0.000000 0.000000
vt 0.000000 0.000000
vt 0.000000 0.000000
vt 0.000000 0.000000
vt 0.000000 0.000000
vt 0.000000 0.000000
vt 0.000000 0.000000
vt 0.000000 0.978683
vt 0.000000 0.958424
vt 0.018851 1.000000
vt 0.000000 0.978854
vt 0.038719 1.000000
vt 0.021650 0.977916
vt 0.019833 1.000000
vt 0.022220 0.958057
vt 0.041349 0.978401
vt 0.000000 0.958424
vt 0.000000 0.978683
vt 0.022221 0.958057
vt 0.000000 0.978854
vt 0.041349 0.978401
vt 0.038719 1.000000
vt 0.021651 0.977916
vt 0.018851 1.000000
vt 0.038062 1.000000
vt 0.019833 1.000000
vt 0.022502 0.008505
vt 0.023403 0.213483
vt -0.000718 0.000784
vt 0.000000 0.212868
vt 0.000000 0.000000
vt 0.000000 0.000000
vt 0.000000 0.000000
vt 0.000000 0.000000
vt 0.000000 0.000000
vt 0.000000 0.000000
vt 0.000000 0.000000
vt 0.000000 0.000000
vt 0.000000 0.000000
vt 0.000000 0.000000
vt 0.000000 0.000000
vt 0.000000 0.000000
vt 0.000000 0.000000
vt 0.000000 0.000000
vt 0.000000 0.000000
vt 0.000000 0.000000
vt 0.000000 0.000000
vt 0.000000 0.000000
vt 0.000000 0.000000
vt 0.000000 0.000000
vt 0.000000 0.000000
vt 0.000000 0.000000
vt 0.000000 0.000000
vt 0.000000 0.000000
vt 0.000000 0.000000
vt 0.000000 0.000000
vt 0.000000 0.000000
vt 0.000000 0.000000
vt 0.000000 0.000000
vt 0.000000 0.000000
vt 0.000000 0.000000
vt 0.000000 0.000000
vt 0.000000 0.000000
vt 0.000000 0.000000
vt 0.000000 0.000000
vt 0.000000 0.000000
vt 0.000000 0.000000
vt 0.000000 0.000000
vt 0.000000 0.000000
vt 0.000000 0.000000
vt 0.000000 0.000000
vt 0.000000 0.000000
vt 0.000000 0.000000
vt 0.000000 0.000000
vt 0.000000 0.000000
vt 0.000000 0.000000
vt 0.000000 0.000000
vt 0.000000 0.000000
vt 0.000000 0.000000
vt 0.000000 0.000000
vt 0.000000 0.000000
vt 0.000000 0.000000
vt 0.000000 0.000000
vt 0.000000 0.000000
vt 0.000000 0.000000
vt 0.000000 0.000000
vt 0.000000 0.000000
vt 0.000000 0.000000
vt 0.000000 0.000000
vt 0.000000 0.000000
vt 0.000000 0.000000
vt 0.000000 0.000000
vt 0.000000 0.000000
vt 0.000000 0.000000
vt 0.000000 0.000000
vt 0.000000 0.000000
vt 0.000000 0.000000
vt 0.000000 0.000000
vt 0.000000 0.000000
vt 0.000000 0.000000
vt 0.000000 0.000000
vt 0.000000 0.000000
vt 0.000000 0.000000
vt 0.201228 0.979138
vt 0.998609 0.954403
vt 0.200621 1.000029
vt 0.997624 0.973313
vt 0.000000 0.000000
vt 0.000000 0.000000
vt 0.000000 0.000000
vt 0.000000 0.000000
vt 0.000000 0.000000
vt 0.000000 0.000000
vt 0.000000 0.000000
vt 0.000000 0.000000
vt 0.000000 0.000000
vt 0.000000 0.000000
vt 0.000000 0.000000
vt 0.000000 0.000000
vt 0.000000 0.000000
vt 0.000000 0.000000
vt 0.000000 0.000000
vt 0.000000 0.000000
vt 0.000000 0.000000
vt 0.000000 0.000000
vt 0.000000 0.000000
vt 0.000000 0.000000
vt 0.000000 0.000000
vt 0.000000 0.000000
vt 0.000000 0.000000
vt 0.000000 0.000000
vt 0.000000 0.000000
vt 0.000000 0.000000
vt 0.000000 0.000000
vt 0.000000 0.000000
vt 0.000000 0.000000
vt 0.000000 0.000000
vt 0.000000 0.000000
vt 0.000000 0.000000
vt 0.000000 0.215385
vt 0.023403 0.213483
vt 0.000000 0.212868
vt -0.000718 0.000784
vt 0.022502 0.008505
vt 0.000000 0.000000
vt 0.000000 0.000000
vt 0.000000 0.000000
vt 0.000000 0.000000
vt 1.023847 0.008877
vt 1.001579 0.001047
vt 0.000000 0.000000
vt 0.000000 0.000000
vt 0.000000 0.000000
vt 0.000000 0.000000
vt 0.000000 0.000000
vt 0.000000 0.000000
vt 0.000000 0.000000
vt 0.000000 0.000000
vt 0.000000 0.000000
vt 0.000000 0.000000
vt 0.000000 0.000000
vt 0.000000 0.000000
vt 0.000000 0.000000
vt 0.000000 0.000000
vt 0.000000 0.000000
vt 0.000000 0.000000
vt 0.000000 0.000000
vt 0.000000 0.000000
vt 0.000000 0.000000
vt 0.000000 0.000000
vt 0.000000 0.000000
vt 0.000000 0.000000
vt 0.000000 0.000000
vt 0.000000 0.000000
vt 0.000000 0.000000
vt 0.000000 0.000000
vt 0.000000 0.000000
vt 0.000000 0.000000
vt 0.000000 0.000000
vt 0.000000 0.000000
vt 0.000000 0.000000
vt 0.000000 0.000000
vt 0.000000 0.000000
vt 0.000000 0.000000
vt 0.000000 0.000000
vt 0.000000 0.000000
vt 0.000000 0.000000
vt 0.000000 0.000000
vt 0.000000 0.000000
vt 0.000000 0.000000
vt 0.000000 0.000000
vt 0.000000 0.000000
vt 0.000000 0.000000
vt 0.000000 0.000000
vt 0.000000 0.000000
vt 0.000000 0.000000
vt 0.000000 0.000000
vt 0.000000 0.000000
vt 0.000000 0.000000
vt 0.000000 0.000000
vt 0.000000 0.000000
vt 0.000000 0.000000
vt 0.000000 0.000000
vt 0.000000 0.000000
vt 0.000000 0.000000
vt 0.000000 0.000000
vt 0.000000 0.000000
vt 0.000000 0.000000
vt 0.000000 0.000000
vt 0.000000 0.000000
vt 0.000000 0.000000
vt 0.000000 0.000000
vt 0.000000 0.000000
vt 0.000000 0.000000
vt 0.000000 0.000000
vt 0.997624 0.973313
vt 0.200621 1.000029
vt 0.998609 0.954403
vt 0.201228 0.979138
vt 1.000000 0.935534
vt 0.000000 0.000000
vt 0.000000 0.000000
vt 0.000000 0.000000
vt 0.000000 0.000000
vt 0.000000 0.000000
vt 0.000000 0.000000
vt 0.000000 0.000000
vt 0.000000 0.000000
vt 0.000000 0.000000
vt 0.000000 0.000000
vt 0.000000 0.000000
vt 0.000000 0.000000
vt 0.000000 0.000000
vt 0.000000 0.000000
vt 0.000000 0.000000
vt 0.000000 0.000000
vt 0.000000 0.000000
vt 0.000000 0.000000
vt 0.000000 0.000000
vt 0.000000 0.000000
vt 0.000000 0.000000
vt 0.000000 0.000000
vt 0.000000 0.000000
vt 0.000000 0.000000
vt 0.000000 0.000000
vt 0.000000 0.000000
vt 0.000000 0.000000
vt 0.000000 0.000000
vt 0.000000 0.000000
vt 0.000000 0.000000
vt 0.000000 0.000000
vt 0.000000 0.000000
vt 0.000000 0.000000
vt 0.000000 0.000000
vt 0.000000 0.000000
vt 0.000000 0.000000
vt 0.000000 0.000000
vt 0.000000 0.000000
vt 0.000000 0.000000
vt 1.000000 0.001045
vt 1.001579 0.001047
vt 1.023848 0.008877
vt 0.000000 0.000000
vt 0.000000 0.000000
vt 0.000000 0.000000
vt 0.000000 0.000000
vt 0.000000 0.000000
vt 0.000000 0.000000
vt 0.000000 0.000000
vt 0.000000 0.000000
vt 0.000000 0.000000
vt 0.000000 0.000000
vt 0.000000 0.000000
vt 0.000000 0.000000
vt 0.000000 0.000000
vt 0.000000 0.000000
vt 0.000000 0.000000
vt 0.000000 0.000000
vt 0.000000 0.000000
vt 0.000000 0.000000
vt 0.000000 0.000000
vt 0.000000 0.000000
vt 0.000000 0.000000
vt 0.000000 0.000000
vt 0.000000 0.000000
vt 0.000000 0.000000
vt 0.000000 0.000000
vt 0.000000 0.000000
vt 0.000000 0.000000
vt 0.000000 0.000000
vt 0.000000 0.000000
vt 0.000000 0.000000
vt 1.044974 0.016573
vt 1.044974 0.016573
vn 0.0321 -0.9562 0.2908
vn -0.0129 -0.9494 0.3137
vn 0.0132 -0.9497 0.3128
vn 0.0340 -0.9976 0.0600
vn -0.0203 -0.9833 0.1807
vn 0.0202 -0.9834 0.1804
vn 1.0000 -0.0000 0.0000
vn 0.9980 0.0625 0.0027
vn 0.9962 -0.0825 -0.0275
vn 0.0429 0.9860 -0.1612
vn -0.0230 0.9870 -0.1588
vn 0.0244 0.9870 -0.1591
vn 0.0406 -0.9649 -0.2595
vn -0.0232 -0.9982 -0.0559
vn 0.0227 -0.9982 -0.0561
vn 0.0503 0.9337 -0.3546
vn -0.0203 0.9447 -0.3274
vn 0.0204 0.9450 -0.3265
vn -0.0519 -0.9492 0.3103
vn 0.0525 -0.9490 0.3107
vn 0.9819 -0.1555 -0.1084
vn 0.0124 0.0727 0.9973
vn -0.0175 0.0727 0.9972
vn 0.0168 0.0727 0.9972
vn 0.0759 0.9969 -0.0191
vn -0.0622 0.9949 -0.0795
vn 0.0624 0.9948 -0.0803
vn 0.0762 0.9918 0.1025
vn -0.0275 0.9994 0.0186
vn 0.0276 0.9994 0.0189
vn 0.0084 -0.0690 -0.9976
vn -0.0151 0.2082 -0.9780
vn 0.0150 0.2079 -0.9780
vn 0.0166 0.4923 -0.8703
vn -0.0195 0.7318 -0.6812
vn 0.0199 0.7315 -0.6816
vn -0.1489 0.3621 -0.9201
vn 0.0181 0.9990 0.0416
vn -0.0232 0.9397 0.3413
vn 0.0232 0.9393 0.3422
vn -0.0021 0.0147 -0.9999
vn -0.2079 -0.1349 -0.9688
vn 0.0150 0.3440 0.9389
vn -0.0119 0.0816 0.9966
vn 0.0119 0.0815 0.9966
vn 0.0190 0.7904 0.6122
vn -0.0160 0.5927 0.8053
vn 0.0160 0.5933 0.8048
vn -0.1467 0.4649 0.8731
vn 0.0138 0.2135 -0.9768
vn -0.2060 -0.1386 -0.9687
vn -0.0128 0.0821 0.9965
vn 0.0116 0.0816 0.9966
vn 0.0283 0.9952 -0.0935
vn -0.0255 0.9122 -0.4089
vn 0.0255 0.9124 -0.4085
vn 0.0213 0.7347 -0.6780
vn -0.0179 0.4842 -0.8748
vn 0.0179 0.4844 -0.8747
vn -0.1516 0.6226 -0.7677
vn -0.0150 0.3592 0.9331
vn 0.0137 0.3595 0.9330
vn 0.0084 0.9999 0.0126
vn -0.0863 0.9527 -0.2915
vn 0.0257 0.9639 0.2651
vn -0.2169 0.9683 -0.1243
vn 0.0168 0.6115 0.7911
vn -0.0211 0.8293 0.5585
vn 0.0225 0.8290 0.5588
vn -0.1548 0.9802 0.1238
vn -0.0242 0.9449 -0.3265
vn 0.0242 0.9449 -0.3265
vn -0.1473 0.7111 0.6875
vn -0.0240 0.9128 -0.4078
vn 0.0235 0.9126 -0.4082
vn -0.0841 0.9474 -0.3089
vn 0.9976 0.0040 0.0690
vn -0.1436 0.0707 -0.9871
vn -0.0191 -0.8221 -0.5691
vn -0.5678 -0.8179 -0.0924
vn -0.5273 -0.6970 -0.4859
vn 0.9999 0.0141 0.0026
vn 1.0000 0.0053 -0.0017
vn 0.0437 0.9643 -0.2613
vn -0.0242 0.9481 -0.3171
vn 0.0241 0.9476 -0.3185
vn 0.9999 -0.0097 0.0033
vn 0.9999 -0.0106 -0.0005
vn -0.1492 0.8858 -0.4395
vn 0.0388 0.9992 0.0125
vn -0.1537 0.9786 -0.1365
vn -0.0242 0.9509 -0.3087
vn 0.0242 0.9509 -0.3087
vn 0.9906 0.0518 -0.1268
vn 0.0386 0.9720 -0.2317
vn -0.1483 0.9280 -0.3418
vn -1.0000 0.0000 0.0000
vn -1.0000 0.0079 0.0013
vn 1.0000 -0.0091 0.0025
vn 1.0000 -0.0092 0.0006
vn 0.0371 -0.9993 -0.0054
vn -0.1457 -0.9622 0.2299
vn 0.0413 -0.9971 -0.0635
vn -0.1496 -0.9718 0.1820
vn 0.9921 -0.0634 0.1080
vn 0.9999 0.0111 -0.0013
vn 0.9999 0.0101 -0.0026
vn 0.0373 -0.9629 0.2671
vn -0.0244 -0.9418 0.3352
vn 0.0243 -0.9422 0.3343
vn 0.9946 -0.0040 0.1038
vn -0.9999 0.0143 0.0037
vn -0.9964 -0.0484 -0.0699
vn -1.0000 0.0052 -0.0020
vn -0.9984 0.0571 -0.0038
vn -0.9922 0.1131 -0.0517
vn -0.9962 -0.0816 -0.0305
vn -0.9999 -0.0102 0.0065
vn 0.9811 -0.1937 0.0030
vn 0.9693 -0.2014 -0.1409
vn 0.9978 -0.0545 -0.0378
vn 0.9730 -0.0482 -0.2259
vn 1.0000 0.0055 -0.0053
vn -0.9995 -0.0107 -0.0291
vn -0.9999 0.0089 -0.0087
vn -0.9986 -0.0533 -0.0072
vn -0.9987 -0.0370 0.0340
vn -0.9980 0.0153 0.0612
vn -0.9980 0.0627 0.0014
vn -1.0000 -0.0052 -0.0043
vn -0.9976 -0.0070 -0.0688
vn -0.9919 0.0919 -0.0875
vn -0.9915 0.0619 -0.1141
vn -0.9913 0.0268 -0.1292
vn -1.0000 0.0001 0.0000
vn -0.9975 -0.0063 -0.0700
vn -0.9976 0.0052 0.0687
vn -0.9970 0.0237 0.0732
vn -0.9973 0.0545 0.0493
vn -0.9905 0.0306 0.1337
vn -0.9980 0.0111 -0.0621
vn -0.9975 0.0051 0.0701
vn -0.9986 0.0488 -0.0221
vn -0.9983 0.0585 -0.0054
vn -0.9982 0.0297 -0.0514
vn -0.9984 0.0386 -0.0406
vn -0.9980 0.0228 0.0586
vn -0.9983 0.0586 -0.0039
vn -0.9986 0.0513 0.0158
vn -0.9982 0.0342 0.0489
vn -0.9923 0.0698 0.1019
vn -0.9870 0.1348 0.0875
vn -0.9781 0.1904 0.0835
vn -0.9913 0.0933 0.0932
vn -0.9968 -0.0376 -0.0700
vn -1.0000 0.0089 -0.0030
vn -0.9999 -0.0112 -0.0012
vn -0.9880 0.1298 0.0843
vn -0.9999 -0.0100 0.0066
vn -0.9879 0.1289 0.0858
vn -1.0000 -0.0079 0.0037
vn -0.9883 0.1255 0.0869
vn -0.9869 0.1347 0.0888
vn -0.9946 -0.0416 -0.0946
vn -0.9999 0.0111 -0.0007
vn -0.9945 0.0498 0.0918
vn -0.9945 -0.0399 -0.0969
vn -0.9999 0.0103 -0.0013
vn -0.9846 -0.1297 -0.1176
vn 0.9975 0.0112 -0.0693
vn 0.0444 -0.2263 -0.9730
vn -0.0079 -0.2252 -0.9743
vn 0.0085 -0.2246 -0.9744
vn 0.9963 -0.0189 -0.0837
vn 0.9978 0.0456 -0.0480
vn 0.9999 -0.0099 0.0034
vn 0.0404 0.9968 -0.0684
vn -0.0260 0.9954 -0.0919
vn 0.0261 0.9953 -0.0937
vn 0.9980 0.0208 0.0596
vn 0.0340 -0.9694 0.2429
vn -0.1480 -0.8885 0.4343
vn 0.9994 -0.0173 0.0297
vn 0.9844 0.1563 0.0804
vn 0.9982 0.0341 0.0489
vn 0.9946 -0.0416 -0.0946
vn -0.9625 -0.2073 -0.1749
vn 0.9986 0.0513 0.0158
vn 0.9937 -0.0142 0.1112
vn -0.1604 0.9715 -0.1747
vn 0.9984 0.0560 -0.0086
vn 0.9975 -0.0085 -0.0703
vn -0.1551 -0.9786 0.1353
vn 0.9999 -0.0103 -0.0000
vn 0.9813 0.1709 -0.0885
vn 0.9999 -0.0107 0.0009
vn 0.9999 -0.0103 0.0065
vn -0.1504 0.8585 0.4903
vn 0.9964 -0.0484 -0.0699
vn 0.9937 0.1010 0.0477
vn 0.9953 -0.0024 0.0973
vn 0.9766 0.2033 0.0696
vn 0.9919 0.0919 -0.0875
vn 0.9913 0.0268 -0.1292
vn -0.1476 0.9028 -0.4040
vn 0.9964 0.0325 -0.0789
vn -0.1533 -0.8820 0.4456
vn 0.9973 0.0545 0.0493
vn 1.0000 -0.0094 0.0030
vn 0.9956 0.0242 0.0903
vn 0.0498 -0.9987 -0.0070
vn -0.0046 -1.0000 -0.0067
vn 0.0041 -1.0000 -0.0068
vn 0.9923 0.0638 0.1060
vn -0.2235 0.9744 -0.0253
vn 0.9949 0.0617 -0.0803
vn 0.0641 0.3289 -0.9422
vn 0.5955 -0.1836 -0.7821
vn 0.0339 0.6995 -0.7138
vn 0.4843 0.1909 -0.8538
vn 0.5993 0.7386 -0.3087
vn 0.8216 0.2623 -0.5061
vn 0.4811 0.5927 -0.6460
vn 0.8599 -0.0929 -0.5020
vn 0.8467 0.4534 -0.2784
vn -0.6387 -0.1281 -0.7587
vn -0.0102 0.2450 -0.9695
vn -0.9162 -0.0871 -0.3910
vn -0.4843 0.1909 -0.8538
vn -0.8603 0.4640 -0.2109
vn -0.5143 0.7959 -0.3194
vn -0.8217 0.2623 -0.5060
vn -0.0613 0.5776 -0.8140
vn -0.2966 0.7908 -0.5354
vn -0.4811 0.5927 -0.6460
vn 0.9121 -0.4034 0.0735
vn 0.9227 -0.1523 -0.3542
vn 0.6567 -0.6402 -0.3985
vn 0.4373 -0.7620 -0.4776
vn 0.4367 -0.7634 -0.4759
vn 0.0162 -0.8488 -0.5285
vn 0.0113 -0.8487 -0.5287
vn 0.9040 -0.4231 -0.0620
vn 0.5601 -0.7794 -0.2808
vn 0.5860 -0.8012 -0.1215
vn -0.0246 -0.9423 -0.3338
vn -0.2103 -0.9763 -0.0520
vn 0.8834 -0.4657 -0.0529
vn 0.9289 -0.2784 0.2441
vn 0.5679 -0.8179 -0.0924
vn 0.5989 -0.8008 -0.0058
vn 0.9907 0.0081 0.1357
vn 0.9025 0.1438 0.4060
vn 0.5825 0.0624 0.8104
vn 0.5772 0.0559 0.8147
vn 0.9922 0.1131 -0.0517
vn 0.8852 0.4635 -0.0406
vn 0.8839 0.4261 -0.1929
vn 0.5629 0.8230 -0.0760
vn 0.5442 0.7656 -0.3430
vn 0.8800 0.3459 -0.3254
vn 0.5373 0.6169 -0.5751
vn 0.9915 0.0619 -0.1141
vn 0.8755 0.2329 -0.4233
vn 0.5288 0.4124 -0.7418
vn 0.8720 0.1011 -0.4789
vn 0.5219 0.1778 -0.8343
vn 0.8787 -0.0377 -0.4759
vn 0.5228 -0.0648 -0.8500
vn 0.5425 0.7893 0.2876
vn 0.5561 0.8306 0.0279
vn 0.8834 0.4396 0.1622
vn 0.8962 0.4434 0.0132
vn 0.9919 0.1268 -0.0104
vn 0.5354 0.6712 0.5128
vn 0.8797 0.3766 0.2903
vn 0.5275 0.5033 0.6844
vn 0.8756 0.2846 0.3902
vn 0.5214 0.2994 0.7990
vn 0.8723 0.1707 0.4582
vn 0.9829 0.0782 0.1666
vn 0.5077 0.0720 0.8585
vn 0.8731 0.0376 0.4862
vn 0.8911 0.0942 -0.4440
vn 0.8781 -0.0366 -0.4771
vn 0.5441 0.1725 -0.8211
vn 0.5231 -0.0641 -0.8499
vn 0.8950 0.2170 -0.3897
vn 0.5520 0.4035 -0.7297
vn 0.9982 0.0516 -0.0292
vn 0.5625 0.6035 -0.5652
vn 0.9043 0.3899 -0.1738
vn 0.9000 0.3190 -0.2970
vn 0.5716 0.7489 -0.3353
vn 0.9979 0.0648 0.0093
vn 0.8908 0.4519 -0.0482
vn 0.5420 0.8358 -0.0875
vn 0.5233 0.0702 0.8493
vn 0.5441 0.3008 0.7832
vn 0.8781 0.0387 0.4769
vn 0.8911 0.1636 0.4233
vn 0.5520 0.5143 0.6563
vn 0.8950 0.2762 0.3503
vn 0.5625 0.6856 0.4622
vn 0.9000 0.3621 0.2425
vn 0.5716 0.7927 0.2120
vn 0.9043 0.4126 0.1096
vn 0.9886 0.1278 0.0800
vn 0.5555 0.8300 -0.0495
vn 0.8946 0.4459 -0.0294
vn 0.6303 0.7740 -0.0601
vn 0.9034 0.4288 0.0079
vn 0.7785 0.6275 0.0115
vn 0.9745 0.2119 -0.0732
vn 0.9745 0.2122 -0.0733
vn 0.7582 0.6164 -0.2128
vn 0.5493 0.7898 -0.2729
vn 0.5488 0.7902 -0.2728
vn 0.8930 0.4253 -0.1475
vn 0.7587 0.6158 -0.2128
vn 0.5478 0.7905 -0.2739
vn 0.8981 0.4392 -0.0224
vn 0.9028 0.4300 0.0012
vn 0.7695 0.6378 -0.0324
vn 0.7773 0.6291 0.0013
vn 0.3133 0.9496 0.0012
vn 0.8941 0.4458 -0.0424
vn 0.5524 0.8298 -0.0791
vn 0.3055 0.9510 -0.0485
vn 0.9741 0.2240 -0.0298
vn 0.5462 0.8304 -0.1099
vn 0.9741 0.2165 -0.0649
vn 0.9740 0.2210 -0.0504
vn 0.7561 0.6379 -0.1464
vn 0.5463 0.8020 -0.2414
vn 0.5460 0.8167 -0.1869
vn 0.9743 0.2142 -0.0696
vn 0.7561 0.6266 -0.1888
vn 0.5476 0.7958 -0.2584
vn 0.9744 0.2130 -0.0717
vn 0.7571 0.6213 -0.2018
vn 0.5481 0.7928 -0.2666
vn 0.9042 -0.4265 -0.0242
vn 0.9011 -0.4336 -0.0007
vn 0.7808 -0.6238 -0.0357
vn 0.7739 -0.6333 -0.0012
vn 0.3166 -0.9485 -0.0017
vn 0.8978 -0.4400 0.0187
vn 0.5655 -0.8240 0.0350
vn 0.8936 -0.4468 0.0437
vn 0.5566 -0.8268 0.0809
vn 0.9737 -0.2182 0.0663
vn 0.9737 -0.2158 0.0732
vn 0.7538 -0.6222 0.2114
vn 0.5451 -0.8022 0.2436
vn 0.5440 -0.7945 0.2698
vn 0.9738 -0.2143 0.0763
vn 0.7549 -0.6182 0.2190
vn 0.5464 -0.7894 0.2798
vn 0.9738 -0.2142 0.0758
vn 0.7560 -0.6170 0.2185
vn 0.5485 -0.7883 0.2789
vn -0.0463 -0.2256 -0.9731
vn -0.9227 -0.1523 -0.3543
vn -0.0165 -0.8487 -0.5285
vn -0.4367 -0.7634 -0.4759
vn -0.0113 -0.8488 -0.5286
vn -0.4373 -0.7620 -0.4776
vn -0.6567 -0.6402 -0.3985
vn -0.9121 -0.4034 0.0735
vn 0.9730 -0.2273 0.0408
vn 0.7478 -0.6534 0.1180
vn 0.5374 -0.8298 0.1504
vn 0.3199 -0.9459 -0.0540
vn 0.3157 0.9487 0.0176
vn 0.9737 0.2250 -0.0361
vn 0.7523 0.6504 -0.1052
vn 0.5407 0.8304 -0.1344
vn 0.8895 -0.4341 0.1426
vn 0.5537 -0.7912 0.2597
vn 0.5888 -0.7685 0.2504
vn 0.7578 0.6185 -0.2080
vn -0.5641 -0.7785 -0.2753
vn -0.5860 -0.8012 -0.1215
vn -0.9039 -0.4232 -0.0621
vn -0.5989 -0.8008 -0.0058
vn -0.9289 -0.2783 0.2441
vn -0.8834 -0.4657 -0.0529
vn -0.5772 0.0559 0.8147
vn -0.5825 0.0624 0.8104
vn -0.9025 0.1438 0.4061
vn -0.5443 0.7656 -0.3430
vn -0.5626 0.8232 -0.0759
vn -0.8839 0.4261 -0.1929
vn -0.8851 0.4636 -0.0406
vn -0.5373 0.6169 -0.5751
vn -0.5288 0.4124 -0.7418
vn -0.8800 0.3458 -0.3254
vn -0.8755 0.2329 -0.4233
vn -0.5219 0.1778 -0.8343
vn -0.8720 0.1011 -0.4789
vn -0.5075 -0.0638 -0.8593
vn -0.8729 -0.0394 -0.4863
vn -0.8963 0.4432 0.0133
vn -0.8834 0.4396 0.1622
vn -0.5561 0.8307 0.0279
vn -0.5425 0.7893 0.2876
vn -0.8797 0.3765 0.2903
vn -0.5354 0.6712 0.5128
vn -0.8756 0.2847 0.3902
vn -0.5275 0.5033 0.6844
vn -0.8723 0.1707 0.4582
vn -0.5214 0.2994 0.7990
vn -0.8787 0.0376 0.4759
vn -0.5228 0.0696 0.8496
vn -0.5234 -0.0642 -0.8497
vn -0.5441 0.1725 -0.8211
vn -0.8782 -0.0366 -0.4770
vn -0.8911 0.0942 -0.4440
vn -0.5520 0.4035 -0.7297
vn -0.8950 0.2170 -0.3898
vn -0.5624 0.6035 -0.5652
vn -0.9000 0.3190 -0.2970
vn -0.5716 0.7489 -0.3353
vn -0.9043 0.3900 -0.1738
vn -0.5554 0.8275 -0.0825
vn -0.8946 0.4448 -0.0422
vn -0.8911 0.1636 0.4233
vn -0.8780 0.0388 0.4770
vn -0.5441 0.3008 0.7833
vn -0.5229 0.0703 0.8495
vn -0.5520 0.5143 0.6563
vn -0.9000 0.3621 0.2425
vn -0.8950 0.2761 0.3503
vn -0.5625 0.6856 0.4622
vn -0.9043 0.4126 0.1096
vn -0.5716 0.7927 0.2120
vn -0.8907 0.4540 -0.0245
vn -0.5424 0.8389 -0.0456
vn -0.6303 0.7740 -0.0601
vn -0.7787 0.6272 0.0114
vn -0.9034 0.4287 0.0078
vn -0.5485 0.7904 -0.2728
vn -0.5496 0.7896 -0.2728
vn -0.7582 0.6163 -0.2128
vn -0.9745 0.2119 -0.0732
vn -0.9745 0.2122 -0.0733
vn -0.5478 0.7905 -0.2738
vn -0.7587 0.6157 -0.2128
vn -0.8930 0.4253 -0.1475
vn -0.3134 0.9496 0.0012
vn -0.7696 0.6377 -0.0324
vn -0.9029 0.4299 0.0010
vn -0.7773 0.6291 0.0012
vn -0.8981 0.4392 -0.0225
vn -0.3055 0.9510 -0.0485
vn -0.5524 0.8298 -0.0791
vn -0.8941 0.4458 -0.0424
vn -0.0271 0.9915 -0.1269
vn -0.5461 0.8305 -0.1099
vn -0.9741 0.2240 -0.0297
vn -0.5460 0.8167 -0.1869
vn -0.5464 0.8020 -0.2413
vn -0.7561 0.6379 -0.1464
vn -0.9741 0.2165 -0.0650
vn -0.9845 0.0904 -0.1505
vn -0.9740 0.2210 -0.0504
vn -0.5476 0.7958 -0.2584
vn -0.7562 0.6265 -0.1889
vn -0.9743 0.2143 -0.0696
vn -0.5480 0.7928 -0.2666
vn -0.7571 0.6213 -0.2018
vn -0.9744 0.2130 -0.0718
vn -0.3166 -0.9485 -0.0017
vn -0.7808 -0.6238 -0.0357
vn -0.9011 -0.4336 -0.0007
vn -0.7739 -0.6333 -0.0012
vn -0.9042 -0.4264 -0.0243
vn -0.5654 -0.8240 0.0350
vn -0.8978 -0.4400 0.0187
vn -0.5566 -0.8268 0.0809
vn -0.8935 -0.4469 0.0438
vn -0.0270 -0.9575 0.2871
vn -0.5440 -0.7945 0.2698
vn -0.5448 -0.8024 0.2435
vn -0.7536 -0.6225 0.2112
vn -0.9737 -0.2182 0.0663
vn -0.9737 -0.2158 0.0732
vn -0.5464 -0.7894 0.2799
vn -0.7548 -0.6183 0.2190
vn -0.9738 -0.2143 0.0763
vn -0.5485 -0.7883 0.2790
vn -0.7560 -0.6170 0.2186
vn -0.9738 -0.2143 0.0759
vn -0.5374 -0.8298 0.1503
vn -0.7477 -0.6534 0.1180
vn -0.9730 -0.2273 0.0408
vn -0.3199 -0.9459 -0.0540
vn -0.3154 0.9488 0.0180
vn -0.5406 0.8305 -0.1343
vn -0.7523 0.6504 -0.1051
vn -0.9737 0.2250 -0.0364
vn -0.5887 -0.7686 0.2504
vn -0.5538 -0.7911 0.2598
vn -0.8895 -0.4341 0.1426
vn -0.7578 0.6185 -0.2080
vn -0.7563 0.6486 -0.0857
vn -0.7534 -0.6293 0.1907
vn 0.7562 0.6486 -0.0857
vn 0.7535 -0.6292 0.1907
vn -0.9693 -0.2013 -0.1409
vn -0.9923 -0.1222 -0.0180
vn -0.7321 -0.5594 -0.3888
vn -0.8968 -0.4183 -0.1442
vn 0.0210 -0.8218 -0.5695
vn 0.5274 -0.6968 -0.4860
vn 0.7321 -0.5593 -0.3889
vn 0.8956 -0.4196 -0.1480
vn 0.0189 -0.8045 -0.5936
vn -0.9705 -0.2093 -0.1200
vn -0.9910 -0.1329 -0.0166
vn -0.8870 -0.4197 -0.1926
vn -0.9915 -0.1290 -0.0140
vn -0.5329 -0.7345 -0.4202
vn -0.7385 -0.5860 -0.3335
vn -0.5457 -0.7613 -0.3501
vn -0.0212 -0.8676 -0.4968
vn -0.0226 -0.9080 -0.4184
vn 0.0214 -0.8696 -0.4933
vn 0.5329 -0.7345 -0.4202
vn 0.0227 -0.9099 -0.4142
vn 0.5458 -0.7613 -0.3501
vn 0.1187 -0.8814 -0.4572
vn 0.7385 -0.5860 -0.3334
vn 0.8870 -0.4197 -0.1927
vn 0.9705 -0.2093 -0.1199
vn 0.9978 -0.0579 -0.0327
vn 0.9974 -0.0661 -0.0303
vn 0.0203 -0.9834 0.1804
vn 0.0419 -0.9650 -0.2588
vn -0.0202 0.9447 -0.3274
vn -0.0520 -0.9492 0.3103
vn -0.0621 0.9949 -0.0795
vn -0.0146 0.2082 -0.9780
vn 0.0150 0.2080 -0.9780
vn -0.0198 0.7318 -0.6812
vn 0.0198 0.7315 -0.6816
vn -0.0233 0.9396 0.3413
vn 0.0233 0.9393 0.3422
vn 0.0119 0.0816 0.9966
vn 0.0193 0.7904 0.6122
vn 0.0158 0.5933 0.8048
vn 0.0152 0.2134 -0.9768
vn -0.0127 0.0821 0.9965
vn 0.0213 0.7348 -0.6780
vn -0.0147 0.4842 -0.8748
vn 0.0166 0.4844 -0.8747
vn -0.1517 0.6237 -0.7668
vn 0.0136 0.3595 0.9330
vn -0.2168 0.9683 -0.1243
vn 0.0181 0.6115 0.7910
vn 0.0211 0.8290 0.5588
vn -0.1436 0.0720 -0.9870
vn -0.0198 -0.8220 -0.5691
vn -0.5679 -0.8179 -0.0924
vn 0.9999 -0.0096 0.0033
vn 0.9999 -0.0106 -0.0006
vn 0.0389 0.9992 0.0125
vn -0.0242 0.9508 -0.3087
vn 0.0387 0.9720 -0.2317
vn -0.1483 0.9280 -0.3419
vn 0.9999 0.0101 -0.0027
vn 0.0374 -0.9629 0.2671
vn -0.9999 0.0144 0.0037
vn -0.9984 0.0570 -0.0038
vn -0.9999 -0.0103 0.0065
vn 0.9810 -0.1938 0.0030
vn 0.9978 -0.0546 -0.0378
vn -0.9995 -0.0107 -0.0290
vn -0.9999 0.0090 -0.0087
vn -0.9987 -0.0371 0.0340
vn -0.9980 0.0153 0.0611
vn -0.9915 0.0619 -0.1140
vn -0.9913 0.0268 -0.1291
vn -0.9975 -0.0063 -0.0699
vn -0.9983 0.0584 -0.0054
vn -0.9982 0.0296 -0.0514
vn -0.9980 0.0228 0.0587
vn -0.9983 0.0585 -0.0039
vn -0.9982 0.0340 0.0488
vn -0.9924 0.0698 0.1018
vn -0.9913 0.0932 0.0932
vn -0.9880 0.1297 0.0843
vn -0.9883 0.1254 0.0870
vn -0.9869 0.1346 0.0888
vn 0.9975 0.0114 -0.0694
vn -0.0077 -0.2254 -0.9742
vn 0.0089 -0.2243 -0.9745
vn 0.9978 0.0457 -0.0480
vn 0.0405 0.9968 -0.0684
vn 0.9994 -0.0172 0.0297
vn 0.9982 0.0341 0.0488
vn 0.9999 -0.0102 -0.0000
vn 0.9999 -0.0102 0.0065
vn -0.1477 0.9028 -0.4040
vn 1.0000 -0.0093 0.0030
vn 0.9949 0.0618 -0.0802
vn 0.0644 0.3284 -0.9423
vn 0.4843 0.1910 -0.8538
vn 0.8598 -0.0930 -0.5020
vn 0.8467 0.4534 -0.2783
vn -0.6386 -0.1281 -0.7588
vn -0.0098 0.2451 -0.9695
vn -0.9162 -0.0872 -0.3910
vn -0.4843 0.1910 -0.8538
vn -0.0613 0.5777 -0.8140
vn 0.6567 -0.6403 -0.3985
vn 0.0114 -0.8487 -0.5287
vn 0.5859 -0.8012 -0.1215
vn 0.1085 -0.9703 -0.2162
vn -0.2108 -0.9762 -0.0503
vn 0.9907 0.0081 0.1358
vn 0.8755 0.2330 -0.4233
vn 0.5287 0.4124 -0.7418
vn 0.8786 -0.0377 -0.4760
vn 0.5561 0.8307 0.0279
vn 0.9919 0.1268 -0.0103
vn 0.5353 0.6712 0.5128
vn 0.8756 0.2847 0.3902
vn 0.5214 0.2994 0.7991
vn 0.8723 0.1708 0.4583
vn 0.8730 0.0376 0.4862
vn 0.8950 0.2170 -0.3898
vn 0.5624 0.6035 -0.5652
vn 0.9888 0.1194 -0.0900
vn 0.8907 0.4521 -0.0480
vn 0.5423 0.8355 -0.0882
vn 0.5441 0.3008 0.7833
vn 0.8781 0.0387 0.4770
vn 0.8911 0.1636 0.4234
vn 0.9000 0.3622 0.2425
vn 0.9927 0.1188 0.0221
vn 0.9043 0.4126 0.1097
vn 0.5554 0.8301 -0.0501
vn 0.8946 0.4459 -0.0290
vn 0.9745 0.2120 -0.0733
vn 0.9744 0.2124 -0.0733
vn 0.5487 0.7902 -0.2728
vn 0.7587 0.6157 -0.2128
vn 0.7773 0.6291 0.0012
vn 0.3134 0.9496 0.0012
vn 0.3055 0.9509 -0.0485
vn 0.9741 0.2241 -0.0298
vn 0.9741 0.2166 -0.0649
vn 0.9740 0.2210 -0.0505
vn 0.7560 0.6379 -0.1464
vn 0.9743 0.2143 -0.0696
vn 0.9744 0.2131 -0.0717
vn 0.3166 -0.9486 -0.0017
vn 0.5654 -0.8240 0.0350
vn 0.9737 -0.2157 0.0732
vn 0.7548 -0.6183 0.2190
vn -0.9227 -0.1523 -0.3542
vn -0.6567 -0.6403 -0.3985
vn 0.9730 -0.2273 0.0407
vn 0.9737 0.2251 -0.0361
vn -0.5641 -0.7784 -0.2753
vn -0.9025 0.1438 0.4060
vn -0.5442 0.7656 -0.3430
vn -0.8801 0.3458 -0.3254
vn -0.8756 0.2329 -0.4233
vn -0.5287 0.4125 -0.7418
vn -0.8721 0.1011 -0.4788
vn -0.8963 0.4431 0.0133
vn -0.5561 0.8306 0.0279
vn -0.8798 0.3765 0.2902
vn -0.8756 0.2846 0.3902
vn -0.8911 0.0942 -0.4439
vn -0.8950 0.2170 -0.3897
vn -0.9000 0.3190 -0.2969
vn -0.9043 0.3899 -0.1738
vn -0.5555 0.8274 -0.0831
vn -0.8946 0.4449 -0.0418
vn -0.8911 0.1635 0.4233
vn -0.8950 0.2762 0.3503
vn -0.5624 0.6856 0.4622
vn -0.8908 0.4538 -0.0242
vn -0.5420 0.8391 -0.0464
vn -0.7787 0.6273 0.0114
vn -0.7581 0.6164 -0.2128
vn -0.5478 0.7906 -0.2738
vn -0.7587 0.6158 -0.2128
vn -0.7695 0.6378 -0.0324
vn -0.8981 0.4391 -0.0225
vn -0.3055 0.9509 -0.0485
vn -0.9741 0.2164 -0.0650
vn -0.9845 0.0903 -0.1505
vn -0.9740 0.2209 -0.0504
vn -0.9743 0.2142 -0.0696
vn -0.9744 0.2129 -0.0718
vn -0.3167 -0.9485 -0.0017
vn -0.5655 -0.8240 0.0350
vn -0.5449 -0.8024 0.2435
vn -0.9737 -0.2181 0.0663
vn -0.7478 -0.6534 0.1180
vn -0.3198 -0.9459 -0.0540
vn 0.7562 0.6487 -0.0857
vn 0.7534 -0.6293 0.1907
vn 0.0200 -0.8218 -0.5695
vn 0.5274 -0.6969 -0.4860
vn -0.0189 -0.8045 -0.5937
vn -0.9705 -0.2092 -0.1200
vn -0.2911 -0.8977 -0.3307
vn 0.5457 -0.7613 -0.3501
vn 0.9705 -0.2093 -0.1200
vn -0.0107 0.0727 0.9973
vn -0.0194 -0.8045 -0.5936
vn -0.0483 -0.9988 -0.0072
vn 0.6610 -0.6371 -0.3964
vn 0.6238 -0.1779 -0.7610
vn -0.6238 -0.1779 -0.7610
vn -0.6611 -0.6371 -0.3964
vn -0.0482 -0.9988 -0.0072
vn 0.6611 -0.6371 -0.3964
vn -0.6610 -0.6371 -0.3964
vn 0.0194 -0.8045 -0.5936
s 1
f 261/1/1 449/2/2 254/3/3
f 277/4/4 527/5/5 522/6/6
f 8/7/7 153/8/8 14/9/7
f 543/10/9 3/11/7 536/12/7
f 309/13/10 531/14/11 526/15/12
f 109/16/13 469/17/14 274/18/15
f 94/19/16 437/20/17 226/21/18
f 254/22/3 249/23/19 86/24/20
f 110/25/21 36/26/7 6/27/7
f 122/28/22 329/29/23 118/30/24
f 129/31/25 333/32/26 122/28/27
f 293/33/28 337/34/29 126/35/30
f 134/36/31 361/37/32 150/38/33
f 146/39/34 353/40/35 142/41/36
f 150/38/33 357/42/37 146/39/34
f 154/43/38 374/44/39 161/45/40
f 177/46/41 345/47/42 134/36/31
f 173/48/43 370/49/44 157/50/45
f 165/51/46 382/52/47 169/53/48
f 169/53/48 386/54/49 173/48/43
f 186/55/50 390/56/51 177/46/41
f 157/50/45 413/57/52 202/58/53
f 182/59/54 409/60/55 198/61/56
f 194/62/57 401/63/58 190/64/59
f 198/61/56 405/65/60 194/62/57
f 202/58/53 422/66/61 209/67/62
f 205/68/63 393/69/64 182/59/54
f 221/70/65 418/71/66 205/68/63
f 213/72/67 430/73/68 217/74/69
f 217/74/69 434/75/70 221/70/65
f 226/21/18 441/76/71 242/77/72
f 209/67/62 426/78/73 213/72/67
f 6/27/7 8/7/7 1/79/7
f 142/41/36 349/80/74 138/81/75
f 138/81/75 342/82/76 129/31/25
f 18/83/7 158/84/77 19/85/7
f 190/64/59 397/86/78 186/55/50
f 560/87/79 327/88/80 564/89/81
f 33/90/7 253/91/82 34/92/7
f 262/93/83 253/91/82 39/94/7
f 39/94/7 253/91/82 33/90/7
f 245/95/84 501/96/85 306/97/86
f 39/94/7 246/98/87 305/99/88
f 242/100/72 446/101/89 245/95/84
f 302/102/90 490/103/91 293/33/28
f 306/97/86 509/104/92 314/105/93
f 523/106/94 35/107/7 517/108/7
f 318/109/95 506/110/96 309/13/10
f 45/111/97 48/112/97 321/113/98
f 40/114/7 317/115/99 310/116/100
f 285/117/101 474/118/102 277/4/4
f 281/119/103 482/120/104 285/117/101
f 282/121/105 37/122/7 38/123/7
f 517/108/7 278/124/106 519/125/107
f 265/126/108 466/127/109 269/128/110
f 266/129/111 41/130/7 42/131/7
f 75/132/97 76/133/97 450/134/112
f 465/135/113 81/136/97 457/137/114
f 51/138/97 341/139/115 350/140/116
f 45/111/97 572/141/117 539/142/97
f 78/143/97 498/144/118 80/145/97
f 113/146/119 548/147/120 544/148/121
f 95/149/122 32/150/7 106/151/123
f 74/152/97 230/153/124 90/154/125
f 46/155/97 326/156/126 330/157/127
f 47/158/97 330/157/127 334/159/128
f 47/158/97 341/139/115 49/160/97
f 50/161/97 366/162/129 338/163/130
f 54/164/97 346/165/131 55/166/97
f 53/167/97 354/168/132 358/169/133
f 53/167/97 362/170/134 54/164/97
f 57/171/135 366/162/129 56/172/97
f 55/166/97 389/173/136 62/174/97
f 60/175/97 369/176/137 385/177/138
f 59/178/97 377/179/139 58/180/97
f 60/175/97 381/181/140 59/178/97
f 62/174/97 398/182/141 63/183/97
f 61/184/97 414/185/142 369/176/137
f 67/186/97 410/187/143 394/188/144
f 65/189/97 402/190/145 406/191/146
f 65/189/97 410/187/143 66/192/97
f 68/193/97 421/194/147 414/185/142
f 67/186/97 417/195/148 73/196/97
f 73/196/97 433/197/149 72/198/97
f 71/199/97 425/200/150 70/201/97
f 71/199/97 433/197/149 429/202/151
f 76/203/97 438/204/152 74/152/97
f 69/205/97 425/200/150 421/194/147
f 50/161/97 48/112/97 43/206/97
f 51/138/97 354/168/132 52/207/97
f 489/208/153 48/112/97 338/163/130
f 57/171/135 377/179/139 373/209/154
f 63/183/97 402/190/145 64/210/97
f 78/143/97 321/113/98 48/112/97
f 457/137/114 81/136/97 450/134/112
f 454/211/155 84/212/97 461/213/156
f 81/136/97 75/132/97 450/134/112
f 76/133/97 74/214/97 450/134/112
f 81/136/97 445/215/157 75/132/97
f 75/132/97 442/216/158 76/133/97
f 80/145/97 494/217/159 79/218/97
f 83/219/97 502/220/160 81/136/97
f 77/221/97 534/222/161 518/223/97
f 84/212/97 510/224/162 83/219/97
f 82/225/97 514/226/163 84/212/97
f 481/227/164 77/221/97 473/228/165
f 79/218/97 486/229/166 77/221/97
f 477/230/167 79/218/97 481/227/164
f 473/228/165 518/223/97 530/231/168
f 470/232/169 80/145/97 477/230/167
f 461/213/156 83/219/97 465/135/113
f 189/233/170 21/234/7 22/235/7
f 105/236/171 229/237/172 93/238/173
f 273/239/174 38/123/7 36/26/7
f 23/240/7 189/233/170 22/235/7
f 197/241/175 23/240/7 24/242/7
f 33/90/7 241/243/176 246/98/87
f 25/244/7 197/241/175 24/242/7
f 34/92/7 253/91/82 32/245/7
f 290/246/177 493/247/178 298/248/179
f 26/249/7 210/250/180 27/251/7
f 258/252/181 462/253/182 265/126/108
f 85/254/183 32/150/7 253/255/82
f 34/256/7 225/257/184 241/258/176
f 27/251/7 214/259/185 28/260/7
f 286/261/186 35/107/7 37/122/7
f 214/259/185 29/262/7 28/260/7
f 250/263/187 74/152/97 90/154/125
f 29/262/7 222/264/188 30/265/7
f 257/266/189 42/131/7 40/114/7
f 222/264/188 31/267/7 30/265/7
f 298/248/179 497/268/190 302/102/90
f 130/269/191 5/270/7 7/271/7
f 178/272/192 13/273/7 20/274/7
f 274/18/15 478/275/193 281/119/103
f 6/27/7 294/276/194 125/277/195
f 540/278/97 326/156/126 44/279/97
f 38/123/7 297/280/196 301/281/197
f 161/45/40 378/282/198 165/51/46
f 4/283/7 113/146/119 2/284/7
f 270/285/199 39/94/7 41/130/7
f 206/286/200 25/244/7 31/267/7
f 5/270/7 117/287/201 4/283/7
f 37/122/7 289/288/202 297/280/196
f 9/289/7 130/269/191 7/271/7
f 141/290/203 9/289/7 10/291/7
f 11/292/7 141/290/203 10/291/7
f 3/11/7 6/27/7 1/79/7
f 149/293/204 11/292/7 12/294/7
f 314/105/93 513/295/205 318/109/95
f 133/296/206 12/294/7 13/273/7
f 153/8/8 15/297/7 14/9/7
f 269/128/110 458/298/207 261/1/1
f 15/297/7 166/299/208 16/300/7
f 42/131/7 313/301/209 317/115/99
f 166/299/208 17/302/7 16/300/7
f 170/303/210 18/83/7 17/302/7
f 118/30/211 325/304/212 114/305/213
f 19/85/7 201/306/214 26/249/7
f 126/35/30 365/307/215 154/43/38
f 41/130/7 305/99/88 313/301/209
f 185/308/216 20/274/7 21/234/7
f 36/26/7 301/281/197 294/276/194
f 96/309/217 97/310/218 93/238/173
f 100/311/219 98/312/220 96/309/217
f 99/313/221 100/311/219 94/19/16
f 99/313/221 104/314/222 101/315/223
f 102/316/224 103/317/225 95/149/122
f 102/316/224 98/312/220 104/314/222
f 98/312/220 101/315/223 104/314/222
f 232/318/226 233/319/227 229/237/172
f 236/320/228 234/321/229 232/318/226
f 235/322/230 236/320/228 230/153/124
f 239/323/231 237/324/232 235/322/230
f 238/325/233 239/323/231 231/326/234
f 238/325/233 234/321/229 240/327/235
f 234/321/229 237/324/232 240/327/235
f 106/151/123 87/328/236 108/329/237
f 108/329/238 88/330/239 107/331/240
f 107/331/240 86/24/241 105/236/242
f 106/151/123 102/316/224 95/149/122
f 108/329/237 97/310/218 102/316/224
f 97/310/218 105/236/171 93/238/173
f 543/10/9 112/332/243 110/25/21
f 551/333/244 109/16/13 111/334/245
f 109/16/13 559/335/246 322/336/247
f 117/287/201 115/337/248 113/146/119
f 119/338/249 116/339/250 115/337/248
f 120/340/251 114/305/213 116/339/250
f 121/341/252 119/338/249 117/287/201
f 123/342/253 120/340/254 119/338/249
f 124/343/255 118/30/24 120/340/254
f 137/344/256 132/345/257 130/269/191
f 139/346/258 131/347/259 132/345/257
f 140/348/260 129/31/25 131/347/259
f 137/344/256 143/349/261 139/346/258
f 139/346/258 144/350/262 140/348/260
f 144/350/262 138/81/75 140/348/260
f 145/351/263 143/349/261 141/290/203
f 147/352/264 144/350/262 143/349/261
f 148/353/265 142/41/36 144/350/262
f 145/351/263 151/354/266 147/352/264
f 151/354/266 148/353/265 147/352/264
f 152/355/267 146/39/34 148/353/265
f 149/293/204 135/356/268 151/354/266
f 151/354/266 136/357/269 152/355/267
f 152/355/267 134/36/31 150/38/33
f 154/43/38 163/358/270 156/359/271
f 156/359/271 164/360/272 155/361/273
f 155/361/273 162/362/274 153/8/8
f 165/51/46 163/358/270 161/45/40
f 167/363/275 164/360/272 163/358/270
f 168/364/276 162/362/274 164/360/272
f 165/51/46 171/365/277 167/363/275
f 167/363/275 172/366/278 168/364/276
f 168/364/276 170/303/210 166/299/208
f 169/53/48 175/367/279 171/365/277
f 171/365/277 176/368/280 172/366/278
f 172/366/278 174/369/281 170/303/210
f 157/50/45 175/367/279 173/48/43
f 159/370/282 176/368/280 175/367/279
f 160/371/283 174/369/281 176/368/280
f 178/272/192 187/372/284 180/373/285
f 180/373/285 188/374/286 179/375/287
f 179/375/287 186/55/50 177/46/41
f 185/308/216 191/376/288 187/372/284
f 187/372/284 192/377/289 188/374/286
f 188/374/286 190/64/59 186/55/50
f 193/378/290 191/376/288 189/233/170
f 191/376/288 196/379/291 192/377/289
f 196/379/291 190/64/59 192/377/289
f 193/378/290 199/380/292 195/381/293
f 199/380/292 196/379/291 195/381/293
f 200/382/294 194/62/57 196/379/291
f 181/383/295 199/380/292 197/241/175
f 183/384/296 200/382/294 199/380/292
f 184/385/297 198/61/56 200/382/294
f 209/67/62 204/386/298 202/58/53
f 211/387/299 203/388/300 204/386/298
f 212/389/301 201/306/214 203/388/300
f 213/72/67 211/387/299 209/67/62
f 215/390/302 212/389/301 211/387/299
f 216/391/303 210/250/180 212/389/301
f 217/74/69 215/390/302 213/72/67
f 219/392/304 216/391/303 215/390/302
f 220/393/305 214/259/185 216/391/303
f 217/74/69 223/394/306 219/392/304
f 223/394/306 220/393/305 219/392/304
f 224/395/307 218/396/308 220/393/305
f 221/70/65 207/397/309 223/394/306
f 223/394/306 208/398/310 224/395/307
f 224/395/307 206/286/200 222/264/188
f 129/31/25 124/343/311 131/347/259
f 131/347/259 123/342/253 132/345/257
f 132/345/257 121/341/252 130/269/191
f 133/296/206 180/373/285 135/356/268
f 135/356/268 179/375/287 136/357/269
f 136/357/269 177/46/41 134/36/31
f 153/8/8 127/399/312 155/361/273
f 155/361/273 128/400/313 156/359/271
f 156/359/271 126/35/30 154/43/38
f 202/58/53 159/370/282 157/50/45
f 204/386/298 160/371/283 159/370/282
f 203/388/300 158/84/77 160/371/283
f 206/286/200 183/384/296 181/383/295
f 183/384/296 207/397/309 184/385/297
f 207/397/309 182/59/54 184/385/297
f 246/98/87 243/401/314 248/402/315
f 248/402/316 244/403/317 247/404/318
f 247/404/318 242/100/72 245/95/84
f 241/258/176 227/405/319 243/406/314
f 243/406/320 228/407/321 244/408/317
f 244/408/317 226/21/18 242/77/72
f 294/276/194 303/409/322 296/410/323
f 296/410/323 304/411/324 295/412/325
f 295/412/326 302/102/90 293/33/28
f 301/281/197 299/413/327 303/409/322
f 303/409/322 300/414/328 304/411/324
f 304/411/329 298/248/179 302/102/90
f 297/280/196 291/415/330 299/413/327
f 299/413/327 292/416/331 300/414/328
f 300/414/328 290/246/177 298/248/179
f 310/116/100 319/417/332 312/418/333
f 312/418/334 320/419/335 311/420/336
f 311/420/336 318/109/95 309/13/10
f 317/115/99 315/421/337 319/417/332
f 319/417/338 316/422/339 320/419/335
f 320/419/335 314/105/93 318/109/95
f 313/301/209 307/423/340 315/421/337
f 315/421/341 308/424/342 316/422/339
f 316/422/339 306/97/86 314/105/93
f 282/121/105 275/425/343 284/426/344
f 284/426/344 276/427/345 283/428/346
f 283/428/347 274/18/15 281/119/103
f 286/261/186 284/426/344 288/429/348
f 288/429/348 283/428/346 287/430/349
f 287/430/349 281/119/103 285/117/101
f 278/124/106 288/429/348 280/431/350
f 280/431/350 287/430/349 279/432/351
f 279/432/351 285/117/101 277/4/4
f 266/129/111 259/433/352 268/434/353
f 268/434/354 260/435/355 267/436/356
f 267/436/356 258/252/181 265/126/108
f 270/285/199 268/434/353 272/437/357
f 272/437/358 267/436/356 271/438/359
f 271/438/359 265/126/108 269/128/110
f 262/93/83 272/437/357 264/439/360
f 264/439/361 271/438/359 263/440/362
f 263/440/362 269/128/110 261/1/1
f 95/149/122 227/405/319 225/257/184
f 103/317/225 228/407/321 227/405/319
f 228/407/321 94/19/16 226/21/18
f 89/441/363 232/318/226 229/237/172
f 232/318/226 92/442/364 236/320/228
f 236/320/228 90/154/125 230/153/124
f 249/23/365 91/443/366 89/441/367
f 251/444/368 92/442/369 91/443/366
f 252/445/370 90/154/125 92/442/364
f 519/125/107 280/431/350 520/446/371
f 520/446/372 279/432/351 521/447/373
f 521/447/373 277/4/4 522/6/6
f 273/239/174 112/332/243 275/425/343
f 275/425/343 111/334/245 276/427/345
f 276/427/374 109/16/13 274/18/15
f 125/277/195 296/410/323 127/399/312
f 127/399/312 295/412/325 128/400/313
f 128/400/375 293/33/28 126/35/30
f 523/106/94 312/418/333 524/448/376
f 524/448/377 311/420/336 525/449/378
f 525/449/378 309/13/10 526/15/12
f 85/254/183 255/450/379 87/328/236
f 87/328/236 256/451/380 88/330/381
f 88/330/381 254/22/3 86/24/20
f 305/99/88 248/402/315 307/423/340
f 307/423/382 247/404/318 308/424/342
f 308/424/342 245/95/84 306/97/86
f 253/91/82 264/439/360 255/452/379
f 255/452/379 263/440/362 256/453/380
f 256/453/380 261/1/1 254/3/3
f 322/336/247 563/454/383 324/455/384
f 323/456/385 572/141/117 321/113/98
f 325/304/212 331/457/386 327/88/80
f 327/88/80 332/458/387 328/459/388
f 328/459/388 330/157/127 326/156/126
f 329/29/23 335/460/389 331/457/390
f 331/457/390 336/461/391 332/458/387
f 332/458/387 334/159/128 330/157/127
f 342/82/76 351/462/392 344/463/393
f 344/463/393 352/464/394 343/465/395
f 343/465/395 350/140/116 341/139/115
f 353/40/35 351/462/392 349/80/74
f 355/466/396 352/464/394 351/462/392
f 352/464/394 354/168/132 350/140/116
f 353/40/35 359/467/397 355/466/396
f 359/467/397 356/468/398 355/466/396
f 360/469/399 354/168/132 356/468/398
f 357/42/37 363/470/400 359/467/397
f 359/467/397 364/471/401 360/469/399
f 360/469/399 362/170/134 358/169/133
f 345/47/42 363/470/400 361/37/32
f 347/472/402 364/471/401 363/470/400
f 348/473/403 362/170/134 364/471/401
f 373/209/154 368/474/404 366/162/129
f 375/475/405 367/476/406 368/474/404
f 376/477/407 365/307/215 367/476/406
f 373/209/154 379/478/408 375/475/405
f 375/475/405 380/479/409 376/477/407
f 376/477/407 378/282/198 374/44/39
f 381/181/140 379/478/408 377/179/139
f 383/480/410 380/479/409 379/478/408
f 384/481/411 378/282/198 380/479/409
f 385/177/138 383/480/410 381/181/140
f 387/482/412 384/481/411 383/480/410
f 388/483/413 382/52/47 384/481/411
f 385/177/138 371/484/414 387/482/412
f 387/482/412 372/485/415 388/483/413
f 388/483/413 370/49/44 386/54/49
f 397/86/78 392/486/416 390/56/51
f 399/487/417 391/488/418 392/486/416
f 400/489/419 389/173/136 391/488/418
f 401/63/58 399/487/417 397/86/78
f 403/490/420 400/489/419 399/487/417
f 404/491/421 398/182/141 400/489/419
f 401/63/58 407/492/422 403/490/420
f 407/492/422 404/491/421 403/490/420
f 408/493/423 402/190/145 404/491/421
f 405/65/60 411/494/424 407/492/422
f 411/494/424 408/493/423 407/492/422
f 412/495/425 406/191/146 408/493/423
f 409/60/55 395/496/426 411/494/424
f 411/494/424 396/497/427 412/495/425
f 412/495/425 394/188/144 410/187/143
f 414/185/142 423/498/428 416/499/429
f 416/499/429 424/500/430 415/501/431
f 415/501/431 422/66/61 413/57/52
f 425/200/150 423/498/428 421/194/147
f 423/498/428 428/502/432 424/500/430
f 428/502/432 422/66/61 424/500/430
f 425/200/150 431/503/433 427/504/434
f 431/503/433 428/502/432 427/504/434
f 432/505/435 426/78/73 428/502/432
f 429/202/151 435/506/436 431/503/433
f 431/503/433 436/507/437 432/505/435
f 436/507/437 430/73/68 432/505/435
f 417/195/148 435/506/436 433/197/149
f 419/508/438 436/507/437 435/506/436
f 420/509/439 434/75/70 436/507/437
f 334/159/128 343/465/395 341/139/115
f 336/461/391 344/463/393 343/465/395
f 335/460/440 342/82/76 344/463/393
f 390/56/51 347/472/402 345/47/42
f 392/486/416 348/473/403 347/472/402
f 391/488/418 346/165/131 348/473/403
f 337/34/29 367/476/406 365/307/215
f 339/510/441 368/474/404 367/476/406
f 340/511/442 366/162/129 368/474/404
f 369/176/137 416/499/429 371/484/414
f 371/484/414 415/501/431 372/485/415
f 372/485/415 413/57/52 370/49/44
f 418/71/66 395/496/426 393/69/64
f 420/509/439 396/497/427 395/496/426
f 419/508/438 394/188/144 396/497/427
f 441/512/71 448/513/443 446/101/89
f 443/514/444 447/515/445 448/513/443
f 444/516/446 445/215/157 447/515/447
f 437/20/17 443/517/444 441/76/71
f 439/518/448 444/519/449 443/517/444
f 440/520/450 442/521/158 444/519/446
f 497/268/190 492/522/451 490/103/91
f 499/523/452 491/524/453 492/522/454
f 500/525/455 489/208/153 491/524/453
f 493/247/178 499/523/456 497/268/190
f 495/526/457 500/525/455 499/523/452
f 496/527/458 498/144/118 500/525/455
f 485/528/459 495/526/457 493/247/178
f 487/529/460 496/527/458 495/526/457
f 488/530/461 494/217/159 496/527/458
f 513/295/205 508/531/462 506/110/96
f 515/532/463 507/533/464 508/531/462
f 516/534/465 505/535/466 507/533/467
f 509/104/92 515/532/463 513/295/205
f 511/536/468 516/534/469 515/532/463
f 512/537/470 514/226/163 516/534/465
f 501/96/85 511/536/468 509/104/92
f 503/538/471 512/537/472 511/536/468
f 504/539/473 510/224/162 512/537/470
f 469/17/14 480/540/474 478/275/193
f 471/541/475 479/542/476 480/540/477
f 472/543/478 477/230/167 479/542/476
f 478/275/193 484/544/479 482/120/104
f 480/540/477 483/545/480 484/544/479
f 479/542/476 481/227/164 483/545/480
f 482/120/104 476/546/481 474/118/102
f 484/544/479 475/547/482 476/546/481
f 483/545/480 473/228/165 475/547/482
f 453/548/483 464/549/484 462/253/182
f 455/550/485 463/551/486 464/549/484
f 456/552/487 461/213/156 463/551/488
f 462/253/182 468/553/489 466/127/109
f 464/549/484 467/554/490 468/553/489
f 463/551/488 465/135/113 467/554/491
f 466/127/109 460/555/492 458/298/207
f 468/553/489 459/556/493 460/555/492
f 467/554/491 457/137/114 459/556/494
f 231/326/234 439/518/448 437/20/17
f 439/518/448 235/322/230 440/520/450
f 440/520/450 230/153/124 438/204/152
f 474/118/102 528/557/495 527/5/5
f 476/546/481 529/558/496 528/557/495
f 475/547/482 530/231/168 529/558/497
f 322/336/247 471/541/498 469/17/14
f 324/455/384 472/543/478 471/541/475
f 323/456/385 470/232/169 472/543/478
f 490/103/91 339/510/499 337/34/29
f 492/522/454 340/511/442 339/510/441
f 491/524/453 338/163/130 340/511/442
f 506/110/96 532/559/500 531/14/11
f 508/531/462 533/560/501 532/559/500
f 507/533/467 534/222/161 533/560/502
f 449/561/2 251/444/503 249/23/19
f 451/562/504 252/445/370 251/444/503
f 452/563/505 250/263/187 252/445/370
f 446/101/89 503/538/471 501/96/85
f 448/513/443 504/539/506 503/538/471
f 447/515/447 502/220/160 504/539/473
f 458/298/207 451/564/504 449/2/2
f 460/555/492 452/565/505 451/564/504
f 459/556/494 450/134/112 452/565/505
f 94/19/16 238/325/233 231/326/234
f 100/311/219 233/319/227 238/325/233
f 233/319/227 93/238/173 229/237/172
f 86/24/241 89/441/367 105/236/242
f 533/560/502 486/229/166 488/530/461
f 532/559/500 488/530/507 487/529/460
f 531/14/11 487/529/460 485/528/459
f 529/558/497 454/211/155 456/552/487
f 528/557/495 456/552/508 455/550/485
f 527/5/5 455/550/485 453/548/483
f 292/416/331 526/15/12 290/246/177
f 291/415/509 525/449/378 292/416/331
f 289/288/202 524/448/376 291/415/330
f 260/435/355 522/6/6 258/252/181
f 259/433/510 521/447/373 260/435/355
f 257/266/189 520/446/371 259/433/352
f 530/231/168 82/225/97 454/211/155
f 518/223/97 505/535/466 82/225/97
f 40/114/7 519/125/107 257/266/189
f 310/116/100 517/108/7 40/114/7
f 290/246/177 531/14/11 485/528/459
f 522/6/6 453/548/483 258/252/181
f 568/566/511 326/156/126 571/567/512
f 564/89/81 328/459/388 568/566/513
f 324/455/384 567/568/514 323/456/385
f 116/339/250 555/569/515 552/570/516
f 115/337/248 552/570/516 548/147/517
f 547/571/518 111/334/245 112/332/243
f 31/267/7 25/244/7 4/283/7
f 46/155/97 67/186/97 73/196/97
f 114/305/519 560/87/79 555/569/515
f 571/567/512 570/572/520 568/566/511
f 573/573/521 569/574/522 570/572/520
f 574/575/523 567/568/514 569/574/522
f 568/566/513 566/576/524 564/89/81
f 570/572/525 565/577/526 566/576/524
f 569/574/522 563/454/383 565/577/526
f 564/89/81 562/578/527 560/87/79
f 566/576/524 561/579/528 562/578/527
f 565/577/526 559/335/246 561/579/528
f 552/570/516 557/580/529 554/581/530
f 554/581/530 558/582/531 553/583/532
f 553/583/532 556/584/533 551/333/244
f 548/147/517 554/581/530 550/585/534
f 550/585/534 553/583/532 549/586/535
f 549/586/535 551/333/244 547/571/518
f 544/148/121 550/585/536 546/587/537
f 546/587/537 549/586/535 545/588/538
f 545/588/538 547/571/518 543/10/9
f 536/12/7 545/588/538 543/10/9
f 538/589/7 546/587/537 545/588/538
f 537/590/7 544/148/121 546/587/537
f 539/142/97 574/575/523 541/591/97
f 541/591/97 573/573/521 542/592/97
f 542/592/97 571/567/512 540/278/97
f 560/87/79 557/580/529 555/569/515
f 562/578/527 558/582/531 557/580/529
f 561/579/528 556/584/533 558/582/531
f 113/146/119 535/593/7 2/284/7
f 835/594/1 1023/595/2 828/596/3
f 851/597/4 1101/598/5 1096/599/539
f 582/600/7 727/601/8 588/602/7
f 1117/603/9 577/604/7 1110/605/7
f 883/606/10 1105/607/11 1100/608/12
f 683/609/540 1043/610/14 848/611/15
f 668/612/16 1011/613/541 800/614/18
f 828/615/3 823/616/542 660/617/20
f 684/618/21 610/619/7 580/620/7
f 696/621/22 903/622/23 692/623/24
f 703/624/25 907/625/543 696/621/27
f 867/626/28 911/627/29 700/628/30
f 708/629/31 935/630/544 724/631/545
f 720/632/34 927/633/546 716/634/547
f 724/631/545 931/635/37 720/632/34
f 728/636/38 948/637/548 735/638/549
f 751/639/41 919/640/42 708/629/31
f 747/641/43 944/642/44 731/643/550
f 739/644/551 956/645/47 743/646/552
f 743/646/552 960/647/49 747/641/43
f 760/648/553 964/649/51 751/639/41
f 731/643/550 987/650/554 776/651/53
f 756/652/54 983/653/55 772/654/56
f 768/655/555 975/656/556 764/657/557
f 772/654/56 979/658/558 768/655/555
f 776/651/53 996/659/61 783/660/559
f 779/661/63 967/662/64 756/652/54
f 795/663/65 992/664/560 779/661/63
f 787/665/561 1004/666/68 791/667/562
f 791/667/562 1008/668/70 795/663/65
f 800/614/18 1015/669/71 816/670/72
f 783/660/559 1000/671/73 787/665/561
f 580/620/7 582/600/7 575/672/7
f 716/634/547 923/673/74 712/674/75
f 712/674/75 916/675/76 703/624/25
f 592/676/7 732/677/77 593/678/7
f 764/657/557 971/679/563 760/648/553
f 1134/680/564 901/681/565 1138/682/81
f 607/683/7 827/684/82 608/685/7
f 836/686/83 827/684/82 613/687/7
f 613/687/7 827/684/82 607/683/7
f 819/688/84 1075/689/85 880/690/86
f 613/687/7 820/691/566 879/692/567
f 816/693/72 1020/694/89 819/688/84
f 876/695/568 1064/696/91 867/626/28
f 880/690/86 1083/697/569 888/698/93
f 1097/699/94 609/700/7 1091/701/7
f 892/702/570 1080/703/571 883/606/10
f 619/704/97 622/705/97 895/706/98
f 614/707/7 891/708/99 884/709/100
f 859/710/101 1048/711/102 851/597/4
f 855/712/103 1056/713/104 859/710/101
f 856/714/105 611/715/7 612/716/7
f 1091/701/7 852/717/106 1093/718/572
f 839/719/573 1040/720/109 843/721/110
f 840/722/111 615/723/7 616/724/7
f 649/725/97 650/726/97 1024/727/574
f 1039/728/113 655/729/97 1031/730/114
f 625/731/97 915/732/575 924/733/116
f 619/704/97 1146/734/117 1113/735/97
f 652/736/97 1072/737/576 654/738/97
f 687/739/577 1122/740/120 1118/741/578
f 669/742/122 606/743/7 680/744/123
f 648/745/97 804/746/579 664/747/580
f 620/748/97 900/749/126 904/750/581
f 621/751/97 904/750/581 908/752/582
f 621/751/97 915/732/575 623/753/97
f 624/754/97 940/755/129 912/756/130
f 628/757/97 920/758/131 629/759/97
f 627/760/97 928/761/132 932/762/583
f 627/760/97 936/763/584 628/757/97
f 631/764/135 940/755/129 630/765/97
f 629/759/97 963/766/585 636/767/97
f 634/768/97 943/769/137 959/770/138
f 633/771/97 951/772/139 632/773/97
f 634/768/97 955/774/140 633/771/97
f 636/767/97 972/775/141 637/776/97
f 635/777/97 988/778/142 943/769/137
f 641/779/97 984/780/143 968/781/586
f 639/782/97 976/783/587 980/784/146
f 639/782/97 984/780/143 640/785/97
f 642/786/97 995/787/588 988/778/142
f 641/779/97 991/788/589 647/789/97
f 647/789/97 1007/790/149 646/791/97
f 645/792/97 999/793/590 644/794/97
f 645/792/97 1007/790/149 1003/795/591
f 650/796/97 1012/797/152 648/745/97
f 643/798/97 999/793/590 995/787/588
f 624/754/97 622/705/97 617/799/97
f 625/731/97 928/761/132 626/800/97
f 1063/801/153 622/705/97 912/756/130
f 631/764/135 951/772/139 947/802/592
f 637/776/97 976/783/587 638/803/97
f 652/736/97 895/706/98 622/705/97
f 1031/730/114 655/729/97 1024/727/574
f 1028/804/155 658/805/97 1035/806/156
f 655/729/97 649/725/97 1024/727/574
f 650/726/97 648/807/97 1024/727/574
f 655/729/97 1019/808/157 649/725/97
f 649/725/97 1016/809/593 650/726/97
f 654/738/97 1068/810/159 653/811/97
f 657/812/97 1076/813/160 655/729/97
f 651/814/97 1108/815/161 1092/816/97
f 658/805/97 1084/817/594 657/812/97
f 656/818/97 1088/819/595 658/805/97
f 1055/820/164 651/814/97 1047/821/165
f 653/811/97 1060/822/166 651/814/97
f 1051/823/167 653/811/97 1055/820/164
f 1047/821/165 1092/816/97 1104/824/168
f 1044/825/169 654/738/97 1051/823/167
f 1035/806/156 657/812/97 1039/728/113
f 763/826/596 595/827/7 596/828/7
f 679/829/171 803/830/597 667/831/598
f 847/832/174 612/716/7 610/619/7
f 597/833/7 763/826/596 596/828/7
f 771/834/599 597/833/7 598/835/7
f 607/683/7 815/836/176 820/691/566
f 599/837/7 771/834/599 598/835/7
f 608/685/7 827/684/82 606/838/7
f 864/839/600 1067/840/178 872/841/179
f 600/842/7 784/843/180 601/844/7
f 832/845/181 1036/846/182 839/719/573
f 659/847/601 606/743/7 827/848/82
f 608/849/7 799/850/184 815/851/176
f 601/844/7 788/852/602 602/853/7
f 860/854/186 609/700/7 611/715/7
f 788/852/602 603/855/7 602/853/7
f 824/856/187 648/745/97 664/747/580
f 603/855/7 796/857/188 604/858/7
f 831/859/189 616/724/7 614/707/7
f 796/857/188 605/860/7 604/858/7
f 872/841/179 1071/861/190 876/695/568
f 704/862/191 579/863/7 581/864/7
f 752/865/192 587/866/7 594/867/7
f 848/611/15 1052/868/193 855/712/103
f 580/620/7 868/869/603 699/870/195
f 1114/871/97 900/749/126 618/872/97
f 612/716/7 871/873/196 875/874/604
f 735/638/549 952/875/198 739/644/551
f 578/876/7 687/739/577 576/877/7
f 844/878/199 613/687/7 615/723/7
f 780/879/200 599/837/7 605/860/7
f 579/863/7 691/880/201 578/876/7
f 611/715/7 863/881/202 871/873/196
f 583/882/7 704/862/191 581/864/7
f 715/883/203 583/882/7 584/884/7
f 585/885/7 715/883/203 584/884/7
f 577/604/7 580/620/7 575/672/7
f 723/886/204 585/885/7 586/887/7
f 888/698/93 1087/888/605 892/702/570
f 707/889/206 586/887/7 587/866/7
f 727/601/8 589/890/7 588/602/7
f 843/721/110 1032/891/207 835/594/1
f 589/890/7 740/892/208 590/893/7
f 616/724/7 887/894/606 891/708/99
f 740/892/208 591/895/7 590/893/7
f 744/896/210 592/676/7 591/895/7
f 692/623/211 899/897/212 688/898/213
f 593/678/7 775/899/214 600/842/7
f 700/628/30 939/900/215 728/636/38
f 615/723/7 879/692/567 887/894/606
f 759/901/607 594/867/7 595/827/7
f 610/619/7 875/874/604 868/869/603
f 670/902/608 671/903/218 667/831/598
f 674/904/219 672/905/609 670/902/608
f 673/906/221 674/904/219 668/612/16
f 673/906/221 678/907/222 675/908/223
f 676/909/610 677/910/611 669/742/122
f 676/909/610 672/905/609 678/907/222
f 672/905/609 675/908/223 678/907/222
f 806/911/612 807/912/613 803/830/597
f 810/913/614 808/914/615 806/911/612
f 809/915/230 810/913/614 804/746/579
f 813/916/231 811/917/232 809/915/230
f 812/918/616 813/916/231 805/919/234
f 812/918/616 808/914/615 814/920/235
f 808/914/615 811/917/232 814/920/235
f 680/744/123 661/921/236 682/922/237
f 682/922/617 662/923/239 681/924/240
f 681/924/240 660/617/241 679/829/618
f 680/744/123 676/909/610 669/742/122
f 682/922/237 671/903/218 676/909/610
f 671/903/218 679/829/171 667/831/598
f 1117/603/9 686/925/243 684/618/21
f 1125/926/244 683/609/540 685/927/619
f 1130/928/620 896/929/621 683/609/540
f 691/880/201 689/930/248 687/739/577
f 693/931/249 690/932/250 689/930/248
f 694/933/251 688/898/213 690/932/250
f 695/934/622 693/931/249 691/880/201
f 697/935/253 694/933/254 693/931/249
f 698/936/255 692/623/24 694/933/254
f 711/937/256 706/938/257 704/862/191
f 713/939/258 705/940/259 706/938/257
f 714/941/260 703/624/25 705/940/259
f 715/883/203 713/939/258 711/937/256
f 713/939/258 718/942/262 714/941/260
f 718/942/262 712/674/75 714/941/260
f 719/943/263 717/944/261 715/883/203
f 721/945/623 718/942/262 717/944/261
f 722/946/624 716/634/547 718/942/262
f 723/886/204 721/945/623 719/943/263
f 725/947/266 722/946/624 721/945/623
f 726/948/267 720/632/34 722/946/624
f 723/886/204 709/949/625 725/947/266
f 725/947/266 710/950/269 726/948/267
f 726/948/267 708/629/31 724/631/545
f 728/636/38 737/951/270 730/952/626
f 730/952/626 738/953/272 729/954/273
f 729/954/273 736/955/627 727/601/8
f 739/644/551 737/951/270 735/638/549
f 741/956/628 738/953/272 737/951/270
f 742/957/276 736/955/627 738/953/272
f 743/646/552 741/956/628 739/644/551
f 741/956/628 746/958/629 742/957/276
f 742/957/276 744/896/210 740/892/208
f 743/646/552 749/959/630 745/960/277
f 745/960/277 750/961/631 746/958/629
f 746/958/629 748/962/281 744/896/210
f 731/643/550 749/959/630 747/641/43
f 733/963/282 750/961/631 749/959/630
f 734/964/632 748/962/281 750/961/631
f 752/865/192 761/965/284 754/966/285
f 754/966/285 762/967/286 753/968/287
f 753/968/287 760/648/553 751/639/41
f 763/826/596 761/965/284 759/901/607
f 761/965/284 766/969/289 762/967/286
f 766/969/289 760/648/553 762/967/286
f 763/826/596 769/970/293 765/971/633
f 769/970/293 766/969/289 765/971/633
f 770/972/634 764/657/557 766/969/289
f 771/834/599 769/970/293 767/973/635
f 773/974/292 770/972/634 769/970/293
f 774/975/294 768/655/555 770/972/634
f 755/976/295 773/974/292 771/834/599
f 757/977/636 774/975/294 773/974/292
f 758/978/637 772/654/56 774/975/294
f 783/660/559 778/979/298 776/651/53
f 785/980/638 777/981/639 778/979/298
f 786/982/640 775/899/214 777/981/639
f 787/665/561 785/980/638 783/660/559
f 789/983/302 786/982/640 785/980/638
f 790/984/303 784/843/180 786/982/640
f 787/665/561 793/985/304 789/983/302
f 789/983/302 794/986/641 790/984/303
f 790/984/303 792/987/642 788/852/602
f 791/667/562 797/988/306 793/985/304
f 797/988/306 794/986/641 793/985/304
f 798/989/643 792/987/642 794/986/641
f 795/663/65 781/990/644 797/988/306
f 797/988/306 782/991/645 798/989/643
f 798/989/643 780/879/200 796/857/188
f 703/624/25 698/936/311 705/940/259
f 705/940/259 697/935/253 706/938/257
f 706/938/257 695/934/622 704/862/191
f 707/889/206 754/966/285 709/949/625
f 709/949/625 753/968/287 710/950/269
f 710/950/269 751/639/41 708/629/31
f 727/601/8 701/992/312 729/954/273
f 729/954/273 702/993/313 730/952/626
f 730/952/626 700/628/30 728/636/38
f 776/651/53 733/963/282 731/643/550
f 778/979/298 734/964/632 733/963/282
f 777/981/639 732/677/77 734/964/632
f 780/879/200 757/977/636 755/976/295
f 782/991/645 758/978/637 757/977/636
f 781/990/644 756/652/54 758/978/637
f 820/691/566 817/994/646 822/995/647
f 822/995/316 818/996/317 821/997/648
f 821/997/648 816/693/72 819/688/84
f 815/851/176 801/998/319 817/999/646
f 817/999/649 802/1000/321 818/1001/317
f 818/1001/317 800/614/18 816/670/72
f 868/869/603 877/1002/322 870/1003/323
f 870/1003/323 878/1004/324 869/1005/650
f 869/1005/651 876/695/568 867/626/28
f 875/874/604 873/1006/327 877/1002/322
f 877/1002/322 874/1007/328 878/1004/324
f 878/1004/652 872/841/179 876/695/568
f 871/873/196 865/1008/653 873/1006/327
f 873/1006/327 866/1009/331 874/1007/328
f 874/1007/328 864/839/600 872/841/179
f 884/709/100 893/1010/654 886/1011/655
f 886/1011/656 894/1012/335 885/1013/336
f 885/1013/336 892/702/570 883/606/10
f 891/708/99 889/1014/657 893/1010/654
f 893/1010/338 890/1015/339 894/1012/335
f 894/1012/335 888/698/93 892/702/570
f 887/894/606 881/1016/658 889/1014/657
f 889/1014/341 882/1017/342 890/1015/339
f 890/1015/339 880/690/86 888/698/93
f 856/714/105 849/1018/343 858/1019/344
f 858/1019/344 850/1020/345 857/1021/346
f 857/1021/659 848/611/15 855/712/103
f 860/854/186 858/1019/344 862/1022/348
f 862/1022/348 857/1021/346 861/1023/660
f 861/1023/660 855/712/103 859/710/101
f 852/717/106 862/1022/348 854/1024/350
f 854/1024/350 861/1023/660 853/1025/351
f 853/1025/351 859/710/101 851/597/4
f 840/722/111 833/1026/352 842/1027/661
f 842/1027/354 834/1028/355 841/1029/356
f 841/1029/356 832/845/181 839/719/573
f 844/878/199 842/1027/661 846/1030/357
f 846/1030/662 841/1029/356 845/1031/359
f 845/1031/359 839/719/573 843/721/110
f 836/686/83 846/1030/357 838/1032/360
f 838/1032/361 845/1031/359 837/1033/362
f 837/1033/362 843/721/110 835/594/1
f 669/742/122 801/998/319 799/850/184
f 677/910/611 802/1000/321 801/998/319
f 802/1000/321 668/612/16 800/614/18
f 663/1034/363 806/911/612 803/830/597
f 806/911/612 666/1035/663 810/913/614
f 810/913/614 664/747/580 804/746/579
f 823/616/365 665/1036/366 663/1034/367
f 825/1037/368 666/1035/664 665/1036/366
f 826/1038/370 664/747/580 666/1035/663
f 1093/718/572 854/1024/350 1094/1039/665
f 1094/1039/372 853/1025/351 1095/1040/373
f 1095/1040/373 851/597/4 1096/599/539
f 847/832/174 686/925/243 849/1018/343
f 849/1018/343 685/927/619 850/1020/345
f 850/1020/374 683/609/540 848/611/15
f 699/870/195 870/1003/323 701/992/312
f 701/992/312 869/1005/650 702/993/313
f 702/993/375 867/626/28 700/628/30
f 1097/699/94 886/1011/655 1098/1041/666
f 1098/1041/377 885/1013/336 1099/1042/378
f 1099/1042/378 883/606/10 1100/608/12
f 659/847/601 829/1043/379 661/921/236
f 661/921/236 830/1044/380 662/923/381
f 662/923/381 828/615/3 660/617/20
f 879/692/567 822/995/647 881/1016/658
f 881/1016/382 821/997/648 882/1017/342
f 882/1017/342 819/688/84 880/690/86
f 827/684/82 838/1032/360 829/1045/379
f 829/1045/379 837/1033/362 830/1046/380
f 830/1046/380 835/594/1 828/596/3
f 896/929/621 1137/1047/667 898/1048/384
f 897/1049/385 1146/734/117 895/706/98
f 899/897/212 905/1050/386 901/681/565
f 901/681/565 906/1051/387 902/1052/388
f 902/1052/388 904/750/581 900/749/126
f 903/622/23 909/1053/389 905/1050/390
f 905/1050/390 910/1054/668 906/1051/387
f 906/1051/387 908/752/582 904/750/581
f 916/675/76 925/1055/669 918/1056/393
f 918/1056/393 926/1057/394 917/1058/395
f 917/1058/395 924/733/116 915/732/575
f 927/633/546 925/1055/669 923/673/74
f 929/1059/396 926/1057/394 925/1055/669
f 930/1060/670 924/733/116 926/1057/394
f 931/635/37 929/1059/396 927/633/546
f 929/1059/396 934/1061/671 930/1060/670
f 934/1061/671 928/761/132 930/1060/670
f 935/630/544 933/1062/672 931/635/37
f 937/1063/400 934/1061/671 933/1062/672
f 934/1061/671 936/763/584 932/762/583
f 919/640/42 937/1063/400 935/630/544
f 921/1064/402 938/1065/673 937/1063/400
f 922/1066/403 936/763/584 938/1065/673
f 947/802/592 942/1067/674 940/755/129
f 949/1068/405 941/1069/675 942/1067/674
f 950/1070/407 939/900/215 941/1069/675
f 947/802/592 953/1071/676 949/1068/405
f 949/1068/405 954/1072/409 950/1070/407
f 950/1070/407 952/875/198 948/637/548
f 955/774/140 953/1071/676 951/772/139
f 957/1073/677 954/1072/409 953/1071/676
f 958/1074/411 952/875/198 954/1072/409
f 959/770/138 957/1073/677 955/774/140
f 961/1075/412 958/1074/411 957/1073/677
f 962/1076/413 956/645/47 958/1074/411
f 959/770/138 945/1077/414 961/1075/412
f 961/1075/412 946/1078/415 962/1076/413
f 962/1076/413 944/642/44 960/647/49
f 971/679/563 966/1079/416 964/649/51
f 973/1080/417 965/1081/418 966/1079/416
f 974/1082/678 963/766/585 965/1081/418
f 971/679/563 977/1083/420 973/1080/417
f 977/1083/420 974/1082/678 973/1080/417
f 978/1084/679 972/775/141 974/1082/678
f 979/658/558 977/1083/420 975/656/556
f 981/1085/422 978/1084/679 977/1083/420
f 982/1086/680 976/783/587 978/1084/679
f 979/658/558 985/1087/424 981/1085/422
f 985/1087/424 982/1086/680 981/1085/422
f 986/1088/681 980/784/146 982/1086/680
f 983/653/55 969/1089/682 985/1087/424
f 985/1087/424 970/1090/683 986/1088/681
f 986/1088/681 968/781/586 984/780/143
f 988/778/142 997/1091/684 990/1092/429
f 990/1092/429 998/1093/430 989/1094/431
f 989/1094/431 996/659/61 987/650/554
f 995/787/588 1001/1095/685 997/1091/684
f 997/1091/684 1002/1096/432 998/1093/430
f 1002/1096/432 996/659/61 998/1093/430
f 1003/795/591 1001/1095/685 999/793/590
f 1001/1095/685 1006/1097/686 1002/1096/432
f 1006/1097/686 1000/671/73 1002/1096/432
f 1003/795/591 1009/1098/436 1005/1099/433
f 1005/1099/433 1010/1100/437 1006/1097/686
f 1010/1100/437 1004/666/68 1006/1097/686
f 991/788/589 1009/1098/436 1007/790/149
f 993/1101/687 1010/1100/437 1009/1098/436
f 994/1102/688 1008/668/70 1010/1100/437
f 908/752/582 917/1058/395 915/732/575
f 910/1054/668 918/1056/393 917/1058/395
f 909/1053/440 916/675/76 918/1056/393
f 964/649/51 921/1064/402 919/640/42
f 966/1079/416 922/1066/403 921/1064/402
f 965/1081/418 920/758/131 922/1066/403
f 911/627/29 941/1069/675 939/900/215
f 913/1103/689 942/1067/674 941/1069/675
f 914/1104/442 940/755/129 942/1067/674
f 943/769/137 990/1092/429 945/1077/414
f 945/1077/414 989/1094/431 946/1078/415
f 946/1078/415 987/650/554 944/642/44
f 992/664/560 969/1089/682 967/662/64
f 969/1089/682 993/1101/687 970/1090/683
f 993/1101/687 968/781/586 970/1090/683
f 1015/1105/71 1022/1106/443 1020/694/89
f 1017/1107/444 1021/1108/690 1022/1106/443
f 1018/1109/446 1019/808/157 1021/1108/447
f 1011/613/541 1017/1110/444 1015/669/71
f 1013/1111/691 1018/1112/692 1017/1110/444
f 1014/1113/450 1016/1114/593 1018/1112/446
f 1071/861/190 1066/1115/451 1064/696/91
f 1073/1116/693 1065/1117/453 1066/1115/454
f 1074/1118/694 1063/801/153 1065/1117/453
f 1067/840/178 1073/1116/695 1071/861/190
f 1069/1119/457 1074/1118/694 1073/1116/693
f 1070/1120/458 1072/737/576 1074/1118/694
f 1059/1121/459 1069/1119/457 1067/840/178
f 1061/1122/460 1070/1120/458 1069/1119/457
f 1062/1123/461 1068/810/159 1070/1120/458
f 1087/888/605 1082/1124/462 1080/703/571
f 1089/1125/463 1081/1126/464 1082/1124/462
f 1090/1127/696 1079/1128/697 1081/1126/698
f 1083/697/569 1089/1125/463 1087/888/605
f 1085/1129/468 1090/1127/469 1089/1125/463
f 1086/1130/699 1088/819/595 1090/1127/696
f 1075/689/85 1085/1129/468 1083/697/569
f 1077/1131/471 1086/1130/472 1085/1129/468
f 1078/1132/700 1084/817/594 1086/1130/699
f 1043/610/14 1054/1133/701 1052/868/193
f 1045/1134/475 1053/1135/476 1054/1133/477
f 1046/1136/478 1051/823/167 1053/1135/476
f 1052/868/193 1058/1137/702 1056/713/104
f 1054/1133/477 1057/1138/480 1058/1137/702
f 1053/1135/476 1055/820/164 1057/1138/480
f 1056/713/104 1050/1139/481 1048/711/102
f 1058/1137/702 1049/1140/482 1050/1139/481
f 1057/1138/480 1047/821/165 1049/1140/482
f 1027/1141/483 1038/1142/484 1036/846/182
f 1029/1143/703 1037/1144/486 1038/1142/484
f 1030/1145/704 1035/806/156 1037/1144/488
f 1036/846/182 1042/1146/489 1040/720/109
f 1038/1142/484 1041/1147/490 1042/1146/489
f 1037/1144/488 1039/728/113 1041/1147/491
f 1040/720/109 1034/1148/492 1032/891/207
f 1042/1146/489 1033/1149/493 1034/1148/492
f 1041/1147/491 1031/730/114 1033/1149/494
f 805/919/234 1013/1111/691 1011/613/541
f 1013/1111/691 809/915/230 1014/1113/450
f 1014/1113/450 804/746/579 1012/797/152
f 1048/711/102 1102/1150/495 1101/598/5
f 1050/1139/481 1103/1151/705 1102/1150/495
f 1049/1140/482 1104/824/168 1103/1151/497
f 896/929/621 1045/1134/706 1043/610/14
f 898/1048/384 1046/1136/478 1045/1134/475
f 897/1049/385 1044/825/169 1046/1136/478
f 1064/696/91 913/1103/499 911/627/29
f 1066/1115/454 914/1104/442 913/1103/689
f 1065/1117/453 912/756/130 914/1104/442
f 1080/703/571 1106/1152/500 1105/607/11
f 1082/1124/462 1107/1153/501 1106/1152/500
f 1081/1126/698 1108/815/161 1107/1153/502
f 1023/1154/2 825/1037/503 823/616/542
f 1025/1155/504 826/1038/370 825/1037/503
f 1026/1156/505 824/856/187 826/1038/370
f 1020/694/89 1077/1131/471 1075/689/85
f 1022/1106/443 1078/1132/506 1077/1131/471
f 1021/1108/447 1076/813/160 1078/1132/700
f 1032/891/207 1025/1157/504 1023/595/2
f 1034/1148/492 1026/1158/505 1025/1157/504
f 1033/1149/494 1024/727/574 1026/1158/505
f 668/612/16 812/918/616 805/919/234
f 674/904/219 807/912/613 812/918/616
f 670/902/608 803/830/597 807/912/613
f 660/617/241 663/1034/367 679/829/618
f 1107/1153/502 1060/822/166 1062/1123/461
f 1106/1152/500 1062/1123/507 1061/1122/460
f 1105/607/11 1061/1122/460 1059/1121/459
f 1103/1151/497 1028/804/155 1030/1145/704
f 1102/1150/495 1030/1145/508 1029/1143/703
f 1101/598/5 1029/1143/703 1027/1141/483
f 866/1009/331 1100/608/12 864/839/600
f 865/1008/707 1099/1042/378 866/1009/331
f 863/881/202 1098/1041/666 865/1008/653
f 834/1028/355 1096/599/539 832/845/181
f 833/1026/708 1095/1040/373 834/1028/355
f 831/859/189 1094/1039/665 833/1026/352
f 1104/824/168 656/818/97 1028/804/155
f 1092/816/97 1079/1128/697 656/818/97
f 614/707/7 1093/718/572 831/859/189
f 884/709/100 1091/701/7 614/707/7
f 864/839/600 1105/607/11 1059/1121/459
f 1096/599/539 1027/1141/483 832/845/181
f 1142/1159/511 900/749/126 1145/1160/512
f 1138/682/81 902/1052/388 1142/1159/513
f 898/1048/384 1141/1161/514 897/1049/385
f 690/932/250 1129/1162/709 1126/1163/710
f 689/930/248 1126/1163/710 1122/740/517
f 1121/1164/518 685/927/619 686/925/243
f 605/860/7 599/837/7 578/876/7
f 620/748/97 641/779/97 647/789/97
f 1129/1162/709 899/897/711 1134/680/564
f 1145/1160/512 1144/1165/712 1142/1159/511
f 1147/1166/521 1143/1167/522 1144/1165/712
f 1148/1168/523 1141/1161/514 1143/1167/522
f 1142/1159/513 1140/1169/524 1138/682/81
f 1144/1165/525 1139/1170/526 1140/1169/524
f 1143/1167/522 1137/1047/667 1139/1170/526
f 1138/682/81 1136/1171/527 1134/680/564
f 1140/1169/524 1135/1172/528 1136/1171/527
f 1139/1170/526 1133/1173/713 1135/1172/528
f 1126/1163/710 1131/1174/529 1128/1175/530
f 1128/1175/530 1132/1176/531 1127/1177/714
f 1127/1177/714 1130/928/620 1125/926/244
f 1122/740/517 1128/1175/530 1124/1178/534
f 1124/1178/534 1127/1177/714 1123/1179/535
f 1123/1179/535 1125/926/244 1121/1164/518
f 1118/741/578 1124/1178/715 1120/1180/537
f 1120/1180/537 1123/1179/535 1119/1181/538
f 1119/1181/538 1121/1164/518 1117/603/9
f 1110/605/7 1119/1181/538 1117/603/9
f 1112/1182/7 1120/1180/537 1119/1181/538
f 1111/1183/7 1118/741/578 1120/1180/537
f 1113/735/97 1148/1168/523 1115/1184/97
f 1115/1184/97 1147/1166/521 1116/1185/97
f 1116/1185/97 1145/1160/512 1114/871/97
f 1134/680/564 1131/1174/529 1129/1162/709
f 1136/1171/527 1132/1176/531 1131/1174/529
f 1135/1172/528 1130/928/620 1132/1176/531
f 687/739/577 1109/1186/7 576/877/7
f 261/1/1 458/298/207 449/2/2
f 277/4/4 474/118/102 527/5/5
f 8/7/7 125/277/195 153/8/8
f 543/10/9 110/25/21 3/11/7
f 309/13/10 506/110/96 531/14/11
f 109/16/13 322/336/247 469/17/14
f 94/19/16 231/326/234 437/20/17
f 254/22/3 449/561/2 249/23/19
f 110/25/21 273/239/174 36/26/7
f 122/28/22 333/32/716 329/29/23
f 129/31/25 342/82/76 333/32/26
f 293/33/28 490/103/91 337/34/29
f 134/36/31 345/47/42 361/37/32
f 146/39/34 357/42/37 353/40/35
f 150/38/33 361/37/32 357/42/37
f 154/43/38 365/307/215 374/44/39
f 177/46/41 390/56/51 345/47/42
f 173/48/43 386/54/49 370/49/44
f 165/51/46 378/282/198 382/52/47
f 169/53/48 382/52/47 386/54/49
f 186/55/50 397/86/78 390/56/51
f 157/50/45 370/49/44 413/57/52
f 182/59/54 393/69/64 409/60/55
f 194/62/57 405/65/60 401/63/58
f 198/61/56 409/60/55 405/65/60
f 202/58/53 413/57/52 422/66/61
f 205/68/63 418/71/66 393/69/64
f 221/70/65 434/75/70 418/71/66
f 213/72/67 426/78/73 430/73/68
f 217/74/69 430/73/68 434/75/70
f 226/21/18 437/20/17 441/76/71
f 209/67/62 422/66/61 426/78/73
f 6/27/7 125/277/195 8/7/7
f 142/41/36 353/40/35 349/80/74
f 138/81/75 349/80/74 342/82/76
f 18/83/7 174/369/281 158/84/77
f 190/64/59 401/63/58 397/86/78
f 560/87/79 325/304/717 327/88/80
f 245/95/84 446/101/89 501/96/85
f 39/94/7 33/90/7 246/98/87
f 242/100/72 441/512/71 446/101/89
f 302/102/90 497/268/190 490/103/91
f 306/97/86 501/96/85 509/104/92
f 523/106/94 289/288/202 35/107/7
f 318/109/95 513/295/205 506/110/96
f 45/111/97 43/206/97 48/112/97
f 40/114/7 42/131/7 317/115/99
f 285/117/101 482/120/104 474/118/102
f 281/119/103 478/275/193 482/120/104
f 282/121/105 286/261/186 37/122/7
f 517/108/7 35/107/7 278/124/106
f 265/126/108 462/253/182 466/127/109
f 266/129/111 270/285/199 41/130/7
f 465/135/113 83/219/97 81/136/97
f 51/138/97 49/160/97 341/139/115
f 45/111/97 321/113/98 572/141/117
f 78/143/97 489/208/153 498/144/118
f 113/146/119 115/337/248 548/147/120
f 95/149/122 225/257/184 32/150/7
f 74/152/97 438/204/152 230/153/124
f 46/155/97 44/279/97 326/156/126
f 47/158/97 46/155/97 330/157/127
f 47/158/97 334/159/128 341/139/115
f 50/161/97 56/172/97 366/162/129
f 54/164/97 362/170/134 346/165/131
f 53/167/97 52/207/97 354/168/132
f 53/167/97 358/169/133 362/170/134
f 57/171/135 373/209/154 366/162/129
f 55/166/97 346/165/131 389/173/136
f 60/175/97 61/184/97 369/176/137
f 59/178/97 381/181/140 377/179/139
f 60/175/97 385/177/138 381/181/140
f 62/174/97 389/173/136 398/182/141
f 61/184/97 68/193/97 414/185/142
f 67/186/97 66/192/97 410/187/143
f 65/189/97 64/210/97 402/190/145
f 65/189/97 406/191/146 410/187/143
f 68/193/97 69/205/97 421/194/147
f 67/186/97 394/188/144 417/195/148
f 73/196/97 417/195/148 433/197/149
f 71/199/97 429/202/151 425/200/150
f 71/199/97 72/198/97 433/197/149
f 76/203/97 442/521/158 438/204/152
f 69/205/97 70/201/97 425/200/150
f 50/161/97 338/163/130 48/112/97
f 51/138/97 350/140/116 354/168/132
f 489/208/153 78/143/97 48/112/97
f 57/171/135 58/180/97 377/179/139
f 63/183/97 398/182/141 402/190/145
f 78/143/97 470/232/169 321/113/98
f 454/211/155 82/225/97 84/212/97
f 81/136/97 502/220/160 445/215/157
f 75/132/97 445/215/157 442/216/158
f 80/145/97 498/144/118 494/217/159
f 83/219/97 510/224/162 502/220/160
f 77/221/97 486/229/166 534/222/161
f 84/212/97 514/226/163 510/224/162
f 82/225/97 505/535/466 514/226/163
f 481/227/164 79/218/97 77/221/97
f 79/218/97 494/217/159 486/229/166
f 477/230/167 80/145/97 79/218/97
f 473/228/165 77/221/97 518/223/97
f 470/232/169 78/143/97 80/145/97
f 461/213/156 84/212/97 83/219/97
f 189/233/170 185/308/216 21/234/7
f 105/236/171 89/441/363 229/237/172
f 273/239/174 282/121/105 38/123/7
f 23/240/7 193/378/290 189/233/170
f 197/241/175 193/378/290 23/240/7
f 33/90/7 34/92/7 241/243/176
f 25/244/7 181/383/295 197/241/175
f 290/246/177 485/528/459 493/247/178
f 26/249/7 201/306/214 210/250/180
f 258/252/181 453/548/483 462/253/182
f 85/254/183 106/151/123 32/150/7
f 34/256/7 32/150/7 225/257/184
f 27/251/7 210/250/180 214/259/185
f 286/261/186 278/124/106 35/107/7
f 214/259/185 218/396/308 29/262/7
f 250/263/187 450/1187/112 74/152/97
f 29/262/7 218/396/308 222/264/188
f 257/266/189 266/129/111 42/131/7
f 222/264/188 206/286/200 31/267/7
f 298/248/179 493/247/178 497/268/190
f 130/269/191 121/341/252 5/270/7
f 178/272/192 133/296/206 13/273/7
f 274/18/15 469/17/14 478/275/193
f 6/27/7 36/26/7 294/276/194
f 540/278/97 571/567/512 326/156/126
f 38/123/7 37/122/7 297/280/196
f 161/45/40 374/44/39 378/282/198
f 4/283/7 117/287/201 113/146/119
f 270/285/199 262/93/83 39/94/7
f 206/286/200 181/383/295 25/244/7
f 5/270/7 121/341/252 117/287/201
f 37/122/7 35/107/7 289/288/202
f 9/289/7 137/344/256 130/269/191
f 141/290/203 137/344/256 9/289/7
f 11/292/7 145/351/263 141/290/203
f 3/11/7 110/25/21 6/27/7
f 149/293/204 145/351/263 11/292/7
f 314/105/93 509/104/92 513/295/205
f 133/296/206 149/293/204 12/294/7
f 153/8/8 162/362/274 15/297/7
f 269/128/110 466/127/109 458/298/207
f 15/297/7 162/362/274 166/299/208
f 42/131/7 41/130/7 313/301/209
f 166/299/208 170/303/210 17/302/7
f 170/303/210 174/369/281 18/83/7
f 118/30/211 329/29/718 325/304/212
f 19/85/7 158/84/77 201/306/214
f 126/35/30 337/34/29 365/307/215
f 41/130/7 39/94/7 305/99/88
f 185/308/216 178/272/192 20/274/7
f 36/26/7 38/123/7 301/281/197
f 96/309/217 98/312/220 97/310/218
f 100/311/219 101/315/223 98/312/220
f 99/313/221 101/315/223 100/311/219
f 99/313/221 103/317/225 104/314/222
f 102/316/224 104/314/222 103/317/225
f 102/316/224 97/310/218 98/312/220
f 232/318/226 234/321/229 233/319/227
f 236/320/228 237/324/232 234/321/229
f 235/322/230 237/324/232 236/320/228
f 239/323/231 240/327/235 237/324/232
f 238/325/233 240/327/235 239/323/231
f 238/325/233 233/319/227 234/321/229
f 106/151/123 85/254/183 87/328/236
f 108/329/238 87/328/719 88/330/239
f 107/331/240 88/330/239 86/24/241
f 106/151/123 108/329/237 102/316/224
f 108/329/237 107/331/720 97/310/218
f 97/310/218 107/331/720 105/236/171
f 543/10/9 547/571/518 112/332/243
f 551/333/244 556/584/533 109/16/13
f 109/16/13 556/584/533 559/335/246
f 117/287/201 119/338/249 115/337/248
f 119/338/249 120/340/251 116/339/250
f 120/340/251 118/30/211 114/305/213
f 121/341/252 123/342/253 119/338/249
f 123/342/253 124/343/255 120/340/254
f 124/343/255 122/28/22 118/30/24
f 137/344/256 139/346/258 132/345/257
f 139/346/258 140/348/260 131/347/259
f 140/348/260 138/81/75 129/31/25
f 137/344/256 141/290/203 143/349/261
f 139/346/258 143/349/261 144/350/262
f 144/350/262 142/41/36 138/81/75
f 145/351/263 147/352/264 143/349/261
f 147/352/264 148/353/265 144/350/262
f 148/353/265 146/39/34 142/41/36
f 145/351/263 149/293/204 151/354/266
f 151/354/266 152/355/267 148/353/265
f 152/355/267 150/38/33 146/39/34
f 149/293/204 133/296/206 135/356/268
f 151/354/266 135/356/268 136/357/269
f 152/355/267 136/357/269 134/36/31
f 154/43/38 161/45/40 163/358/270
f 156/359/271 163/358/270 164/360/272
f 155/361/273 164/360/272 162/362/274
f 165/51/46 167/363/275 163/358/270
f 167/363/275 168/364/276 164/360/272
f 168/364/276 166/299/208 162/362/274
f 165/51/46 169/53/48 171/365/277
f 167/363/275 171/365/277 172/366/278
f 168/364/276 172/366/278 170/303/210
f 169/53/48 173/48/43 175/367/279
f 171/365/277 175/367/279 176/368/280
f 172/366/278 176/368/280 174/369/281
f 157/50/45 159/370/282 175/367/279
f 159/370/282 160/371/283 176/368/280
f 160/371/283 158/84/77 174/369/281
f 178/272/192 185/308/216 187/372/284
f 180/373/285 187/372/284 188/374/286
f 179/375/287 188/374/286 186/55/50
f 185/308/216 189/233/170 191/376/288
f 187/372/284 191/376/288 192/377/289
f 188/374/286 192/377/289 190/64/59
f 193/378/290 195/381/293 191/376/288
f 191/376/288 195/381/293 196/379/291
f 196/379/291 194/62/57 190/64/59
f 193/378/290 197/241/175 199/380/292
f 199/380/292 200/382/294 196/379/291
f 200/382/294 198/61/56 194/62/57
f 181/383/295 183/384/296 199/380/292
f 183/384/296 184/385/297 200/382/294
f 184/385/297 182/59/54 198/61/56
f 209/67/62 211/387/299 204/386/298
f 211/387/299 212/389/301 203/388/300
f 212/389/301 210/250/180 201/306/214
f 213/72/67 215/390/302 211/387/299
f 215/390/302 216/391/303 212/389/301
f 216/391/303 214/259/185 210/250/180
f 217/74/69 219/392/304 215/390/302
f 219/392/304 220/393/305 216/391/303
f 220/393/305 218/396/308 214/259/185
f 217/74/69 221/70/65 223/394/306
f 223/394/306 224/395/307 220/393/305
f 224/395/307 222/264/188 218/396/308
f 221/70/65 205/68/63 207/397/309
f 223/394/306 207/397/309 208/398/310
f 224/395/307 208/398/310 206/286/200
f 129/31/25 122/28/27 124/343/311
f 131/347/259 124/343/311 123/342/253
f 132/345/257 123/342/253 121/341/252
f 133/296/206 178/272/192 180/373/285
f 135/356/268 180/373/285 179/375/287
f 136/357/269 179/375/287 177/46/41
f 153/8/8 125/277/195 127/399/312
f 155/361/273 127/399/312 128/400/313
f 156/359/271 128/400/375 126/35/30
f 202/58/53 204/386/298 159/370/282
f 204/386/298 203/388/300 160/371/283
f 203/388/300 201/306/214 158/84/77
f 206/286/200 208/398/310 183/384/296
f 183/384/296 208/398/310 207/397/309
f 207/397/309 205/68/63 182/59/54
f 246/98/87 241/243/176 243/401/314
f 248/402/316 243/401/320 244/403/317
f 247/404/318 244/403/317 242/100/72
f 241/258/176 225/257/184 227/405/319
f 243/406/320 227/405/319 228/407/321
f 244/408/317 228/407/321 226/21/18
f 294/276/194 301/281/197 303/409/322
f 296/410/323 303/409/322 304/411/324
f 295/412/326 304/411/329 302/102/90
f 301/281/197 297/280/196 299/413/327
f 303/409/322 299/413/327 300/414/328
f 304/411/329 300/414/328 298/248/179
f 297/280/196 289/288/202 291/415/330
f 299/413/327 291/415/509 292/416/331
f 300/414/328 292/416/331 290/246/177
f 310/116/100 317/115/99 319/417/332
f 312/418/334 319/417/338 320/419/335
f 311/420/336 320/419/335 318/109/95
f 317/115/99 313/301/209 315/421/337
f 319/417/338 315/421/341 316/422/339
f 320/419/335 316/422/339 314/105/93
f 313/301/209 305/99/88 307/423/340
f 315/421/341 307/423/382 308/424/342
f 316/422/339 308/424/342 306/97/86
f 282/121/105 273/239/174 275/425/343
f 284/426/344 275/425/343 276/427/345
f 283/428/347 276/427/374 274/18/15
f 286/261/186 282/121/105 284/426/344
f 288/429/348 284/426/344 283/428/346
f 287/430/349 283/428/347 281/119/103
f 278/124/106 286/261/186 288/429/348
f 280/431/350 288/429/348 287/430/349
f 279/432/351 287/430/349 285/117/101
f 266/129/111 257/266/189 259/433/352
f 268/434/354 259/433/510 260/435/355
f 267/436/356 260/435/355 258/252/181
f 270/285/199 266/129/111 268/434/353
f 272/437/358 268/434/354 267/436/356
f 271/438/359 267/436/356 265/126/108
f 262/93/83 270/285/199 272/437/357
f 264/439/361 272/437/358 271/438/359
f 263/440/362 271/438/359 269/128/110
f 95/149/122 103/317/225 227/405/319
f 103/317/225 99/313/221 228/407/321
f 228/407/321 99/313/221 94/19/16
f 89/441/363 91/443/721 232/318/226
f 232/318/226 91/443/721 92/442/364
f 236/320/228 92/442/364 90/154/125
f 249/23/365 251/444/368 91/443/366
f 251/444/368 252/445/722 92/442/369
f 252/445/370 250/263/187 90/154/125
f 519/125/107 278/124/106 280/431/350
f 520/446/372 280/431/350 279/432/351
f 521/447/373 279/432/351 277/4/4
f 273/239/174 110/25/21 112/332/243
f 275/425/343 112/332/243 111/334/245
f 276/427/374 111/334/245 109/16/13
f 125/277/195 294/276/194 296/410/323
f 127/399/312 296/410/323 295/412/325
f 128/400/375 295/412/326 293/33/28
f 523/106/94 310/116/100 312/418/333
f 524/448/377 312/418/334 311/420/336
f 525/449/378 311/420/336 309/13/10
f 85/254/183 253/255/82 255/450/379
f 87/328/236 255/450/379 256/451/380
f 88/330/381 256/451/380 254/22/3
f 305/99/88 246/98/87 248/402/315
f 307/423/382 248/402/316 247/404/318
f 308/424/342 247/404/318 245/95/84
f 253/91/82 262/93/83 264/439/360
f 255/452/379 264/439/361 263/440/362
f 256/453/380 263/440/362 261/1/1
f 322/336/247 559/335/246 563/454/383
f 323/456/385 567/568/514 572/141/117
f 325/304/212 329/29/718 331/457/386
f 327/88/80 331/457/386 332/458/387
f 328/459/388 332/458/387 330/157/127
f 329/29/23 333/32/716 335/460/389
f 331/457/390 335/460/389 336/461/391
f 332/458/387 336/461/391 334/159/128
f 342/82/76 349/80/74 351/462/392
f 344/463/393 351/462/392 352/464/394
f 343/465/395 352/464/394 350/140/116
f 353/40/35 355/466/396 351/462/392
f 355/466/396 356/468/398 352/464/394
f 352/464/394 356/468/398 354/168/132
f 353/40/35 357/42/37 359/467/397
f 359/467/397 360/469/399 356/468/398
f 360/469/399 358/169/133 354/168/132
f 357/42/37 361/37/32 363/470/400
f 359/467/397 363/470/400 364/471/401
f 360/469/399 364/471/401 362/170/134
f 345/47/42 347/472/402 363/470/400
f 347/472/402 348/473/403 364/471/401
f 348/473/403 346/165/131 362/170/134
f 373/209/154 375/475/405 368/474/404
f 375/475/405 376/477/407 367/476/406
f 376/477/407 374/44/39 365/307/215
f 373/209/154 377/179/139 379/478/408
f 375/475/405 379/478/408 380/479/409
f 376/477/407 380/479/409 378/282/198
f 381/181/140 383/480/410 379/478/408
f 383/480/410 384/481/411 380/479/409
f 384/481/411 382/52/47 378/282/198
f 385/177/138 387/482/412 383/480/410
f 387/482/412 388/483/413 384/481/411
f 388/483/413 386/54/49 382/52/47
f 385/177/138 369/176/137 371/484/414
f 387/482/412 371/484/414 372/485/415
f 388/483/413 372/485/415 370/49/44
f 397/86/78 399/487/417 392/486/416
f 399/487/417 400/489/419 391/488/418
f 400/489/419 398/182/141 389/173/136
f 401/63/58 403/490/420 399/487/417
f 403/490/420 404/491/421 400/489/419
f 404/491/421 402/190/145 398/182/141
f 401/63/58 405/65/60 407/492/422
f 407/492/422 408/493/423 404/491/421
f 408/493/423 406/191/146 402/190/145
f 405/65/60 409/60/55 411/494/424
f 411/494/424 412/495/425 408/493/423
f 412/495/425 410/187/143 406/191/146
f 409/60/55 393/69/64 395/496/426
f 411/494/424 395/496/426 396/497/427
f 412/495/425 396/497/427 394/188/144
f 414/185/142 421/194/147 423/498/428
f 416/499/429 423/498/428 424/500/430
f 415/501/431 424/500/430 422/66/61
f 425/200/150 427/504/434 423/498/428
f 423/498/428 427/504/434 428/502/432
f 428/502/432 426/78/73 422/66/61
f 425/200/150 429/202/151 431/503/433
f 431/503/433 432/505/435 428/502/432
f 432/505/435 430/73/68 426/78/73
f 429/202/151 433/197/149 435/506/436
f 431/503/433 435/506/436 436/507/437
f 436/507/437 434/75/70 430/73/68
f 417/195/148 419/508/438 435/506/436
f 419/508/438 420/509/439 436/507/437
f 420/509/439 418/71/66 434/75/70
f 334/159/128 336/461/391 343/465/395
f 336/461/391 335/460/440 344/463/393
f 335/460/440 333/32/26 342/82/76
f 390/56/51 392/486/416 347/472/402
f 392/486/416 391/488/418 348/473/403
f 391/488/418 389/173/136 346/165/131
f 337/34/29 339/510/499 367/476/406
f 339/510/441 340/511/442 368/474/404
f 340/511/442 338/163/130 366/162/129
f 369/176/137 414/185/142 416/499/429
f 371/484/414 416/499/429 415/501/431
f 372/485/415 415/501/431 413/57/52
f 418/71/66 420/509/439 395/496/426
f 420/509/439 419/508/438 396/497/427
f 419/508/438 417/195/148 394/188/144
f 441/512/71 443/514/444 448/513/443
f 443/514/444 444/516/449 447/515/445
f 444/516/446 442/216/158 445/215/157
f 437/20/17 439/518/448 443/517/444
f 439/518/448 440/520/450 444/519/449
f 440/520/450 438/204/152 442/521/158
f 497/268/190 499/523/456 492/522/451
f 499/523/452 500/525/455 491/524/453
f 500/525/455 498/144/118 489/208/153
f 493/247/178 495/526/457 499/523/456
f 495/526/457 496/527/458 500/525/455
f 496/527/458 494/217/159 498/144/118
f 485/528/459 487/529/460 495/526/457
f 487/529/460 488/530/507 496/527/458
f 488/530/461 486/229/166 494/217/159
f 513/295/205 515/532/463 508/531/462
f 515/532/463 516/534/469 507/533/464
f 516/534/465 514/226/163 505/535/466
f 509/104/92 511/536/468 515/532/463
f 511/536/468 512/537/472 516/534/469
f 512/537/470 510/224/162 514/226/163
f 501/96/85 503/538/471 511/536/468
f 503/538/471 504/539/506 512/537/472
f 504/539/473 502/220/160 510/224/162
f 469/17/14 471/541/498 480/540/474
f 471/541/475 472/543/478 479/542/476
f 472/543/478 470/232/169 477/230/167
f 478/275/193 480/540/474 484/544/479
f 480/540/477 479/542/476 483/545/480
f 479/542/476 477/230/167 481/227/164
f 482/120/104 484/544/479 476/546/481
f 484/544/479 483/545/480 475/547/482
f 483/545/480 481/227/164 473/228/165
f 453/548/483 455/550/485 464/549/484
f 455/550/485 456/552/508 463/551/486
f 456/552/487 454/211/155 461/213/156
f 462/253/182 464/549/484 468/553/489
f 464/549/484 463/551/486 467/554/490
f 463/551/488 461/213/156 465/135/113
f 466/127/109 468/553/489 460/555/492
f 468/553/489 467/554/490 459/556/493
f 467/554/491 465/135/113 457/137/114
f 231/326/234 239/323/231 439/518/448
f 439/518/448 239/323/231 235/322/230
f 440/520/450 235/322/230 230/153/124
f 474/118/102 476/546/481 528/557/495
f 476/546/481 475/547/482 529/558/496
f 475/547/482 473/228/165 530/231/168
f 322/336/247 324/455/384 471/541/498
f 324/455/384 323/456/385 472/543/478
f 323/456/385 321/113/98 470/232/169
f 490/103/91 492/522/451 339/510/499
f 492/522/454 491/524/453 340/511/442
f 491/524/453 489/208/153 338/163/130
f 506/110/96 508/531/462 532/559/500
f 508/531/462 507/533/464 533/560/501
f 507/533/467 505/535/466 534/222/161
f 449/561/2 451/562/504 251/444/503
f 451/562/504 452/563/505 252/445/370
f 452/563/505 450/1187/112 250/263/187
f 446/101/89 448/513/443 503/538/471
f 448/513/443 447/515/445 504/539/506
f 447/515/447 445/215/157 502/220/160
f 458/298/207 460/555/492 451/564/504
f 460/555/492 459/556/493 452/565/505
f 459/556/494 457/137/114 450/134/112
f 94/19/16 100/311/219 238/325/233
f 100/311/219 96/309/217 233/319/227
f 233/319/227 96/309/217 93/238/173
f 86/24/241 249/23/365 89/441/367
f 533/560/502 534/222/161 486/229/166
f 532/559/500 533/560/501 488/530/507
f 531/14/11 532/559/500 487/529/460
f 529/558/497 530/231/168 454/211/155
f 528/557/495 529/558/496 456/552/508
f 527/5/5 528/557/495 455/550/485
f 292/416/331 525/449/378 526/15/12
f 291/415/509 524/448/377 525/449/378
f 289/288/202 523/106/94 524/448/376
f 260/435/355 521/447/373 522/6/6
f 259/433/510 520/446/372 521/447/373
f 257/266/189 519/125/107 520/446/371
f 530/231/168 518/223/97 82/225/97
f 518/223/97 534/222/161 505/535/466
f 40/114/7 517/108/7 519/125/107
f 310/116/100 523/106/94 517/108/7
f 290/246/177 526/15/12 531/14/11
f 522/6/6 527/5/5 453/548/483
f 568/566/511 328/459/388 326/156/126
f 564/89/81 327/88/80 328/459/388
f 324/455/384 563/454/383 567/568/514
f 116/339/250 114/305/519 555/569/515
f 115/337/248 116/339/250 552/570/516
f 547/571/518 551/333/244 111/334/245
f 4/283/7 2/284/7 31/267/7
f 2/284/7 535/593/7 28/260/7
f 30/265/7 2/284/7 29/262/7
f 2/284/7 30/265/7 31/267/7
f 535/593/7 537/590/7 26/249/7
f 7/271/7 5/270/7 13/273/7
f 5/270/7 4/283/7 21/234/7
f 20/274/7 5/270/7 21/234/7
f 10/291/7 9/289/7 12/294/7
f 9/289/7 7/271/7 12/294/7
f 12/294/7 11/292/7 10/291/7
f 20/274/7 13/273/7 5/270/7
f 13/273/7 12/294/7 7/271/7
f 29/262/7 2/284/7 28/260/7
f 537/590/7 538/589/7 1/79/7
f 536/12/7 3/11/7 1/79/7
f 538/589/7 536/12/7 1/79/7
f 537/590/7 1/79/7 8/7/7
f 8/7/7 14/9/7 26/249/7
f 14/9/7 15/297/7 16/300/7
f 16/300/7 17/302/7 18/83/7
f 18/83/7 19/85/7 14/9/7
f 19/85/7 26/249/7 14/9/7
f 16/300/7 18/83/7 14/9/7
f 8/7/7 26/249/7 537/590/7
f 22/235/7 21/234/7 4/283/7
f 23/240/7 22/235/7 4/283/7
f 26/249/7 27/251/7 535/593/7
f 24/242/7 23/240/7 4/283/7
f 25/244/7 24/242/7 4/283/7
f 27/251/7 28/260/7 535/593/7
f 540/278/97 44/279/97 70/201/97
f 44/279/97 46/155/97 73/196/97
f 72/198/97 44/279/97 73/196/97
f 46/155/97 47/158/97 63/183/97
f 47/158/97 49/160/97 55/166/97
f 62/174/97 47/158/97 55/166/97
f 49/160/97 51/138/97 54/164/97
f 51/138/97 52/207/97 54/164/97
f 52/207/97 53/167/97 54/164/97
f 54/164/97 55/166/97 49/160/97
f 47/158/97 62/174/97 63/183/97
f 542/592/97 540/278/97 68/193/97
f 44/279/97 72/198/97 71/199/97
f 541/591/97 542/592/97 43/206/97
f 44/279/97 71/199/97 70/201/97
f 539/142/97 541/591/97 43/206/97
f 43/206/97 542/592/97 50/161/97
f 43/206/97 45/111/97 539/142/97
f 56/172/97 50/161/97 68/193/97
f 68/193/97 50/161/97 542/592/97
f 58/180/97 57/171/135 56/172/97
f 60/175/97 59/178/97 58/180/97
f 68/193/97 61/184/97 56/172/97
f 61/184/97 60/175/97 56/172/97
f 60/175/97 58/180/97 56/172/97
f 46/155/97 63/183/97 64/210/97
f 46/155/97 64/210/97 65/189/97
f 69/205/97 68/193/97 540/278/97
f 46/155/97 65/189/97 66/192/97
f 46/155/97 66/192/97 67/186/97
f 70/201/97 69/205/97 540/278/97
f 114/305/519 325/304/717 560/87/79
f 571/567/512 573/573/521 570/572/520
f 573/573/521 574/575/523 569/574/522
f 574/575/523 572/141/117 567/568/514
f 568/566/513 570/572/525 566/576/524
f 570/572/525 569/574/522 565/577/526
f 569/574/522 567/568/514 563/454/383
f 564/89/81 566/576/524 562/578/527
f 566/576/524 565/577/526 561/579/528
f 565/577/526 563/454/383 559/335/246
f 552/570/516 555/569/515 557/580/529
f 554/581/530 557/580/529 558/582/531
f 553/583/532 558/582/531 556/584/533
f 548/147/517 552/570/516 554/581/530
f 550/585/534 554/581/530 553/583/532
f 549/586/535 553/583/532 551/333/244
f 544/148/121 548/147/120 550/585/536
f 546/587/537 550/585/536 549/586/535
f 545/588/538 549/586/535 547/571/518
f 536/12/7 538/589/7 545/588/538
f 538/589/7 537/590/7 546/587/537
f 537/590/7 535/593/7 544/148/121
f 539/142/97 572/141/117 574/575/523
f 541/591/97 574/575/523 573/573/521
f 542/592/97 573/573/521 571/567/512
f 560/87/79 562/578/527 557/580/529
f 562/578/527 561/579/528 558/582/531
f 561/579/528 559/335/246 556/584/533
f 113/146/119 544/148/121 535/593/7
f 835/594/1 1032/891/207 1023/595/2
f 851/597/4 1048/711/102 1101/598/5
f 582/600/7 699/870/195 727/601/8
f 1117/603/9 684/618/21 577/604/7
f 883/606/10 1080/703/571 1105/607/11
f 683/609/540 896/929/621 1043/610/14
f 668/612/16 805/919/234 1011/613/541
f 828/615/3 1023/1154/2 823/616/542
f 684/618/21 847/832/174 610/619/7
f 696/621/22 907/625/716 903/622/23
f 703/624/25 916/675/76 907/625/543
f 867/626/28 1064/696/91 911/627/29
f 708/629/31 919/640/42 935/630/544
f 720/632/34 931/635/37 927/633/546
f 724/631/545 935/630/544 931/635/37
f 728/636/38 939/900/215 948/637/548
f 751/639/41 964/649/51 919/640/42
f 747/641/43 960/647/49 944/642/44
f 739/644/551 952/875/198 956/645/47
f 743/646/552 956/645/47 960/647/49
f 760/648/553 971/679/563 964/649/51
f 731/643/550 944/642/44 987/650/554
f 756/652/54 967/662/64 983/653/55
f 768/655/555 979/658/558 975/656/556
f 772/654/56 983/653/55 979/658/558
f 776/651/53 987/650/554 996/659/61
f 779/661/63 992/664/560 967/662/64
f 795/663/65 1008/668/70 992/664/560
f 787/665/561 1000/671/73 1004/666/68
f 791/667/562 1004/666/68 1008/668/70
f 800/614/18 1011/613/541 1015/669/71
f 783/660/559 996/659/61 1000/671/73
f 580/620/7 699/870/195 582/600/7
f 716/634/547 927/633/546 923/673/74
f 712/674/75 923/673/74 916/675/76
f 592/676/7 748/962/281 732/677/77
f 764/657/557 975/656/556 971/679/563
f 1134/680/564 899/897/711 901/681/565
f 819/688/84 1020/694/89 1075/689/85
f 613/687/7 607/683/7 820/691/566
f 816/693/72 1015/1105/71 1020/694/89
f 876/695/568 1071/861/190 1064/696/91
f 880/690/86 1075/689/85 1083/697/569
f 1097/699/94 863/881/202 609/700/7
f 892/702/570 1087/888/605 1080/703/571
f 619/704/97 617/799/97 622/705/97
f 614/707/7 616/724/7 891/708/99
f 859/710/101 1056/713/104 1048/711/102
f 855/712/103 1052/868/193 1056/713/104
f 856/714/105 860/854/186 611/715/7
f 1091/701/7 609/700/7 852/717/106
f 839/719/573 1036/846/182 1040/720/109
f 840/722/111 844/878/199 615/723/7
f 1039/728/113 657/812/97 655/729/97
f 625/731/97 623/753/97 915/732/575
f 619/704/97 895/706/98 1146/734/117
f 652/736/97 1063/801/153 1072/737/576
f 687/739/577 689/930/248 1122/740/120
f 669/742/122 799/850/184 606/743/7
f 648/745/97 1012/797/152 804/746/579
f 620/748/97 618/872/97 900/749/126
f 621/751/97 620/748/97 904/750/581
f 621/751/97 908/752/582 915/732/575
f 624/754/97 630/765/97 940/755/129
f 628/757/97 936/763/584 920/758/131
f 627/760/97 626/800/97 928/761/132
f 627/760/97 932/762/583 936/763/584
f 631/764/135 947/802/592 940/755/129
f 629/759/97 920/758/131 963/766/585
f 634/768/97 635/777/97 943/769/137
f 633/771/97 955/774/140 951/772/139
f 634/768/97 959/770/138 955/774/140
f 636/767/97 963/766/585 972/775/141
f 635/777/97 642/786/97 988/778/142
f 641/779/97 640/785/97 984/780/143
f 639/782/97 638/803/97 976/783/587
f 639/782/97 980/784/146 984/780/143
f 642/786/97 643/798/97 995/787/588
f 641/779/97 968/781/586 991/788/589
f 647/789/97 991/788/589 1007/790/149
f 645/792/97 1003/795/591 999/793/590
f 645/792/97 646/791/97 1007/790/149
f 650/796/97 1016/1114/593 1012/797/152
f 643/798/97 644/794/97 999/793/590
f 624/754/97 912/756/130 622/705/97
f 625/731/97 924/733/116 928/761/132
f 1063/801/153 652/736/97 622/705/97
f 631/764/135 632/773/97 951/772/139
f 637/776/97 972/775/141 976/783/587
f 652/736/97 1044/825/169 895/706/98
f 1028/804/155 656/818/97 658/805/97
f 655/729/97 1076/813/160 1019/808/157
f 649/725/97 1019/808/157 1016/809/593
f 654/738/97 1072/737/576 1068/810/159
f 657/812/97 1084/817/594 1076/813/160
f 651/814/97 1060/822/166 1108/815/161
f 658/805/97 1088/819/595 1084/817/594
f 656/818/97 1079/1128/697 1088/819/595
f 1055/820/164 653/811/97 651/814/97
f 653/811/97 1068/810/159 1060/822/166
f 1051/823/167 654/738/97 653/811/97
f 1047/821/165 651/814/97 1092/816/97
f 1044/825/169 652/736/97 654/738/97
f 1035/806/156 658/805/97 657/812/97
f 763/826/596 759/901/607 595/827/7
f 679/829/171 663/1034/363 803/830/597
f 847/832/174 856/714/105 612/716/7
f 597/833/7 767/973/635 763/826/596
f 771/834/599 767/973/635 597/833/7
f 607/683/7 608/685/7 815/836/176
f 599/837/7 755/976/295 771/834/599
f 864/839/600 1059/1121/459 1067/840/178
f 600/842/7 775/899/214 784/843/180
f 832/845/181 1027/1141/483 1036/846/182
f 659/847/601 680/744/123 606/743/7
f 608/849/7 606/743/7 799/850/184
f 601/844/7 784/843/180 788/852/602
f 860/854/186 852/717/106 609/700/7
f 788/852/602 792/987/642 603/855/7
f 824/856/187 1024/1188/574 648/745/97
f 603/855/7 792/987/642 796/857/188
f 831/859/189 840/722/111 616/724/7
f 796/857/188 780/879/200 605/860/7
f 872/841/179 1067/840/178 1071/861/190
f 704/862/191 695/934/622 579/863/7
f 752/865/192 707/889/206 587/866/7
f 848/611/15 1043/610/14 1052/868/193
f 580/620/7 610/619/7 868/869/603
f 1114/871/97 1145/1160/512 900/749/126
f 612/716/7 611/715/7 871/873/196
f 735/638/549 948/637/548 952/875/198
f 578/876/7 691/880/201 687/739/577
f 844/878/199 836/686/83 613/687/7
f 780/879/200 755/976/295 599/837/7
f 579/863/7 695/934/622 691/880/201
f 611/715/7 609/700/7 863/881/202
f 583/882/7 711/937/256 704/862/191
f 715/883/203 711/937/256 583/882/7
f 585/885/7 719/943/263 715/883/203
f 577/604/7 684/618/21 580/620/7
f 723/886/204 719/943/263 585/885/7
f 888/698/93 1083/697/569 1087/888/605
f 707/889/206 723/886/204 586/887/7
f 727/601/8 736/955/627 589/890/7
f 843/721/110 1040/720/109 1032/891/207
f 589/890/7 736/955/627 740/892/208
f 616/724/7 615/723/7 887/894/606
f 740/892/208 744/896/210 591/895/7
f 744/896/210 748/962/281 592/676/7
f 692/623/211 903/622/723 899/897/212
f 593/678/7 732/677/77 775/899/214
f 700/628/30 911/627/29 939/900/215
f 615/723/7 613/687/7 879/692/567
f 759/901/607 752/865/192 594/867/7
f 610/619/7 612/716/7 875/874/604
f 670/902/608 672/905/609 671/903/218
f 674/904/219 675/908/223 672/905/609
f 673/906/221 675/908/223 674/904/219
f 673/906/221 677/910/611 678/907/222
f 676/909/610 678/907/222 677/910/611
f 676/909/610 671/903/218 672/905/609
f 806/911/612 808/914/615 807/912/613
f 810/913/614 811/917/232 808/914/615
f 809/915/230 811/917/232 810/913/614
f 813/916/231 814/920/235 811/917/232
f 812/918/616 814/920/235 813/916/231
f 812/918/616 807/912/613 808/914/615
f 680/744/123 659/847/601 661/921/236
f 682/922/617 661/921/724 662/923/239
f 681/924/240 662/923/239 660/617/241
f 680/744/123 682/922/237 676/909/610
f 682/922/237 681/924/720 671/903/218
f 671/903/218 681/924/720 679/829/171
f 1117/603/9 1121/1164/518 686/925/243
f 1125/926/244 1130/928/620 683/609/540
f 1130/928/620 1133/1173/713 896/929/621
f 691/880/201 693/931/249 689/930/248
f 693/931/249 694/933/251 690/932/250
f 694/933/251 692/623/211 688/898/213
f 695/934/622 697/935/253 693/931/249
f 697/935/253 698/936/255 694/933/254
f 698/936/255 696/621/22 692/623/24
f 711/937/256 713/939/258 706/938/257
f 713/939/258 714/941/260 705/940/259
f 714/941/260 712/674/75 703/624/25
f 715/883/203 717/944/261 713/939/258
f 713/939/258 717/944/261 718/942/262
f 718/942/262 716/634/547 712/674/75
f 719/943/263 721/945/623 717/944/261
f 721/945/623 722/946/624 718/942/262
f 722/946/624 720/632/34 716/634/547
f 723/886/204 725/947/266 721/945/623
f 725/947/266 726/948/267 722/946/624
f 726/948/267 724/631/545 720/632/34
f 723/886/204 707/889/206 709/949/625
f 725/947/266 709/949/625 710/950/269
f 726/948/267 710/950/269 708/629/31
f 728/636/38 735/638/549 737/951/270
f 730/952/626 737/951/270 738/953/272
f 729/954/273 738/953/272 736/955/627
f 739/644/551 741/956/628 737/951/270
f 741/956/628 742/957/276 738/953/272
f 742/957/276 740/892/208 736/955/627
f 743/646/552 745/960/277 741/956/628
f 741/956/628 745/960/277 746/958/629
f 742/957/276 746/958/629 744/896/210
f 743/646/552 747/641/43 749/959/630
f 745/960/277 749/959/630 750/961/631
f 746/958/629 750/961/631 748/962/281
f 731/643/550 733/963/282 749/959/630
f 733/963/282 734/964/632 750/961/631
f 734/964/632 732/677/77 748/962/281
f 752/865/192 759/901/607 761/965/284
f 754/966/285 761/965/284 762/967/286
f 753/968/287 762/967/286 760/648/553
f 763/826/596 765/971/633 761/965/284
f 761/965/284 765/971/633 766/969/289
f 766/969/289 764/657/557 760/648/553
f 763/826/596 767/973/635 769/970/293
f 769/970/293 770/972/634 766/969/289
f 770/972/634 768/655/555 764/657/557
f 771/834/599 773/974/292 769/970/293
f 773/974/292 774/975/294 770/972/634
f 774/975/294 772/654/56 768/655/555
f 755/976/295 757/977/636 773/974/292
f 757/977/636 758/978/637 774/975/294
f 758/978/637 756/652/54 772/654/56
f 783/660/559 785/980/638 778/979/298
f 785/980/638 786/982/640 777/981/639
f 786/982/640 784/843/180 775/899/214
f 787/665/561 789/983/302 785/980/638
f 789/983/302 790/984/303 786/982/640
f 790/984/303 788/852/602 784/843/180
f 787/665/561 791/667/562 793/985/304
f 789/983/302 793/985/304 794/986/641
f 790/984/303 794/986/641 792/987/642
f 791/667/562 795/663/65 797/988/306
f 797/988/306 798/989/643 794/986/641
f 798/989/643 796/857/188 792/987/642
f 795/663/65 779/661/63 781/990/644
f 797/988/306 781/990/644 782/991/645
f 798/989/643 782/991/645 780/879/200
f 703/624/25 696/621/27 698/936/311
f 705/940/259 698/936/311 697/935/253
f 706/938/257 697/935/253 695/934/622
f 707/889/206 752/865/192 754/966/285
f 709/949/625 754/966/285 753/968/287
f 710/950/269 753/968/287 751/639/41
f 727/601/8 699/870/195 701/992/312
f 729/954/273 701/992/312 702/993/313
f 730/952/626 702/993/375 700/628/30
f 776/651/53 778/979/298 733/963/282
f 778/979/298 777/981/639 734/964/632
f 777/981/639 775/899/214 732/677/77
f 780/879/200 782/991/645 757/977/636
f 782/991/645 781/990/644 758/978/637
f 781/990/644 779/661/63 756/652/54
f 820/691/566 815/836/176 817/994/646
f 822/995/316 817/994/649 818/996/317
f 821/997/648 818/996/317 816/693/72
f 815/851/176 799/850/184 801/998/319
f 817/999/649 801/998/319 802/1000/321
f 818/1001/317 802/1000/321 800/614/18
f 868/869/603 875/874/604 877/1002/322
f 870/1003/323 877/1002/322 878/1004/324
f 869/1005/651 878/1004/652 876/695/568
f 875/874/604 871/873/196 873/1006/327
f 877/1002/322 873/1006/327 874/1007/328
f 878/1004/652 874/1007/328 872/841/179
f 871/873/196 863/881/202 865/1008/653
f 873/1006/327 865/1008/707 866/1009/331
f 874/1007/328 866/1009/331 864/839/600
f 884/709/100 891/708/99 893/1010/654
f 886/1011/656 893/1010/338 894/1012/335
f 885/1013/336 894/1012/335 892/702/570
f 891/708/99 887/894/606 889/1014/657
f 893/1010/338 889/1014/341 890/1015/339
f 894/1012/335 890/1015/339 888/698/93
f 887/894/606 879/692/567 881/1016/658
f 889/1014/341 881/1016/382 882/1017/342
f 890/1015/339 882/1017/342 880/690/86
f 856/714/105 847/832/174 849/1018/343
f 858/1019/344 849/1018/343 850/1020/345
f 857/1021/659 850/1020/374 848/611/15
f 860/854/186 856/714/105 858/1019/344
f 862/1022/348 858/1019/344 857/1021/346
f 861/1023/660 857/1021/659 855/712/103
f 852/717/106 860/854/186 862/1022/348
f 854/1024/350 862/1022/348 861/1023/660
f 853/1025/351 861/1023/660 859/710/101
f 840/722/111 831/859/189 833/1026/352
f 842/1027/354 833/1026/708 834/1028/355
f 841/1029/356 834/1028/355 832/845/181
f 844/878/199 840/722/111 842/1027/661
f 846/1030/662 842/1027/354 841/1029/356
f 845/1031/359 841/1029/356 839/719/573
f 836/686/83 844/878/199 846/1030/357
f 838/1032/361 846/1030/662 845/1031/359
f 837/1033/362 845/1031/359 843/721/110
f 669/742/122 677/910/611 801/998/319
f 677/910/611 673/906/221 802/1000/321
f 802/1000/321 673/906/221 668/612/16
f 663/1034/363 665/1036/721 806/911/612
f 806/911/612 665/1036/721 666/1035/663
f 810/913/614 666/1035/663 664/747/580
f 823/616/365 825/1037/368 665/1036/366
f 825/1037/368 826/1038/725 666/1035/664
f 826/1038/370 824/856/187 664/747/580
f 1093/718/572 852/717/106 854/1024/350
f 1094/1039/372 854/1024/350 853/1025/351
f 1095/1040/373 853/1025/351 851/597/4
f 847/832/174 684/618/21 686/925/243
f 849/1018/343 686/925/243 685/927/619
f 850/1020/374 685/927/619 683/609/540
f 699/870/195 868/869/603 870/1003/323
f 701/992/312 870/1003/323 869/1005/650
f 702/993/375 869/1005/651 867/626/28
f 1097/699/94 884/709/100 886/1011/655
f 1098/1041/377 886/1011/656 885/1013/336
f 1099/1042/378 885/1013/336 883/606/10
f 659/847/601 827/848/82 829/1043/379
f 661/921/236 829/1043/379 830/1044/380
f 662/923/381 830/1044/380 828/615/3
f 879/692/567 820/691/566 822/995/647
f 881/1016/382 822/995/316 821/997/648
f 882/1017/342 821/997/648 819/688/84
f 827/684/82 836/686/83 838/1032/360
f 829/1045/379 838/1032/361 837/1033/362
f 830/1046/380 837/1033/362 835/594/1
f 896/929/621 1133/1173/713 1137/1047/667
f 897/1049/385 1141/1161/514 1146/734/117
f 899/897/212 903/622/723 905/1050/386
f 901/681/565 905/1050/386 906/1051/387
f 902/1052/388 906/1051/387 904/750/581
f 903/622/23 907/625/716 909/1053/389
f 905/1050/390 909/1053/389 910/1054/668
f 906/1051/387 910/1054/668 908/752/582
f 916/675/76 923/673/74 925/1055/669
f 918/1056/393 925/1055/669 926/1057/394
f 917/1058/395 926/1057/394 924/733/116
f 927/633/546 929/1059/396 925/1055/669
f 929/1059/396 930/1060/670 926/1057/394
f 930/1060/670 928/761/132 924/733/116
f 931/635/37 933/1062/672 929/1059/396
f 929/1059/396 933/1062/672 934/1061/671
f 934/1061/671 932/762/583 928/761/132
f 935/630/544 937/1063/400 933/1062/672
f 937/1063/400 938/1065/673 934/1061/671
f 934/1061/671 938/1065/673 936/763/584
f 919/640/42 921/1064/402 937/1063/400
f 921/1064/402 922/1066/403 938/1065/673
f 922/1066/403 920/758/131 936/763/584
f 947/802/592 949/1068/405 942/1067/674
f 949/1068/405 950/1070/407 941/1069/675
f 950/1070/407 948/637/548 939/900/215
f 947/802/592 951/772/139 953/1071/676
f 949/1068/405 953/1071/676 954/1072/409
f 950/1070/407 954/1072/409 952/875/198
f 955/774/140 957/1073/677 953/1071/676
f 957/1073/677 958/1074/411 954/1072/409
f 958/1074/411 956/645/47 952/875/198
f 959/770/138 961/1075/412 957/1073/677
f 961/1075/412 962/1076/413 958/1074/411
f 962/1076/413 960/647/49 956/645/47
f 959/770/138 943/769/137 945/1077/414
f 961/1075/412 945/1077/414 946/1078/415
f 962/1076/413 946/1078/415 944/642/44
f 971/679/563 973/1080/417 966/1079/416
f 973/1080/417 974/1082/678 965/1081/418
f 974/1082/678 972/775/141 963/766/585
f 971/679/563 975/656/556 977/1083/420
f 977/1083/420 978/1084/679 974/1082/678
f 978/1084/679 976/783/587 972/775/141
f 979/658/558 981/1085/422 977/1083/420
f 981/1085/422 982/1086/680 978/1084/679
f 982/1086/680 980/784/146 976/783/587
f 979/658/558 983/653/55 985/1087/424
f 985/1087/424 986/1088/681 982/1086/680
f 986/1088/681 984/780/143 980/784/146
f 983/653/55 967/662/64 969/1089/682
f 985/1087/424 969/1089/682 970/1090/683
f 986/1088/681 970/1090/683 968/781/586
f 988/778/142 995/787/588 997/1091/684
f 990/1092/429 997/1091/684 998/1093/430
f 989/1094/431 998/1093/430 996/659/61
f 995/787/588 999/793/590 1001/1095/685
f 997/1091/684 1001/1095/685 1002/1096/432
f 1002/1096/432 1000/671/73 996/659/61
f 1003/795/591 1005/1099/433 1001/1095/685
f 1001/1095/685 1005/1099/433 1006/1097/686
f 1006/1097/686 1004/666/68 1000/671/73
f 1003/795/591 1007/790/149 1009/1098/436
f 1005/1099/433 1009/1098/436 1010/1100/437
f 1010/1100/437 1008/668/70 1004/666/68
f 991/788/589 993/1101/687 1009/1098/436
f 993/1101/687 994/1102/688 1010/1100/437
f 994/1102/688 992/664/560 1008/668/70
f 908/752/582 910/1054/668 917/1058/395
f 910/1054/668 909/1053/440 918/1056/393
f 909/1053/440 907/625/543 916/675/76
f 964/649/51 966/1079/416 921/1064/402
f 966/1079/416 965/1081/418 922/1066/403
f 965/1081/418 963/766/585 920/758/131
f 911/627/29 913/1103/499 941/1069/675
f 913/1103/689 914/1104/442 942/1067/674
f 914/1104/442 912/756/130 940/755/129
f 943/769/137 988/778/142 990/1092/429
f 945/1077/414 990/1092/429 989/1094/431
f 946/1078/415 989/1094/431 987/650/554
f 992/664/560 994/1102/688 969/1089/682
f 969/1089/682 994/1102/688 993/1101/687
f 993/1101/687 991/788/589 968/781/586
f 1015/1105/71 1017/1107/444 1022/1106/443
f 1017/1107/444 1018/1109/692 1021/1108/690
f 1018/1109/446 1016/809/593 1019/808/157
f 1011/613/541 1013/1111/691 1017/1110/444
f 1013/1111/691 1014/1113/450 1018/1112/692
f 1014/1113/450 1012/797/152 1016/1114/593
f 1071/861/190 1073/1116/695 1066/1115/451
f 1073/1116/693 1074/1118/694 1065/1117/453
f 1074/1118/694 1072/737/576 1063/801/153
f 1067/840/178 1069/1119/457 1073/1116/695
f 1069/1119/457 1070/1120/458 1074/1118/694
f 1070/1120/458 1068/810/159 1072/737/576
f 1059/1121/459 1061/1122/460 1069/1119/457
f 1061/1122/460 1062/1123/507 1070/1120/458
f 1062/1123/461 1060/822/166 1068/810/159
f 1087/888/605 1089/1125/463 1082/1124/462
f 1089/1125/463 1090/1127/469 1081/1126/464
f 1090/1127/696 1088/819/595 1079/1128/697
f 1083/697/569 1085/1129/468 1089/1125/463
f 1085/1129/468 1086/1130/472 1090/1127/469
f 1086/1130/699 1084/817/594 1088/819/595
f 1075/689/85 1077/1131/471 1085/1129/468
f 1077/1131/471 1078/1132/506 1086/1130/472
f 1078/1132/700 1076/813/160 1084/817/594
f 1043/610/14 1045/1134/706 1054/1133/701
f 1045/1134/475 1046/1136/478 1053/1135/476
f 1046/1136/478 1044/825/169 1051/823/167
f 1052/868/193 1054/1133/701 1058/1137/702
f 1054/1133/477 1053/1135/476 1057/1138/480
f 1053/1135/476 1051/823/167 1055/820/164
f 1056/713/104 1058/1137/702 1050/1139/481
f 1058/1137/702 1057/1138/480 1049/1140/482
f 1057/1138/480 1055/820/164 1047/821/165
f 1027/1141/483 1029/1143/703 1038/1142/484
f 1029/1143/703 1030/1145/508 1037/1144/486
f 1030/1145/704 1028/804/155 1035/806/156
f 1036/846/182 1038/1142/484 1042/1146/489
f 1038/1142/484 1037/1144/486 1041/1147/490
f 1037/1144/488 1035/806/156 1039/728/113
f 1040/720/109 1042/1146/489 1034/1148/492
f 1042/1146/489 1041/1147/490 1033/1149/493
f 1041/1147/491 1039/728/113 1031/730/114
f 805/919/234 813/916/231 1013/1111/691
f 1013/1111/691 813/916/231 809/915/230
f 1014/1113/450 809/915/230 804/746/579
f 1048/711/102 1050/1139/481 1102/1150/495
f 1050/1139/481 1049/1140/482 1103/1151/705
f 1049/1140/482 1047/821/165 1104/824/168
f 896/929/621 898/1048/384 1045/1134/706
f 898/1048/384 897/1049/385 1046/1136/478
f 897/1049/385 895/706/98 1044/825/169
f 1064/696/91 1066/1115/451 913/1103/499
f 1066/1115/454 1065/1117/453 914/1104/442
f 1065/1117/453 1063/801/153 912/756/130
f 1080/703/571 1082/1124/462 1106/1152/500
f 1082/1124/462 1081/1126/464 1107/1153/501
f 1081/1126/698 1079/1128/697 1108/815/161
f 1023/1154/2 1025/1155/504 825/1037/503
f 1025/1155/504 1026/1156/505 826/1038/370
f 1026/1156/505 1024/1188/574 824/856/187
f 1020/694/89 1022/1106/443 1077/1131/471
f 1022/1106/443 1021/1108/690 1078/1132/506
f 1021/1108/447 1019/808/157 1076/813/160
f 1032/891/207 1034/1148/492 1025/1157/504
f 1034/1148/492 1033/1149/493 1026/1158/505
f 1033/1149/494 1031/730/114 1024/727/574
f 668/612/16 674/904/219 812/918/616
f 674/904/219 670/902/608 807/912/613
f 670/902/608 667/831/598 803/830/597
f 660/617/241 823/616/365 663/1034/367
f 1107/1153/502 1108/815/161 1060/822/166
f 1106/1152/500 1107/1153/501 1062/1123/507
f 1105/607/11 1106/1152/500 1061/1122/460
f 1103/1151/497 1104/824/168 1028/804/155
f 1102/1150/495 1103/1151/705 1030/1145/508
f 1101/598/5 1102/1150/495 1029/1143/703
f 866/1009/331 1099/1042/378 1100/608/12
f 865/1008/707 1098/1041/377 1099/1042/378
f 863/881/202 1097/699/94 1098/1041/666
f 834/1028/355 1095/1040/373 1096/599/539
f 833/1026/708 1094/1039/372 1095/1040/373
f 831/859/189 1093/718/572 1094/1039/665
f 1104/824/168 1092/816/97 656/818/97
f 1092/816/97 1108/815/161 1079/1128/697
f 614/707/7 1091/701/7 1093/718/572
f 884/709/100 1097/699/94 1091/701/7
f 864/839/600 1100/608/12 1105/607/11
f 1096/599/539 1101/598/5 1027/1141/483
f 1142/1159/511 902/1052/388 900/749/126
f 1138/682/81 901/681/565 902/1052/388
f 898/1048/384 1137/1047/667 1141/1161/514
f 690/932/250 688/898/726 1129/1162/709
f 689/930/248 690/932/250 1126/1163/710
f 1121/1164/518 1125/926/244 685/927/619
f 578/876/7 576/877/7 605/860/7
f 576/877/7 1109/1186/7 602/853/7
f 604/858/7 576/877/7 603/855/7
f 576/877/7 604/858/7 605/860/7
f 1109/1186/7 1111/1183/7 600/842/7
f 581/864/7 579/863/7 587/866/7
f 579/863/7 578/876/7 595/827/7
f 594/867/7 579/863/7 595/827/7
f 584/884/7 583/882/7 586/887/7
f 583/882/7 581/864/7 586/887/7
f 586/887/7 585/885/7 584/884/7
f 594/867/7 587/866/7 579/863/7
f 587/866/7 586/887/7 581/864/7
f 603/855/7 576/877/7 602/853/7
f 1111/1183/7 1112/1182/7 575/672/7
f 1110/605/7 577/604/7 575/672/7
f 1112/1182/7 1110/605/7 575/672/7
f 1111/1183/7 575/672/7 582/600/7
f 582/600/7 588/602/7 600/842/7
f 588/602/7 589/890/7 590/893/7
f 590/893/7 591/895/7 592/676/7
f 592/676/7 593/678/7 588/602/7
f 593/678/7 600/842/7 588/602/7
f 590/893/7 592/676/7 588/602/7
f 582/600/7 600/842/7 1111/1183/7
f 596/828/7 595/827/7 578/876/7
f 597/833/7 596/828/7 578/876/7
f 600/842/7 601/844/7 1109/1186/7
f 598/835/7 597/833/7 578/876/7
f 599/837/7 598/835/7 578/876/7
f 601/844/7 602/853/7 1109/1186/7
f 1114/871/97 618/872/97 644/794/97
f 618/872/97 620/748/97 647/789/97
f 646/791/97 618/872/97 647/789/97
f 620/748/97 621/751/97 637/776/97
f 621/751/97 623/753/97 629/759/97
f 636/767/97 621/751/97 629/759/97
f 623/753/97 625/731/97 628/757/97
f 625/731/97 626/800/97 628/757/97
f 626/800/97 627/760/97 628/757/97
f 628/757/97 629/759/97 623/753/97
f 621/751/97 636/767/97 637/776/97
f 1116/1185/97 1114/871/97 642/786/97
f 618/872/97 646/791/97 645/792/97
f 1115/1184/97 1116/1185/97 617/799/97
f 618/872/97 645/792/97 644/794/97
f 1113/735/97 1115/1184/97 617/799/97
f 617/799/97 1116/1185/97 624/754/97
f 617/799/97 619/704/97 1113/735/97
f 630/765/97 624/754/97 642/786/97
f 642/786/97 624/754/97 1116/1185/97
f 632/773/97 631/764/135 630/765/97
f 634/768/97 633/771/97 632/773/97
f 642/786/97 635/777/97 630/765/97
f 635/777/97 634/768/97 630/765/97
f 634/768/97 632/773/97 630/765/97
f 620/748/97 637/776/97 638/803/97
f 620/748/97 638/803/97 639/782/97
f 643/798/97 642/786/97 1114/871/97
f 620/748/97 639/782/97 640/785/97
f 620/748/97 640/785/97 641/779/97
f 644/794/97 643/798/97 1114/871/97
f 1129/1162/709 688/898/726 899/897/711
f 1145/1160/512 1147/1166/521 1144/1165/712
f 1147/1166/521 1148/1168/523 1143/1167/522
f 1148/1168/523 1146/734/117 1141/1161/514
f 1142/1159/513 1144/1165/525 1140/1169/524
f 1144/1165/525 1143/1167/522 1139/1170/526
f 1143/1167/522 1141/1161/514 1137/1047/667
f 1138/682/81 1140/1169/524 1136/1171/527
f 1140/1169/524 1139/1170/526 1135/1172/528
f 1139/1170/526 1137/1047/667 1133/1173/713
f 1126/1163/710 1129/1162/709 1131/1174/529
f 1128/1175/530 1131/1174/529 1132/1176/531
f 1127/1177/714 1132/1176/531 1130/928/620
f 1122/740/517 1126/1163/710 1128/1175/530
f 1124/1178/534 1128/1175/530 1127/1177/714
f 1123/1179/535 1127/1177/714 1125/926/244
f 1118/741/578 1122/740/120 1124/1178/715
f 1120/1180/537 1124/1178/715 1123/1179/535
f 1119/1181/538 1123/1179/535 1121/1164/518
f 1110/605/7 1112/1182/7 1119/1181/538
f 1112/1182/7 1111/1183/7 1120/1180/537
f 1111/1183/7 1109/1186/7 1118/741/578
f 1113/735/97 1146/734/117 1148/1168/523
f 1115/1184/97 1148/1168/523 1147/1166/521
f 1116/1185/97 1147/1166/521 1145/1160/512
f 1134/680/564 1136/1171/527 1131/1174/529
f 1136/1171/527 1135/1172/528 1132/1176/531
f 1135/1172/528 1133/1173/713 1130/928/620
f 687/739/577 1118/741/578 1109/1186/7
o print
v -29.602457 -25.808823 -0.908772
v -30.050446 -26.336330 -1.018493
v -30.349781 -26.781689 -1.321730
v -29.602457 29.061901 -23.077986
v -30.050446 29.365135 -23.523346
v -30.349781 29.474857 -24.050852
v 29.577063 -25.808823 -0.908772
v 30.025051 -26.336330 -1.018493
v 30.324387 -26.781689 -1.321730
v 29.577063 29.061901 -23.077986
v 30.025051 29.365135 -23.523346
v 30.324387 29.474857 -24.050852
v -29.074247 -25.279488 -1.009270
v -29.602686 -25.808823 -0.908772
v -29.074247 28.611313 -22.782568
v -29.602686 29.061897 -23.077984
v 29.048853 -25.279488 -1.009270
v 29.577291 -25.808823 -0.908772
v 29.048853 28.611313 -22.782568
v 29.577291 29.061897 -23.077984
vt 0.012031 0.985258
vt 0.004993 0.003469
vt 0.012313 0.009770
vt 0.004788 0.993611
vt 0.000155 0.000063
vt 0.987508 0.985443
vt 0.994955 0.993681
vt 0.000001 0.999994
vt 0.987646 0.009906
vt 0.995016 0.003492
vt 0.999984 0.999989
vt 0.999994 0.000009
vt 0.978780 0.976528
vt 0.020997 0.018004
vt 0.979009 0.018275
vt 0.020624 0.976208
vt 0.012309 0.009770
vt 0.012028 0.985258
vt 0.987512 0.985443
vt 0.987650 0.009906
vn -0.3021 0.6188 0.7252
vn -0.4521 -0.1311 0.8823
vn -0.3021 0.0586 0.9515
vn -0.4521 0.7072 0.5436
vn -0.5139 -0.2192 0.8293
vn 0.3020 0.6188 0.7252
vn 0.4521 0.7072 0.5436
vn -0.5139 0.7338 0.4443
vn 0.3021 0.0586 0.9515
vn 0.4521 -0.1311 0.8823
vn 0.5139 0.7338 0.4443
vn 0.5139 -0.2192 0.8293
vn 0.0737 0.4409 0.8945
vn -0.0737 0.3042 0.9497
vn 0.0737 0.3042 0.9497
vn -0.0737 0.4409 0.8945
vn -0.0985 0.2796 0.9550
vn -0.0985 0.4623 0.8813
vn 0.0985 0.4623 0.8812
vn 0.0985 0.2796 0.9550
s 1
f 1152/1189/727 1150/1190/728 1149/1191/729
f 1153/1192/730 1151/1193/731 1150/1190/728
f 1158/1194/732 1153/1192/730 1152/1189/727
f 1159/1195/733 1154/1196/734 1153/1192/730
f 1155/1197/735 1159/1195/733 1158/1194/732
f 1156/1198/736 1160/1199/737 1159/1195/733
f 1149/1191/729 1156/1198/736 1155/1197/735
f 1150/1190/728 1157/1200/738 1156/1198/736
f 1152/1189/727 1153/1192/730 1150/1190/728
f 1153/1192/730 1154/1196/734 1151/1193/731
f 1158/1194/732 1159/1195/733 1153/1192/730
f 1159/1195/733 1160/1199/737 1154/1196/734
f 1155/1197/735 1156/1198/736 1159/1195/733
f 1156/1198/736 1157/1200/738 1160/1199/737
f 1149/1191/729 1150/1190/728 1156/1198/736
f 1150/1190/728 1151/1193/731 1157/1200/738
f 1167/1201/739 1161/1202/740 1165/1203/741
f 1163/1204/742 1162/1205/743 1161/1202/740
f 1167/1201/739 1164/1206/744 1163/1204/742
f 1165/1203/741 1168/1207/745 1167/1201/739
f 1161/1202/740 1166/1208/746 1165/1203/741
f 1167/1201/739 1163/1204/742 1161/1202/740
f 1163/1204/742 1164/1206/744 1162/1205/743
f 1167/1201/739 1168/1207/745 1164/1206/744
f 1165/1203/741 1166/1208/746 1168/1207/745
f 1161/1202/740 1162/1205/743 1166/1208/746
o support
v 11.221689 -28.352661 -2.744470
v 11.166451 -30.805233 -2.799704
v 14.454131 -22.464405 0.487973
v 12.340689 -31.453037 -1.724562
v 15.640601 -26.401009 1.674450
v 14.317437 -26.094872 0.351276
v 14.963930 -22.273243 0.997777
v 12.486265 -28.173088 -1.578979
v 14.093968 -29.065201 0.127808
v 13.978477 -30.218443 0.012321
v 16.271542 -31.517059 2.305387
v 15.814702 -30.936975 1.848547
v 13.923734 -26.759285 -0.042421
v 15.109342 -27.311974 1.143191
v 14.747727 -24.756798 0.781574
v 16.092688 -24.945160 2.126535
v 14.155252 -33.259113 0.189091
v 14.644253 -31.764645 0.678101
v 15.445691 -31.593170 1.479537
v 15.572991 -32.948418 1.606840
v 13.394813 -32.797997 -0.571343
v 14.212678 -31.252764 0.246519
v 14.508207 -28.208536 0.542053
v 13.354723 -27.357098 -0.611429
v 16.387901 -30.609755 2.421742
v 15.982565 -30.392719 2.016409
v 14.888993 -33.311424 0.922838
v 15.100191 -31.800980 1.134041
v 14.759809 -23.462132 0.793654
v 15.877573 -23.363556 1.911421
v 14.628007 -22.892452 0.661855
v 15.497693 -22.717220 1.531543
v 16.059336 -24.141956 2.093184
v 14.801716 -24.099693 0.835558
v 15.946508 -25.663052 1.980355
v 14.579413 -25.428520 0.613261
v 16.247932 -30.086552 2.458724
v 16.044191 -30.012274 2.254977
v 15.656666 -31.293758 1.690508
v 16.029697 -32.270023 2.063546
v 14.295041 -22.230782 0.505834
v 14.526743 -22.099934 0.737539
v 10.300294 -28.418915 -3.665861
v 10.286789 -30.714148 -3.679363
v 8.716246 -28.473841 -5.249907
v 8.671326 -31.062826 -5.294829
v 7.357371 -28.359055 -6.608784
v 7.333397 -31.051718 -6.632763
v 6.106719 -28.011610 -7.859442
v 6.065284 -30.647499 -7.900870
v 4.340703 -27.125126 -9.724541
v 4.286572 -30.783451 -9.778671
v 0.078330 -27.117340 -13.887823
v -0.056526 -30.461607 -14.022680
v 0.917619 -33.604733 -12.871588
v -1.158173 -33.709175 -14.947376
v -0.491878 -31.747044 -14.458031
v 2.891108 -31.782841 -11.075047
v 1.873713 -32.676952 -12.092447
v -1.055996 -32.735874 -15.022148
v 1.722237 -6.347372 -12.243918
v -0.408505 -6.347296 -14.374659
v 2.588440 -23.011887 -11.377722
v -0.166571 -22.993454 -14.132725
v -0.280129 -17.324194 -14.246283
v 2.141274 -17.324514 -11.824888
v 1.331759 -2.219452 -12.634395
v -0.473364 -2.327694 -14.439518
v 0.745181 -1.269627 -13.044024
v -0.386232 -1.397926 -14.175436
v 3.176674 -25.089464 -10.789481
v -0.040195 -25.048410 -14.006349
v 10.513906 -28.352661 -2.036686
v 10.458663 -30.805233 -2.091916
v 13.746347 -22.464405 1.195755
v 11.533815 -31.453037 -0.917691
v 14.932812 -26.401009 2.382241
v 13.609652 -26.094872 1.059061
v 14.256140 -22.273241 1.705568
v 11.679388 -28.173088 -0.772099
v 13.386186 -29.065201 0.835591
v 13.270692 -30.218443 0.720107
v 15.563751 -31.517059 3.013180
v 15.106908 -30.936975 2.556338
v 13.215940 -26.759285 0.665370
v 14.401550 -27.311974 1.850985
v 14.039936 -24.756798 1.489366
v 15.384893 -24.945160 2.834330
v 13.447467 -33.259113 0.896874
v 13.936467 -31.764645 1.385888
v 14.737899 -31.593170 2.187329
v 14.865199 -32.948418 2.314635
v 12.687025 -32.797997 0.136440
v 13.504895 -31.252764 0.954302
v 13.800416 -28.208534 1.249846
v 12.646931 -27.357098 0.096366
v 15.680117 -30.609755 3.129525
v 15.274776 -30.392721 2.724198
v 14.181201 -33.311424 1.630630
v 14.392398 -31.800982 1.841834
v 14.052018 -23.462128 1.501447
v 15.169779 -23.363554 2.619213
v 13.920216 -22.892452 1.369647
v 14.789901 -22.717220 2.239335
v 15.351545 -24.141958 2.800976
v 14.093933 -24.099693 1.543343
v 15.238714 -25.663052 2.688149
v 13.871621 -25.428520 1.321052
v 15.717094 -30.086552 2.989561
v 15.513352 -30.012274 2.785813
v 14.948885 -31.293758 2.398293
v 15.321906 -32.270023 2.771338
v 13.764197 -22.230782 1.036675
v 13.995898 -22.099934 1.268384
v 9.592503 -28.418915 -2.958068
v 9.578997 -30.714148 -2.971568
v 8.008453 -28.473841 -4.542113
v 7.963533 -31.062826 -4.587038
v 6.649583 -28.359055 -5.900995
v 6.625614 -31.051718 -5.924980
v 5.398935 -28.011608 -7.151659
v 5.357497 -30.647499 -7.193082
v 3.533821 -27.125126 -8.917657
v 3.479687 -30.783451 -8.971786
v -0.629465 -27.117340 -13.180029
v -0.764321 -30.461607 -13.314884
v 0.386777 -33.604733 -12.340747
v -1.689017 -33.709175 -14.416533
v -1.199672 -31.747044 -13.750237
v 2.183315 -31.782841 -10.367255
v 1.165929 -32.676952 -11.384664
v -1.763787 -32.735874 -14.314358
v 1.014445 -6.347372 -11.536126
v -1.116299 -6.347296 -13.666864
v 1.880658 -23.011889 -10.669941
v -0.874361 -22.993454 -13.424932
v -0.987920 -17.324194 -13.538492
v 1.433492 -17.324514 -11.117107
v 0.623964 -2.219456 -11.926600
v -1.181159 -2.327698 -13.731723
v 0.214335 -1.269627 -12.513177
v -0.917078 -1.397930 -13.644590
v 2.468882 -25.089466 -10.081689
v -0.747989 -25.048412 -13.298554
v -11.565360 -28.352661 -2.744470
v -11.510121 -30.805233 -2.799704
v -14.797801 -22.464405 0.487973
v -12.684355 -31.453037 -1.724562
v -15.984272 -26.401009 1.674449
v -14.661108 -26.094872 0.351276
v -15.307600 -22.273241 0.997778
v -12.829935 -28.173088 -1.578979
v -14.437640 -29.065201 0.127808
v -14.322146 -30.218443 0.012321
v -16.615211 -31.517059 2.305387
v -16.158371 -30.936975 1.848547
v -14.267403 -26.759285 -0.042421
v -15.453012 -27.311974 1.143191
v -15.091398 -24.756798 0.781574
v -16.436357 -24.945160 2.126535
v -14.498921 -33.259113 0.189091
v -14.987923 -31.764645 0.678100
v -15.789361 -31.593170 1.479536
v -15.916664 -32.948418 1.606840
v -13.738482 -32.797997 -0.571344
v -14.556349 -31.252764 0.246519
v -14.851877 -28.208534 0.542053
v -13.698393 -27.357098 -0.611428
v -16.731571 -30.609755 2.421741
v -16.326235 -30.392721 2.016410
v -15.232661 -33.311424 0.922838
v -15.443861 -31.800982 1.134041
v -15.103478 -23.462128 0.793655
v -16.221243 -23.363554 1.911420
v -14.971680 -22.892452 0.661855
v -15.841364 -22.717220 1.531542
v -16.403008 -24.141958 2.093185
v -15.145386 -24.099693 0.835558
v -16.290176 -25.663052 1.980356
v -14.923083 -25.428520 0.613261
v -16.591600 -30.086552 2.458724
v -16.387861 -30.012274 2.254976
v -16.000336 -31.293758 1.690508
v -16.373367 -32.270023 2.063547
v -14.638709 -22.230782 0.505834
v -14.870413 -22.099934 0.737539
v -10.643964 -28.418915 -3.665861
v -10.630459 -30.714148 -3.679363
v -9.059916 -28.473841 -5.249907
v -9.014996 -31.062826 -5.294830
v -7.701041 -28.359055 -6.608784
v -7.677067 -31.051718 -6.632762
v -6.450389 -28.011608 -7.859442
v -6.408954 -30.647499 -7.900870
v -4.684373 -27.125126 -9.724541
v -4.630242 -30.783451 -9.778671
v -0.421999 -27.117340 -13.887823
v -0.287143 -30.461607 -14.022680
v -1.261288 -33.604733 -12.871588
v 0.814503 -33.709175 -14.947377
v 0.148209 -31.747044 -14.458033
v -3.234777 -31.782841 -11.075047
v -2.217382 -32.676952 -12.092447
v 0.712327 -32.735874 -15.022149
v -2.065906 -6.347372 -12.243918
v 0.064835 -6.347296 -14.374659
v -2.932109 -23.011889 -11.377722
v -0.177099 -22.993454 -14.132725
v -0.063540 -17.324194 -14.246283
v -2.484943 -17.324514 -11.824888
v -1.675428 -2.219456 -12.634395
v 0.129695 -2.327698 -14.439518
v -1.088851 -1.269627 -13.044024
v 0.042562 -1.397930 -14.175436
v -3.520343 -25.089466 -10.789481
v -0.303474 -25.048412 -14.006349
v -10.857576 -28.352661 -2.036686
v -10.802333 -30.805233 -2.091916
v -14.090017 -22.464405 1.195755
v -11.877486 -31.453037 -0.917691
v -15.276482 -26.401009 2.382240
v -13.953321 -26.094872 1.059061
v -14.599810 -22.273243 1.705569
v -12.023058 -28.173088 -0.772099
v -13.729856 -29.065201 0.835591
v -13.614363 -30.218443 0.720107
v -15.907422 -31.517059 3.013180
v -15.450578 -30.936975 2.556336
v -13.559610 -26.759285 0.665370
v -14.745219 -27.311974 1.850985
v -14.383606 -24.756798 1.489367
v -15.728563 -24.945160 2.834329
v -13.791139 -33.259113 0.896874
v -14.280136 -31.764645 1.385888
v -15.081566 -31.593170 2.187329
v -15.208869 -32.948418 2.314635
v -13.030695 -32.797997 0.136441
v -13.848566 -31.252764 0.954302
v -14.144085 -28.208536 1.249846
v -12.990601 -27.357098 0.096366
v -16.023787 -30.609755 3.129524
v -15.618446 -30.392719 2.724198
v -14.524871 -33.311424 1.630630
v -14.736069 -31.800980 1.841834
v -14.395688 -23.462132 1.501447
v -15.513449 -23.363556 2.619213
v -14.263885 -22.892452 1.369647
v -15.133569 -22.717220 2.239335
v -15.695215 -24.141956 2.800976
v -14.437603 -24.099693 1.543342
v -15.582385 -25.663052 2.688150
v -14.215292 -25.428520 1.321053
v -16.060764 -30.086552 2.989561
v -15.857024 -30.012274 2.785815
v -15.292553 -31.293758 2.398293
v -15.665577 -32.270023 2.771338
v -14.107867 -22.230782 1.036677
v -14.339568 -22.099932 1.268384
v -9.936172 -28.418915 -2.958068
v -9.922667 -30.714148 -2.971569
v -8.352123 -28.473841 -4.542112
v -8.307202 -31.062826 -4.587038
v -6.993253 -28.359055 -5.900995
v -6.969284 -31.051718 -5.924980
v -5.742606 -28.011610 -7.151659
v -5.701167 -30.647499 -7.193082
v -3.877491 -27.125126 -8.917657
v -3.823357 -30.783451 -8.971786
v 0.285796 -27.117340 -13.180029
v 0.420652 -30.461607 -13.314884
v -0.730446 -33.604733 -12.340746
v 1.345348 -33.709175 -14.416533
v 0.856003 -31.747044 -13.750237
v -2.526985 -31.782843 -10.367255
v -1.509598 -32.676952 -11.384665
v 1.420118 -32.735874 -14.314358
v -1.358114 -6.347372 -11.536126
v 0.772629 -6.347296 -13.666864
v -2.224328 -23.011887 -10.669941
v 0.530691 -22.993454 -13.424933
v 0.644250 -17.324194 -13.538492
v -1.777162 -17.324514 -11.117107
v -0.967633 -2.219452 -11.926600
v 0.837490 -2.327694 -13.731724
v -0.558004 -1.269627 -12.513177
v 0.573408 -1.397926 -13.644590
v -2.812551 -25.089464 -10.081689
v 0.404320 -25.048410 -13.298554
v 14.539422 -22.657024 0.573266
v 11.597549 -31.063770 -2.379224
v 11.326779 -29.578947 -2.904797
v 13.386272 -30.776558 -0.863294
v 13.992840 -29.618502 0.026682
v 15.818662 -26.015293 1.852512
v 14.139675 -26.429863 0.173518
v 14.841742 -22.368824 0.610165
v 15.111731 -26.247940 0.880154
v 11.708641 -28.311607 -2.268132
v 14.268590 -28.615114 0.302433
v 13.505872 -28.710861 -0.743694
v 16.175833 -31.227016 1.944258
v 12.899504 -32.302086 -1.077270
v 15.736887 -31.134256 1.770730
v 13.664845 -27.072674 -0.301307
v 15.398559 -26.842285 1.432406
v 14.649248 -27.035629 0.417674
v 14.676374 -25.092272 0.710223
v 16.096567 -24.549763 2.130414
v 15.552918 -24.850979 1.321342
v 14.518612 -33.332390 0.552455
v 14.415248 -31.578871 0.449091
v 14.532462 -32.511879 0.300886
v 15.291003 -31.716141 1.324851
v 15.833290 -32.628235 1.867137
v 15.642053 -32.270794 1.410479
v 13.798868 -33.097145 -0.167289
v 14.058440 -30.784019 0.092282
v 13.936455 -32.025379 -0.295121
v 14.800031 -27.774334 0.833880
v 12.981760 -27.635899 -0.995010
v 14.064176 -27.782818 -0.167399
v 16.317944 -30.501238 2.086365
v 15.897232 -30.676630 1.931078
v 16.348709 -31.057411 2.382553
v 15.249859 -33.181892 1.283704
v 14.879083 -31.827976 0.912930
v 15.127305 -32.556202 0.895727
v 14.792300 -23.776512 0.826143
v 15.715533 -23.018864 1.749380
v 15.451403 -23.412842 1.219827
v 14.703809 -23.164101 0.737657
v 15.230836 -22.466789 1.264683
v 15.195562 -22.804836 0.963986
v 15.988831 -23.741879 2.022675
v 14.788347 -24.426239 0.822189
v 15.563238 -24.120821 1.331662
v 16.039988 -25.312857 2.073836
v 14.461582 -25.761780 0.495424
v 15.395673 -25.545788 1.164097
v 16.206375 -30.019999 2.300838
v 16.050671 -30.145868 2.114822
v 16.361008 -30.267666 2.425160
v 15.563940 -31.447941 1.597782
v 16.169796 -31.911747 2.203644
v 15.975895 -31.781891 1.744316
v 14.455714 -22.153183 0.550184
v 14.378557 -22.319576 0.442712
v 14.733781 -22.145487 0.797939
v 10.426254 -29.566532 -3.805323
v 10.795705 -30.684340 -3.170448
v 10.815737 -28.382401 -3.150422
v 8.826497 -29.768333 -5.405079
v 9.514731 -30.881775 -4.451422
v 9.545252 -28.457254 -4.420900
v 7.478095 -29.705385 -6.753483
v 7.962433 -31.129475 -6.003725
v 7.998189 -28.444218 -5.967964
v 6.218712 -29.329554 -8.012866
v 6.693123 -30.849840 -7.273035
v 6.724518 -28.214258 -7.241641
v 4.333110 -29.014944 -9.934446
v 5.423695 -30.582876 -8.553075
v 5.461707 -27.722807 -8.515068
v 12.469418 -29.756563 -1.798138
v 0.051237 -28.853540 -13.914917
v 2.150106 -27.146034 -12.099460
v 2.053721 -30.542868 -12.195845
v -0.089876 -33.731388 -13.995409
v -0.243461 -31.322639 -14.209614
v 1.448465 -33.230053 -12.487383
v -0.776264 -32.187431 -14.742416
v 3.457993 -31.446844 -10.518778
v 1.332326 -31.764942 -12.899251
v 2.353504 -32.176437 -11.612655
v -1.241788 -33.335663 -15.177629
v 0.541569 -32.706413 -13.690008
v 0.789577 -6.347334 -13.441999
v 3.600777 -25.932350 -10.375994
v -0.346522 -11.690912 -14.312675
v 2.356955 -20.992744 -11.609208
v -0.108242 -24.196468 -14.074396
v 1.343644 -23.002672 -12.887933
v -0.221396 -20.987581 -14.187550
v 1.927943 -11.698736 -12.038216
v 1.063282 -17.324354 -13.168295
v 0.561909 -2.273575 -13.669668
v -0.452330 -3.469448 -14.418482
v 1.528889 -3.422913 -12.437264
v 0.225860 -1.279263 -13.679672
v -0.459497 -1.711346 -14.395340
v 1.086186 -1.565083 -12.849656
v 2.854527 -24.227055 -11.111631
v 0.034689 -25.902102 -13.931465
v 1.700951 -25.068939 -12.530626
v 13.831635 -22.657024 1.281052
v 10.879149 -31.063770 -1.660822
v 10.353574 -29.578947 -1.931591
v 12.395081 -30.776558 0.127899
v 13.285056 -29.618502 0.734467
v 15.110868 -26.015293 2.560303
v 13.431887 -26.429861 0.881305
v 13.868534 -22.368824 1.583373
v 14.138520 -26.247940 1.853362
v 10.990239 -28.311609 -1.549731
v 13.560802 -28.615114 1.010219
v 12.514676 -28.710857 0.247500
v 15.202622 -31.227016 2.917469
v 12.181105 -32.302086 -0.358870
v 15.029101 -31.134256 2.478517
v 12.957051 -27.072674 0.406487
v 14.690767 -26.842285 2.140200
v 13.676034 -27.035629 1.390889
v 13.968581 -25.092272 1.418016
v 15.388775 -24.549763 2.838207
v 14.579704 -24.850979 2.294559
v 13.810825 -33.332390 1.260242
v 13.707464 -31.578871 1.156875
v 13.559258 -32.511879 1.274092
v 14.583207 -31.716141 2.032643
v 15.125498 -32.628235 2.574930
v 14.668839 -32.270794 2.383694
v 13.091085 -33.097145 0.540496
v 13.350657 -30.784019 0.800068
v 12.963251 -32.025379 0.678081
v 14.092237 -27.774334 1.541675
v 12.263351 -27.635899 -0.276602
v 13.090961 -27.782816 0.805818
v 15.344737 -30.501236 3.059572
v 15.189441 -30.676630 2.638872
v 15.640923 -31.057411 3.090340
v 14.542063 -33.181892 1.991500
v 14.171289 -31.827976 1.620722
v 14.154088 -32.556202 1.868944
v 14.084515 -23.776512 1.533929
v 15.007741 -23.018864 2.457176
v 14.478187 -23.412842 2.193040
v 13.996015 -23.164101 1.445450
v 14.523043 -22.466789 1.972475
v 14.222345 -22.804836 1.937202
v 15.281036 -23.741879 2.730467
v 14.080558 -24.426239 1.529976
v 14.590031 -24.120823 2.304870
v 15.332193 -25.312857 2.781631
v 13.753796 -25.761784 1.203212
v 14.422459 -25.545788 2.137314
v 15.559216 -30.019999 2.948002
v 15.373197 -30.145868 2.792296
v 15.683534 -30.267666 3.102633
v 14.856153 -31.447941 2.305570
v 15.462004 -31.911747 2.911434
v 15.002685 -31.781891 2.717525
v 13.808543 -22.153183 1.197353
v 13.701081 -22.319576 1.120189
v 14.056298 -22.145485 1.475420
v 9.453039 -29.566532 -2.832108
v 10.087914 -30.684340 -2.462656
v 10.107950 -28.382401 -2.442635
v 7.853283 -29.768333 -4.431864
v 8.806937 -30.881777 -3.743628
v 8.837460 -28.457256 -3.713106
v 6.504889 -29.705385 -5.780277
v 7.254647 -31.129477 -5.295938
v 7.290398 -28.444218 -5.260172
v 5.245506 -29.329554 -7.039660
v 5.985338 -30.849838 -6.565250
v 6.016733 -28.214260 -6.533856
v 3.323915 -29.014944 -8.925251
v 4.705287 -30.582876 -7.834666
v 4.743303 -27.722807 -7.796664
v 11.460235 -29.756563 -0.788956
v -0.656558 -28.853540 -13.207122
v 1.158899 -27.146034 -11.108253
v 1.062514 -30.542868 -11.204638
v -0.737047 -33.731388 -13.348238
v -0.951256 -31.322638 -13.501820
v 0.770989 -33.230053 -11.809906
v -1.484056 -32.187431 -14.034625
v 2.739581 -31.446844 -9.800366
v 0.359110 -31.764942 -11.926035
v 1.645717 -32.176437 -10.904868
v -1.919269 -33.335663 -14.500149
v -0.431639 -32.706413 -12.716801
v -0.183638 -6.347334 -12.468784
v 2.882366 -25.932350 -9.657582
v -1.054315 -11.690910 -13.604883
v 1.649176 -20.992744 -10.901429
v -0.816034 -24.196468 -13.366604
v 0.370439 -23.002670 -11.914728
v -0.929186 -20.987581 -13.479760
v 1.220157 -11.698732 -11.330428
v 0.090077 -17.324356 -12.195089
v -0.411309 -2.273575 -12.696449
v -1.160124 -3.469452 -13.710688
v 0.821094 -3.422916 -11.729470
v -0.421313 -1.279266 -13.032498
v -1.136981 -1.711346 -13.717855
v 0.408702 -1.565086 -12.172173
v 2.146740 -24.227053 -10.403845
v -0.673106 -25.902100 -13.223669
v 0.727735 -25.068935 -11.557411
v 10.878156 -27.892807 -2.380222
v 10.802199 -31.265091 -2.456166
v 14.004653 -22.500250 0.746275
v 11.729175 -32.035213 -1.529203
v 15.534801 -26.458408 2.276442
v 13.715451 -26.037472 0.457073
v 14.705621 -22.237400 1.447264
v 11.898207 -27.658218 -1.360158
v 14.003939 -29.187859 0.745562
v 13.888546 -30.016134 0.630177
v 16.003305 -31.625824 2.744943
v 15.375148 -30.828211 2.116787
v 13.347535 -26.655655 0.089172
v 14.977748 -27.415604 1.719392
v 14.141653 -24.721479 0.883290
v 15.990971 -24.980476 2.732613
v 13.709671 -33.539326 0.451293
v 14.382048 -31.484432 1.123685
v 15.067925 -31.339060 1.809564
v 15.242966 -33.202530 1.984608
v 12.887568 -33.087730 -0.370800
v 14.012138 -30.963032 0.753759
v 14.370589 -28.368179 1.112226
v 12.784548 -27.197453 -0.473810
v 16.110012 -30.650448 2.851633
v 15.552670 -30.352028 2.294306
v 14.495498 -33.594631 1.237133
v 14.785896 -31.517773 1.527537
v 14.196332 -23.480614 0.937968
v 15.733255 -23.345072 2.474897
v 14.111047 -22.925308 0.852683
v 15.306863 -22.684362 2.048505
v 15.941244 -24.149879 2.682887
v 14.212024 -24.091766 0.953645
v 15.848940 -25.707027 2.590586
v 13.969187 -25.384544 0.710826
v 16.000387 -30.062870 2.742019
v 15.765203 -29.977127 2.506824
v 15.232835 -31.110708 1.974456
v 15.745746 -32.453072 2.487387
v 13.997651 -22.231960 0.739288
v 14.266608 -22.074409 1.008250
v 9.948930 -27.988560 -3.309433
v 9.930361 -31.144503 -3.327999
v 8.370772 -27.988405 -4.887586
v 8.309006 -31.548262 -4.949357
v 7.007971 -27.854179 -6.250393
v 6.975011 -31.556591 -6.283368
v 5.760596 -27.517380 -7.497783
v 5.703620 -31.141727 -7.554743
v 4.483493 -26.677204 -8.774870
v 4.425414 -31.235844 -8.832944
v -0.981508 -27.103580 -14.239866
v -1.130530 -30.439629 -14.388888
v 0.847787 -33.664257 -12.410577
v -1.674710 -33.798519 -14.933069
v -1.480085 -31.740332 -14.738443
v 3.171522 -31.789555 -10.086842
v 2.069142 -32.665905 -11.189238
v -1.959213 -32.746922 -15.217573
v 1.767855 -6.347385 -11.490509
v -1.161916 -6.347281 -14.420275
v 2.751115 -23.015343 -10.507270
v -1.037031 -22.989996 -14.295391
v -1.088039 -17.324133 -14.346397
v 2.241397 -17.324575 -11.016987
v 1.316322 -2.199158 -11.942037
v -1.165722 -2.347996 -14.424082
v 0.579243 -1.199162 -12.679115
v -0.774696 -1.359364 -14.033054
v 3.425941 -25.097164 -9.832422
v -0.997255 -25.040714 -14.255613
v -14.883092 -22.657024 0.573265
v -11.941220 -31.063770 -2.379224
v -11.670450 -29.578947 -2.904797
v -13.729943 -30.776558 -0.863294
v -14.336510 -29.618502 0.026682
v -16.162331 -26.015293 1.852511
v -14.483344 -26.429861 0.173518
v -15.185411 -22.368824 0.610166
v -15.455400 -26.247940 0.880154
v -12.052311 -28.311609 -2.268133
v -14.612261 -28.615114 0.302431
v -13.849541 -28.710857 -0.743694
v -16.519503 -31.227016 1.944258
v -13.243174 -32.302086 -1.077270
v -16.080557 -31.134256 1.770729
v -14.008514 -27.072674 -0.301307
v -15.742227 -26.842285 1.432407
v -14.992918 -27.035629 0.417673
v -15.020044 -25.092272 0.710222
v -16.440235 -24.549763 2.130415
v -15.896590 -24.850979 1.321344
v -14.862282 -33.332390 0.552455
v -14.758919 -31.578871 0.449091
v -14.876132 -32.511879 0.300886
v -15.634671 -31.716141 1.324851
v -16.176960 -32.628235 1.867137
v -15.985723 -32.270794 1.410478
v -14.142539 -33.097145 -0.167289
v -14.402110 -30.784019 0.092282
v -14.280127 -32.025379 -0.295122
v -15.143703 -27.774334 0.833881
v -13.325430 -27.635899 -0.995010
v -14.407845 -27.782816 -0.167398
v -16.661615 -30.501236 2.086366
v -16.240902 -30.676630 1.931080
v -16.692381 -31.057411 2.382553
v -15.593528 -33.181892 1.283704
v -15.222753 -31.827976 0.912930
v -15.470975 -32.556202 0.895727
v -15.135970 -23.776512 0.826144
v -16.059202 -23.018864 1.749382
v -15.795072 -23.412842 1.219827
v -15.047479 -23.164101 0.737657
v -15.574506 -22.466789 1.264683
v -15.539232 -22.804836 0.963987
v -16.332500 -23.741879 2.022675
v -15.132017 -24.426239 0.822189
v -15.906908 -24.120823 1.331662
v -16.383657 -25.312857 2.073836
v -14.805250 -25.761784 0.495424
v -15.739341 -25.545788 1.164099
v -16.550045 -30.019999 2.300839
v -16.394341 -30.145868 2.114823
v -16.704676 -30.267666 2.425159
v -15.907610 -31.447941 1.597781
v -16.513466 -31.911747 2.203644
v -16.319563 -31.781891 1.744318
v -14.799384 -22.153183 0.550183
v -14.722227 -22.319576 0.442712
v -15.077451 -22.145485 0.797939
v -10.769922 -29.566532 -3.805324
v -11.139375 -30.684340 -3.170448
v -11.159407 -28.382401 -3.150422
v -9.170166 -29.768333 -5.405079
v -9.858401 -30.881777 -4.451422
v -9.888922 -28.457256 -4.420900
v -7.821764 -29.705385 -6.753483
v -8.306104 -31.129477 -6.003725
v -8.341859 -28.444218 -5.967964
v -6.562382 -29.329554 -8.012866
v -7.036792 -30.849838 -7.273035
v -7.068188 -28.214260 -7.241641
v -4.676779 -29.014944 -9.934446
v -5.767366 -30.582876 -8.553075
v -5.805377 -27.722807 -8.515068
v -12.813087 -29.756563 -1.798137
v -0.394906 -28.853540 -13.914917
v -2.493776 -27.146034 -12.099460
v -2.397391 -30.542868 -12.195845
v -0.253793 -33.731388 -13.995409
v -0.100208 -31.322638 -14.209614
v -1.792135 -33.230053 -12.487383
v 0.432595 -32.187431 -14.742416
v -3.801662 -31.446844 -10.518778
v -1.675995 -31.764942 -12.899251
v -2.697173 -32.176437 -11.612655
v 0.898118 -33.335663 -15.177629
v -0.885238 -32.706413 -13.690008
v -1.133247 -6.347334 -13.441999
v -3.944446 -25.932350 -10.375994
v 0.002853 -11.690910 -14.312675
v -2.700624 -20.992744 -11.609208
v -0.235427 -24.196468 -14.074396
v -1.687314 -23.002670 -12.887933
v -0.122273 -20.987581 -14.187550
v -2.271613 -11.698732 -12.038215
v -1.406952 -17.324356 -13.168295
v -0.905578 -2.273575 -13.669668
v 0.108660 -3.469452 -14.418482
v -1.872559 -3.422916 -12.437264
v -0.569530 -1.279266 -13.679672
v 0.115827 -1.711346 -14.395340
v -1.429856 -1.565086 -12.849656
v -3.198196 -24.227053 -11.111631
v -0.378358 -25.902100 -13.931465
v -2.044620 -25.068935 -12.530626
v -14.175304 -22.657024 1.281053
v -11.222819 -31.063770 -1.660822
v -10.697244 -29.578947 -1.931591
v -12.738750 -30.776558 0.127899
v -13.628726 -29.618502 0.734467
v -15.454540 -26.015293 2.560303
v -13.775557 -26.429863 0.881305
v -14.212203 -22.368824 1.583373
v -14.482193 -26.247940 1.853362
v -11.333910 -28.311607 -1.549731
v -13.904473 -28.615114 1.010219
v -12.858346 -28.710861 0.247500
v -15.546290 -31.227016 2.917470
v -12.524775 -32.302086 -0.358870
v -15.372771 -31.134256 2.478517
v -13.300721 -27.072674 0.406487
v -15.034437 -26.842285 2.140200
v -14.019705 -27.035629 1.390889
v -14.312250 -25.092272 1.418017
v -15.732445 -24.549763 2.838207
v -14.923373 -24.850979 2.294559
v -14.154494 -33.332390 1.260242
v -14.051134 -31.578871 1.156876
v -13.902925 -32.511879 1.274092
v -14.926880 -31.716141 2.032643
v -15.469167 -32.628235 2.574929
v -15.012508 -32.270794 2.383694
v -13.434754 -33.097145 0.540495
v -13.694327 -30.784019 0.800068
v -13.306921 -32.025379 0.678081
v -14.435907 -27.774334 1.541675
v -12.607021 -27.635899 -0.276603
v -13.434631 -27.782818 0.805818
v -15.688409 -30.501238 3.059571
v -15.533110 -30.676630 2.638873
v -15.984593 -31.057411 3.090339
v -14.885733 -33.181892 1.991500
v -14.514960 -31.827976 1.620722
v -14.497758 -32.556202 1.868944
v -14.428185 -23.776512 1.533928
v -15.351409 -23.018864 2.457176
v -14.821856 -23.412842 2.193042
v -14.339684 -23.164101 1.445450
v -14.866713 -22.466789 1.972477
v -14.566015 -22.804836 1.937202
v -15.624706 -23.741879 2.730468
v -14.424228 -24.426239 1.529976
v -14.933700 -24.120821 2.304870
v -15.675862 -25.312857 2.781631
v -14.097466 -25.761780 1.203212
v -14.766129 -25.545788 2.137314
v -15.902884 -30.019999 2.948003
v -15.716866 -30.145868 2.792297
v -16.027203 -30.267666 3.102632
v -15.199822 -31.447941 2.305569
v -15.805674 -31.911747 2.911434
v -15.346354 -31.781891 2.717526
v -14.152213 -22.153183 1.197354
v -14.044751 -22.319576 1.120188
v -14.399968 -22.145487 1.475419
v -9.796709 -29.566532 -2.832108
v -10.431584 -30.684340 -2.462657
v -10.451620 -28.382401 -2.442635
v -8.196953 -29.768333 -4.431864
v -9.150607 -30.881775 -3.743629
v -9.181129 -28.457254 -3.713106
v -6.848560 -29.705385 -5.780278
v -7.598317 -31.129475 -5.295938
v -7.634068 -28.444218 -5.260172
v -5.589176 -29.329554 -7.039660
v -6.329008 -30.849840 -6.565250
v -6.360404 -28.214258 -6.533856
v -3.667584 -29.014944 -8.925251
v -5.048956 -30.582876 -7.834666
v -5.086973 -27.722807 -7.796664
v -11.803906 -29.756563 -0.788957
v 0.312888 -28.853540 -13.207122
v -1.502568 -27.146034 -11.108253
v -1.406183 -30.542868 -11.204638
v 0.393377 -33.731388 -13.348238
v 0.607586 -31.322639 -13.501820
v -1.114658 -33.230053 -11.809906
v 1.140387 -32.187431 -14.034625
v -3.083251 -31.446844 -9.800366
v -0.702780 -31.764942 -11.926035
v -1.989386 -32.176437 -10.904867
v 1.575599 -33.335663 -14.500149
v 0.087970 -32.706413 -12.716801
v -0.160031 -6.347334 -12.468784
v -3.226035 -25.932350 -9.657582
v 0.710645 -11.690912 -13.604883
v -1.992845 -20.992744 -10.901429
v 0.472365 -24.196468 -13.366604
v -0.714108 -23.002672 -11.914728
v 0.585517 -20.987581 -13.479759
v -1.563826 -11.698736 -11.330428
v -0.433746 -17.324354 -12.195089
v 0.067640 -2.273575 -12.696450
v 0.816455 -3.469448 -13.710688
v -1.164764 -3.422913 -11.729470
v 0.077644 -1.279263 -13.032498
v 0.793311 -1.711346 -13.717855
v -0.752371 -1.565083 -12.172173
v -2.490409 -24.227055 -10.403845
v 0.329437 -25.902100 -13.223669
v -1.071405 -25.068939 -11.557410
v -11.221826 -27.892807 -2.380222
v -11.145869 -31.265091 -2.456166
v -14.348323 -22.500250 0.746275
v -12.072846 -32.035213 -1.529203
v -15.878470 -26.458408 2.276442
v -14.059121 -26.037472 0.457073
v -15.049291 -22.237400 1.447264
v -12.241877 -27.658218 -1.360158
v -14.347609 -29.187860 0.745561
v -14.232215 -30.016134 0.630177
v -16.346975 -31.625824 2.744941
v -15.718818 -30.828211 2.116785
v -13.691206 -26.655655 0.089172
v -15.321418 -27.415604 1.719391
v -14.485323 -24.721478 0.883289
v -16.334641 -24.980478 2.732613
v -14.053340 -33.539326 0.451293
v -14.725718 -31.484432 1.123684
v -15.411593 -31.339058 1.809564
v -15.586636 -33.202530 1.984608
v -13.231236 -33.087730 -0.370801
v -14.355807 -30.963032 0.753759
v -14.714259 -28.368179 1.112226
v -13.128219 -27.197453 -0.473809
v -16.453682 -30.650448 2.851632
v -15.896340 -30.352026 2.294306
v -14.839167 -33.594631 1.237134
v -15.129564 -31.517773 1.527538
v -14.540002 -23.480614 0.937971
v -16.076927 -23.345074 2.474898
v -14.454718 -22.925308 0.852685
v -15.650533 -22.684362 2.048505
v -16.284914 -24.149879 2.682887
v -14.555694 -24.091766 0.953645
v -16.192612 -25.707027 2.590585
v -14.312859 -25.384544 0.710826
v -16.344055 -30.062870 2.742018
v -16.108871 -29.977127 2.506824
v -15.576505 -31.110708 1.974456
v -16.089415 -32.453072 2.487387
v -14.341321 -22.231958 0.739288
v -14.610278 -22.074409 1.008250
v -10.292602 -27.988560 -3.309433
v -10.274031 -31.144503 -3.327998
v -8.714442 -27.988405 -4.887586
v -8.652677 -31.548262 -4.949357
v -7.351641 -27.854179 -6.250393
v -7.318681 -31.556591 -6.283367
v -6.104267 -27.517380 -7.497783
v -6.047290 -31.141727 -7.554743
v -4.827163 -26.677204 -8.774870
v -4.769084 -31.235844 -8.832944
v 0.637838 -27.103579 -14.239866
v 0.786860 -30.439629 -14.388888
v -1.191457 -33.664261 -12.410577
v 1.331041 -33.798519 -14.933069
v 1.136416 -31.740332 -14.738443
v -3.515191 -31.789555 -10.086842
v -2.412811 -32.665905 -11.189238
v 1.615543 -32.746922 -15.217571
v -2.111524 -6.347389 -11.490509
v 0.818247 -6.347284 -14.420275
v -3.094784 -23.015347 -10.507270
v 0.693362 -22.989996 -14.295391
v 0.744369 -17.324137 -14.346397
v -2.585067 -17.324574 -11.016987
v -1.659991 -2.199154 -11.942037
v 0.822053 -2.347996 -14.424081
v -0.922912 -1.199165 -12.679115
v 0.431027 -1.359364 -14.033054
v -3.769610 -25.097164 -9.832422
v 0.653586 -25.040714 -14.255613
v 13.374926 -29.707674 -0.891450
v 14.901826 -26.636074 0.670252
v 15.017840 -22.561905 0.786263
v 16.086050 -31.523001 1.854474
v 14.365151 -27.423504 0.133574
v 15.490892 -25.202564 1.259316
v 14.239767 -32.338009 0.008192
v 15.403138 -32.449017 1.171567
v 13.618979 -31.531599 -0.615251
v 13.763627 -28.139650 -0.470604
v 16.255682 -30.867022 2.024104
v 14.831557 -32.580185 0.599981
v 15.523273 -23.759195 1.291700
v 15.342383 -23.091484 1.110807
v 15.575168 -24.488001 1.343591
v 15.272833 -25.888538 1.041257
v 16.333435 -30.203867 2.142818
v 15.831324 -32.038090 1.599747
v 14.682240 -22.231333 0.491624
v 10.938429 -29.533371 -3.293146
v 9.662704 -29.669516 -4.568872
v 8.113021 -29.786848 -6.118555
v 6.841529 -29.532051 -7.390048
v 5.548820 -29.157322 -8.688065
v 11.785954 -29.682192 -2.450930
v 2.179907 -28.912937 -12.086469
v 0.227987 -33.290195 -13.962628
v 1.725725 -31.371582 -12.508505
v 0.921330 -32.181934 -13.310246
v 0.923421 -11.694822 -13.308156
v 1.505853 -24.211761 -12.725724
v 1.200489 -20.990162 -13.031089
v 0.670991 -3.446182 -13.560585
v 0.439570 -1.632839 -13.751045
v 1.936177 -25.926220 -12.298054
v 12.366924 -29.707672 0.116552
v 13.928616 -26.636074 1.643461
v 14.044629 -22.561907 1.759474
v 15.112840 -31.523001 2.827683
v 13.391932 -27.423504 1.106792
v 14.517675 -25.202564 2.232533
v 13.266565 -32.338009 0.981394
v 14.429923 -32.449017 2.144783
v 12.643122 -31.531599 0.360606
v 12.787761 -28.139650 0.505260
v 15.282472 -30.867022 2.997315
v 13.858347 -32.580185 1.573191
v 14.550065 -23.759197 2.264911
v 14.369165 -23.091484 2.084023
v 14.601957 -24.488001 2.316801
v 14.299623 -25.888538 2.014466
v 15.401192 -30.203867 3.075062
v 14.858112 -32.038090 2.572959
v 13.749990 -22.231331 1.423876
v 9.965220 -29.533369 -2.319935
v 8.689487 -29.669516 -3.595656
v 7.139811 -29.786848 -5.145345
v 5.868326 -29.532049 -6.416844
v 4.570302 -29.157322 -7.709546
v 10.807445 -29.682192 -1.472418
v 1.171890 -28.912937 -11.078451
v -0.704263 -33.290195 -13.030379
v 0.749853 -31.371582 -11.532633
v -0.051881 -32.181934 -12.337036
v -0.049790 -11.694822 -12.334946
v 0.532642 -24.211761 -11.752514
v 0.227285 -20.990160 -12.057885
v -0.302226 -3.446182 -12.587368
v -0.492687 -1.632843 -12.818789
v 0.960306 -25.926218 -11.322181
v 14.055891 -22.692692 0.797517
v 11.206185 -31.574516 -2.052188
v 13.917363 -29.582850 0.658990
v 15.719216 -26.062828 2.460860
v 13.549742 -26.352535 0.291370
v 11.355395 -27.808847 -1.902978
v 14.152177 -28.790958 0.893806
v 12.329428 -32.609917 -0.928946
v 15.301822 -30.988476 2.043453
v 13.098101 -26.941113 -0.160257
v 15.280704 -26.919617 2.022346
v 14.066800 -25.050911 0.808442
v 15.987961 -24.572926 2.729603
v 14.097130 -33.614468 0.838758
v 14.176928 -31.294193 0.918554
v 14.944819 -31.441313 1.686461
v 15.529895 -32.849541 2.271537
v 13.329406 -33.381821 0.071032
v 13.917107 -30.505524 0.658732
v 14.658981 -27.905897 1.400626
v 12.388403 -27.427547 -0.869955
v 15.458684 -30.605236 2.200326
v 16.079470 -31.128807 2.821095
v 14.888245 -33.456718 1.629887
v 14.592775 -31.545898 1.334415
v 14.214057 -23.783009 0.955687
v 15.551335 -22.991634 2.292976
v 14.160213 -23.191332 0.901854
v 15.006577 -22.431118 1.748220
v 15.859280 -23.735386 2.600924
v 14.189161 -24.403076 0.930789
v 15.941769 -25.354216 2.683413
v 13.853234 -25.714251 0.594864
v 15.887310 -29.958271 2.628937
v 15.655231 -30.120596 2.396858
v 16.079395 -30.287138 2.821022
v 15.159541 -31.226635 1.901171
v 15.897070 -32.057526 2.638712
v 14.104132 -22.127640 0.845776
v 13.973190 -22.350899 0.714819
v 14.459038 -22.111765 1.200681
v 10.438053 -31.115953 -2.820307
v 10.465600 -27.950787 -2.792774
v 9.155111 -31.336372 -4.103249
v 9.197079 -28.002657 -4.061281
v 7.601836 -31.632961 -5.656537
v 7.650998 -27.940733 -5.607363
v 6.333344 -31.344011 -6.925030
v 6.376513 -27.720089 -6.881862
v 5.099669 -31.097658 -8.158691
v 5.151230 -27.204685 -8.107142
v -1.030625 -28.833958 -14.288983
v -0.471725 -33.887596 -13.730083
v -1.281373 -31.306313 -14.539730
v 1.611940 -33.216778 -11.646433
v -1.716992 -32.189491 -14.975351
v 3.771471 -31.498814 -9.486889
v 2.586443 -32.174377 -10.671931
v -2.088216 -33.363617 -15.346575
v 3.890413 -25.906284 -9.367948
v -1.126881 -11.689445 -14.385241
v 2.486507 -20.993713 -10.771881
v -1.017658 -24.190733 -14.276017
v -1.058733 -20.986612 -14.317093
v 2.000513 -11.700201 -11.257861
v -1.177705 -3.478176 -14.436064
v 1.546470 -3.414188 -11.711889
v -0.122445 -1.164860 -13.380804
v -1.087263 -1.733891 -14.345622
v 1.034146 -1.531792 -12.224213
v 3.056153 -24.232788 -10.202221
v -0.977901 -25.892216 -14.236260
v -13.718595 -29.707672 -0.891450
v -15.245495 -26.636074 0.670252
v -15.361509 -22.561907 0.786263
v -16.429720 -31.523001 1.854475
v -14.708820 -27.423504 0.133574
v -15.834562 -25.202564 1.259316
v -14.583438 -32.338009 0.008191
v -15.746809 -32.449017 1.171566
v -13.962649 -31.531599 -0.615252
v -14.107297 -28.139650 -0.470604
v -16.599352 -30.867022 2.024103
v -15.175225 -32.580185 0.599982
v -15.866943 -23.759197 1.291700
v -15.686053 -23.091484 1.110806
v -15.918837 -24.488001 1.343591
v -15.616503 -25.888538 1.041255
v -16.677105 -30.203867 2.142819
v -16.174992 -32.038090 1.599748
v -15.025910 -22.231331 0.491626
v -11.282100 -29.533369 -3.293146
v -10.006372 -29.669516 -4.568872
v -8.456691 -29.786848 -6.118555
v -7.185199 -29.532049 -7.390048
v -5.892489 -29.157322 -8.688065
v -12.129625 -29.682192 -2.450930
v -2.523577 -28.912937 -12.086469
v -0.571657 -33.290195 -13.962628
v -2.069395 -31.371582 -12.508505
v -1.265000 -32.181934 -13.310246
v -1.267090 -11.694822 -13.308156
v -1.849522 -24.211761 -12.725724
v -1.544158 -20.990160 -13.031088
v -1.014661 -3.446182 -13.560585
v -0.783240 -1.632843 -13.751045
v -2.279847 -25.926218 -12.298054
v -12.710593 -29.707674 0.116552
v -14.272286 -26.636074 1.643461
v -14.388299 -22.561905 1.759474
v -15.456511 -31.523001 2.827684
v -13.735602 -27.423504 1.106792
v -14.861344 -25.202564 2.232535
v -13.610234 -32.338009 0.981392
v -14.773591 -32.449017 2.144785
v -12.986792 -31.531599 0.360606
v -13.131431 -28.139650 0.505260
v -15.626142 -30.867022 2.997314
v -14.202017 -32.580185 1.573192
v -14.893732 -23.759195 2.264910
v -14.712835 -23.091484 2.084026
v -14.945627 -24.488001 2.316802
v -14.643293 -25.888538 2.014467
v -15.744862 -30.203867 3.075063
v -15.201782 -32.038090 2.572959
v -14.093660 -22.231333 1.423874
v -10.308890 -29.533371 -2.319935
v -9.033157 -29.669516 -3.595656
v -7.483481 -29.786848 -5.145344
v -6.211996 -29.532051 -6.416844
v -4.913971 -29.157322 -7.709546
v -11.151114 -29.682192 -1.472418
v -1.515560 -28.912937 -11.078451
v 0.360593 -33.290195 -13.030379
v -1.093523 -31.371582 -11.532633
v -0.291789 -32.181934 -12.337036
v -0.293880 -11.694822 -12.334946
v -0.876312 -24.211761 -11.752514
v -0.570955 -20.990162 -12.057885
v -0.041443 -3.446182 -12.587368
v 0.149018 -1.632839 -12.818789
v -1.303975 -25.926220 -11.322182
v -14.399559 -22.692692 0.797517
v -11.549855 -31.574516 -2.052188
v -14.261032 -29.582851 0.658990
v -16.062889 -26.062828 2.460860
v -13.893411 -26.352535 0.291368
v -11.699064 -27.808847 -1.902977
v -14.495849 -28.790958 0.893806
v -12.673098 -32.609917 -0.928946
v -15.645492 -30.988476 2.043453
v -13.441771 -26.941113 -0.160257
v -15.624372 -26.919617 2.022346
v -14.410470 -25.050911 0.808442
v -16.331629 -24.572926 2.729603
v -14.440802 -33.614468 0.838758
v -14.520597 -31.294195 0.918553
v -15.288489 -31.441311 1.686460
v -15.873564 -32.849541 2.271537
v -13.673075 -33.381821 0.071033
v -14.260777 -30.505524 0.658732
v -15.002651 -27.905897 1.400625
v -12.732073 -27.427547 -0.869957
v -15.802353 -30.605234 2.200326
v -16.423140 -31.128809 2.821095
v -15.231914 -33.456718 1.629889
v -14.936446 -31.545898 1.334416
v -14.557729 -23.783009 0.955687
v -15.895005 -22.991631 2.292977
v -14.503882 -23.191332 0.901853
v -15.350248 -22.431118 1.748222
v -16.202950 -23.735384 2.600925
v -14.532832 -24.403076 0.930788
v -16.285437 -25.354218 2.683411
v -14.196906 -25.714251 0.594864
v -16.230980 -29.958271 2.628936
v -15.998900 -30.120596 2.396857
v -16.423065 -30.287138 2.821023
v -15.503211 -31.226635 1.901170
v -16.240740 -32.057526 2.638711
v -14.447803 -22.127640 0.845776
v -14.316860 -22.350899 0.714819
v -14.802708 -22.111765 1.200680
v -10.781724 -31.115953 -2.820307
v -10.809268 -27.950787 -2.792774
v -9.498781 -31.336372 -4.103248
v -9.540749 -28.002657 -4.061281
v -7.945507 -31.632961 -5.656537
v -7.994667 -27.940731 -5.607363
v -6.677014 -31.344011 -6.925029
v -6.720181 -27.720089 -6.881862
v -5.443338 -31.097658 -8.158691
v -5.494900 -27.204685 -8.107142
v 0.686956 -28.833958 -14.288982
v 0.128055 -33.887596 -13.730084
v 0.937703 -31.306313 -14.539730
v -1.955610 -33.216778 -11.646433
v 1.373323 -32.189491 -14.975351
v -4.115140 -31.498814 -9.486889
v -2.930112 -32.174377 -10.671931
v 1.744546 -33.363617 -15.346575
v -4.234082 -25.906286 -9.367948
v 0.783212 -11.689447 -14.385241
v -2.830177 -20.993713 -10.771881
v 0.673988 -24.190731 -14.276017
v 0.715064 -20.986610 -14.317093
v -2.344182 -11.700201 -11.257861
v 0.834036 -3.478176 -14.436064
v -1.890140 -3.414188 -11.711889
v -0.221225 -1.164860 -13.380804
v 0.743594 -1.733891 -14.345622
v -1.377815 -1.531792 -12.224213
v -3.399823 -24.232790 -10.202221
v 0.634232 -25.892216 -14.236259
vn 0.6779 0.0022 -0.7351
vn 0.7427 -0.0148 -0.6694
vn 0.4974 -0.3096 -0.8104
vn 0.7355 0.0275 -0.6769
vn 0.7682 -0.0064 -0.6402
vn 0.9657 -0.0720 -0.2495
vn 0.9687 0.0356 -0.2454
vn 0.8803 -0.3954 -0.2621
vn 0.7095 -0.0058 -0.7047
vn 0.8928 -0.3734 -0.2517
vn 0.7085 -0.0030 -0.7056
vn 0.2654 0.3664 -0.8918
vn 0.2555 0.3139 -0.9144
vn 0.7105 -0.0071 -0.7037
vn 0.9092 -0.3380 -0.2431
vn 0.7239 0.0587 -0.6874
vn 0.7177 0.6800 -0.1495
vn 0.8035 0.5746 -0.1555
vn 0.1063 -0.2799 -0.9541
vn 0.7202 0.0812 -0.6890
vn 0.0463 -0.3681 -0.9286
vn 0.6895 0.1418 -0.7102
vn 0.6334 0.7631 -0.1287
vn 0.7237 -0.0049 -0.6900
vn 0.9514 -0.3078 0.0075
vn 0.9163 -0.3957 -0.0622
vn 0.1132 0.4288 -0.8962
vn 0.7285 -0.0016 -0.6850
vn 0.0605 0.3817 -0.9223
vn 0.7289 0.0037 -0.6846
vn 0.9733 -0.2203 0.0641
vn 0.8832 -0.3630 -0.2968
vn 0.7074 0.0024 -0.7067
vn 0.8754 -0.3957 -0.2777
vn 0.7062 0.0128 -0.7079
vn 0.3196 0.4708 -0.8223
vn 0.2850 0.4202 -0.8615
vn 0.9468 -0.2283 -0.2267
vn 0.7117 -0.0031 -0.7024
vn 0.9648 -0.1549 -0.2125
vn 0.7107 -0.0042 -0.7035
vn 0.2384 0.1792 -0.9545
vn 0.2292 0.1241 -0.9654
vn 0.7135 0.0002 -0.7007
vn 0.9791 -0.0560 -0.1957
vn 0.7050 -0.0125 -0.7091
vn 0.4181 -0.5367 -0.7329
vn 0.3913 -0.4735 -0.7891
vn 0.8339 0.4226 -0.3547
vn 0.7022 -0.0163 -0.7118
vn 0.7061 -0.0209 -0.7077
vn 0.4712 -0.5849 -0.6602
vn 0.7125 -0.0162 -0.7014
vn 0.7016 -0.6076 -0.3722
vn 0.6146 -0.6242 -0.4823
vn 0.4823 0.5919 -0.6458
vn 0.7167 -0.0160 -0.6972
vn 0.3775 0.5733 -0.7272
vn 0.7228 -0.0153 -0.6908
vn 0.7911 -0.5579 -0.2507
vn 0.7215 -0.0202 -0.6921
vn 0.4100 -0.4212 -0.8090
vn 0.9547 0.1571 -0.2526
vn 0.9129 0.2928 -0.2842
vn 0.9403 -0.1865 -0.2846
vn 0.7048 0.0294 -0.7088
vn 0.9062 -0.2898 -0.3080
vn 0.3955 0.5074 -0.7656
vn 0.3642 0.5104 -0.7790
vn 0.9831 -0.1408 0.1168
vn -0.0006 0.3305 -0.9438
vn 0.7300 0.0105 -0.6833
vn -0.0608 0.3050 -0.9504
vn 0.7448 0.0657 -0.6640
vn 0.9830 -0.0200 0.1823
vn 0.5364 -0.6144 -0.5786
vn 0.7243 0.5206 -0.4520
vn 0.7095 -0.0179 -0.7045
vn 0.6005 0.5763 -0.5543
vn 0.7145 0.0046 -0.6995
vn 0.9675 0.1929 -0.1635
vn 0.9781 0.1100 -0.1762
vn 0.1966 0.0029 -0.9805
vn 0.7164 0.0084 -0.6977
vn 0.1848 -0.0514 -0.9814
vn 0.7194 0.0167 -0.6944
vn 0.9398 0.3052 -0.1537
vn 0.8849 0.4402 -0.1519
vn 0.1678 -0.1168 -0.9789
vn 0.7224 0.0323 -0.6907
vn 0.1435 -0.1925 -0.9707
vn 0.9820 0.0351 -0.1853
vn 0.2121 0.0624 -0.9752
vn 0.7141 0.0015 -0.7000
vn 0.7109 -0.0062 -0.7032
vn 0.9284 -0.2880 -0.2348
vn 0.2495 0.2659 -0.9311
vn 0.2439 0.2236 -0.9437
vn 0.9380 0.2479 0.2424
vn -0.1116 0.3448 -0.9320
vn 0.7256 0.4020 -0.5585
vn -0.1012 0.5687 -0.8162
vn 0.4794 0.8529 -0.2069
vn 0.7106 0.6341 0.3050
vn 0.8660 -0.4790 -0.1434
vn 0.2743 0.5297 -0.8026
vn 0.7244 -0.0096 -0.6893
vn 0.1807 0.4749 -0.8613
vn 0.4623 0.8759 -0.1383
vn -0.0394 -0.3764 -0.9256
vn 0.4485 0.4104 -0.7940
vn -0.1941 0.0194 -0.9808
vn -0.0316 0.8346 -0.5500
vn 0.1144 0.9789 -0.1689
vn 0.7009 0.0001 -0.7132
vn 0.6009 0.4868 -0.6340
vn 0.5966 0.4742 -0.6474
vn 0.5979 -0.4628 -0.6544
vn 0.7071 0.0067 -0.7070
vn 0.7077 0.0014 -0.7065
vn 0.6053 0.4859 -0.6305
vn 0.6172 0.4705 -0.6306
vn 0.6516 -0.4782 -0.5888
vn 0.7091 -0.0031 -0.7051
vn 0.6729 -0.4731 -0.5686
vn 0.7089 -0.0051 -0.7053
vn 0.6320 0.4525 -0.6291
vn 0.6543 0.4408 -0.6145
vn 0.6638 -0.4630 -0.5874
vn 0.7074 -0.0055 -0.7067
vn 0.5770 -0.4526 -0.6798
vn 0.7059 -0.0048 -0.7083
vn 0.6743 0.4371 -0.5951
vn 0.7063 -0.0020 -0.7079
vn 0.6920 0.4395 -0.5726
vn 0.5589 -0.4446 -0.6999
vn 0.5940 -0.4343 -0.6771
vn 0.7107 0.0042 -0.7034
vn 0.7152 0.4341 -0.5477
vn 0.7202 0.0118 -0.6937
vn 0.7544 0.3958 -0.5236
vn 0.6603 -0.4252 -0.6190
vn 0.7369 -0.3620 -0.5709
vn 0.7252 0.0033 -0.6885
vn 0.7991 0.2498 -0.5468
vn 0.4779 -0.4170 -0.7731
vn 0.5194 -0.4440 -0.7301
vn 0.6938 -0.0055 -0.7201
vn 0.5822 0.4414 -0.6828
vn 0.5441 0.3864 -0.7447
vn 0.6977 0.0187 -0.7161
vn 0.7000 -0.0232 -0.7137
vn 0.6808 0.0013 -0.7324
vn 0.5018 0.0158 -0.8648
vn 0.4971 -0.0040 -0.8677
vn 0.4260 0.1678 -0.8890
vn 0.6867 -0.2289 -0.6899
vn 0.3674 -0.1832 -0.9118
vn 0.7062 -0.0197 -0.7077
vn 0.7678 -0.5141 -0.3823
vn 0.5649 -0.7642 -0.3112
vn 0.4852 -0.7363 -0.4717
vn 0.3414 -0.6935 -0.6343
vn 0.5088 0.0475 -0.8596
vn 0.7147 -0.0377 -0.6984
vn 0.5103 0.1215 -0.8513
vn 0.7401 -0.4828 -0.4681
vn 0.7588 -0.4704 -0.4505
vn 0.7104 -0.0116 -0.7037
vn 0.4758 0.2223 -0.8509
vn 0.7077 0.0046 -0.7065
vn 0.4479 0.2380 -0.8618
vn 0.8032 -0.3968 -0.4442
vn 0.8329 -0.3450 -0.4326
vn 0.7072 0.0010 -0.7070
vn 0.9282 0.0219 -0.3714
vn 0.9199 0.0258 -0.3912
vn 0.3894 -0.0063 -0.9210
vn 0.7076 0.0009 -0.7066
vn 0.3721 -0.0059 -0.9282
vn 0.7085 0.0014 -0.7057
vn 0.9365 0.0324 -0.3491
vn 0.7084 0.0035 -0.7058
vn 0.8842 0.1259 -0.4498
vn 0.8685 0.1794 -0.4620
vn 0.4636 -0.0310 -0.8855
vn 0.7066 0.0011 -0.7075
vn 0.4421 -0.0251 -0.8966
vn 0.7067 0.0014 -0.7075
vn 0.8988 0.0771 -0.4315
vn 0.9104 0.0432 -0.4113
vn 0.4237 -0.0151 -0.9056
vn 0.7069 0.0013 -0.7073
vn 0.4064 -0.0089 -0.9136
vn 0.9446 0.0772 -0.3189
vn 0.3536 -0.0075 -0.9353
vn 0.7109 0.0034 -0.7032
vn 0.3282 -0.0052 -0.9445
vn 0.7121 0.0287 -0.7014
vn 0.9386 0.1899 -0.2881
vn 0.8380 0.4763 -0.2660
vn 0.2864 0.0303 -0.9576
vn 0.6693 0.2646 -0.6943
vn 0.1457 0.7331 -0.6643
vn 0.3871 0.7831 -0.4866
vn 0.5470 0.7992 -0.2491
vn 0.8474 0.2235 -0.4816
vn 0.7100 0.0104 -0.7041
vn 0.4859 -0.0212 -0.8737
vn -0.6694 -0.0148 0.7427
vn -0.7351 0.0021 0.6779
vn -0.8104 -0.3096 0.4974
vn -0.2454 0.0356 0.9687
vn -0.6402 -0.0064 0.7682
vn -0.2495 -0.0720 0.9657
vn -0.6769 0.0275 0.7355
vn -0.7447 0.3864 0.5441
vn -0.2621 -0.3954 0.8803
vn -0.7047 -0.0058 0.7095
vn -0.7056 -0.0030 0.7085
vn -0.2517 -0.3734 0.8928
vn -0.7037 -0.0070 0.7104
vn -0.9144 0.3139 0.2555
vn -0.8918 0.3664 0.2654
vn -0.8615 0.4202 0.2850
vn -0.1495 0.6800 0.7177
vn -0.6874 0.0587 0.7239
vn -0.1555 0.5746 0.8035
vn -0.1287 0.7631 0.6334
vn -0.6890 0.0812 0.7202
vn -0.7102 0.1418 0.6895
vn -0.9286 -0.3681 0.0463
vn -0.9541 -0.2799 0.1063
vn 0.0075 -0.3078 0.9514
vn -0.6901 -0.0049 0.7237
vn -0.0623 -0.3957 0.9163
vn 0.0641 -0.2203 0.9733
vn -0.6850 -0.0016 0.7285
vn -0.6846 0.0037 0.7289
vn -0.9223 0.3817 0.0605
vn -0.8962 0.4288 0.1132
vn -0.2968 -0.3630 0.8832
vn -0.7067 0.0024 0.7074
vn -0.7079 0.0128 0.7062
vn -0.2777 -0.3957 0.8754
vn -0.8223 0.4708 0.3196
vn -0.7790 0.5104 0.3642
vn -0.2267 -0.2283 0.9468
vn -0.7024 -0.0031 0.7117
vn -0.7035 -0.0042 0.7107
vn -0.2126 -0.1549 0.9648
vn -0.7007 0.0002 0.7135
vn -0.9654 0.1241 0.2292
vn -0.9545 0.1792 0.2384
vn -0.9437 0.2236 0.2439
vn -0.7329 -0.5367 0.4181
vn -0.7091 -0.0125 0.7050
vn -0.7891 -0.4735 0.3913
vn -0.6602 -0.5849 0.4712
vn -0.7118 -0.0163 0.7022
vn -0.7077 -0.0209 0.7061
vn -0.3548 0.4226 0.8339
vn -0.2842 0.2928 0.9129
vn -0.3722 -0.6076 0.7016
vn -0.7015 -0.0162 0.7125
vn -0.4823 -0.6242 0.6146
vn -0.2507 -0.5579 0.7911
vn -0.6972 -0.0160 0.7167
vn -0.6908 -0.0153 0.7228
vn -0.7272 0.5733 0.3775
vn -0.6458 0.5919 0.4823
vn -0.6921 -0.0202 0.7215
vn -0.8090 -0.4212 0.4100
vn -0.2526 0.1571 0.9547
vn -0.2846 -0.1865 0.9403
vn -0.7088 0.0294 0.7048
vn -0.3080 -0.2899 0.9061
vn -0.7656 0.5074 0.3955
vn 0.1168 -0.1408 0.9831
vn 0.1823 -0.0200 0.9830
vn -0.6833 0.0105 0.7300
vn -0.6640 0.0657 0.7448
vn -0.9504 0.3050 -0.0608
vn -0.9438 0.3305 -0.0006
vn -0.5786 -0.6143 0.5364
vn -0.7045 -0.0179 0.7095
vn -0.5544 0.5763 0.6005
vn -0.4520 0.5206 0.7243
vn -0.1635 0.1929 0.9675
vn -0.6995 0.0046 0.7145
vn -0.1762 0.1100 0.9781
vn -0.1537 0.3052 0.9398
vn -0.6977 0.0084 0.7164
vn -0.6944 0.0166 0.7194
vn -0.9814 -0.0514 0.1848
vn -0.9805 0.0029 0.1966
vn -0.1519 0.4402 0.8849
vn -0.6907 0.0323 0.7224
vn -0.9707 -0.1926 0.1435
vn -0.9789 -0.1168 0.1678
vn -0.1853 0.0351 0.9820
vn -0.1957 -0.0560 0.9791
vn -0.7000 0.0015 0.7141
vn -0.9752 0.0624 0.2121
vn -0.2431 -0.3380 0.9092
vn -0.7033 -0.0062 0.7109
vn -0.2348 -0.2880 0.9284
vn -0.9311 0.2659 0.2495
vn 0.2424 0.2479 0.9380
vn -0.2069 0.8529 0.4794
vn -0.5585 0.4021 0.7256
vn -0.8162 0.5687 -0.1012
vn -0.9320 0.3448 -0.1116
vn -0.1434 -0.4790 0.8660
vn -0.6893 -0.0096 0.7244
vn -0.8612 0.4749 0.1807
vn -0.8025 0.5297 0.2744
vn -0.1383 0.8759 0.4623
vn -0.1689 0.9789 0.1144
vn -0.7940 0.4104 0.4485
vn -0.5500 0.8345 -0.0316
vn -0.9808 0.0194 -0.1941
vn -0.9256 -0.3764 -0.0394
vn -0.6340 0.4868 0.6009
vn -0.7132 0.0001 0.7009
vn -0.6474 0.4742 0.5966
vn -0.6305 0.4859 0.6053
vn -0.7070 0.0067 0.7071
vn -0.7065 0.0014 0.7077
vn -0.6544 -0.4628 0.5979
vn -0.7301 -0.4440 0.5194
vn -0.6306 0.4705 0.6172
vn -0.6291 0.4525 0.6320
vn -0.7051 -0.0031 0.7091
vn -0.7053 -0.0051 0.7089
vn -0.5686 -0.4731 0.6729
vn -0.5888 -0.4782 0.6516
vn -0.6145 0.4408 0.6543
vn -0.7083 -0.0048 0.7059
vn -0.7067 -0.0055 0.7074
vn -0.6798 -0.4526 0.5770
vn -0.6301 -0.4582 0.6269
vn -0.5874 -0.4630 0.6638
vn -0.5951 0.4371 0.6743
vn -0.7079 -0.0020 0.7063
vn -0.5726 0.4395 0.6920
vn -0.7034 0.0042 0.7107
vn -0.6771 -0.4343 0.5940
vn -0.6999 -0.4446 0.5589
vn -0.5477 0.4341 0.7152
vn -0.6937 0.0118 0.7202
vn -0.5236 0.3958 0.7544
vn -0.6885 0.0034 0.7252
vn -0.5709 -0.3620 0.7369
vn -0.6190 -0.4252 0.6603
vn -0.7731 -0.4170 0.4779
vn -0.6828 0.4414 0.5822
vn -0.7201 -0.0055 0.6938
vn -0.7161 0.0187 0.6977
vn -0.5468 0.2498 0.7991
vn -0.8648 0.0158 0.5018
vn -0.7324 0.0013 0.6808
vn -0.7137 -0.0232 0.7000
vn -0.8890 0.1678 0.4260
vn -0.6899 -0.2289 0.6867
vn -0.7077 -0.0197 0.7062
vn -0.9118 -0.1832 0.3674
vn -0.4717 -0.7363 0.4852
vn -0.3112 -0.7642 0.5649
vn -0.3823 -0.5141 0.7678
vn -0.4326 -0.3450 0.8329
vn -0.8596 0.0475 0.5088
vn -0.6984 -0.0377 0.7147
vn -0.8513 0.1215 0.5103
vn -0.7037 -0.0116 0.7104
vn -0.4505 -0.4704 0.7587
vn -0.4681 -0.4828 0.7401
vn -0.8509 0.2223 0.4758
vn -0.7065 0.0046 0.7077
vn -0.8618 0.2380 0.4479
vn -0.4441 -0.3969 0.8032
vn -0.3713 0.0219 0.9282
vn -0.7070 0.0010 0.7072
vn -0.3912 0.0258 0.9199
vn -0.3491 0.0324 0.9365
vn -0.7066 0.0009 0.7076
vn -0.7057 0.0014 0.7085
vn -0.9282 -0.0059 0.3721
vn -0.9210 -0.0063 0.3894
vn -0.4498 0.1259 0.8842
vn -0.7058 0.0035 0.7084
vn -0.4620 0.1794 0.8685
vn -0.4315 0.0771 0.8988
vn -0.7075 0.0011 0.7066
vn -0.7075 0.0014 0.7067
vn -0.8966 -0.0251 0.4421
vn -0.8855 -0.0310 0.4636
vn -0.4113 0.0432 0.9105
vn -0.7072 0.0013 0.7069
vn -0.9136 -0.0089 0.4064
vn -0.9056 -0.0151 0.4237
vn -0.3189 0.0772 0.9446
vn -0.2881 0.1899 0.9386
vn -0.7032 0.0034 0.7109
vn -0.7014 0.0287 0.7121
vn -0.9445 -0.0052 0.3282
vn -0.9353 -0.0075 0.3536
vn -0.2660 0.4763 0.8380
vn -0.2491 0.7992 0.5470
vn -0.6943 0.2646 0.6693
vn -0.6643 0.7331 0.1457
vn -0.9239 0.3211 0.2079
vn -0.9576 0.0303 0.2864
vn -0.4816 0.2235 0.8474
vn -0.7041 0.0104 0.7100
vn -0.8737 -0.0212 0.4859
vn -0.8677 -0.0040 0.4971
vn -0.6595 -0.3605 -0.6595
vn -0.6652 -0.3391 -0.6652
vn -0.6721 -0.3107 -0.6721
vn -0.2639 -0.9277 -0.2639
vn -0.3316 -0.8832 -0.3316
vn 0.7071 -0.0066 0.7071
vn 0.6935 -0.1952 0.6935
vn 0.5776 -0.5769 0.5776
vn 0.6131 -0.4982 0.6131
vn -0.5837 0.5643 -0.5837
vn -0.5382 0.6485 -0.5382
vn -0.1750 0.9689 -0.1750
vn -0.0693 0.9952 -0.0693
vn -0.1137 0.9870 -0.1137
vn 0.6513 -0.3894 0.6513
vn 0.5929 -0.5448 0.5929
vn -0.4128 -0.8119 -0.4128
vn -0.3472 -0.8711 -0.3472
vn -0.3826 -0.8409 -0.3826
vn -0.5787 0.5746 -0.5787
vn -0.6143 0.4953 -0.6143
vn -0.5441 0.6385 -0.5441
vn -0.4781 0.7367 -0.4781
vn -0.4000 0.8246 -0.4000
vn 0.5283 -0.6646 0.5283
vn 0.5487 -0.6308 0.5487
vn -0.6835 0.2564 -0.6835
vn -0.6632 0.3470 -0.6632
vn 0.7051 0.0744 0.7051
vn 0.7044 -0.0871 0.7044
vn 0.6924 0.2024 0.6925
vn -0.0418 -0.9982 -0.0418
vn -0.1557 -0.9754 -0.1557
vn 0.0917 -0.9915 0.0917
vn 0.2587 0.9306 0.2587
vn 0.4879 0.7238 0.4879
vn -0.3021 0.9041 -0.3021
vn -0.4200 0.8044 -0.4200
vn -0.1588 0.9744 -0.1588
vn 0.5086 -0.6947 0.5086
vn 0.3863 -0.8375 0.3863
vn 0.5891 -0.5531 0.5891
vn -0.2607 -0.9295 -0.2607
vn 0.6336 0.4440 0.6336
vn 0.6938 0.1928 0.6938
vn 0.5451 -0.6369 0.5451
vn 0.5229 -0.6731 0.5229
vn -0.3187 0.8926 -0.3187
vn -0.2980 0.9069 -0.2980
vn -0.6300 0.4540 -0.6300
vn -0.6187 0.4841 -0.6187
vn 0.6980 -0.1598 0.6980
vn 0.6790 -0.2789 0.6790
vn 0.7071 0.0012 0.7071
vn 0.2389 -0.9412 0.2389
vn 0.0274 0.9992 0.0274
vn -0.7063 -0.0471 -0.7063
vn -0.6998 -0.1431 -0.6998
vn -0.7065 0.0414 -0.7065
vn 0.5368 0.6509 0.5368
vn 0.6179 0.4861 0.6179
vn 0.4343 0.7891 0.4343
vn -0.6875 -0.2336 -0.6875
vn 0.3416 0.8755 0.3416
vn 0.2775 0.9197 0.2775
vn 0.6674 0.3302 0.6674
vn -0.6990 0.1508 -0.6990
vn 0.6483 -0.3992 0.6483
vn 0.6818 -0.2649 0.6818
vn -0.6423 0.4181 -0.6423
vn -0.6175 0.4873 -0.6175
vn 0.1630 0.9731 0.1630
vn 0.5282 0.6648 0.5282
vn -0.0704 0.8661 -0.4949
vn -0.4949 0.8661 -0.0704
vn 0.3049 0.6341 0.7106
vn -0.5527 0.6237 -0.5527
vn -0.2937 0.9096 -0.2937
vn 0.6837 0.2549 0.6837
vn -0.5017 0.7047 -0.5017
vn 0.6440 -0.4129 0.6440
vn -0.2870 0.9139 -0.2870
vn -0.0304 0.9991 -0.0304
vn -0.3877 0.5223 -0.7595
vn -0.7595 0.5223 -0.3877
vn -0.7068 -0.0303 -0.7068
vn -0.5799 0.5721 -0.5799
vn 0.1865 0.9646 0.1865
vn -0.0809 -0.9934 -0.0809
vn 0.0722 -0.9948 0.0722
vn -0.0459 0.9979 -0.0459
vn -0.0229 0.9995 -0.0229
vn 0.1163 -0.9864 0.1163
vn 0.0854 -0.9926 0.0854
vn -0.0057 0.9999 -0.0057
vn 0.0107 0.9999 0.0107
vn 0.6269 -0.4582 -0.6301
vn -0.1084 -0.9882 -0.1084
vn -0.0009 -1.0000 -0.0010
vn 0.0502 0.9975 0.0502
vn -0.1003 -0.9899 -0.1003
vn -0.1568 -0.9751 -0.1568
vn 0.0894 0.9919 0.0894
vn 0.1347 0.9817 0.1347
vn 0.1320 -0.9824 0.1320
vn 0.0285 -0.9992 0.0285
vn 0.1974 0.9602 0.1974
vn 0.3626 0.8585 0.3626
vn 0.3013 0.9047 0.3013
vn -0.7071 0.0015 -0.7071
vn -0.7055 0.0667 -0.7055
vn 0.0177 -0.9997 0.0177
vn -0.3275 -0.8863 -0.3275
vn -0.6343 -0.6935 0.3414
vn -0.6950 0.1845 -0.6950
vn -0.6292 0.4563 -0.6292
vn 0.2286 -0.9463 0.2286
vn 0.4171 -0.8075 0.4171
vn -0.5674 0.5967 -0.5674
vn -0.5840 0.5638 -0.5840
vn 0.2565 -0.9319 0.2565
vn 0.2639 -0.9278 0.2639
vn 0.4200 -0.8044 0.4200
vn 0.3294 -0.8848 0.3294
vn -0.6509 0.3908 -0.6509
vn -0.6829 -0.2592 -0.6829
vn 0.5190 0.6792 0.5190
vn 0.5772 0.5776 0.5772
vn -0.7070 -0.0128 -0.7070
vn -0.7070 -0.0143 -0.7070
vn -0.7070 -0.0137 -0.7070
vn 0.7009 0.1322 0.7009
vn 0.6836 0.2554 0.6836
vn 0.7052 0.0728 0.7052
vn -0.7065 -0.0419 -0.7065
vn -0.7068 -0.0277 -0.7068
vn -0.7061 -0.0517 -0.7061
vn -0.7070 -0.0182 -0.7070
vn 0.7059 0.0576 0.7059
vn 0.7049 0.0796 0.7049
vn -0.7049 0.0786 -0.7049
vn -0.7071 0.0035 -0.7071
vn 0.6966 0.1718 0.6966
vn 0.6597 0.3601 0.6597
vn -0.0613 0.9962 -0.0613
vn 0.2243 0.9483 0.2243
vn -0.4866 0.7831 0.3871
vn 0.2079 0.3211 -0.9239
vn -0.3638 0.8575 -0.3638
vn -0.6401 0.4250 -0.6401
vn 0.5258 0.6685 0.5258
vn 0.6372 0.4334 0.6372
vn -0.7067 -0.0352 -0.7067
vn -0.7427 -0.0148 -0.6694
vn -0.6779 0.0022 -0.7351
vn -0.4974 -0.3096 -0.8104
vn -0.9687 0.0356 -0.2454
vn -0.7682 -0.0064 -0.6402
vn -0.9657 -0.0720 -0.2495
vn -0.7355 0.0275 -0.6769
vn -0.5441 0.3864 -0.7447
vn -0.8803 -0.3954 -0.2621
vn -0.7095 -0.0058 -0.7047
vn -0.7085 -0.0030 -0.7056
vn -0.8928 -0.3734 -0.2517
vn -0.7105 -0.0071 -0.7037
vn -0.2555 0.3139 -0.9144
vn -0.2654 0.3664 -0.8918
vn -0.2850 0.4202 -0.8615
vn -0.7177 0.6800 -0.1495
vn -0.7239 0.0587 -0.6874
vn -0.8035 0.5746 -0.1555
vn -0.6334 0.7631 -0.1287
vn -0.7202 0.0812 -0.6890
vn -0.6895 0.1418 -0.7102
vn -0.0463 -0.3681 -0.9286
vn -0.1063 -0.2799 -0.9541
vn -0.9514 -0.3079 0.0075
vn -0.7237 -0.0049 -0.6900
vn -0.9163 -0.3957 -0.0622
vn -0.9733 -0.2203 0.0641
vn -0.7285 -0.0016 -0.6850
vn -0.7289 0.0037 -0.6846
vn -0.0605 0.3817 -0.9223
vn -0.1132 0.4288 -0.8962
vn -0.8832 -0.3630 -0.2968
vn -0.7074 0.0024 -0.7067
vn -0.7062 0.0128 -0.7079
vn -0.8754 -0.3957 -0.2777
vn -0.3196 0.4708 -0.8223
vn -0.3642 0.5104 -0.7790
vn -0.9468 -0.2283 -0.2267
vn -0.7117 -0.0031 -0.7024
vn -0.7107 -0.0042 -0.7035
vn -0.9648 -0.1549 -0.2125
vn -0.7135 0.0002 -0.7007
vn -0.2292 0.1241 -0.9654
vn -0.2384 0.1792 -0.9545
vn -0.2439 0.2236 -0.9437
vn -0.4181 -0.5367 -0.7329
vn -0.7050 -0.0125 -0.7091
vn -0.3913 -0.4735 -0.7891
vn -0.4712 -0.5849 -0.6602
vn -0.7022 -0.0163 -0.7118
vn -0.7062 -0.0209 -0.7077
vn -0.8339 0.4226 -0.3547
vn -0.9129 0.2928 -0.2842
vn -0.7016 -0.6076 -0.3722
vn -0.7125 -0.0162 -0.7015
vn -0.6146 -0.6242 -0.4823
vn -0.7911 -0.5579 -0.2507
vn -0.7167 -0.0160 -0.6972
vn -0.7228 -0.0153 -0.6908
vn -0.3775 0.5733 -0.7272
vn -0.4823 0.5919 -0.6458
vn -0.7215 -0.0202 -0.6921
vn -0.4100 -0.4212 -0.8090
vn -0.9547 0.1571 -0.2526
vn -0.9403 -0.1865 -0.2846
vn -0.7048 0.0294 -0.7088
vn -0.9062 -0.2898 -0.3080
vn -0.3955 0.5074 -0.7656
vn -0.9831 -0.1408 0.1168
vn -0.9830 -0.0200 0.1823
vn -0.7300 0.0105 -0.6833
vn -0.7448 0.0657 -0.6640
vn 0.0608 0.3050 -0.9504
vn 0.0006 0.3305 -0.9438
vn -0.5364 -0.6143 -0.5786
vn -0.7095 -0.0179 -0.7045
vn -0.6005 0.5763 -0.5543
vn -0.7243 0.5206 -0.4520
vn -0.9675 0.1929 -0.1635
vn -0.7145 0.0046 -0.6995
vn -0.9781 0.1100 -0.1762
vn -0.9398 0.3052 -0.1537
vn -0.7164 0.0084 -0.6977
vn -0.7194 0.0167 -0.6944
vn -0.1848 -0.0514 -0.9814
vn -0.1966 0.0029 -0.9805
vn -0.8849 0.4402 -0.1519
vn -0.7224 0.0323 -0.6907
vn -0.1435 -0.1925 -0.9707
vn -0.1678 -0.1168 -0.9789
vn -0.9820 0.0350 -0.1853
vn -0.9791 -0.0560 -0.1957
vn -0.7141 0.0015 -0.7000
vn -0.2121 0.0624 -0.9752
vn -0.9092 -0.3380 -0.2431
vn -0.7109 -0.0062 -0.7032
vn -0.9284 -0.2880 -0.2348
vn -0.2495 0.2659 -0.9311
vn -0.9380 0.2479 0.2424
vn -0.4794 0.8529 -0.2069
vn -0.7256 0.4021 -0.5585
vn 0.1012 0.5687 -0.8162
vn 0.1116 0.3448 -0.9320
vn -0.8660 -0.4790 -0.1434
vn -0.7244 -0.0096 -0.6893
vn -0.1807 0.4749 -0.8613
vn -0.2743 0.5297 -0.8026
vn -0.4622 0.8759 -0.1383
vn -0.1144 0.9789 -0.1689
vn -0.4485 0.4104 -0.7940
vn 0.0316 0.8346 -0.5500
vn 0.1941 0.0194 -0.9808
vn 0.0394 -0.3764 -0.9256
vn -0.6009 0.4868 -0.6340
vn -0.7009 0.0001 -0.7132
vn -0.5966 0.4742 -0.6474
vn -0.6053 0.4859 -0.6305
vn -0.7071 0.0067 -0.7070
vn -0.7077 0.0014 -0.7065
vn -0.5979 -0.4628 -0.6544
vn -0.5194 -0.4440 -0.7301
vn -0.6172 0.4705 -0.6306
vn -0.6320 0.4525 -0.6291
vn -0.7091 -0.0031 -0.7051
vn -0.7089 -0.0051 -0.7053
vn -0.6729 -0.4731 -0.5686
vn -0.6516 -0.4782 -0.5888
vn -0.6543 0.4408 -0.6145
vn -0.7059 -0.0048 -0.7083
vn -0.7074 -0.0055 -0.7067
vn -0.5770 -0.4526 -0.6798
vn -0.6269 -0.4582 -0.6301
vn -0.6638 -0.4630 -0.5874
vn -0.6743 0.4371 -0.5951
vn -0.7063 -0.0020 -0.7079
vn -0.6920 0.4395 -0.5726
vn -0.7107 0.0042 -0.7034
vn -0.5940 -0.4343 -0.6771
vn -0.5589 -0.4446 -0.6999
vn -0.7152 0.4341 -0.5477
vn -0.7202 0.0118 -0.6937
vn -0.7544 0.3958 -0.5236
vn -0.7252 0.0033 -0.6885
vn -0.7369 -0.3620 -0.5709
vn -0.6603 -0.4252 -0.6190
vn -0.4779 -0.4170 -0.7731
vn -0.5822 0.4414 -0.6828
vn -0.6938 -0.0055 -0.7201
vn -0.6977 0.0187 -0.7161
vn -0.7991 0.2498 -0.5468
vn -0.5018 0.0158 -0.8648
vn -0.6808 0.0013 -0.7324
vn -0.7000 -0.0232 -0.7137
vn -0.4260 0.1678 -0.8890
vn -0.6867 -0.2289 -0.6899
vn -0.7062 -0.0197 -0.7078
vn -0.3674 -0.1832 -0.9118
vn -0.4852 -0.7363 -0.4717
vn -0.5649 -0.7642 -0.3112
vn -0.7678 -0.5141 -0.3823
vn -0.8329 -0.3450 -0.4326
vn -0.5088 0.0475 -0.8596
vn -0.7147 -0.0377 -0.6984
vn -0.5103 0.1215 -0.8513
vn -0.7104 -0.0116 -0.7037
vn -0.7588 -0.4704 -0.4505
vn -0.7401 -0.4828 -0.4681
vn -0.4758 0.2223 -0.8509
vn -0.7077 0.0046 -0.7065
vn -0.4479 0.2380 -0.8618
vn -0.8032 -0.3968 -0.4442
vn -0.9282 0.0219 -0.3714
vn -0.7072 0.0010 -0.7070
vn -0.9199 0.0258 -0.3912
vn -0.9365 0.0324 -0.3491
vn -0.7076 0.0009 -0.7066
vn -0.7085 0.0014 -0.7057
vn -0.3721 -0.0059 -0.9282
vn -0.3894 -0.0063 -0.9210
vn -0.8842 0.1259 -0.4498
vn -0.7084 0.0035 -0.7058
vn -0.8685 0.1794 -0.4620
vn -0.8988 0.0771 -0.4315
vn -0.7066 0.0011 -0.7075
vn -0.7067 0.0014 -0.7075
vn -0.4421 -0.0251 -0.8966
vn -0.4636 -0.0310 -0.8855
vn -0.9104 0.0432 -0.4113
vn -0.7069 0.0013 -0.7073
vn -0.4064 -0.0089 -0.9136
vn -0.4237 -0.0151 -0.9056
vn -0.9446 0.0772 -0.3189
vn -0.9386 0.1899 -0.2881
vn -0.7109 0.0034 -0.7032
vn -0.7121 0.0287 -0.7014
vn -0.3282 -0.0052 -0.9445
vn -0.3536 -0.0075 -0.9353
vn -0.8380 0.4763 -0.2660
vn -0.5470 0.7992 -0.2490
vn -0.6693 0.2646 -0.6943
vn -0.1457 0.7331 -0.6643
vn -0.2079 0.3211 -0.9239
vn -0.2864 0.0303 -0.9576
vn -0.8474 0.2235 -0.4816
vn -0.7100 0.0104 -0.7041
vn -0.4859 -0.0212 -0.8737
vn -0.4971 -0.0040 -0.8677
vn 0.7351 0.0021 0.6779
vn 0.6694 -0.0148 0.7427
vn 0.8104 -0.3096 0.4974
vn 0.6769 0.0275 0.7355
vn 0.6402 -0.0064 0.7682
vn 0.2495 -0.0720 0.9657
vn 0.2454 0.0356 0.9687
vn 0.2621 -0.3954 0.8803
vn 0.7047 -0.0058 0.7095
vn 0.2517 -0.3734 0.8928
vn 0.7056 -0.0030 0.7085
vn 0.8918 0.3664 0.2654
vn 0.9144 0.3139 0.2555
vn 0.7037 -0.0070 0.7104
vn 0.2431 -0.3380 0.9092
vn 0.6874 0.0587 0.7239
vn 0.1495 0.6800 0.7177
vn 0.1555 0.5746 0.8035
vn 0.9541 -0.2799 0.1063
vn 0.6890 0.0812 0.7202
vn 0.9286 -0.3681 0.0463
vn 0.7102 0.1418 0.6895
vn 0.1287 0.7631 0.6334
vn 0.6901 -0.0049 0.7237
vn -0.0075 -0.3078 0.9514
vn 0.0623 -0.3957 0.9163
vn 0.8962 0.4288 0.1132
vn 0.6850 -0.0016 0.7285
vn 0.9223 0.3817 0.0605
vn 0.6846 0.0037 0.7289
vn -0.0641 -0.2203 0.9733
vn 0.2968 -0.3630 0.8832
vn 0.7067 0.0024 0.7074
vn 0.2777 -0.3957 0.8754
vn 0.7079 0.0128 0.7062
vn 0.8223 0.4708 0.3196
vn 0.8615 0.4202 0.2850
vn 0.2267 -0.2283 0.9468
vn 0.7024 -0.0031 0.7117
vn 0.2126 -0.1549 0.9648
vn 0.7035 -0.0042 0.7107
vn 0.9545 0.1792 0.2384
vn 0.9654 0.1241 0.2292
vn 0.7007 0.0002 0.7135
vn 0.1957 -0.0560 0.9791
vn 0.7091 -0.0125 0.7050
vn 0.7329 -0.5367 0.4181
vn 0.7891 -0.4735 0.3913
vn 0.3548 0.4226 0.8339
vn 0.7118 -0.0163 0.7022
vn 0.7077 -0.0209 0.7061
vn 0.6602 -0.5849 0.4712
vn 0.7015 -0.0162 0.7125
vn 0.3722 -0.6076 0.7016
vn 0.4823 -0.6242 0.6146
vn 0.6458 0.5919 0.4823
vn 0.6972 -0.0160 0.7167
vn 0.7272 0.5733 0.3775
vn 0.6908 -0.0153 0.7229
vn 0.2507 -0.5579 0.7911
vn 0.6921 -0.0202 0.7215
vn 0.8090 -0.4212 0.4100
vn 0.2526 0.1571 0.9547
vn 0.2842 0.2928 0.9129
vn 0.2846 -0.1865 0.9403
vn 0.7088 0.0294 0.7048
vn 0.3080 -0.2899 0.9061
vn 0.7656 0.5074 0.3955
vn 0.7790 0.5104 0.3642
vn -0.1168 -0.1408 0.9831
vn 0.9438 0.3305 -0.0006
vn 0.6833 0.0105 0.7300
vn 0.9504 0.3050 -0.0608
vn 0.6640 0.0657 0.7448
vn -0.1823 -0.0200 0.9830
vn 0.5786 -0.6143 0.5364
vn 0.4520 0.5206 0.7243
vn 0.7045 -0.0179 0.7095
vn 0.5544 0.5763 0.6005
vn 0.6995 0.0046 0.7145
vn 0.1635 0.1929 0.9675
vn 0.1762 0.1100 0.9781
vn 0.9805 0.0029 0.1966
vn 0.6977 0.0084 0.7164
vn 0.9814 -0.0514 0.1848
vn 0.6944 0.0166 0.7194
vn 0.1537 0.3052 0.9398
vn 0.1519 0.4402 0.8849
vn 0.9789 -0.1168 0.1678
vn 0.6907 0.0323 0.7224
vn 0.9707 -0.1926 0.1435
vn 0.1853 0.0351 0.9820
vn 0.9752 0.0624 0.2121
vn 0.7000 0.0015 0.7141
vn 0.7033 -0.0062 0.7109
vn 0.2348 -0.2880 0.9284
vn 0.9311 0.2659 0.2495
vn 0.9437 0.2236 0.2439
vn -0.2424 0.2479 0.9380
vn 0.9320 0.3448 -0.1116
vn 0.5585 0.4020 0.7256
vn 0.8162 0.5687 -0.1012
vn 0.2069 0.8529 0.4794
vn -0.3049 0.6341 0.7106
vn 0.1434 -0.4790 0.8660
vn 0.8025 0.5297 0.2744
vn 0.6893 -0.0096 0.7244
vn 0.8612 0.4749 0.1807
vn 0.1383 0.8759 0.4623
vn 0.9256 -0.3764 -0.0394
vn 0.7940 0.4104 0.4485
vn 0.9808 0.0194 -0.1941
vn 0.5500 0.8345 -0.0316
vn 0.1689 0.9789 0.1144
vn 0.7132 0.0001 0.7009
vn 0.6340 0.4868 0.6009
vn 0.6474 0.4742 0.5966
vn 0.6544 -0.4628 0.5979
vn 0.7070 0.0067 0.7071
vn 0.7065 0.0014 0.7077
vn 0.6305 0.4859 0.6053
vn 0.6306 0.4705 0.6172
vn 0.5888 -0.4782 0.6516
vn 0.7051 -0.0031 0.7091
vn 0.5686 -0.4731 0.6729
vn 0.7053 -0.0051 0.7089
vn 0.6291 0.4525 0.6320
vn 0.6145 0.4408 0.6543
vn 0.5874 -0.4630 0.6638
vn 0.7067 -0.0055 0.7074
vn 0.6798 -0.4526 0.5770
vn 0.7083 -0.0048 0.7059
vn 0.5951 0.4371 0.6743
vn 0.7079 -0.0020 0.7063
vn 0.5726 0.4395 0.6920
vn 0.6999 -0.4446 0.5589
vn 0.6771 -0.4343 0.5940
vn 0.7034 0.0042 0.7107
vn 0.5477 0.4341 0.7152
vn 0.6937 0.0118 0.7202
vn 0.5236 0.3958 0.7544
vn 0.6190 -0.4252 0.6603
vn 0.5709 -0.3620 0.7369
vn 0.6885 0.0034 0.7252
vn 0.5468 0.2498 0.7991
vn 0.7731 -0.4170 0.4779
vn 0.7301 -0.4440 0.5194
vn 0.7201 -0.0055 0.6938
vn 0.6828 0.4414 0.5822
vn 0.7447 0.3864 0.5441
vn 0.7161 0.0187 0.6977
vn 0.7137 -0.0232 0.7000
vn 0.7324 0.0013 0.6808
vn 0.8648 0.0158 0.5018
vn 0.8677 -0.0040 0.4971
vn 0.8890 0.1678 0.4260
vn 0.6899 -0.2289 0.6867
vn 0.9118 -0.1832 0.3674
vn 0.7077 -0.0197 0.7062
vn 0.3823 -0.5141 0.7678
vn 0.3112 -0.7642 0.5649
vn 0.4717 -0.7363 0.4852
vn 0.6343 -0.6935 0.3414
vn 0.8596 0.0475 0.5088
vn 0.6984 -0.0377 0.7147
vn 0.8513 0.1215 0.5103
vn 0.4681 -0.4828 0.7401
vn 0.4505 -0.4704 0.7587
vn 0.7037 -0.0116 0.7104
vn 0.8509 0.2223 0.4758
vn 0.7065 0.0046 0.7077
vn 0.8618 0.2380 0.4479
vn 0.4441 -0.3969 0.8032
vn 0.4326 -0.3450 0.8329
vn 0.7070 0.0010 0.7072
vn 0.3713 0.0219 0.9282
vn 0.3912 0.0258 0.9199
vn 0.9210 -0.0063 0.3894
vn 0.7066 0.0009 0.7076
vn 0.9282 -0.0059 0.3721
vn 0.7057 0.0014 0.7085
vn 0.3491 0.0324 0.9365
vn 0.7058 0.0035 0.7084
vn 0.4498 0.1259 0.8842
vn 0.4620 0.1794 0.8685
vn 0.8855 -0.0310 0.4636
vn 0.7075 0.0011 0.7066
vn 0.8966 -0.0251 0.4421
vn 0.7075 0.0014 0.7067
vn 0.4315 0.0771 0.8988
vn 0.4113 0.0432 0.9105
vn 0.9056 -0.0151 0.4237
vn 0.7072 0.0013 0.7069
vn 0.9136 -0.0089 0.4064
vn 0.3189 0.0772 0.9446
vn 0.9353 -0.0075 0.3536
vn 0.7032 0.0034 0.7109
vn 0.9445 -0.0052 0.3282
vn 0.7014 0.0287 0.7121
vn 0.2881 0.1899 0.9386
vn 0.2660 0.4763 0.8380
vn 0.9576 0.0303 0.2864
vn 0.6943 0.2646 0.6693
vn 0.6643 0.7331 0.1457
vn 0.4866 0.7831 0.3871
vn 0.2490 0.7992 0.5470
vn 0.4816 0.2235 0.8474
vn 0.7041 0.0104 0.7100
vn 0.8737 -0.0212 0.4859
vn 0.6595 -0.3605 -0.6595
vn 0.6652 -0.3391 -0.6652
vn 0.6721 -0.3107 -0.6721
vn 0.2639 -0.9277 -0.2639
vn 0.3316 -0.8832 -0.3316
vn 0.4128 -0.8119 -0.4128
vn -0.7071 -0.0066 0.7071
vn -0.6935 -0.1952 0.6935
vn -0.6513 -0.3893 0.6513
vn -0.5776 -0.5769 0.5776
vn -0.6131 -0.4982 0.6131
vn -0.6483 -0.3992 0.6483
vn 0.5837 0.5643 -0.5837
vn 0.5382 0.6485 -0.5382
vn 0.4781 0.7367 -0.4781
vn 0.1750 0.9689 -0.1750
vn 0.1137 0.9870 -0.1137
vn 0.0693 0.9952 -0.0693
vn -0.5929 -0.5448 0.5929
vn -0.5451 -0.6369 0.5451
vn 0.3826 -0.8409 -0.3826
vn 0.3472 -0.8711 -0.3472
vn 0.5787 0.5746 -0.5787
vn 0.6143 0.4953 -0.6143
vn 0.5441 0.6385 -0.5441
vn 0.4000 0.8246 -0.4000
vn 0.3187 0.8926 -0.3187
vn -0.5283 -0.6646 0.5283
vn -0.5487 -0.6308 0.5487
vn 0.6835 0.2564 -0.6835
vn 0.6632 0.3470 -0.6632
vn 0.6423 0.4181 -0.6423
vn -0.7051 0.0744 0.7051
vn -0.7044 -0.0871 0.7044
vn -0.6924 0.2024 0.6925
vn 0.0418 -0.9982 -0.0418
vn 0.1557 -0.9754 -0.1557
vn -0.0917 -0.9915 0.0917
vn -0.2587 0.9306 0.2587
vn -0.4879 0.7238 0.4879
vn -0.6336 0.4440 0.6336
vn 0.3021 0.9041 -0.3021
vn 0.4200 0.8044 -0.4200
vn 0.1588 0.9744 -0.1588
vn -0.5086 -0.6947 0.5086
vn -0.3863 -0.8375 0.3863
vn -0.5891 -0.5531 0.5891
vn 0.2607 -0.9295 -0.2607
vn -0.6938 0.1928 0.6938
vn -0.5229 -0.6731 0.5229
vn 0.2980 0.9069 -0.2980
vn 0.6300 0.4540 -0.6300
vn 0.6187 0.4841 -0.6187
vn -0.6980 -0.1598 0.6980
vn -0.6790 -0.2789 0.6790
vn -0.7071 0.0012 0.7071
vn -0.2389 -0.9412 0.2389
vn -0.0274 0.9992 0.0274
vn 0.7063 -0.0471 -0.7063
vn 0.6998 -0.1431 -0.6998
vn 0.7065 0.0414 -0.7065
vn -0.5368 0.6509 0.5368
vn -0.6179 0.4861 0.6179
vn -0.4343 0.7891 0.4343
vn 0.6875 -0.2336 -0.6875
vn -0.3416 0.8755 0.3416
vn -0.2775 0.9197 0.2775
vn -0.6674 0.3302 0.6674
vn 0.6990 0.1508 -0.6990
vn -0.6818 -0.2649 0.6818
vn 0.6175 0.4873 -0.6175
vn -0.7106 0.6341 0.3050
vn -0.1630 0.9731 0.1630
vn -0.5282 0.6648 0.5282
vn 0.4949 0.8661 -0.0704
vn 0.2937 0.9096 -0.2937
vn 0.0704 0.8660 -0.4949
vn 0.5527 0.6237 -0.5527
vn -0.6837 0.2549 0.6837
vn 0.5017 0.7047 -0.5017
vn -0.6440 -0.4129 0.6440
vn 0.2870 0.9139 -0.2870
vn 0.0304 0.9991 -0.0304
vn 0.7595 0.5223 -0.3877
vn 0.5799 0.5721 -0.5799
vn 0.3877 0.5224 -0.7595
vn 0.7068 -0.0303 -0.7068
vn -0.1865 0.9646 0.1865
vn 0.0809 -0.9934 -0.0809
vn -0.0722 -0.9948 0.0722
vn 0.0459 0.9979 -0.0459
vn 0.0229 0.9995 -0.0229
vn -0.1163 -0.9864 0.1163
vn -0.0854 -0.9926 0.0854
vn 0.0057 0.9999 -0.0057
vn -0.0107 0.9999 0.0107
vn 0.1084 -0.9882 -0.1084
vn 0.6301 -0.4582 0.6269
vn 0.0010 -1.0000 -0.0010
vn -0.0502 0.9975 0.0502
vn -0.0894 0.9919 0.0894
vn 0.1003 -0.9899 -0.1003
vn 0.1568 -0.9751 -0.1568
vn -0.1347 0.9817 0.1347
vn -0.1974 0.9602 0.1974
vn -0.1320 -0.9824 0.1320
vn -0.0285 -0.9992 0.0285
vn -0.3013 0.9047 0.3013
vn -0.3626 0.8585 0.3626
vn 0.7071 0.0015 -0.7071
vn 0.7055 0.0667 -0.7055
vn 0.6950 0.1845 -0.6950
vn -0.3414 -0.6935 -0.6343
vn -0.0177 -0.9997 0.0177
vn 0.3275 -0.8863 -0.3275
vn -0.2286 -0.9463 0.2286
vn 0.6292 0.4563 -0.6292
vn 0.5674 0.5967 -0.5674
vn -0.4171 -0.8075 0.4171
vn -0.4200 -0.8044 0.4200
vn 0.5840 0.5638 -0.5840
vn 0.6509 0.3908 -0.6509
vn -0.2565 -0.9319 0.2565
vn -0.2639 -0.9278 0.2639
vn -0.3295 -0.8848 0.3294
vn 0.6829 -0.2592 -0.6829
vn -0.5190 0.6792 0.5190
vn -0.5772 0.5776 0.5772
vn 0.7070 -0.0128 -0.7070
vn 0.7070 -0.0143 -0.7070
vn 0.7070 -0.0137 -0.7070
vn -0.7009 0.1322 0.7009
vn -0.6836 0.2554 0.6836
vn -0.7052 0.0728 0.7052
vn 0.7065 -0.0419 -0.7065
vn 0.7068 -0.0277 -0.7068
vn 0.7061 -0.0517 -0.7061
vn 0.7070 -0.0182 -0.7070
vn -0.7059 0.0576 0.7059
vn -0.7049 0.0796 0.7049
vn 0.7049 0.0786 -0.7049
vn 0.7071 0.0035 -0.7071
vn -0.6966 0.1718 0.6966
vn -0.6597 0.3601 0.6597
vn 0.0613 0.9962 -0.0613
vn -0.3871 0.7831 -0.4866
vn -0.2243 0.9483 0.2243
vn 0.3638 0.8575 -0.3638
vn 0.9239 0.3211 0.2079
vn 0.6401 0.4250 -0.6401
vn -0.5258 0.6685 0.5258
vn -0.6372 0.4334 0.6372
vn 0.7067 -0.0352 -0.7067
s 1
f 1532//747 1460//748 1172//749
f 1532//747 1468//750 2025//751
f 1468//750 1461//752 2025//751
f 2025//751 1178//753 1460//748
f 1182//754 2026//755 1473//756
f 1474//757 1463//758 2026//755
f 2026//755 1174//759 1465//760
f 1473//756 1465//760 1173//761
f 1501//762 1500//763 1200//764
f 1199//765 2027//766 1501//762
f 1457//767 1464//768 2027//766
f 2027//766 1175//769 1500//763
f 1513//770 1512//771 1208//772
f 1207//773 2028//774 1513//770
f 1471//775 1469//776 2028//774
f 2028//774 1179//777 1512//771
f 1191//778 2029//779 1487//780
f 1489//781 1472//782 2029//779
f 2029//779 1181//783 1474//757
f 1487//780 1474//757 1182//754
f 1203//784 2030//785 1505//786
f 1507//787 1475//788 2030//785
f 2030//785 1183//789 1477//790
f 1505//786 1477//790 1184//791
f 1486//792 1484//793 1189//794
f 1486//792 1479//795 2031//796
f 1479//795 1480//797 2031//796
f 2031//796 1185//798 1484//793
f 1495//799 1493//800 1195//801
f 1196//802 2032//803 1495//799
f 1481//804 1483//805 2032//803
f 2032//803 1188//806 1493//800
f 1172//749 2033//807 1470//808
f 1460//748 1485//809 2033//807
f 2033//807 1190//810 1486//792
f 2033//807 1189//794 1470//808
f 1177//811 2034//812 1467//813
f 1468//750 1488//814 2034//812
f 2034//812 1192//815 1489//781
f 1467//813 1489//781 1191//778
f 1469//776 1492//816 1179//777
f 1180//817 2035//818 1469//776
f 1491//819 1490//820 2035//818
f 2035//818 1193//821 1492//816
f 1480//797 1478//822 1185//798
f 1186//823 2036//824 1480//797
f 1494//825 1495//799 2036//824
f 2036//824 1195//801 1478//822
f 1504//826 1502//827 1201//828
f 1202//829 2037//830 1504//826
f 1496//831 1498//832 2037//830
f 2037//830 1198//833 1502//827
f 1498//832 1497//834 1198//833
f 1197//835 2038//836 1498//832
f 1499//837 1501//762 2038//836
f 2038//836 1200//764 1497//834
f 1477//790 1476//838 1184//791
f 1477//790 1503//839 2039//840
f 1503//839 1504//826 2039//840
f 2039//840 1201//828 1476//838
f 1173//761 2040//841 1462//842
f 1465//760 1506//843 2040//841
f 2040//841 1204//844 1507//787
f 1462//842 1507//787 1203//784
f 1490//820 1510//845 1193//821
f 1194//846 2041//847 1490//820
f 1509//848 1508//849 2041//847
f 1510//845 1508//849 1205//850
f 1483//805 1482//851 1188//806
f 1187//852 2042//853 1483//805
f 1511//854 1513//770 2042//853
f 2042//853 1208//772 1482//851
f 1464//768 1516//855 1175//769
f 1171//856 2043//857 1464//768
f 1515//858 1514//859 2043//857
f 2043//857 1210//860 1516//855
f 1459//861 1519//862 1169//863
f 1459//861 1518//864 2044//865
f 1518//864 1517//866 2044//865
f 2044//865 1211//867 1519//862
f 1517//866 1522//868 1211//867
f 1212//869 2045//870 1517//866
f 1521//871 1520//872 2045//870
f 2045//870 1213//873 1522//868
f 1520//872 1525//874 1213//873
f 1214//875 2046//876 1520//872
f 2046//876 1216//877 1523//878
f 1525//874 1523//878 1215//879
f 1215//879 2047//880 1528//881
f 1523//878 1527//882 2047//880
f 2047//880 1218//883 1526//884
f 1528//881 1526//884 1217//885
f 1217//885 2048//886 1531//887
f 1526//884 1530//888 2048//886
f 2048//886 1220//889 1529//890
f 1531//887 1529//890 1219//891
f 1458//892 1532//747 1172//749
f 1170//893 2049//894 1458//892
f 1459//861 1466//895 2049//894
f 1532//747 1466//895 1176//896
f 1529//890 1534//897 1219//891
f 1529//890 1535//898 2050//899
f 1535//898 1533//900 2050//899
f 1534//897 1533//900 1221//901
f 1228//902 2051//903 1543//904
f 1544//905 1538//906 2051//903
f 2051//903 1223//907 1536//908
f 1543//904 1536//908 1224//909
f 1222//910 2052//911 1537//912
f 1535//898 1540//913 2052//911
f 2052//911 1226//914 1541//915
f 1537//912 1541//915 1225//916
f 1225//916 2053//917 1539//918
f 1541//915 1542//919 2053//917
f 2053//917 1227//920 1544//905
f 1539//918 1544//905 1228//902
f 1553//921 1552//922 1234//923
f 1233//924 2054//925 1553//921
f 1547//926 1545//927 2054//925
f 2054//925 1229//928 1552//922
f 1562//929 1560//930 1239//931
f 1240//932 2055//933 1562//929
f 1549//934 1550//935 2055//933
f 2055//933 1231//936 1560//930
f 1550//935 1548//937 1231//936
f 1232//938 2056//939 1550//935
f 1551//940 1553//921 2056//939
f 2056//939 1234//923 1548//937
f 1545//927 1556//941 1229//928
f 1230//942 2057//943 1545//927
f 1555//944 1554//945 2057//943
f 2057//943 1235//946 1556//941
f 1554//945 1559//947 1235//946
f 1236//948 2058//949 1554//945
f 2058//949 1238//950 1557//951
f 2058//949 1237//952 1559//947
f 1534//897 1546//953 1219//891
f 1221//901 2059//954 1534//897
f 1561//955 1562//929 2059//954
f 2059//954 1239//931 1546//953
f 1566//956 1638//957 1244//958
f 1250//959 2060//960 1566//956
f 1567//961 1574//962 2060//960
f 1638//957 1574//962 1248//963
f 1254//964 2061//965 1580//966
f 1579//967 1571//968 2061//965
f 2061//965 1246//969 1569//970
f 1580//966 1569//970 1253//971
f 1606//972 1607//973 1272//974
f 1247//975 2062//976 1606//972
f 1570//977 1563//978 2062//976
f 2062//976 1271//979 1607//973
f 1618//980 1619//981 1280//982
f 1251//983 2063//984 1618//980
f 1575//985 1577//986 2063//984
f 2063//984 1279//987 1619//981
f 1263//988 2064//989 1595//990
f 1593//991 1580//966 2064//989
f 2064//989 1253//971 1578//992
f 1595//990 1578//992 1264//993
f 1275//994 2065//995 1613//996
f 1611//997 1583//998 2065//995
f 2065//995 1255//999 1581//1000
f 1613//996 1581//1000 1276//1001
f 1590//1002 1592//1003 1261//1004
f 1257//1005 2066//1006 1590//1002
f 1586//1007 1585//1008 2066//1006
f 1592//1003 1585//1008 1262//1009
f 1599//1010 1601//1011 1267//1012
f 1260//1013 2067//1014 1599//1010
f 1589//1015 1587//1016 2067//1014
f 2067//1014 1268//1017 1601//1011
f 1244//958 2068//1018 1566//956
f 1261//1004 2068//1018 1576//1019
f 2068//1018 1262//1009 1591//1020
f 1566//956 1591//1020 1250//959
f 1249//1021 2069//1022 1574//962
f 1573//1023 1595//990 2069//1022
f 2069//1022 1264//993 1594//1024
f 1574//962 1594//1024 1248//963
f 1598//1025 1575//985 1251//983
f 1265//1026 2070//1027 1598//1025
f 1596//1028 1597//1029 2070//1027
f 2070//1027 1252//1030 1575//985
f 1584//1031 1586//1007 1257//1005
f 1267//1012 2071//1032 1584//1031
f 1601//1011 1600//1033 2071//1032
f 2071//1032 1258//1034 1586//1007
f 1608//1035 1610//1036 1273//1037
f 1270//1038 2072//1039 1608//1035
f 1604//1040 1602//1041 2072//1039
f 2072//1039 1274//1042 1610//1036
f 1603//1043 1604//1040 1270//1038
f 1272//974 2073//1044 1603//1043
f 1607//973 1605//1045 2073//1044
f 2073//1044 1269//1046 1604//1040
f 1582//1047 1583//998 1256//1048
f 1273//1037 2074//1049 1582//1047
f 1610//1036 1609//1050 2074//1049
f 1583//998 1609//1050 1255//999
f 1245//1051 2075//1052 1571//968
f 1568//1053 1613//996 2075//1052
f 2075//1052 1276//1001 1612//1054
f 1571//968 1612//1054 1246//969
f 1616//1055 1596//1028 1265//1026
f 1616//1055 1614//1056 2076//1057
f 1614//1056 1615//1058 2076//1057
f 2076//1057 1266//1059 1596//1028
f 1588//1060 1589//1015 1260//1013
f 1280//982 2077//1061 1588//1060
f 1619//981 1617//1062 2077//1061
f 2077//1061 1259//1063 1589//1015
f 1622//1064 1570//977 1247//975
f 1282//1065 2078//1066 1622//1064
f 1620//1067 1621//1068 2078//1066
f 2078//1066 1243//1069 1570//977
f 1625//1070 1565//1071 1241//1072
f 1283//1073 2079//1074 1625//1070
f 1623//1075 1624//1076 2079//1074
f 1565//1071 1624//1076 1242//1077
f 1628//1078 1623//1075 1283//1073
f 1285//1079 2080//1080 1628//1078
f 1626//1081 1627//1082 2080//1080
f 2080//1080 1284//1083 1623//1075
f 1631//1084 1626//1081 1285//1079
f 1631//1084 1629//1085 2081//1086
f 2081//1086 1288//1087 1630//1088
f 2081//1086 1286//1089 1626//1081
f 1287//1090 2082//1091 1629//1085
f 1634//1092 1632//1093 2082//1091
f 2082//1091 1290//1094 1633//1095
f 1629//1085 1633//1095 1288//1087
f 1289//1096 2083//1097 1632//1093
f 1637//1098 1635//1099 2083//1097
f 2083//1097 1292//1100 1636//1101
f 1632//1093 1636//1101 1290//1094
f 1638//957 1564//1102 1244//958
f 1638//957 1572//1103 2084//1104
f 1572//1103 1565//1071 2084//1104
f 2084//1104 1242//1077 1564//1102
f 1640//1105 1635//1099 1291//1106
f 1640//1105 1639//1107 2085//1108
f 1639//1107 1641//1109 2085//1108
f 1635//1099 1641//1109 1292//1100
f 1300//1110 2086//1111 1650//1112
f 1649//1113 1642//1114 2086//1111
f 2086//1111 1295//1115 1644//1116
f 1650//1112 1644//1116 1299//1117
f 1294//1118 2087//1119 1641//1109
f 1643//1120 1647//1121 2087//1119
f 2087//1119 1298//1122 1646//1123
f 1641//1109 1646//1123 1292//1100
f 1297//1124 2088//1125 1647//1121
f 1645//1126 1650//1112 2088//1125
f 2088//1125 1299//1117 1648//1127
f 1647//1121 1648//1127 1298//1122
f 1658//1128 1659//1129 1306//1130
f 1301//1131 2089//1132 1658//1128
f 1651//1133 1653//1134 2089//1132
f 2089//1132 1305//1135 1659//1129
f 1666//1136 1668//1137 1311//1138
f 1303//1139 2090//1140 1666//1136
f 1656//1141 1655//1142 2090//1140
f 2090//1140 1312//1143 1668//1137
f 1654//1144 1656//1141 1303//1139
f 1306//1130 2091//1145 1654//1144
f 1659//1129 1657//1146 2091//1145
f 2091//1145 1304//1147 1656//1141
f 1662//1148 1651//1133 1301//1131
f 1307//1149 2092//1150 1662//1148
f 1660//1151 1661//1152 2092//1150
f 2092//1150 1302//1153 1651//1133
f 1665//1154 1660//1151 1307//1149
f 1309//1155 2093//1156 1665//1154
f 2093//1156 1310//1157 1664//1158
f 2093//1156 1308//1159 1660//1151
f 1652//1160 1640//1105 1291//1106
f 1311//1138 2094//1161 1652//1160
f 1668//1137 1667//1162 2094//1161
f 2094//1161 1293//1163 1640//1105
f 1171//856 2095//1164 1671//1165
f 1457//767 1699//1166 2095//1164
f 1699//1166 1563//978 2095//1164
f 2095//1164 1243//1069 1671//1165
f 1458//892 1670//1167 1170//893
f 1172//749 2096//1168 1458//892
f 2096//1168 1244//958 1564//1102
f 1670//1167 1564//1102 1242//1077
f 1461//752 1678//1169 1178//753
f 1177//811 2097//1170 1461//752
f 2097//1170 1249//1021 1567//961
f 1678//1169 1567//961 1250//959
f 1462//842 1673//1171 1173//761
f 1203//784 2098//1172 1462//842
f 2098//1172 1275//994 1568//1053
f 1673//1171 1568//1053 1245//1051
f 1463//758 1674//1173 1174//759
f 1181//783 2099//1174 1463//758
f 2099//1174 1253//971 1569//970
f 1674//1173 1569//970 1246//969
f 1466//895 1676//1175 1176//896
f 1466//895 1669//1176 2100//1177
f 1669//1176 1572//1103 2100//1177
f 1676//1175 1572//1103 1248//963
f 1467//813 1677//1178 1177//811
f 1191//778 2101//1179 1467//813
f 2101//1179 1263//988 1573//1023
f 1677//1178 1573//1023 1249//1021
f 1470//808 1672//1180 1172//749
f 1470//808 1689//1181 2102//1182
f 1689//1181 1576//1019 2102//1182
f 1672//1180 1576//1019 1244//958
f 1180//817 2103//1183 1680//1184
f 1471//775 1707//1185 2103//1183
f 1707//1185 1577//986 2103//1183
f 2103//1183 1252//1030 1680//1184
f 1472//782 1681//1186 1181//783
f 1192//815 2104//1187 1472//782
f 2104//1187 1264//993 1578//992
f 1681//1186 1578//992 1253//971
f 1473//756 1682//1188 1182//754
f 1173//761 2105//1189 1473//756
f 2105//1189 1245//1051 1579//967
f 1682//1188 1579//967 1254//964
f 1475//788 1683//1190 1183//789
f 1204//844 2106//1191 1475//788
f 2106//1191 1276//1001 1581//1000
f 1683//1190 1581//1000 1255//999
f 1184//791 2107//1192 1684//1193
f 1476//838 1701//1194 2107//1192
f 1701//1194 1582//1047 2107//1192
f 2107//1192 1256//1048 1684//1193
f 1185//798 2108//1195 1685//1196
f 1478//822 1695//1197 2108//1195
f 1695//1197 1584//1031 2108//1195
f 2108//1195 1257//1005 1685//1196
f 1479//795 1686//1198 1186//823
f 1190//810 2109//1199 1479//795
f 2109//1199 1262//1009 1585//1008
f 1686//1198 1585//1008 1258//1034
f 1187//852 2110//1200 1687//1201
f 1481//804 1696//1202 2110//1200
f 1696//1202 1587//1016 2110//1200
f 2110//1200 1259//1063 1687//1201
f 1188//806 2111//1203 1688//1204
f 1482//851 1708//1205 2111//1203
f 1708//1205 1588//1060 2111//1203
f 2111//1203 1260//1013 1688//1204
f 1189//794 2112//1206 1689//1181
f 1484//793 1685//1196 2112//1206
f 1685//1196 1590//1002 2112//1206
f 2112//1206 1261//1004 1689//1181
f 1485//809 1690//1207 1190//810
f 1178//753 2113//1208 1485//809
f 2113//1208 1250//959 1591//1020
f 1690//1207 1591//1020 1262//1009
f 1487//780 1691//1209 1191//778
f 1182//754 2114//1210 1487//780
f 2114//1210 1254//964 1593//991
f 1691//1209 1593//991 1263//988
f 1488//814 1692//1211 1192//815
f 1176//896 2115//1212 1488//814
f 2115//1212 1248//963 1594//1024
f 1692//1211 1594//1024 1264//993
f 1194//846 2116//1213 1694//1214
f 1491//819 1680//1184 2116//1213
f 1680//1184 1597//1029 2116//1213
f 2116//1213 1266//1059 1694//1214
f 1179//777 2117//1215 1679//1216
f 1492//816 1693//1217 2117//1215
f 1693//1217 1598//1025 2117//1215
f 2117//1215 1251//983 1679//1216
f 1195//801 2118//1218 1695//1197
f 1493//800 1688//1204 2118//1218
f 1688//1204 1599//1010 2118//1218
f 2118//1218 1267//1012 1695//1197
f 1196//802 2119//1219 1696//1202
f 1494//825 1686//1198 2119//1219
f 1686//1198 1600//1033 2119//1219
f 2119//1219 1268//1017 1696//1202
f 1197//835 2120//1220 1697//1221
f 1496//831 1702//1222 2120//1220
f 1702//1222 1602//1041 2120//1220
f 2120//1220 1269//1046 1697//1221
f 1198//833 2121//1223 1698//1224
f 1497//834 1700//1225 2121//1223
f 1700//1225 1603//1043 2121//1223
f 2121//1223 1270//1038 1698//1224
f 1199//765 2122//1226 1699//1166
f 1499//837 1697//1221 2122//1226
f 1697//1221 1605//1045 2122//1226
f 2122//1226 1271//979 1699//1166
f 1200//764 2123//1227 1700//1225
f 1500//763 1675//1228 2123//1227
f 1675//1228 1606//972 2123//1227
f 2123//1227 1272//974 1700//1225
f 1201//828 2124//1229 1701//1194
f 1502//827 1698//1224 2124//1229
f 1698//1224 1608//1035 2124//1229
f 2124//1229 1273//1037 1701//1194
f 1503//839 1702//1222 1202//829
f 1183//789 2125//1230 1503//839
f 2125//1230 1255//999 1609//1050
f 1702//1222 1609//1050 1274//1042
f 1505//786 1703//1231 1203//784
f 1184//791 2126//1232 1505//786
f 2126//1232 1256//1048 1611//997
f 1703//1231 1611//997 1275//994
f 1506//843 1704//1233 1204//844
f 1174//759 2127//1234 1506//843
f 2127//1234 1246//969 1612//1054
f 1704//1233 1612//1054 1276//1001
f 1205//850 2128//1235 1705//1236
f 1206//1237 2128//1235 1508//849
f 2128//1235 1278//1238 1614//1056
f 2128//1235 1277//1239 1705//1236
f 1206//1237 2129//1240 1706//1241
f 1509//848 1694//1214 2129//1240
f 1694//1214 1615//1058 2129//1240
f 2129//1240 1278//1238 1706//1241
f 1193//821 2130//1242 1693//1217
f 1205//850 2130//1242 1510//845
f 2130//1242 1277//1239 1616//1055
f 2130//1242 1265//1026 1693//1217
f 1207//773 2131//1243 1707//1185
f 1511//854 1687//1201 2131//1243
f 1687//1201 1617//1062 2131//1243
f 2131//1243 1279//987 1707//1185
f 1208//772 2132//1244 1708//1205
f 1512//771 1679//1216 2132//1244
f 1679//1216 1618//980 2132//1244
f 2132//1244 1280//982 1708//1205
f 1210//860 2133//1245 1710//1246
f 1209//1247 2133//1245 1514//859
f 2133//1245 1281//1248 1620//1067
f 2133//1245 1282//1065 1710//1246
f 1209//1247 2134//1249 1709//1250
f 1515//858 1671//1165 2134//1249
f 1671//1165 1621//1068 2134//1249
f 2134//1249 1281//1248 1709//1250
f 1175//769 2135//1251 1675//1228
f 1210//860 2135//1251 1516//855
f 2135//1251 1282//1065 1622//1064
f 2135//1251 1247//975 1675//1228
f 1212//869 2136//1252 1712//1253
f 1170//893 2136//1252 1518//864
f 2136//1252 1242//1077 1624//1076
f 2136//1252 1284//1083 1712//1253
f 1169//863 2137//1254 1669//1176
f 1519//862 1711//1255 2137//1254
f 1711//1255 1625//1070 2137//1254
f 2137//1254 1241//1072 1669//1176
f 1214//875 2138//1256 1714//1257
f 1521//871 1712//1253 2138//1256
f 1712//1253 1627//1082 2138//1256
f 2138//1256 1286//1089 1714//1257
f 1211//867 2139//1258 1711//1255
f 1522//868 1713//1259 2139//1258
f 1713//1259 1628//1078 2139//1258
f 2139//1258 1283//1073 1711//1255
f 1524//1260 1716//1261 1216//877
f 1524//1260 1714//1257 2140//1262
f 1714//1257 1630//1088 2140//1262
f 1716//1261 1630//1088 1288//1087
f 1525//874 1713//1259 1213//873
f 1215//879 2141//1263 1525//874
f 2141//1263 1287//1090 1631//1084
f 1713//1259 1631//1084 1285//1079
f 1527//882 1718//1264 1218//883
f 1216//877 2142//1265 1527//882
f 2142//1265 1288//1087 1633//1095
f 1718//1264 1633//1095 1290//1094
f 1528//881 1715//1266 1215//879
f 1217//885 2143//1267 1528//881
f 2143//1267 1289//1096 1634//1092
f 1715//1266 1634//1092 1287//1090
f 1530//888 1720//1268 1220//889
f 1218//883 2144//1269 1530//888
f 2144//1269 1290//1094 1636//1101
f 1720//1268 1636//1101 1292//1100
f 1531//887 1717//1270 1217//885
f 1531//887 1719//1271 2145//1272
f 1719//1271 1637//1098 2145//1272
f 1717//1270 1637//1098 1289//1096
f 1533//900 1721//1273 1221//901
f 1222//910 2146//1274 1533//900
f 2146//1274 1294//1118 1639//1107
f 1721//1273 1639//1107 1293//1163
f 1224//909 2147//1275 1724//1276
f 1223//907 2147//1275 1536//908
f 2147//1275 1295//1115 1642//1114
f 2147//1275 1296//1277 1724//1276
f 1537//912 1722//1278 1222//910
f 1225//916 2148//1279 1537//912
f 2148//1279 1297//1124 1643//1120
f 1722//1278 1643//1120 1294//1118
f 1538//906 1723//1280 1223//907
f 1227//920 2149//1281 1538//906
f 2149//1281 1299//1117 1644//1116
f 1723//1280 1644//1116 1295//1115
f 1539//918 1725//1282 1225//916
f 1228//902 2150//1283 1539//918
f 2150//1283 1300//1110 1645//1126
f 1725//1282 1645//1126 1297//1124
f 1540//913 1726//1284 1226//914
f 1220//889 2151//1285 1540//913
f 2151//1285 1292//1100 1646//1123
f 1726//1284 1646//1123 1298//1122
f 1542//919 1727//1286 1227//920
f 1226//914 2152//1287 1542//919
f 2152//1287 1298//1122 1648//1127
f 1727//1286 1648//1127 1299//1117
f 1543//904 1728//1288 1228//902
f 1543//904 1724//1276 2153//1289
f 1724//1276 1649//1113 2153//1289
f 1728//1288 1649//1113 1300//1110
f 1219//891 2154//1290 1719//1271
f 1546//953 1739//1291 2154//1290
f 1739//1291 1652//1160 2154//1290
f 2154//1290 1291//1106 1719//1271
f 1230//942 2155//1292 1730//1293
f 1547//926 1733//1294 2155//1292
f 1733//1294 1653//1134 2155//1292
f 2155//1292 1302//1153 1730//1293
f 1231//936 2156//1295 1731//1296
f 1548//937 1734//1297 2156//1295
f 1734//1297 1654//1144 2156//1295
f 2156//1295 1303//1139 1731//1296
f 1232//938 2157//1298 1732//1299
f 1549//934 1740//1300 2157//1298
f 1740//1300 1655//1142 2157//1298
f 2157//1298 1304//1147 1732//1299
f 1233//924 2158//1301 1733//1294
f 1551//940 1732//1299 2158//1301
f 1732//1299 1657//1146 2158//1301
f 2158//1301 1305//1135 1733//1294
f 1234//923 2159//1302 1734//1297
f 1552//922 1729//1303 2159//1302
f 1729//1303 1658//1128 2159//1302
f 2159//1302 1306//1130 1734//1297
f 1555//944 1736//1304 1236//948
f 1555//944 1730//1293 2160//1305
f 1730//1293 1661//1152 2160//1305
f 1736//1304 1661//1152 1308//1159
f 1229//928 2161//1306 1729//1303
f 1556//941 1735//1307 2161//1306
f 1735//1307 1662//1148 2161//1306
f 2161//1306 1301//1131 1729//1303
f 1237//952 2162//1308 1737//1309
f 1238//950 2162//1308 1557//951
f 2162//1308 1310//1157 1663//1310
f 2162//1308 1309//1155 1737//1309
f 1558//1311 1738//1312 1238//950
f 1236//948 2163//1313 1558//1311
f 2163//1313 1308//1159 1664//1158
f 1738//1312 1664//1158 1310//1157
f 1235//946 2164//1314 1735//1307
f 1559//947 1737//1309 2164//1314
f 1737//1309 1665//1154 2164//1314
f 2164//1314 1307//1149 1735//1307
f 1239//931 2165//1315 1739//1291
f 1560//930 1731//1296 2165//1315
f 1731//1296 1666//1136 2165//1315
f 2165//1315 1311//1138 1739//1291
f 1240//932 2166//1316 1740//1300
f 1561//955 1721//1273 2166//1316
f 1721//1273 1667//1162 2166//1316
f 2166//1316 1312//1143 1740//1300
f 1744//1317 1816//1318 1316//1319
f 1322//1320 2167//1321 1744//1317
f 1745//1322 1752//1323 2167//1321
f 1816//1318 1752//1323 1320//1324
f 1326//1325 2168//1326 1758//1327
f 1757//1328 1749//1329 2168//1326
f 2168//1326 1318//1330 1747//1331
f 1758//1327 1747//1331 1325//1332
f 1784//1333 1785//1334 1344//1335
f 1319//1336 2169//1337 1784//1333
f 1748//1338 1741//1339 2169//1337
f 2169//1337 1343//1340 1785//1334
f 1796//1341 1797//1342 1352//1343
f 1323//1344 2170//1345 1796//1341
f 1753//1346 1755//1347 2170//1345
f 2170//1345 1351//1348 1797//1342
f 1335//1349 2171//1350 1773//1351
f 1771//1352 1758//1327 2171//1350
f 2171//1350 1325//1332 1756//1353
f 1773//1351 1756//1353 1336//1354
f 1347//1355 2172//1356 1791//1357
f 1789//1358 1761//1359 2172//1356
f 2172//1356 1327//1360 1759//1361
f 1791//1357 1759//1361 1348//1362
f 1768//1363 1770//1364 1333//1365
f 1329//1366 2173//1367 1768//1363
f 1764//1368 1763//1369 2173//1367
f 1770//1364 1763//1369 1334//1370
f 1777//1371 1779//1372 1339//1373
f 1332//1374 2174//1375 1777//1371
f 1767//1376 1765//1377 2174//1375
f 2174//1375 1340//1378 1779//1372
f 1316//1319 2175//1379 1744//1317
f 1333//1365 2175//1379 1754//1380
f 2175//1379 1334//1370 1769//1381
f 1744//1317 1769//1381 1322//1320
f 1321//1382 2176//1383 1752//1323
f 1751//1384 1773//1351 2176//1383
f 2176//1383 1336//1354 1772//1385
f 1752//1323 1772//1385 1320//1324
f 1776//1386 1753//1346 1323//1344
f 1337//1387 2177//1388 1776//1386
f 1774//1389 1775//1390 2177//1388
f 2177//1388 1324//1391 1753//1346
f 1762//1392 1764//1368 1329//1366
f 1339//1373 2178//1393 1762//1392
f 1779//1372 1778//1394 2178//1393
f 2178//1393 1330//1395 1764//1368
f 1786//1396 1788//1397 1345//1398
f 1342//1399 2179//1400 1786//1396
f 1782//1401 1780//1402 2179//1400
f 2179//1400 1346//1403 1788//1397
f 1781//1404 1782//1401 1342//1399
f 1344//1335 2180//1405 1781//1404
f 1785//1334 1783//1406 2180//1405
f 2180//1405 1341//1407 1782//1401
f 1760//1408 1761//1359 1328//1409
f 1345//1398 2181//1410 1760//1408
f 1788//1397 1787//1411 2181//1410
f 1761//1359 1787//1411 1327//1360
f 1317//1412 2182//1413 1749//1329
f 1746//1414 1791//1357 2182//1413
f 2182//1413 1348//1362 1790//1415
f 1749//1329 1790//1415 1318//1330
f 1794//1416 1774//1389 1337//1387
f 1794//1416 1792//1417 2183//1418
f 1792//1417 1793//1419 2183//1418
f 2183//1418 1338//1420 1774//1389
f 1766//1421 1767//1376 1332//1374
f 1352//1343 2184//1422 1766//1421
f 1797//1342 1795//1423 2184//1422
f 2184//1422 1331//1424 1767//1376
f 1800//1425 1748//1338 1319//1336
f 1354//1426 2185//1427 1800//1425
f 1798//1428 1799//1429 2185//1427
f 2185//1427 1315//1430 1748//1338
f 1803//1431 1743//1432 1313//1433
f 1355//1434 2186//1435 1803//1431
f 1801//1436 1802//1437 2186//1435
f 1743//1432 1802//1437 1314//1438
f 1806//1439 1801//1436 1355//1434
f 1357//1440 2187//1441 1806//1439
f 1804//1442 1805//1443 2187//1441
f 2187//1441 1356//1444 1801//1436
f 1809//1445 1804//1442 1357//1440
f 1809//1445 1807//1446 2188//1447
f 2188//1447 1360//1448 1808//1449
f 2188//1447 1358//1450 1804//1442
f 1359//1451 2189//1452 1807//1446
f 1812//1453 1810//1454 2189//1452
f 2189//1452 1362//1455 1811//1456
f 1807//1446 1811//1456 1360//1448
f 1361//1457 2190//1458 1810//1454
f 1815//1459 1813//1460 2190//1458
f 2190//1458 1364//1461 1814//1462
f 1810//1454 1814//1462 1362//1455
f 1816//1318 1742//1463 1316//1319
f 1816//1318 1750//1464 2191//1465
f 1750//1464 1743//1432 2191//1465
f 2191//1465 1314//1438 1742//1463
f 1818//1466 1813//1460 1363//1467
f 1818//1466 1817//1468 2192//1469
f 1817//1468 1819//1470 2192//1469
f 1813//1460 1819//1470 1364//1461
f 1372//1471 2193//1472 1828//1473
f 1827//1474 1820//1475 2193//1472
f 2193//1472 1367//1476 1822//1477
f 1828//1473 1822//1477 1371//1478
f 1366//1479 2194//1480 1819//1470
f 1821//1481 1825//1482 2194//1480
f 2194//1480 1370//1483 1824//1484
f 1819//1470 1824//1484 1364//1461
f 1369//1485 2195//1486 1825//1482
f 1823//1487 1828//1473 2195//1486
f 2195//1486 1371//1478 1826//1488
f 1825//1482 1826//1488 1370//1483
f 1836//1489 1837//1490 1378//1491
f 1373//1492 2196//1493 1836//1489
f 1829//1494 1831//1495 2196//1493
f 2196//1493 1377//1496 1837//1490
f 1844//1497 1846//1498 1383//1499
f 1375//1500 2197//1501 1844//1497
f 1834//1502 1833//1503 2197//1501
f 2197//1501 1384//1504 1846//1498
f 1832//1505 1834//1502 1375//1500
f 1378//1491 2198//1506 1832//1505
f 1837//1490 1835//1507 2198//1506
f 2198//1506 1376//1508 1834//1502
f 1840//1509 1829//1494 1373//1492
f 1379//1510 2199//1511 1840//1509
f 1838//1512 1839//1513 2199//1511
f 2199//1511 1374//1514 1829//1494
f 1843//1515 1838//1512 1379//1510
f 1381//1516 2200//1517 1843//1515
f 2200//1517 1382//1518 1842//1519
f 2200//1517 1380//1520 1838//1512
f 1830//1521 1818//1466 1363//1467
f 1383//1499 2201//1522 1830//1521
f 1846//1498 1845//1523 2201//1522
f 2201//1522 1365//1524 1818//1466
f 1922//1525 1850//1526 1388//1527
f 1922//1525 1858//1528 2202//1529
f 1858//1528 1851//1530 2202//1529
f 2202//1529 1394//1531 1850//1526
f 1398//1532 2203//1533 1863//1534
f 1864//1535 1853//1536 2203//1533
f 2203//1533 1390//1537 1855//1538
f 1863//1534 1855//1538 1389//1539
f 1891//1540 1890//1541 1416//1542
f 1415//1543 2204//1544 1891//1540
f 1847//1545 1854//1546 2204//1544
f 2204//1544 1391//1547 1890//1541
f 1903//1548 1902//1549 1424//1550
f 1423//1551 2205//1552 1903//1548
f 1861//1553 1859//1554 2205//1552
f 2205//1552 1395//1555 1902//1549
f 1407//1556 2206//1557 1877//1558
f 1879//1559 1862//1560 2206//1557
f 2206//1557 1397//1561 1864//1535
f 1877//1558 1864//1535 1398//1532
f 1419//1562 2207//1563 1895//1564
f 1897//1565 1865//1566 2207//1563
f 2207//1563 1399//1567 1867//1568
f 1895//1564 1867//1568 1400//1569
f 1876//1570 1874//1571 1405//1572
f 1876//1570 1869//1573 2208//1574
f 1869//1573 1870//1575 2208//1574
f 2208//1574 1401//1576 1874//1571
f 1885//1577 1883//1578 1411//1579
f 1412//1580 2209//1581 1885//1577
f 1871//1582 1873//1583 2209//1581
f 2209//1581 1404//1584 1883//1578
f 1388//1527 2210//1585 1860//1586
f 1850//1526 1875//1587 2210//1585
f 2210//1585 1406//1588 1876//1570
f 2210//1585 1405//1572 1860//1586
f 1393//1589 2211//1590 1857//1591
f 1858//1528 1878//1592 2211//1590
f 2211//1590 1408//1593 1879//1559
f 1857//1591 1879//1559 1407//1556
f 1859//1554 1882//1594 1395//1555
f 1396//1595 2212//1596 1859//1554
f 1881//1597 1880//1598 2212//1596
f 2212//1596 1409//1599 1882//1594
f 1870//1575 1868//1600 1401//1576
f 1402//1601 2213//1602 1870//1575
f 1884//1603 1885//1577 2213//1602
f 2213//1602 1411//1579 1868//1600
f 1894//1604 1892//1605 1417//1606
f 1418//1607 2214//1608 1894//1604
f 1886//1609 1888//1610 2214//1608
f 2214//1608 1414//1611 1892//1605
f 1888//1610 1887//1612 1414//1611
f 1413//1613 2215//1614 1888//1610
f 1889//1615 1891//1540 2215//1614
f 2215//1614 1416//1542 1887//1612
f 1867//1568 1866//1616 1400//1569
f 1867//1568 1893//1617 2216//1618
f 1893//1617 1894//1604 2216//1618
f 2216//1618 1417//1606 1866//1616
f 1389//1539 2217//1619 1852//1620
f 1855//1538 1896//1621 2217//1619
f 2217//1619 1420//1622 1897//1565
f 1852//1620 1897//1565 1419//1562
f 1880//1598 1900//1623 1409//1599
f 1410//1624 2218//1625 1880//1598
f 1899//1626 1898//1627 2218//1625
f 1900//1623 1898//1627 1421//1628
f 1873//1583 1872//1629 1404//1584
f 1403//1630 2219//1631 1873//1583
f 1901//1632 1903//1548 2219//1631
f 2219//1631 1424//1550 1872//1629
f 1854//1546 1906//1633 1391//1547
f 1387//1634 2220//1635 1854//1546
f 1905//1636 1904//1637 2220//1635
f 2220//1635 1426//1638 1906//1633
f 1849//1639 1909//1640 1385//1641
f 1849//1639 1908//1642 2221//1643
f 1908//1642 1907//1644 2221//1643
f 2221//1643 1427//1645 1909//1640
f 1907//1644 1912//1646 1427//1645
f 1428//1647 2222//1648 1907//1644
f 1911//1649 1910//1650 2222//1648
f 2222//1648 1429//1651 1912//1646
f 1910//1650 1915//1652 1429//1651
f 1430//1653 2223//1654 1910//1650
f 2223//1654 1432//1655 1913//1656
f 1915//1652 1913//1656 1431//1657
f 1431//1657 2224//1658 1918//1659
f 1913//1656 1917//1660 2224//1658
f 2224//1658 1434//1661 1916//1662
f 1918//1659 1916//1662 1433//1663
f 1433//1663 2225//1664 1921//1665
f 1916//1662 1920//1666 2225//1664
f 2225//1664 1436//1667 1919//1668
f 1921//1665 1919//1668 1435//1669
f 1848//1670 1922//1525 1388//1527
f 1386//1671 2226//1672 1848//1670
f 1849//1639 1856//1673 2226//1672
f 1922//1525 1856//1673 1392//1674
f 1919//1668 1924//1675 1435//1669
f 1919//1668 1925//1676 2227//1677
f 1925//1676 1923//1678 2227//1677
f 1924//1675 1923//1678 1437//1679
f 1444//1680 2228//1681 1933//1682
f 1934//1683 1928//1684 2228//1681
f 2228//1681 1439//1685 1926//1686
f 1933//1682 1926//1686 1440//1687
f 1438//1688 2229//1689 1927//1690
f 1925//1676 1930//1691 2229//1689
f 2229//1689 1442//1692 1931//1693
f 1927//1690 1931//1693 1441//1694
f 1441//1694 2230//1695 1929//1696
f 1931//1693 1932//1697 2230//1695
f 2230//1695 1443//1698 1934//1683
f 1929//1696 1934//1683 1444//1680
f 1943//1699 1942//1700 1450//1701
f 1449//1702 2231//1703 1943//1699
f 1937//1704 1935//1705 2231//1703
f 2231//1703 1445//1706 1942//1700
f 1952//1707 1950//1708 1455//1709
f 1456//1710 2232//1711 1952//1707
f 1939//1712 1940//1713 2232//1711
f 2232//1711 1447//1714 1950//1708
f 1940//1713 1938//1715 1447//1714
f 1448//1716 2233//1717 1940//1713
f 1941//1718 1943//1699 2233//1717
f 2233//1717 1450//1701 1938//1715
f 1935//1705 1946//1719 1445//1706
f 1446//1720 2234//1721 1935//1705
f 1945//1722 1944//1723 2234//1721
f 2234//1721 1451//1724 1946//1719
f 1944//1723 1949//1725 1451//1724
f 1452//1726 2235//1727 1944//1723
f 2235//1727 1454//1728 1947//1729
f 2235//1727 1453//1730 1949//1725
f 1924//1675 1936//1731 1435//1669
f 1437//1679 2236//1732 1924//1675
f 1951//1733 1952//1707 2236//1732
f 2236//1732 1455//1709 1936//1731
f 1315//1430 2237//1734 1741//1339
f 1387//1634 2237//1734 1955//1735
f 1847//1545 1983//1736 2237//1734
f 1741//1339 1983//1736 1343//1340
f 1954//1737 1742//1463 1314//1438
f 1954//1737 1848//1670 2238//1738
f 2238//1738 1388//1527 1956//1739
f 2238//1738 1316//1319 1742//1463
f 1962//1740 1745//1322 1322//1320
f 1962//1740 1851//1530 2239//1741
f 2239//1741 1393//1589 1961//1742
f 2239//1741 1321//1382 1745//1322
f 1957//1743 1746//1414 1317//1412
f 1957//1743 1852//1620 2240//1744
f 2240//1744 1419//1562 1987//1745
f 2240//1744 1347//1355 1746//1414
f 1958//1746 1747//1331 1318//1330
f 1958//1746 1853//1536 2241//1747
f 2241//1747 1397//1561 1965//1748
f 2241//1747 1325//1332 1747//1331
f 1960//1749 1750//1464 1320//1324
f 1960//1749 1856//1673 2242//1750
f 1856//1673 1953//1751 2242//1750
f 1750//1464 1953//1751 1313//1433
f 1961//1742 1751//1384 1321//1382
f 1961//1742 1857//1591 2243//1752
f 2243//1752 1407//1556 1975//1753
f 2243//1752 1335//1349 1751//1384
f 1956//1739 1754//1380 1316//1319
f 1956//1739 1860//1586 2244//1754
f 1860//1586 1973//1755 2244//1754
f 1754//1380 1973//1755 1333//1365
f 1324//1391 2245//1756 1755//1347
f 1396//1595 2245//1756 1964//1757
f 1861//1553 1991//1758 2245//1756
f 1755//1347 1991//1758 1351//1348
f 1965//1748 1756//1353 1325//1332
f 1965//1748 1862//1560 2246//1759
f 2246//1759 1408//1593 1976//1760
f 2246//1759 1336//1354 1756//1353
f 1966//1761 1757//1328 1326//1325
f 1966//1761 1863//1534 2247//1762
f 2247//1762 1389//1539 1957//1743
f 2247//1762 1317//1412 1757//1328
f 1967//1763 1759//1361 1327//1360
f 1967//1763 1865//1566 2248//1764
f 2248//1764 1420//1622 1988//1765
f 2248//1764 1348//1362 1759//1361
f 1328//1409 2249//1766 1760//1408
f 1400//1569 2249//1766 1968//1767
f 1866//1616 1985//1768 2249//1766
f 1760//1408 1985//1768 1345//1398
f 1329//1366 2250//1769 1762//1392
f 1401//1576 2250//1769 1969//1770
f 1868//1600 1979//1771 2250//1769
f 1762//1392 1979//1771 1339//1373
f 1970//1772 1763//1369 1330//1395
f 1970//1772 1869//1573 2251//1773
f 2251//1773 1406//1588 1974//1774
f 2251//1773 1334//1370 1763//1369
f 1331//1424 2252//1775 1765//1377
f 1403//1630 2252//1775 1971//1776
f 1871//1582 1980//1777 2252//1775
f 1765//1377 1980//1777 1340//1378
f 1332//1374 2253//1778 1766//1421
f 1404//1584 2253//1778 1972//1779
f 1872//1629 1992//1780 2253//1778
f 1766//1421 1992//1780 1352//1343
f 1333//1365 2254//1781 1768//1363
f 1405//1572 2254//1781 1973//1755
f 1874//1571 1969//1770 2254//1781
f 1768//1363 1969//1770 1329//1366
f 1974//1774 1769//1381 1334//1370
f 1974//1774 1875//1587 2255//1782
f 2255//1782 1394//1531 1962//1740
f 2255//1782 1322//1320 1769//1381
f 1975//1753 1771//1352 1335//1349
f 1975//1753 1877//1558 2256//1783
f 2256//1783 1398//1532 1966//1761
f 2256//1783 1326//1325 1771//1352
f 1976//1760 1772//1385 1336//1354
f 1976//1760 1878//1592 2257//1784
f 2257//1784 1392//1674 1960//1749
f 2257//1784 1320//1324 1772//1385
f 1338//1420 2258//1785 1775//1390
f 1410//1624 2258//1785 1978//1786
f 1881//1597 1964//1757 2258//1785
f 1775//1390 1964//1757 1324//1391
f 1323//1344 2259//1787 1776//1386
f 1395//1555 2259//1787 1963//1788
f 1882//1594 1977//1789 2259//1787
f 1776//1386 1977//1789 1337//1387
f 1339//1373 2260//1790 1777//1371
f 1411//1579 2260//1790 1979//1771
f 1883//1578 1972//1779 2260//1790
f 1777//1371 1972//1779 1332//1374
f 1340//1378 2261//1791 1778//1394
f 1412//1580 2261//1791 1980//1777
f 1884//1603 1970//1772 2261//1791
f 1778//1394 1970//1772 1330//1395
f 1341//1407 2262//1792 1780//1402
f 1413//1613 2262//1792 1981//1793
f 1886//1609 1986//1794 2262//1792
f 1780//1402 1986//1794 1346//1403
f 1342//1399 2263//1795 1781//1404
f 1414//1611 2263//1795 1982//1796
f 1887//1612 1984//1797 2263//1795
f 1781//1404 1984//1797 1344//1335
f 1343//1340 2264//1798 1783//1406
f 1415//1543 2264//1798 1983//1736
f 1889//1615 1981//1793 2264//1798
f 1783//1406 1981//1793 1341//1407
f 1344//1335 2265//1799 1784//1333
f 1416//1542 2265//1799 1984//1797
f 1890//1541 1959//1800 2265//1799
f 1784//1333 1959//1800 1319//1336
f 1345//1398 2266//1801 1786//1396
f 1417//1606 2266//1801 1985//1768
f 1892//1605 1982//1796 2266//1801
f 1786//1396 1982//1796 1342//1399
f 1986//1794 1787//1411 1346//1403
f 1986//1794 1893//1617 2267//1802
f 2267//1802 1399//1567 1967//1763
f 2267//1802 1327//1360 1787//1411
f 1987//1745 1789//1358 1347//1355
f 1987//1745 1895//1564 2268//1803
f 2268//1803 1400//1569 1968//1767
f 2268//1803 1328//1409 1789//1358
f 1988//1765 1790//1415 1348//1362
f 1988//1765 1896//1621 2269//1804
f 2269//1804 1390//1537 1958//1746
f 2269//1804 1318//1330 1790//1415
f 1349//1805 2270//1806 1792//1417
f 1421//1628 2270//1806 1989//1807
f 2270//1806 1422//1808 1990//1809
f 2270//1806 1350//1810 1792//1417
f 1350//1810 2271//1811 1793//1419
f 1422//1808 2271//1811 1990//1809
f 1899//1626 1978//1786 2271//1811
f 1793//1419 1978//1786 1338//1420
f 1337//1387 2272//1812 1794//1416
f 1409//1599 2272//1812 1977//1789
f 2272//1812 1421//1628 1989//1807
f 2272//1812 1349//1805 1794//1416
f 1351//1348 2273//1813 1795//1423
f 1423//1551 2273//1813 1991//1758
f 1901//1632 1971//1776 2273//1813
f 1795//1423 1971//1776 1331//1424
f 1352//1343 2274//1814 1796//1341
f 1424//1550 2274//1814 1992//1780
f 1902//1549 1963//1788 2274//1814
f 1796//1341 1963//1788 1323//1344
f 1354//1426 2275//1815 1798//1428
f 1426//1638 2275//1815 1994//1816
f 2275//1815 1425//1817 1993//1818
f 2275//1815 1353//1819 1798//1428
f 1353//1819 2276//1820 1799//1429
f 1425//1817 2276//1820 1993//1818
f 1905//1636 1955//1735 2276//1820
f 1799//1429 1955//1735 1315//1430
f 1319//1336 2277//1821 1800//1425
f 1391//1547 2277//1821 1959//1800
f 2277//1821 1426//1638 1994//1816
f 2277//1821 1354//1426 1800//1425
f 1356//1444 2278//1822 1802//1437
f 1428//1647 2278//1822 1996//1823
f 2278//1822 1386//1671 1954//1737
f 2278//1822 1314//1438 1802//1437
f 1313//1433 2279//1824 1803//1431
f 1385//1641 2279//1824 1953//1751
f 1909//1640 1995//1825 2279//1824
f 1803//1431 1995//1825 1355//1434
f 1358//1450 2280//1826 1805//1443
f 1430//1653 2280//1826 1998//1827
f 1911//1649 1996//1823 2280//1826
f 1805//1443 1996//1823 1356//1444
f 1355//1434 2281//1828 1806//1439
f 1427//1645 2281//1828 1995//1825
f 1912//1646 1997//1829 2281//1828
f 1806//1439 1997//1829 1357//1440
f 2000//1830 1808//1449 1360//1448
f 2000//1830 1914//1831 2282//1832
f 1914//1831 1998//1827 2282//1832
f 1808//1449 1998//1827 1358//1450
f 1997//1829 1809//1445 1357//1440
f 1997//1829 1915//1652 2283//1833
f 2283//1833 1431//1657 1999//1834
f 2283//1833 1359//1451 1809//1445
f 2002//1835 1811//1456 1362//1455
f 2002//1835 1917//1660 2284//1836
f 2284//1836 1432//1655 2000//1830
f 2284//1836 1360//1448 1811//1456
f 1999//1834 1812//1453 1359//1451
f 1999//1834 1918//1659 2285//1837
f 2285//1837 1433//1663 2001//1838
f 2285//1837 1361//1457 1812//1453
f 2004//1839 1814//1462 1364//1461
f 2004//1839 1920//1666 2286//1840
f 2286//1840 1434//1661 2002//1835
f 2286//1840 1362//1455 1814//1462
f 2001//1838 1815//1459 1361//1457
f 2001//1838 1921//1665 2287//1841
f 1921//1665 2003//1842 2287//1841
f 1815//1459 2003//1842 1363//1467
f 2005//1843 1817//1468 1365//1524
f 2005//1843 1923//1678 2288//1844
f 2288//1844 1438//1688 2006//1845
f 2288//1844 1366//1479 1817//1468
f 1368//1846 2289//1847 1820//1475
f 1440//1687 2289//1847 2008//1848
f 2289//1847 1439//1685 2007//1849
f 2289//1847 1367//1476 1820//1475
f 2006//1845 1821//1481 1366//1479
f 2006//1845 1927//1690 2290//1850
f 2290//1850 1441//1694 2009//1851
f 2290//1850 1369//1485 1821//1481
f 2007//1849 1822//1477 1367//1476
f 2007//1849 1928//1684 2291//1852
f 2291//1852 1443//1698 2011//1853
f 2291//1852 1371//1478 1822//1477
f 2009//1851 1823//1487 1369//1485
f 2009//1851 1929//1696 2292//1854
f 2292//1854 1444//1680 2012//1855
f 2292//1854 1372//1471 1823//1487
f 2010//1856 1824//1484 1370//1483
f 2010//1856 1930//1691 2293//1857
f 2293//1857 1436//1667 2004//1839
f 2293//1857 1364//1461 1824//1484
f 2011//1853 1826//1488 1371//1478
f 2011//1853 1932//1697 2294//1858
f 2294//1858 1442//1692 2010//1856
f 2294//1858 1370//1483 1826//1488
f 2012//1855 1827//1474 1372//1471
f 2012//1855 1933//1682 2295//1859
f 1933//1682 2008//1848 2295//1859
f 1827//1474 2008//1848 1368//1846
f 1363//1467 2296//1860 1830//1521
f 1435//1669 2296//1860 2003//1842
f 1936//1731 2023//1861 2296//1860
f 1830//1521 2023//1861 1383//1499
f 1374//1514 2297//1862 1831//1495
f 1446//1720 2297//1862 2014//1863
f 1937//1704 2017//1864 2297//1862
f 1831//1495 2017//1864 1377//1496
f 1375//1500 2298//1865 1832//1505
f 1447//1714 2298//1865 2015//1866
f 1938//1715 2018//1867 2298//1865
f 1832//1505 2018//1867 1378//1491
f 1376//1508 2299//1868 1833//1503
f 1448//1716 2299//1868 2016//1869
f 1939//1712 2024//1870 2299//1868
f 1833//1503 2024//1870 1384//1504
f 1377//1496 2300//1871 1835//1507
f 1449//1702 2300//1871 2017//1864
f 1941//1718 2016//1869 2300//1871
f 1835//1507 2016//1869 1376//1508
f 1378//1491 2301//1872 1836//1489
f 1450//1701 2301//1872 2018//1867
f 1942//1700 2013//1873 2301//1872
f 1836//1489 2013//1873 1373//1492
f 2020//1874 1839//1513 1380//1520
f 2020//1874 1945//1722 2302//1875
f 1945//1722 2014//1863 2302//1875
f 1839//1513 2014//1863 1374//1514
f 1373//1492 2303//1876 1840//1509
f 1445//1706 2303//1876 2013//1873
f 1946//1719 2019//1877 2303//1876
f 1840//1509 2019//1877 1379//1510
f 1381//1516 2304//1878 1841//1879
f 1453//1730 2304//1878 2021//1880
f 2304//1878 1454//1728 2022//1881
f 2304//1878 1382//1518 1841//1879
f 2022//1881 1842//1519 1382//1518
f 2022//1881 1948//1882 2305//1883
f 2305//1883 1452//1726 2020//1874
f 2305//1883 1380//1520 1842//1519
f 1379//1510 2306//1884 1843//1515
f 1451//1724 2306//1884 2019//1877
f 1949//1725 2021//1880 2306//1884
f 1843//1515 2021//1880 1381//1516
f 1383//1499 2307//1885 1844//1497
f 1455//1709 2307//1885 2023//1861
f 1950//1708 2015//1866 2307//1885
f 1844//1497 2015//1866 1375//1500
f 1384//1504 2308//1886 1845//1523
f 1456//1710 2308//1886 2024//1870
f 1951//1733 2005//1843 2308//1886
f 1845//1523 2005//1843 1365//1524
f 1532//747 2025//751 1460//748
f 1532//747 1176//896 1468//750
f 1468//750 1177//811 1461//752
f 2025//751 1461//752 1178//753
f 1182//754 1474//757 2026//755
f 1474//757 1181//783 1463//758
f 2026//755 1463//758 1174//759
f 1473//756 2026//755 1465//760
f 1501//762 2027//766 1500//763
f 1199//765 1457//767 2027//766
f 1457//767 1171//856 1464//768
f 2027//766 1464//768 1175//769
f 1513//770 2028//774 1512//771
f 1207//773 1471//775 2028//774
f 1471//775 1180//817 1469//776
f 2028//774 1469//776 1179//777
f 1191//778 1489//781 2029//779
f 1489//781 1192//815 1472//782
f 2029//779 1472//782 1181//783
f 1487//780 2029//779 1474//757
f 1203//784 1507//787 2030//785
f 1507//787 1204//844 1475//788
f 2030//785 1475//788 1183//789
f 1505//786 2030//785 1477//790
f 1486//792 2031//796 1484//793
f 1486//792 1190//810 1479//795
f 1479//795 1186//823 1480//797
f 2031//796 1480//797 1185//798
f 1495//799 2032//803 1493//800
f 1196//802 1481//804 2032//803
f 1481//804 1187//852 1483//805
f 2032//803 1483//805 1188//806
f 1172//749 1460//748 2033//807
f 1460//748 1178//753 1485//809
f 2033//807 1485//809 1190//810
f 2033//807 1486//792 1189//794
f 1177//811 1468//750 2034//812
f 1468//750 1176//896 1488//814
f 2034//812 1488//814 1192//815
f 1467//813 2034//812 1489//781
f 1469//776 2035//818 1492//816
f 1180//817 1491//819 2035//818
f 1491//819 1194//846 1490//820
f 2035//818 1490//820 1193//821
f 1480//797 2036//824 1478//822
f 1186//823 1494//825 2036//824
f 1494//825 1196//802 1495//799
f 2036//824 1495//799 1195//801
f 1504//826 2037//830 1502//827
f 1202//829 1496//831 2037//830
f 1496//831 1197//835 1498//832
f 2037//830 1498//832 1198//833
f 1498//832 2038//836 1497//834
f 1197//835 1499//837 2038//836
f 1499//837 1199//765 1501//762
f 2038//836 1501//762 1200//764
f 1477//790 2039//840 1476//838
f 1477//790 1183//789 1503//839
f 1503//839 1202//829 1504//826
f 2039//840 1504//826 1201//828
f 1173//761 1465//760 2040//841
f 1465//760 1174//759 1506//843
f 2040//841 1506//843 1204//844
f 1462//842 2040//841 1507//787
f 1490//820 2041//847 1510//845
f 1194//846 1509//848 2041//847
f 1509//848 1206//1237 1508//849
f 1510//845 2041//847 1508//849
f 1483//805 2042//853 1482//851
f 1187//852 1511//854 2042//853
f 1511//854 1207//773 1513//770
f 2042//853 1513//770 1208//772
f 1464//768 2043//857 1516//855
f 1171//856 1515//858 2043//857
f 1515//858 1209//1247 1514//859
f 2043//857 1514//859 1210//860
f 1459//861 2044//865 1519//862
f 1459//861 1170//893 1518//864
f 1518//864 1212//869 1517//866
f 2044//865 1517//866 1211//867
f 1517//866 2045//870 1522//868
f 1212//869 1521//871 2045//870
f 1521//871 1214//875 1520//872
f 2045//870 1520//872 1213//873
f 1520//872 2046//876 1525//874
f 1214//875 1524//1260 2046//876
f 2046//876 1524//1260 1216//877
f 1525//874 2046//876 1523//878
f 1215//879 1523//878 2047//880
f 1523//878 1216//877 1527//882
f 2047//880 1527//882 1218//883
f 1528//881 2047//880 1526//884
f 1217//885 1526//884 2048//886
f 1526//884 1218//883 1530//888
f 2048//886 1530//888 1220//889
f 1531//887 2048//886 1529//890
f 1458//892 2049//894 1532//747
f 1170//893 1459//861 2049//894
f 1459//861 1169//863 1466//895
f 1532//747 2049//894 1466//895
f 1529//890 2050//899 1534//897
f 1529//890 1220//889 1535//898
f 1535//898 1222//910 1533//900
f 1534//897 2050//899 1533//900
f 1228//902 1544//905 2051//903
f 1544//905 1227//920 1538//906
f 2051//903 1538//906 1223//907
f 1543//904 2051//903 1536//908
f 1222//910 1535//898 2052//911
f 1535//898 1220//889 1540//913
f 2052//911 1540//913 1226//914
f 1537//912 2052//911 1541//915
f 1225//916 1541//915 2053//917
f 1541//915 1226//914 1542//919
f 2053//917 1542//919 1227//920
f 1539//918 2053//917 1544//905
f 1553//921 2054//925 1552//922
f 1233//924 1547//926 2054//925
f 1547//926 1230//942 1545//927
f 2054//925 1545//927 1229//928
f 1562//929 2055//933 1560//930
f 1240//932 1549//934 2055//933
f 1549//934 1232//938 1550//935
f 2055//933 1550//935 1231//936
f 1550//935 2056//939 1548//937
f 1232//938 1551//940 2056//939
f 1551//940 1233//924 1553//921
f 2056//939 1553//921 1234//923
f 1545//927 2057//943 1556//941
f 1230//942 1555//944 2057//943
f 1555//944 1236//948 1554//945
f 2057//943 1554//945 1235//946
f 1554//945 2058//949 1559//947
f 1236//948 1558//1311 2058//949
f 2058//949 1558//1311 1238//950
f 2058//949 1557//951 1237//952
f 1534//897 2059//954 1546//953
f 1221//901 1561//955 2059//954
f 1561//955 1240//932 1562//929
f 2059//954 1562//929 1239//931
f 1566//956 2060//960 1638//957
f 1250//959 1567//961 2060//960
f 1567//961 1249//1021 1574//962
f 1638//957 2060//960 1574//962
f 1254//964 1579//967 2061//965
f 1579//967 1245//1051 1571//968
f 2061//965 1571//968 1246//969
f 1580//966 2061//965 1569//970
f 1606//972 2062//976 1607//973
f 1247//975 1570//977 2062//976
f 1570//977 1243//1069 1563//978
f 2062//976 1563//978 1271//979
f 1618//980 2063//984 1619//981
f 1251//983 1575//985 2063//984
f 1575//985 1252//1030 1577//986
f 2063//984 1577//986 1279//987
f 1263//988 1593//991 2064//989
f 1593//991 1254//964 1580//966
f 2064//989 1580//966 1253//971
f 1595//990 2064//989 1578//992
f 1275//994 1611//997 2065//995
f 1611//997 1256//1048 1583//998
f 2065//995 1583//998 1255//999
f 1613//996 2065//995 1581//1000
f 1590//1002 2066//1006 1592//1003
f 1257//1005 1586//1007 2066//1006
f 1586//1007 1258//1034 1585//1008
f 1592//1003 2066//1006 1585//1008
f 1599//1010 2067//1014 1601//1011
f 1260//1013 1589//1015 2067//1014
f 1589//1015 1259//1063 1587//1016
f 2067//1014 1587//1016 1268//1017
f 1244//958 1576//1019 2068//1018
f 1261//1004 1592//1003 2068//1018
f 2068//1018 1592//1003 1262//1009
f 1566//956 2068//1018 1591//1020
f 1249//1021 1573//1023 2069//1022
f 1573//1023 1263//988 1595//990
f 2069//1022 1595//990 1264//993
f 1574//962 2069//1022 1594//1024
f 1598//1025 2070//1027 1575//985
f 1265//1026 1596//1028 2070//1027
f 1596//1028 1266//1059 1597//1029
f 2070//1027 1597//1029 1252//1030
f 1584//1031 2071//1032 1586//1007
f 1267//1012 1601//1011 2071//1032
f 1601//1011 1268//1017 1600//1033
f 2071//1032 1600//1033 1258//1034
f 1608//1035 2072//1039 1610//1036
f 1270//1038 1604//1040 2072//1039
f 1604//1040 1269//1046 1602//1041
f 2072//1039 1602//1041 1274//1042
f 1603//1043 2073//1044 1604//1040
f 1272//974 1607//973 2073//1044
f 1607//973 1271//979 1605//1045
f 2073//1044 1605//1045 1269//1046
f 1582//1047 2074//1049 1583//998
f 1273//1037 1610//1036 2074//1049
f 1610//1036 1274//1042 1609//1050
f 1583//998 2074//1049 1609//1050
f 1245//1051 1568//1053 2075//1052
f 1568//1053 1275//994 1613//996
f 2075//1052 1613//996 1276//1001
f 1571//968 2075//1052 1612//1054
f 1616//1055 2076//1057 1596//1028
f 1616//1055 1277//1239 1614//1056
f 1614//1056 1278//1238 1615//1058
f 2076//1057 1615//1058 1266//1059
f 1588//1060 2077//1061 1589//1015
f 1280//982 1619//981 2077//1061
f 1619//981 1279//987 1617//1062
f 2077//1061 1617//1062 1259//1063
f 1622//1064 2078//1066 1570//977
f 1282//1065 1620//1067 2078//1066
f 1620//1067 1281//1248 1621//1068
f 2078//1066 1621//1068 1243//1069
f 1625//1070 2079//1074 1565//1071
f 1283//1073 1623//1075 2079//1074
f 1623//1075 1284//1083 1624//1076
f 1565//1071 2079//1074 1624//1076
f 1628//1078 2080//1080 1623//1075
f 1285//1079 1626//1081 2080//1080
f 1626//1081 1286//1089 1627//1082
f 2080//1080 1627//1082 1284//1083
f 1631//1084 2081//1086 1626//1081
f 1631//1084 1287//1090 1629//1085
f 2081//1086 1629//1085 1288//1087
f 2081//1086 1630//1088 1286//1089
f 1287//1090 1634//1092 2082//1091
f 1634//1092 1289//1096 1632//1093
f 2082//1091 1632//1093 1290//1094
f 1629//1085 2082//1091 1633//1095
f 1289//1096 1637//1098 2083//1097
f 1637//1098 1291//1106 1635//1099
f 2083//1097 1635//1099 1292//1100
f 1632//1093 2083//1097 1636//1101
f 1638//957 2084//1104 1564//1102
f 1638//957 1248//963 1572//1103
f 1572//1103 1241//1072 1565//1071
f 2084//1104 1565//1071 1242//1077
f 1640//1105 2085//1108 1635//1099
f 1640//1105 1293//1163 1639//1107
f 1639//1107 1294//1118 1641//1109
f 1635//1099 2085//1108 1641//1109
f 1300//1110 1649//1113 2086//1111
f 1649//1113 1296//1277 1642//1114
f 2086//1111 1642//1114 1295//1115
f 1650//1112 2086//1111 1644//1116
f 1294//1118 1643//1120 2087//1119
f 1643//1120 1297//1124 1647//1121
f 2087//1119 1647//1121 1298//1122
f 1641//1109 2087//1119 1646//1123
f 1297//1124 1645//1126 2088//1125
f 1645//1126 1300//1110 1650//1112
f 2088//1125 1650//1112 1299//1117
f 1647//1121 2088//1125 1648//1127
f 1658//1128 2089//1132 1659//1129
f 1301//1131 1651//1133 2089//1132
f 1651//1133 1302//1153 1653//1134
f 2089//1132 1653//1134 1305//1135
f 1666//1136 2090//1140 1668//1137
f 1303//1139 1656//1141 2090//1140
f 1656//1141 1304//1147 1655//1142
f 2090//1140 1655//1142 1312//1143
f 1654//1144 2091//1145 1656//1141
f 1306//1130 1659//1129 2091//1145
f 1659//1129 1305//1135 1657//1146
f 2091//1145 1657//1146 1304//1147
f 1662//1148 2092//1150 1651//1133
f 1307//1149 1660//1151 2092//1150
f 1660//1151 1308//1159 1661//1152
f 2092//1150 1661//1152 1302//1153
f 1665//1154 2093//1156 1660//1151
f 1309//1155 1663//1310 2093//1156
f 2093//1156 1663//1310 1310//1157
f 2093//1156 1664//1158 1308//1159
f 1652//1160 2094//1161 1640//1105
f 1311//1138 1668//1137 2094//1161
f 1668//1137 1312//1143 1667//1162
f 2094//1161 1667//1162 1293//1163
f 1171//856 1457//767 2095//1164
f 1457//767 1199//765 1699//1166
f 1699//1166 1271//979 1563//978
f 2095//1164 1563//978 1243//1069
f 1458//892 2096//1168 1670//1167
f 1172//749 1672//1180 2096//1168
f 2096//1168 1672//1180 1244//958
f 1670//1167 2096//1168 1564//1102
f 1461//752 2097//1170 1678//1169
f 1177//811 1677//1178 2097//1170
f 2097//1170 1677//1178 1249//1021
f 1678//1169 2097//1170 1567//961
f 1462//842 2098//1172 1673//1171
f 1203//784 1703//1231 2098//1172
f 2098//1172 1703//1231 1275//994
f 1673//1171 2098//1172 1568//1053
f 1463//758 2099//1174 1674//1173
f 1181//783 1681//1186 2099//1174
f 2099//1174 1681//1186 1253//971
f 1674//1173 2099//1174 1569//970
f 1466//895 2100//1177 1676//1175
f 1466//895 1169//863 1669//1176
f 1669//1176 1241//1072 1572//1103
f 1676//1175 2100//1177 1572//1103
f 1467//813 2101//1179 1677//1178
f 1191//778 1691//1209 2101//1179
f 2101//1179 1691//1209 1263//988
f 1677//1178 2101//1179 1573//1023
f 1470//808 2102//1182 1672//1180
f 1470//808 1189//794 1689//1181
f 1689//1181 1261//1004 1576//1019
f 1672//1180 2102//1182 1576//1019
f 1180//817 1471//775 2103//1183
f 1471//775 1207//773 1707//1185
f 1707//1185 1279//987 1577//986
f 2103//1183 1577//986 1252//1030
f 1472//782 2104//1187 1681//1186
f 1192//815 1692//1211 2104//1187
f 2104//1187 1692//1211 1264//993
f 1681//1186 2104//1187 1578//992
f 1473//756 2105//1189 1682//1188
f 1173//761 1673//1171 2105//1189
f 2105//1189 1673//1171 1245//1051
f 1682//1188 2105//1189 1579//967
f 1475//788 2106//1191 1683//1190
f 1204//844 1704//1233 2106//1191
f 2106//1191 1704//1233 1276//1001
f 1683//1190 2106//1191 1581//1000
f 1184//791 1476//838 2107//1192
f 1476//838 1201//828 1701//1194
f 1701//1194 1273//1037 1582//1047
f 2107//1192 1582//1047 1256//1048
f 1185//798 1478//822 2108//1195
f 1478//822 1195//801 1695//1197
f 1695//1197 1267//1012 1584//1031
f 2108//1195 1584//1031 1257//1005
f 1479//795 2109//1199 1686//1198
f 1190//810 1690//1207 2109//1199
f 2109//1199 1690//1207 1262//1009
f 1686//1198 2109//1199 1585//1008
f 1187//852 1481//804 2110//1200
f 1481//804 1196//802 1696//1202
f 1696//1202 1268//1017 1587//1016
f 2110//1200 1587//1016 1259//1063
f 1188//806 1482//851 2111//1203
f 1482//851 1208//772 1708//1205
f 1708//1205 1280//982 1588//1060
f 2111//1203 1588//1060 1260//1013
f 1189//794 1484//793 2112//1206
f 1484//793 1185//798 1685//1196
f 1685//1196 1257//1005 1590//1002
f 2112//1206 1590//1002 1261//1004
f 1485//809 2113//1208 1690//1207
f 1178//753 1678//1169 2113//1208
f 2113//1208 1678//1169 1250//959
f 1690//1207 2113//1208 1591//1020
f 1487//780 2114//1210 1691//1209
f 1182//754 1682//1188 2114//1210
f 2114//1210 1682//1188 1254//964
f 1691//1209 2114//1210 1593//991
f 1488//814 2115//1212 1692//1211
f 1176//896 1676//1175 2115//1212
f 2115//1212 1676//1175 1248//963
f 1692//1211 2115//1212 1594//1024
f 1194//846 1491//819 2116//1213
f 1491//819 1180//817 1680//1184
f 1680//1184 1252//1030 1597//1029
f 2116//1213 1597//1029 1266//1059
f 1179//777 1492//816 2117//1215
f 1492//816 1193//821 1693//1217
f 1693//1217 1265//1026 1598//1025
f 2117//1215 1598//1025 1251//983
f 1195//801 1493//800 2118//1218
f 1493//800 1188//806 1688//1204
f 1688//1204 1260//1013 1599//1010
f 2118//1218 1599//1010 1267//1012
f 1196//802 1494//825 2119//1219
f 1494//825 1186//823 1686//1198
f 1686//1198 1258//1034 1600//1033
f 2119//1219 1600//1033 1268//1017
f 1197//835 1496//831 2120//1220
f 1496//831 1202//829 1702//1222
f 1702//1222 1274//1042 1602//1041
f 2120//1220 1602//1041 1269//1046
f 1198//833 1497//834 2121//1223
f 1497//834 1200//764 1700//1225
f 1700//1225 1272//974 1603//1043
f 2121//1223 1603//1043 1270//1038
f 1199//765 1499//837 2122//1226
f 1499//837 1197//835 1697//1221
f 1697//1221 1269//1046 1605//1045
f 2122//1226 1605//1045 1271//979
f 1200//764 1500//763 2123//1227
f 1500//763 1175//769 1675//1228
f 1675//1228 1247//975 1606//972
f 2123//1227 1606//972 1272//974
f 1201//828 1502//827 2124//1229
f 1502//827 1198//833 1698//1224
f 1698//1224 1270//1038 1608//1035
f 2124//1229 1608//1035 1273//1037
f 1503//839 2125//1230 1702//1222
f 1183//789 1683//1190 2125//1230
f 2125//1230 1683//1190 1255//999
f 1702//1222 2125//1230 1609//1050
f 1505//786 2126//1232 1703//1231
f 1184//791 1684//1193 2126//1232
f 2126//1232 1684//1193 1256//1048
f 1703//1231 2126//1232 1611//997
f 1506//843 2127//1234 1704//1233
f 1174//759 1674//1173 2127//1234
f 2127//1234 1674//1173 1246//969
f 1704//1233 2127//1234 1612//1054
f 1205//850 1508//849 2128//1235
f 1206//1237 1706//1241 2128//1235
f 2128//1235 1706//1241 1278//1238
f 2128//1235 1614//1056 1277//1239
f 1206//1237 1509//848 2129//1240
f 1509//848 1194//846 1694//1214
f 1694//1214 1266//1059 1615//1058
f 2129//1240 1615//1058 1278//1238
f 1193//821 1510//845 2130//1242
f 1205//850 1705//1236 2130//1242
f 2130//1242 1705//1236 1277//1239
f 2130//1242 1616//1055 1265//1026
f 1207//773 1511//854 2131//1243
f 1511//854 1187//852 1687//1201
f 1687//1201 1259//1063 1617//1062
f 2131//1243 1617//1062 1279//987
f 1208//772 1512//771 2132//1244
f 1512//771 1179//777 1679//1216
f 1679//1216 1251//983 1618//980
f 2132//1244 1618//980 1280//982
f 1210//860 1514//859 2133//1245
f 1209//1247 1709//1250 2133//1245
f 2133//1245 1709//1250 1281//1248
f 2133//1245 1620//1067 1282//1065
f 1209//1247 1515//858 2134//1249
f 1515//858 1171//856 1671//1165
f 1671//1165 1243//1069 1621//1068
f 2134//1249 1621//1068 1281//1248
f 1175//769 1516//855 2135//1251
f 1210//860 1710//1246 2135//1251
f 2135//1251 1710//1246 1282//1065
f 2135//1251 1622//1064 1247//975
f 1212//869 1518//864 2136//1252
f 1170//893 1670//1167 2136//1252
f 2136//1252 1670//1167 1242//1077
f 2136//1252 1624//1076 1284//1083
f 1169//863 1519//862 2137//1254
f 1519//862 1211//867 1711//1255
f 1711//1255 1283//1073 1625//1070
f 2137//1254 1625//1070 1241//1072
f 1214//875 1521//871 2138//1256
f 1521//871 1212//869 1712//1253
f 1712//1253 1284//1083 1627//1082
f 2138//1256 1627//1082 1286//1089
f 1211//867 1522//868 2139//1258
f 1522//868 1213//873 1713//1259
f 1713//1259 1285//1079 1628//1078
f 2139//1258 1628//1078 1283//1073
f 1524//1260 2140//1262 1716//1261
f 1524//1260 1214//875 1714//1257
f 1714//1257 1286//1089 1630//1088
f 1716//1261 2140//1262 1630//1088
f 1525//874 2141//1263 1713//1259
f 1215//879 1715//1266 2141//1263
f 2141//1263 1715//1266 1287//1090
f 1713//1259 2141//1263 1631//1084
f 1527//882 2142//1265 1718//1264
f 1216//877 1716//1261 2142//1265
f 2142//1265 1716//1261 1288//1087
f 1718//1264 2142//1265 1633//1095
f 1528//881 2143//1267 1715//1266
f 1217//885 1717//1270 2143//1267
f 2143//1267 1717//1270 1289//1096
f 1715//1266 2143//1267 1634//1092
f 1530//888 2144//1269 1720//1268
f 1218//883 1718//1264 2144//1269
f 2144//1269 1718//1264 1290//1094
f 1720//1268 2144//1269 1636//1101
f 1531//887 2145//1272 1717//1270
f 1531//887 1219//891 1719//1271
f 1719//1271 1291//1106 1637//1098
f 1717//1270 2145//1272 1637//1098
f 1533//900 2146//1274 1721//1273
f 1222//910 1722//1278 2146//1274
f 2146//1274 1722//1278 1294//1118
f 1721//1273 2146//1274 1639//1107
f 1224//909 1536//908 2147//1275
f 1223//907 1723//1280 2147//1275
f 2147//1275 1723//1280 1295//1115
f 2147//1275 1642//1114 1296//1277
f 1537//912 2148//1279 1722//1278
f 1225//916 1725//1282 2148//1279
f 2148//1279 1725//1282 1297//1124
f 1722//1278 2148//1279 1643//1120
f 1538//906 2149//1281 1723//1280
f 1227//920 1727//1286 2149//1281
f 2149//1281 1727//1286 1299//1117
f 1723//1280 2149//1281 1644//1116
f 1539//918 2150//1283 1725//1282
f 1228//902 1728//1288 2150//1283
f 2150//1283 1728//1288 1300//1110
f 1725//1282 2150//1283 1645//1126
f 1540//913 2151//1285 1726//1284
f 1220//889 1720//1268 2151//1285
f 2151//1285 1720//1268 1292//1100
f 1726//1284 2151//1285 1646//1123
f 1542//919 2152//1287 1727//1286
f 1226//914 1726//1284 2152//1287
f 2152//1287 1726//1284 1298//1122
f 1727//1286 2152//1287 1648//1127
f 1543//904 2153//1289 1728//1288
f 1543//904 1224//909 1724//1276
f 1724//1276 1296//1277 1649//1113
f 1728//1288 2153//1289 1649//1113
f 1219//891 1546//953 2154//1290
f 1546//953 1239//931 1739//1291
f 1739//1291 1311//1138 1652//1160
f 2154//1290 1652//1160 1291//1106
f 1230//942 1547//926 2155//1292
f 1547//926 1233//924 1733//1294
f 1733//1294 1305//1135 1653//1134
f 2155//1292 1653//1134 1302//1153
f 1231//936 1548//937 2156//1295
f 1548//937 1234//923 1734//1297
f 1734//1297 1306//1130 1654//1144
f 2156//1295 1654//1144 1303//1139
f 1232//938 1549//934 2157//1298
f 1549//934 1240//932 1740//1300
f 1740//1300 1312//1143 1655//1142
f 2157//1298 1655//1142 1304//1147
f 1233//924 1551//940 2158//1301
f 1551//940 1232//938 1732//1299
f 1732//1299 1304//1147 1657//1146
f 2158//1301 1657//1146 1305//1135
f 1234//923 1552//922 2159//1302
f 1552//922 1229//928 1729//1303
f 1729//1303 1301//1131 1658//1128
f 2159//1302 1658//1128 1306//1130
f 1555//944 2160//1305 1736//1304
f 1555//944 1230//942 1730//1293
f 1730//1293 1302//1153 1661//1152
f 1736//1304 2160//1305 1661//1152
f 1229//928 1556//941 2161//1306
f 1556//941 1235//946 1735//1307
f 1735//1307 1307//1149 1662//1148
f 2161//1306 1662//1148 1301//1131
f 1237//952 1557//951 2162//1308
f 1238//950 1738//1312 2162//1308
f 2162//1308 1738//1312 1310//1157
f 2162//1308 1663//1310 1309//1155
f 1558//1311 2163//1313 1738//1312
f 1236//948 1736//1304 2163//1313
f 2163//1313 1736//1304 1308//1159
f 1738//1312 2163//1313 1664//1158
f 1235//946 1559//947 2164//1314
f 1559//947 1237//952 1737//1309
f 1737//1309 1309//1155 1665//1154
f 2164//1314 1665//1154 1307//1149
f 1239//931 1560//930 2165//1315
f 1560//930 1231//936 1731//1296
f 1731//1296 1303//1139 1666//1136
f 2165//1315 1666//1136 1311//1138
f 1240//932 1561//955 2166//1316
f 1561//955 1221//901 1721//1273
f 1721//1273 1293//1163 1667//1162
f 2166//1316 1667//1162 1312//1143
f 1744//1317 2167//1321 1816//1318
f 1322//1320 1745//1322 2167//1321
f 1745//1322 1321//1382 1752//1323
f 1816//1318 2167//1321 1752//1323
f 1326//1325 1757//1328 2168//1326
f 1757//1328 1317//1412 1749//1329
f 2168//1326 1749//1329 1318//1330
f 1758//1327 2168//1326 1747//1331
f 1784//1333 2169//1337 1785//1334
f 1319//1336 1748//1338 2169//1337
f 1748//1338 1315//1430 1741//1339
f 2169//1337 1741//1339 1343//1340
f 1796//1341 2170//1345 1797//1342
f 1323//1344 1753//1346 2170//1345
f 1753//1346 1324//1391 1755//1347
f 2170//1345 1755//1347 1351//1348
f 1335//1349 1771//1352 2171//1350
f 1771//1352 1326//1325 1758//1327
f 2171//1350 1758//1327 1325//1332
f 1773//1351 2171//1350 1756//1353
f 1347//1355 1789//1358 2172//1356
f 1789//1358 1328//1409 1761//1359
f 2172//1356 1761//1359 1327//1360
f 1791//1357 2172//1356 1759//1361
f 1768//1363 2173//1367 1770//1364
f 1329//1366 1764//1368 2173//1367
f 1764//1368 1330//1395 1763//1369
f 1770//1364 2173//1367 1763//1369
f 1777//1371 2174//1375 1779//1372
f 1332//1374 1767//1376 2174//1375
f 1767//1376 1331//1424 1765//1377
f 2174//1375 1765//1377 1340//1378
f 1316//1319 1754//1380 2175//1379
f 1333//1365 1770//1364 2175//1379
f 2175//1379 1770//1364 1334//1370
f 1744//1317 2175//1379 1769//1381
f 1321//1382 1751//1384 2176//1383
f 1751//1384 1335//1349 1773//1351
f 2176//1383 1773//1351 1336//1354
f 1752//1323 2176//1383 1772//1385
f 1776//1386 2177//1388 1753//1346
f 1337//1387 1774//1389 2177//1388
f 1774//1389 1338//1420 1775//1390
f 2177//1388 1775//1390 1324//1391
f 1762//1392 2178//1393 1764//1368
f 1339//1373 1779//1372 2178//1393
f 1779//1372 1340//1378 1778//1394
f 2178//1393 1778//1394 1330//1395
f 1786//1396 2179//1400 1788//1397
f 1342//1399 1782//1401 2179//1400
f 1782//1401 1341//1407 1780//1402
f 2179//1400 1780//1402 1346//1403
f 1781//1404 2180//1405 1782//1401
f 1344//1335 1785//1334 2180//1405
f 1785//1334 1343//1340 1783//1406
f 2180//1405 1783//1406 1341//1407
f 1760//1408 2181//1410 1761//1359
f 1345//1398 1788//1397 2181//1410
f 1788//1397 1346//1403 1787//1411
f 1761//1359 2181//1410 1787//1411
f 1317//1412 1746//1414 2182//1413
f 1746//1414 1347//1355 1791//1357
f 2182//1413 1791//1357 1348//1362
f 1749//1329 2182//1413 1790//1415
f 1794//1416 2183//1418 1774//1389
f 1794//1416 1349//1805 1792//1417
f 1792//1417 1350//1810 1793//1419
f 2183//1418 1793//1419 1338//1420
f 1766//1421 2184//1422 1767//1376
f 1352//1343 1797//1342 2184//1422
f 1797//1342 1351//1348 1795//1423
f 2184//1422 1795//1423 1331//1424
f 1800//1425 2185//1427 1748//1338
f 1354//1426 1798//1428 2185//1427
f 1798//1428 1353//1819 1799//1429
f 2185//1427 1799//1429 1315//1430
f 1803//1431 2186//1435 1743//1432
f 1355//1434 1801//1436 2186//1435
f 1801//1436 1356//1444 1802//1437
f 1743//1432 2186//1435 1802//1437
f 1806//1439 2187//1441 1801//1436
f 1357//1440 1804//1442 2187//1441
f 1804//1442 1358//1450 1805//1443
f 2187//1441 1805//1443 1356//1444
f 1809//1445 2188//1447 1804//1442
f 1809//1445 1359//1451 1807//1446
f 2188//1447 1807//1446 1360//1448
f 2188//1447 1808//1449 1358//1450
f 1359//1451 1812//1453 2189//1452
f 1812//1453 1361//1457 1810//1454
f 2189//1452 1810//1454 1362//1455
f 1807//1446 2189//1452 1811//1456
f 1361//1457 1815//1459 2190//1458
f 1815//1459 1363//1467 1813//1460
f 2190//1458 1813//1460 1364//1461
f 1810//1454 2190//1458 1814//1462
f 1816//1318 2191//1465 1742//1463
f 1816//1318 1320//1324 1750//1464
f 1750//1464 1313//1433 1743//1432
f 2191//1465 1743//1432 1314//1438
f 1818//1466 2192//1469 1813//1460
f 1818//1466 1365//1524 1817//1468
f 1817//1468 1366//1479 1819//1470
f 1813//1460 2192//1469 1819//1470
f 1372//1471 1827//1474 2193//1472
f 1827//1474 1368//1846 1820//1475
f 2193//1472 1820//1475 1367//1476
f 1828//1473 2193//1472 1822//1477
f 1366//1479 1821//1481 2194//1480
f 1821//1481 1369//1485 1825//1482
f 2194//1480 1825//1482 1370//1483
f 1819//1470 2194//1480 1824//1484
f 1369//1485 1823//1487 2195//1486
f 1823//1487 1372//1471 1828//1473
f 2195//1486 1828//1473 1371//1478
f 1825//1482 2195//1486 1826//1488
f 1836//1489 2196//1493 1837//1490
f 1373//1492 1829//1494 2196//1493
f 1829//1494 1374//1514 1831//1495
f 2196//1493 1831//1495 1377//1496
f 1844//1497 2197//1501 1846//1498
f 1375//1500 1834//1502 2197//1501
f 1834//1502 1376//1508 1833//1503
f 2197//1501 1833//1503 1384//1504
f 1832//1505 2198//1506 1834//1502
f 1378//1491 1837//1490 2198//1506
f 1837//1490 1377//1496 1835//1507
f 2198//1506 1835//1507 1376//1508
f 1840//1509 2199//1511 1829//1494
f 1379//1510 1838//1512 2199//1511
f 1838//1512 1380//1520 1839//1513
f 2199//1511 1839//1513 1374//1514
f 1843//1515 2200//1517 1838//1512
f 1381//1516 1841//1879 2200//1517
f 2200//1517 1841//1879 1382//1518
f 2200//1517 1842//1519 1380//1520
f 1830//1521 2201//1522 1818//1466
f 1383//1499 1846//1498 2201//1522
f 1846//1498 1384//1504 1845//1523
f 2201//1522 1845//1523 1365//1524
f 1922//1525 2202//1529 1850//1526
f 1922//1525 1392//1674 1858//1528
f 1858//1528 1393//1589 1851//1530
f 2202//1529 1851//1530 1394//1531
f 1398//1532 1864//1535 2203//1533
f 1864//1535 1397//1561 1853//1536
f 2203//1533 1853//1536 1390//1537
f 1863//1534 2203//1533 1855//1538
f 1891//1540 2204//1544 1890//1541
f 1415//1543 1847//1545 2204//1544
f 1847//1545 1387//1634 1854//1546
f 2204//1544 1854//1546 1391//1547
f 1903//1548 2205//1552 1902//1549
f 1423//1551 1861//1553 2205//1552
f 1861//1553 1396//1595 1859//1554
f 2205//1552 1859//1554 1395//1555
f 1407//1556 1879//1559 2206//1557
f 1879//1559 1408//1593 1862//1560
f 2206//1557 1862//1560 1397//1561
f 1877//1558 2206//1557 1864//1535
f 1419//1562 1897//1565 2207//1563
f 1897//1565 1420//1622 1865//1566
f 2207//1563 1865//1566 1399//1567
f 1895//1564 2207//1563 1867//1568
f 1876//1570 2208//1574 1874//1571
f 1876//1570 1406//1588 1869//1573
f 1869//1573 1402//1601 1870//1575
f 2208//1574 1870//1575 1401//1576
f 1885//1577 2209//1581 1883//1578
f 1412//1580 1871//1582 2209//1581
f 1871//1582 1403//1630 1873//1583
f 2209//1581 1873//1583 1404//1584
f 1388//1527 1850//1526 2210//1585
f 1850//1526 1394//1531 1875//1587
f 2210//1585 1875//1587 1406//1588
f 2210//1585 1876//1570 1405//1572
f 1393//1589 1858//1528 2211//1590
f 1858//1528 1392//1674 1878//1592
f 2211//1590 1878//1592 1408//1593
f 1857//1591 2211//1590 1879//1559
f 1859//1554 2212//1596 1882//1594
f 1396//1595 1881//1597 2212//1596
f 1881//1597 1410//1624 1880//1598
f 2212//1596 1880//1598 1409//1599
f 1870//1575 2213//1602 1868//1600
f 1402//1601 1884//1603 2213//1602
f 1884//1603 1412//1580 1885//1577
f 2213//1602 1885//1577 1411//1579
f 1894//1604 2214//1608 1892//1605
f 1418//1607 1886//1609 2214//1608
f 1886//1609 1413//1613 1888//1610
f 2214//1608 1888//1610 1414//1611
f 1888//1610 2215//1614 1887//1612
f 1413//1613 1889//1615 2215//1614
f 1889//1615 1415//1543 1891//1540
f 2215//1614 1891//1540 1416//1542
f 1867//1568 2216//1618 1866//1616
f 1867//1568 1399//1567 1893//1617
f 1893//1617 1418//1607 1894//1604
f 2216//1618 1894//1604 1417//1606
f 1389//1539 1855//1538 2217//1619
f 1855//1538 1390//1537 1896//1621
f 2217//1619 1896//1621 1420//1622
f 1852//1620 2217//1619 1897//1565
f 1880//1598 2218//1625 1900//1623
f 1410//1624 1899//1626 2218//1625
f 1899//1626 1422//1808 1898//1627
f 1900//1623 2218//1625 1898//1627
f 1873//1583 2219//1631 1872//1629
f 1403//1630 1901//1632 2219//1631
f 1901//1632 1423//1551 1903//1548
f 2219//1631 1903//1548 1424//1550
f 1854//1546 2220//1635 1906//1633
f 1387//1634 1905//1636 2220//1635
f 1905//1636 1425//1817 1904//1637
f 2220//1635 1904//1637 1426//1638
f 1849//1639 2221//1643 1909//1640
f 1849//1639 1386//1671 1908//1642
f 1908//1642 1428//1647 1907//1644
f 2221//1643 1907//1644 1427//1645
f 1907//1644 2222//1648 1912//1646
f 1428//1647 1911//1649 2222//1648
f 1911//1649 1430//1653 1910//1650
f 2222//1648 1910//1650 1429//1651
f 1910//1650 2223//1654 1915//1652
f 1430//1653 1914//1831 2223//1654
f 2223//1654 1914//1831 1432//1655
f 1915//1652 2223//1654 1913//1656
f 1431//1657 1913//1656 2224//1658
f 1913//1656 1432//1655 1917//1660
f 2224//1658 1917//1660 1434//1661
f 1918//1659 2224//1658 1916//1662
f 1433//1663 1916//1662 2225//1664
f 1916//1662 1434//1661 1920//1666
f 2225//1664 1920//1666 1436//1667
f 1921//1665 2225//1664 1919//1668
f 1848//1670 2226//1672 1922//1525
f 1386//1671 1849//1639 2226//1672
f 1849//1639 1385//1641 1856//1673
f 1922//1525 2226//1672 1856//1673
f 1919//1668 2227//1677 1924//1675
f 1919//1668 1436//1667 1925//1676
f 1925//1676 1438//1688 1923//1678
f 1924//1675 2227//1677 1923//1678
f 1444//1680 1934//1683 2228//1681
f 1934//1683 1443//1698 1928//1684
f 2228//1681 1928//1684 1439//1685
f 1933//1682 2228//1681 1926//1686
f 1438//1688 1925//1676 2229//1689
f 1925//1676 1436//1667 1930//1691
f 2229//1689 1930//1691 1442//1692
f 1927//1690 2229//1689 1931//1693
f 1441//1694 1931//1693 2230//1695
f 1931//1693 1442//1692 1932//1697
f 2230//1695 1932//1697 1443//1698
f 1929//1696 2230//1695 1934//1683
f 1943//1699 2231//1703 1942//1700
f 1449//1702 1937//1704 2231//1703
f 1937//1704 1446//1720 1935//1705
f 2231//1703 1935//1705 1445//1706
f 1952//1707 2232//1711 1950//1708
f 1456//1710 1939//1712 2232//1711
f 1939//1712 1448//1716 1940//1713
f 2232//1711 1940//1713 1447//1714
f 1940//1713 2233//1717 1938//1715
f 1448//1716 1941//1718 2233//1717
f 1941//1718 1449//1702 1943//1699
f 2233//1717 1943//1699 1450//1701
f 1935//1705 2234//1721 1946//1719
f 1446//1720 1945//1722 2234//1721
f 1945//1722 1452//1726 1944//1723
f 2234//1721 1944//1723 1451//1724
f 1944//1723 2235//1727 1949//1725
f 1452//1726 1948//1882 2235//1727
f 2235//1727 1948//1882 1454//1728
f 2235//1727 1947//1729 1453//1730
f 1924//1675 2236//1732 1936//1731
f 1437//1679 1951//1733 2236//1732
f 1951//1733 1456//1710 1952//1707
f 2236//1732 1952//1707 1455//1709
f 1315//1430 1955//1735 2237//1734
f 1387//1634 1847//1545 2237//1734
f 1847//1545 1415//1543 1983//1736
f 1741//1339 2237//1734 1983//1736
f 1954//1737 2238//1738 1742//1463
f 1954//1737 1386//1671 1848//1670
f 2238//1738 1848//1670 1388//1527
f 2238//1738 1956//1739 1316//1319
f 1962//1740 2239//1741 1745//1322
f 1962//1740 1394//1531 1851//1530
f 2239//1741 1851//1530 1393//1589
f 2239//1741 1961//1742 1321//1382
f 1957//1743 2240//1744 1746//1414
f 1957//1743 1389//1539 1852//1620
f 2240//1744 1852//1620 1419//1562
f 2240//1744 1987//1745 1347//1355
f 1958//1746 2241//1747 1747//1331
f 1958//1746 1390//1537 1853//1536
f 2241//1747 1853//1536 1397//1561
f 2241//1747 1965//1748 1325//1332
f 1960//1749 2242//1750 1750//1464
f 1960//1749 1392//1674 1856//1673
f 1856//1673 1385//1641 1953//1751
f 1750//1464 2242//1750 1953//1751
f 1961//1742 2243//1752 1751//1384
f 1961//1742 1393//1589 1857//1591
f 2243//1752 1857//1591 1407//1556
f 2243//1752 1975//1753 1335//1349
f 1956//1739 2244//1754 1754//1380
f 1956//1739 1388//1527 1860//1586
f 1860//1586 1405//1572 1973//1755
f 1754//1380 2244//1754 1973//1755
f 1324//1391 1964//1757 2245//1756
f 1396//1595 1861//1553 2245//1756
f 1861//1553 1423//1551 1991//1758
f 1755//1347 2245//1756 1991//1758
f 1965//1748 2246//1759 1756//1353
f 1965//1748 1397//1561 1862//1560
f 2246//1759 1862//1560 1408//1593
f 2246//1759 1976//1760 1336//1354
f 1966//1761 2247//1762 1757//1328
f 1966//1761 1398//1532 1863//1534
f 2247//1762 1863//1534 1389//1539
f 2247//1762 1957//1743 1317//1412
f 1967//1763 2248//1764 1759//1361
f 1967//1763 1399//1567 1865//1566
f 2248//1764 1865//1566 1420//1622
f 2248//1764 1988//1765 1348//1362
f 1328//1409 1968//1767 2249//1766
f 1400//1569 1866//1616 2249//1766
f 1866//1616 1417//1606 1985//1768
f 1760//1408 2249//1766 1985//1768
f 1329//1366 1969//1770 2250//1769
f 1401//1576 1868//1600 2250//1769
f 1868//1600 1411//1579 1979//1771
f 1762//1392 2250//1769 1979//1771
f 1970//1772 2251//1773 1763//1369
f 1970//1772 1402//1601 1869//1573
f 2251//1773 1869//1573 1406//1588
f 2251//1773 1974//1774 1334//1370
f 1331//1424 1971//1776 2252//1775
f 1403//1630 1871//1582 2252//1775
f 1871//1582 1412//1580 1980//1777
f 1765//1377 2252//1775 1980//1777
f 1332//1374 1972//1779 2253//1778
f 1404//1584 1872//1629 2253//1778
f 1872//1629 1424//1550 1992//1780
f 1766//1421 2253//1778 1992//1780
f 1333//1365 1973//1755 2254//1781
f 1405//1572 1874//1571 2254//1781
f 1874//1571 1401//1576 1969//1770
f 1768//1363 2254//1781 1969//1770
f 1974//1774 2255//1782 1769//1381
f 1974//1774 1406//1588 1875//1587
f 2255//1782 1875//1587 1394//1531
f 2255//1782 1962//1740 1322//1320
f 1975//1753 2256//1783 1771//1352
f 1975//1753 1407//1556 1877//1558
f 2256//1783 1877//1558 1398//1532
f 2256//1783 1966//1761 1326//1325
f 1976//1760 2257//1784 1772//1385
f 1976//1760 1408//1593 1878//1592
f 2257//1784 1878//1592 1392//1674
f 2257//1784 1960//1749 1320//1324
f 1338//1420 1978//1786 2258//1785
f 1410//1624 1881//1597 2258//1785
f 1881//1597 1396//1595 1964//1757
f 1775//1390 2258//1785 1964//1757
f 1323//1344 1963//1788 2259//1787
f 1395//1555 1882//1594 2259//1787
f 1882//1594 1409//1599 1977//1789
f 1776//1386 2259//1787 1977//1789
f 1339//1373 1979//1771 2260//1790
f 1411//1579 1883//1578 2260//1790
f 1883//1578 1404//1584 1972//1779
f 1777//1371 2260//1790 1972//1779
f 1340//1378 1980//1777 2261//1791
f 1412//1580 1884//1603 2261//1791
f 1884//1603 1402//1601 1970//1772
f 1778//1394 2261//1791 1970//1772
f 1341//1407 1981//1793 2262//1792
f 1413//1613 1886//1609 2262//1792
f 1886//1609 1418//1607 1986//1794
f 1780//1402 2262//1792 1986//1794
f 1342//1399 1982//1796 2263//1795
f 1414//1611 1887//1612 2263//1795
f 1887//1612 1416//1542 1984//1797
f 1781//1404 2263//1795 1984//1797
f 1343//1340 1983//1736 2264//1798
f 1415//1543 1889//1615 2264//1798
f 1889//1615 1413//1613 1981//1793
f 1783//1406 2264//1798 1981//1793
f 1344//1335 1984//1797 2265//1799
f 1416//1542 1890//1541 2265//1799
f 1890//1541 1391//1547 1959//1800
f 1784//1333 2265//1799 1959//1800
f 1345//1398 1985//1768 2266//1801
f 1417//1606 1892//1605 2266//1801
f 1892//1605 1414//1611 1982//1796
f 1786//1396 2266//1801 1982//1796
f 1986//1794 2267//1802 1787//1411
f 1986//1794 1418//1607 1893//1617
f 2267//1802 1893//1617 1399//1567
f 2267//1802 1967//1763 1327//1360
f 1987//1745 2268//1803 1789//1358
f 1987//1745 1419//1562 1895//1564
f 2268//1803 1895//1564 1400//1569
f 2268//1803 1968//1767 1328//1409
f 1988//1765 2269//1804 1790//1415
f 1988//1765 1420//1622 1896//1621
f 2269//1804 1896//1621 1390//1537
f 2269//1804 1958//1746 1318//1330
f 1349//1805 1989//1807 2270//1806
f 1421//1628 1898//1627 2270//1806
f 2270//1806 1898//1627 1422//1808
f 2270//1806 1990//1809 1350//1810
f 1350//1810 1990//1809 2271//1811
f 1422//1808 1899//1626 2271//1811
f 1899//1626 1410//1624 1978//1786
f 1793//1419 2271//1811 1978//1786
f 1337//1387 1977//1789 2272//1812
f 1409//1599 1900//1623 2272//1812
f 2272//1812 1900//1623 1421//1628
f 2272//1812 1989//1807 1349//1805
f 1351//1348 1991//1758 2273//1813
f 1423//1551 1901//1632 2273//1813
f 1901//1632 1403//1630 1971//1776
f 1795//1423 2273//1813 1971//1776
f 1352//1343 1992//1780 2274//1814
f 1424//1550 1902//1549 2274//1814
f 1902//1549 1395//1555 1963//1788
f 1796//1341 2274//1814 1963//1788
f 1354//1426 1994//1816 2275//1815
f 1426//1638 1904//1637 2275//1815
f 2275//1815 1904//1637 1425//1817
f 2275//1815 1993//1818 1353//1819
f 1353//1819 1993//1818 2276//1820
f 1425//1817 1905//1636 2276//1820
f 1905//1636 1387//1634 1955//1735
f 1799//1429 2276//1820 1955//1735
f 1319//1336 1959//1800 2277//1821
f 1391//1547 1906//1633 2277//1821
f 2277//1821 1906//1633 1426//1638
f 2277//1821 1994//1816 1354//1426
f 1356//1444 1996//1823 2278//1822
f 1428//1647 1908//1642 2278//1822
f 2278//1822 1908//1642 1386//1671
f 2278//1822 1954//1737 1314//1438
f 1313//1433 1953//1751 2279//1824
f 1385//1641 1909//1640 2279//1824
f 1909//1640 1427//1645 1995//1825
f 1803//1431 2279//1824 1995//1825
f 1358//1450 1998//1827 2280//1826
f 1430//1653 1911//1649 2280//1826
f 1911//1649 1428//1647 1996//1823
f 1805//1443 2280//1826 1996//1823
f 1355//1434 1995//1825 2281//1828
f 1427//1645 1912//1646 2281//1828
f 1912//1646 1429//1651 1997//1829
f 1806//1439 2281//1828 1997//1829
f 2000//1830 2282//1832 1808//1449
f 2000//1830 1432//1655 1914//1831
f 1914//1831 1430//1653 1998//1827
f 1808//1449 2282//1832 1998//1827
f 1997//1829 2283//1833 1809//1445
f 1997//1829 1429//1651 1915//1652
f 2283//1833 1915//1652 1431//1657
f 2283//1833 1999//1834 1359//1451
f 2002//1835 2284//1836 1811//1456
f 2002//1835 1434//1661 1917//1660
f 2284//1836 1917//1660 1432//1655
f 2284//1836 2000//1830 1360//1448
f 1999//1834 2285//1837 1812//1453
f 1999//1834 1431//1657 1918//1659
f 2285//1837 1918//1659 1433//1663
f 2285//1837 2001//1838 1361//1457
f 2004//1839 2286//1840 1814//1462
f 2004//1839 1436//1667 1920//1666
f 2286//1840 1920//1666 1434//1661
f 2286//1840 2002//1835 1362//1455
f 2001//1838 2287//1841 1815//1459
f 2001//1838 1433//1663 1921//1665
f 1921//1665 1435//1669 2003//1842
f 1815//1459 2287//1841 2003//1842
f 2005//1843 2288//1844 1817//1468
f 2005//1843 1437//1679 1923//1678
f 2288//1844 1923//1678 1438//1688
f 2288//1844 2006//1845 1366//1479
f 1368//1846 2008//1848 2289//1847
f 1440//1687 1926//1686 2289//1847
f 2289//1847 1926//1686 1439//1685
f 2289//1847 2007//1849 1367//1476
f 2006//1845 2290//1850 1821//1481
f 2006//1845 1438//1688 1927//1690
f 2290//1850 1927//1690 1441//1694
f 2290//1850 2009//1851 1369//1485
f 2007//1849 2291//1852 1822//1477
f 2007//1849 1439//1685 1928//1684
f 2291//1852 1928//1684 1443//1698
f 2291//1852 2011//1853 1371//1478
f 2009//1851 2292//1854 1823//1487
f 2009//1851 1441//1694 1929//1696
f 2292//1854 1929//1696 1444//1680
f 2292//1854 2012//1855 1372//1471
f 2010//1856 2293//1857 1824//1484
f 2010//1856 1442//1692 1930//1691
f 2293//1857 1930//1691 1436//1667
f 2293//1857 2004//1839 1364//1461
f 2011//1853 2294//1858 1826//1488
f 2011//1853 1443//1698 1932//1697
f 2294//1858 1932//1697 1442//1692
f 2294//1858 2010//1856 1370//1483
f 2012//1855 2295//1859 1827//1474
f 2012//1855 1444//1680 1933//1682
f 1933//1682 1440//1687 2008//1848
f 1827//1474 2295//1859 2008//1848
f 1363//1467 2003//1842 2296//1860
f 1435//1669 1936//1731 2296//1860
f 1936//1731 1455//1709 2023//1861
f 1830//1521 2296//1860 2023//1861
f 1374//1514 2014//1863 2297//1862
f 1446//1720 1937//1704 2297//1862
f 1937//1704 1449//1702 2017//1864
f 1831//1495 2297//1862 2017//1864
f 1375//1500 2015//1866 2298//1865
f 1447//1714 1938//1715 2298//1865
f 1938//1715 1450//1701 2018//1867
f 1832//1505 2298//1865 2018//1867
f 1376//1508 2016//1869 2299//1868
f 1448//1716 1939//1712 2299//1868
f 1939//1712 1456//1710 2024//1870
f 1833//1503 2299//1868 2024//1870
f 1377//1496 2017//1864 2300//1871
f 1449//1702 1941//1718 2300//1871
f 1941//1718 1448//1716 2016//1869
f 1835//1507 2300//1871 2016//1869
f 1378//1491 2018//1867 2301//1872
f 1450//1701 1942//1700 2301//1872
f 1942//1700 1445//1706 2013//1873
f 1836//1489 2301//1872 2013//1873
f 2020//1874 2302//1875 1839//1513
f 2020//1874 1452//1726 1945//1722
f 1945//1722 1446//1720 2014//1863
f 1839//1513 2302//1875 2014//1863
f 1373//1492 2013//1873 2303//1876
f 1445//1706 1946//1719 2303//1876
f 1946//1719 1451//1724 2019//1877
f 1840//1509 2303//1876 2019//1877
f 1381//1516 2021//1880 2304//1878
f 1453//1730 1947//1729 2304//1878
f 2304//1878 1947//1729 1454//1728
f 2304//1878 2022//1881 1382//1518
f 2022//1881 2305//1883 1842//1519
f 2022//1881 1454//1728 1948//1882
f 2305//1883 1948//1882 1452//1726
f 2305//1883 2020//1874 1380//1520
f 1379//1510 2019//1877 2306//1884
f 1451//1724 1949//1725 2306//1884
f 1949//1725 1453//1730 2021//1880
f 1843//1515 2306//1884 2021//1880
f 1383//1499 2023//1861 2307//1885
f 1455//1709 1950//1708 2307//1885
f 1950//1708 1447//1714 2015//1866
f 1844//1497 2307//1885 2015//1866
f 1384//1504 2024//1870 2308//1886
f 1456//1710 1951//1733 2308//1886
f 1951//1733 1437//1679 2005//1843
f 1845//1523 2308//1886 2005//1843
o back
v -30.349781 -26.781689 -1.321730
v -30.349781 29.474857 -24.050852
v 30.324387 -26.781689 -1.321730
v 30.324387 29.474857 -24.050852
vt 0.000000 0.000000
vt 0.000000 0.000000
vt 0.000000 0.000000
vt 0.000000 0.000000
vn 0.0000 -0.3746 -0.9272
s 1
f 2312/1209/1887 2309/1210/1887 2310/1211/1887
f 2312/1209/1887 2311/1212/1887 2309/1210/1887
