# Blender v2.92.0 OBJ File: 'model.blend'
# www.blender.org
o front
v 7.849136 2.517309 2.977349
v 10.411766 2.501289 2.367924
v 13.977339 1.960877 0.758106
v 16.279461 2.091642 0.784538
v 14.103420 -2.032476 0.758415
v 16.381800 -1.891657 0.784537
v 14.518650 -9.699409 0.792990
v 16.720900 -9.440475 0.784536
v 14.596468 -17.854504 0.783510
v 16.736212 -17.641354 0.784535
v 15.034407 -26.238289 0.742114
v 17.057663 -26.110176 0.784534
v 15.412960 -31.040356 0.572140
v 17.042444 -30.814663 0.742270
v 7.610176 -31.498234 0.942807
v 11.038357 -31.144779 0.755107
v 7.465077 -26.451397 2.463487
v 10.906919 -26.330536 1.753782
v 10.633856 -18.434589 2.042202
v 7.426815 -18.566711 2.761909
v 10.931293 -10.561378 2.147352
v 7.553233 -10.745514 3.011634
v 10.873373 -1.706454 1.957442
v 7.860000 -2.047955 2.929431
v 4.173426 1.894345 3.105564
v 4.070159 -31.455757 1.184785
v 4.064193 -26.523869 2.855512
v 4.108104 -18.694553 3.306180
v 4.136437 -10.882252 3.564139
v 4.233527 -2.241656 3.180985
v 14.318357 -5.877284 0.765711
v 16.560364 -5.678498 0.784537
v 7.760017 -6.412322 2.958956
v 10.921658 -6.329710 1.995432
v 4.198570 -6.595647 3.348128
v 14.561207 -13.741570 0.792605
v 16.729300 -13.494855 0.784536
v 7.473207 -14.705913 2.888956
v 10.798615 -14.531535 2.106023
v 4.116630 -14.832089 3.621456
v 14.780197 -22.031239 0.773292
v 16.889328 -21.863922 0.784535
v 7.406567 -22.417522 2.725476
v 10.598223 -22.338802 1.981670
v 4.099597 -22.547913 3.199681
v 16.935253 2.115346 0.440182
v 17.030085 -1.866748 0.440181
v 17.345743 -9.416771 0.440180
v 17.335579 -17.617867 0.440179
v 17.630964 -26.087254 0.440178
v 17.382105 -30.865700 0.458319
v 17.196886 -5.654220 0.440181
v 17.341549 -13.471259 0.440180
v 17.475580 -21.840992 0.440179
v 14.699299 1.989739 0.733034
v 14.833912 -1.998746 0.733034
v 15.273792 -9.542380 0.733032
v 15.398623 -17.742344 0.733031
v 15.832142 -26.208603 0.733030
v 16.174223 -30.893894 0.719746
v 15.063032 -5.782872 0.733033
v 15.336336 -13.596297 0.733032
v 15.608114 -21.962502 0.733031
v 7.555895 2.135851 2.796516
v 10.691349 2.040257 2.031128
v 8.256466 5.998861 2.730444
v 9.981487 5.993548 2.323871
v 13.775700 5.921452 0.709777
v 4.177991 5.837426 2.964631
v 7.174560 5.969249 2.715055
v 11.086058 5.976916 1.759127
v 16.001148 5.980803 0.592936
v 14.739887 5.931140 0.517507
v 15.160254 -29.891537 0.660723
v 17.131765 -29.758297 0.784534
v 7.488429 -30.483944 1.450948
v 11.011292 -30.062130 1.093161
v 3.957632 -30.339622 1.763833
v 17.694696 -29.733204 0.440178
v 15.950819 -29.865627 0.733030
v 7.004803 5.003487 2.896374
v 10.765591 4.922671 2.006537
v 13.945892 4.896682 0.793703
v 16.185663 4.980189 0.823238
v 4.143149 4.835064 3.113320
v 16.837141 4.984789 0.473182
v 14.654593 4.908662 0.769515
v 7.796278 5.032387 3.015754
v 10.438869 5.022434 2.392406
v 7.869823 6.192319 3.018126
v 10.282625 6.161463 2.465537
v 13.910521 6.031923 0.863451
v 16.069162 6.082091 0.903078
v 4.113238 6.051424 3.125965
v 16.673521 6.066078 0.622643
v 14.638441 6.036766 0.832285
v 7.012140 6.164555 2.915168
v 11.157249 6.129219 1.928748
v 8.365268 5.204601 2.650943
v 9.936277 5.204601 2.277756
v 13.694389 5.147692 0.686547
v 4.269888 5.040143 2.906066
v 7.265086 5.174395 2.651175
v 11.057936 5.192519 1.718098
v 15.891161 5.208625 0.535769
v 14.692062 5.158702 0.461729
v 8.498977 1.304991 1.982781
v 9.965143 1.304991 1.634500
v 13.472445 1.251879 0.752020
v 4.575235 1.151508 2.823414
v 7.472219 1.276800 2.585534
v 11.011944 1.293715 1.714729
v 15.515678 1.308746 0.609638
v 14.402283 1.262156 0.544776
v 8.532404 -10.390705 2.494554
v 9.972359 -10.390705 2.163660
v 13.416960 -10.442865 0.752780
v 4.651572 -10.541444 2.720764
v 7.524001 -10.418392 2.494759
v 11.000446 -10.401779 1.667427
v 15.421808 -10.387017 0.623750
v 14.329840 -10.432775 0.557804
v 8.532405 -18.684074 2.122765
v 9.972359 -18.684074 1.847676
v 13.416962 -18.736237 0.674738
v 4.651572 -18.834812 2.310825
v 7.524002 -18.711761 2.122936
v 11.000446 -18.695148 1.435131
v 15.421808 -18.680386 0.601977
v 14.329840 -18.726143 0.519138
v 1.227526 1.796256 3.001846
v -5.394084 2.517309 2.977349
v -7.956714 2.501290 2.367924
v -11.522289 1.960877 0.758106
v -13.824409 2.091642 0.784538
v -11.648367 -2.032477 0.758415
v -13.926748 -1.891657 0.784537
v -12.063599 -9.699408 0.792990
v -14.265846 -9.440476 0.784536
v -12.141415 -17.854504 0.783509
v -14.281160 -17.641354 0.784535
v -12.579353 -26.238293 0.742114
v -14.602610 -26.110172 0.784534
v -12.957907 -31.040352 0.572140
v -14.587393 -30.814667 0.742270
v 1.227526 -31.539879 1.108669
v -5.155124 -31.498234 0.942807
v -8.583303 -31.144779 0.755107
v -5.010024 -26.451397 2.463487
v -8.451866 -26.330532 1.753782
v 1.227526 -26.587173 2.828072
v -8.178804 -18.434589 2.042202
v -4.971762 -18.566711 2.761909
v 1.227526 -18.766212 3.555637
v -8.476240 -10.561378 2.147352
v -5.098180 -10.745514 3.011634
v 1.227526 -10.957230 3.835164
v -8.425091 -1.845812 1.954701
v -5.404948 -2.047955 2.929431
v 1.227526 -2.334249 3.127053
v -1.718374 1.894345 3.105564
v -1.615107 -31.455757 1.184785
v -1.609140 -26.523869 2.855512
v -1.653051 -18.694553 3.306180
v -1.681385 -10.882252 3.564139
v -1.778475 -2.241655 3.180984
v -11.863304 -5.877284 0.765711
v -14.105312 -5.678497 0.784537
v -5.304965 -6.412322 2.958956
v 1.227526 -6.683580 3.647756
v -8.466604 -6.329709 1.995432
v -1.743518 -6.595647 3.348128
v -12.106155 -13.741569 0.792605
v -14.274248 -13.494855 0.784536
v -5.018155 -14.705913 2.888956
v 1.227526 -14.903750 3.743315
v -8.343561 -14.531533 2.106023
v -1.661578 -14.832089 3.621456
v -12.325144 -22.031239 0.773292
v -14.434277 -21.863922 0.784535
v -4.951514 -22.417519 2.725476
v 1.227526 -22.619572 3.427838
v -8.143169 -22.338802 1.981670
v -1.644545 -22.547913 3.199681
v -14.480200 2.115346 0.440182
v -14.575031 -1.866747 0.440181
v -14.890692 -9.416771 0.440180
v -14.880527 -17.617867 0.440179
v -15.175913 -26.087254 0.440178
v -14.927053 -30.865696 0.458319
v -14.741835 -5.654220 0.440181
v -14.886496 -13.471259 0.440180
v -15.020529 -21.840996 0.440179
v -12.244247 1.989739 0.733034
v -12.378859 -1.998746 0.733033
v -12.818739 -9.542378 0.733032
v -12.943569 -17.742344 0.733031
v -13.377089 -26.208603 0.733030
v -13.719168 -30.893894 0.719746
v -12.607981 -5.782873 0.733033
v -12.881285 -13.596297 0.733032
v -13.153063 -21.962505 0.733031
v -5.100843 2.135851 2.796517
v -8.229528 2.179615 2.033869
v 1.227526 5.767709 2.878357
v -5.801414 5.998861 2.730444
v -7.526434 5.993548 2.323871
v -11.320646 5.921452 0.709777
v -1.722939 5.837426 2.964631
v -4.719508 5.969249 2.715055
v -8.631006 5.976916 1.759127
v -13.546095 5.980803 0.592936
v -12.284834 5.931140 0.517507
v -12.705202 -29.891537 0.660723
v -14.676712 -29.758297 0.784534
v -5.033376 -30.483944 1.450948
v 1.227526 -30.379551 1.672494
v -8.556238 -30.062130 1.093161
v -1.502580 -30.339622 1.763833
v -15.239643 -29.733204 0.440178
v -13.495766 -29.865627 0.733030
v 1.227526 4.755610 3.018978
v -4.549750 5.003487 2.896374
v -8.310539 4.922671 2.006537
v -11.490839 4.896682 0.793703
v -13.730612 4.980189 0.823238
v -1.688097 4.835064 3.113320
v -14.382090 4.984789 0.473182
v -12.199539 4.908662 0.769515
v -5.341225 5.032387 3.015754
v -7.983818 5.022434 2.392406
v 1.227526 5.989464 3.022328
v -5.414771 6.192319 3.018126
v -7.827572 6.161463 2.465537
v -11.455469 6.031923 0.863451
v -13.614111 6.082091 0.903078
v -1.658186 6.051424 3.125965
v -14.218470 6.066079 0.622643
v -12.183388 6.036766 0.832285
v -4.557088 6.164555 2.915168
v -8.702198 6.129219 1.928748
v 1.227526 4.969660 2.825484
v -5.910215 5.204601 2.650943
v -7.481225 5.204601 2.277756
v -11.239336 5.147692 0.686547
v -1.814836 5.040142 2.906066
v -4.810033 5.174395 2.651175
v -8.602884 5.192519 1.718098
v -13.436108 5.208625 0.535769
v -12.237009 5.158702 0.461729
v 1.227526 1.085729 2.748210
v -6.043925 1.304991 1.982781
v -7.510090 1.304991 1.634500
v -11.017393 1.251879 0.752020
v -2.120183 1.151507 2.823414
v -5.017166 1.276800 2.585534
v -8.556890 1.293715 1.714729
v -13.060625 1.308746 0.609638
v -11.947231 1.262156 0.544776
v 1.227526 -10.606046 2.649314
v -6.077352 -10.390704 2.494554
v -7.517307 -10.390704 2.163660
v -10.961906 -10.442866 0.752780
v -2.196520 -10.541444 2.720764
v -5.068949 -10.418391 2.494759
v -8.545393 -10.401779 1.667427
v -12.966755 -10.387016 0.623750
v -11.874786 -10.432775 0.557804
v 1.227526 -18.899418 2.251426
v -6.077353 -18.684074 2.122765
v -7.517307 -18.684074 1.847676
v -10.961908 -18.736237 0.674738
v -2.196520 -18.834812 2.310825
v -5.068949 -18.711761 2.122936
v -8.545393 -18.695148 1.435131
v -12.966755 -18.680386 0.601977
v -11.874788 -18.726143 0.519138
v 16.752094 2.115346 0.239931
v 16.645601 5.911712 0.239931
v 16.846924 -1.866747 0.239930
v 17.162580 -9.416772 0.239930
v 17.152422 -17.617867 0.239930
v 17.447803 -26.087257 0.239929
v 17.221334 -30.949005 0.239929
v 17.013727 -5.654220 0.239930
v 17.158388 -13.471263 0.239930
v 17.292423 -21.840992 0.239930
v 15.169575 -31.434738 0.239929
v 7.620716 -31.024227 0.239929
v 10.989267 -31.111248 0.239929
v 4.619793 -31.169151 0.239929
v 17.511538 -29.733200 0.239929
v 16.688540 4.929309 0.239931
v 16.613138 5.405641 0.239931
v 15.961880 1.317636 0.239931
v 15.860960 -10.378284 0.239930
v 15.860960 -18.671658 0.239930
v -14.297041 2.115346 0.239931
v -14.190548 5.911712 0.239931
v -14.391870 -1.866747 0.239930
v -14.707529 -9.416772 0.239930
v -14.697369 -17.617867 0.239930
v -14.992752 -26.087257 0.239929
v -14.766281 -30.949005 0.239929
v -14.558674 -5.654220 0.239930
v -14.703335 -13.471263 0.239930
v -14.837372 -21.840992 0.239930
v -12.714523 -31.434738 0.239929
v 1.227526 -31.325584 0.239929
v -5.165663 -31.024227 0.239929
v -8.534214 -31.111248 0.239929
v -2.164741 -31.169151 0.239929
v -15.056486 -29.733200 0.239929
v -14.233486 4.929309 0.239931
v -14.158087 5.405641 0.239931
v -13.506826 1.317636 0.239931
v -13.405909 -10.378285 0.239930
v -13.405909 -18.671658 0.239930
v 1.227526 3.494100 3.003988
v 5.861582 2.025285 3.007159
v 9.177668 1.689577 2.453469
v 12.503046 1.994314 1.308102
v 15.184275 -30.713455 0.634516
v 5.823475 -31.498802 1.089053
v 9.253067 -31.336521 0.839473
v 7.548358 -31.343246 1.155646
v 1.227526 -31.268955 1.356036
v 5.744801 -26.489819 2.711952
v 9.102310 -26.394058 2.158399
v 8.952605 -18.540142 2.466826
v 5.770207 -18.622272 3.047740
v 5.824211 -10.803880 3.310835
v 9.205439 -10.716512 2.652996
v 9.391489 -2.053579 2.519724
v 6.061025 -2.129736 3.132229
v 12.601994 -2.070088 1.299009
v 13.086441 -26.276657 1.219104
v 13.212221 -31.065701 0.653057
v 12.714420 -18.159050 1.395799
v 12.857294 -10.151917 1.441150
v 2.645178 1.818754 3.057929
v 2.567234 -31.496578 1.154115
v 2.581944 -26.565269 2.858646
v 2.612132 -18.747021 3.487700
v 2.625371 -10.937620 3.756827
v 2.648214 -2.312438 3.153437
v 3.962663 -31.214733 1.445472
v 5.981706 -6.492015 3.184106
v 12.732548 -6.119400 1.329476
v 9.334320 -6.394164 2.558349
v 2.638444 -6.662351 3.543489
v 5.781867 -14.760016 3.291512
v 12.800243 -14.155656 1.434678
v 2.617994 -14.884555 3.739202
v 9.078584 -14.676558 2.543350
v 5.761827 -22.475311 2.981949
v 12.777328 -22.193401 1.353521
v 8.904844 -22.393806 2.420656
v 2.606284 -22.600376 3.362563
v 16.757759 2.112383 0.631422
v 17.257807 -30.845268 0.629649
v 17.463783 -26.090118 0.631419
v 17.306780 -21.843861 0.631419
v 17.165142 -17.620800 0.631420
v 17.172119 -9.419734 0.631421
v 17.021803 -5.657255 0.631421
v 17.169497 -13.474212 0.631420
v 16.853529 -1.869863 0.631422
v 16.707039 5.851455 0.239931
v 16.795368 0.161455 0.239931
v 16.922709 -3.797198 0.239930
v 17.174833 -11.416648 0.239930
v 17.208738 -19.722256 0.239930
v 17.490286 -28.139847 0.239929
v 17.102501 -7.508127 0.239930
v 17.141720 -15.537391 0.239930
v 17.378029 -23.962624 0.239930
v 14.414726 1.971700 0.667440
v 14.553905 -2.017924 0.667459
v 15.008179 -9.568730 0.669701
v 15.147335 -17.765636 0.669085
v 15.598917 -26.225876 0.666399
v 16.034630 -30.951645 0.651828
v 14.790129 -5.805554 0.667932
v 15.078014 -13.621812 0.669675
v 15.364103 -21.982597 0.668422
v 16.007853 -30.670868 0.731007
v 6.146660 -31.080299 0.239929
v 9.168148 -31.016125 0.239929
v 13.158119 -31.320179 0.239929
v 2.963776 -31.273251 0.239929
v 16.511299 -31.269520 0.239929
v 9.130451 2.467190 2.677143
v 7.747537 2.458536 2.868987
v 10.509008 2.366697 2.207030
v 2.642012 5.786463 2.932793
v 9.118948 5.996360 2.562407
v 12.418596 5.948053 1.214964
v 5.841227 5.908284 2.844586
v 7.814200 5.995446 2.720128
v 10.426756 5.990259 2.099670
v 14.407480 5.917542 0.514878
v 16.397774 5.981680 0.478268
v 17.125879 -30.566635 0.777077
v 11.030449 -30.893379 0.902704
v 17.663507 -30.550148 0.442445
v 17.483147 -30.560562 0.239929
v 17.528811 -29.736343 0.631418
v 5.688550 -30.442894 1.646140
v 13.205303 -29.932137 0.859997
v 2.503986 -30.345535 1.727029
v 9.179091 -30.305840 1.276611
v 15.725119 -29.882931 0.661120
v 7.069118 3.805114 2.869942
v 10.769590 3.707345 1.985310
v 13.957117 3.652649 0.762602
v 16.232588 3.763372 0.789376
v 4.156084 3.584956 3.097632
v 16.884615 3.782416 0.444307
v 16.705774 3.775481 0.239931
v 14.672424 3.675029 0.737594
v 7.808094 3.850333 2.994117
v 10.449589 3.842392 2.366904
v 10.589180 4.972849 2.210581
v 7.575241 5.033377 2.922620
v 14.378754 4.896247 0.703532
v 16.654932 4.992884 0.669940
v 2.637045 4.775584 3.074383
v 12.481483 4.907020 1.338907
v 9.117560 5.028757 2.713089
v 5.739093 4.925088 3.009652
v 4.096034 6.039075 3.176097
v 2.614786 6.006460 3.081028
v 1.227526 5.978429 3.069049
v 10.359388 6.140182 2.506223
v 9.071524 6.177356 2.758296
v 7.819765 6.176447 3.078754
v 13.902376 6.001089 0.926837
v 12.487303 6.080961 1.387017
v 11.182625 6.104785 1.977806
v 14.612270 6.001884 0.911935
v 14.363970 6.024547 0.768922
v 6.965032 6.149163 2.974222
v 5.724532 6.112250 3.026340
v 16.741194 6.019184 0.619816
v 16.506990 6.084873 0.768456
v 16.091997 6.046828 0.979631
v 7.593483 6.188460 2.942632
v 10.554085 6.152576 2.257939
v 1.227526 5.492546 3.052022
v 4.120089 5.562069 3.151718
v 7.770538 5.727251 3.063985
v 10.413445 5.706347 2.449646
v 6.977659 5.698321 2.941843
v 10.808786 5.658997 2.046812
v 13.926140 5.585303 0.863156
v 14.631338 5.589137 0.841399
v 16.144133 5.646656 0.899688
v 16.804800 5.625326 0.538508
v 2.697148 4.988539 2.877968
v 9.150772 5.204601 2.502319
v 12.370544 5.168791 1.181603
v 5.939849 5.112303 2.783024
v 7.905603 5.200826 2.651556
v 10.398626 5.203091 2.055336
v 14.353151 5.144995 0.472860
v 16.275560 5.232981 0.424837
v 9.931259 5.707819 2.291687
v 11.070076 5.694986 1.723858
v 14.752375 5.659252 0.453130
v 15.975311 5.709767 0.529064
v 13.742020 5.648416 0.678900
v 1.227526 5.471045 2.846583
v 4.201148 5.542315 2.928884
v 16.617197 5.732163 0.239931
v 8.331858 5.708403 2.671274
v 7.214933 5.677943 2.671467
v 2.891392 1.103348 2.797192
v 9.232059 1.304991 1.844076
v 12.236952 1.271571 1.214038
v 6.222715 1.218852 2.708584
v 8.069990 1.301468 2.585890
v 10.396635 1.303582 2.029460
v 14.087149 1.249363 0.552794
v 15.854021 1.316918 0.467923
v 11.034941 4.159595 1.716413
v 13.583418 4.116264 0.719284
v 14.547174 4.126907 0.503252
v 15.703419 4.175164 0.572703
v 4.422562 4.012304 2.864740
v 7.368653 4.142076 2.618355
v 1.227526 3.944173 2.786848
v 8.432122 4.171275 2.618131
v 9.950710 4.171275 2.257397
v 16.184383 4.199996 0.239931
v 2.939953 -10.588742 2.695850
v 9.252382 -10.390704 2.362774
v 12.203554 -10.423527 1.191733
v 6.293432 -10.475303 2.611666
v 8.111087 -10.394165 2.495097
v 10.396137 -10.392089 1.966447
v 14.020647 -10.445339 0.563648
v 15.754564 -10.378990 0.476464
v 2.939953 -18.882114 2.290113
v 9.252382 -18.684074 2.013209
v 12.203556 -18.716896 1.039662
v 6.293432 -18.768673 2.220127
v 8.111087 -18.687534 2.123216
v 10.396137 -18.685459 1.683722
v 14.020649 -18.738705 0.518003
v 15.754566 -18.672359 0.465313
v 16.722662 5.466050 0.239931
v -3.406529 2.025285 3.007159
v -6.722615 1.689577 2.453468
v -10.047997 1.994314 1.308102
v -13.027645 2.042556 0.801196
v -13.145531 -1.943243 0.801196
v -13.533178 -9.489561 0.801195
v -13.601244 -17.690002 0.801194
v -13.976681 -26.157631 0.801192
v -14.145929 -30.884914 0.749571
v -12.729223 -30.713455 0.634516
v -3.368423 -31.498802 1.089052
v -6.798015 -31.336521 0.839473
v -5.093305 -31.343250 1.155646
v -3.289749 -26.489819 2.711952
v -6.647257 -26.394058 2.158400
v -6.497553 -18.540142 2.466826
v -3.315154 -18.622272 3.047740
v -3.369159 -10.803880 3.310834
v -6.750386 -10.716512 2.652996
v -6.936437 -2.053578 2.519724
v -3.605971 -2.129736 3.132229
v -10.146942 -2.070088 1.299009
v -10.631390 -26.276657 1.219104
v -10.757168 -31.065704 0.653057
v -10.259369 -18.159046 1.395799
v -10.402241 -10.151917 1.441151
v -0.190126 1.818754 3.057929
v -0.112182 -31.496578 1.154115
v -0.126891 -26.565269 2.858645
v -0.157080 -18.747021 3.487700
v -0.170318 -10.937619 3.756826
v -0.193162 -2.312438 3.153437
v -1.507611 -31.214733 1.445472
v -3.526653 -6.492015 3.184107
v -10.277496 -6.119400 1.329476
v -6.879267 -6.394164 2.558349
v -0.183392 -6.662351 3.543489
v -13.348448 -5.728775 0.801195
v -3.326815 -14.760016 3.291512
v -10.345190 -14.155654 1.434678
v -0.162942 -14.884555 3.739202
v -6.623531 -14.676558 2.543350
v -13.567659 -13.543719 0.801194
v -3.306775 -22.475315 2.981949
v -10.322275 -22.193401 1.353521
v -6.449793 -22.393806 2.420656
v -0.151232 -22.600376 3.362563
v -13.781517 -21.911407 0.801193
v -14.302710 2.112383 0.631422
v -14.802757 -30.845268 0.629649
v -15.008732 -26.090118 0.631419
v -14.851730 -21.843857 0.631419
v -14.710091 -17.620800 0.631420
v -14.717066 -9.419734 0.631421
v -14.566750 -5.657254 0.631421
v -14.714447 -13.474212 0.631420
v -14.398478 -1.869862 0.631422
v -14.251984 5.851455 0.239931
v -14.340317 0.161455 0.239931
v -14.467657 -3.797198 0.239930
v -14.719780 -11.416648 0.239930
v -14.753685 -19.722256 0.239930
v -15.035234 -28.139847 0.239929
v -14.647449 -7.508127 0.239930
v -14.686670 -15.537391 0.239930
v -14.922977 -23.962624 0.239930
v -11.959675 1.971700 0.667440
v -12.098854 -2.017924 0.667459
v -12.553125 -9.568729 0.669701
v -12.692284 -17.765640 0.669085
v -13.143864 -26.225872 0.666399
v -13.579576 -30.951649 0.651828
v -12.335075 -5.805553 0.667932
v -12.622963 -13.621810 0.669675
v -12.909050 -21.982597 0.668422
v -13.552799 -30.670868 0.731007
v -3.691607 -31.080299 0.239929
v -6.713095 -31.016125 0.239929
v -10.703066 -31.320179 0.239929
v -0.508724 -31.273251 0.239929
v -14.204565 -31.023617 0.499014
v -14.056248 -31.269520 0.239929
v -6.675398 2.467190 2.677144
v -5.292485 2.458536 2.868987
v -8.053955 2.366697 2.207030
v -0.186960 5.786462 2.932793
v -6.663894 5.996360 2.562407
v -9.963543 5.948053 1.214964
v -3.386174 5.908284 2.844586
v -5.359148 5.995446 2.720128
v -7.971704 5.990259 2.099670
v -12.916689 5.958097 0.583300
v -11.952427 5.917542 0.514878
v -13.942720 5.981680 0.478268
v -14.670828 -30.566639 0.777077
v -8.575397 -30.893379 0.902704
v -15.208456 -30.550144 0.442445
v -15.028095 -30.560562 0.239929
v -14.072256 -29.810215 0.801192
v -15.073759 -29.736343 0.631418
v -3.233498 -30.442890 1.646140
v -10.750252 -29.932137 0.859997
v -0.048934 -30.345531 1.727029
v -6.724038 -30.305836 1.276611
v -13.270065 -29.882931 0.661120
v -4.614065 3.805114 2.869942
v -8.314537 3.707345 1.985310
v -11.502064 3.652649 0.762602
v -13.777534 3.763372 0.789376
v -1.701031 3.584956 3.097632
v -14.429564 3.782416 0.444307
v -14.250721 3.775481 0.239931
v -12.217371 3.675029 0.737594
v -5.353041 3.850333 2.994117
v -7.994537 3.842392 2.366904
v -8.134127 4.972849 2.210581
v -5.120189 5.033377 2.922620
v -11.923700 4.896247 0.703532
v -14.199881 4.992884 0.669940
v -0.181993 4.775584 3.074383
v -12.957462 4.945875 0.838784
v -10.026432 4.907020 1.338907
v -6.662508 5.028756 2.713089
v -3.284041 4.925088 3.009652
v -1.640982 6.039075 3.176097
v -0.159733 6.006460 3.081028
v -7.904335 6.140182 2.506223
v -6.616470 6.177355 2.758296
v -5.364713 6.176447 3.078754
v -11.447325 6.001089 0.926837
v -10.032251 6.080961 1.387017
v -8.727571 6.104785 1.977806
v -12.157219 6.001884 0.911935
v -11.908918 6.024547 0.768922
v -4.509980 6.149163 2.974222
v -3.269480 6.112250 3.026340
v -14.286140 6.019184 0.619816
v -14.051939 6.084873 0.768456
v -13.636946 6.046828 0.979631
v -12.893173 6.061577 0.907503
v -5.138431 6.188460 2.942632
v -8.099031 6.152576 2.257938
v -1.665036 5.562069 3.151718
v -5.315485 5.727251 3.063985
v -7.958393 5.706347 2.449646
v -4.522606 5.698321 2.941843
v -8.353733 5.658997 2.046812
v -11.471088 5.585303 0.863156
v -12.176285 5.589137 0.841399
v -13.689081 5.646656 0.899688
v -14.349751 5.625326 0.538508
v -0.242096 4.988539 2.877968
v -6.695721 5.204601 2.502319
v -9.915493 5.168791 1.181603
v -3.484797 5.112303 2.783024
v -5.450552 5.200826 2.651556
v -7.943574 5.203091 2.055336
v -12.839193 5.185721 0.525312
v -11.898100 5.144995 0.472860
v -13.820507 5.232981 0.424837
v -7.476207 5.707819 2.291687
v -8.615023 5.694987 1.723858
v -12.297321 5.659252 0.453130
v -13.520258 5.709767 0.529064
v -11.286966 5.648416 0.678900
v -1.746096 5.542315 2.928884
v -14.162146 5.732163 0.239931
v -5.876805 5.708403 2.671273
v -4.759881 5.677943 2.671467
v -0.436340 1.103348 2.797192
v -6.777008 1.304991 1.844077
v -9.781900 1.271571 1.214038
v -3.767663 1.218853 2.708584
v -5.614938 1.301468 2.585890
v -7.941583 1.303582 2.029460
v -12.505617 1.287372 0.609531
v -11.632095 1.249363 0.552794
v -13.398968 1.316918 0.467923
v -8.579887 4.159595 1.716413
v -11.128365 4.116264 0.719284
v -12.092121 4.126907 0.503252
v -13.248367 4.175164 0.572703
v -1.967509 4.012304 2.864740
v -4.913600 4.142076 2.618354
v -5.977070 4.171275 2.618130
v -7.495658 4.171275 2.257396
v -13.729330 4.199996 0.239931
v -0.484901 -10.588742 2.695850
v -6.797330 -10.390704 2.362773
v -9.748503 -10.423527 1.191733
v -3.838380 -10.475303 2.611667
v -5.656034 -10.394166 2.495097
v -7.941085 -10.392089 1.966446
v -12.422224 -10.408009 0.624314
v -11.565594 -10.445337 0.563648
v -13.299513 -10.378991 0.476464
v -0.484901 -18.882114 2.290113
v -6.797330 -18.684074 2.013209
v -9.748503 -18.716896 1.039662
v -3.838379 -18.768673 2.220127
v -5.656034 -18.687534 2.123216
v -7.941084 -18.685459 1.683722
v -12.422226 -18.701378 0.592954
v -11.565596 -18.738705 0.518003
v -13.299513 -18.672359 0.465313
v -14.267607 5.466050 0.239931
v 9.128839 3.849086 2.689523
v 12.490002 3.651934 1.310609
v 15.779446 -30.694942 0.658580
v 9.224079 -31.150497 1.021926
v 2.498636 -31.229862 1.409435
v 13.218052 -30.757931 0.754428
v 5.725930 -31.311031 1.332299
v 9.091953 5.717426 2.765816
v 16.706936 3.781119 0.636237
v 17.503616 -30.549889 0.630543
v 14.391468 3.659526 0.671954
v 10.597141 3.753724 2.185185
v 9.135107 2.257343 2.540929
v 14.358688 5.578824 0.774448
v 2.623755 5.510888 3.109091
v 12.473051 5.618891 1.400206
v 10.577677 5.684293 2.265361
v 5.712152 5.635128 3.051996
v 16.611420 5.652936 0.746118
v 7.601019 3.853693 2.900098
v 2.643137 3.515669 3.058873
v 7.548743 5.724766 2.969783
v 5.769774 3.697875 2.992350
v 2.608015 5.995117 3.128502
v 9.060303 6.159115 2.811618
v 12.497889 6.053467 1.442165
v 14.341175 5.991295 0.841393
v 5.691645 6.098265 3.081072
v 16.549221 6.048691 0.830362
v 7.540083 6.172663 3.003670
v 10.585491 6.130206 2.304093
v 10.401487 5.706044 2.065834
v 14.408785 5.645424 0.463557
v 2.653836 5.490145 2.899966
v 16.362923 5.720770 0.422653
v 9.131554 5.708137 2.520007
v 12.400564 5.670357 1.180123
v 5.874484 5.615215 2.804677
v 7.864384 5.704665 2.672067
v 12.303747 4.136660 1.197821
v 6.081282 4.082057 2.745804
v 2.794270 3.962422 2.837580
v 14.220152 4.113657 0.512827
v 7.987797 4.167625 2.618722
v 9.191416 4.171275 2.474466
v 16.058096 4.187534 0.446380
v 10.397631 4.169815 2.042398
v -6.673788 3.849086 2.689523
v -10.034950 3.651934 1.310609
v -12.990400 3.720834 0.805895
v -13.324394 -30.694939 0.658580
v -6.769027 -31.150494 1.021926
v -0.043583 -31.229866 1.409435
v -10.763000 -30.757931 0.754428
v -3.270878 -31.311031 1.332299
v -6.636901 5.717426 2.765816
v -14.251883 3.781119 0.636237
v -15.048565 -30.549885 0.630543
v -14.096169 -30.620377 0.794721
v -11.936415 3.659526 0.671954
v -14.209398 -30.967411 0.640964
v -8.142088 3.753724 2.185185
v -6.680055 2.257342 2.540929
v -11.903637 5.578824 0.774448
v -0.168702 5.510888 3.109091
v -10.017998 5.618891 1.400206
v -8.122625 5.684293 2.265361
v -3.257100 5.635128 3.051996
v -14.156368 5.652936 0.746118
v -5.145967 3.853693 2.900098
v -12.924709 5.619382 0.912956
v -0.188085 3.515669 3.058873
v -5.093690 5.724766 2.969783
v -3.314723 3.697875 2.992350
v -0.152962 5.995117 3.128502
v -6.605250 6.159115 2.811618
v -10.042837 6.053467 1.442166
v -11.886124 5.991295 0.841393
v -3.236593 6.098265 3.081072
v -14.094168 6.048691 0.830362
v -12.889654 6.026314 0.988038
v -5.085030 6.172663 3.003670
v -8.130440 6.130206 2.304093
v -7.946436 5.706044 2.065834
v -12.911427 5.686602 0.516770
v -11.953730 5.645424 0.463557
v -0.198783 5.490145 2.899966
v -13.907869 5.720770 0.422653
v -6.676502 5.708136 2.520007
v -9.945511 5.670357 1.180123
v -3.419432 5.615215 2.804677
v -5.409331 5.704665 2.672067
v -9.848696 4.136660 1.197821
v -12.672405 4.153025 0.567422
v -3.626230 4.082057 2.745804
v -0.339218 3.962422 2.837580
v -11.765099 4.113657 0.512827
v -5.532745 4.167625 2.618722
v -6.736363 4.171275 2.474466
v -13.603045 4.187534 0.446380
v -7.942577 4.169815 2.042398
vt 0.992051 0.164847
vt 0.999810 0.164824
vt 0.999514 0.218128
vt 0.999370 0.272344
vt 0.991332 0.272136
vt 0.968443 0.981180
vt 0.978010 0.983882
vt 0.976670 0.985743
vt 0.967393 0.982338
vt 0.696208 0.961539
vt 0.696293 0.931959
vt 0.736094 0.931857
vt 0.735615 0.961089
vt 0.699859 0.900041
vt 0.736039 0.896836
vt 0.773619 0.898800
vt 0.775862 0.931756
vt 0.775160 0.961164
vt 0.789836 0.958726
vt 0.790292 0.928129
vt 0.844646 0.926673
vt 0.844344 0.959139
vt 0.785774 0.885676
vt 0.844465 0.884110
vt 0.891391 0.882937
vt 0.891086 0.926357
vt 0.891243 0.958527
vt 0.932625 0.270314
vt 0.970670 0.271945
vt 0.969071 0.380133
vt 0.929097 0.378114
vt 0.912880 0.926748
vt 0.959039 0.928526
vt 0.956483 0.958442
vt 0.912728 0.958218
vt 0.899899 0.681641
vt 0.904423 0.583894
vt 0.919413 0.587125
vt 0.914241 0.683363
vt 0.904710 0.883147
vt 0.908325 0.780614
vt 0.916907 0.781062
vt 0.913420 0.883576
vt 0.904845 0.480692
vt 0.904662 0.375564
vt 0.921392 0.377617
vt 0.920628 0.483634
vt 0.927511 0.587739
vt 0.922588 0.683876
vt 0.907672 0.269033
vt 0.912344 0.162812
vt 0.928898 0.162921
vt 0.925179 0.269943
vt 0.928526 0.484230
vt 0.500692 0.258442
vt 0.500988 0.157451
vt 0.540647 0.158314
vt 0.540972 0.258873
vt 0.935913 0.163253
vt 0.937823 0.074199
vt 0.931294 0.073466
vt 0.935274 0.054413
vt 0.941457 0.056052
vt 0.915487 0.072372
vt 0.918332 0.051763
vt 0.926458 0.043779
vt 0.943425 0.049722
vt 0.946553 0.052131
vt 0.792639 0.064173
vt 0.737258 0.058621
vt 0.738769 0.035867
vt 0.793961 0.041819
vt 0.686816 0.055345
vt 0.688965 0.032460
vt 0.691310 0.025945
vt 0.740109 0.029133
vt 0.794703 0.034197
vt 0.582289 0.059129
vt 0.539226 0.058151
vt 0.539333 0.034059
vt 0.582981 0.035288
vt 0.501362 0.056679
vt 0.501458 0.032480
vt 0.501496 0.023086
vt 0.541412 0.024529
vt 0.586477 0.026215
vt 0.682729 0.262408
vt 0.684060 0.160390
vt 0.732932 0.161019
vt 0.727616 0.262481
vt 0.583940 0.159605
vt 0.584882 0.259951
vt 0.685864 0.457758
vt 0.684331 0.359826
vt 0.730107 0.360115
vt 0.734246 0.458221
vt 0.787377 0.161760
vt 0.779091 0.263169
vt 0.500292 0.453245
vt 0.500472 0.355635
vt 0.541159 0.356093
vt 0.541002 0.453790
vt 0.781295 0.362280
vt 0.786659 0.461542
vt 0.499973 0.661232
vt 0.500132 0.552846
vt 0.541233 0.553402
vt 0.541769 0.661997
vt 0.585413 0.357237
vt 0.584998 0.455082
vt 0.694412 0.668621
vt 0.687893 0.558277
vt 0.737757 0.558853
vt 0.742584 0.668996
vt 0.585996 0.554862
vt 0.588268 0.663946
vt 0.690563 0.888646
vt 0.697616 0.780223
vt 0.744675 0.780042
vt 0.738806 0.875969
vt 0.790866 0.562542
vt 0.792560 0.670531
vt 0.499713 0.879418
vt 0.499824 0.773139
vt 0.542189 0.773665
vt 0.542179 0.879967
vt 0.791820 0.788960
vt 0.846985 0.779519
vt 0.589453 0.775430
vt 0.587994 0.881809
vt 0.894615 0.780314
vt 0.853476 0.162281
vt 0.846016 0.265883
vt 0.858650 0.068758
vt 0.860408 0.047283
vt 0.860980 0.038914
vt 0.845835 0.368534
vt 0.849197 0.470582
vt 0.851567 0.572643
vt 0.849859 0.675698
vt 0.643920 0.778231
vt 0.638799 0.885149
vt 0.636199 0.556859
vt 0.641299 0.666628
vt 0.634870 0.358770
vt 0.634758 0.456685
vt 0.633183 0.160116
vt 0.633949 0.261411
vt 0.633565 0.056751
vt 0.635453 0.033360
vt 0.638839 0.025704
vt 0.770559 0.987643
vt 0.733404 0.989443
vt 0.734604 0.978112
vt 0.773364 0.977858
vt 0.696072 0.978578
vt 0.843347 0.989039
vt 0.799718 0.989671
vt 0.789528 0.977316
vt 0.843324 0.977761
vt 0.983820 0.272168
vt 0.982661 0.380481
vt 0.973746 0.929259
vt 0.970454 0.959635
vt 0.960647 0.885977
vt 0.975614 0.886537
vt 0.983402 0.886683
vt 0.981519 0.929490
vt 0.978266 0.960144
vt 0.968685 0.077501
vt 0.966799 0.061393
vt 0.975706 0.060762
vt 0.979951 0.076810
vt 0.965384 0.056622
vt 0.970397 0.055568
vt 0.974708 0.053235
vt 0.980880 0.059655
vt 0.986966 0.075821
vt 0.990302 0.380486
vt 0.970281 0.589979
vt 0.984370 0.590399
vt 0.981691 0.686453
vt 0.967209 0.686061
vt 0.992013 0.590450
vt 0.989397 0.686522
vt 0.969933 0.486549
vt 0.983777 0.487002
vt 0.991402 0.487036
vt 0.978198 0.783968
vt 0.963351 0.783488
vt 0.985992 0.784069
vt 0.972082 0.164918
vt 0.984671 0.165005
vt 0.974193 0.047245
vt 0.985722 0.054627
vt 1.000000 0.590602
vt 0.998471 0.639276
vt 0.997463 0.686905
vt 0.996000 0.734612
vt 0.994124 0.784411
vt 0.994973 0.074270
vt 0.999470 0.486981
vt 0.999512 0.539661
vt 0.991505 0.887013
vt 0.989641 0.929836
vt 0.999127 0.326469
vt 0.998430 0.380557
vt 0.999195 0.434081
vt 0.986780 0.959767
vt 0.992836 0.836733
vt 0.501591 0.000000
vt 0.553923 0.000444
vt 0.954196 0.973499
vt 0.913146 0.975550
vt 0.904300 0.926392
vt 0.904374 0.958025
vt 0.604034 0.001005
vt 0.650361 0.001773
vt 0.795243 0.020584
vt 0.860946 0.026273
vt 0.694989 0.004609
vt 0.741068 0.011314
vt 0.921666 0.030509
vt 0.956876 0.039392
vt 0.699579 0.990143
vt 0.711743 0.997190
vt 0.698795 0.998996
vt 0.691938 0.991827
vt 0.769034 0.989244
vt 0.762468 0.996282
vt 0.736819 0.996836
vt 0.734059 0.990699
vt 0.679319 1.000000
vt 0.674296 0.992514
vt 0.782725 0.929393
vt 0.781983 0.959958
vt 0.778664 0.894444
vt 0.736992 0.890194
vt 0.696108 0.897115
vt 0.914491 0.986117
vt 0.905856 0.987865
vt 0.904809 0.975834
vt 0.891234 0.976911
vt 0.633789 0.989835
vt 0.586177 0.988366
vt 0.586791 0.976159
vt 0.634349 0.977849
vt 0.499662 0.956125
vt 0.542164 0.956395
vt 0.542011 0.975491
vt 0.499654 0.975509
vt 0.587305 0.957491
vt 0.698090 0.988830
vt 0.541776 0.988138
vt 0.890583 0.988450
vt 0.778762 0.989047
vt 0.780317 0.977615
vt 0.973294 0.975058
vt 0.983168 0.973964
vt 0.635051 0.959537
vt 0.672686 0.961141
vt 0.672522 0.978990
vt 0.963045 0.981093
vt 0.953182 0.982078
vt 0.966173 0.974246
vt 0.672793 0.990977
vt 0.888642 0.996144
vt 0.843821 0.996723
vt 0.843654 0.990670
vt 0.891403 0.990240
vt 0.638216 0.998432
vt 0.634839 0.991244
vt 0.799934 0.997535
vt 0.799617 0.991233
vt 0.996955 0.114680
vt 0.588299 0.996626
vt 0.586690 0.989689
vt 0.777170 0.997187
vt 0.778536 0.990618
vt 0.085578 0.882502
vt 0.082647 0.780098
vt 0.091223 0.779678
vt 0.094281 0.882119
vt 0.966335 0.989088
vt 0.963060 0.982566
vt 0.689426 0.931848
vt 0.689258 0.961578
vt 0.674414 0.930643
vt 0.915405 0.988160
vt 0.919140 0.996288
vt 0.909315 0.997320
vt 0.906952 0.990056
vt 0.690337 0.990172
vt 0.689311 0.978804
vt 0.953192 0.983877
vt 0.954277 0.991802
vt 0.542183 0.923766
vt 0.499679 0.923289
vt 0.587523 0.925330
vt 0.542440 0.996296
vt 0.541935 0.989420
vt 0.635823 0.928054
vt 0.294684 0.612575
vt 0.272243 0.612814
vt 0.272241 0.612038
vt 0.294591 0.611786
vt 0.008925 0.992845
vt 0.008932 0.992919
vt 0.008604 0.992956
vt 0.008598 0.992881
vt 0.499650 0.996489
vt 0.499651 0.989611
vt 0.007121 0.992868
vt 0.007265 0.992873
vt 0.007262 0.992955
vt 0.007112 0.992953
vt 0.007478 0.992875
vt 0.007479 0.992957
vt 0.007478 0.993101
vt 0.007264 0.993100
vt 0.007115 0.993100
vt 0.008925 0.993062
vt 0.008591 0.993095
vt 0.008892 0.993366
vt 0.008557 0.993390
vt 0.008319 0.992875
vt 0.008509 0.992887
vt 0.008510 0.992962
vt 0.008311 0.992956
vt 0.008495 0.993101
vt 0.008298 0.993101
vt 0.004568 0.992887
vt 0.004990 0.992882
vt 0.004992 0.992971
vt 0.004568 0.992975
vt 0.005445 0.992878
vt 0.005449 0.992965
vt 0.005464 0.993113
vt 0.005003 0.993119
vt 0.004569 0.993124
vt 0.009030 0.992827
vt 0.009044 0.992898
vt 0.512411 0.613833
vt 0.517832 0.613426
vt 0.518089 0.616471
vt 0.513165 0.617688
vt 0.009135 0.992876
vt 0.009151 0.992976
vt 0.009041 0.993043
vt 0.006614 0.992870
vt 0.006864 0.992873
vt 0.006871 0.992956
vt 0.006638 0.992956
vt 0.006879 0.993101
vt 0.006648 0.993101
vt 0.007893 0.992873
vt 0.007894 0.992955
vt 0.007888 0.993100
vt 0.005931 0.992880
vt 0.005938 0.992966
vt 0.006313 0.992885
vt 0.006323 0.992967
vt 0.006334 0.993109
vt 0.005951 0.993112
vt 0.006489 0.992879
vt 0.006505 0.992960
vt 0.006517 0.993103
vt 0.007874 0.993399
vt 0.007476 0.993399
vt 0.008269 0.993399
vt 0.008251 0.994225
vt 0.007874 0.994224
vt 0.007499 0.994224
vt 0.008852 0.994206
vt 0.008528 0.994221
vt 0.008770 0.997578
vt 0.008455 0.997586
vt 0.005983 0.993410
vt 0.005501 0.993415
vt 0.006358 0.993403
vt 0.006354 0.994224
vt 0.005999 0.994233
vt 0.005529 0.994243
vt 0.005027 0.993421
vt 0.004569 0.993425
vt 0.005048 0.994251
vt 0.004571 0.994255
vt 0.008462 0.993396
vt 0.008437 0.994225
vt 0.006536 0.993400
vt 0.006664 0.993402
vt 0.006727 0.994230
vt 0.006523 0.994221
vt 0.006893 0.993402
vt 0.007124 0.993403
vt 0.007142 0.994234
vt 0.006933 0.994231
vt 0.009003 0.993357
vt 0.009075 0.993353
vt 0.009032 0.994205
vt 0.008959 0.994203
vt 0.007269 0.993400
vt 0.007304 0.994224
vt 0.006394 0.997555
vt 0.006038 0.997571
vt 0.008736 0.999964
vt 0.008421 0.999972
vt 0.005563 0.997590
vt 0.005070 0.997605
vt 0.008365 0.997588
vt 0.004576 0.997611
vt 0.006683 0.997546
vt 0.006563 0.997548
vt 0.008183 0.997584
vt 0.007111 0.997549
vt 0.006896 0.997548
vt 0.008950 0.997578
vt 0.008875 0.997577
vt 0.007437 0.997559
vt 0.007243 0.997552
vt 0.007811 0.997572
vt 0.008332 0.999975
vt 0.006684 0.999936
vt 0.006563 0.999937
vt 0.008152 0.999971
vt 0.007106 0.999939
vt 0.006894 0.999937
vt 0.006394 0.999944
vt 0.008911 0.999964
vt 0.008839 0.999963
vt 0.007424 0.999948
vt 0.007237 0.999942
vt 0.007788 0.999960
vt 0.006039 0.999960
vt 0.005565 0.999979
vt 0.005072 0.999994
vt 0.000698 0.997595
vt 0.000539 0.997591
vt 0.000457 0.994227
vt 0.000620 0.994234
vt 0.004579 1.000000
vt 0.029818 0.980202
vt 0.020719 0.983218
vt 0.019495 0.981385
vt 0.028848 0.979048
vt 0.007847 0.163351
vt 0.009008 0.271160
vt 0.000957 0.271385
vt 0.000570 0.217056
vt 0.000007 0.163408
vt 0.302901 0.961389
vt 0.263395 0.960886
vt 0.262988 0.931587
vt 0.302870 0.931747
vt 0.223720 0.960886
vt 0.223125 0.931394
vt 0.225604 0.898451
vt 0.263131 0.896495
vt 0.299362 0.899757
vt 0.209000 0.958398
vt 0.154208 0.958615
vt 0.154125 0.926000
vt 0.208663 0.927695
vt 0.106924 0.957698
vt 0.107517 0.925403
vt 0.107594 0.881978
vt 0.154567 0.883377
vt 0.213581 0.888787
vt 0.085245 0.957101
vt 0.063229 0.956833
vt 0.062824 0.926373
vt 0.085703 0.925596
vt 0.041432 0.957134
vt 0.039606 0.927247
vt 0.038434 0.884738
vt 0.062165 0.883640
vt 0.104924 0.779422
vt 0.077304 0.682978
vt 0.072628 0.586871
vt 0.080726 0.586272
vt 0.085647 0.682484
vt 0.095721 0.583067
vt 0.099987 0.680794
vt 0.071836 0.483362
vt 0.071414 0.377204
vt 0.079128 0.376710
vt 0.079736 0.482777
vt 0.095878 0.374665
vt 0.095528 0.479856
vt 0.067836 0.269203
vt 0.064107 0.161455
vt 0.071191 0.161104
vt 0.075310 0.268821
vt 0.087902 0.160979
vt 0.092879 0.267896
vt 0.416460 0.259633
vt 0.417981 0.159201
vt 0.461314 0.158121
vt 0.460402 0.258720
vt 0.061644 0.071077
vt 0.057979 0.051935
vt 0.064567 0.050407
vt 0.068361 0.070330
vt 0.052496 0.047448
vt 0.056164 0.044957
vt 0.074156 0.040086
vt 0.082061 0.048287
vt 0.084564 0.069351
vt 0.209443 0.062287
vt 0.208408 0.039788
vt 0.263890 0.034302
vt 0.265160 0.057140
vt 0.207772 0.032116
vt 0.262622 0.027538
vt 0.311553 0.024723
vt 0.313837 0.031266
vt 0.315769 0.054209
vt 0.420390 0.058655
vt 0.419895 0.034797
vt 0.463568 0.033832
vt 0.463481 0.057931
vt 0.416474 0.025698
vt 0.461566 0.024288
vt 0.213928 0.160368
vt 0.268633 0.159886
vt 0.273481 0.261671
vt 0.221864 0.262213
vt 0.317661 0.159497
vt 0.318468 0.261744
vt 0.219399 0.361527
vt 0.270662 0.359470
vt 0.266241 0.457662
vt 0.213791 0.460883
vt 0.316493 0.359295
vt 0.314651 0.457303
vt 0.415568 0.454867
vt 0.415502 0.356981
vt 0.459778 0.355969
vt 0.459578 0.453686
vt 0.411664 0.663761
vt 0.414256 0.554667
vt 0.459028 0.553308
vt 0.458174 0.661910
vt 0.209326 0.561917
vt 0.262453 0.558332
vt 0.257310 0.668483
vt 0.207331 0.669912
vt 0.312328 0.557860
vt 0.305488 0.668211
vt 0.207475 0.784769
vt 0.254863 0.779537
vt 0.260353 0.875549
vt 0.301935 0.779828
vt 0.308703 0.888355
vt 0.411399 0.881688
vt 0.410173 0.775260
vt 0.457454 0.773586
vt 0.457240 0.879909
vt 0.152541 0.778762
vt 0.147331 0.160612
vt 0.154718 0.264790
vt 0.141336 0.044548
vt 0.142735 0.066312
vt 0.140934 0.036055
vt 0.154767 0.367684
vt 0.151207 0.469823
vt 0.148597 0.571908
vt 0.150023 0.674957
vt 0.355672 0.777953
vt 0.360541 0.884952
vt 0.364038 0.556552
vt 0.358616 0.666330
vt 0.366005 0.358372
vt 0.365785 0.456349
vt 0.368662 0.159472
vt 0.367332 0.260915
vt 0.367404 0.032535
vt 0.369090 0.055963
vt 0.364084 0.024849
vt 0.228276 0.987470
vt 0.225480 0.977644
vt 0.264374 0.977960
vt 0.265560 0.989327
vt 0.155089 0.988732
vt 0.155145 0.977365
vt 0.209252 0.977066
vt 0.198984 0.989458
vt 0.303014 0.978469
vt 0.016540 0.271178
vt 0.017814 0.379567
vt 0.010172 0.379570
vt 0.027619 0.957960
vt 0.024954 0.927811
vt 0.019926 0.958309
vt 0.017235 0.927962
vt 0.015739 0.885327
vt 0.023505 0.885221
vt 0.029418 0.074306
vt 0.017997 0.074019
vt 0.021227 0.057633
vt 0.030191 0.057481
vt 0.010905 0.073284
vt 0.015941 0.056888
vt 0.021369 0.050148
vt 0.026054 0.051844
vt 0.031506 0.052474
vt 0.007993 0.589479
vt 0.015634 0.589439
vt 0.018185 0.685458
vt 0.010485 0.685517
vt 0.029723 0.270932
vt 0.031410 0.379223
vt 0.008879 0.486075
vt 0.016503 0.486053
vt 0.029716 0.589040
vt 0.032656 0.685087
vt 0.021457 0.782849
vt 0.013677 0.782930
vt 0.030346 0.485622
vt 0.036284 0.782410
vt 0.015290 0.163439
vt 0.002881 0.072012
vt 0.010743 0.052339
vt 0.027995 0.163247
vt 0.002425 0.685889
vt 0.001475 0.638288
vt 0.000007 0.589620
vt 0.021013 0.043766
vt 0.005556 0.783249
vt 0.003789 0.733535
vt 0.000630 0.538680
vt 0.000813 0.486006
vt 0.011576 0.957810
vt 0.009175 0.928234
vt 0.002044 0.379640
vt 0.001277 0.325555
vt 0.007666 0.885616
vt 0.001186 0.433135
vt 0.006583 0.835480
vt 0.399129 0.000366
vt 0.449254 0.000124
vt 0.049093 0.270134
vt 0.051710 0.378267
vt 0.051346 0.484535
vt 0.051382 0.588007
vt 0.055184 0.684096
vt 0.059652 0.781308
vt 0.046390 0.162451
vt 0.043861 0.055005
vt 0.045717 0.073116
vt 0.041559 0.049328
vt 0.093682 0.957035
vt 0.094284 0.925321
vt 0.308088 0.003331
vt 0.352777 0.000821
vt 0.079812 0.026164
vt 0.141271 0.023299
vt 0.207430 0.018433
vt 0.261872 0.009666
vt 0.040140 0.033687
vt 0.038253 0.042998
vt 0.039232 0.046530
vt 0.319786 0.999954
vt 0.300263 0.998938
vt 0.307144 0.991755
vt 0.324826 0.992455
vt 0.287279 0.997117
vt 0.299484 0.990060
vt 0.262122 0.996742
vt 0.264900 0.990587
vt 0.216878 0.959657
vt 0.216260 0.928999
vt 0.220593 0.894107
vt 0.262184 0.889846
vt 0.303127 0.896830
vt 0.082747 0.985517
vt 0.084437 0.974735
vt 0.092936 0.975118
vt 0.091755 0.987403
vt 0.365411 0.989792
vt 0.364859 0.977786
vt 0.412477 0.976119
vt 0.413085 0.988338
vt 0.106731 0.976310
vt 0.457289 0.975472
vt 0.457150 0.956368
vt 0.457517 0.988126
vt 0.300979 0.988746
vt 0.411978 0.957434
vt 0.107342 0.988020
vt 0.218501 0.977385
vt 0.220036 0.988867
vt 0.014806 0.971699
vt 0.024364 0.972976
vt 0.364174 0.959445
vt 0.326334 0.990916
vt 0.326617 0.978904
vt 0.034096 0.979133
vt 0.031329 0.972379
vt 0.043030 0.972081
vt 0.043727 0.980443
vt 0.326474 0.961019
vt 0.236383 0.996153
vt 0.229803 0.989079
vt 0.199081 0.991029
vt 0.198748 0.997365
vt 0.154591 0.996478
vt 0.154773 0.990376
vt 0.062029 0.983037
vt 0.062736 0.973195
vt 0.109309 0.995829
vt 0.106503 0.989834
vt 0.412571 0.989663
vt 0.410958 0.996606
vt 0.360972 0.998401
vt 0.364358 0.991202
vt 0.001740 0.112625
vt 0.221619 0.997045
vt 0.220260 0.990445
vt 0.043589 0.982171
vt 0.042001 0.989916
vt 0.030524 0.986755
vt 0.034017 0.980562
vt 0.309750 0.931646
vt 0.324793 0.930460
vt 0.309867 0.961437
vt 0.308750 0.990097
vt 0.309791 0.978702
vt 0.081838 0.987734
vt 0.078125 0.996221
vt 0.059730 0.993110
vt 0.061608 0.985033
vt 0.457167 0.923725
vt 0.411798 0.925244
vt 0.088252 0.997135
vt 0.090628 0.989650
vt 0.456850 0.996287
vt 0.457358 0.989408
vt 0.363447 0.927916
vt 0.249807 0.612704
vt 0.249895 0.611914
vt 0.002019 0.992882
vt 0.002029 0.992966
vt 0.001878 0.992969
vt 0.001876 0.992887
vt 0.002026 0.993113
vt 0.001878 0.993113
vt 0.001664 0.993116
vt 0.001663 0.992972
vt 0.001664 0.992890
vt 0.000549 0.992903
vt 0.000544 0.992977
vt 0.000379 0.992960
vt 0.000383 0.992885
vt 0.000557 0.993114
vt 0.000389 0.993099
vt 0.000222 0.993080
vt 0.000216 0.992938
vt 0.000222 0.992865
vt 0.000826 0.992893
vt 0.000834 0.992974
vt 0.000637 0.992982
vt 0.000637 0.992907
vt 0.000848 0.993119
vt 0.000652 0.993119
vt 0.004144 0.992973
vt 0.004146 0.992885
vt 0.004134 0.993122
vt 0.003673 0.993118
vt 0.003688 0.992970
vt 0.003692 0.992882
vt 0.000106 0.992917
vt 0.000121 0.992847
vt 0.000108 0.993060
vt 0.000000 0.992993
vt 0.000017 0.992894
vt 0.000022 0.992839
vt 0.002524 0.992882
vt 0.002501 0.992967
vt 0.002268 0.992968
vt 0.002275 0.992885
vt 0.002491 0.993112
vt 0.002262 0.993113
vt 0.001250 0.992971
vt 0.001250 0.992890
vt 0.001256 0.993116
vt 0.003200 0.992973
vt 0.003206 0.992887
vt 0.003187 0.993119
vt 0.002805 0.993118
vt 0.002815 0.992977
vt 0.002825 0.992895
vt 0.002634 0.992971
vt 0.002649 0.992890
vt 0.002623 0.993113
vt 0.001668 0.993412
vt 0.001271 0.993414
vt 0.001646 0.994235
vt 0.001272 0.994236
vt 0.000896 0.994238
vt 0.000877 0.993415
vt 0.000591 0.993407
vt 0.000423 0.993395
vt 0.000296 0.994220
vt 0.000255 0.993382
vt 0.003638 0.993420
vt 0.003157 0.993417
vt 0.003614 0.994247
vt 0.003144 0.994239
vt 0.002790 0.994231
vt 0.002782 0.993412
vt 0.004111 0.993423
vt 0.004095 0.994254
vt 0.000685 0.993412
vt 0.000711 0.994238
vt 0.002605 0.993410
vt 0.002621 0.994229
vt 0.002417 0.994239
vt 0.002477 0.993413
vt 0.002249 0.993413
vt 0.002211 0.994240
vt 0.002003 0.994244
vt 0.002018 0.993415
vt 0.000145 0.993373
vt 0.000190 0.994218
vt 0.000117 0.994219
vt 0.000073 0.993370
vt 0.001874 0.993412
vt 0.001841 0.994235
vt 0.000383 0.997588
vt 0.003589 0.997593
vt 0.003114 0.997575
vt 0.002758 0.997560
vt 0.004082 0.997606
vt 0.000970 0.997593
vt 0.000787 0.997597
vt 0.002589 0.997553
vt 0.002469 0.997552
vt 0.002256 0.997554
vt 0.002042 0.997556
vt 0.000278 0.997587
vt 0.000203 0.997588
vt 0.001909 0.997559
vt 0.001715 0.997566
vt 0.001342 0.997580
vt 0.001006 0.999979
vt 0.000826 0.999983
vt 0.000737 0.999981
vt 0.002763 0.999948
vt 0.002595 0.999941
vt 0.002473 0.999941
vt 0.002264 0.999942
vt 0.002052 0.999945
vt 0.000422 0.999973
vt 0.000318 0.999972
vt 0.000247 0.999973
vt 0.001921 0.999948
vt 0.001733 0.999954
vt 0.001370 0.999967
vt 0.000579 0.999976
vt 0.003592 0.999981
vt 0.003118 0.999963
vt 0.004085 0.999995
vt 0.499651 0.988351
vn 0.9996 0.0270 -0.0060
vn 0.7444 0.0202 -0.6673
vn 0.7450 0.0273 -0.6665
vn 0.7351 0.0256 -0.6774
vn 0.9993 0.0350 -0.0103
vn 0.8639 0.4727 0.1737
vn 0.8718 0.3903 -0.2958
vn -0.0190 0.7394 -0.6730
vn 0.3067 0.9481 -0.0844
vn -0.0883 -0.0476 0.9949
vn -0.1346 -0.0267 0.9905
vn 0.2307 -0.0121 0.9729
vn 0.2288 -0.0417 0.9726
vn -0.0939 -0.3068 0.9471
vn 0.2057 -0.3560 0.9116
vn 0.4815 -0.2545 0.8386
vn 0.5435 -0.0157 0.8393
vn 0.5291 -0.0340 0.8479
vn 0.5663 -0.0396 0.8232
vn 0.5600 -0.0116 0.8284
vn 0.3577 -0.0074 0.9338
vn 0.3548 -0.0477 0.9337
vn 0.3814 -0.0370 0.9237
vn 0.3565 0.0045 0.9343
vn 0.2756 0.0042 0.9612
vn 0.2774 -0.0101 0.9607
vn 0.2750 -0.0543 0.9599
vn -0.1495 -0.0077 0.9887
vn 0.1546 0.0055 0.9879
vn 0.1495 0.0025 0.9887
vn -0.1441 -0.0046 0.9895
vn -0.1307 -0.0163 0.9913
vn 0.1403 -0.0099 0.9901
vn 0.1433 -0.0617 0.9877
vn -0.1312 -0.0693 0.9889
vn 0.2755 0.0196 0.9611
vn 0.2887 0.0128 0.9573
vn -0.0056 0.0010 1.0000
vn -0.0108 0.0004 0.9999
vn -0.0107 -0.0018 0.9999
vn -0.0123 -0.0005 0.9999
vn -0.1317 -0.0062 0.9912
vn -0.1304 -0.0045 0.9914
vn 0.2841 -0.0009 0.9588
vn 0.2575 0.0010 0.9662
vn -0.0193 -0.0020 0.9998
vn -0.0054 -0.0007 1.0000
vn -0.1335 -0.0047 0.9910
vn -0.1326 -0.0076 0.9911
vn 0.2245 0.0034 0.9745
vn 0.1630 -0.0150 0.9865
vn -0.0860 -0.0075 0.9962
vn -0.0432 -0.0037 0.9991
vn -0.1382 -0.0021 0.9904
vn 0.0000 -0.0858 0.9963
vn 0.0000 -0.2150 0.9766
vn 0.0104 -0.2045 0.9788
vn 0.0592 -0.0771 0.9952
vn -0.1592 -0.0070 0.9872
vn -0.1712 -0.0107 0.9852
vn -0.1365 -0.0157 0.9905
vn -0.1472 -0.1174 0.9821
vn -0.1892 -0.1208 0.9745
vn 0.0752 -0.0399 0.9964
vn 0.0219 -0.1321 0.9910
vn 0.0316 -0.5087 0.8603
vn -0.0524 -0.7464 0.6634
vn -0.0430 -0.5395 0.8409
vn 0.1407 -0.1857 0.9725
vn 0.1400 -0.2426 0.9600
vn 0.1235 -0.4871 0.8646
vn 0.1021 -0.3574 0.9283
vn 0.1204 -0.2777 0.9531
vn 0.0961 -0.5709 0.8153
vn 0.0630 -0.9950 0.0771
vn 0.0906 -0.9759 0.1983
vn 0.0556 -0.8667 0.4957
vn 0.0208 -0.3066 0.9516
vn -0.0207 -0.3114 0.9500
vn -0.0155 -0.5280 0.8491
vn 0.0070 -0.5449 0.8384
vn 0.0000 -0.3134 0.9496
vn 0.0000 -0.5261 0.8504
vn 0.0000 -0.9612 0.2756
vn 0.0198 -0.9604 0.2777
vn 0.0204 -0.9716 0.2355
vn 0.1747 -0.0369 0.9839
vn 0.1549 -0.1509 0.9763
vn 0.1895 -0.1306 0.9731
vn 0.2173 -0.0328 0.9755
vn 0.0582 -0.1834 0.9813
vn 0.1068 -0.0590 0.9925
vn 0.2042 -0.0332 0.9784
vn 0.1905 -0.0263 0.9813
vn 0.2229 -0.0213 0.9746
vn 0.2314 -0.0296 0.9724
vn 0.2118 -0.0973 0.9724
vn 0.2571 -0.0242 0.9661
vn 0.0000 -0.0355 0.9994
vn 0.0000 -0.0447 0.9990
vn 0.0732 -0.0480 0.9962
vn 0.0652 -0.0351 0.9973
vn 0.2728 -0.0190 0.9619
vn 0.2891 -0.0227 0.9570
vn 0.0000 0.0751 0.9972
vn 0.0000 0.0161 0.9998
vn 0.0799 0.0214 0.9966
vn 0.0664 0.0659 0.9956
vn 0.1340 -0.0492 0.9897
vn 0.1380 -0.0342 0.9898
vn 0.1870 0.0079 0.9823
vn 0.1966 -0.0081 0.9804
vn 0.2526 -0.0082 0.9675
vn 0.2828 0.0106 0.9591
vn 0.1292 0.0233 0.9913
vn 0.0872 0.0435 0.9952
vn 0.1218 -0.0332 0.9920
vn 0.1831 0.0221 0.9828
vn 0.2878 0.0160 0.9575
vn 0.2562 -0.0710 0.9640
vn 0.3119 0.0037 0.9501
vn 0.3349 0.0205 0.9420
vn 0.0000 0.0130 0.9999
vn 0.0000 0.0658 0.9978
vn 0.0058 0.0538 0.9985
vn -0.0305 0.0121 0.9995
vn 0.3415 0.0100 0.9398
vn 0.3481 0.0118 0.9374
vn 0.0305 0.0331 0.9990
vn 0.0116 0.0142 0.9998
vn 0.2709 0.0119 0.9625
vn 0.2169 -0.0523 0.9748
vn 0.2745 -0.0087 0.9615
vn 0.1324 -0.1082 0.9853
vn 0.0760 -0.2221 0.9720
vn 0.0268 -0.6427 0.7656
vn 0.3041 -0.0097 0.9526
vn 0.3307 -0.0111 0.9437
vn 0.3430 0.0131 0.9392
vn 0.3426 0.0250 0.9391
vn 0.0835 0.0234 0.9962
vn 0.0819 0.0184 0.9965
vn 0.1592 0.0085 0.9872
vn 0.1098 0.0204 0.9937
vn 0.1713 -0.0392 0.9844
vn 0.1880 -0.0339 0.9816
vn 0.1126 -0.1656 0.9797
vn 0.1414 -0.0443 0.9890
vn 0.0800 -0.2970 0.9515
vn 0.0472 -0.5740 0.8175
vn 0.0186 -0.9916 0.1278
vn 0.4122 0.5233 0.7458
vn 0.1935 0.5401 0.8191
vn 0.2244 -0.0736 0.9717
vn 0.5063 -0.0599 0.8603
vn -0.0832 -0.0641 0.9944
vn 0.3315 0.4734 0.8161
vn 0.3860 0.4863 0.7838
vn 0.5191 -0.1233 0.8457
vn 0.3522 -0.1014 0.9304
vn 0.5636 0.0200 0.8258
vn 0.5567 0.0092 0.8307
vn 0.5396 0.0066 0.8419
vn 0.5432 -0.0313 0.8390
vn 0.1389 0.0023 0.9903
vn 0.5377 0.0134 0.8430
vn 0.9996 0.0265 0.0042
vn 0.9992 0.0283 0.0258
vn 0.9944 0.0108 0.1045
vn 0.1632 -0.0034 0.9866
vn 0.1917 -0.1129 0.9749
vn 0.5917 -0.2437 0.7684
vn 0.5771 -0.0044 0.8166
vn 0.1317 -0.5404 0.8310
vn 0.3434 -0.7189 0.6044
vn 0.6038 -0.7721 0.1981
vn 0.9492 -0.3143 0.0099
vn 0.9999 -0.0088 -0.0103
vn 0.9997 0.0160 -0.0155
vn 0.1475 0.0028 0.9890
vn 0.5504 0.0110 0.8348
vn 0.5434 0.0231 0.8391
vn 0.1425 0.0060 0.9897
vn 0.9998 0.0192 0.0085
vn 0.9991 0.0418 0.0028
vn 0.1485 -0.0001 0.9889
vn 0.5534 -0.0003 0.8329
vn 1.0000 -0.0011 -0.0036
vn 0.5380 0.0185 0.8427
vn 0.1387 0.0048 0.9903
vn 0.9994 0.0341 -0.0019
vn 0.1595 0.0044 0.9872
vn 0.5703 0.0158 0.8213
vn 0.3757 -0.8134 0.4440
vn 0.7509 -0.3399 -0.5661
vn 0.7515 0.0146 -0.6595
vn 0.7518 0.0297 -0.6587
vn 0.7403 0.0309 -0.6715
vn 0.7291 0.0321 -0.6836
vn 0.7320 0.0247 -0.6808
vn 0.7433 -0.0075 -0.6689
vn 0.7383 -0.0009 -0.6744
vn 0.7511 -0.0008 -0.6601
vn 0.7399 0.0200 -0.6724
vn 0.7721 0.0259 -0.6349
vn 0.7254 0.0240 -0.6879
vn 0.7255 0.0114 -0.6881
vn 0.7254 -0.0010 -0.6883
vn 0.8538 0.0259 -0.5200
vn 0.7348 0.0175 -0.6780
vn 0.0000 -0.9729 -0.2313
vn 0.0419 -0.9703 -0.2380
vn 0.1448 -0.1359 0.9801
vn -0.1337 -0.1446 0.9804
vn -0.0116 -0.0143 0.9998
vn -0.0149 -0.0640 0.9978
vn 0.0172 -0.9457 -0.3246
vn -0.0036 -0.8938 -0.4485
vn -0.0013 -0.9985 -0.0544
vn -0.0143 -0.8934 0.4490
vn 0.0108 -0.8595 -0.5110
vn 0.0240 -0.9046 -0.4256
vn 0.0425 -0.7363 0.6753
vn 0.1291 -0.6982 0.7042
vn 0.0313 0.9945 -0.0996
vn -0.0874 0.4971 -0.8633
vn 0.0216 0.5235 -0.8517
vn -0.0249 0.9621 -0.2715
vn -0.0412 0.9956 -0.0844
vn -0.2953 0.5037 -0.8118
vn -0.1986 0.4688 -0.8607
vn -0.0319 0.9803 -0.1947
vn -0.0505 0.4426 -0.8953
vn -0.0639 0.9474 -0.3135
vn 0.7647 -0.0189 0.6441
vn 0.7485 -0.0286 0.6625
vn 0.5450 -0.1837 0.8180
vn 0.2024 -0.4215 0.8839
vn -0.0801 -0.2182 0.9726
vn -0.1463 0.4561 0.8778
vn -0.0076 0.5010 0.8654
vn -0.0194 -0.1312 0.9911
vn 0.2694 -0.1091 0.9568
vn 0.0356 0.5929 0.8044
vn -0.0086 0.5907 0.8068
vn 0.0191 -0.0512 0.9985
vn 0.0771 -0.0574 0.9954
vn 0.0000 -0.0291 0.9996
vn -0.0321 -0.0302 0.9990
vn -0.0336 -0.0454 0.9984
vn 0.0000 -0.0423 0.9991
vn 0.0207 -0.0322 0.9992
vn -0.0417 0.5595 0.8278
vn -0.0412 0.6005 0.7986
vn 0.2607 0.4718 0.8422
vn 0.5252 0.5463 0.6525
vn 0.6782 -0.0866 0.7297
vn 0.9764 0.0374 0.2124
vn 0.9373 0.0565 -0.3437
vn 0.0790 -0.0347 0.9962
vn 0.0229 -0.0410 0.9989
vn 0.0223 -0.0664 0.9975
vn 0.4808 0.4451 0.7555
vn 0.1095 0.4450 0.8888
vn 0.5473 -0.0728 0.8337
vn -0.0058 0.6063 0.7952
vn -0.2586 0.5529 -0.7921
vn -0.2990 0.5179 -0.8014
vn -0.0023 0.9963 -0.0855
vn -0.0033 0.9991 -0.0424
vn -0.0935 0.3970 -0.9130
vn -0.0616 0.9471 -0.3149
vn -0.3549 0.4917 -0.7951
vn -0.0337 0.9889 -0.1444
vn 0.7439 0.0130 -0.6681
vn -0.0378 0.3734 -0.9269
vn -0.0356 0.9438 -0.3286
vn -0.3917 0.5141 -0.7630
vn -0.0510 0.9840 -0.1708
vn 0.1573 -0.0052 0.9875
vn 0.1589 -0.0074 0.9872
vn 0.0123 -0.0005 0.9999
vn 0.0107 -0.0018 0.9999
vn -0.2831 0.7192 -0.6344
vn 0.1219 0.9893 0.0798
vn -0.2753 -0.0391 0.9605
vn -0.2245 -0.0491 0.9732
vn 0.0182 -0.0212 0.9996
vn -0.0518 0.9973 0.0511
vn 0.0030 0.6610 -0.7504
vn -0.1209 0.5997 -0.7910
vn -0.0538 0.9969 -0.0567
vn -0.1558 0.6312 0.7598
vn -0.2013 -0.0654 0.9773
vn -0.0089 0.9954 0.0949
vn -0.0949 0.7099 -0.6978
vn -0.0329 -0.0059 0.9994
vn 0.0000 -0.0065 1.0000
vn 0.0182 -0.0034 0.9998
vn 0.0206 0.3496 -0.9366
vn -0.0088 0.9329 -0.3599
vn 0.0824 -0.0040 0.9966
vn 0.0000 0.9239 -0.3825
vn 0.0000 0.6110 0.7917
vn -0.1144 0.1269 -0.9853
vn 0.0181 0.0995 -0.9949
vn 0.0000 0.3370 -0.9415
vn -0.4442 0.0862 -0.8918
vn -0.3508 0.0871 -0.9324
vn -0.4148 0.0799 -0.9064
vn -0.4169 0.0156 -0.9088
vn -0.4442 0.0164 -0.8957
vn -0.3552 0.0179 -0.9346
vn -0.1176 0.0006 -0.9930
vn 0.0165 -0.0306 -0.9994
vn -0.1333 -0.0066 -0.9910
vn 0.0151 -0.0281 -0.9995
vn -0.1596 0.0909 -0.9830
vn -0.3252 0.0839 -0.9419
vn -0.1700 -0.0083 -0.9854
vn -0.3290 0.0112 -0.9442
vn 0.0263 0.0788 -0.9965
vn 0.0000 0.0764 -0.9971
vn -0.0293 0.0794 -0.9964
vn -0.0289 0.0375 -0.9989
vn 0.0255 0.0431 -0.9987
vn 0.0000 0.0422 -0.9991
vn -0.4378 0.1354 -0.8888
vn -0.5838 0.1263 -0.8020
vn -0.5838 0.0975 -0.8060
vn -0.4737 0.0945 -0.8756
vn -0.2295 0.0840 -0.9697
vn -0.0981 0.0979 -0.9903
vn -0.2305 0.0213 -0.9728
vn -0.0942 0.0298 -0.9951
vn -0.3614 0.0798 -0.9290
vn -0.3640 0.0140 -0.9313
vn -0.0891 0.0782 -0.9930
vn -0.0509 0.0889 -0.9947
vn -0.0505 0.0310 -0.9982
vn -0.0872 0.0284 -0.9958
vn 0.0013 0.1064 -0.9943
vn -0.0013 0.0360 -0.9993
vn -0.3644 0.0061 -0.9312
vn -0.4172 0.0073 -0.9087
vn -0.3298 0.0038 -0.9440
vn -0.3272 0.0018 -0.9449
vn -0.3618 0.0030 -0.9322
vn -0.4145 0.0039 -0.9100
vn -0.1597 -0.0008 -0.9872
vn 0.0169 -0.0081 -0.9998
vn -0.1693 0.0016 -0.9855
vn 0.0242 0.0016 -0.9997
vn -0.0861 0.0168 -0.9961
vn -0.0296 0.0233 -0.9993
vn -0.0488 0.0184 -0.9986
vn -0.0483 0.0087 -0.9988
vn -0.0838 0.0084 -0.9964
vn -0.0278 0.0104 -0.9995
vn 0.0237 0.0277 -0.9993
vn 0.0000 0.0271 -0.9996
vn 0.0222 0.0117 -0.9997
vn 0.0000 0.0114 -0.9999
vn -0.1738 -0.0103 -0.9847
vn -0.1688 -0.0027 -0.9856
vn -0.1454 0.0401 -0.9885
vn -0.2436 0.0859 -0.9661
vn -0.3789 0.0602 -0.9235
vn -0.3025 0.0222 -0.9529
vn -0.2289 0.1119 -0.9670
vn -0.2086 0.0881 -0.9740
vn -0.0334 0.0625 -0.9975
vn -0.2291 0.0822 -0.9699
vn -0.5814 0.0747 -0.8101
vn -0.7790 0.1332 -0.6127
vn -0.8942 0.0359 -0.4461
vn -0.6758 0.0234 -0.7367
vn -0.2980 0.0356 -0.9539
vn -0.1275 0.0260 -0.9915
vn -0.0467 0.0265 -0.9985
vn -0.0790 0.0274 -0.9965
vn -0.1622 0.0028 -0.9867
vn 0.0290 0.0044 -0.9995
vn -0.0261 0.0286 -0.9992
vn 0.0198 0.0288 -0.9994
vn -0.1539 0.0032 -0.9881
vn 0.0000 0.0286 -0.9996
vn -0.2391 0.0070 -0.9709
vn -0.1502 0.0208 -0.9884
vn -0.3097 0.0059 -0.9508
vn -0.1762 0.0023 -0.9843
vn -0.2161 -0.0013 -0.9763
vn -0.9081 0.0039 -0.4186
vn -0.6969 0.0032 -0.7171
vn -0.3942 0.0145 -0.9189
vn -0.2684 0.0121 -0.9632
vn -0.3432 0.0102 -0.9392
vn -0.1444 0.0062 -0.9895
vn -0.0836 0.0439 -0.9955
vn -0.0014 0.0448 -0.9990
vn -0.2947 0.0101 -0.9555
vn -0.3200 0.0361 -0.9467
vn -0.2056 0.0409 -0.9778
vn -0.0462 0.0453 -0.9979
vn -0.9082 0.0003 -0.4184
vn -0.6949 0.0011 -0.7190
vn -0.3758 0.0250 -0.9264
vn -0.4021 0.0307 -0.9151
vn -0.3269 0.0174 -0.9449
vn -0.0753 0.0470 -0.9960
vn -0.0245 0.0487 -0.9985
vn 0.0182 0.0487 -0.9986
vn -0.0537 0.0016 -0.9985
vn -0.0633 0.0010 -0.9980
vn -0.0599 -0.0096 -0.9981
vn -0.0447 -0.0090 -0.9989
vn 0.0000 0.0484 -0.9988
vn -0.3067 0.9481 -0.0844
vn 0.0190 0.7394 -0.6730
vn -0.8718 0.3903 -0.2958
vn -0.8639 0.4726 0.1737
vn -0.9996 0.0270 -0.0060
vn -0.9993 0.0350 -0.0103
vn -0.7351 0.0256 -0.6774
vn -0.7450 0.0273 -0.6665
vn -0.7444 0.0202 -0.6673
vn 0.0883 -0.0476 0.9949
vn -0.2288 -0.0417 0.9726
vn -0.2307 -0.0121 0.9729
vn 0.1346 -0.0267 0.9905
vn -0.5291 -0.0340 0.8479
vn -0.5435 -0.0157 0.8393
vn -0.4815 -0.2545 0.8386
vn -0.2057 -0.3560 0.9116
vn 0.0939 -0.3068 0.9471
vn -0.5663 -0.0396 0.8232
vn -0.3548 -0.0477 0.9337
vn -0.3577 -0.0073 0.9338
vn -0.5619 -0.0123 0.8271
vn -0.2750 -0.0543 0.9599
vn -0.2774 -0.0101 0.9607
vn -0.2756 0.0042 0.9612
vn -0.3565 0.0045 0.9343
vn -0.4042 -0.0390 0.9138
vn 0.1589 -0.0690 0.9849
vn 0.0324 -0.0692 0.9971
vn 0.0330 -0.0154 0.9993
vn 0.1579 -0.0166 0.9873
vn -0.1701 -0.0609 0.9835
vn -0.1669 -0.0093 0.9859
vn -0.1655 0.0030 0.9862
vn 0.0332 -0.0022 0.9994
vn -0.2709 0.0119 0.9625
vn 0.1609 -0.0092 0.9869
vn 0.1633 -0.0057 0.9865
vn 0.0056 0.0010 1.0000
vn 0.0108 0.0004 0.9999
vn -0.2887 0.0128 0.9573
vn -0.2755 0.0196 0.9611
vn 0.1689 -0.0025 0.9856
vn 0.1757 -0.0056 0.9844
vn 0.0193 -0.0020 0.9998
vn 0.0054 -0.0007 1.0000
vn -0.2575 0.0010 0.9662
vn -0.2841 -0.0009 0.9588
vn 0.1828 -0.0094 0.9831
vn 0.1943 -0.0084 0.9809
vn 0.0860 -0.0075 0.9962
vn 0.0432 -0.0037 0.9991
vn -0.1630 -0.0150 0.9865
vn -0.2245 0.0034 0.9745
vn -0.1068 -0.0590 0.9925
vn -0.0582 -0.1834 0.9813
vn -0.0104 -0.2045 0.9788
vn -0.0592 -0.0771 0.9952
vn 0.2069 -0.0121 0.9783
vn 0.2170 -0.1296 0.9675
vn 0.1472 -0.1174 0.9821
vn 0.1365 -0.0157 0.9905
vn 0.1067 -0.4791 0.8712
vn 0.0945 -0.6313 0.7697
vn -0.0084 -0.5024 0.8646
vn -0.0219 -0.1321 0.9910
vn -0.0752 -0.0399 0.9964
vn -0.1407 -0.1857 0.9725
vn -0.1021 -0.3574 0.9283
vn -0.1235 -0.4870 0.8646
vn -0.1400 -0.2426 0.9600
vn -0.0556 -0.8667 0.4957
vn -0.0906 -0.9759 0.1983
vn -0.0630 -0.9950 0.0771
vn -0.0961 -0.5709 0.8153
vn -0.1204 -0.2777 0.9531
vn -0.0208 -0.3066 0.9516
vn -0.0070 -0.5449 0.8384
vn 0.0155 -0.5280 0.8491
vn 0.0207 -0.3114 0.9500
vn -0.0204 -0.9716 0.2355
vn -0.0198 -0.9604 0.2777
vn -0.2118 -0.0973 0.9724
vn -0.1895 -0.1306 0.9731
vn -0.2173 -0.0328 0.9755
vn -0.2571 -0.0242 0.9661
vn -0.1549 -0.1509 0.9763
vn -0.1747 -0.0369 0.9839
vn -0.2728 -0.0190 0.9619
vn -0.2229 -0.0213 0.9746
vn -0.2314 -0.0296 0.9724
vn -0.2891 -0.0227 0.9570
vn -0.1905 -0.0263 0.9813
vn -0.2042 -0.0332 0.9784
vn -0.1380 -0.0342 0.9898
vn -0.1340 -0.0492 0.9897
vn -0.0732 -0.0480 0.9962
vn -0.0652 -0.0351 0.9973
vn -0.0872 0.0435 0.9952
vn -0.1292 0.0233 0.9913
vn -0.0799 0.0214 0.9966
vn -0.0664 0.0659 0.9956
vn -0.3119 0.0037 0.9501
vn -0.2526 -0.0082 0.9675
vn -0.2829 0.0106 0.9591
vn -0.3348 0.0206 0.9420
vn -0.1966 -0.0081 0.9804
vn -0.1870 0.0079 0.9823
vn -0.3418 0.0099 0.9397
vn -0.2875 0.0160 0.9576
vn -0.2598 -0.0749 0.9627
vn -0.1831 0.0221 0.9828
vn -0.1218 -0.0332 0.9920
vn -0.0116 0.0142 0.9998
vn -0.0305 0.0331 0.9990
vn -0.0058 0.0538 0.9985
vn 0.0305 0.0121 0.9995
vn -0.3481 0.0117 0.9374
vn -0.2169 -0.0523 0.9748
vn -0.2745 -0.0087 0.9615
vn -0.0760 -0.2221 0.9720
vn -0.1324 -0.1082 0.9853
vn -0.0268 -0.6427 0.7656
vn -0.3041 -0.0097 0.9526
vn -0.3307 -0.0111 0.9437
vn -0.3430 0.0131 0.9392
vn -0.3424 0.0250 0.9392
vn -0.0835 0.0234 0.9962
vn -0.0819 0.0184 0.9965
vn -0.1592 0.0085 0.9872
vn -0.1098 0.0204 0.9937
vn -0.1713 -0.0392 0.9844
vn -0.1880 -0.0339 0.9816
vn -0.1126 -0.1656 0.9797
vn -0.1414 -0.0443 0.9890
vn -0.0472 -0.5740 0.8175
vn -0.0800 -0.2970 0.9515
vn -0.0186 -0.9916 0.1278
vn -0.4122 0.5233 0.7458
vn -0.5063 -0.0599 0.8603
vn -0.2244 -0.0736 0.9717
vn -0.1935 0.5401 0.8191
vn -0.3315 0.4734 0.8161
vn -0.3522 -0.1014 0.9304
vn -0.5191 -0.1233 0.8457
vn -0.3860 0.4863 0.7838
vn 0.0832 -0.0641 0.9944
vn -0.5636 0.0200 0.8258
vn -0.5567 0.0092 0.8307
vn -0.9997 0.0160 -0.0155
vn -0.5432 -0.0313 0.8390
vn -0.5396 0.0066 0.8419
vn -0.9944 0.0108 0.1045
vn -0.9992 0.0283 0.0258
vn -0.9996 0.0265 0.0042
vn -0.5377 0.0134 0.8430
vn -0.1976 -0.0032 0.9803
vn -0.5772 -0.0044 0.8166
vn -0.5917 -0.2437 0.7684
vn -0.2229 -0.1230 0.9670
vn -0.9999 -0.0088 -0.0103
vn -0.9492 -0.3143 0.0099
vn -0.6296 -0.7635 0.1436
vn -0.3851 -0.6738 0.6306
vn -0.1843 -0.4876 0.8534
vn -0.9998 0.0192 0.0085
vn -0.5504 0.0110 0.8348
vn -0.5434 0.0231 0.8391
vn -0.9991 0.0418 0.0028
vn -0.1869 0.0069 0.9823
vn -0.1809 0.0033 0.9835
vn -1.0000 -0.0011 -0.0037
vn -0.5534 -0.0003 0.8329
vn -0.1759 0.0037 0.9844
vn -0.1702 0.0074 0.9854
vn -0.5381 0.0185 0.8427
vn -0.9994 0.0341 -0.0019
vn -0.1783 0.0001 0.9839
vn -0.1659 0.0059 0.9861
vn -0.5703 0.0158 0.8213
vn -0.7433 -0.0075 -0.6689
vn -0.7509 -0.3399 -0.5661
vn -0.1928 0.0055 0.9812
vn -0.7403 0.0309 -0.6715
vn -0.7518 0.0297 -0.6587
vn -0.7515 0.0146 -0.6595
vn -0.4735 -0.8654 0.1640
vn -0.7320 0.0247 -0.6808
vn -0.7291 0.0321 -0.6836
vn -0.7511 -0.0008 -0.6601
vn -0.7383 -0.0009 -0.6744
vn -0.8538 0.0259 -0.5200
vn -0.7721 0.0259 -0.6349
vn -0.7255 0.0114 -0.6881
vn -0.7254 0.0240 -0.6879
vn -0.7399 0.0200 -0.6724
vn -0.7254 -0.0010 -0.6883
vn -0.7348 0.0175 -0.6780
vn -0.0172 -0.9457 -0.3246
vn -0.0419 -0.9703 -0.2380
vn 0.0411 -0.0020 0.9991
vn 0.0399 -0.0012 0.9992
vn 0.0376 -0.0005 0.9993
vn 0.0353 -0.0012 0.9994
vn 0.0346 -0.0020 0.9994
vn 0.0341 -0.0016 0.9994
vn 0.0425 -0.0017 0.9991
vn 0.0355 -0.0821 0.9960
vn 0.0436 -0.0055 0.9990
vn -0.0188 -0.5121 0.8587
vn 0.0149 -0.0640 0.9978
vn 0.0116 -0.0143 0.9998
vn -0.0108 -0.8595 -0.5110
vn 0.0036 -0.8938 -0.4485
vn -0.0217 -0.7358 0.6769
vn 0.0143 -0.8934 0.4490
vn 0.0013 -0.9985 -0.0544
vn -0.0240 -0.9046 -0.4256
vn -0.1433 -0.7650 0.6279
vn -0.1699 -0.8652 0.4718
vn -0.1079 -0.8543 0.5084
vn 0.0505 0.4426 -0.8953
vn -0.0216 0.5235 -0.8517
vn 0.0249 0.9621 -0.2715
vn 0.0639 0.9474 -0.3135
vn 0.0874 0.4971 -0.8633
vn -0.0313 0.9945 -0.0996
vn 0.1986 0.4688 -0.8607
vn 0.0319 0.9803 -0.1947
vn -0.7485 -0.0286 0.6625
vn -0.7663 -0.0196 0.6422
vn -0.5358 -0.2032 0.8195
vn -0.2054 -0.4283 0.8799
vn 0.0801 -0.2182 0.9726
vn 0.1708 0.4642 0.8690
vn 0.1615 -0.1428 0.9765
vn 0.0194 -0.1312 0.9911
vn 0.0076 0.5010 0.8654
vn -0.0356 0.5929 0.8044
vn -0.0771 -0.0574 0.9954
vn -0.0191 -0.0512 0.9985
vn 0.0086 0.5907 0.8068
vn -0.2694 -0.1091 0.9568
vn 0.0336 -0.0454 0.9984
vn 0.0321 -0.0302 0.9990
vn 0.0412 0.6005 0.7986
vn 0.0417 0.5595 0.8278
vn -0.0207 -0.0322 0.9992
vn -0.2607 0.4718 0.8422
vn -0.6782 -0.0866 0.7297
vn -0.5252 0.5463 0.6525
vn -0.9373 0.0565 -0.3437
vn -0.9764 0.0374 0.2124
vn -0.0790 -0.0347 0.9962
vn 0.0058 0.6063 0.7952
vn -0.0223 -0.0664 0.9975
vn -0.4808 0.4451 0.7555
vn -0.5473 -0.0728 0.8337
vn -0.1714 -0.1354 0.9758
vn -0.1344 0.4471 0.8843
vn -0.0229 -0.0410 0.9989
vn 0.2953 0.5037 -0.8118
vn 0.0412 0.9956 -0.0844
vn 0.0337 0.9889 -0.1444
vn 0.3549 0.4917 -0.7951
vn 0.2990 0.5179 -0.8014
vn 0.0023 0.9963 -0.0855
vn 0.0538 0.4588 0.8869
vn 0.0334 -0.1474 0.9885
vn 0.2586 0.5529 -0.7921
vn 0.0033 0.9991 -0.0424
vn 0.0356 0.9438 -0.3286
vn 0.0378 0.3734 -0.9269
vn 0.0935 0.3970 -0.9130
vn 0.0616 0.9471 -0.3149
vn -0.7439 0.0130 -0.6681
vn 0.3917 0.5141 -0.7630
vn 0.0510 0.9840 -0.1708
vn 0.0036 0.9958 0.0918
vn 0.1098 0.7082 -0.6974
vn 0.2831 0.7192 -0.6344
vn -0.1220 0.9893 0.0798
vn 0.2753 -0.0391 0.9605
vn -0.0182 -0.0212 0.9996
vn 0.2245 -0.0491 0.9732
vn 0.1558 0.6312 0.7598
vn 0.2013 -0.0654 0.9773
vn 0.0558 0.9977 0.0394
vn -0.0191 0.6594 -0.7515
vn -0.0171 0.6868 -0.7266
vn 0.0344 0.9975 0.0617
vn 0.0329 -0.0059 0.9994
vn -0.0182 -0.0034 0.9998
vn 0.1209 0.5997 -0.7910
vn 0.0538 0.9969 -0.0567
vn -0.0206 0.3496 -0.9366
vn 0.0088 0.9329 -0.3599
vn -0.0824 -0.0040 0.9966
vn 0.3508 0.0871 -0.9324
vn 0.4442 0.0862 -0.8918
vn 0.3552 0.0179 -0.9346
vn 0.4442 0.0164 -0.8957
vn 0.4169 0.0156 -0.9088
vn 0.4148 0.0799 -0.9064
vn -0.0400 0.0989 -0.9943
vn -0.0549 0.1066 -0.9928
vn -0.0392 -0.0346 -0.9986
vn -0.0620 -0.0366 -0.9974
vn 0.1399 0.0039 -0.9901
vn 0.1350 0.1289 -0.9824
vn 0.3252 0.0839 -0.9419
vn 0.1596 0.0909 -0.9830
vn 0.3290 0.0112 -0.9442
vn 0.1700 -0.0083 -0.9854
vn -0.0263 0.0788 -0.9965
vn -0.0255 0.0431 -0.9987
vn 0.0289 0.0375 -0.9989
vn 0.0293 0.0794 -0.9964
vn 0.4378 0.1354 -0.8888
vn 0.4737 0.0945 -0.8756
vn 0.5838 0.0975 -0.8060
vn 0.5838 0.1263 -0.8020
vn 0.0981 0.0979 -0.9903
vn 0.2295 0.0840 -0.9697
vn 0.0942 0.0298 -0.9951
vn 0.2305 0.0213 -0.9728
vn 0.3614 0.0798 -0.9290
vn 0.3640 0.0140 -0.9313
vn 0.0891 0.0782 -0.9930
vn 0.0872 0.0284 -0.9958
vn 0.0505 0.0310 -0.9982
vn 0.0509 0.0889 -0.9947
vn -0.0013 0.1064 -0.9943
vn 0.0013 0.0360 -0.9993
vn 0.4172 0.0073 -0.9087
vn 0.3644 0.0061 -0.9312
vn 0.4145 0.0039 -0.9100
vn 0.3618 0.0030 -0.9322
vn 0.3272 0.0018 -0.9449
vn 0.3298 0.0038 -0.9440
vn -0.0398 -0.0310 -0.9987
vn -0.0622 -0.0335 -0.9975
vn 0.1883 0.0001 -0.9821
vn 0.1593 -0.0038 -0.9872
vn 0.0296 0.0233 -0.9993
vn 0.0861 0.0168 -0.9961
vn 0.0278 0.0104 -0.9995
vn 0.0838 0.0084 -0.9964
vn 0.0483 0.0087 -0.9988
vn 0.0488 0.0184 -0.9986
vn -0.0237 0.0277 -0.9993
vn -0.0222 0.0117 -0.9997
vn 0.1738 -0.0103 -0.9847
vn 0.1688 -0.0027 -0.9856
vn 0.1454 0.0401 -0.9885
vn 0.3025 0.0222 -0.9529
vn 0.3789 0.0602 -0.9235
vn 0.2436 0.0859 -0.9661
vn 0.2289 0.1119 -0.9670
vn 0.2291 0.0822 -0.9699
vn 0.0334 0.0625 -0.9975
vn 0.2086 0.0881 -0.9740
vn 0.5814 0.0747 -0.8101
vn 0.6758 0.0234 -0.7367
vn 0.8942 0.0359 -0.4461
vn 0.7790 0.1332 -0.6127
vn 0.2980 0.0356 -0.9539
vn 0.1275 0.0260 -0.9915
vn 0.1988 0.0015 -0.9800
vn 0.0261 0.0286 -0.9992
vn 0.0790 0.0274 -0.9965
vn 0.0467 0.0265 -0.9985
vn -0.0198 0.0288 -0.9994
vn 0.3097 0.0059 -0.9508
vn 0.1539 0.0032 -0.9881
vn 0.1502 0.0208 -0.9884
vn 0.2391 0.0070 -0.9709
vn 0.2161 -0.0013 -0.9763
vn 0.1762 0.0023 -0.9843
vn 0.6969 0.0032 -0.7171
vn 0.9081 0.0039 -0.4186
vn 0.2684 0.0121 -0.9632
vn 0.3942 0.0145 -0.9189
vn 0.3432 0.0102 -0.9392
vn 0.2947 0.0101 -0.9555
vn 0.1444 0.0062 -0.9895
vn -0.0578 0.0046 -0.9983
vn 0.0462 0.0453 -0.9979
vn 0.0014 0.0448 -0.9990
vn 0.0836 0.0439 -0.9955
vn 0.2056 0.0409 -0.9778
vn 0.3200 0.0361 -0.9467
vn 0.1927 0.0026 -0.9812
vn 0.6949 0.0011 -0.7190
vn 0.9082 0.0003 -0.4184
vn 0.4021 0.0307 -0.9151
vn 0.3758 0.0250 -0.9264
vn 0.3269 0.0174 -0.9449
vn -0.0690 0.0037 -0.9976
vn 0.0245 0.0487 -0.9985
vn 0.0753 0.0470 -0.9960
vn -0.0182 0.0487 -0.9986
s 1
f 50/1/1 283/2/2 377/3/3 287/4/4 54/5/5
f 445/6/6 369/7/7 279/8/8 95/9/9
f 88/10/10 422/11/11 719/12/12 430/13/13
f 422/11/11 1/14/14 393/15/15 719/12/12
f 719/12/12 393/15/15 2/16/16 423/17/17
f 430/13/13 719/12/12 423/17/17 89/18/18
f 82/19/19 415/20/20 720/21/21 429/22/22
f 415/20/20 65/23/23 322/24/24 720/21/21
f 720/21/21 322/24/24 3/25/25 416/26/26
f 429/22/22 720/21/21 416/26/26 83/27/27
f 63/28/28 42/29/29 10/30/30 58/31/31
f 421/32/32 417/33/33 84/34/34 87/35/35
f 31/36/36 7/37/37 380/38/38 384/39/39
f 378/40/40 379/41/41 56/42/42 55/43/43
f 36/44/44 9/45/45 381/46/46 385/47/47
f 384/39/39 380/38/38 57/48/48 61/49/49
f 41/50/50 11/51/51 382/52/52 386/53/53
f 385/47/47 381/46/46 58/31/31 62/54/54
f 182/55/55 151/56/56 343/57/57 359/58/58
f 386/53/53 382/52/52 59/59/59 63/28/28
f 80/60/60 413/61/61 721/62/62 387/63/63
f 413/61/61 74/64/64 323/65/65 721/62/62
f 721/62/62 323/65/65 13/66/66 383/67/67
f 387/63/63 721/62/62 383/67/67 60/68/68
f 77/69/69 412/70/70 722/71/71 405/72/72
f 412/70/70 76/73/73 326/74/74 722/71/71
f 722/71/71 326/74/74 15/75/75 325/76/76
f 405/72/72 722/71/71 325/76/76 16/77/77
f 78/78/78 411/79/79 723/80/80 347/81/81
f 411/79/79 217/82/82 327/83/83 723/80/80
f 723/80/80 327/83/83 146/84/84 342/85/85
f 347/81/81 723/80/80 342/85/85 26/86/86
f 43/87/87 17/88/88 329/89/89 358/90/90
f 359/58/58 343/57/57 27/91/91 45/92/92
f 38/93/93 20/94/94 330/95/95 355/96/96
f 358/90/90 329/89/89 18/97/97 44/98/98
f 176/99/99 154/100/100 344/101/101 354/102/102
f 355/96/96 330/95/95 19/103/103 39/104/104
f 170/105/105 157/106/106 345/107/107 351/108/108
f 354/102/102 344/101/101 28/109/109 40/110/110
f 33/111/111 22/112/112 333/113/113 350/114/114
f 351/108/108 345/107/107 29/115/115 35/116/116
f 64/117/117 24/118/118 334/119/119 321/120/120
f 350/114/114 333/113/113 21/121/121 34/122/122
f 131/123/123 160/124/124 346/125/125 341/126/126
f 321/120/120 334/119/119 23/127/127 65/23/23
f 23/127/127 336/128/128 322/24/24 65/23/23
f 341/126/126 346/125/125 30/129/129 25/130/130
f 322/24/24 336/128/128 5/131/131 3/25/25
f 18/97/97 337/132/132 357/133/133 44/98/98
f 74/64/64 410/134/134 724/135/135 323/65/65
f 410/134/134 77/69/69 405/72/72 724/135/135
f 724/135/135 405/72/72 16/77/77 338/136/136
f 323/65/65 724/135/135 338/136/136 13/66/66
f 19/103/103 339/137/137 353/138/138 39/104/104
f 357/133/133 337/132/132 11/51/51 41/50/50
f 21/121/121 340/139/139 349/140/140 34/122/122
f 353/138/138 339/137/137 9/45/45 36/44/44
f 25/130/130 30/129/129 335/141/141 320/142/142
f 349/140/140 340/139/139 7/37/37 31/36/36
f 35/116/116 29/115/115 332/143/143 348/144/144
f 320/142/142 335/141/141 24/118/118 64/117/117
f 40/110/110 28/109/109 331/145/145 352/146/146
f 348/144/144 332/143/143 22/112/112 33/111/111
f 45/92/92 27/91/91 328/147/147 356/148/148
f 352/146/146 331/145/145 20/94/94 38/93/93
f 30/129/129 35/116/116 348/144/144 335/141/141
f 356/148/148 328/147/147 17/88/88 43/87/87
f 76/73/73 409/149/149 725/150/150 326/74/74
f 409/149/149 78/78/78 347/81/81 725/150/150
f 725/150/150 347/81/81 26/86/86 324/151/151
f 326/74/74 725/150/150 324/151/151 15/75/75
f 435/152/152 743/153/153 726/154/154 453/155/155
f 452/156/156 88/10/10 430/13/13 726/154/154
f 726/154/154 430/13/13 89/18/18 453/155/155
f 744/157/157 440/158/158 455/159/159 734/160/160
f 34/122/122 349/140/140 336/128/128 23/127/127
f 335/141/141 348/144/144 33/111/111 24/118/118
f 24/118/118 33/111/111 350/114/114 334/119/119
f 336/128/128 349/140/140 31/36/36 5/131/131
f 160/124/124 170/105/105 351/108/108 346/125/125
f 334/119/119 350/114/114 34/122/122 23/127/127
f 5/131/131 31/36/36 384/39/39 379/41/41
f 346/125/125 351/108/108 35/116/116 30/129/129
f 29/115/115 40/110/110 352/146/146 332/143/143
f 379/41/41 384/39/39 61/49/49 56/42/42
f 39/104/104 353/138/138 340/139/139 21/121/121
f 332/143/143 352/146/146 38/93/93 22/112/112
f 157/106/106 176/99/99 354/102/102 345/107/107
f 340/139/139 353/138/138 36/44/44 7/37/37
f 22/112/112 38/93/93 355/96/96 333/113/113
f 345/107/107 354/102/102 40/110/110 29/115/115
f 7/37/37 36/44/44 385/47/47 380/38/38
f 333/113/113 355/96/96 39/104/104 21/121/121
f 28/109/109 45/92/92 356/148/148 331/145/145
f 380/38/38 385/47/47 62/54/54 57/48/48
f 44/98/98 357/133/133 339/137/137 19/103/103
f 331/145/145 356/148/148 43/87/87 20/94/94
f 20/94/94 43/87/87 358/90/90 330/95/95
f 339/137/137 357/133/133 41/50/50 9/45/45
f 154/100/100 182/55/55 359/58/58 344/101/101
f 330/95/95 358/90/90 44/98/98 19/103/103
f 9/45/45 41/50/50 386/53/53 381/46/46
f 344/101/101 359/58/58 45/92/92 28/109/109
f 42/29/29 363/161/161 364/162/162 10/30/30
f 381/46/46 386/53/53 63/28/28 58/31/31
f 84/34/34 417/33/33 727/163/163 427/164/164
f 417/33/33 4/165/165 360/166/166 727/163/163
f 727/163/163 360/166/166 46/167/167 419/168/168
f 427/164/164 727/163/163 419/168/168 86/169/169
f 75/170/170 404/171/171 728/172/172 408/173/173
f 404/171/171 14/174/174 361/175/175 728/172/172
f 728/172/172 361/175/175 51/176/176 406/177/177
f 408/173/173 728/172/172 406/177/177 79/178/178
f 364/162/162 363/161/161 54/5/5 49/179/179
f 8/180/180 365/181/181 366/182/182 32/183/183
f 366/182/182 365/181/181 48/184/184 52/185/185
f 37/186/186 367/187/187 365/181/181 8/180/180
f 365/181/181 367/187/187 53/188/188 48/184/184
f 32/183/183 366/182/182 368/189/189 6/190/190
f 368/189/189 366/182/182 52/185/185 47/191/191
f 6/190/190 368/189/189 360/166/166 4/165/165
f 360/166/166 368/189/189 47/191/191 46/167/167
f 10/30/30 364/162/162 367/187/187 37/186/186
f 367/187/187 364/162/162 49/179/179 53/188/188
f 12/192/192 362/193/193 363/161/161 42/29/29
f 363/161/161 362/193/193 50/1/1 54/5/5
f 51/176/176 284/194/194 407/195/195 406/177/177
f 48/184/184 281/196/196 375/197/197 285/198/198 52/185/185
f 52/185/185 285/198/198 371/199/199 280/200/200 47/191/191
f 406/177/177 407/195/195 292/201/201 79/178/178
f 53/188/188 286/202/202 372/203/203 281/196/196 48/184/184
f 46/167/167 278/204/204 420/205/205 419/168/168
f 287/4/4 373/206/206 282/207/207 49/179/179 54/5/5
f 49/179/179 282/207/207 376/208/208 286/202/202 53/188/188
f 419/168/168 420/205/205 293/209/209 86/169/169
f 280/200/200 370/210/210 278/204/204 46/167/167 47/191/191
f 146/84/84 309/211/211 391/212/212 342/85/85
f 62/54/54 37/186/186 8/180/180 57/48/48
f 61/49/49 32/183/183 6/190/190 56/42/42
f 80/60/60 387/63/63 404/171/171 75/170/170
f 58/31/31 10/30/30 37/186/186 62/54/54
f 404/171/171 387/63/63 60/68/68 14/174/174
f 59/59/59 12/192/192 42/29/29 63/28/28
f 57/48/48 8/180/180 32/183/183 61/49/49
f 56/42/42 6/190/190 4/165/165 55/43/43
f 51/176/176 361/175/175 383/67/67 13/66/66
f 87/35/35 84/34/34 458/213/213 457/214/214
f 83/27/27 416/26/26 729/215/215 426/216/216
f 416/26/26 3/25/25 378/40/40 729/215/215
f 729/215/215 378/40/40 55/43/43 421/32/32
f 426/216/216 729/215/215 421/32/32 87/35/35
f 291/217/217 388/218/218 324/151/151 26/86/86
f 342/85/85 391/212/212 291/217/217 26/86/86
f 16/77/77 290/219/219 390/220/220 338/136/136
f 324/151/151 388/218/218 289/221/221 15/75/75
f 289/221/221 389/222/222 325/76/76 15/75/75
f 338/136/136 390/220/220 288/223/223 13/66/66
f 288/223/223 392/224/224 284/194/194 51/176/176 13/66/66
f 325/76/76 389/222/222 290/219/219 16/77/77
f 90/225/225 66/226/226 400/227/227 448/228/228
f 383/67/67 361/175/175 14/174/174 60/68/68
f 80/60/60 75/170/170 12/192/192 59/59/59
f 91/229/229 67/230/230 397/231/231 436/232/232
f 448/228/228 400/227/227 70/233/233 97/234/234
f 89/18/18 423/17/17 730/235/235 424/236/236
f 423/17/17 2/16/16 395/237/237 730/235/235
f 730/235/235 395/237/237 65/23/23 415/20/20
f 424/236/236 730/235/235 415/20/20 82/19/19
f 2/16/16 393/15/15 731/238/238 395/237/237
f 393/15/15 1/14/14 394/239/239 731/238/238
f 731/238/238 394/239/239 64/117/117 321/120/120
f 395/237/237 731/238/238 321/120/120 65/23/23
f 441/240/240 745/241/241 732/242/242 457/214/214
f 456/243/243 83/27/27 426/216/216 732/242/242
f 732/242/242 426/216/216 87/35/35 457/214/214
f 746/244/244 432/245/245 451/246/246 736/247/247
f 222/248/248 428/249/249 733/250/250 450/251/251
f 428/249/249 85/252/252 451/246/246 733/250/250
f 743/153/153 437/253/253 452/156/156 726/154/154
f 432/245/245 742/254/254 733/250/250 451/246/246
f 438/255/255 744/157/157 734/160/160 456/243/243
f 455/159/159 82/19/19 429/22/22 734/160/160
f 734/160/160 429/22/22 83/27/27 456/243/243
f 745/241/241 438/255/255 456/243/243 732/242/242
f 440/158/158 749/256/256 735/257/257 455/159/159
f 453/155/155 89/18/18 424/236/236 735/257/257
f 735/257/257 424/236/236 82/19/19 455/159/159
f 445/6/6 459/258/258 512/259/259 369/7/7
f 85/252/252 431/260/260 736/247/247 451/246/246
f 431/260/260 81/261/261 454/262/262 736/247/247
f 747/263/263 447/264/264 458/213/213 737/265/265
f 443/266/266 746/244/244 736/247/247 454/262/262
f 68/267/267 398/268/268 439/269/269 92/270/270
f 436/232/232 397/231/231 66/226/226 90/225/225
f 445/6/6 747/263/263 737/265/265 459/258/258
f 458/213/213 84/34/34 427/164/164 737/265/265
f 737/265/265 427/164/164 86/169/169 459/258/258
f 447/264/264 441/240/240 457/214/214 458/213/213
f 70/233/233 399/271/271 444/272/272 97/234/234
f 439/269/269 398/268/268 71/273/273 98/274/274
f 79/178/178 292/201/201 374/275/275 283/2/2 50/1/1
f 444/272/272 399/271/271 69/276/276 94/277/277
f 98/274/274 71/273/273 401/278/278 449/279/279
f 75/170/170 408/173/173 362/193/193 12/192/192
f 362/193/193 408/173/173 79/178/178 50/1/1
f 27/91/91 78/78/78 409/149/149 328/147/147
f 77/69/69 410/134/134 337/132/132 18/97/97
f 328/147/147 409/149/149 76/73/73 17/88/88
f 151/56/56 217/82/82 411/79/79 343/57/57
f 337/132/132 410/134/134 74/64/64 11/51/51
f 17/88/88 76/73/73 412/70/70 329/89/89
f 343/57/57 411/79/79 78/78/78 27/91/91
f 11/51/51 74/64/64 413/61/61 382/52/52
f 329/89/89 412/70/70 77/69/69 18/97/97
f 194/280/280 195/281/281 580/282/282 579/283/283
f 382/52/52 413/61/61 80/60/60 59/59/59
f 95/9/9 279/8/8 403/284/284 446/285/285
f 449/279/279 401/278/278 67/230/230 91/229/229
f 1/14/14 422/11/11 738/286/286 394/239/239
f 422/11/11 88/10/10 425/287/287 738/286/286
f 738/286/286 425/287/287 81/261/261 414/288/288
f 394/239/239 738/286/286 414/288/288 64/117/117
f 96/289/289 73/290/290 402/291/291 442/292/292
f 748/293/293 443/266/266 454/262/262 740/294/294
f 93/295/295 72/296/296 73/290/290 96/289/289
f 446/285/285 403/284/284 72/296/296 93/295/295
f 131/123/123 341/126/126 739/297/297 319/298/298
f 341/126/126 25/130/130 418/299/299 739/297/297
f 739/297/297 418/299/299 85/252/252 428/249/249
f 319/298/298 739/297/297 428/249/249 222/248/248
f 93/295/295 96/289/289 441/240/240 447/264/264
f 442/292/292 402/291/291 68/267/267 92/270/270
f 94/277/277 69/276/276 396/300/300 433/301/301
f 88/10/10 452/156/156 740/294/294 425/287/287
f 749/256/256 435/152/152 453/155/155 735/257/257
f 437/253/253 748/293/293 740/294/294 452/156/156
f 425/287/287 740/294/294 454/262/262 81/261/261
f 25/130/130 320/142/142 741/302/302 418/299/299
f 320/142/142 64/117/117 414/288/288 741/302/302
f 741/302/302 414/288/288 81/261/261 431/260/260
f 418/299/299 741/302/302 431/260/260 85/252/252
f 94/277/277 433/301/301 742/254/254 432/245/245
f 433/303/301 232/304/303 434/305/304 742/306/254
f 91/229/229 436/232/232 743/153/153 435/152/152
f 436/232/232 90/225/225 437/253/253 743/153/153
f 92/270/270 439/269/269 744/157/157 438/255/255
f 439/269/269 98/274/274 440/158/158 744/157/157
f 96/289/289 442/292/292 745/241/241 441/240/240
f 442/292/292 92/270/270 438/255/255 745/241/241
f 97/234/234 444/272/272 746/244/244 443/266/266
f 444/272/272 94/277/277 432/245/245 746/244/244
f 95/9/9 446/285/285 747/263/263 445/6/6
f 446/285/285 93/295/295 447/264/264 747/263/263
f 72/307/296 471/308/305 470/309/306 73/310/290
f 90/225/225 448/228/228 748/293/293 437/253/253
f 448/228/228 97/234/234 443/266/266 748/293/293
f 98/274/274 449/279/279 749/256/256 440/158/158
f 449/279/279 91/229/229 435/152/152 749/256/256
f 433/301/301 396/300/300 205/311/307 232/312/303
f 67/313/230 401/314/278 750/315/308 468/316/309
f 401/314/278 71/317/273 469/318/310 750/315/308
f 750/315/308 469/318/310 104/319/311 465/320/312
f 468/316/309 750/315/308 465/320/312 100/321/313
f 470/309/306 471/308/305 105/322/314 106/323/315
f 105/322/314 489/324/316 488/325/317 106/323/315
f 68/326/267 402/327/291 751/328/318 472/329/319
f 402/327/291 73/310/290 470/309/306 751/328/318
f 751/328/318 470/309/306 106/323/315 466/330/320
f 472/329/319 751/328/318 466/330/320 101/331/321
f 205/332/307 396/333/300 752/334/322 473/335/323
f 396/333/300 69/336/276 474/337/324 752/334/322
f 752/334/322 474/337/324 102/338/325 460/339/326
f 473/335/323 752/334/322 460/339/326 242/340/327
f 72/307/296 403/341/284 753/342/328 471/308/305
f 403/343/284 279/344/8 475/345/329 753/346/328
f 753/342/328 475/347/329 294/348/330 467/349/331
f 471/308/305 753/342/328 467/349/331 105/322/314
f 66/350/226 397/351/231 754/352/332 476/353/333
f 397/351/231 67/313/230 468/316/309 754/352/332
f 754/352/332 468/316/309 100/321/313 461/354/334
f 476/353/333 754/352/332 461/354/334 99/355/335
f 71/317/273 398/356/268 755/357/336 469/318/310
f 398/356/268 68/326/267 472/329/319 755/357/336
f 755/357/336 472/329/319 101/331/321 462/358/337
f 469/318/310 755/357/336 462/358/337 104/319/311
f 69/336/276 399/359/271 756/360/338 474/337/324
f 399/359/271 70/361/233 477/362/339 756/360/338
f 756/360/338 477/362/339 103/363/340 463/364/341
f 474/337/324 756/360/338 463/364/341 102/338/325
f 70/361/233 400/365/227 757/366/342 477/362/339
f 400/365/227 66/350/226 476/353/333 757/366/342
f 757/366/342 476/353/333 99/355/335 464/367/343
f 477/362/339 757/366/342 464/367/343 103/363/340
f 104/319/311 462/358/337 758/368/344 486/369/345
f 462/358/337 101/331/321 487/370/346 758/368/344
f 758/368/344 487/370/346 109/371/347 480/372/348
f 486/369/345 758/368/344 480/372/348 112/373/349
f 488/325/317 489/324/316 113/374/350 114/375/351
f 113/374/350 121/376/352 122/377/353 114/375/351
f 102/338/325 463/364/341 759/378/354 490/379/355
f 463/364/341 103/363/340 491/380/356 759/378/354
f 759/378/354 491/380/356 111/381/357 481/382/358
f 490/379/355 759/378/354 481/382/358 110/383/359
f 242/340/327 460/339/326 760/384/360 492/385/361
f 460/339/326 102/338/325 490/379/355 760/384/360
f 760/384/360 490/379/355 110/383/359 478/386/362
f 492/385/361 760/384/360 478/386/362 251/387/363
f 101/331/321 466/330/320 761/388/364 487/370/346
f 466/330/320 106/323/315 488/325/317 761/388/364
f 761/388/364 488/325/317 114/375/351 484/389/365
f 487/370/346 761/388/364 484/389/365 109/371/347
f 103/363/340 464/367/343 762/390/366 491/380/356
f 464/367/343 99/355/335 493/391/367 762/390/366
f 762/390/366 493/391/367 107/392/368 482/393/369
f 491/380/356 762/390/366 482/393/369 111/381/357
f 99/355/335 461/354/334 763/394/370 493/391/367
f 461/354/334 100/321/313 494/395/371 763/394/370
f 763/394/370 494/395/371 108/396/372 479/397/373
f 493/391/367 763/394/370 479/397/373 107/392/368
f 105/322/314 467/349/331 764/398/374 489/324/316
f 467/349/331 294/348/330 495/399/375 764/398/374
f 764/398/374 495/399/375 295/400/376 485/401/377
f 489/324/316 764/398/374 485/401/377 113/374/350
f 100/321/313 465/320/312 765/402/378 494/395/371
f 465/320/312 104/319/311 486/369/345 765/402/378
f 765/402/378 486/369/345 112/373/349 483/403/379
f 494/395/371 765/402/378 483/403/379 108/396/372
f 111/381/357 119/404/380 499/405/381 481/382/358
f 129/406/382 130/407/383 122/377/353 121/376/352
f 118/408/384 496/409/385 478/386/362 110/383/359
f 481/382/358 499/405/381 118/408/384 110/383/359
f 122/377/353 502/410/386 484/389/365 114/375/351
f 478/386/362 496/409/385 260/411/387 251/387/363
f 107/392/368 115/412/388 500/413/389 482/393/369
f 484/389/365 502/410/386 117/414/390 109/371/347
f 108/396/372 116/415/391 497/416/392 479/397/373
f 482/393/369 500/413/389 119/404/380 111/381/357
f 295/400/376 296/417/393 503/418/394 485/401/377
f 479/397/373 497/416/392 115/412/388 107/392/368
f 112/373/349 120/419/395 501/420/396 483/403/379
f 485/401/377 503/418/394 121/376/352 113/374/350
f 117/414/390 498/421/397 480/372/348 109/371/347
f 483/403/379 501/420/396 116/415/391 108/396/372
f 122/377/353 130/407/383 510/422/398 502/410/386
f 480/372/348 498/421/397 120/419/395 112/373/349
f 115/412/388 123/423/399 508/424/400 500/413/389
f 502/410/386 510/422/398 125/425/401 117/414/390
f 116/415/391 124/426/402 505/427/403 497/416/392
f 500/413/389 508/424/400 127/428/404 119/404/380
f 296/417/393 297/429/405 511/430/406 503/418/394
f 497/416/392 505/427/403 123/423/399 115/412/388
f 120/419/395 128/431/407 509/432/408 501/420/396
f 503/418/394 511/430/406 129/406/382 121/376/352
f 125/425/401 506/433/409 498/421/397 117/414/390
f 501/420/396 509/432/408 124/426/402 116/415/391
f 498/421/397 506/433/409 128/431/407 120/419/395
f 127/428/404 507/434/410 499/405/381 119/404/380
f 126/435/411 504/436/412 496/409/385 118/408/384
f 499/405/381 507/434/410 126/435/411 118/408/384
f 268/437/413 706/438/414 688/439/415 259/440/416
f 496/409/385 504/436/412 269/441/417 260/411/387
f 512/259/259 459/258/258 86/169/169 293/209/209
f 238/442/418 299/443/419 570/444/420 649/445/421
f 189/446/422 193/447/423 307/448/424 578/449/425 303/450/426
f 230/451/427 635/452/428 766/453/429 626/454/430
f 635/452/428 231/455/431 627/456/432 766/453/429
f 766/453/429 627/456/432 133/457/433 595/458/434
f 626/454/430 766/453/429 595/458/434 132/459/435
f 224/460/436 634/461/437 767/462/438 619/463/439
f 634/461/437 225/464/440 620/465/441 767/462/438
f 767/462/438 620/465/441 134/466/442 515/467/443
f 619/463/439 767/462/438 515/467/443 204/468/444
f 229/469/445 633/470/446 768/471/447 625/472/448
f 633/470/446 226/473/449 621/474/450 768/471/447
f 768/471/447 621/474/450 135/475/451 516/476/452
f 625/472/448 768/471/447 516/476/452 194/280/280
f 579/283/283 580/282/282 136/477/453 134/466/442
f 200/478/454 196/479/455 581/480/456 585/481/457
f 585/481/457 581/480/456 138/482/458 167/483/459
f 201/484/460 197/485/461 582/486/462 586/487/463
f 586/487/463 582/486/462 140/488/464 173/489/465
f 202/490/466 198/491/467 583/492/468 587/493/469
f 587/493/469 583/492/468 142/494/470 179/495/471
f 184/496/472 163/497/473 541/498/474 559/499/475
f 221/500/476 588/501/477 769/502/478 617/503/479
f 588/501/477 199/504/480 584/505/481 769/502/478
f 769/502/478 584/505/481 144/506/482 522/507/483
f 617/503/479 769/502/478 522/507/483 214/508/484
f 218/509/485 608/510/486 770/511/487 616/512/488
f 608/510/486 148/513/489 524/514/490 770/511/487
f 770/511/487 524/514/490 147/515/491 525/516/492
f 616/512/488 770/511/487 525/516/492 216/517/493
f 219/518/494 545/519/495 771/520/496 615/521/497
f 545/519/495 162/522/498 540/523/499 771/520/496
f 771/520/496 540/523/499 146/84/84 327/83/83
f 615/521/497 771/520/496 327/83/83 217/82/82
f 559/499/475 541/498/474 151/56/56 182/55/55
f 150/524/500 527/525/501 558/526/502 183/527/503
f 558/526/502 527/525/501 149/528/504 181/529/505
f 152/530/506 528/531/507 554/532/508 177/533/509
f 554/532/508 528/531/507 153/534/510 175/535/511
f 178/536/512 164/537/513 542/538/514 553/539/515
f 553/539/515 542/538/514 154/100/100 176/99/99
f 172/540/516 165/541/517 543/542/518 549/543/519
f 549/543/519 543/542/518 157/106/106 170/105/105
f 155/544/520 531/545/521 548/546/522 171/547/523
f 548/546/522 531/545/521 156/548/524 169/549/525
f 158/550/526 532/551/527 514/552/528 204/468/444
f 514/552/528 532/551/527 159/553/529 203/554/530
f 161/555/531 166/556/532 544/557/533 539/558/534
f 539/558/534 544/557/533 160/124/124 131/123/123
f 134/466/442 136/477/453 534/559/535 515/467/443
f 179/495/471 142/494/470 535/560/536 557/561/537
f 515/467/443 534/559/535 158/550/526 204/468/444
f 214/508/484 522/507/483 772/562/538 614/563/539
f 522/507/483 144/506/482 536/564/540 772/562/538
f 772/562/538 536/564/540 148/513/489 608/510/486
f 614/563/539 772/562/538 608/510/486 218/509/485
f 557/561/537 535/560/536 150/524/500 183/527/503
f 173/489/465 140/488/464 537/565/541 552/566/542
f 552/566/542 537/565/541 152/530/506 177/533/509
f 167/483/459 138/482/458 538/567/543 547/568/544
f 547/568/544 538/567/543 155/544/520 171/547/523
f 203/554/530 159/553/529 533/569/545 513/570/546
f 513/570/546 533/569/545 166/556/532 161/555/531
f 169/549/525 156/548/524 530/571/547 546/572/548
f 546/572/548 530/571/547 165/541/517 172/540/516
f 175/535/511 153/534/510 529/573/549 551/574/550
f 551/574/550 529/573/549 164/537/513 178/536/512
f 181/529/505 149/528/504 526/575/551 556/576/552
f 556/576/552 526/575/551 163/497/473 184/496/472
f 159/553/529 169/549/525 546/572/548 533/569/545
f 216/517/493 525/516/492 773/577/553 613/578/554
f 525/516/492 147/515/491 523/579/555 773/577/553
f 773/577/553 523/579/555 162/522/498 545/519/495
f 613/578/554 773/577/553 545/519/495 219/518/494
f 639/580/556 657/581/557 774/582/558 794/583/559
f 795/584/560 784/585/561 659/586/562 644/587/563
f 774/582/558 657/581/557 231/455/431 635/452/428
f 656/588/564 774/582/558 635/452/428 230/451/427
f 533/569/545 546/572/548 172/540/516 166/556/532
f 136/477/453 167/483/459 547/568/544 534/559/535
f 534/559/535 547/568/544 171/547/523 158/550/526
f 171/547/523 548/546/522 532/551/527 158/550/526
f 532/551/527 548/546/522 169/549/525 159/553/529
f 166/556/532 172/540/516 549/543/519 544/557/533
f 544/557/533 549/543/519 170/105/105 160/124/124
f 195/281/281 200/478/454 585/481/457 580/282/282
f 580/282/282 585/481/457 167/483/459 136/477/453
f 156/548/524 175/535/511 551/574/550 530/571/547
f 530/571/547 551/574/550 178/536/512 165/541/517
f 138/482/458 173/489/465 552/566/542 538/567/543
f 538/567/543 552/566/542 177/533/509 155/544/520
f 165/541/517 178/536/512 553/539/515 543/542/518
f 543/542/518 553/539/515 176/99/99 157/106/106
f 177/533/509 554/532/508 531/545/521 155/544/520
f 531/545/521 554/532/508 175/535/511 156/548/524
f 196/479/455 201/484/460 586/487/463 581/480/456
f 581/480/456 586/487/463 173/489/465 138/482/458
f 153/534/510 181/529/505 556/576/552 529/573/549
f 529/573/549 556/576/552 184/496/472 164/537/513
f 140/488/464 179/495/471 557/561/537 537/565/541
f 537/565/541 557/561/537 183/527/503 152/530/506
f 183/527/503 558/526/502 528/531/507 152/530/506
f 528/531/507 558/526/502 181/529/505 153/534/510
f 164/537/513 184/496/472 559/499/475 542/538/514
f 542/538/514 559/499/475 182/55/55 154/100/100
f 197/485/461 202/490/466 587/493/469 582/486/462
f 582/486/462 587/493/469 179/495/471 140/488/464
f 193/447/423 564/589/565 565/590/566 188/591/567
f 226/473/449 631/592/568 775/593/569 621/474/450
f 631/592/568 228/594/570 623/595/571 775/593/569
f 775/593/569 623/595/571 185/596/572 561/597/573
f 621/474/450 775/593/569 561/597/573 135/475/451
f 215/598/574 612/599/575 776/600/576 607/601/577
f 612/599/575 220/602/578 609/603/579 776/600/576
f 776/600/576 609/603/579 190/604/580 562/605/581
f 607/601/577 776/600/576 562/605/581 145/606/582
f 187/607/583 566/608/584 567/609/585 191/610/586
f 565/590/566 564/589/565 180/611/587 141/612/588
f 192/613/589 568/614/590 566/608/584 187/607/583
f 567/609/585 566/608/584 139/615/591 168/616/592
f 191/610/586 567/609/585 569/617/593 186/618/594
f 566/608/584 568/614/590 174/619/595 139/615/591
f 186/618/594 569/617/593 561/597/573 185/596/572
f 569/617/593 567/609/585 168/616/592 137/620/596
f 188/591/567 565/590/566 568/614/590 192/613/589
f 561/597/573 569/617/593 137/620/596 135/475/451
f 189/446/422 563/621/597 564/589/565 193/447/423
f 568/614/590 565/590/566 141/612/588 174/619/595
f 220/602/578 313/622/598 610/623/599 609/603/579
f 564/589/565 563/621/597 143/624/600 180/611/587
f 187/607/583 191/610/586 305/625/601 576/626/602 301/627/603
f 609/603/579 610/623/599 304/628/604 190/604/580
f 191/610/586 186/618/594 300/629/605 572/630/606 305/625/601
f 192/613/589 187/607/583 301/627/603 573/631/607 306/632/608
f 228/594/570 314/633/609 624/634/610 623/595/571
f 307/448/424 193/447/423 188/591/567 302/635/611 574/636/612
f 623/595/571 624/634/610 298/637/613 185/596/572
f 188/591/567 192/613/589 306/632/608 577/638/614 302/635/611
f 300/629/605 186/618/594 185/596/572 298/637/613 571/639/615
f 312/640/616 592/641/617 540/523/499 162/522/498
f 180/611/587 560/642/618 519/643/619 141/612/588
f 519/643/619 560/642/618 202/490/466 197/485/461
f 174/619/595 555/644/620 518/645/621 139/615/591
f 518/645/621 555/644/620 201/484/460 196/479/455
f 168/616/592 550/646/622 517/647/623 137/620/596
f 517/647/623 550/646/622 200/478/454 195/281/281
f 143/624/600 520/648/624 560/642/618 180/611/587
f 215/598/574 607/601/577 777/649/625 611/650/626
f 607/601/577 145/606/582 521/651/627 777/649/625
f 777/649/625 521/651/627 199/504/480 588/501/477
f 611/650/626 777/649/625 588/501/477 221/500/476
f 560/642/618 520/648/624 198/491/467 202/490/466
f 141/612/588 519/643/619 555/644/620 174/619/595
f 555/644/620 519/643/619 197/485/461 201/484/460
f 139/615/591 518/645/621 550/646/622 168/616/592
f 550/646/622 518/645/621 196/479/455 200/478/454
f 137/620/596 517/647/623 516/476/452 135/475/451
f 516/476/452 517/647/623 195/281/281 194/280/280
f 215/598/574 611/650/626 520/648/624 143/624/600
f 225/464/440 630/652/628 778/653/629 620/465/441
f 630/652/628 229/469/445 625/472/448 778/653/629
f 778/653/629 625/472/448 194/280/280 579/283/283
f 620/465/441 778/653/629 579/283/283 134/466/442
f 540/523/499 592/641/617 309/211/211 146/84/84
f 310/654/630 589/655/631 523/579/555 147/515/491
f 523/579/555 589/655/631 312/640/616 162/522/498
f 308/656/632 591/657/633 536/564/540 144/506/482
f 536/564/540 591/657/633 311/658/634 148/513/489
f 148/513/489 311/658/634 590/659/635 524/514/490
f 524/514/490 590/659/635 310/654/630 147/515/491
f 190/604/580 304/628/604 594/660/636 593/661/637
f 199/504/480 521/651/627 779/662/638 584/505/481
f 521/651/627 145/606/582 562/605/581 779/662/638
f 779/662/638 562/605/581 190/604/580 593/661/637
f 584/505/481 779/662/638 593/661/637 144/506/482
f 593/661/637 594/660/636 308/656/632 144/506/482
f 210/663/639 602/664/640 653/665/641 240/666/642
f 653/665/641 602/664/640 206/667/643 233/668/644
f 233/668/644 206/667/643 599/669/645 640/670/646
f 231/455/431 628/671/647 780/672/648 627/456/432
f 628/671/647 224/460/436 619/463/439 780/672/648
f 780/672/648 619/463/439 204/468/444 597/673/649
f 627/456/432 780/672/648 597/673/649 133/457/433
f 133/457/433 597/673/649 781/674/650 595/458/434
f 597/673/649 204/468/444 514/552/528 781/674/650
f 781/674/650 514/552/528 203/554/530 596/675/651
f 595/458/434 781/674/650 596/675/651 132/459/435
f 645/676/652 661/677/653 782/678/654 796/679/655
f 797/680/656 786/681/657 655/682/658 637/683/659
f 782/678/654 661/677/653 229/469/445 630/652/628
f 660/684/660 782/678/654 630/652/628 225/464/440
f 222/248/248 450/251/251 783/685/661 632/686/662
f 637/683/659 655/682/658 783/685/661 793/687/663
f 794/583/559 774/582/558 656/588/564 641/688/664
f 632/686/662 783/685/661 655/682/658 227/689/665
f 642/690/666 660/684/660 784/585/561 795/584/560
f 796/679/655 782/678/654 660/684/660 642/690/666
f 784/585/561 660/684/660 225/464/440 634/461/437
f 659/586/562 784/585/561 634/461/437 224/460/436
f 644/587/563 659/586/562 785/691/667 801/692/668
f 718/693/669 663/694/670 649/445/421 570/444/420
f 785/691/667 659/586/562 224/460/436 628/671/647
f 657/581/557 785/691/667 628/671/647 231/455/431
f 227/689/665 655/682/658 786/681/657 636/695/671
f 647/696/672 658/697/673 786/681/657 797/680/656
f 798/698/674 787/699/675 662/700/676 651/701/677
f 636/695/671 786/681/657 658/697/673 223/702/678
f 640/670/646 599/669/645 207/703/679 234/704/680
f 241/705/681 211/706/682 600/707/683 643/708/684
f 649/445/421 663/694/670 787/699/675 798/698/674
f 799/709/685 789/710/686 661/677/653 645/676/652
f 787/699/675 663/694/670 228/594/570 631/592/568
f 662/700/676 787/699/675 631/592/568 226/473/449
f 643/708/684 600/707/683 208/711/687 235/712/688
f 237/713/689 209/714/690 601/715/691 648/716/692
f 648/716/692 601/715/691 210/663/639 240/666/642
f 220/602/578 189/446/422 303/450/426 575/717/693 313/622/598
f 520/648/624 611/650/626 221/500/476 198/491/467
f 234/704/680 207/703/679 603/718/694 654/719/695
f 220/602/578 612/599/575 563/621/597 189/446/422
f 149/528/504 216/517/493 613/578/554 526/575/551
f 563/621/597 612/599/575 215/598/574 143/624/600
f 526/575/551 613/578/554 219/518/494 163/497/473
f 142/494/470 214/508/484 614/563/539 535/560/536
f 535/560/536 614/563/539 218/509/485 150/524/500
f 163/497/473 219/518/494 615/521/497 541/498/474
f 541/498/474 615/521/497 217/82/82 151/56/56
f 218/509/485 616/512/488 527/525/501 150/524/500
f 527/525/501 616/512/488 216/517/493 149/528/504
f 198/491/467 221/500/476 617/503/479 583/492/468
f 583/492/468 617/503/479 214/508/484 142/494/470
f 654/719/695 603/718/694 211/706/682 241/705/681
f 236/720/696 212/721/697 606/722/698 650/723/699
f 132/459/435 596/675/651 788/724/700 626/454/430
f 596/675/651 203/554/530 618/725/701 788/724/700
f 788/724/700 618/725/701 223/702/678 629/726/702
f 626/454/430 788/724/700 629/726/702 230/451/427
f 651/701/677 662/700/676 789/710/686 799/709/685
f 800/727/703 791/728/704 658/697/673 647/696/672
f 789/710/686 662/700/676 226/473/449 633/470/446
f 661/677/653 789/710/686 633/470/446 229/469/445
f 650/723/699 606/722/698 299/443/419 238/442/418
f 239/729/705 213/730/706 604/731/707 652/732/708
f 131/123/123 319/298/298 790/733/709 539/558/534
f 319/298/298 222/248/248 632/686/662 790/733/709
f 790/733/709 632/686/662 227/689/665 622/734/710
f 539/558/534 790/733/709 622/734/710 161/555/531
f 652/732/708 604/731/707 212/721/697 236/720/696
f 208/711/687 605/735/711 646/736/712 235/712/688
f 205/311/307 598/737/713 638/738/714 232/312/303
f 646/736/712 605/735/711 213/730/706 239/729/705
f 230/451/427 629/726/702 791/728/704 656/588/564
f 629/726/702 223/702/678 658/697/673 791/728/704
f 641/688/664 656/588/564 791/728/704 800/727/703
f 801/692/668 785/691/667 657/581/557 639/580/556
f 161/555/531 622/734/710 792/739/715 513/570/546
f 622/734/710 227/689/665 636/695/671 792/739/715
f 792/739/715 636/695/671 223/702/678 618/725/701
f 513/570/546 792/739/715 618/725/701 203/554/530
f 237/713/689 637/683/659 793/687/663 638/738/714
f 638/740/714 793/741/663 434/305/304 232/304/303
f 234/704/680 639/580/556 794/583/559 640/670/646
f 640/670/646 794/583/559 641/688/664 233/668/644
f 235/712/688 642/690/666 795/584/560 643/708/684
f 643/708/684 795/584/560 644/587/563 241/705/681
f 239/729/705 645/676/652 796/679/655 646/736/712
f 646/736/712 796/679/655 642/690/666 235/712/688
f 240/666/642 647/696/672 797/680/656 648/716/692
f 648/716/692 797/680/656 637/683/659 237/713/689
f 238/442/418 649/445/421 798/698/674 650/723/699
f 650/723/699 798/698/674 651/701/677 236/720/696
f 236/720/696 651/701/677 799/709/685 652/732/708
f 652/732/708 799/709/685 645/676/652 239/729/705
f 233/668/644 641/688/664 800/727/703 653/665/641
f 653/665/641 800/727/703 647/696/672 240/666/642
f 241/705/681 644/587/563 801/692/668 654/719/695
f 654/719/695 801/692/668 639/580/556 234/704/680
f 638/738/714 598/737/713 209/714/690 237/713/689
f 228/594/570 663/694/670 718/693/669 314/633/609
f 207/742/679 673/743/716 802/744/717 603/745/694
f 673/743/716 244/746/718 669/747/719 802/744/717
f 802/744/717 669/747/719 248/748/720 674/749/721
f 603/745/694 802/744/717 674/749/721 211/750/682
f 213/751/706 675/752/722 803/753/723 604/754/707
f 675/752/722 250/755/724 670/756/725 803/753/723
f 803/753/723 670/756/725 249/757/726 676/758/727
f 604/754/707 803/753/723 676/758/727 212/759/697
f 208/760/687 677/761/728 804/762/729 605/763/711
f 677/761/728 245/764/730 671/765/731 804/762/729
f 804/762/729 671/765/731 250/755/724 675/752/722
f 605/763/711 804/762/729 675/752/722 213/751/706
f 205/332/307 473/335/323 805/766/732 598/767/713
f 473/335/323 242/340/327 664/768/733 805/766/732
f 805/766/732 664/768/733 246/769/734 678/770/735
f 598/767/713 805/766/732 678/770/735 209/771/690
f 212/759/697 676/758/727 806/772/736 606/773/698
f 676/758/727 249/757/726 672/774/737 806/772/736
f 806/772/736 672/774/737 315/775/738 679/776/739
f 606/773/698 806/772/736 679/776/739 299/777/419
f 206/778/643 680/779/740 807/780/741 599/781/645
f 680/779/740 243/782/742 665/783/743 807/780/741
f 807/780/741 665/783/743 244/746/718 673/743/716
f 599/781/645 807/780/741 673/743/716 207/742/679
f 211/750/682 674/749/721 808/784/744 600/785/683
f 674/749/721 248/748/720 666/786/745 808/784/744
f 808/784/744 666/786/745 245/764/730 677/761/728
f 600/785/683 808/784/744 677/761/728 208/760/687
f 209/771/690 678/770/735 809/787/746 601/788/691
f 678/770/735 246/769/734 667/789/747 809/787/746
f 809/787/746 667/789/747 247/790/748 681/791/749
f 601/788/691 809/787/746 681/791/749 210/792/639
f 210/792/639 681/791/749 810/793/750 602/794/640
f 681/791/749 247/790/748 668/795/751 810/793/750
f 810/793/750 668/795/751 243/782/742 680/779/740
f 602/794/640 810/793/750 680/779/740 206/778/643
f 248/748/720 691/796/752 811/797/753 666/786/745
f 691/796/752 257/798/754 684/799/755 811/797/753
f 811/797/753 684/799/755 254/800/756 692/801/757
f 666/786/745 811/797/753 692/801/757 245/764/730
f 250/755/724 693/802/758 812/803/759 670/756/725
f 693/802/758 259/440/416 688/439/415 812/803/759
f 812/803/759 688/439/415 258/804/760 694/805/761
f 670/756/725 812/803/759 694/805/761 249/757/726
f 246/769/734 695/806/762 813/807/763 667/789/747
f 695/806/762 255/808/764 685/809/765 813/807/763
f 813/807/763 685/809/765 256/810/766 696/811/767
f 667/789/747 813/807/763 696/811/767 247/790/748
f 242/340/327 492/385/361 814/812/768 664/768/733
f 492/385/361 251/387/363 682/813/769 814/812/768
f 814/812/768 682/813/769 255/808/764 695/806/762
f 664/768/733 814/812/768 695/806/762 246/769/734
f 245/764/730 692/801/757 815/814/770 671/765/731
f 692/801/757 254/800/756 689/815/771 815/814/770
f 815/814/770 689/815/771 259/440/416 693/802/758
f 671/765/731 815/814/770 693/802/758 250/755/724
f 247/790/748 696/811/767 816/816/772 668/795/751
f 696/811/767 256/810/766 686/817/773 816/816/772
f 816/816/772 686/817/773 252/818/774 697/819/775
f 668/795/751 816/816/772 697/819/775 243/782/742
f 243/782/742 697/819/775 817/820/776 665/783/743
f 697/819/775 252/818/774 683/821/777 817/820/776
f 817/820/776 683/821/777 253/822/778 698/823/779
f 665/783/743 817/820/776 698/823/779 244/746/718
f 249/757/726 694/805/761 818/824/780 672/774/737
f 694/805/761 258/804/760 690/825/781 818/824/780
f 818/824/780 690/825/781 316/826/782 699/827/783
f 672/774/737 818/824/780 699/827/783 315/775/738
f 244/746/718 698/823/779 819/828/784 669/747/719
f 698/823/779 253/822/778 687/829/785 819/828/784
f 819/828/784 687/829/785 257/798/754 691/796/752
f 669/747/719 819/828/784 691/796/752 248/748/720
f 688/439/415 706/438/414 267/830/786 258/804/760
f 264/831/787 703/832/788 685/809/765 255/808/764
f 685/809/765 703/832/788 265/833/789 256/810/766
f 260/411/387 700/834/790 682/813/769 251/387/363
f 682/813/769 700/834/790 264/831/787 255/808/764
f 263/835/791 707/836/792 689/815/771 254/800/756
f 689/815/771 707/836/792 268/437/413 259/440/416
f 256/810/766 265/833/789 704/837/793 686/817/773
f 686/817/773 704/837/793 261/838/794 252/818/774
f 252/818/774 261/838/794 701/839/795 683/821/777
f 683/821/777 701/839/795 262/840/796 253/822/778
f 258/804/760 267/830/786 708/841/797 690/825/781
f 690/825/781 708/841/797 317/842/798 316/826/782
f 253/822/778 262/840/796 705/843/799 687/829/785
f 687/829/785 705/843/799 266/844/800 257/798/754
f 257/798/754 266/844/800 702/845/801 684/799/755
f 684/799/755 702/845/801 263/835/791 254/800/756
f 272/846/802 716/847/803 707/836/792 263/835/791
f 707/836/792 716/847/803 277/848/804 268/437/413
f 274/849/805 713/850/806 704/837/793 265/833/789
f 704/837/793 713/850/806 270/851/807 261/838/794
f 261/838/794 270/851/807 710/852/808 701/839/795
f 701/839/795 710/852/808 271/853/809 262/840/796
f 276/854/810 717/855/811 708/841/797 267/830/786
f 708/841/797 717/855/811 318/856/812 317/842/798
f 262/840/796 271/853/809 714/857/813 705/843/799
f 705/843/799 714/857/813 275/858/814 266/844/800
f 266/844/800 275/858/814 711/859/815 702/845/801
f 702/845/801 711/859/815 272/846/802 263/835/791
f 268/437/413 277/848/804 715/860/816 706/438/414
f 706/438/414 715/860/816 276/854/810 267/830/786
f 273/861/817 712/862/818 703/832/788 264/831/787
f 703/832/788 712/862/818 274/849/805 265/833/789
f 269/441/417 709/863/819 700/834/790 260/411/387
f 700/834/790 709/863/819 273/861/817 264/831/787
f 742/254/254 434/864/304 450/251/251 733/250/250
f 793/687/663 783/685/661 450/251/251 434/864/304
f 3/25/25 5/131/131 379/41/41 378/40/40
f 55/43/43 4/165/165 417/33/33 421/32/32
o strap.001
v 7.888262 2.461215 -1.968468
v 9.761736 2.458806 -1.520732
v 7.689368 11.118283 -1.545301
v 10.588715 11.118313 -0.820272
v 7.664248 20.521194 -1.410380
v 10.465542 20.094021 -0.549299
v 8.162184 27.405743 -1.705039
v 10.079096 25.246494 -0.843602
v 4.670261 32.821312 -1.095193
v 5.763271 29.925213 -1.267008
v 8.833240 2.377596 -1.746252
v 9.137191 11.115215 -1.168224
v 9.040611 20.301147 -0.952860
v 9.111803 26.318268 -1.276558
v 5.225180 31.405106 -1.184053
v 10.425085 6.016881 -1.375964
v 7.574485 6.019726 -2.064979
v 8.998451 6.014664 -1.725442
v 10.045807 3.285733 -1.466486
v 7.622728 3.289126 -2.046153
v 8.833949 3.285767 -1.759010
v -5.418867 2.490028 -1.931906
v -7.262617 2.477305 -1.485899
v -4.207879 11.031930 -1.836500
v -7.040088 10.977064 -1.144760
v -2.957948 19.889423 -2.306655
v -5.321698 19.378872 -1.602760
v -5.522443 26.954109 -2.518316
v -6.340086 24.537750 -2.037739
v -4.321575 32.919830 -1.228126
v -4.587656 29.842297 -1.620430
v -0.179235 33.919659 -0.966943
v -0.039655 31.018867 -1.480141
v -6.353141 2.401868 -1.709594
v -5.622253 11.002051 -1.492257
v -4.051027 19.607571 -1.971931
v -5.892348 25.717335 -2.318797
v -4.559227 31.440735 -1.401071
v -0.179720 32.519268 -1.219145
v -7.901951 6.015875 -1.366161
v -5.132010 6.052159 -2.043997
v -6.557412 6.033250 -1.704838
v -7.556138 3.303036 -1.430060
v -5.178047 3.322416 -2.006731
v -6.381939 3.312914 -1.718155
v 9.364676 2.387541 -1.618546
v 9.862587 11.115958 -0.990514
v 9.935883 2.687744 -1.476742
v 7.589746 8.037083 -1.886997
v 9.748436 20.195637 -0.743184
v 10.673393 15.597325 -0.353981
v 7.819712 15.654313 -1.114168
v 9.591200 25.779667 -1.060452
v 10.542944 23.055737 -0.734151
v 8.045324 24.305790 -1.702343
v 5.498491 30.672924 -1.226432
v 8.378357 27.767517 -1.053671
v 6.951594 30.500362 -1.423380
v -0.127729 31.782383 -1.348627
v 2.815115 30.849743 -1.393832
v 2.200530 33.753525 -0.961192
v 8.299761 2.388891 -1.873042
v 8.412617 11.116068 -1.353413
v 8.345011 20.409992 -1.176362
v 8.637032 26.860886 -1.491497
v 4.947534 32.121185 -1.140211
v -0.195888 33.230801 -1.091928
v 2.472891 32.341793 -1.178242
v 7.690236 29.147667 -1.242707
v 9.269312 23.670216 -1.211574
v 9.250368 15.618963 -0.680151
v 9.049095 8.032833 -1.530780
v 10.512861 8.035854 -1.172083
v 7.589769 4.433542 -2.089605
v 8.912886 4.429206 -1.775969
v 9.711369 6.014886 -1.551883
v 8.286215 6.016331 -1.896365
v 10.237305 4.430013 -1.454165
v 7.690796 2.690758 -2.013341
v 8.814198 2.677672 -1.747054
v 8.228306 3.287050 -1.903206
v 9.439756 3.285332 -1.613428
v -6.874289 2.408627 -1.582774
v -6.330627 10.988619 -1.318929
v -7.436699 2.705361 -1.441643
v -4.904346 8.044054 -1.939607
v -4.661538 19.485985 -1.793185
v -5.756537 15.205082 -1.219438
v -3.112795 15.337936 -1.894657
v -6.102087 25.118050 -2.193743
v -6.042153 22.252972 -2.002746
v -4.275401 23.602089 -2.882861
v -4.598962 30.655987 -1.503745
v -5.833923 27.349506 -1.798056
v -5.602565 30.407890 -1.752343
v -2.581366 30.895424 -1.555316
v -2.374022 33.847458 -1.018176
v -5.826322 2.415820 -1.836290
v -4.914486 11.016710 -1.664778
v -3.485405 19.742599 -2.142220
v -5.702199 26.331127 -2.423333
v -4.466411 32.195187 -1.309990
v -2.575496 32.431210 -1.274270
v -5.768957 28.903255 -1.746834
v -5.079183 22.888882 -2.497747
v -4.376357 15.259264 -1.562633
v -6.369897 8.019762 -1.591790
v -7.756030 7.997651 -1.243742
v -5.171453 4.469833 -2.050202
v -6.489228 4.456595 -1.735043
v -7.238244 6.024134 -1.535495
v -5.855321 6.042811 -1.874304
v -7.756324 4.443565 -1.420450
v -5.228292 2.721263 -1.976090
v -6.343497 2.703139 -1.708773
v -5.783939 3.317807 -1.862362
v -6.972311 3.307935 -1.574070
v 8.318903 8.034095 -1.709197
v 8.534624 15.635342 -0.885557
v 8.651378 23.985722 -1.455907
v 7.328212 29.828564 -1.333940
v 2.326950 33.057087 -1.069722
v 2.636737 31.606182 -1.286425
v 8.039232 28.459827 -1.149391
v 9.900005 23.360062 -0.970556
v 9.963608 15.606203 -0.502920
v 9.780388 8.033462 -1.351644
v 9.574875 4.428971 -1.616079
v 8.251232 4.430765 -1.933730
v 8.245562 2.680484 -1.882402
v 9.382587 2.678947 -1.610662
v -5.646913 8.032059 -1.765678
v -3.731890 15.295990 -1.729855
v -4.660605 23.236683 -2.702543
v -5.702181 29.664078 -1.742327
v -2.496866 33.152798 -1.143634
v -2.604417 31.679287 -1.411168
v -5.810080 28.129959 -1.766155
v -5.537978 22.560711 -2.264916
v -5.050292 15.228732 -1.392640
v -7.071826 8.008070 -1.417851
v -7.128217 4.449912 -1.577712
v -5.837089 4.463356 -1.892516
v -5.781645 2.708897 -1.844135
v -6.899739 2.700734 -1.573478
v 7.968610 2.465354 -2.312868
v 9.843210 2.463025 -1.864878
v 7.767653 11.124392 -1.888685
v 10.668999 11.124259 -1.163411
v 7.755700 20.501183 -1.746930
v 10.561405 20.085194 -0.886658
v 8.390685 27.506355 -1.954605
v 10.239746 25.288280 -1.156047
v 4.697109 32.800335 -0.742484
v 5.751979 29.920807 -0.913692
v 8.914148 2.382803 -2.090520
v 9.216644 11.121177 -1.511432
v 9.134893 20.286331 -1.289461
v 9.334673 26.416870 -1.534443
v 5.250114 31.402100 -0.830595
v 10.505533 6.027206 -1.720113
v 7.654541 6.029558 -2.409126
v 9.078686 6.024480 -2.069643
v 10.126734 3.275591 -1.810648
v 7.703355 3.279020 -2.390341
v 8.914715 3.275845 -2.103196
v -5.499704 2.493874 -2.276237
v -7.344613 2.481218 -1.829956
v -4.288763 11.036992 -2.181292
v -7.121664 10.982119 -1.489181
v -3.039902 19.867306 -2.648971
v -5.406082 19.367592 -1.948204
v -5.737106 27.056381 -2.750922
v -6.491408 24.578075 -2.350414
v -4.343385 32.898846 -0.875715
v -4.585106 29.840229 -1.264298
v -0.180112 33.870396 -0.617346
v -0.038821 30.969051 -1.131101
v -6.434595 2.406776 -2.053774
v -5.703744 11.007063 -1.836828
v -4.134047 19.590538 -2.315947
v -6.112198 25.819180 -2.559377
v -4.582249 31.438362 -1.046712
v -0.180050 32.469902 -0.869785
v -7.983490 6.025486 -1.710333
v -5.213142 6.061186 -2.388298
v -6.638987 6.042270 -2.049079
v -7.637403 3.292517 -1.774150
v -5.258831 3.311877 -2.350905
v -6.462955 3.302567 -2.062295
v 9.445873 2.392315 -1.962746
v 9.942493 11.121994 -1.333661
v 10.017092 2.683294 -1.820940
v 7.669037 8.051992 -2.230646
v 9.843771 20.184624 -1.080124
v 10.758076 15.594247 -0.693874
v 7.900048 15.648958 -1.455210
v 9.837210 25.908955 -1.285996
v 10.658628 23.056000 -1.067352
v 8.161142 24.293957 -2.033680
v 5.499278 30.662800 -0.872829
v 8.672573 27.976219 -1.053503
v 7.087052 30.563988 -1.098953
v -0.127555 31.732815 -0.999418
v 2.803401 30.806927 -1.043692
v 2.204630 33.709751 -0.610491
v 8.380400 2.393661 -2.217370
v 8.491529 11.121979 -1.696711
v 8.437988 20.391701 -1.512796
v 8.844691 26.939358 -1.765992
v 5.002667 32.126431 -0.789128
v -0.196561 33.181553 -0.742437
v 2.470071 32.299133 -0.827597
v 7.970795 29.305054 -1.082096
v 9.386389 23.665363 -1.543485
v 9.333536 15.614511 -1.020085
v 9.128800 8.047630 -1.874464
v 10.592945 8.050552 -1.515725
v 7.670258 4.428962 -2.433958
v 8.993482 4.424523 -2.120350
v 9.791710 6.024706 -1.896081
v 8.366351 6.026154 -2.240548
v 10.318054 4.425967 -1.798535
v 7.771365 2.686164 -2.357666
v 8.895070 2.675971 -2.091351
v 8.308991 3.277065 -2.247399
v 9.520613 3.275365 -1.957604
v -6.956014 2.413099 -1.926886
v -6.412207 10.993731 -1.663420
v -7.518287 2.700578 -1.785777
v -4.985342 8.057905 -2.283899
v -4.745399 19.472578 -2.138107
v -5.837490 15.201057 -1.563908
v -3.193985 15.331256 -2.239596
v -6.357638 25.253693 -2.396692
v -6.143780 22.249401 -2.346778
v -4.371669 23.586803 -3.216574
v -4.603425 30.647045 -1.148760
v -6.138886 27.569275 -1.762129
v -5.723077 30.471970 -1.422630
v -2.570684 30.852261 -1.205620
v -2.378659 33.803875 -0.667832
v -5.907476 2.420294 -2.180540
v -4.995754 11.021632 -2.009447
v -3.567737 19.722223 -2.485260
v -5.897364 26.410610 -2.683822
v -4.511584 32.200478 -0.958497
v -2.573723 32.388477 -0.924048
v -6.030771 29.064053 -1.566734
v -5.179852 22.880360 -2.837276
v -4.457457 15.253791 -1.907272
v -6.451655 8.033499 -1.935979
v -7.837677 8.011372 -1.587845
v -5.252405 4.464691 -2.394530
v -6.570397 4.451369 -2.079332
v -7.319871 6.033194 -1.879705
v -5.936721 6.051820 -2.218575
v -7.837704 4.439049 -1.764696
v -5.309126 2.716321 -2.320384
v -6.424799 2.701094 -2.053007
v -5.864826 3.307386 -2.206525
v -7.053464 3.297564 -1.918185
v 8.398403 8.048920 -2.052871
v 8.616577 15.630068 -1.225961
v 8.766100 23.974651 -1.788022
v 7.630594 29.978626 -1.206491
v 2.329897 33.015114 -0.718804
v 2.629007 31.562836 -0.936100
v 8.291054 28.623394 -0.952118
v 10.019821 23.362293 -1.302110
v 10.047655 15.602669 -0.842675
v 9.860292 8.048247 -1.695313
v 9.655544 4.424295 -1.960462
v 8.331766 4.426076 -2.278101
v 8.326210 2.678453 -2.226738
v 9.463678 2.676965 -1.954915
v -5.728374 8.045811 -2.109916
v -3.813158 15.289592 -2.074604
v -4.756829 23.222076 -3.039468
v -5.968336 29.813698 -1.601444
v -2.500286 33.110943 -0.793134
v -2.597830 31.635685 -1.061291
v -6.061462 28.301304 -1.542101
v -5.643672 22.559193 -2.606316
v -5.131210 15.224222 -1.737214
v -7.153639 8.021830 -1.761995
v -7.209496 4.444726 -1.921980
v -5.918144 4.458104 -2.236827
v -5.862681 2.706522 -2.188419
v -6.981268 2.698412 -1.917661
vt 0.000000 0.000000
vt 0.000000 0.000000
vt 0.000000 0.000000
vt 0.000000 0.000000
vt 0.000000 0.000000
vt 0.000000 0.000000
vt 0.000000 0.000000
vt 0.000000 0.000000
vt 0.000000 0.000000
vt 0.000000 0.000000
vt 0.000000 0.000000
vt 0.000000 0.000000
vt 0.000000 0.000000
vt 0.000000 0.000000
vt 0.000000 0.000000
vt 0.000000 0.000000
vt 0.000000 0.000000
vt 0.000000 0.000000
vt 0.000000 0.000000
vt 0.000000 0.000000
vt 0.000000 0.000000
vt 0.000000 0.000000
vt 0.000000 0.000000
vt 0.000000 0.000000
vt 0.000000 0.000000
vt 0.000000 0.000000
vt 0.000000 0.000000
vt 0.000000 0.000000
vt 0.000000 0.000000
vt 0.000000 0.000000
vt 0.000000 0.000000
vt 0.000000 0.000000
vt 0.000000 0.000000
vt 0.000000 0.000000
vt 0.000000 0.000000
vt 0.000000 0.000000
vt 0.000000 0.000000
vt 0.000000 0.000000
vt 0.000000 0.000000
vt 0.000000 0.000000
vt 0.000000 0.000000
vt 0.000000 0.000000
vt 0.000000 0.000000
vt 0.000000 0.000000
vt 0.000000 0.000000
vt 0.000000 0.000000
vt 0.000000 0.000000
vt 0.000000 0.000000
vt 0.000000 0.000000
vt 0.000000 0.000000
vt 0.000000 0.000000
vt 0.000000 0.000000
vt 0.000000 0.000000
vt 0.000000 0.000000
vt 0.000000 0.000000
vt 0.000000 0.000000
vt 0.000000 0.000000
vt 0.000000 0.000000
vt 0.000000 0.000000
vt 0.000000 0.000000
vt 0.000000 0.000000
vt 0.000000 0.000000
vt 0.000000 0.000000
vt 0.000000 0.000000
vt 0.000000 0.000000
vt 0.000000 0.000000
vt 0.000000 0.000000
vt 0.000000 0.000000
vt 0.000000 0.000000
vt 0.000000 0.000000
vt 0.000000 0.000000
vt 0.000000 0.000000
vt 0.000000 0.000000
vt 0.000000 0.000000
vt 0.000000 0.000000
vt 0.000000 0.000000
vt 0.000000 0.000000
vt 0.000000 0.000000
vt 0.000000 0.000000
vt 0.000000 0.000000
vt 0.000000 0.000000
vt 0.000000 0.000000
vt 0.000000 0.000000
vt 0.000000 0.000000
vt 0.000000 0.000000
vt 0.000000 0.000000
vt 0.000000 0.000000
vt 0.000000 0.000000
vt 0.000000 0.000000
vt 0.000000 0.000000
vt 0.000000 0.000000
vt 0.000000 0.000000
vt 0.000000 0.000000
vt 0.000000 0.000000
vt 0.000000 0.000000
vt 0.000000 0.000000
vt 0.000000 0.000000
vt 0.000000 0.000000
vt 0.000000 0.000000
vt 0.000000 0.000000
vt 0.000000 0.000000
vt 0.000000 0.000000
vt 0.000000 0.000000
vt 0.000000 0.000000
vt 0.000000 0.000000
vt 0.000000 0.000000
vt 0.000000 0.000000
vt 0.000000 0.000000
vt 0.000000 0.000000
vt 0.000000 0.000000
vt 0.000000 0.000000
vt 0.000000 0.000000
vt 0.000000 0.000000
vt 0.000000 0.000000
vt 0.000000 0.000000
vt 0.000000 0.000000
vt 0.000000 0.000000
vt 0.000000 0.000000
vt 0.000000 0.000000
vt 0.000000 0.000000
vt 0.000000 0.000000
vt 0.000000 0.000000
vt 0.000000 0.000000
vt 0.000000 0.000000
vt 0.000000 0.000000
vt 0.000000 0.000000
vt 0.000000 0.000000
vt 0.000000 0.000000
vt 0.000000 0.000000
vt 0.000000 0.000000
vt 0.000000 0.000000
vt 0.000000 0.000000
vt 0.000000 0.000000
vt 0.000000 0.000000
vt 0.000000 0.000000
vt 0.000000 0.000000
vt 0.000000 0.000000
vt 0.000000 0.000000
vt 0.000000 0.000000
vt 0.000000 0.000000
vt 0.000000 0.000000
vt 0.000000 0.000000
vt 0.000000 0.000000
vt 0.000000 0.000000
vt 0.000000 0.000000
vt 0.000000 0.000000
vt 0.000000 0.000000
vt 0.000000 0.000000
vt 0.000000 0.000000
vt 0.000000 0.000000
vt 0.000000 0.000000
vt 0.000000 0.000000
vt 0.000000 0.000000
vt 0.000000 0.000000
vt 0.000000 0.000000
vt 0.000000 0.000000
vt 0.000000 0.000000
vt 0.000000 0.000000
vt 0.000000 0.000000
vt 0.000000 0.000000
vt 0.000000 0.000000
vt 0.000000 0.000000
vt 0.000000 0.000000
vt 0.000000 0.000000
vt 0.000000 0.000000
vt 0.000000 0.000000
vt 0.000000 0.000000
vt 0.000000 0.000000
vt 0.000000 0.000000
vt 0.000000 0.000000
vt 0.000000 0.000000
vt 0.000000 0.000000
vt 0.000000 0.000000
vt 0.000000 0.000000
vt 0.000000 0.000000
vt 0.000000 0.000000
vt 0.000000 0.000000
vt 0.000000 0.000000
vt 0.000000 0.000000
vt 0.000000 0.000000
vt 0.000000 0.000000
vt 0.000000 0.000000
vt 0.000000 0.000000
vt 0.000000 0.000000
vt 0.000000 0.000000
vt 0.000000 0.000000
vt 0.000000 0.000000
vt 0.000000 0.000000
vt 0.000000 0.000000
vt 0.000000 0.000000
vt 0.000000 0.000000
vt 0.000000 0.000000
vt 0.000000 0.000000
vt 0.000000 0.000000
vt 0.000000 0.000000
vt 0.000000 0.000000
vt 0.000000 0.000000
vt 0.000000 0.000000
vt 0.000000 0.000000
vt 0.000000 0.000000
vt 0.000000 0.000000
vt 0.000000 0.000000
vt 0.000000 0.000000
vt 0.000000 0.000000
vt 0.000000 0.000000
vt 0.000000 0.000000
vt 0.000000 0.000000
vt 0.000000 0.000000
vt 0.000000 0.000000
vt 0.000000 0.000000
vt 0.000000 0.000000
vt 0.000000 0.000000
vt 0.000000 0.000000
vt 0.000000 0.000000
vt 0.000000 0.000000
vt 0.000000 0.000000
vt 0.000000 0.000000
vt 0.000000 0.000000
vt 0.000000 0.000000
vt 0.000000 0.000000
vt 0.000000 0.000000
vt 0.000000 0.000000
vt 0.000000 0.000000
vt 0.000000 0.000000
vt 0.000000 0.000000
vt 0.000000 0.000000
vt 0.000000 0.000000
vt 0.000000 0.000000
vt 0.000000 0.000000
vt 0.000000 0.000000
vt 0.000000 0.000000
vt 0.000000 0.000000
vt 0.000000 0.000000
vt 0.000000 0.000000
vt 0.000000 0.000000
vt 0.000000 0.000000
vt 0.000000 0.000000
vt 0.000000 0.000000
vt 0.000000 0.000000
vt 0.000000 0.000000
vt 0.000000 0.000000
vt 0.000000 0.000000
vt 0.000000 0.000000
vt 0.000000 0.000000
vt 0.000000 0.000000
vt 0.000000 0.000000
vt 0.000000 0.000000
vt 0.000000 0.000000
vt 0.000000 0.000000
vt 0.000000 0.000000
vt 0.000000 0.000000
vt 0.000000 0.000000
vt 0.000000 0.000000
vt 0.000000 0.000000
vt 0.000000 0.000000
vt 0.000000 0.000000
vt 0.000000 0.000000
vt 0.000000 0.000000
vt 0.000000 0.000000
vt 0.000000 0.000000
vt 0.000000 0.000000
vt 0.000000 0.000000
vt 0.000000 0.000000
vt 0.000000 0.000000
vt 0.000000 0.000000
vt 0.000000 0.000000
vt 0.000000 0.000000
vt 0.000000 0.000000
vt 0.000000 0.000000
vt 0.000000 0.000000
vt 0.000000 0.000000
vt 0.000000 0.000000
vt 0.000000 0.000000
vt 0.000000 0.000000
vt 0.000000 0.000000
vt 0.000000 0.000000
vt 0.000000 0.000000
vt 0.000000 0.000000
vt 0.000000 0.000000
vt 0.000000 0.000000
vt 0.000000 0.000000
vt 0.000000 0.000000
vt 0.000000 0.000000
vt 0.000000 0.000000
vt 0.000000 0.000000
vt 0.000000 0.000000
vt 0.000000 0.000000
vt 0.000000 0.000000
vt 0.000000 0.000000
vt 0.000000 0.000000
vn -0.2350 -0.0528 0.9705
vn -0.2372 -0.0966 0.9666
vn -0.2388 -0.0945 0.9664
vn -0.2328 -0.0518 0.9711
vn -0.2448 -0.1015 0.9642
vn -0.2575 -0.0971 0.9614
vn -0.8570 -0.0294 0.5145
vn -0.8558 -0.0351 0.5160
vn -0.8585 -0.0277 0.5120
vn -0.2619 -0.0271 0.9647
vn -0.2852 -0.0228 0.9582
vn -0.2871 0.0678 0.9555
vn -0.3059 0.0728 0.9493
vn -0.8871 0.0634 0.4572
vn -0.8514 -0.0127 0.5242
vn -0.3437 0.0455 0.9380
vn -0.3490 0.0544 0.9355
vn -0.6296 -0.2223 0.7444
vn -0.5902 -0.1859 0.7855
vn -0.9926 -0.1171 -0.0333
vn -0.9228 0.0807 0.3766
vn -0.7946 -0.4272 -0.4314
vn -0.8343 -0.4299 -0.3452
vn -0.0449 0.0107 -0.9989
vn -0.1151 -0.0181 -0.9932
vn 0.3510 0.6547 -0.6695
vn 0.0760 0.2198 -0.9726
vn 0.0299 0.1394 -0.9898
vn 0.0146 0.1387 -0.9902
vn 0.0212 0.1705 -0.9851
vn 0.0182 0.1715 -0.9850
vn 0.0229 0.8157 -0.5780
vn 0.1593 0.8005 -0.5777
vn -0.2675 -0.6483 -0.7128
vn -0.0746 -0.5712 -0.8174
vn 0.0443 0.1396 -0.9892
vn 0.0151 0.0331 -0.9993
vn 0.0204 -0.5760 -0.8172
vn 0.0251 0.1696 -0.9852
vn 0.2083 0.1295 0.9695
vn -0.5920 -0.4872 0.6419
vn -0.7300 -0.4310 -0.5304
vn -0.6923 -0.2907 0.6604
vn 0.4792 0.0537 0.8760
vn 0.4674 0.0954 0.8789
vn -0.3385 0.0321 0.9404
vn -0.2667 0.0599 0.9619
vn 0.5263 -0.1046 0.8438
vn 0.5170 -0.0179 0.8557
vn -0.2365 -0.0303 0.9711
vn -0.2310 -0.1026 0.9675
vn 0.5366 -0.1070 0.8370
vn 0.5276 -0.1091 0.8424
vn -0.2355 -0.0970 0.9670
vn -0.2371 -0.0533 0.9700
vn 0.5148 -0.1020 0.8512
vn 0.5270 -0.1013 0.8437
vn -0.2362 0.0055 0.9717
vn -0.2349 0.0283 0.9716
vn -0.2336 0.0060 0.9723
vn -0.2326 0.0285 0.9721
vn -0.2310 0.0063 0.9729
vn -0.2304 0.0287 0.9727
vn -0.8563 -0.0110 0.5163
vn -0.8550 -0.0370 0.5172
vn -0.1619 -0.7208 0.6740
vn -0.2324 0.0073 0.9726
vn -0.2302 0.0081 0.9731
vn -0.2235 -0.7285 0.6475
vn -0.8239 -0.3057 0.4772
vn -0.5056 -0.6788 0.5325
vn 0.2348 -0.6712 0.7031
vn 0.5109 -0.3028 0.8045
vn -0.2347 0.0078 0.9720
vn -0.0927 -0.7293 0.6778
vn 0.2380 -0.0431 0.9703
vn 0.2321 -0.0430 0.9717
vn 0.2330 -0.0836 0.9689
vn 0.2379 -0.0846 0.9676
vn 0.8475 -0.0748 0.5254
vn 0.8282 -0.1688 0.5343
vn 0.8239 -0.2057 0.5281
vn 0.2402 -0.0715 0.9680
vn 0.2405 -0.0733 0.9679
vn 0.2542 0.0107 0.9671
vn 0.2504 0.0080 0.9681
vn 0.8562 -0.0902 0.5086
vn 0.8607 0.1881 0.4731
vn 0.2503 0.1519 0.9562
vn 0.2566 0.1498 0.9548
vn 0.3103 0.1410 0.9401
vn 0.3259 0.1458 0.9340
vn 0.8687 0.3168 0.3806
vn 0.9758 0.2180 0.0160
vn 0.6354 -0.0384 0.7712
vn 0.6783 -0.0389 0.7338
vn 0.9380 -0.0776 -0.3376
vn 0.8990 -0.0474 -0.4354
vn -0.0297 0.2512 -0.9675
vn -0.4573 0.6095 -0.6476
vn 0.1995 0.0654 -0.9777
vn 0.1036 0.0966 -0.9899
vn 0.0179 0.1590 -0.9871
vn 0.0040 0.1633 -0.9865
vn -0.1617 0.8121 -0.5607
vn 0.4427 -0.4671 -0.7654
vn 0.0235 0.1165 -0.9929
vn -0.0071 0.1665 -0.9860
vn 0.1627 -0.5083 -0.8456
vn -0.2260 -0.0383 0.9734
vn 0.7433 -0.0491 0.6671
vn 0.8459 -0.0386 -0.5318
vn 0.6247 -0.2757 0.7305
vn -0.4353 0.0831 0.8964
vn 0.2648 0.1438 0.9535
vn 0.3459 0.1462 0.9268
vn -0.4680 -0.0146 0.8836
vn -0.5059 0.1293 0.8528
vn 0.2408 -0.0736 0.9678
vn 0.2470 0.0056 0.9690
vn -0.4651 0.1364 0.8747
vn -0.5468 -0.0445 0.8361
vn 0.2438 -0.0435 0.9688
vn 0.2428 -0.0847 0.9664
vn -0.5360 0.0454 0.8430
vn -0.5120 -0.1074 0.8522
vn 0.2384 0.0325 0.9706
vn 0.2411 0.0131 0.9704
vn -0.5289 -0.0892 0.8439
vn 0.2355 0.0329 0.9713
vn 0.2368 0.0138 0.9714
vn 0.2325 0.0331 0.9720
vn 0.2323 0.0137 0.9725
vn 0.8560 -0.0152 0.5167
vn 0.8535 -0.0041 0.5210
vn 0.1679 -0.7197 0.6736
vn 0.2293 -0.7272 0.6470
vn 0.2326 0.0107 0.9725
vn 0.2352 0.0097 0.9719
vn 0.5158 -0.6737 0.5292
vn 0.8327 -0.2870 0.4736
vn -0.2315 -0.6714 0.7040
vn 0.0978 -0.7291 0.6773
vn 0.2378 0.0100 0.9713
vn -0.5049 -0.3070 0.8067
vn 0.2349 0.0528 -0.9705
vn 0.2327 0.0519 -0.9711
vn 0.2387 0.0948 -0.9664
vn 0.2372 0.0969 -0.9666
vn 0.2575 0.0977 -0.9613
vn 0.2447 0.1021 -0.9642
vn -0.5247 0.0955 -0.8459
vn -0.5130 0.1065 -0.8517
vn -0.5220 0.0437 -0.8518
vn 0.2851 0.0231 -0.9582
vn 0.2618 0.0274 -0.9647
vn 0.3056 -0.0730 -0.9493
vn 0.2869 -0.0680 -0.9555
vn -0.4992 0.0168 -0.8663
vn -0.4940 -0.0425 -0.8684
vn 0.3514 -0.0507 -0.9348
vn 0.3536 -0.0396 -0.9345
vn 0.6010 0.2157 -0.7696
vn 0.6719 0.2579 -0.6943
vn -0.3676 0.0148 -0.9299
vn 0.1362 0.2782 -0.9508
vn 0.8139 0.5661 0.1303
vn 0.7796 0.4473 0.4383
vn 0.0630 -0.0587 0.9963
vn 0.0964 0.0205 0.9951
vn 0.6801 0.5588 0.4745
vn 0.4324 0.6032 0.6702
vn -0.0143 -0.1392 0.9901
vn -0.0289 -0.1381 0.9900
vn -0.0183 -0.1717 0.9850
vn -0.0214 -0.1707 0.9851
vn 0.1520 0.6280 0.7631
vn 0.0003 0.6037 0.7972
vn -0.2447 -0.5235 0.8161
vn 0.0244 -0.0223 0.9995
vn -0.0439 -0.1391 0.9893
vn -0.1576 -0.7530 0.6388
vn -0.0252 -0.1698 0.9851
vn -0.0216 -0.7974 0.6030
vn 0.9317 0.2677 -0.2454
vn 0.6852 0.3024 -0.6626
vn 0.6715 0.3146 0.6709
vn 0.7946 0.3645 0.4854
vn 0.8673 -0.0230 -0.4971
vn 0.2663 -0.0602 -0.9620
vn 0.3316 -0.0279 -0.9430
vn 0.9058 0.0415 -0.4217
vn 0.8511 0.0396 -0.5235
vn 0.2309 0.1032 -0.9675
vn 0.2362 0.0306 -0.9712
vn 0.8714 0.0257 -0.4899
vn 0.8502 -0.0278 -0.5257
vn 0.2371 0.0533 -0.9700
vn 0.2355 0.0973 -0.9670
vn 0.8513 0.0281 -0.5239
vn 0.8426 -0.1410 -0.5198
vn 0.2349 -0.0283 -0.9716
vn 0.2362 -0.0055 -0.9717
vn 0.8445 -0.1031 -0.5254
vn 0.2335 -0.0060 -0.9723
vn 0.2326 -0.0286 -0.9721
vn 0.2304 -0.0287 -0.9727
vn 0.2309 -0.0063 -0.9729
vn -0.5244 -0.0193 -0.8512
vn -0.5365 -0.0773 -0.8403
vn 0.1648 -0.7017 -0.6931
vn 0.0949 -0.7110 -0.6967
vn 0.2302 -0.0081 -0.9731
vn 0.2324 -0.0072 -0.9726
vn -0.5329 -0.3276 -0.7802
vn -0.2137 -0.6668 -0.7139
vn 0.5329 -0.6578 -0.5322
vn 0.2304 -0.7112 -0.6641
vn 0.2346 -0.0078 -0.9720
vn 0.8212 -0.3232 -0.4702
vn -0.2380 0.0429 -0.9703
vn -0.2380 0.0845 -0.9676
vn -0.2330 0.0836 -0.9689
vn -0.2321 0.0428 -0.9717
vn 0.5014 -0.0472 -0.8639
vn 0.5056 -0.0096 -0.8627
vn -0.2403 0.0717 -0.9680
vn 0.5070 -0.1155 -0.8542
vn -0.2406 0.0735 -0.9678
vn -0.2502 -0.0080 -0.9681
vn -0.2541 -0.0106 -0.9671
vn 0.5474 -0.1267 -0.8272
vn -0.2491 -0.1510 -0.9566
vn 0.5726 -0.0068 -0.8197
vn -0.2556 -0.1495 -0.9551
vn -0.3385 -0.1407 -0.9304
vn -0.3128 -0.1350 -0.9402
vn 0.3801 0.1571 -0.9115
vn -0.6466 0.0628 -0.7602
vn -0.2318 0.3123 -0.9212
vn -0.7233 0.0530 -0.6885
vn -0.9024 0.0798 0.4235
vn -0.9647 0.2325 0.1233
vn -0.8379 0.3065 0.4516
vn -0.1168 -0.1288 0.9847
vn -0.5695 0.5058 0.6479
vn -0.1754 -0.0790 0.9813
vn -0.0054 -0.1622 0.9867
vn -0.0183 -0.1596 0.9870
vn -0.1935 0.6272 0.7544
vn 0.3077 -0.5016 0.8085
vn 0.1761 -0.7373 0.6522
vn 0.0065 -0.1662 0.9861
vn -0.0791 -0.1153 0.9902
vn -0.9590 -0.0867 -0.2697
vn -0.8536 -0.1075 0.5097
vn -0.7692 -0.0481 0.6372
vn -0.7577 0.0789 -0.6478
vn -0.8430 -0.1321 -0.5213
vn -0.8670 -0.2154 -0.4493
vn -0.3391 -0.1356 -0.9309
vn -0.2639 -0.1439 -0.9537
vn -0.8323 0.2319 -0.5034
vn -0.8355 0.1453 -0.5299
vn -0.2469 -0.0058 -0.9690
vn -0.2408 0.0738 -0.9677
vn -0.8623 0.0155 -0.5061
vn -0.8562 0.1553 -0.4927
vn -0.2428 0.0847 -0.9663
vn -0.2438 0.0434 -0.9688
vn -0.8431 -0.1518 -0.5159
vn -0.8503 -0.1018 -0.5163
vn -0.2411 -0.0132 -0.9704
vn -0.2384 -0.0325 -0.9706
vn -0.2368 -0.0139 -0.9714
vn -0.2355 -0.0330 -0.9713
vn -0.2323 -0.0137 -0.9725
vn -0.2325 -0.0331 -0.9720
vn 0.5185 -0.0224 -0.8547
vn 0.5360 -0.0616 -0.8420
vn -0.1628 -0.7026 -0.6927
vn -0.2352 -0.0097 -0.9719
vn -0.2326 -0.0107 -0.9725
vn -0.0925 -0.7117 -0.6963
vn 0.5402 -0.3117 -0.7817
vn 0.2218 -0.6638 -0.7142
vn -0.5328 -0.6594 -0.5304
vn -0.8188 -0.3298 -0.4698
vn -0.2378 -0.0100 -0.9713
vn -0.2293 -0.7126 -0.6630
s 1
f 837/865/820 891/866/821 937/867/822 896/868/823
f 891/866/821 831/869/824 882/870/825 937/867/822
f 937/867/822 882/870/825 822/871/826 868/872/827
f 896/868/823 937/867/822 868/872/827 836/873/828
f 831/869/824 890/874/829 938/875/830 882/870/825
f 890/874/829 832/876/831 883/877/832 938/875/830
f 938/875/830 883/877/832 824/878/833 871/879/834
f 882/870/825 938/875/830 871/879/834 822/871/826
f 832/876/831 889/880/835 939/881/836 883/877/832
f 889/880/835 833/882/837 884/883/838 939/881/836
f 939/881/836 884/883/838 826/884/839 874/885/840
f 883/877/832 939/881/836 874/885/840 824/878/833
f 833/882/837 888/886/841 940/887/842 884/883/838
f 888/886/841 834/888/843 885/889/844 940/887/842
f 940/887/842 885/889/844 828/890/845 877/891/846
f 884/883/838 940/887/842 877/891/846 826/884/839
f 834/888/843 887/892/847 941/893/848 885/889/844
f 887/892/847 858/894/849 886/895/850 941/893/848
f 941/893/848 886/895/850 851/896/851 880/897/852
f 885/889/844 941/893/848 880/897/852 828/890/845
f 829/898/853 879/899/854 942/900/855 875/901/856
f 879/899/854 852/902/857 878/903/858 942/900/855
f 942/900/855 878/903/858 858/894/849 887/892/847
f 875/901/856 942/900/855 887/892/847 834/888/843
f 827/904/859 876/905/860 943/906/861 872/907/862
f 876/905/860 829/898/853 875/901/856 943/906/861
f 943/906/861 875/901/856 834/888/843 888/886/841
f 872/907/862 943/906/861 888/886/841 833/882/837
f 825/908/863 873/909/864 944/910/865 869/911/866
f 873/909/864 827/904/859 872/907/862 944/910/865
f 944/910/865 872/907/862 833/882/837 889/880/835
f 869/911/866 944/910/865 889/880/835 832/876/831
f 823/912/867 870/913/868 945/914/869 866/915/870
f 870/913/868 825/908/863 869/911/866 945/914/869
f 945/914/869 869/911/866 832/876/831 890/874/829
f 866/915/870 945/914/869 890/874/829 831/869/824
f 835/916/871 892/917/872 946/918/873 895/919/874
f 892/917/872 823/912/867 866/915/870 946/918/873
f 946/918/873 866/915/870 831/869/824 891/866/821
f 895/919/874 946/918/873 891/866/821 837/865/820
f 838/920/875 897/921/876 947/922/877 901/923/878
f 897/921/876 835/916/871 895/919/874 947/922/877
f 947/922/877 895/919/874 837/865/820 894/924/879
f 901/923/878 947/922/877 894/924/879 840/925/880
f 840/925/880 894/924/879 948/926/881 900/927/882
f 894/924/879 837/865/820 896/868/823 948/926/881
f 948/926/881 896/868/823 836/873/828 893/928/883
f 900/927/882 948/926/881 893/928/883 839/929/884
f 830/930/885 899/931/886 949/932/887 881/933/888
f 899/931/886 840/925/880 900/927/882 949/932/887
f 949/932/887 900/927/882 839/929/884 898/934/889
f 881/933/888 949/932/887 898/934/889 820/935/890
f 821/936/891 867/937/892 950/938/893 865/939/894
f 867/937/892 838/920/875 901/923/878 950/938/893
f 950/938/893 901/923/878 840/925/880 899/931/886
f 865/939/894 950/938/893 899/931/886 830/930/885
f 861/940/895 931/941/896 951/942/897 926/943/898
f 931/941/896 860/944/899 905/945/900 951/942/897
f 951/942/897 905/945/900 843/946/901 918/947/902
f 926/943/898 951/942/897 918/947/902 854/948/903
f 854/948/903 918/947/902 952/949/904 925/950/905
f 918/947/902 843/946/901 908/951/906 952/949/904
f 952/949/904 908/951/906 845/952/907 919/953/908
f 925/950/905 952/949/904 919/953/908 855/954/909
f 855/954/909 919/953/908 953/955/910 924/956/911
f 919/953/908 845/952/907 911/957/912 953/955/910
f 953/955/910 911/957/912 847/958/913 920/959/914
f 924/956/911 953/955/910 920/959/914 856/960/915
f 856/960/915 920/959/914 954/961/916 923/962/917
f 920/959/914 847/958/913 914/963/918 954/961/916
f 954/961/916 914/963/918 849/964/919 921/965/920
f 923/962/917 954/961/916 921/965/920 857/966/921
f 857/966/921 921/965/920 955/967/922 922/968/923
f 921/965/920 849/964/919 916/969/924 955/967/922
f 955/967/922 916/969/924 851/896/851 886/895/850
f 922/968/923 955/967/922 886/895/850 858/894/849
f 850/970/925 912/971/926 956/972/927 915/973/928
f 912/971/926 857/966/921 922/968/923 956/972/927
f 956/972/927 922/968/923 858/894/849 878/903/858
f 915/973/928 956/972/927 878/903/858 852/902/857
f 848/974/929 909/975/930 957/976/931 913/977/932
f 909/975/930 856/960/915 923/962/917 957/976/931
f 957/976/931 923/962/917 857/966/921 912/971/926
f 913/977/932 957/976/931 912/971/926 850/970/925
f 846/978/933 906/979/934 958/980/935 910/981/936
f 906/979/934 855/954/909 924/956/911 958/980/935
f 958/980/935 924/956/911 856/960/915 909/975/930
f 910/981/936 958/980/935 909/975/930 848/974/929
f 844/982/937 903/983/938 959/984/939 907/985/940
f 903/983/938 854/948/903 925/950/905 959/984/939
f 959/984/939 925/950/905 855/954/909 906/979/934
f 907/985/940 959/984/939 906/979/934 846/978/933
f 859/986/941 930/987/942 960/988/943 927/989/944
f 930/987/942 861/940/895 926/943/898 960/988/943
f 960/988/943 926/943/898 854/948/903 903/983/938
f 927/989/944 960/988/943 903/983/938 844/982/937
f 862/990/945 936/991/946 961/992/947 932/993/948
f 936/991/946 864/994/949 929/995/950 961/992/947
f 961/992/947 929/995/950 861/940/895 930/987/942
f 932/993/948 961/992/947 930/987/942 859/986/941
f 864/994/949 935/996/951 962/997/952 929/995/950
f 935/996/951 863/998/953 928/999/954 962/997/952
f 962/997/952 928/999/954 860/944/899 931/941/896
f 929/995/950 962/997/952 931/941/896 861/940/895
f 853/1000/955 917/1001/956 963/1002/957 934/1003/958
f 917/1001/956 841/1004/959 933/1005/960 963/1002/957
f 963/1002/957 933/1005/960 863/998/953 935/996/951
f 934/1003/958 963/1002/957 935/996/951 864/994/949
f 842/1006/961 902/1007/962 964/1008/963 904/1009/964
f 902/1007/962 853/1000/955 934/1003/958 964/1008/963
f 964/1008/963 934/1003/958 864/994/949 936/991/946
f 904/1009/964 964/1008/963 936/991/946 862/990/945
f 982/1010/965 1041/1011/966 1082/1012/967 1036/1013/968
f 1036/1013/968 1082/1012/967 1027/1014/969 976/1015/970
f 1082/1012/967 1013/1016/971 967/1017/972 1027/1014/969
f 1041/1011/966 981/1018/973 1013/1016/971 1082/1012/967
f 976/1015/970 1027/1014/969 1083/1019/974 1035/1020/975
f 1035/1020/975 1083/1019/974 1028/1021/976 977/1022/977
f 1083/1019/974 1016/1023/978 969/1024/979 1028/1021/976
f 1027/1014/969 967/1017/972 1016/1023/978 1083/1019/974
f 977/1022/977 1028/1021/976 1084/1025/980 1034/1026/981
f 1034/1026/981 1084/1025/980 1029/1027/982 978/1028/983
f 1084/1025/980 1019/1029/984 971/1030/985 1029/1027/982
f 1028/1021/976 969/1024/979 1019/1029/984 1084/1025/980
f 978/1028/983 1029/1027/982 1085/1031/986 1033/1032/987
f 1033/1032/987 1085/1031/986 1030/1033/988 979/1034/989
f 1085/1031/986 1022/1035/990 973/1036/991 1030/1033/988
f 1029/1027/982 971/1030/985 1022/1035/990 1085/1031/986
f 979/1034/989 1030/1033/988 1086/1037/992 1032/1038/993
f 1032/1038/993 1086/1037/992 1031/1039/994 1003/1040/995
f 1086/1037/992 1025/1041/996 996/1042/997 1031/1039/994
f 1030/1033/988 973/1036/991 1025/1041/996 1086/1037/992
f 974/1043/998 1020/1044/999 1087/1045/1000 1024/1046/1001
f 1024/1046/1001 1087/1045/1000 1023/1047/1002 997/1048/1003
f 1087/1045/1000 1032/1038/993 1003/1040/995 1023/1047/1002
f 1020/1044/999 979/1034/989 1032/1038/993 1087/1045/1000
f 972/1049/1004 1017/1050/1005 1088/1051/1006 1021/1052/1007
f 1021/1052/1007 1088/1051/1006 1020/1044/999 974/1043/998
f 1088/1051/1006 1033/1032/987 979/1034/989 1020/1044/999
f 1017/1050/1005 978/1028/983 1033/1032/987 1088/1051/1006
f 970/1053/1008 1014/1054/1009 1089/1055/1010 1018/1056/1011
f 1018/1056/1011 1089/1055/1010 1017/1050/1005 972/1049/1004
f 1089/1055/1010 1034/1026/981 978/1028/983 1017/1050/1005
f 1014/1054/1009 977/1022/977 1034/1026/981 1089/1055/1010
f 968/1057/1012 1011/1058/1013 1090/1059/1014 1015/1060/1015
f 1015/1060/1015 1090/1059/1014 1014/1054/1009 970/1053/1008
f 1090/1059/1014 1035/1020/975 977/1022/977 1014/1054/1009
f 1011/1058/1013 976/1015/970 1035/1020/975 1090/1059/1014
f 980/1061/1016 1040/1062/1017 1091/1063/1018 1037/1064/1019
f 1037/1064/1019 1091/1063/1018 1011/1058/1013 968/1057/1012
f 1091/1063/1018 1036/1013/968 976/1015/970 1011/1058/1013
f 1040/1062/1017 982/1010/965 1036/1013/968 1091/1063/1018
f 983/1065/1020 1046/1066/1021 1092/1067/1022 1042/1068/1023
f 1042/1068/1023 1092/1067/1022 1040/1062/1017 980/1061/1016
f 1092/1067/1022 1039/1069/1024 982/1010/965 1040/1062/1017
f 1046/1066/1021 985/1070/1025 1039/1069/1024 1092/1067/1022
f 985/1070/1025 1045/1071/1026 1093/1072/1027 1039/1069/1024
f 1039/1069/1024 1093/1072/1027 1041/1011/966 982/1010/965
f 1093/1072/1027 1038/1073/1028 981/1018/973 1041/1011/966
f 1045/1071/1026 984/1074/1029 1038/1073/1028 1093/1072/1027
f 975/1075/1030 1026/1076/1031 1094/1077/1032 1044/1078/1033
f 1044/1078/1033 1094/1077/1032 1045/1071/1026 985/1070/1025
f 1094/1077/1032 1043/1079/1034 984/1074/1029 1045/1071/1026
f 1026/1076/1031 965/1080/1035 1043/1079/1034 1094/1077/1032
f 966/1081/1036 1010/1082/1037 1095/1083/1038 1012/1084/1039
f 1012/1084/1039 1095/1083/1038 1046/1066/1021 983/1065/1020
f 1095/1083/1038 1044/1078/1033 985/1070/1025 1046/1066/1021
f 1010/1082/1037 975/1075/1030 1044/1078/1033 1095/1083/1038
f 1006/1085/1040 1071/1086/1041 1096/1087/1042 1076/1088/1043
f 1076/1088/1043 1096/1087/1042 1050/1089/1044 1005/1090/1045
f 1096/1087/1042 1063/1091/1046 988/1092/1047 1050/1089/1044
f 1071/1086/1041 999/1093/1048 1063/1091/1046 1096/1087/1042
f 999/1093/1048 1070/1094/1049 1097/1095/1050 1063/1091/1046
f 1063/1091/1046 1097/1095/1050 1053/1096/1051 988/1092/1047
f 1097/1095/1050 1064/1097/1052 990/1098/1053 1053/1096/1051
f 1070/1094/1049 1000/1099/1054 1064/1097/1052 1097/1095/1050
f 1000/1099/1054 1069/1100/1055 1098/1101/1056 1064/1097/1052
f 1064/1097/1052 1098/1101/1056 1056/1102/1057 990/1098/1053
f 1098/1101/1056 1065/1103/1058 992/1104/1059 1056/1102/1057
f 1069/1100/1055 1001/1105/1060 1065/1103/1058 1098/1101/1056
f 1001/1105/1060 1068/1106/1061 1099/1107/1062 1065/1103/1058
f 1065/1103/1058 1099/1107/1062 1059/1108/1063 992/1104/1059
f 1099/1107/1062 1066/1109/1064 994/1110/1065 1059/1108/1063
f 1068/1106/1061 1002/1111/1066 1066/1109/1064 1099/1107/1062
f 1002/1111/1066 1067/1112/1067 1100/1113/1068 1066/1109/1064
f 1066/1109/1064 1100/1113/1068 1061/1114/1069 994/1110/1065
f 1100/1113/1068 1031/1039/994 996/1042/997 1061/1114/1069
f 1067/1112/1067 1003/1040/995 1031/1039/994 1100/1113/1068
f 995/1115/1070 1060/1116/1071 1101/1117/1072 1057/1118/1073
f 1057/1118/1073 1101/1117/1072 1067/1112/1067 1002/1111/1066
f 1101/1117/1072 1023/1047/1002 1003/1040/995 1067/1112/1067
f 1060/1116/1071 997/1048/1003 1023/1047/1002 1101/1117/1072
f 993/1119/1074 1058/1120/1075 1102/1121/1076 1054/1122/1077
f 1054/1122/1077 1102/1121/1076 1068/1106/1061 1001/1105/1060
f 1102/1121/1076 1057/1118/1073 1002/1111/1066 1068/1106/1061
f 1058/1120/1075 995/1115/1070 1057/1118/1073 1102/1121/1076
f 991/1123/1078 1055/1124/1079 1103/1125/1080 1051/1126/1081
f 1051/1126/1081 1103/1125/1080 1069/1100/1055 1000/1099/1054
f 1103/1125/1080 1054/1122/1077 1001/1105/1060 1069/1100/1055
f 1055/1124/1079 993/1119/1074 1054/1122/1077 1103/1125/1080
f 989/1127/1082 1052/1128/1083 1104/1129/1084 1048/1130/1085
f 1048/1130/1085 1104/1129/1084 1070/1094/1049 999/1093/1048
f 1104/1129/1084 1051/1126/1081 1000/1099/1054 1070/1094/1049
f 1052/1128/1083 991/1123/1078 1051/1126/1081 1104/1129/1084
f 1004/1131/1086 1072/1132/1087 1105/1133/1088 1075/1134/1089
f 1075/1134/1089 1105/1133/1088 1071/1086/1041 1006/1085/1040
f 1105/1133/1088 1048/1130/1085 999/1093/1048 1071/1086/1041
f 1072/1132/1087 989/1127/1082 1048/1130/1085 1105/1133/1088
f 1007/1135/1090 1077/1136/1091 1106/1137/1092 1081/1138/1093
f 1081/1138/1093 1106/1137/1092 1074/1139/1094 1009/1140/1095
f 1106/1137/1092 1075/1134/1089 1006/1085/1040 1074/1139/1094
f 1077/1136/1091 1004/1131/1086 1075/1134/1089 1106/1137/1092
f 1009/1140/1095 1074/1139/1094 1107/1141/1096 1080/1142/1097
f 1080/1142/1097 1107/1141/1096 1073/1143/1098 1008/1144/1099
f 1107/1141/1096 1076/1088/1043 1005/1090/1045 1073/1143/1098
f 1074/1139/1094 1006/1085/1040 1076/1088/1043 1107/1141/1096
f 998/1145/1100 1079/1146/1101 1108/1147/1102 1062/1148/1103
f 1062/1148/1103 1108/1147/1102 1078/1149/1104 986/1150/1105
f 1108/1147/1102 1080/1142/1097 1008/1144/1099 1078/1149/1104
f 1079/1146/1101 1009/1140/1095 1080/1142/1097 1108/1147/1102
f 987/1151/1106 1049/1152/1107 1109/1153/1108 1047/1154/1109
f 1047/1154/1109 1109/1153/1108 1079/1146/1101 998/1145/1100
f 1109/1153/1108 1081/1138/1093 1009/1140/1095 1079/1146/1101
f 1049/1152/1107 1007/1135/1090 1081/1138/1093 1109/1153/1108
f 865/939/894 830/930/885 975/1075/1030 1010/1082/1037
f 821/936/891 865/939/894 1010/1082/1037 966/1081/1036
f 838/920/875 867/937/892 1012/1084/1039 983/1065/1020
f 867/937/892 821/936/891 966/1081/1036 1012/1084/1039
f 836/873/828 868/872/827 1013/1016/971 981/1018/973
f 868/872/827 822/871/826 967/1017/972 1013/1016/971
f 825/908/863 870/913/868 1015/1060/1015 970/1053/1008
f 870/913/868 823/912/867 968/1057/1012 1015/1060/1015
f 822/871/826 871/879/834 1016/1023/978 967/1017/972
f 871/879/834 824/878/833 969/1024/979 1016/1023/978
f 827/904/859 873/909/864 1018/1056/1011 972/1049/1004
f 873/909/864 825/908/863 970/1053/1008 1018/1056/1011
f 824/878/833 874/885/840 1019/1029/984 969/1024/979
f 874/885/840 826/884/839 971/1030/985 1019/1029/984
f 829/898/853 876/905/860 1021/1052/1007 974/1043/998
f 876/905/860 827/904/859 972/1049/1004 1021/1052/1007
f 826/884/839 877/891/846 1022/1035/990 971/1030/985
f 877/891/846 828/890/845 973/1036/991 1022/1035/990
f 852/902/857 879/899/854 1024/1046/1001 997/1048/1003
f 879/899/854 829/898/853 974/1043/998 1024/1046/1001
f 828/890/845 880/897/852 1025/1041/996 973/1036/991
f 880/897/852 851/896/851 996/1042/997 1025/1041/996
f 881/933/888 820/935/890 965/1080/1035 1026/1076/1031
f 830/930/885 881/933/888 1026/1076/1031 975/1075/1030
f 823/912/867 892/917/872 1037/1064/1019 968/1057/1012
f 892/917/872 835/916/871 980/1061/1016 1037/1064/1019
f 839/929/884 893/928/883 1038/1073/1028 984/1074/1029
f 893/928/883 836/873/828 981/1018/973 1038/1073/1028
f 835/916/871 897/921/876 1042/1068/1023 980/1061/1016
f 897/921/876 838/920/875 983/1065/1020 1042/1068/1023
f 820/935/890 898/934/889 1043/1079/1034 965/1080/1035
f 898/934/889 839/929/884 984/1074/1029 1043/1079/1034
f 853/1000/955 902/1007/962 1047/1154/1109 998/1145/1100
f 902/1007/962 842/1006/961 987/1151/1106 1047/1154/1109
f 904/1009/964 862/990/945 1007/1135/1090 1049/1152/1107
f 842/1006/961 904/1009/964 1049/1152/1107 987/1151/1106
f 905/945/900 860/944/899 1005/1090/1045 1050/1089/1044
f 843/946/901 905/945/900 1050/1089/1044 988/1092/1047
f 907/985/940 846/978/933 991/1123/1078 1052/1128/1083
f 844/982/937 907/985/940 1052/1128/1083 989/1127/1082
f 908/951/906 843/946/901 988/1092/1047 1053/1096/1051
f 845/952/907 908/951/906 1053/1096/1051 990/1098/1053
f 910/981/936 848/974/929 993/1119/1074 1055/1124/1079
f 846/978/933 910/981/936 1055/1124/1079 991/1123/1078
f 911/957/912 845/952/907 990/1098/1053 1056/1102/1057
f 847/958/913 911/957/912 1056/1102/1057 992/1104/1059
f 913/977/932 850/970/925 995/1115/1070 1058/1120/1075
f 848/974/929 913/977/932 1058/1120/1075 993/1119/1074
f 914/963/918 847/958/913 992/1104/1059 1059/1108/1063
f 849/964/919 914/963/918 1059/1108/1063 994/1110/1065
f 915/973/928 852/902/857 997/1048/1003 1060/1116/1071
f 850/970/925 915/973/928 1060/1116/1071 995/1115/1070
f 916/969/924 849/964/919 994/1110/1065 1061/1114/1069
f 851/896/851 916/969/924 1061/1114/1069 996/1042/997
f 841/1004/959 917/1001/956 1062/1148/1103 986/1150/1105
f 917/1001/956 853/1000/955 998/1145/1100 1062/1148/1103
f 927/989/944 844/982/937 989/1127/1082 1072/1132/1087
f 859/986/941 927/989/944 1072/1132/1087 1004/1131/1086
f 928/999/954 863/998/953 1008/1144/1099 1073/1143/1098
f 860/944/899 928/999/954 1073/1143/1098 1005/1090/1045
f 932/993/948 859/986/941 1004/1131/1086 1077/1136/1091
f 862/990/945 932/993/948 1077/1136/1091 1007/1135/1090
f 933/1005/960 841/1004/959 986/1150/1105 1078/1149/1104
f 863/998/953 933/1005/960 1078/1149/1104 1008/1144/1099
o back
v 7.849136 2.517309 -2.497488
v 10.411766 2.501290 -1.888062
v 13.977341 1.960877 -0.278245
v 16.279463 2.091642 -0.304677
v 14.103420 -2.032477 -0.278554
v 16.381800 -1.891657 -0.304676
v 14.518652 -9.699408 -0.313130
v 16.720900 -9.440476 -0.304676
v 14.596468 -17.854504 -0.303650
v 16.736212 -17.641354 -0.304676
v 15.034407 -26.238293 -0.262255
v 17.057661 -26.110172 -0.304675
v 15.412960 -31.040352 -0.092281
v 17.042444 -30.814667 -0.262411
v 7.610176 -31.498234 -0.462948
v 11.038357 -31.144779 -0.275249
v 7.465076 -26.451397 -1.983628
v 10.906918 -26.330532 -1.273923
v 10.633856 -18.434589 -1.562343
v 7.426815 -18.566711 -2.282050
v 10.931293 -10.561378 -1.667492
v 7.553233 -10.745514 -2.531774
v 10.891735 -2.084418 -1.470148
v 7.860000 -2.047955 -2.449570
v 4.173426 1.894345 -2.625703
v 4.070159 -31.455757 -0.704926
v 4.064193 -26.523869 -2.375653
v 4.108104 -18.694553 -2.826321
v 4.136437 -10.882252 -3.084279
v 4.233527 -2.241655 -2.701124
v 14.318357 -5.877284 -0.285850
v 16.560364 -5.678497 -0.304676
v 7.760018 -6.412322 -2.479095
v 10.921658 -6.329709 -1.515572
v 4.198570 -6.595647 -2.868268
v 14.561207 -13.741569 -0.312745
v 16.729300 -13.494855 -0.304676
v 7.473207 -14.705913 -2.409096
v 10.798613 -14.531533 -1.626164
v 4.116630 -14.832089 -3.141595
v 14.780197 -22.031239 -0.293433
v 16.889328 -21.863922 -0.304675
v 7.406567 -22.417519 -2.245617
v 10.598223 -22.338802 -1.501811
v 4.099597 -22.547913 -2.719822
v 16.935251 2.115346 0.039680
v 17.030085 -1.866747 0.039680
v 17.345743 -9.416771 0.039680
v 17.335579 -17.617867 0.039680
v 17.630964 -26.087254 0.039680
v 17.382105 -30.865696 0.021540
v 17.196888 -5.654220 0.039680
v 17.341547 -13.471259 0.039680
v 17.475580 -21.840996 0.039680
v 16.752094 2.115346 0.239931
v 16.645601 5.911712 0.239931
v 16.846924 -1.866747 0.239930
v 17.162580 -9.416772 0.239930
v 17.152422 -17.617867 0.239930
v 17.447803 -26.087257 0.239929
v 17.221334 -30.949005 0.239929
v 17.013727 -5.654220 0.239930
v 17.158388 -13.471263 0.239930
v 17.292423 -21.840992 0.239930
v 14.699299 1.989739 -0.253173
v 14.833912 -1.998746 -0.253173
v 15.273792 -9.542378 -0.253172
v 15.398623 -17.742344 -0.253172
v 15.832142 -26.208603 -0.253171
v 16.174221 -30.893894 -0.239888
v 15.063032 -5.782873 -0.253172
v 15.336338 -13.596297 -0.253172
v 15.608114 -21.962505 -0.253172
v 15.169575 -31.434738 0.239929
v 7.620716 -31.024227 0.239929
v 10.989267 -31.111248 0.239929
v 4.619793 -31.169151 0.239929
v 7.555896 2.135851 -2.316655
v 10.672989 2.418221 -1.558700
v 15.160254 -29.891537 -0.180864
v 17.131765 -29.758297 -0.304675
v 7.488429 -30.483944 -0.971089
v 11.011290 -30.062130 -0.613303
v 3.957632 -30.339622 -1.283975
v 17.694695 -29.733204 0.039681
v 17.511538 -29.733200 0.239929
v 15.950819 -29.865627 -0.253171
v 7.004803 5.003488 -2.416512
v 10.765593 4.922671 -1.526676
v 13.945890 4.896682 -0.313841
v 16.185663 4.980189 -0.343377
v 4.143149 4.835064 -2.633459
v 16.837141 4.984789 0.006679
v 16.688540 4.929309 0.239931
v 14.654593 4.908662 -0.289653
v 7.796278 5.032388 -2.535892
v 10.438869 5.022434 -1.912544
v 16.752094 1.413309 0.239931
v 16.613138 5.405641 0.239931
v 16.846926 -2.568785 0.239930
v 17.162580 -10.118808 0.239930
v 17.152422 -18.319901 0.239930
v 17.447803 -26.789291 0.239929
v 17.221334 -30.532944 0.239929
v 17.013727 -6.356256 0.239930
v 17.158386 -14.173297 0.239930
v 17.292423 -22.543030 0.239930
v 15.169575 -30.795055 0.239929
v 7.645177 -30.705582 0.239929
v 10.984257 -30.551727 0.239929
v 4.792792 -30.699959 0.239929
v 17.511538 -30.211624 0.239929
v 16.656076 4.306232 0.239931
v 15.961880 1.317636 0.239931
v 8.498978 1.304991 -2.105456
v 9.965143 1.304991 -1.461484
v 13.472445 1.251879 -0.272159
v 4.575235 1.151507 -2.343554
v 7.472219 1.276800 -2.105672
v 11.011944 1.293715 -1.234867
v 15.515678 1.308746 -0.129777
v 14.402285 1.262156 -0.064915
v 15.860960 -10.378284 0.239930
v 8.532404 -10.390704 -2.014694
v 9.972359 -10.390704 -1.683800
v 13.416960 -10.442866 -0.272920
v 4.651572 -10.541444 -2.240904
v 7.524001 -10.418391 -2.014899
v 11.000446 -10.401779 -1.187567
v 15.421808 -10.387016 -0.143890
v 14.329840 -10.432775 -0.077944
v 15.860960 -18.671658 0.239930
v 8.532405 -18.684074 -1.642905
v 9.972359 -18.684074 -1.367816
v 13.416962 -18.736237 -0.194878
v 4.651572 -18.834812 -1.830966
v 7.524002 -18.711761 -1.643076
v 11.000446 -18.695148 -0.955272
v 15.421808 -18.680386 -0.122117
v 14.329840 -18.726143 -0.039278
v 1.227526 1.796256 -2.521985
v -5.394084 2.517309 -2.497488
v -7.956714 2.501290 -1.888062
v -11.522287 1.960877 -0.278245
v -13.824408 2.091642 -0.304677
v -11.648369 -2.032476 -0.278554
v -13.926748 -1.891657 -0.304676
v -12.063599 -9.699409 -0.313130
v -14.265846 -9.440475 -0.304676
v -12.141415 -17.854504 -0.303650
v -14.281160 -17.641354 -0.304676
v -12.579355 -26.238289 -0.262255
v -14.602612 -26.110176 -0.304675
v -12.957909 -31.040356 -0.092281
v -14.587393 -30.814663 -0.262411
v 1.227526 -31.539879 -0.628810
v -5.155124 -31.498234 -0.462948
v -8.583303 -31.144779 -0.275249
v -5.010025 -26.451397 -1.983628
v -8.451866 -26.330536 -1.273923
v 1.227526 -26.587173 -2.348213
v -8.178804 -18.434589 -1.562343
v -4.971763 -18.566711 -2.282050
v 1.227526 -18.766212 -3.075778
v -8.476240 -10.561378 -1.667492
v -5.098181 -10.745514 -2.531774
v 1.227526 -10.957230 -3.355304
v -8.436684 -2.084418 -1.470148
v -5.404948 -2.047955 -2.449570
v 1.227526 -2.334249 -2.647192
v -1.718374 1.894345 -2.625703
v -1.615107 -31.455757 -0.704926
v -1.609140 -26.523869 -2.375653
v -1.653051 -18.694553 -2.826321
v -1.681385 -10.882252 -3.084279
v -1.778475 -2.241656 -2.701124
v -11.863304 -5.877284 -0.285850
v -14.105312 -5.678498 -0.304676
v -5.304965 -6.412322 -2.479095
v 1.227526 -6.683579 -3.167895
v -8.466604 -6.329710 -1.515572
v -1.743518 -6.595647 -2.868268
v -12.106153 -13.741570 -0.312745
v -14.274248 -13.494855 -0.304676
v -5.018155 -14.705913 -2.409096
v 1.227526 -14.903750 -3.263455
v -8.343561 -14.531535 -1.626164
v -1.661577 -14.832089 -3.141595
v -12.325144 -22.031239 -0.293433
v -14.434277 -21.863922 -0.304675
v -4.951514 -22.417522 -2.245617
v 1.227526 -22.619572 -2.947979
v -8.143169 -22.338802 -1.501811
v -1.644545 -22.547913 -2.719822
v -14.480202 2.115346 0.039680
v -14.575031 -1.866748 0.039680
v -14.890692 -9.416771 0.039680
v -14.880527 -17.617867 0.039680
v -15.175913 -26.087254 0.039680
v -14.927053 -30.865700 0.021540
v -14.741833 -5.654220 0.039680
v -14.886497 -13.471259 0.039680
v -15.020529 -21.840992 0.039680
v -14.297041 2.115346 0.239931
v -14.190548 5.911712 0.239931
v -14.391870 -1.866747 0.239930
v -14.707529 -9.416772 0.239930
v -14.697369 -17.617867 0.239930
v -14.992752 -26.087257 0.239929
v -14.766281 -30.949005 0.239929
v -14.558674 -5.654220 0.239930
v -14.703335 -13.471263 0.239930
v -14.837372 -21.840992 0.239930
v -12.244247 1.989739 -0.253173
v -12.378860 -1.998746 -0.253173
v -12.818741 -9.542380 -0.253172
v -12.943569 -17.742344 -0.253172
v -13.377089 -26.208603 -0.253171
v -13.719170 -30.893894 -0.239888
v -12.607981 -5.782872 -0.253172
v -12.881285 -13.596297 -0.253172
v -13.153063 -21.962502 -0.253172
v -12.714523 -31.434738 0.239929
v 1.227526 -31.325584 0.239929
v -5.165663 -31.024227 0.239929
v -8.534214 -31.111248 0.239929
v -2.164741 -31.169151 0.239929
v -5.100843 2.135851 -2.316655
v -8.217936 2.418222 -1.558700
v -12.705202 -29.891537 -0.180864
v -14.676712 -29.758297 -0.304675
v -5.033377 -30.483944 -0.971089
v 1.227526 -30.379551 -1.192635
v -8.556238 -30.062130 -0.613303
v -1.502580 -30.339622 -1.283975
v -15.239645 -29.733204 0.039681
v -15.056486 -29.733200 0.239929
v -13.495766 -29.865627 -0.253171
v 1.227526 4.755610 -2.539116
v -4.549750 5.003488 -2.416512
v -8.310539 4.922671 -1.526676
v -11.490839 4.896682 -0.313841
v -13.730610 4.980189 -0.343377
v -1.688097 4.835064 -2.633459
v -14.382090 4.984789 0.006679
v -14.233486 4.929309 0.239931
v -12.199541 4.908662 -0.289653
v -5.341226 5.032388 -2.535893
v -7.983818 5.022434 -1.912544
v -14.297041 1.413309 0.239931
v -14.158087 5.405641 0.239931
v -14.391872 -2.568785 0.239930
v -14.707529 -10.118808 0.239930
v -14.697369 -18.319901 0.239930
v -14.992752 -26.789291 0.239929
v -14.766281 -30.532944 0.239929
v -14.558674 -6.356256 0.239930
v -14.703335 -14.173297 0.239930
v -14.837372 -22.543030 0.239930
v -12.714523 -30.795055 0.239929
v 1.227526 -31.041672 0.239929
v -5.190125 -30.705582 0.239929
v -8.529205 -30.551727 0.239929
v -2.337740 -30.699959 0.239929
v -15.056486 -30.211624 0.239929
v -14.201025 4.306232 0.239931
v -13.506826 1.317636 0.239931
v 1.227526 1.085729 -2.268350
v -6.043924 1.304991 -1.809765
v -7.510090 1.304991 -1.461484
v -11.017393 1.251879 -0.272159
v -2.120183 1.151508 -2.343554
v -5.017166 1.276800 -2.105672
v -8.556892 1.293715 -1.234867
v -13.060627 1.308746 -0.129777
v -11.947231 1.262156 -0.064915
v -13.405909 -10.378285 0.239930
v 1.227526 -10.606046 -2.169454
v -6.077352 -10.390705 -2.014694
v -7.517307 -10.390705 -1.683800
v -10.961908 -10.442865 -0.272920
v -2.196520 -10.541444 -2.240904
v -5.068949 -10.418392 -2.014899
v -8.545393 -10.401779 -1.187567
v -12.966757 -10.387017 -0.143890
v -11.874786 -10.432775 -0.077944
v -13.405909 -18.671658 0.239930
v 1.227526 -18.899418 -1.771566
v -6.077353 -18.684074 -1.642905
v -7.517307 -18.684074 -1.367816
v -10.961908 -18.736237 -0.194878
v -2.196520 -18.834812 -1.830966
v -5.068949 -18.711761 -1.643076
v -8.545393 -18.695148 -0.955272
v -12.966755 -18.680386 -0.122117
v -11.874788 -18.726143 -0.039278
v 16.707039 5.851455 0.239931
v 16.795368 0.161455 0.239931
v 16.922709 -3.797198 0.239930
v 17.174833 -11.416648 0.239930
v 17.208738 -19.722256 0.239930
v 17.490286 -28.139847 0.239929
v 17.102501 -7.508127 0.239930
v 17.141720 -15.537391 0.239930
v 17.378029 -23.962624 0.239930
v 6.146660 -31.080299 0.239929
v 9.168148 -31.016125 0.239929
v 13.158119 -31.320179 0.239929
v 2.963776 -31.273251 0.239929
v 16.511299 -31.269520 0.239929
v 17.483147 -30.560562 0.239929
v 16.705774 3.775481 0.239931
v 16.628765 5.005611 0.239931
v 16.795370 -0.540581 0.239931
v 16.922707 -4.499234 0.239930
v 17.174833 -12.118684 0.239930
v 17.208738 -20.424294 0.239930
v 17.490286 -28.813931 0.239929
v 17.102501 -8.210163 0.239930
v 17.141720 -16.239429 0.239930
v 17.378031 -24.664661 0.239929
v 6.260200 -30.683308 0.239929
v 9.159307 -30.606956 0.239929
v 13.157494 -30.690517 0.239929
v 3.085531 -30.899914 0.239929
v 16.511299 -30.657791 0.239929
v 17.483147 -30.591743 0.239929
v 16.701717 3.083315 0.239931
v 16.846924 -2.217766 0.239930
v 17.013727 -6.005237 0.239930
v 17.162580 -9.767790 0.239930
v 17.158388 -13.822278 0.239930
v 17.152420 -17.968884 0.239930
v 17.292421 -22.192013 0.239930
v 17.447803 -26.438271 0.239929
v 17.511538 -29.972412 0.239929
v 16.617197 5.732163 0.239931
v 7.632946 -30.864895 0.239929
v 4.706292 -30.934555 0.239929
v 17.221334 -30.740971 0.239929
v 10.986763 -30.831490 0.239929
v 16.669537 4.654197 0.239931
v 16.752094 1.764328 0.239931
v 15.169575 -31.114895 0.239929
v 1.227526 -31.183628 0.239929
v 16.184383 4.199996 0.239931
v 16.722662 5.466050 0.239931
v -14.251984 5.851455 0.239931
v -14.340317 0.161455 0.239931
v -14.467657 -3.797198 0.239930
v -14.719780 -11.416648 0.239930
v -14.753685 -19.722256 0.239930
v -15.035234 -28.139847 0.239929
v -14.647449 -7.508127 0.239930
v -14.686670 -15.537391 0.239930
v -14.922977 -23.962624 0.239930
v -3.691607 -31.080299 0.239929
v -6.713095 -31.016125 0.239929
v -10.703066 -31.320179 0.239929
v -0.508724 -31.273251 0.239929
v -14.056248 -31.269520 0.239929
v -15.028095 -30.560562 0.239929
v -14.250721 3.775481 0.239931
v -14.173712 5.005611 0.239931
v -14.340319 -0.540581 0.239931
v -14.467655 -4.499234 0.239930
v -14.719780 -12.118684 0.239930
v -14.753685 -20.424294 0.239930
v -15.035234 -28.813931 0.239929
v -14.647449 -8.210163 0.239930
v -14.686668 -16.239429 0.239930
v -14.922979 -24.664661 0.239929
v -3.805148 -30.683308 0.239929
v -6.704254 -30.606956 0.239929
v -10.702440 -30.690517 0.239929
v -0.630479 -30.899914 0.239929
v -14.056246 -30.657791 0.239929
v -15.028095 -30.591743 0.239929
v -14.246664 3.083315 0.239931
v -14.391872 -2.217766 0.239930
v -14.558674 -6.005238 0.239930
v -14.707529 -9.767789 0.239930
v -14.703335 -13.822278 0.239930
v -14.697369 -17.968880 0.239930
v -14.837370 -22.192009 0.239930
v -14.992752 -26.438274 0.239929
v -15.056486 -29.972416 0.239929
v -14.162146 5.732163 0.239931
v -5.177894 -30.864899 0.239929
v -2.251240 -30.934555 0.239929
v -14.766281 -30.740971 0.239929
v -8.531710 -30.831486 0.239929
v -14.214485 4.654197 0.239931
v -14.297039 1.764328 0.239931
v -12.714523 -31.114895 0.239929
v -13.729330 4.199996 0.239931
v -14.267607 5.466050 0.239931
v 1.227526 3.494100 -2.524127
v 5.861581 2.025285 -2.527297
v 9.177668 1.689577 -1.973607
v 12.503048 1.994314 -0.828240
v 14.026030 0.001083 -0.278370
v 16.324553 0.136528 -0.304677
v 14.432638 -7.767339 -0.300059
v 16.463579 -3.821813 -0.304676
v 14.566565 -15.791999 -0.308195
v 16.739363 -11.440253 -0.304676
v 14.912916 -24.128761 -0.284421
v 16.799065 -19.745506 -0.304676
v 15.184275 -30.713455 -0.154657
v 17.106056 -28.163780 -0.304675
v 5.823475 -31.498802 -0.609194
v 9.253067 -31.336521 -0.359614
v 7.548357 -31.343250 -0.675787
v 10.831244 0.045120 -1.462573
v 1.227526 -31.268955 -0.876177
v 7.435585 -24.363956 -2.205292
v 10.986509 -28.405670 -0.945511
v 1.227526 -24.559681 -2.745210
v 5.744801 -26.489819 -2.232093
v 9.102310 -26.394058 -1.678541
v 10.574646 -20.387585 -1.534605
v 7.450000 -16.637169 -2.334929
v 1.227526 -16.835838 -3.163137
v 8.952605 -18.540142 -1.986966
v 5.770206 -18.622272 -2.567881
v 10.879324 -12.572064 -1.666451
v 7.646899 -8.609221 -2.513120
v 1.227526 -8.851073 -3.315032
v 5.824211 -10.803880 -2.830975
v 9.205439 -10.716512 -2.173136
v 10.912279 -4.199636 -1.481184
v 7.738101 0.099042 -2.368333
v 1.227526 -0.193800 -2.537636
v 9.391489 -2.053578 -2.039863
v 6.061024 -2.129736 -2.652368
v 12.601994 -2.070088 -0.819148
v 13.086441 -26.276657 -0.739245
v 13.212219 -31.065704 -0.173198
v 12.714420 -18.159046 -0.915939
v 12.857294 -10.151917 -0.961290
v 2.645178 1.818754 -2.578068
v 2.567234 -31.496578 -0.674257
v 2.581944 -26.565269 -2.378787
v 2.612133 -18.747021 -3.007840
v 2.625371 -10.937619 -3.276967
v 2.648214 -2.312438 -2.673575
v 4.207319 -0.096864 -2.652668
v 4.164316 -8.769500 -2.977491
v 4.112365 -16.764179 -2.993529
v 4.091984 -24.489063 -2.644851
v 3.962664 -31.214733 -0.965614
v 14.203985 -3.985407 -0.279539
v 16.654896 -7.532075 -0.304676
v 7.854033 -4.223917 -2.473077
v 1.227526 -4.506628 -2.900092
v 10.936731 -8.466795 -1.597678
v 4.227344 -4.416092 -2.773897
v 5.981706 -6.492015 -2.704246
v 12.732550 -6.119400 -0.849615
v 9.334320 -6.394164 -2.078489
v 2.638444 -6.662351 -3.063628
v 14.554934 -11.699989 -0.316206
v 16.719049 -15.560973 -0.304676
v 7.500617 -12.762210 -2.488023
v 1.227526 -12.961158 -3.332806
v 10.713892 -16.482620 -1.590515
v 4.122305 -12.889085 -3.160048
v 5.781868 -14.760016 -2.811652
v 12.800243 -14.155654 -0.954818
v 2.617994 -14.884555 -3.259341
v 9.078584 -14.676558 -2.063490
v 14.669470 -19.937057 -0.298968
v 16.981497 -23.985298 -0.304675
v 7.406917 -20.493301 -2.256478
v 1.227526 -20.693745 -3.027853
v 10.742943 -24.298290 -1.443020
v 4.103848 -20.622089 -2.749109
v 5.761827 -22.475315 -2.502090
v 12.777328 -22.193401 -0.873662
v 8.904846 -22.393806 -1.940797
v 2.606284 -22.600376 -2.882704
v 16.978529 0.161455 0.039680
v 17.105869 -3.797197 0.039680
v 17.357994 -11.416645 0.039680
v 17.391897 -19.722256 0.039680
v 17.673445 -28.139847 0.039681
v 17.285662 -7.508126 0.039680
v 17.324881 -15.537387 0.039680
v 17.561190 -23.962624 0.039680
v 16.757761 2.112383 -0.151561
v 17.257809 -30.845268 -0.149790
v 17.463783 -26.090118 -0.151560
v 17.306782 -21.843857 -0.151560
v 17.165144 -17.620800 -0.151560
v 17.172119 -9.419734 -0.151561
v 17.021803 -5.657254 -0.151561
v 17.169498 -13.474212 -0.151560
v 16.853529 -1.869862 -0.151561
v 17.594120 -26.087257 0.164172
v 17.438736 -21.840992 0.164172
v 17.347301 -30.901089 0.149049
v 17.160042 -5.654219 0.164172
v 16.993238 -1.866748 0.164172
v 17.308895 -9.416771 0.164172
v 17.304703 -13.471263 0.164172
v 16.898409 2.115346 0.164172
v 17.298735 -17.617867 0.164172
v 14.414726 1.971700 -0.187578
v 14.553907 -2.017924 -0.187598
v 15.008179 -9.568729 -0.189840
v 15.147335 -17.765640 -0.189225
v 15.598917 -26.225872 -0.186540
v 16.034628 -30.951649 -0.171970
v 14.790129 -5.805553 -0.188071
v 15.078014 -13.621810 -0.189815
v 15.364103 -21.982597 -0.188562
v 15.489569 -19.845474 -0.253172
v 15.318960 -11.541738 -0.253172
v 14.941462 -3.927642 -0.253172
v 16.007853 -30.670868 -0.251148
v 15.728477 -24.082771 -0.253172
v 15.353678 -15.662370 -0.253172
v 15.182308 -7.635026 -0.253172
v 14.752199 0.029360 -0.253173
v 1.227526 -31.501476 -0.244070
v 4.307416 -31.382114 -0.287837
v 7.629662 -31.329876 -0.149595
v 11.021456 -31.170895 -0.046944
v 15.226757 -31.246983 0.066109
v 9.130451 2.467191 -2.197282
v 7.747538 2.458536 -2.389125
v 10.509007 2.366697 -1.727169
v 15.115444 -28.291061 -0.221516
v 17.125879 -30.566639 -0.297218
v 7.471119 -28.680340 -1.488076
v 1.227526 -28.680161 -1.751413
v 11.030449 -30.893379 -0.422845
v 4.007330 -28.632298 -1.834765
v 17.663507 -30.550144 0.037413
v 15.905933 -28.266365 -0.253171
v 17.657850 -29.733200 0.164172
v 17.528811 -29.736343 -0.151560
v 5.688550 -30.442890 -1.166282
v 13.205303 -29.932137 -0.380138
v 2.503986 -30.345531 -1.247171
v 9.179090 -30.305836 -0.796753
v 15.725117 -29.882931 -0.181262
v 7.069117 3.805115 -2.390080
v 10.769588 3.707345 -1.505448
v 13.957117 3.652649 -0.282740
v 16.232588 3.763372 -0.309514
v 4.156083 3.584956 -2.617771
v 16.884615 3.782416 0.035555
v 14.672424 3.675029 -0.257733
v 7.808093 3.850333 -2.514256
v 10.449589 3.842393 -1.887042
v 10.589180 4.972849 -1.730719
v 7.575241 5.033378 -2.442759
v 14.378754 4.896247 -0.223670
v 16.815006 4.961094 0.145149
v 16.654934 4.992884 -0.190078
v 2.637045 4.775584 -2.594522
v 12.481483 4.907020 -0.859046
v 9.117560 5.028757 -2.233227
v 5.739094 4.925088 -2.529791
v 4.096034 6.039075 -2.696236
v 1.227526 5.978429 -2.589187
v 10.359386 6.140182 -2.026361
v 7.819765 6.176447 -2.598893
v 13.902376 6.001089 -0.446975
v 11.182623 6.104785 -1.497944
v 14.612270 6.001884 -0.432074
v 6.965032 6.149163 -2.494360
v 16.741194 6.019184 -0.139955
v 16.091999 6.046828 -0.499769
v 1.227526 5.925979 -2.466825
v 4.146558 5.991816 -2.561789
v 1.227526 5.492546 -2.572161
v 4.120089 5.562069 -2.671856
v 7.770538 5.727252 -2.584124
v 10.413445 5.706347 -1.969784
v 6.977659 5.698322 -2.461982
v 7.096143 6.114297 -2.331413
v 7.995222 6.143148 -2.417192
v 10.196383 6.124907 -1.905549
v 10.808786 5.658997 -1.566950
v 11.119890 6.100451 -1.360747
v 13.926140 5.585303 -0.383295
v 14.690279 6.031746 -0.191802
v 13.893480 6.022639 -0.282524
v 14.631338 5.589137 -0.361538
v 16.144133 5.646656 -0.419826
v 16.033825 6.079229 -0.265293
v 16.804802 5.625326 -0.058647
v 16.660774 6.042087 0.002225
v 9.931259 5.707819 -1.811825
v 11.070076 5.694987 -1.243996
v 14.752375 5.659252 0.026732
v 15.975311 5.709767 -0.049202
v 13.742018 5.648416 -0.199038
v 1.227526 5.471046 -2.366721
v 4.201148 5.542315 -2.449023
v 8.331858 5.708403 -2.191412
v 7.214933 5.677943 -2.191606
v 2.891392 1.103348 -2.317330
v 9.232059 1.304991 -1.671061
v 12.236952 1.271571 -0.734177
v 6.222716 1.218853 -2.228723
v 8.069990 1.301468 -2.106028
v 10.396635 1.303582 -1.549599
v 14.087147 1.249363 -0.072932
v 15.854021 1.316918 0.011939
v 11.034941 4.159595 -1.236552
v 13.583418 4.116264 -0.239422
v 14.547173 4.126907 -0.023391
v 15.703419 4.175164 -0.092842
v 4.422562 4.012304 -2.384879
v 7.368653 4.142076 -2.138493
v 1.227526 3.944173 -2.306986
v 8.432122 4.171275 -2.138269
v 9.950710 4.171275 -1.777535
v 2.939953 -10.588742 -2.215990
v 9.252382 -10.390704 -1.882913
v 12.203554 -10.423527 -0.711873
v 6.293432 -10.475303 -2.131806
v 8.111086 -10.394166 -2.015237
v 10.396137 -10.392089 -1.486586
v 14.020645 -10.445337 -0.083787
v 15.754566 -10.378991 0.003396
v 2.939953 -18.882114 -1.810254
v 9.252382 -18.684074 -1.533350
v 12.203556 -18.716896 -0.559802
v 6.293432 -18.768673 -1.740267
v 8.111087 -18.687534 -1.643357
v 10.396137 -18.685459 -1.203862
v 14.020649 -18.738705 -0.038144
v 15.754566 -18.672359 0.014546
v -3.406529 2.025285 -2.527297
v -6.722615 1.689577 -1.973607
v -10.047995 1.994314 -0.828241
v -13.027645 2.042556 -0.321335
v -13.145531 -1.943243 -0.321335
v -11.570976 0.001083 -0.278370
v -13.869501 0.136528 -0.304677
v -13.533178 -9.489562 -0.321334
v -11.977585 -7.767342 -0.300059
v -14.008528 -3.821814 -0.304676
v -13.601242 -17.690002 -0.321334
v -12.111515 -15.791999 -0.308195
v -14.284309 -11.440252 -0.304676
v -13.976679 -26.157631 -0.321333
v -12.457863 -24.128761 -0.284421
v -14.344011 -19.745506 -0.304676
v -14.145929 -30.884918 -0.269713
v -12.729223 -30.713455 -0.154657
v -14.651003 -28.163776 -0.304675
v -3.368423 -31.498802 -0.609194
v -6.798015 -31.336521 -0.359614
v -5.093306 -31.343246 -0.675787
v -8.376190 0.045121 -1.462573
v -4.980534 -24.363960 -2.205292
v -8.531458 -28.405670 -0.945511
v -3.289748 -26.489819 -2.232093
v -6.647257 -26.394058 -1.678540
v -8.119593 -20.387585 -1.534605
v -4.994948 -16.637165 -2.334929
v -6.497553 -18.540142 -1.986966
v -3.315155 -18.622272 -2.567881
v -8.424271 -12.572064 -1.666451
v -5.191846 -8.609222 -2.513120
v -3.369159 -10.803880 -2.830975
v -6.750386 -10.716512 -2.173136
v -8.457228 -4.199636 -1.481184
v -5.283049 0.099042 -2.368333
v -6.936437 -2.053579 -2.039864
v -3.605972 -2.129736 -2.652368
v -10.146942 -2.070088 -0.819148
v -10.631390 -26.276657 -0.739245
v -10.757168 -31.065701 -0.173198
v -10.259369 -18.159050 -0.915939
v -10.402243 -10.151917 -0.961290
v -0.190125 1.818754 -2.578068
v -0.112182 -31.496578 -0.674257
v -0.126891 -26.565269 -2.378787
v -0.157080 -18.747021 -3.007840
v -0.170318 -10.937620 -3.276967
v -0.193162 -2.312439 -2.673575
v -1.752267 -0.096864 -2.652668
v -1.709264 -8.769500 -2.977491
v -1.657313 -16.764179 -2.993529
v -1.636931 -24.489063 -2.644851
v -1.507611 -31.214733 -0.965614
v -11.748932 -3.985407 -0.279539
v -14.199844 -7.532075 -0.304676
v -5.398980 -4.223917 -2.473077
v -8.481680 -8.466792 -1.597678
v -1.772292 -4.416092 -2.773897
v -3.526653 -6.492015 -2.704246
v -10.277496 -6.119400 -0.849615
v -6.879267 -6.394164 -2.078489
v -0.183392 -6.662351 -3.063628
v -13.348448 -5.728775 -0.321334
v -12.099880 -11.699989 -0.316206
v -14.263998 -15.560973 -0.304676
v -5.045565 -12.762212 -2.488024
v -8.258841 -16.482620 -1.590515
v -1.667253 -12.889085 -3.160048
v -3.326815 -14.760016 -2.811653
v -10.345190 -14.155656 -0.954818
v -0.162942 -14.884555 -3.259341
v -6.623531 -14.676558 -2.063490
v -13.567657 -13.543719 -0.321334
v -12.214418 -19.937057 -0.298968
v -14.526443 -23.985302 -0.304675
v -4.951865 -20.493305 -2.256478
v -8.287891 -24.298290 -1.443020
v -1.648796 -20.622089 -2.749109
v -3.306775 -22.475311 -2.502090
v -10.322275 -22.193401 -0.873662
v -6.449792 -22.393806 -1.940797
v -0.151232 -22.600376 -2.882704
v -13.781517 -21.911411 -0.321334
v -14.523476 0.161455 0.039680
v -14.650818 -3.797197 0.039680
v -14.902943 -11.416646 0.039680
v -14.936846 -19.722256 0.039680
v -15.218395 -28.139847 0.039681
v -14.830610 -7.508127 0.039680
v -14.869831 -15.537389 0.039680
v -15.106140 -23.962624 0.039680
v -14.302708 2.112383 -0.151561
v -14.802755 -30.845268 -0.149790
v -15.008732 -26.090118 -0.151560
v -14.851728 -21.843861 -0.151560
v -14.710089 -17.620800 -0.151560
v -14.717066 -9.419734 -0.151561
v -14.566750 -5.657255 -0.151561
v -14.714445 -13.474212 -0.151560
v -14.398478 -1.869863 -0.151561
v -15.139067 -26.087254 0.164172
v -14.983686 -21.840996 0.164172
v -14.892248 -30.901093 0.149049
v -14.704987 -5.654219 0.164172
v -14.538185 -1.866748 0.164172
v -14.853844 -9.416771 0.164172
v -14.849653 -13.471263 0.164172
v -14.443356 2.115346 0.164172
v -14.843683 -17.617867 0.164172
v -11.959673 1.971700 -0.187578
v -12.098854 -2.017924 -0.187598
v -12.553127 -9.568730 -0.189840
v -12.692282 -17.765636 -0.189225
v -13.143864 -26.225876 -0.186540
v -13.579576 -30.951645 -0.171970
v -12.335075 -5.805554 -0.188071
v -12.622963 -13.621812 -0.189815
v -12.909050 -21.982597 -0.188562
v -13.034515 -19.845474 -0.253172
v -12.863909 -11.541738 -0.253172
v -12.486408 -3.927642 -0.253172
v -13.552799 -30.670868 -0.251148
v -13.273426 -24.082771 -0.253172
v -12.898626 -15.662368 -0.253172
v -12.727255 -7.635027 -0.253172
v -12.297148 0.029360 -0.253173
v -1.852363 -31.382114 -0.287837
v -5.174609 -31.329876 -0.149595
v -8.566402 -31.170891 -0.046944
v -12.771706 -31.246983 0.066109
v -14.204565 -31.023617 -0.019155
v -6.675398 2.467191 -2.197282
v -5.292485 2.458536 -2.389125
v -8.053955 2.366697 -1.727169
v -12.660391 -28.291061 -0.221516
v -14.670828 -30.566635 -0.297218
v -5.016068 -28.680340 -1.488076
v -8.575397 -30.893379 -0.422845
v -1.552277 -28.632298 -1.834765
v -15.208456 -30.550148 0.037413
v -13.450882 -28.266369 -0.253171
v -14.072254 -29.810215 -0.321333
v -15.202799 -29.733204 0.164172
v -15.073759 -29.736343 -0.151560
v -3.233498 -30.442894 -1.166282
v -10.750252 -29.932137 -0.380138
v -0.048934 -30.345535 -1.247171
v -6.724039 -30.305840 -0.796752
v -13.270065 -29.882931 -0.181262
v -4.614065 3.805115 -2.390080
v -8.314537 3.707345 -1.505448
v -11.502066 3.652649 -0.282740
v -13.777534 3.763372 -0.309514
v -1.701031 3.584956 -2.617771
v -14.429564 3.782416 0.035555
v -12.217371 3.675029 -0.257733
v -5.353041 3.850333 -2.514256
v -7.994537 3.842393 -1.887042
v -8.134129 4.972849 -1.730719
v -5.120189 5.033378 -2.442759
v -11.923700 4.896247 -0.223670
v -14.359955 4.961095 0.145149
v -14.199881 4.992884 -0.190078
v -0.181993 4.775584 -2.594522
v -12.957462 4.945875 -0.358923
v -10.026432 4.907020 -0.859046
v -6.662508 5.028757 -2.233227
v -3.284041 4.925088 -2.529791
v -1.640982 6.039075 -2.696236
v -7.904335 6.140182 -2.026361
v -5.364713 6.176447 -2.598893
v -11.447325 6.001089 -0.446975
v -8.727571 6.104785 -1.497944
v -12.157219 6.001884 -0.432074
v -4.509979 6.149163 -2.494360
v -14.286140 6.019184 -0.139955
v -13.636944 6.046828 -0.499769
v -1.691506 5.991816 -2.561789
v -1.665036 5.562069 -2.671857
v -5.315485 5.727252 -2.584124
v -7.958392 5.706347 -1.969784
v -4.522606 5.698321 -2.461982
v -4.641090 6.114297 -2.331413
v -5.540169 6.143148 -2.417193
v -7.741329 6.124907 -1.905549
v -8.353735 5.658997 -1.566950
v -8.664839 6.100451 -1.360747
v -11.471087 5.585303 -0.383295
v -12.235226 6.031746 -0.191802
v -11.438427 6.022639 -0.282524
v -12.176285 5.589137 -0.361538
v -13.689081 5.646656 -0.419826
v -13.578773 6.079229 -0.265293
v -14.349749 5.625326 -0.058647
v -14.205723 6.042087 0.002225
v -7.476206 5.707819 -1.811826
v -8.615023 5.694987 -1.243996
v -12.297321 5.659252 0.026732
v -13.520260 5.709767 -0.049202
v -11.286966 5.648416 -0.199038
v -1.746096 5.542315 -2.449022
v -5.876805 5.708403 -2.191412
v -4.759881 5.677943 -2.191606
v -0.436340 1.103348 -2.317331
v -6.777008 1.304991 -1.671060
v -9.781900 1.271571 -0.734177
v -3.767663 1.218852 -2.228723
v -5.614938 1.301468 -2.106028
v -7.941583 1.303582 -1.549599
v -12.505617 1.287372 -0.129670
v -11.632095 1.249363 -0.072932
v -13.398968 1.316918 0.011939
v -8.579887 4.159596 -1.236552
v -11.128365 4.116264 -0.239422
v -12.092121 4.126907 -0.023391
v -13.248367 4.175164 -0.092842
v -1.967509 4.012304 -2.384879
v -4.913600 4.142076 -2.138493
v -5.977070 4.171275 -2.138269
v -7.495657 4.171275 -1.777535
v -0.484901 -10.588742 -2.215990
v -6.797329 -10.390704 -1.882914
v -9.748501 -10.423527 -0.711873
v -3.838380 -10.475303 -2.131806
v -5.656034 -10.394165 -2.015237
v -7.941084 -10.392089 -1.486586
v -12.422224 -10.408010 -0.144454
v -11.565594 -10.445339 -0.083787
v -13.299511 -10.378990 0.003396
v -0.484901 -18.882114 -1.810254
v -6.797330 -18.684074 -1.533350
v -9.748503 -18.716896 -0.559802
v -3.838379 -18.768673 -1.740267
v -5.656034 -18.687534 -1.643357
v -7.941084 -18.685459 -1.203862
v -12.422226 -18.701378 -0.113095
v -11.565596 -18.738705 -0.038144
v -13.299513 -18.672359 0.014546
v 16.764057 5.951302 0.054749
v 9.128839 3.849086 -2.209662
v 12.490002 3.651934 -0.830748
v 14.468592 0.010524 -0.187586
v 14.913006 -7.659940 -0.188993
v 15.098957 -15.686862 -0.189520
v 15.489740 -24.101185 -0.187978
v 15.779448 -30.694939 -0.178721
v 9.224079 -31.150494 -0.542067
v 2.498636 -31.229866 -0.929577
v 2.601050 -24.540146 -2.727859
v 8.996140 -24.335392 -1.886233
v 9.015278 -16.609039 -2.015041
v 2.615062 -16.816643 -3.135127
v 2.631471 -8.830639 -3.202390
v 9.269156 -8.584753 -2.135684
v 9.296291 0.041470 -1.986737
v 2.647514 -0.171446 -2.592198
v 12.548424 -0.002385 -0.819130
v 13.218052 -30.757931 -0.274569
v 12.928507 -24.217030 -0.835692
v 12.750206 -16.154221 -0.934905
v 12.809362 -8.136661 -0.908153
v 5.975922 0.024422 -2.588902
v 5.894288 -8.678291 -2.765381
v 5.776035 -16.691998 -2.690839
v 5.760221 -24.421036 -2.463399
v 5.725930 -31.311031 -0.852440
v 9.091953 5.717426 -2.285954
v 6.053686 -4.307451 -2.678902
v 12.661953 -4.104566 -0.823873
v 9.391947 -4.213429 -2.059167
v 2.644744 -4.485072 -2.857938
v 14.665092 -3.948179 -0.187662
v 5.791536 -12.816300 -2.856338
v 12.846682 -12.157050 -0.971612
v 2.621116 -12.941911 -3.303325
v 9.142000 -12.732017 -2.134439
v 15.057007 -11.568100 -0.190040
v 5.764794 -20.549686 -2.513099
v 12.711473 -20.174023 -0.896566
v 8.900341 -20.468616 -1.964700
v 2.609207 -20.674553 -2.944273
v 15.241575 -19.867275 -0.188921
v 16.706934 3.781119 -0.156376
v 17.503616 -30.549885 -0.150684
v 17.222275 -19.725163 -0.151560
v 17.111300 -7.511119 -0.151561
v 17.185148 -11.419598 -0.151560
v 16.930063 -3.800274 -0.151561
v 16.801264 0.158339 -0.151561
v 17.153635 -15.540334 -0.151560
v 17.393208 -23.965462 -0.151560
v 17.524347 -23.962624 0.164172
v 17.626919 -30.554573 0.162282
v 17.069023 -3.797196 0.164172
v 17.248816 -7.508127 0.164172
v 17.321148 -11.416648 0.164172
v 16.849607 3.779455 0.161795
v 17.288034 -15.537389 0.164172
v 17.355053 -19.722256 0.164172
v 16.941683 0.161455 0.164172
v 14.391466 3.659526 -0.192093
v 2.736168 -31.453777 -0.270202
v 5.971562 -31.360455 -0.232903
v 13.182962 -31.216045 0.008628
v 9.227800 -31.235432 -0.092182
v 7.695558 6.139370 -2.351934
v 10.597141 3.753724 -1.705324
v 9.135107 2.257343 -2.061068
v 14.358688 5.578824 -0.294586
v 2.623755 5.510888 -2.629230
v 12.473051 5.618891 -0.920344
v 10.577679 5.684294 -1.785500
v 5.712152 5.635128 -2.572135
v 9.095751 6.134291 -2.180300
v 16.611422 5.652936 -0.266257
v 12.464712 6.061483 -0.812314
v 5.784781 6.057659 -2.451872
v 17.636600 -28.139847 0.164172
v 17.507004 -28.142834 -0.151560
v 5.708225 -28.674061 -1.710849
v 13.172802 -28.320675 -0.559780
v 2.542263 -28.652668 -1.802953
v 9.152138 -28.560654 -1.243930
v 15.677204 -28.283421 -0.183898
v 10.499697 6.118832 -1.694797
v 7.601019 3.853693 -2.420237
v 16.451275 6.080581 -0.144359
v 2.643137 3.515669 -2.579011
v 14.399328 6.018256 -0.153274
v 7.548743 5.724766 -2.489921
v 5.769775 3.697875 -2.512488
v 2.608015 5.995118 -2.648641
v 9.060303 6.159115 -2.331756
v 12.497889 6.053467 -0.962304
v 14.341175 5.991295 -0.361531
v 5.691645 6.098266 -2.601211
v 16.549219 6.048691 -0.350500
v 7.540082 6.172663 -2.523808
v 10.585491 6.130206 -1.824232
v 2.628747 5.943852 -2.523409
v 16.922707 -4.148214 0.239930
v 10.401489 5.706044 -1.585972
v 17.174835 -11.767665 0.239930
v 17.208738 -20.073273 0.239930
v 14.408783 5.645424 0.016305
v 2.653836 5.490146 -2.420105
v 17.490286 -28.476887 0.239929
v 16.362923 5.720770 0.057209
v 6.203429 -30.881798 0.239929
v 9.131554 5.708137 -2.040146
v 17.483149 -30.576145 0.239929
v 17.102501 -7.859145 0.239930
v 9.163727 -30.811539 0.239929
v 12.400562 5.670357 -0.700261
v 16.703400 3.433951 0.239931
v 17.141720 -15.888410 0.239930
v 16.665228 5.413483 0.239931
v 13.157806 -31.005348 0.239929
v 5.874485 5.615215 -2.324815
v 16.511299 -30.963650 0.239929
v 17.378031 -24.313644 0.239930
v 16.795368 -0.189563 0.239931
v 3.024654 -31.086575 0.239929
v 7.864383 5.704665 -2.192205
v 12.303749 4.136660 -0.717959
v 6.081283 4.082057 -2.265943
v 2.794270 3.962423 -2.357718
v 14.220150 4.113657 -0.032965
v 7.987797 4.167625 -2.138861
v 9.191416 4.171275 -1.994605
v 16.058096 4.187534 0.033482
v 10.397629 4.169815 -1.562537
v 16.810930 5.557283 0.107474
v -14.309006 5.951302 0.054750
v -6.673788 3.849086 -2.209662
v -10.034950 3.651934 -0.830748
v -12.990400 3.720835 -0.326033
v -12.013540 0.010524 -0.187586
v -12.457954 -7.659940 -0.188993
v -12.643906 -15.686864 -0.189520
v -13.034687 -24.101185 -0.187978
v -13.324394 -30.694942 -0.178721
v -6.769027 -31.150497 -0.542067
v -0.043583 -31.229862 -0.929577
v -0.145998 -24.540142 -2.727859
v -6.541087 -24.335392 -1.886232
v -6.560226 -16.609035 -2.015041
v -0.160010 -16.816639 -3.135127
v -0.176418 -8.830637 -3.202390
v -6.814103 -8.584753 -2.135684
v -6.841239 0.041470 -1.986737
v -0.192462 -0.171446 -2.592198
v -10.093372 -0.002385 -0.819130
v -10.763000 -30.757931 -0.274569
v -10.473454 -24.217030 -0.835692
v -10.295155 -16.154221 -0.934905
v -10.354309 -8.136661 -0.908153
v -3.520870 0.024422 -2.588902
v -3.439236 -8.678291 -2.765381
v -3.320982 -16.691998 -2.690839
v -3.305169 -24.421036 -2.463399
v -3.270877 -31.311031 -0.852440
v -6.636901 5.717426 -2.285954
v -3.598633 -4.307451 -2.678902
v -10.206900 -4.104566 -0.823873
v -6.936896 -4.213430 -2.059167
v -0.189691 -4.485072 -2.857938
v -12.210039 -3.948179 -0.187662
v -3.336484 -12.816300 -2.856337
v -10.391628 -12.157050 -0.971612
v -0.166063 -12.941911 -3.303325
v -6.686945 -12.732015 -2.134439
v -12.601954 -11.568100 -0.190040
v -3.309742 -20.549686 -2.513099
v -10.256422 -20.174023 -0.896566
v -6.445287 -20.468616 -1.964700
v -0.154155 -20.674553 -2.944273
v -12.786524 -19.867275 -0.188921
v -14.251884 3.781119 -0.156376
v -15.048565 -30.549889 -0.150684
v -14.767221 -19.725163 -0.151560
v -14.656246 -7.511119 -0.151561
v -14.730093 -11.419597 -0.151560
v -14.475012 -3.800275 -0.151561
v -14.346210 0.158339 -0.151561
v -14.698582 -15.540336 -0.151560
v -14.938156 -23.965458 -0.151560
v -15.069296 -23.962624 0.164172
v -15.171869 -30.554573 0.162282
v -14.613974 -3.797198 0.164172
v -14.793764 -7.508126 0.164172
v -14.866096 -11.416647 0.164172
v -14.394554 3.779455 0.161795
v -14.832983 -15.537389 0.164172
v -14.900000 -19.722256 0.164172
v -14.486633 0.161455 0.164172
v -13.677629 -19.793663 -0.321334
v -13.564503 -11.489138 -0.321334
v -13.239723 -3.872791 -0.321335
v -14.096167 -30.620373 -0.314863
v -13.887266 -24.032257 -0.321334
v -13.570700 -15.609818 -0.321334
v -13.454899 -7.581665 -0.321334
v -13.076498 0.084905 -0.321335
v -11.936415 3.659526 -0.192093
v -0.281116 -31.453773 -0.270202
v -3.516510 -31.360458 -0.232903
v -10.727909 -31.216049 0.008628
v -6.772748 -31.235432 -0.092182
v -14.209398 -30.967411 -0.161106
v -14.145031 -31.131634 0.115890
v -5.240506 6.139370 -2.351934
v -8.142088 3.753724 -1.705323
v -6.680055 2.257343 -2.061068
v -11.903637 5.578824 -0.294586
v -0.168702 5.510888 -2.629229
v -10.018000 5.618891 -0.920344
v -8.122625 5.684294 -1.785500
v -3.257100 5.635128 -2.572135
v -6.640700 6.134291 -2.180300
v -14.156366 5.652936 -0.266257
v -10.009659 6.061483 -0.812314
v -3.329729 6.057659 -2.451872
v -14.037308 -28.213322 -0.321333
v -15.181549 -28.139847 0.164172
v -15.051952 -28.142834 -0.151560
v -3.253172 -28.674065 -1.710850
v -10.717749 -28.320675 -0.559780
v -0.087211 -28.652668 -1.802953
v -6.697084 -28.560650 -1.243930
v -13.222151 -28.283417 -0.183898
v -8.044645 6.118832 -1.694797
v -5.145967 3.853693 -2.420237
v -12.924711 5.619382 -0.433095
v -13.996222 6.080581 -0.144359
v -0.188084 3.515669 -2.579012
v -12.904902 6.057664 -0.262526
v -11.944277 6.018256 -0.153274
v -5.093690 5.724766 -2.489921
v -3.314722 3.697875 -2.512488
v -0.152962 5.995118 -2.648641
v -6.605250 6.159115 -2.331756
v -10.042837 6.053467 -0.962304
v -11.886124 5.991295 -0.361531
v -3.236593 6.098265 -2.601211
v -14.094170 6.048691 -0.350500
v -12.889652 6.026314 -0.508177
v -5.085031 6.172663 -2.523808
v -8.130438 6.130206 -1.824232
v -0.173694 5.943852 -2.523409
v -14.467655 -4.148215 0.239930
v -7.946435 5.706044 -1.585972
v -14.719780 -11.767665 0.239930
v -12.911427 5.686602 -0.036908
v -14.753685 -20.073273 0.239930
v -11.953732 5.645424 0.016305
v -0.198783 5.490146 -2.420105
v -15.035234 -28.476887 0.239929
v -13.907869 5.720770 0.057209
v -3.748377 -30.881802 0.239929
v -6.676502 5.708137 -2.040145
v -15.028095 -30.576149 0.239929
v -14.647449 -7.859144 0.239930
v -6.708675 -30.811539 0.239929
v -9.945511 5.670357 -0.700261
v -14.248346 3.433951 0.239931
v -14.686668 -15.888408 0.239930
v -14.210176 5.413483 0.239931
v -10.702753 -31.005344 0.239929
v -3.419432 5.615215 -2.324815
v -14.056246 -30.963650 0.239929
v -14.922979 -24.313644 0.239930
v -14.340319 -0.189563 0.239931
v -0.569601 -31.086578 0.239929
v -5.409331 5.704665 -2.192205
v -9.848696 4.136660 -0.717959
v -12.672405 4.153025 -0.087560
v -3.626230 4.082057 -2.265943
v -0.339218 3.962423 -2.357718
v -11.765099 4.113657 -0.032965
v -5.532744 4.167625 -2.138861
v -6.736363 4.171275 -1.994605
v -13.603045 4.187534 0.033482
v -7.942579 4.169815 -1.562536
v -14.355879 5.557283 0.107474
vt 0.078727 0.955920
vt 0.034060 0.955343
vt 0.033232 0.924606
vt 0.079695 0.923946
vt 0.457440 0.991612
vt 0.457176 0.978733
vt 0.500110 0.978657
vt 0.500110 0.991691
vt 0.001825 0.999954
vt 0.001197 0.999929
vt 0.001205 0.999847
vt 0.001832 0.999871
vt 0.018339 0.978897
vt 0.015425 0.981754
vt 0.013416 0.978556
vt 0.007578 0.980223
vt 0.007477 0.977967
vt 0.542781 0.991607
vt 0.543043 0.978729
vt 0.005208 0.968288
vt 0.010115 0.969890
vt 0.299443 0.964778
vt 0.258691 0.963761
vt 0.258961 0.933589
vt 0.299681 0.934064
vt 0.218026 0.962931
vt 0.218314 0.932804
vt 0.222640 0.899636
vt 0.259677 0.897491
vt 0.296492 0.901057
vt 0.203118 0.959966
vt 0.147863 0.958549
vt 0.148723 0.925490
vt 0.203849 0.928585
vt 0.100482 0.956647
vt 0.101674 0.924081
vt 0.102771 0.880130
vt 0.150177 0.882332
vt 0.210630 0.895010
vt 0.033278 0.881627
vt 0.080609 0.880279
vt 0.073187 0.264668
vt 0.074052 0.318548
vt 0.035246 0.319743
vt 0.035508 0.265619
vt 0.080701 0.829409
vt 0.089432 0.829122
vt 0.089373 0.880044
vt 0.079860 0.776777
vt 0.088473 0.776470
vt 0.102225 0.776396
vt 0.102975 0.829190
vt 0.076200 0.678906
vt 0.074220 0.631276
vt 0.082428 0.630814
vt 0.084547 0.678514
vt 0.072935 0.582401
vt 0.081012 0.581880
vt 0.096000 0.578813
vt 0.097095 0.628365
vt 0.098908 0.676989
vt 0.073459 0.478674
vt 0.074236 0.425716
vt 0.082019 0.425248
vt 0.081335 0.478156
vt 0.074566 0.372376
vt 0.082245 0.371978
vt 0.098926 0.370136
vt 0.098214 0.422891
vt 0.097100 0.475368
vt 0.072611 0.211208
vt 0.079767 0.211035
vt 0.080574 0.264431
vt 0.072771 0.158472
vt 0.079641 0.158329
vt 0.095805 0.158619
vt 0.096672 0.210992
vt 0.097930 0.263829
vt 0.073234 0.072412
vt 0.069885 0.055375
vt 0.075590 0.053755
vt 0.079340 0.071734
vt 0.065107 0.051882
vt 0.067874 0.049557
vt 0.083603 0.043317
vt 0.091589 0.050918
vt 0.094319 0.070728
vt 0.213387 0.062830
vt 0.212141 0.040682
vt 0.266429 0.035069
vt 0.267825 0.057575
vt 0.211423 0.033134
vt 0.265159 0.028405
vt 0.313098 0.025667
vt 0.315354 0.032092
vt 0.317342 0.054591
vt 0.419773 0.058554
vt 0.419148 0.035011
vt 0.461970 0.033839
vt 0.462059 0.057639
vt 0.415731 0.026058
vt 0.459933 0.024438
vt 0.499125 0.022985
vt 0.499168 0.032266
vt 0.499275 0.056182
vt 0.416640 0.257494
vt 0.417235 0.208994
vt 0.460202 0.207937
vt 0.460009 0.256510
vt 0.417965 0.157900
vt 0.460577 0.156686
vt 0.499617 0.155858
vt 0.499734 0.207443
vt 0.499815 0.256128
vt 0.224928 0.259587
vt 0.222042 0.210276
vt 0.274156 0.210583
vt 0.275722 0.259306
vt 0.217949 0.159091
vt 0.271435 0.158785
vt 0.319473 0.158392
vt 0.320112 0.210810
vt 0.320021 0.259510
vt 0.215014 0.457333
vt 0.218239 0.407712
vt 0.269631 0.405351
vt 0.267202 0.454423
vt 0.221524 0.358190
vt 0.272284 0.356445
vt 0.317655 0.356464
vt 0.316383 0.405290
vt 0.315343 0.454278
vt 0.415717 0.452114
vt 0.415720 0.403235
vt 0.459531 0.402112
vt 0.459480 0.450940
vt 0.415694 0.354348
vt 0.459569 0.353317
vt 0.499915 0.352913
vt 0.499946 0.401648
vt 0.499970 0.450454
vt 0.411440 0.661952
vt 0.412885 0.606100
vt 0.458569 0.604479
vt 0.458118 0.660113
vt 0.414270 0.552143
vt 0.458972 0.550809
vt 0.500007 0.550325
vt 0.500024 0.603869
vt 0.500042 0.659390
vt 0.206468 0.667101
vt 0.207827 0.612150
vt 0.259720 0.609774
vt 0.256552 0.666056
vt 0.209607 0.558533
vt 0.262661 0.555275
vt 0.312455 0.555052
vt 0.309001 0.609653
vt 0.304863 0.666088
vt 0.205498 0.832344
vt 0.254173 0.832849
vt 0.256588 0.875780
vt 0.204831 0.776861
vt 0.252821 0.778251
vt 0.300275 0.778934
vt 0.302487 0.835067
vt 0.306169 0.889393
vt 0.410604 0.883128
vt 0.409942 0.830877
vt 0.457163 0.829151
vt 0.457053 0.881333
vt 0.409625 0.774839
vt 0.457337 0.773210
vt 0.500075 0.772740
vt 0.500088 0.828653
vt 0.500098 0.880806
vt 0.150255 0.830118
vt 0.150020 0.776343
vt 0.147134 0.046188
vt 0.148873 0.067254
vt 0.146526 0.038009
vt 0.156349 0.210622
vt 0.158878 0.261579
vt 0.153210 0.159049
vt 0.155144 0.414831
vt 0.152653 0.465805
vt 0.157444 0.363792
vt 0.148607 0.619758
vt 0.149040 0.671659
vt 0.148894 0.568092
vt 0.356284 0.833678
vt 0.359029 0.886304
vt 0.354630 0.777380
vt 0.361383 0.608250
vt 0.358190 0.664424
vt 0.364104 0.553927
vt 0.366387 0.404539
vt 0.366204 0.453501
vt 0.366682 0.355679
vt 0.368945 0.210152
vt 0.368185 0.258772
vt 0.369516 0.158298
vt 0.367758 0.033081
vt 0.369515 0.056127
vt 0.364464 0.025535
vt 0.221596 0.990808
vt 0.219199 0.980324
vt 0.259250 0.981479
vt 0.260159 0.993341
vt 0.147626 0.988860
vt 0.148155 0.977477
vt 0.202564 0.979071
vt 0.191339 0.991227
vt 0.299416 0.982682
vt 0.301389 0.722554
vt 0.355521 0.720838
vt 0.410230 0.718303
vt 0.100755 0.725825
vt 0.149589 0.723655
vt 0.205371 0.722056
vt 0.253876 0.722321
vt 0.457647 0.716549
vt 0.500059 0.715942
vt 0.078231 0.726810
vt 0.086712 0.726471
vt 0.314345 0.503685
vt 0.365618 0.502758
vt 0.415250 0.501192
vt 0.096149 0.527606
vt 0.150375 0.516835
vt 0.212049 0.507249
vt 0.459296 0.500009
vt 0.499989 0.499557
vt 0.265025 0.503910
vt 0.072824 0.531260
vt 0.080793 0.530720
vt 0.319039 0.307867
vt 0.367344 0.307100
vt 0.416049 0.305785
vt 0.098794 0.316994
vt 0.159043 0.312647
vt 0.224352 0.308793
vt 0.274768 0.307755
vt 0.459762 0.304782
vt 0.499873 0.304395
vt 0.081607 0.318232
vt 0.019791 0.955615
vt 0.018459 0.924780
vt 0.011950 0.955510
vt 0.010700 0.924711
vt 0.010550 0.881764
vt 0.018318 0.881816
vt 0.044496 0.075070
vt 0.034279 0.073857
vt 0.039348 0.059889
vt 0.047135 0.060679
vt 0.028084 0.072504
vt 0.034988 0.058635
vt 0.040559 0.053615
vt 0.044079 0.055547
vt 0.048375 0.056409
vt 0.034736 0.373869
vt 0.021165 0.374028
vt 0.021907 0.319790
vt 0.013532 0.373925
vt 0.014342 0.319649
vt 0.014962 0.265406
vt 0.022446 0.265583
vt 0.031617 0.680424
vt 0.017173 0.680578
vt 0.016443 0.633034
vt 0.030656 0.632858
vt 0.009479 0.680528
vt 0.008813 0.632984
vt 0.008680 0.584359
vt 0.016282 0.584399
vt 0.030291 0.584143
vt 0.016998 0.533466
vt 0.030894 0.533149
vt 0.009400 0.533431
vt 0.010748 0.480854
vt 0.018365 0.480901
vt 0.032173 0.480579
vt 0.033366 0.778434
vt 0.018494 0.778656
vt 0.017978 0.728551
vt 0.032659 0.728370
vt 0.010698 0.778619
vt 0.010225 0.728506
vt 0.018518 0.831297
vt 0.033499 0.831056
vt 0.010720 0.831258
vt 0.019905 0.427748
vt 0.033617 0.427481
vt 0.012274 0.427678
vt 0.023298 0.211853
vt 0.036058 0.211961
vt 0.015910 0.211626
vt 0.017770 0.158503
vt 0.025008 0.158831
vt 0.037385 0.159059
vt 0.011150 0.265401
vt 0.012135 0.211584
vt 0.006310 0.265493
vt 0.007339 0.211619
vt 0.009338 0.158268
vt 0.014061 0.158373
vt 0.024842 0.071643
vt 0.032958 0.057043
vt 0.020597 0.070366
vt 0.030953 0.053998
vt 0.040863 0.048236
vt 0.039708 0.051153
vt 0.006813 0.778664
vt 0.006352 0.728584
vt 0.001888 0.778804
vt 0.001445 0.728795
vt 0.000744 0.680850
vt 0.005626 0.680616
vt 0.004980 0.633045
vt 0.000119 0.633223
vt 0.000000 0.584411
vt 0.004857 0.584361
vt 0.005565 0.533373
vt 0.000696 0.533298
vt 0.002026 0.480640
vt 0.006904 0.480768
vt 0.007786 0.955066
vt 0.006809 0.924686
vt 0.003044 0.954515
vt 0.001938 0.924739
vt 0.001774 0.881882
vt 0.006683 0.881786
vt 0.008414 0.427601
vt 0.003513 0.427501
vt 0.004771 0.373872
vt 0.009670 0.373884
vt 0.010500 0.319642
vt 0.005625 0.319715
vt 0.006840 0.831276
vt 0.001918 0.831362
vt 0.087204 0.955889
vt 0.088351 0.923798
vt 0.408311 0.015431
vt 0.454755 0.014172
vt 0.398411 0.001184
vt 0.447586 0.000496
vt 0.499011 0.000000
vt 0.499077 0.013178
vt 0.311272 0.016943
vt 0.359449 0.015640
vt 0.309727 0.004499
vt 0.353248 0.001988
vt 0.087556 0.036545
vt 0.146591 0.031983
vt 0.087900 0.030523
vt 0.146421 0.025500
vt 0.210933 0.019505
vt 0.211067 0.027146
vt 0.264525 0.021078
vt 0.264376 0.010716
vt 0.056272 0.040008
vt 0.073614 0.108994
vt 0.040095 0.109731
vt 0.212950 0.991690
vt 0.213116 0.995958
vt 0.191043 0.995198
vt 0.000070 0.999452
vt 0.000096 0.999452
vt 0.000093 0.999498
vt 0.000067 0.999495
vt 0.000083 0.999239
vt 0.000111 0.999247
vt 0.000108 0.999287
vt 0.000081 0.999275
vt 0.300672 0.999842
vt 0.305528 0.994855
vt 0.323987 0.995472
vt 0.319822 0.999997
vt 0.211089 0.961482
vt 0.211440 0.930156
vt 0.217913 0.895341
vt 0.258737 0.890751
vt 0.300390 0.898084
vt 0.076477 0.984590
vt 0.077883 0.973626
vt 0.086379 0.973972
vt 0.085351 0.986133
vt 0.364101 0.993883
vt 0.363402 0.981559
vt 0.411802 0.979619
vt 0.412500 0.992103
vt 0.100115 0.975176
vt 0.500108 0.958949
vt 0.456996 0.959276
vt 0.297229 0.993667
vt 0.411199 0.960513
vt 0.100654 0.986742
vt 0.212021 0.979780
vt 0.014861 0.970988
vt 0.362568 0.962713
vt 0.324070 0.982988
vt 0.024635 0.979349
vt 0.022349 0.971274
vt 0.035195 0.971437
vt 0.035866 0.980912
vt 0.323821 0.964419
vt 0.146667 0.992836
vt 0.099400 0.991037
vt 0.000058 0.999581
vt 0.000083 0.999584
vt 0.000070 0.999667
vt 0.000046 0.999670
vt 0.000077 0.999293
vt 0.000105 0.999317
vt 0.000102 0.999367
vt 0.000075 0.999362
vt 0.257951 0.996893
vt 0.291658 0.997437
vt 0.082822 0.991915
vt 0.073913 0.990644
vt 0.000084 0.999155
vt 0.000114 0.999161
vt 0.022757 0.984817
vt 0.000086 0.999048
vt 0.000116 0.999052
vt 0.361202 0.997938
vt 0.411084 0.995871
vt 0.306512 0.982902
vt 0.017881 0.108182
vt 0.021449 0.108513
vt 0.013314 0.107785
vt 0.028379 0.109149
vt 0.318561 0.101335
vt 0.369842 0.102317
vt 0.419020 0.103592
vt 0.095656 0.108801
vt 0.150941 0.107986
vt 0.215157 0.106121
vt 0.461358 0.102507
vt 0.499450 0.101299
vt 0.269267 0.103215
vt 0.080138 0.108749
vt 0.000119 0.998949
vt 0.000222 0.998958
vt 0.000219 0.999066
vt 0.000321 0.999868
vt 0.000111 0.999820
vt 0.000144 0.999744
vt 0.000341 0.999784
vt 0.000069 0.999430
vt 0.000098 0.999419
vt 0.224351 0.995113
vt 0.306780 0.933986
vt 0.322252 0.932819
vt 0.306649 0.964869
vt 0.000036 0.999713
vt 0.000055 0.999723
vt 0.000031 0.999774
vt 0.000016 0.999765
vt 0.457001 0.995231
vt 0.000018 0.999788
vt 0.000009 0.999776
vt 0.035595 0.986712
vt 0.500105 0.925517
vt 0.456985 0.925999
vt 0.410956 0.927593
vt 0.000062 0.999706
vt 0.000041 0.999699
vt 0.000006 0.999791
vt 0.000006 0.999786
vt 0.000006 0.999782
vt 0.361760 0.930303
vt 0.500111 0.995233
vt 0.000089 0.998852
vt 0.000120 0.998852
vt 0.000088 0.998948
vt 0.472787 0.097789
vt 0.480870 0.095628
vt 0.503979 0.090421
vt 0.497368 0.092192
vt 0.488435 0.093625
vt 0.510401 0.088710
vt 0.534825 0.083447
vt 0.528234 0.085200
vt 0.521893 0.086884
vt 0.000196 0.999429
vt 0.000193 0.999461
vt 0.572580 0.075913
vt 0.584877 0.072806
vt 0.613477 0.066074
vt 0.599191 0.069701
vt 0.598405 0.069356
vt 0.628461 0.062262
vt 0.659919 0.054833
vt 0.643933 0.058897
vt 0.628579 0.062793
vt 0.000162 0.999681
vt 0.000151 0.999723
vt 0.691629 0.047941
vt 0.705740 0.044349
vt 0.736861 0.037331
vt 0.725591 0.040207
vt 0.718615 0.041099
vt 0.747726 0.034577
vt 0.781744 0.027325
vt 0.771280 0.029988
vt 0.760862 0.032638
vt 0.000097 0.999844
vt 0.000087 0.999860
vt 0.000000 0.999805
vt 0.000200 0.999378
vt 0.000223 0.998852
vt 0.831064 0.017690
vt 0.845557 0.014083
vt 0.876954 0.006932
vt 0.863186 0.010389
vt 0.860521 0.010351
vt 0.887040 0.004449
vt 0.900297 0.001477
vt 0.894884 0.002804
vt 0.887909 0.004560
vt 0.000086 0.998657
vt 0.000116 0.998654
vt 0.000119 0.998756
vt 0.000088 0.998758
vt 0.983144 0.185707
vt 0.986329 0.184689
vt 0.991872 0.214211
vt 0.987982 0.216077
vt 0.989541 0.183660
vt 0.995792 0.212320
vt 0.999920 0.243044
vt 0.995248 0.245454
vt 0.990605 0.247843
vt 0.000178 0.999594
vt 0.000203 0.999329
vt 0.906730 0.000338
vt 0.906195 0.000474
vt 0.907635 0.000080
vt 0.915362 0.003968
vt 0.913867 0.007488
vt 0.913282 0.011025
vt 0.555132 0.079466
vt 0.546926 0.081574
vt 0.564469 0.077036
vt 0.961710 0.117769
vt 0.967430 0.116236
vt 0.978856 0.153235
vt 0.974672 0.154335
vt 0.973135 0.114695
vt 0.983047 0.152133
vt 0.000214 0.999175
vt 0.000208 0.999260
vt 0.000188 0.999507
vt 0.400625 0.115202
vt 0.403172 0.114297
vt 0.416811 0.110963
vt 0.411633 0.112392
vt 0.406657 0.113182
vt 0.422566 0.109370
vt 0.446116 0.103731
vt 0.436648 0.106263
vt 0.428356 0.108457
vt 0.675846 0.051375
vt 0.659621 0.055494
vt 0.691163 0.047498
vt 0.393852 0.119779
vt 0.393850 0.118879
vt 0.395538 0.116411
vt 0.394130 0.119617
vt 0.395186 0.115869
vt 0.399619 0.114855
vt 0.395579 0.117220
vt 0.931910 0.039500
vt 0.937266 0.036551
vt 0.952511 0.073308
vt 0.946418 0.075144
vt 0.942747 0.033388
vt 0.958703 0.071402
vt 0.000205 0.999300
vt 0.923934 0.016248
vt 0.920873 0.020328
vt 0.927225 0.011626
vt 0.807527 0.022332
vt 0.796099 0.025204
vt 0.819960 0.019186
vt 0.458926 0.100862
vt 0.449119 0.103473
vt 0.468178 0.098411
vt 0.995723 0.280707
vt 0.991971 0.282238
vt 0.999501 0.279158
vt 0.998246 0.317721
vt 0.995317 0.317720
vt 0.992397 0.317720
vt 0.000378 0.999531
vt 0.000367 0.999622
vt 0.000354 0.999716
vt 0.000411 0.999079
vt 0.000404 0.999190
vt 0.000397 0.999275
vt 0.000417 0.998852
vt 0.000415 0.998965
vt 0.000346 0.999762
vt 0.000393 0.999315
vt 0.000392 0.999344
vt 0.000388 0.999402
vt 0.000384 0.999454
vt 0.000314 0.999896
vt 0.000311 0.999915
vt 0.000382 0.999484
vt 0.001239 0.999102
vt 0.001233 0.999224
vt 0.001226 0.999315
vt 0.001245 0.998849
vt 0.001244 0.998976
vt 0.001209 0.999776
vt 0.001207 0.999824
vt 0.001223 0.999358
vt 0.001221 0.999389
vt 0.001219 0.999443
vt 0.001217 0.999498
vt 0.001195 0.999957
vt 0.001194 0.999976
vt 0.001216 0.999533
vt 0.001215 0.999583
vt 0.001212 0.999679
vt 0.001836 0.999800
vt 0.001834 0.999847
vt 0.001849 0.999335
vt 0.001845 0.999379
vt 0.001844 0.999411
vt 0.001842 0.999466
vt 0.001840 0.999522
vt 0.001824 0.999981
vt 0.001823 1.000000
vt 0.001840 0.999557
vt 0.001839 0.999606
vt 0.001838 0.999703
vt 0.001864 0.999112
vt 0.001856 0.999240
vt 0.001870 0.998845
vt 0.001869 0.998979
vt 0.000320 0.997845
vt 0.001186 0.997774
vt 0.001190 0.997815
vt 0.000330 0.997885
vt 0.983438 0.978828
vt 0.988915 0.978856
vt 0.986000 0.981859
vt 0.991735 0.969304
vt 0.996524 0.967503
vt 0.995010 0.977113
vt 0.393513 0.512881
vt 0.393956 0.513289
vt 0.393700 0.514039
vt 0.393435 0.513879
vt 0.700810 0.964768
vt 0.700574 0.934036
vt 0.741323 0.933558
vt 0.741589 0.963757
vt 0.703756 0.901009
vt 0.740597 0.897429
vt 0.777671 0.899562
vt 0.782014 0.932766
vt 0.782299 0.962935
vt 0.797231 0.959970
vt 0.796499 0.928539
vt 0.851746 0.925404
vt 0.852634 0.958552
vt 0.789691 0.894925
vt 0.850212 0.882177
vt 0.897682 0.879890
vt 0.898936 0.923905
vt 0.900272 0.956603
vt 0.922205 0.955776
vt 0.920972 0.923688
vt 0.944152 0.924018
vt 0.944795 0.955359
vt 0.919863 0.879985
vt 0.943430 0.880656
vt 0.967253 0.881237
vt 0.967616 0.924298
vt 0.967299 0.955166
vt 0.911092 0.879773
vt 0.910878 0.828833
vt 0.919610 0.829103
vt 0.897333 0.828926
vt 0.897970 0.776132
vt 0.911719 0.776187
vt 0.920330 0.776481
vt 0.923840 0.678655
vt 0.915498 0.678270
vt 0.917566 0.630597
vt 0.925769 0.631052
vt 0.901142 0.676759
vt 0.902906 0.628159
vt 0.903962 0.578639
vt 0.918941 0.581697
vt 0.927013 0.582214
vt 0.926455 0.478582
vt 0.918587 0.478063
vt 0.917933 0.425208
vt 0.925707 0.425682
vt 0.902838 0.475275
vt 0.901755 0.422841
vt 0.901124 0.370120
vt 0.917789 0.371987
vt 0.925461 0.372398
vt 0.927273 0.264737
vt 0.919882 0.264462
vt 0.921124 0.210966
vt 0.928302 0.211195
vt 0.902510 0.263780
vt 0.904160 0.210805
vt 0.905623 0.158091
vt 0.921930 0.157958
vt 0.928856 0.158182
vt 0.930163 0.070633
vt 0.923840 0.069863
vt 0.927774 0.050975
vt 0.933899 0.052592
vt 0.908392 0.068790
vt 0.911129 0.048467
vt 0.919061 0.040643
vt 0.935890 0.046114
vt 0.939169 0.048577
vt 0.786538 0.061137
vt 0.731523 0.056135
vt 0.732721 0.033439
vt 0.787596 0.038714
vt 0.681651 0.053435
vt 0.683441 0.030796
vt 0.685647 0.024319
vt 0.733934 0.026711
vt 0.788242 0.031064
vt 0.578880 0.058055
vt 0.536521 0.057404
vt 0.536399 0.033581
vt 0.579298 0.034457
vt 0.538350 0.024156
vt 0.582637 0.025460
vt 0.583041 0.257326
vt 0.539633 0.256427
vt 0.539282 0.207824
vt 0.582299 0.208764
vt 0.538676 0.156535
vt 0.581349 0.157591
vt 0.775208 0.259249
vt 0.724257 0.258964
vt 0.725795 0.210077
vt 0.778155 0.209749
vt 0.679839 0.259202
vt 0.679666 0.210366
vt 0.680159 0.157752
vt 0.728435 0.158032
vt 0.782290 0.158268
vt 0.784982 0.457225
vt 0.732788 0.454314
vt 0.730357 0.405224
vt 0.781771 0.407593
vt 0.684635 0.454179
vt 0.683577 0.405170
vt 0.682285 0.356306
vt 0.727705 0.356278
vt 0.778516 0.358038
vt 0.584234 0.452060
vt 0.540463 0.450913
vt 0.540366 0.402078
vt 0.584190 0.403167
vt 0.540267 0.353272
vt 0.584163 0.354259
vt 0.588645 0.661910
vt 0.541966 0.660094
vt 0.541480 0.604459
vt 0.587166 0.606058
vt 0.541043 0.550788
vt 0.585747 0.552100
vt 0.793612 0.666951
vt 0.743534 0.665936
vt 0.740328 0.609662
vt 0.792212 0.612013
vt 0.695226 0.665994
vt 0.691051 0.609563
vt 0.687567 0.554964
vt 0.737357 0.555170
vt 0.790403 0.558410
vt 0.743677 0.875702
vt 0.746060 0.832747
vt 0.794761 0.832208
vt 0.694071 0.889341
vt 0.697727 0.834992
vt 0.699899 0.778845
vt 0.747363 0.778132
vt 0.795361 0.776707
vt 0.589600 0.883104
vt 0.543145 0.881322
vt 0.543015 0.829136
vt 0.590242 0.830845
vt 0.542814 0.773193
vt 0.590530 0.774802
vt 0.850034 0.829924
vt 0.850178 0.776136
vt 0.852120 0.065353
vt 0.853695 0.043860
vt 0.854220 0.035481
vt 0.841459 0.261336
vt 0.844207 0.210187
vt 0.847623 0.158271
vt 0.847326 0.465705
vt 0.844866 0.414743
vt 0.842629 0.363696
vt 0.851028 0.671470
vt 0.851415 0.619588
vt 0.851096 0.567946
vt 0.641189 0.886267
vt 0.643912 0.833626
vt 0.645533 0.777319
vt 0.641898 0.664357
vt 0.638670 0.608184
vt 0.635917 0.553861
vt 0.633759 0.453421
vt 0.633545 0.404440
vt 0.633212 0.355548
vt 0.631572 0.258523
vt 0.630689 0.209804
vt 0.629923 0.157817
vt 0.629259 0.055304
vt 0.630814 0.032162
vt 0.634048 0.024565
vt 0.778703 0.990848
vt 0.740106 0.993360
vt 0.741023 0.981490
vt 0.781112 0.980353
vt 0.700832 0.982681
vt 0.852834 0.988979
vt 0.809004 0.991298
vt 0.797773 0.979109
vt 0.852326 0.977551
vt 0.644605 0.720771
vt 0.698741 0.722459
vt 0.589891 0.718263
vt 0.850537 0.723452
vt 0.899358 0.725574
vt 0.794760 0.721899
vt 0.746257 0.722198
vt 0.542472 0.716530
vt 0.913395 0.726205
vt 0.921873 0.726533
vt 0.634373 0.502688
vt 0.685653 0.503595
vt 0.584734 0.501146
vt 0.849599 0.516714
vt 0.903790 0.527470
vt 0.787946 0.507137
vt 0.540684 0.499986
vt 0.734975 0.503807
vt 0.919134 0.530578
vt 0.927096 0.531116
vt 0.632494 0.306921
vt 0.680871 0.307648
vt 0.583735 0.305662
vt 0.841136 0.312507
vt 0.901402 0.316989
vt 0.775731 0.308572
vt 0.725221 0.307520
vt 0.539992 0.304721
vt 0.918582 0.318275
vt 0.926133 0.318614
vt 0.982404 0.924345
vt 0.981577 0.955220
vt 0.982212 0.881368
vt 0.989976 0.881283
vt 0.990153 0.924207
vt 0.989402 0.954977
vt 0.960000 0.073619
vt 0.958932 0.058395
vt 0.966782 0.058535
vt 0.970435 0.073066
vt 0.957912 0.053904
vt 0.962635 0.053530
vt 0.966570 0.052227
vt 0.971286 0.057763
vt 0.976753 0.072106
vt 0.965271 0.373963
vt 0.964936 0.319932
vt 0.978250 0.320021
vt 0.978816 0.374144
vt 0.964966 0.265886
vt 0.978009 0.265918
vt 0.985480 0.265780
vt 0.985799 0.319906
vt 0.986431 0.374053
vt 0.968451 0.680132
vt 0.969396 0.632600
vt 0.983596 0.632772
vt 0.982885 0.680280
vt 0.969741 0.583931
vt 0.983734 0.584179
vt 0.991328 0.584135
vt 0.991220 0.632719
vt 0.990573 0.680226
vt 0.969091 0.532994
vt 0.982970 0.533301
vt 0.967770 0.480492
vt 0.981558 0.480809
vt 0.989162 0.480759
vt 0.990558 0.533261
vt 0.966824 0.778075
vt 0.967451 0.728047
vt 0.982120 0.728213
vt 0.981685 0.778273
vt 0.989866 0.728161
vt 0.989474 0.778224
vt 0.966833 0.830666
vt 0.981804 0.830871
vt 0.989595 0.830812
vt 0.966323 0.427480
vt 0.980010 0.427752
vt 0.987625 0.427685
vt 0.964841 0.212258
vt 0.977598 0.212249
vt 0.964135 0.159236
vt 0.976560 0.159167
vt 0.983821 0.158937
vt 0.984983 0.212081
vt 0.988755 0.212070
vt 0.989285 0.265795
vt 0.987539 0.158860
vt 0.992267 0.158824
vt 0.993544 0.212144
vt 0.994113 0.265912
vt 0.973478 0.056410
vt 0.980045 0.071448
vt 0.967864 0.049969
vt 0.967212 0.046869
vt 0.975820 0.053664
vt 0.984339 0.070444
vt 0.993735 0.728235
vt 0.993355 0.778262
vt 0.994422 0.680312
vt 0.999300 0.680543
vt 0.998637 0.728441
vt 0.998275 0.778394
vt 0.995050 0.632779
vt 0.995148 0.584135
vt 1.000000 0.584182
vt 0.999907 0.632955
vt 0.994388 0.533201
vt 0.993000 0.480671
vt 0.997869 0.480541
vt 0.999252 0.533122
vt 0.994038 0.924149
vt 0.993540 0.954455
vt 0.993839 0.881288
vt 0.998744 0.881362
vt 0.998898 0.924159
vt 0.998242 0.953821
vt 0.991478 0.427609
vt 0.990284 0.374018
vt 0.995171 0.374015
vt 0.996367 0.427511
vt 0.989632 0.319911
vt 0.994495 0.320000
vt 0.993471 0.830820
vt 0.998390 0.830893
vt 0.945061 0.373241
vt 0.945225 0.319346
vt 0.945807 0.265391
vt 0.948179 0.583129
vt 0.947868 0.532101
vt 0.946858 0.479580
vt 0.943396 0.777342
vt 0.944467 0.727364
vt 0.945948 0.679471
vt 0.944993 0.072620
vt 0.946772 0.055829
vt 0.949095 0.050707
vt 0.946252 0.211814
vt 0.946165 0.158828
vt 0.945732 0.426629
vt 0.947389 0.631897
vt 0.943073 0.829938
vt 0.912295 0.923574
vt 0.913648 0.955793
vt 0.543433 0.013841
vt 0.589969 0.014754
vt 0.550471 0.000095
vt 0.599747 0.000396
vt 0.638982 0.014594
vt 0.687393 0.015532
vt 0.645064 0.000840
vt 0.688811 0.003006
vt 0.854069 0.029321
vt 0.914803 0.033582
vt 0.788535 0.024998
vt 0.788578 0.017261
vt 0.854140 0.022701
vt 0.914257 0.026981
vt 0.734493 0.019319
vt 0.734528 0.008873
vt 0.951331 0.048243
vt 0.952422 0.045058
vt 0.952367 0.040841
vt 0.951557 0.036142
vt 0.787186 0.996012
vt 0.787359 0.991738
vt 0.809294 0.995278
vt 0.676250 0.995471
vt 0.694713 0.994857
vt 0.699569 0.999848
vt 0.680414 0.999997
vt 0.000081 0.998431
vt 0.000107 0.998418
vt 0.000111 0.998459
vt 0.000083 0.998467
vt 0.000067 0.998212
vt 0.000093 0.998209
vt 0.000096 0.998255
vt 0.000070 0.998254
vt 0.788898 0.930115
vt 0.789247 0.961486
vt 0.782400 0.895260
vt 0.741534 0.890684
vt 0.699856 0.898036
vt 0.924665 0.984814
vt 0.915542 0.986409
vt 0.914534 0.974100
vt 0.923144 0.973759
vt 0.900649 0.975296
vt 0.636127 0.993876
vt 0.587723 0.992096
vt 0.588420 0.979611
vt 0.636828 0.981550
vt 0.543221 0.959270
vt 0.589022 0.960502
vt 0.703015 0.993671
vt 0.900059 0.986951
vt 0.788301 0.979812
vt 0.987044 0.970595
vt 0.637661 0.962700
vt 0.676420 0.964406
vt 0.676169 0.982983
vt 0.977038 0.979122
vt 0.965822 0.980646
vt 0.966504 0.971290
vt 0.979387 0.970992
vt 0.853787 0.992972
vt 0.901296 0.991282
vt 0.742313 0.996915
vt 0.708587 0.997445
vt 0.000075 0.998345
vt 0.000102 0.998339
vt 0.000105 0.998389
vt 0.000077 0.998413
vt 0.000047 0.998038
vt 0.000071 0.998041
vt 0.000083 0.998124
vt 0.000059 0.998126
vt 0.946048 0.982809
vt 0.945511 0.972419
vt 0.918032 0.992308
vt 0.927152 0.991219
vt 0.000114 0.998544
vt 0.000084 0.998550
vt 0.978733 0.984468
vt 0.639027 0.997932
vt 0.589139 0.995864
vt 0.945403 0.108970
vt 0.962486 0.109367
vt 0.928970 0.108078
vt 0.981385 0.108659
vt 0.984982 0.108434
vt 0.989573 0.108173
vt 0.974375 0.109097
vt 0.629282 0.101662
vt 0.680783 0.100435
vt 0.579976 0.103184
vt 0.850104 0.106679
vt 0.906541 0.107633
vt 0.785009 0.104868
vt 0.537568 0.102312
vt 0.730401 0.102112
vt 0.922334 0.107741
vt 0.000218 0.998639
vt 0.000222 0.998747
vt 0.775940 0.995155
vt 0.000098 0.998287
vt 0.000069 0.998276
vt 0.000017 0.997941
vt 0.000031 0.997933
vt 0.000046 0.997957
vt 0.000027 0.997965
vt 0.693470 0.933959
vt 0.693600 0.964858
vt 0.677990 0.932793
vt 0.693733 0.982899
vt 0.947104 0.988853
vt 0.966279 0.986349
vt 0.000011 0.997931
vt 0.000020 0.997919
vt 0.543220 0.995226
vt 0.543226 0.925991
vt 0.589260 0.927578
vt 0.000058 0.997985
vt 0.000038 0.997994
vt 0.000043 0.998009
vt 0.000064 0.998002
vt 0.000008 0.997921
vt 0.000008 0.997917
vt 0.000008 0.997926
vt 0.638467 0.930281
vt 0.471988 0.536226
vt 0.496564 0.541980
vt 0.503150 0.543787
vt 0.480084 0.538443
vt 0.520971 0.547420
vt 0.527270 0.549133
vt 0.533818 0.550918
vt 0.509541 0.545532
vt 0.487646 0.540494
vt 0.000192 0.998246
vt 0.000195 0.998277
vt 0.000113 0.997891
vt 0.000131 0.997928
vt 0.571401 0.558654
vt 0.598034 0.565039
vt 0.612325 0.568759
vt 0.583697 0.561839
vt 0.627438 0.572136
vt 0.642797 0.576132
vt 0.658807 0.580304
vt 0.627313 0.572667
vt 0.597231 0.565377
vt 0.000146 0.997965
vt 0.000152 0.997985
vt 0.000163 0.998027
vt 0.690604 0.587414
vt 0.724641 0.595380
vt 0.735915 0.598330
vt 0.704751 0.591105
vt 0.759917 0.603173
vt 0.770335 0.605890
vt 0.780802 0.608622
vt 0.746781 0.601154
vt 0.717648 0.594443
vt 0.000002 0.997903
vt 0.000090 0.997852
vt 0.000099 0.997867
vt 0.000199 0.998328
vt 0.830361 0.618611
vt 0.862957 0.626220
vt 0.876952 0.629823
vt 0.845042 0.622356
vt 0.888058 0.632297
vt 0.895077 0.634108
vt 0.900508 0.635474
vt 0.887162 0.632401
vt 0.860240 0.626243
vt 0.983178 0.449752
vt 0.987992 0.419370
vt 0.991884 0.421235
vt 0.986365 0.450768
vt 0.990604 0.387600
vt 0.995248 0.389988
vt 0.999920 0.392397
vt 0.995806 0.423123
vt 0.989580 0.451792
vt 0.000202 0.998377
vt 0.000178 0.998113
vt 0.906404 0.636514
vt 0.906923 0.636649
vt 0.913274 0.626116
vt 0.913887 0.629656
vt 0.915399 0.633209
vt 0.907813 0.636909
vt 0.545841 0.552853
vt 0.554008 0.555004
vt 0.563313 0.557485
vt 0.961853 0.517809
vt 0.974747 0.481158
vt 0.978937 0.482251
vt 0.967590 0.519327
vt 0.983135 0.483344
vt 0.973311 0.520852
vt 0.000188 0.998200
vt 0.000208 0.998446
vt 0.000214 0.998530
vt 0.399968 0.518391
vt 0.410733 0.521210
vt 0.415850 0.522655
vt 0.402453 0.519291
vt 0.427337 0.525221
vt 0.435639 0.527471
vt 0.445156 0.530077
vt 0.421564 0.524275
vt 0.405860 0.520405
vt 0.658501 0.579636
vt 0.674769 0.583869
vt 0.690128 0.587855
vt 0.395020 0.517179
vt 0.393418 0.514747
vt 0.395070 0.516391
vt 0.398990 0.518724
vt 0.394668 0.517706
vt 0.932152 0.596511
vt 0.946664 0.560625
vt 0.952797 0.562440
vt 0.937637 0.599518
vt 0.959030 0.564320
vt 0.943249 0.602707
vt 0.000204 0.998406
vt 0.921026 0.616489
vt 0.924191 0.620646
vt 0.927603 0.625372
vt 0.795187 0.610835
vt 0.806657 0.613790
vt 0.819171 0.617037
vt 0.448192 0.530358
vt 0.458058 0.533049
vt 0.467352 0.535571
vt 0.991968 0.353204
vt 0.995720 0.354735
vt 0.999497 0.356283
vt 0.000352 0.997993
vt 0.000365 0.998086
vt 0.000376 0.998177
vt 0.000340 0.997925
vt 0.000396 0.998431
vt 0.000403 0.998515
vt 0.000410 0.998626
vt 0.000415 0.998740
vt 0.000344 0.997948
vt 0.000390 0.998355
vt 0.000392 0.998390
vt 0.000383 0.998253
vt 0.000387 0.998305
vt 0.000311 0.997799
vt 0.000314 0.997817
vt 0.000380 0.998224
vt 0.001222 0.998384
vt 0.001229 0.998475
vt 0.001195 0.997856
vt 0.001237 0.998596
vt 0.001243 0.998723
vt 0.001197 0.997878
vt 0.001216 0.998311
vt 0.001218 0.998341
vt 0.001200 0.997926
vt 0.001211 0.998202
vt 0.001214 0.998257
vt 0.001182 0.997728
vt 0.001183 0.997747
vt 0.001208 0.998118
vt 0.001210 0.998168
vt 0.001204 0.998022
vt 0.001817 0.997824
vt 0.001820 0.997847
vt 0.001836 0.998281
vt 0.001838 0.998313
vt 0.001822 0.997894
vt 0.001831 0.998170
vt 0.001833 0.998226
vt 0.001842 0.998357
vt 0.001807 0.997695
vt 0.001808 0.997714
vt 0.001828 0.998087
vt 0.001830 0.998136
vt 0.001810 0.997741
vt 0.001825 0.997990
vt 0.001813 0.997782
vt 0.001850 0.998452
vt 0.001860 0.998579
vt 0.001867 0.998712
vn -0.1312 -0.0693 -0.9889
vn 0.1433 -0.0617 -0.9877
vn 0.1403 -0.0099 -0.9901
vn -0.1307 -0.0163 -0.9913
vn -0.0380 0.8133 -0.5805
vn -0.0336 -0.0454 -0.9984
vn 0.0000 -0.0423 -0.9991
vn 0.0000 0.8306 -0.5569
vn -0.1622 0.0028 0.9867
vn -0.1693 0.0016 0.9855
vn 0.0242 0.0016 0.9997
vn 0.0290 0.0044 0.9995
vn 0.7569 0.5839 -0.2934
vn 0.0851 0.9055 0.4158
vn 0.8336 0.4709 0.2887
vn -0.0659 0.6078 0.7913
vn 0.5138 0.2529 0.8198
vn 0.0380 0.8133 -0.5805
vn 0.0336 -0.0454 -0.9984
vn 0.4454 0.0210 0.8950
vn 0.9517 0.0725 0.2983
vn -0.0883 -0.0476 -0.9949
vn 0.2288 -0.0417 -0.9726
vn 0.2307 -0.0121 -0.9729
vn -0.1346 -0.0267 -0.9905
vn 0.5291 -0.0340 -0.8479
vn 0.5435 -0.0157 -0.8393
vn 0.4815 -0.2545 -0.8386
vn 0.2057 -0.3560 -0.9116
vn -0.0939 -0.3068 -0.9471
vn 0.5663 -0.0396 -0.8232
vn 0.3548 -0.0477 -0.9337
vn 0.3578 -0.0072 -0.9337
vn 0.5658 -0.0137 -0.8244
vn 0.2750 -0.0543 -0.9599
vn 0.2774 -0.0101 -0.9607
vn 0.2765 0.0033 -0.9610
vn 0.3562 0.0014 -0.9344
vn 0.4673 -0.0354 -0.8834
vn 0.1387 0.0022 -0.9903
vn -0.1298 -0.0041 -0.9915
vn -0.1486 -0.0084 -0.9889
vn -0.1458 -0.0072 -0.9893
vn 0.1523 0.0052 -0.9883
vn 0.1548 0.0063 -0.9879
vn -0.1300 -0.0043 -0.9915
vn -0.0117 -0.0005 -0.9999
vn -0.0105 -0.0017 -0.9999
vn -0.1313 -0.0063 -0.9913
vn -0.0141 -0.0008 -0.9999
vn 0.2688 0.0112 -0.9631
vn 0.2732 0.0076 -0.9619
vn -0.1329 -0.0085 -0.9911
vn -0.1329 -0.0074 -0.9911
vn -0.0066 0.0015 -1.0000
vn -0.0136 0.0004 -0.9999
vn -0.1335 -0.0047 -0.9910
vn 0.0004 0.0013 -1.0000
vn 0.2963 0.0138 -0.9550
vn 0.2832 0.0234 -0.9588
vn 0.2700 0.0222 -0.9626
vn -0.1382 -0.0012 -0.9904
vn -0.1410 -0.0021 -0.9900
vn -0.0115 -0.0013 -0.9999
vn -0.0033 -0.0009 -1.0000
vn -0.1436 -0.0046 -0.9896
vn -0.0204 -0.0019 -0.9998
vn 0.2568 0.0007 -0.9664
vn 0.2730 -0.0031 -0.9620
vn 0.2881 -0.0041 -0.9576
vn -0.1527 -0.0082 -0.9882
vn -0.0536 -0.0046 -0.9985
vn -0.0404 -0.0032 -0.9992
vn -0.1589 -0.0070 -0.9872
vn -0.0777 -0.0074 -0.9969
vn 0.1771 -0.0147 -0.9841
vn 0.2115 0.0020 -0.9774
vn 0.2278 0.0076 -0.9737
vn -0.1736 -0.0104 -0.9847
vn -0.1892 -0.1208 -0.9745
vn -0.1472 -0.1174 -0.9821
vn -0.1464 -0.0162 -0.9891
vn -0.0430 -0.5395 -0.8409
vn -0.0524 -0.7464 -0.6634
vn 0.0408 -0.5452 -0.8373
vn 0.0219 -0.1321 -0.9910
vn 0.0583 -0.0434 -0.9973
vn 0.1271 -0.1983 -0.9719
vn 0.1021 -0.3574 -0.9283
vn 0.1235 -0.4870 -0.8646
vn 0.1313 -0.2569 -0.9575
vn 0.0792 -0.8233 -0.5620
vn 0.1073 -0.9586 -0.2635
vn 0.0626 -0.9895 -0.1301
vn 0.0961 -0.5709 -0.8153
vn 0.1141 -0.2928 -0.9493
vn 0.0139 -0.3221 -0.9466
vn 0.0070 -0.5449 -0.8384
vn -0.0155 -0.5280 -0.8491
vn -0.0256 -0.3242 -0.9456
vn 0.0131 -0.9567 -0.2908
vn 0.0175 -0.9402 -0.3402
vn 0.0000 -0.9395 -0.3424
vn 0.0000 -0.5261 -0.8504
vn 0.0000 -0.3245 -0.9459
vn 0.1150 -0.0306 -0.9929
vn 0.0846 -0.0904 -0.9923
vn 0.0365 -0.1211 -0.9919
vn 0.0722 -0.0529 -0.9960
vn 0.0516 -0.1927 -0.9799
vn 0.0006 -0.2152 -0.9766
vn 0.0000 -0.2263 -0.9741
vn 0.0000 -0.1369 -0.9906
vn 0.0000 -0.0645 -0.9979
vn 0.2631 -0.0090 -0.9647
vn 0.2523 -0.0336 -0.9671
vn 0.2190 -0.0501 -0.9744
vn 0.2234 -0.0130 -0.9746
vn 0.2237 -0.0990 -0.9696
vn 0.1989 -0.1347 -0.9707
vn 0.1617 -0.1571 -0.9742
vn 0.1743 -0.0594 -0.9829
vn 0.1759 -0.0127 -0.9843
vn 0.2870 -0.0291 -0.9575
vn 0.2777 -0.0244 -0.9603
vn 0.2234 -0.0284 -0.9743
vn 0.2299 -0.0363 -0.9725
vn 0.2722 -0.0197 -0.9620
vn 0.2199 -0.0208 -0.9753
vn 0.1852 -0.0272 -0.9823
vn 0.2034 -0.0393 -0.9783
vn 0.2150 -0.0404 -0.9758
vn 0.1381 -0.0430 -0.9895
vn 0.1390 -0.0723 -0.9876
vn 0.0615 -0.0649 -0.9960
vn 0.0501 -0.0436 -0.9978
vn 0.1382 -0.0551 -0.9888
vn 0.0817 -0.0491 -0.9954
vn 0.0000 -0.0421 -0.9991
vn 0.0000 -0.0568 -0.9984
vn 0.0000 -0.0437 -0.9990
vn 0.0980 0.0464 -0.9941
vn 0.1263 0.0426 -0.9911
vn 0.1025 0.0474 -0.9936
vn 0.0861 0.0742 -0.9935
vn 0.1354 0.0316 -0.9903
vn 0.0875 0.0235 -0.9959
vn 0.0000 0.0139 -0.9999
vn 0.0000 0.0462 -0.9989
vn 0.0000 0.0866 -0.9962
vn 0.3376 0.0238 -0.9409
vn 0.3231 0.0292 -0.9459
vn 0.2666 0.0153 -0.9637
vn 0.2885 0.0107 -0.9574
vn 0.3114 0.0071 -0.9503
vn 0.2487 -0.0052 -0.9686
vn 0.1939 -0.0040 -0.9810
vn 0.1858 0.0110 -0.9825
vn 0.1858 0.0063 -0.9825
vn 0.3381 0.0080 -0.9411
vn 0.2784 0.0262 -0.9601
vn 0.2601 -0.0907 -0.9613
vn 0.3504 0.0139 -0.9365
vn 0.3014 0.0217 -0.9532
vn 0.1857 0.0259 -0.9822
vn 0.1791 0.0387 -0.9830
vn 0.1211 -0.0343 -0.9920
vn 0.0103 0.0112 -0.9999
vn 0.0023 0.0226 -0.9997
vn -0.0332 0.0231 -0.9992
vn -0.0356 0.0046 -0.9993
vn 0.0132 0.0344 -0.9993
vn -0.0096 0.0585 -0.9982
vn 0.0000 0.0726 -0.9973
vn 0.0000 0.0262 -0.9996
vn 0.0000 0.0033 -1.0000
vn 0.3504 0.0058 -0.9366
vn 0.3457 0.0118 -0.9382
vn 0.0760 -0.2221 -0.9720
vn 0.1158 -0.1165 -0.9864
vn 0.0446 -0.5952 -0.8023
vn 0.2631 -0.0123 -0.9647
vn 0.2779 0.0007 -0.9606
vn 0.2306 -0.0523 -0.9716
vn 0.3184 -0.0149 -0.9478
vn 0.3333 -0.0165 -0.9427
vn 0.3038 -0.0106 -0.9526
vn 0.3423 0.0331 -0.9390
vn 0.3390 0.0292 -0.9403
vn 0.3477 0.0156 -0.9375
vn 0.0785 0.0316 -0.9964
vn 0.0847 0.0178 -0.9962
vn 0.0745 0.0248 -0.9969
vn 0.1315 0.0255 -0.9910
vn 0.1065 0.0199 -0.9941
vn 0.1606 0.0163 -0.9869
vn 0.1925 -0.0599 -0.9795
vn 0.2049 -0.0421 -0.9779
vn 0.1678 -0.0442 -0.9848
vn 0.1310 -0.0690 -0.9890
vn 0.1411 -0.0161 -0.9898
vn 0.1147 -0.1734 -0.9781
vn 0.0472 -0.5740 -0.8175
vn 0.0734 -0.3131 -0.9469
vn 0.0084 -0.9839 -0.1787
vn 0.3521 0.6649 -0.6587
vn 0.5063 -0.0599 -0.8603
vn 0.2244 -0.0736 -0.9717
vn 0.1592 0.7368 -0.6570
vn 0.2918 0.6439 -0.7073
vn 0.3522 -0.1014 -0.9304
vn 0.5191 -0.1233 -0.8457
vn 0.3315 0.6709 -0.6633
vn -0.0832 -0.0641 -0.9944
vn 0.1872 0.0049 -0.9823
vn 0.0849 0.0153 -0.9962
vn 0.0519 0.0437 -0.9977
vn 0.2659 0.0159 -0.9639
vn 0.3417 0.0172 -0.9396
vn 0.3499 0.0118 -0.9367
vn 0.3037 0.0056 -0.9527
vn 0.0390 0.0838 -0.9957
vn 0.0000 0.1041 -0.9945
vn -0.1324 -0.0080 -0.9911
vn -0.0160 -0.0007 -0.9998
vn 0.2087 -0.0274 -0.9776
vn 0.1907 -0.0086 -0.9816
vn 0.1372 0.0037 -0.9905
vn 0.2982 0.0013 -0.9545
vn 0.3452 -0.0073 -0.9385
vn 0.2995 -0.0208 -0.9538
vn 0.0620 -0.0051 -0.9980
vn 0.0000 -0.0143 -0.9999
vn 0.2376 -0.0310 -0.9709
vn -0.1354 -0.0021 -0.9908
vn 0.0020 -0.0000 -1.0000
vn 0.1761 -0.0130 -0.9843
vn 0.1505 -0.0181 -0.9884
vn 0.1325 -0.0261 -0.9908
vn 0.2412 0.0050 -0.9705
vn 0.2899 -0.0045 -0.9570
vn 0.2679 -0.0137 -0.9633
vn 0.2210 -0.0140 -0.9752
vn 0.0888 -0.0313 -0.9955
vn 0.0000 -0.0329 -0.9995
vn -0.0305 -0.0026 -0.9995
vn 0.5432 -0.0313 -0.8390
vn 0.5396 0.0066 -0.8419
vn 0.9551 0.0160 -0.2956
vn 0.9693 0.0286 -0.2441
vn 0.9730 0.0250 -0.2293
vn 0.5373 0.0129 -0.8433
vn 0.1634 -0.0037 -0.9865
vn 0.5776 -0.0056 -0.8162
vn 0.5917 -0.2437 -0.7684
vn 0.1917 -0.1129 -0.9749
vn 0.9778 -0.0112 -0.2092
vn 0.9223 -0.3255 -0.2084
vn 0.5381 -0.7743 -0.3328
vn 0.3434 -0.7189 -0.6044
vn 0.1317 -0.5404 -0.8310
vn 0.1502 0.0025 -0.9886
vn 0.5574 0.0092 -0.8302
vn 0.5603 0.0189 -0.8280
vn 0.9756 0.0157 -0.2191
vn 0.9755 0.0324 -0.2176
vn 0.9756 0.0390 -0.2161
vn 0.5636 0.0229 -0.8257
vn 0.1423 0.0070 -0.9898
vn 0.5431 0.0267 -0.8392
vn 0.5464 0.0221 -0.8372
vn 0.1445 0.0058 -0.9895
vn 0.9732 0.0472 -0.2249
vn 0.9740 0.0386 -0.2233
vn 0.9749 0.0184 -0.2220
vn 0.5495 0.0107 -0.8354
vn 0.1466 0.0028 -0.9892
vn 0.5516 -0.0001 -0.8341
vn 0.1476 -0.0001 -0.9890
vn 0.9752 -0.0008 -0.2212
vn 0.9753 -0.0078 -0.2206
vn 0.5535 -0.0041 -0.8329
vn 0.1484 -0.0011 -0.9889
vn 0.1389 0.0046 -0.9903
vn 0.5381 0.0177 -0.8427
vn 0.5403 0.0242 -0.8411
vn 0.1404 0.0063 -0.9901
vn 0.9733 0.0316 -0.2274
vn 0.9731 0.0431 -0.2262
vn 0.5370 0.0130 -0.8435
vn 0.1384 0.0034 -0.9904
vn 0.9734 0.0232 -0.2279
vn 0.5553 -0.0004 -0.8316
vn 0.1492 -0.0001 -0.9888
vn 0.9755 -0.0013 -0.2199
vn 0.5670 0.0211 -0.8234
vn 0.1570 0.0058 -0.9875
vn 0.9760 0.0358 -0.2146
vn 0.9766 0.0262 -0.2134
vn 0.5702 0.0156 -0.8213
vn 0.1592 0.0043 -0.9872
vn 0.7705 0.0308 0.6367
vn 0.7710 0.0282 0.6362
vn 0.2365 0.0094 0.9716
vn 0.2371 0.0087 0.9714
vn 0.2374 0.0063 0.9714
vn 0.7714 0.0206 0.6360
vn 0.7751 -0.0098 0.6318
vn 0.7848 -0.3103 0.5364
vn 0.2422 -0.0031 0.9702
vn 0.8851 -0.4303 0.1773
vn 0.3293 -0.7971 0.5062
vn 0.5694 -0.8196 0.0628
vn 0.7700 0.0249 0.6375
vn 0.7700 0.0340 0.6372
vn 0.2356 0.0076 0.9718
vn 0.2359 0.0104 0.9717
vn 0.2366 0.0114 0.9715
vn 0.7704 0.0373 0.6365
vn 0.7714 0.0306 0.6356
vn 0.2377 0.0095 0.9713
vn 0.2384 0.0045 0.9711
vn 0.7721 0.0145 0.6352
vn 0.7717 -0.0007 0.6360
vn 0.2376 -0.0002 0.9713
vn 0.9716 -0.0078 -0.2366
vn 0.7710 -0.0062 0.6368
vn 0.8712 0.0245 0.4902
vn 0.7975 0.0268 0.6027
vn 0.3212 0.0061 0.9470
vn 0.2594 0.0082 0.9657
vn 0.2394 0.0063 0.9709
vn 0.7739 0.0203 0.6329
vn 0.7703 -0.0011 0.6376
vn 0.9718 -0.0014 -0.2357
vn 0.2351 0.0037 0.9720
vn 0.7698 0.0123 0.6381
vn 0.7700 0.0255 0.6375
vn 0.2357 0.0078 0.9718
vn 0.7707 0.0183 0.6370
vn 0.2364 0.0056 0.9716
vn -0.0149 -0.0640 -0.9978
vn -0.0116 -0.0143 -0.9998
vn 0.0220 -0.9563 0.2916
vn 0.0384 -0.9742 0.2221
vn 0.0201 -0.5469 0.8369
vn 0.0279 -0.5820 0.8127
vn 0.0000 -0.5857 0.8105
vn 0.0000 -0.9765 0.2154
vn 0.0150 -0.8675 0.4972
vn -0.0005 -0.9070 0.4211
vn 0.0066 -0.4570 0.8894
vn 0.0081 -0.4910 0.8711
vn 0.0602 -0.7148 -0.6967
vn -0.0084 -0.8861 -0.4633
vn 0.0534 -0.9163 0.3969
vn -0.0353 -0.8060 0.5908
vn -0.0218 -0.6220 0.7827
vn 0.0040 -0.9998 0.0184
vn 0.0293 -0.9166 0.3987
vn 0.0016 -0.4859 0.8740
vn 0.1978 -0.9241 0.3270
vn -0.1666 -0.0057 -0.9860
vn 0.1605 0.0028 -0.9870
vn 0.4579 0.7183 -0.5238
vn -0.2770 0.7937 0.5415
vn -0.2372 0.7936 0.5602
vn -0.4505 0.1882 0.8727
vn -0.4104 0.1625 0.8973
vn -0.0566 0.7158 0.6959
vn -0.0480 0.1663 0.9849
vn 0.0219 0.2201 0.9752
vn 0.0233 0.7626 0.6464
vn -0.1567 0.7856 -0.5985
vn -0.0309 0.7893 -0.6131
vn 0.7485 -0.0286 -0.6625
vn 0.7696 -0.0209 -0.6381
vn 0.5073 -0.2679 -0.8190
vn 0.2131 -0.4465 -0.8690
vn -0.0801 -0.2182 -0.9726
vn -0.1379 0.5711 -0.8092
vn -0.1337 -0.1446 -0.9804
vn -0.0194 -0.1312 -0.9911
vn -0.0139 0.6449 -0.7641
vn 0.0148 0.7882 -0.6152
vn 0.0771 -0.0574 -0.9954
vn 0.0191 -0.0512 -0.9985
vn -0.0144 0.7928 -0.6093
vn 0.2694 -0.1091 -0.9568
vn 0.0000 -0.0291 -0.9996
vn -0.0321 -0.0302 -0.9990
vn -0.0197 0.6966 -0.7171
vn 0.0207 -0.0322 -0.9992
vn 0.2301 0.6300 -0.7417
vn 0.6782 -0.0866 -0.7297
vn 0.9352 0.0414 -0.3516
vn 0.0790 -0.0347 -0.9962
vn 0.0223 -0.0664 -0.9975
vn 0.4368 0.5802 -0.6874
vn 0.5473 -0.0728 -0.8337
vn 0.1448 -0.1359 -0.9801
vn 0.0941 0.5603 -0.8229
vn 0.0229 -0.0410 -0.9989
vn -0.1841 0.8243 0.5353
vn -0.1555 0.8425 0.5158
vn -0.3557 0.1635 0.9202
vn -0.3176 0.1727 0.9323
vn -0.0120 0.8168 0.5767
vn -0.1023 0.1965 0.9751
vn -0.2258 0.1712 0.9590
vn -0.1376 0.7654 0.6286
vn -0.0964 0.8355 0.5410
vn -0.0156 0.8958 0.4441
vn -0.0867 0.6934 0.7152
vn -0.0899 0.1435 0.9855
vn -0.1382 0.9310 0.3378
vn -0.0408 0.6762 0.7355
vn -0.0306 0.1398 0.9897
vn -0.2013 -0.0654 -0.9773
vn 0.7713 0.0131 0.6363
vn 0.9770 0.0167 -0.2125
vn 0.2371 0.0040 0.9715
vn 0.5726 0.0101 -0.8198
vn 0.1379 -0.2425 -0.9603
vn 0.0927 -0.2625 -0.9604
vn 0.0269 -0.2768 -0.9605
vn 0.1192 -0.0320 -0.9923
vn 0.1747 -0.0925 -0.9803
vn 0.1759 -0.1618 -0.9710
vn -0.0200 -0.2869 -0.9577
vn 0.0000 -0.2913 -0.9566
vn 0.1647 -0.2118 -0.9633
vn -0.1136 -0.0100 -0.9935
vn 0.0250 0.1346 0.9906
vn 0.0240 0.0284 0.9993
vn -0.0296 0.0242 0.9992
vn -0.1597 -0.0008 0.9872
vn -0.1321 -0.0038 0.9912
vn 0.0155 -0.0245 0.9996
vn 0.0169 -0.0081 0.9998
vn -0.2155 0.8227 0.5260
vn -0.3412 0.1869 0.9212
vn -0.2753 -0.0391 -0.9605
vn 0.0182 -0.0212 -0.9996
vn -0.2245 -0.0491 -0.9732
vn 0.0246 0.2320 0.9724
vn -0.1245 0.2782 0.9524
vn -0.0645 0.9237 0.3775
vn 0.0096 0.6507 0.7592
vn -0.4706 0.3298 0.8184
vn 0.0000 -0.0065 -1.0000
vn -0.0329 -0.0059 -0.9994
vn 0.0182 -0.0034 -0.9998
vn -0.1404 0.1997 0.9697
vn -0.3468 0.1965 0.9171
vn 0.0824 -0.0040 -0.9966
vn 0.0000 0.6346 0.7728
vn 0.0000 0.1299 0.9915
vn 0.0000 0.0000 1.0000
vn -0.2845 0.0488 0.9574
vn -0.3750 0.0228 0.9267
vn 0.7671 0.0000 -0.6414
vn 0.0000 0.0000 -1.0000
vn -0.3296 0.0056 0.9441
vn -0.1731 -0.0078 0.9849
vn -0.5695 0.0665 0.8192
vn -0.7600 0.1120 0.6402
vn -0.3233 0.0754 0.9433
vn -0.2755 0.0484 0.9601
vn 0.0000 0.0278 0.9996
vn -0.9985 -0.0311 -0.0437
vn 0.0408 0.6762 0.7355
vn 0.0306 0.1398 0.9897
vn -0.0250 0.1346 0.9906
vn -0.0096 0.6507 0.7592
vn -0.3643 0.0078 0.9312
vn -0.1396 0.0298 0.9897
vn 0.0101 0.0002 -0.9999
vn -0.0862 0.0180 0.9961
vn -0.0488 0.0197 0.9986
vn -0.4172 0.0089 0.9087
vn 0.8092 0.0000 -0.5875
vn -0.0009 0.0231 0.9997
vn -0.4145 0.0039 0.9100
vn -0.3618 0.0030 0.9322
vn -0.3272 0.0018 0.9449
vn -0.0278 0.0104 0.9995
vn -0.0838 0.0084 0.9964
vn -0.0483 0.0087 0.9988
vn 0.0000 0.0114 0.9999
vn 0.0222 0.0117 0.9997
vn -0.1688 -0.0027 0.9856
vn -0.0006 0.0096 0.9999
vn -0.1860 0.0166 0.9824
vn -0.3168 0.0332 0.9479
vn -0.2038 0.0336 0.9784
vn -0.6758 0.0234 0.7367
vn -0.8942 0.0359 0.4461
vn -0.2977 0.0147 0.9545
vn -0.0261 0.0286 0.9992
vn -0.0790 0.0274 0.9965
vn -0.0467 0.0265 0.9985
vn 0.0000 0.0286 0.9996
vn 0.0198 0.0288 0.9994
vn -0.3097 0.0059 0.9508
vn -0.1539 0.0032 0.9881
vn -0.0010 0.0261 0.9996
vn -0.1345 0.0226 0.9906
vn -0.2618 0.0145 0.9650
vn -0.2596 0.0118 0.9656
vn -0.6969 0.0032 0.7171
vn -0.9081 0.0039 0.4186
vn -0.3484 0.0149 0.9372
vn -0.3942 0.0145 0.9189
vn -0.3432 0.0102 0.9392
vn -0.2947 0.0101 0.9555
vn -0.1444 0.0062 0.9895
vn -0.0462 0.0453 0.9979
vn -0.0014 0.0448 0.9990
vn -0.0836 0.0439 0.9955
vn -0.2056 0.0409 0.9778
vn -0.3200 0.0361 0.9467
vn -0.6949 0.0011 0.7190
vn -0.9083 0.0003 0.4184
vn -0.4021 0.0307 0.9151
vn -0.3758 0.0250 0.9264
vn -0.3269 0.0174 0.9449
vn -0.0245 0.0487 0.9985
vn -0.0753 0.0470 0.9960
vn 0.0000 0.0484 0.9988
vn 0.0182 0.0487 0.9986
vn 0.1883 0.0001 0.9821
vn 0.1988 0.0015 0.9800
vn -0.0633 0.0010 0.9980
vn -0.0599 -0.0096 0.9981
vn -0.7569 0.5839 -0.2934
vn -0.8336 0.4709 0.2887
vn -0.0851 0.9055 0.4158
vn -0.9517 0.0725 0.2983
vn -0.4454 0.0210 0.8950
vn -0.5138 0.2528 0.8198
vn 0.0659 0.6078 0.7913
vn 0.0883 -0.0476 -0.9949
vn 0.1346 -0.0267 -0.9905
vn -0.2307 -0.0121 -0.9729
vn -0.2288 -0.0417 -0.9726
vn 0.0939 -0.3068 -0.9471
vn -0.2057 -0.3560 -0.9116
vn -0.4815 -0.2545 -0.8386
vn -0.5435 -0.0157 -0.8393
vn -0.5291 -0.0340 -0.8479
vn -0.5663 -0.0396 -0.8232
vn -0.5658 -0.0137 -0.8244
vn -0.3578 -0.0072 -0.9337
vn -0.3548 -0.0477 -0.9337
vn -0.4673 -0.0354 -0.8834
vn -0.3562 0.0014 -0.9344
vn -0.2765 0.0033 -0.9610
vn -0.2774 -0.0101 -0.9607
vn -0.2750 -0.0543 -0.9599
vn 0.1589 -0.0690 -0.9849
vn 0.1579 -0.0166 -0.9873
vn 0.0330 -0.0154 -0.9993
vn 0.0324 -0.0692 -0.9971
vn 0.1567 -0.0047 -0.9876
vn 0.0331 -0.0021 -0.9995
vn -0.1652 0.0028 -0.9862
vn -0.1669 -0.0093 -0.9859
vn -0.1701 -0.0609 -0.9835
vn 0.0105 -0.0017 -0.9999
vn 0.0117 -0.0005 -0.9999
vn 0.1569 -0.0052 -0.9876
vn -0.2732 0.0076 -0.9619
vn -0.2688 0.0112 -0.9631
vn 0.0141 -0.0008 -0.9999
vn 0.1585 -0.0075 -0.9873
vn 0.1612 -0.0103 -0.9868
vn 0.0136 0.0004 -0.9999
vn 0.0066 0.0015 -1.0000
vn 0.1619 -0.0089 -0.9868
vn -0.2700 0.0222 -0.9626
vn -0.2832 0.0234 -0.9588
vn -0.2963 0.0138 -0.9550
vn -0.0004 0.0013 -1.0000
vn 0.1631 -0.0056 -0.9866
vn 0.1688 -0.0014 -0.9856
vn 0.0033 -0.0009 -1.0000
vn 0.0115 -0.0013 -0.9999
vn 0.1721 -0.0025 -0.9850
vn -0.2881 -0.0041 -0.9576
vn -0.2730 -0.0031 -0.9620
vn -0.2568 0.0007 -0.9664
vn 0.0204 -0.0019 -0.9998
vn 0.1753 -0.0056 -0.9845
vn 0.1819 -0.0103 -0.9832
vn 0.0404 -0.0032 -0.9992
vn 0.0536 -0.0046 -0.9985
vn 0.1869 -0.0099 -0.9823
vn -0.2278 0.0076 -0.9737
vn -0.2115 0.0020 -0.9774
vn -0.1771 -0.0147 -0.9841
vn 0.0777 -0.0074 -0.9969
vn 0.1939 -0.0084 -0.9810
vn 0.2093 -0.0118 -0.9778
vn 0.1464 -0.0162 -0.9891
vn 0.1472 -0.1174 -0.9821
vn 0.2170 -0.1296 -0.9675
vn -0.0583 -0.0434 -0.9973
vn -0.0219 -0.1321 -0.9910
vn -0.0145 -0.4935 -0.8696
vn 0.0945 -0.6313 -0.7697
vn 0.1067 -0.4791 -0.8712
vn -0.1271 -0.1983 -0.9719
vn -0.1313 -0.2569 -0.9575
vn -0.1235 -0.4871 -0.8646
vn -0.1021 -0.3574 -0.9283
vn -0.1141 -0.2928 -0.9493
vn -0.0961 -0.5709 -0.8153
vn -0.0626 -0.9895 -0.1301
vn -0.1073 -0.9586 -0.2635
vn -0.0792 -0.8233 -0.5620
vn -0.0139 -0.3221 -0.9466
vn 0.0256 -0.3242 -0.9456
vn 0.0155 -0.5280 -0.8491
vn -0.0070 -0.5449 -0.8384
vn -0.0175 -0.9402 -0.3402
vn -0.0131 -0.9567 -0.2908
vn -0.1150 -0.0306 -0.9929
vn -0.0722 -0.0529 -0.9960
vn -0.0365 -0.1211 -0.9919
vn -0.0846 -0.0904 -0.9923
vn -0.0006 -0.2152 -0.9766
vn -0.0516 -0.1927 -0.9799
vn -0.2631 -0.0090 -0.9647
vn -0.2234 -0.0130 -0.9746
vn -0.2190 -0.0501 -0.9744
vn -0.2523 -0.0336 -0.9671
vn -0.1759 -0.0127 -0.9843
vn -0.1743 -0.0594 -0.9829
vn -0.1617 -0.1571 -0.9742
vn -0.1989 -0.1347 -0.9707
vn -0.2237 -0.0990 -0.9696
vn -0.2870 -0.0291 -0.9575
vn -0.2299 -0.0363 -0.9725
vn -0.2234 -0.0284 -0.9743
vn -0.2777 -0.0244 -0.9603
vn -0.2150 -0.0404 -0.9758
vn -0.2034 -0.0393 -0.9783
vn -0.1852 -0.0272 -0.9823
vn -0.2199 -0.0208 -0.9753
vn -0.2722 -0.0197 -0.9620
vn -0.1381 -0.0430 -0.9895
vn -0.0501 -0.0436 -0.9978
vn -0.0615 -0.0649 -0.9960
vn -0.1390 -0.0723 -0.9876
vn -0.0817 -0.0491 -0.9954
vn -0.1382 -0.0551 -0.9888
vn -0.0980 0.0464 -0.9941
vn -0.0861 0.0742 -0.9935
vn -0.1025 0.0474 -0.9936
vn -0.1263 0.0426 -0.9911
vn -0.0875 0.0235 -0.9959
vn -0.1354 0.0316 -0.9903
vn -0.3376 0.0238 -0.9409
vn -0.2885 0.0107 -0.9574
vn -0.2666 0.0153 -0.9637
vn -0.3231 0.0292 -0.9459
vn -0.1858 0.0063 -0.9825
vn -0.1858 0.0110 -0.9825
vn -0.1939 -0.0040 -0.9810
vn -0.2487 -0.0052 -0.9686
vn -0.3114 0.0071 -0.9503
vn -0.2601 -0.0907 -0.9613
vn -0.2784 0.0262 -0.9601
vn -0.3381 0.0080 -0.9411
vn -0.1211 -0.0343 -0.9920
vn -0.1791 0.0387 -0.9830
vn -0.1857 0.0259 -0.9822
vn -0.3014 0.0217 -0.9532
vn -0.3504 0.0139 -0.9365
vn -0.0103 0.0112 -0.9999
vn 0.0356 0.0046 -0.9993
vn 0.0332 0.0231 -0.9992
vn -0.0023 0.0226 -0.9997
vn 0.0096 0.0585 -0.9982
vn -0.0132 0.0344 -0.9993
vn -0.3504 0.0058 -0.9366
vn -0.3457 0.0118 -0.9382
vn -0.1158 -0.1165 -0.9864
vn -0.0760 -0.2221 -0.9720
vn -0.0446 -0.5952 -0.8023
vn -0.2779 0.0007 -0.9606
vn -0.2631 -0.0123 -0.9647
vn -0.2306 -0.0523 -0.9716
vn -0.3333 -0.0165 -0.9427
vn -0.3184 -0.0149 -0.9478
vn -0.3038 -0.0106 -0.9526
vn -0.3390 0.0292 -0.9403
vn -0.3423 0.0331 -0.9390
vn -0.3477 0.0156 -0.9375
vn -0.0847 0.0178 -0.9962
vn -0.0785 0.0316 -0.9964
vn -0.0745 0.0248 -0.9969
vn -0.1065 0.0199 -0.9941
vn -0.1315 0.0255 -0.9910
vn -0.1606 0.0163 -0.9869
vn -0.2049 -0.0421 -0.9779
vn -0.1925 -0.0599 -0.9795
vn -0.1678 -0.0442 -0.9848
vn -0.1411 -0.0161 -0.9898
vn -0.1310 -0.0690 -0.9890
vn -0.1147 -0.1734 -0.9781
vn -0.0734 -0.3131 -0.9469
vn -0.0472 -0.5740 -0.8175
vn -0.0084 -0.9839 -0.1787
vn -0.3521 0.6649 -0.6587
vn -0.1592 0.7368 -0.6570
vn -0.2244 -0.0736 -0.9717
vn -0.5063 -0.0599 -0.8603
vn 0.0832 -0.0641 -0.9944
vn -0.2918 0.6439 -0.7073
vn -0.3315 0.6709 -0.6633
vn -0.5191 -0.1233 -0.8457
vn -0.3522 -0.1014 -0.9304
vn -0.0849 0.0153 -0.9962
vn -0.1872 0.0049 -0.9823
vn -0.0519 0.0437 -0.9977
vn -0.3417 0.0172 -0.9396
vn -0.2659 0.0159 -0.9639
vn -0.3499 0.0118 -0.9367
vn -0.3037 0.0056 -0.9527
vn -0.0390 0.0838 -0.9957
vn 0.0160 -0.0007 -0.9998
vn 0.1601 -0.0096 -0.9870
vn -0.1907 -0.0086 -0.9816
vn -0.2087 -0.0274 -0.9776
vn -0.1372 0.0037 -0.9905
vn -0.3452 -0.0073 -0.9385
vn -0.2982 0.0013 -0.9545
vn -0.2995 -0.0208 -0.9538
vn -0.0620 -0.0051 -0.9980
vn -0.2376 -0.0310 -0.9709
vn -0.0020 -0.0000 -1.0000
vn 0.1656 -0.0025 -0.9862
vn -0.1505 -0.0181 -0.9884
vn -0.1761 -0.0130 -0.9843
vn -0.1325 -0.0261 -0.9908
vn -0.2899 -0.0045 -0.9570
vn -0.2412 0.0050 -0.9705
vn -0.2679 -0.0137 -0.9633
vn -0.2210 -0.0140 -0.9752
vn -0.0888 -0.0313 -0.9955
vn 0.0305 -0.0026 -0.9995
vn 0.1782 -0.0088 -0.9839
vn -0.5396 0.0066 -0.8419
vn -0.5432 -0.0313 -0.8390
vn -0.5373 0.0129 -0.8433
vn -0.9730 0.0250 -0.2293
vn -0.9693 0.0286 -0.2441
vn -0.9551 0.0160 -0.2956
vn -0.1980 -0.0036 -0.9802
vn -0.2229 -0.1230 -0.9670
vn -0.5917 -0.2437 -0.7684
vn -0.5776 -0.0056 -0.8162
vn -0.1843 -0.4876 -0.8534
vn -0.3851 -0.6738 -0.6306
vn -0.5718 -0.7672 -0.2905
vn -0.9223 -0.3255 -0.2084
vn -0.9778 -0.0112 -0.2092
vn -0.1815 0.0033 -0.9834
vn -0.1841 0.0065 -0.9829
vn -0.5603 0.0189 -0.8280
vn -0.5574 0.0092 -0.8302
vn -0.1870 0.0078 -0.9823
vn -0.5636 0.0229 -0.8257
vn -0.9756 0.0390 -0.2161
vn -0.9755 0.0324 -0.2176
vn -0.9756 0.0157 -0.2191
vn -0.1700 0.0086 -0.9854
vn -0.1726 0.0072 -0.9850
vn -0.5464 0.0221 -0.8372
vn -0.5431 0.0267 -0.8392
vn -0.1751 0.0036 -0.9845
vn -0.5495 0.0107 -0.8354
vn -0.9749 0.0184 -0.2220
vn -0.9740 0.0386 -0.2233
vn -0.9732 0.0472 -0.2249
vn -0.1768 0.0002 -0.9842
vn -0.5516 -0.0001 -0.8341
vn -0.1783 -0.0010 -0.9840
vn -0.5535 -0.0041 -0.8329
vn -0.9753 -0.0078 -0.2206
vn -0.9752 -0.0008 -0.2212
vn -0.1659 0.0057 -0.9861
vn -0.1678 0.0078 -0.9858
vn -0.5403 0.0242 -0.8411
vn -0.5381 0.0177 -0.8427
vn -0.9731 0.0431 -0.2262
vn -0.9733 0.0316 -0.2274
vn -0.1650 0.0041 -0.9863
vn -0.5370 0.0130 -0.8435
vn -0.9734 0.0232 -0.2279
vn -0.1798 0.0001 -0.9837
vn -0.5553 -0.0004 -0.8316
vn -0.9755 -0.0013 -0.2199
vn -0.1899 0.0073 -0.9817
vn -0.5670 0.0211 -0.8234
vn -0.1927 0.0055 -0.9812
vn -0.5702 0.0156 -0.8213
vn -0.9766 0.0262 -0.2133
vn -0.9760 0.0358 -0.2146
vn -0.7710 0.0282 0.6362
vn -0.7705 0.0308 0.6367
vn -0.7714 0.0206 0.6360
vn -0.2374 0.0063 0.9714
vn -0.2371 0.0087 0.9714
vn -0.2365 0.0094 0.9716
vn -0.7848 -0.3103 0.5364
vn -0.7751 -0.0098 0.6318
vn -0.5806 -0.7949 0.1759
vn -0.3630 -0.7058 0.6083
vn -0.8851 -0.4303 0.1772
vn -0.2422 -0.0031 0.9702
vn -0.7700 0.0340 0.6372
vn -0.7700 0.0249 0.6375
vn -0.7704 0.0373 0.6364
vn -0.2366 0.0114 0.9715
vn -0.2359 0.0104 0.9717
vn -0.2356 0.0076 0.9718
vn -0.7714 0.0306 0.6356
vn -0.7721 0.0145 0.6352
vn -0.2384 0.0045 0.9711
vn -0.2377 0.0095 0.9713
vn -0.7717 -0.0007 0.6360
vn -0.7710 -0.0062 0.6368
vn -0.9716 -0.0078 -0.2366
vn -0.2376 -0.0002 0.9713
vn -0.7975 0.0268 0.6027
vn -0.8712 0.0245 0.4902
vn -0.7739 0.0203 0.6329
vn -0.2394 0.0063 0.9709
vn -0.2594 0.0082 0.9657
vn -0.3212 0.0061 0.9470
vn -0.7703 -0.0011 0.6376
vn -0.7698 0.0123 0.6381
vn -0.2351 0.0037 0.9720
vn -0.9718 -0.0014 -0.2357
vn -0.7700 0.0255 0.6375
vn -0.2357 0.0078 0.9718
vn -0.7707 0.0183 0.6370
vn -0.2364 0.0056 0.9716
vn 0.0397 -0.0012 -0.9992
vn 0.0404 -0.0019 -0.9992
vn 0.0410 -0.0022 -0.9991
vn 0.0356 -0.0012 -0.9994
vn 0.0366 -0.0005 -0.9993
vn 0.0376 -0.0002 -0.9993
vn 0.0338 -0.0016 -0.9994
vn 0.0343 -0.0020 -0.9994
vn 0.0347 -0.0022 -0.9994
vn 0.0440 -0.0054 -0.9990
vn 0.0355 -0.0821 -0.9960
vn -0.0188 -0.5121 -0.8587
vn 0.0419 -0.0021 -0.9991
vn 0.0428 -0.0017 -0.9991
vn 0.0387 -0.0005 -0.9992
vn 0.0351 -0.0019 -0.9994
vn 0.0333 -0.0011 -0.9994
vn 0.0116 -0.0143 -0.9998
vn 0.0149 -0.0640 -0.9978
vn -0.0384 -0.9742 0.2221
vn -0.0220 -0.9563 0.2916
vn -0.0279 -0.5820 0.8127
vn -0.0201 -0.5469 0.8369
vn 0.0005 -0.9070 0.4211
vn -0.0150 -0.8675 0.4972
vn -0.0081 -0.4910 0.8711
vn -0.0066 -0.4570 0.8894
vn 0.0084 -0.8861 -0.4633
vn -0.0379 -0.7244 -0.6883
vn -0.0040 -0.9998 0.0184
vn 0.0218 -0.6220 0.7827
vn 0.0353 -0.8060 0.5908
vn -0.0281 -0.9113 0.4107
vn -0.0293 -0.9166 0.3987
vn -0.0016 -0.4859 0.8740
vn -0.1079 -0.8543 -0.5084
vn -0.1518 -0.8699 -0.4693
vn -0.1995 -0.8043 -0.5597
vn -0.1875 -0.8935 0.4080
vn 0.2770 0.7937 0.5415
vn -0.4579 0.7183 -0.5238
vn 0.2372 0.7936 0.5602
vn 0.0309 0.7893 -0.6131
vn 0.1567 0.7856 -0.5985
vn -0.0233 0.7626 0.6464
vn 0.0566 0.7158 0.6959
vn -0.0219 0.2201 0.9752
vn 0.0480 0.1663 0.9849
vn 0.4104 0.1625 0.8973
vn 0.4505 0.1882 0.8727
vn -0.7696 -0.0209 -0.6381
vn -0.7485 -0.0286 -0.6625
vn -0.5073 -0.2679 -0.8190
vn -0.2131 -0.4465 -0.8690
vn 0.0801 -0.2182 -0.9726
vn 0.1608 0.5794 -0.7990
vn 0.0139 0.6449 -0.7641
vn 0.0194 -0.1312 -0.9911
vn 0.1615 -0.1428 -0.9765
vn -0.2694 -0.1091 -0.9568
vn -0.0148 0.7882 -0.6152
vn 0.0144 0.7928 -0.6093
vn -0.0191 -0.0512 -0.9985
vn -0.0771 -0.0574 -0.9954
vn 0.0321 -0.0302 -0.9990
vn -0.0207 -0.0322 -0.9992
vn 0.0197 0.6966 -0.7171
vn -0.2301 0.6300 -0.7417
vn -0.6782 -0.0866 -0.7297
vn -0.9352 0.0414 -0.3516
vn -0.0790 -0.0347 -0.9962
vn -0.0229 -0.0410 -0.9989
vn -0.0223 -0.0664 -0.9975
vn -0.4368 0.5802 -0.6874
vn -0.1180 0.5639 -0.8174
vn -0.1714 -0.1354 -0.9758
vn -0.5473 -0.0728 -0.8337
vn 0.1841 0.8243 0.5353
vn 0.1555 0.8425 0.5158
vn 0.1376 0.7654 0.6286
vn 0.0120 0.8168 0.5767
vn 0.2258 0.1712 0.9590
vn 0.1023 0.1965 0.9751
vn 0.3176 0.1727 0.9323
vn 0.3557 0.1635 0.9202
vn 0.0551 0.5771 -0.8148
vn 0.0334 -0.1474 -0.9885
vn 0.0964 0.8355 0.5410
vn 0.0074 0.8922 0.4516
vn 0.0899 0.1435 0.9855
vn 0.0867 0.6934 0.7152
vn 0.1382 0.9310 0.3378
vn 0.0439 -0.0013 -0.9990
vn -0.1948 0.0037 -0.9808
vn 0.2024 -0.0068 -0.9793
vn -0.9770 0.0167 -0.2124
vn -0.7713 0.0131 0.6363
vn -0.2371 0.0040 0.9715
vn -0.5726 0.0101 -0.8198
vn -0.0927 -0.2625 -0.9604
vn -0.1379 -0.2425 -0.9603
vn -0.0269 -0.2768 -0.9605
vn -0.1747 -0.0925 -0.9803
vn -0.1192 -0.0320 -0.9923
vn -0.1759 -0.1618 -0.9710
vn 0.0200 -0.2869 -0.9577
vn -0.1647 -0.2118 -0.9633
vn 0.1136 -0.0100 -0.9935
vn 0.0296 0.0242 0.9992
vn -0.0240 0.0284 0.9993
vn 0.2155 0.8227 0.5260
vn 0.3412 0.1869 0.9212
vn 0.0709 0.9217 0.3814
vn 0.1459 0.2799 0.9489
vn -0.0458 0.2502 0.9671
vn 0.0065 0.9065 0.4222
vn 0.2753 -0.0391 -0.9605
vn 0.2245 -0.0491 -0.9732
vn -0.0182 -0.0212 -0.9996
vn 0.2013 -0.0654 -0.9773
vn 0.4706 0.3298 0.8184
vn 0.0329 -0.0059 -0.9994
vn -0.0182 -0.0034 -0.9998
vn -0.0481 0.2320 0.9715
vn 0.1404 0.1997 0.9697
vn 0.3468 0.1965 0.9171
vn -0.0824 -0.0040 -0.9966
vn 0.3750 0.0228 0.9267
vn 0.2845 0.0488 0.9574
vn 0.1577 -0.0011 0.9875
vn -0.0620 -0.0295 0.9976
vn -0.1754 0.0000 -0.9845
vn -0.0399 -0.0273 0.9988
vn 0.1731 -0.0078 0.9849
vn 0.3296 0.0056 0.9441
vn 0.3233 0.0754 0.9433
vn 0.7600 0.1120 0.6402
vn 0.5695 0.0665 0.8192
vn 0.2302 0.0629 0.9711
vn -0.9829 -0.0609 -0.1738
vn 0.1768 0.0536 0.9828
vn 0.3643 0.0078 0.9312
vn -0.9969 0.0165 -0.0764
vn 0.4172 0.0089 0.9087
vn 0.0488 0.0197 0.9986
vn 0.0862 0.0180 0.9961
vn -0.9084 0.0000 -0.4179
vn 0.0808 0.0332 0.9962
vn 0.3272 0.0018 0.9449
vn 0.3618 0.0030 0.9322
vn 0.4145 0.0039 0.9100
vn -0.0447 -0.0090 0.9989
vn 0.0483 0.0087 0.9988
vn 0.0838 0.0084 0.9964
vn 0.0278 0.0104 0.9995
vn -0.0222 0.0117 0.9997
vn 0.1688 -0.0027 0.9856
vn 0.2543 0.0343 0.9665
vn 0.1663 0.0166 0.9859
vn 0.2038 0.0336 0.9784
vn 0.2292 0.0441 0.9724
vn 0.8942 0.0359 0.4461
vn 0.6758 0.0234 0.7367
vn 0.2977 0.0147 0.9545
vn 0.0467 0.0265 0.9985
vn 0.0790 0.0274 0.9965
vn -0.0537 0.0016 0.9985
vn 0.0261 0.0286 0.9992
vn -0.0198 0.0288 0.9994
vn 0.1539 0.0032 0.9881
vn 0.1714 0.0160 0.9850
vn 0.0837 0.0230 0.9962
vn 0.3097 0.0059 0.9508
vn 0.2596 0.0118 0.9656
vn 0.2162 0.0114 0.9763
vn 0.9081 0.0039 0.4186
vn 0.6969 0.0032 0.7171
vn 0.3942 0.0145 0.9189
vn 0.3484 0.0149 0.9372
vn 0.3432 0.0102 0.9392
vn -0.0578 0.0046 0.9983
vn 0.1444 0.0062 0.9895
vn 0.0836 0.0439 0.9955
vn 0.0014 0.0448 0.9990
vn 0.2947 0.0101 0.9555
vn 0.3200 0.0361 0.9467
vn 0.2056 0.0409 0.9778
vn 0.0462 0.0453 0.9979
vn 0.9082 0.0003 0.4184
vn 0.6949 0.0011 0.7190
vn 0.3758 0.0250 0.9264
vn 0.4021 0.0307 0.9151
vn 0.1927 0.0026 0.9812
vn 0.3269 0.0174 0.9449
vn -0.0690 0.0037 0.9976
vn 0.0753 0.0470 0.9960
vn 0.0245 0.0487 0.9985
vn -0.0182 0.0487 0.9986
s 1
f 1204/1155/1110 1200/1156/1111 1661/1157/1112 1664/1158/1113
f 2081/1159/1114 2059/1160/1115 1688/1161/1116 1677/1162/1117
f 1248/1163/1118 1239/1164/1119 1240/1165/1120 1249/1166/1121
f 1684/1167/1122 1705/1168/1123 1988/1169/1124
f 1705/1168/1123 1165/1170/1125 1406/1171/1126 1988/1169/1124
f 2230/1172/1127 1677/1162/1117 1688/1161/1116 2205/1173/1128
f 1406/1171/1126 1456/1174/1129 2122/1175/1130 1988/1169/1124
f 1205/1176/1131 1674/1177/1132 1989/1178/1133 1665/1179/1134
f 1674/1177/1132 1206/1180/1135 1666/1181/1136 1989/1178/1133
f 1989/1178/1133 1666/1181/1136 1111/1182/1137 1640/1183/1138
f 1665/1179/1134 1989/1178/1133 1640/1183/1138 1110/1184/1139
f 1198/1185/1140 1673/1186/1141 1990/1187/1142 1659/1188/1143
f 1673/1186/1141 1199/1189/1144 1660/1190/1145 1990/1187/1142
f 1990/1187/1142 1660/1190/1145 1112/1191/1146 1510/1192/1147
f 1659/1188/1143 1990/1187/1142 1510/1192/1147 1188/1193/1148
f 1664/1158/1113 1661/1157/1112 1113/1194/1149 1174/1195/1150
f 1182/1196/1151 1627/1197/1152 1518/1198/1153 1151/1199/1154
f 1174/1195/1150 1634/1200/1155 1991/1201/1156 1618/1202/1157
f 1634/1200/1155 1175/1203/1158 1619/1204/1159 1991/1201/1156
f 1991/1201/1156 1619/1204/1159 1114/1205/1160 1511/1206/1161
f 1618/1202/1157 1991/1201/1156 1511/1206/1161 1112/1191/1146
f 1180/1207/1162 1633/1208/1163 1992/1209/1164 1624/1210/1165
f 1633/1208/1163 1176/1211/1166 1620/1212/1167 1992/1209/1164
f 1992/1209/1164 1620/1212/1167 1116/1213/1168 1513/1214/1169
f 1624/1210/1165 1992/1209/1164 1513/1214/1169 1140/1215/1170
f 1181/1216/1171 1632/1217/1172 1993/1218/1173 1625/1219/1174
f 1632/1217/1172 1177/1220/1175 1621/1221/1176 1993/1218/1173
f 1993/1218/1173 1621/1221/1176 1118/1222/1177 1515/1223/1178
f 1625/1219/1174 1993/1218/1173 1515/1223/1178 1145/1224/1179
f 1182/1196/1151 1631/1225/1180 1994/1226/1181 1626/1227/1182
f 1631/1225/1180 1178/1228/1183 1622/1229/1184 1994/1226/1181
f 1994/1226/1181 1622/1229/1184 1120/1230/1185 1517/1231/1186
f 1626/1227/1182 1994/1226/1181 1517/1231/1186 1150/1232/1187
f 1196/1233/1188 1630/1234/1189 1995/1235/1190 1657/1236/1191
f 1630/1234/1189 1179/1237/1192 1623/1238/1193 1995/1235/1190
f 1995/1235/1190 1623/1238/1193 1122/1239/1194 1519/1240/1195
f 1657/1236/1191 1995/1235/1190 1519/1240/1195 1189/1241/1196
f 1192/1242/1197 1647/1243/1198 1996/1244/1199 1656/1245/1200
f 1647/1243/1198 1125/1246/1201 1522/1247/1202 1996/1244/1199
f 1996/1244/1199 1522/1247/1202 1124/1248/1203 1523/1249/1204
f 1656/1245/1200 1996/1244/1199 1523/1249/1204 1191/1250/1205
f 1193/1251/1206 1561/1252/1207 1997/1253/1208 1655/1254/1209
f 1561/1252/1207 1135/1255/1210 1552/1256/1211 1997/1253/1208
f 1997/1253/1208 1552/1256/1211 1265/1257/1212 1525/1258/1213
f 1655/1254/1209 1997/1253/1208 1525/1258/1213 1342/1259/1214
f 1154/1260/1215 1560/1261/1216 1998/1262/1217 1591/1263/1218
f 1560/1261/1216 1136/1264/1219 1553/1265/1220 1998/1262/1217
f 1998/1262/1217 1553/1265/1220 1270/1266/1221 1528/1267/1222
f 1591/1263/1218 1998/1262/1217 1528/1267/1222 1301/1268/1223
f 1153/1269/1224 1586/1270/1225 1999/1271/1226 1590/1272/1227
f 1586/1270/1225 1127/1273/1228 1530/1274/1229 1999/1271/1226
f 1999/1271/1226 1530/1274/1229 1126/1275/1230 1526/1276/1231
f 1590/1272/1227 1999/1271/1226 1526/1276/1231 1152/1277/1232
f 1148/1278/1233 1576/1279/1234 2000/1280/1235 1581/1281/1236
f 1576/1279/1234 1128/1282/1237 1534/1283/1238 2000/1280/1235
f 2000/1280/1235 1534/1283/1238 1129/1284/1239 1532/1285/1240
f 1581/1281/1236 2000/1280/1235 1532/1285/1240 1147/1286/1241
f 1149/1287/1242 1559/1288/1243 2001/1289/1244 1580/1290/1245
f 1559/1288/1243 1137/1291/1246 1554/1292/1247 2001/1289/1244
f 2001/1289/1244 1554/1292/1247 1273/1293/1248 1533/1294/1249
f 1580/1290/1245 2001/1289/1244 1533/1294/1249 1295/1295/1250
f 1144/1296/1251 1558/1297/1252 2002/1298/1253 1571/1299/1254
f 1558/1297/1252 1138/1300/1255 1555/1301/1256 2002/1298/1253
f 2002/1298/1253 1555/1301/1256 1276/1302/1257 1538/1303/1258
f 1571/1299/1254 2002/1298/1253 1538/1303/1258 1289/1304/1259
f 1143/1305/1260 1566/1306/1261 2003/1307/1262 1570/1308/1263
f 1566/1306/1261 1130/1309/1264 1540/1310/1265 2003/1307/1262
f 2003/1307/1262 1540/1310/1265 1131/1311/1266 1537/1312/1267
f 1570/1308/1263 2003/1307/1262 1537/1312/1267 1142/1313/1268
f 1188/1193/1148 1524/1314/1269 2004/1315/1270 1509/1316/1271
f 1524/1314/1269 1132/1317/1272 1544/1318/1273 2004/1315/1270
f 2004/1315/1270 1544/1318/1273 1133/1319/1274 1542/1320/1275
f 1509/1316/1271 2004/1315/1270 1542/1320/1275 1187/1321/1276
f 1134/1322/1277 1557/1323/1278 2005/1324/1279 1551/1325/1280
f 1557/1323/1278 1139/1326/1281 1556/1327/1282 2005/1324/1279
f 2005/1324/1279 1556/1327/1282 1279/1328/1283 1543/1329/1284
f 1551/1325/1280 2005/1324/1279 1543/1329/1284 1250/1330/1285
f 1188/1193/1148 1510/1192/1147 2006/1331/1286 1524/1314/1269
f 1510/1192/1147 1112/1191/1146 1511/1206/1161 2006/1331/1286
f 2006/1331/1286 1511/1206/1161 1114/1205/1160 1546/1332/1287
f 1524/1314/1269 2006/1331/1286 1546/1332/1287 1132/1317/1272
f 1189/1241/1196 1519/1240/1195 2007/1333/1288 1654/1334/1289
f 1519/1240/1195 1122/1239/1194 1548/1335/1290 2007/1333/1288
f 2007/1333/1288 1548/1335/1290 1125/1246/1201 1647/1243/1198
f 1654/1334/1289 2007/1333/1288 1647/1243/1198 1192/1242/1197
f 1150/1232/1187 1517/1231/1186 2008/1336/1291 1589/1337/1292
f 1517/1231/1186 1120/1230/1185 1547/1338/1293 2008/1336/1291
f 2008/1336/1291 1547/1338/1293 1127/1273/1228 1586/1270/1225
f 1589/1337/1292 2008/1336/1291 1586/1270/1225 1153/1269/1224
f 1145/1224/1179 1515/1223/1178 2009/1339/1294 1579/1340/1295
f 1515/1223/1178 1118/1222/1177 1549/1341/1296 2009/1339/1294
f 2009/1339/1294 1549/1341/1296 1128/1282/1237 1576/1279/1234
f 1579/1340/1295 2009/1339/1294 1576/1279/1234 1148/1278/1233
f 1140/1215/1170 1513/1214/1169 2010/1342/1297 1569/1343/1298
f 1513/1214/1169 1116/1213/1168 1550/1344/1299 2010/1342/1297
f 2010/1342/1297 1550/1344/1299 1130/1309/1264 1566/1306/1261
f 1569/1343/1298 2010/1342/1297 1566/1306/1261 1143/1305/1260
f 1187/1321/1276 1542/1320/1275 2011/1345/1300 1508/1346/1301
f 1542/1320/1275 1133/1319/1274 1545/1347/1302 2011/1345/1300
f 2011/1345/1300 1545/1347/1302 1139/1326/1281 1557/1323/1278
f 1508/1346/1301 2011/1345/1300 1557/1323/1278 1134/1322/1277
f 1142/1313/1268 1537/1312/1267 2012/1348/1303 1568/1349/1304
f 1537/1312/1267 1131/1311/1266 1539/1350/1305 2012/1348/1303
f 2012/1348/1303 1539/1350/1305 1138/1300/1255 1558/1297/1252
f 1568/1349/1304 2012/1348/1303 1558/1297/1252 1144/1296/1251
f 1147/1286/1241 1532/1285/1240 2013/1351/1306 1578/1352/1307
f 1532/1285/1240 1129/1284/1239 1535/1353/1308 2013/1351/1306
f 2013/1351/1306 1535/1353/1308 1137/1291/1246 1559/1288/1243
f 1578/1352/1307 2013/1351/1306 1559/1288/1243 1149/1287/1242
f 1152/1277/1232 1526/1276/1231 2014/1354/1309 1588/1355/1310
f 1526/1276/1231 1126/1275/1230 1529/1356/1311 2014/1354/1309
f 2014/1354/1309 1529/1356/1311 1136/1264/1219 1560/1261/1216
f 1588/1355/1310 2014/1354/1309 1560/1261/1216 1154/1260/1215
f 1191/1250/1205 1523/1249/1204 2015/1357/1312 1653/1358/1313
f 1523/1249/1204 1124/1248/1203 1521/1359/1314 2015/1357/1312
f 2015/1357/1312 1521/1359/1314 1135/1255/1210 1561/1252/1207
f 1653/1358/1313 2015/1357/1312 1561/1252/1207 1193/1251/1206
f 1678/1360/1315 1691/1361/1316 2016/1362/1317 2082/1363/1318
f 2083/1364/1319 2060/1365/1320 1696/1366/1321 1681/1367/1322
f 2016/1362/1317 1691/1361/1316 1206/1180/1135 1674/1177/1132
f 1690/1368/1323 2016/1362/1317 1674/1177/1132 1205/1176/1131
f 1133/1319/1274 1564/1369/1324 2017/1370/1325 1545/1347/1302
f 1564/1369/1324 1142/1313/1268 1568/1349/1304 2017/1370/1325
f 2017/1370/1325 1568/1349/1304 1144/1296/1251 1567/1371/1326
f 1545/1347/1302 2017/1370/1325 1567/1371/1326 1139/1326/1281
f 1114/1205/1160 1562/1372/1327 2018/1373/1328 1546/1332/1287
f 1562/1372/1327 1140/1215/1170 1569/1343/1298 2018/1373/1328
f 2018/1373/1328 1569/1343/1298 1143/1305/1260 1541/1374/1329
f 1546/1332/1287 2018/1373/1328 1541/1374/1329 1132/1317/1272
f 1132/1317/1272 1541/1374/1329 2019/1375/1330 1544/1318/1273
f 1541/1374/1329 1143/1305/1260 1570/1308/1263 2019/1375/1330
f 2019/1375/1330 1570/1308/1263 1142/1313/1268 1564/1369/1324
f 1544/1318/1273 2019/1375/1330 1564/1369/1324 1133/1319/1274
f 1139/1326/1281 1567/1371/1326 2020/1376/1331 1556/1327/1282
f 1567/1371/1326 1144/1296/1251 1571/1299/1254 2020/1376/1331
f 2020/1376/1331 1571/1299/1254 1289/1304/1259 1565/1377/1332
f 1556/1327/1282 2020/1376/1331 1565/1377/1332 1279/1328/1283
f 1175/1203/1158 1629/1378/1333 2021/1379/1334 1619/1204/1159
f 1629/1378/1333 1180/1207/1162 1624/1210/1165 2021/1379/1334
f 2021/1379/1334 1624/1210/1165 1140/1215/1170 1562/1372/1327
f 1619/1204/1159 2021/1379/1334 1562/1372/1327 1114/1205/1160
f 1131/1311/1266 1574/1380/1335 2022/1381/1336 1539/1350/1305
f 1574/1380/1335 1147/1286/1241 1578/1352/1307 2022/1381/1336
f 2022/1381/1336 1578/1352/1307 1149/1287/1242 1577/1382/1337
f 1539/1350/1305 2022/1381/1336 1577/1382/1337 1138/1300/1255
f 1116/1213/1168 1572/1383/1338 2023/1384/1339 1550/1344/1299
f 1572/1383/1338 1145/1224/1179 1579/1340/1295 2023/1384/1339
f 2023/1384/1339 1579/1340/1295 1148/1278/1233 1536/1385/1340
f 1550/1344/1299 2023/1384/1339 1536/1385/1340 1130/1309/1264
f 1138/1300/1255 1577/1382/1337 2024/1386/1341 1555/1301/1256
f 1577/1382/1337 1149/1287/1242 1580/1290/1245 2024/1386/1341
f 2024/1386/1341 1580/1290/1245 1295/1295/1250 1575/1387/1342
f 1555/1301/1256 2024/1386/1341 1575/1387/1342 1276/1302/1257
f 1130/1309/1264 1536/1385/1340 2025/1388/1343 1540/1310/1265
f 1536/1385/1340 1148/1278/1233 1581/1281/1236 2025/1388/1343
f 2025/1388/1343 1581/1281/1236 1147/1286/1241 1574/1380/1335
f 1540/1310/1265 2025/1388/1343 1574/1380/1335 1131/1311/1266
f 1176/1211/1166 1628/1389/1344 2026/1390/1345 1620/1212/1167
f 1628/1389/1344 1181/1216/1171 1625/1219/1174 2026/1390/1345
f 2026/1390/1345 1625/1219/1174 1145/1224/1179 1572/1383/1338
f 1620/1212/1167 2026/1390/1345 1572/1383/1338 1116/1213/1168
f 1129/1284/1239 1584/1391/1346 2027/1392/1347 1535/1353/1308
f 1584/1391/1346 1152/1277/1232 1588/1355/1310 2027/1392/1347
f 2027/1392/1347 1588/1355/1310 1154/1260/1215 1587/1393/1348
f 1535/1353/1308 2027/1392/1347 1587/1393/1348 1137/1291/1246
f 1118/1222/1177 1582/1394/1349 2028/1395/1350 1549/1341/1296
f 1582/1394/1349 1150/1232/1187 1589/1337/1292 2028/1395/1350
f 2028/1395/1350 1589/1337/1292 1153/1269/1224 1531/1396/1351
f 1549/1341/1296 2028/1395/1350 1531/1396/1351 1128/1282/1237
f 1128/1282/1237 1531/1396/1351 2029/1397/1352 1534/1283/1238
f 1531/1396/1351 1153/1269/1224 1590/1272/1227 2029/1397/1352
f 2029/1397/1352 1590/1272/1227 1152/1277/1232 1584/1391/1346
f 1534/1283/1238 2029/1397/1352 1584/1391/1346 1129/1284/1239
f 1137/1291/1246 1587/1393/1348 2030/1398/1353 1554/1292/1247
f 1587/1393/1348 1154/1260/1215 1591/1263/1218 2030/1398/1353
f 2030/1398/1353 1591/1263/1218 1301/1268/1223 1585/1399/1354
f 1554/1292/1247 2030/1398/1353 1585/1399/1354 1273/1293/1248
f 1177/1220/1175 1627/1197/1152 2031/1400/1355 1621/1221/1176
f 1627/1197/1152 1182/1196/1151 1626/1227/1182 2031/1400/1355
f 2031/1400/1355 1626/1227/1182 1150/1232/1187 1582/1394/1349
f 1621/1221/1176 2031/1400/1355 1582/1394/1349 1118/1222/1177
f 1200/1156/1111 1671/1401/1356 2032/1402/1357 1661/1157/1112
f 1671/1401/1356 1202/1403/1358 1663/1404/1359 2032/1402/1357
f 2032/1402/1357 1663/1404/1359 1155/1405/1360 1600/1406/1361
f 1661/1157/1112 2032/1402/1357 1600/1406/1361 1113/1194/1149
f 1190/1407/1362 1652/1408/1363 2033/1409/1364 1644/1410/1365
f 1652/1408/1363 1194/1411/1366 1649/1412/1367 2033/1409/1364
f 2033/1409/1364 1649/1412/1367 1160/1413/1368 1601/1414/1369
f 1644/1410/1365 2033/1409/1364 1601/1414/1369 1123/1415/1370
f 1119/1416/1371 1604/1417/1372 2034/1418/1373 1518/1198/1153
f 1604/1417/1372 1158/1419/1374 1595/1420/1375 2034/1418/1373
f 2034/1418/1373 1595/1420/1375 1163/1421/1376 1603/1422/1377
f 1518/1198/1153 2034/1418/1373 1603/1422/1377 1151/1199/1154
f 1141/1423/1378 1606/1424/1379 2035/1425/1380 1563/1426/1381
f 1606/1424/1379 1161/1427/1382 1597/1428/1383 2035/1425/1380
f 2035/1425/1380 1597/1428/1383 1157/1429/1384 1605/1430/1385
f 1563/1426/1381 2035/1425/1380 1605/1430/1385 1117/1431/1386
f 1117/1431/1386 1605/1430/1385 2036/1432/1387 1516/1433/1388
f 1605/1430/1385 1157/1429/1384 1594/1434/1389 2036/1432/1387
f 2036/1432/1387 1594/1434/1389 1162/1435/1390 1607/1436/1391
f 1516/1433/1388 2036/1432/1387 1607/1436/1391 1146/1437/1392
f 1115/1438/1393 1608/1439/1394 2037/1440/1395 1514/1441/1396
f 1608/1439/1394 1156/1442/1397 1593/1443/1398 2037/1440/1395
f 2037/1440/1395 1593/1443/1398 1161/1427/1382 1606/1424/1379
f 1514/1441/1396 2037/1440/1395 1606/1424/1379 1141/1423/1378
f 1113/1194/1149 1600/1406/1361 2038/1444/1399 1512/1445/1400
f 1600/1406/1361 1155/1405/1360 1592/1446/1401 2038/1444/1399
f 2038/1444/1399 1592/1446/1401 1156/1442/1397 1608/1439/1394
f 1512/1445/1400 2038/1444/1399 1608/1439/1394 1115/1438/1393
f 1146/1437/1392 1607/1436/1391 2039/1447/1402 1573/1448/1403
f 1607/1436/1391 1162/1435/1390 1598/1449/1404 2039/1447/1402
f 2039/1447/1402 1598/1449/1404 1158/1419/1374 1604/1417/1372
f 1573/1448/1403 2039/1447/1402 1604/1417/1372 1119/1416/1371
f 1151/1199/1154 1603/1422/1377 2040/1450/1405 1583/1451/1406
f 1603/1422/1377 1163/1421/1376 1599/1452/1407 2040/1450/1405
f 2040/1450/1405 1599/1452/1407 1159/1453/1408 1602/1454/1409
f 1583/1451/1406 2040/1450/1405 1602/1454/1409 1121/1455/1410
f 1163/1421/1376 1610/1456/1411 2041/1457/1412 1599/1452/1407
f 1610/1456/1411 1173/1458/1413 1414/1459/1414 2041/1457/1412
f 2041/1457/1412 1414/1459/1414 1169/1460/1415 1609/1461/1416
f 1599/1452/1407 2041/1457/1412 1609/1461/1416 1159/1453/1408
f 1194/1411/1366 1651/1462/1417 2042/1463/1418 1649/1412/1367
f 1651/1462/1417 1195/1464/1419 1420/1465/1420 2042/1463/1418
f 2042/1463/1418 1420/1465/1420 1170/1466/1421 1611/1467/1422
f 1649/1412/1367 2042/1463/1418 1611/1467/1422 1160/1413/1368
f 1156/1442/1397 1613/1468/1423 2043/1469/1424 1593/1443/1398
f 1613/1468/1423 1166/1470/1425 1408/1471/1426 2043/1469/1424
f 2043/1469/1424 1408/1471/1426 1171/1472/1427 1612/1473/1428
f 1593/1443/1398 2043/1469/1424 1612/1473/1428 1161/1427/1382
f 1161/1427/1382 1612/1473/1428 2044/1474/1429 1597/1428/1383
f 1612/1473/1428 1171/1472/1427 1412/1475/1430 2044/1474/1429
f 2044/1474/1429 1412/1475/1430 1167/1476/1431 1614/1477/1432
f 1597/1428/1383 2044/1474/1429 1614/1477/1432 1157/1429/1384
f 1157/1429/1384 1614/1477/1432 2045/1478/1433 1594/1434/1389
f 1614/1477/1432 1167/1476/1431 1409/1479/1434 2045/1478/1433
f 2045/1478/1433 1409/1479/1434 1172/1480/1435 1615/1481/1436
f 1594/1434/1389 2045/1478/1433 1615/1481/1436 1162/1435/1390
f 1202/1403/1358 1670/1482/1437 2046/1483/1438 1663/1404/1359
f 1670/1482/1437 1203/1484/1439 1421/1485/1440 2046/1483/1438
f 2046/1483/1438 1421/1485/1440 1164/1486/1441 1616/1487/1442
f 1663/1404/1359 2046/1483/1438 1616/1487/1442 1155/1405/1360
f 1162/1435/1390 1615/1481/1436 2047/1488/1443 1598/1449/1404
f 1615/1481/1436 1172/1480/1435 1413/1489/1444 2047/1488/1443
f 2047/1488/1443 1413/1489/1444 1168/1490/1445 1617/1491/1446
f 1598/1449/1404 2047/1488/1443 1617/1491/1446 1158/1419/1374
f 1158/1419/1374 1617/1491/1446 2048/1492/1447 1595/1420/1375
f 1617/1491/1446 1168/1490/1445 1410/1493/1448 2048/1492/1447
f 2048/1492/1447 1410/1493/1448 1173/1458/1413 1610/1456/1411
f 1595/1420/1375 2048/1492/1447 1610/1456/1411 1163/1421/1376
f 1155/1405/1360 1616/1487/1442 2049/1494/1449 1592/1446/1401
f 1616/1487/1442 1164/1486/1441 1407/1495/1450 2049/1494/1449
f 2049/1494/1449 1407/1495/1450 1166/1470/1425 1613/1468/1423
f 1592/1446/1401 2049/1494/1449 1613/1468/1423 1156/1442/1397
f 1181/1216/1171 1628/1389/1344 1516/1433/1388 1146/1437/1392
f 1518/1198/1153 1627/1197/1152 1177/1220/1175 1119/1416/1371
f 1180/1207/1162 1629/1378/1333 1514/1441/1396 1141/1423/1378
f 1516/1433/1388 1628/1389/1344 1176/1211/1166 1117/1431/1386
f 1179/1237/1192 1630/1234/1189 1644/1410/1365 1123/1415/1370
f 1514/1441/1396 1629/1378/1333 1175/1203/1158 1115/1438/1393
f 1178/1228/1183 1631/1225/1180 1583/1451/1406 1121/1455/1410
f 1644/1410/1365 1630/1234/1189 1196/1233/1188 1190/1407/1362
f 1177/1220/1175 1632/1217/1172 1573/1448/1403 1119/1416/1371
f 1583/1451/1406 1631/1225/1180 1182/1196/1151 1151/1199/1154
f 1176/1211/1166 1633/1208/1163 1563/1426/1381 1117/1431/1386
f 1573/1448/1403 1632/1217/1172 1181/1216/1171 1146/1437/1392
f 1175/1203/1158 1634/1200/1155 1512/1445/1400 1115/1438/1393
f 1563/1426/1381 1633/1208/1163 1180/1207/1162 1141/1423/1378
f 1179/1237/1192 1123/1415/1370 1601/1414/1369 1623/1238/1193
f 1512/1445/1400 1634/1200/1155 1174/1195/1150 1113/1194/1149
f 1199/1189/1144 1669/1496/1451 2050/1497/1452 1660/1190/1145
f 1669/1496/1451 1204/1155/1110 1664/1158/1113 2050/1497/1452
f 2050/1497/1452 1664/1158/1113 1174/1195/1150 1618/1202/1157
f 1660/1190/1145 2050/1497/1452 1618/1202/1157 1112/1191/1146
f 1135/1255/1210 1636/1498/1453 2051/1499/1454 1552/1256/1211
f 1636/1498/1453 1186/1500/1455 1418/1501/1456 2051/1499/1454
f 2051/1499/1454 1418/1501/1456 1333/1502/1457 1635/1503/1458
f 1552/1256/1211 2051/1499/1454 1635/1503/1458 1265/1257/1212
f 1124/1248/1203 1637/1504/1459 2052/1505/1460 1521/1359/1314
f 1637/1504/1459 1184/1506/1461 1415/1507/1462 2052/1505/1460
f 2052/1505/1460 1415/1507/1462 1186/1500/1455 1636/1498/1453
f 1521/1359/1314 2052/1505/1460 1636/1498/1453 1135/1255/1210
f 1122/1239/1194 1639/1508/1463 2053/1509/1464 1548/1335/1290
f 1639/1508/1463 1183/1510/1465 1417/1511/1466 2053/1509/1464
f 2053/1509/1464 1417/1511/1466 1185/1512/1467 1638/1513/1468
f 1548/1335/1290 2053/1509/1464 1638/1513/1468 1125/1246/1201
f 1125/1246/1201 1638/1513/1468 2054/1514/1469 1522/1247/1202
f 1638/1513/1468 1185/1512/1467 1416/1515/1470 2054/1514/1469
f 2054/1514/1469 1416/1515/1470 1184/1506/1461 1637/1504/1459
f 1522/1247/1202 2054/1514/1469 1637/1504/1459 1124/1248/1203
f 1623/1238/1193 1601/1414/1369 1160/1413/1368 1122/1239/1194
f 1419/1516/1471 1183/1510/1465 1639/1508/1463 1611/1467/1422 1170/1466/1421
f 1196/1233/1188 1650/1517/1472 1520/1518/1473 1190/1407/1362
f 1611/1467/1422 1639/1508/1463 1122/1239/1194 1160/1413/1368
f 1681/1367/1322 2088/1519/1474 2074/1520/1475 1697/1521/1476
f 2074/1522/1475 2091/1523/1477 1707/1524/1478 1697/1525/1476
f 1693/1526/1479 1714/1527/1480 2113/1528/1481 2055/1529/1482
f 2055/1530/1482 2087/1531/1483 1683/1532/1484 1693/1533/1479
f 1206/1180/1135 1667/1534/1485 2056/1535/1486 1666/1181/1136
f 1667/1534/1485 1198/1185/1140 1659/1188/1143 2056/1535/1486
f 2056/1535/1486 1659/1188/1143 1188/1193/1148 1642/1536/1487
f 1666/1181/1136 2056/1535/1486 1642/1536/1487 1111/1182/1137
f 1111/1182/1137 1642/1536/1487 2057/1537/1488 1640/1183/1138
f 1642/1536/1487 1188/1193/1148 1509/1316/1271 2057/1537/1488
f 2057/1537/1488 1509/1316/1271 1187/1321/1276 1641/1538/1489
f 1640/1183/1138 2057/1537/1488 1641/1538/1489 1110/1184/1139
f 1682/1539/1490 1701/1540/1491 2058/1541/1492 2084/1542/1493
f 2085/1543/1494 2062/1544/1495 1689/1545/1496 1676/1546/1497
f 2058/1541/1492 1701/1540/1491 1204/1155/1110 1669/1496/1451
f 1698/1547/1498 2058/1541/1492 1669/1496/1451 1199/1189/1144
f 1348/1548/1499 1688/1161/1116 2059/1160/1115 1672/1549/1500
f 1676/1546/1497 1689/1545/1496 2059/1160/1115 2081/1159/1114
f 2082/1363/1318 2016/1362/1317 1690/1368/1323 1679/1550/1501
f 1672/1549/1500 2059/1160/1115 1689/1545/1496 1201/1551/1502
f 1680/1552/1503 1698/1547/1498 2060/1365/1320 2083/1364/1319
f 2084/1542/1493 2058/1541/1492 1698/1547/1498 1680/1552/1503
f 2060/1365/1320 1698/1547/1498 1199/1189/1144 1673/1186/1141
f 1696/1366/1321 2060/1365/1320 1673/1186/1141 1198/1185/1140
f 1681/1367/1322 1696/1366/1321 2061/1553/1504 2088/1519/1474
f 1988/1169/1124 2122/1175/1130 1704/1554/1505 1684/1167/1122
f 2061/1553/1504 1696/1366/1321 1198/1185/1140 1667/1534/1485
f 1691/1361/1316 2061/1553/1504 1667/1534/1485 1206/1180/1135
f 1201/1551/1502 1689/1545/1496 2062/1544/1495 1675/1555/1506
f 1683/1532/1484 1692/1556/1507 2062/1544/1495 2085/1543/1494
f 2086/1557/1508 2064/1558/1509 1702/1559/1510 1685/1560/1511
f 1675/1555/1506 2062/1544/1495 1692/1556/1507 1197/1561/1512
f 1680/1552/1503 2083/1364/1319 2065/1562/1513 1700/1563/1514
f 2065/1564/1513 2103/1565/1515 1710/1566/1516 1700/1567/1514
f 1694/1568/1517 1713/1569/1518 2099/1570/1519 2063/1571/1520
f 2063/1572/1520 2082/1363/1318 1679/1550/1501 1694/1573/1517
f 1684/1167/1122 1704/1554/1505 2064/1558/1509 2086/1557/1508
f 1682/1539/1490 1685/1560/1511 1702/1559/1510 1701/1540/1491
f 2064/1558/1509 1704/1554/1505 1202/1403/1358 1671/1401/1356
f 1702/1559/1510 2064/1558/1509 1671/1401/1356 1200/1156/1111
f 1682/1539/1490 2084/1542/1493 2078/1574/1521 1699/1575/1522
f 2066/1576/1523 2108/1577/1524 1714/1527/1480 1693/1526/1479
f 1697/1525/1476 1707/1524/1478 2103/1565/1515 2065/1564/1513
f 2065/1562/1513 2083/1364/1319 1681/1367/1322 1697/1521/1476
f 1684/1167/1122 2086/1557/1508 2076/1578/1525 1705/1168/1123
f 2055/1529/1482 2113/1528/1481 1713/1569/1518 1694/1568/1517
f 1687/1579/1526 1712/1580/1527 2108/1577/1524 2066/1576/1523
f 2066/1581/1523 2085/1543/1494 1676/1546/1497 1687/1582/1526
f 2087/1531/1483 2079/1583/1528 1692/1556/1507 1683/1532/1484
f 1520/1518/1473 1650/1517/1472 1178/1228/1183 1121/1455/1410
f 1159/1453/1408 1609/1461/1416 2067/1584/1529 1596/1585/1530
f 1609/1461/1416 1169/1460/1415 1411/1586/1531 2067/1584/1529
f 2067/1584/1529 1411/1586/1531 1195/1464/1419 1651/1462/1417
f 1596/1585/1530 2067/1584/1529 1651/1462/1417 1194/1411/1366
f 1121/1455/1410 1602/1454/1409 2068/1587/1532 1520/1518/1473
f 1602/1454/1409 1159/1453/1408 1596/1585/1530 2068/1587/1532
f 2068/1587/1532 1596/1585/1530 1194/1411/1366 1652/1408/1363
f 1520/1518/1473 2068/1587/1532 1652/1408/1363 1190/1407/1362
f 1126/1275/1230 1645/1588/1533 2069/1589/1534 1529/1356/1311
f 1645/1588/1533 1191/1250/1205 1653/1358/1313 2069/1589/1534
f 2069/1589/1534 1653/1358/1313 1193/1251/1206 1648/1590/1535
f 1529/1356/1311 2069/1589/1534 1648/1590/1535 1136/1264/1219
f 1120/1230/1185 1643/1591/1536 2070/1592/1537 1547/1338/1293
f 1643/1591/1536 1189/1241/1196 1654/1334/1289 2070/1592/1537
f 2070/1592/1537 1654/1334/1289 1192/1242/1197 1527/1593/1538
f 1547/1338/1293 2070/1592/1537 1527/1593/1538 1127/1273/1228
f 1136/1264/1219 1648/1590/1535 2071/1594/1539 1553/1265/1220
f 1648/1590/1535 1193/1251/1206 1655/1254/1209 2071/1594/1539
f 2071/1594/1539 1655/1254/1209 1342/1259/1214 1646/1595/1540
f 1553/1265/1220 2071/1594/1539 1646/1595/1540 1270/1266/1221
f 1127/1273/1228 1527/1593/1538 2072/1596/1541 1530/1274/1229
f 1527/1593/1538 1192/1242/1197 1656/1245/1200 2072/1596/1541
f 2072/1596/1541 1656/1245/1200 1191/1250/1205 1645/1588/1533
f 1530/1274/1229 2072/1596/1541 1645/1588/1533 1126/1275/1230
f 1178/1228/1183 1650/1517/1472 2073/1597/1542 1622/1229/1184
f 1650/1517/1472 1196/1233/1188 1657/1236/1191 2073/1597/1542
f 2073/1597/1542 1657/1236/1191 1189/1241/1196 1643/1591/1536
f 1622/1229/1184 2073/1597/1542 1643/1591/1536 1120/1230/1185
f 2095/1598/1543 2116/1599/1544 1727/1600/1545 1712/1580/1527
f 1230/1601/1546 1726/1602/1547 1725/1603/1548 1231/1604/1549
f 1695/1605/1550 1706/1606/1551 2091/1523/1477 2074/1522/1475
f 2074/1520/1475 2088/1519/1474 1678/1360/1315 1695/1607/1550
f 1110/1184/1139 1641/1538/1489 2075/1608/1552 1665/1179/1134
f 1641/1538/1489 1187/1321/1276 1658/1609/1553 2075/1608/1552
f 2075/1608/1552 1658/1609/1553 1197/1561/1512 1668/1610/1554
f 1665/1179/1134 2075/1608/1552 1668/1610/1554 1205/1176/1131
f 1701/1540/1491 1702/1559/1510 1200/1156/1111 1204/1155/1110
f 1699/1611/1522 1708/1612/1555 1709/1613/1556 1703/1614/1557
f 2081/1159/1114 2089/1615/1558 1687/1582/1526 1676/1546/1497
f 1703/1614/1557 1709/1613/1556 2097/1616/1559 2076/1617/1525
f 2076/1578/1525 2086/1557/1508 1685/1560/1511 1703/1618/1557
f 1250/1330/1285 1507/1619/1560 2077/1620/1561 1551/1325/1280
f 1507/1619/1560 1348/1548/1499 1672/1549/1500 2077/1620/1561
f 2077/1620/1561 1672/1549/1500 1201/1551/1502 1662/1621/1562
f 1551/1325/1280 2077/1620/1561 1662/1621/1562 1134/1322/1277
f 1679/1550/1501 2087/1531/1483 2055/1530/1482 1694/1573/1517
f 1700/1567/1514 1710/1566/1516 2094/1622/1563 2078/1623/1521
f 2078/1574/1521 2084/1542/1493 1680/1552/1503 1700/1563/1514
f 1683/1532/1484 2085/1543/1494 2066/1581/1523 1693/1533/1479
f 2078/1623/1521 2094/1622/1563 1708/1612/1555 1699/1611/1522
f 2076/1617/1525 2097/1616/1559 1446/1624/1564 1165/1625/1125 1705/1626/1123
f 1205/1176/1131 1668/1610/1554 2079/1583/1528 1690/1368/1323
f 1668/1610/1554 1197/1561/1512 1692/1556/1507 2079/1583/1528
f 1679/1550/1501 1690/1368/1323 2079/1583/1528 2087/1531/1483
f 2088/1519/1474 2061/1553/1504 1691/1361/1316 1678/1360/1315
f 1134/1322/1277 1662/1621/1562 2080/1627/1565 1508/1346/1301
f 1662/1621/1562 1201/1551/1502 1675/1555/1506 2080/1627/1565
f 2080/1627/1565 1675/1555/1506 1197/1561/1512 1658/1609/1553
f 1508/1346/1301 2080/1627/1565 1658/1609/1553 1187/1321/1276
f 1677/1162/1117 1686/1628/1566 2089/1615/1558 2081/1159/1114
f 1678/1360/1315 2082/1363/1318 2063/1572/1520 1695/1607/1550
f 1685/1560/1511 1682/1539/1490 1699/1575/1522 1703/1618/1557
f 2063/1571/1520 2099/1570/1519 1706/1606/1551 1695/1605/1550
f 1686/1629/1566 1711/1630/1567 2095/1598/1543 2089/1631/1558
f 1166/1632/1425 1438/1633/1568 2090/1634/1568 1408/1635/1426
f 1438/1633/1568 1209/1636/1568 1424/1637/1568 2090/1634/1568
f 2090/1634/1568 1424/1637/1568 1214/1638/1568 1439/1639/1568
f 1408/1635/1426 2090/1634/1568 1439/1639/1568 1171/1640/1427
f 1239/1164/1119 1230/1601/1546 1231/1604/1549 1240/1165/1120
f 1706/1606/1551 1731/1641/1569 2121/1642/1570 2091/1523/1477
f 1167/1643/1431 1440/1644/1568 2092/1645/1571 1409/1646/1434
f 1440/1644/1568 1210/1647/1568 1425/1648/1572 2092/1645/1571
f 2092/1645/1571 1425/1648/1572 1215/1649/1572 1441/1650/1572
f 1409/1646/1434 2092/1645/1571 1441/1650/1572 1172/1651/1435
f 1710/1566/1516 1724/1652/1573 2117/1653/1574 2094/1622/1563
f 1168/1654/1445 1442/1655/1568 2093/1656/1568 1410/1657/1448
f 1442/1655/1568 1211/1658/1568 1426/1659/1568 2093/1656/1568
f 2093/1656/1568 1426/1659/1568 1216/1660/1568 1443/1661/1568
f 1410/1657/1448 2093/1656/1568 1443/1661/1568 1173/1662/1413
f 2094/1622/1563 2117/1653/1574 1725/1603/1548 1708/1612/1555
f 2097/1616/1559 2120/1663/1575 1455/1664/1576 1208/1665/1577 1446/1624/1564
f 2099/1570/1519 2119/1666/1578 1731/1641/1569 1706/1606/1551
f 1711/1630/1567 1729/1667/1579 2116/1599/1544 2095/1598/1543
f 1169/1668/1415 1444/1669/1568 2096/1670/1568 1411/1671/1531
f 1444/1669/1568 1212/1672/1568 1427/1673/1568 2096/1670/1568
f 2096/1670/1568 1427/1673/1568 1221/1674/1572 1445/1675/1580
f 1411/1671/1531 2096/1670/1568 1445/1675/1580 1195/1676/1419
f 1927/1677/1581 1950/1678/1582 2246/1679/1583 2239/1680/1584
f 1709/1613/1556 1726/1602/1547 2120/1663/1575 2097/1616/1559
f 1184/1681/1461 1447/1682/1568 2098/1683/1568 1415/1684/1462
f 1447/1682/1568 1218/1685/1568 1431/1686/1568 2098/1683/1568
f 2098/1683/1568 1431/1686/1568 1220/1687/1568 1448/1688/1568
f 1415/1684/1462 2098/1683/1568 1448/1688/1568 1186/1689/1455
f 2103/1565/1515 2114/1690/1585 1724/1652/1573 1710/1566/1516
f 1713/1569/1518 1730/1691/1586 2119/1666/1578 2099/1570/1519
f 1195/1676/1419 1445/1675/1580 2100/1692/1587 1420/1693/1420
f 1445/1675/1580 1221/1674/1572 1436/1694/1568 2100/1692/1587
f 2100/1692/1587 1436/1694/1568 1213/1695/1568 1449/1696/1568
f 1420/1693/1420 2100/1692/1587 1449/1696/1568 1170/1697/1421
f 1171/1640/1427 1439/1639/1568 2101/1698/1568 1412/1699/1430
f 1439/1639/1568 1214/1638/1568 1428/1700/1568 2101/1698/1568
f 2101/1698/1568 1428/1700/1568 1210/1647/1568 1440/1644/1568
f 1412/1699/1430 2101/1698/1568 1440/1644/1568 1167/1643/1431
f 1185/1701/1467 1450/1702/1568 2102/1703/1568 1416/1704/1470
f 1450/1702/1568 1219/1705/1568 1432/1706/1568 2102/1703/1568
f 2102/1703/1568 1432/1706/1568 1218/1685/1568 1447/1682/1568
f 1416/1704/1470 2102/1703/1568 1447/1682/1568 1184/1681/1461
f 2108/1577/1524 2115/1707/1588 1728/1708/1589 1714/1527/1480
f 1707/1524/1478 1723/1709/1590 2114/1690/1585 2103/1565/1515
f 1203/1710/1439 1451/1711/1568 2104/1712/1568 1421/1713/1440
f 1451/1711/1568 1222/1714/1568 1437/1715/1568 2104/1712/1568
f 2104/1712/1568 1437/1715/1568 1207/1716/1568 1452/1717/1568
f 1421/1713/1440 2104/1712/1568 1452/1717/1568 1164/1718/1441
f 1172/1651/1435 1441/1650/1572 2105/1719/1591 1413/1720/1444
f 1441/1650/1572 1215/1649/1572 1429/1721/1568 2105/1719/1591
f 2105/1719/1591 1429/1721/1568 1211/1658/1568 1442/1655/1568
f 1413/1720/1444 2105/1719/1591 1442/1655/1568 1168/1654/1445
f 1165/1722/1125 1446/1723/1564 2106/1724/1568 1406/1725/1126
f 1208/1726/1577 1422/1727/1568 2106/1724/1568 1446/1723/1564
f 1222/1714/1568 1451/1711/1568 2106/1724/1568 1422/1727/1568
f 1203/1710/1439 1456/1728/1129 2106/1724/1568 1451/1711/1568
f 1406/1725/1126 2106/1724/1568 1456/1728/1129
f 1183/1729/1465 1453/1730/1568 2107/1731/1568 1417/1732/1466
f 1453/1730/1568 1217/1733/1568 1433/1734/1568 2107/1731/1568
f 2107/1731/1568 1433/1734/1568 1219/1705/1568 1450/1702/1568
f 1417/1732/1466 2107/1731/1568 1450/1702/1568 1185/1701/1467
f 2113/1528/1481 2118/1735/1592 1730/1691/1586 1713/1569/1518
f 1712/1580/1527 1727/1600/1545 2115/1707/1588 2108/1577/1524
f 1170/1697/1421 1449/1696/1568 2109/1736/1568 1419/1737/1471
f 1449/1696/1568 1213/1695/1568 1435/1738/1568 2109/1736/1568
f 2109/1736/1568 1435/1738/1568 1217/1733/1568 1453/1730/1568
f 1419/1737/1471 2109/1736/1568 1453/1730/1568 1183/1729/1465
f 1173/1662/1413 1443/1661/1568 2110/1739/1568 1414/1740/1414
f 1443/1661/1568 1216/1660/1568 1430/1741/1568 2110/1739/1568
f 2110/1739/1568 1430/1741/1568 1212/1672/1568 1444/1669/1568
f 1414/1740/1414 2110/1739/1568 1444/1669/1568 1169/1668/1415
f 1164/1718/1441 1452/1717/1568 2111/1742/1568 1407/1743/1450
f 1452/1717/1568 1207/1716/1568 1423/1744/1568 2111/1742/1568
f 2111/1742/1568 1423/1744/1568 1209/1636/1568 1438/1633/1568
f 1407/1743/1450 2111/1742/1568 1438/1633/1568 1166/1632/1425
f 1186/1689/1455 1448/1688/1568 2112/1745/1568 1418/1746/1456
f 1448/1688/1568 1220/1687/1568 1434/1747/1568 2112/1745/1568
f 2112/1745/1568 1434/1747/1568 1370/1748/1568 1454/1749/1568
f 1418/1746/1456 2112/1745/1568 1454/1749/1568 1333/1750/1457
f 2091/1523/1477 2121/1642/1570 1723/1709/1590 1707/1524/1478
f 1714/1527/1480 1728/1708/1589 2118/1735/1592 2113/1528/1481
f 1723/1709/1590 1229/1751/1593 1717/1752/1594 2114/1690/1585
f 2114/1690/1585 1717/1752/1594 1226/1753/1595 1724/1652/1573
f 1708/1612/1555 1725/1603/1548 1726/1602/1547 1709/1613/1556
f 1727/1600/1545 1227/1754/1596 1718/1755/1597 2115/1707/1588
f 2115/1707/1588 1718/1755/1597 1228/1756/1598 1728/1708/1589
f 1729/1667/1579 1377/1757/1599 1715/1758/1600 2116/1599/1544
f 2116/1599/1544 1715/1758/1600 1227/1754/1596 1727/1600/1545
f 1724/1652/1573 1226/1753/1595 1721/1759/1601 2117/1653/1574
f 2117/1653/1574 1721/1759/1601 1231/1604/1549 1725/1603/1548
f 1728/1708/1589 1228/1756/1598 1719/1760/1602 2118/1735/1592
f 2118/1735/1592 1719/1760/1602 1224/1761/1603 1730/1691/1586
f 1730/1691/1586 1224/1761/1603 1716/1762/1604 2119/1666/1578
f 2119/1666/1578 1716/1762/1604 1225/1763/1605 1731/1641/1569
f 1726/1602/1547 1230/1601/1546 1722/1764/1606 2120/1663/1575
f 2120/1663/1575 1722/1764/1606 1223/1765/1607 1455/1664/1576
f 1731/1641/1569 1225/1763/1605 1720/1766/1608 2121/1642/1570
f 2121/1642/1570 1720/1766/1608 1229/1751/1593 1723/1709/1590
f 1236/1767/1609 1735/1768/1610 1718/1755/1597 1227/1754/1596
f 1718/1755/1597 1735/1768/1610 1237/1769/1611 1228/1756/1598
f 1387/1770/1612 1732/1771/1613 1715/1758/1600 1377/1757/1599
f 1715/1758/1600 1732/1771/1613 1236/1767/1609 1227/1754/1596
f 1235/1772/1614 1738/1773/1615 1721/1759/1601 1226/1753/1595
f 1721/1759/1601 1738/1773/1615 1240/1165/1120 1231/1604/1549
f 1228/1756/1598 1237/1769/1611 1736/1774/1616 1719/1760/1602
f 1719/1760/1602 1736/1774/1616 1233/1775/1617 1224/1761/1603
f 1224/1761/1603 1233/1775/1617 1733/1776/1618 1716/1762/1604
f 1716/1762/1604 1733/1776/1618 1234/1777/1619 1225/1763/1605
f 1230/1601/1546 1239/1164/1119 1739/1778/1620 1722/1764/1606
f 1722/1764/1606 1739/1778/1620 1232/1779/1621 1223/1765/1607
f 1225/1763/1605 1234/1777/1619 1737/1780/1622 1720/1766/1608
f 1720/1766/1608 1737/1780/1622 1238/1781/1623 1229/1751/1593
f 1229/1751/1593 1238/1781/1623 1734/1782/1624 1717/1752/1594
f 1717/1752/1594 1734/1782/1624 1235/1772/1614 1226/1753/1595
f 1244/1783/1625 1746/1784/1626 1738/1773/1615 1235/1772/1614
f 1738/1773/1615 1746/1784/1626 1249/1166/1121 1240/1165/1120
f 1246/1785/1627 1744/1786/1628 1736/1774/1616 1237/1769/1611
f 1736/1774/1616 1744/1786/1628 1242/1787/1629 1233/1775/1617
f 1233/1775/1617 1242/1787/1629 1741/1788/1630 1733/1776/1618
f 1733/1776/1618 1741/1788/1630 1243/1789/1631 1234/1777/1619
f 1248/1163/1118 1747/1790/1632 1739/1778/1620 1239/1164/1119
f 1739/1778/1620 1747/1790/1632 1241/1791/1633 1232/1779/1621
f 1234/1777/1619 1243/1789/1631 1745/1792/1634 1737/1780/1622
f 1737/1780/1622 1745/1792/1634 1247/1793/1635 1238/1781/1623
f 1238/1781/1623 1247/1793/1635 1742/1794/1636 1734/1782/1624
f 1734/1782/1624 1742/1794/1636 1244/1783/1625 1235/1772/1614
f 1245/1795/1637 1743/1796/1638 1735/1768/1610 1236/1767/1609
f 1735/1768/1610 1743/1796/1638 1246/1785/1627 1237/1769/1611
f 1397/1797/1639 1740/1798/1640 1732/1771/1613 1387/1770/1612
f 1732/1771/1613 1740/1798/1640 1245/1795/1637 1236/1767/1609
f 1384/1799/1641 1394/1800/1642 1976/1801/1643 1959/1802/1644
f 1456/1174/1129 1203/1484/1439 1670/1482/1437 2122/1175/1130
f 2122/1175/1130 1670/1482/1437 1202/1403/1358 1704/1554/1505
f 1925/1803/1645 2123/1804/1646 1944/1805/1647
f 2123/1804/1646 2274/1806/1648 1506/1807/1649 1457/1808/1650
f 1944/1809/1647 2123/1810/1646 1457/1811/1650 1314/1812/1651
f 1357/1813/1652 1906/1814/1653 2124/1815/1654 1916/1816/1655
f 1906/1814/1653 1251/1817/1656 1881/1818/1657 2124/1815/1654
f 2124/1815/1654 1881/1818/1657 1252/1819/1658 1907/1820/1659
f 1916/1816/1655 2124/1815/1654 1907/1820/1659 1358/1821/1660
f 1350/1822/1661 1900/1823/1662 2125/1824/1663 1915/1825/1664
f 1900/1823/1662 1338/1826/1665 1750/1827/1666 2125/1824/1663
f 2125/1824/1663 1750/1827/1666 1253/1828/1667 1901/1829/1668
f 1915/1825/1664 2125/1824/1663 1901/1829/1668 1351/1830/1669
f 1356/1831/1670 1905/1832/1671 2126/1833/1672 1914/1834/1673
f 1905/1832/1671 1323/1835/1674 1751/1836/1675 2126/1833/1672
f 2126/1833/1672 1751/1836/1675 1254/1837/1676 1902/1838/1677
f 1914/1834/1673 2126/1833/1672 1902/1838/1677 1352/1839/1678
f 1323/1835/1674 1859/1840/1679 2127/1841/1680 1875/1842/1681
f 1859/1840/1679 1253/1828/1667 1753/1843/1682 2127/1841/1680
f 2127/1841/1680 1753/1843/1682 1255/1844/1683 1860/1845/1684
f 1875/1842/1681 2127/1841/1680 1860/1845/1684 1324/1846/1685
f 1329/1847/1686 1865/1848/1687 2128/1849/1688 1874/1850/1689
f 1865/1848/1687 1286/1851/1690 1756/1852/1691 2128/1849/1688
f 2128/1849/1688 1756/1852/1691 1257/1853/1692 1861/1854/1693
f 1874/1850/1689 2128/1849/1688 1861/1854/1693 1325/1855/1694
f 1330/1856/1695 1866/1857/1696 2129/1858/1697 1873/1859/1698
f 1866/1857/1696 1292/1860/1699 1759/1861/1700 2129/1858/1697
f 2129/1858/1697 1759/1861/1700 1259/1862/1701 1862/1863/1702
f 1873/1859/1698 2129/1858/1697 1862/1863/1702 1326/1864/1703
f 1331/1865/1704 1867/1866/1705 2130/1867/1706 1872/1868/1707
f 1867/1866/1705 1298/1869/1708 1762/1870/1709 2130/1867/1706
f 2130/1867/1706 1762/1870/1709 1261/1871/1710 1863/1872/1711
f 1872/1868/1707 2130/1867/1706 1863/1872/1711 1327/1873/1712
f 1347/1874/1713 1898/1875/1714 2131/1876/1715 1871/1877/1716
f 1898/1875/1714 1339/1878/1717 1765/1879/1718 2131/1876/1715
f 2131/1876/1715 1765/1879/1718 1263/1880/1719 1864/1881/1720
f 1871/1877/1716 2131/1876/1715 1864/1881/1720 1328/1882/1721
f 1343/1883/1722 1897/1884/1723 2132/1885/1724 1887/1886/1725
f 1897/1884/1723 1341/1887/1726 1769/1888/1727 2132/1885/1724
f 2132/1885/1724 1769/1888/1727 1266/1889/1728 1768/1890/1729
f 1887/1886/1725 2132/1885/1724 1768/1890/1729 1267/1891/1730
f 1344/1892/1731 1896/1893/1732 2133/1894/1733 1802/1895/1734
f 1896/1893/1732 1342/1259/1214 1525/1258/1213 2133/1894/1733
f 2133/1894/1733 1525/1258/1213 1265/1257/1212 1793/1896/1735
f 1802/1895/1734 2133/1894/1733 1793/1896/1735 1281/1897/1736
f 1303/1898/1737 1831/1899/1738 2134/1900/1739 1801/1901/1740
f 1831/1899/1738 1301/1268/1223 1528/1267/1222 2134/1900/1739
f 2134/1900/1739 1528/1267/1222 1270/1266/1221 1794/1902/1741
f 1801/1901/1740 2134/1900/1739 1794/1902/1741 1282/1903/1742
f 1302/1904/1743 1830/1905/1744 2135/1906/1745 1826/1907/1746
f 1830/1905/1744 1300/1908/1747 1771/1909/1748 2135/1906/1745
f 2135/1906/1745 1771/1909/1748 1268/1910/1749 1774/1911/1750
f 1826/1907/1746 2135/1906/1745 1774/1911/1750 1269/1912/1751
f 1296/1913/1752 1821/1914/1753 2136/1915/1754 1816/1916/1755
f 1821/1914/1753 1294/1917/1756 1776/1918/1757 2136/1915/1754
f 2136/1915/1754 1776/1918/1757 1272/1919/1758 1777/1920/1759
f 1816/1916/1755 2136/1915/1754 1777/1920/1759 1271/1921/1760
f 1297/1922/1761 1820/1923/1762 2137/1924/1763 1800/1925/1764
f 1820/1923/1762 1295/1295/1250 1533/1294/1249 2137/1924/1763
f 2137/1924/1763 1533/1294/1249 1273/1293/1248 1795/1926/1765
f 1800/1925/1764 2137/1924/1763 1795/1926/1765 1283/1927/1766
f 1291/1928/1767 1811/1929/1768 2138/1930/1769 1799/1931/1770
f 1811/1929/1768 1289/1304/1259 1538/1303/1258 2138/1930/1769
f 2138/1930/1769 1538/1303/1258 1276/1302/1257 1796/1932/1771
f 1799/1931/1770 2138/1930/1769 1796/1932/1771 1284/1933/1772
f 1290/1934/1773 1810/1935/1774 2139/1936/1775 1806/1937/1776
f 1810/1935/1774 1288/1938/1777 1780/1939/1778 2139/1936/1775
f 2139/1936/1775 1780/1939/1778 1275/1940/1779 1782/1941/1780
f 1806/1937/1776 2139/1936/1775 1782/1941/1780 1274/1942/1781
f 1338/1826/1665 1749/1943/1782 2140/1944/1783 1770/1945/1784
f 1749/1943/1782 1337/1946/1785 1784/1947/1786 2140/1944/1783
f 2140/1944/1783 1784/1947/1786 1278/1948/1787 1785/1949/1788
f 1770/1945/1784 2140/1944/1783 1785/1949/1788 1277/1950/1789
f 1280/1951/1790 1792/1952/1791 2141/1953/1792 1798/1954/1793
f 1792/1952/1791 1250/1330/1285 1543/1329/1284 2141/1953/1792
f 2141/1953/1792 1543/1329/1284 1279/1328/1283 1797/1955/1794
f 1798/1954/1793 2141/1953/1792 1797/1955/1794 1285/1956/1795
f 1338/1826/1665 1770/1945/1784 2142/1957/1796 1750/1827/1666
f 1770/1945/1784 1277/1950/1789 1787/1958/1797 2142/1957/1796
f 2142/1957/1796 1787/1958/1797 1255/1844/1683 1753/1843/1682
f 1750/1827/1666 2142/1957/1796 1753/1843/1682 1253/1828/1667
f 1339/1878/1717 1895/1959/1798 2143/1960/1799 1765/1879/1718
f 1895/1959/1798 1343/1883/1722 1887/1886/1725 2143/1960/1799
f 2143/1960/1799 1887/1886/1725 1267/1891/1730 1789/1961/1800
f 1765/1879/1718 2143/1960/1799 1789/1961/1800 1263/1880/1719
f 1298/1869/1708 1829/1962/1801 2144/1963/1802 1762/1870/1709
f 1829/1962/1801 1302/1904/1743 1826/1907/1746 2144/1963/1802
f 2144/1963/1802 1826/1907/1746 1269/1912/1751 1788/1964/1803
f 1762/1870/1709 2144/1963/1802 1788/1964/1803 1261/1871/1710
f 1292/1860/1699 1819/1965/1804 2145/1966/1805 1759/1861/1700
f 1819/1965/1804 1296/1913/1752 1816/1916/1755 2145/1966/1805
f 2145/1966/1805 1816/1916/1755 1271/1921/1760 1790/1967/1806
f 1759/1861/1700 2145/1966/1805 1790/1967/1806 1259/1862/1701
f 1286/1851/1690 1809/1968/1807 2146/1969/1808 1756/1852/1691
f 1809/1968/1807 1290/1934/1773 1806/1937/1776 2146/1969/1808
f 2146/1969/1808 1806/1937/1776 1274/1942/1781 1791/1970/1809
f 1756/1852/1691 2146/1969/1808 1791/1970/1809 1257/1853/1692
f 1337/1946/1785 1748/1971/1810 2147/1972/1811 1784/1947/1786
f 1748/1971/1810 1280/1951/1790 1798/1954/1793 2147/1972/1811
f 2147/1972/1811 1798/1954/1793 1285/1956/1795 1786/1973/1812
f 1784/1947/1786 2147/1972/1811 1786/1973/1812 1278/1948/1787
f 1288/1938/1777 1808/1974/1813 2148/1975/1814 1780/1939/1778
f 1808/1974/1813 1291/1928/1767 1799/1931/1770 2148/1975/1814
f 2148/1975/1814 1799/1931/1770 1284/1933/1772 1781/1976/1815
f 1780/1939/1778 2148/1975/1814 1781/1976/1815 1275/1940/1779
f 1294/1917/1756 1818/1977/1816 2149/1978/1817 1776/1918/1757
f 1818/1977/1816 1297/1922/1761 1800/1925/1764 2149/1978/1817
f 2149/1978/1817 1800/1925/1764 1283/1927/1766 1778/1979/1818
f 1776/1918/1757 2149/1978/1817 1778/1979/1818 1272/1919/1758
f 1300/1908/1747 1828/1980/1819 2150/1981/1820 1771/1909/1748
f 1828/1980/1819 1303/1898/1737 1801/1901/1740 2150/1981/1820
f 2150/1981/1820 1801/1901/1740 1282/1903/1742 1773/1982/1821
f 1771/1909/1748 2150/1981/1820 1773/1982/1821 1268/1910/1749
f 1341/1887/1726 1894/1983/1822 2151/1984/1823 1769/1888/1727
f 1894/1983/1822 1344/1892/1731 1802/1895/1734 2151/1984/1823
f 2151/1984/1823 1802/1895/1734 1281/1897/1736 1767/1985/1824
f 1769/1888/1727 2151/1984/1823 1767/1985/1824 1266/1889/1728
f 1919/1986/1825 2231/1987/1826 2152/1988/1827 1930/1989/1828
f 1929/1990/1829 1357/1813/1652 1916/1816/1655 2152/1988/1827
f 2152/1988/1827 1916/1816/1655 1358/1821/1660 1930/1989/1828
f 2232/1991/1830 1922/1992/1831 1935/1993/1832 2206/1994/1833
f 1278/1948/1787 1786/1973/1812 2153/1995/1834 1805/1996/1835
f 1786/1973/1812 1285/1956/1795 1807/1997/1836 2153/1995/1834
f 2153/1995/1834 1807/1997/1836 1291/1928/1767 1808/1974/1813
f 1805/1996/1835 2153/1995/1834 1808/1974/1813 1288/1938/1777
f 1255/1844/1683 1787/1958/1797 2154/1998/1837 1803/1999/1838
f 1787/1958/1797 1277/1950/1789 1783/2000/1839 2154/1998/1837
f 2154/1998/1837 1783/2000/1839 1290/1934/1773 1809/1968/1807
f 1803/1999/1838 2154/1998/1837 1809/1968/1807 1286/1851/1690
f 1277/1950/1789 1785/1949/1788 2155/2001/1840 1783/2000/1839
f 1785/1949/1788 1278/1948/1787 1805/1996/1835 2155/2001/1840
f 2155/2001/1840 1805/1996/1835 1288/1938/1777 1810/1935/1774
f 1783/2000/1839 2155/2001/1840 1810/1935/1774 1290/1934/1773
f 1285/1956/1795 1797/1955/1794 2156/2002/1841 1807/1997/1836
f 1797/1955/1794 1279/1328/1283 1565/1377/1332 2156/2002/1841
f 2156/2002/1841 1565/1377/1332 1289/1304/1259 1811/1929/1768
f 1807/1997/1836 2156/2002/1841 1811/1929/1768 1291/1928/1767
f 1324/1846/1685 1860/1845/1684 2157/2003/1842 1870/2004/1843
f 1860/1845/1684 1255/1844/1683 1803/1999/1838 2157/2003/1842
f 2157/2003/1842 1803/1999/1838 1286/1851/1690 1865/1848/1687
f 1870/2004/1843 2157/2003/1842 1865/1848/1687 1329/1847/1686
f 1275/1940/1779 1781/1976/1815 2158/2005/1844 1815/2006/1845
f 1781/1976/1815 1284/1933/1772 1817/2007/1846 2158/2005/1844
f 2158/2005/1844 1817/2007/1846 1297/1922/1761 1818/1977/1816
f 1815/2006/1845 2158/2005/1844 1818/1977/1816 1294/1917/1756
f 1257/1853/1692 1791/1970/1809 2159/2008/1847 1813/2009/1848
f 1791/1970/1809 1274/1942/1781 1779/2010/1849 2159/2008/1847
f 2159/2008/1847 1779/2010/1849 1296/1913/1752 1819/1965/1804
f 1813/2009/1848 2159/2008/1847 1819/1965/1804 1292/1860/1699
f 1284/1933/1772 1796/1932/1771 2160/2011/1850 1817/2007/1846
f 1796/1932/1771 1276/1302/1257 1575/1387/1342 2160/2011/1850
f 2160/2011/1850 1575/1387/1342 1295/1295/1250 1820/1923/1762
f 1817/2007/1846 2160/2011/1850 1820/1923/1762 1297/1922/1761
f 1274/1942/1781 1782/1941/1780 2161/2012/1851 1779/2010/1849
f 1782/1941/1780 1275/1940/1779 1815/2006/1845 2161/2012/1851
f 2161/2012/1851 1815/2006/1845 1294/1917/1756 1821/1914/1753
f 1779/2010/1849 2161/2012/1851 1821/1914/1753 1296/1913/1752
f 1325/1855/1694 1861/1854/1693 2162/2013/1852 1869/2014/1853
f 1861/1854/1693 1257/1853/1692 1813/2009/1848 2162/2013/1852
f 2162/2013/1852 1813/2009/1848 1292/1860/1699 1866/1857/1696
f 1869/2014/1853 2162/2013/1852 1866/1857/1696 1330/1856/1695
f 1272/1919/1758 1778/1979/1818 2163/2015/1854 1825/2016/1855
f 1778/1979/1818 1283/1927/1766 1827/2017/1856 2163/2015/1854
f 2163/2015/1854 1827/2017/1856 1303/1898/1737 1828/1980/1819
f 1825/2016/1855 2163/2015/1854 1828/1980/1819 1300/1908/1747
f 1259/1862/1701 1790/1967/1806 2164/2018/1857 1823/2019/1858
f 1790/1967/1806 1271/1921/1760 1775/2020/1859 2164/2018/1857
f 2164/2018/1857 1775/2020/1859 1302/1904/1743 1829/1962/1801
f 1823/2019/1858 2164/2018/1857 1829/1962/1801 1298/1869/1708
f 1271/1921/1760 1777/1920/1759 2165/2021/1860 1775/2020/1859
f 1777/1920/1759 1272/1919/1758 1825/2016/1855 2165/2021/1860
f 2165/2021/1860 1825/2016/1855 1300/1908/1747 1830/1905/1744
f 1775/2020/1859 2165/2021/1860 1830/1905/1744 1302/1904/1743
f 1283/1927/1766 1795/1926/1765 2166/2022/1861 1827/2017/1856
f 1795/1926/1765 1273/1293/1248 1585/1399/1354 2166/2022/1861
f 2166/2022/1861 1585/1399/1354 1301/1268/1223 1831/1899/1738
f 1827/2017/1856 2166/2022/1861 1831/1899/1738 1303/1898/1737
f 1326/1864/1703 1862/1863/1702 2167/2023/1862 1868/2024/1863
f 1862/1863/1702 1259/1862/1701 1823/2019/1858 2167/2023/1862
f 2167/2023/1862 1823/2019/1858 1298/1869/1708 1867/1866/1705
f 1868/2024/1863 2167/2023/1862 1867/1866/1705 1331/1865/1704
f 1352/1839/1678 1902/1838/1677 2168/2025/1864 1912/2026/1865
f 1902/1838/1677 1254/1837/1676 1841/2027/1866 2168/2025/1864
f 2168/2025/1864 1841/2027/1866 1304/2028/1867 1904/2029/1868
f 1912/2026/1865 2168/2025/1864 1904/2029/1868 1354/2030/1869
f 1340/2031/1870 1885/2032/1871 2169/2033/1872 1893/2034/1873
f 1885/2032/1871 1264/2035/1874 1842/2036/1875 2169/2033/1872
f 2169/2033/1872 1842/2036/1875 1309/2037/1876 1889/2038/1877
f 1893/2034/1873 2169/2033/1872 1889/2038/1877 1345/2039/1878
f 1260/2040/1879 1763/2041/1880 2170/2042/1881 1845/2043/1882
f 1763/2041/1880 1299/2044/1883 1844/2045/1884 2170/2042/1881
f 2170/2042/1881 1844/2045/1884 1312/2046/1885 1836/2047/1886
f 1845/2043/1882 2170/2042/1881 1836/2047/1886 1307/2048/1887
f 1287/2049/1888 1804/2050/1889 2171/2051/1890 1847/2052/1891
f 1804/2050/1889 1258/2053/1892 1846/2054/1893 2171/2051/1890
f 2171/2051/1890 1846/2054/1893 1306/2055/1894 1838/2056/1895
f 1847/2052/1891 2171/2051/1890 1838/2056/1895 1310/2057/1896
f 1258/2053/1892 1760/2058/1897 2172/2059/1898 1846/2054/1893
f 1760/2058/1897 1293/2060/1899 1848/2061/1900 2172/2059/1898
f 2172/2059/1898 1848/2061/1900 1311/2062/1901 1835/2063/1902
f 1846/2054/1893 2172/2059/1898 1835/2063/1902 1306/2055/1894
f 1256/2064/1903 1757/2065/1904 2173/2066/1905 1849/2067/1906
f 1757/2065/1904 1287/2049/1888 1847/2052/1891 2173/2066/1905
f 2173/2066/1905 1847/2052/1891 1310/2057/1896 1834/2068/1907
f 1849/2067/1906 2173/2066/1905 1834/2068/1907 1305/2069/1908
f 1254/1837/1676 1754/2070/1909 2174/2071/1910 1841/2027/1866
f 1754/2070/1909 1256/2064/1903 1849/2067/1906 2174/2071/1910
f 2174/2071/1910 1849/2067/1906 1305/2069/1908 1833/2072/1911
f 1841/2027/1866 2174/2071/1910 1833/2072/1911 1304/2028/1867
f 1293/2060/1899 1814/2073/1912 2175/2074/1913 1848/2061/1900
f 1814/2073/1912 1260/2040/1879 1845/2043/1882 2175/2074/1913
f 2175/2074/1913 1845/2043/1882 1307/2048/1887 1839/2075/1914
f 1848/2061/1900 2175/2074/1913 1839/2075/1914 1311/2062/1901
f 1299/2044/1883 1824/2076/1915 2176/2077/1916 1844/2045/1884
f 1824/2076/1915 1262/2078/1917 1843/2079/1918 2176/2077/1916
f 2176/2077/1916 1843/2079/1918 1308/2080/1919 1840/2081/1920
f 1844/2045/1884 2176/2077/1916 1840/2081/1920 1312/2046/1885
f 1312/2046/1885 1840/2081/1920 2177/2082/1921 1851/2083/1922
f 1840/2081/1920 1308/2080/1919 1850/2084/1923 2177/2082/1921
f 2177/2082/1921 1850/2084/1923 1318/2085/1924 1465/2086/1925
f 1851/2083/1922 2177/2082/1921 1465/2086/1925 1322/2087/1926
f 1345/2039/1878 1889/2038/1877 2178/2088/1927 1892/2089/1928
f 1889/2038/1877 1309/2037/1876 1852/2090/1929 2178/2088/1927
f 2178/2088/1927 1852/2090/1929 1319/2091/1930 1471/2092/1931
f 1892/2089/1928 2178/2088/1927 1471/2092/1931 1346/2093/1932
f 1305/2069/1908 1834/2068/1907 2179/2094/1933 1854/2095/1934
f 1834/2068/1907 1310/2057/1896 1853/2096/1935 2179/2094/1933
f 2179/2094/1933 1853/2096/1935 1320/2097/1936 1459/2098/1937
f 1854/2095/1934 2179/2094/1933 1459/2098/1937 1315/2099/1938
f 1310/2057/1896 1838/2056/1895 2180/2100/1939 1853/2096/1935
f 1838/2056/1895 1306/2055/1894 1855/2101/1940 2180/2100/1939
f 2180/2100/1939 1855/2101/1940 1316/2102/1941 1463/2103/1942
f 1853/2096/1935 2180/2100/1939 1463/2103/1942 1320/2097/1936
f 1306/2055/1894 1835/2063/1902 2181/2104/1943 1855/2101/1940
f 1835/2063/1902 1311/2062/1901 1856/2105/1944 2181/2104/1943
f 2181/2104/1943 1856/2105/1944 1321/2106/1945 1460/2107/1946
f 1855/2101/1940 2181/2104/1943 1460/2107/1946 1316/2102/1941
f 1354/2030/1869 1904/2029/1868 2182/2108/1947 1911/2109/1948
f 1904/2029/1868 1304/2028/1867 1857/2110/1949 2182/2108/1947
f 2182/2108/1947 1857/2110/1949 1313/2111/1950 1472/2112/1951
f 1911/2109/1948 2182/2108/1947 1472/2112/1951 1355/2113/1952
f 1311/2062/1901 1839/2075/1914 2183/2114/1953 1856/2105/1944
f 1839/2075/1914 1307/2048/1887 1858/2115/1954 2183/2114/1953
f 2183/2114/1953 1858/2115/1954 1317/2116/1955 1464/2117/1956
f 1856/2105/1944 2183/2114/1953 1464/2117/1956 1321/2106/1945
f 1307/2048/1887 1836/2047/1886 2184/2118/1957 1858/2115/1954
f 1836/2047/1886 1312/2046/1885 1851/2083/1922 2184/2118/1957
f 2184/2118/1957 1851/2083/1922 1322/2087/1926 1461/2119/1958
f 1858/2115/1954 2184/2118/1957 1461/2119/1958 1317/2116/1955
f 1304/2028/1867 1833/2072/1911 2185/2120/1959 1857/2110/1949
f 1833/2072/1911 1305/2069/1908 1854/2095/1934 2185/2120/1959
f 2185/2120/1959 1854/2095/1934 1315/2099/1938 1458/2121/1960
f 1857/2110/1949 2185/2120/1959 1458/2121/1960 1313/2111/1950
f 1260/2040/1879 1758/2122/1961 2186/2123/1962 1763/2041/1880
f 1758/2122/1961 1326/1864/1703 1868/2024/1863 2186/2123/1962
f 2186/2123/1962 1868/2024/1863 1331/1865/1704 1832/2124/1963
f 1763/2041/1880 2186/2123/1962 1832/2124/1963 1299/2044/1883
f 1258/2053/1892 1755/2125/1964 2187/2126/1965 1760/2058/1897
f 1755/2125/1964 1325/1855/1694 1869/2014/1853 2187/2126/1965
f 2187/2126/1965 1869/2014/1853 1330/1856/1695 1822/2127/1966
f 1760/2058/1897 2187/2126/1965 1822/2127/1966 1293/2060/1899
f 1256/2064/1903 1752/2128/1967 2188/2129/1968 1757/2065/1904
f 1752/2128/1967 1324/1846/1685 1870/2004/1843 2188/2129/1968
f 2188/2129/1968 1870/2004/1843 1329/1847/1686 1812/2130/1969
f 1757/2065/1904 2188/2129/1968 1812/2130/1969 1287/2049/1888
f 1340/2031/1870 1891/2131/1970 2189/2132/1971 1885/2032/1871
f 1891/2131/1970 1347/1874/1713 1871/1877/1716 2189/2132/1971
f 2189/2132/1971 1871/1877/1716 1328/1882/1721 1764/2133/1972
f 1885/2032/1871 2189/2132/1971 1764/2133/1972 1264/2035/1874
f 1299/2044/1883 1832/2124/1963 2190/2134/1973 1824/2076/1915
f 1832/2124/1963 1331/1865/1704 1872/1868/1707 2190/2134/1973
f 2190/2134/1973 1872/1868/1707 1327/1873/1712 1761/2135/1974
f 1824/2076/1915 2190/2134/1973 1761/2135/1974 1262/2078/1917
f 1293/2060/1899 1822/2127/1966 2191/2136/1975 1814/2073/1912
f 1822/2127/1966 1330/1856/1695 1873/1859/1698 2191/2136/1975
f 2191/2136/1975 1873/1859/1698 1326/1864/1703 1758/2122/1961
f 1814/2073/1912 2191/2136/1975 1758/2122/1961 1260/2040/1879
f 1287/2049/1888 1812/2130/1969 2192/2137/1976 1804/2050/1889
f 1812/2130/1969 1329/1847/1686 1874/1850/1689 2192/2137/1976
f 2192/2137/1976 1874/1850/1689 1325/1855/1694 1755/2125/1964
f 1804/2050/1889 2192/2137/1976 1755/2125/1964 1258/2053/1892
f 1254/1837/1676 1751/1836/1675 2193/2138/1977 1754/2070/1909
f 1751/1836/1675 1323/1835/1674 1875/1842/1681 2193/2138/1977
f 2193/2138/1977 1875/1842/1681 1324/1846/1685 1752/2128/1967
f 1754/2070/1909 2193/2138/1977 1752/2128/1967 1256/2064/1903
f 1351/1830/1669 1901/1829/1668 2194/2139/1978 1910/2140/1979
f 1901/1829/1668 1253/1828/1667 1859/1840/1679 2194/2139/1978
f 2194/2139/1978 1859/1840/1679 1323/1835/1674 1905/1832/1671
f 1910/2140/1979 2194/2139/1978 1905/1832/1671 1356/1831/1670
f 1281/1897/1736 1793/1896/1735 2195/2141/1980 1876/2142/1981
f 1793/1896/1735 1265/1257/1212 1635/1503/1458 2195/2141/1980
f 2195/2141/1980 1635/1503/1458 1333/1502/1457 1469/2143/1982
f 1876/2142/1981 2195/2141/1980 1469/2143/1982 1336/2144/1983
f 1266/1889/1728 1767/1985/1824 2196/2145/1984 1877/2146/1985
f 1767/1985/1824 1281/1897/1736 1876/2142/1981 2196/2145/1984
f 2196/2145/1984 1876/2142/1981 1336/2144/1983 1466/2147/1986
f 1877/2146/1985 2196/2145/1984 1466/2147/1986 1334/2148/1987
f 1263/1880/1719 1789/1961/1800 2197/2149/1988 1879/2150/1989
f 1789/1961/1800 1267/1891/1730 1878/2151/1990 2197/2149/1988
f 2197/2149/1988 1878/2151/1990 1335/2152/1991 1468/2153/1992
f 1879/2150/1989 2197/2149/1988 1468/2153/1992 1332/2154/1993
f 1267/1891/1730 1768/1890/1729 2198/2155/1994 1878/2151/1990
f 1768/1890/1729 1266/1889/1728 1877/2146/1985 2198/2155/1994
f 2198/2155/1994 1877/2146/1985 1334/2148/1987 1467/2156/1995
f 1878/2151/1990 2198/2155/1994 1467/2156/1995 1335/2152/1991
f 1328/1882/1721 1864/1881/1720 2199/2157/1996 1764/2133/1972
f 1864/1881/1720 1263/1880/1719 1880/2158/1997 2199/2157/1996
f 2199/2157/1996 1880/2158/1997 1309/2037/1876 1842/2036/1875
f 1764/2133/1972 2199/2157/1996 1842/2036/1875 1264/2035/1874
f 1309/2037/1876 1880/2158/1997 2200/2159/1998 1852/2090/1929
f 1880/2158/1997 1263/1880/1719 1879/2150/1989 2200/2159/1998
f 2200/2159/1998 1879/2150/1989 1332/2154/1993 1470/2160/1999
f 1852/2090/1929 2200/2159/1998 1470/2160/1999 1319/2091/1930
f 2221/2161/2000 2238/2162/2001 1922/1992/1831 1936/2163/2002
f 1924/2164/2003 2237/2165/2004 2201/2166/2005 1932/2167/2006
f 2201/2168/2005 2264/2169/2007 1952/2170/2008 1932/2171/2006
f 1936/2172/2002 1946/2173/2009 2241/2174/2010 2221/2175/2000
f 1358/1821/1660 1907/1820/1659 2202/2176/2011 1908/2177/2012
f 1907/1820/1659 1252/1819/1658 1883/2178/2013 2202/2176/2011
f 2202/2176/2011 1883/2178/2013 1338/1826/1665 1900/1823/1662
f 1908/2177/2012 2202/2176/2011 1900/1823/1662 1350/1822/1661
f 1252/1819/1658 1881/1818/1657 2203/2179/2014 1883/2178/2013
f 1881/1818/1657 1251/1817/1656 1882/2180/2015 2203/2179/2014
f 2203/2179/2014 1882/2180/2015 1337/1946/1785 1749/1943/1782
f 1883/2178/2013 2203/2179/2014 1749/1943/1782 1338/1826/1665
f 1923/2181/2016 2233/2182/2017 2204/2183/2018 1940/2184/2019
f 1937/2185/2020 1351/1830/1669 1910/2140/1979 2204/2183/2018
f 2204/2183/2018 1910/2140/1979 1356/1831/1670 1940/2184/2019
f 2234/2186/2021 1918/2187/2022 1928/2188/2023 2208/2189/2024
f 1348/1548/1499 1913/2190/2025 2205/1173/1128 1688/1161/1116
f 1913/2190/2025 1353/2191/2026 1928/2188/2023 2205/1173/1128
f 2231/1987/1826 1920/2192/2027 1929/1990/1829 2152/1988/1827
f 1918/2187/2022 2230/1172/1127 2205/1173/1128 1928/2188/2023
f 1921/2193/2028 2232/1991/1830 2206/1994/1833 1937/2185/2020
f 1935/1993/1832 1350/1822/1661 1915/1825/1664 2206/1994/1833
f 2206/1994/1833 1915/1825/1664 1351/1830/1669 1937/2185/2020
f 2233/2182/2017 1921/2193/2028 1937/2185/2020 2204/2183/2018
f 1922/1992/1831 2238/2162/2001 2207/2194/2029 1935/1993/1832
f 1930/1989/1828 1358/1821/1660 1908/2177/2012 2207/2194/2029
f 2207/2194/2029 1908/2177/2012 1350/1822/1661 1935/1993/1832
f 1925/1803/1645 1943/2195/2030 2274/1806/1648 2123/1804/1646
f 1353/2191/2026 1917/2196/2031 2208/2189/2024 1928/2188/2023
f 1917/2196/2031 1349/2197/2032 1931/2198/2033 2208/2189/2024
f 2235/2199/2034 1926/2200/2035 1941/2201/2036 2210/2202/2037
f 1924/2164/2003 2234/2186/2021 2208/2189/2024 1931/2198/2033
f 2211/2203/2038 2232/1991/1830 1921/2193/2028 1939/2204/2039
f 1920/2192/2027 2231/1987/1826 2209/2205/2040 1933/2206/2041
f 2209/2207/2040 2250/2208/2042 1951/2209/2043 1933/2210/2041
f 1939/2211/2039 1949/2212/2044 2254/2213/2045 2211/2214/2038
f 1925/1803/1645 2235/2199/2034 2210/2202/2037 1943/2195/2030
f 1941/2201/2036 1352/1839/1678 1912/2026/1865 2210/2202/2037
f 2210/2202/2037 1912/2026/1865 1354/2030/1869 1943/2195/2030
f 2236/2215/2046 1923/2181/2016 1940/2184/2019 2223/2216/2047
f 2227/2217/2048 2233/2182/2017 1923/2181/2016 1938/2218/2049
f 1922/1992/1831 2232/1991/1830 2211/2203/2038 1936/2163/2002
f 2211/2214/2038 2254/2213/2045 1946/2173/2009 1936/2172/2002
f 1932/2171/2006 1952/2170/2008 2259/2219/2050 2212/2220/2051
f 2224/2221/2052 2235/2199/2034 1925/1803/1645 1944/1805/1647
f 1918/2187/2022 2234/2186/2021 2212/2222/2051 1927/2223/1581
f 2212/2220/2051 2259/2219/2050 1950/1678/1582 1927/1677/1581
f 1933/2210/2041 1951/2209/2043 2264/2169/2007 2201/2168/2005
f 1262/2078/1917 1761/2135/1974 2213/2224/2053 1766/2225/2054
f 1761/2135/1974 1327/1873/1712 1890/2226/2055 2213/2224/2053
f 2213/2224/2053 1890/2226/2055 1347/1874/1713 1891/2131/1970
f 1766/2225/2054 2213/2224/2053 1891/2131/1970 1340/2031/1870
f 1308/2080/1919 1837/2227/2056 2214/2228/2057 1850/2084/1923
f 1837/2227/2056 1345/2039/1878 1892/2089/1928 2214/2228/2057
f 2214/2228/2057 1892/2089/1928 1346/2093/1932 1462/2229/2058
f 1850/2084/1923 2214/2228/2057 1462/2229/2058 1318/2085/1924
f 1262/2078/1917 1766/2225/2054 2215/2230/2059 1843/2079/1918
f 1766/2225/2054 1340/2031/1870 1893/2034/1873 2215/2230/2059
f 2215/2230/2059 1893/2034/1873 1345/2039/1878 1837/2227/2056
f 1843/2079/1918 2215/2230/2059 1837/2227/2056 1308/2080/1919
f 1268/1910/1749 1773/1982/1821 2216/2231/2060 1886/2232/2061
f 1773/1982/1821 1282/1903/1742 1888/2233/2062 2216/2231/2060
f 2216/2231/2060 1888/2233/2062 1344/1892/1731 1894/1983/1822
f 1886/2232/2061 2216/2231/2060 1894/1983/1822 1341/1887/1726
f 1261/1871/1710 1788/1964/1803 2217/2234/2063 1884/2235/2064
f 1788/1964/1803 1269/1912/1751 1772/2236/2065 2217/2234/2063
f 2217/2234/2063 1772/2236/2065 1343/1883/1722 1895/1959/1798
f 1884/2235/2064 2217/2234/2063 1895/1959/1798 1339/1878/1717
f 1282/1903/1742 1794/1902/1741 2218/2237/2066 1888/2233/2062
f 1794/1902/1741 1270/1266/1221 1646/1595/1540 2218/2237/2066
f 2218/2237/2066 1646/1595/1540 1342/1259/1214 1896/1893/1732
f 1888/2233/2062 2218/2237/2066 1896/1893/1732 1344/1892/1731
f 1269/1912/1751 1774/1911/1750 2219/2238/2067 1772/2236/2065
f 1774/1911/1750 1268/1910/1749 1886/2232/2061 2219/2238/2067
f 2219/2238/2067 1886/2232/2061 1341/1887/1726 1897/1884/1723
f 1772/2236/2065 2219/2238/2067 1897/1884/1723 1343/1883/1722
f 1327/1873/1712 1863/1872/1711 2220/2239/2068 1890/2226/2055
f 1863/1872/1711 1261/1871/1710 1884/2235/2064 2220/2239/2068
f 2220/2239/2068 1884/2235/2064 1339/1878/1717 1898/1875/1714
f 1890/2226/2055 2220/2239/2068 1898/1875/1714 1347/1874/1713
f 1950/1678/1582 1966/2240/2069 2268/2241/2070 2246/1679/1583
f 1919/1986/1825 2238/2162/2001 2221/2161/2000 1934/2242/2071
f 2221/2175/2000 2241/2174/2010 1945/2243/2072 1934/2244/2071
f 1942/2245/2073 1948/2246/2074 2243/2247/2075 2226/2248/2076
f 1251/1817/1656 1906/1814/1653 2222/2249/2077 1882/2180/2015
f 1906/1814/1653 1357/1813/1652 1909/2250/2078 2222/2249/2077
f 2222/2249/2077 1909/2250/2078 1349/2197/2032 1899/2251/2079
f 1882/2180/2015 2222/2249/2077 1899/2251/2079 1337/1946/1785
f 1926/2200/2035 2236/2215/2046 2223/2216/2047 1941/2201/2036
f 1940/2184/2019 1356/1831/1670 1914/1834/1673 2223/2216/2047
f 2223/2216/2047 1914/1834/1673 1352/1839/1678 1941/2201/2036
f 2237/2165/2004 1924/2164/2003 1931/2198/2033 2228/2252/2080
f 2226/2253/2076 2236/2215/2046 1926/2200/2035 1942/2254/2073
f 1926/2200/2035 2235/2199/2034 2224/2221/2052 1942/2254/2073
f 2224/2255/2052 2248/2256/2081 1948/2246/2074 1942/2245/2073
f 1918/2187/2022 1927/2223/1581 2239/2257/1584 2230/1172/1127
f 1250/1330/1285 1792/1952/1791 2225/2258/2082 1507/1619/1560
f 1792/1952/1791 1280/1951/1790 1903/2259/2083 2225/2258/2082
f 2225/2258/2082 1903/2259/2083 1353/2191/2026 1913/2190/2025
f 1507/1619/1560 2225/2258/2082 1913/2190/2025 1348/1548/1499
f 2201/2166/2005 2237/2165/2004 1920/2192/2027 1933/2206/2041
f 1923/2181/2016 2236/2215/2046 2226/2253/2076 1938/2218/2049
f 2226/2248/2076 2243/2247/2075 1947/2260/2084 1938/2261/2049
f 2227/2262/2048 2245/2263/2085 1949/2212/2044 1939/2211/2039
f 1921/2193/2028 2233/2182/2017 2227/2217/2048 1939/2204/2039
f 1314/2264/1651 1497/2265/2086 2248/2256/2081 2224/2255/2052 1944/2266/1647
f 1938/2261/2049 1947/2260/2084 2245/2263/2085 2227/2262/2048
f 2212/2222/2051 2234/2186/2021 1924/2164/2003 1932/2167/2006
f 1357/1813/1652 1929/1990/1829 2228/2252/2080 1909/2250/2078
f 2238/2162/2001 1919/1986/1825 1930/1989/1828 2207/2194/2029
f 1920/2192/2027 2237/2165/2004 2228/2252/2080 1929/1990/1829
f 1909/2250/2078 2228/2252/2080 1931/2198/2033 1349/2197/2032
f 1280/1951/1790 1748/1971/1810 2229/2267/2087 1903/2259/2083
f 1748/1971/1810 1337/1946/1785 1899/2251/2079 2229/2267/2087
f 2229/2267/2087 1899/2251/2079 1349/2197/2032 1917/2196/2031
f 1903/2259/2083 2229/2267/2087 1917/2196/2031 1353/2191/2026
f 2230/1172/1127 2239/2257/1584 1686/1628/1566 1677/1162/1117
f 2209/2205/2040 2231/1987/1826 1919/1986/1825 1934/2242/2071
f 2239/1680/1584 2246/1679/1583 1711/1630/1567 1686/1629/1566
f 1934/2244/2071 1945/2243/2072 2250/2208/2042 2209/2207/2040
f 1315/2268/1938 1459/2269/1937 2240/2270/1568 1489/2271/1568
f 1459/2269/1937 1320/2272/1936 1490/2273/1568 2240/2270/1568
f 2240/2270/1568 1490/2273/1568 1366/2274/1568 1475/2275/1568
f 1489/2271/1568 2240/2270/1568 1475/2275/1568 1361/2276/1568
f 2241/2174/2010 2273/2277/2088 1969/2278/2089 1945/2243/2072
f 1948/2246/2074 1965/2279/2090 2266/2280/2091 2243/2247/2075
f 1316/2281/1941 1460/2282/1946 2242/2283/2092 1491/2284/1568
f 1460/2282/1946 1321/2285/1945 1492/2286/1572 2242/2283/2092
f 2242/2283/2092 1492/2286/1572 1367/2287/1572 1476/2288/1572
f 1491/2284/1568 2242/2283/2092 1476/2288/1572 1362/2289/1568
f 2243/2247/2075 2266/2280/2091 1964/2290/2093 1947/2260/2084
f 2245/2263/2085 2269/2291/2094 1963/2292/2095 1949/2212/2044
f 1317/2293/1955 1461/2294/1958 2244/2295/1568 1493/2296/1568
f 1461/2294/1958 1322/2297/1926 1494/2298/1568 2244/2295/1568
f 2244/2295/1568 1494/2298/1568 1368/2299/1568 1477/2300/1568
f 1493/2296/1568 2244/2295/1568 1477/2300/1568 1363/2301/1568
f 1360/2302/2096 1505/2303/2097 2272/2304/2098 2248/2256/2081 1497/2265/2086
f 1947/2260/2084 1964/2290/2093 2269/2291/2094 2245/2263/2085
f 2246/1679/1583 2268/2241/2070 1729/1667/1579 1711/1630/1567
f 1945/2243/2072 1969/2278/2089 2271/2305/2099 2250/2208/2042
f 1318/2306/1924 1462/2307/2058 2247/2308/1568 1495/2309/1568
f 1462/2307/2058 1346/2310/1932 1496/2311/2100 2247/2308/1568
f 2247/2308/1568 1496/2311/2100 1374/2312/1572 1478/2313/1568
f 1495/2309/1568 2247/2308/1568 1478/2313/1568 1364/2314/1568
f 2248/2256/2081 2272/2304/2098 1965/2279/2090 1948/2246/2074
f 1334/2315/1987 1466/2316/1986 2249/2317/1568 1498/2318/1568
f 1466/2316/1986 1336/2319/1983 1499/2320/1568 2249/2317/1568
f 2249/2317/1568 1499/2320/1568 1373/2321/1568 1482/2322/1568
f 1498/2318/1568 2249/2317/1568 1482/2322/1568 1371/2323/1568
f 2250/2208/2042 2271/2305/2099 1968/2324/2101 1951/2209/2043
f 1949/2212/2044 1963/2292/2095 2265/2325/2102 2254/2213/2045
f 1346/2310/1932 1471/2326/1931 2251/2327/2103 1496/2311/2100
f 1471/2326/1931 1319/2328/1930 1500/2329/1568 2251/2327/2103
f 2251/2327/2103 1500/2329/1568 1365/2330/1568 1487/2331/1568
f 1496/2311/2100 2251/2327/2103 1487/2331/1568 1374/2312/1572
f 1320/2272/1936 1463/2332/1942 2252/2333/1568 1490/2273/1568
f 1463/2332/1942 1316/2281/1941 1491/2284/1568 2252/2333/1568
f 2252/2333/1568 1491/2284/1568 1362/2289/1568 1479/2334/1568
f 1490/2273/1568 2252/2333/1568 1479/2334/1568 1366/2274/1568
f 1335/2335/1991 1467/2336/1995 2253/2337/1568 1501/2338/1568
f 1467/2336/1995 1334/2315/1987 1498/2318/1568 2253/2337/1568
f 2253/2337/1568 1498/2318/1568 1371/2323/1568 1483/2339/1568
f 1501/2338/1568 2253/2337/1568 1483/2339/1568 1372/2340/1568
f 2254/2213/2045 2265/2325/2102 1962/2341/2104 1946/2173/2009
f 1952/2170/2008 1967/2342/2105 2267/2343/2106 2259/2219/2050
f 1355/2344/1952 1472/2345/1951 2255/2346/1568 1502/2347/1568
f 1472/2345/1951 1313/2348/1950 1503/2349/1568 2255/2346/1568
f 2255/2346/1568 1503/2349/1568 1359/2350/1568 1488/2351/1568
f 1502/2347/1568 2255/2346/1568 1488/2351/1568 1375/2352/1568
f 1321/2285/1945 1464/2353/1956 2256/2354/2107 1492/2286/1572
f 1464/2353/1956 1317/2293/1955 1493/2296/1568 2256/2354/2107
f 2256/2354/2107 1493/2296/1568 1363/2301/1568 1480/2355/1568
f 1492/2286/1572 2256/2354/2107 1480/2355/1568 1367/2287/1572
f 1314/1812/1651 1457/1811/1650 2257/2356/1568 1497/2357/2086
f 1457/1811/1650 1506/2358/1649 2257/2356/1568
f 1355/2344/1952 1502/2347/1568 2257/2356/1568 1506/2358/1649
f 1375/2352/1568 1473/2359/1568 2257/2356/1568 1502/2347/1568
f 1360/2360/2096 1497/2357/2086 2257/2356/1568 1473/2359/1568
f 1332/2361/1993 1468/2362/1992 2258/2363/1568 1504/2364/1568
f 1468/2362/1992 1335/2335/1991 1501/2338/1568 2258/2363/1568
f 2258/2363/1568 1501/2338/1568 1372/2340/1568 1484/2365/1568
f 1504/2364/1568 2258/2363/1568 1484/2365/1568 1369/2366/1568
f 2259/2219/2050 2267/2343/2106 1966/2240/2069 1950/1678/1582
f 1951/2209/2043 1968/2324/2101 2270/2367/2108 2264/2169/2007
f 1319/2328/1930 1470/2368/1999 2260/2369/1568 1500/2329/1568
f 1470/2368/1999 1332/2361/1993 1504/2364/1568 2260/2369/1568
f 2260/2369/1568 1504/2364/1568 1369/2366/1568 1486/2370/1568
f 1500/2329/1568 2260/2369/1568 1486/2370/1568 1365/2330/1568
f 1322/2297/1926 1465/2371/1925 2261/2372/1568 1494/2298/1568
f 1465/2371/1925 1318/2306/1924 1495/2309/1568 2261/2372/1568
f 2261/2372/1568 1495/2309/1568 1364/2314/1568 1481/2373/1568
f 1494/2298/1568 2261/2372/1568 1481/2373/1568 1368/2299/1568
f 1313/2348/1950 1458/2374/1960 2262/2375/1568 1503/2349/1568
f 1458/2374/1960 1315/2268/1938 1489/2271/1568 2262/2375/1568
f 2262/2375/1568 1489/2271/1568 1361/2276/1568 1474/2376/1568
f 1503/2349/1568 2262/2375/1568 1474/2376/1568 1359/2350/1568
f 1336/2319/1983 1469/2377/1982 2263/2378/1568 1499/2320/1568
f 1469/2377/1982 1333/1750/1457 1454/1749/1568 2263/2378/1568
f 2263/2378/1568 1454/1749/1568 1370/1748/1568 1485/2379/1568
f 1499/2320/1568 2263/2378/1568 1485/2379/1568 1373/2321/1568
f 2264/2169/2007 2270/2367/2108 1967/2342/2105 1952/2170/2008
f 1946/2173/2009 1962/2341/2104 2273/2277/2088 2241/2174/2010
f 2265/2325/2102 1963/2292/2095 1380/2380/2109 1955/2381/2110
f 1962/2341/2104 2265/2325/2102 1955/2381/2110 1383/2382/2111
f 2266/2280/2091 1965/2279/2090 1384/1799/1641 1959/1802/1644
f 1964/2290/2093 2266/2280/2091 1959/1802/1644 1385/2383/2112
f 2267/2343/2106 1967/2342/2105 1382/2384/2113 1956/2385/2114
f 1966/2240/2069 2267/2343/2106 1956/2385/2114 1381/2386/2115
f 2268/2241/2070 1966/2240/2069 1381/2386/2115 1953/2387/2116
f 1729/1667/1579 2268/2241/2070 1953/2387/2116 1377/1757/1599
f 2269/2291/2094 1964/2290/2093 1385/2383/2112 1960/2388/2117
f 1963/2292/2095 2269/2291/2094 1960/2388/2117 1380/2380/2109
f 2270/2367/2108 1968/2324/2101 1378/2389/2118 1957/2390/2119
f 1967/2342/2105 2270/2367/2108 1957/2390/2119 1382/2384/2113
f 2271/2305/2099 1969/2278/2089 1379/2391/2120 1954/2392/2121
f 1968/2324/2101 2271/2305/2099 1954/2392/2121 1378/2389/2118
f 2272/2304/2098 1505/2303/2097 1376/2393/2122 1961/2394/2123
f 1965/2279/2090 2272/2304/2098 1961/2394/2123 1384/1799/1641
f 2273/2277/2088 1962/2341/2104 1383/2382/2111 1958/2395/2124
f 1969/2278/2089 2273/2277/2088 1958/2395/2124 1379/2391/2120
f 1382/2384/2113 1392/2396/2125 1973/2397/2126 1956/2385/2114
f 1959/1802/1644 1976/1801/1643 1395/2398/2127 1385/2383/2112
f 1391/2399/2128 1970/2400/2129 1953/2387/2116 1381/2386/2115
f 1956/2385/2114 1973/2397/2126 1391/2399/2128 1381/2386/2115
f 1395/2398/2127 1977/2401/2130 1960/2388/2117 1385/2383/2112
f 1953/2387/2116 1970/2400/2129 1387/1770/1612 1377/1757/1599
f 1378/2389/2118 1388/2402/2131 1974/2403/2132 1957/2390/2119
f 1960/2388/2117 1977/2401/2130 1390/2404/2133 1380/2380/2109
f 1379/2391/2120 1389/2405/2134 1971/2406/2135 1954/2392/2121
f 1957/2390/2119 1974/2403/2132 1392/2396/2125 1382/2384/2113
f 1376/2393/2122 1386/2407/2136 1978/2408/2137 1961/2394/2123
f 1954/2392/2121 1971/2406/2135 1388/2402/2131 1378/2389/2118
f 1383/2382/2111 1393/2409/2138 1975/2410/2139 1958/2395/2124
f 1961/2394/2123 1978/2408/2137 1394/1800/1642 1384/1799/1641
f 1390/2404/2133 1972/2411/2140 1955/2381/2110 1380/2380/2109
f 1958/2395/2124 1975/2410/2139 1389/2405/2134 1379/2391/2120
f 1395/2398/2127 1405/2412/2141 1986/2413/2142 1977/2401/2130
f 1955/2381/2110 1972/2411/2140 1393/2409/2138 1383/2382/2111
f 1388/2402/2131 1398/2414/2143 1983/2415/2144 1974/2403/2132
f 1977/2401/2130 1986/2413/2142 1400/2416/2145 1390/2404/2133
f 1389/2405/2134 1399/2417/2146 1980/2418/2147 1971/2406/2135
f 1974/2403/2132 1983/2415/2144 1402/2419/2148 1392/2396/2125
f 1386/2407/2136 1396/2420/2149 1987/2421/2150 1978/2408/2137
f 1971/2406/2135 1980/2418/2147 1398/2414/2143 1388/2402/2131
f 1393/2409/2138 1403/2422/2151 1984/2423/2152 1975/2410/2139
f 1978/2408/2137 1987/2421/2150 1404/2424/2153 1394/1800/1642
f 1400/2416/2145 1981/2425/2154 1972/2411/2140 1390/2404/2133
f 1975/2410/2139 1984/2423/2152 1399/2417/2146 1389/2405/2134
f 1404/2424/2153 1985/2426/2155 1976/1801/1643 1394/1800/1642
f 1972/2411/2140 1981/2425/2154 1403/2422/2151 1393/2409/2138
f 1402/2419/2148 1982/2427/2156 1973/2397/2126 1392/2396/2125
f 1976/1801/1643 1985/2426/2155 1405/2412/2141 1395/2398/2127
f 1401/2428/2157 1979/2429/2158 1970/2400/2129 1391/2399/2128
f 1973/2397/2126 1982/2427/2156 1401/2428/2157 1391/2399/2128
f 1970/2400/2129 1979/2429/2158 1397/1797/1639 1387/1770/1612
f 2274/1806/1648 1943/2195/2030 1354/2030/1869 1911/2109/1948
f 1506/1807/1649 2274/1806/1648 1911/2109/1948 1355/2113/1952
f 2089/1631/1558 2095/1598/1543 1712/1580/1527 1687/1579/1526
o strap
v 7.789023 2.452496 2.392481
v 9.664413 2.451978 1.940041
v 7.558452 11.027227 2.236598
v 10.433130 11.025725 1.432389
v 8.104807 20.003952 0.835467
v 10.778803 19.675056 0.135808
v 9.621746 26.524700 1.603772
v 11.197964 24.623955 0.633290
v 6.836692 31.512226 1.321875
v 7.662927 28.703255 1.326477
v 8.735258 2.370381 2.167340
v 9.009802 11.022415 1.858108
v 9.426846 19.825346 0.419741
v 10.408226 25.572475 1.110141
v 7.290380 30.112823 1.336824
v 10.318907 6.002371 1.821537
v 7.468808 6.003391 2.531152
v 8.896036 6.001851 2.182657
v 9.945057 3.279230 1.883413
v 7.519670 3.279996 2.470786
v 8.732138 3.279256 2.178243
v -5.337035 2.474051 2.401305
v -7.216717 2.476659 1.957042
v -4.639441 11.139400 2.257630
v -7.601950 11.151732 1.584519
v -5.027596 20.293640 2.567638
v -7.900995 19.965984 1.968492
v -5.833158 26.602741 2.723684
v -7.957252 24.753174 2.317704
v -2.171564 31.504719 1.553204
v -3.238548 28.726589 1.850629
v 2.421564 32.378952 1.249181
v 2.410971 29.447365 1.615584
v -6.285928 2.393373 2.180064
v -6.096651 11.146181 1.923260
v -6.439636 20.129776 2.300080
v -6.904114 25.676640 2.548718
v -2.697678 30.116501 1.688402
v 2.443829 30.915993 1.436695
v -7.787446 6.052108 1.833776
v -4.913858 6.045624 2.508078
v -6.345431 6.049109 2.171264
v -7.486220 3.308452 1.900999
v -5.053493 3.304650 2.475369
v -6.268094 3.306649 2.188258
v 9.267233 2.380665 2.038553
v 9.722717 11.023106 1.647882
v 9.837662 2.681015 1.895089
v 7.494939 7.999967 2.451677
v 10.098673 19.746859 0.262481
v 10.373672 15.380124 0.625902
v 7.519623 15.424699 1.375141
v 10.801352 25.097446 0.868527
v 11.362068 22.545383 0.374523
v 9.172752 23.601151 1.283794
v 7.486715 29.409382 1.335203
v 9.849340 26.879292 0.992276
v 8.743666 29.374603 1.538324
v 2.434464 30.182404 1.527247
v 5.113998 29.391850 1.503029
v 4.650164 32.313332 1.226317
v 8.201205 2.380953 2.295691
v 8.289238 11.023798 2.055614
v 8.762592 19.911106 0.610878
v 10.015968 26.048424 1.355882
v 7.073520 30.813705 1.332133
v 2.439247 31.648151 1.343973
v 4.918434 30.856846 1.374364
v 9.321274 28.130474 1.275254
v 10.256130 23.065601 0.794532
v 8.935643 15.392288 0.966220
v 8.959385 7.997522 2.088121
v 10.408028 7.998909 1.693240
v 7.483378 4.423460 2.521220
v 8.808393 4.422433 2.200240
v 9.607733 6.001858 2.003284
v 8.183163 6.002365 2.358739
v 10.132902 4.422556 1.874272
v 7.590338 2.681671 2.437729
v 8.714811 2.670711 2.167190
v 8.125877 3.279538 2.324829
v 9.338501 3.279153 2.031071
v -6.819156 2.404507 2.053677
v -6.843195 11.149099 1.754497
v -7.387583 2.706993 1.912802
v -4.814661 8.063108 2.393437
v -7.164284 20.047760 2.144517
v -7.399110 15.624228 1.616450
v -4.445295 15.649975 2.241540
v -7.433352 25.214352 2.446976
v -8.393473 22.745152 2.297599
v -5.827346 23.777416 2.967000
v -2.966836 29.421734 1.765634
v -6.032335 26.947464 2.061669
v -4.411436 29.391090 2.068587
v -0.374905 29.398335 1.736202
v 0.146074 32.306221 1.325532
v -5.750727 2.403041 2.306213
v -5.362406 11.142957 2.090925
v -5.727653 20.211819 2.439407
v -6.370429 26.139568 2.636959
v -2.432251 30.810844 1.617947
v -0.096476 30.853893 1.528204
v -5.224372 28.169804 2.039988
v -7.113644 23.259029 2.703751
v -5.868994 15.637970 1.936250
v -6.284903 8.067825 2.049726
v -7.774993 8.071782 1.704454
v -4.989332 4.454269 2.517735
v -6.317342 4.456851 2.204304
v -7.065103 6.050668 2.002629
v -5.628401 6.047429 2.339727
v -7.651101 4.459130 1.890576
v -5.134750 2.703758 2.445131
v -6.261144 2.695033 2.179126
v -5.660369 3.305674 2.331822
v -6.876705 3.307575 2.044656
v 8.229776 7.998260 2.274718
v 8.225419 15.406089 1.163104
v 9.712561 23.331657 1.031158
v 9.039919 28.753502 1.409281
v 4.792642 31.586056 1.302497
v 5.025844 30.125492 1.441385
v 9.590151 27.505661 1.136187
v 10.805428 22.803444 0.575514
v 9.651354 15.383666 0.786864
v 9.684740 7.997759 1.893245
v 9.470619 4.422352 2.037764
v 8.146015 4.422805 2.361428
v 8.145609 2.672673 2.304427
v 9.283792 2.672340 2.029561
v -5.547428 8.065567 2.221735
v -5.144666 15.644221 2.090337
v -6.471280 23.517845 2.847953
v -4.818129 28.780594 2.048032
v 0.029468 31.580475 1.426360
v -0.231509 30.126480 1.631382
v -5.629383 27.558739 2.044906
v -7.754275 23.001385 2.522349
v -6.620859 15.631286 1.778568
v -7.027416 8.069894 1.877321
v -6.983486 4.458028 2.047492
v -5.652649 4.455598 2.361039
v -5.690769 2.695932 2.313896
v -6.831758 2.697568 2.044294
v 7.869384 2.456823 2.736463
v 9.745956 2.456358 2.283785
v 7.639142 11.033485 2.582528
v 10.514193 11.032041 1.777849
v 8.190025 19.989964 1.181414
v 10.868402 19.670116 0.479672
v 9.835659 26.644054 1.871833
v 11.349962 24.676212 0.957674
v 6.857798 31.491943 0.969287
v 7.652037 28.695694 0.974065
v 8.816216 2.375760 2.511195
v 9.091132 11.028680 2.204420
v 9.514282 19.815506 0.764732
v 10.619987 25.686176 1.388222
v 7.310604 30.110348 0.984561
v 10.399153 6.012921 2.164808
v 7.548656 6.013460 2.874240
v 8.976067 6.011914 2.525795
v 10.026075 3.269265 2.227087
v 7.600318 3.270106 2.814416
v 8.812976 3.269528 2.521881
v -5.417763 2.478519 2.745729
v -7.298601 2.481151 2.301185
v -4.719228 11.146324 2.602827
v -7.681976 11.158525 1.929231
v -5.120955 20.279964 2.910271
v -7.996320 19.961239 2.309472
v -6.066561 26.719391 2.979281
v -8.122252 24.803722 2.629911
v -2.198075 31.484493 1.202013
v -3.227405 28.718822 1.496779
v 2.420049 32.327293 0.898752
v 2.409189 29.395229 1.264562
v -6.367220 2.398880 2.524334
v -6.176459 11.153025 2.268194
v -6.533761 20.120186 2.641594
v -7.131404 25.786934 2.807823
v -2.722475 30.113937 1.336682
v 2.442162 30.864101 1.086030
v -7.868412 6.062855 2.178043
v -4.994668 6.055964 2.852447
v -6.426322 6.059401 2.515594
v -7.567920 3.298525 2.245183
v -5.134912 3.294854 2.819643
v -6.349667 3.296985 2.532496
v 9.348492 2.385603 2.382350
v 9.803976 11.029488 1.993850
v 9.918974 2.676725 2.238892
v 7.574296 8.015053 2.794575
v 10.187490 19.740238 0.606901
v 10.456930 15.378408 0.972174
v 7.602002 15.420557 1.723182
v 11.038294 25.240433 1.119236
v 11.470011 22.552391 0.714808
v 9.277763 23.601421 1.624332
v 7.485919 29.397491 0.982204
v 10.130411 27.104576 1.019822
v 8.865283 29.447189 1.220593
v 2.432733 30.130371 1.176420
v 5.101150 29.345829 1.151078
v 4.652328 32.267776 0.874853
v 8.281878 2.385903 2.639605
v 8.370395 11.029947 2.401928
v 8.848717 19.898361 0.956382
v 10.210545 26.143658 1.647260
v 7.119249 30.822571 0.982774
v 2.437652 31.596409 0.993440
v 4.914123 30.811680 1.022567
v 9.579971 28.308208 1.133460
v 10.363930 23.069962 1.135054
v 9.018822 15.389254 1.313854
v 9.039036 8.012550 2.431161
v 10.487900 8.013838 2.036378
v 7.563774 4.419129 2.864715
v 8.888938 4.417985 2.543763
v 9.687868 6.011919 2.346484
v 8.263097 6.012431 2.701838
v 10.213621 4.418726 2.217899
v 7.670941 2.677274 2.781619
v 8.795755 2.669189 2.511050
v 8.206614 3.269757 2.668463
v 9.419445 3.269372 2.374722
v -6.900750 2.409565 2.397876
v -6.923073 11.156010 2.099314
v -7.469374 2.702773 2.257027
v -4.894642 8.078657 2.737833
v -7.259271 20.041351 2.485792
v -7.481894 15.623001 1.960979
v -4.527448 15.646522 2.587446
v -7.682600 25.352493 2.668979
v -8.511667 22.751793 2.630577
v -5.949278 23.777508 3.302354
v -2.968094 29.409782 1.412573
v -6.324817 27.167572 2.063337
v -4.544722 29.462749 1.749978
v -0.364682 29.352535 1.385143
v 0.140519 32.260761 0.974835
v -5.831746 2.408126 2.650554
v -5.442198 11.149727 2.435985
v -5.821136 20.199364 2.781304
v -6.583435 26.232361 2.915466
v -2.485873 30.819584 1.269762
v -0.095317 30.808876 1.177290
v -5.503847 28.344624 1.887793
v -7.234755 23.263027 3.037028
v -5.951218 15.635510 2.281346
v -6.364937 8.083261 2.394048
v -7.855168 8.087067 2.048692
v -5.070742 4.450068 2.862154
v -6.398852 4.452492 2.548690
v -7.146041 6.060938 2.346934
v -5.709248 6.057744 2.684079
v -7.732672 4.455365 2.234920
v -5.215886 2.699474 2.789524
v -6.342554 2.693614 2.523452
v -5.741861 3.295970 2.676085
v -6.958358 3.297843 2.388868
v 8.309286 8.013296 2.617686
v 8.308347 15.402177 1.511158
v 9.816946 23.331230 1.371901
v 9.313978 28.928165 1.298321
v 4.793598 31.542133 0.950703
v 5.016868 30.079220 1.089572
v 9.826311 27.684792 0.960051
v 10.917130 22.813614 0.915635
v 9.734600 15.381537 1.133838
v 9.764509 8.012783 2.236341
v 9.551252 4.417902 2.381331
v 8.226482 4.418356 2.704926
v 8.226311 2.670830 2.648322
v 9.364971 2.670529 2.373388
v -5.627426 8.081035 2.566096
v -5.226840 15.640926 2.435789
v -6.590841 23.517246 3.182436
v -5.118988 28.953026 1.931325
v 0.025061 31.536667 1.075456
v -0.225442 30.080402 1.280465
v -5.879368 27.734169 1.852213
v -7.877597 23.010967 2.854482
v -6.703270 15.629698 2.123379
v -7.107508 8.085300 2.221601
v -7.065039 4.453652 2.391858
v -5.734113 4.451258 2.705444
v -5.771954 2.694201 2.658274
v -6.913395 2.695848 2.388568
vt 0.000000 0.000000
vt 0.000000 0.000000
vt 0.000000 0.000000
vt 0.000000 0.000000
vt 0.000000 0.000000
vt 0.000000 0.000000
vt 0.000000 0.000000
vt 0.000000 0.000000
vt 0.000000 0.000000
vt 0.000000 0.000000
vt 0.000000 0.000000
vt 0.000000 0.000000
vt 0.000000 0.000000
vt 0.000000 0.000000
vt 0.000000 0.000000
vt 0.000000 0.000000
vt 0.000000 0.000000
vt 0.000000 0.000000
vt 0.000000 0.000000
vt 0.000000 0.000000
vt 0.000000 0.000000
vt 0.000000 0.000000
vt 0.000000 0.000000
vt 0.000000 0.000000
vt 0.000000 0.000000
vt 0.000000 0.000000
vt 0.000000 0.000000
vt 0.000000 0.000000
vt 0.000000 0.000000
vt 0.000000 0.000000
vt 0.000000 0.000000
vt 0.000000 0.000000
vt 0.000000 0.000000
vt 0.000000 0.000000
vt 0.000000 0.000000
vt 0.000000 0.000000
vt 0.000000 0.000000
vt 0.000000 0.000000
vt 0.000000 0.000000
vt 0.000000 0.000000
vt 0.000000 0.000000
vt 0.000000 0.000000
vt 0.000000 0.000000
vt 0.000000 0.000000
vt 0.000000 0.000000
vt 0.000000 0.000000
vt 0.000000 0.000000
vt 0.000000 0.000000
vt 0.000000 0.000000
vt 0.000000 0.000000
vt 0.000000 0.000000
vt 0.000000 0.000000
vt 0.000000 0.000000
vt 0.000000 0.000000
vt 0.000000 0.000000
vt 0.000000 0.000000
vt 0.000000 0.000000
vt 0.000000 0.000000
vt 0.000000 0.000000
vt 0.000000 0.000000
vt 0.000000 0.000000
vt 0.000000 0.000000
vt 0.000000 0.000000
vt 0.000000 0.000000
vt 0.000000 0.000000
vt 0.000000 0.000000
vt 0.000000 0.000000
vt 0.000000 0.000000
vt 0.000000 0.000000
vt 0.000000 0.000000
vt 0.000000 0.000000
vt 0.000000 0.000000
vt 0.000000 0.000000
vt 0.000000 0.000000
vt 0.000000 0.000000
vt 0.000000 0.000000
vt 0.000000 0.000000
vt 0.000000 0.000000
vt 0.000000 0.000000
vt 0.000000 0.000000
vt 0.000000 0.000000
vt 0.000000 0.000000
vt 0.000000 0.000000
vt 0.000000 0.000000
vt 0.000000 0.000000
vt 0.000000 0.000000
vt 0.000000 0.000000
vt 0.000000 0.000000
vt 0.000000 0.000000
vt 0.000000 0.000000
vt 0.000000 0.000000
vt 0.000000 0.000000
vt 0.000000 0.000000
vt 0.000000 0.000000
vt 0.000000 0.000000
vt 0.000000 0.000000
vt 0.000000 0.000000
vt 0.000000 0.000000
vt 0.000000 0.000000
vt 0.000000 0.000000
vt 0.000000 0.000000
vt 0.000000 0.000000
vt 0.000000 0.000000
vt 0.000000 0.000000
vt 0.000000 0.000000
vt 0.000000 0.000000
vt 0.000000 0.000000
vt 0.000000 0.000000
vt 0.000000 0.000000
vt 0.000000 0.000000
vt 0.000000 0.000000
vt 0.000000 0.000000
vt 0.000000 0.000000
vt 0.000000 0.000000
vt 0.000000 0.000000
vt 0.000000 0.000000
vt 0.000000 0.000000
vt 0.000000 0.000000
vt 0.000000 0.000000
vt 0.000000 0.000000
vt 0.000000 0.000000
vt 0.000000 0.000000
vt 0.000000 0.000000
vt 0.000000 0.000000
vt 0.000000 0.000000
vt 0.000000 0.000000
vt 0.000000 0.000000
vt 0.000000 0.000000
vt 0.000000 0.000000
vt 0.000000 0.000000
vt 0.000000 0.000000
vt 0.000000 0.000000
vt 0.000000 0.000000
vt 0.000000 0.000000
vt 0.000000 0.000000
vt 0.000000 0.000000
vt 0.000000 0.000000
vt 0.000000 0.000000
vt 0.000000 0.000000
vt 0.000000 0.000000
vt 0.000000 0.000000
vt 0.000000 0.000000
vt 0.000000 0.000000
vt 0.000000 0.000000
vt 0.000000 0.000000
vt 0.000000 0.000000
vt 0.000000 0.000000
vt 0.000000 0.000000
vt 0.000000 0.000000
vt 0.000000 0.000000
vt 0.000000 0.000000
vt 0.000000 0.000000
vt 0.000000 0.000000
vt 0.000000 0.000000
vt 0.000000 0.000000
vt 0.000000 0.000000
vt 0.000000 0.000000
vt 0.000000 0.000000
vt 0.000000 0.000000
vt 0.000000 0.000000
vt 0.000000 0.000000
vt 0.000000 0.000000
vt 0.000000 0.000000
vt 0.000000 0.000000
vt 0.000000 0.000000
vt 0.000000 0.000000
vt 0.000000 0.000000
vt 0.000000 0.000000
vt 0.000000 0.000000
vt 0.000000 0.000000
vt 0.000000 0.000000
vt 0.000000 0.000000
vt 0.000000 0.000000
vt 0.000000 0.000000
vt 0.000000 0.000000
vt 0.000000 0.000000
vt 0.000000 0.000000
vt 0.000000 0.000000
vt 0.000000 0.000000
vt 0.000000 0.000000
vt 0.000000 0.000000
vt 0.000000 0.000000
vt 0.000000 0.000000
vt 0.000000 0.000000
vt 0.000000 0.000000
vt 0.000000 0.000000
vt 0.000000 0.000000
vt 0.000000 0.000000
vt 0.000000 0.000000
vt 0.000000 0.000000
vt 0.000000 0.000000
vt 0.000000 0.000000
vt 0.000000 0.000000
vt 0.000000 0.000000
vt 0.000000 0.000000
vt 0.000000 0.000000
vt 0.000000 0.000000
vt 0.000000 0.000000
vt 0.000000 0.000000
vt 0.000000 0.000000
vt 0.000000 0.000000
vt 0.000000 0.000000
vt 0.000000 0.000000
vt 0.000000 0.000000
vt 0.000000 0.000000
vt 0.000000 0.000000
vt 0.000000 0.000000
vt 0.000000 0.000000
vt 0.000000 0.000000
vt 0.000000 0.000000
vt 0.000000 0.000000
vt 0.000000 0.000000
vt 0.000000 0.000000
vt 0.000000 0.000000
vt 0.000000 0.000000
vt 0.000000 0.000000
vt 0.000000 0.000000
vt 0.000000 0.000000
vt 0.000000 0.000000
vt 0.000000 0.000000
vt 0.000000 0.000000
vt 0.000000 0.000000
vt 0.000000 0.000000
vt 0.000000 0.000000
vt 0.000000 0.000000
vt 0.000000 0.000000
vt 0.000000 0.000000
vt 0.000000 0.000000
vt 0.000000 0.000000
vt 0.000000 0.000000
vt 0.000000 0.000000
vt 0.000000 0.000000
vt 0.000000 0.000000
vt 0.000000 0.000000
vt 0.000000 0.000000
vt 0.000000 0.000000
vt 0.000000 0.000000
vt 0.000000 0.000000
vt 0.000000 0.000000
vt 0.000000 0.000000
vt 0.000000 0.000000
vt 0.000000 0.000000
vt 0.000000 0.000000
vt 0.000000 0.000000
vt 0.000000 0.000000
vt 0.000000 0.000000
vt 0.000000 0.000000
vt 0.000000 0.000000
vt 0.000000 0.000000
vt 0.000000 0.000000
vt 0.000000 0.000000
vt 0.000000 0.000000
vt 0.000000 0.000000
vt 0.000000 0.000000
vt 0.000000 0.000000
vt 0.000000 0.000000
vt 0.000000 0.000000
vt 0.000000 0.000000
vt 0.000000 0.000000
vt 0.000000 0.000000
vt 0.000000 0.000000
vt 0.000000 0.000000
vt 0.000000 0.000000
vt 0.000000 0.000000
vt 0.000000 0.000000
vt 0.000000 0.000000
vt 0.000000 0.000000
vt 0.000000 0.000000
vt 0.000000 0.000000
vt 0.000000 0.000000
vt 0.000000 0.000000
vt 0.000000 0.000000
vt 0.000000 0.000000
vt 0.000000 0.000000
vt 0.000000 0.000000
vt 0.000000 0.000000
vt 0.000000 0.000000
vt 0.000000 0.000000
vt 0.000000 0.000000
vt 0.000000 0.000000
vt 0.000000 0.000000
vt 0.000000 0.000000
vt 0.000000 0.000000
vt 0.000000 0.000000
vt 0.000000 0.000000
vt 0.000000 0.000000
vt 0.000000 0.000000
vt 0.000000 0.000000
vt 0.000000 0.000000
vt 0.000000 0.000000
vn -0.2438 -0.0182 -0.9696
vn -0.2377 -0.0162 -0.9712
vn -0.2426 -0.0509 -0.9688
vn -0.2553 -0.0539 -0.9653
vn -0.8570 -0.0071 -0.5153
vn -0.8548 -0.0142 -0.5187
vn -0.8663 -0.0612 -0.4957
vn -0.2548 -0.1303 -0.9582
vn -0.2625 -0.1325 -0.9557
vn -0.2787 -0.1377 -0.9504
vn -0.2606 -0.1424 -0.9549
vn -0.8681 -0.0260 -0.4957
vn -0.8486 0.1732 -0.4999
vn -0.2967 0.0575 -0.9532
vn -0.2637 0.0437 -0.9636
vn -0.3299 0.1725 -0.9281
vn -0.3110 0.1562 -0.9375
vn -0.8748 0.2514 -0.4140
vn -0.9997 -0.0180 -0.0151
vn -0.6046 -0.0662 -0.7937
vn -0.6449 -0.1068 -0.7567
vn -0.8648 -0.3872 0.3196
vn -0.8208 -0.3984 0.4092
vn 0.0524 0.1576 0.9861
vn 0.3656 0.6336 0.6818
vn -0.1326 -0.0703 0.9886
vn -0.0540 -0.0486 0.9973
vn 0.0116 0.0870 0.9961
vn 0.0291 0.0840 0.9960
vn 0.1429 0.7940 0.5909
vn 0.0132 0.8011 0.5983
vn 0.0255 0.1232 0.9920
vn 0.0303 0.1201 0.9923
vn -0.2338 -0.6774 0.6975
vn 0.0121 -0.0352 0.9993
vn 0.0456 0.0793 0.9958
vn -0.0434 -0.5984 0.8000
vn 0.0359 0.1166 0.9925
vn 0.0308 -0.6065 0.7945
vn 0.2755 0.1817 -0.9439
vn -0.7136 -0.1857 -0.6754
vn -0.7495 -0.4207 0.5111
vn -0.6114 -0.4252 -0.6673
vn 0.4779 -0.0783 -0.8749
vn -0.2302 0.0293 -0.9727
vn -0.2926 0.1334 -0.9468
vn 0.5095 0.0497 -0.8590
vn 0.5239 -0.1152 -0.8440
vn -0.2647 -0.1324 -0.9552
vn -0.2395 -0.1416 -0.9605
vn 0.4947 -0.1529 -0.8555
vn 0.5297 -0.0830 -0.8441
vn -0.2485 -0.0221 -0.9684
vn -0.2641 -0.0591 -0.9626
vn 0.5179 -0.0757 -0.8521
vn 0.5138 -0.0994 -0.8521
vn -0.2367 0.0284 -0.9712
vn -0.2401 0.0164 -0.9706
vn 0.5244 -0.0911 -0.8466
vn -0.2356 0.0293 -0.9714
vn -0.2380 0.0183 -0.9711
vn -0.2344 0.0301 -0.9716
vn -0.2356 0.0193 -0.9716
vn -0.8557 -0.0386 -0.5160
vn -0.8563 -0.0048 -0.5164
vn -0.1624 -0.7222 -0.6723
vn -0.2238 -0.7299 -0.6459
vn -0.2336 0.0054 -0.9723
vn -0.2348 0.0040 -0.9720
vn -0.5045 -0.6809 -0.5309
vn -0.8235 -0.3093 -0.4755
vn 0.2353 -0.6727 -0.7015
vn -0.0931 -0.7309 -0.6761
vn -0.2359 0.0041 -0.9717
vn 0.5111 -0.3028 -0.8043
vn 0.2279 -0.0407 -0.9728
vn 0.2252 -0.0594 -0.9725
vn 0.2264 -0.0603 -0.9722
vn 0.2285 -0.0412 -0.9727
vn 0.2189 -0.0308 -0.9752
vn 0.2210 -0.0327 -0.9747
vn 0.8435 -0.0540 -0.5344
vn 0.8458 -0.0714 -0.5286
vn 0.8539 -0.0578 -0.5172
vn 0.2057 0.0475 -0.9774
vn 0.2042 0.0439 -0.9779
vn 0.1884 0.1326 -0.9731
vn 0.1719 0.1261 -0.9770
vn 0.8315 0.1957 -0.5199
vn 0.8483 0.0514 -0.5269
vn 0.2247 0.0405 -0.9736
vn 0.1949 0.0344 -0.9802
vn 0.5332 -0.3682 -0.7616
vn 0.4744 -0.3272 -0.8172
vn 0.9813 -0.1917 0.0157
vn 0.8847 0.1149 -0.4518
vn 0.7421 -0.5041 0.4416
vn 0.7846 -0.5158 0.3439
vn 0.1078 0.0352 0.9935
vn 0.1664 -0.0022 0.9860
vn -0.2988 0.6716 0.6779
vn 0.0110 0.2680 0.9633
vn 0.0322 0.1212 0.9921
vn 0.0391 0.1175 0.9923
vn -0.1107 0.8022 0.5866
vn 0.2781 -0.6587 0.6991
vn 0.1042 -0.5788 0.8087
vn 0.0278 0.1250 0.9918
vn 0.0623 0.0678 0.9957
vn -0.2597 0.0696 -0.9631
vn 0.4945 -0.6556 -0.5706
vn 0.6844 -0.4788 0.5498
vn 0.6191 -0.4215 -0.6625
vn -0.4947 0.0178 -0.8689
vn -0.5179 0.0618 -0.8532
vn 0.2666 0.0455 -0.9627
vn 0.2116 0.1346 -0.9680
vn -0.5251 0.0119 -0.8509
vn -0.4957 0.0226 -0.8682
vn 0.2090 0.0498 -0.9766
vn 0.2171 -0.0287 -0.9757
vn -0.5437 -0.0635 -0.8368
vn -0.5350 -0.0270 -0.8444
vn 0.2242 -0.0583 -0.9728
vn 0.2273 -0.0401 -0.9730
vn -0.5193 -0.0920 -0.8496
vn -0.5329 -0.0805 -0.8423
vn 0.2288 0.0040 -0.9734
vn 0.2295 0.0207 -0.9731
vn 0.2292 0.0036 -0.9734
vn 0.2297 0.0203 -0.9731
vn 0.2296 0.0033 -0.9733
vn 0.2298 0.0203 -0.9730
vn 0.8544 -0.0364 -0.5183
vn 0.8535 -0.0587 -0.5178
vn 0.1577 -0.7241 -0.6714
vn 0.2299 -0.0022 -0.9732
vn 0.2296 -0.0014 -0.9733
vn 0.2194 -0.7322 -0.6448
vn 0.8183 -0.3204 -0.4771
vn 0.4996 -0.6847 -0.5307
vn -0.2419 -0.6721 -0.6998
vn -0.5174 -0.2970 -0.8025
vn 0.2303 -0.0013 -0.9731
vn 0.0882 -0.7323 -0.6752
vn 0.2437 0.0184 0.9697
vn 0.2553 0.0535 0.9654
vn 0.2424 0.0505 0.9688
vn 0.2376 0.0164 0.9712
vn -0.5230 0.0558 0.8505
vn -0.5242 0.0154 0.8514
vn 0.2546 0.1297 0.9583
vn -0.5002 0.1179 0.8578
vn 0.2627 0.1321 0.9558
vn 0.2609 0.1426 0.9548
vn 0.2786 0.1379 0.9504
vn -0.5250 0.1619 0.8355
vn 0.2969 -0.0571 0.9532
vn -0.5182 0.1143 0.8475
vn 0.2642 -0.0433 0.9635
vn 0.3230 -0.1491 0.9346
vn 0.3332 -0.1669 0.9279
vn -0.3819 -0.0044 0.9242
vn 0.6139 0.1022 0.7827
vn 0.1623 0.2075 0.9647
vn 0.6911 0.1484 0.7073
vn 0.8037 0.4244 -0.4171
vn 0.8473 0.5241 -0.0856
vn 0.7088 0.5449 -0.4480
vn 0.0813 -0.0038 -0.9967
vn 0.4437 0.6188 -0.6482
vn 0.1088 0.0763 -0.9911
vn -0.0280 -0.0824 -0.9962
vn -0.0112 -0.0873 -0.9961
vn 0.1317 0.6512 -0.7474
vn -0.0257 -0.1231 -0.9920
vn -0.0193 0.6138 -0.7891
vn -0.0305 -0.1199 -0.9923
vn -0.2295 -0.4739 -0.8502
vn -0.1355 -0.7396 -0.6593
vn -0.0452 -0.0784 -0.9959
vn 0.0299 0.0392 -0.9988
vn -0.0362 -0.1164 -0.9925
vn -0.0254 -0.7880 -0.6151
vn 0.9497 0.1575 0.2704
vn 0.8068 0.3216 -0.4956
vn 0.6842 0.3142 -0.6581
vn 0.7143 0.2059 0.6688
vn 0.8584 -0.1260 0.4972
vn 0.8950 -0.1022 0.4342
vn 0.2867 -0.1266 0.9496
vn 0.2309 -0.0291 0.9725
vn 0.8517 0.0741 0.5187
vn 0.8537 0.0480 0.5185
vn 0.2400 0.1418 0.9603
vn 0.2651 0.1320 0.9551
vn 0.8547 -0.0445 0.5171
vn 0.8600 0.0133 0.5100
vn 0.2642 0.0587 0.9627
vn 0.2484 0.0222 0.9684
vn 0.8439 -0.1385 0.5184
vn 0.8465 -0.1077 0.5214
vn 0.2400 -0.0161 0.9706
vn 0.2366 -0.0282 0.9712
vn 0.2380 -0.0179 0.9711
vn 0.2356 -0.0291 0.9714
vn 0.2355 -0.0190 0.9716
vn 0.2344 -0.0299 0.9716
vn -0.5242 -0.0316 0.8509
vn -0.5349 -0.0817 0.8409
vn 0.1673 -0.6999 0.6943
vn 0.2348 -0.0038 0.9720
vn 0.2336 -0.0052 0.9723
vn 0.0985 -0.7096 0.6977
vn -0.5299 -0.3296 0.7814
vn -0.2098 -0.6666 0.7153
vn 0.5346 -0.6557 0.5332
vn 0.8229 -0.3194 0.4698
vn 0.2359 -0.0039 0.9717
vn 0.2320 -0.7093 0.6655
vn -0.2279 0.0407 0.9728
vn -0.2286 0.0411 0.9727
vn -0.2264 0.0603 0.9721
vn -0.2253 0.0594 0.9725
vn -0.2212 0.0326 0.9747
vn -0.2191 0.0307 0.9752
vn 0.5280 0.0144 0.8491
vn 0.5361 -0.0077 0.8441
vn 0.5210 0.0018 0.8535
vn -0.2048 -0.0440 0.9778
vn -0.2061 -0.0476 0.9774
vn -0.1732 -0.1255 0.9768
vn -0.1896 -0.1319 0.9729
vn 0.5656 -0.0032 0.8246
vn 0.5479 0.0222 0.8362
vn -0.2003 -0.0284 0.9793
vn -0.2388 -0.0315 0.9705
vn -0.4804 0.3538 0.8025
vn -0.5718 0.3954 0.7188
vn 0.4088 0.0692 0.9100
vn -0.0179 0.3826 0.9237
vn -0.7324 0.6692 -0.1254
vn -0.7358 0.5104 -0.4451
vn -0.1248 -0.0720 -0.9896
vn -0.1546 -0.0021 -0.9880
vn -0.6464 0.5889 -0.4851
vn -0.4333 0.6084 -0.6649
vn -0.0397 -0.1179 -0.9922
vn -0.0334 -0.1198 -0.9922
vn -0.1595 0.6382 -0.7531
vn 0.1219 -0.6028 -0.7885
vn -0.0978 -0.0578 -0.9935
vn -0.0286 -0.1243 -0.9918
vn 0.0652 -0.7652 -0.6405
vn -0.9147 0.2901 0.2814
vn -0.6336 0.4406 0.6359
vn -0.6588 0.3420 -0.6701
vn -0.7489 0.3876 -0.5374
vn -0.8492 -0.1798 0.4964
vn -0.2123 -0.1339 0.9680
vn -0.2608 -0.0380 0.9646
vn -0.8980 -0.0310 0.4389
vn -0.8495 0.0526 0.5248
vn -0.2173 0.0286 0.9757
vn -0.2093 -0.0499 0.9766
vn -0.8447 -0.0552 0.5323
vn -0.8521 -0.0068 0.5233
vn -0.2273 0.0400 0.9730
vn -0.2242 0.0582 0.9728
vn -0.8533 0.0537 0.5186
vn -0.8448 -0.1224 0.5209
vn -0.2295 -0.0208 0.9731
vn -0.2288 -0.0040 0.9734
vn -0.8469 -0.0836 0.5252
vn -0.2292 -0.0036 0.9734
vn -0.2297 -0.0204 0.9730
vn -0.2298 -0.0203 0.9730
vn -0.2296 -0.0034 0.9733
vn 0.5219 -0.0396 0.8520
vn 0.5336 -0.0878 0.8412
vn -0.1656 -0.6980 0.6966
vn -0.0972 -0.7074 0.7000
vn -0.2296 0.0015 0.9733
vn -0.2299 0.0023 0.9732
vn 0.5269 -0.3330 0.7820
vn 0.2083 -0.6651 0.7170
vn -0.5369 -0.6527 0.5345
vn -0.2303 -0.7078 0.6678
vn -0.2303 0.0013 0.9731
vn -0.8258 -0.3093 0.4715
s 1
f 2292/2430/2159 2351/2431/2160 2392/2432/2161 2346/2433/2162
f 2351/2431/2160 2291/2434/2163 2323/2435/2164 2392/2432/2161
f 2392/2432/2161 2323/2435/2164 2277/2436/2165 2337/2437/2166
f 2346/2433/2162 2392/2432/2161 2337/2437/2166 2286/2438/2167
f 2286/2438/2167 2337/2437/2166 2393/2439/2168 2345/2440/2169
f 2337/2437/2166 2277/2436/2165 2326/2441/2170 2393/2439/2168
f 2393/2439/2168 2326/2441/2170 2279/2442/2171 2338/2443/2172
f 2345/2440/2169 2393/2439/2168 2338/2443/2172 2287/2444/2173
f 2287/2444/2173 2338/2443/2172 2394/2445/2174 2344/2446/2175
f 2338/2443/2172 2279/2442/2171 2329/2447/2176 2394/2445/2174
f 2394/2445/2174 2329/2447/2176 2281/2448/2177 2339/2449/2178
f 2344/2446/2175 2394/2445/2174 2339/2449/2178 2288/2450/2179
f 2288/2450/2179 2339/2449/2178 2395/2451/2180 2343/2452/2181
f 2339/2449/2178 2281/2448/2177 2332/2453/2182 2395/2451/2180
f 2395/2451/2180 2332/2453/2182 2283/2454/2183 2340/2455/2184
f 2343/2452/2181 2395/2451/2180 2340/2455/2184 2289/2456/2185
f 2289/2456/2185 2340/2455/2184 2396/2457/2186 2342/2458/2187
f 2340/2455/2184 2283/2454/2183 2335/2459/2188 2396/2457/2186
f 2396/2457/2186 2335/2459/2188 2306/2460/2189 2341/2461/2190
f 2342/2458/2187 2396/2457/2186 2341/2461/2190 2313/2462/2191
f 2284/2463/2192 2330/2464/2193 2397/2465/2194 2334/2466/2195
f 2330/2464/2193 2289/2456/2185 2342/2458/2187 2397/2465/2194
f 2397/2465/2194 2342/2458/2187 2313/2462/2191 2333/2467/2196
f 2334/2466/2195 2397/2465/2194 2333/2467/2196 2307/2468/2197
f 2282/2469/2198 2327/2470/2199 2398/2471/2200 2331/2472/2201
f 2327/2470/2199 2288/2450/2179 2343/2452/2181 2398/2471/2200
f 2398/2471/2200 2343/2452/2181 2289/2456/2185 2330/2464/2193
f 2331/2472/2201 2398/2471/2200 2330/2464/2193 2284/2463/2192
f 2280/2473/2202 2324/2474/2203 2399/2475/2204 2328/2476/2205
f 2324/2474/2203 2287/2444/2173 2344/2446/2175 2399/2475/2204
f 2399/2475/2204 2344/2446/2175 2288/2450/2179 2327/2470/2199
f 2328/2476/2205 2399/2475/2204 2327/2470/2199 2282/2469/2198
f 2278/2477/2206 2321/2478/2207 2400/2479/2208 2325/2480/2209
f 2321/2478/2207 2286/2438/2167 2345/2440/2169 2400/2479/2208
f 2400/2479/2208 2345/2440/2169 2287/2444/2173 2324/2474/2203
f 2325/2480/2209 2400/2479/2208 2324/2474/2203 2280/2473/2202
f 2290/2481/2210 2350/2482/2211 2401/2483/2212 2347/2484/2213
f 2350/2482/2211 2292/2430/2159 2346/2433/2162 2401/2483/2212
f 2401/2483/2212 2346/2433/2162 2286/2438/2167 2321/2478/2207
f 2347/2484/2213 2401/2483/2212 2321/2478/2207 2278/2477/2206
f 2293/2485/2214 2356/2486/2215 2402/2487/2216 2352/2488/2217
f 2356/2486/2215 2295/2489/2218 2349/2490/2219 2402/2487/2216
f 2402/2487/2216 2349/2490/2219 2292/2430/2159 2350/2482/2211
f 2352/2488/2217 2402/2487/2216 2350/2482/2211 2290/2481/2210
f 2295/2489/2218 2355/2491/2220 2403/2492/2221 2349/2490/2219
f 2355/2491/2220 2294/2493/2222 2348/2494/2223 2403/2492/2221
f 2403/2492/2221 2348/2494/2223 2291/2434/2163 2351/2431/2160
f 2349/2490/2219 2403/2492/2221 2351/2431/2160 2292/2430/2159
f 2285/2495/2224 2336/2496/2225 2404/2497/2226 2354/2498/2227
f 2336/2496/2225 2275/2499/2228 2353/2500/2229 2404/2497/2226
f 2404/2497/2226 2353/2500/2229 2294/2493/2222 2355/2491/2220
f 2354/2498/2227 2404/2497/2226 2355/2491/2220 2295/2489/2218
f 2276/2501/2230 2320/2502/2231 2405/2503/2232 2322/2504/2233
f 2320/2502/2231 2285/2495/2224 2354/2498/2227 2405/2503/2232
f 2405/2503/2232 2354/2498/2227 2295/2489/2218 2356/2486/2215
f 2322/2504/2233 2405/2503/2232 2356/2486/2215 2293/2485/2214
f 2316/2505/2234 2381/2506/2235 2406/2507/2236 2386/2508/2237
f 2381/2506/2235 2309/2509/2238 2373/2510/2239 2406/2507/2236
f 2406/2507/2236 2373/2510/2239 2298/2511/2240 2360/2512/2241
f 2386/2508/2237 2406/2507/2236 2360/2512/2241 2315/2513/2242
f 2309/2509/2238 2380/2514/2243 2407/2515/2244 2373/2510/2239
f 2380/2514/2243 2310/2516/2245 2374/2517/2246 2407/2515/2244
f 2407/2515/2244 2374/2517/2246 2300/2518/2247 2363/2519/2248
f 2373/2510/2239 2407/2515/2244 2363/2519/2248 2298/2511/2240
f 2310/2516/2245 2379/2520/2249 2408/2521/2250 2374/2517/2246
f 2379/2520/2249 2311/2522/2251 2375/2523/2252 2408/2521/2250
f 2408/2521/2250 2375/2523/2252 2302/2524/2253 2366/2525/2254
f 2374/2517/2246 2408/2521/2250 2366/2525/2254 2300/2518/2247
f 2311/2522/2251 2378/2526/2255 2409/2527/2256 2375/2523/2252
f 2378/2526/2255 2312/2528/2257 2376/2529/2258 2409/2527/2256
f 2409/2527/2256 2376/2529/2258 2304/2530/2259 2369/2531/2260
f 2375/2523/2252 2409/2527/2256 2369/2531/2260 2302/2524/2253
f 2312/2528/2257 2377/2532/2261 2410/2533/2262 2376/2529/2258
f 2377/2532/2261 2313/2462/2191 2341/2461/2190 2410/2533/2262
f 2410/2533/2262 2341/2461/2190 2306/2460/2189 2371/2534/2263
f 2376/2529/2258 2410/2533/2262 2371/2534/2263 2304/2530/2259
f 2305/2535/2264 2370/2536/2265 2411/2537/2266 2367/2538/2267
f 2370/2536/2265 2307/2468/2197 2333/2467/2196 2411/2537/2266
f 2411/2537/2266 2333/2467/2196 2313/2462/2191 2377/2532/2261
f 2367/2538/2267 2411/2537/2266 2377/2532/2261 2312/2528/2257
f 2303/2539/2268 2368/2540/2269 2412/2541/2270 2364/2542/2271
f 2368/2540/2269 2305/2535/2264 2367/2538/2267 2412/2541/2270
f 2412/2541/2270 2367/2538/2267 2312/2528/2257 2378/2526/2255
f 2364/2542/2271 2412/2541/2270 2378/2526/2255 2311/2522/2251
f 2301/2543/2272 2365/2544/2273 2413/2545/2274 2361/2546/2275
f 2365/2544/2273 2303/2539/2268 2364/2542/2271 2413/2545/2274
f 2413/2545/2274 2364/2542/2271 2311/2522/2251 2379/2520/2249
f 2361/2546/2275 2413/2545/2274 2379/2520/2249 2310/2516/2245
f 2299/2547/2276 2362/2548/2277 2414/2549/2278 2358/2550/2279
f 2362/2548/2277 2301/2543/2272 2361/2546/2275 2414/2549/2278
f 2414/2549/2278 2361/2546/2275 2310/2516/2245 2380/2514/2243
f 2358/2550/2279 2414/2549/2278 2380/2514/2243 2309/2509/2238
f 2314/2551/2280 2382/2552/2281 2415/2553/2282 2385/2554/2283
f 2382/2552/2281 2299/2547/2276 2358/2550/2279 2415/2553/2282
f 2415/2553/2282 2358/2550/2279 2309/2509/2238 2381/2506/2235
f 2385/2554/2283 2415/2553/2282 2381/2506/2235 2316/2505/2234
f 2317/2555/2284 2387/2556/2285 2416/2557/2286 2391/2558/2287
f 2387/2556/2285 2314/2551/2280 2385/2554/2283 2416/2557/2286
f 2416/2557/2286 2385/2554/2283 2316/2505/2234 2384/2559/2288
f 2391/2558/2287 2416/2557/2286 2384/2559/2288 2319/2560/2289
f 2319/2560/2289 2384/2559/2288 2417/2561/2290 2390/2562/2291
f 2384/2559/2288 2316/2505/2234 2386/2508/2237 2417/2561/2290
f 2417/2561/2290 2386/2508/2237 2315/2513/2242 2383/2563/2292
f 2390/2562/2291 2417/2561/2290 2383/2563/2292 2318/2564/2293
f 2308/2565/2294 2389/2566/2295 2418/2567/2296 2372/2568/2297
f 2389/2566/2295 2319/2560/2289 2390/2562/2291 2418/2567/2296
f 2418/2567/2296 2390/2562/2291 2318/2564/2293 2388/2569/2298
f 2372/2568/2297 2418/2567/2296 2388/2569/2298 2296/2570/2299
f 2297/2571/2300 2359/2572/2301 2419/2573/2302 2357/2574/2303
f 2359/2572/2301 2317/2555/2284 2391/2558/2287 2419/2573/2302
f 2419/2573/2302 2391/2558/2287 2319/2560/2289 2389/2566/2295
f 2357/2574/2303 2419/2573/2302 2389/2566/2295 2308/2565/2294
f 2437/2575/2304 2491/2576/2305 2537/2577/2306 2496/2578/2307
f 2496/2578/2307 2537/2577/2306 2468/2579/2308 2436/2580/2309
f 2537/2577/2306 2482/2581/2310 2422/2582/2311 2468/2579/2308
f 2491/2576/2305 2431/2583/2312 2482/2581/2310 2537/2577/2306
f 2431/2583/2312 2490/2584/2313 2538/2585/2314 2482/2581/2310
f 2482/2581/2310 2538/2585/2314 2471/2586/2315 2422/2582/2311
f 2538/2585/2314 2483/2587/2316 2424/2588/2317 2471/2586/2315
f 2490/2584/2313 2432/2589/2318 2483/2587/2316 2538/2585/2314
f 2432/2589/2318 2489/2590/2319 2539/2591/2320 2483/2587/2316
f 2483/2587/2316 2539/2591/2320 2474/2592/2321 2424/2588/2317
f 2539/2591/2320 2484/2593/2322 2426/2594/2323 2474/2592/2321
f 2489/2590/2319 2433/2595/2324 2484/2593/2322 2539/2591/2320
f 2433/2595/2324 2488/2596/2325 2540/2597/2326 2484/2593/2322
f 2484/2593/2322 2540/2597/2326 2477/2598/2327 2426/2594/2323
f 2540/2597/2326 2485/2599/2328 2428/2600/2329 2477/2598/2327
f 2488/2596/2325 2434/2601/2330 2485/2599/2328 2540/2597/2326
f 2434/2601/2330 2487/2602/2331 2541/2603/2332 2485/2599/2328
f 2485/2599/2328 2541/2603/2332 2480/2604/2333 2428/2600/2329
f 2541/2603/2332 2486/2605/2334 2451/2606/2335 2480/2604/2333
f 2487/2602/2331 2458/2607/2336 2486/2605/2334 2541/2603/2332
f 2429/2608/2337 2479/2609/2338 2542/2610/2339 2475/2611/2340
f 2475/2611/2340 2542/2610/2339 2487/2602/2331 2434/2601/2330
f 2542/2610/2339 2478/2612/2341 2458/2607/2336 2487/2602/2331
f 2479/2609/2338 2452/2613/2342 2478/2612/2341 2542/2610/2339
f 2427/2614/2343 2476/2615/2344 2543/2616/2345 2472/2617/2346
f 2472/2617/2346 2543/2616/2345 2488/2596/2325 2433/2595/2324
f 2543/2616/2345 2475/2611/2340 2434/2601/2330 2488/2596/2325
f 2476/2615/2344 2429/2608/2337 2475/2611/2340 2543/2616/2345
f 2425/2618/2347 2473/2619/2348 2544/2620/2349 2469/2621/2350
f 2469/2621/2350 2544/2620/2349 2489/2590/2319 2432/2589/2318
f 2544/2620/2349 2472/2617/2346 2433/2595/2324 2489/2590/2319
f 2473/2619/2348 2427/2614/2343 2472/2617/2346 2544/2620/2349
f 2423/2622/2351 2470/2623/2352 2545/2624/2353 2466/2625/2354
f 2466/2625/2354 2545/2624/2353 2490/2584/2313 2431/2583/2312
f 2545/2624/2353 2469/2621/2350 2432/2589/2318 2490/2584/2313
f 2470/2623/2352 2425/2618/2347 2469/2621/2350 2545/2624/2353
f 2435/2626/2355 2492/2627/2356 2546/2628/2357 2495/2629/2358
f 2495/2629/2358 2546/2628/2357 2491/2576/2305 2437/2575/2304
f 2546/2628/2357 2466/2625/2354 2431/2583/2312 2491/2576/2305
f 2492/2627/2356 2423/2622/2351 2466/2625/2354 2546/2628/2357
f 2438/2630/2359 2497/2631/2360 2547/2632/2361 2501/2633/2362
f 2501/2633/2362 2547/2632/2361 2494/2634/2363 2440/2635/2364
f 2547/2632/2361 2495/2629/2358 2437/2575/2304 2494/2634/2363
f 2497/2631/2360 2435/2626/2355 2495/2629/2358 2547/2632/2361
f 2440/2635/2364 2494/2634/2363 2548/2636/2365 2500/2637/2366
f 2500/2637/2366 2548/2636/2365 2493/2638/2367 2439/2639/2368
f 2548/2636/2365 2496/2578/2307 2436/2580/2309 2493/2638/2367
f 2494/2634/2363 2437/2575/2304 2496/2578/2307 2548/2636/2365
f 2430/2640/2369 2499/2641/2370 2549/2642/2371 2481/2643/2372
f 2481/2643/2372 2549/2642/2371 2498/2644/2373 2420/2645/2374
f 2549/2642/2371 2500/2637/2366 2439/2639/2368 2498/2644/2373
f 2499/2641/2370 2440/2635/2364 2500/2637/2366 2549/2642/2371
f 2421/2646/2375 2467/2647/2376 2550/2648/2377 2465/2649/2378
f 2465/2649/2378 2550/2648/2377 2499/2641/2370 2430/2640/2369
f 2550/2648/2377 2501/2633/2362 2440/2635/2364 2499/2641/2370
f 2467/2647/2376 2438/2630/2359 2501/2633/2362 2550/2648/2377
f 2461/2650/2379 2531/2651/2380 2551/2652/2381 2526/2653/2382
f 2526/2653/2382 2551/2652/2381 2518/2654/2383 2454/2655/2384
f 2551/2652/2381 2505/2656/2385 2443/2657/2386 2518/2654/2383
f 2531/2651/2380 2460/2658/2387 2505/2656/2385 2551/2652/2381
f 2454/2655/2384 2518/2654/2383 2552/2659/2388 2525/2660/2389
f 2525/2660/2389 2552/2659/2388 2519/2661/2390 2455/2662/2391
f 2552/2659/2388 2508/2663/2392 2445/2664/2393 2519/2661/2390
f 2518/2654/2383 2443/2657/2386 2508/2663/2392 2552/2659/2388
f 2455/2662/2391 2519/2661/2390 2553/2665/2394 2524/2666/2395
f 2524/2666/2395 2553/2665/2394 2520/2667/2396 2456/2668/2397
f 2553/2665/2394 2511/2669/2398 2447/2670/2399 2520/2667/2396
f 2519/2661/2390 2445/2664/2393 2511/2669/2398 2553/2665/2394
f 2456/2668/2397 2520/2667/2396 2554/2671/2400 2523/2672/2401
f 2523/2672/2401 2554/2671/2400 2521/2673/2402 2457/2674/2403
f 2554/2671/2400 2514/2675/2404 2449/2676/2405 2521/2673/2402
f 2520/2667/2396 2447/2670/2399 2514/2675/2404 2554/2671/2400
f 2457/2674/2403 2521/2673/2402 2555/2677/2406 2522/2678/2407
f 2522/2678/2407 2555/2677/2406 2486/2605/2334 2458/2607/2336
f 2555/2677/2406 2516/2679/2408 2451/2606/2335 2486/2605/2334
f 2521/2673/2402 2449/2676/2405 2516/2679/2408 2555/2677/2406
f 2450/2680/2409 2512/2681/2410 2556/2682/2411 2515/2683/2412
f 2515/2683/2412 2556/2682/2411 2478/2612/2341 2452/2613/2342
f 2556/2682/2411 2522/2678/2407 2458/2607/2336 2478/2612/2341
f 2512/2681/2410 2457/2674/2403 2522/2678/2407 2556/2682/2411
f 2448/2684/2413 2509/2685/2414 2557/2686/2415 2513/2687/2416
f 2513/2687/2416 2557/2686/2415 2512/2681/2410 2450/2680/2409
f 2557/2686/2415 2523/2672/2401 2457/2674/2403 2512/2681/2410
f 2509/2685/2414 2456/2668/2397 2523/2672/2401 2557/2686/2415
f 2446/2688/2417 2506/2689/2418 2558/2690/2419 2510/2691/2420
f 2510/2691/2420 2558/2690/2419 2509/2685/2414 2448/2684/2413
f 2558/2690/2419 2524/2666/2395 2456/2668/2397 2509/2685/2414
f 2506/2689/2418 2455/2662/2391 2524/2666/2395 2558/2690/2419
f 2444/2692/2421 2503/2693/2422 2559/2694/2423 2507/2695/2424
f 2507/2695/2424 2559/2694/2423 2506/2689/2418 2446/2688/2417
f 2559/2694/2423 2525/2660/2389 2455/2662/2391 2506/2689/2418
f 2503/2693/2422 2454/2655/2384 2525/2660/2389 2559/2694/2423
f 2459/2696/2425 2530/2697/2426 2560/2698/2427 2527/2699/2428
f 2527/2699/2428 2560/2698/2427 2503/2693/2422 2444/2692/2421
f 2560/2698/2427 2526/2653/2382 2454/2655/2384 2503/2693/2422
f 2530/2697/2426 2461/2650/2379 2526/2653/2382 2560/2698/2427
f 2462/2700/2429 2536/2701/2430 2561/2702/2431 2532/2703/2432
f 2532/2703/2432 2561/2702/2431 2530/2697/2426 2459/2696/2425
f 2561/2702/2431 2529/2704/2433 2461/2650/2379 2530/2697/2426
f 2536/2701/2430 2464/2705/2434 2529/2704/2433 2561/2702/2431
f 2464/2705/2434 2535/2706/2435 2562/2707/2436 2529/2704/2433
f 2529/2704/2433 2562/2707/2436 2531/2651/2380 2461/2650/2379
f 2562/2707/2436 2528/2708/2437 2460/2658/2387 2531/2651/2380
f 2535/2706/2435 2463/2709/2438 2528/2708/2437 2562/2707/2436
f 2453/2710/2439 2517/2711/2440 2563/2712/2441 2534/2713/2442
f 2534/2713/2442 2563/2712/2441 2535/2706/2435 2464/2705/2434
f 2563/2712/2441 2533/2714/2443 2463/2709/2438 2535/2706/2435
f 2517/2711/2440 2441/2715/2444 2533/2714/2443 2563/2712/2441
f 2442/2716/2445 2502/2717/2446 2564/2718/2447 2504/2719/2448
f 2504/2719/2448 2564/2718/2447 2536/2701/2430 2462/2700/2429
f 2564/2718/2447 2534/2713/2442 2464/2705/2434 2536/2701/2430
f 2502/2717/2446 2453/2710/2439 2534/2713/2442 2564/2718/2447
f 2285/2495/2224 2320/2502/2231 2465/2649/2378 2430/2640/2369
f 2320/2502/2231 2276/2501/2230 2421/2646/2375 2465/2649/2378
f 2322/2504/2233 2293/2485/2214 2438/2630/2359 2467/2647/2376
f 2276/2501/2230 2322/2504/2233 2467/2647/2376 2421/2646/2375
f 2323/2435/2164 2291/2434/2163 2436/2580/2309 2468/2579/2308
f 2277/2436/2165 2323/2435/2164 2468/2579/2308 2422/2582/2311
f 2325/2480/2209 2280/2473/2202 2425/2618/2347 2470/2623/2352
f 2278/2477/2206 2325/2480/2209 2470/2623/2352 2423/2622/2351
f 2326/2441/2170 2277/2436/2165 2422/2582/2311 2471/2586/2315
f 2279/2442/2171 2326/2441/2170 2471/2586/2315 2424/2588/2317
f 2328/2476/2205 2282/2469/2198 2427/2614/2343 2473/2619/2348
f 2280/2473/2202 2328/2476/2205 2473/2619/2348 2425/2618/2347
f 2329/2447/2176 2279/2442/2171 2424/2588/2317 2474/2592/2321
f 2281/2448/2177 2329/2447/2176 2474/2592/2321 2426/2594/2323
f 2331/2472/2201 2284/2463/2192 2429/2608/2337 2476/2615/2344
f 2282/2469/2198 2331/2472/2201 2476/2615/2344 2427/2614/2343
f 2332/2453/2182 2281/2448/2177 2426/2594/2323 2477/2598/2327
f 2283/2454/2183 2332/2453/2182 2477/2598/2327 2428/2600/2329
f 2334/2466/2195 2307/2468/2197 2452/2613/2342 2479/2609/2338
f 2284/2463/2192 2334/2466/2195 2479/2609/2338 2429/2608/2337
f 2335/2459/2188 2283/2454/2183 2428/2600/2329 2480/2604/2333
f 2306/2460/2189 2335/2459/2188 2480/2604/2333 2451/2606/2335
f 2275/2499/2228 2336/2496/2225 2481/2643/2372 2420/2645/2374
f 2336/2496/2225 2285/2495/2224 2430/2640/2369 2481/2643/2372
f 2347/2484/2213 2278/2477/2206 2423/2622/2351 2492/2627/2356
f 2290/2481/2210 2347/2484/2213 2492/2627/2356 2435/2626/2355
f 2348/2494/2223 2294/2493/2222 2439/2639/2368 2493/2638/2367
f 2291/2434/2163 2348/2494/2223 2493/2638/2367 2436/2580/2309
f 2352/2488/2217 2290/2481/2210 2435/2626/2355 2497/2631/2360
f 2293/2485/2214 2352/2488/2217 2497/2631/2360 2438/2630/2359
f 2353/2500/2229 2275/2499/2228 2420/2645/2374 2498/2644/2373
f 2294/2493/2222 2353/2500/2229 2498/2644/2373 2439/2639/2368
f 2357/2574/2303 2308/2565/2294 2453/2710/2439 2502/2717/2446
f 2297/2571/2300 2357/2574/2303 2502/2717/2446 2442/2716/2445
f 2317/2555/2284 2359/2572/2301 2504/2719/2448 2462/2700/2429
f 2359/2572/2301 2297/2571/2300 2442/2716/2445 2504/2719/2448
f 2315/2513/2242 2360/2512/2241 2505/2656/2385 2460/2658/2387
f 2360/2512/2241 2298/2511/2240 2443/2657/2386 2505/2656/2385
f 2301/2543/2272 2362/2548/2277 2507/2695/2424 2446/2688/2417
f 2362/2548/2277 2299/2547/2276 2444/2692/2421 2507/2695/2424
f 2298/2511/2240 2363/2519/2248 2508/2663/2392 2443/2657/2386
f 2363/2519/2248 2300/2518/2247 2445/2664/2393 2508/2663/2392
f 2303/2539/2268 2365/2544/2273 2510/2691/2420 2448/2684/2413
f 2365/2544/2273 2301/2543/2272 2446/2688/2417 2510/2691/2420
f 2300/2518/2247 2366/2525/2254 2511/2669/2398 2445/2664/2393
f 2366/2525/2254 2302/2524/2253 2447/2670/2399 2511/2669/2398
f 2305/2535/2264 2368/2540/2269 2513/2687/2416 2450/2680/2409
f 2368/2540/2269 2303/2539/2268 2448/2684/2413 2513/2687/2416
f 2302/2524/2253 2369/2531/2260 2514/2675/2404 2447/2670/2399
f 2369/2531/2260 2304/2530/2259 2449/2676/2405 2514/2675/2404
f 2307/2468/2197 2370/2536/2265 2515/2683/2412 2452/2613/2342
f 2370/2536/2265 2305/2535/2264 2450/2680/2409 2515/2683/2412
f 2304/2530/2259 2371/2534/2263 2516/2679/2408 2449/2676/2405
f 2371/2534/2263 2306/2460/2189 2451/2606/2335 2516/2679/2408
f 2372/2568/2297 2296/2570/2299 2441/2715/2444 2517/2711/2440
f 2308/2565/2294 2372/2568/2297 2517/2711/2440 2453/2710/2439
f 2299/2547/2276 2382/2552/2281 2527/2699/2428 2444/2692/2421
f 2382/2552/2281 2314/2551/2280 2459/2696/2425 2527/2699/2428
f 2318/2564/2293 2383/2563/2292 2528/2708/2437 2463/2709/2438
f 2383/2563/2292 2315/2513/2242 2460/2658/2387 2528/2708/2437
f 2314/2551/2280 2387/2556/2285 2532/2703/2432 2459/2696/2425
f 2387/2556/2285 2317/2555/2284 2462/2700/2429 2532/2703/2432
f 2296/2570/2299 2388/2569/2298 2533/2714/2443 2441/2715/2444
f 2388/2569/2298 2318/2564/2293 2463/2709/2438 2533/2714/2443
