# Blender 4.0.1
# www.blender.org
o body
v -5.119302 16.199202 4.120158
v -4.217132 16.199202 5.039717
v -6.306334 16.199202 1.847457
v -5.824737 16.199202 3.042267
v -6.533285 16.199202 -0.706498
v -6.545580 16.199202 0.581656
v -5.765603 16.199202 -3.152900
v -6.269917 16.199202 -1.967508
v -4.120158 16.199202 -5.119302
v -5.039717 16.199202 -4.217132
v -1.847457 16.199202 -6.306334
v -3.042267 16.199202 -5.824737
v 0.706499 16.199202 -6.533285
v -0.581656 16.199202 -6.545580
v 3.152900 16.199202 -5.765603
v 1.967508 16.199202 -6.269917
v 5.119301 16.199202 -4.120158
v 4.217132 16.199202 -5.039717
v 6.306334 16.199202 -1.847457
v 5.824737 16.199202 -3.042267
v 6.533285 16.199202 0.706499
v 6.545580 16.199202 -0.581656
v 5.765602 16.199202 3.152900
v 6.269917 16.199202 1.967508
v 4.120158 16.199202 5.119301
v 5.039717 16.199202 4.217132
v 1.847458 16.199202 6.306334
v 3.042267 16.199202 5.824737
v -0.706499 16.199202 6.533285
v 0.581656 16.199202 6.545580
v -3.152900 16.199202 5.765603
v -1.967508 16.199202 6.269917
v -5.100101 14.464689 6.094917
v -5.286417 14.174395 6.317575
v -5.561492 13.747822 6.646306
v -6.191164 14.464689 4.982824
v -6.417338 14.174395 5.164855
v -6.751261 13.747822 5.433606
v -7.044303 14.464689 3.679246
v -7.301643 14.174395 3.813654
v -7.681580 13.747822 4.012095
v -7.626734 14.464689 2.234272
v -7.905351 14.174395 2.315895
v -8.316702 13.747822 2.436401
v -7.916074 14.464689 0.703441
v -8.205261 14.174395 0.729139
v -8.632217 13.747822 0.767079
v -7.901204 14.464689 -0.854423
v -8.189847 14.174395 -0.885638
v -8.616001 13.747822 -0.931721
v -7.582693 14.464689 -2.379457
v -7.859702 14.174395 -2.466382
v -8.268677 13.747822 -2.594718
v -6.972786 14.464689 -3.813044
v -7.227514 14.174395 -3.952342
v -7.603593 13.747822 -4.158000
v -6.094917 14.464689 -5.100101
v -6.317575 14.174395 -5.286417
v -6.646306 13.747822 -5.561492
v -4.982824 14.464689 -6.191164
v -5.164855 14.174395 -6.417338
v -5.433606 13.747822 -6.751261
v -3.679246 14.464689 -7.044303
v -3.813654 14.174395 -7.301643
v -4.012095 13.747822 -7.681580
v -2.234272 14.464689 -7.626734
v -2.315895 14.174395 -7.905351
v -2.436401 13.747822 -8.316702
v -0.703441 14.464689 -7.916074
v -0.729139 14.174395 -8.205261
v -0.767079 13.747822 -8.632217
v 0.854423 14.464689 -7.901204
v 0.885638 14.174395 -8.189847
v 0.931721 13.747822 -8.616001
v 2.379457 14.464689 -7.582693
v 2.466382 14.174395 -7.859702
v 2.594718 13.747822 -8.268677
v 3.813044 14.464689 -6.972786
v 3.952342 14.174395 -7.227514
v 4.158000 13.747822 -7.603593
v 5.100101 14.464689 -6.094917
v 5.286417 14.174395 -6.317575
v 5.561492 13.747822 -6.646306
v 6.191164 14.464689 -4.982824
v 6.417338 14.174395 -5.164855
v 6.751261 13.747822 -5.433606
v 7.044303 14.464689 -3.679246
v 7.301643 14.174395 -3.813654
v 7.681580 13.747822 -4.012095
v 7.626734 14.464689 -2.234272
v 7.905351 14.174395 -2.315895
v 8.316702 13.747822 -2.436401
v 7.916074 14.464689 -0.703441
v 8.205261 14.174395 -0.729139
v 8.632217 13.747822 -0.767079
v 7.901204 14.464689 0.854423
v 8.189847 14.174395 0.885638
v 8.616001 13.747822 0.931721
v 7.582693 14.464689 2.379457
v 7.859702 14.174395 2.466382
v 8.268677 13.747822 2.594718
v 6.972786 14.464689 3.813044
v 7.227514 14.174395 3.952342
v 7.603593 13.747822 4.158000
v 6.094917 14.464689 5.100101
v 6.317575 14.174395 5.286417
v 6.646306 13.747822 5.561492
v 4.982824 14.464689 6.191164
v 5.164855 14.174395 6.417338
v 5.433606 13.747822 6.751261
v 3.679246 14.464689 7.044303
v 3.813654 14.174395 7.301643
v 4.012095 13.747822 7.681580
v 2.234272 14.464689 7.626734
v 2.315895 14.174395 7.905351
v 2.436401 13.747822 8.316702
v 0.703441 14.464689 7.916074
v 0.729139 14.174395 8.205261
v 0.767079 13.747822 8.632217
v -0.854423 14.464689 7.901204
v -0.885638 14.174395 8.189847
v -0.931721 13.747822 8.616001
v -2.379457 14.464689 7.582693
v -2.466382 14.174395 7.859702
v -2.594718 13.747822 8.268677
v -3.813044 14.464689 6.972786
v -3.952342 14.174395 7.227514
v -4.158000 13.747822 7.603593
v -5.463183 -24.235376 6.528821
v -5.562681 -24.194031 6.647726
v -5.635518 -24.081081 6.734770
v -6.631919 -24.235376 5.337558
v -6.841120 -24.081081 5.505928
v -6.752701 -24.194031 5.434766
v -7.545796 -24.235376 3.941172
v -7.783824 -24.081081 4.065496
v -7.683222 -24.194031 4.012950
v -8.169690 -24.235376 2.393335
v -8.427399 -24.081081 2.468831
v -8.318478 -24.194031 2.436922
v -8.479628 -24.235376 0.753520
v -8.747113 -24.081081 0.777289
v -8.634060 -24.194031 0.767243
v -8.463698 -24.235376 -0.915253
v -8.730681 -24.081081 -0.944124
v -8.617841 -24.194031 -0.931921
v -8.122515 -24.235376 -2.548849
v -8.378735 -24.081081 -2.629253
v -8.270443 -24.194031 -2.595270
v -7.469186 -24.235376 -4.084500
v -7.704797 -24.081081 -4.213344
v -7.605216 -24.194031 -4.158888
v -6.528821 -24.235376 -5.463183
v -6.734770 -24.081081 -5.635518
v -6.647726 -24.194031 -5.562681
v -5.337558 -24.235376 -6.631919
v -5.505928 -24.081081 -6.841120
v -5.434766 -24.194031 -6.752701
v -3.941172 -24.235376 -7.545796
v -4.065496 -24.081081 -7.783824
v -4.012950 -24.194031 -7.683222
v -2.393335 -24.235376 -8.169690
v -2.468831 -24.081081 -8.427399
v -2.436922 -24.194031 -8.318478
v -0.753520 -24.235376 -8.479628
v -0.777289 -24.081081 -8.747113
v -0.767243 -24.194031 -8.634060
v 0.915253 -24.235376 -8.463698
v 0.944124 -24.081081 -8.730681
v 0.931921 -24.194031 -8.617841
v 2.548849 -24.235376 -8.122515
v 2.629253 -24.081081 -8.378735
v 2.595270 -24.194031 -8.270443
v 4.084500 -24.235376 -7.469186
v 4.213344 -24.081081 -7.704797
v 4.158888 -24.194031 -7.605216
v 5.463183 -24.235376 -6.528821
v 5.635518 -24.081081 -6.734770
v 5.562681 -24.194031 -6.647726
v 6.631919 -24.235376 -5.337558
v 6.841120 -24.081081 -5.505928
v 6.752701 -24.194031 -5.434766
v 7.545796 -24.235376 -3.941172
v 7.783824 -24.081081 -4.065496
v 7.683222 -24.194031 -4.012950
v 8.169690 -24.235376 -2.393335
v 8.427399 -24.081081 -2.468831
v 8.318478 -24.194031 -2.436922
v 8.479628 -24.235376 -0.753520
v 8.747113 -24.081081 -0.777289
v 8.634060 -24.194031 -0.767243
v 8.463698 -24.235376 0.915253
v 8.730681 -24.081081 0.944124
v 8.617841 -24.194031 0.931921
v 8.122515 -24.235376 2.548849
v 8.378735 -24.081081 2.629253
v 8.270443 -24.194031 2.595270
v 7.469186 -24.235376 4.084500
v 7.704797 -24.081081 4.213344
v 7.605216 -24.194031 4.158888
v 6.528821 -24.235376 5.463183
v 6.734770 -24.081081 5.635518
v 6.647726 -24.194031 5.562681
v 5.337558 -24.235376 6.631919
v 5.505928 -24.081081 6.841120
v 5.434766 -24.194031 6.752701
v 3.941172 -24.235376 7.545796
v 4.065496 -24.081081 7.783824
v 4.012950 -24.194031 7.683222
v 2.393335 -24.235376 8.169690
v 2.468831 -24.081081 8.427399
v 2.436922 -24.194031 8.318478
v 0.753520 -24.235376 8.479628
v 0.777289 -24.081081 8.747113
v 0.767243 -24.194031 8.634060
v -0.915253 -24.235376 8.463698
v -0.944124 -24.081081 8.730681
v -0.931921 -24.194031 8.617841
v -2.548849 -24.235376 8.122515
v -2.629253 -24.081081 8.378735
v -2.595270 -24.194031 8.270443
v -4.084500 -24.235376 7.469186
v -4.213344 -24.081081 7.704797
v -4.158888 -24.194031 7.605216
v -3.612553 16.018047 6.606155
v -3.813044 15.524553 6.972786
v -3.712799 15.884699 6.789471
v -3.786183 15.732483 6.923666
v -2.254346 16.018047 7.183992
v -2.379457 15.524553 7.582693
v -2.316901 15.884699 7.383343
v -2.362695 15.732483 7.529278
v -0.809497 16.018047 7.485755
v -0.854423 15.524553 7.901204
v -0.831960 15.884699 7.693480
v -0.848404 15.732483 7.845543
v 0.666454 16.018047 7.499844
v 0.703441 15.524553 7.916074
v 0.684947 15.884699 7.707959
v 0.698486 15.732483 7.860310
v 2.116793 16.018047 7.225718
v 2.234272 15.524553 7.626734
v 2.175533 15.884699 7.426227
v 2.218533 15.732483 7.573009
v 3.485792 16.018047 6.673910
v 3.679246 15.524553 7.044303
v 3.582519 15.884699 6.859107
v 3.653328 15.732483 6.994680
v 4.720825 16.018047 5.865632
v 4.982824 15.524553 6.191164
v 4.851825 15.884699 6.028398
v 4.947723 15.732483 6.147551
v 5.774445 16.018047 4.831936
v 6.094917 15.524553 5.100101
v 5.934680 15.884699 4.966018
v 6.051981 15.732483 5.064174
v 6.606155 16.018047 3.612553
v 6.972786 15.524553 3.813044
v 6.789471 15.884699 3.712799
v 6.923666 15.732483 3.786183
v 7.183992 16.018047 2.254346
v 7.582693 15.524553 2.379457
v 7.383343 15.884699 2.316901
v 7.529278 15.732483 2.362695
v 7.485755 16.018047 0.809497
v 7.901204 15.524553 0.854423
v 7.693480 15.884699 0.831960
v 7.845543 15.732483 0.848404
v 7.499844 16.018047 -0.666454
v 7.916074 15.524553 -0.703441
v 7.707959 15.884699 -0.684947
v 7.860310 15.732483 -0.698486
v 7.225718 16.018047 -2.116793
v 7.626734 15.524553 -2.234272
v 7.426227 15.884699 -2.175533
v 7.573009 15.732483 -2.218533
v 6.673910 16.018047 -3.485792
v 7.044303 15.524553 -3.679246
v 6.859107 15.884699 -3.582519
v 6.994680 15.732483 -3.653328
v 5.865632 16.018047 -4.720825
v 6.191164 15.524553 -4.982824
v 6.028398 15.884699 -4.851825
v 6.147551 15.732483 -4.947723
v 4.831936 16.018047 -5.774445
v 5.100101 15.524553 -6.094917
v 4.966018 15.884699 -5.934680
v 5.064174 15.732483 -6.051981
v 3.612553 16.018047 -6.606155
v 3.813044 15.524553 -6.972786
v 3.712799 15.884699 -6.789471
v 3.786183 15.732483 -6.923666
v 2.254346 16.018047 -7.183992
v 2.379457 15.524553 -7.582693
v 2.316901 15.884699 -7.383343
v 2.362695 15.732483 -7.529278
v 0.809497 16.018047 -7.485755
v 0.854423 15.524553 -7.901204
v 0.831960 15.884699 -7.693480
v 0.848404 15.732483 -7.845543
v -0.666454 16.018047 -7.499844
v -0.703441 15.524553 -7.916074
v -0.684947 15.884699 -7.707959
v -0.698486 15.732483 -7.860310
v -2.116793 16.018047 -7.225718
v -2.234272 15.524553 -7.626734
v -2.175533 15.884699 -7.426227
v -2.218533 15.732483 -7.573009
v -3.485792 16.018047 -6.673910
v -3.679246 15.524553 -7.044303
v -3.582519 15.884699 -6.859107
v -3.653328 15.732483 -6.994680
v -4.720825 16.018047 -5.865632
v -4.982824 15.524553 -6.191164
v -4.851825 15.884699 -6.028398
v -4.947723 15.732483 -6.147551
v -5.774445 16.018047 -4.831936
v -6.094917 15.524553 -5.100101
v -5.934680 15.884699 -4.966018
v -6.051981 15.732483 -5.064174
v -6.606155 16.018047 -3.612553
v -6.972786 15.524553 -3.813044
v -6.789471 15.884699 -3.712799
v -6.923666 15.732483 -3.786183
v -7.183992 16.018047 -2.254346
v -7.582693 15.524553 -2.379457
v -7.383343 15.884699 -2.316901
v -7.529278 15.732483 -2.362695
v -7.485755 16.018047 -0.809497
v -7.901204 15.524553 -0.854423
v -7.693480 15.884699 -0.831960
v -7.845543 15.732483 -0.848404
v -7.499844 16.018047 0.666454
v -7.916074 15.524553 0.703441
v -7.707959 15.884699 0.684947
v -7.860310 15.732483 0.698486
v -7.225718 16.018047 2.116793
v -7.626734 15.524553 2.234272
v -7.426227 15.884699 2.175533
v -7.573009 15.732483 2.218533
v -6.673910 16.018047 3.485792
v -7.044303 15.524553 3.679246
v -6.859107 15.884699 3.582519
v -6.994680 15.732483 3.653328
v -5.865632 16.018047 4.720825
v -6.191164 15.524553 4.982824
v -6.028398 15.884699 4.851825
v -6.147551 15.732483 4.947723
v -4.831936 16.018047 5.774445
v -5.100101 15.524553 6.094917
v -4.966018 15.884699 5.934680
v -5.064174 15.732483 6.051981
v -3.152900 18.298119 5.765603
v -4.217132 18.298119 5.039717
v -5.824737 18.298119 3.042267
v -6.306334 18.298119 1.847457
v -3.042267 18.298119 -5.824737
v -1.847457 18.298119 -6.306334
v 5.824737 18.298119 -3.042267
v 6.306334 18.298119 -1.847457
v 3.042267 18.298119 5.824737
v 1.847458 18.298119 6.306334
v -6.545580 18.298119 0.581656
v -0.581656 18.298119 -6.545580
v 6.545580 18.298119 -0.581656
v 0.581656 18.298119 6.545580
v -6.533285 18.298119 -0.706498
v -6.269917 18.298119 -1.967508
v 0.706499 18.298119 -6.533285
v 1.967508 18.298119 -6.269917
v 6.533285 18.298119 0.706499
v 6.269917 18.298119 1.967508
v -0.706499 18.298119 6.533285
v -1.967508 18.298119 6.269917
v -5.765603 18.298119 -3.152900
v 3.152900 18.298119 -5.765603
v 5.765602 18.298119 3.152900
v -5.039717 18.298119 -4.217132
v 4.217132 18.298119 -5.039717
v 5.039717 18.298119 4.217132
v -5.119302 18.298119 4.120158
v -4.120158 18.298119 -5.119302
v 5.119301 18.298119 -4.120159
v 4.120158 18.298119 5.119301
v -5.513161 -23.641905 4.437150
v -4.541583 -23.641905 5.427455
v -6.272874 -23.641905 3.276324
v -6.791521 -23.641905 1.989596
v -7.049174 -23.641905 0.626406
v -7.035933 -23.641905 -0.760856
v -6.752304 -23.641905 -2.118876
v -6.209187 -23.641905 -3.395474
v -5.427455 -23.641905 -4.541583
v -4.437150 -23.641905 -5.513161
v -3.276324 -23.641905 -6.272874
v -1.989596 -23.641905 -6.791521
v -0.626406 -23.641905 -7.049174
v 0.760856 -23.641905 -7.035933
v 2.118876 -23.641905 -6.752304
v 3.395474 -23.641905 -6.209187
v 4.541583 -23.641905 -5.427455
v 5.513161 -23.641905 -4.437150
v 6.272874 -23.641905 -3.276324
v 6.791521 -23.641905 -1.989596
v 7.049174 -23.641905 -0.626406
v 7.035933 -23.641905 0.760856
v 6.752304 -23.641905 2.118876
v 6.209187 -23.641905 3.395474
v 5.427455 -23.641905 4.541583
v 4.437150 -23.641905 5.513161
v 3.276324 -23.641905 6.272874
v 1.989596 -23.641905 6.791521
v 0.626406 -23.641905 7.049174
v -0.760856 -23.641905 7.035933
v -2.118876 -23.641905 6.752304
v -3.395474 -23.641905 6.209187
v -5.921759 -24.235376 4.766001
v -5.835056 -24.180584 4.696220
v -4.806751 -24.180584 5.744346
v -4.878174 -24.235376 5.829701
v -6.737776 -24.235376 3.519143
v -6.639126 -24.180584 3.467618
v -7.294862 -24.235376 2.137051
v -7.188055 -24.180584 2.105762
v -7.571611 -24.235376 0.672831
v -7.460752 -24.180584 0.662980
v -7.557387 -24.235376 -0.817246
v -7.446737 -24.180584 -0.805280
v -7.252738 -24.235376 -2.275912
v -7.146549 -24.180584 -2.242590
v -6.669369 -24.235376 -3.647123
v -6.571721 -24.180584 -3.593724
v -5.829701 -24.235376 -4.878174
v -5.744346 -24.180584 -4.806751
v -4.766001 -24.235376 -5.921759
v -4.696220 -24.180584 -5.835056
v -3.519143 -24.235376 -6.737776
v -3.467618 -24.180584 -6.639126
v -2.137051 -24.235376 -7.294862
v -2.105762 -24.180584 -7.188055
v -0.672831 -24.235376 -7.571611
v -0.662980 -24.180584 -7.460752
v 0.817246 -24.235376 -7.557387
v 0.805280 -24.180584 -7.446737
v 2.275912 -24.235376 -7.252738
v 2.242590 -24.180584 -7.146549
v 3.647123 -24.235376 -6.669369
v 3.593724 -24.180584 -6.571721
v 4.878174 -24.235376 -5.829701
v 4.806751 -24.180584 -5.744346
v 5.921759 -24.235376 -4.766001
v 5.835056 -24.180584 -4.696220
v 6.737776 -24.235376 -3.519143
v 6.639126 -24.180584 -3.467618
v 7.294862 -24.235376 -2.137051
v 7.188055 -24.180584 -2.105762
v 7.571611 -24.235376 -0.672831
v 7.460752 -24.180584 -0.662980
v 7.557387 -24.235376 0.817246
v 7.446737 -24.180584 0.805280
v 7.252738 -24.235376 2.275912
v 7.146549 -24.180584 2.242590
v 6.669369 -24.235376 3.647123
v 6.571721 -24.180584 3.593724
v 5.829701 -24.235376 4.878174
v 5.744346 -24.180584 4.806751
v 4.766001 -24.235376 5.921759
v 4.696220 -24.180584 5.835056
v 3.519143 -24.235376 6.737776
v 3.467618 -24.180584 6.639126
v 2.137051 -24.235376 7.294862
v 2.105762 -24.180584 7.188055
v 0.672831 -24.235376 7.571611
v 0.662980 -24.180584 7.460752
v -0.817246 -24.235376 7.557387
v -0.805280 -24.180584 7.446737
v -2.275912 -24.235376 7.252738
v -2.242590 -24.180584 7.146549
v -3.647123 -24.235376 6.669369
v -3.593724 -24.180584 6.571721
vn -0.4798 -0.0000 0.8774
vn -0.6363 0.1301 0.7604
vn -0.6417 -0.0000 0.7669
vn -0.4527 0.7088 0.5410
vn -0.5501 0.7080 0.4428
vn -0.5495 0.7088 0.4423
vn -0.4538 0.7071 0.5423
vn -0.5508 0.7071 0.4433
vn -0.6253 0.7088 0.3266
vn -0.6260 0.7080 0.3269
vn -0.6267 0.7071 0.3273
vn -0.6777 0.7080 0.1985
vn -0.6769 0.7088 0.1983
vn -0.6785 0.7071 0.1988
vn -0.7034 0.7080 0.0625
vn -0.7026 0.7088 0.0624
vn -0.7043 0.7071 0.0626
vn -0.7013 0.7088 -0.0758
vn -0.7021 0.7080 -0.0759
vn -0.7030 0.7071 -0.0760
vn -0.6730 0.7088 -0.2112
vn -0.6738 0.7080 -0.2114
vn -0.6746 0.7071 -0.2117
vn -0.6196 0.7080 -0.3388
vn -0.6189 0.7088 -0.3384
vn -0.6204 0.7071 -0.3392
vn -0.5416 0.7080 -0.4532
vn -0.5410 0.7088 -0.4527
vn -0.5423 0.7071 -0.4538
vn -0.4428 0.7080 -0.5501
vn -0.4423 0.7088 -0.5495
vn -0.4433 0.7071 -0.5508
vn -0.3266 0.7088 -0.6253
vn -0.3269 0.7080 -0.6260
vn -0.3273 0.7071 -0.6267
vn -0.1985 0.7080 -0.6777
vn -0.1983 0.7088 -0.6769
vn -0.1988 0.7071 -0.6785
vn -0.0625 0.7080 -0.7034
vn -0.0624 0.7088 -0.7026
vn -0.0626 0.7071 -0.7043
vn 0.0758 0.7088 -0.7013
vn 0.0759 0.7080 -0.7021
vn 0.0760 0.7071 -0.7030
vn 0.2112 0.7088 -0.6730
vn 0.2114 0.7080 -0.6738
vn 0.2117 0.7071 -0.6746
vn 0.3388 0.7080 -0.6196
vn 0.3384 0.7088 -0.6189
vn 0.3392 0.7071 -0.6204
vn 0.4532 0.7080 -0.5416
vn 0.4527 0.7088 -0.5410
vn 0.4538 0.7071 -0.5423
vn 0.5501 0.7080 -0.4428
vn 0.5495 0.7088 -0.4423
vn 0.5508 0.7071 -0.4433
vn 0.6253 0.7088 -0.3266
vn 0.6260 0.7080 -0.3269
vn 0.6267 0.7071 -0.3273
vn 0.6777 0.7080 -0.1985
vn 0.6769 0.7088 -0.1983
vn 0.6785 0.7071 -0.1988
vn 0.7034 0.7080 -0.0625
vn 0.7026 0.7088 -0.0624
vn 0.7043 0.7071 -0.0626
vn 0.7013 0.7088 0.0758
vn 0.7021 0.7080 0.0759
vn 0.7030 0.7071 0.0760
vn 0.6730 0.7088 0.2112
vn 0.6738 0.7080 0.2114
vn 0.6746 0.7071 0.2117
vn 0.6196 0.7080 0.3388
vn 0.6189 0.7088 0.3384
vn 0.6204 0.7071 0.3392
vn 0.5416 0.7080 0.4532
vn 0.5410 0.7088 0.4527
vn 0.5423 0.7071 0.4538
vn 0.4428 0.7080 0.5501
vn 0.4423 0.7088 0.5495
vn 0.4433 0.7071 0.5508
vn 0.3266 0.7088 0.6253
vn 0.3269 0.7080 0.6260
vn 0.3273 0.7071 0.6267
vn 0.1985 0.7080 0.6777
vn 0.1983 0.7088 0.6769
vn 0.1988 0.7071 0.6785
vn 0.0625 0.7080 0.7034
vn 0.0624 0.7088 0.7026
vn 0.0626 0.7071 0.7043
vn -0.0758 0.7088 0.7013
vn -0.0759 0.7080 0.7021
vn -0.0760 0.7071 0.7030
vn -0.2112 0.7088 0.6730
vn -0.2114 0.7080 0.6738
vn -0.2117 0.7071 0.6746
vn -0.3388 0.7080 0.6196
vn -0.3384 0.7088 0.6189
vn -0.3392 0.7071 0.6204
vn -0.4532 0.7080 0.5416
vn -0.7669 -0.0000 -0.6417
vn -0.6217 0.1301 -0.7724
vn -0.6270 -0.0000 -0.7790
vn -0.5495 -0.7088 0.4423
vn -0.3275 -0.8600 0.3914
vn -0.4527 -0.7088 0.5410
vn -0.1074 -0.9904 0.0865
vn -0.0885 -0.9904 0.1058
vn -0.6252 -0.7088 0.3266
vn -0.3976 -0.8600 0.3200
vn -0.4524 -0.8600 0.2363
vn -0.6769 -0.7088 0.1983
vn -0.4898 -0.8600 0.1435
vn -0.1222 -0.9904 0.0638
vn -0.7026 -0.7088 0.0624
vn -0.1374 -0.9904 0.0122
vn -0.1323 -0.9904 0.0388
vn -0.7013 -0.7088 -0.0758
vn -0.5084 -0.8600 0.0452
vn -0.5074 -0.8600 -0.0549
vn -0.4869 -0.8600 -0.1528
vn -0.1316 -0.9904 -0.0413
vn -0.1371 -0.9904 -0.0148
vn -0.6730 -0.7088 -0.2112
vn -0.4478 -0.8600 -0.2449
vn -0.1210 -0.9904 -0.0662
vn -0.6189 -0.7088 -0.3384
vn -0.3914 -0.8599 -0.3275
vn -0.4423 -0.7088 -0.5495
vn -0.5410 -0.7088 -0.4527
vn -0.0865 -0.9904 -0.1074
vn -0.1058 -0.9904 -0.0885
vn -0.3266 -0.7088 -0.6252
vn -0.3200 -0.8600 -0.3976
vn -0.2363 -0.8600 -0.4524
vn -0.1983 -0.7088 -0.6769
vn -0.1435 -0.8600 -0.4898
vn -0.0638 -0.9904 -0.1222
vn -0.0624 -0.7088 -0.7026
vn -0.0122 -0.9904 -0.1374
vn -0.0388 -0.9904 -0.1323
vn 0.0758 -0.7088 -0.7013
vn -0.0452 -0.8600 -0.5084
vn 0.0549 -0.8600 -0.5074
vn 0.1528 -0.8600 -0.4870
vn 0.0413 -0.9904 -0.1316
vn 0.0148 -0.9904 -0.1371
vn 0.2112 -0.7088 -0.6730
vn 0.2449 -0.8600 -0.4478
vn 0.0662 -0.9904 -0.1210
vn 0.3384 -0.7088 -0.6189
vn 0.3275 -0.8600 -0.3914
vn 0.5495 -0.7088 -0.4423
vn 0.4527 -0.7088 -0.5410
vn 0.1074 -0.9904 -0.0865
vn 0.0885 -0.9904 -0.1058
vn 0.6252 -0.7088 -0.3266
vn 0.3976 -0.8600 -0.3200
vn 0.4524 -0.8600 -0.2363
vn 0.6769 -0.7088 -0.1983
vn 0.4898 -0.8600 -0.1435
vn 0.1222 -0.9904 -0.0638
vn 0.7026 -0.7088 -0.0624
vn 0.1374 -0.9904 -0.0122
vn 0.1323 -0.9904 -0.0388
vn 0.7013 -0.7088 0.0758
vn 0.5084 -0.8600 -0.0452
vn 0.5074 -0.8600 0.0549
vn 0.4869 -0.8600 0.1528
vn 0.1316 -0.9904 0.0413
vn 0.1371 -0.9904 0.0148
vn 0.6730 -0.7088 0.2112
vn 0.4478 -0.8600 0.2449
vn 0.1210 -0.9904 0.0662
vn 0.6189 -0.7088 0.3384
vn 0.3914 -0.8599 0.3275
vn 0.4423 -0.7088 0.5495
vn 0.5410 -0.7088 0.4527
vn 0.0865 -0.9904 0.1074
vn 0.1058 -0.9904 0.0885
vn 0.3266 -0.7088 0.6252
vn 0.3200 -0.8600 0.3976
vn 0.2363 -0.8600 0.4524
vn 0.1983 -0.7088 0.6769
vn 0.1435 -0.8600 0.4898
vn 0.0638 -0.9904 0.1222
vn 0.0624 -0.7088 0.7026
vn 0.0122 -0.9904 0.1374
vn 0.0388 -0.9904 0.1323
vn -0.0758 -0.7088 0.7013
vn 0.0452 -0.8600 0.5084
vn -0.0549 -0.8600 0.5074
vn -0.1528 -0.8600 0.4870
vn -0.0413 -0.9904 0.1316
vn -0.0148 -0.9904 0.1371
vn -0.2112 -0.7088 0.6730
vn -0.2449 -0.8600 0.4478
vn -0.0662 -0.9904 0.1210
vn -0.3384 -0.7088 0.6189
vn 0.1759 -0.7802 0.6003
vn 0.3673 -0.6086 0.7033
vn 0.2896 -0.7802 0.5545
vn -0.4630 -0.0000 -0.8864
vn -0.2787 0.1301 -0.9515
vn -0.2811 -0.0000 -0.9597
vn -0.0885 -0.0000 -0.9961
vn 0.1066 0.1301 -0.9858
vn 0.1075 -0.0000 -0.9942
vn 0.2994 -0.0000 -0.9541
vn 0.4757 0.1301 -0.8699
vn 0.4798 -0.0000 -0.8774
vn 0.6417 -0.0000 -0.7669
vn 0.7724 0.1301 -0.6217
vn 0.7790 -0.0000 -0.6270
vn 0.8864 -0.0000 -0.4630
vn 0.9515 0.1301 -0.2787
vn 0.9597 -0.0000 -0.2811
vn -0.1075 -0.0000 0.9942
vn -0.2969 0.1301 0.9460
vn -0.2994 -0.0000 0.9541
vn 0.9961 -0.0000 -0.0885
vn 0.9858 0.1301 0.1066
vn 0.9942 -0.0000 0.1075
vn 0.9541 -0.0000 0.2994
vn 0.8699 0.1301 0.4757
vn 0.8774 -0.0000 0.4798
vn -0.7790 -0.0000 0.6270
vn -0.8788 0.1301 0.4590
vn -0.8864 -0.0000 0.4630
vn 0.7669 -0.0000 0.6417
vn 0.6217 0.1301 0.7724
vn 0.6270 -0.0000 0.7790
vn -0.9597 -0.0000 0.2811
vn -0.9876 0.1301 0.0878
vn -0.9961 -0.0000 0.0885
vn 0.4630 -0.0000 0.8864
vn 0.2787 0.1301 0.9515
vn 0.2811 -0.0000 0.9597
vn -0.9942 -0.0000 -0.1075
vn -0.9460 0.1301 -0.2969
vn -0.9541 -0.0000 -0.2994
vn 0.0885 -0.0000 0.9961
vn -0.1066 0.1301 0.9858
vn -0.8774 -0.0000 -0.4798
vn -0.7604 0.1301 -0.6363
vn -0.4590 0.1301 -0.8788
vn -0.0878 0.1301 -0.9876
vn 0.2969 0.1301 -0.9460
vn 0.6363 0.1301 -0.7604
vn 0.8788 0.1301 -0.4590
vn 0.9876 0.1301 -0.0878
vn 0.9460 0.1301 0.2969
vn -0.7724 0.1301 0.6217
vn 0.7604 0.1301 0.6363
vn -0.9515 0.1301 0.2787
vn 0.4590 0.1301 0.8788
vn -0.9858 0.1301 -0.1066
vn 0.0878 0.1301 0.9876
vn -0.8699 0.1301 -0.4757
vn 0.2904 0.9255 0.2430
vn 0.1165 0.9826 0.1447
vn 0.2374 0.9255 0.2950
vn -0.1134 0.9255 0.3613
vn -0.3020 0.7771 0.5522
vn -0.1884 0.7771 0.6005
vn -0.4170 0.4947 0.7625
vn -0.2602 0.4947 0.8292
vn -0.4757 0.1301 0.8699
vn -0.0407 0.9255 0.3765
vn 0.0557 0.7771 0.6269
vn 0.0335 0.9255 0.3772
vn -0.0677 0.7771 0.6257
vn 0.0769 0.4947 0.8657
vn -0.0934 0.4947 0.8640
vn 0.1065 0.9255 0.3634
vn 0.2914 0.7771 0.5578
vn 0.1753 0.9255 0.3357
vn 0.1769 0.7771 0.6040
vn 0.4023 0.4947 0.7703
vn 0.2443 0.4947 0.8340
vn 0.4827 0.7771 0.4039
vn 0.3946 0.7771 0.4903
vn 0.6665 0.4947 0.5577
vn 0.3613 0.9255 0.1134
vn 0.5522 0.7771 0.3020
vn 0.6005 0.7771 0.1884
vn 0.7625 0.4947 0.4170
vn 0.8292 0.4947 0.2602
vn 0.3765 0.9255 0.0407
vn 0.6269 0.7771 -0.0557
vn 0.3772 0.9255 -0.0335
vn 0.6257 0.7771 0.0677
vn 0.8657 0.4947 -0.0769
vn 0.8640 0.4947 0.0934
vn 0.3634 0.9255 -0.1065
vn 0.5578 0.7771 -0.2914
vn 0.3357 0.9255 -0.1753
vn 0.6040 0.7771 -0.1769
vn 0.7703 0.4947 -0.4023
vn 0.8340 0.4947 -0.2443
vn 0.2950 0.9255 -0.2374
vn 0.4039 0.7771 -0.4827
vn 0.2430 0.9255 -0.2904
vn 0.4903 0.7771 -0.3946
vn 0.5577 0.4947 -0.6665
vn 0.1134 0.9255 -0.3613
vn 0.3020 0.7771 -0.5522
vn 0.1884 0.7771 -0.6005
vn 0.4170 0.4947 -0.7625
vn 0.2602 0.4947 -0.8292
vn 0.0407 0.9255 -0.3765
vn -0.0557 0.7771 -0.6269
vn -0.0335 0.9255 -0.3772
vn 0.0677 0.7771 -0.6257
vn -0.0769 0.4947 -0.8657
vn 0.0934 0.4947 -0.8640
vn -0.1065 0.9255 -0.3634
vn -0.2914 0.7771 -0.5578
vn -0.1753 0.9255 -0.3357
vn -0.1769 0.7771 -0.6040
vn -0.4023 0.4947 -0.7703
vn -0.2443 0.4947 -0.8340
vn -0.2374 0.9255 -0.2950
vn -0.4827 0.7771 -0.4039
vn -0.2904 0.9255 -0.2430
vn -0.3946 0.7771 -0.4903
vn -0.6665 0.4947 -0.5577
vn -0.3613 0.9255 -0.1134
vn -0.5522 0.7771 -0.3020
vn -0.6005 0.7771 -0.1884
vn -0.7625 0.4947 -0.4170
vn -0.8292 0.4947 -0.2602
vn -0.3765 0.9255 -0.0407
vn -0.6269 0.7771 0.0557
vn -0.3772 0.9255 0.0335
vn -0.6257 0.7771 -0.0677
vn -0.8657 0.4947 0.0769
vn -0.8640 0.4947 -0.0934
vn -0.3634 0.9255 0.1065
vn -0.5578 0.7771 0.2914
vn -0.3357 0.9255 0.1753
vn -0.6040 0.7771 0.1769
vn -0.7703 0.4947 0.4023
vn -0.8340 0.4947 0.2443
vn -0.2950 0.9255 0.2374
vn -0.4039 0.7771 0.4827
vn -0.2430 0.9255 0.2904
vn -0.4903 0.7771 0.3946
vn -0.5577 0.4947 0.6665
vn -0.1817 0.9255 0.3323
vn 0.5449 0.4947 0.6770
vn 0.3323 0.9255 0.1817
vn 0.6770 0.4947 -0.5449
vn 0.1817 0.9255 -0.3323
vn -0.5449 0.4947 -0.6770
vn -0.3323 0.9255 -0.1817
vn -0.6770 0.4947 0.5449
vn 0.0891 0.9826 -0.1630
vn 0.1192 0.9826 -0.1425
vn -0.1447 0.9826 0.1165
vn -0.1647 0.9826 0.0860
vn 0.1847 0.9826 0.0200
vn 0.1773 0.9826 0.0556
vn -0.1630 0.9826 -0.0891
vn -0.1425 0.9826 -0.1192
vn -0.1783 0.9826 0.0522
vn 0.0522 0.9826 0.1783
vn 0.0164 0.9826 0.1851
vn -0.0860 0.9826 -0.1647
vn -0.0522 0.9826 -0.1783
vn 0.1647 0.9826 -0.0860
vn 0.1783 0.9826 -0.0522
vn 0.0556 0.9826 -0.1773
vn 0.1851 0.9826 -0.0164
vn -0.1847 0.9826 -0.0200
vn 0.0200 0.9826 -0.1847
vn -0.1773 0.9826 -0.0556
vn -0.0200 0.9826 0.1847
vn 0.0860 0.9826 0.1647
vn -0.0164 0.9826 -0.1851
vn -0.0891 0.9826 0.1630
vn -0.1192 0.9826 0.1425
vn 0.1630 0.9826 0.0891
vn -0.1851 0.9826 0.0164
vn 0.1425 0.9826 0.1192
vn -0.1165 0.9826 -0.1447
vn -0.0556 0.9826 0.1773
vn 0.1447 0.9826 -0.1165
vn -0.0000 1.0000 -0.0000
vn -0.6231 -0.7802 0.0554
vn -0.7889 -0.6086 -0.0853
vn -0.7903 -0.6086 0.0702
vn 0.0554 -0.7802 0.6231
vn -0.0853 -0.6086 0.7889
vn 0.0702 -0.6086 0.7903
vn -0.3001 -0.7802 0.5488
vn -0.2376 -0.6086 0.7571
vn -0.1873 -0.7802 0.5969
vn -0.4873 -0.7802 0.3922
vn -0.5092 -0.6086 0.6085
vn -0.4014 -0.7802 0.4797
vn -0.6003 -0.7802 0.1759
vn -0.7033 -0.6086 0.3673
vn -0.5545 -0.7802 0.2896
vn -0.7615 -0.6086 0.2231
vn 0.6003 -0.7802 -0.1759
vn 0.7033 -0.6086 -0.3673
vn 0.5545 -0.7802 -0.2896
vn -0.5489 -0.7802 -0.3001
vn -0.7571 -0.6086 -0.2376
vn -0.5969 -0.7802 -0.1873
vn 0.6181 -0.6086 -0.4975
vn 0.4873 -0.7802 -0.3922
vn -0.3922 -0.7802 -0.4873
vn -0.6085 -0.6086 -0.5092
vn -0.4797 -0.7802 -0.4014
vn 0.6231 -0.7802 -0.0554
vn 0.7615 -0.6086 -0.2231
vn -0.1759 -0.7802 -0.6003
vn -0.3673 -0.6086 -0.7033
vn -0.2896 -0.7802 -0.5545
vn 0.5969 -0.7802 0.1873
vn 0.7889 -0.6086 0.0853
vn 0.6219 -0.7802 0.0673
vn -0.0554 -0.7802 -0.6231
vn 0.0853 -0.6086 -0.7889
vn -0.0702 -0.6086 -0.7903
vn 0.4797 -0.7802 0.4014
vn 0.6962 -0.6086 0.3807
vn 0.5489 -0.7802 0.3001
vn 0.3001 -0.7802 -0.5489
vn 0.2376 -0.6086 -0.7571
vn 0.1873 -0.7802 -0.5969
vn 0.4975 -0.6086 0.6181
vn 0.3922 -0.7802 0.4873
vn 0.2231 -0.6086 0.7615
vn -0.0673 -0.7802 0.6219
vn -0.3807 -0.6086 0.6962
vn -0.6181 -0.6086 0.4975
vn -0.2046 -0.9770 0.0599
vn -0.6219 -0.7802 -0.0673
vn -0.6962 -0.6086 -0.3807
vn 0.4014 -0.7802 -0.4797
vn 0.3807 -0.6086 -0.6962
vn -0.4975 -0.6086 -0.6181
vn 0.7903 -0.6086 -0.0702
vn -0.2231 -0.6086 -0.7615
vn 0.7571 -0.6086 0.2376
vn 0.0673 -0.7802 -0.6219
vn 0.6085 -0.6086 0.5092
vn -0.0000 -1.0000 -0.0000
vn 0.2034 -0.9770 0.0638
vn -0.2120 -0.9770 -0.0229
vn -0.2124 -0.9770 0.0189
vn 0.1871 -0.9770 0.1023
vn 0.1635 -0.9770 0.1368
vn -0.2034 -0.9770 -0.0638
vn 0.0987 -0.9770 0.1890
vn 0.1337 -0.9770 0.1661
vn -0.1871 -0.9770 -0.1023
vn 0.0599 -0.9770 0.2046
vn -0.1635 -0.9770 -0.1368
vn -0.0987 -0.9770 -0.1890
vn -0.1337 -0.9770 -0.1661
vn -0.0229 -0.9770 0.2120
vn 0.0189 -0.9770 0.2124
vn -0.0599 -0.9770 -0.2046
vn 0.1368 -0.9770 -0.1635
vn -0.0638 -0.9770 0.2034
vn 0.1890 -0.9770 -0.0987
vn 0.1661 -0.9770 -0.1337
vn 0.0229 -0.9770 -0.2120
vn -0.0189 -0.9770 -0.2124
vn -0.1023 -0.9770 0.1871
vn 0.2046 -0.9770 -0.0599
vn -0.1368 -0.9770 0.1635
vn 0.0638 -0.9770 -0.2034
vn -0.1890 -0.9770 0.0987
vn -0.1661 -0.9770 0.1337
vn 0.2120 -0.9770 0.0229
vn 0.2124 -0.9770 -0.0189
vn 0.1023 -0.9770 -0.1871
vn 0.5092 -0.6086 -0.6085
vt 0.209393 0.454146
vt 0.250000 0.458146
vt 0.250000 0.458146
vt 0.250416 0.489959
vt 0.293714 0.469767
vt 0.296405 0.485429
vt 0.290607 0.454146
vt 0.341444 0.471853
vt 0.335749 0.457016
vt 0.329654 0.442302
vt 0.342213 0.471534
vt 0.374488 0.436310
vt 0.382968 0.449750
vt 0.365640 0.423067
vt 0.383660 0.449287
vt 0.408443 0.408443
vt 0.419382 0.419971
vt 0.397181 0.397181
vt 0.449287 0.383660
vt 0.436310 0.374488
vt 0.423067 0.365640
vt 0.471534 0.342213
vt 0.457016 0.335749
vt 0.442302 0.329654
vt 0.471853 0.341444
vt 0.469767 0.293714
vt 0.485267 0.297222
vt 0.454146 0.290607
vt 0.485429 0.296405
vt 0.474073 0.250000
vt 0.489959 0.250416
vt 0.458146 0.250000
vt 0.489959 0.249584
vt 0.469767 0.206286
vt 0.485429 0.203595
vt 0.454146 0.209393
vt 0.471853 0.158556
vt 0.457016 0.164251
vt 0.442302 0.170346
vt 0.471534 0.157787
vt 0.436310 0.125512
vt 0.449750 0.117032
vt 0.423067 0.134360
vt 0.449287 0.116340
vt 0.408443 0.091557
vt 0.419971 0.080618
vt 0.397181 0.102819
vt 0.383660 0.050713
vt 0.374488 0.063690
vt 0.365640 0.076933
vt 0.342213 0.028466
vt 0.335749 0.042984
vt 0.329654 0.057698
vt 0.341444 0.028147
vt 0.293714 0.030233
vt 0.297222 0.014733
vt 0.290607 0.045854
vt 0.296405 0.014571
vt 0.250000 0.025927
vt 0.250416 0.010041
vt 0.250000 0.041854
vt 0.249584 0.010041
vt 0.206286 0.030233
vt 0.203595 0.014571
vt 0.209393 0.045854
vt 0.158556 0.028147
vt 0.164251 0.042984
vt 0.170346 0.057698
vt 0.157787 0.028466
vt 0.125512 0.063690
vt 0.117032 0.050250
vt 0.134360 0.076933
vt 0.116340 0.050713
vt 0.091557 0.091557
vt 0.080618 0.080029
vt 0.102819 0.102819
vt 0.050713 0.116340
vt 0.063690 0.125512
vt 0.076933 0.134360
vt 0.028466 0.157787
vt 0.042984 0.164251
vt 0.057698 0.170346
vt 0.028147 0.158556
vt 0.030233 0.206286
vt 0.014733 0.202778
vt 0.045854 0.209393
vt 0.014571 0.203595
vt 0.025927 0.250000
vt 0.010041 0.249584
vt 0.041854 0.250000
vt 0.010041 0.250416
vt 0.030233 0.293714
vt 0.014571 0.296405
vt 0.045854 0.290607
vt 0.028147 0.341444
vt 0.042984 0.335749
vt 0.057698 0.329654
vt 0.028466 0.342213
vt 0.063690 0.374488
vt 0.050250 0.382968
vt 0.076933 0.365640
vt 0.050713 0.383660
vt 0.091557 0.408443
vt 0.080029 0.419382
vt 0.102819 0.397181
vt 0.116340 0.449287
vt 0.125512 0.436310
vt 0.134361 0.423067
vt 0.157787 0.471534
vt 0.164251 0.457016
vt 0.170346 0.442302
vt 0.158556 0.471853
vt 0.206286 0.469767
vt 0.202778 0.485267
vt 0.203595 0.485429
vt 0.250000 0.474073
vt 0.249584 0.489959
vt 0.968824 0.501955
vt 0.999725 0.500000
vt 0.999927 0.501955
vt 0.750411 0.489959
vt 0.795176 0.477116
vt 0.750000 0.481565
vt 0.937574 0.501955
vt 0.968475 0.500000
vt 0.968676 0.501955
vt 0.841448 0.471851
vt 0.797217 0.485268
vt 0.906324 0.501955
vt 0.937225 0.500000
vt 0.937426 0.501955
vt 0.882972 0.449748
vt 0.838616 0.463938
vt 0.842209 0.471536
vt 0.875074 0.501955
vt 0.905975 0.500000
vt 0.906177 0.501955
vt 0.883656 0.449290
vt 0.913741 0.413741
vt 0.878650 0.442539
vt 0.843824 0.501955
vt 0.874725 0.500000
vt 0.874927 0.501955
vt 0.949290 0.383656
vt 0.919968 0.419386
vt 0.843676 0.501955
vt 0.812775 0.500000
vt 0.843475 0.500000
vt 0.949748 0.382972
vt 0.963938 0.338616
vt 0.942539 0.378651
vt 0.812426 0.501955
vt 0.781525 0.500000
vt 0.812225 0.500000
vt 0.971851 0.341448
vt 0.977115 0.295176
vt 0.781177 0.501955
vt 0.750275 0.500000
vt 0.780975 0.500000
vt 0.989959 0.250411
vt 0.985429 0.296410
vt 0.718824 0.501955
vt 0.749725 0.500000
vt 0.749926 0.501955
vt 0.989959 0.249589
vt 0.977115 0.204824
vt 0.981565 0.250000
vt 0.687574 0.501955
vt 0.718475 0.500000
vt 0.718676 0.501955
vt 0.971851 0.158552
vt 0.985268 0.202783
vt 0.656324 0.501955
vt 0.687225 0.500000
vt 0.687426 0.501955
vt 0.949748 0.117028
vt 0.963938 0.161384
vt 0.971536 0.157791
vt 0.625074 0.501955
vt 0.655975 0.500000
vt 0.656176 0.501955
vt 0.949290 0.116344
vt 0.913741 0.086259
vt 0.942539 0.121349
vt 0.593824 0.501955
vt 0.624725 0.500000
vt 0.624927 0.501955
vt 0.883656 0.050710
vt 0.919386 0.080032
vt 0.593677 0.501955
vt 0.562775 0.500000
vt 0.593475 0.500000
vt 0.882972 0.050252
vt 0.838616 0.036062
vt 0.878651 0.057460
vt 0.562426 0.501955
vt 0.531525 0.500000
vt 0.562225 0.500000
vt 0.841448 0.028149
vt 0.795176 0.022884
vt 0.531176 0.501955
vt 0.500275 0.500000
vt 0.530975 0.500000
vt 0.750411 0.010041
vt 0.796410 0.014571
vt 0.468824 0.501955
vt 0.499725 0.500000
vt 0.499926 0.501955
vt 0.749589 0.010041
vt 0.704824 0.022884
vt 0.750000 0.018435
vt 0.437574 0.501955
vt 0.468475 0.500000
vt 0.468676 0.501955
vt 0.658552 0.028149
vt 0.702783 0.014732
vt 0.406324 0.501955
vt 0.437225 0.500000
vt 0.437426 0.501955
vt 0.617028 0.050252
vt 0.661384 0.036062
vt 0.657791 0.028464
vt 0.375074 0.501955
vt 0.405975 0.500000
vt 0.406176 0.501955
vt 0.616344 0.050710
vt 0.586259 0.086259
vt 0.621349 0.057460
vt 0.343824 0.501955
vt 0.374725 0.500000
vt 0.374926 0.501955
vt 0.550710 0.116344
vt 0.580032 0.080614
vt 0.343676 0.501955
vt 0.312775 0.500000
vt 0.343475 0.500000
vt 0.550252 0.117028
vt 0.536062 0.161384
vt 0.557460 0.121349
vt 0.312426 0.501955
vt 0.281525 0.500000
vt 0.312225 0.500000
vt 0.528149 0.158552
vt 0.522884 0.204824
vt 0.281176 0.501955
vt 0.250275 0.500000
vt 0.280975 0.500000
vt 0.510040 0.249589
vt 0.514571 0.203590
vt 0.218824 0.501955
vt 0.249725 0.500000
vt 0.249926 0.501955
vt 0.510041 0.250411
vt 0.522884 0.295176
vt 0.518435 0.250000
vt 0.187574 0.501955
vt 0.218475 0.500000
vt 0.218676 0.501955
vt 0.528149 0.341448
vt 0.514732 0.297217
vt 0.156324 0.501955
vt 0.187225 0.500000
vt 0.187426 0.501955
vt 0.550252 0.382972
vt 0.536062 0.338616
vt 0.528464 0.342209
vt 0.125074 0.501955
vt 0.155975 0.500000
vt 0.156176 0.501955
vt 0.550709 0.383656
vt 0.586259 0.413741
vt 0.557460 0.378651
vt 0.093824 0.501955
vt 0.124725 0.500000
vt 0.124926 0.501955
vt 0.616344 0.449290
vt 0.580614 0.419968
vt 0.093676 0.501955
vt 0.062775 0.500000
vt 0.093475 0.500000
vt 0.617028 0.449748
vt 0.661384 0.463938
vt 0.621349 0.442540
vt 0.062426 0.501955
vt 0.031525 0.500000
vt 0.062225 0.500000
vt 0.658552 0.471851
vt 0.704824 0.477116
vt 0.031176 0.501955
vt 0.000275 0.500000
vt 0.030975 0.500000
vt 0.749589 0.489959
vt 0.703590 0.485429
vt 0.942539 0.121349
vt 0.423067 0.134360
vt 0.365640 0.076933
vt 0.134360 0.076933
vt 0.170346 0.442302
vt 0.076933 0.134360
vt 0.086033 0.140441
vt 0.067810 0.174534
vt 0.045854 0.290607
vt 0.397181 0.397181
vt 0.442302 0.329654
vt 0.442302 0.170346
vt 0.329654 0.057698
vt 0.170346 0.057698
vt 0.057698 0.170346
vt 0.290607 0.454146
vt 0.041854 0.250000
vt 0.057698 0.329654
vt 0.423067 0.365640
vt 0.102819 0.397181
vt 0.052799 0.250000
vt 0.056588 0.288472
vt 0.174534 0.432191
vt 0.210460 0.448779
vt 0.172440 0.437246
vt 0.209396 0.454133
vt 0.170352 0.442289
vt 0.209393 0.454146
vt 0.140441 0.413967
vt 0.106688 0.393312
vt 0.110558 0.389443
vt 0.137401 0.418517
vt 0.102829 0.397171
vt 0.134368 0.423055
vt 0.086033 0.359559
vt 0.062754 0.327560
vt 0.067810 0.325466
vt 0.081483 0.362599
vt 0.057712 0.329649
vt 0.076945 0.365632
vt 0.047327 0.250000
vt 0.051221 0.289540
vt 0.041868 0.250000
vt 0.051221 0.210460
vt 0.062754 0.172440
vt 0.045868 0.209396
vt 0.057712 0.170352
vt 0.106688 0.106688
vt 0.110558 0.110558
vt 0.081483 0.137401
vt 0.102829 0.102829
vt 0.076945 0.134368
vt 0.140441 0.086033
vt 0.172440 0.062754
vt 0.174534 0.067810
vt 0.137401 0.081483
vt 0.170352 0.057712
vt 0.134368 0.076945
vt 0.211528 0.056588
vt 0.250000 0.047327
vt 0.250000 0.052799
vt 0.210460 0.051221
vt 0.250000 0.041868
vt 0.325466 0.067810
vt 0.289540 0.051221
vt 0.327560 0.062754
vt 0.290605 0.045868
vt 0.329648 0.057712
vt 0.359559 0.086033
vt 0.393312 0.106688
vt 0.389442 0.110558
vt 0.362599 0.081483
vt 0.397171 0.102829
vt 0.365632 0.076945
vt 0.413967 0.140441
vt 0.437246 0.172440
vt 0.432190 0.174534
vt 0.418517 0.137401
vt 0.442289 0.170352
vt 0.423055 0.134368
vt 0.443412 0.211528
vt 0.452673 0.250000
vt 0.447201 0.250000
vt 0.448779 0.210460
vt 0.458132 0.250000
vt 0.432190 0.325466
vt 0.448779 0.289540
vt 0.437246 0.327560
vt 0.454132 0.290604
vt 0.442289 0.329648
vt 0.413967 0.359559
vt 0.393312 0.393312
vt 0.389442 0.389442
vt 0.418517 0.362599
vt 0.397171 0.397171
vt 0.423055 0.365632
vt 0.359559 0.413967
vt 0.327560 0.437246
vt 0.325466 0.432190
vt 0.362599 0.418517
vt 0.329648 0.442289
vt 0.365632 0.423055
vt 0.288472 0.443412
vt 0.250000 0.452674
vt 0.250000 0.447202
vt 0.289540 0.448779
vt 0.250000 0.458132
vt 0.211528 0.443412
vt 0.045868 0.290605
vt 0.056588 0.211528
vt 0.209396 0.045868
vt 0.288472 0.056588
vt 0.454132 0.209396
vt 0.443412 0.288472
vt 0.290605 0.454133
vt 0.586259 0.086259
vt 0.704824 0.022884
vt 0.621349 0.057460
vt 0.878650 0.442539
vt 0.913741 0.413741
vt 0.557460 0.378651
vt 0.963938 0.338616
vt 0.981565 0.250000
vt 0.913741 0.086259
vt 0.838616 0.036062
vt 0.621349 0.057460
vt 0.750000 0.481565
vt 0.586259 0.413741
vt 0.557460 0.378651
vt 0.977115 0.295176
vt 0.661384 0.463938
vt 0.977116 0.204824
vt 0.963938 0.338616
vt 0.977115 0.295176
vt 0.977115 0.204824
vt 0.963938 0.161384
vt 0.878651 0.057460
vt 0.838616 0.036062
vt 0.795176 0.477116
vt 0.621349 0.442540
vt 0.942539 0.378651
vt 0.795176 0.477116
vt 0.942539 0.378651
vt 0.557460 0.121349
vt 0.297222 0.485267
vt 0.419971 0.419382
vt 0.449750 0.382968
vt 0.485267 0.202778
vt 0.419382 0.080029
vt 0.382968 0.050250
vt 0.202778 0.014733
vt 0.080029 0.080618
vt 0.050250 0.117032
vt 0.014733 0.297222
vt 0.080618 0.419971
vt 0.117032 0.449750
vt 0.969025 0.500000
vt 0.796410 0.485429
vt 0.937775 0.500000
vt 0.906525 0.500000
vt 0.875275 0.500000
vt 0.919386 0.419968
vt 0.844025 0.500000
vt 0.812574 0.501955
vt 0.971536 0.342209
vt 0.781324 0.501955
vt 0.985268 0.297217
vt 0.750074 0.501955
vt 0.719025 0.500000
vt 0.985429 0.203590
vt 0.687775 0.500000
vt 0.656525 0.500000
vt 0.625275 0.500000
vt 0.919968 0.080614
vt 0.594025 0.500000
vt 0.562574 0.501955
vt 0.842209 0.028464
vt 0.531324 0.501955
vt 0.797217 0.014732
vt 0.500074 0.501955
vt 0.469025 0.500000
vt 0.703590 0.014571
vt 0.437775 0.500000
vt 0.406525 0.500000
vt 0.375275 0.500000
vt 0.580614 0.080032
vt 0.344025 0.500000
vt 0.312574 0.501955
vt 0.528464 0.157791
vt 0.281324 0.501955
vt 0.514732 0.202783
vt 0.250074 0.501955
vt 0.219025 0.500000
vt 0.514571 0.296410
vt 0.187775 0.500000
vt 0.156525 0.500000
vt 0.125275 0.500000
vt 0.580032 0.419386
vt 0.094025 0.500000
vt 0.062574 0.501955
vt 0.657791 0.471536
vt 0.031324 0.501955
vt 0.702783 0.485268
vt 0.000074 0.501955
s 1
f 126/1/1 350/2/2 33/3/3
f 35/4/4 37/5/5 38/6/6
f 37/5/5 33/3/7 36/7/8
f 41/8/9 37/5/5 40/9/10
f 37/5/5 39/10/11 40/9/10
f 41/11/9 43/12/12 44/13/13
f 40/9/10 42/14/14 43/12/12
f 44/15/13 46/16/15 47/17/16
f 46/16/15 42/14/14 45/18/17
f 50/19/18 46/16/15 49/20/19
f 46/16/15 48/21/20 49/20/19
f 53/22/21 49/20/19 52/23/22
f 49/20/19 51/24/23 52/23/22
f 53/25/21 55/26/24 56/27/25
f 55/26/24 51/24/23 54/28/26
f 56/29/25 58/30/27 59/31/28
f 55/26/24 57/32/29 58/30/27
f 59/33/28 61/34/30 62/35/31
f 61/34/30 57/32/29 60/36/32
f 65/37/33 61/34/30 64/38/34
f 61/34/30 63/39/35 64/38/34
f 65/40/33 67/41/36 68/42/37
f 64/38/34 66/43/38 67/41/36
f 68/44/37 70/45/39 71/46/40
f 70/45/39 66/43/38 69/47/41
f 74/48/42 70/45/39 73/49/43
f 70/45/39 72/50/44 73/49/43
f 77/51/45 73/49/43 76/52/46
f 73/49/43 75/53/47 76/52/46
f 77/54/45 79/55/48 80/56/49
f 79/55/48 75/53/47 78/57/50
f 80/58/49 82/59/51 83/60/52
f 79/55/48 81/61/53 82/59/51
f 83/62/52 85/63/54 86/64/55
f 85/63/54 81/61/53 84/65/56
f 89/66/57 85/63/54 88/67/58
f 85/63/54 87/68/59 88/67/58
f 89/69/57 91/70/60 92/71/61
f 88/67/58 90/72/62 91/70/60
f 92/73/61 94/74/63 95/75/64
f 94/74/63 90/72/62 93/76/65
f 98/77/66 94/74/63 97/78/67
f 94/74/63 96/79/68 97/78/67
f 101/80/69 97/78/67 100/81/70
f 97/78/67 99/82/71 100/81/70
f 101/83/69 103/84/72 104/85/73
f 103/84/72 99/82/71 102/86/74
f 104/87/73 106/88/75 107/89/76
f 103/84/72 105/90/77 106/88/75
f 107/91/76 109/92/78 110/93/79
f 109/92/78 105/90/77 108/94/80
f 113/95/81 109/92/78 112/96/82
f 109/92/78 111/97/83 112/96/82
f 113/98/81 115/99/84 116/100/85
f 112/96/82 114/101/86 115/99/84
f 116/102/85 118/103/87 119/104/88
f 118/103/87 114/101/86 117/105/89
f 122/106/90 118/103/87 121/107/91
f 118/103/87 120/108/92 121/107/91
f 125/109/93 121/107/91 124/110/94
f 121/107/91 123/111/95 124/110/94
f 125/112/93 127/113/96 128/114/97
f 127/113/96 123/111/95 126/1/98
f 128/115/97 34/116/99 35/117/4
f 127/113/96 33/3/7 34/116/99
f 57/32/100 314/36/101 60/36/102
f 133/118/103 130/119/104 131/120/105
f 130/121/104 132/122/106 129/123/107
f 136/124/108 134/125/109 133/126/103
f 137/127/110 132/122/106 134/128/109
f 139/129/111 137/130/110 136/131/108
f 140/132/112 135/133/113 137/134/110
f 142/135/114 140/136/112 139/137/111
f 140/138/112 141/139/115 138/140/116
f 145/141/117 143/142/118 142/143/114
f 146/144/119 141/139/115 143/145/118
f 145/146/117 149/147/120 146/148/119
f 146/149/119 147/150/121 144/151/122
f 148/152/123 152/153/124 149/154/120
f 149/155/120 150/156/125 147/150/121
f 151/157/126 155/158/127 152/159/124
f 155/160/127 150/156/125 152/161/124
f 157/162/128 155/163/127 154/164/129
f 155/165/127 156/166/130 153/167/131
f 160/168/132 158/169/133 157/170/128
f 161/171/134 156/166/130 158/172/133
f 163/173/135 161/174/134 160/175/132
f 164/176/136 159/177/137 161/178/134
f 166/179/138 164/180/136 163/181/135
f 164/182/136 165/183/139 162/184/140
f 169/185/141 167/186/142 166/187/138
f 170/188/143 165/183/139 167/189/142
f 169/190/141 173/191/144 170/192/143
f 170/193/143 171/194/145 168/195/146
f 172/196/147 176/197/148 173/198/144
f 173/199/144 174/200/149 171/194/145
f 175/201/150 179/202/151 176/203/148
f 179/204/151 174/200/149 176/205/148
f 181/206/152 179/207/151 178/208/153
f 179/209/151 180/210/154 177/211/155
f 184/212/156 182/213/157 181/214/152
f 185/215/158 180/210/154 182/216/157
f 187/217/159 185/218/158 184/219/156
f 188/220/160 183/221/161 185/222/158
f 190/223/162 188/224/160 187/225/159
f 188/226/160 189/227/163 186/228/164
f 193/229/165 191/230/166 190/231/162
f 194/232/167 189/227/163 191/233/166
f 193/234/165 197/235/168 194/236/167
f 194/237/167 195/238/169 192/239/170
f 196/240/171 200/241/172 197/242/168
f 197/243/168 198/244/173 195/238/169
f 199/245/174 203/246/175 200/247/172
f 203/248/175 198/244/173 200/249/172
f 205/250/176 203/251/175 202/252/177
f 203/253/175 204/254/178 201/255/179
f 208/256/180 206/257/181 205/258/176
f 209/259/182 204/254/178 206/260/181
f 211/261/183 209/262/182 208/263/180
f 212/264/184 207/265/185 209/266/182
f 214/267/186 212/268/184 211/269/183
f 212/270/184 213/271/187 210/272/188
f 217/273/189 215/274/190 214/275/186
f 218/276/191 213/271/187 215/277/190
f 217/278/189 221/279/192 218/280/191
f 218/281/191 219/282/193 216/283/194
f 220/284/195 224/285/196 221/286/192
f 221/287/192 222/288/197 219/282/193
f 223/289/198 130/290/104 224/291/196
f 130/292/104 222/288/197 224/293/196
f 440/294/199 395/177/200 438/177/201
f 63/39/202 306/295/203 66/43/204
f 69/47/205 298/296/206 72/50/207
f 75/53/208 290/57/209 78/57/210
f 81/61/211 282/65/212 84/65/213
f 87/68/214 274/297/215 90/72/216
f 120/108/217 230/298/218 123/111/219
f 93/76/220 266/299/221 96/79/222
f 21/300/222 372/301/223 24/301/223
f 99/82/223 258/86/224 102/86/225
f 36/7/226 342/10/227 39/10/228
f 105/90/229 250/302/230 108/94/231
f 42/14/232 334/303/233 45/18/234
f 111/97/235 242/101/236 114/101/237
f 48/21/238 326/304/239 51/24/240
f 117/105/241 234/108/242 120/108/217
f 54/28/243 318/32/244 57/32/100
f 60/36/102 310/305/245 63/39/202
f 66/43/204 302/47/246 69/47/205
f 72/50/207 294/306/247 75/53/208
f 78/57/210 286/61/248 81/61/211
f 84/65/213 278/307/249 87/68/214
f 90/72/216 270/76/250 93/76/220
f 96/79/222 262/308/251 99/82/223
f 33/3/3 346/309/252 36/7/226
f 102/86/225 254/310/253 105/90/229
f 39/10/228 338/14/254 42/14/232
f 108/94/231 246/311/255 111/97/235
f 45/18/234 330/312/256 48/21/238
f 114/101/237 238/313/257 117/105/241
f 51/24/240 322/28/258 54/28/243
f 253/314/259 25/315/260 249/315/261
f 229/316/262 227/317/263 231/318/264
f 231/318/264 228/319/265 232/320/266
f 232/320/266 226/321/267 230/111/218
f 233/322/268 239/323/269 237/324/270
f 235/325/271 240/326/272 239/323/269
f 236/327/273 238/105/257 240/326/272
f 241/328/274 247/329/275 245/330/276
f 243/331/277 248/332/278 247/329/275
f 244/333/279 246/97/255 248/332/278
f 249/315/261 255/334/280 253/314/259
f 251/335/281 256/336/282 255/334/280
f 256/336/282 250/302/230 254/90/253
f 261/301/283 259/337/284 263/338/285
f 263/338/285 260/339/286 264/340/287
f 264/340/287 258/86/224 262/82/251
f 265/300/288 271/341/289 269/342/290
f 267/343/291 272/344/292 271/341/289
f 268/345/293 270/76/250 272/344/292
f 273/346/294 279/347/295 277/348/296
f 275/349/297 280/350/298 279/347/295
f 276/351/299 278/68/249 280/350/298
f 281/352/300 287/353/301 285/354/302
f 283/355/303 288/356/304 287/353/301
f 288/356/304 282/65/212 286/61/248
f 293/357/305 291/358/306 295/359/307
f 295/359/307 292/360/308 296/361/309
f 296/361/309 290/57/209 294/53/247
f 297/362/310 303/363/311 301/364/312
f 299/365/313 304/366/314 303/363/311
f 300/367/315 302/47/246 304/366/314
f 305/368/316 311/369/317 309/370/318
f 307/371/319 312/372/320 311/369/317
f 308/373/321 310/39/245 312/372/320
f 313/374/322 319/375/323 317/376/324
f 315/377/325 320/378/326 319/375/323
f 320/378/326 314/36/101 318/32/244
f 325/379/327 323/380/328 327/381/329
f 327/381/329 324/382/330 328/383/331
f 328/383/331 322/28/258 326/24/239
f 329/384/332 335/385/333 333/386/334
f 331/387/335 336/388/336 335/385/333
f 332/389/337 334/18/233 336/388/336
f 337/390/338 343/391/339 341/392/340
f 339/393/341 344/394/342 343/391/339
f 340/395/343 342/10/227 344/394/342
f 345/396/344 351/397/345 349/398/346
f 347/399/347 352/400/348 351/397/345
f 352/400/348 346/309/252 350/3/2
f 349/398/346 227/317/263 225/401/349
f 227/317/263 352/400/348 228/319/265
f 352/400/348 226/1/267 228/319/265
f 233/322/268 231/318/264 235/325/271
f 235/325/271 232/320/266 236/327/273
f 236/327/273 230/298/218 234/108/242
f 241/328/274 239/323/269 243/331/277
f 239/323/269 244/333/279 243/331/277
f 240/326/272 242/101/236 244/333/279
f 245/330/276 251/335/281 249/315/261
f 247/329/275 252/402/350 251/335/281
f 248/332/278 250/302/230 252/402/350
f 253/314/259 259/337/284 257/403/351
f 259/337/284 256/336/282 260/339/286
f 256/336/282 258/86/224 260/339/286
f 265/300/288 263/338/285 267/343/291
f 267/343/291 264/340/287 268/345/293
f 268/345/293 262/308/251 266/79/221
f 273/346/294 271/341/289 275/349/297
f 271/341/289 276/351/299 275/349/297
f 272/344/292 274/72/215 276/351/299
f 277/348/296 283/355/303 281/352/300
f 279/347/295 284/404/352 283/355/303
f 280/350/298 282/65/212 284/404/352
f 285/354/302 291/358/306 289/405/353
f 291/358/306 288/356/304 292/360/308
f 288/356/304 290/57/209 292/360/308
f 297/362/310 295/359/307 299/365/313
f 299/365/313 296/361/309 300/367/315
f 300/367/315 294/306/247 298/50/206
f 305/368/316 303/363/311 307/371/319
f 303/363/311 308/373/321 307/371/319
f 304/366/314 306/43/203 308/373/321
f 309/370/318 315/377/325 313/374/322
f 311/369/317 316/406/354 315/377/325
f 312/372/320 314/36/101 316/406/354
f 317/376/324 323/380/328 321/407/355
f 323/380/328 320/378/326 324/382/330
f 320/378/326 322/28/258 324/382/330
f 329/384/332 327/381/329 331/387/335
f 331/387/335 328/383/331 332/389/337
f 332/389/337 326/304/239 330/21/256
f 337/390/338 335/385/333 339/393/341
f 335/385/333 340/395/343 339/393/341
f 336/388/336 338/14/254 340/395/343
f 341/392/340 347/399/347 345/396/344
f 343/391/339 348/408/356 347/399/347
f 344/394/342 346/7/252 348/408/356
f 123/111/219 226/321/267 126/1/1
f 285/354/302 15/405/357 18/354/358
f 341/392/340 1/396/359 4/392/360
f 261/301/283 21/300/361 24/301/362
f 317/376/324 7/407/363 10/376/364
f 337/390/338 4/392/360 3/390/365
f 237/324/270 27/328/366 30/324/367
f 305/368/316 12/370/368 11/368/369
f 273/346/294 20/348/370 19/346/371
f 245/330/276 27/328/366 241/328/274
f 297/362/310 16/357/372 293/357/305
f 273/346/294 22/342/373 269/342/290
f 333/386/334 5/384/374 329/384/332
f 301/364/312 13/362/375 297/362/310
f 269/342/290 21/300/361 265/300/288
f 329/384/332 8/379/376 325/379/327
f 237/324/270 29/322/377 233/322/268
f 245/330/276 25/315/260 28/330/378
f 305/368/316 14/364/379 301/364/312
f 349/398/346 31/401/380 2/398/381
f 281/352/300 20/348/370 277/348/296
f 325/379/327 7/407/363 321/407/355
f 293/357/305 15/405/357 289/405/353
f 261/301/283 23/403/382 257/403/351
f 229/316/262 31/401/380 225/401/349
f 337/390/338 6/386/383 333/386/334
f 253/314/259 23/403/382 26/314/384
f 309/370/318 9/374/385 12/370/368
f 233/322/268 32/316/386 229/316/262
f 349/398/346 1/396/359 345/396/344
f 317/376/324 9/374/385 313/374/322
f 285/354/302 17/352/387 281/352/300
f 359/348/388 357/370/388 355/392/388
f 9/374/102 357/370/202 12/370/202
f 11/368/204 364/364/205 14/364/205
f 31/401/1 354/398/3 2/398/3
f 29/322/217 374/316/219 32/316/219
f 17/352/213 359/348/214 20/348/214
f 19/346/216 365/342/220 22/342/220
f 4/392/228 356/390/232 3/390/232
f 7/407/243 378/376/100 10/376/100
f 6/386/234 367/384/238 5/384/238
f 27/328/237 366/324/241 30/324/241
f 25/315/231 361/330/235 28/330/235
f 15/405/210 379/354/211 18/354/211
f 14/364/205 369/362/207 13/362/207
f 8/379/240 375/407/243 7/407/243
f 1/396/226 354/398/3 381/396/226
f 23/403/225 380/314/229 26/314/229
f 12/370/202 358/368/204 11/368/204
f 22/342/220 371/300/222 21/300/222
f 30/324/241 373/322/217 29/322/217
f 10/376/100 382/374/102 9/374/102
f 18/354/211 383/352/213 17/352/213
f 20/348/214 360/346/216 19/346/216
f 16/357/208 376/405/210 15/405/210
f 26/314/229 384/315/231 25/315/231
f 28/330/235 362/328/237 27/328/237
f 24/301/223 377/403/225 23/403/225
f 32/316/219 353/401/1 31/401/1
f 5/384/238 368/379/240 8/379/240
f 13/362/207 370/357/208 16/357/208
f 1/396/226 355/392/228 4/392/228
f 3/390/232 363/386/234 6/386/234
f 458/409/389 406/239/390 405/227/391
f 442/183/392 398/195/393 397/183/394
f 448/200/395 399/194/396 446/194/397
f 452/410/398 401/211/399 450/211/400
f 456/411/401 403/221/402 454/221/403
f 458/227/389 404/228/404 456/228/401
f 424/412/405 387/133/406 422/133/407
f 464/244/408 407/238/409 462/238/410
f 422/133/407 385/122/411 418/122/412
f 468/254/413 409/255/414 466/255/415
f 426/413/416 388/140/417 424/140/405
f 472/414/418 411/265/419 470/265/420
f 430/415/421 390/151/422 428/151/423
f 474/271/424 414/283/425 413/271/426
f 434/416/427 392/156/428 432/156/429
f 480/288/430 415/282/431 478/282/432
f 438/177/201 394/166/433 436/166/434
f 442/417/392 396/184/435 440/184/199
f 446/418/397 398/195/393 444/195/436
f 450/211/400 400/200/437 448/200/395
f 454/221/403 402/210/438 452/210/398
f 189/227/163 455/419/439 186/228/164
f 462/238/410 406/239/390 460/239/440
f 466/255/415 408/244/441 464/244/408
f 419/420/442 416/288/443 480/288/430
f 470/265/420 410/254/444 468/254/413
f 426/139/416 390/151/422 389/139/445
f 474/421/424 412/272/446 472/422/418
f 432/423/429 391/150/447 430/150/421
f 478/424/432 414/283/425 476/283/448
f 436/425/434 393/167/449 434/167/427
f 400/200/450 408/244/450 416/288/450
f 150/156/125 429/426/451 147/150/121
f 189/227/163 459/239/452 457/227/453
f 153/167/131 431/427/454 150/156/125
f 195/238/169 459/239/452 192/239/170
f 156/166/130 433/167/455 153/167/131
f 198/244/173 461/238/456 195/238/169
f 156/166/130 437/177/457 435/428/458
f 201/255/179 463/244/459 198/244/173
f 159/177/137 439/184/460 437/429/457
f 204/254/178 465/255/461 201/255/179
f 165/183/139 439/184/460 162/184/140
f 204/254/178 469/265/462 467/254/463
f 165/183/139 443/195/464 441/183/465
f 207/265/185 471/272/466 469/265/462
f 171/194/145 443/430/464 168/195/146
f 132/122/106 420/123/467 129/123/107
f 213/271/187 471/414/466 210/272/188
f 174/200/149 445/431/468 171/194/145
f 132/122/106 421/133/469 417/432/470
f 213/271/187 475/283/471 473/271/472
f 177/211/155 447/200/473 174/200/149
f 135/133/113 423/140/474 421/133/469
f 219/282/193 475/433/471 216/283/194
f 180/210/154 449/211/475 177/211/155
f 141/139/115 423/140/474 138/140/116
f 222/288/197 477/282/476 219/282/193
f 180/210/154 453/221/477 451/210/478
f 141/139/115 427/151/479 425/139/480
f 129/123/107 479/288/481 222/288/197
f 183/221/161 455/228/439 453/221/477
f 147/150/121 427/434/479 144/151/122
f 419/123/442 417/122/470 418/435/412
f 418/122/412 421/133/469 422/133/407
f 422/133/407 423/140/474 424/412/405
f 424/140/405 425/139/480 426/413/416
f 426/139/416 427/151/479 428/436/423
f 428/151/423 429/150/451 430/415/421
f 430/150/421 431/156/454 432/423/429
f 434/416/427 431/427/454 433/167/455
f 434/167/427 435/166/458 436/425/434
f 436/166/434 437/177/457 438/177/201
f 438/177/201 439/184/460 440/294/199
f 440/184/199 441/183/465 442/417/392
f 442/183/392 443/195/464 444/195/436
f 444/195/436 445/194/468 446/418/397
f 446/194/397 447/200/473 448/200/395
f 450/211/400 447/200/473 449/211/475
f 450/211/400 451/210/478 452/410/398
f 452/210/398 453/221/477 454/221/403
f 454/221/403 455/228/439 456/411/401
f 456/228/401 457/227/453 458/227/389
f 458/409/389 459/239/452 460/437/440
f 460/239/440 461/238/456 462/238/410
f 462/238/410 463/244/459 464/244/408
f 466/255/415 463/244/459 465/255/461
f 466/255/415 467/254/463 468/254/413
f 468/254/413 469/265/462 470/265/420
f 470/265/420 471/272/466 472/414/418
f 472/422/418 473/271/472 474/421/424
f 474/271/424 475/283/471 476/283/448
f 476/283/448 477/282/476 478/424/432
f 478/282/432 479/288/481 480/288/430
f 419/420/442 479/288/481 420/123/467
f 418/435/412 386/123/482 419/123/442
f 126/1/1 226/1/267 350/2/2
f 35/4/4 34/116/99 37/5/5
f 37/5/5 34/116/99 33/3/7
f 41/8/9 38/438/6 37/5/5
f 37/5/5 36/7/8 39/10/11
f 41/11/9 40/9/10 43/12/12
f 40/9/10 39/10/11 42/14/14
f 44/15/13 43/12/12 46/16/15
f 46/16/15 43/12/12 42/14/14
f 50/19/18 47/439/16 46/16/15
f 46/16/15 45/18/17 48/21/20
f 53/22/21 50/440/18 49/20/19
f 49/20/19 48/21/20 51/24/23
f 53/25/21 52/23/22 55/26/24
f 55/26/24 52/23/22 51/24/23
f 56/29/25 55/26/24 58/30/27
f 55/26/24 54/28/26 57/32/29
f 59/33/28 58/30/27 61/34/30
f 61/34/30 58/30/27 57/32/29
f 65/37/33 62/441/31 61/34/30
f 61/34/30 60/36/32 63/39/35
f 65/40/33 64/38/34 67/41/36
f 64/38/34 63/39/35 66/43/38
f 68/44/37 67/41/36 70/45/39
f 70/45/39 67/41/36 66/43/38
f 74/48/42 71/442/40 70/45/39
f 70/45/39 69/47/41 72/50/44
f 77/51/45 74/443/42 73/49/43
f 73/49/43 72/50/44 75/53/47
f 77/54/45 76/52/46 79/55/48
f 79/55/48 76/52/46 75/53/47
f 80/58/49 79/55/48 82/59/51
f 79/55/48 78/57/50 81/61/53
f 83/62/52 82/59/51 85/63/54
f 85/63/54 82/59/51 81/61/53
f 89/66/57 86/444/55 85/63/54
f 85/63/54 84/65/56 87/68/59
f 89/69/57 88/67/58 91/70/60
f 88/67/58 87/68/59 90/72/62
f 92/73/61 91/70/60 94/74/63
f 94/74/63 91/70/60 90/72/62
f 98/77/66 95/445/64 94/74/63
f 94/74/63 93/76/65 96/79/68
f 101/80/69 98/446/66 97/78/67
f 97/78/67 96/79/68 99/82/71
f 101/83/69 100/81/70 103/84/72
f 103/84/72 100/81/70 99/82/71
f 104/87/73 103/84/72 106/88/75
f 103/84/72 102/86/74 105/90/77
f 107/91/76 106/88/75 109/92/78
f 109/92/78 106/88/75 105/90/77
f 113/95/81 110/447/79 109/92/78
f 109/92/78 108/94/80 111/97/83
f 113/98/81 112/96/82 115/99/84
f 112/96/82 111/97/83 114/101/86
f 116/102/85 115/99/84 118/103/87
f 118/103/87 115/99/84 114/101/86
f 122/106/90 119/448/88 118/103/87
f 118/103/87 117/105/89 120/108/92
f 125/109/93 122/449/90 121/107/91
f 121/107/91 120/108/92 123/111/95
f 125/112/93 124/110/94 127/113/96
f 127/113/96 124/110/94 123/111/95
f 128/115/97 127/113/96 34/116/99
f 127/113/96 126/1/98 33/3/7
f 57/32/100 318/32/244 314/36/101
f 133/118/103 134/450/109 130/119/104
f 130/121/104 134/451/109 132/122/106
f 136/124/108 137/452/110 134/125/109
f 137/127/110 135/133/113 132/122/106
f 139/129/111 140/453/112 137/130/110
f 140/132/112 138/140/116 135/133/113
f 142/135/114 143/454/118 140/136/112
f 140/138/112 143/455/118 141/139/115
f 145/141/117 146/456/119 143/142/118
f 146/144/119 144/151/122 141/139/115
f 145/146/117 148/457/123 149/147/120
f 146/149/119 149/458/120 147/150/121
f 148/152/123 151/459/126 152/153/124
f 149/155/120 152/460/124 150/156/125
f 151/157/126 154/461/129 155/158/127
f 155/160/127 153/167/131 150/156/125
f 157/162/128 158/462/133 155/163/127
f 155/165/127 158/463/133 156/166/130
f 160/168/132 161/464/134 158/169/133
f 161/171/134 159/177/137 156/166/130
f 163/173/135 164/465/136 161/174/134
f 164/176/136 162/184/140 159/177/137
f 166/179/138 167/466/142 164/180/136
f 164/182/136 167/467/142 165/183/139
f 169/185/141 170/468/143 167/186/142
f 170/188/143 168/195/146 165/183/139
f 169/190/141 172/469/147 173/191/144
f 170/193/143 173/470/144 171/194/145
f 172/196/147 175/471/150 176/197/148
f 173/199/144 176/472/148 174/200/149
f 175/201/150 178/473/153 179/202/151
f 179/204/151 177/211/155 174/200/149
f 181/206/152 182/474/157 179/207/151
f 179/209/151 182/475/157 180/210/154
f 184/212/156 185/476/158 182/213/157
f 185/215/158 183/221/161 180/210/154
f 187/217/159 188/477/160 185/218/158
f 188/220/160 186/228/164 183/221/161
f 190/223/162 191/478/166 188/224/160
f 188/226/160 191/479/166 189/227/163
f 193/229/165 194/480/167 191/230/166
f 194/232/167 192/239/170 189/227/163
f 193/234/165 196/481/171 197/235/168
f 194/237/167 197/482/168 195/238/169
f 196/240/171 199/483/174 200/241/172
f 197/243/168 200/484/172 198/244/173
f 199/245/174 202/485/177 203/246/175
f 203/248/175 201/255/179 198/244/173
f 205/250/176 206/486/181 203/251/175
f 203/253/175 206/487/181 204/254/178
f 208/256/180 209/488/182 206/257/181
f 209/259/182 207/265/185 204/254/178
f 211/261/183 212/489/184 209/262/182
f 212/264/184 210/272/188 207/265/185
f 214/267/186 215/490/190 212/268/184
f 212/270/184 215/491/190 213/271/187
f 217/273/189 218/492/191 215/274/190
f 218/276/191 216/283/194 213/271/187
f 217/278/189 220/493/195 221/279/192
f 218/281/191 221/494/192 219/282/193
f 220/284/195 223/495/198 224/285/196
f 221/287/192 224/496/196 222/288/197
f 223/289/198 131/497/105 130/290/104
f 130/292/104 129/123/107 222/288/197
f 440/294/199 396/184/435 395/177/200
f 63/39/202 310/39/245 306/295/203
f 69/47/205 302/47/246 298/296/206
f 75/53/208 294/53/247 290/57/209
f 81/61/211 286/61/248 282/65/212
f 87/68/214 278/68/249 274/297/215
f 120/108/217 234/108/242 230/298/218
f 93/76/220 270/76/250 266/299/221
f 21/300/222 371/300/222 372/301/223
f 99/82/223 262/82/251 258/86/224
f 36/7/226 346/7/252 342/10/227
f 105/90/229 254/90/253 250/302/230
f 42/14/232 338/14/254 334/303/233
f 111/97/235 246/97/255 242/101/236
f 48/21/238 330/21/256 326/304/239
f 117/105/241 238/105/257 234/108/242
f 54/28/243 322/28/258 318/32/244
f 60/36/102 314/36/101 310/305/245
f 66/43/204 306/43/203 302/47/246
f 72/50/207 298/50/206 294/306/247
f 78/57/210 290/57/209 286/61/248
f 84/65/213 282/65/212 278/307/249
f 90/72/216 274/72/215 270/76/250
f 96/79/222 266/79/221 262/308/251
f 33/3/3 350/3/2 346/309/252
f 102/86/225 258/86/224 254/310/253
f 39/10/228 342/10/227 338/14/254
f 108/94/231 250/302/230 246/311/255
f 45/18/234 334/18/233 330/312/256
f 114/101/237 242/101/236 238/313/257
f 51/24/240 326/24/239 322/28/258
f 253/314/259 26/314/384 25/315/260
f 229/316/262 225/401/349 227/317/263
f 231/318/264 227/317/263 228/319/265
f 232/320/266 228/319/265 226/321/267
f 233/322/268 235/325/271 239/323/269
f 235/325/271 236/327/273 240/326/272
f 236/327/273 234/108/242 238/105/257
f 241/328/274 243/331/277 247/329/275
f 243/331/277 244/333/279 248/332/278
f 244/333/279 242/101/236 246/97/255
f 249/315/261 251/335/281 255/334/280
f 251/335/281 252/402/350 256/336/282
f 256/336/282 252/402/350 250/302/230
f 261/301/283 257/403/351 259/337/284
f 263/338/285 259/337/284 260/339/286
f 264/340/287 260/339/286 258/86/224
f 265/300/288 267/343/291 271/341/289
f 267/343/291 268/345/293 272/344/292
f 268/345/293 266/299/221 270/76/250
f 273/346/294 275/349/297 279/347/295
f 275/349/297 276/351/299 280/350/298
f 276/351/299 274/297/215 278/68/249
f 281/352/300 283/355/303 287/353/301
f 283/355/303 284/404/352 288/356/304
f 288/356/304 284/404/352 282/65/212
f 293/357/305 289/405/353 291/358/306
f 295/359/307 291/358/306 292/360/308
f 296/361/309 292/360/308 290/57/209
f 297/362/310 299/365/313 303/363/311
f 299/365/313 300/367/315 304/366/314
f 300/367/315 298/296/206 302/47/246
f 305/368/316 307/371/319 311/369/317
f 307/371/319 308/373/321 312/372/320
f 308/373/321 306/295/203 310/39/245
f 313/374/322 315/377/325 319/375/323
f 315/377/325 316/406/354 320/378/326
f 320/378/326 316/406/354 314/36/101
f 325/379/327 321/407/355 323/380/328
f 327/381/329 323/380/328 324/382/330
f 328/383/331 324/382/330 322/28/258
f 329/384/332 331/387/335 335/385/333
f 331/387/335 332/389/337 336/388/336
f 332/389/337 330/312/256 334/18/233
f 337/390/338 339/393/341 343/391/339
f 339/393/341 340/395/343 344/394/342
f 340/395/343 338/14/254 342/10/227
f 345/396/344 347/399/347 351/397/345
f 347/399/347 348/408/356 352/400/348
f 352/400/348 348/408/356 346/309/252
f 349/398/346 351/397/345 227/317/263
f 227/317/263 351/397/345 352/400/348
f 352/400/348 350/2/2 226/1/267
f 233/322/268 229/316/262 231/318/264
f 235/325/271 231/318/264 232/320/266
f 236/327/273 232/320/266 230/298/218
f 241/328/274 237/324/270 239/323/269
f 239/323/269 240/326/272 244/333/279
f 240/326/272 238/313/257 242/101/236
f 245/330/276 247/329/275 251/335/281
f 247/329/275 248/332/278 252/402/350
f 248/332/278 246/311/255 250/302/230
f 253/314/259 255/334/280 259/337/284
f 259/337/284 255/334/280 256/336/282
f 256/336/282 254/310/253 258/86/224
f 265/300/288 261/301/283 263/338/285
f 267/343/291 263/338/285 264/340/287
f 268/345/293 264/340/287 262/308/251
f 273/346/294 269/342/290 271/341/289
f 271/341/289 272/344/292 276/351/299
f 272/344/292 270/76/250 274/72/215
f 277/348/296 279/347/295 283/355/303
f 279/347/295 280/350/298 284/404/352
f 280/350/298 278/307/249 282/65/212
f 285/354/302 287/353/301 291/358/306
f 291/358/306 287/353/301 288/356/304
f 288/356/304 286/61/248 290/57/209
f 297/362/310 293/357/305 295/359/307
f 299/365/313 295/359/307 296/361/309
f 300/367/315 296/361/309 294/306/247
f 305/368/316 301/364/312 303/363/311
f 303/363/311 304/366/314 308/373/321
f 304/366/314 302/47/246 306/43/203
f 309/370/318 311/369/317 315/377/325
f 311/369/317 312/372/320 316/406/354
f 312/372/320 310/305/245 314/36/101
f 317/376/324 319/375/323 323/380/328
f 323/380/328 319/375/323 320/378/326
f 320/378/326 318/32/244 322/28/258
f 329/384/332 325/379/327 327/381/329
f 331/387/335 327/381/329 328/383/331
f 332/389/337 328/383/331 326/304/239
f 337/390/338 333/386/334 335/385/333
f 335/385/333 336/388/336 340/395/343
f 336/388/336 334/303/233 338/14/254
f 341/392/340 343/391/339 347/399/347
f 343/391/339 344/394/342 348/408/356
f 344/394/342 342/10/227 346/7/252
f 123/111/219 230/111/218 226/321/267
f 285/354/302 289/405/353 15/405/357
f 341/392/340 345/396/344 1/396/359
f 261/301/283 265/300/288 21/300/361
f 317/376/324 321/407/355 7/407/363
f 337/390/338 341/392/340 4/392/360
f 237/324/270 241/328/274 27/328/366
f 305/368/316 309/370/318 12/370/368
f 273/346/294 277/348/296 20/348/370
f 245/330/276 28/330/378 27/328/366
f 297/362/310 13/362/375 16/357/372
f 273/346/294 19/346/371 22/342/373
f 333/386/334 6/386/383 5/384/374
f 301/364/312 14/364/379 13/362/375
f 269/342/290 22/342/373 21/300/361
f 329/384/332 5/384/374 8/379/376
f 237/324/270 30/324/367 29/322/377
f 245/330/276 249/315/261 25/315/260
f 305/368/316 11/368/369 14/364/379
f 349/398/346 225/401/349 31/401/380
f 281/352/300 17/352/387 20/348/370
f 325/379/327 8/379/376 7/407/363
f 293/357/305 16/357/372 15/405/357
f 261/301/283 24/301/362 23/403/382
f 229/316/262 32/316/386 31/401/380
f 337/390/338 3/390/365 6/386/383
f 253/314/259 257/403/351 23/403/382
f 309/370/318 313/374/322 9/374/385
f 233/322/268 29/322/377 32/316/386
f 349/398/346 2/398/381 1/396/359
f 317/376/324 10/376/364 9/374/385
f 285/354/302 18/354/358 17/352/387
f 355/392/388 381/396/388 354/398/388
f 354/398/388 353/401/388 374/316/388
f 374/316/388 373/322/388 366/324/388
f 366/324/388 362/328/388 361/330/388
f 361/330/388 384/315/388 380/314/388
f 380/314/388 377/403/388 372/301/388
f 372/301/388 371/300/388 365/342/388
f 365/342/388 360/346/388 359/348/388
f 359/348/388 383/352/388 379/354/388
f 379/354/388 376/405/388 370/357/388
f 370/357/388 369/362/388 364/364/388
f 364/364/388 358/368/388 357/370/388
f 357/370/388 382/374/388 378/376/388
f 378/376/388 375/407/388 368/379/388
f 368/379/388 367/384/388 363/386/388
f 363/386/388 356/390/388 355/392/388
f 355/392/388 354/398/388 374/316/388
f 374/316/388 366/324/388 361/330/388
f 361/330/388 380/314/388 372/301/388
f 372/301/388 365/342/388 359/348/388
f 359/348/388 379/354/388 370/357/388
f 370/357/388 364/364/388 357/370/388
f 357/370/388 378/376/388 368/379/388
f 368/379/388 363/386/388 355/392/388
f 355/392/388 374/316/388 361/330/388
f 361/330/388 372/301/388 359/348/388
f 359/348/388 370/357/388 357/370/388
f 357/370/388 368/379/388 355/392/388
f 355/392/388 361/330/388 359/348/388
f 9/374/102 382/374/102 357/370/202
f 11/368/204 358/368/204 364/364/205
f 31/401/1 353/401/1 354/398/3
f 29/322/217 373/322/217 374/316/219
f 17/352/213 383/352/213 359/348/214
f 19/346/216 360/346/216 365/342/220
f 4/392/228 355/392/228 356/390/232
f 7/407/243 375/407/243 378/376/100
f 6/386/234 363/386/234 367/384/238
f 27/328/237 362/328/237 366/324/241
f 25/315/231 384/315/231 361/330/235
f 15/405/210 376/405/210 379/354/211
f 14/364/205 364/364/205 369/362/207
f 8/379/240 368/379/240 375/407/243
f 1/396/226 2/398/3 354/398/3
f 23/403/225 377/403/225 380/314/229
f 12/370/202 357/370/202 358/368/204
f 22/342/220 365/342/220 371/300/222
f 30/324/241 366/324/241 373/322/217
f 10/376/100 378/376/100 382/374/102
f 18/354/211 379/354/211 383/352/213
f 20/348/214 359/348/214 360/346/216
f 16/357/208 370/357/208 376/405/210
f 26/314/229 380/314/229 384/315/231
f 28/330/235 361/330/235 362/328/237
f 24/301/223 372/301/223 377/403/225
f 32/316/219 374/316/219 353/401/1
f 5/384/238 367/384/238 368/379/240
f 13/362/207 369/362/207 370/357/208
f 1/396/226 381/396/226 355/392/228
f 3/390/232 356/390/232 363/386/234
f 458/409/389 460/437/440 406/239/390
f 442/183/392 444/195/436 398/195/393
f 448/200/395 400/200/437 399/194/396
f 452/410/398 402/210/438 401/211/399
f 456/411/401 404/228/404 403/221/402
f 458/227/389 405/227/391 404/228/404
f 424/412/405 388/140/417 387/133/406
f 464/244/408 408/244/441 407/238/409
f 422/133/407 387/133/406 385/122/411
f 468/254/413 410/254/444 409/255/414
f 426/413/416 389/139/445 388/140/417
f 472/414/418 412/272/446 411/265/419
f 430/415/421 391/150/447 390/151/422
f 474/271/424 476/283/448 414/283/425
f 434/416/427 393/167/449 392/156/428
f 480/288/430 416/288/443 415/282/431
f 438/177/201 395/177/200 394/166/433
f 442/417/392 397/183/394 396/184/435
f 446/418/397 399/194/396 398/195/393
f 450/211/400 401/211/399 400/200/437
f 454/221/403 403/221/402 402/210/438
f 189/227/163 457/227/453 455/419/439
f 462/238/410 407/238/409 406/239/390
f 466/255/415 409/255/414 408/244/441
f 419/420/442 386/123/482 416/288/443
f 470/265/420 411/265/419 410/254/444
f 426/139/416 428/436/423 390/151/422
f 474/421/424 413/271/426 412/272/446
f 432/423/429 392/156/428 391/150/447
f 478/424/432 415/282/431 414/283/425
f 436/425/434 394/166/433 393/167/449
f 416/288/450 386/123/450 385/122/450
f 385/122/450 387/133/450 388/140/450
f 388/140/450 389/139/450 390/151/450
f 390/151/450 391/150/450 392/156/450
f 392/156/450 393/167/450 394/166/450
f 394/166/450 395/177/450 396/184/450
f 396/184/450 397/183/450 398/195/450
f 398/195/450 399/194/450 400/200/450
f 400/200/450 401/211/450 402/210/450
f 402/210/450 403/221/450 404/228/450
f 404/228/450 405/227/450 406/239/450
f 406/239/450 407/238/450 408/244/450
f 408/244/450 409/255/450 410/254/450
f 410/254/450 411/265/450 412/272/450
f 412/272/450 413/271/450 414/283/450
f 414/283/450 415/282/450 416/288/450
f 416/288/450 385/122/450 388/140/450
f 388/140/450 390/151/450 392/156/450
f 392/156/450 394/166/450 396/184/450
f 396/184/450 398/195/450 400/200/450
f 400/200/450 402/210/450 404/228/450
f 404/228/450 406/239/450 408/244/450
f 408/244/450 410/254/450 412/272/450
f 412/272/450 414/283/450 416/288/450
f 416/288/450 388/140/450 392/156/450
f 392/156/450 396/184/450 400/200/450
f 400/200/450 404/228/450 408/244/450
f 408/244/450 412/272/450 416/288/450
f 416/288/450 392/156/450 400/200/450
f 150/156/125 431/156/454 429/426/451
f 189/227/163 192/239/170 459/239/452
f 153/167/131 433/167/455 431/427/454
f 195/238/169 461/238/456 459/239/452
f 156/166/130 435/166/458 433/167/455
f 198/244/173 463/244/459 461/238/456
f 156/166/130 159/177/137 437/177/457
f 201/255/179 465/255/461 463/244/459
f 159/177/137 162/184/140 439/184/460
f 204/254/178 467/254/463 465/255/461
f 165/183/139 441/183/465 439/184/460
f 204/254/178 207/265/185 469/265/462
f 165/183/139 168/195/146 443/195/464
f 207/265/185 210/272/188 471/272/466
f 171/194/145 445/194/468 443/430/464
f 132/122/106 417/122/470 420/123/467
f 213/271/187 473/271/472 471/414/466
f 174/200/149 447/200/473 445/431/468
f 132/122/106 135/133/113 421/133/469
f 213/271/187 216/283/194 475/283/471
f 177/211/155 449/211/475 447/200/473
f 135/133/113 138/140/116 423/140/474
f 219/282/193 477/282/476 475/433/471
f 180/210/154 451/210/478 449/211/475
f 141/139/115 425/139/480 423/140/474
f 222/288/197 479/288/481 477/282/476
f 180/210/154 183/221/161 453/221/477
f 141/139/115 144/151/122 427/151/479
f 129/123/107 420/123/467 479/288/481
f 183/221/161 186/228/164 455/228/439
f 147/150/121 429/150/451 427/434/479
f 419/123/442 420/123/467 417/122/470
f 418/122/412 417/432/470 421/133/469
f 422/133/407 421/133/469 423/140/474
f 424/140/405 423/140/474 425/139/480
f 426/139/416 425/139/480 427/151/479
f 428/151/423 427/434/479 429/150/451
f 430/150/421 429/426/451 431/156/454
f 434/416/427 432/156/429 431/427/454
f 434/167/427 433/167/455 435/166/458
f 436/166/434 435/428/458 437/177/457
f 438/177/201 437/429/457 439/184/460
f 440/184/199 439/184/460 441/183/465
f 442/183/392 441/183/465 443/195/464
f 444/195/436 443/430/464 445/194/468
f 446/194/397 445/431/468 447/200/473
f 450/211/400 448/200/395 447/200/473
f 450/211/400 449/211/475 451/210/478
f 452/210/398 451/210/478 453/221/477
f 454/221/403 453/221/477 455/228/439
f 456/228/401 455/419/439 457/227/453
f 458/409/389 457/227/453 459/239/452
f 460/239/440 459/239/452 461/238/456
f 462/238/410 461/238/456 463/244/459
f 466/255/415 464/244/408 463/244/459
f 466/255/415 465/255/461 467/254/463
f 468/254/413 467/254/463 469/265/462
f 470/265/420 469/265/462 471/272/466
f 472/422/418 471/414/466 473/271/472
f 474/271/424 473/271/472 475/283/471
f 476/283/448 475/433/471 477/282/476
f 478/282/432 477/282/476 479/288/481
f 419/420/442 480/288/430 479/288/481
f 418/435/412 385/122/411 386/123/482
o cap
v 5.522855 20.193598 4.621411
v -9.661125 25.580051 -8.084230
v -8.992879 25.097546 -7.525056
v -9.081868 23.716543 -7.599520
v -9.596846 23.565250 -8.030442
v 5.719109 16.674253 4.785633
v -5.634625 16.674253 -4.714939
v -0.796662 23.216051 -0.666631
v 4.038470 21.672169 3.379308
v 5.719110 18.136192 4.785633
v -5.609213 20.017971 -4.693674
v -3.058230 23.363899 -2.559064
v 4.060129 21.605669 3.397433
v 4.369520 21.314037 3.656325
v -9.282286 25.532028 -7.767226
v -0.094666 24.951962 -0.079214
v 3.558252 24.951962 2.977472
v -0.007460 22.457003 -0.006242
v 3.471047 22.457003 2.904500
v -0.450198 24.973961 -0.376716
v 3.913784 24.973961 3.274974
v 5.719110 19.866505 4.785633
v -9.725589 25.451788 -8.138172
v -2.005698 23.279137 -1.678327
v -5.324751 22.478872 -4.455642
v -5.433833 22.063179 -4.546919
v -4.937329 22.850443 -4.131455
v -4.854453 22.972950 -4.062106
v -4.838286 24.618145 -4.048578
v -4.251967 24.054798 -3.557959
v -4.161653 24.371510 -3.482386
v -3.972550 23.445875 -3.309640
v -4.279383 23.528124 -3.580900
v -4.299981 24.618145 -3.598136
v -4.885947 23.990486 -4.088460
v -4.980430 24.371571 -4.167521
v 4.480201 20.232061 5.650219
v 3.263796 20.345980 6.460570
v 1.920386 20.530970 7.021324
v 0.501596 20.779926 7.310929
v -0.938050 21.083279 7.318258
v -2.343225 21.429373 7.043029
v -3.664852 21.803623 6.491702
v -4.821814 22.179363 5.686377
v -11.549702 25.573456 -5.397903
v -11.316680 25.150875 -3.196698
v -11.999189 25.531147 -4.498861
v -0.182784 22.407076 3.868957
v -6.353303 23.592934 0.994569
v -10.611864 25.092144 -5.167430
v -10.365307 24.787155 -3.349973
v -10.985945 25.057503 -4.400316
v -10.735910 23.710957 -5.198989
v -10.489650 23.455721 -3.318606
v -11.120706 23.675129 -4.412609
v -4.955556 20.331911 5.825171
v -11.458834 23.558750 -5.376411
v -11.223335 23.160057 -3.202902
v -11.901590 23.517050 -4.488735
v 4.648663 16.674253 5.843247
v 3.401193 16.674253 6.677667
v 2.024642 16.674253 7.256825
v 0.571908 16.674253 7.558468
v -0.901180 16.674253 7.571000
v -2.338014 16.674253 7.293942
v -3.683376 16.674253 6.737941
v -4.885564 16.674253 5.924361
v -6.486913 16.674253 -3.474774
v -7.088289 16.674253 -2.099716
v -7.415643 16.674253 -0.642610
v -7.456394 16.674253 0.840550
v -7.208977 16.674253 2.292766
v -6.682900 16.674253 3.658231
v -5.898380 16.674253 4.884471
v -0.975274 22.703218 2.949020
v 2.015268 21.886318 4.469233
v 3.130624 21.727758 4.119486
v -7.310094 22.403618 0.700310
v -7.886262 23.509216 1.887063
v -7.227018 23.561600 0.556787
v -7.755959 21.554911 1.936837
v -7.140146 22.403618 -0.644793
v -7.073269 22.917273 -0.617717
v -6.822299 22.403618 -2.049996
v -6.747422 22.609488 -1.980389
v -6.260575 22.063179 -3.349544
v -6.175454 22.493271 -3.254068
v -7.075819 23.150824 2.923853
v -6.413205 22.857801 3.771530
v -5.655605 22.522778 4.740719
v -5.441177 23.376810 -0.492821
v -4.862288 23.375509 -1.975047
v -7.047090 21.225122 3.154738
v -6.319113 20.938929 4.136715
v -5.682192 20.716711 4.968824
v 3.401193 18.279432 6.677667
v 4.648663 18.172348 5.843247
v 2.024642 18.453329 7.256826
v 0.571908 18.687351 7.558468
v -0.901180 18.972511 7.571000
v -2.338013 19.297846 7.293942
v -3.683375 19.650854 6.737940
v -4.880070 19.956390 5.926191
v -7.382681 20.017971 -0.631624
v -7.055326 20.017971 -2.088729
v -7.423431 20.017971 0.851537
v -7.176014 20.017971 2.303753
v -6.649938 20.017971 3.669217
v -5.870911 20.017971 4.893626
v -6.455157 20.017971 -3.462030
v -3.034392 23.137081 1.102811
v -2.959087 23.272432 -0.877805
v 2.112662 21.788609 4.630422
v 0.975073 21.997225 4.743955
v -0.115087 22.254658 4.512942
v -1.434139 22.624439 3.712672
v 3.178841 21.652794 4.168585
v -6.340626 23.435810 -0.069378
v -5.639804 23.483429 1.194505
v -4.420469 23.299109 2.080515
v -2.250408 22.710234 4.212304
v -3.062928 22.918392 3.829204
v -3.551559 23.080872 3.019366
v 1.307697 21.611177 5.637338
v 0.088388 21.830444 5.856210
v -11.425492 25.488956 -4.446531
v -11.021615 25.526218 -5.263551
v -1.154718 22.097622 5.832959
v -10.787333 25.199707 -3.330233
v -2.373854 22.402445 5.568479
v -3.555996 22.724373 5.044625
v -4.695688 23.016308 4.237398
v 3.490198 21.347914 4.515845
v 2.456347 21.448246 5.184751
v -7.586856 23.993383 1.004985
v -6.826815 23.730541 1.878697
v -6.205408 23.515642 2.593040
v -5.494924 23.269938 3.409784
v -0.593623 24.951962 0.799557
v -0.704150 24.951962 1.736102
v -0.442907 24.951962 2.627858
v 0.139710 24.951962 3.351761
v 0.955004 24.951962 3.797602
v 1.878853 24.951962 3.897506
v 2.781233 24.951962 3.623568
v -0.494855 22.457003 0.845225
v -0.602557 22.457003 1.739984
v -0.353788 22.457003 2.589162
v 0.201012 22.457003 3.278502
v 0.977379 22.457003 3.703056
v 1.857118 22.457003 3.798190
v 2.718866 22.457003 3.534400
v -0.996292 24.973961 0.613375
v 1.967466 24.973961 4.302411
v 0.863783 24.973961 4.183060
v 3.035502 24.973961 3.987096
v -0.110212 24.973961 3.650433
v -1.118336 24.973961 1.720276
v -0.806240 24.973961 2.785619
v -2.338013 21.127356 7.293942
v -12.096811 25.401890 -4.507768
v -3.683375 21.510509 6.737940
v -4.843276 21.900509 5.932939
v 4.648663 19.905750 5.843247
v 3.401193 20.021978 6.677667
v -11.406756 25.006128 -3.173977
v -11.639565 25.445057 -5.420767
v 2.024642 20.210722 7.256826
v 0.571908 20.464731 7.558468
v -0.901180 20.774240 7.571000
v -7.937210 23.290392 2.037159
v -5.682947 22.259201 4.967193
v -6.448564 22.609425 3.972064
v -7.118191 22.915741 3.101699
v -8.055794 22.801792 -0.012789
v -8.606961 22.009893 0.682952
v -7.973033 23.916414 -0.179769
v -8.684801 23.885504 0.735926
v -8.332477 24.269348 0.025070
v -8.744753 23.683750 0.856887
v -6.885224 23.578587 0.731697
v -6.776217 23.147892 -0.412774
v -7.578608 23.373165 2.280641
v -6.405903 22.964464 -1.631061
v -7.536626 21.501934 2.522142
v -5.812462 22.908669 -2.837169
v -7.298335 23.893604 1.336658
v -7.626300 23.148170 2.441272
v -5.197054 23.457611 -2.573605
v -5.677171 23.015842 -2.913851
v -5.178126 24.606306 -2.563007
v -5.683049 24.606306 -2.930769
v -5.171445 24.053947 -2.551779
v -5.699869 23.996370 -2.932843
v -5.093441 24.377674 -2.486410
v -5.767961 24.377674 -2.989821
v 5.719109 18.438879 4.785633
v -9.709496 23.708870 -8.124706
v -9.339356 23.528162 -7.814981
v -0.595824 23.270004 -0.498573
v -5.631449 19.881100 -4.712280
v -2.575254 23.322811 -2.154920
v 5.719109 19.761837 4.785633
v -9.725588 25.340427 -8.138172
v -8.958094 24.969002 -7.495949
v -9.320801 25.539783 -7.799454
v 4.003507 24.910130 3.350052
v 3.481947 24.858276 2.913622
v -0.018360 24.858276 -0.015364
v -0.539919 24.939255 -0.451793
v 4.486777 21.202995 3.754443
v 5.694577 19.970951 4.765105
v -9.717530 25.531380 -8.131430
v 4.035024 21.832853 3.376425
v 5.719109 18.076349 4.785633
v 5.719109 18.247414 4.785633
v -4.944998 24.229454 -4.137873
v -4.252580 23.468391 -3.558471
v -4.427786 24.723553 -3.705080
v -4.201293 24.496872 -3.515556
v -4.195591 24.237688 -3.510785
v -4.939041 24.496872 -4.132888
v -4.709454 24.723553 -3.940774
v -4.864812 22.924541 -4.070775
v -3.517752 23.404518 -2.930375
v -5.421732 22.351748 -4.536794
v -5.113564 22.683413 -4.278925
v -5.457003 20.281933 -4.566308
v -5.431514 20.846409 -4.544979
v 5.025908 20.203245 5.160811
v 3.890917 20.279804 6.084837
v 2.604822 20.429979 6.773704
v 1.217043 20.648003 7.200939
v -0.219083 20.925493 7.350123
v -1.648371 21.251785 7.215526
v -3.016507 21.614183 6.801803
v -4.278809 21.994177 6.115193
v -11.910149 25.558273 -4.769608
v -11.912361 25.454779 -4.180643
v -5.267282 22.354216 5.222373
v -10.772334 25.579227 -6.604251
v -10.913989 25.079714 -4.623835
v -10.905626 25.000099 -4.143533
v -6.524003 23.604521 0.954075
v -9.951893 25.096870 -6.227777
v -6.936922 23.027212 -0.523649
v -11.046059 23.698101 -4.643486
v -11.039413 23.623287 -4.145569
v -10.060566 23.715845 -6.278593
v -10.562267 24.963640 -5.156234
v -11.813868 23.543785 -4.755772
v -11.815306 23.444006 -4.174809
v -5.406545 20.555201 5.318593
v -10.692959 23.564438 -6.568567
v -3.683375 20.082106 6.737940
v -2.338665 21.228668 7.262578
v -4.854872 20.472342 5.921865
v 4.648662 18.478107 5.843246
v 3.401193 18.594280 6.677667
v -11.383828 23.268269 -3.177592
v -11.616972 23.702169 -5.415221
v 2.024642 18.782934 7.256826
v 0.571909 19.036823 7.558467
v -12.084608 25.481606 -4.506653
v -0.901181 19.346186 7.571000
v 5.208744 16.674253 5.339962
v 4.044183 16.674253 6.290553
v 2.725829 16.674253 7.000760
v 1.304347 16.674253 7.443289
v -0.165637 16.674253 7.601136
v -1.627632 16.674253 7.468234
v -3.025454 16.674253 7.049690
v -4.305388 16.674253 6.361589
v 4.648662 18.286161 5.843246
v -6.090275 16.674253 -4.114824
v -6.820621 16.674253 -2.800891
v -7.287231 16.674253 -1.377963
v -7.472173 16.674253 0.099278
v -7.368340 16.674253 1.574062
v -6.321257 16.674253 4.291830
v -11.511147 23.483355 -4.450671
v -7.184874 20.292177 -0.568041
v -7.229125 20.300428 0.912307
v -6.995971 20.288811 2.359441
v -6.470164 20.280775 3.718209
v -5.722330 20.272163 4.927963
v -11.097372 23.522118 -5.287700
v -6.265570 20.282398 -3.385092
v -5.418244 16.674253 5.430373
v -10.856493 23.201712 -3.260753
v -1.133224 23.205990 -0.179342
v 1.999774 22.041939 4.443589
v -7.988535 21.765457 1.586253
v -7.409475 23.704706 0.528031
v -8.066197 23.591682 1.640676
v -7.917495 21.718899 2.027843
v -7.140647 23.213959 0.038784
v -7.210591 22.403618 0.041447
v -6.943750 22.724072 -1.302984
v -7.012906 22.403618 -1.352457
v -6.492626 22.533920 -2.634238
v -6.573460 22.315098 -2.714198
v -5.878263 22.063179 -3.963396
v -7.541092 21.838461 1.358091
v -7.252777 23.229076 2.697473
v -6.780131 23.020065 3.302124
v -6.034405 22.690289 4.256124
v -6.326824 23.495716 0.412576
v -5.025975 23.349068 -1.242596
v -5.996041 23.337656 -1.200829
v -6.697838 21.084148 3.631651
v -5.949995 20.801823 4.620691
v -5.682828 20.833385 4.967449
v -6.432383 21.167961 3.992645
v -7.133013 21.489933 3.077512
v -4.633784 23.416355 -2.270381
v -6.061498 20.658472 4.465590
v -6.827899 20.854013 3.357912
v -7.375187 20.846409 2.131708
v -6.821509 20.846409 -2.034157
v -7.143159 20.846409 -0.608194
v -6.247849 20.846409 -3.358199
v -7.266509 20.846409 0.804776
v 4.648662 18.111027 5.843246
v -7.411522 19.881100 -0.641237
v -7.452273 19.881100 0.841923
v -7.204857 19.881100 2.294139
v -6.678780 19.881100 3.659604
v -5.894945 19.881100 4.885614
v -6.482944 19.881100 -3.473181
v -6.787810 20.017971 -2.789685
v -6.061123 20.017971 -4.098382
v -5.401763 20.010275 5.435867
v -6.288981 20.017971 4.302588
v -7.335378 20.017971 1.585049
v -7.439211 20.017971 0.110264
v -7.254268 20.017971 -1.366976
v 5.208744 18.145260 5.339962
v -4.304701 19.825829 6.361818
v -3.025454 19.471722 7.049690
v -1.627631 19.130909 7.468233
v -0.165637 18.824188 7.601136
v 1.304347 18.563341 7.443289
v 2.725830 18.358397 7.000760
v 4.044183 18.217226 6.290554
v -1.452980 22.991890 1.609560
v -5.998116 22.691929 -3.061775
v -1.354077 23.167473 0.381427
v -3.352235 23.333694 -1.677120
v -3.043189 23.212576 0.053202
v 0.854691 22.124443 4.380122
v -2.154559 22.916929 2.339959
v 2.662048 21.710411 4.441467
v 3.648968 21.617569 3.817563
v -0.637808 22.399963 4.257905
v 0.416923 22.121576 4.669501
v 1.545310 21.885178 4.731389
v 0.835539 22.273647 4.322240
v -6.155510 23.425922 -0.350224
v -5.490355 23.428167 0.420897
v -3.773180 23.212637 1.588802
v -5.054062 23.395809 1.610714
v -6.071990 23.551224 1.020712
v -2.640572 22.815182 3.984259
v -3.257535 22.987183 3.467954
v -1.932918 22.665688 4.072469
v -3.919759 23.190783 2.552280
v -2.628016 22.901440 3.131266
v -3.683375 21.405844 6.737940
v -4.843276 21.795841 5.932939
v 4.648662 19.801083 5.843246
v 3.401193 19.917311 6.677667
v -11.406755 24.894768 -3.173976
v -11.639563 25.333696 -5.420766
v 2.024642 20.106056 7.256826
v 0.571909 20.360064 7.558467
v -0.901181 20.669573 7.571000
v -7.937210 23.182697 2.037159
v -5.682947 22.154533 4.967193
v -6.448564 22.504759 3.972064
v -7.118191 22.811073 3.101699
v -2.338014 19.699133 7.293943
v -12.072408 23.659185 -4.505388
v -10.933041 24.929245 -4.394419
v -10.313613 24.661659 -3.347835
v -7.241363 23.430241 0.459585
v -7.131145 22.836813 -0.657646
v -6.813960 22.504799 -2.048450
v -6.256154 22.373064 -3.334084
v 1.369987 21.504227 5.778044
v -11.483819 25.496117 -4.451852
v -10.841150 25.197615 -3.316657
v -7.617296 23.947031 1.094664
v -6.852131 23.674475 1.984955
v -6.226534 23.451633 2.712855
v -5.511260 23.196848 3.545097
v -5.850166 23.392790 3.001411
v -6.549516 23.634644 2.197469
v -6.992768 23.787931 1.687925
v -7.755194 24.053864 0.796123
v -10.309699 25.531301 -6.387924
v 1.893688 21.522230 5.439353
v -5.128587 23.146095 3.819514
v 2.990214 21.389963 4.875896
v 3.951426 21.322533 4.107988
v -4.153669 22.875790 4.660887
v -2.963926 22.564255 5.345038
v -1.770250 22.246035 5.730428
v -11.342806 25.427402 -4.171973
v -0.533177 21.958652 5.874990
v -11.347908 25.512846 -4.685942
v 0.703984 21.714252 5.776706
v -0.388143 24.951962 0.343050
v -0.698214 24.951962 1.267687
v -0.617297 24.951962 2.194802
v 0.525475 24.951962 3.614697
v 2.338881 24.951962 3.809066
v 3.194355 24.951962 3.340811
v -0.187128 24.951962 3.018405
v 1.412025 24.951962 3.892897
v -1.097909 24.938147 0.566390
v 1.989827 24.914394 4.404593
v -1.222859 24.934990 1.716282
v -0.293975 22.457003 0.404286
v -0.596598 22.457003 1.293568
v -0.519851 22.457003 2.176783
v 0.568359 22.457003 3.528883
v 2.295488 22.457003 3.713606
v 3.117473 22.457003 3.258916
v -0.110221 22.457003 2.961062
v 1.412579 22.457003 3.793801
v 1.859835 24.858276 3.810604
v -0.615256 24.858276 1.739498
v 0.974582 24.858276 3.714874
v 2.726662 24.858276 3.545546
v 0.193350 24.858276 3.287659
v -0.507201 24.858276 0.839516
v -0.364928 24.858276 2.593999
v 0.840763 24.919119 4.280334
v 3.099669 24.911238 4.078837
v -0.173283 24.924692 3.725806
v -0.897931 24.930265 2.825431
v -1.014576 24.973961 2.268265
v 2.515791 24.973961 4.198249
v -0.500672 24.973961 3.252187
v -1.112494 24.973961 1.162174
v 0.350644 24.973961 3.964551
v 3.507795 24.973961 3.674689
v 1.409767 24.973961 4.296906
v -0.772059 24.973961 0.093395
v 0.130398 21.726513 6.004108
v -11.075305 25.533894 -5.277210
v -1.132691 21.997370 5.983966
v -2.370741 22.306387 5.718393
v -3.567063 22.633635 5.191746
v -4.708511 22.934090 4.384712
v 3.590850 21.237341 4.631175
v 2.538438 21.339054 5.314461
v -2.338014 21.022690 7.293943
v -12.096810 25.290529 -4.507767
v -3.681060 21.610710 6.707160
v -4.840593 21.998924 5.902119
v 4.627604 20.010098 5.819118
v 3.384019 20.126038 6.650530
v -11.395496 25.087780 -3.176816
v -11.628330 25.524668 -5.417908
v 2.011610 20.314314 7.227388
v 0.563119 20.567690 7.527526
v -0.905789 20.876429 7.539407
v -7.930841 23.381306 2.018398
v -5.679528 22.355709 4.938884
v -6.444144 22.704033 3.946997
v -7.112895 23.008686 3.079468
v -3.025454 21.316080 7.049690
v -4.300101 21.707722 6.362660
v 5.208744 19.876347 5.339962
v 4.044183 19.954460 6.290554
v -10.851057 25.450945 -6.641061
v 2.725830 20.107683 7.000760
v 1.304347 20.330130 7.443289
v -12.005820 25.429567 -4.783843
v -0.165637 20.613251 7.601136
v -12.009277 25.323002 -4.182117
v -1.627631 20.946165 7.468233
v -7.785439 23.220966 2.234428
v -5.290881 22.083031 5.461085
v -6.065755 22.434313 4.469629
v -6.819374 22.779049 3.490095
v -1.159973 23.217196 0.529730
v 3.122953 21.887184 4.111675
v -1.283250 23.060438 1.701733
v -0.935341 22.822411 2.852926
v -0.193553 22.547184 3.766506
v -7.482998 22.626030 0.719674
v -8.119119 23.376600 1.784387
v -8.737259 23.772530 0.841767
v -8.368296 24.233196 0.097341
v -8.744753 23.573027 0.856887
v -8.331377 22.325998 0.335081
v -7.924881 23.800446 -0.185855
v -8.727529 21.993557 0.835145
v 3.401193 18.213726 6.677667
v 2.024642 18.380505 7.256826
v 0.571909 18.604948 7.558467
v -0.901181 18.878433 7.571000
v -2.338014 19.190453 7.293943
v -3.683375 19.529011 6.737940
v -4.884877 19.822041 5.924590
v -7.084168 19.881100 -2.098342
v 3.401193 18.400919 6.677667
v 2.024642 18.587276 7.256826
v 0.571909 18.838068 7.558467
v -0.901181 19.143661 7.571000
v -2.338014 19.492308 7.293943
v -3.683375 19.870613 6.737940
v -4.858899 20.203154 5.925465
v -6.857758 20.285189 -2.023849
v -7.060939 23.565424 0.623585
v -6.649320 23.242214 -0.325226
v -7.736081 23.442802 2.079190
v -6.590666 22.776506 -1.820049
v -7.621702 21.449686 2.353358
v -5.705304 23.067862 -2.609122
v -7.446014 23.944677 1.166891
v -7.502793 23.091673 2.601803
v -7.620338 23.239853 2.421193
v -7.326830 23.843565 1.432630
v -7.626300 23.043024 2.441272
v -6.115345 22.923164 -2.268659
v -6.829185 23.345261 0.219304
v -7.589508 21.683741 2.483477
v -6.635415 23.028854 -1.022322
v -5.115972 23.505169 -2.588721
v -5.582558 23.106991 -2.832012
v -5.170936 23.420019 -2.522964
v -5.690145 22.971937 -2.907102
v -5.134437 24.616245 -2.591661
v -5.585824 24.667744 -2.852289
v -5.124264 24.510723 -2.513168
v -5.742426 24.230953 -2.968454
v -5.291138 24.042709 -2.623419
v -5.712741 23.991220 -3.010692
v -5.122757 24.238241 -2.510996
v -5.739151 24.510723 -2.967770
v -5.244124 24.389118 -2.584079
v -5.794283 24.372334 -3.078925
v -6.748256 23.589806 0.819771
v -6.979725 16.674253 2.989713
v -7.456394 23.319120 2.436988
v -6.260012 23.111910 -1.481834
v -7.339887 21.366657 2.755575
v -7.183722 23.853970 1.468412
v -6.446052 23.387281 -0.177904
v -6.946762 20.017971 3.000700
v -5.397984 23.325552 -2.367548
v -7.297020 22.997545 2.869260
v -5.306846 23.354826 -2.636510
v -5.283669 24.667744 -2.633735
v -5.594868 24.008875 -2.842312
v -5.631797 24.389118 -2.873214
v -5.673967 22.868929 -3.147822
v -5.685561 22.978312 -2.987948
v -5.667875 24.616245 -2.979983
v -5.090142 24.056005 -2.560978
v -5.000353 24.372314 -2.485027
v -4.310123 23.287912 0.231976
v -3.973644 23.328764 -1.333355
v -5.788293 22.483686 -3.847372
v 1.429970 21.997433 4.479850
v 0.310599 22.262714 4.173544
v -0.610633 22.553514 3.469360
v -6.802226 22.868052 -1.174161
v 3.619588 21.686241 3.792617
v 2.589131 21.795343 4.347507
v -3.025455 19.887768 7.049690
v -4.302344 20.279102 6.360739
v 5.208744 18.448719 5.339962
v 4.044182 18.526794 6.290553
v -10.831295 23.708033 -6.631999
v 2.725829 18.679945 7.000759
v 1.304347 18.902287 7.443289
v -11.981827 23.686745 -4.780334
v -0.165637 19.185272 7.601136
v -11.985031 23.581026 -4.181205
v -1.627631 19.518028 7.468234
v -7.056491 20.287809 -1.302701
v -7.241853 20.298103 0.172633
v -7.148061 20.295273 1.643883
v -6.111709 20.275976 4.348137
v -5.318640 20.261219 5.449206
v -5.886971 20.281992 -3.999362
v -6.591584 20.283443 -2.722610
v -10.376762 23.527405 -6.423580
v -11.429963 23.508207 -4.699629
v -11.427360 23.421730 -4.160189
v -0.928175 23.256886 -0.011869
v 0.293683 22.407709 4.094642
v -1.164847 22.948959 2.293989
v 3.614914 21.846611 3.788647
v -1.280660 23.150974 1.106908
v 1.411621 22.150177 4.439833
v 2.577531 21.953188 4.332559
v -0.607594 22.686918 3.348807
v -7.367786 23.586954 0.507211
v -7.762539 21.705881 2.251172
v -7.196882 23.144653 -0.002543
v -7.003823 22.629164 -1.357665
v -6.567454 22.422071 -2.705203
v -5.303617 20.658751 5.445644
v -6.052279 20.998281 4.487222
v -6.807145 21.336805 3.503937
v -6.481043 23.476055 0.414318
v -3.982533 23.369473 -1.896915
v -5.690794 20.579004 4.957781
v -6.446462 20.748581 3.926461
v -7.015450 20.846409 -1.326933
v -6.565629 20.846409 -2.712434
v -5.868271 20.846409 -3.970501
v -7.210000 20.846409 0.104024
v -7.351780 20.846409 1.491194
v -6.816520 19.881100 -2.799490
v -6.086631 19.881100 -4.112769
v -5.416184 19.873718 5.431060
v -6.317223 19.881100 4.293175
v -7.364221 19.881100 1.575435
v -7.468053 19.881100 0.100652
v -7.283111 19.881100 -1.376590
v -6.317359 22.717422 -2.467055
v -5.603882 22.714214 -3.588032
v -1.376536 23.240103 -1.151857
v -1.472932 23.097164 0.970883
v -1.272268 22.854862 2.299412
v -4.659973 23.334251 0.941429
v -6.061939 23.482494 0.312201
v -2.558674 22.836838 3.609099
v -3.044549 23.054489 2.372508
v -6.819374 22.674381 3.490095
v -6.065754 22.329647 4.469628
v -5.290881 21.978363 5.461085
v -7.785439 23.114786 2.234427
v -1.627631 20.841499 7.468234
v -12.009278 25.211639 -4.182118
v -0.165637 20.508585 7.601136
v -12.005820 25.318207 -4.783843
v 1.304347 20.225464 7.443289
v 2.725829 20.003017 7.000759
v -10.851057 25.339586 -6.641061
v 4.044182 19.849792 6.290553
v 5.208744 19.771681 5.339962
v -4.300102 21.603054 6.362660
v -3.025455 21.211414 7.049690
v -10.852964 24.872356 -4.138918
v -10.861591 24.951298 -4.616468
v -9.908646 24.968330 -6.208809
v -5.868896 23.324242 3.128975
v -6.572962 23.575033 2.309776
v -7.019202 23.733986 1.790563
v -7.786813 24.009747 0.881986
v -10.356735 25.539045 -6.409919
v 1.965987 21.414057 5.575013
v -5.142688 23.068459 3.962139
v 3.081786 21.279968 4.998806
v 4.060665 21.211609 4.215025
v -4.166391 22.789030 4.808742
v -2.969271 22.470535 5.493144
v -1.757858 22.147823 5.881414
v -11.400713 25.433058 -4.172854
v -0.501243 21.856485 6.024962
v -11.405070 25.520336 -4.694450
v 0.756146 21.608723 5.921504
v -0.305746 24.858276 0.396632
v -0.532032 24.858276 2.179035
v 2.300913 24.858276 3.725538
v -0.119835 24.858276 2.968230
v -0.609300 24.858276 1.290332
v 0.562997 24.858276 3.539610
v 3.127083 24.858276 3.269153
v 1.412510 24.858276 3.806188
v -1.114833 24.932783 2.286804
v 2.560436 24.912586 4.296463
v -0.579798 24.927534 3.311184
v -1.217041 24.936802 1.135548
v 0.306523 24.921852 4.052840
v 3.586895 24.910412 3.758946
v 1.409196 24.916603 4.398860
v -0.868944 24.938974 0.030392
v -3.024336 21.416903 7.018704
v -4.297440 21.807089 6.331728
v 5.185889 19.980768 5.317568
v 4.025024 20.058687 6.264838
v -10.841218 25.530540 -6.636460
v 2.710703 20.211531 6.972377
v 1.293434 20.433424 7.412995
v -11.993861 25.509214 -4.782064
v -0.172318 20.715841 7.569758
v -11.997163 25.403032 -4.181934
v -1.630224 21.047928 7.436646
v -7.779269 23.312256 2.215023
v -5.287931 22.180489 5.431246
v -6.061836 22.529871 4.442941
v -6.814468 22.872736 3.466599
v -8.112503 23.467045 1.766423
v -8.119118 23.267212 1.784387
v -7.734860 22.115316 1.157601
v -8.102480 21.747438 1.760884
v 5.208744 18.085047 5.339962
v -4.305302 19.696823 6.361617
v -3.025455 19.357210 7.049690
v -1.627631 19.030350 7.468234
v -0.165637 18.736183 7.601136
v 1.304347 18.486013 7.443289
v 2.725829 18.289457 7.000759
v 4.044182 18.154068 6.290553
v 4.044182 18.334255 6.290553
v 2.725829 18.485540 7.000759
v 1.304347 18.705172 7.443289
v -0.165637 18.984709 7.601136
v -1.627631 19.313410 7.468234
v -3.025455 19.678644 7.049690
v -4.302855 20.059216 6.361144
v 5.208744 18.257132 5.339962
v -6.975604 19.881100 2.991087
v -7.496992 23.183662 2.581201
v -7.475504 23.896524 1.259641
v -7.502792 22.986946 2.601803
v -5.959015 23.083538 -2.108238
v -7.232568 20.846409 2.718446
v -6.769634 20.286041 3.052090
v -6.997538 23.278654 0.120863
v -6.503699 23.154858 -0.902429
v -5.065774 23.458372 -2.556108
v -5.597854 23.072012 -2.805641
v -5.545373 24.716825 -2.888741
v -5.039465 24.498236 -2.516297
v -5.616549 24.544777 -2.862703
v -5.617949 24.233948 -2.861626
v -5.033985 24.237907 -2.513825
v -5.261754 24.238176 -2.598831
v -5.261066 24.544775 -2.600282
v -5.260312 24.716824 -2.683999
v -5.316306 23.327307 -2.602656
v -6.289410 23.349504 -0.681609
v -5.648553 23.328541 -1.828963
v -7.297021 22.892878 2.869260
v -7.291491 23.090046 2.847786
v -7.211443 23.802464 1.566884
v -6.696615 23.397266 0.297801
v -5.763705 24.229643 -3.053338
v -5.758175 24.498236 -3.049712
v -5.684672 22.931845 -3.006598
v -4.089061 23.295414 -0.576030
v -7.392595 21.643900 2.739714
v -5.871987 22.354788 -3.946122
v 5.273352 16.674253 4.412632
v -5.188868 16.674253 -4.341938
v 4.286959 16.674253 5.387201
v 3.137443 16.674253 6.156101
v 1.868980 16.674253 6.689783
v 0.530317 16.674253 6.967739
v -0.827101 16.674253 6.979288
v -2.151112 16.674253 6.723985
v -3.390834 16.674253 6.211642
v -4.498624 16.674253 5.461946
v -5.974233 16.674253 -3.199153
v -6.528388 16.674253 -1.932067
v -6.830037 16.674253 -0.589376
v -6.867588 16.674253 0.777324
v -6.639599 16.674253 2.115510
v -6.154831 16.674253 3.373756
v -5.431912 16.674253 4.503710
v 4.803061 16.674253 4.923435
v 3.729944 16.674253 5.799384
v 2.515109 16.674253 6.453824
v 1.205245 16.674253 6.861605
v -0.149314 16.674253 7.007057
v -1.496510 16.674253 6.884591
v -2.784574 16.674253 6.498912
v -3.964005 16.674253 5.864841
v -5.608739 16.674253 -3.788946
v -6.281737 16.674253 -2.578185
v -6.711708 16.674253 -1.266987
v -6.882128 16.674253 0.094258
v -6.786448 16.674253 1.453239
v -5.821585 16.674253 3.957604
v -4.989478 16.674253 5.006747
v -6.428348 16.674253 2.757731
v -3.508716 23.404114 -2.936021
v -3.963762 23.445511 -3.316795
v -3.958269 23.445875 -3.326706
v 6.351689 20.232061 3.413683
v 6.934851 20.345980 2.073447
v 7.249931 20.530970 0.652208
v 7.284819 20.779926 -0.795417
v 7.038178 21.083279 -2.213797
v 6.519483 21.429373 -3.548422
v 5.743750 21.803623 -4.752123
v 4.747033 22.179363 -5.748951
v -7.349908 25.573456 -10.416902
v -5.142104 25.150875 -10.575674
v -6.544213 25.531147 -11.017875
v 3.776103 22.407076 -0.862142
v -0.141309 23.592934 -6.429126
v -6.957675 25.092144 -9.534398
v -5.125220 24.787155 -9.612181
v -6.268543 25.057503 -10.037884
v -7.010612 23.710957 -9.650937
v -5.116270 23.455721 -9.740107
v -6.304406 23.675129 -10.168367
v 4.860070 20.331911 -5.905073
v -7.312729 23.558750 -10.331246
v -5.131752 23.160057 -10.482698
v -6.517035 23.517050 -10.923591
v 6.571397 16.674253 3.545468
v 7.172773 16.674253 2.170411
v 7.500126 16.674253 0.713304
v 7.540877 16.674253 -0.769856
v 7.293461 16.674253 -2.222071
v 6.767384 16.674253 -3.587537
v 5.982863 16.674253 -4.813777
v 4.970048 16.674253 -5.853667
v -4.564179 16.674253 -5.772553
v -3.316710 16.674253 -6.606973
v -1.940159 16.674253 -7.186132
v -0.487424 16.674253 -7.487773
v 0.985664 16.674253 -7.500306
v 2.422498 16.674253 -7.223248
v 3.767860 16.674253 -6.667247
v 2.730838 22.703218 -1.480000
v 4.754560 21.886318 1.195620
v 4.606967 21.727758 2.355170
v -0.599670 22.403618 -7.319037
v 0.466891 23.509216 -8.095440
v -0.726294 23.561600 -7.211956
v 0.538862 21.554911 -7.975955
v -1.893728 22.403618 -6.914567
v -1.855283 22.917273 -6.853513
v -3.220866 22.403618 -6.353917
v -3.139146 22.609488 -6.292488
v -4.401001 22.063179 -5.571844
v -4.292012 22.493271 -5.504891
v 1.630343 23.150824 -7.480516
v 2.581577 22.857801 -6.977757
v 3.669169 22.522778 -6.402927
v -1.444554 23.376810 -5.269018
v -2.801478 23.375509 -4.437834
v 1.862676 21.225122 -7.492949
v 2.957632 20.938929 -6.949533
v 3.889012 20.716711 -6.469321
v 7.172772 18.279432 2.170410
v 6.571397 18.172348 3.545468
v 7.500127 18.453329 0.713304
v 7.540877 18.687351 -0.769856
v 7.293461 18.972511 -2.222071
v 6.767384 19.297846 -3.587536
v 5.982862 19.650854 -4.813776
v 4.972818 19.956390 -5.848581
v -1.923532 20.017971 -7.155623
v -3.300082 20.017971 -6.576464
v -0.470798 20.017971 -7.457265
v 1.002291 20.017971 -7.469797
v 2.439124 20.017971 -7.192739
v 3.781714 20.017971 -6.641822
v -4.546036 20.017971 -5.743542
v 0.550470 23.137081 -3.181306
v -1.385833 23.272432 -2.757934
v 4.930397 21.788609 1.263064
v 4.841557 21.997225 0.123282
v 4.421934 22.254658 -0.909062
v 3.401612 22.624439 -2.066331
v 4.663799 21.652794 2.393974
v -1.186348 23.435810 -6.229039
v 0.181308 23.483429 -5.762062
v 1.268443 23.299109 -4.718065
v 3.749480 22.710234 -2.957911
v 3.229110 22.918392 -3.690147
v 2.345800 23.080872 -4.028320
v 5.779593 21.611177 0.293161
v 5.780033 21.830444 -0.945636
v -6.391541 25.488956 -10.462396
v -7.124542 25.526218 -9.920779
v 5.537947 22.097622 -2.165164
v -5.180206 25.199707 -10.031075
v 5.062637 22.402445 -3.318561
v 4.338542 22.724373 -4.389806
v 3.342999 23.016308 -5.369300
v 5.060520 21.347914 2.639220
v 5.536643 21.448246 1.503618
v -0.348570 23.993383 -7.645186
v 0.645471 23.730541 -7.051118
v 1.458195 23.515642 -6.565411
v 2.387422 23.269938 -6.010077
v 0.682354 24.951962 -0.725309
v 1.584734 24.951962 -0.999247
v 2.508583 24.951962 -0.899344
v 3.323876 24.951962 -0.453503
v 3.906494 24.951962 0.270400
v 4.167737 24.951962 1.162157
v 4.057210 24.951962 2.098701
v 0.744722 22.457003 -0.636142
v 1.606469 22.457003 -0.899931
v 2.486208 22.457003 -0.804797
v 3.262575 22.457003 -0.380244
v 3.817375 22.457003 0.309096
v 4.066144 22.457003 1.158275
v 3.958442 22.457003 2.053034
v 0.428085 24.973961 -1.088838
v 4.581923 24.973961 1.177982
v 4.269827 24.973961 0.112640
v 4.459878 24.973961 2.284883
v 3.573799 24.973961 -0.752175
v 1.496121 24.973961 -1.404153
v 2.599803 24.973961 -1.284802
v 6.767384 21.127356 -3.587536
v -6.570193 25.401890 -11.112397
v 5.982862 21.510509 -4.813776
v 4.985947 21.900509 -5.813554
v 6.571397 19.905750 3.545468
v 7.172772 20.021978 2.170410
v -5.135623 25.006128 -10.668345
v -7.388260 25.445057 -10.501324
v 7.500127 20.210722 0.713304
v 7.540877 20.464731 -0.769856
v 7.293461 20.774240 -2.222071
v 0.605651 23.290392 -8.172055
v 3.887274 22.259201 -6.469776
v 2.772734 22.609425 -7.047922
v 1.797930 22.915741 -7.553584
v -1.433085 22.801792 -7.927310
v -0.845435 22.009893 -8.592523
v -1.582855 23.916414 -7.816402
v -0.807016 23.885504 -8.678484
v -1.444609 24.269348 -8.206333
v -0.698523 23.683750 -8.758826
v -0.493855 23.578587 -6.906360
v -1.601172 23.147892 -6.597253
v 0.908552 23.373165 -7.862007
v -2.735072 22.964464 -6.017919
v -3.817638 22.908669 -5.221099
v 0.028781 23.893604 -7.419671
v 1.058256 23.148170 -7.937277
v -3.449687 23.457611 -4.661810
v -3.869261 23.015842 -5.074408
v -3.435918 24.606306 -4.645047
v -3.886952 24.606306 -5.077210
v -3.423687 24.053947 -4.640451
v -3.891959 23.996370 -5.093400
v -3.345588 24.377674 -4.575196
v -3.960051 24.377674 -5.150378
v -3.504751 23.404518 -2.945911
v 5.966175 20.203245 4.037137
v 6.675587 20.279804 2.756995
v 7.126879 20.429979 1.369583
v 7.302710 20.648003 -0.071785
v 7.196321 20.925493 -1.511715
v 6.811803 21.251785 -2.894872
v 6.163316 21.614183 -4.168618
v 5.264880 21.994177 -5.290069
v -6.795015 25.558273 -10.882489
v -6.215670 25.454779 -10.988521
v 4.211749 22.354216 -6.105620
v -8.400277 25.579227 -9.438996
v -6.475871 25.079714 -9.927642
v -6.001621 25.000099 -10.004105
v -0.211267 23.604521 -6.590011
v -7.885033 25.096870 -8.697795
v -1.738647 23.027212 -6.735889
v -6.518504 23.698101 -10.054176
v -6.027216 23.623287 -10.135436
v -7.954215 23.715845 -8.795804
v -6.937909 24.963640 -9.487553
v -6.764419 23.543785 -10.790156
v -6.192812 23.444006 -10.894013
v 4.281906 20.555201 -6.259667
v -8.351156 23.564438 -9.367156
v 5.982862 20.082106 -4.813776
v 6.736396 21.228668 -3.582647
v 4.973002 20.472342 -5.823016
v 6.571396 18.478107 3.545467
v 7.172773 18.594280 2.170411
v -5.135139 23.268269 -10.645139
v -7.378817 23.702169 -10.480063
v 7.500127 18.782934 0.713304
v 7.540877 19.036823 -0.769855
v -6.566945 25.481606 -11.100581
v 7.293460 19.346186 -2.222072
v 6.174758 16.674253 4.185518
v 6.905105 16.674253 2.871585
v 7.371715 16.674253 1.448657
v 7.556657 16.674253 -0.028584
v 7.452824 16.674253 -1.503368
v 7.064208 16.674253 -2.919019
v 6.405741 16.674253 -4.221136
v 5.502728 16.674253 -5.359680
v 6.571396 18.286161 3.545467
v -5.124260 16.674253 -5.269268
v -3.959699 16.674253 -6.219859
v -2.641346 16.674253 -6.930066
v -1.219864 16.674253 -7.372595
v 0.250120 16.674253 -7.530442
v 3.109938 16.674253 -6.978996
v -6.410720 23.483355 -10.545979
v -1.826066 20.292177 -6.972127
v -0.376718 20.300428 -7.276719
v 1.088854 20.288811 -7.302395
v 2.519049 20.280775 -7.024422
v 3.841713 20.272163 -6.501624
v -7.161671 23.522118 -9.991091
v -4.436873 20.282398 -5.570491
v 4.389872 16.674253 -6.290895
v -5.124011 23.201712 -10.111403
v -0.376356 23.205990 -1.083843
v 4.726586 22.041939 1.184890
v 0.152761 21.765457 -8.143067
v -0.786773 23.704706 -7.386483
v 0.192636 23.591682 -8.229110
v 0.599958 21.718899 -8.151007
v -1.220951 23.213959 -7.035597
v -1.230663 22.403618 -7.104915
v -2.506974 22.724072 -6.605188
v -2.567867 22.403618 -6.664536
v -3.737821 22.533920 -5.926389
v -3.830781 22.315098 -5.991858
v -4.937820 22.063179 -5.087280
v 0.007072 21.838461 -7.662404
v 1.376307 23.229076 -7.614782
v 2.054826 23.020065 -7.256163
v 3.125373 22.690289 -6.690342
v -0.709512 23.495716 -6.300437
v -2.109367 23.349068 -4.728111
v -2.239309 23.337656 -5.690342
v 2.393700 21.084148 -7.233265
v 3.499112 20.801823 -6.671540
v 3.887547 20.833385 -6.469704
v 2.795846 21.167961 -7.035624
v 1.771509 21.489933 -7.563909
v -3.051891 23.416355 -4.160834
v 3.326779 20.658472 -6.753947
v 2.101316 20.854013 -7.313018
v 0.797822 20.846409 -7.635512
v -3.205136 20.846409 -6.355933
v -1.858233 20.846409 -6.923986
v -4.407276 20.846409 -5.557790
v -0.489155 20.846409 -7.294555
v 6.571396 18.111027 3.545467
v -1.938080 19.881100 -7.182318
v -0.485346 19.881100 -7.483959
v 0.987743 19.881100 -7.496492
v 2.424575 19.881100 -7.219435
v 3.769590 19.881100 -6.664067
v -4.561911 19.881100 -5.768927
v -3.942883 20.017971 -6.189538
v -5.102935 20.017971 -5.243472
v 4.398185 20.010275 -6.275640
v 3.126218 20.017971 -6.949122
v 0.266747 20.017971 -7.499933
v -1.203237 20.017971 -7.342087
v -2.624718 20.017971 -6.899557
v 6.174758 18.145260 4.185518
v 5.503074 19.825829 -5.359044
v 6.405740 19.471722 -4.221136
v 7.064207 19.130909 -2.919019
v 7.452824 18.824188 -1.503368
v 7.556657 18.563341 -0.028584
v 7.371715 18.358397 1.448657
v 6.905106 18.217226 2.871585
v 1.328132 22.991890 -1.714031
v -4.071461 22.691929 -5.364240
v 0.136683 23.167473 -1.400118
v -2.241949 23.333694 -3.003978
v -0.484244 23.212576 -3.004885
v 4.462198 22.124443 0.068941
v 1.923375 22.916929 -2.533409
v 4.841278 21.710411 1.837161
v 4.401175 21.617569 2.918631
v 4.078721 22.399963 -1.378621
v 4.669850 22.121576 -0.412994
v 4.929740 21.885178 0.686799
v 4.401846 22.273647 0.060296
v -1.430151 23.425922 -5.997302
v -0.553826 23.428167 -5.478542
v 0.898573 23.212637 -3.994214
v 0.694280 23.395809 -5.258889
v -0.065970 23.551224 -6.156831
v 3.456210 22.815182 -3.301749
v 2.839205 22.987183 -3.818004
v 3.667820 22.665688 -2.620738
v 1.821107 23.190783 -4.308389
v 2.618797 22.901440 -3.138981
v 5.982862 21.405844 -4.813776
v 4.985948 21.795841 -5.813554
v 6.571396 19.801083 3.545467
v 7.172773 19.917311 2.170411
v -5.135622 24.894768 -10.668344
v -7.388258 25.333696 -10.501323
v 7.500127 20.106056 0.713304
v 7.540877 20.360064 -0.769855
v 7.293460 20.669573 -2.222072
v 0.605651 23.182697 -8.172055
v 3.887274 22.154533 -6.469776
v 2.772734 22.504759 -7.047923
v 1.797930 22.811073 -7.553584
v 6.767384 19.699133 -3.587537
v -6.563548 23.659185 -11.088796
v -6.253410 24.929245 -9.986850
v -5.114000 24.661659 -9.561674
v -0.824503 23.430241 -7.208935
v -1.904792 22.836813 -6.903440
v -3.217874 22.504799 -6.345983
v -4.385004 22.373064 -5.570217
v 5.929079 21.504227 0.329664
v -6.407063 25.496117 -10.518870
v -5.176332 25.197615 -10.086443
v -0.265664 23.947031 -7.690963
v 0.745600 23.674475 -7.094774
v 1.572407 23.451633 -6.607333
v 2.517734 23.196848 -6.050017
v 1.922808 23.392790 -6.287744
v 1.008144 23.634644 -6.834374
v 0.428425 23.787931 -7.180832
v -0.583843 24.053864 -7.774057
v -8.105763 25.531301 -9.021756
v 5.688040 21.522230 0.904881
v 2.855330 23.146095 -5.721730
v 5.326765 21.389963 2.083582
v 4.740383 21.322533 3.165139
v 3.855428 22.875790 -4.910450
v 4.738649 22.564255 -3.859986
v 5.328484 22.246035 -2.752971
v -6.106704 25.427402 -10.429419
v 5.688917 21.958652 -1.560773
v -6.613520 25.512846 -10.343810
v 5.810324 21.714252 -0.325667
v 0.269233 24.951962 -0.442552
v 1.124706 24.951962 -0.910807
v 2.051562 24.951962 -0.994639
v 3.650715 24.951962 -0.120147
v 4.161801 24.951962 1.630571
v 3.851730 24.951962 2.555208
v 2.938112 24.951962 -0.716438
v 4.080884 24.951962 0.703456
v 0.363918 24.938147 -1.180578
v 4.686446 24.914394 1.181976
v 1.473759 24.934990 -1.506334
v 0.346114 22.457003 -0.360658
v 1.168099 22.457003 -0.815347
v 2.051008 22.457003 -0.895543
v 3.573808 22.457003 -0.062804
v 4.060185 22.457003 1.604691
v 3.757562 22.457003 2.493972
v 2.895229 22.457003 -0.630625
v 3.983438 22.457003 0.721475
v 4.078844 24.858276 1.158760
v 1.603752 24.858276 -0.912346
v 3.828515 24.858276 0.304259
v 3.970788 24.858276 2.058743
v 3.270237 24.858276 -0.389400
v 0.736926 24.858276 -0.647288
v 2.489005 24.858276 -0.816616
v 4.361518 24.919119 0.072827
v 4.561496 24.911238 2.331869
v 3.636870 24.924692 -0.827548
v 2.622824 24.930265 -1.382076
v 2.053820 24.973961 -1.398647
v 4.576080 24.973961 1.736083
v 3.112943 24.973961 -1.066293
v 0.947795 24.973961 -1.299990
v 3.964259 24.973961 -0.353929
v 4.235647 24.973961 2.804864
v 4.478163 24.973961 0.629993
v -0.044208 24.973961 -0.776430
v 5.933022 21.726513 -0.930364
v -7.147455 25.533894 -9.971219
v 5.690472 21.997370 -2.170109
v 5.210752 22.306387 -3.341931
v 4.481406 22.633635 -4.426642
v 3.485744 22.934090 -5.407899
v 5.191791 21.237341 2.717958
v 5.678795 21.339054 1.561552
v 6.767384 21.022690 -3.587537
v -6.570191 25.290529 -11.112396
v 5.952974 21.610710 -4.806070
v 4.956083 21.998924 -5.805479
v 6.543933 20.010098 3.528994
v 7.143033 20.126038 2.158290
v -5.136433 25.087780 -10.656761
v -7.383464 25.524668 -10.490770
v 7.468852 20.314314 0.705667
v 7.508871 20.567690 -0.773051
v 7.261550 20.876429 -2.221037
v 0.588307 23.381306 -8.162479
v 3.860010 22.355709 -6.461419
v 2.748839 22.704033 -7.039152
v 1.776982 23.008686 -7.544450
v 6.405740 21.316080 -4.221136
v 5.504715 21.707722 -5.354665
v 6.174758 19.876347 4.185518
v 6.905106 19.954460 2.871585
v -8.450392 25.450945 -9.509995
v 7.371715 20.107683 1.448657
v 7.556657 20.330130 -0.028584
v -6.825898 25.429567 -10.974152
v 7.452824 20.613251 -1.503368
v -6.234211 25.323002 -11.083657
v 7.064207 20.946165 -2.919019
v 0.826591 23.220966 -8.057448
v 4.442560 22.083031 -6.170943
v 3.330004 22.434313 -6.758849
v 2.232931 22.779049 -7.327935
v 0.316889 23.217196 -1.235206
v 4.597926 21.887184 2.348997
v 1.448790 23.060438 -1.563213
v 2.643291 22.822411 -1.423748
v 3.673357 22.547184 -0.854677
v -0.611098 22.626030 -7.492646
v 0.324764 23.376600 -8.306543
v -0.712085 23.772530 -8.748783
v -1.379786 24.233196 -8.254335
v -0.698523 23.573027 -8.758825
v -1.139261 22.325998 -8.259916
v -1.580356 23.800446 -7.767931
v -0.716887 21.993557 -8.738037
v 7.172773 18.213726 2.170411
v 7.500127 18.380505 0.713304
v 7.540877 18.604948 -0.769855
v 7.293460 18.878433 -2.222072
v 6.767384 19.190453 -3.587537
v 5.982862 19.529011 -4.813776
v 4.970394 19.822041 -5.853031
v -3.314631 19.881100 -6.603158
v 7.172773 18.400919 2.170411
v 7.500127 18.587276 0.713304
v 7.540877 18.838068 -0.769855
v 7.293460 19.143661 -2.222072
v 6.767384 19.492308 -3.587537
v 5.982862 19.870613 -4.813776
v 4.975836 20.203154 -5.827614
v -3.201382 20.285189 -6.393431
v -0.631258 23.565424 -7.060257
v -1.492620 23.242214 -6.487782
v 0.682489 23.442802 -7.981490
v -2.953678 22.776506 -6.166461
v 0.972530 21.449686 -7.917248
v -3.574268 23.067862 -5.155833
v -0.164367 23.944677 -7.535101
v 1.238050 23.091673 -7.844011
v 1.039542 23.239853 -7.927868
v 0.118224 23.843565 -7.464643
v 1.058255 23.043024 -7.937276
v -3.311444 22.923164 -5.619483
v -0.988339 23.345261 -6.760847
v 1.106287 21.683741 -7.908503
v -2.176342 23.028854 -6.351174
v -3.450269 23.505169 -4.579333
v -3.772022 23.106991 -4.995708
v -3.395235 23.420019 -4.645031
v -3.864907 22.971937 -5.088368
v -3.456419 24.616245 -4.596990
v -3.792557 24.667744 -4.995347
v -3.377362 24.510723 -4.600817
v -3.934516 24.230953 -5.129011
v -3.515311 24.042709 -4.745636
v -3.970858 23.991220 -5.092344
v -3.374959 24.238241 -4.599718
v -3.933265 24.510723 -5.125908
v -3.468297 24.389118 -4.706295
v -4.052400 24.372334 -5.160577
v -0.383010 23.589806 -6.787067
v 1.712116 16.674253 -7.397540
v 1.083999 23.319120 -7.769278
v -2.562458 23.111910 -5.900627
v 1.418138 21.366657 -7.710773
v 0.178680 23.853970 -7.330087
v -1.311764 23.387281 -6.313676
v 1.728742 20.017971 -7.367031
v -3.282289 23.325552 -4.895926
v 1.537600 22.997545 -7.688624
v -3.530967 23.354826 -4.758789
v -3.524148 24.667744 -4.736465
v -3.784331 24.008875 -5.006008
v -3.821261 24.389118 -5.036910
v -4.099001 22.868929 -5.029997
v -3.943677 22.978312 -5.069600
v -3.932718 24.616245 -5.053596
v -3.418406 24.056005 -4.558800
v -3.327812 24.372314 -4.483810
v -0.531673 23.287912 -4.283491
v -2.013145 23.328764 -3.676266
v -4.807749 22.483686 -5.019179
v 4.661804 21.997433 0.617621
v 4.162916 22.262714 -0.430199
v 3.307323 22.553514 -1.212825
v -2.355216 22.868052 -6.488597
v 4.371439 21.686241 2.894111
v 4.735933 21.795343 1.781955
v 6.405741 19.887768 -4.221136
v 5.502428 20.279102 -5.356534
v 6.174758 18.448719 4.185518
v 6.905104 18.526794 2.871584
v -8.437988 23.708033 -9.492140
v 7.371714 18.679945 1.448657
v 7.556656 18.902287 -0.028584
v -6.818213 23.686745 -10.951152
v 7.452824 19.185272 -1.503368
v -6.229036 23.581026 -11.059953
v 7.064208 19.518028 -2.919019
v -2.526577 20.287809 -6.716212
v -1.107044 20.298103 -7.158818
v 0.357690 20.295273 -7.325926
v 3.202313 20.275976 -6.782660
v 4.425973 20.261219 -6.196172
v -4.974758 20.281992 -5.089509
v -3.842257 20.283443 -6.008215
v -8.152685 23.527405 -9.081481
v -6.641461 23.508207 -10.422167
v -6.110015 23.421730 -10.514725
v -0.175350 23.256886 -0.911538
v 4.082268 22.407709 -0.432936
v 2.052644 22.948959 -1.551099
v 4.366708 21.846611 2.890209
v 0.863742 23.150974 -1.455777
v 4.619178 22.150177 0.606616
v 4.719173 21.953188 1.773172
v 3.189196 22.686918 -1.188576
v -0.799916 23.586954 -7.341776
v 0.847112 21.705881 -8.037860
v -1.271546 23.144653 -7.083663
v -2.571392 22.629164 -6.654678
v -3.820869 22.422071 -5.987532
v 4.425116 20.658751 -6.180757
v 3.349698 20.998281 -6.748686
v 2.248712 21.336805 -7.318339
v -0.734992 23.476055 -6.452547
v -2.569441 23.369473 -3.585642
v 3.876625 20.579004 -6.475840
v 2.728216 20.748581 -7.037812
v -2.543191 20.846409 -6.671541
v -3.827665 20.846409 -5.984460
v -4.943052 20.846409 -5.076192
v -1.168962 20.846409 -7.115367
v 0.171472 20.846409 -7.499528
v -3.957597 19.881100 -6.216069
v -5.121594 19.881100 -5.266043
v 4.390911 19.873718 -6.288988
v 3.111973 19.881100 -6.975262
v 0.252199 19.881100 -7.526628
v -1.217785 19.881100 -7.368781
v -2.639267 19.881100 -6.926251
v -3.542353 22.717422 -5.783348
v -4.519956 22.714214 -4.883387
v 0.695944 23.097164 -1.621050
v 2.039040 22.854862 -1.657793
v 0.104974 23.334251 -4.752958
v -0.761607 23.482494 -6.022004
v 3.101370 22.836838 -3.154982
v 1.798480 23.054489 -3.415193
v 2.232931 22.674381 -7.327935
v 3.330003 22.329647 -6.758848
v 4.442560 21.978363 -6.170943
v 0.826591 23.114786 -8.057447
v 7.064208 20.841499 -2.919019
v -6.234212 25.211639 -11.083658
v 7.452824 20.508585 -1.503368
v -6.825898 25.318207 -10.974152
v 7.556656 20.225464 -0.028584
v 7.371714 20.003017 1.448657
v -8.450392 25.339586 -9.509995
v 6.905104 19.849792 2.871584
v 6.174758 19.771681 4.185518
v 5.504715 21.603054 -5.354665
v 6.405741 21.211414 -4.221136
v -5.987793 24.872356 -9.953081
v -6.459381 24.951298 -9.877365
v -7.858736 24.968330 -8.658570
v 2.045070 23.324242 -6.328675
v 1.114558 23.575033 -6.877256
v 0.524794 23.733986 -7.224951
v -0.504901 24.009747 -7.820322
v -8.135708 25.539045 -9.064177
v 5.834324 21.414057 0.952126
v 2.993233 23.068459 -5.760759
v 5.463897 21.279968 2.152046
v 4.865005 21.211609 3.253792
v 3.998723 22.789030 -4.949044
v 4.883492 22.470535 -3.891364
v 5.479289 22.147823 -2.767397
v -6.117783 25.433058 -10.486262
v 5.842170 21.856485 -1.555784
v -6.631974 25.520336 -10.398578
v 5.962051 21.608723 -0.299855
v 0.336504 24.858276 -0.370895
v 2.051077 24.858276 -0.907930
v 4.072887 24.858276 1.607926
v 2.900589 24.858276 -0.641352
v 1.162674 24.858276 -0.827280
v 3.583421 24.858276 -0.069972
v 3.769333 24.858276 2.501626
v 3.995618 24.858276 0.719223
v 2.054390 24.932783 -1.500602
v 4.680628 24.912586 1.762711
v 3.157063 24.927534 -1.154582
v 0.903151 24.936802 -1.398204
v 4.043385 24.921852 -0.412926
v 4.332531 24.910412 2.867867
v 4.578420 24.916603 0.611454
v -0.123307 24.938974 -0.860687
v 6.375438 21.416903 -4.214572
v 5.474736 21.807089 -5.346591
v 6.148685 19.980768 4.166970
v 6.876414 20.058687 2.857261
v -8.444129 25.530540 -9.501121
v 7.341109 20.211531 1.438773
v 7.524913 20.433424 -0.033984
v -6.822038 25.509214 -10.962694
v 7.420761 20.715841 -1.504411
v -6.231894 25.403032 -11.071765
v 7.032657 21.047928 -2.916000
v 0.808578 23.312256 -8.047953
v 4.413708 22.180489 -6.162777
v 3.304425 22.529871 -6.750285
v 2.210668 22.872736 -7.318964
v 0.308248 23.467045 -8.296864
v 0.324764 23.267212 -8.306542
v -0.224444 22.115316 -7.817783
v 0.304563 21.747438 -8.286021
v 6.174758 18.085047 4.185518
v 5.502771 19.696823 -5.359599
v 6.405741 19.357210 -4.221136
v 7.064208 19.030350 -2.919019
v 7.452824 18.736183 -1.503368
v 7.556656 18.486013 -0.028584
v 7.371714 18.289457 1.448657
v 6.905104 18.154068 2.871584
v 6.905104 18.334255 2.871584
v 7.371714 18.485540 1.448657
v 7.556656 18.705172 -0.028584
v 7.452824 18.984709 -1.503368
v 7.064208 19.313410 -2.919019
v 6.405741 19.678644 -4.221136
v 5.502737 20.059216 -5.357108
v 6.174758 18.257132 4.185518
v 1.714194 19.881100 -7.393726
v 1.218793 23.183662 -7.834669
v -0.078269 23.896524 -7.580483
v 1.238049 22.986946 -7.844010
v -3.125971 23.083538 -5.493891
v 1.400513 20.846409 -7.598589
v 1.810560 20.286041 -7.201741
v -1.114923 23.278654 -6.909203
v -2.035101 23.154858 -6.242663
v -3.409315 23.458372 -4.535672
v -3.748761 23.072012 -5.015414
v -3.821305 24.716825 -4.949102
v -3.365489 24.498236 -4.516796
v -3.808226 24.544777 -5.023755
v -3.807413 24.233948 -5.025322
v -3.362090 24.237907 -4.511837
v -3.485927 24.238176 -4.721048
v -3.487234 24.544775 -4.720115
v -3.569505 24.716824 -4.704610
v -3.499311 23.327307 -4.774071
v -1.779955 23.349504 -6.070669
v -2.796327 23.328541 -5.237539
v 1.537600 22.892878 -7.688624
v 1.517438 23.090046 -7.679394
v 0.270721 23.802464 -7.374737
v -0.887695 23.397266 -6.644196
v -4.021821 24.229643 -5.134990
v -4.017278 24.498236 -5.130186
v -3.961878 22.931845 -5.065437
v -1.288037 23.295414 -3.923416
v 1.393231 21.643900 -7.759858
v -4.919710 22.354788 -5.084148
v 6.058717 16.674253 3.269847
v 6.612872 16.674253 2.002761
v 6.914520 16.674253 0.660069
v 6.952072 16.674253 -0.706630
v 6.724083 16.674253 -2.044815
v 6.239314 16.674253 -3.303062
v 5.516396 16.674253 -4.433015
v 4.583108 16.674253 -5.391252
v -4.202475 16.674253 -5.316506
v -3.052959 16.674253 -6.085407
v -1.784497 16.674253 -6.619089
v -0.445834 16.674253 -6.897045
v 0.911585 16.674253 -6.908593
v 2.235596 16.674253 -6.653291
v 3.475317 16.674253 -6.140947
v 5.693223 16.674253 3.859640
v 6.366221 16.674253 2.648879
v 6.796191 16.674253 1.337681
v 6.966612 16.674253 -0.023563
v 6.870933 16.674253 -1.382545
v 6.512831 16.674253 -2.687037
v 5.906068 16.674253 -3.886910
v 5.073961 16.674253 -4.936052
v -4.718578 16.674253 -4.852741
v -3.645460 16.674253 -5.728689
v -2.430625 16.674253 -6.383129
v -1.120761 16.674253 -6.790911
v 0.233798 16.674253 -6.936363
v 2.869058 16.674253 -6.428218
v 4.048488 16.674253 -5.794147
v 1.580994 16.674253 -6.813897
v 5.321757 26.130024 4.453137
v 2.842954 25.988735 -1.810746
v 4.932150 25.999310 0.180676
v 5.657124 26.094255 2.829609
v 0.137910 26.030403 -3.080942
v -2.086921 25.533499 -4.464613
v -3.653749 24.523890 -5.651534
v 5.337913 24.801817 4.466656
v -2.585064 25.545721 -3.867080
v -0.558516 26.067764 -2.248672
v -3.925663 24.523890 -5.326581
v 3.014813 24.659689 -2.016127
v 5.091785 24.670261 -0.010098
v 5.735716 24.765419 2.743894
v 0.275038 24.701357 -3.244818
v -1.994985 24.204451 -4.574481
v -3.618080 23.207203 -5.713599
v -2.705970 24.200333 -3.748893
v -3.980606 23.207203 -5.280359
v -1.685389 25.661013 -4.193742
v -1.584881 24.331966 -4.313856
v -2.231986 25.698374 -3.540528
v -1.281068 25.988735 3.117700
v 1.047543 25.999310 4.823007
v 3.782806 26.094255 5.069529
v -3.008348 26.030403 0.679018
v -4.762647 25.533499 -1.266964
v -6.207252 24.523890 -2.599949
v -4.262317 25.545721 -1.862667
v -2.311922 26.067764 -0.153250
v -5.935338 24.523890 -2.924902
v -1.452927 24.659689 3.323082
v 0.887907 24.670261 5.013781
v 3.712292 24.765419 5.162004
v -3.145475 24.701357 0.842894
v -4.854582 24.204451 -1.157096
v -6.262055 23.207203 -2.553895
v -4.167301 24.200333 -2.002517
v -5.899529 23.207203 -2.987134
v -4.425218 25.661013 -0.919488
v -4.525726 24.331966 -0.799375
v -3.878622 25.698374 -1.572702
v 2.168315 26.017027 -2.163402
v 1.473546 26.044773 -2.480259
v 0.787220 26.054916 -2.779908
v 4.529296 25.981741 -0.414935
v 4.037977 25.972248 -0.942296
v 3.471444 25.973642 -1.406026
v 5.588450 26.072416 2.208722
v 5.452352 26.047447 1.531575
v 5.237395 26.022144 0.841212
v 5.503536 26.128063 4.161986
v 5.617367 26.121811 3.800867
v 5.667234 26.110725 3.360000
v -3.464947 24.636782 -5.586151
v -3.558077 24.577438 -5.648777
v 2.333918 24.687981 -2.361307
v 1.630863 24.715725 -2.668262
v 0.934840 24.725870 -2.956322
v -2.978544 25.544132 -3.370152
v 5.584494 26.115667 2.909099
v 2.684075 26.010334 -1.620876
v 5.268726 26.151060 4.410517
v -0.992822 26.067764 -1.729651
v 4.784500 26.020908 0.357125
v 0.037695 26.092278 -1.884182
v -1.945209 25.791372 -3.293127
v -1.562785 25.898588 -2.977156
v -1.096595 25.998045 -2.619907
v -2.612741 25.435669 -4.148877
v -2.539852 25.492012 -4.064957
v 4.699630 24.652693 -0.618493
v 4.213214 24.643202 -1.151714
v 3.646841 24.644596 -1.615635
v 5.687895 24.743458 2.093343
v 5.574096 24.718426 1.387109
v 5.380125 24.693100 0.670770
v 5.535319 24.799786 4.154138
v 5.663558 24.793367 3.769260
v 5.728424 24.782074 3.302389
v -3.374823 23.308031 -5.694171
v -3.472225 23.250771 -5.753897
v -3.002677 24.209440 -3.366296
v -2.705050 24.106403 -4.038906
v -2.637604 24.161224 -3.950883
v -3.627228 24.422152 -5.697680
v -3.637376 24.495705 -5.680023
v 0.245794 25.923153 -3.209870
v 0.217187 25.994356 -3.175682
v 2.977376 25.883049 -1.971387
v 2.942310 25.952688 -1.929482
v 5.057281 25.893040 0.031136
v 5.024438 25.963261 0.070385
v 5.719434 25.985092 2.761651
v 5.702559 26.058331 2.780055
v 5.334613 26.020361 4.463895
v 5.331098 26.094463 4.460953
v -3.950883 24.495705 -5.305364
v -3.966514 24.422155 -5.292215
v -2.033770 25.497450 -4.528130
v -2.014165 25.424665 -4.551559
v -2.662127 25.499292 -3.791750
v -2.683437 25.426485 -3.770920
v -2.159520 25.490788 -4.519211
v -2.244840 25.435516 -4.588506
v -2.067887 24.161741 -4.628716
v -2.153296 24.106468 -4.697907
v -3.905237 24.577438 -5.233901
v -3.825918 24.636782 -5.154769
v -3.993588 23.250771 -5.130836
v -3.916356 23.308031 -5.047006
v -0.448432 25.960684 -3.394499
v -0.956331 25.861227 -3.701903
v -1.372935 25.754011 -3.977027
v -0.321958 24.631636 -3.545642
v -0.839983 24.532181 -3.840947
v -1.265477 24.424965 -4.105446
v -1.605925 25.552437 -4.288706
v -1.627283 25.624966 -4.263183
v -2.627125 25.698374 -3.068314
v -1.747159 26.017027 2.515817
v -2.181561 26.044773 1.887807
v -2.597537 26.054916 1.265073
v 0.390229 25.981741 4.531491
v -0.215505 25.972248 4.140862
v -0.771867 25.973642 3.664977
v 3.159537 26.072416 5.111414
v 2.469002 26.047447 5.096851
v 1.751553 26.022144 5.006996
v 5.067223 26.128063 4.683407
v 4.731832 26.121811 4.859130
v 4.306668 26.110725 4.985957
v -6.109602 24.636782 -2.425635
v -6.187669 24.577438 -2.506263
v -1.912762 24.687981 2.713722
v -2.338878 24.715725 2.075810
v -2.745156 24.725870 1.441487
v -3.842557 25.544132 -2.337606
v 3.848242 26.115667 4.984020
v -1.122189 26.010336 2.927830
v -1.877616 26.067764 -0.672272
v 1.195192 26.020908 4.646557
v -1.848011 26.092278 0.369347
v -3.584529 25.791372 -1.334044
v -3.206075 25.898588 -1.013328
v -2.772220 25.998045 -0.617437
v -4.544578 25.435669 -1.840220
v -4.449119 25.492012 -1.783270
v 0.219895 24.652693 4.735050
v -0.390742 24.643202 4.350280
v -0.947263 24.644596 3.874586
v 3.063501 24.743458 5.229645
v 2.348268 24.718426 5.242162
v 1.608950 24.693100 5.177544
v 5.065101 24.799786 4.716075
v 4.708867 24.793367 4.910171
v 4.260750 24.782074 5.056346
v -6.200038 23.308031 -2.317875
v -6.276003 23.250771 -2.403220
v -3.843018 24.209440 -2.362041
v -4.452606 24.106403 -1.950474
v -4.354070 24.161226 -1.899606
v -6.247999 24.422152 -2.565707
v -6.232408 24.495705 -2.578809
v -3.116232 25.923153 0.807946
v -3.087625 25.994356 0.773759
v -1.415489 25.883049 3.278342
v -1.380424 25.952688 3.236436
v 0.922410 25.893040 4.972548
v 0.955253 25.963261 4.933297
v 3.726900 25.985092 5.142846
v 3.742040 26.058331 5.122991
v -5.918901 24.495705 -2.953468
v -5.908714 24.422155 -2.971172
v -4.815796 25.497450 -1.203447
v -4.835402 25.424665 -1.180017
v -4.201755 25.499294 -1.951805
v -4.185009 25.426485 -1.976454
v -4.829191 25.490788 -1.328799
v -4.912446 25.435516 -1.400563
v -4.920824 24.161741 -1.219293
v -5.003990 24.106468 -1.291163
v -5.840509 24.577438 -2.921139
v -5.748631 24.636782 -2.857016
v -5.754639 23.250771 -3.026279
v -5.658504 23.308031 -2.965039
v -3.420382 25.960684 0.157154
v -3.812530 25.861227 -0.288581
v -4.156803 25.754011 -0.650143
v -3.546856 24.631636 0.308298
v -3.928878 24.532181 -0.149538
v -4.264261 24.424965 -0.521725
v -4.504683 25.552437 -0.824524
v -4.483324 25.624966 -0.850048
v -3.483483 25.698374 -2.044916
v -0.429446 26.092278 -1.325921
v 4.371760 26.003340 -0.226669
v 3.875911 25.993847 -0.748618
v 3.309250 25.995243 -1.212195
v 5.437878 26.149210 4.139465
v 5.574987 26.142872 3.830503
v 5.610826 26.131969 3.413593
v 2.015296 26.038628 -1.980535
v 1.328267 26.066372 -2.306642
v 0.650955 26.076515 -2.617063
v 5.496466 26.093937 2.315564
v 5.339723 26.069023 1.665259
v 5.105366 26.043741 0.998880
v -3.412805 24.600876 -5.648553
v -3.393572 24.528046 -5.671651
v -3.508135 24.542521 -5.709171
v -3.489792 24.469618 -5.732010
v -2.990386 25.505146 -3.370573
v -2.996575 25.431076 -3.368435
v 5.521910 26.092461 4.157448
v 5.528822 26.018400 4.155742
v 5.644071 26.086113 3.782594
v 5.654093 26.012190 3.775737
v 5.702610 26.074905 3.326694
v 5.715831 26.001245 3.314246
v 5.645941 26.036421 2.142018
v 5.667103 25.963808 2.117465
v 5.522735 26.011414 1.448056
v 5.548356 25.939592 1.417654
v 5.319911 25.986099 0.742676
v 5.349591 25.915127 0.707233
v 4.627770 25.945694 -0.532617
v 4.662561 25.875980 -0.574194
v 4.139286 25.936201 -1.063366
v 4.174955 25.866728 -1.105993
v 3.572845 25.937595 -1.527207
v 3.608542 25.868130 -1.569867
v -2.666126 25.399553 -4.085212
v -2.685781 25.326771 -4.061829
v -2.596519 25.455423 -3.998306
v -2.617092 25.382729 -3.974554
v 2.264054 25.980980 -2.277816
v 2.297990 25.911037 -2.318371
v 1.564495 26.008726 -2.588948
v 1.596911 25.938396 -2.627687
v 0.872563 26.018869 -2.881897
v 0.903167 25.948109 -2.918472
v -2.106545 25.454741 -4.582520
v -2.087002 25.381947 -4.605874
v -2.191916 25.399467 -4.651753
v -2.172392 25.326672 -4.675087
v -3.955883 24.542521 -5.174086
v -3.975136 24.469618 -5.151996
v -3.878148 24.600876 -5.092440
v -3.897493 24.528046 -5.069434
v -0.375315 25.924637 -3.481878
v -0.348773 25.853012 -3.513596
v -0.889067 25.825180 -3.782288
v -0.864524 25.753181 -3.811619
v -1.310811 25.717964 -4.051270
v -1.288046 25.645660 -4.078474
v -1.509578 25.998045 -2.126368
v -1.964341 25.898588 -2.497273
v -2.341920 25.791372 -2.819033
v -1.380870 26.092278 -0.188914
v 0.547765 26.003340 4.343226
v -0.053439 25.993847 3.947184
v -0.609673 25.995243 3.471146
v 5.030283 26.149221 4.623396
v 4.753531 26.142872 4.812189
v 4.349474 26.131969 4.920982
v -1.594140 26.038628 2.332950
v -2.036282 26.066372 1.714189
v -2.461271 26.076515 1.102228
v 3.248486 26.093937 5.002031
v 2.580732 26.069023 4.962414
v 1.883470 26.043741 4.849234
v -6.161832 24.600876 -2.363306
v -6.238310 24.542521 -2.446454
v -6.181177 24.528046 -2.340302
v -6.257556 24.469618 -2.424371
v -3.845060 25.505146 -2.349187
v -3.844047 25.431076 -2.355656
v 5.065995 26.092461 4.702292
v 4.718556 26.086113 4.888639
v 4.280121 26.074905 5.026650
v 5.065534 26.018400 4.709397
v 4.713573 26.012190 4.899713
v 4.270200 26.001245 5.041859
v 3.104016 26.036419 5.179766
v 2.399202 26.011414 5.180859
v 1.669111 25.986099 5.105594
v 3.083579 25.963808 5.204926
v 2.373794 25.939592 5.211438
v 1.639457 25.915127 5.141058
v 0.291755 25.945694 4.649174
v -0.316814 25.936201 4.261932
v -0.873268 25.937595 3.786157
v 0.256964 25.875980 4.690751
v -0.352483 25.866728 4.304559
v -0.908965 25.868130 3.828817
v -4.491323 25.399553 -1.903995
v -4.393505 25.455425 -1.850802
v -4.471772 25.326771 -1.927464
v -4.373754 25.382729 -1.875242
v -1.842898 25.980980 2.630231
v -2.272510 26.008726 1.996496
v -2.682879 26.018869 1.367062
v -1.876834 25.911037 2.670785
v -2.304926 25.938396 2.035235
v -2.713484 25.948109 1.403636
v -4.882166 25.454741 -1.265491
v -4.965370 25.399467 -1.337316
v -4.901710 25.381947 -1.242136
v -4.984895 25.326672 -1.313983
v -5.790561 24.542521 -2.981538
v -5.696487 24.600876 -2.919418
v -5.772212 24.469618 -3.004385
v -5.677254 24.528046 -2.942517
v -3.493499 25.924637 0.244534
v -3.879793 25.825180 -0.208197
v -4.218927 25.717964 -0.575901
v -3.520041 25.853012 0.276252
v -3.904336 25.753181 -0.178866
v -4.241692 25.645660 -0.548697
v -2.359236 25.998045 -1.110976
v -2.804520 25.898588 -1.493211
v -3.187818 25.791372 -1.808137
v -3.530962 24.426418 -5.516239
v 5.179100 24.801817 4.333764
v -3.770861 24.426273 -5.229681
v 2.912302 24.659689 -1.836202
v 4.908886 24.670261 0.087010
v 5.528737 24.765417 2.750320
v 0.186712 24.701357 -3.057519
v -2.107490 24.204451 -4.400629
v -3.489967 23.207203 -5.550906
v -2.532677 24.200333 -3.635529
v -3.797786 23.207201 -5.183102
v -1.697929 24.331966 -4.140356
v -6.052426 24.426418 -2.502944
v -5.812661 24.426273 -2.789611
v -1.293897 24.659689 3.190450
v 0.951242 24.670261 4.816625
v 3.682120 24.765417 4.957135
v -2.976687 24.701357 0.722926
v -4.703293 24.204451 -1.298494
v -6.079321 23.207203 -2.456477
v -4.025156 24.200333 -1.851930
v -5.771559 23.207203 -2.824329
v -4.374880 24.331966 -0.941245
v -3.505975 24.410480 -5.537904
v 2.245510 24.687981 -2.174049
v 1.549807 24.715727 -2.477705
v 0.853749 24.725870 -2.765780
v 4.535665 24.652693 -0.492014
v 4.070776 24.643200 -1.001404
v 3.525516 24.644596 -1.447819
v 5.482244 24.743456 2.117621
v 5.371708 24.718424 1.430935
v 5.184484 24.693100 0.738642
v 5.348113 24.799786 4.065620
v 5.461869 24.793367 3.722317
v 5.521919 24.782074 3.286980
v -3.490645 23.308031 -5.522512
v -3.521934 23.250769 -5.552872
v -2.841926 24.209440 -3.235756
v -2.559024 24.106403 -4.185733
v -2.446735 24.161224 -4.031201
v -3.492099 24.355850 -5.548603
v -3.512067 24.434998 -5.526745
v 0.187618 25.824738 -3.056108
v 2.910398 25.776104 -1.836582
v 4.909423 25.791077 0.089865
v 5.527922 25.907076 2.752410
v 5.178867 25.952810 4.333570
v -3.777889 24.434818 -5.209198
v -3.795884 24.355829 -5.185630
v -2.099648 25.337292 -4.394539
v -2.531839 25.350588 -3.636030
v -2.197128 24.161741 -4.466919
v -2.284100 24.106468 -4.537369
v -3.787311 24.410095 -5.202717
v -3.805616 23.250769 -5.217716
v -3.770320 23.308031 -5.193824
v -0.420254 24.631636 -3.363379
v -0.946341 24.532181 -3.663268
v -1.376998 24.424965 -3.930962
v -1.694142 25.463142 -4.136628
v -6.069345 24.410480 -2.474528
v -1.744027 24.687981 2.593679
v -2.165601 24.715725 1.962422
v -2.571899 24.725870 1.328068
v 0.315480 24.652693 4.551352
v -0.267904 24.643202 4.183569
v -0.803471 24.644596 3.725570
v 3.051136 24.743456 5.022935
v 2.355719 24.718426 5.035216
v 1.641260 24.693100 4.973001
v 4.944959 24.799786 4.547410
v 4.627095 24.793367 4.719921
v 4.209167 24.782074 4.855794
v -6.051492 23.308029 -2.462152
v -6.086893 23.250769 -2.487597
v -3.686177 24.209440 -2.226826
v -4.571383 24.106403 -1.780845
v -4.399474 24.161226 -1.697565
v -6.077430 24.355850 -2.458982
v -6.059435 24.434998 -2.482491
v -2.975138 25.824738 0.723570
v -1.294607 25.776104 3.188642
v 0.954147 25.791077 4.816649
v 3.684033 25.907076 4.955964
v -5.793737 24.434818 -2.800143
v -5.773712 24.355829 -2.822011
v -4.695916 25.337292 -1.291848
v -4.025501 25.350588 -1.851017
v -4.784350 24.161739 -1.375039
v -4.869033 24.106468 -1.448225
v -5.789020 24.410097 -2.810559
v -5.807012 23.250771 -2.825932
v -5.777269 23.308031 -2.795403
v -3.384781 24.631636 0.179404
v -3.772738 24.532181 -0.285560
v -4.112176 24.424965 -0.662266
v -4.370543 25.463142 -0.938175
v -3.486259 24.441832 -5.518259
v -3.495455 24.409321 -5.551123
v -3.530476 24.387388 -5.553918
v -2.841493 25.361418 -3.235911
v 5.347585 25.950085 4.065897
v 5.461156 25.941719 3.723158
v 5.521115 25.927490 3.288434
v 5.481531 25.880495 2.120348
v 5.371294 25.850084 1.434159
v 5.184564 25.819080 0.741993
v 4.536206 25.769878 -0.490186
v 4.070765 25.758688 -1.000616
v 3.524591 25.760002 -1.447790
v -2.546765 25.239386 -4.174132
v -2.437369 25.295671 -4.007362
v 2.243012 25.805916 -2.174486
v 1.547527 25.835455 -2.477861
v 0.852627 25.847435 -2.765357
v -2.188955 25.294769 -4.459331
v -2.276239 25.239557 -4.529870
v -3.798737 24.408714 -5.190911
v -3.808306 24.387266 -5.225996
v -3.765244 24.441769 -5.190282
v -0.417518 25.757111 -3.360823
v -0.942591 25.659788 -3.659865
v -1.372929 25.554523 -3.927145
v -6.080503 24.409321 -2.461841
v -6.046532 24.441832 -2.458584
v -6.089429 24.387390 -2.495820
v -3.686254 25.361418 -2.226372
v 4.945139 25.950085 4.546844
v 4.627797 25.941717 4.719071
v 4.210457 25.927490 4.854746
v 3.053695 25.880495 5.021752
v 2.358820 25.850084 5.034240
v 1.644573 25.819080 4.972487
v 0.317374 25.769878 4.551562
v -0.267129 25.758688 4.183419
v -0.803604 25.760002 3.724655
v -4.557802 25.239386 -1.770824
v -4.374356 25.295671 -1.692549
v -1.744898 25.805916 2.591298
v -2.166156 25.835455 1.960205
v -2.571680 25.847435 1.326888
v -4.775440 25.294767 -1.368331
v -4.860265 25.239559 -1.441810
v -5.779413 24.408714 -2.823887
v -5.815635 24.387266 -2.827120
v -5.772888 24.441769 -2.791031
v -3.381783 25.757111 0.181646
v -3.768727 25.659788 -0.282469
v -4.107701 25.554523 -0.658933
vn 0.3503 0.8339 0.4265
vn 0.3429 0.8105 0.4749
vn 0.3738 0.8082 0.4550
vn 0.0718 0.9837 0.1647
vn 0.0604 0.9937 0.0949
vn 0.0517 0.9846 0.1669
vn 0.8049 0.5853 0.0976
vn 0.6990 0.7042 -0.1241
vn 0.7985 0.5462 -0.2531
vn 0.1424 0.9851 0.0961
vn -0.0317 0.9506 0.3089
vn -0.0387 0.9462 0.3212
vn -0.1775 0.8922 0.4153
vn -0.3196 0.8104 0.4911
vn -0.3012 0.8109 0.5016
vn 0.0539 0.9976 0.0428
vn 0.0234 0.9949 0.0983
vn 0.0255 0.9975 0.0664
vn -0.1618 0.9126 0.3754
vn 0.0007 0.9640 0.2661
vn -0.1678 0.9066 0.3872
vn -0.8239 0.0261 -0.5661
vn -0.8733 0.0512 -0.4844
vn -0.8744 0.0227 -0.4846
vn -0.9149 0.0399 -0.4017
vn -0.8705 0.0394 -0.4906
vn -0.8724 0.0143 -0.4886
vn 0.8542 -0.1360 0.5018
vn 0.9056 0.1243 0.4056
vn 0.9130 -0.1428 0.3821
vn 0.8211 0.1017 -0.5617
vn 0.8796 -0.1332 -0.4568
vn 0.9000 0.1130 -0.4210
vn -0.9607 0.0917 0.2619
vn -0.9331 0.0010 0.3596
vn -0.9305 0.0853 0.3563
vn 0.0380 0.9977 0.0562
vn 0.0490 0.9980 0.0410
vn 0.0505 0.9978 0.0423
vn -0.2992 0.0165 0.9541
vn -0.4104 0.2311 0.8821
vn -0.2472 0.1830 0.9515
vn -0.9814 0.0970 0.1657
vn -0.9643 0.0011 0.2648
vn -0.8462 -0.0135 0.5327
vn -0.8328 -0.0082 0.5535
vn -0.8475 -0.0064 0.5308
vn 0.7028 -0.0000 0.7114
vn 0.6323 -0.0000 0.7747
vn -0.6712 0.0125 0.7412
vn -0.6649 0.0382 0.7459
vn -0.5656 0.0082 0.8246
vn -0.7599 0.1818 0.6241
vn -0.8025 0.0890 0.5900
vn -0.7828 0.0920 0.6154
vn 0.7669 -0.0000 0.6417
vn -0.9740 0.0614 -0.2182
vn -0.9903 0.0314 -0.1352
vn -0.9749 0.0296 -0.2208
vn -0.7821 0.1739 0.5984
vn -0.7914 0.0114 0.6112
vn -0.8110 -0.0441 0.5834
vn -0.9493 0.0560 -0.3094
vn -0.2869 -0.0000 0.9580
vn -0.3820 -0.0000 0.9242
vn 0.3746 -0.8726 0.3135
vn 0.3979 -0.8761 0.2722
vn 0.3985 -0.8771 0.2682
vn 0.7867 0.3529 -0.5065
vn 0.8016 0.0822 -0.5921
vn -0.8198 0.1052 -0.5629
vn -0.7943 0.4184 -0.4405
vn -0.7509 0.4134 -0.5151
vn -0.0841 -0.9940 -0.0703
vn -0.0875 -0.9941 -0.0634
vn -0.0874 -0.9942 -0.0628
vn -0.9533 0.0410 -0.2993
vn -0.8779 0.0426 -0.4769
vn -0.9554 0.0401 -0.2925
vn -0.9981 0.0225 -0.0568
vn -0.9914 -0.0724 -0.1087
vn -0.9959 0.0184 -0.0890
vn 0.7547 0.5250 -0.3936
vn 0.6070 0.7554 -0.2468
vn 0.6023 0.7601 -0.2439
vn -0.8763 0.0430 -0.4798
vn -0.7662 0.0435 -0.6411
vn -0.9954 0.0328 0.0900
vn -0.9950 0.0354 -0.0938
vn -0.9936 0.0291 0.1096
vn 0.7535 0.5476 0.3639
vn 0.6275 0.6788 0.3814
vn 0.6450 0.6928 0.3225
vn -0.4735 -0.0000 0.8808
vn 0.0924 0.9927 0.0773
vn 0.1221 0.9887 0.0871
vn 0.1170 0.9883 0.0979
vn 0.7605 -0.1286 0.6364
vn 0.8218 0.1087 0.5593
vn 0.8201 -0.1313 0.5570
vn -0.1894 -0.0000 0.9819
vn -0.0906 -0.0000 0.9959
vn 0.1669 0.9489 0.2678
vn 0.2034 0.8902 0.4077
vn 0.2273 0.8818 0.4133
vn -0.9129 -0.0069 -0.4081
vn -0.8537 -0.0136 -0.5205
vn -0.9141 -0.0143 -0.4053
vn 0.6319 0.5666 0.5288
vn 0.7119 0.3702 0.5968
vn 0.7090 0.3812 0.5933
vn 0.0504 0.9978 0.0422
vn 0.0528 0.9976 0.0442
vn -0.7667 0.0259 -0.6415
vn -0.7666 0.0279 -0.6415
vn -0.0842 -0.9942 -0.0664
vn -0.0787 -0.9926 -0.0927
vn -0.0769 -0.9918 -0.1017
vn 0.2994 0.0050 -0.9541
vn 0.1075 0.0051 -0.9942
vn -0.8907 0.0781 0.4478
vn -0.8423 0.0008 0.5389
vn -0.8420 0.0687 0.5351
vn -0.9495 -0.0078 -0.3137
vn 0.3877 -0.0000 0.9218
vn 0.2972 -0.0000 0.9548
vn 0.1067 -0.0000 0.9943
vn 0.0084 -0.0000 1.0000
vn 0.2032 -0.0000 0.9791
vn -0.8852 0.4201 -0.1996
vn -0.7500 0.6139 -0.2462
vn -0.8609 0.4233 -0.2822
vn -0.0712 0.1383 0.9878
vn -0.1700 0.3281 0.9292
vn -0.0192 0.2433 0.9698
vn -0.4521 0.7274 0.5163
vn -0.3240 0.8165 0.4779
vn -0.2482 0.8732 0.4195
vn -0.8157 0.0838 0.5724
vn -0.5387 0.7473 -0.3890
vn -0.4550 0.8050 -0.3808
vn -0.5032 0.7546 -0.4211
vn -0.5063 0.8532 0.1251
vn -0.4838 0.8628 -0.1465
vn -0.5063 0.8520 0.1335
vn -0.1153 -0.9741 -0.1947
vn 0.0485 -0.9560 -0.2892
vn 0.1186 -0.9330 -0.3398
vn 0.1439 0.9651 0.2189
vn 0.1585 0.9055 0.3937
vn 0.1806 0.8977 0.4019
vn -0.5802 0.6984 -0.4190
vn 0.6232 0.2820 0.7294
vn 0.7667 0.0216 0.6416
vn 0.6296 0.0269 0.7764
vn 0.3944 0.7660 0.5077
vn 0.3020 0.8407 0.4494
vn 0.7476 0.2229 0.6256
vn 0.5065 0.6779 0.5329
vn 0.7059 0.3909 0.5907
vn -0.1406 0.8757 0.4619
vn -0.0539 0.8710 0.4884
vn -0.1440 0.8768 0.4588
vn 0.2323 0.8710 0.4329
vn 0.3024 0.8756 0.3767
vn 0.2265 0.8707 0.4365
vn 0.2952 0.7669 0.5699
vn 0.2582 0.5232 0.8121
vn 0.3255 0.5207 0.7892
vn 0.6689 0.7100 0.2202
vn 0.7113 0.6973 0.0881
vn 0.7134 0.6962 0.0796
vn -0.9663 -0.0142 0.2569
vn -0.9215 -0.0067 0.3883
vn -0.9661 -0.0060 0.2582
vn -0.4741 0.0003 0.8805
vn 0.7587 0.1462 0.6348
vn -0.8213 -0.1967 0.5356
vn -0.7980 -0.0552 0.6001
vn -0.8086 -0.0785 0.5830
vn -0.2982 0.8065 0.5106
vn -0.4022 0.7215 0.5636
vn -0.4018 0.7218 0.5635
vn -0.5665 -0.7214 -0.3984
vn -0.5359 -0.7154 -0.4484
vn -0.5362 -0.7150 -0.4486
vn -0.8201 -0.0131 -0.5720
vn -0.8537 -0.0067 -0.5208
vn -0.8201 -0.0065 -0.5721
vn 0.6613 0.5064 0.5534
vn 0.7090 0.5130 0.4839
vn -0.8924 0.0010 0.4513
vn -0.7669 0.0013 -0.6417
vn -0.7627 0.1045 -0.6382
vn -0.6423 0.0069 0.7664
vn -0.7164 0.0002 0.6977
vn -0.6418 0.0001 0.7669
vn -0.1943 0.8785 0.4364
vn -0.1890 0.8817 0.4323
vn 0.5559 -0.0000 0.8312
vn -0.2172 0.8041 0.5534
vn -0.1240 0.8588 0.4971
vn -0.1663 0.8644 0.4745
vn 0.9459 -0.1455 0.2901
vn 0.9455 -0.1457 0.2912
vn -0.3051 0.7989 0.5183
vn -0.1990 0.8655 0.4597
vn -0.2119 0.8669 0.4512
vn 0.4301 0.8055 0.4078
vn 0.4500 0.8098 0.3765
vn 0.4220 0.8128 0.4016
vn -0.4030 0.7208 0.5639
vn -0.2939 0.8093 0.5085
vn -0.2919 0.8105 0.5077
vn -0.0236 0.9988 -0.0436
vn -0.0305 0.9988 -0.0375
vn -0.0234 0.9987 -0.0443
vn -0.4405 0.7226 -0.5328
vn -0.3400 0.7115 -0.6150
vn -0.4424 0.7235 -0.5299
vn -0.1001 0.9914 -0.0838
vn -0.2541 0.9570 -0.1400
vn -0.1179 0.9910 -0.0633
vn -0.1400 0.9759 0.1673
vn 0.0271 0.9984 -0.0492
vn 0.0362 0.9984 -0.0433
vn 0.2538 0.7704 0.5849
vn 0.1883 0.5256 0.8296
vn -0.4736 -0.0000 0.8808
vn 0.0164 0.9985 -0.0531
vn 0.0063 0.9985 -0.0543
vn 0.0169 0.9985 -0.0530
vn -0.8231 0.0565 -0.5651
vn -0.7656 0.0588 -0.6406
vn -0.5606 0.0006 0.8281
vn -0.5605 -0.0000 0.8282
vn -0.5261 0.7276 -0.4403
vn -0.5257 0.7280 -0.4399
vn 0.5261 0.7276 0.4403
vn 0.5996 0.7235 0.3420
vn 0.6021 0.7226 0.3396
vn -0.6408 0.0058 -0.7677
vn -0.4813 0.0057 -0.8765
vn -0.6406 0.0059 -0.7679
vn 0.3675 0.8777 0.3075
vn 0.3051 0.8758 0.3740
vn 0.3673 0.8778 0.3074
vn -0.8127 0.1332 -0.5672
vn -0.7653 0.0655 -0.6404
vn -0.8186 0.0668 -0.5705
vn -0.9864 0.1074 -0.1241
vn -0.9996 0.0013 -0.0274
vn -0.9941 0.1049 -0.0282
vn -0.9925 0.1015 0.0687
vn -0.9858 0.0012 0.1680
vn 0.6589 0.5118 0.5513
vn 0.6980 0.1463 0.7010
vn -0.4470 0.8385 -0.3116
vn -0.4231 0.8340 -0.3541
vn -0.4487 0.8389 -0.3080
vn -0.7669 -0.0065 -0.6417
vn 0.1614 0.9836 0.0804
vn 0.0838 0.9939 0.0719
vn 0.1394 0.9898 0.0305
vn -0.7836 0.0006 0.6213
vn -0.7192 0.0268 0.6943
vn -0.7848 0.0519 0.6176
vn -0.3042 0.8023 0.5137
vn -0.2083 0.8704 0.4461
vn -0.2012 0.8745 0.4413
vn 0.5023 0.7557 0.4203
vn 0.6129 0.5121 0.6017
vn -0.1697 0.9813 0.0912
vn -0.3297 0.9053 0.2677
vn -0.1594 0.9785 0.1306
vn 0.0423 0.9988 0.0234
vn -0.1366 0.9898 -0.0409
vn 0.0477 0.9987 0.0153
vn 0.0887 0.0144 0.9960
vn 0.1116 0.0988 0.9888
vn -0.6414 0.0197 0.7670
vn -0.7642 0.0191 0.6447
vn -0.6232 0.0175 0.7819
vn -0.4511 0.7126 0.5372
vn -0.4346 0.7146 0.5482
vn 0.9392 -0.1382 -0.3143
vn 0.9518 0.1579 -0.2628
vn 0.4742 -0.0000 0.8804
vn -0.8741 0.0013 -0.4858
vn -0.9109 0.1088 -0.3980
vn -0.8693 0.1070 -0.4826
vn -0.9757 0.0013 -0.2191
vn -0.9445 0.1094 -0.3097
vn -0.9502 0.0014 -0.3115
vn -0.7226 0.6140 -0.3175
vn -0.6930 0.6087 -0.3862
vn -0.1752 0.8897 0.4217
vn -0.1806 0.8864 0.4263
vn -0.1846 0.8840 0.4295
vn 0.1414 0.9089 0.3924
vn 0.0490 0.8378 0.5438
vn 0.0916 0.8344 0.5435
vn 0.0533 0.9978 0.0390
vn -0.0937 0.9847 0.1471
vn 0.7187 -0.3435 0.6046
vn 0.7476 -0.2231 0.6256
vn 0.7202 -0.3436 0.6027
vn 0.0411 0.9704 0.2378
vn -0.1487 0.8014 0.5794
vn -0.2537 0.7514 0.6091
vn -0.1808 0.7503 0.6359
vn -0.7554 -0.1724 -0.6321
vn -0.7890 0.0799 -0.6092
vn -0.7842 -0.1522 -0.6015
vn -0.6284 0.5733 -0.5258
vn -0.7474 0.3491 -0.5652
vn -0.6714 0.5351 -0.5128
vn 0.1196 -0.1395 0.9830
vn 0.2018 -0.0455 0.9784
vn 0.1033 -0.1623 0.9813
vn -0.4754 0.7682 0.4287
vn -0.4613 0.7989 -0.3860
vn -0.4817 0.8001 -0.3574
vn -0.5098 0.7794 -0.3642
vn 0.0312 0.9979 0.0564
vn 0.0324 0.9991 0.0271
vn 0.0403 0.9986 0.0337
vn -0.0167 0.9564 0.2916
vn 0.1340 0.9893 0.0571
vn 0.1385 0.9900 0.0261
vn -0.1100 0.9939 -0.0053
vn -0.0605 0.9969 -0.0506
vn 0.7282 -0.3139 0.6093
vn 0.4778 0.7837 0.3968
vn 0.4105 0.8447 0.3435
vn 0.4176 0.8402 0.3460
vn 0.2059 0.8236 0.5285
vn 0.2419 0.8199 0.5189
vn -0.9499 0.0413 -0.3098
vn -0.9127 0.0848 -0.3997
vn 0.6566 0.5168 0.5494
vn 0.4725 0.7772 0.4155
vn 0.6619 0.5050 0.5539
vn -0.0614 0.6855 -0.7255
vn 0.0761 0.6775 -0.7316
vn -0.0693 0.6861 -0.7242
vn -0.1531 0.9881 -0.0141
vn 0.0517 0.9986 0.0055
vn 0.1690 0.8273 0.5358
vn 0.6653 0.7115 0.2263
vn 0.3873 0.8214 0.4187
vn 0.4029 0.8065 0.4326
vn -0.0902 0.0053 -0.9959
vn -0.2912 0.0054 -0.9567
vn 0.4087 0.7587 0.5073
vn 0.4510 0.5161 0.7282
vn 0.5087 0.5143 0.6904
vn 0.1126 0.9112 0.3963
vn -0.0046 0.8425 0.5387
vn -0.0157 0.9368 0.3496
vn -0.3492 0.9365 0.0305
vn -0.3254 0.9449 -0.0366
vn 0.2534 0.8719 0.4190
vn -0.0323 0.9429 0.3316
vn 0.4697 0.0421 0.8818
vn 0.3149 0.1079 0.9430
vn 0.4810 0.0633 0.8745
vn 0.1659 0.7776 0.6065
vn 0.1105 0.7335 0.6707
vn 0.1628 0.7304 0.6633
vn 0.0421 0.8676 0.4954
vn -0.0483 0.8701 0.4905
vn 0.0492 0.8671 0.4957
vn 0.2767 0.8580 -0.4328
vn 0.4754 0.8442 -0.2478
vn 0.1705 0.8763 -0.4506
vn 0.8551 0.1136 0.5058
vn 0.1428 0.9825 0.1195
vn -0.4566 0.8497 -0.2635
vn -0.4961 0.8250 -0.2706
vn -0.2893 0.9358 -0.2016
vn 0.8714 0.3740 0.3175
vn 0.5782 0.6570 0.4838
vn -0.3007 0.4185 0.8570
vn 0.2823 0.8605 0.4241
vn 0.2404 0.8887 0.3904
vn 0.2021 0.9183 0.3404
vn 0.1794 0.9369 0.3001
vn 0.1806 0.9310 0.3172
vn 0.1638 0.9502 0.2651
vn 0.2176 0.8941 0.3914
vn -0.4078 0.5083 0.7585
vn 0.1586 0.9572 0.2419
vn 0.1579 0.9607 0.2284
vn 0.1550 0.9666 0.2039
vn -0.6526 -0.0013 0.7577
vn -0.6317 0.0001 0.7752
vn -0.6179 0.0016 0.7863
vn -0.5651 0.5654 0.6009
vn -0.6022 0.6082 0.5172
vn -0.5031 0.5773 0.6431
vn 0.1543 0.9726 0.1736
vn 0.1423 0.9714 0.1900
vn 0.1069 0.9789 0.1741
vn -0.5237 0.7996 -0.2939
vn -0.5316 0.7954 -0.2912
vn -0.5222 0.8035 -0.2859
vn -0.5752 0.7329 -0.3634
vn -0.5181 0.8013 -0.2992
vn -0.5121 0.8102 -0.2853
vn -0.6804 0.6528 -0.3330
vn -0.6292 0.7128 -0.3098
vn -0.7095 0.6312 -0.3135
vn -0.6213 0.7195 -0.3103
vn -0.5659 0.7463 -0.3505
vn -0.4170 0.8422 -0.3417
vn -0.1215 0.8900 -0.4394
vn -0.4228 0.8549 -0.3007
vn 0.4169 0.6829 0.5998
vn 0.7291 0.5259 0.4379
vn 0.0063 0.9622 0.2723
vn -0.1861 0.8837 0.4295
vn 0.6072 0.7599 -0.2321
vn 0.5866 0.7674 -0.2589
vn 0.2909 0.8209 0.4914
vn 0.4263 -0.8969 0.1175
vn 0.4490 -0.8843 -0.1286
vn 0.4473 -0.8850 -0.1290
vn 0.1881 -0.9333 -0.3058
vn 0.4394 -0.8061 -0.3964
vn -0.4343 -0.2532 -0.8645
vn -0.4752 -0.1382 -0.8689
vn -0.4607 -0.3744 -0.8047
vn -0.9824 -0.0097 -0.1868
vn -0.9924 0.0225 -0.1207
vn -0.9920 0.0039 -0.1258
vn -0.9906 0.0149 -0.1357
vn -0.9900 0.0087 -0.1406
vn -0.7879 -0.0000 0.6158
vn -0.7937 -0.0013 0.6083
vn -0.7881 0.0019 0.6156
vn -0.7747 0.6079 -0.1740
vn -0.9037 0.4126 -0.1145
vn -0.7970 0.5958 -0.0991
vn -0.8224 0.0498 -0.5667
vn -0.8227 0.0238 -0.5680
vn -0.4747 0.0001 0.8801
vn -0.9749 0.0171 -0.2219
vn -0.9482 0.0779 -0.3081
vn -0.4747 -0.0001 0.8801
vn -0.5719 0.0014 0.8203
vn -0.7928 -0.0013 0.6095
vn -0.7932 -0.0021 0.6089
vn 0.9962 0.0053 -0.0868
vn 0.9930 0.0054 0.1179
vn 0.9930 0.0054 0.1178
vn 0.9597 0.0051 -0.2811
vn -0.0536 -0.9739 -0.2207
vn -0.0641 -0.9844 -0.1638
vn -0.7928 -0.0008 0.6094
vn -0.8056 -0.0534 0.5900
vn -0.8022 -0.0312 0.5962
vn 0.2654 -0.8782 -0.3980
vn 0.4295 -0.7534 -0.4979
vn -0.0852 -0.9943 -0.0644
vn -0.5679 -0.7223 -0.3948
vn -0.5759 -0.7325 -0.3630
vn -0.5765 -0.7337 -0.3596
vn -0.2910 0.0054 -0.9567
vn -0.4816 0.0056 -0.8764
vn -0.8207 -0.0109 0.5713
vn -0.7943 -0.0052 0.6075
vn -0.8038 -0.0081 0.5948
vn -0.7669 0.0059 -0.6417
vn 0.7669 0.0059 0.6417
vn 0.8688 0.0059 0.4952
vn 0.8686 0.0058 0.4954
vn -0.0690 -0.9841 -0.1637
vn -0.9131 -0.0136 0.4076
vn -0.5883 -0.7447 -0.3152
vn -0.5903 -0.7466 -0.3069
vn -0.6244 -0.7698 -0.1322
vn -0.6221 -0.7664 -0.1601
vn -0.9698 0.1089 -0.2181
vn -0.9923 0.0013 -0.1242
vn -0.9975 0.0013 0.0703
vn 0.1516 0.9865 -0.0616
vn 0.2827 0.9592 0.0076
vn 0.2481 0.9671 0.0564
vn -0.6311 -0.7747 0.0380
vn -0.6242 -0.7769 0.0823
vn -0.5509 -0.8292 0.0948
vn -0.6748 -0.0004 0.7380
vn -0.7559 -0.0121 0.6545
vn -0.8242 0.0013 -0.5664
vn -0.9900 0.0607 -0.1274
vn -0.8287 -0.1334 0.5435
vn -0.8546 -0.2152 0.4726
vn -0.8237 0.1749 0.5394
vn -0.8821 0.3288 0.3372
vn -0.8309 0.5039 0.2358
vn -0.9045 0.3489 0.2454
vn -0.8814 -0.4578 0.1162
vn -0.9170 -0.3897 0.0852
vn -0.8352 -0.5053 0.2169
vn -0.8086 0.2892 0.5124
vn -0.7853 0.4611 0.4131
vn -0.8483 0.3126 0.4275
vn -0.8151 0.4790 0.3259
vn -0.9161 0.0503 -0.3979
vn -0.8160 0.5776 -0.0211
vn -0.9205 0.3857 0.0624
vn -0.8291 0.5557 0.0613
vn -0.6572 0.6030 -0.4521
vn -0.9517 -0.2945 -0.0874
vn -0.9903 -0.1391 -0.0055
vn -0.8343 0.5312 0.1473
vn -0.9168 0.3685 0.1536
vn -0.8299 -0.2370 0.5051
vn -0.8345 -0.3849 0.3943
vn -0.7720 0.0204 0.6353
vn -0.7288 0.1306 0.6722
vn -0.8464 -0.3714 0.3817
vn -0.7787 0.0212 0.6270
vn -0.8754 0.0207 0.4829
vn -0.9505 0.0254 -0.3096
vn -0.9173 0.0219 -0.3975
vn 0.5002 -0.6833 -0.5319
vn 0.4511 -0.7586 -0.4702
vn -0.9162 0.0013 -0.4007
vn 0.2816 0.0137 0.9594
vn 0.2944 0.0663 0.9534
vn -0.8737 -0.3295 0.3579
vn 0.6275 0.0134 0.7785
vn 0.4062 -0.8854 0.2261
vn 0.4224 -0.8949 0.1440
vn -0.1173 0.9920 0.0475
vn -0.2008 0.9782 -0.0528
vn -0.2658 0.9638 0.0215
vn 0.4637 0.0134 0.8859
vn -0.1073 0.0153 0.9941
vn -0.4795 0.0180 0.8774
vn -0.6070 0.7204 0.3356
vn -0.4817 0.8443 0.2350
vn -0.1864 0.9659 0.1796
vn -0.6366 0.6079 0.4745
vn -0.6111 0.7170 0.3353
vn -0.9936 0.0377 -0.1067
vn -0.9589 0.0271 0.2825
vn -0.9525 0.0236 0.3037
vn -0.1393 0.9839 0.1117
vn -0.3524 0.9284 0.1178
vn -0.8858 0.0232 0.4634
vn 0.1454 0.1686 0.9749
vn 0.7495 -0.2135 -0.6267
vn 0.7345 -0.2180 -0.6426
vn 0.7395 -0.2287 -0.6332
vn 0.5914 0.7684 -0.2446
vn 0.7775 0.3647 -0.5124
vn 0.3670 0.3639 -0.8561
vn 0.3674 0.4666 -0.8045
vn 0.3652 0.5277 -0.7670
vn -0.9752 0.0305 -0.2193
vn -0.1809 0.9006 0.3953
vn -0.1842 0.8954 0.4054
vn -0.3013 0.8044 0.5120
vn -0.4012 0.7224 0.5632
vn -0.1864 0.9350 -0.3017
vn -0.3428 0.9181 -0.1987
vn -0.4426 0.8592 -0.2566
vn -0.8422 -0.2355 0.4851
vn -0.8495 -0.5247 0.0558
vn -0.5569 -0.0011 0.8306
vn 0.0524 0.9985 -0.0157
vn 0.0492 0.9985 -0.0260
vn -0.3682 0.8076 -0.4607
vn -0.8202 0.4047 -0.4043
vn -0.8331 0.3849 -0.3972
vn -0.5757 0.7075 -0.4099
vn 0.4868 -0.6900 -0.5356
vn -0.6005 0.7269 -0.3332
vn -0.5215 0.7858 -0.3325
vn -0.5286 0.7927 -0.3037
vn -0.7658 0.0542 -0.6408
vn -0.6212 0.6793 -0.3906
vn -0.6853 0.6501 -0.3281
vn -0.6546 0.6660 -0.3578
vn -0.7927 -0.0003 0.6096
vn -0.7971 -0.0117 0.6037
vn -0.8055 -0.0467 0.5907
vn -0.8164 -0.1012 0.5686
vn -0.7886 0.0016 0.6149
vn -0.7365 -0.0146 0.6762
vn -0.8156 -0.1683 0.5536
vn -0.8191 -0.1454 0.5549
vn -0.7550 -0.0002 0.6557
vn -0.4027 0.7211 0.5638
vn -0.2956 0.8081 0.5096
vn -0.7962 -0.0115 0.6049
vn 0.0469 0.9982 0.0363
vn 0.0462 0.9977 -0.0498
vn 0.0911 0.9958 0.0130
vn -0.7926 -0.0000 0.6097
vn -0.1691 0.9762 -0.1360
vn 0.0478 0.9947 -0.0916
vn -0.0642 0.9865 -0.1505
vn -0.8217 -0.0087 0.5699
vn -0.8332 -0.0170 0.5526
vn -0.8258 -0.0163 0.5638
vn 0.1108 0.9469 -0.3019
vn 0.4230 0.8967 -0.1306
vn 0.3562 0.9312 -0.0767
vn -0.4088 0.8461 -0.3421
vn -0.5038 0.7699 -0.3916
vn -0.4333 0.8351 -0.3389
vn 0.1122 0.9780 -0.1761
vn -0.0360 0.9890 -0.1433
vn -0.1461 0.9630 -0.2266
vn -0.0000 1.0000 -0.0000
vn -0.0030 1.0000 0.0040
vn -0.0404 0.9961 0.0790
vn -0.3185 0.9396 0.1253
vn 0.0240 0.9981 0.0572
vn 0.1199 0.9892 0.0847
vn 0.0966 0.9929 0.0690
vn 0.0940 0.9931 0.0703
vn -0.1708 0.9839 0.0527
vn 0.0532 0.9986 -0.0051
vn -0.1649 0.9862 0.0174
vn -0.1361 0.9182 -0.3721
vn -0.3003 -0.6477 -0.7002
vn -0.2159 -0.7365 -0.6410
vn -0.9277 -0.1355 -0.3479
vn -0.7208 0.1376 0.6793
vn -0.8304 0.4227 -0.3628
vn -0.7688 0.2346 0.5949
vn -0.9158 0.4007 -0.0272
vn -0.6497 0.0426 0.7590
vn -0.6990 0.4115 -0.5849
vn -0.6130 0.6010 -0.5129
vn -0.4948 0.8262 -0.2696
vn -0.4883 0.8295 -0.2711
vn -0.5608 0.0041 0.8280
vn -0.4736 -0.0000 0.8807
vn 0.1858 0.9660 0.1798
vn 0.0722 0.9182 0.3895
vn -0.5413 0.7812 -0.3110
vn 0.4457 0.8138 0.3729
vn 0.0386 0.9970 0.0668
vn -0.4784 0.8605 -0.1751
vn -0.4593 0.8484 -0.2633
vn 0.1397 0.9830 0.1188
vn 0.2031 0.9643 0.1702
vn 0.1117 0.9849 0.1324
vn 0.1740 0.9789 0.1075
vn -0.7697 0.1055 0.6296
vn 0.0774 0.9796 0.1855
vn 0.1350 0.9908 -0.0071
vn 0.1209 0.9914 -0.0498
vn 0.1547 0.9879 -0.0071
vn 0.1703 0.9118 -0.3735
vn 0.7924 -0.1364 -0.5945
vn 0.1872 0.9768 0.1043
vn 0.1459 0.9783 0.1469
vn 0.1767 0.9721 0.1544
vn 0.0244 0.9268 0.3747
vn 0.3148 0.8475 0.4274
vn -0.7715 0.0984 0.6285
vn -0.7928 -0.0012 0.6095
vn 0.6685 0.6908 -0.2754
vn -0.7355 0.5907 0.3319
vn -0.4864 0.5874 0.6469
vn -0.7405 0.6077 0.2871
vn 0.6167 0.6654 0.4206
vn -0.7704 0.1029 0.6292
vn -0.7710 0.1004 0.6288
vn -0.7637 0.1090 0.6363
vn -0.6394 0.1291 0.7579
vn 0.0397 0.1484 0.9881
vn -0.7725 0.0949 0.6279
vn -0.7727 0.0938 0.6278
vn -0.0559 0.1478 0.9874
vn -0.1520 0.1467 0.9774
vn -0.2478 0.1450 0.9579
vn -0.9495 0.0691 -0.3060
vn -0.9129 0.0742 -0.4015
vn -0.8351 0.0664 0.5461
vn -0.9130 0.0676 0.4023
vn -0.9575 0.0800 0.2770
vn 0.4006 0.1477 0.9043
vn 0.1338 0.1485 0.9798
vn -0.8523 0.0694 -0.5184
vn 0.5628 0.5129 0.6482
vn 0.5593 0.1468 0.8159
vn 0.6314 0.1465 0.7615
vn 0.3149 0.1481 0.9375
vn 0.4822 0.1472 0.8636
vn -0.4351 0.1405 0.8894
vn -0.5714 -0.0003 0.8207
vn -0.6275 0.0546 0.7767
vn -0.6635 0.1028 0.7411
vn -0.6555 0.0381 0.7542
vn -0.5794 -0.7490 0.3214
vn -0.5724 -0.7490 0.3337
vn -0.3694 0.9246 -0.0935
vn -0.5093 0.8404 -0.1853
vn -0.7945 0.1664 0.5841
vn -0.8211 0.1323 0.5552
vn 0.2106 0.7740 0.5972
vn -0.1795 0.8874 0.4247
vn 0.0717 0.9961 0.0520
vn 0.0682 0.9960 0.0569
vn -0.1626 0.8962 0.4127
vn -0.1702 0.8981 0.4055
vn 0.2767 0.8165 0.5068
vn 0.3105 0.8133 0.4921
vn 0.3728 0.7609 0.5310
vn -0.3069 0.8002 0.5152
vn 0.1194 0.7811 0.6129
vn 0.1309 0.8309 0.5408
vn 0.3349 0.7637 0.5519
vn -0.0894 0.7943 0.6009
vn -0.0685 0.8500 0.5223
vn -0.4807 0.7776 0.4052
vn 0.0205 0.7868 0.6168
vn -0.0331 0.7895 0.6129
vn 0.0857 0.9914 0.0993
vn -0.2907 0.8115 0.5069
vn -0.1770 0.8881 0.4242
vn -0.1731 0.8902 0.4213
vn 0.0710 0.7842 0.6164
vn 0.0581 0.9722 0.2267
vn 0.4549 0.8051 0.3807
vn 0.4736 0.7560 0.4518
vn -0.2786 0.8008 0.5302
vn 0.0911 0.9751 0.2023
vn 0.1050 0.9809 0.1635
vn 0.1134 0.9877 0.1079
vn -0.0043 0.9986 -0.0533
vn 0.0056 0.9985 -0.0543
vn -0.0052 0.9986 -0.0531
vn -0.4005 0.7230 0.5629
vn 0.2243 0.6710 -0.7068
vn 0.3565 0.6671 -0.6542
vn 0.2200 0.6711 -0.7080
vn 0.0365 0.9989 0.0305
vn 0.0825 0.6772 -0.7312
vn -0.0365 0.9989 -0.0305
vn -0.0304 0.9988 -0.0371
vn -0.0364 0.9989 -0.0304
vn -0.0145 0.9986 -0.0499
vn -0.0152 0.9987 -0.0494
vn -0.1091 0.9736 0.2006
vn 0.7052 0.6772 -0.2101
vn 0.6581 0.6711 -0.3413
vn 0.6561 0.6710 -0.3454
vn 0.5796 0.6670 -0.4681
vn 0.4789 0.6657 -0.5723
vn -0.2042 0.6962 -0.6882
vn -0.2121 0.6973 -0.6846
vn 0.6417 0.0050 -0.7669
vn 0.7790 0.0050 -0.6270
vn 0.9476 0.0056 0.3195
vn 0.5810 0.6671 -0.4663
vn -0.3347 0.7100 -0.6195
vn 0.0437 0.9984 -0.0353
vn 0.9477 0.0057 0.3192
vn 0.4798 0.0050 -0.8774
vn 0.8864 0.0050 -0.4629
vn 0.9596 0.0051 -0.2812
vn 0.8864 0.0050 -0.4630
vn -0.3543 0.9164 0.1862
vn -0.3599 0.9270 0.1057
vn 0.1455 0.8672 0.4762
vn 0.1380 0.8673 0.4783
vn -0.2915 0.9520 -0.0933
vn -0.2869 0.8940 0.3443
vn -0.2216 0.8836 0.4125
vn 0.7251 0.6861 -0.0595
vn 0.7250 0.6855 -0.0675
vn 0.3585 0.6670 -0.6531
vn 0.7067 0.6775 -0.2039
vn -0.0005 0.7378 0.6751
vn 0.0561 0.7360 0.6746
vn -0.1195 0.7432 0.6583
vn -0.0596 0.7392 0.6709
vn -0.7323 0.2152 0.6461
vn 0.3898 0.5183 0.7612
vn -0.3902 0.7266 0.5655
vn -0.3373 0.7394 0.5826
vn -0.3995 0.2778 0.8736
vn -0.5327 0.1372 0.8351
vn 0.4423 0.7570 0.4809
vn -0.9051 0.1360 0.4028
vn -0.4572 0.8473 -0.2703
vn -0.5623 -0.0200 0.8267
vn -0.6256 0.0059 0.7801
vn -0.6219 0.0015 0.7831
vn -0.3998 0.7236 0.5626
vn -0.3067 0.2829 0.9088
vn -0.3422 0.1428 0.9287
vn -0.2139 0.2877 0.9335
vn -0.5007 0.2696 0.8226
vn -0.4109 0.7190 0.5606
vn -0.8460 0.1378 -0.5151
vn -0.9042 0.1447 -0.4019
vn -0.0284 0.2942 0.9553
vn 0.2258 0.1484 0.9628
vn -0.9435 0.1485 -0.2961
vn 0.0626 0.2957 0.9532
vn -0.1208 0.2916 0.9489
vn -0.7396 0.2042 0.6413
vn -0.4033 0.7205 0.5641
vn -0.7457 0.1861 0.6397
vn -0.7006 0.2280 0.6761
vn -0.7261 0.1173 0.6775
vn -0.7379 0.2093 0.6417
vn -0.6151 0.2507 0.7476
vn -0.7413 0.1993 0.6409
vn 0.7669 0.0134 0.6417
vn -0.7810 0.1760 0.5992
vn -0.7427 0.1953 0.6406
vn -0.7719 0.0972 0.6283
vn -0.5513 0.0819 0.8303
vn -0.5653 0.0056 0.8249
vn -0.1797 -0.9131 -0.3660
vn -0.2441 -0.9354 -0.2558
vn -0.1812 -0.8915 -0.4152
vn 0.4002 -0.7758 -0.4878
vn 0.3490 -0.8165 -0.4599
vn 0.3429 0.9392 -0.0157
vn -0.4580 0.5106 0.7277
vn -0.7444 0.1900 0.6401
vn -0.7450 0.1883 0.6399
vn -0.1702 0.8924 0.4180
vn -0.4977 0.1538 0.8536
vn -0.5603 0.1163 0.8201
vn -0.1669 0.8940 0.4158
vn -0.7722 0.0957 0.6281
vn -0.2537 0.9586 -0.1296
vn -0.5441 0.7919 -0.2771
vn -0.5677 0.7671 -0.2989
vn -0.5253 0.8047 -0.2766
vn -0.5254 0.7427 0.4152
vn -0.1329 0.7559 0.6410
vn -0.2298 0.7476 0.6232
vn -0.9590 0.2528 0.1283
vn -0.9992 0.0390 0.0047
vn -0.9984 0.0035 -0.0563
vn -0.0724 0.6385 0.7662
vn -0.3789 0.5819 0.7196
vn 0.0352 0.5965 0.8018
vn -0.7777 0.5446 0.3140
vn -0.9528 0.2052 0.2236
vn 0.4704 0.7898 0.3936
vn 0.6371 0.5574 0.5323
vn -0.5522 -0.0110 0.8337
vn -0.7637 0.5678 0.3073
vn -0.5763 0.7518 0.3203
vn -0.7326 0.6806 -0.0128
vn -0.6887 0.7219 -0.0666
vn -0.7663 -0.2708 -0.5826
vn -0.7300 -0.3066 -0.6108
vn 0.2083 0.6989 0.6842
vn 0.2451 0.7373 0.6295
vn 0.1314 0.4700 0.8729
vn 0.0673 0.3440 0.9366
vn 0.0089 0.0265 0.9996
vn -0.0146 0.0049 0.9999
vn -0.9647 0.0338 0.2610
vn -0.9321 0.3090 0.1891
vn -0.9592 0.0170 0.2823
vn -0.9564 -0.1483 0.2515
vn -0.9607 -0.1471 0.2353
vn -0.9806 -0.0887 0.1750
vn -0.9822 -0.0838 0.1680
vn -0.5377 -0.0348 0.8424
vn -0.5438 0.0030 0.8392
vn -0.6509 -0.0024 0.7591
vn -0.6507 0.0058 0.7593
vn 0.0186 -0.2181 0.9758
vn -0.8952 0.4321 0.1092
vn 0.0416 -0.2232 0.9739
vn -0.5175 -0.0256 0.8553
vn -0.7435 0.1928 0.6403
vn -0.4734 0.7868 -0.3961
vn 0.0082 0.9999 0.0067
vn -0.0172 0.9993 -0.0340
vn 0.0692 0.9959 0.0579
vn -0.4954 -0.0057 0.8686
vn -0.4682 0.7920 -0.3918
vn -0.7683 -0.2716 -0.5796
vn -0.5285 0.0696 0.8461
vn 0.7458 -0.2242 0.6273
vn 0.7652 -0.0678 0.6403
vn 0.4056 -0.8838 0.2330
vn -0.7700 0.2257 -0.5968
vn -0.7617 0.1159 -0.6374
vn -0.7387 0.2688 -0.6181
vn -0.5812 0.7296 -0.3604
vn -0.1520 0.9802 -0.1272
vn -0.0000 -1.0000 -0.0000
vn 0.0459 0.9982 0.0384
vn 0.5279 0.8105 0.2538
vn 0.4816 0.8339 0.2696
vn 0.5138 0.8082 0.2877
vn 0.1041 0.9937 0.0427
vn 0.1748 0.9837 0.0416
vn 0.1734 0.9846 0.0215
vn 0.2380 0.5853 0.7751
vn 0.0011 0.7042 0.7100
vn 0.2581 0.7140 0.6509
vn 0.2984 0.9506 -0.0857
vn 0.1197 0.9851 0.1233
vn 0.3094 0.9462 -0.0948
vn 0.4271 0.8104 -0.4012
vn 0.3774 0.8922 -0.2480
vn 0.4407 0.8109 -0.3849
vn 0.0517 0.9976 0.0455
vn 0.1009 0.9949 0.0057
vn 0.0478 0.9978 0.0456
vn 0.3410 0.9126 -0.2255
vn 0.2620 0.9640 -0.0462
vn 0.2488 0.9684 -0.0192
vn -0.6309 0.0512 -0.7742
vn -0.7025 0.0261 -0.7112
vn -0.6312 0.0227 -0.7753
vn -0.6364 0.0394 -0.7703
vn -0.5567 0.0399 -0.8298
vn -0.6348 0.0143 -0.7726
vn 0.5589 0.1243 0.8199
vn 0.6446 -0.1360 0.7523
vn 0.5371 -0.1428 0.8313
vn -0.2945 -0.1332 0.9463
vn -0.4081 0.1017 0.9072
vn -0.2557 0.1130 0.9601
vn 0.0884 0.0917 -0.9919
vn 0.1894 0.0010 -0.9819
vn 0.0906 0.0011 -0.9959
vn 0.0621 0.9977 0.0275
vn 0.8864 0.0165 -0.4627
vn 0.7959 0.2311 -0.5595
vn 0.7791 0.0180 -0.6267
vn -0.0099 0.0970 -0.9952
vn 0.3752 -0.0135 -0.9269
vn 0.3980 -0.0082 -0.9173
vn 0.3970 -0.0170 -0.9176
vn 0.8242 -0.0000 0.5664
vn 0.8741 -0.0000 0.4858
vn 0.7113 0.0085 -0.7029
vn 0.5566 -0.0165 -0.8306
vn 0.6130 -0.0102 -0.7900
vn 0.4393 0.0890 -0.8939
vn 0.4803 0.1818 -0.8581
vn 0.4677 0.0920 -0.8791
vn -0.3077 0.0314 -0.9510
vn -0.3865 0.0614 -0.9202
vn -0.3892 0.0296 -0.9207
vn 0.4511 0.1739 -0.8754
vn 0.4650 0.0104 -0.8853
vn 0.5395 0.2107 -0.8152
vn -0.4720 0.0560 -0.8798
vn 0.8423 -0.0000 -0.5390
vn 0.8924 -0.0000 -0.4513
vn 0.0698 0.9975 0.0134
vn 0.3381 -0.8761 0.3436
vn 0.3753 -0.8721 0.3140
vn -0.3598 0.3529 0.8637
vn -0.4415 0.0822 0.8935
vn -0.5736 0.4184 -0.7042
vn -0.6987 0.1052 -0.7077
vn -0.6394 0.4134 -0.6483
vn -0.0778 -0.9941 -0.0749
vn -0.0842 -0.9940 -0.0705
vn -0.4627 0.0410 -0.8856
vn -0.6242 0.0426 -0.7801
vn -0.6268 0.0430 -0.7780
vn -0.2319 0.0225 -0.9725
vn -0.2818 -0.0724 -0.9567
vn -0.1800 -0.1391 -0.9738
vn -0.2544 0.5250 0.8122
vn -0.1359 0.7554 0.6410
vn -0.1532 0.6908 0.7066
vn -0.0869 0.0328 -0.9957
vn -0.2678 0.0354 -0.9628
vn -0.2803 0.0377 -0.9592
vn 0.4861 0.6788 0.5504
vn 0.4911 0.5476 0.6775
vn 0.4312 0.6928 0.5780
vn 0.7835 -0.0000 -0.6214
vn 0.1072 0.9887 0.1048
vn 0.6954 0.1087 0.7103
vn 0.7626 0.1063 0.6381
vn 0.9643 -0.0000 -0.2648
vn 0.9331 -0.0000 -0.3596
vn 0.4372 0.8902 0.1283
vn 0.2931 0.9489 0.1171
vn 0.4469 0.8818 0.1509
vn -0.5627 -0.0069 -0.8267
vn -0.6629 -0.0136 -0.7486
vn -0.6631 -0.0067 -0.7485
vn 0.7129 0.3702 0.5955
vn 0.6363 0.5574 0.5333
vn -0.7042 0.0238 -0.7096
vn -0.1052 -0.9926 -0.0611
vn -0.0802 -0.9942 -0.0711
vn -0.1137 -0.9918 -0.0578
vn -0.9596 0.0051 0.2812
vn -0.8864 0.0050 0.4629
vn -0.8864 0.0050 0.4630
vn 0.2837 0.0781 -0.9557
vn 0.3820 0.0008 -0.9242
vn 0.2869 0.0010 -0.9580
vn -0.4762 -0.0078 -0.8793
vn -0.5601 -0.0143 -0.8283
vn 0.9757 -0.0000 0.2191
vn 0.9923 -0.0000 0.1241
vn 0.9858 -0.0000 -0.1680
vn 0.9975 -0.0000 -0.0703
vn 0.9996 -0.0000 0.0274
vn -0.3525 0.4201 -0.8362
vn -0.3746 0.6139 -0.6949
vn -0.3079 0.6079 -0.7319
vn 0.9598 0.1383 -0.2443
vn 0.8847 0.3281 -0.3312
vn 0.8930 0.1830 -0.4112
vn 0.4133 0.8165 -0.4032
vn 0.4285 0.7274 -0.5360
vn 0.3691 0.8732 -0.3182
vn 0.4196 0.0838 -0.9038
vn 0.3730 -0.0064 -0.9278
vn 0.3903 0.0664 -0.9183
vn -0.4779 0.7473 -0.4616
vn -0.4368 0.8001 -0.4111
vn 0.0339 0.8532 -0.5204
vn -0.2295 0.8628 -0.4504
vn -0.2567 0.8605 -0.4400
vn -0.2761 -0.9560 0.0987
vn -0.2119 -0.9741 -0.0791
vn -0.3136 -0.9330 0.1767
vn 0.4155 0.9055 0.0866
vn 0.2409 0.9651 0.1030
vn 0.4274 0.8977 0.1069
vn -0.5147 0.6984 -0.4972
vn -0.5437 0.7052 -0.4550
vn 0.8279 0.2820 0.4849
vn 0.8753 0.0269 0.4829
vn 0.5693 0.7660 0.2987
vn 0.4805 0.8214 0.3074
vn 0.6139 0.6779 0.4046
vn 0.4712 0.8710 -0.1392
vn 0.4299 0.8757 -0.2198
vn 0.4262 0.8768 -0.2227
vn 0.4242 0.8756 0.2312
vn 0.4670 0.8710 0.1523
vn 0.4696 0.8707 0.1459
vn 0.6130 0.7669 0.1901
vn 0.8449 0.5232 0.1110
vn 0.6205 0.7704 0.1466
vn 0.2121 0.6973 0.6846
vn 0.3347 0.7100 0.6195
vn 0.2042 0.6962 0.6882
vn 0.2197 -0.0067 -0.9756
vn 0.0825 -0.0142 -0.9965
vn 0.0838 -0.0060 -0.9965
vn 0.7831 0.0003 -0.6219
vn 0.7826 0.0001 -0.6225
vn 0.4500 0.8065 -0.3836
vn 0.4839 0.7215 -0.4953
vn 0.4495 0.8081 -0.3808
vn -0.4921 -0.7214 -0.4873
vn -0.4887 -0.7223 -0.4894
vn -0.7077 -0.0131 -0.7064
vn 0.1866 0.0853 -0.9787
vn 0.5604 0.0002 -0.8282
vn 0.6412 0.0069 -0.7674
vn 0.6417 0.0001 -0.7669
vn 0.3953 0.8785 -0.2682
vn 0.4509 0.8044 -0.3868
vn 0.9162 -0.0000 0.4007
vn 0.4674 0.8588 -0.2097
vn 0.5064 0.8041 -0.3113
vn 0.4378 0.8644 -0.2473
vn 0.4523 -0.1455 0.8799
vn 0.4534 -0.1457 0.8793
vn 0.4174 0.8655 -0.2769
vn 0.4564 0.7989 -0.3917
vn 0.4067 0.8669 -0.2882
vn 0.4772 0.8055 0.3514
vn 0.4487 0.8093 -0.3790
vn 0.4840 0.7208 -0.4961
vn 0.4483 0.8105 -0.3769
vn -0.0471 0.9988 -0.0156
vn -0.0423 0.9988 -0.0234
vn -0.0419 0.9988 -0.0234
vn -0.6021 0.7226 -0.3396
vn -0.6653 0.7115 -0.2263
vn -0.6689 0.7100 -0.2202
vn -0.1826 0.9570 -0.2255
vn -0.2181 0.9587 -0.1825
vn 0.1400 0.9759 -0.1673
vn -0.0437 0.9984 0.0353
vn 0.1782 0.9736 -0.1428
vn 0.8498 0.5256 0.0391
vn 0.6249 0.7740 0.1020
vn 0.7834 -0.0000 -0.6215
vn -0.0494 0.9985 0.0255
vn -0.0524 0.9985 0.0157
vn -0.0525 0.9985 0.0151
vn -0.7014 0.0565 -0.7105
vn 0.7163 0.0006 -0.6978
vn -0.5996 0.7235 -0.3420
vn 0.4424 0.7235 0.5299
vn 0.4405 0.7226 0.5328
vn -0.9477 0.0057 -0.3192
vn -0.8686 0.0058 -0.4954
vn -0.8688 0.0059 -0.4952
vn 0.4219 0.8758 0.2344
vn -0.7017 0.1332 -0.7000
vn -0.7059 0.0668 -0.7051
vn -0.2961 0.1074 -0.9491
vn -0.2032 0.0013 -0.9791
vn -0.2972 0.0013 -0.9548
vn -0.1074 0.1015 -0.9890
vn -0.0084 0.0012 -1.0000
vn -0.1067 0.0013 -0.9943
vn 0.8131 0.1463 0.5634
vn -0.3855 0.8385 -0.3851
vn -0.3823 0.8389 -0.3873
vn -0.7078 -0.0065 -0.7064
vn 0.1076 0.9836 0.1447
vn 0.0856 0.9939 0.0698
vn 0.1500 0.9849 0.0866
vn 0.5566 0.0268 -0.8303
vn 0.4734 0.0006 -0.8808
vn 0.4695 0.0519 -0.8814
vn 0.4024 0.8704 -0.2837
vn 0.4520 0.8023 -0.3900
vn 0.3989 0.8745 -0.2759
vn 0.7004 0.5121 0.4972
vn 0.0598 0.9813 -0.1831
vn 0.2053 0.9053 -0.3717
vn 0.1208 0.9164 -0.3816
vn -0.0643 0.9898 -0.1273
vn 0.0305 0.9988 0.0375
vn 0.0234 0.9987 0.0443
vn 0.9960 0.0144 -0.0883
vn 0.9596 0.0153 -0.2810
vn 0.4999 0.0191 -0.8659
vn 0.6419 0.0197 -0.7666
vn 0.6598 0.0175 -0.7513
vn 0.4493 0.7126 -0.5388
vn -0.1438 -0.1382 0.9799
vn 0.7164 -0.0000 -0.6977
vn 0.9502 -0.0000 0.3115
vn 0.3783 0.0687 -0.9231
vn -0.5524 0.1088 -0.8265
vn -0.6323 0.0013 -0.7747
vn -0.6283 0.1070 -0.7706
vn -0.3877 0.0013 -0.9218
vn -0.4714 0.1094 -0.8751
vn -0.3857 0.1089 -0.9162
vn -0.4399 0.6140 -0.6553
vn -0.5024 0.6087 -0.6140
vn 0.3878 0.8864 -0.2529
vn 0.3842 0.8897 -0.2468
vn 0.3902 0.8840 -0.2574
vn 0.5440 0.8378 -0.0476
vn 0.4112 0.9089 0.0700
vn 0.5512 0.8344 -0.0057
vn 0.1282 0.9847 -0.1182
vn 0.7218 -0.3435 0.6008
vn 0.2414 0.9704 -0.0015
vn 0.5441 0.8014 -0.2485
vn 0.5549 0.7514 -0.3571
vn -0.7388 0.0799 -0.6692
vn -0.7304 -0.1522 -0.6659
vn -0.6882 0.3491 -0.6360
vn -0.7044 0.3956 -0.5894
vn 0.9986 -0.0455 0.0262
vn 0.9887 -0.1395 -0.0556
vn 0.9842 -0.1623 -0.0714
vn 0.3382 0.7682 -0.5436
vn -0.4483 0.7794 -0.4376
vn 0.0610 0.9979 0.0207
vn 0.0261 0.9920 -0.1238
vn 0.2841 0.9564 -0.0678
vn 0.0798 0.9893 0.1218
vn -0.0246 0.9939 -0.1073
vn 0.4748 0.7837 0.4004
vn 0.5566 0.8236 0.1095
vn 0.5534 0.8199 0.1466
vn -0.4724 0.0413 -0.8804
vn -0.5544 0.0848 -0.8279
vn -0.4705 0.0779 -0.8790
vn 0.4923 0.7772 0.3919
vn -0.7250 0.6855 0.0675
vn -0.7067 0.6775 0.2039
vn -0.7052 0.6772 0.2101
vn -0.0408 0.9881 -0.1482
vn 0.0145 0.9986 0.0499
vn 0.5572 0.8273 0.0718
vn 0.3400 0.7115 0.6150
vn -0.9930 0.0054 -0.1179
vn -0.9962 0.0053 0.0868
vn 0.5714 0.7587 0.3128
vn 0.7963 0.5161 0.3155
vn 0.5884 0.7609 0.2733
vn 0.4099 0.9112 0.0409
vn 0.5295 0.8425 -0.0995
vn 0.3961 0.9182 0.0024
vn 0.3414 0.9368 -0.0771
vn 0.4969 0.8065 0.3203
vn 0.4698 0.8128 0.3446
vn -0.0316 0.9365 -0.3491
vn -0.0120 0.9862 -0.1653
vn 0.4571 0.8719 0.1755
vn 0.3207 0.9429 -0.0903
vn 0.9508 0.0421 0.3068
vn 0.9837 0.1079 0.1437
vn 0.9903 0.0663 0.1217
vn 0.6262 0.7776 0.0563
vn 0.6796 0.7335 -0.0095
vn 0.6244 0.7811 0.0094
vn 0.4743 0.8701 -0.1341
vn 0.4951 0.8676 -0.0459
vn 0.4966 0.8671 -0.0389
vn -0.3772 0.8580 0.3487
vn -0.1601 0.8442 0.5116
vn -0.1514 0.7674 0.6230
vn 0.6013 0.5130 0.6126
vn 0.6487 0.1136 0.7525
vn 0.5596 0.5259 0.6405
vn -0.3399 0.8497 -0.4030
vn -0.3539 0.8250 -0.4406
vn -0.3529 0.8295 -0.4328
vn 0.4662 0.3740 0.8017
vn 0.7905 0.4185 -0.4471
vn 0.4266 0.8887 0.1678
vn 0.4673 0.8605 0.2031
vn 0.3707 0.9183 0.1389
vn 0.3441 0.9310 0.1218
vn 0.3270 0.9369 0.1237
vn 0.2898 0.9502 0.1145
vn 0.4236 0.8941 0.1452
vn 0.6748 0.5083 -0.5352
vn 0.6356 0.5106 -0.5791
vn 0.2527 0.9607 0.1152
vn 0.2661 0.9572 0.1134
vn 0.2280 0.9666 0.1167
vn 0.6516 0.0001 -0.7585
vn 0.6307 -0.0013 -0.7760
vn 0.6650 0.0016 -0.7468
vn 0.4918 0.5654 -0.6622
vn 0.4029 0.6082 -0.6840
vn 0.3548 0.6079 -0.7103
vn 0.1981 0.9726 0.1213
vn 0.2121 0.9714 0.1065
vn -0.3816 0.7996 -0.4637
vn -0.3804 0.7954 -0.4719
vn -0.3921 0.7927 -0.4668
vn -0.4591 0.7329 -0.5021
vn -0.4192 0.7858 -0.4547
vn -0.3735 0.8035 -0.4636
vn -0.3859 0.8013 -0.4572
vn -0.4159 0.7128 -0.5647
vn -0.4478 0.6528 -0.6110
vn -0.4337 0.6312 -0.6431
vn -0.4150 0.7195 -0.5568
vn -0.4448 0.7463 -0.4953
vn -0.4099 0.8422 -0.3502
vn -0.3712 0.8102 -0.4537
vn -0.4540 0.8900 -0.0421
vn -0.3705 0.8549 -0.3632
vn -0.3903 0.9182 -0.0684
vn -0.7669 -0.0129 -0.6417
vn 0.2691 0.9622 -0.0418
vn 0.3899 0.8837 -0.2590
vn -0.1214 0.7599 0.6386
vn -0.1364 0.7684 0.6253
vn 0.5350 0.8209 0.1997
vn 0.4956 0.8407 0.2180
vn 0.6640 0.6829 0.3046
vn -0.0474 -0.8843 0.4646
vn 0.1908 -0.8969 0.3989
vn -0.0481 -0.8850 0.4630
vn -0.2679 -0.9333 0.2390
vn -0.9275 -0.2532 -0.2750
vn -0.9391 -0.1382 -0.3145
vn -0.9351 -0.1321 -0.3289
vn -0.3571 -0.0097 -0.9340
vn -0.2938 0.0225 -0.9556
vn -0.2923 0.0385 -0.9555
vn -0.2988 0.0039 -0.9543
vn -0.3083 0.0149 -0.9512
vn 0.4588 -0.0013 -0.8886
vn 0.4672 -0.0000 -0.8842
vn 0.4670 0.0019 -0.8843
vn -0.2720 0.4126 -0.8693
vn -0.7028 0.0498 -0.7096
vn 0.7826 -0.0001 -0.6225
vn -0.3903 0.0171 -0.9205
vn -0.3879 0.0305 -0.9212
vn 0.7066 0.0014 -0.7076
vn 0.4342 -0.0912 -0.8962
vn 0.4601 -0.0013 -0.8878
vn 0.4485 -0.0567 -0.8920
vn 0.4602 -0.0012 -0.8878
vn 0.0902 0.0053 0.9959
vn 0.2912 0.0054 0.9567
vn -0.1075 0.0051 0.9942
vn -0.2267 -0.9739 -0.0138
vn -0.1725 -0.9844 -0.0342
vn -0.1733 -0.9841 -0.0390
vn 0.4387 -0.0534 -0.8971
vn 0.4601 -0.0008 -0.8879
vn 0.4454 -0.0312 -0.8948
vn -0.3450 -0.8782 0.3314
vn -0.0772 -0.9942 -0.0750
vn -0.0784 -0.9943 -0.0725
vn -0.4588 -0.7325 -0.5029
vn -0.9930 0.0054 -0.1178
vn -0.9476 0.0056 -0.3195
vn 0.4176 -0.0109 -0.9086
vn 0.4579 -0.0052 -0.8890
vn 0.3290 -0.2355 -0.9145
vn 0.6406 0.0059 0.7679
vn 0.2402 -0.0136 -0.9706
vn -0.4557 -0.7337 -0.5040
vn -0.4140 -0.7447 -0.5235
vn -0.4062 -0.7466 -0.5269
vn -0.2402 -0.7698 -0.5913
vn -0.2030 0.1049 -0.9735
vn 0.0574 0.9592 0.2770
vn -0.0339 0.9865 0.1601
vn 0.0993 0.9671 0.2343
vn -0.0739 -0.7747 -0.6279
vn -0.0290 -0.7769 -0.6289
vn -0.0038 -0.8292 -0.5590
vn 0.5110 -0.0121 -0.8595
vn 0.6075 -0.0004 -0.7943
vn -0.7028 0.0013 -0.7114
vn -0.3000 0.0607 -0.9520
vn -0.2632 0.0184 -0.9646
vn 0.3888 -0.1334 -0.9116
vn 0.3145 -0.2152 -0.9246
vn 0.3508 -0.2370 -0.9060
vn 0.0856 0.5039 -0.8595
vn 0.1764 0.3288 -0.9278
vn 0.0821 0.3489 -0.9336
vn -0.0411 -0.4578 -0.8881
vn -0.0778 -0.3897 -0.9176
vn -0.2538 -0.2945 -0.9213
vn 0.2681 0.4611 -0.8458
vn 0.3618 0.2892 -0.8863
vn 0.2712 0.3126 -0.9103
vn 0.1770 0.4790 -0.8598
vn -0.5532 0.0503 -0.8315
vn -0.5531 0.0219 -0.8329
vn -0.1646 0.5776 -0.7995
vn -0.1009 0.3857 -0.9171
vn -0.1882 0.4007 -0.8967
vn -0.5610 0.6030 -0.5672
vn 0.4313 -0.0441 -0.9011
vn 0.3858 0.1749 -0.9059
vn -0.0022 0.5312 -0.8472
vn -0.0105 0.3685 -0.9296
vn 0.2410 -0.3849 -0.8909
vn 0.6358 0.1087 -0.7641
vn 0.4734 -0.0812 -0.8771
vn 0.0662 -0.5053 -0.8604
vn 0.2264 -0.3714 -0.9004
vn 0.3210 0.0207 -0.9469
vn 0.4799 0.0212 -0.8771
vn -0.4723 0.0254 -0.8811
vn -0.4353 -0.6833 0.5862
vn -0.4144 -0.7534 0.5106
vn -0.5559 0.0013 -0.8312
vn 0.9941 0.0137 0.1080
vn 0.9930 0.0988 -0.0645
vn 0.2090 -0.3258 -0.9221
vn 0.8769 0.0134 0.4804
vn 0.9538 0.0134 0.3002
vn 0.2162 -0.8949 0.3904
vn 0.2942 -0.8854 0.3600
vn -0.0874 0.9782 -0.1884
vn 0.4161 -0.0087 -0.9093
vn 0.1463 0.8443 -0.5156
vn 0.2233 0.7204 -0.6567
vn 0.1439 0.9659 -0.2152
vn 0.2223 0.7170 -0.6607
vn -0.4564 0.0401 -0.8889
vn 0.1090 0.0271 -0.9937
vn -0.0673 0.0291 -0.9973
vn -0.0257 0.9638 -0.2654
vn 0.0854 0.9839 -0.1568
vn 0.0538 0.9284 -0.3677
vn 0.3000 0.0232 -0.9537
vn 0.1310 0.0236 -0.9911
vn 0.9853 0.1686 -0.0288
vn 0.9512 0.2433 -0.1899
vn -0.5030 -0.2180 0.8363
vn -0.4847 -0.2135 0.8482
vn -0.4928 -0.2287 0.8395
vn -0.1339 0.7601 0.6358
vn -0.3673 0.3647 0.8556
vn -0.7779 0.3639 0.5122
vn -0.7272 0.4666 0.5035
vn -0.8086 0.2855 0.5144
vn -0.3130 0.0087 -0.9497
vn 0.3515 0.9066 -0.2334
vn 0.3572 0.9006 -0.2477
vn 0.3665 0.8954 -0.2528
vn 0.4838 0.7218 -0.4949
vn -0.3299 0.9350 -0.1303
vn -0.2561 0.9181 -0.3024
vn -0.2488 0.9630 -0.1039
vn -0.0948 -0.5247 -0.8460
vn 0.2275 -0.7490 -0.6223
vn 0.7194 -0.0011 -0.6946
vn 0.7232 -0.0110 -0.6905
vn -0.0063 0.9985 0.0543
vn -0.0169 0.9985 0.0530
vn -0.5184 0.8076 -0.2812
vn -0.5426 0.4047 -0.7361
vn -0.5379 0.3849 -0.7500
vn -0.5050 0.7075 -0.4944
vn 0.6929 -0.1313 0.7090
vn -0.4414 -0.6900 0.5737
vn -0.4339 0.7269 -0.5324
vn -0.4941 0.6793 -0.5426
vn -0.4438 0.6501 -0.6168
vn -0.4676 0.6660 -0.5812
vn 0.4603 -0.0003 -0.8878
vn 0.4537 -0.0117 -0.8911
vn 0.4395 -0.0467 -0.8971
vn 0.4157 -0.1012 -0.9038
vn 0.4662 0.0016 -0.8847
vn 0.3983 -0.1665 -0.9020
vn 0.4017 -0.1454 -0.9042
vn 0.5123 -0.0002 -0.8588
vn 0.4550 -0.0115 -0.8904
vn 0.4840 0.7211 -0.4958
vn -0.0409 0.9977 0.0543
vn 0.0440 0.9982 0.0397
vn 0.0289 0.9958 0.0874
vn 0.4604 -0.0000 -0.8877
vn -0.1637 0.9762 -0.1425
vn -0.0817 0.9947 0.0632
vn -0.1474 0.9890 -0.0101
vn -0.0539 0.8967 0.4394
vn -0.2776 0.9469 0.1623
vn -0.0127 0.9312 0.3642
vn -0.4743 0.7699 -0.4269
vn -0.4100 0.8351 -0.3667
vn -0.1535 0.9780 0.1415
vn 0.0035 1.0000 -0.0036
vn 0.0707 0.9961 -0.0537
vn 0.0605 0.9981 0.0135
vn 0.1045 0.9892 0.1031
vn 0.0849 0.9929 0.0829
vn 0.0218 0.9839 -0.1775
vn 0.0043 0.9986 0.0533
vn -0.3307 0.8592 -0.3904
vn -0.7422 -0.6477 -0.1721
vn -0.8733 -0.3744 -0.3116
vn -0.5060 -0.1355 -0.8518
vn 0.5416 0.1376 -0.8293
vn 0.4500 0.2346 -0.8617
vn -0.4296 0.4233 -0.7976
vn -0.5036 0.4227 -0.7534
vn 0.6326 0.0426 -0.7733
vn -0.3526 0.8262 -0.4395
vn 0.7161 0.0041 -0.6980
vn -0.0858 0.5557 -0.8269
vn -0.4016 0.7812 -0.4780
vn 0.2098 0.9660 0.1512
vn 0.0725 0.9970 0.0262
vn -0.3402 0.8484 -0.4056
vn -0.3467 0.8473 -0.4024
vn 0.1416 0.9830 0.1165
vn 0.2034 0.9643 0.1699
vn 0.1365 0.9789 0.1523
vn 0.4840 0.1055 -0.8687
vn 0.1902 0.9789 0.0745
vn 0.0546 0.9898 0.1319
vn 0.0168 0.9908 0.1341
vn -0.0277 0.9914 0.1278
vn 0.0203 0.9879 0.1536
vn -0.1595 0.9865 -0.0367
vn -0.2495 0.9358 -0.2492
vn -0.3377 0.9118 0.2335
vn -0.4135 0.8763 0.2473
vn -0.4455 -0.1364 0.8849
vn 0.1357 0.9768 0.1659
vn 0.1703 0.9783 0.1177
vn 0.3732 0.9268 -0.0421
vn 0.1832 0.9721 0.1467
vn 0.4762 0.8475 0.2345
vn 0.1962 0.9796 0.0435
vn 0.4826 0.0984 -0.8703
vn 0.4601 -0.0012 -0.8878
vn 0.0501 0.9900 0.1317
vn -0.1084 0.5462 0.8306
vn 0.5510 0.5874 -0.5928
vn 0.1970 0.5907 -0.7825
vn 0.1520 0.6077 -0.7795
vn 0.5228 0.6654 0.5329
vn 0.4835 0.1030 -0.8693
vn 0.4830 0.1005 -0.8698
vn 0.4917 0.1090 -0.8639
vn 0.6333 0.1291 -0.7630
vn 0.9797 0.1484 -0.1352
vn 0.4819 0.0949 -0.8711
vn 0.4817 0.0938 -0.8713
vn 0.4437 -0.0081 -0.8961
vn 0.0450 0.9392 0.3403
vn 0.9621 0.1478 -0.2291
vn 0.9353 0.1467 -0.3220
vn 0.8992 0.1450 -0.4128
vn -0.4686 0.0691 -0.8807
vn -0.5561 0.0742 -0.8278
vn 0.4595 -0.0021 -0.8882
vn 0.2350 0.0676 -0.9697
vn 0.1038 0.0800 -0.9914
vn 0.9607 0.1477 0.2348
vn 0.9881 0.1485 -0.0410
vn -0.6606 0.0694 -0.7475
vn 0.9017 0.1468 0.4067
vn 0.7373 0.5129 0.4397
vn 0.8609 0.1465 0.4872
vn 0.9783 0.1481 0.1447
vn 0.9351 0.1472 0.3224
vn 0.7071 -0.0003 -0.7071
vn 0.7987 0.1405 -0.5851
vn 0.6125 0.1028 -0.7838
vn 0.6539 0.0546 -0.7546
vn 0.6268 0.0381 -0.7783
vn 0.9456 0.0633 0.3192
vn 0.2142 -0.7490 -0.6269
vn 0.0671 0.9396 -0.3356
vn -0.1572 0.9246 -0.3471
vn -0.2722 0.8404 -0.4687
vn 0.4348 0.1664 -0.8850
vn 0.4018 0.1323 -0.9061
vn -0.3127 -0.8061 0.5024
vn 0.3864 0.8874 -0.2516
vn 0.3922 0.8817 -0.2623
vn 0.0639 0.9961 0.0614
vn 0.0858 0.9931 0.0801
vn 0.0680 0.9960 0.0571
vn 0.3776 0.8962 -0.2329
vn 0.3691 0.8981 -0.2391
vn 0.5476 0.8165 0.1830
vn 0.4093 -0.0163 -0.9122
vn 0.5513 0.7570 0.3506
vn 0.5392 0.8133 0.2188
vn 0.6023 0.7637 0.2324
vn 0.4530 0.8002 -0.3929
vn 0.5554 0.8309 0.0335
vn 0.5757 0.7943 -0.1939
vn 0.5020 0.8500 -0.1595
vn 0.3141 0.7776 -0.5447
vn 0.6108 0.7868 -0.0886
vn 0.5975 0.7895 -0.1407
vn 0.1128 0.9914 0.0668
vn 0.3863 0.8881 -0.2490
vn 0.4477 0.8115 -0.3756
vn 0.3842 0.8902 -0.2447
vn 0.6193 0.7842 -0.0388
vn 0.2334 0.9722 0.0172
vn 0.5282 0.7560 0.3865
vn 0.4728 0.8008 -0.3677
vn 0.2152 0.9751 0.0540
vn 0.1794 0.9809 0.0745
vn 0.1262 0.9877 0.0926
vn -0.0532 0.9986 0.0051
vn 0.4836 0.7224 -0.4942
vn -0.6561 0.6710 0.3454
vn -0.5810 0.6671 0.4663
vn -0.5796 0.6670 0.4681
vn -0.0831 0.9910 -0.1049
vn -0.6581 0.6711 0.3413
vn -0.0532 0.9986 0.0043
vn -0.0517 0.9986 -0.0055
vn -0.0513 0.9987 -0.0062
vn -0.0492 0.9985 0.0260
vn -0.2200 0.6711 0.7080
vn -0.0825 0.6772 0.7312
vn -0.2243 0.6710 0.7068
vn -0.4789 0.6657 0.5723
vn -0.3585 0.6670 0.6531
vn 0.1004 0.9785 -0.1800
vn -0.7134 0.6962 -0.0796
vn -0.7251 0.6861 0.0595
vn -0.9597 0.0051 0.2811
vn -0.4798 0.0050 0.8774
vn -0.6417 0.0050 0.7669
vn 0.4816 0.0056 0.8764
vn 0.2910 0.0054 0.9567
vn 0.4813 0.0057 0.8765
vn -0.3565 0.6671 0.6542
vn -0.7113 0.6973 -0.0881
vn -0.0477 0.9987 -0.0153
vn -0.0271 0.9984 0.0492
vn -0.0362 0.9984 0.0433
vn 0.6408 0.0058 0.7677
vn -0.7790 0.0050 0.6270
vn -0.2994 0.0050 0.9541
vn 0.0406 0.9270 -0.3729
vn 0.4944 0.8672 0.0593
vn 0.4951 0.8673 0.0515
vn -0.1432 0.9520 -0.2705
vn 0.2883 0.8940 -0.3431
vn -0.0934 0.9449 -0.3139
vn 0.3669 0.8836 -0.2909
vn 0.0693 0.6861 0.7242
vn 0.0614 0.6855 0.7255
vn -0.0761 0.6775 0.7316
vn 0.6644 0.7378 -0.1196
vn 0.6816 0.7304 0.0433
vn 0.6269 0.7432 -0.2337
vn 0.6739 0.7360 -0.0637
vn 0.5069 0.2152 -0.8347
vn 0.6499 0.7392 -0.1769
vn 0.5941 0.7503 -0.2901
vn 0.8343 0.5207 0.1812
vn 0.4878 0.7266 -0.4838
vn 0.7281 0.1372 -0.6716
vn 0.7895 0.2778 -0.5472
vn 0.7693 0.5143 0.3790
vn 0.2368 0.1360 -0.9620
vn 0.1176 0.1409 -0.9830
vn 0.7146 -0.0200 -0.6993
vn 0.6576 0.0059 -0.7534
vn 0.7123 0.0056 -0.7019
vn 0.5140 0.7394 -0.4348
vn 0.8180 0.5183 0.2495
vn 0.4834 0.7230 -0.4935
vn 0.4832 0.7236 -0.4928
vn 0.8405 0.2829 -0.4622
vn 0.8538 0.1428 -0.5006
vn 0.8812 0.2877 -0.3751
vn 0.7214 0.2696 -0.6379
vn 0.6274 0.2507 -0.7372
vn 0.4630 0.7146 -0.5244
vn -0.6562 0.1378 -0.7419
vn -0.5551 0.1447 -0.8191
vn -0.0908 0.1579 0.9833
vn 0.9354 0.2942 -0.1964
vn -0.4578 0.1485 -0.8766
vn 0.9493 0.2957 -0.1064
vn 0.9875 0.1484 0.0525
vn 0.9127 0.2916 -0.2862
vn 0.5008 0.2042 -0.8411
vn 0.4841 0.7205 -0.4965
vn 0.4794 0.7190 -0.5033
vn 0.4982 0.1861 -0.8468
vn 0.5420 0.2280 -0.8089
vn 0.5015 0.2093 -0.8394
vn 0.5388 0.1173 -0.8342
vn 0.5001 0.1993 -0.8427
vn 0.4996 0.1953 -0.8440
vn 0.4521 0.1760 -0.8744
vn 0.4824 0.0972 -0.8706
vn 0.7201 0.0819 -0.6891
vn -0.3920 -0.9131 -0.1123
vn -0.2949 -0.9354 -0.1952
vn -0.6691 -0.7365 -0.0995
vn -0.4406 -0.8915 -0.1052
vn -0.4096 -0.7758 0.4799
vn -0.3911 -0.8165 0.4246
vn 0.5443 0.5773 -0.6086
vn -0.2381 0.5958 -0.7670
vn 0.4988 0.1900 -0.8456
vn 0.4821 0.0957 -0.8709
vn 0.3814 0.8924 -0.2413
vn 0.7525 0.1538 -0.6404
vn 0.7084 0.1163 -0.6961
vn 0.3798 0.8940 -0.2376
vn -0.1723 0.9586 -0.2269
vn -0.3687 0.7919 -0.4868
vn -0.3649 0.8047 -0.4683
vn 0.3160 0.7427 -0.5904
vn 0.6075 0.7559 -0.2438
vn 0.2137 0.7518 -0.6238
vn -0.0428 0.2528 -0.9666
vn -0.1716 0.0390 -0.9844
vn 0.0520 0.2052 -0.9773
vn 0.6415 0.5819 -0.4999
vn 0.7415 0.6385 -0.2064
vn 0.7955 0.5965 -0.1068
vn 0.1719 0.5446 -0.8209
vn 0.1678 0.5678 -0.8059
vn 0.6611 0.0015 -0.7503
vn -0.1418 0.6806 -0.7188
vn -0.1870 0.7219 -0.6662
vn -0.7086 -0.2708 -0.6516
vn 0.7102 0.6989 0.0844
vn 0.6628 0.7373 0.1303
vn 0.8824 0.4700 -0.0245
vn 0.9337 0.3440 -0.0989
vn 0.9855 0.0265 -0.1676
vn 0.0868 0.0338 -0.9957
vn 0.0217 0.3090 -0.9508
vn -0.0504 0.4321 -0.9004
vn 0.0789 -0.1483 -0.9858
vn 0.0622 -0.1471 -0.9872
vn -0.0007 -0.0887 -0.9961
vn -0.0079 -0.0838 -0.9964
vn 0.7344 -0.0348 -0.6778
vn 0.6324 -0.0024 -0.7746
vn 0.6327 0.0058 -0.7744
vn 0.9637 -0.2181 -0.1537
vn 0.9660 -0.2232 -0.1308
vn 0.7507 -0.0256 -0.6602
vn 0.4992 0.1929 -0.8448
vn -0.0365 0.9993 -0.0110
vn 0.0080 0.9999 0.0069
vn 0.7677 -0.0057 -0.6408
vn -0.6231 0.5351 -0.5704
vn -0.7060 -0.2716 -0.6541
vn -0.7293 -0.3092 -0.6103
vn 0.7396 0.0696 -0.6694
vn 0.7490 -0.2242 0.6235
vn 0.7668 -0.0681 0.6383
vn 0.3343 -0.8771 0.3450
vn 0.3009 -0.8838 0.3582
vn -0.7232 0.2257 -0.6527
vn -0.4573 0.7296 -0.5085
vn -0.3943 0.7671 -0.5061
vn 0.4985 0.1883 -0.8462
vn 0.0002 1.0000 0.0002
vn -0.0452 0.9972 -0.0603
vn -0.0545 0.9975 -0.0456
vn -0.7559 0.2376 -0.6101
vn -0.7486 0.1426 -0.6475
vn -0.7338 0.2376 -0.6365
vn 0.1407 0.9842 -0.1076
vn 0.0222 0.9989 -0.0416
vn 0.0235 0.9987 -0.0450
vn 0.1163 0.9866 -0.1144
vn 0.0262 0.9990 -0.0361
vn 0.1006 0.9876 -0.1203
vn 0.1040 0.9875 -0.1183
vn 0.1029 0.9872 -0.1218
vn 0.0345 0.9990 -0.0287
vn 0.2259 0.9556 0.1893
vn 0.1152 0.9922 0.0481
vn 0.1100 0.9896 0.0932
vn 0.2748 0.9530 0.1275
vn 0.2631 0.9635 0.0493
vn 0.4679 0.8824 0.0492
vn 0.1717 0.9850 -0.0145
vn 0.5521 0.8337 0.0085
vn 0.1071 0.9935 -0.0382
vn 0.1025 0.9864 -0.1286
vn 0.0452 0.9988 -0.0206
vn 0.0919 0.9849 -0.1469
vn 0.0499 0.9986 -0.0183
vn 0.0628 0.9843 -0.1649
vn 0.0428 0.9987 -0.0294
vn 0.0039 0.9999 -0.0106
vn 0.0175 0.9822 -0.1870
vn 0.4198 0.9061 -0.0520
vn 0.0672 0.9967 -0.0456
vn 0.3124 0.9468 -0.0778
vn 0.0435 0.9979 -0.0472
vn 0.2336 0.9681 -0.0907
vn 0.0301 0.9985 -0.0467
vn 0.1786 0.9789 -0.0995
vn 0.4112 0.4065 -0.8159
vn 0.4092 0.3792 -0.8299
vn 0.4116 0.4096 -0.8141
vn -0.1445 0.9154 -0.3758
vn -0.1959 0.9633 -0.1837
vn -0.0700 0.9437 -0.3233
vn -0.3964 0.7364 -0.5483
vn -0.5652 0.7944 -0.2226
vn -0.3212 0.7929 -0.5178
vn -0.4721 0.8689 -0.1488
vn -0.2319 0.8677 -0.4397
vn -0.2921 0.2080 -0.9335
vn -0.3229 0.4153 -0.8504
vn -0.2671 0.5685 -0.7782
vn -0.7548 0.0028 -0.6559
vn -0.7783 0.0030 -0.6279
vn -0.7787 0.0028 -0.6274
vn -0.2678 0.0108 -0.9634
vn -0.2483 0.0136 -0.9686
vn -0.2468 0.0138 -0.9690
vn -0.1118 0.8180 -0.5643
vn -0.7552 0.0468 -0.6538
vn -0.7693 0.1426 -0.6227
vn -0.7767 0.0468 -0.6281
vn -0.1050 0.9906 -0.0878
vn 0.9053 0.0760 0.4180
vn 0.9230 0.3353 0.1885
vn 0.8856 0.2345 0.4008
vn -0.8202 0.2547 -0.5123
vn 0.9711 0.1140 0.2097
vn 0.9842 0.1632 0.0694
vn 0.7654 0.0625 0.6405
vn 0.7524 0.1938 0.6296
vn 0.8321 0.3765 0.4073
vn 0.7256 0.3240 0.6071
vn 0.9840 0.1699 0.0527
vn 0.9720 0.2317 -0.0396
vn 0.9359 0.3229 -0.1405
vn 0.8917 0.4028 -0.2064
vn 0.9415 0.3136 -0.1236
vn 0.7072 0.7070 -0.0020
vn 0.8324 0.5163 0.2015
vn 0.8823 0.4130 -0.2260
vn 0.8202 0.4889 -0.2971
vn 0.9693 0.2396 -0.0548
vn 0.5655 0.8216 -0.0716
vn 0.8068 0.4982 -0.3175
vn 0.7272 0.5599 -0.3971
vn 0.6169 0.6072 -0.5007
vn 0.5356 0.6237 -0.5693
vn 0.6255 0.6047 -0.4929
vn 0.2545 0.9576 -0.1347
vn 0.3301 0.9360 -0.1222
vn 0.4340 0.8948 -0.1045
vn 0.4645 0.6244 -0.6280
vn 0.4625 0.6240 -0.6299
vn 0.7128 0.5662 -0.4138
vn 0.2015 0.9685 -0.1465
vn 0.4098 0.6132 -0.6753
vn 0.4057 0.6120 -0.6789
vn -0.7943 0.3717 0.4805
vn -0.8281 0.3681 0.4229
vn -0.8264 0.3720 0.4227
vn 0.1368 0.9740 -0.1808
vn 0.1392 0.9749 -0.1735
vn 0.1678 0.9732 -0.1571
vn -0.7832 0.5649 -0.2596
vn -0.4794 0.8227 -0.3056
vn -0.4702 0.8452 -0.2541
vn 0.3637 0.5923 -0.7189
vn 0.3402 0.5699 -0.7480
vn 0.3376 0.5678 -0.7507
vn -0.8843 0.0067 -0.4669
vn -0.9496 0.0116 -0.3131
vn -0.9466 0.0097 -0.3223
vn -0.4624 0.8712 -0.1647
vn 0.3290 0.5429 -0.7726
vn 0.3288 0.5409 -0.7742
vn 0.3680 0.5941 -0.7153
vn 0.1342 0.9719 -0.1932
vn 0.3374 0.5152 -0.7878
vn 0.3387 0.5131 -0.7887
vn 0.0761 0.9519 -0.2970
vn 0.1044 0.9622 -0.2515
vn 0.1241 0.9684 -0.2163
vn -0.0266 0.8606 -0.5085
vn 0.0235 0.8962 -0.4430
vn 0.5356 0.0256 -0.8441
vn 0.5553 0.0255 -0.8313
vn 0.5407 0.0276 -0.8407
vn -0.7660 0.0482 -0.6410
vn -0.7637 0.0911 -0.6391
vn -0.7637 0.0912 -0.6391
vn -0.7516 0.1991 -0.6289
vn 0.5527 0.0233 -0.8330
vn 0.5205 0.0237 -0.8535
vn 0.5879 0.0240 -0.8086
vn -0.8939 0.4172 -0.1639
vn -0.9707 0.2096 -0.1179
vn -0.8123 0.5703 -0.1221
vn -0.1331 0.9816 -0.1369
vn -0.0943 0.9902 -0.1029
vn -0.8781 0.0075 -0.4784
vn 0.9043 0.0047 0.4269
vn 0.9742 0.0059 0.2255
vn 0.9041 0.0041 0.4273
vn 0.9742 0.0071 0.2256
vn 0.9974 0.0088 0.0715
vn 0.7669 0.0038 0.6417
vn 0.7669 0.0035 0.6417
vn 0.9973 0.0107 0.0728
vn 0.9993 0.0127 -0.0355
vn 0.9926 0.0209 -0.1198
vn 0.9760 0.0243 -0.2163
vn 0.9923 0.0179 -0.1222
vn 0.9763 0.0277 -0.2146
vn 0.9430 0.0317 -0.3312
vn 0.9993 0.0153 -0.0331
vn 0.9431 0.0350 -0.3307
vn 0.8815 0.0392 -0.4706
vn 0.7898 0.0466 -0.6116
vn 0.6867 0.0481 -0.7254
vn 0.7902 0.0450 -0.6112
vn 0.5857 0.0486 -0.8091
vn 0.5853 0.0482 -0.8094
vn 0.8811 0.0418 -0.4711
vn 0.4961 0.0472 -0.8670
vn -0.7465 0.0250 0.6649
vn -0.8003 0.0239 0.5991
vn -0.7933 0.0251 0.6083
vn 0.4074 0.3772 -0.8317
vn 0.4100 0.3769 -0.8306
vn 0.4290 0.0435 -0.9022
vn 0.3928 0.0422 -0.9187
vn 0.3948 0.0405 -0.9179
vn 0.3924 0.0385 -0.9190
vn 0.3952 0.0387 -0.9178
vn 0.4955 0.0463 -0.8674
vn 0.4287 0.0449 -0.9023
vn 0.4259 0.0371 -0.9040
vn -0.7669 0.0026 -0.6417
vn -0.7510 0.3719 0.5456
vn -0.7691 0.3741 0.5182
vn 0.5654 0.0243 -0.8245
vn 0.5997 0.0244 -0.7999
vn -0.5730 0.8194 -0.0155
vn -0.5723 0.8200 -0.0069
vn 0.4154 0.3770 -0.8278
vn 0.4238 0.3776 -0.8233
vn -0.2161 0.8815 -0.4199
vn -0.0876 0.8323 -0.5473
vn -0.2228 0.8764 -0.4269
vn 0.6083 0.0244 -0.7933
vn 0.6208 0.0244 -0.7836
vn -0.7065 0.0243 0.7073
vn -0.6807 0.0241 0.7322
vn -0.7111 0.0233 0.7027
vn -0.6489 0.2547 -0.7170
vn -0.4898 0.1597 -0.8571
vn -0.3937 0.5649 -0.7252
vn -0.7923 0.3608 0.4920
vn -0.7685 0.3679 0.5234
vn -0.9976 0.0137 -0.0677
vn -0.9961 0.0109 -0.0881
vn -0.9977 0.0140 -0.0661
vn -0.6096 0.7364 -0.2935
vn -0.3187 0.7944 -0.5171
vn -0.3944 0.7370 -0.5489
vn -0.7369 0.0238 0.6756
vn 0.4242 0.3776 -0.8231
vn 0.3921 0.3706 -0.8420
vn 0.3620 0.4862 -0.7953
vn 0.3838 0.4590 -0.8013
vn 0.3620 0.4863 -0.7952
vn -0.0923 0.8299 -0.5503
vn 0.6215 0.0243 -0.7831
vn 0.3855 0.4564 -0.8020
vn 0.4048 0.4324 -0.8057
vn 0.0487 0.9376 -0.3442
vn -0.0197 0.9724 -0.2324
vn 0.4066 0.4296 -0.8063
vn -0.8005 0.3591 0.4798
vn -0.7768 0.3665 0.5121
vn -0.7597 0.3706 0.5344
vn -0.0613 0.9519 -0.3001
vn -0.0463 0.9615 -0.2708
vn 0.0266 0.9087 -0.4166
vn 0.0324 0.9225 -0.3845
vn 0.4712 0.0324 -0.8814
vn 0.5086 0.0320 -0.8604
vn 0.4707 0.0346 -0.8816
vn 0.5091 0.0298 -0.8602
vn 0.5345 0.0296 -0.8447
vn 0.4247 0.0350 -0.9046
vn 0.5335 0.0276 -0.8454
vn -0.1593 0.9741 -0.1602
vn -0.1725 0.9744 -0.1443
vn -0.1451 0.9819 -0.1214
vn -0.2128 0.9607 -0.1780
vn -0.3954 0.9154 -0.0760
vn -0.2154 0.9633 -0.1604
vn -0.3853 0.8227 -0.4180
vn -0.2387 0.9497 -0.2028
vn -0.8569 0.1062 -0.5044
vn -0.0674 0.9972 -0.0339
vn -0.0097 0.9999 0.0057
vn -0.0811 0.9842 0.1575
vn -0.0371 0.9989 0.0292
vn -0.0921 0.9866 0.1346
vn -0.0222 0.9990 0.0390
vn -0.1018 0.9872 0.1228
vn -0.1007 0.9876 0.1202
vn -0.0309 0.9990 0.0321
vn -0.0981 0.9875 0.1232
vn 0.0648 0.9927 0.1019
vn 0.1720 0.9545 0.2436
vn -0.6476 0.1062 -0.7545
vn 0.1058 0.8337 0.5420
vn -0.0187 0.9935 0.1122
vn 0.0229 0.9061 0.4224
vn 0.1309 0.8824 0.4519
vn 0.0161 0.9850 0.1716
vn 0.0949 0.9635 0.2502
vn -0.0123 0.9988 0.0482
vn -0.1085 0.9864 0.1235
vn -0.1810 0.9822 0.0502
vn -0.1513 0.9843 0.0909
vn -0.0214 0.9987 0.0473
vn -0.1284 0.9849 0.1164
vn -0.0092 0.9986 0.0524
vn -0.0330 0.9967 0.0742
vn -0.0214 0.9468 0.3212
vn -0.0664 0.9789 0.1933
vn -0.0401 0.9987 0.0310
vn -0.0481 0.9681 0.2460
vn -0.0406 0.9985 0.0378
vn -0.0388 0.9979 0.0511
vn -0.7447 0.3792 0.5491
vn -0.7306 0.4065 0.5486
vn -0.7288 0.4096 0.5487
vn -0.3306 0.9437 -0.0119
vn -0.5053 0.8606 0.0635
vn -0.4320 0.8962 0.1013
vn -0.2297 0.8689 -0.4384
vn -0.5663 0.7929 -0.2249
vn -0.4737 0.8677 -0.1507
vn -0.2436 0.8712 -0.4261
vn -0.9704 0.2081 -0.1229
vn -0.8940 0.4153 -0.1679
vn -0.9746 0.1839 -0.1277
vn -0.8354 0.0385 0.5483
vn -0.8339 0.0405 0.5504
vn -0.8337 0.0387 0.5509
vn -0.7453 0.3769 0.5501
vn -0.7469 0.3772 0.5477
vn -0.6931 0.0486 0.7192
vn -0.5929 0.0481 0.8038
vn -0.6935 0.0482 0.7188
vn -0.1597 0.0317 0.9867
vn -0.0391 0.0277 0.9989
vn -0.0408 0.0243 0.9989
vn 0.2463 0.0088 0.9692
vn 0.3938 0.0071 0.9192
vn 0.3938 0.0059 0.9192
vn -0.1582 0.9816 -0.1069
vn -0.1179 0.9902 -0.0747
vn -0.3190 0.4173 -0.8510
vn -0.2872 0.2096 -0.9347
vn -0.2927 0.1853 -0.9381
vn -0.8131 0.5685 -0.1257
vn -0.5752 0.8179 -0.0106
vn -0.9972 0.0136 -0.0737
vn -0.9955 0.0108 -0.0937
vn -0.9973 0.0138 -0.0721
vn -0.6155 0.0067 -0.7881
vn -0.7553 0.0030 -0.6554
vn 0.3484 0.3354 0.8753
vn 0.5710 0.0760 0.8174
vn 0.5507 0.2345 0.8011
vn 0.2419 0.1632 0.9565
vn 0.3776 0.1139 0.9189
vn 0.2254 0.1699 0.9593
vn 0.1324 0.2317 0.9637
vn 0.1170 0.2396 0.9638
vn 0.5476 0.3765 0.7472
vn 0.3451 0.5163 0.7838
vn 0.1227 0.7070 0.6965
vn -0.0460 0.4028 0.9141
vn 0.0267 0.3229 0.9460
vn 0.0444 0.3136 0.9485
vn -0.1479 0.4889 0.8597
vn -0.0669 0.4130 0.9083
vn -0.1703 0.4982 0.8502
vn -0.2627 0.5599 0.7858
vn -0.2816 0.5662 0.7746
vn 0.0293 0.8216 0.5693
vn -0.0264 0.8948 0.4456
vn -0.0621 0.9360 0.3465
vn -0.0877 0.9576 0.2743
vn -0.4660 0.6237 0.6276
vn -0.3841 0.6072 0.6955
vn -0.3749 0.6047 0.7027
vn -0.5363 0.6244 0.5679
vn -0.5385 0.6240 0.5663
vn -0.5925 0.6132 0.5225
vn -0.5967 0.6120 0.5190
vn -0.1087 0.9685 0.2242
vn -0.1251 0.9732 0.1928
vn -0.1463 0.9749 0.1677
vn -0.1371 0.9749 0.1755
vn -0.1538 0.9740 0.1665
vn 0.2702 0.3681 -0.8897
vn 0.3329 0.3717 -0.8666
vn 0.2704 0.3720 -0.8880
vn -0.3330 0.8452 -0.4181
vn -0.1163 0.8194 -0.5613
vn -0.4756 0.0116 -0.8796
vn -0.6258 0.0075 -0.7800
vn -0.6763 0.5699 0.4668
vn -0.6435 0.5923 0.4848
vn -0.6795 0.5678 0.4647
vn -0.7025 0.5429 0.4601
vn -0.7041 0.5409 0.4601
vn -0.7160 0.5152 0.4711
vn -0.7166 0.5131 0.4725
vn -0.1665 0.9719 0.1661
vn -0.1910 0.9684 0.1603
vn -0.2291 0.9622 0.1471
vn -0.2789 0.9519 0.1272
vn -0.6392 0.5941 0.4884
vn -0.7204 0.0255 0.6931
vn -0.7364 0.0256 0.6761
vn -0.7322 0.0276 0.6805
vn -0.7484 0.0237 0.6628
vn -0.7225 0.0233 0.6910
vn -0.6923 0.0240 0.7212
vn 0.5796 0.0047 0.8149
vn 0.5800 0.0041 0.8146
vn 0.1413 0.0127 0.9899
vn 0.2475 0.0107 0.9688
vn 0.0571 0.0209 0.9982
vn 0.0547 0.0179 0.9983
vn -0.3078 0.0392 0.9507
vn -0.1592 0.0350 0.9866
vn 0.1436 0.0153 0.9895
vn -0.4627 0.0466 0.8853
vn -0.4623 0.0450 0.8856
vn -0.7659 0.0472 0.6412
vn -0.7664 0.0463 0.6407
vn -0.3084 0.0418 0.9503
vn 0.4486 0.0239 -0.8934
vn 0.5229 0.0250 -0.8520
vn 0.4589 0.0251 -0.8882
vn -0.8350 0.0422 0.5486
vn -0.8125 0.0435 0.5814
vn -0.8147 0.0371 0.5786
vn -0.8126 0.0449 0.5811
vn 0.3744 0.3741 -0.8484
vn 0.4047 0.3719 -0.8354
vn -0.1077 0.8200 -0.5621
vn -0.4514 0.8815 -0.1387
vn -0.7357 0.3776 0.5623
vn -0.7416 0.3770 0.5548
vn -0.7119 0.0243 0.7019
vn -0.6816 0.0244 0.7313
vn -0.6736 0.0244 0.7387
vn -0.4595 0.8764 -0.1440
vn -0.5542 0.8323 0.0102
vn -0.6618 0.0244 0.7492
vn 0.5716 0.0243 -0.8201
vn 0.6007 0.0241 -0.7991
vn 0.5663 0.0233 -0.8239
vn 0.5350 0.0238 -0.8445
vn 0.3797 0.3679 -0.8488
vn 0.3446 0.3608 -0.8667
vn -0.2425 0.0137 -0.9700
vn -0.2623 0.0109 -0.9649
vn -0.2638 0.0107 -0.9645
vn -0.2634 0.5703 -0.7781
vn -0.7354 0.3776 0.5627
vn -0.5579 0.8299 0.0062
vn -0.7210 0.4590 0.5191
vn -0.7190 0.4862 0.4966
vn -0.7190 0.4863 0.4966
vn -0.6612 0.0243 0.7498
vn -0.7217 0.4324 0.5405
vn -0.7214 0.4564 0.5209
vn -0.7220 0.4296 0.5424
vn -0.3302 0.9376 0.1087
vn -0.2322 0.9724 0.0216
vn -0.3728 0.9225 0.0997
vn -0.2747 0.9615 0.0022
vn -0.4054 0.9087 0.0996
vn -0.3062 0.9519 -0.0075
vn -0.7572 0.0320 0.6524
vn -0.7845 0.0324 0.6192
vn -0.7848 0.0346 0.6188
vn -0.7381 0.0276 0.6742
vn -0.7372 0.0296 0.6750
vn -0.7570 0.0298 0.6528
vn -0.8156 0.0350 0.5776
vn -0.1858 0.9741 -0.1286
vn 0.1536 -0.9814 0.1148
vn 0.2050 -0.9639 0.1698
vn 0.1939 -0.9771 0.0872
vn -0.7281 -0.3097 -0.6115
vn -0.7356 -0.2816 -0.6161
vn -0.7363 -0.2790 -0.6165
vn -0.7269 0.1266 -0.6750
vn -0.5982 0.2041 -0.7750
vn -0.7752 0.0919 -0.6250
vn 0.0653 0.0021 -0.9979
vn 0.1364 0.0001 -0.9907
vn 0.0643 0.0021 -0.9979
vn 0.7791 -0.0002 0.6269
vn 0.7546 -0.0002 0.6562
vn 0.7544 -0.0002 0.6564
vn -0.0059 -1.0000 0.0073
vn 0.0062 -1.0000 -0.0069
vn 0.0062 -1.0000 -0.0071
vn 0.9079 -0.0055 0.4191
vn 0.9708 -0.0031 0.2398
vn 0.8938 -0.0004 0.4485
vn -0.5566 -0.0007 0.8308
vn -0.5405 -0.0009 0.8414
vn -0.5421 -0.0009 0.8403
vn -0.5681 0.6719 -0.4752
vn -0.5691 0.6704 -0.4761
vn -0.6286 -0.0006 0.7778
vn -0.6734 -0.0032 0.7393
vn -0.6309 -0.0005 0.7759
vn -0.9736 -0.0004 -0.2282
vn -0.9047 -0.0003 -0.4261
vn -0.9037 -0.0003 -0.4282
vn -0.9971 -0.0006 -0.0762
vn -0.9743 -0.0004 -0.2253
vn -0.7669 -0.0003 -0.6417
vn -0.9973 -0.0006 -0.0736
vn -0.9996 -0.0008 0.0292
vn -0.9995 -0.0008 0.0313
vn -0.9780 -0.0010 0.2084
vn -0.9931 -0.0008 0.1172
vn -0.9934 -0.0009 0.1148
vn -0.9462 -0.0010 0.3237
vn -0.9774 -0.0008 0.2114
vn -0.9449 -0.0007 0.3274
vn -0.8853 -0.0009 0.4650
vn -0.8833 -0.0006 0.4688
vn -0.6882 -0.0006 0.7255
vn -0.7917 -0.0005 0.6109
vn -0.7934 -0.0008 0.6087
vn -0.5857 -0.0005 0.8105
vn -0.5849 -0.0006 0.8111
vn -0.4949 -0.0005 0.8690
vn -0.4931 -0.0006 0.8700
vn 0.8120 -0.0020 -0.5836
vn 0.7693 0.0029 -0.6389
vn 0.8354 0.0047 -0.5496
vn -0.3914 -0.0006 0.9202
vn -0.4253 -0.0006 0.9050
vn -0.3910 -0.0007 0.9204
vn -0.3916 -0.0007 0.9201
vn -0.3914 -0.0007 0.9202
vn -0.4268 -0.0005 0.9043
vn -0.4242 -0.0008 0.9055
vn -0.4265 -0.0009 0.9045
vn 0.7669 0.0001 0.6418
vn -0.6024 -0.0005 0.7982
vn -0.5711 -0.0010 0.8209
vn -0.6297 -0.0007 0.7768
vn -0.6164 -0.0009 0.7875
vn 0.7101 -0.0008 -0.7041
vn 0.6396 -0.0001 -0.7687
vn -0.7726 0.1316 -0.6211
vn -0.8619 0.2071 -0.4629
vn -0.8861 0.2325 -0.4010
vn -0.9561 -0.0001 0.2930
vn -0.9745 0.0021 0.2242
vn -0.9748 0.0021 0.2231
vn -0.7303 -0.3097 -0.6089
vn -0.7362 -0.2816 -0.6154
vn -0.7302 -0.3102 -0.6088
vn 0.5899 -0.0033 -0.8075
vn 0.6375 -0.0005 -0.7704
vn -0.6312 -0.0007 0.7756
vn -0.5093 -0.0008 0.8606
vn -0.4745 -0.0009 0.8802
vn -0.4705 -0.0008 0.8824
vn -0.5355 -0.0009 0.8445
vn -0.5134 -0.0009 0.8581
vn -0.5383 -0.0009 0.8427
vn 0.1912 -0.9689 0.1568
vn 0.1401 -0.9814 0.1309
vn 0.7670 0.0001 0.6417
vn 0.8371 -0.0007 -0.5471
vn 0.8367 -0.0007 -0.5477
vn 0.8368 -0.0007 -0.5476
vn 0.5928 -0.0006 -0.8054
vn 0.6945 -0.0005 -0.7195
vn 0.6953 -0.0006 -0.7188
vn 0.0358 -0.0008 -0.9994
vn 0.1518 -0.0010 -0.9884
vn 0.0327 -0.0010 -0.9995
vn -0.3935 -0.0004 -0.9193
vn -0.2509 -0.0006 -0.9680
vn -0.3963 -0.0004 -0.9181
vn -0.0586 -0.9943 0.0891
vn -0.0057 -1.0000 0.0073
vn -0.8683 0.2041 -0.4521
vn -0.7926 0.1267 -0.5964
vn -0.7519 0.0919 -0.6528
vn -0.9707 0.0021 0.2402
vn -0.9210 0.0924 0.3784
vn -0.8760 0.1863 0.4449
vn 0.5990 -0.0004 0.8007
vn 0.5726 -0.0055 0.8198
vn 0.4073 -0.0031 0.9133
vn 0.3823 -0.0126 0.9239
vn 0.7329 -0.0009 -0.6803
vn 0.7196 -0.0007 -0.6944
vn 0.7316 -0.0009 -0.6818
vn -0.5679 0.6719 -0.4754
vn -0.5690 0.6704 -0.4762
vn 0.6089 -0.0032 -0.7932
vn 0.6547 -0.0006 -0.7559
vn 0.6524 -0.0005 -0.7578
vn -0.5790 -0.0003 -0.8153
vn -0.5808 -0.0003 -0.8140
vn -0.2483 -0.0006 -0.9687
vn -0.1476 -0.0008 -0.9891
vn -0.0597 -0.0008 -0.9982
vn -0.0621 -0.0009 -0.9981
vn 0.1557 -0.0007 -0.9878
vn 0.3016 -0.0009 -0.9534
vn -0.1455 -0.0008 -0.9894
vn 0.4617 -0.0005 -0.8870
vn 0.4592 -0.0008 -0.8883
vn 0.7681 -0.0005 -0.6404
vn 0.7694 -0.0006 -0.6387
vn 0.3057 -0.0006 -0.9521
vn -0.4932 0.0029 0.8699
vn -0.4313 -0.0020 0.9022
vn -0.3937 0.0047 0.9192
vn 0.8159 -0.0006 -0.5782
vn 0.8368 -0.0006 -0.5475
vn 0.8166 -0.0008 -0.5773
vn 0.8149 -0.0005 -0.5796
vn 0.2057 -0.9695 0.1336
vn 0.2695 -0.9437 0.1918
vn 0.2056 -0.9694 0.1339
vn 0.7074 -0.0010 -0.7069
vn 0.6794 -0.0005 -0.7337
vn 0.6664 -0.0009 -0.7456
vn 0.6536 -0.0007 -0.7568
vn -0.5678 -0.0008 0.8232
vn -0.6439 -0.0001 0.7651
vn -0.6908 -0.0033 0.7230
vn 0.0997 -0.9751 0.1982
vn -0.0222 -0.9974 0.0690
vn -0.6459 -0.0005 0.7634
vn -0.7476 0.1316 -0.6510
vn -0.6076 0.2071 -0.7667
vn -0.8030 0.0948 -0.5885
vn 0.0489 0.0021 -0.9988
vn 0.1198 -0.0001 -0.9928
vn 0.0477 0.0021 -0.9989
vn 0.6888 0.4809 -0.5424
vn 0.6522 -0.0007 -0.7581
vn 0.7828 -0.0009 -0.6223
vn 0.7573 -0.0008 -0.6531
vn 0.7856 -0.0008 -0.6187
vn 0.7346 -0.0009 -0.6785
vn 0.7369 -0.0009 -0.6760
vn 0.7542 -0.0009 -0.6567
vn 0.8151 -0.0009 -0.5793
vn -0.0333 -0.9993 -0.0160
vn -0.0253 -0.9996 -0.0141
vn -0.0335 -0.9993 -0.0157
vn -0.0229 -0.9997 -0.0099
vn -0.0230 -0.9997 -0.0098
vn 0.0095 -0.9999 0.0040
vn 0.0094 -0.9999 0.0041
vn 0.0622 -0.9976 0.0292
vn 0.0618 -0.9976 0.0297
vn 0.2363 -0.9437 0.2315
vn 0.1677 -0.9695 0.1790
vn 0.1681 -0.9694 0.1787
vn 0.0135 -0.9996 0.0247
vn 0.0114 -0.9998 0.0151
vn 0.0115 -0.9998 0.0149
vn 0.0041 -1.0000 0.0042
vn 0.0043 -1.0000 0.0041
vn -0.0090 -0.9999 -0.0065
vn -0.0091 -0.9999 -0.0064
vn -0.0250 -0.9996 -0.0145
vn 0.0009 -0.9995 0.0326
vn 0.0038 -0.9994 0.0347
vn 0.0044 -0.9994 0.0345
vn 0.0072 -0.9994 0.0345
vn 0.0078 -0.9994 0.0342
vn 0.0106 -0.9994 0.0316
vn 0.0113 -0.9995 0.0311
vn 0.0129 -0.9996 0.0253
vn -0.0049 -0.9999 0.0098
vn 0.0004 -1.0000 0.0003
vn -0.0044 -0.9999 0.0106
vn -0.0052 -0.9998 0.0199
vn -0.0043 -0.9998 0.0207
vn -0.0026 -0.9996 0.0274
vn -0.0017 -0.9996 0.0279
vn 0.0010 -0.9995 0.0328
vn 0.4447 -0.8678 0.2216
vn 0.5334 -0.8000 0.2749
vn 0.3861 -0.9175 0.0955
vn 0.3282 0.6231 0.7100
vn 0.0774 -0.9943 -0.0734
vn 0.0640 -0.9974 -0.0340
vn -0.0433 -0.9958 0.0813
vn -0.0665 -0.9899 0.1250
vn 0.2552 -0.9186 0.3019
vn 0.0832 -0.9767 0.1978
vn 0.3285 -0.9118 0.2463
vn 0.3400 -0.8998 0.2734
vn 0.2126 -0.9751 0.0632
vn 0.2094 -0.9767 0.0471
vn 0.3502 -0.8927 0.2835
vn 0.3518 -0.8917 0.2847
vn 0.3189 -0.8931 0.3172
vn 0.4515 -0.7711 0.4491
vn 0.5236 -0.7744 0.3552
vn 0.3302 0.5860 0.7400
vn 0.3033 -0.8672 0.3949
vn 0.4661 -0.7024 0.5380
vn 0.1165 -0.9912 0.0631
vn 0.1164 -0.9912 0.0628
vn 0.1596 -0.9826 0.0946
vn 0.1592 -0.9825 0.0962
vn 0.1877 -0.9750 0.1191
vn 0.1875 -0.9749 0.1202
vn -0.0216 -0.9993 -0.0299
vn -0.0184 -0.9996 -0.0224
vn -0.0186 -0.9996 -0.0221
vn -0.0138 -0.9997 -0.0208
vn -0.0214 -0.9993 -0.0302
vn 0.0056 -0.9999 0.0086
vn -0.0137 -0.9997 -0.0209
vn 0.0397 -0.9976 0.0561
vn 0.0057 -0.9999 0.0085
vn 0.3671 0.3665 -0.8549
vn 0.3311 0.3591 -0.8726
vn 0.0267 -0.9996 0.0090
vn 0.0168 -0.9998 0.0086
vn 0.0271 -0.9996 0.0083
vn 0.0048 -1.0000 0.0033
vn 0.0167 -0.9998 0.0087
vn -0.0080 -0.9999 -0.0077
vn 0.0048 -1.0000 0.0035
vn -0.0079 -0.9999 -0.0079
vn 0.0322 -0.9995 -0.0048
vn 0.0348 -0.9994 -0.0024
vn 0.0325 -0.9995 -0.0048
vn 0.0347 -0.9994 -0.0018
vn 0.0352 -0.9994 0.0010
vn 0.0350 -0.9994 0.0016
vn 0.0330 -0.9994 0.0048
vn 0.0326 -0.9995 0.0056
vn 0.0088 -0.9999 -0.0066
vn 0.0187 -0.9998 -0.0086
vn 0.0096 -0.9999 -0.0062
vn 0.0265 -0.9996 -0.0074
vn 0.0196 -0.9998 -0.0079
vn 0.0271 -0.9996 -0.0066
vn 0.2966 -0.8678 0.3986
vn 0.4526 -0.7089 0.5409
vn 0.4420 -0.7744 0.4528
vn 0.6691 0.5251 -0.5259
vn -0.0661 -0.9901 0.1240
vn -0.0431 -0.9958 0.0808
vn -0.2417 0.9497 -0.1992
vn 0.3422 -0.9186 0.1979
vn 0.3685 -0.8931 0.2580
vn 0.3004 -0.9118 0.2799
vn 0.2088 -0.9521 0.2235
vn 0.3290 -0.8998 0.2864
vn 0.3408 -0.8927 0.2947
vn 0.5216 -0.7711 0.3652
vn 0.4422 -0.8672 0.2290
vn 0.3422 -0.8917 0.2961
vn -0.9300 0.1597 -0.3310
vn 0.5345 -0.7950 0.2869
vn 0.3872 -0.9164 0.1012
vn 0.0827 -0.9912 0.1036
vn 0.0402 -0.9976 0.0556
vn 0.1213 -0.9826 0.1404
vn 0.0823 -0.9912 0.1035
vn 0.1227 -0.9825 0.1398
vn 0.1503 -0.9750 0.1638
vn 0.1514 -0.9749 0.1634
vn -0.0332 0.9987 0.0396
vn 0.0331 0.9987 -0.0397
vn 0.0982 -0.9918 0.0822
vn 0.0473 -0.9981 0.0396
vn 0.0026 -1.0000 0.0021
vn -0.0237 -0.9995 -0.0198
vn -0.0312 -0.9992 -0.0261
vn -0.0234 -0.9995 -0.0196
vn -0.0089 -0.9999 -0.0075
vn 0.0053 -1.0000 0.0044
vn 0.0177 -0.9997 0.0148
vn 0.0281 -0.9993 0.0236
vn 0.0282 -0.9993 0.0236
vn 0.0361 -0.9989 0.0302
vn 0.0415 -0.9985 0.0348
vn 0.0448 -0.9983 0.0375
vn 0.0461 -0.9982 0.0386
vn 0.0462 -0.9982 0.0387
vn 0.0469 -0.9981 0.0393
vn 0.0483 -0.9980 0.0404
vn 0.0492 -0.9979 0.0412
vn 0.2145 -0.9689 0.1238
vn 0.2561 -0.9526 0.1643
vn 0.2628 -0.9549 0.1379
vn 0.3214 -0.9223 0.2145
vn 0.3259 -0.9179 0.2266
vn 0.3576 -0.8935 0.2716
vn -0.1403 -0.4627 0.8753
vn 0.3322 0.7910 0.5138
vn 0.5312 0.7213 0.4446
vn 0.2032 -0.9639 0.1719
vn 0.1200 -0.9771 0.1754
vn 0.1597 -0.9689 0.1893
vn 0.2069 -0.9526 0.2232
vn 0.1821 -0.9549 0.2344
vn 0.2678 -0.9223 0.2785
vn 0.2805 -0.9179 0.2808
vn 0.3304 -0.8935 0.3041
vn 0.8369 -0.4627 -0.2925
vn 0.2521 -0.8821 0.3980
vn -0.8098 0.2886 0.5109
vn 0.6862 0.7140 0.1393
vn 0.0250 0.9684 0.2483
vn -0.7662 0.0436 -0.6411
vn -0.9492 -0.0147 -0.3142
vn -0.5459 -0.8322 0.0970
vn -0.5463 -0.8323 0.0945
vn 0.5257 0.7280 0.4399
vn -0.7603 0.1309 -0.6362
vn -0.4232 0.8339 -0.3542
vn 0.2084 -0.0447 0.9770
vn 0.7268 -0.3129 0.6114
vn 0.4649 0.7846 0.4102
vn -0.6539 -0.0005 0.7565
vn -0.4886 -0.1321 -0.8624
vn -0.9921 0.0385 -0.1193
vn 0.1311 0.9841 -0.1195
vn 0.7772 0.3657 -0.5121
vn 0.3637 0.2855 -0.8867
vn -0.0029 1.0000 0.0041
vn -0.6107 0.0859 0.7871
vn -0.9469 0.1409 0.2891
vn 0.7635 -0.0681 0.6422
vn -0.4767 -0.0147 -0.8790
vn 0.0421 0.8520 -0.5219
vn -0.0033 -0.8323 -0.5544
vn -0.0008 -0.8322 -0.5544
vn -0.4742 0.0014 -0.8804
vn 0.9985 -0.0447 0.0328
vn 0.7300 -0.3129 0.6076
vn 0.4142 0.8402 0.3500
vn 0.4857 0.7846 0.3853
vn 0.6294 -0.0005 -0.7771
vn -0.2673 -0.7664 -0.5841
vn -0.0945 0.9841 0.1501
vn -0.3833 -0.7586 0.5269
vn -0.3670 0.3657 0.8553
vn -0.6906 0.5277 0.4947
vn 0.6671 0.0859 -0.7400
vn 0.5729 0.7476 -0.3361
vn -0.2315 0.0035 -0.9728
vn 0.9816 0.0049 -0.1907
vn 0.1088 0.0170 -0.9939
vn 0.7302 0.0030 -0.6832
vn -0.7669 -0.0000 -0.6417
vn -0.6098 0.7370 -0.2914
vn -0.2975 0.1839 -0.9368
vn -0.2692 0.0106 -0.9630
vn 0.5334 0.6241 -0.5709
vn 0.1486 0.9749 -0.1659
vn 0.5128 0.0228 -0.8582
vn -0.9750 0.1853 -0.1227
vn 0.6867 0.0486 -0.7253
vn -0.7932 0.3586 0.4922
vn -0.9959 0.0107 -0.0896
vn -0.7430 0.0229 0.6689
vn -0.8014 0.3570 0.4800
vn -0.5928 0.0486 0.8039
vn -0.9954 0.0106 -0.0952
vn -0.4679 0.6241 0.6257
vn -0.4841 0.0097 -0.8749
vn -0.7543 0.0228 0.6561
vn 0.5274 0.0229 -0.8493
vn 0.3446 0.3586 -0.8676
vn -0.2410 0.0140 -0.9704
vn 0.1881 -0.9689 0.1606
vn -0.7280 -0.3102 -0.6114
vn -0.5503 0.2287 -0.8030
vn 0.1373 0.0001 -0.9905
vn 0.7789 -0.0002 0.6271
vn 0.9769 -0.0126 0.2134
vn -0.6921 -0.0045 0.7218
vn -0.6877 -0.0005 0.7260
vn -0.7208 0.0947 -0.6866
vn -0.9558 -0.0001 0.2940
vn -0.7367 -0.2790 -0.6160
vn 0.5657 -0.0047 -0.8246
vn 0.5934 -0.0005 -0.8049
vn -0.8874 0.2288 -0.4001
vn -0.9710 0.0021 0.2392
vn -0.5690 0.6704 -0.4763
vn 0.5885 -0.0045 -0.8085
vn 0.2568 -0.9521 0.1662
vn -0.7119 -0.0047 0.7023
vn -0.5510 0.2325 -0.8015
vn 0.1209 -0.0001 -0.9927
vn 0.3044 -0.9496 0.0753
vn -0.1413 -0.9537 0.2656
vn -0.1402 -0.9545 0.2630
vn 0.1958 -0.8844 0.4237
vn 0.3312 0.3570 -0.8734
vn 0.1896 -0.8851 0.4250
vn 0.3068 -0.9484 0.0802
vn 0.3747 -0.8961 0.2378
vn 0.3801 -0.8897 0.2527
vn 0.5915 -0.7192 0.3646
vn 0.3001 -0.8961 0.3269
vn 0.4928 0.5472 -0.6765
vn 0.7388 -0.2684 0.6181
vt 0.000000 0.000000
s 1
f 884/498/483 938/498/484 1142/498/485
f 871/498/486 718/498/487 527/498/488
f 532/498/489 889/498/490 723/498/491
f 847/498/492 618/498/493 883/498/494
f 873/498/495 775/498/496 559/498/497
f 705/498/498 796/498/499 1093/498/500
f 659/498/501 872/498/502 977/498/503
f 1098/498/504 768/498/505 802/498/506
f 782/498/507 869/498/508 566/498/509
f 533/498/510 1133/498/511 727/498/512
f 865/498/513 728/498/514 1132/498/515
f 807/498/516 1028/498/517 1202/498/518
f 829/498/519 682/498/520 492/498/521
f 919/498/522 1077/498/523 838/498/524
f 1105/498/525 552/498/526 807/498/516
f 740/498/527 978/498/528 853/498/529
f 1186/498/530 540/498/531 746/498/530
f 737/498/532 996/498/533 1200/498/534
f 950/498/535 975/498/536 651/498/537
f 677/498/538 1201/498/530 696/498/538
f 1066/498/539 801/498/540 1096/498/541
f 766/498/542 1094/498/543 797/498/544
f 1096/498/541 997/498/545 1066/498/539
f 994/498/546 820/498/547 581/498/546
f 492/498/521 1093/498/500 829/498/519
f 679/498/548 729/498/549 1073/498/550
f 865/498/513 657/498/551 980/498/552
f 1102/498/553 590/498/554 812/498/555
f 485/498/556 1073/498/557 734/498/558
f 901/498/559 1076/498/560 969/498/561
f 1067/498/562 803/498/563 1099/498/564
f 531/498/565 659/498/566 657/498/567
f 1166/498/568 680/498/569 1076/498/560
f 903/498/570 1080/498/571 971/498/572
f 722/498/573 607/498/574 891/498/575
f 1188/498/547 546/498/576 752/498/547
f 686/498/577 881/498/578 495/498/579
f 484/498/580 1134/498/581 729/498/582
f 1198/498/583 745/498/584 1065/498/583
f 836/498/585 605/498/586 892/498/587
f 1124/498/588 741/498/589 1062/498/590
f 700/498/591 1045/498/592 511/498/593
f 1268/498/594 705/498/498 1267/498/595
f 1098/498/504 506/498/596 709/498/597
f 537/498/598 1074/498/599 731/498/600
f 914/498/601 911/498/602 630/498/601
f 808/498/603 760/498/604 1104/498/605
f 1062/498/590 940/498/606 1124/498/588
f 1192/498/607 542/498/608 748/498/607
f 984/498/609 750/498/610 543/498/609
f 1191/498/611 543/498/609 749/498/611
f 985/498/584 751/498/583 544/498/584
f 1190/498/610 544/498/584 750/498/610
f 986/498/546 752/498/547 545/498/546
f 817/498/612 997/498/613 585/498/614
f 1081/498/615 831/498/616 1049/498/617
f 945/498/618 658/498/619 526/498/620
f 660/498/621 853/498/529 978/498/528
f 1048/498/622 707/498/623 505/498/624
f 527/498/625 1174/498/626 744/498/627
f 981/498/628 538/498/629 656/498/630
f 835/498/631 608/498/632 890/498/633
f 505/498/624 1233/498/634 1048/498/622
f 1053/498/635 694/498/636 1079/498/637
f 884/498/483 597/498/638 833/498/639
f 489/498/640 834/498/641 493/498/642
f 919/498/643 929/498/644 635/498/645
f 920/498/646 928/498/647 636/498/648
f 519/498/649 1173/498/650 947/498/651
f 917/498/652 894/498/653 1155/498/654
f 863/498/655 1122/498/656 940/498/657
f 754/498/531 1057/498/530 738/498/531
f 1055/498/547 995/498/658 1199/498/547
f 502/498/659 1129/498/530 683/498/538
f 665/498/660 1232/498/661 1011/498/662
f 568/498/663 1225/498/664 953/498/665
f 734/498/666 678/498/667 485/498/668
f 1121/498/583 862/498/546 1065/498/583
f 983/498/608 749/498/611 542/498/608
f 1059/498/669 854/498/670 1127/498/671
f 1134/498/581 483/498/672 725/498/673
f 1202/498/518 553/498/674 808/498/603
f 487/498/675 1102/498/553 681/498/676
f 988/498/677 769/498/678 547/498/679
f 568/498/663 1136/498/680 874/498/681
f 747/498/682 804/498/531 1193/498/682
f 524/498/683 1144/498/684 936/498/685
f 727/498/512 864/498/686 535/498/687
f 570/498/688 1141/498/689 876/498/690
f 1143/498/691 494/498/692 885/498/693
f 1006/498/694 1029/498/695 663/498/696
f 636/498/697 898/498/698 625/498/699
f 1157/498/700 625/498/701 898/498/702
f 500/498/703 1166/498/704 930/498/705
f 637/498/706 896/498/707 622/498/708
f 713/498/709 948/498/710 1173/498/650
f 820/498/547 987/498/711 1188/498/547
f 635/498/712 900/498/713 623/498/714
f 1071/498/715 709/498/597 708/498/716
f 1187/498/717 547/498/679 753/498/718
f 688/498/719 898/498/702 497/498/720
f 689/498/721 893/498/722 1151/498/723
f 909/498/724 915/498/725 1157/498/726
f 501/498/727 1164/498/728 687/498/729
f 1171/498/730 503/498/731 958/498/732
f 805/498/733 758/498/734 1106/498/735
f 806/498/736 759/498/737 1105/498/525
f 692/498/738 956/498/739 502/498/659
f 721/498/740 693/498/741 1171/498/742
f 958/498/732 684/498/743 1127/498/671
f 1116/498/744 591/498/745 841/498/746
f 554/498/747 1103/498/748 809/498/749
f 569/498/750 1135/498/751 875/498/752
f 683/498/538 1057/498/530 677/498/538
f 481/498/753 1169/498/754 692/498/738
f 639/498/755 1161/498/756 925/498/757
f 893/498/758 633/498/759 619/498/760
f 902/498/761 1081/498/615 772/498/762
f 921/498/763 1083/498/764 973/498/765
f 775/498/496 976/498/766 1182/498/767
f 1132/498/515 535/498/768 864/498/769
f 695/498/538 746/498/530 486/498/538
f 987/498/711 753/498/718 546/498/576
f 982/498/770 748/498/607 541/498/770
f 1104/498/605 554/498/747 809/498/749
f 490/498/538 1186/498/530 695/498/538
f 548/498/771 1101/498/772 810/498/773
f 1189/498/583 545/498/546 751/498/583
f 757/498/774 989/498/775 549/498/776
f 590/498/554 1072/498/777 768/498/778
f 577/498/531 1201/498/530 754/498/531
f 939/498/546 1055/498/547 862/498/546
f 879/498/779 1226/498/780 1137/498/781
f 1132/498/515 531/498/565 865/498/513
f 888/498/782 934/498/783 1146/498/784
f 512/498/785 1211/498/786 796/498/499
f 1217/498/787 510/498/788 701/498/789
f 851/498/531 1058/498/682 738/498/531
f 719/498/790 871/498/486 527/498/488
f 717/498/791 942/498/792 1168/498/793
f 515/498/794 1042/498/795 1022/498/796
f 702/498/797 1026/498/798 1229/498/799
f 673/498/800 1013/498/801 1044/498/802
f 719/498/803 945/498/618 526/498/620
f 507/498/804 1109/498/805 1041/498/806
f 592/498/807 1110/498/808 504/498/809
f 877/498/810 600/498/811 842/498/812
f 1110/498/808 771/498/813 488/498/814
f 511/498/815 1217/498/787 701/498/789
f 1017/498/816 699/498/817 1220/498/818
f 892/498/587 931/498/819 1150/498/820
f 564/498/821 1088/498/822 782/498/507
f 513/498/823 1211/498/824 698/498/825
f 912/498/826 900/498/827 624/498/828
f 619/498/760 926/498/829 894/498/830
f 605/498/586 1148/498/831 931/498/819
f 1151/498/723 619/498/832 917/498/652
f 613/498/833 1142/498/485 937/498/834
f 912/498/835 908/498/836 631/498/835
f 711/498/837 944/498/838 1170/498/839
f 610/498/840 1145/498/841 934/498/783
f 886/498/842 936/498/685 1144/498/684
f 885/498/693 937/498/834 1143/498/691
f 903/498/843 926/498/829 1162/498/844
f 1150/498/820 604/498/845 892/498/587
f 612/498/846 1141/498/689 936/498/685
f 970/498/847 1054/498/848 557/498/849
f 876/498/690 883/498/494 618/498/493
f 714/498/850 949/498/851 1175/498/852
f 634/498/853 1165/498/854 902/498/855
f 560/498/856 1004/498/857 998/498/858
f 725/498/673 730/498/859 1134/498/581
f 883/498/494 603/498/860 847/498/492
f 790/498/861 1210/498/862 1222/498/863
f 1133/498/511 532/498/489 864/498/864
f 495/498/865 725/498/673 483/498/672
f 838/498/524 1050/498/866 831/498/616
f 882/498/867 593/498/868 837/498/869
f 594/498/870 1049/498/871 831/498/872
f 837/498/869 556/498/873 1049/498/871
f 1077/498/523 528/498/874 1050/498/866
f 595/498/875 1050/498/876 528/498/877
f 528/498/877 835/498/631 595/498/875
f 674/498/878 1014/498/879 1039/498/880
f 1083/498/881 555/498/882 1051/498/883
f 837/498/869 604/498/845 882/498/867
f 596/498/884 1051/498/885 555/498/886
f 1009/498/887 1001/498/888 664/498/889
f 567/498/890 1109/498/805 1048/498/622
f 664/498/889 1052/498/891 1012/498/892
f 867/498/893 779/498/894 1087/498/895
f 779/498/894 1001/498/888 565/498/896
f 563/498/897 1052/498/891 779/498/894
f 726/498/898 1012/498/892 1052/498/891
f 1209/498/899 662/498/900 726/498/898
f 597/498/638 1053/498/635 557/498/901
f 684/498/743 1059/498/669 1127/498/671
f 1133/498/511 530/498/902 722/498/573
f 1136/498/680 617/498/903 878/498/904
f 774/498/905 615/498/906 560/498/856
f 891/498/575 532/498/489 722/498/573
f 593/498/868 1054/498/907 556/498/873
f 833/498/639 557/498/901 1054/498/907
f 1074/498/908 535/498/909 761/498/910
f 1075/498/911 535/498/909 728/498/912
f 974/498/913 866/498/914 558/498/915
f 558/498/916 1086/498/917 778/498/918
f 778/498/918 867/498/919 562/498/920
f 859/498/921 1090/498/922 793/498/923
f 1066/498/924 584/498/925 762/498/926
f 566/498/509 1233/498/927 783/498/928
f 1131/498/547 735/498/929 1055/498/547
f 780/498/930 868/498/931 564/498/821
f 849/498/932 1056/498/933 735/498/929
f 1058/498/682 990/498/770 1194/498/682
f 1011/498/662 1205/498/934 1008/498/935
f 852/498/770 1060/498/607 739/498/770
f 1200/498/534 735/498/929 1056/498/933
f 856/498/609 1063/498/610 743/498/609
f 992/498/609 1061/498/611 743/498/609
f 1060/498/607 991/498/608 1195/498/607
f 1199/498/547 862/498/546 1055/498/547
f 1205/498/934 1232/498/661 1224/498/934
f 1194/498/682 738/498/531 1058/498/682
f 1128/498/682 739/498/770 1058/498/682
f 738/498/531 1129/498/530 851/498/531
f 913/498/936 905/498/937 1155/498/938
f 1152/498/939 627/498/936 913/498/936
f 732/498/940 761/498/941 1075/498/911
f 1117/498/942 795/498/943 1091/498/944
f 656/498/630 770/498/945 979/498/946
f 767/498/947 734/498/558 1073/498/557
f 1059/498/948 537/498/949 741/498/950
f 1065/498/583 994/498/546 1198/498/583
f 1153/498/951 632/498/952 908/498/836
f 1195/498/607 739/498/770 1060/498/607
f 855/498/608 1061/498/611 742/498/608
f 776/498/953 1120/498/954 858/498/955
f 1125/498/611 743/498/609 1061/498/611
f 499/498/956 1157/498/726 688/498/956
f 1196/498/611 742/498/608 1061/498/611
f 1063/498/610 993/498/584 1197/498/610
f 1126/498/607 742/498/608 1060/498/607
f 498/498/957 1151/498/958 904/498/959
f 731/498/600 761/498/941 539/498/960
f 853/498/529 1064/498/961 740/498/527
f 538/498/629 1075/498/911 770/498/945
f 731/498/962 741/498/950 537/498/949
f 1062/498/963 539/498/964 863/498/965
f 1123/498/610 745/498/584 1063/498/610
f 1197/498/610 743/498/609 1063/498/610
f 1107/498/966 550/498/967 805/498/733
f 1106/498/735 551/498/968 806/498/736
f 843/498/969 616/498/970 878/498/971
f 539/498/964 1064/498/972 863/498/965
f 732/498/973 740/498/974 1064/498/972
f 850/498/975 1089/498/976 737/498/532
f 1193/498/682 541/498/770 747/498/682
f 755/498/977 810/498/773 1102/498/553
f 754/498/531 825/498/682 577/498/531
f 1099/498/564 762/498/978 1067/498/562
f 1095/498/979 765/498/980 1069/498/981
f 1034/498/982 764/498/983 587/498/984
f 799/498/985 1068/498/986 764/498/987
f 814/498/988 765/498/989 588/498/990
f 588/498/990 1208/498/991 1034/498/982
f 1072/498/992 802/498/506 768/498/505
f 1067/498/993 586/498/994 763/498/995
f 812/498/555 768/498/778 1071/498/996
f 1069/498/981 797/498/544 1095/498/979
f 1100/498/997 763/498/998 1068/498/986
f 587/498/984 1068/498/999 815/498/1000
f 798/498/1001 1208/498/1002 765/498/980
f 733/498/1003 1070/498/1004 996/498/533
f 1207/498/1005 764/498/987 1208/498/1002
f 1161/498/1006 972/498/1007 1083/498/764
f 696/498/538 818/498/530 490/498/538
f 1072/498/992 800/498/1008 1097/498/1009
f 655/498/1010 770/498/945 534/498/1011
f 989/498/775 756/498/1012 549/498/776
f 1160/498/1013 772/498/762 1082/498/1014
f 1002/498/1015 799/498/985 1207/498/1005
f 1164/498/1016 970/498/847 1079/498/637
f 767/498/1017 727/498/1018 1074/498/908
f 828/498/1019 771/498/813 1110/498/808
f 1076/498/1020 828/498/1019 969/498/1021
f 920/498/1022 1082/498/1014 970/498/847
f 978/498/528 975/498/536 660/498/621
f 1165/498/1023 838/498/524 1081/498/615
f 1163/498/1024 973/498/765 1077/498/523
f 1112/498/1025 971/498/1026 826/498/1027
f 1112/498/1025 972/498/1028 1078/498/1029
f 1162/498/1030 969/498/561 1080/498/571
f 1159/498/1031 971/498/572 1078/498/1032
f 834/498/641 613/498/833 885/498/693
f 1111/498/1033 969/498/1021 828/498/1019
f 1080/498/1034 826/498/1027 971/498/1026
f 922/498/1035 1078/498/1032 972/498/1007
f 1082/498/1014 556/498/1036 1054/498/848
f 772/498/762 1049/498/617 556/498/1036
f 655/498/1037 1084/498/1038 974/498/1039
f 880/498/1040 657/498/567 659/498/566
f 774/498/1041 980/498/552 657/498/551
f 1084/498/1042 560/498/1043 866/498/1044
f 562/498/920 1087/498/1045 780/498/930
f 880/498/1046 977/498/503 1138/498/1047
f 786/498/1048 953/498/665 1181/498/1049
f 1227/498/1050 1033/498/1051 999/498/1052
f 1085/498/1053 561/498/1054 1002/498/1015
f 1002/498/1015 1011/498/662 1085/498/1053
f 1037/498/1055 1039/498/880 1014/498/879
f 895/498/1056 639/498/755 621/498/1057
f 560/498/856 1209/498/899 777/498/1058
f 777/498/1058 866/498/1059 560/498/1060
f 1086/498/1061 563/498/897 867/498/893
f 729/498/582 730/498/859 533/498/510
f 974/498/1062 979/498/946 655/498/1010
f 781/498/1063 827/498/1064 567/498/890
f 1108/498/1065 565/498/896 1001/498/888
f 706/498/1066 783/498/928 1233/498/927
f 869/498/1067 1048/498/622 1233/498/634
f 781/498/1063 868/498/1068 565/498/896
f 1088/498/1069 567/498/890 869/498/1067
f 860/498/1070 1091/498/944 794/498/1071
f 574/498/1072 1095/498/979 797/498/544
f 791/498/1073 798/498/1001 1095/498/979
f 857/498/584 1065/498/583 745/498/584
f 733/498/1003 793/498/923 575/498/1074
f 1089/498/976 536/498/1075 737/498/532
f 795/498/943 1031/498/1076 573/498/1077
f 793/498/923 1119/498/1078 859/498/921
f 574/498/1072 1090/498/922 794/498/1071
f 1203/498/1079 785/498/1080 1029/498/695
f 792/498/1081 793/498/923 1090/498/922
f 1231/498/1082 571/498/1083 1046/498/1084
f 1118/498/1085 794/498/1071 1090/498/922
f 573/498/1077 1091/498/944 795/498/943
f 791/498/1073 794/498/1071 1091/498/944
f 598/498/1086 1114/498/1087 839/498/1088
f 1183/498/1089 981/498/1090 1185/498/1091
f 1027/498/1092 667/498/1093 1032/498/1094
f 703/498/1095 1043/498/1096 1213/498/1097
f 724/498/1098 788/498/1099 1092/498/1100
f 1092/498/1100 598/498/1086 1033/498/1051
f 703/498/1101 1220/498/1102 699/498/1101
f 572/498/1103 1211/498/786 1015/498/1104
f 682/498/520 592/498/807 504/498/809
f 1093/498/500 572/498/1103 1047/498/1105
f 829/498/519 1047/498/1105 592/498/807
f 607/498/1106 1139/498/1107 932/498/1108
f 573/498/1077 1207/498/1005 798/498/1001
f 923/498/1109 620/498/1110 638/498/1111
f 788/498/1099 843/498/969 1114/498/1087
f 1010/498/1112 999/498/1052 662/498/900
f 562/498/920 1096/498/541 801/498/540
f 780/498/930 800/498/1008 1096/498/541
f 782/498/507 800/498/1008 564/498/821
f 1097/498/1009 566/498/509 802/498/506
f 783/498/928 802/498/506 566/498/509
f 558/498/916 1099/498/564 803/498/563
f 778/498/918 801/498/540 1099/498/564
f 1184/498/1113 558/498/915 784/498/1114
f 561/498/1054 1100/498/997 799/498/985
f 784/498/1115 803/498/563 1100/498/997
f 766/498/542 813/498/1116 1070/498/1004
f 585/498/614 1101/498/772 989/498/775
f 810/498/773 811/498/1117 590/498/554
f 814/498/988 809/498/749 589/498/1118
f 816/498/1119 806/498/736 586/498/994
f 583/498/1120 1103/498/748 988/498/677
f 589/498/1118 1103/498/748 813/498/1116
f 1034/498/982 808/498/603 588/498/990
f 491/498/1121 1071/498/996 708/498/1122
f 588/498/990 1104/498/605 814/498/988
f 587/498/984 1202/498/518 1034/498/982
f 807/498/516 815/498/1000 1105/498/525
f 586/498/994 1105/498/525 815/498/1000
f 1069/498/981 589/498/1118 766/498/542
f 817/498/612 805/498/733 584/498/925
f 584/498/925 1106/498/735 816/498/1119
f 1107/498/966 585/498/614 989/498/775
f 1206/498/1123 664/498/889 1030/498/1124
f 819/498/1125 988/498/677 1187/498/717
f 583/498/1120 1200/498/534 996/498/533
f 997/498/613 811/498/1117 585/498/614
f 581/498/546 1188/498/547 986/498/546
f 1199/498/547 582/498/1126 820/498/547
f 821/498/583 986/498/546 1189/498/583
f 763/498/995 815/498/1000 1068/498/999
f 580/498/584 1189/498/583 985/498/584
f 822/498/610 985/498/584 1190/498/610
f 1197/498/610 580/498/584 822/498/610
f 579/498/609 1190/498/610 984/498/609
f 823/498/611 984/498/609 1191/498/611
f 1196/498/611 579/498/609 823/498/611
f 578/498/608 1191/498/611 983/498/608
f 824/498/607 983/498/608 1192/498/607
f 1195/498/607 578/498/608 824/498/607
f 576/498/770 1192/498/607 982/498/770
f 827/498/1064 1041/498/806 1109/498/805
f 601/498/1127 887/498/1128 610/498/840
f 995/498/658 819/498/1125 582/498/1126
f 666/498/1129 1108/498/1065 1009/498/887
f 493/498/1130 885/498/693 494/498/692
f 830/498/1131 1046/498/1084 591/498/745
f 718/498/1132 946/498/1133 1174/498/626
f 830/498/1131 828/498/1019 592/498/807
f 591/498/745 1111/498/1033 830/498/1131
f 892/498/587 594/498/870 836/498/585
f 845/498/1134 612/498/846 886/498/842
f 846/498/1135 608/498/632 596/498/884
f 832/498/1136 848/498/1137 596/498/884
f 890/498/633 595/498/875 835/498/631
f 1087/498/895 565/498/896 868/498/1068
f 967/498/1138 860/498/1070 1118/498/1085
f 832/498/1136 555/498/886 1112/498/1139
f 603/498/860 1116/498/744 847/498/492
f 841/498/746 847/498/492 1116/498/744
f 600/498/811 1113/498/1140 842/498/812
f 841/498/746 1046/498/1084 1113/498/1140
f 840/498/1141 1046/498/1084 571/498/1083
f 1113/498/1140 599/498/1142 842/498/812
f 878/498/971 599/498/1142 843/498/969
f 1033/498/1051 839/498/1088 1222/498/863
f 1004/498/857 661/498/1143 998/498/858
f 534/498/1144 980/498/552 655/498/1037
f 1115/498/1145 602/498/1146 844/498/1147
f 844/498/1147 611/498/1148 887/498/1128
f 833/498/639 614/498/1149 884/498/483
f 571/498/1083 1114/498/1087 840/498/1141
f 826/498/1027 832/498/1136 1112/498/1139
f 654/498/1150 1224/498/934 861/498/1151
f 848/498/1137 845/498/1134 1115/498/1145
f 842/498/812 617/498/903 877/498/810
f 1115/498/1145 601/498/1127 846/498/1135
f 609/498/1152 723/498/491 889/498/490
f 1115/498/1145 596/498/884 848/498/1137
f 886/498/842 602/498/1146 845/498/1134
f 888/498/782 601/498/1127 610/498/840
f 1221/498/1153 669/498/1154 1037/498/1155
f 777/498/1058 726/498/898 563/498/897
f 881/498/1156 530/498/902 725/498/673
f 653/498/1157 1117/498/942 860/498/1070
f 861/498/1151 968/498/1158 654/498/1150
f 652/498/1159 1118/498/1085 859/498/921
f 999/498/1052 1222/498/863 1210/498/862
f 643/498/1160 1119/498/1078 850/498/975
f 962/498/1161 857/498/584 1123/498/610
f 668/498/1162 1120/498/954 1008/498/935
f 858/498/955 965/498/1163 651/498/537
f 1032/498/1094 724/498/1098 1027/498/1092
f 650/498/1164 1121/498/583 857/498/584
f 939/498/546 964/498/1165 640/498/1166
f 1124/498/588 641/498/1167 961/498/1168
f 1008/498/935 1085/498/1053 1011/498/662
f 646/498/1169 1122/498/656 853/498/529
f 940/498/657 963/498/1170 641/498/1171
f 959/498/1172 855/498/608 1126/498/607
f 649/498/1173 1123/498/610 856/498/609
f 1127/498/671 647/498/1174 958/498/732
f 943/498/1175 957/498/1176 644/498/1177
f 854/498/670 961/498/1168 647/498/1174
f 648/498/1178 1125/498/611 855/498/608
f 645/498/1179 1126/498/607 852/498/770
f 644/498/1177 1128/498/682 851/498/531
f 861/498/1151 1232/498/661 795/498/943
f 642/498/1180 1130/498/1181 849/498/932
f 957/498/1176 852/498/770 1128/498/682
f 1031/498/1076 1002/498/1015 1207/498/1005
f 1215/498/1182 672/498/1183 1024/498/1184
f 1079/498/637 557/498/849 1053/498/635
f 1185/498/1185 561/498/1054 776/498/1186
f 1035/498/1187 1015/498/1104 1221/498/1188
f 646/498/1169 976/498/1189 945/498/1190
f 770/498/945 728/498/912 534/498/1011
f 831/498/872 836/498/585 594/498/870
f 520/498/1191 1150/498/820 931/498/819
f 1135/498/751 618/498/493 877/498/810
f 875/498/752 877/498/810 617/498/903
f 875/498/752 786/498/1048 569/498/750
f 1137/498/781 616/498/1192 879/498/779
f 874/498/681 878/498/904 616/498/1192
f 932/498/1108 721/498/1193 525/498/1194
f 873/498/495 1004/498/1195 615/498/1196
f 870/498/1197 713/498/709 519/498/649
f 858/498/955 1185/498/1091 776/498/953
f 711/498/837 937/498/834 1142/498/485
f 1138/498/1047 615/498/1196 880/498/1046
f 519/498/649 1140/498/1198 870/498/1197
f 518/498/1199 1142/498/485 938/498/484
f 787/498/1200 876/498/690 1135/498/751
f 870/498/1197 882/498/867 604/498/845
f 521/498/1201 1148/498/831 933/498/1202
f 712/498/1203 938/498/484 1140/498/1198
f 523/498/1204 1145/498/841 935/498/1205
f 527/498/625 1176/498/1206 719/498/803
f 717/498/791 935/498/1205 1144/498/684
f 522/498/1207 1146/498/784 934/498/783
f 934/498/783 716/498/1208 522/498/1207
f 525/498/1194 1149/498/1209 932/498/1108
f 1000/498/1210 1007/498/1211 1204/498/1212
f 715/498/1213 933/498/1202 1146/498/784
f 658/498/619 1138/498/1047 977/498/503
f 714/498/850 931/498/819 1148/498/831
f 977/498/503 526/498/620 658/498/619
f 608/498/632 1146/498/784 933/498/1202
f 526/498/620 1147/498/1214 719/498/790
f 691/498/1215 710/498/1216 481/498/753
f 720/498/1217 936/498/685 1141/498/689
f 872/498/502 889/498/1218 1147/498/1214
f 606/498/1219 1147/498/1214 889/498/1218
f 890/498/633 933/498/1202 1148/498/831
f 611/498/1148 1144/498/684 935/498/1205
f 891/498/1220 932/498/1108 1149/498/1209
f 624/498/1221 929/498/1222 634/498/1223
f 569/498/750 1181/498/1049 952/498/1224
f 914/498/1225 896/498/1226 623/498/1227
f 496/498/1228 930/498/705 893/498/758
f 1158/498/1229 623/498/1227 900/498/827
f 497/498/1230 928/498/1231 501/498/1232
f 897/498/1233 634/498/1223 924/498/1234
f 623/498/714 927/498/1235 635/498/712
f 1152/498/1236 621/498/1237 918/498/1238
f 894/498/830 638/498/1111 620/498/1110
f 1154/498/1239 622/498/1240 916/498/1240
f 925/498/757 621/498/1057 639/498/755
f 1153/498/1241 624/498/828 897/498/1242
f 631/498/835 1158/498/602 912/498/835
f 916/498/1243 910/498/1244 1154/498/1244
f 626/498/1245 1155/498/938 905/498/937
f 918/498/1238 899/498/1246 1154/498/1239
f 915/498/1247 897/498/1242 625/498/701
f 625/498/699 924/498/1234 636/498/697
f 899/498/1248 637/498/706 622/498/708
f 917/498/1249 904/498/959 1151/498/958
f 630/498/601 1156/498/1250 914/498/601
f 918/498/1251 906/498/1252 1152/498/939
f 628/498/1253 1154/498/1244 910/498/1244
f 916/498/1243 907/498/1250 629/498/1243
f 922/498/1254 923/498/1109 1159/498/1255
f 638/498/1111 1159/498/1255 923/498/1109
f 636/498/648 1160/498/1256 920/498/646
f 902/498/855 924/498/1257 634/498/853
f 901/498/1258 930/498/705 1166/498/704
f 921/498/1259 925/498/757 1161/498/756
f 633/498/759 1162/498/844 926/498/829
f 635/498/645 1163/498/1260 919/498/643
f 921/498/1259 927/498/1235 637/498/706
f 1155/498/654 620/498/1261 913/498/1262
f 1156/498/1263 622/498/1240 896/498/1226
f 913/498/1262 895/498/1264 1152/498/1236
f 715/498/1213 736/498/1265 1177/498/1266
f 520/498/1191 1175/498/852 948/498/710
f 716/498/1208 941/498/1267 1167/498/1268
f 521/498/1201 1177/498/1266 949/498/851
f 951/498/1269 967/498/1138 652/498/1159
f 522/498/1207 1167/498/1268 736/498/1265
f 523/498/1204 1168/498/793 941/498/1267
f 712/498/1203 947/498/651 1172/498/1270
f 720/498/1217 951/498/1271 1179/498/1272
f 1149/498/1209 606/498/1219 891/498/1220
f 941/498/1273 955/498/1274 642/498/1180
f 517/498/1275 1170/498/839 943/498/1175
f 1176/498/1276 641/498/1171 963/498/1170
f 1171/498/742 525/498/1277 721/498/740
f 1218/498/1278 1040/498/1279 1216/498/1280
f 524/498/683 1179/498/1272 942/498/792
f 518/498/1199 1172/498/1270 944/498/838
f 787/498/1200 952/498/1224 1180/498/1281
f 663/498/696 1226/498/780 1007/498/1211
f 570/498/688 1180/498/1281 951/498/1271
f 1167/498/1282 642/498/1180 954/498/1283
f 736/498/1284 954/498/1283 640/498/1166
f 1168/498/1285 643/498/1160 955/498/1274
f 944/498/838 959/498/1172 645/498/1179
f 1169/498/754 644/498/1177 956/498/739
f 559/498/497 1182/498/767 950/498/1286
f 1170/498/839 645/498/1179 957/498/1176
f 956/498/739 851/498/531 1129/498/530
f 945/498/1190 963/498/1170 646/498/1169
f 948/498/710 962/498/1161 649/498/1173
f 946/498/1287 958/498/732 647/498/1174
f 1174/498/1288 647/498/1174 961/498/1168
f 864/498/769 723/498/491 1132/498/515
f 949/498/1289 964/498/1165 650/498/1164
f 1172/498/1270 648/498/1178 959/498/1172
f 1173/498/650 649/498/1173 960/498/1290
f 710/498/1216 943/498/1175 1169/498/754
f 744/498/1291 961/498/1168 641/498/1167
f 1131/498/547 640/498/1166 954/498/1283
f 1175/498/1292 650/498/1164 962/498/1161
f 651/498/537 1183/498/1089 858/498/955
f 960/498/1290 856/498/609 1125/498/611
f 1177/498/1293 640/498/1166 964/498/1165
f 952/498/1294 968/498/1158 653/498/1157
f 663/498/696 1178/498/1295 1006/498/694
f 950/498/1286 1000/498/1210 559/498/497
f 1178/498/1296 651/498/537 965/498/1163
f 1179/498/1297 652/498/1159 966/498/1298
f 1180/498/1299 653/498/1157 967/498/1138
f 966/498/1298 859/498/921 1119/498/1078
f 942/498/1300 966/498/1298 643/498/1160
f 1181/498/1301 654/498/1150 968/498/1158
f 1079/498/637 687/498/1302 1164/498/1016
f 660/498/621 1182/498/1303 976/498/1189
f 953/498/1304 1036/498/1305 654/498/1150
f 1219/498/1306 1040/498/1279 1025/498/1307
f 517/498/1275 1143/498/691 937/498/834
f 954/498/1283 849/498/932 1131/498/547
f 614/498/1149 1140/498/1198 938/498/484
f 887/498/1128 935/498/1205 1145/498/841
f 792/498/1081 797/498/544 1094/498/543
f 947/498/651 960/498/1290 648/498/1178
f 981/498/628 773/498/1308 1185/498/1309
f 773/498/1308 784/498/1114 561/498/1310
f 656/498/630 1184/498/1311 773/498/1312
f 616/498/970 724/498/1098 879/498/1313
f 1193/498/682 577/498/531 825/498/682
f 804/498/531 818/498/530 577/498/531
f 583/498/1120 1070/498/1004 813/498/1116
f 825/498/682 982/498/770 1193/498/682
f 973/498/1314 1051/498/883 528/498/874
f 582/498/1126 1187/498/717 987/498/711
f 1010/498/1112 998/498/858 661/498/1143
f 990/498/770 824/498/607 576/498/770
f 991/498/608 823/498/611 578/498/608
f 992/498/609 822/498/610 579/498/609
f 993/498/584 821/498/583 580/498/584
f 1198/498/583 581/498/546 821/498/583
f 1130/498/1181 737/498/532 1056/498/933
f 1194/498/682 576/498/770 825/498/682
f 762/498/926 816/498/1119 1067/498/993
f 874/498/681 785/498/1080 568/498/663
f 559/498/497 1204/498/1212 873/498/495
f 668/498/1162 1203/498/1315 1006/498/1316
f 1032/498/1317 1007/498/1211 1226/498/780
f 1219/498/1306 671/498/1318 1038/498/1319
f 667/498/1320 1204/498/1212 1007/498/1211
f 1008/498/935 1005/498/1321 668/498/1162
f 1223/498/1322 1030/498/1124 790/498/861
f 1205/498/934 1036/498/1305 1005/498/1321
f 666/498/1129 1212/498/1323 1016/498/1324
f 1003/498/1325 1221/498/1188 1212/498/1323
f 1027/498/1092 1092/498/1100 1227/498/1050
f 1003/498/1325 1009/498/887 1206/498/1123
f 1213/498/1326 1038/498/1327 1220/498/1328
f 1227/498/1050 661/498/1143 1027/498/1092
f 1016/498/1329 1042/498/1330 1230/498/1331
f 662/498/900 1210/498/862 1012/498/892
f 1013/498/1332 1015/498/1333 1211/498/1334
f 1206/498/1123 1035/498/1187 1003/498/1325
f 1212/498/1335 670/498/1336 1016/498/1329
f 514/498/1337 1214/498/1338 700/498/591
f 1216/498/1280 1021/498/1339 1218/498/1278
f 1221/498/1153 1014/498/1340 1212/498/1335
f 1018/498/1341 1043/498/1342 672/498/1343
f 515/498/794 1228/498/1344 697/498/1345
f 1017/498/1346 1038/498/1327 671/498/1347
f 1017/498/1346 1019/498/1348 1214/498/1349
f 1214/498/1349 675/498/1350 1045/498/1351
f 676/498/1352 1229/498/1353 1026/498/1354
f 1038/498/1319 1215/498/1182 1219/498/1306
f 1024/498/1184 1040/498/1279 1215/498/1182
f 676/498/1352 1228/498/1355 1020/498/1356
f 1020/498/1356 1022/498/1357 674/498/1358
f 1025/498/1307 1023/498/1359 675/498/1360
f 1020/498/1361 1040/498/1279 676/498/1362
f 1216/498/1280 674/498/878 1039/498/880
f 675/498/1350 1217/498/1363 1045/498/1351
f 1024/498/1364 1043/498/1342 1229/498/1353
f 1023/498/1365 1044/498/802 1217/498/1363
f 673/498/1366 1218/498/1278 1021/498/1339
f 1005/498/1321 1225/498/1367 1203/498/1315
f 1041/498/806 704/498/1368 507/498/804
f 571/498/1083 1222/498/863 839/498/1088
f 843/498/969 840/498/1141 1114/498/1087
f 1047/498/1105 789/498/1369 1231/498/1082
f 789/498/1369 790/498/1370 571/498/1083
f 572/498/1103 1223/498/1322 789/498/1369
f 575/498/1074 1094/498/543 733/498/1003
f 482/498/1371 1139/498/1107 686/498/577
f 1029/498/695 1137/498/781 1226/498/780
f 1022/498/1357 670/498/1336 674/498/1358
f 1021/498/1339 669/498/1372 673/498/1366
f 1229/498/799 509/498/1373 702/498/797
f 1026/498/1374 697/498/1345 1228/498/1344
f 1025/498/1307 1019/498/1375 1219/498/1306
f 1044/498/1376 513/498/1377 510/498/788
f 592/498/807 1231/498/1082 830/498/1131
f 533/498/1378 1073/498/550 729/498/549
f 1230/498/1379 508/498/1380 704/498/1381
f 666/498/1129 1230/498/1382 1041/498/806
f 771/498/813 680/498/1383 488/498/814
f 681/498/676 812/498/555 491/498/1121
f 1012/498/892 1030/498/1124 664/498/889
f 965/498/1163 1006/498/1316 1178/498/1296
f 955/498/1274 850/498/975 1130/498/1181
f 758/498/1384 1247/498/1384 551/498/1384
f 552/498/1384 1266/498/1384 1028/498/1384
f 551/498/1384 1263/498/1384 759/498/1384
f 759/498/1384 1248/498/1384 552/498/1384
f 1028/498/1384 1249/498/1384 553/498/1384
f 746/498/1384 1236/498/1384 1251/498/1384
f 553/498/1384 1264/498/1384 760/498/1384
f 486/498/1384 1251/498/1384 1234/498/1384
f 760/498/1384 1250/498/1384 554/498/1384
f 747/498/1384 1237/498/1384 1252/498/1384
f 540/498/1384 1252/498/1384 1236/498/1384
f 748/498/1384 1238/498/1384 1253/498/1384
f 541/498/1384 1253/498/1384 1237/498/1384
f 749/498/1384 1239/498/1384 1254/498/1384
f 542/498/1384 1254/498/1384 1238/498/1384
f 750/498/1384 1240/498/1384 1255/498/1384
f 543/498/1384 1255/498/1384 1239/498/1384
f 751/498/1384 1241/498/1384 1256/498/1384
f 544/498/1384 1256/498/1384 1240/498/1384
f 752/498/1384 1242/498/1384 1257/498/1384
f 545/498/1384 1257/498/1384 1241/498/1384
f 753/498/1384 1243/498/1384 1258/498/1384
f 546/498/1384 1258/498/1384 1242/498/1384
f 554/498/1384 1265/498/1384 769/498/1384
f 487/498/1384 1259/498/1384 755/498/1384
f 755/498/1384 1244/498/1384 548/498/1384
f 769/498/1384 1243/498/1384 547/498/1384
f 548/498/1384 1260/498/1384 756/498/1384
f 756/498/1384 1245/498/1384 549/498/1384
f 549/498/1384 1261/498/1384 757/498/1384
f 757/498/1384 1246/498/1384 550/498/1384
f 550/498/1384 1262/498/1384 758/498/1384
f 512/498/785 1268/498/594 698/498/1385
f 705/498/498 492/498/521 1267/498/595
f 1658/498/1386 1604/498/1387 1861/498/1388
f 1438/498/1389 1591/498/1390 1280/498/1391
f 1285/498/1392 1609/498/1393 1359/498/1394
f 1371/498/1395 1567/498/1396 1603/498/1397
f 1495/498/1398 1593/498/1399 1312/498/1400
f 1429/498/1401 1516/498/1402 1269/498/1403
f 1412/498/1404 1592/498/1405 1362/498/1406
f 1488/498/1407 1818/498/1408 1522/498/1409
f 1589/498/1410 1502/498/1411 1319/498/1412
f 1852/498/1413 1286/498/1414 1447/498/1415
f 1448/498/1416 1585/498/1417 1851/498/1418
f 1527/498/1419 1748/498/1420 1305/498/1421
f 1549/498/1422 492/498/521 682/498/520
f 1639/498/1423 1797/498/1424 1882/498/1425
f 1305/498/1421 1825/498/1426 1527/498/1419
f 1460/498/1427 1698/498/1428 1701/498/1429
f 1905/498/1430 1293/498/1431 1524/498/1431
f 1919/498/1432 1289/498/1433 1457/498/1434
f 1695/498/1435 1670/498/1436 1404/498/1437
f 1920/498/1430 677/498/538 696/498/538
f 1521/498/1438 1786/498/1439 1816/498/1440
f 1486/498/1441 1814/498/1442 1790/498/1443
f 1717/498/1444 1816/498/1440 1786/498/1439
f 1540/498/1445 1714/498/1446 1334/498/1446
f 1813/498/1447 492/498/521 1549/498/1422
f 679/498/548 1449/498/1448 484/498/1449
f 1410/498/1450 1585/498/1417 1700/498/1451
f 1343/498/1452 1822/498/1453 1532/498/1454
f 485/498/556 1793/498/1455 679/498/1456
f 1621/498/1457 1796/498/1458 1885/498/1459
f 1787/498/1460 1523/498/1461 1483/498/1462
f 1284/498/1463 1412/498/1464 1362/498/1465
f 680/498/569 1885/498/1459 1796/498/1458
f 1623/498/1466 1800/498/1467 1881/498/1468
f 1360/498/1469 1442/498/1470 1611/498/1471
f 1907/498/1445 1299/498/1472 1707/498/1472
f 1601/498/1473 686/498/577 495/498/579
f 484/498/580 1853/498/1474 685/498/1475
f 1465/498/1476 1917/498/1477 1785/498/1477
f 1358/498/1478 1556/498/1479 1612/498/1480
f 1843/498/1481 1461/498/1482 1574/498/1483
f 700/498/591 1765/498/1484 1933/498/1485
f 1268/498/594 1429/498/1401 1269/498/1403
f 1818/498/1408 506/498/596 1503/498/1486
f 1794/498/1487 1290/498/1488 1451/498/1489
f 1631/498/1490 1634/498/1491 1383/498/1492
f 1528/498/1493 1480/498/1494 1306/498/1495
f 1660/498/1496 1782/498/1497 1843/498/1481
f 1911/498/1498 1295/498/1499 1703/498/1499
f 1470/498/1500 1704/498/1501 1296/498/1501
f 1910/498/1502 1296/498/1501 1704/498/1501
f 1471/498/1477 1705/498/1476 1297/498/1476
f 1909/498/1500 1297/498/1476 1705/498/1476
f 1472/498/1445 1706/498/1446 1298/498/1446
f 1537/498/1503 1717/498/1504 1786/498/1505
f 1801/498/1506 1551/498/1507 1558/498/1508
f 1411/498/1509 1665/498/1510 1279/498/1511
f 1413/498/1512 1573/498/1513 1399/498/1514
f 1768/498/1515 707/498/623 1829/498/1516
f 1280/498/1517 1893/498/1518 1438/498/1519
f 1291/498/1520 1701/498/1521 1409/498/1522
f 1361/498/1523 1555/498/1524 1610/498/1525
f 505/498/624 1952/498/1526 706/498/1527
f 694/498/636 1773/498/1528 1799/498/1529
f 1604/498/1387 1350/498/1530 1366/498/1531
f 1554/498/1532 489/498/640 493/498/642
f 1649/498/1533 1639/498/1534 1388/498/1535
f 1648/498/1536 1640/498/1537 1389/498/1538
f 1272/498/1539 1892/498/1540 1433/498/1541
f 1614/498/1542 1637/498/1543 1874/498/1544
f 1841/498/1545 1583/498/1546 1660/498/1547
f 1777/498/1430 1474/498/1431 1458/498/1431
f 1775/498/1445 1715/498/1548 1455/498/1549
f 1848/498/1430 502/498/659 683/498/538
f 1321/498/1550 1944/498/1551 1505/498/1552
f 1454/498/1553 678/498/667 1779/498/1554
f 1582/498/1446 1840/498/1477 1785/498/1477
f 1469/498/1502 1703/498/1499 1295/498/1499
f 1779/498/1555 1574/498/1483 1461/498/1482
f 1853/498/1474 483/498/672 685/498/1475
f 1921/498/1556 1306/498/1495 1748/498/1420
f 1822/498/1453 487/498/675 681/498/676
f 1489/498/1557 1708/498/1558 1300/498/1559
f 1321/498/1550 1855/498/1560 1506/498/1561
f 1467/498/1562 1524/498/1431 1293/498/1431
f 1863/498/1563 1277/498/1564 1656/498/1565
f 1584/498/1566 1447/498/1415 1288/498/1567
f 1860/498/1568 1323/498/1569 1596/498/1570
f 1862/498/1571 494/498/692 691/498/1215
f 1749/498/1572 1726/498/1573 1416/498/1574
f 1389/498/1575 1618/498/1576 1648/498/1577
f 1876/498/1578 1378/498/1579 1635/498/1580
f 500/498/703 1885/498/1581 690/498/1582
f 1390/498/1583 1616/498/1584 1647/498/1585
f 1433/498/1541 1668/498/1586 1273/498/1587
f 1540/498/1445 1707/498/1472 1335/498/1588
f 1388/498/1589 1620/498/1590 1649/498/1591
f 1791/498/1592 709/498/597 1818/498/1408
f 1906/498/1593 1300/498/1559 1708/498/1558
f 1618/498/1594 688/498/719 497/498/720
f 1613/498/1595 689/498/721 1870/498/1596
f 1635/498/1597 1629/498/1598 1876/498/1599
f 1883/498/1600 501/498/727 687/498/729
f 503/498/731 1890/498/1601 1678/498/1602
f 1525/498/1603 1478/498/1604 1303/498/1605
f 1526/498/1606 1479/498/1607 1304/498/1608
f 1676/498/1609 692/498/738 502/498/659
f 693/498/741 1441/498/1610 1890/498/1611
f 684/498/743 1678/498/1602 1846/498/1612
f 1835/498/1613 1344/498/1614 1552/498/1615
f 1823/498/1616 1307/498/1617 1529/498/1618
f 1854/498/1619 1322/498/1620 1595/498/1621
f 1777/498/1430 683/498/538 677/498/538
f 1888/498/1622 481/498/753 692/498/738
f 1392/498/1623 1880/498/1624 1642/498/1625
f 1386/498/1626 1613/498/1627 1372/498/1628
f 1622/498/1629 1801/498/1506 1884/498/1630
f 1803/498/1631 1641/498/1632 1693/498/1633
f 1495/498/1398 1696/498/1634 1411/498/1509
f 1851/498/1418 1288/498/1635 1448/498/1416
f 1466/498/1430 695/498/538 486/498/538
f 1473/498/1636 1707/498/1472 1299/498/1472
f 1468/498/1498 1702/498/1637 1294/498/1637
f 1824/498/1638 1307/498/1617 1480/498/1494
f 1905/498/1430 490/498/538 695/498/538
f 1821/498/1639 1301/498/1640 1530/498/1641
f 1908/498/1477 1298/498/1446 1706/498/1446
f 1477/498/1642 1709/498/1643 1827/498/1644
f 1792/498/1645 1343/498/1452 1488/498/1646
f 1330/498/1431 1920/498/1430 1538/498/1430
f 1775/498/1445 1659/498/1446 1582/498/1446
f 1945/498/1647 1599/498/1648 1856/498/1649
f 1284/498/1463 1851/498/1418 1585/498/1417
f 1654/498/1650 1608/498/1651 1865/498/1652
f 1930/498/1653 1269/498/1403 1516/498/1402
f 510/498/788 1936/498/1654 701/498/789
f 1778/498/1562 1571/498/1431 1458/498/1431
f 1591/498/1390 1439/498/1655 1280/498/1391
f 1437/498/1656 1662/498/1657 1277/498/1564
f 1762/498/1658 515/498/794 1742/498/1659
f 702/498/797 1746/498/1660 516/498/1661
f 1733/498/1662 1425/498/1663 1764/498/1664
f 1665/498/1510 1439/498/1665 1279/498/1511
f 1829/498/1516 507/498/804 1761/498/1666
f 1345/498/1667 1110/498/808 1548/498/1668
f 1597/498/1669 1353/498/1670 1371/498/1395
f 1110/498/808 488/498/814 1491/498/1671
f 1936/498/1654 511/498/815 701/498/789
f 1737/498/1672 699/498/817 514/498/1337
f 1651/498/1673 1612/498/1480 1869/498/1674
f 1317/498/1675 1808/498/1676 1588/498/1677
f 1930/498/1678 513/498/823 698/498/825
f 1632/498/1679 1620/498/1680 1877/498/1681
f 1646/498/1682 1372/498/1628 1614/498/1683
f 1358/498/1478 1867/498/1684 1610/498/1525
f 1372/498/1685 1870/498/1596 1637/498/1543
f 1366/498/1531 1861/498/1388 1604/498/1387
f 1628/498/1686 1632/498/1687 1384/498/1687
f 1431/498/1688 1664/498/1689 1271/498/1690
f 1363/498/1691 1864/498/1692 1607/498/1693
f 1656/498/1565 1606/498/1694 1863/498/1563
f 1657/498/1695 1605/498/1696 1862/498/1571
f 1623/498/1697 1646/498/1682 1391/498/1698
f 1357/498/1699 1869/498/1674 1612/498/1480
f 1365/498/1700 1860/498/1568 1603/498/1397
f 1690/498/1701 1774/498/1702 1802/498/1703
f 1603/498/1397 1596/498/1570 1371/498/1395
f 1434/498/1704 1669/498/1705 1274/498/1706
f 1884/498/1707 1387/498/1708 1622/498/1709
f 1313/498/1710 1724/498/1711 1368/498/1712
f 1445/498/1713 1450/498/1714 1283/498/1715
f 1356/498/860 1603/498/1397 1567/498/1396
f 1510/498/1716 1929/498/1717 1750/498/1718
f 1285/498/1392 1852/498/1413 1584/498/1719
f 1445/498/1713 495/498/865 483/498/672
f 1558/498/1508 1770/498/1720 1797/498/1424
f 1346/498/1721 1602/498/1722 1557/498/1723
f 1769/498/1724 1347/498/1725 1551/498/1726
f 1557/498/1723 1309/498/1727 1346/498/1721
f 1797/498/1424 1281/498/1728 1693/498/1729
f 1770/498/1730 1348/498/1731 1281/498/1732
f 1555/498/1524 1281/498/1732 1348/498/1731
f 1734/498/1733 1426/498/1734 1759/498/1735
f 1803/498/1736 1308/498/1737 1692/498/1738
f 1357/498/1699 1557/498/1723 1602/498/1722
f 1349/498/1739 1771/498/1740 1555/498/1524
f 1729/498/1741 1721/498/1742 1828/498/1743
f 1320/498/1744 1829/498/1516 1547/498/1745
f 1417/498/1746 1772/498/1747 1721/498/1742
f 1499/498/1748 1587/498/1749 1807/498/1750
f 1721/498/1742 1499/498/1748 1318/498/1751
f 1316/498/1752 1772/498/1747 1446/498/1753
f 1732/498/1754 1446/498/1753 1772/498/1747
f 1928/498/1755 1415/498/1756 1730/498/1757
f 1350/498/1530 1773/498/1528 1554/498/1532
f 684/498/743 1779/498/1555 678/498/1758
f 1852/498/1413 1283/498/1715 1450/498/1714
f 1370/498/1759 1855/498/1560 1598/498/1760
f 1494/498/1761 1368/498/1712 1600/498/1762
f 1285/498/1392 1611/498/1471 1442/498/1470
f 1346/498/1721 1774/498/1763 1553/498/1764
f 1553/498/1764 1310/498/1765 1350/498/1530
f 1288/498/1766 1794/498/1767 1481/498/1768
f 1795/498/1769 1288/498/1766 1481/498/1768
f 1694/498/1770 1586/498/1771 1804/498/1772
f 1311/498/1773 1806/498/1774 1586/498/1775
f 1498/498/1776 1587/498/1777 1806/498/1774
f 1810/498/1778 1579/498/1779 1513/498/1780
f 1786/498/1505 1337/498/1781 1537/498/1503
f 1319/498/1412 1952/498/1782 1589/498/1410
f 1850/498/1445 1455/498/1549 1569/498/1783
f 1500/498/1784 1588/498/1677 1807/498/1785
f 1776/498/1786 1569/498/1783 1455/498/1549
f 1778/498/1562 1710/498/1637 1459/498/1637
f 1731/498/1787 1924/498/1788 1951/498/1789
f 1780/498/1498 1572/498/1637 1459/498/1637
f 1455/498/1549 1919/498/1432 1776/498/1786
f 1783/498/1500 1576/498/1501 1463/498/1501
f 1781/498/1502 1712/498/1501 1463/498/1501
f 1780/498/1498 1711/498/1499 1462/498/1499
f 1582/498/1446 1918/498/1445 1775/498/1445
f 1924/498/1788 1943/498/1790 1951/498/1789
f 1458/498/1431 1913/498/1562 1778/498/1562
f 1459/498/1637 1847/498/1562 1778/498/1562
f 1458/498/1431 1848/498/1430 1777/498/1430
f 1633/498/1791 1625/498/1792 1380/498/1791
f 1871/498/1793 1380/498/1791 1626/498/1793
f 1452/498/1794 1481/498/1795 1292/498/1796
f 1515/498/1797 1836/498/1798 1811/498/1799
f 1409/498/1522 1490/498/1800 1291/498/1520
f 1454/498/1801 1487/498/1802 1793/498/1455
f 1779/498/1554 1290/498/1803 1454/498/1553
f 1785/498/1477 1714/498/1446 1582/498/1446
f 1872/498/1804 1385/498/1805 1635/498/1597
f 1459/498/1637 1914/498/1498 1780/498/1498
f 1781/498/1502 1575/498/1499 1462/498/1499
f 1496/498/1806 1839/498/1807 1805/498/1808
f 1463/498/1501 1844/498/1502 1781/498/1502
f 1876/498/1599 499/498/956 688/498/956
f 1462/498/1499 1915/498/1502 1781/498/1502
f 1783/498/1500 1713/498/1476 1465/498/1476
f 1845/498/1498 1462/498/1499 1575/498/1499
f 498/498/957 1870/498/1809 689/498/957
f 1481/498/1795 1451/498/1489 1292/498/1796
f 1784/498/1810 1573/498/1513 1460/498/1427
f 1291/498/1520 1795/498/1769 1452/498/1794
f 1461/498/1811 1451/498/1812 1290/498/1803
f 1782/498/1813 1292/498/1814 1451/498/1812
f 1465/498/1476 1842/498/1500 1783/498/1500
f 1463/498/1501 1916/498/1500 1783/498/1500
f 1827/498/1644 1303/498/1605 1477/498/1642
f 1826/498/1815 1304/498/1608 1478/498/1604
f 1369/498/1816 1563/498/1817 1598/498/1818
f 1292/498/1814 1784/498/1819 1452/498/1820
f 1460/498/1821 1452/498/1820 1784/498/1819
f 1809/498/1822 1570/498/1823 1457/498/1434
f 1294/498/1637 1912/498/1562 1467/498/1562
f 1530/498/1641 1475/498/1824 1822/498/1453
f 1545/498/1562 1474/498/1431 1330/498/1431
f 1482/498/1825 1819/498/1826 1787/498/1460
f 1815/498/1827 1485/498/1828 1518/498/1829
f 1484/498/1830 1754/498/1831 1340/498/1832
f 1519/498/1833 1788/498/1834 1820/498/1835
f 1485/498/1836 1534/498/1837 1341/498/1838
f 1341/498/1838 1927/498/1839 1485/498/1836
f 1792/498/1840 1522/498/1409 1817/498/1841
f 1787/498/1842 1339/498/1843 1536/498/1844
f 1488/498/1646 1532/498/1454 1791/498/1845
f 1517/498/1846 1789/498/1847 1815/498/1827
f 1483/498/1462 1820/498/1835 1788/498/1834
f 1788/498/1848 1340/498/1832 1535/498/1849
f 1927/498/1850 1518/498/1829 1485/498/1828
f 1716/498/1851 1814/498/1442 1453/498/1852
f 1484/498/1853 1926/498/1854 1927/498/1850
f 1692/498/1855 1880/498/1856 1803/498/1631
f 1538/498/1430 696/498/538 490/498/538
f 1520/498/1857 1792/498/1840 1817/498/1841
f 1408/498/1858 1490/498/1800 1699/498/1859
f 1709/498/1643 1476/498/1860 1821/498/1639
f 1879/498/1861 1492/498/1862 1622/498/1629
f 1519/498/1833 1722/498/1863 1926/498/1854
f 1883/498/1864 1690/498/1701 1640/498/1865
f 1447/498/1866 1487/498/1867 1794/498/1767
f 1548/498/1668 1110/498/808 1491/498/1671
f 1796/498/1868 1548/498/1668 1491/498/1671
f 1640/498/1865 1802/498/1703 1879/498/1861
f 1698/498/1428 1695/498/1435 1902/498/1869
f 1884/498/1630 1558/498/1508 1639/498/1423
f 1693/498/1633 1882/498/1425 1797/498/1424
f 1691/498/1870 1831/498/1871 1546/498/1872
f 1692/498/1738 1831/498/1871 1798/498/1873
f 1881/498/1468 1689/498/1874 1621/498/1457
f 1878/498/1875 1691/498/1876 1623/498/1466
f 1366/498/1531 1554/498/1532 1605/498/1696
f 1689/498/1877 1830/498/1878 1548/498/1668
f 1800/498/1879 1546/498/1872 1830/498/1878
f 1642/498/1880 1798/498/1881 1878/498/1875
f 1802/498/1703 1309/498/1882 1492/498/1862
f 1769/498/1883 1492/498/1862 1309/498/1882
f 1804/498/1884 1408/498/1885 1694/498/1886
f 1410/498/1887 1600/498/1762 1412/498/1464
f 1700/498/1451 1494/498/1888 1410/498/1450
f 1804/498/1889 1313/498/1890 1494/498/1891
f 1315/498/1892 1807/498/1785 1587/498/1777
f 1697/498/1893 1600/498/1894 1857/498/1895
f 1506/498/1561 1673/498/1896 1321/498/1550
f 1946/498/1897 1753/498/1898 1812/498/1899
f 1805/498/1808 1314/498/1900 1496/498/1901
f 1757/498/1902 1759/498/1735 1741/498/1903
f 1392/498/1623 1615/498/1904 1374/498/1905
f 1928/498/1755 1313/498/1710 1497/498/1906
f 1586/498/1907 1497/498/1906 1313/498/1908
f 1806/498/1909 1316/498/1752 1497/498/1906
f 1450/498/1714 1449/498/1910 1286/498/1414
f 1699/498/1859 1694/498/1911 1408/498/1858
f 1547/498/1745 1501/498/1912 1320/498/1744
f 1828/498/1743 1318/498/1751 1501/498/1912
f 1503/498/1486 706/498/1066 1952/498/1782
f 1589/498/1913 1768/498/1515 1320/498/1744
f 1588/498/1914 1501/498/1912 1318/498/1751
f 1808/498/1915 1320/498/1744 1501/498/1912
f 1811/498/1799 1580/498/1916 1514/498/1917
f 1327/498/1918 1815/498/1827 1511/498/1919
f 1518/498/1829 1511/498/1919 1815/498/1827
f 1785/498/1477 1577/498/1476 1465/498/1476
f 1513/498/1780 1453/498/1852 1328/498/1920
f 1809/498/1822 1289/498/1433 1453/498/1852
f 1751/498/1921 1515/498/1797 1326/498/1922
f 1513/498/1780 1838/498/1923 1809/498/1822
f 1327/498/1918 1810/498/1778 1512/498/1924
f 1505/498/1552 1922/498/1925 1749/498/1572
f 1513/498/1780 1512/498/1924 1810/498/1778
f 1324/498/1926 1950/498/1927 1766/498/1928
f 1514/498/1917 1837/498/1929 1810/498/1778
f 1326/498/1922 1811/498/1799 1511/498/1919
f 1514/498/1917 1511/498/1919 1811/498/1799
f 1351/498/1930 1833/498/1931 1508/498/1932
f 1902/498/1869 1701/498/1429 1698/498/1428
f 1419/498/1933 1747/498/1934 1752/498/1935
f 1763/498/1936 703/498/1095 1932/498/1937
f 1508/498/1932 1444/498/1938 1812/498/1899
f 1812/498/1899 1351/498/1930 1508/498/1932
f 1939/498/1939 703/498/1101 699/498/1101
f 1325/498/1940 1930/498/1653 1516/498/1402
f 682/498/520 1345/498/1667 1549/498/1422
f 1813/498/1447 1325/498/1940 1516/498/1402
f 1767/498/1941 1549/498/1422 1345/498/1667
f 1360/498/1942 1858/498/1943 1601/498/1473
f 1926/498/1854 1326/498/1922 1518/498/1829
f 1643/498/1944 1373/498/1945 1615/498/1904
f 1563/498/1817 1508/498/1932 1833/498/1931
f 1730/498/1757 1719/498/1946 1946/498/1897
f 1315/498/1892 1816/498/1440 1500/498/1784
f 1520/498/1857 1500/498/1784 1816/498/1440
f 1520/498/1857 1502/498/1411 1317/498/1675
f 1817/498/1841 1319/498/1412 1502/498/1411
f 1522/498/1409 1503/498/1486 1319/498/1412
f 1311/498/1773 1819/498/1826 1498/498/1776
f 1498/498/1776 1521/498/1438 1315/498/1892
f 1903/498/1947 1311/498/1948 1694/498/1770
f 1314/498/1900 1820/498/1835 1504/498/1949
f 1504/498/1949 1523/498/1461 1311/498/1773
f 1486/498/1441 1533/498/1950 1342/498/1951
f 1338/498/1952 1821/498/1639 1531/498/1953
f 1531/498/1953 1530/498/1641 1343/498/1452
f 1534/498/1837 1529/498/1618 1824/498/1638
f 1536/498/1844 1526/498/1606 1826/498/1815
f 1336/498/1954 1823/498/1616 1533/498/1950
f 1342/498/1951 1823/498/1616 1529/498/1618
f 1754/498/1831 1528/498/1493 1921/498/1556
f 491/498/1121 1791/498/1845 1532/498/1454
f 1341/498/1838 1824/498/1638 1528/498/1493
f 1340/498/1832 1921/498/1556 1527/498/1419
f 1535/498/1849 1527/498/1419 1825/498/1426
f 1339/498/1843 1825/498/1426 1526/498/1606
f 1789/498/1847 1342/498/1951 1534/498/1837
f 1537/498/1503 1525/498/1603 1827/498/1644
f 1337/498/1781 1826/498/1815 1525/498/1603
f 1827/498/1644 1338/498/1952 1537/498/1503
f 1925/498/1955 1417/498/1746 1729/498/1741
f 1539/498/1956 1708/498/1558 1336/498/1954
f 1919/498/1432 1336/498/1954 1716/498/1851
f 1531/498/1953 1717/498/1504 1338/498/1952
f 1334/498/1446 1907/498/1445 1540/498/1445
f 1335/498/1588 1918/498/1445 1540/498/1445
f 1541/498/1477 1706/498/1446 1334/498/1446
f 1483/498/1957 1535/498/1849 1339/498/1843
f 1333/498/1476 1908/498/1477 1541/498/1477
f 1542/498/1500 1705/498/1476 1333/498/1476
f 1333/498/1476 1916/498/1500 1542/498/1500
f 1332/498/1501 1909/498/1500 1542/498/1500
f 1543/498/1502 1704/498/1501 1332/498/1501
f 1332/498/1501 1915/498/1502 1543/498/1502
f 1331/498/1499 1910/498/1502 1543/498/1502
f 1544/498/1498 1703/498/1499 1331/498/1499
f 1331/498/1499 1914/498/1498 1544/498/1498
f 1329/498/1637 1911/498/1498 1544/498/1498
f 1547/498/1745 1761/498/1666 1418/498/1958
f 1607/498/1693 1354/498/1959 1363/498/1691
f 1539/498/1956 1715/498/1548 1335/498/1588
f 1418/498/1958 1828/498/1743 1547/498/1745
f 1605/498/1696 493/498/1130 494/498/692
f 1766/498/1928 1550/498/1960 1344/498/1614
f 1438/498/1519 1666/498/1961 1278/498/1962
f 1550/498/1960 1548/498/1668 1830/498/1878
f 1344/498/1614 1830/498/1878 1546/498/1872
f 1347/498/1725 1612/498/1480 1556/498/1479
f 1365/498/1700 1565/498/1963 1606/498/1694
f 1566/498/1964 1361/498/1523 1608/498/1651
f 1568/498/1965 1552/498/1615 1349/498/1739
f 1348/498/1731 1610/498/1525 1555/498/1524
f 1318/498/1751 1807/498/1750 1588/498/1914
f 1580/498/1916 1687/498/1966 1837/498/1929
f 1552/498/1615 1308/498/1967 1349/498/1739
f 1835/498/1613 1356/498/860 1567/498/1396
f 1561/498/1968 1567/498/1396 1353/498/1670
f 1353/498/1670 1832/498/1969 1561/498/1968
f 1561/498/1968 1766/498/1928 1344/498/1614
f 1766/498/1928 1560/498/1970 1324/498/1926
f 1832/498/1969 1352/498/1971 1560/498/1970
f 1598/498/1818 1352/498/1971 1370/498/1759
f 1559/498/1972 1753/498/1898 1941/498/1973
f 1414/498/1974 1724/498/1711 1718/498/1975
f 1287/498/1976 1700/498/1451 1585/498/1417
f 1834/498/1977 1355/498/1978 1565/498/1963
f 1364/498/1979 1564/498/1980 1607/498/1693
f 1367/498/1981 1553/498/1764 1604/498/1387
f 1324/498/1926 1833/498/1931 1559/498/1972
f 1552/498/1615 1546/498/1872 1831/498/1982
f 1943/498/1790 1407/498/1983 1581/498/1984
f 1565/498/1963 1568/498/1965 1834/498/1977
f 1370/498/1759 1562/498/1985 1597/498/1669
f 1354/498/1959 1834/498/1977 1566/498/1964
f 1443/498/1986 1362/498/1465 1609/498/1393
f 1834/498/1977 1349/498/1739 1566/498/1964
f 1606/498/1694 1355/498/1978 1364/498/1979
f 1608/498/1651 1354/498/1959 1566/498/1964
f 1421/498/1987 1940/498/1988 1757/498/1989
f 1497/498/1906 1446/498/1753 1928/498/1755
f 1283/498/1715 1601/498/1990 1445/498/1713
f 1836/498/1798 1406/498/1991 1580/498/1916
f 1688/498/1992 1581/498/1984 1407/498/1983
f 1837/498/1929 1405/498/1993 1579/498/1779
f 1941/498/1973 1719/498/1946 1929/498/1717
f 1838/498/1923 1396/498/1994 1570/498/1823
f 1577/498/1476 1682/498/1995 1842/498/1500
f 1420/498/1996 1839/498/1807 1685/498/1997
f 1685/498/1997 1578/498/1998 1404/498/1437
f 1752/498/1935 1444/498/1938 1599/498/1999
f 1840/498/1477 1403/498/2000 1577/498/1476
f 1684/498/2001 1659/498/1446 1393/498/2002
f 1394/498/2003 1843/498/1481 1681/498/2004
f 1728/498/2005 1805/498/1808 1839/498/1807
f 1841/498/1545 1399/498/1514 1573/498/1513
f 1683/498/2006 1660/498/1547 1394/498/2007
f 1575/498/1499 1679/498/2008 1845/498/1498
f 1842/498/1500 1402/498/2009 1576/498/1501
f 1846/498/1612 1400/498/2010 1574/498/1483
f 1677/498/2011 1663/498/2012 1397/498/2013
f 1681/498/2004 1574/498/1483 1400/498/2010
f 1844/498/1502 1401/498/2014 1575/498/1499
f 1845/498/1498 1398/498/2015 1572/498/1637
f 1847/498/1562 1397/498/2013 1571/498/1431
f 1951/498/1789 1581/498/1984 1515/498/1797
f 1849/498/2016 1395/498/2017 1569/498/1783
f 1572/498/1637 1677/498/2011 1847/498/1562
f 1751/498/1921 1926/498/1854 1722/498/1863
f 1424/498/2018 1934/498/2019 1744/498/2020
f 1799/498/1529 1310/498/2021 1690/498/1701
f 1314/498/1900 1904/498/2022 1496/498/1901
f 1735/498/2023 1755/498/2024 1940/498/2025
f 1696/498/2026 1399/498/1514 1665/498/2027
f 1490/498/1800 1448/498/2028 1795/498/1769
f 1556/498/1479 1551/498/1726 1347/498/1725
f 1869/498/1674 1273/498/1587 1651/498/1673
f 1854/498/1619 1371/498/1395 1596/498/1570
f 1597/498/1669 1595/498/1621 1370/498/1759
f 1506/498/1561 1595/498/1621 1322/498/1620
f 1369/498/2029 1856/498/1649 1599/498/1648
f 1598/498/1760 1594/498/2030 1369/498/2029
f 1441/498/2031 1652/498/2032 1278/498/2033
f 1724/498/2034 1593/498/1399 1368/498/2035
f 1433/498/1541 1590/498/2036 1272/498/1539
f 1904/498/2037 1578/498/1998 1496/498/1806
f 1431/498/1688 1657/498/1695 1270/498/2038
f 1857/498/1895 1368/498/2035 1593/498/1399
f 1272/498/1539 1859/498/2039 1432/498/2040
f 1861/498/1388 1271/498/1690 1658/498/1386
f 1507/498/2041 1596/498/1570 1323/498/1569
f 1602/498/1722 1590/498/2036 1357/498/1699
f 1867/498/1684 1274/498/1706 1653/498/2042
f 1432/498/2040 1658/498/1386 1271/498/1690
f 1864/498/1692 1276/498/2043 1655/498/2044
f 1895/498/2045 1280/498/1517 1439/498/1665
f 1437/498/1656 1655/498/2044 1276/498/2043
f 1865/498/1652 1275/498/2046 1654/498/1650
f 1436/498/2047 1654/498/1650 1275/498/2046
f 1868/498/2048 1278/498/2033 1652/498/2032
f 1727/498/2049 1720/498/2050 1923/498/2051
f 1435/498/2052 1653/498/2042 1274/498/1706
f 1411/498/1509 1857/498/1895 1495/498/1398
f 1434/498/1704 1651/498/1673 1273/498/1587
f 1279/498/1511 1697/498/1893 1411/498/1509
f 1361/498/1523 1865/498/1652 1608/498/1651
f 1279/498/1511 1866/498/2053 1592/498/1405
f 1430/498/2054 691/498/1215 481/498/753
f 1440/498/2055 1656/498/1565 1277/498/1564
f 1609/498/2056 1592/498/1405 1866/498/2053
f 1359/498/2057 1866/498/2053 1591/498/1390
f 1653/498/2042 1610/498/1525 1867/498/1684
f 1364/498/1979 1863/498/1563 1606/498/1694
f 1652/498/2032 1611/498/2058 1868/498/2048
f 1377/498/2059 1649/498/1591 1620/498/1590
f 1322/498/1620 1900/498/2060 1506/498/1561
f 1634/498/2061 1616/498/2062 1875/498/2063
f 496/498/1228 1650/498/2064 500/498/703
f 1877/498/1681 1376/498/2065 1634/498/2061
f 1648/498/1577 497/498/1230 501/498/1232
f 1387/498/2066 1617/498/2067 1644/498/2068
f 1376/498/2069 1647/498/1585 1616/498/1584
f 1374/498/2070 1871/498/2071 1638/498/2072
f 1391/498/1698 1614/498/1683 1373/498/1945
f 1375/498/2073 1873/498/2074 1636/498/2073
f 1374/498/1905 1645/498/2075 1392/498/1623
f 1872/498/2076 1377/498/2077 1632/498/1679
f 1877/498/2078 1384/498/1687 1632/498/1687
f 1630/498/2079 1636/498/2080 1873/498/2079
f 1379/498/2081 1874/498/2082 1637/498/2083
f 1619/498/2084 1638/498/2072 1873/498/2074
f 1635/498/1580 1617/498/2085 1872/498/2076
f 1378/498/2086 1644/498/2068 1617/498/2067
f 1390/498/1583 1619/498/2087 1375/498/2088
f 1624/498/2089 1637/498/2083 1870/498/1809
f 1383/498/1492 1875/498/2090 1627/498/2090
f 1626/498/1793 1638/498/2091 1871/498/1793
f 1381/498/2091 1873/498/2079 1638/498/2091
f 1627/498/2090 1636/498/2080 1382/498/2080
f 1642/498/1625 1643/498/1944 1392/498/1623
f 1391/498/1698 1878/498/2092 1623/498/1697
f 1879/498/2093 1389/498/1538 1640/498/1537
f 1644/498/2094 1622/498/1709 1387/498/1708
f 1621/498/2095 1650/498/2064 1386/498/1626
f 1641/498/2096 1645/498/2075 1390/498/1583
f 1386/498/1626 1881/498/2097 1621/498/2095
f 1882/498/2098 1388/498/1535 1639/498/1534
f 1647/498/1585 1641/498/2096 1390/498/1583
f 1373/498/2099 1874/498/1544 1633/498/2100
f 1875/498/2063 1375/498/2073 1636/498/2073
f 1615/498/2101 1633/498/2100 1871/498/2071
f 1435/498/2052 1456/498/2102 1275/498/2046
f 1273/498/1587 1894/498/2103 1434/498/1704
f 1436/498/2047 1661/498/2104 1276/498/2043
f 1274/498/1706 1896/498/2105 1435/498/2052
f 1687/498/1966 1671/498/2106 1405/498/1993
f 1275/498/2046 1886/498/2107 1436/498/2047
f 1276/498/2043 1887/498/2108 1437/498/1656
f 1432/498/2040 1667/498/2109 1272/498/1539
f 1440/498/2055 1671/498/2110 1323/498/1569
f 1359/498/2057 1868/498/2048 1611/498/2058
f 1675/498/2111 1661/498/2112 1395/498/2017
f 1270/498/2038 1889/498/2113 1431/498/1688
f 1895/498/2114 1394/498/2007 1464/498/2115
f 1890/498/1611 1278/498/1962 1666/498/1961
f 1937/498/2116 1760/498/2117 1745/498/2118
f 1277/498/1564 1898/498/2119 1440/498/2055
f 1271/498/1690 1891/498/2120 1432/498/2040
f 1507/498/2041 1672/498/2121 1322/498/1620
f 1945/498/1647 1416/498/1574 1727/498/2049
f 1323/498/1569 1899/498/2122 1507/498/2041
f 1886/498/2123 1395/498/2017 1661/498/2112
f 1674/498/2124 1456/498/2125 1393/498/2002
f 1887/498/2126 1396/498/1994 1662/498/2127
f 1679/498/2008 1664/498/1689 1398/498/2015
f 1888/498/1622 1397/498/2013 1663/498/2012
f 1312/498/1400 1901/498/2128 1495/498/1398
f 1889/498/2113 1398/498/2015 1664/498/1689
f 1571/498/1431 1676/498/1609 1848/498/1430
f 1683/498/2006 1665/498/2027 1399/498/1514
f 1682/498/1995 1668/498/1586 1402/498/2009
f 1678/498/1602 1666/498/2129 1400/498/2010
f 1400/498/2010 1893/498/2130 1681/498/2004
f 1443/498/1986 1584/498/2131 1851/498/1418
f 1684/498/2001 1669/498/2132 1403/498/2000
f 1891/498/2120 1401/498/2014 1667/498/2109
f 1892/498/1540 1402/498/2009 1668/498/1586
f 1430/498/2054 1663/498/2012 1270/498/2038
f 1681/498/2004 1464/498/2133 1394/498/2003
f 1393/498/2002 1850/498/1445 1674/498/2124
f 1894/498/2134 1403/498/2000 1669/498/2132
f 1902/498/1869 1404/498/1437 1578/498/1998
f 1576/498/1501 1680/498/2135 1844/498/1502
f 1896/498/2136 1393/498/2002 1456/498/2125
f 1688/498/1992 1672/498/2137 1406/498/1991
f 1416/498/1574 1897/498/2138 1720/498/2050
f 1720/498/2050 1670/498/2139 1312/498/1400
f 1897/498/2140 1404/498/1437 1670/498/1436
f 1898/498/2141 1405/498/1993 1671/498/2106
f 1899/498/2142 1406/498/1991 1672/498/2137
f 1579/498/1779 1686/498/2143 1838/498/1923
f 1686/498/2143 1662/498/2127 1396/498/1994
f 1900/498/2144 1407/498/1983 1673/498/2145
f 687/498/1302 1799/498/1529 1883/498/1864
f 1413/498/1512 1901/498/2146 1695/498/1435
f 1756/498/2147 1673/498/2145 1407/498/1983
f 1938/498/2148 1760/498/2117 1934/498/2019
f 1862/498/1571 1270/498/2038 1657/498/1695
f 1569/498/1783 1674/498/2124 1850/498/1445
f 1367/498/1981 1859/498/2039 1602/498/1722
f 1655/498/2044 1607/498/1693 1864/498/1692
f 1512/498/1924 1517/498/1846 1327/498/1918
f 1680/498/2135 1667/498/2109 1401/498/2014
f 1493/498/2149 1701/498/1521 1904/498/2150
f 1504/498/2151 1493/498/2149 1314/498/2152
f 1903/498/2153 1409/498/1522 1493/498/2154
f 1444/498/1938 1369/498/1816 1599/498/1999
f 1330/498/1431 1912/498/1562 1545/498/1562
f 1538/498/1430 1524/498/1431 1330/498/1431
f 1336/498/1954 1790/498/1443 1716/498/1851
f 1545/498/1562 1702/498/1637 1329/498/1637
f 1693/498/1729 1771/498/2155 1803/498/1736
f 1335/498/1588 1906/498/1593 1539/498/1956
f 1730/498/1757 1718/498/1975 1928/498/1755
f 1544/498/1498 1710/498/1637 1329/498/1637
f 1543/498/1502 1711/498/1499 1331/498/1499
f 1542/498/1500 1712/498/1501 1332/498/1501
f 1541/498/1477 1713/498/1476 1333/498/1476
f 1334/498/1446 1917/498/1477 1541/498/1477
f 1849/498/2016 1457/498/1434 1570/498/1823
f 1329/498/1637 1913/498/1562 1545/498/1562
f 1482/498/2156 1536/498/1844 1337/498/1781
f 1505/498/1552 1594/498/2030 1321/498/1550
f 1312/498/1400 1923/498/2051 1720/498/2050
f 1420/498/1996 1922/498/2157 1725/498/2158
f 1727/498/2049 1752/498/2159 1945/498/1647
f 1423/498/2160 1938/498/2148 1758/498/2161
f 1419/498/2162 1923/498/2051 1724/498/2034
f 1728/498/2005 1725/498/2158 1924/498/1788
f 1942/498/2163 1750/498/1718 1925/498/1955
f 1924/498/1788 1756/498/2147 1943/498/1790
f 1418/498/1958 1931/498/2164 1723/498/2165
f 1723/498/2165 1940/498/2025 1755/498/2024
f 1812/498/1899 1747/498/1934 1946/498/1897
f 1729/498/1741 1723/498/2165 1925/498/1955
f 1932/498/2166 1758/498/2167 1738/498/2168
f 1414/498/1974 1946/498/1897 1747/498/1934
f 1736/498/2169 1762/498/2170 1422/498/2171
f 1415/498/1756 1929/498/1717 1719/498/1946
f 1735/498/2172 1733/498/2173 1930/498/2174
f 1925/498/1955 1755/498/2024 1942/498/2163
f 1931/498/2175 1422/498/2171 1734/498/2176
f 1933/498/1485 514/498/1337 700/498/591
f 1741/498/1903 1935/498/2177 1937/498/2116
f 1940/498/1988 1734/498/2176 1757/498/1989
f 1763/498/2178 1738/498/2168 1424/498/2179
f 515/498/794 1947/498/2180 1742/498/1659
f 1758/498/2167 1737/498/2181 1423/498/2182
f 1739/498/2183 1737/498/2181 1933/498/2184
f 1933/498/2184 1427/498/2185 1739/498/2183
f 1428/498/2186 1948/498/2187 1744/498/2188
f 1934/498/2019 1758/498/2161 1938/498/2148
f 1760/498/2117 1744/498/2020 1934/498/2019
f 1947/498/2189 1428/498/2186 1740/498/2190
f 1742/498/2191 1740/498/2190 1426/498/2192
f 1745/498/2118 1743/498/2193 1937/498/2116
f 1760/498/2117 1740/498/2194 1428/498/2195
f 1935/498/2177 1426/498/1734 1740/498/2194
f 1427/498/2185 1936/498/2196 1743/498/2197
f 1744/498/2188 1763/498/2178 1424/498/2179
f 1764/498/1664 1743/498/2197 1936/498/2196
f 1937/498/2116 1425/498/2198 1741/498/1903
f 1944/498/2199 1725/498/2158 1922/498/2157
f 704/498/1368 1761/498/1666 507/498/804
f 1324/498/1926 1941/498/1973 1510/498/2200
f 1560/498/1970 1563/498/1817 1833/498/1931
f 1509/498/2201 1767/498/1941 1950/498/1927
f 1510/498/2200 1509/498/2201 1324/498/1926
f 1942/498/2163 1325/498/1940 1509/498/2201
f 1814/498/1442 1328/498/1920 1453/498/1852
f 482/498/1371 1858/498/1943 1441/498/2031
f 1856/498/1649 1749/498/1572 1945/498/1647
f 1422/498/2171 1742/498/2191 1426/498/2192
f 1741/498/1903 1421/498/2202 1757/498/1902
f 509/498/1373 1948/498/2203 702/498/797
f 1746/498/2204 697/498/1345 516/498/2205
f 1739/498/2206 1745/498/2118 1938/498/2148
f 1764/498/2207 513/498/1377 1733/498/2208
f 1950/498/1927 1345/498/1667 1550/498/1960
f 1793/498/2209 1286/498/2210 1449/498/1448
f 508/498/1380 1949/498/2211 704/498/1381
f 1418/498/1958 1949/498/2212 1736/498/2213
f 1491/498/1671 680/498/1383 1796/498/1868
f 1532/498/1454 681/498/676 491/498/1121
f 1750/498/1718 1732/498/1754 1417/498/1746
f 1726/498/2214 1685/498/1997 1897/498/2140
f 1570/498/1823 1675/498/2111 1849/498/2016
f 1964/498/1384 1478/498/1384 1304/498/1384
f 1983/498/1384 1305/498/1384 1748/498/1384
f 1980/498/1384 1304/498/1384 1479/498/1384
f 1965/498/1384 1479/498/1384 1305/498/1384
f 1966/498/1384 1748/498/1384 1306/498/1384
f 1466/498/1384 1953/498/1384 1293/498/1384
f 1981/498/1384 1306/498/1384 1480/498/1384
f 486/498/1384 1968/498/1384 1466/498/1384
f 1967/498/1384 1480/498/1384 1307/498/1384
f 1467/498/1384 1954/498/1384 1294/498/1384
f 1293/498/1384 1969/498/1384 1467/498/1384
f 1468/498/1384 1955/498/1384 1295/498/1384
f 1294/498/1384 1970/498/1384 1468/498/1384
f 1469/498/1384 1956/498/1384 1296/498/1384
f 1295/498/1384 1971/498/1384 1469/498/1384
f 1470/498/1384 1957/498/1384 1297/498/1384
f 1296/498/1384 1972/498/1384 1470/498/1384
f 1471/498/1384 1958/498/1384 1298/498/1384
f 1297/498/1384 1973/498/1384 1471/498/1384
f 1472/498/1384 1959/498/1384 1299/498/1384
f 1298/498/1384 1974/498/1384 1472/498/1384
f 1473/498/1384 1960/498/1384 1300/498/1384
f 1299/498/1384 1975/498/1384 1473/498/1384
f 1982/498/1384 1307/498/1384 1489/498/1384
f 1976/498/1384 487/498/1384 1475/498/1384
f 1961/498/1384 1475/498/1384 1301/498/1384
f 1960/498/1384 1489/498/1384 1300/498/1384
f 1977/498/1384 1301/498/1384 1476/498/1384
f 1962/498/1384 1476/498/1384 1302/498/1384
f 1978/498/1384 1302/498/1384 1477/498/1384
f 1963/498/1384 1477/498/1384 1303/498/1384
f 1979/498/1384 1303/498/1384 1478/498/1384
f 1269/498/1403 698/498/1385 1268/498/594
f 1429/498/1401 1267/498/595 492/498/521
f 1731/498/1787 1751/498/1921 1722/498/1863
f 2179/498/2215 1993/498/2216 2047/498/2217
f 2179/498/2215 2124/498/2217 2243/498/2215
f 2043/498/2218 2260/498/2219 2121/498/2220
f 1986/498/2221 2180/498/2222 2048/498/2223
f 2029/498/2224 2181/498/2225 2180/498/2222
f 2031/498/2226 2181/498/2225 2030/498/2227
f 1985/498/2228 2182/498/2229 2031/498/2226
f 1984/498/2230 2183/498/2231 2046/498/2232
f 2035/498/2233 2184/498/2234 2183/498/2231
f 2036/498/2235 2185/498/2236 2184/498/2234
f 2037/498/2237 2044/498/2238 2185/498/2236
f 2026/498/2239 2045/498/2240 1985/498/2228
f 2027/498/2241 2186/498/2242 2026/498/2239
f 2028/498/2243 2187/498/2244 2027/498/2241
f 2049/498/2245 2028/498/2243 1988/498/2246
f 1987/498/2247 2189/498/2248 2044/498/2238
f 2032/498/2249 2190/498/2250 2189/498/2248
f 2033/498/2251 2191/498/2252 2190/498/2250
f 2034/498/2253 2048/498/2223 2191/498/2252
f 2101/498/2254 2083/498/2255 2102/498/2256
f 1989/498/2257 2005/498/2258 2003/498/2259
f 1990/498/2260 2091/498/2261 2039/498/2262
f 2039/498/2262 2092/498/2263 2038/498/2264
f 2195/498/2265 2070/498/2266 2194/498/2267
f 2039/498/2262 2070/498/2266 1990/498/2260
f 2143/498/2268 2197/498/2269 2066/498/2270
f 2065/498/2271 2069/498/2272 2195/498/2273
f 2192/498/2274 2039/498/2262 2038/498/2264
f 2261/498/2275 2196/498/2276 2197/498/2277
f 2240/498/2278 2124/498/2217 2047/498/2217
f 2199/498/2279 2200/498/2280 2198/498/2281
f 2043/498/2218 2085/498/2282 2196/498/2276
f 2201/498/2283 2202/498/2284 2200/498/2280
f 2079/498/2285 2198/498/2281 2080/498/2286
f 2080/498/2286 2035/498/2287 1984/498/2288
f 2203/498/2289 2078/498/2290 2202/498/2284
f 2205/498/2291 2206/498/2292 2204/498/2293
f 2202/498/2294 1987/498/2247 2037/498/2237
f 2200/498/2280 2037/498/2237 2036/498/2295
f 2198/498/2281 2036/498/2295 2035/498/2287
f 2207/498/2296 2208/498/2297 2206/498/2292
f 2077/498/2298 2204/498/2293 2078/498/2290
f 2078/498/2299 2032/498/2249 1987/498/2247
f 2209/498/2300 2076/498/2301 2208/498/2297
f 2211/498/2302 2212/498/2303 2210/498/2304
f 2208/498/2305 1986/498/2221 2034/498/2253
f 2206/498/2306 2034/498/2253 2033/498/2251
f 2204/498/2307 2033/498/2251 2032/498/2249
f 2212/498/2303 2215/498/2308 2214/498/2309
f 2075/498/2310 2210/498/2304 2076/498/2301
f 2076/498/2311 2029/498/2224 1986/498/2221
f 2214/498/2309 2073/498/2312 2074/498/2313
f 2216/498/2314 2219/498/2315 2218/498/2316
f 2031/498/2226 2074/498/2317 1985/498/2228
f 2030/498/2227 2214/498/2318 2031/498/2226
f 2210/498/2319 2030/498/2227 2029/498/2224
f 2218/498/2320 1992/498/2321 2054/498/2322
f 2220/498/2323 2223/498/2324 2222/498/2325
f 2001/498/2326 2219/498/2327 2068/498/2328
f 2053/498/2329 2218/498/2320 2054/498/2322
f 2222/498/2325 2225/498/2330 2224/498/2331
f 2221/498/2332 2074/498/2313 2073/498/2312
f 1985/498/2228 2220/498/2333 2026/498/2239
f 2224/498/2331 2071/498/2334 2072/498/2335
f 2028/498/2243 2072/498/2336 1988/498/2246
f 2027/498/2241 2224/498/2337 2028/498/2243
f 2026/498/2239 2222/498/2338 2027/498/2241
f 2083/498/2339 2003/498/2259 2102/498/2340
f 2004/498/2341 2084/498/2342 2101/498/2343
f 2069/498/2344 2081/498/2345 2070/498/2346
f 1994/498/2347 2070/498/2346 2081/498/2345
f 2064/498/2348 2195/498/2349 2193/498/2350
f 2081/498/2351 2231/498/2352 2230/498/2353
f 2051/498/2354 2240/498/2278 2052/498/2355
f 2001/498/2326 2197/498/2269 2086/498/2356
f 2061/498/2357 2201/498/2358 2199/498/2359
f 2062/498/2360 2203/498/2361 2201/498/2358
f 1991/498/2362 2199/498/2359 2079/498/2363
f 2063/498/2364 2077/498/2365 2203/498/2361
f 2058/498/2366 2207/498/2367 2205/498/2368
f 2059/498/2369 2209/498/2370 2207/498/2367
f 1997/498/2371 2205/498/2368 2077/498/2365
f 2060/498/2372 2075/498/2373 2209/498/2370
f 2055/498/2374 2213/498/2375 2211/498/2376
f 2213/498/2375 2057/498/2377 2215/498/2378
f 1996/498/2379 2211/498/2376 2075/498/2373
f 1995/498/2380 2215/498/2378 2057/498/2377
f 2217/498/2381 2068/498/2382 2219/498/2383
f 2084/498/2384 2226/498/2385 2083/498/2255
f 2221/498/2386 2041/498/2387 2223/498/2388
f 2223/498/2388 2042/498/2389 2225/498/2390
f 2073/498/2391 2040/498/2392 2221/498/2386
f 2042/498/2389 2071/498/2393 2225/498/2390
f 2000/498/2394 2082/498/2394 2069/498/2394
f 2232/498/2395 2217/498/2396 2216/498/2314
f 1999/498/2397 2227/498/2398 2084/498/2342
f 2216/498/2399 2092/498/2263 2232/498/2400
f 2227/498/2401 2228/498/2402 2226/498/2385
f 2054/498/2322 1989/498/2257 2087/498/2403
f 2091/498/2261 2081/498/2351 2230/498/2353
f 2226/498/2404 2088/498/2405 2087/498/2403
f 2087/498/2403 2083/498/2339 2226/498/2404
f 2089/498/2406 2229/498/2407 2227/498/2398
f 2067/498/2408 2233/498/2409 2094/498/2410
f 2087/498/2403 2053/498/2329 2054/498/2322
f 2160/498/2411 2283/498/2412 2281/498/2413
f 2230/498/2414 2233/498/2415 2232/498/2395
f 2082/498/2416 2093/498/2417 2231/498/2418
f 2091/498/2261 2232/498/2400 2092/498/2263
f 2011/498/2419 2166/498/2420 2014/498/2421
f 2231/498/2422 2094/498/2410 2233/498/2409
f 2229/498/2423 2192/498/2424 2228/498/2402
f 2235/498/2425 2236/498/2426 2234/498/2427
f 2038/498/2264 2228/498/2428 2192/498/2274
f 2090/498/2429 2193/498/2350 2229/498/2407
f 2053/498/2329 2038/498/2264 2092/498/2263
f 2237/498/2430 2238/498/2431 2236/498/2426
f 2235/498/2425 2072/498/2335 2071/498/2334
f 1988/498/2246 2234/498/2432 2095/498/2433
f 2239/498/2434 2102/498/2256 2238/498/2431
f 2257/498/2435 2258/498/2436 2256/498/2437
f 2097/498/2438 2102/498/2340 2003/498/2259
f 2096/498/2439 2238/498/2440 2097/498/2438
f 2095/498/2433 2236/498/2441 2096/498/2439
f 2098/498/2442 2237/498/2443 2235/498/2444
f 2099/498/2445 2239/498/2446 2237/498/2443
f 1998/498/2447 2235/498/2444 2071/498/2393
f 2100/498/2448 2101/498/2343 2239/498/2446
f 2096/498/2439 2052/498/2355 2095/498/2433
f 2003/498/2259 2050/498/2449 2097/498/2438
f 2097/498/2438 2051/498/2354 2096/498/2439
f 1993/498/2216 2095/498/2433 2052/498/2355
f 2051/498/2354 2242/498/2450 2241/498/2451
f 2305/498/2451 2242/498/2450 2306/498/2450
f 2242/498/2450 2178/498/2452 2306/498/2450
f 2103/498/2452 2050/498/2449 2005/498/2258
f 2304/498/2278 2241/498/2451 2305/498/2451
f 2047/498/2217 2052/498/2355 2240/498/2278
f 2010/498/2453 2025/498/2454 2012/498/2455
f 2025/498/2454 2121/498/2456 2012/498/2455
f 2086/498/2457 2196/498/2276 2085/498/2282
f 2243/498/2215 2013/498/2458 2126/498/2459
f 2007/498/2460 2244/498/2461 2107/498/2462
f 2246/498/2463 2006/498/2464 2109/498/2465
f 2245/498/2466 2109/498/2465 2108/498/2467
f 2107/498/2462 2245/498/2466 2108/498/2467
f 1984/498/2230 2247/498/2468 2113/498/2469
f 2260/498/2219 2161/498/2470 2160/498/2411
f 2115/498/2471 2122/498/2472 2008/498/2473
f 2114/498/2474 2249/498/2475 2115/498/2471
f 2113/498/2469 2248/498/2476 2114/498/2474
f 2123/498/2477 2104/498/2478 2006/498/2464
f 2126/498/2459 2009/498/2479 2106/498/2480
f 2251/498/2481 2106/498/2480 2105/498/2482
f 2250/498/2483 2105/498/2482 2104/498/2478
f 2008/498/2473 2253/498/2484 2110/498/2485
f 2112/498/2486 2125/498/2487 2007/498/2460
f 2111/498/2488 2255/498/2489 2112/498/2486
f 2110/498/2485 2254/498/2490 2111/498/2488
f 2158/498/2491 2176/498/2492 2177/498/2493
f 2023/498/2494 2158/498/2495 2177/498/2496
f 2167/498/2497 2117/498/2498 2116/498/2499
f 2116/498/2499 2130/498/2500 2167/498/2497
f 2259/498/2501 2147/498/2502 2146/498/2503
f 2020/498/2394 2157/498/2394 2022/498/2394
f 2120/498/2504 2288/498/2505 2289/498/2506
f 2290/498/2507 2159/498/2508 2158/498/2491
f 2134/498/2509 2278/498/2510 2279/498/2511
f 2273/498/2512 2136/498/2513 2272/498/2514
f 2267/498/2515 2139/498/2516 2266/498/2517
f 2304/498/2278 2128/498/2518 2129/498/2519
f 2156/498/2520 2296/498/2521 2157/498/2522
f 2117/498/2498 2147/498/2502 2257/498/2523
f 2117/498/2498 2256/498/2524 2116/498/2499
f 2146/498/2525 2142/498/2526 2259/498/2527
f 2121/498/2220 2160/498/2411 2012/498/2455
f 2021/498/2528 2261/498/2529 2143/498/2268
f 2263/498/2530 2265/498/2531 2262/498/2532
f 2264/498/2533 2266/498/2534 2263/498/2530
f 2267/498/2535 2155/498/2536 2154/498/2537
f 2113/498/2538 2080/498/2286 1984/498/2288
f 2114/498/2539 2262/498/2532 2113/498/2538
f 2115/498/2471 2263/498/2530 2114/498/2539
f 2008/498/2473 2264/498/2540 2115/498/2471
f 2262/498/2532 2079/498/2285 2080/498/2286
f 2269/498/2541 2271/498/2542 2268/498/2543
f 2270/498/2544 2272/498/2545 2269/498/2541
f 2273/498/2546 2153/498/2547 2152/498/2548
f 2110/498/2485 2155/498/2549 2008/498/2473
f 2111/498/2488 2268/498/2550 2110/498/2485
f 2112/498/2486 2269/498/2551 2111/498/2488
f 2007/498/2460 2270/498/2552 2112/498/2486
f 2268/498/2543 2154/498/2537 2155/498/2536
f 2275/498/2553 2277/498/2554 2274/498/2555
f 2279/498/2556 2275/498/2553 2276/498/2557
f 2150/498/2558 2276/498/2557 2151/498/2559
f 2107/498/2462 2153/498/2560 2007/498/2460
f 2108/498/2467 2274/498/2561 2107/498/2462
f 2108/498/2467 2276/498/2562 2275/498/2563
f 2109/498/2465 2151/498/2564 2276/498/2562
f 2274/498/2555 2152/498/2548 2153/498/2547
f 2283/498/2565 2280/498/2566 2281/498/2567
f 2012/498/2455 2281/498/2413 2131/498/2568
f 2130/498/2500 2281/498/2413 2280/498/2569
f 2021/498/2528 2283/498/2570 2161/498/2571
f 2288/498/2572 2284/498/2573 2285/498/2574
f 2289/498/2575 2285/498/2574 2286/498/2576
f 2148/498/2577 2286/498/2576 2149/498/2578
f 2006/498/2464 2284/498/2579 2151/498/2564
f 2104/498/2478 2285/498/2580 2284/498/2579
f 2105/498/2482 2286/498/2581 2285/498/2580
f 2106/498/2480 2149/498/2582 2286/498/2581
f 2151/498/2559 2287/498/2583 2150/498/2558
f 2159/498/2584 2024/498/2585 2176/498/2586
f 2156/498/2345 2146/498/2344 2147/498/2346
f 2014/498/2347 2147/498/2346 2011/498/2347
f 2259/498/2587 2141/498/2588 2258/498/2589
f 2266/498/2517 2138/498/2590 2265/498/2591
f 2154/498/2592 2140/498/2593 2267/498/2515
f 1991/498/2362 2265/498/2591 2138/498/2590
f 2272/498/2514 2135/498/2594 2271/498/2595
f 2152/498/2596 2137/498/2597 2273/498/2512
f 2017/498/2598 2271/498/2595 2135/498/2594
f 2278/498/2510 2132/498/2599 2277/498/2600
f 2015/498/2601 2279/498/2511 2150/498/2602
f 2016/498/2603 2277/498/2600 2132/498/2599
f 2145/498/2604 2282/498/2605 2283/498/2606
f 2119/498/2607 2287/498/2608 2288/498/2505
f 2148/498/2609 2120/498/2504 2289/498/2506
f 2118/498/2610 2150/498/2602 2287/498/2608
f 2282/498/2611 2295/498/2612 2280/498/2566
f 2167/498/2497 2280/498/2569 2295/498/2613
f 2162/498/2614 2158/498/2495 2010/498/2453
f 2291/498/2615 2292/498/2616 2290/498/2507
f 2019/498/2617 2292/498/2618 2164/498/2619
f 2163/498/2620 2290/498/2621 2162/498/2614
f 2166/498/2420 2156/498/2520 2014/498/2421
f 2293/498/2622 2164/498/2619 2292/498/2618
f 2144/498/2623 2297/498/2624 2282/498/2605
f 2131/498/2568 2010/498/2453 2012/498/2455
f 2162/498/2614 2130/498/2500 2163/498/2620
f 2169/498/2625 2296/498/2626 2297/498/2624
f 2297/498/2627 2294/498/2628 2295/498/2612
f 2157/498/2629 2168/498/2630 2022/498/2631
f 2166/498/2420 2295/498/2613 2294/498/2632
f 2256/498/2437 2293/498/2633 2291/498/2615
f 2116/498/2499 2291/498/2634 2163/498/2620
f 2299/498/2635 2301/498/2636 2298/498/2637
f 2258/498/2589 2165/498/2638 2293/498/2622
f 2300/498/2639 2302/498/2640 2299/498/2635
f 2303/498/2641 2177/498/2493 2176/498/2492
f 2009/498/2479 2298/498/2642 2149/498/2582
f 2170/498/2643 2299/498/2644 2298/498/2642
f 2171/498/2645 2300/498/2646 2299/498/2644
f 2172/498/2647 2177/498/2496 2300/498/2646
f 2149/498/2578 2301/498/2636 2148/498/2577
f 2302/498/2648 2173/498/2649 2301/498/2650
f 2176/498/2586 2175/498/2651 2303/498/2652
f 2303/498/2652 2174/498/2653 2302/498/2648
f 2018/498/2654 2301/498/2650 2173/498/2649
f 2129/498/2519 2171/498/2645 2170/498/2643
f 2128/498/2518 2172/498/2647 2171/498/2645
f 2013/498/2458 2170/498/2643 2009/498/2479
f 2127/498/2655 2023/498/2494 2172/498/2647
f 2128/498/2518 2306/498/2450 2127/498/2655
f 2124/498/2217 2129/498/2519 2013/498/2458
f 2127/498/2655 2178/498/2452 2025/498/2454
f 2429/498/2656 2358/498/2657 2430/498/2658
f 2307/498/2659 2361/498/2660 2309/498/2661
f 2330/498/2662 2349/498/2663 2406/498/2664
f 2344/498/2665 2348/498/2666 2315/498/2667
f 2345/498/2668 2434/498/2669 2383/498/2670
f 2066/498/2671 2383/498/2672 2143/498/2673
f 2316/498/2674 2419/498/2675 2358/498/2676
f 2357/498/2677 2318/498/2678 2367/498/2679
f 2309/498/2680 2349/498/2681 2307/498/2681
f 2407/498/2682 2343/498/2683 2405/498/2684
f 2358/498/2676 2345/498/2668 2316/498/2674
f 2410/498/2685 2340/498/2686 2409/498/2687
f 2411/498/2688 2341/498/2689 2410/498/2685
f 2409/498/2687 2308/498/2690 2354/498/2690
f 2342/498/2691 2353/498/2692 2312/498/2693
f 2413/498/2694 2337/498/2695 2412/498/2696
f 2414/498/2697 2338/498/2698 2413/498/2694
f 2412/498/2696 2312/498/2693 2353/498/2692
f 2339/498/2699 2352/498/2700 2311/498/2701
f 2416/498/2702 2334/498/2703 2415/498/2704
f 2336/498/2705 2416/498/2702 2417/498/2706
f 2415/498/2704 2311/498/2701 2352/498/2700
f 2310/498/2707 2417/498/2706 2351/498/2708
f 2347/498/2709 2418/498/2710 2419/498/2711
f 2332/498/2712 2420/498/2713 2421/498/2714
f 2333/498/2715 2421/498/2714 2422/498/2716
f 2331/498/2717 2351/498/2708 2420/498/2713
f 2333/498/2715 2350/498/2718 2313/498/2719
f 2315/498/2720 2356/498/2720 2317/498/2720
f 2423/498/2721 2314/498/2722 2357/498/2677
f 2424/498/2723 2359/498/2724 2423/498/2721
f 2346/498/2725 2427/498/2726 2418/498/2710
f 2361/498/2727 2355/498/2728 2309/498/2729
f 2356/498/2730 2362/498/2731 2317/498/2732
f 2319/498/2733 2398/498/2734 2368/498/2735
f 2363/498/2736 2426/498/2737 2427/498/2726
f 2405/498/2684 2360/498/2738 2424/498/2723
f 2429/498/2739 2364/498/2740 2428/498/2741
f 2430/498/2742 2365/498/2743 2429/498/2739
f 2428/498/2741 2313/498/2719 2350/498/2718
f 2366/498/2744 2367/498/2679 2318/498/2678
f 2245/498/2466 2182/498/2229 2246/498/2463
f 2245/498/2466 2180/498/2222 2181/498/2225
f 2434/498/2745 2429/498/2656 2455/498/2746
f 2326/498/2747 2393/498/2747 2386/498/2747
f 2447/498/2748 2371/498/2749 2448/498/2750
f 2442/498/2751 2374/498/2752 2443/498/2753
f 2376/498/2754 2440/498/2755 2439/498/2756
f 2379/498/2757 2437/498/2758 2436/498/2759
f 2001/498/2760 2345/498/2761 2066/498/2671
f 2387/498/2762 2368/498/2763 2431/498/2764
f 2382/498/2765 2386/498/2766 2433/498/2767
f 2383/498/2670 2395/498/2768 2327/498/2769
f 2327/498/2769 2445/498/2770 2385/498/2771
f 2329/498/2772 2394/498/2773 2404/498/2774
f 2320/498/2775 2387/498/2776 2392/498/2775
f 2381/498/2777 2433/498/2778 2432/498/2779
f 2378/498/2780 2436/498/2759 2435/498/2781
f 2380/498/2782 2391/498/2783 2437/498/2758
f 2308/498/2690 2435/498/2781 2354/498/2690
f 2375/498/2784 2439/498/2756 2438/498/2785
f 2377/498/2786 2390/498/2787 2440/498/2755
f 2323/498/2788 2438/498/2785 2391/498/2783
f 2372/498/2789 2442/498/2751 2441/498/2790
f 2443/498/2753 2321/498/2791 2389/498/2792
f 2322/498/2793 2441/498/2790 2390/498/2787
f 2444/498/2794 2385/498/2795 2445/498/2796
f 2446/498/2797 2370/498/2798 2447/498/2748
f 2371/498/2749 2388/498/2799 2448/498/2750
f 2369/498/2800 2389/498/2792 2321/498/2791
f 2318/498/2801 1999/498/2802 2004/498/2803
f 2325/498/2804 2449/498/2805 2394/498/2773
f 2396/498/2806 2450/498/2807 2449/498/2805
f 2384/498/2808 2453/498/2809 2400/498/2810
f 2068/498/2811 2316/498/2812 2001/498/2760
f 2452/498/2813 2400/498/2810 2453/498/2809
f 2398/498/2814 2392/498/2815 2451/498/2816
f 2399/498/2817 2393/498/2818 2328/498/2819
f 2000/498/2820 2344/498/2820 2315/498/2820
f 2397/498/2821 2432/498/2779 2450/498/2807
f 2401/498/2822 2455/498/2823 2454/498/2824
f 2403/498/2825 2404/498/2774 2456/498/2826
f 2402/498/2827 2456/498/2826 2455/498/2823
f 2324/498/2828 2454/498/2824 2388/498/2799
f 2040/498/2829 2310/498/2830 2331/498/2831
f 2041/498/2832 2331/498/2831 2332/498/2833
f 2042/498/2834 2332/498/2833 2333/498/2835
f 1998/498/2836 2333/498/2835 2313/498/2837
f 2019/498/2838 2329/498/2839 2024/498/2840
f 1996/498/2841 2334/498/2842 2055/498/2843
f 2056/498/2844 2334/498/2842 2335/498/2845
f 2057/498/2846 2335/498/2845 2336/498/2847
f 1995/498/2848 2336/498/2847 2310/498/2830
f 1997/498/2849 2337/498/2850 2058/498/2851
f 2058/498/2851 2338/498/2852 2059/498/2853
f 2059/498/2853 2339/498/2854 2060/498/2855
f 2060/498/2855 2311/498/2856 1996/498/2841
f 2061/498/2857 2308/498/2858 2340/498/2859
f 2062/498/2860 2340/498/2859 2341/498/2861
f 2063/498/2862 2341/498/2861 2342/498/2863
f 1997/498/2849 2342/498/2863 2312/498/2864
f 2064/498/2865 2344/498/2866 2065/498/2867
f 2093/498/2868 2317/498/2868 2362/498/2868
f 2021/498/2869 2383/498/2672 2327/498/2870
f 2000/498/1384 2317/498/2871 2002/498/2872
f 2068/498/2811 2346/498/2873 2347/498/2874
f 1999/498/2802 2359/498/2875 2089/498/2876
f 2145/498/2877 2327/498/2870 2385/498/2878
f 2089/498/2876 2360/498/2879 2090/498/2880
f 2067/498/2881 2363/498/2882 2346/498/2873
f 2090/498/2880 2343/498/2883 2064/498/2865
f 2142/498/2884 2326/498/2884 2382/498/2884
f 2094/498/2885 2362/498/2886 2363/498/2882
f 2098/498/2887 2313/498/2837 2364/498/2888
f 2098/498/2887 2365/498/2889 2099/498/2890
f 2099/498/2890 2366/498/2891 2100/498/2892
f 2100/498/2892 2318/498/2801 2004/498/2803
f 2118/498/2893 2321/498/2894 2015/498/2895
f 2119/498/2896 2369/498/2897 2118/498/2893
f 2120/498/2898 2370/498/2899 2119/498/2896
f 2018/498/2900 2371/498/2901 2120/498/2898
f 2193/498/2902 2194/498/2903 2192/498/2424
f 2016/498/2904 2372/498/2905 2322/498/2906
f 2133/498/2907 2372/498/2905 2132/498/2908
f 2134/498/2909 2373/498/2910 2133/498/2907
f 2015/498/2895 2374/498/2911 2134/498/2909
f 2017/498/2912 2375/498/2913 2323/498/2914
f 2135/498/2915 2376/498/2916 2375/498/2913
f 2136/498/2917 2377/498/2918 2376/498/2916
f 2137/498/2919 2322/498/2906 2377/498/2918
f 2138/498/2920 2308/498/2858 1991/498/1384
f 2139/498/2921 2378/498/2922 2138/498/2920
f 2140/498/2923 2379/498/2924 2139/498/2921
f 2017/498/2912 2380/498/2925 2140/498/2923
f 2141/498/2926 2382/498/2927 2381/498/2928
f 2022/498/2929 2399/498/2929 2328/498/2929
f 2020/498/2930 2328/498/1384 2326/498/2931
f 2043/498/2932 2178/498/2452 2103/498/2452
f 2145/498/2877 2384/498/2933 2144/498/2934
f 2019/498/2838 2396/498/2935 2325/498/2936
f 2164/498/2937 2397/498/2938 2396/498/2935
f 2144/498/2934 2400/498/2939 2169/498/2940
f 2165/498/2941 2381/498/2928 2397/498/2938
f 2219/498/2942 2085/498/2282 2218/498/2320
f 2169/498/2940 2399/498/2943 2168/498/2944
f 2173/498/2945 2324/498/2946 2018/498/2900
f 2173/498/2945 2402/498/2947 2401/498/2948
f 2174/498/2949 2403/498/2950 2402/498/2947
f 2175/498/2951 2329/498/2839 2403/498/2950
f 2043/498/2932 2005/498/2258 1992/498/2321
f 2246/498/2463 2045/498/2240 2123/498/2477
f 2123/498/2477 2186/498/2242 2250/498/2483
f 2250/498/2483 2187/498/2244 2251/498/2481
f 2251/498/2481 2179/498/2215 2243/498/2215
f 2251/498/2481 2126/498/2459 2252/498/2952
f 2049/498/2245 2187/498/2244 2188/498/2953
f 2180/498/2222 2125/498/2487 2048/498/2223
f 2048/498/2223 2255/498/2489 2191/498/2252
f 2191/498/2252 2254/498/2490 2190/498/2250
f 2189/498/2248 2254/498/2490 2253/498/2484
f 2189/498/2248 2122/498/2472 2044/498/2238
f 2185/498/2236 2122/498/2472 2249/498/2475
f 2185/498/2236 2248/498/2476 2184/498/2234
f 2184/498/2234 2247/498/2468 2183/498/2231
f 2183/498/2231 2247/498/2468 2046/498/2232
f 2428/498/2954 2455/498/2746 2429/498/2656
f 2454/498/2954 2350/498/2955 2388/498/2955
f 2388/498/2955 2422/498/2956 2448/498/2956
f 2448/498/2956 2421/498/2957 2447/498/2957
f 2447/498/2957 2420/498/2958 2446/498/2958
f 2446/498/2958 2351/498/2959 2389/498/2959
f 2443/498/2960 2351/498/2959 2417/498/2960
f 2443/498/2960 2416/498/2961 2442/498/2961
f 2442/498/2961 2415/498/2962 2441/498/2962
f 2441/498/2962 2352/498/2963 2390/498/2964
f 2390/498/2964 2414/498/2965 2440/498/2965
f 2440/498/2965 2413/498/2966 2439/498/2966
f 2438/498/2967 2413/498/2966 2412/498/2967
f 2438/498/2967 2353/498/2968 2391/498/2968
f 2391/498/2968 2411/498/2969 2437/498/2969
f 2436/498/2970 2411/498/2969 2410/498/2970
f 2436/498/2970 2409/498/2971 2435/498/2971
f 2435/498/2971 2409/498/2971 2354/498/2972
f 2367/498/2973 2358/498/2657 2419/498/2974
f 2357/498/2975 2419/498/2974 2418/498/2976
f 2423/498/2977 2418/498/2976 2427/498/2978
f 2424/498/2979 2427/498/2979 2426/498/2979
f 2405/498/2980 2426/498/2980 2356/498/2980
f 2407/498/2981 2356/498/2981 2348/498/2981
f 2395/498/2982 2455/498/2746 2456/498/2983
f 2395/498/2982 2404/498/2984 2445/498/2985
f 2445/498/2985 2394/498/2986 2444/498/2987
f 2444/498/2987 2449/498/2988 2453/498/2989
f 2453/498/2990 2450/498/2990 2452/498/2990
f 2393/498/2991 2450/498/2991 2432/498/2991
f 2386/498/2766 2432/498/2992 2433/498/2767
f 884/498/483 614/498/1149 938/498/484
f 871/498/486 1149/498/1209 718/498/487
f 532/498/489 606/498/2993 889/498/490
f 847/498/492 600/498/811 618/498/493
f 873/498/495 1138/498/1047 775/498/496
f 705/498/498 512/498/785 796/498/499
f 659/498/501 609/498/2994 872/498/502
f 1098/498/504 1071/498/715 768/498/505
f 782/498/507 1088/498/822 869/498/508
f 533/498/510 730/498/859 1133/498/511
f 865/498/513 534/498/1144 728/498/514
f 807/498/516 552/498/526 1028/498/517
f 919/498/522 1163/498/1024 1077/498/523
f 1105/498/525 759/498/737 552/498/526
f 740/498/527 981/498/1090 978/498/528
f 1186/498/530 804/498/531 540/498/531
f 1200/498/534 1056/498/933 737/498/532
f 737/498/532 536/498/1075 996/498/533
f 950/498/535 1182/498/1303 975/498/536
f 677/498/538 1057/498/530 1201/498/530
f 1066/498/539 762/498/978 801/498/540
f 766/498/542 1070/498/1004 1094/498/543
f 1096/498/541 800/498/1008 997/498/545
f 994/498/546 1199/498/547 820/498/547
f 492/498/521 705/498/498 1093/498/500
f 679/498/548 484/498/1449 729/498/549
f 865/498/513 531/498/565 657/498/551
f 1102/498/553 810/498/773 590/498/554
f 485/498/556 679/498/1456 1073/498/557
f 901/498/559 1166/498/568 1076/498/560
f 1067/498/562 763/498/998 803/498/563
f 531/498/565 609/498/1152 659/498/566
f 1166/498/568 690/498/2995 680/498/569
f 903/498/570 1162/498/1030 1080/498/571
f 722/498/573 530/498/902 607/498/574
f 1188/498/547 987/498/711 546/498/576
f 686/498/577 1139/498/1107 881/498/578
f 484/498/580 685/498/1475 1134/498/581
f 1198/498/583 993/498/584 745/498/584
f 836/498/585 595/498/875 605/498/586
f 1124/498/588 854/498/670 741/498/589
f 700/498/591 1214/498/1338 1045/498/592
f 1268/498/594 512/498/785 705/498/498
f 1098/498/504 783/498/928 506/498/596
f 537/498/598 767/498/947 1074/498/599
f 914/498/601 1158/498/602 911/498/602
f 808/498/603 553/498/674 760/498/604
f 1062/498/590 863/498/2996 940/498/606
f 1192/498/607 983/498/608 542/498/608
f 984/498/609 1190/498/610 750/498/610
f 1191/498/611 984/498/609 543/498/609
f 985/498/584 1189/498/583 751/498/583
f 1190/498/610 985/498/584 544/498/584
f 986/498/546 1188/498/547 752/498/547
f 817/498/612 1066/498/924 997/498/613
f 1081/498/615 838/498/524 831/498/616
f 945/498/618 976/498/766 658/498/619
f 660/498/621 646/498/1169 853/498/529
f 1048/498/622 1109/498/805 707/498/623
f 527/498/625 718/498/1132 1174/498/626
f 981/498/2997 740/498/974 538/498/2998
f 835/498/631 596/498/884 608/498/632
f 505/498/624 706/498/1527 1233/498/634
f 1053/498/635 489/498/640 694/498/636
f 884/498/483 613/498/833 597/498/638
f 489/498/640 1053/498/635 834/498/641
f 919/498/643 1165/498/854 929/498/644
f 920/498/646 1164/498/728 928/498/647
f 519/498/649 713/498/709 1173/498/650
f 917/498/652 619/498/832 894/498/653
f 863/498/655 1064/498/961 1122/498/656
f 754/498/531 1201/498/530 1057/498/530
f 1055/498/547 735/498/929 995/498/658
f 502/498/659 956/498/739 1129/498/530
f 665/498/660 1031/498/1076 1232/498/661
f 568/498/663 785/498/1080 1225/498/664
f 734/498/666 1059/498/948 678/498/667
f 1121/498/583 939/498/546 862/498/546
f 983/498/608 1191/498/611 749/498/611
f 1059/498/669 741/498/589 854/498/670
f 1134/498/581 685/498/1475 483/498/672
f 1202/498/518 1028/498/517 553/498/674
f 487/498/675 755/498/977 1102/498/553
f 988/498/677 1103/498/748 769/498/678
f 568/498/663 786/498/1048 1136/498/680
f 747/498/682 540/498/531 804/498/531
f 524/498/683 717/498/791 1144/498/684
f 727/498/512 1133/498/511 864/498/686
f 570/498/688 720/498/1217 1141/498/689
f 1143/498/691 691/498/1215 494/498/692
f 1006/498/694 1203/498/1079 1029/498/695
f 636/498/697 928/498/1231 898/498/698
f 1157/498/700 915/498/1247 625/498/701
f 500/498/703 690/498/1582 1166/498/704
f 637/498/706 927/498/1235 896/498/707
f 713/498/709 520/498/1191 948/498/710
f 820/498/547 582/498/1126 987/498/711
f 635/498/712 929/498/1222 900/498/713
f 1071/498/715 1098/498/504 709/498/597
f 1187/498/717 988/498/677 547/498/679
f 688/498/719 1157/498/700 898/498/702
f 689/498/721 496/498/2999 893/498/722
f 909/498/724 632/498/952 915/498/725
f 501/498/727 928/498/647 1164/498/728
f 1171/498/730 693/498/3000 503/498/731
f 805/498/733 550/498/967 758/498/734
f 806/498/736 551/498/968 759/498/737
f 692/498/738 1169/498/754 956/498/739
f 721/498/740 482/498/3001 693/498/741
f 958/498/732 503/498/731 684/498/743
f 1116/498/744 832/498/1136 591/498/745
f 554/498/747 769/498/678 1103/498/748
f 569/498/750 787/498/1200 1135/498/751
f 683/498/538 1129/498/530 1057/498/530
f 481/498/753 710/498/1216 1169/498/754
f 639/498/755 922/498/1254 1161/498/756
f 893/498/758 930/498/705 633/498/759
f 902/498/761 1165/498/1023 1081/498/615
f 921/498/763 1161/498/1006 1083/498/764
f 775/498/496 658/498/619 976/498/766
f 1132/498/515 728/498/514 535/498/768
f 695/498/538 1186/498/530 746/498/530
f 987/498/711 1187/498/717 753/498/718
f 982/498/770 1192/498/607 748/498/607
f 1104/498/605 760/498/604 554/498/747
f 490/498/538 818/498/530 1186/498/530
f 548/498/771 756/498/1012 1101/498/772
f 1189/498/583 986/498/546 545/498/546
f 757/498/774 1107/498/966 989/498/775
f 590/498/554 811/498/1117 1072/498/777
f 577/498/531 818/498/530 1201/498/530
f 939/498/546 1131/498/547 1055/498/547
f 879/498/779 1032/498/1317 1226/498/780
f 1132/498/515 723/498/491 531/498/565
f 888/498/782 610/498/840 934/498/783
f 512/498/785 698/498/1385 1211/498/786
f 1217/498/787 1044/498/1376 510/498/788
f 851/498/531 1128/498/682 1058/498/682
f 719/498/790 1147/498/1214 871/498/486
f 717/498/791 524/498/683 942/498/792
f 515/498/794 508/498/1380 1042/498/795
f 702/498/797 516/498/1661 1026/498/798
f 673/498/800 669/498/3002 1013/498/801
f 719/498/803 1176/498/1206 945/498/618
f 507/498/804 707/498/623 1109/498/805
f 592/498/807 828/498/1019 1110/498/808
f 877/498/810 618/498/493 600/498/811
f 511/498/815 1045/498/3003 1217/498/787
f 1017/498/816 514/498/1337 699/498/817
f 892/498/587 605/498/586 931/498/819
f 564/498/821 868/498/931 1088/498/822
f 513/498/823 1013/498/3004 1211/498/824
f 912/498/826 1158/498/1229 900/498/827
f 619/498/760 633/498/759 926/498/829
f 605/498/586 890/498/633 1148/498/831
f 1151/498/723 893/498/722 619/498/832
f 613/498/833 884/498/483 1142/498/485
f 912/498/835 1153/498/951 908/498/836
f 711/498/837 518/498/1199 944/498/838
f 610/498/840 887/498/1128 1145/498/841
f 886/498/842 612/498/846 936/498/685
f 885/498/693 613/498/833 937/498/834
f 903/498/843 638/498/1111 926/498/829
f 1150/498/820 870/498/1197 604/498/845
f 612/498/846 883/498/494 1141/498/689
f 970/498/847 1082/498/1014 1054/498/848
f 876/498/690 1141/498/689 883/498/494
f 714/498/850 521/498/1201 949/498/851
f 634/498/853 929/498/644 1165/498/854
f 560/498/856 615/498/906 1004/498/857
f 725/498/673 530/498/902 730/498/859
f 883/498/494 612/498/846 603/498/860
f 790/498/861 1030/498/1124 1210/498/862
f 1133/498/511 722/498/573 532/498/489
f 495/498/865 881/498/1156 725/498/673
f 838/498/524 1077/498/523 1050/498/866
f 882/498/867 614/498/1149 593/498/868
f 594/498/870 837/498/869 1049/498/871
f 837/498/869 593/498/868 556/498/873
f 1077/498/523 973/498/1314 528/498/874
f 595/498/875 836/498/585 1050/498/876
f 528/498/877 1051/498/885 835/498/631
f 674/498/878 670/498/3005 1014/498/879
f 1083/498/881 972/498/1028 555/498/882
f 837/498/869 594/498/870 604/498/845
f 596/498/884 835/498/631 1051/498/885
f 1009/498/887 1108/498/1065 1001/498/888
f 567/498/890 827/498/1064 1109/498/805
f 664/498/889 1001/498/888 1052/498/891
f 867/498/893 563/498/897 779/498/894
f 779/498/894 1052/498/891 1001/498/888
f 563/498/897 726/498/898 1052/498/891
f 726/498/898 662/498/900 1012/498/892
f 1209/498/899 1010/498/1112 662/498/900
f 597/498/638 834/498/641 1053/498/635
f 684/498/743 678/498/1758 1059/498/669
f 1133/498/511 730/498/859 530/498/902
f 1136/498/680 875/498/752 617/498/903
f 774/498/905 880/498/1040 615/498/906
f 891/498/575 606/498/2993 532/498/489
f 593/498/868 833/498/639 1054/498/907
f 833/498/639 597/498/638 557/498/901
f 1074/498/908 727/498/1018 535/498/909
f 1075/498/911 761/498/910 535/498/909
f 974/498/913 1084/498/3006 866/498/914
f 558/498/916 866/498/3007 1086/498/917
f 778/498/918 1086/498/917 867/498/919
f 859/498/921 1118/498/1085 1090/498/922
f 1066/498/924 817/498/612 584/498/925
f 566/498/509 869/498/508 1233/498/927
f 1131/498/547 849/498/932 735/498/929
f 780/498/930 1087/498/1045 868/498/931
f 849/498/932 1130/498/1181 1056/498/933
f 1058/498/682 739/498/770 990/498/770
f 1011/498/662 1232/498/661 1205/498/934
f 852/498/770 1126/498/607 1060/498/607
f 1200/498/534 995/498/658 735/498/929
f 856/498/609 1123/498/610 1063/498/610
f 992/498/609 1196/498/611 1061/498/611
f 1060/498/607 742/498/608 991/498/608
f 1199/498/547 994/498/546 862/498/546
f 1194/498/682 754/498/531 738/498/531
f 1128/498/682 852/498/770 739/498/770
f 738/498/531 1057/498/530 1129/498/530
f 913/498/936 627/498/936 905/498/937
f 1152/498/939 906/498/1252 627/498/936
f 732/498/940 539/498/960 761/498/941
f 1117/498/942 861/498/1151 795/498/943
f 656/498/630 538/498/629 770/498/945
f 767/498/947 537/498/598 734/498/558
f 1059/498/948 734/498/666 537/498/949
f 1065/498/583 862/498/546 994/498/546
f 1153/498/951 915/498/725 632/498/952
f 1195/498/607 990/498/770 739/498/770
f 855/498/608 1125/498/611 1061/498/611
f 776/498/953 1085/498/1053 1120/498/954
f 1125/498/611 856/498/609 743/498/609
f 499/498/956 909/498/724 1157/498/726
f 1196/498/611 991/498/608 742/498/608
f 1063/498/610 745/498/584 993/498/584
f 1126/498/607 855/498/608 742/498/608
f 498/498/957 689/498/957 1151/498/958
f 731/498/600 1074/498/599 761/498/941
f 853/498/529 1122/498/656 1064/498/961
f 538/498/629 732/498/940 1075/498/911
f 731/498/962 1062/498/963 741/498/950
f 1062/498/963 731/498/962 539/498/964
f 1123/498/610 857/498/584 745/498/584
f 1197/498/610 992/498/609 743/498/609
f 1107/498/966 757/498/774 550/498/967
f 1106/498/735 758/498/734 551/498/968
f 843/498/969 529/498/3008 616/498/970
f 539/498/964 732/498/973 1064/498/972
f 732/498/973 538/498/2998 740/498/974
f 850/498/975 1119/498/1078 1089/498/976
f 1193/498/682 982/498/770 541/498/770
f 755/498/977 548/498/771 810/498/773
f 754/498/531 1194/498/682 825/498/682
f 1099/498/564 801/498/540 762/498/978
f 1095/498/979 798/498/1001 765/498/980
f 1034/498/982 1208/498/991 764/498/983
f 799/498/985 1100/498/997 1068/498/986
f 814/498/988 1069/498/981 765/498/989
f 588/498/990 765/498/989 1208/498/991
f 1072/498/992 1097/498/1009 802/498/506
f 1067/498/993 816/498/1119 586/498/994
f 812/498/555 590/498/554 768/498/778
f 1069/498/981 766/498/542 797/498/544
f 1100/498/997 803/498/563 763/498/998
f 587/498/984 764/498/983 1068/498/999
f 798/498/1001 1207/498/1005 1208/498/1002
f 996/498/533 536/498/1075 733/498/1003
f 733/498/1003 1094/498/543 1070/498/1004
f 1207/498/1005 799/498/985 764/498/987
f 1161/498/1006 922/498/1035 972/498/1007
f 696/498/538 1201/498/530 818/498/530
f 1072/498/992 997/498/545 800/498/1008
f 655/498/1010 979/498/946 770/498/945
f 989/498/775 1101/498/772 756/498/1012
f 1160/498/1013 902/498/761 772/498/762
f 1002/498/1015 561/498/1054 799/498/985
f 1164/498/1016 920/498/1022 970/498/847
f 767/498/1017 533/498/1378 727/498/1018
f 1076/498/1020 771/498/813 828/498/1019
f 920/498/1022 1160/498/1013 1082/498/1014
f 978/498/528 1183/498/1089 975/498/536
f 1165/498/1023 919/498/522 838/498/524
f 1163/498/1024 921/498/763 973/498/765
f 1112/498/1025 1078/498/1029 971/498/1026
f 1112/498/1025 555/498/882 972/498/1028
f 1162/498/1030 901/498/559 969/498/561
f 1159/498/1031 903/498/570 971/498/572
f 834/498/641 597/498/638 613/498/833
f 1111/498/1033 1080/498/1034 969/498/1021
f 1080/498/1034 1111/498/1033 826/498/1027
f 922/498/1035 1159/498/1031 1078/498/1032
f 1082/498/1014 772/498/762 556/498/1036
f 772/498/762 1081/498/615 1049/498/617
f 655/498/1037 980/498/552 1084/498/1038
f 880/498/1040 774/498/905 657/498/567
f 774/498/1041 1084/498/3009 980/498/552
f 1084/498/1042 774/498/3010 560/498/1043
f 562/498/920 867/498/919 1087/498/1045
f 880/498/1046 659/498/501 977/498/503
f 786/498/1048 568/498/663 953/498/665
f 1227/498/1050 1092/498/1100 1033/498/1051
f 1085/498/1053 776/498/1186 561/498/1054
f 1002/498/1015 665/498/660 1011/498/662
f 1037/498/1055 1021/498/1339 1039/498/880
f 895/498/1056 923/498/1109 639/498/755
f 560/498/856 998/498/858 1209/498/899
f 777/498/1058 1086/498/1061 866/498/1059
f 1086/498/1061 777/498/1058 563/498/897
f 729/498/582 1134/498/581 730/498/859
f 974/498/1062 1184/498/1311 979/498/946
f 781/498/1063 1108/498/1065 827/498/1064
f 1108/498/1065 781/498/1063 565/498/896
f 706/498/1066 506/498/596 783/498/928
f 869/498/1067 567/498/890 1048/498/622
f 781/498/1063 1088/498/1069 868/498/1068
f 1088/498/1069 781/498/1063 567/498/890
f 860/498/1070 1117/498/942 1091/498/944
f 574/498/1072 791/498/1073 1095/498/979
f 791/498/1073 573/498/1077 798/498/1001
f 857/498/584 1121/498/583 1065/498/583
f 733/498/1003 1089/498/976 793/498/923
f 1089/498/976 733/498/1003 536/498/1075
f 795/498/943 1232/498/661 1031/498/1076
f 793/498/923 1089/498/976 1119/498/1078
f 574/498/1072 792/498/1081 1090/498/922
f 1203/498/1079 1225/498/664 785/498/1080
f 792/498/1081 575/498/1074 793/498/923
f 1231/498/1082 789/498/1369 571/498/1083
f 1118/498/1085 860/498/1070 794/498/1071
f 573/498/1077 791/498/1073 1091/498/944
f 791/498/1073 574/498/1072 794/498/1071
f 598/498/1086 788/498/1099 1114/498/1087
f 1183/498/1089 978/498/528 981/498/1090
f 1027/498/1092 661/498/1143 667/498/1093
f 703/498/1095 509/498/1373 1043/498/1096
f 724/498/1098 529/498/3008 788/498/1099
f 1092/498/1100 788/498/1099 598/498/1086
f 703/498/1101 1213/498/3011 1220/498/1102
f 572/498/1103 796/498/499 1211/498/786
f 682/498/520 829/498/519 592/498/807
f 1093/498/500 796/498/499 572/498/1103
f 829/498/519 1093/498/500 1047/498/1105
f 607/498/1106 881/498/578 1139/498/1107
f 573/498/1077 1031/498/1076 1207/498/1005
f 923/498/1109 895/498/1056 620/498/1110
f 788/498/1099 529/498/3008 843/498/969
f 1010/498/1112 1227/498/1050 999/498/1052
f 562/498/920 780/498/930 1096/498/541
f 780/498/930 564/498/821 800/498/1008
f 782/498/507 1097/498/1009 800/498/1008
f 1097/498/1009 782/498/507 566/498/509
f 783/498/928 1098/498/504 802/498/506
f 558/498/916 778/498/918 1099/498/564
f 778/498/918 562/498/920 801/498/540
f 1184/498/1113 974/498/913 558/498/915
f 561/498/1054 784/498/1115 1100/498/997
f 784/498/1115 558/498/916 803/498/563
f 766/498/542 589/498/1118 813/498/1116
f 585/498/614 811/498/1117 1101/498/772
f 810/498/773 1101/498/772 811/498/1117
f 814/498/988 1104/498/605 809/498/749
f 816/498/1119 1106/498/735 806/498/736
f 583/498/1120 813/498/1116 1103/498/748
f 589/498/1118 809/498/749 1103/498/748
f 1034/498/982 1202/498/518 808/498/603
f 491/498/1121 812/498/555 1071/498/996
f 588/498/990 808/498/603 1104/498/605
f 587/498/984 807/498/516 1202/498/518
f 807/498/516 587/498/984 815/498/1000
f 586/498/994 806/498/736 1105/498/525
f 1069/498/981 814/498/988 589/498/1118
f 817/498/612 1107/498/966 805/498/733
f 584/498/925 805/498/733 1106/498/735
f 1107/498/966 817/498/612 585/498/614
f 1206/498/1123 1009/498/887 664/498/889
f 819/498/1125 583/498/1120 988/498/677
f 583/498/1120 819/498/1125 1200/498/534
f 997/498/613 1072/498/777 811/498/1117
f 581/498/546 820/498/547 1188/498/547
f 1199/498/547 995/498/658 582/498/1126
f 821/498/583 581/498/546 986/498/546
f 763/498/995 586/498/994 815/498/1000
f 580/498/584 821/498/583 1189/498/583
f 822/498/610 580/498/584 985/498/584
f 1197/498/610 993/498/584 580/498/584
f 579/498/609 822/498/610 1190/498/610
f 823/498/611 579/498/609 984/498/609
f 1196/498/611 992/498/609 579/498/609
f 578/498/608 823/498/611 1191/498/611
f 824/498/607 578/498/608 983/498/608
f 1195/498/607 991/498/608 578/498/608
f 576/498/770 824/498/607 1192/498/607
f 827/498/1064 666/498/1129 1041/498/806
f 601/498/1127 844/498/1147 887/498/1128
f 995/498/658 1200/498/534 819/498/1125
f 666/498/1129 827/498/1064 1108/498/1065
f 493/498/1130 834/498/641 885/498/693
f 830/498/1131 1231/498/1082 1046/498/1084
f 718/498/1132 525/498/1277 946/498/1133
f 830/498/1131 1111/498/1033 828/498/1019
f 591/498/745 826/498/1027 1111/498/1033
f 892/498/587 604/498/845 594/498/870
f 845/498/1134 603/498/860 612/498/846
f 846/498/1135 888/498/782 608/498/632
f 832/498/1136 1116/498/744 848/498/1137
f 890/498/633 605/498/586 595/498/875
f 1087/498/895 779/498/894 565/498/896
f 967/498/1138 653/498/1157 860/498/1070
f 832/498/1136 596/498/884 555/498/886
f 603/498/860 848/498/1137 1116/498/744
f 841/498/746 600/498/811 847/498/492
f 600/498/811 841/498/746 1113/498/1140
f 841/498/746 591/498/745 1046/498/1084
f 840/498/1141 1113/498/1140 1046/498/1084
f 1113/498/1140 840/498/1141 599/498/1142
f 878/498/971 617/498/903 599/498/1142
f 1033/498/1051 598/498/1086 839/498/1088
f 1004/498/857 667/498/1093 661/498/1143
f 534/498/1144 865/498/513 980/498/552
f 1115/498/1145 845/498/1134 602/498/1146
f 844/498/1147 602/498/1146 611/498/1148
f 833/498/639 593/498/868 614/498/1149
f 571/498/1083 839/498/1088 1114/498/1087
f 826/498/1027 591/498/745 832/498/1136
f 654/498/1150 1036/498/1305 1224/498/934
f 848/498/1137 603/498/860 845/498/1134
f 842/498/812 599/498/1142 617/498/903
f 1115/498/1145 844/498/1147 601/498/1127
f 609/498/1152 531/498/565 723/498/491
f 1115/498/1145 846/498/1135 596/498/884
f 886/498/842 611/498/1148 602/498/1146
f 888/498/782 846/498/1135 601/498/1127
f 1221/498/1153 1015/498/1333 669/498/1154
f 777/498/1058 1209/498/899 726/498/898
f 881/498/1156 607/498/574 530/498/902
f 653/498/1157 968/498/1158 1117/498/942
f 861/498/1151 1117/498/942 968/498/1158
f 652/498/1159 967/498/1138 1118/498/1085
f 999/498/1052 1033/498/1051 1222/498/863
f 643/498/1160 966/498/1298 1119/498/1078
f 962/498/1161 650/498/1164 857/498/584
f 668/498/1162 965/498/1163 1120/498/954
f 858/498/955 1120/498/954 965/498/1163
f 1032/498/1094 879/498/1313 724/498/1098
f 650/498/1164 964/498/1165 1121/498/583
f 939/498/546 1121/498/583 964/498/1165
f 1124/498/588 940/498/606 641/498/1167
f 1008/498/935 1120/498/954 1085/498/1053
f 646/498/1169 963/498/1170 1122/498/656
f 940/498/657 1122/498/656 963/498/1170
f 959/498/1172 648/498/1178 855/498/608
f 649/498/1173 962/498/1161 1123/498/610
f 1127/498/671 854/498/670 647/498/1174
f 943/498/1175 1170/498/839 957/498/1176
f 854/498/670 1124/498/588 961/498/1168
f 648/498/1178 960/498/1290 1125/498/611
f 645/498/1179 959/498/1172 1126/498/607
f 644/498/1177 957/498/1176 1128/498/682
f 861/498/1151 1224/498/934 1232/498/661
f 642/498/1180 955/498/1274 1130/498/1181
f 957/498/1176 645/498/1179 852/498/770
f 1031/498/1076 665/498/660 1002/498/1015
f 1215/498/1182 1018/498/3012 672/498/1183
f 1079/498/637 970/498/847 557/498/849
f 1185/498/1309 773/498/1308 561/498/1310
f 1035/498/1187 572/498/1103 1015/498/1104
f 646/498/1169 660/498/621 976/498/1189
f 770/498/945 1075/498/911 728/498/912
f 831/498/872 1050/498/876 836/498/585
f 520/498/1191 713/498/709 1150/498/820
f 1135/498/751 876/498/690 618/498/493
f 875/498/752 1135/498/751 877/498/810
f 875/498/752 1136/498/680 786/498/1048
f 1137/498/781 874/498/681 616/498/1192
f 874/498/681 1136/498/680 878/498/904
f 932/498/1108 1139/498/1107 721/498/1193
f 873/498/495 1204/498/1212 1004/498/1195
f 870/498/1197 1150/498/820 713/498/709
f 858/498/955 1183/498/1089 1185/498/1091
f 711/498/837 517/498/1275 937/498/834
f 1138/498/1047 873/498/495 615/498/1196
f 519/498/649 712/498/1203 1140/498/1198
f 518/498/1199 711/498/837 1142/498/485
f 787/498/1200 570/498/688 876/498/690
f 870/498/1197 1140/498/1198 882/498/867
f 521/498/1201 714/498/850 1148/498/831
f 712/498/1203 518/498/1199 938/498/484
f 523/498/1204 716/498/1208 1145/498/841
f 527/498/625 744/498/627 1176/498/1206
f 717/498/791 523/498/1204 935/498/1205
f 522/498/1207 715/498/1213 1146/498/784
f 934/498/783 1145/498/841 716/498/1208
f 525/498/1194 718/498/487 1149/498/1209
f 1000/498/1210 663/498/696 1007/498/1211
f 715/498/1213 521/498/1201 933/498/1202
f 658/498/619 775/498/496 1138/498/1047
f 714/498/850 520/498/1191 931/498/819
f 977/498/503 872/498/502 526/498/620
f 608/498/632 888/498/782 1146/498/784
f 526/498/620 872/498/502 1147/498/1214
f 691/498/1215 1143/498/691 710/498/1216
f 720/498/1217 524/498/683 936/498/685
f 872/498/502 609/498/2994 889/498/1218
f 606/498/1219 871/498/486 1147/498/1214
f 890/498/633 608/498/632 933/498/1202
f 611/498/1148 886/498/842 1144/498/684
f 891/498/1220 607/498/1106 932/498/1108
f 624/498/1221 900/498/713 929/498/1222
f 569/498/750 786/498/1048 1181/498/1049
f 914/498/1225 1156/498/1263 896/498/1226
f 496/498/1228 500/498/703 930/498/705
f 1158/498/1229 914/498/1225 623/498/1227
f 497/498/1230 898/498/698 928/498/1231
f 897/498/1233 624/498/1221 634/498/1223
f 623/498/714 896/498/707 927/498/1235
f 1152/498/1236 895/498/1264 621/498/1237
f 894/498/830 926/498/829 638/498/1111
f 1154/498/1239 899/498/1246 622/498/1240
f 925/498/757 899/498/1248 621/498/1057
f 1153/498/1241 912/498/826 624/498/828
f 631/498/835 911/498/602 1158/498/602
f 916/498/1243 629/498/1243 910/498/1244
f 626/498/1245 917/498/1249 1155/498/938
f 918/498/1238 621/498/1237 899/498/1246
f 915/498/1247 1153/498/1241 897/498/1242
f 625/498/699 897/498/1233 924/498/1234
f 899/498/1248 925/498/757 637/498/706
f 917/498/1249 626/498/1245 904/498/959
f 630/498/601 907/498/1250 1156/498/1250
f 918/498/1251 628/498/1253 906/498/1252
f 628/498/1253 918/498/1251 1154/498/1244
f 916/498/1243 1156/498/1250 907/498/1250
f 922/498/1254 639/498/755 923/498/1109
f 638/498/1111 903/498/843 1159/498/1255
f 636/498/648 924/498/1257 1160/498/1256
f 902/498/855 1160/498/1256 924/498/1257
f 901/498/1258 633/498/759 930/498/705
f 921/498/1259 637/498/706 925/498/757
f 633/498/759 901/498/1258 1162/498/844
f 635/498/645 927/498/1235 1163/498/1260
f 921/498/1259 1163/498/1260 927/498/1235
f 1155/498/654 894/498/653 620/498/1261
f 1156/498/1263 916/498/1240 622/498/1240
f 913/498/1262 620/498/1261 895/498/1264
f 715/498/1213 522/498/1207 736/498/1265
f 520/498/1191 714/498/850 1175/498/852
f 716/498/1208 523/498/1204 941/498/1267
f 521/498/1201 715/498/1213 1177/498/1266
f 951/498/1269 1180/498/1299 967/498/1138
f 522/498/1207 716/498/1208 1167/498/1268
f 523/498/1204 717/498/791 1168/498/793
f 712/498/1203 519/498/649 947/498/651
f 720/498/1217 570/498/688 951/498/1271
f 1149/498/1209 871/498/486 606/498/1219
f 941/498/1273 1168/498/1285 955/498/1274
f 517/498/1275 711/498/837 1170/498/839
f 1176/498/1276 744/498/3013 641/498/1171
f 1171/498/742 946/498/1133 525/498/1277
f 1218/498/1278 1025/498/1307 1040/498/1279
f 524/498/683 720/498/1217 1179/498/1272
f 518/498/1199 712/498/1203 1172/498/1270
f 787/498/1200 569/498/750 952/498/1224
f 663/498/696 1029/498/695 1226/498/780
f 570/498/688 787/498/1200 1180/498/1281
f 1167/498/1282 941/498/1273 642/498/1180
f 736/498/1284 1167/498/1282 954/498/1283
f 1168/498/1285 942/498/1300 643/498/1160
f 944/498/838 1172/498/1270 959/498/1172
f 1169/498/754 943/498/1175 644/498/1177
f 559/498/497 775/498/496 1182/498/767
f 1170/498/839 944/498/838 645/498/1179
f 956/498/739 644/498/1177 851/498/531
f 945/498/1190 1176/498/1276 963/498/1170
f 948/498/710 1175/498/1292 962/498/1161
f 946/498/1287 1171/498/730 958/498/732
f 1174/498/1288 946/498/1287 647/498/1174
f 864/498/769 532/498/489 723/498/491
f 949/498/1289 1177/498/1293 964/498/1165
f 1172/498/1270 947/498/651 648/498/1178
f 1173/498/650 948/498/710 649/498/1173
f 710/498/1216 517/498/1275 943/498/1175
f 744/498/1291 1174/498/1288 961/498/1168
f 1131/498/547 939/498/546 640/498/1166
f 1175/498/1292 949/498/1289 650/498/1164
f 651/498/537 975/498/536 1183/498/1089
f 960/498/1290 649/498/1173 856/498/609
f 1177/498/1293 736/498/1284 640/498/1166
f 952/498/1294 1181/498/1301 968/498/1158
f 663/498/696 1000/498/1210 1178/498/1295
f 950/498/1286 1178/498/1295 1000/498/1210
f 1178/498/1296 950/498/535 651/498/537
f 1179/498/1297 951/498/1269 652/498/1159
f 1180/498/1299 952/498/1294 653/498/1157
f 966/498/1298 652/498/1159 859/498/921
f 942/498/1300 1179/498/1297 966/498/1298
f 1181/498/1301 953/498/1304 654/498/1150
f 1079/498/637 694/498/636 687/498/1302
f 660/498/621 975/498/536 1182/498/1303
f 953/498/1304 1225/498/1367 1036/498/1305
f 1219/498/1306 1215/498/1182 1040/498/1279
f 517/498/1275 710/498/1216 1143/498/691
f 954/498/1283 642/498/1180 849/498/932
f 614/498/1149 882/498/867 1140/498/1198
f 887/498/1128 611/498/1148 935/498/1205
f 792/498/1081 574/498/1072 797/498/544
f 947/498/651 1173/498/650 960/498/1290
f 981/498/628 656/498/630 773/498/1308
f 773/498/1308 1184/498/1113 784/498/1114
f 656/498/630 979/498/946 1184/498/1311
f 616/498/970 529/498/3008 724/498/1098
f 1193/498/682 804/498/531 577/498/531
f 804/498/531 1186/498/530 818/498/530
f 583/498/1120 996/498/533 1070/498/1004
f 825/498/682 576/498/770 982/498/770
f 973/498/1314 1083/498/881 1051/498/883
f 582/498/1126 819/498/1125 1187/498/717
f 1010/498/1112 1209/498/899 998/498/858
f 990/498/770 1195/498/607 824/498/607
f 991/498/608 1196/498/611 823/498/611
f 992/498/609 1197/498/610 822/498/610
f 993/498/584 1198/498/583 821/498/583
f 1198/498/583 994/498/546 581/498/546
f 1130/498/1181 850/498/975 737/498/532
f 1194/498/682 990/498/770 576/498/770
f 762/498/926 584/498/925 816/498/1119
f 874/498/681 1137/498/781 785/498/1080
f 559/498/497 1000/498/1210 1204/498/1212
f 668/498/1162 1005/498/1321 1203/498/1315
f 1032/498/1317 667/498/1320 1007/498/1211
f 1219/498/1306 1019/498/1375 671/498/1318
f 667/498/1320 1004/498/1195 1204/498/1212
f 1008/498/935 1205/498/934 1005/498/1321
f 1223/498/1322 1206/498/1123 1030/498/1124
f 1205/498/934 1224/498/934 1036/498/1305
f 666/498/1129 1003/498/1325 1212/498/1323
f 1003/498/1325 1035/498/1187 1221/498/1188
f 1027/498/1092 724/498/1098 1092/498/1100
f 1003/498/1325 666/498/1129 1009/498/887
f 1213/498/1326 1018/498/1341 1038/498/1327
f 1227/498/1050 1010/498/1112 661/498/1143
f 1016/498/1329 670/498/1336 1042/498/1330
f 662/498/900 999/498/1052 1210/498/862
f 1013/498/1332 669/498/1154 1015/498/1333
f 1206/498/1123 1223/498/1322 1035/498/1187
f 1212/498/1335 1014/498/1340 670/498/1336
f 514/498/1337 1017/498/816 1214/498/1338
f 1216/498/1280 1039/498/880 1021/498/1339
f 1221/498/1153 1037/498/1155 1014/498/1340
f 1018/498/1341 1213/498/1326 1043/498/1342
f 515/498/794 1022/498/796 1228/498/1344
f 1017/498/1346 1220/498/1328 1038/498/1327
f 1017/498/1346 671/498/1347 1019/498/1348
f 1214/498/1349 1019/498/1348 675/498/1350
f 676/498/1352 1024/498/1364 1229/498/1353
f 1038/498/1319 1018/498/3012 1215/498/1182
f 1024/498/1184 676/498/1362 1040/498/1279
f 676/498/1352 1026/498/1354 1228/498/1355
f 1020/498/1356 1228/498/1355 1022/498/1357
f 1025/498/1307 1218/498/1278 1023/498/1359
f 1020/498/1361 1216/498/1280 1040/498/1279
f 1216/498/1280 1020/498/1361 674/498/878
f 675/498/1350 1023/498/1365 1217/498/1363
f 1024/498/1364 672/498/1343 1043/498/1342
f 1023/498/1365 673/498/800 1044/498/802
f 673/498/1366 1023/498/1359 1218/498/1278
f 1005/498/1321 1036/498/1305 1225/498/1367
f 1041/498/806 1230/498/1382 704/498/1368
f 571/498/1083 790/498/1370 1222/498/863
f 843/498/969 599/498/1142 840/498/1141
f 1047/498/1105 572/498/1103 789/498/1369
f 789/498/1369 1223/498/1322 790/498/1370
f 572/498/1103 1035/498/1187 1223/498/1322
f 575/498/1074 792/498/1081 1094/498/543
f 482/498/1371 721/498/1193 1139/498/1107
f 1029/498/695 785/498/1080 1137/498/781
f 1022/498/1357 1042/498/1330 670/498/1336
f 1021/498/1339 1037/498/1055 669/498/1372
f 1229/498/799 1043/498/1096 509/498/1373
f 1026/498/1374 516/498/2205 697/498/1345
f 1025/498/1307 675/498/1360 1019/498/1375
f 1044/498/1376 1013/498/3014 513/498/1377
f 592/498/807 1047/498/1105 1231/498/1082
f 533/498/1378 767/498/1017 1073/498/550
f 1230/498/1379 1042/498/795 508/498/1380
f 666/498/1129 1016/498/1324 1230/498/1382
f 771/498/813 1076/498/1020 680/498/1383
f 681/498/676 1102/498/553 812/498/555
f 1012/498/892 1210/498/862 1030/498/1124
f 965/498/1163 668/498/1162 1006/498/1316
f 955/498/1274 643/498/1160 850/498/975
f 758/498/1384 1262/498/1384 1247/498/1384
f 552/498/1384 1248/498/1384 1266/498/1384
f 551/498/1384 1247/498/1384 1263/498/1384
f 759/498/1384 1263/498/1384 1248/498/1384
f 1028/498/1384 1266/498/1384 1249/498/1384
f 746/498/1384 540/498/1384 1236/498/1384
f 553/498/1384 1249/498/1384 1264/498/1384
f 486/498/1384 746/498/1384 1251/498/1384
f 760/498/1384 1264/498/1384 1250/498/1384
f 747/498/1384 541/498/1384 1237/498/1384
f 540/498/1384 747/498/1384 1252/498/1384
f 748/498/1384 542/498/1384 1238/498/1384
f 541/498/1384 748/498/1384 1253/498/1384
f 749/498/1384 543/498/1384 1239/498/1384
f 542/498/1384 749/498/1384 1254/498/1384
f 750/498/1384 544/498/1384 1240/498/1384
f 543/498/1384 750/498/1384 1255/498/1384
f 751/498/1384 545/498/1384 1241/498/1384
f 544/498/1384 751/498/1384 1256/498/1384
f 752/498/1384 546/498/1384 1242/498/1384
f 545/498/1384 752/498/1384 1257/498/1384
f 753/498/1384 547/498/1384 1243/498/1384
f 546/498/1384 753/498/1384 1258/498/1384
f 554/498/1384 1250/498/1384 1265/498/1384
f 487/498/1384 1235/498/1384 1259/498/1384
f 755/498/1384 1259/498/1384 1244/498/1384
f 769/498/1384 1265/498/1384 1243/498/1384
f 548/498/1384 1244/498/1384 1260/498/1384
f 756/498/1384 1260/498/1384 1245/498/1384
f 549/498/1384 1245/498/1384 1261/498/1384
f 757/498/1384 1261/498/1384 1246/498/1384
f 550/498/1384 1246/498/1384 1262/498/1384
f 1658/498/1386 1367/498/1981 1604/498/1387
f 1438/498/1389 1868/498/2048 1591/498/1390
f 1285/498/1392 1443/498/1986 1609/498/1393
f 1371/498/1395 1353/498/1670 1567/498/1396
f 1495/498/1398 1857/498/1895 1593/498/1399
f 1429/498/1401 1813/498/1447 1516/498/1402
f 1412/498/1404 1697/498/1893 1592/498/1405
f 1488/498/1407 1791/498/1592 1818/498/1408
f 1589/498/1410 1808/498/1676 1502/498/1411
f 1852/498/1413 1450/498/1714 1286/498/1414
f 1448/498/1416 1287/498/1976 1585/498/1417
f 1527/498/1419 1921/498/1556 1748/498/1420
f 1639/498/1423 1558/498/1508 1797/498/1424
f 1305/498/1421 1479/498/1607 1825/498/1426
f 1460/498/1427 1573/498/1513 1698/498/1428
f 1905/498/1430 1466/498/1430 1293/498/1431
f 1457/498/1434 1776/498/1786 1919/498/1432
f 1919/498/1432 1716/498/1851 1289/498/1433
f 1695/498/1435 1901/498/2146 1670/498/1436
f 1920/498/1430 1777/498/1430 677/498/538
f 1521/498/1438 1482/498/1825 1786/498/1439
f 1486/498/1441 1517/498/1846 1814/498/1442
f 1717/498/1444 1520/498/1857 1816/498/1440
f 1540/498/1445 1918/498/1445 1714/498/1446
f 1813/498/1447 1429/498/1401 492/498/521
f 679/498/548 1793/498/2209 1449/498/1448
f 1410/498/1450 1284/498/1463 1585/498/1417
f 1343/498/1452 1530/498/1641 1822/498/1453
f 485/498/556 1454/498/1801 1793/498/1455
f 1621/498/1457 1689/498/1874 1796/498/1458
f 1787/498/1460 1819/498/1826 1523/498/1461
f 1284/498/1463 1410/498/1887 1412/498/1464
f 680/498/569 690/498/2995 1885/498/1459
f 1623/498/1466 1691/498/1876 1800/498/1467
f 1360/498/1469 1283/498/1715 1442/498/1470
f 1907/498/1445 1472/498/1445 1299/498/1472
f 1601/498/1473 1858/498/1943 686/498/577
f 484/498/580 1449/498/1910 1853/498/1474
f 1465/498/1476 1713/498/1476 1917/498/1477
f 1358/498/1478 1348/498/1731 1556/498/1479
f 1843/498/1481 1782/498/1497 1461/498/1482
f 700/498/591 511/498/593 1765/498/1484
f 1268/498/594 1267/498/595 1429/498/1401
f 1818/498/1408 709/498/597 506/498/596
f 1794/498/1487 1487/498/1802 1290/498/1488
f 1631/498/1490 1877/498/2078 1634/498/1491
f 1528/498/1493 1824/498/1638 1480/498/1494
f 1660/498/1496 1583/498/3015 1782/498/1497
f 1911/498/1498 1468/498/1498 1295/498/1499
f 1470/498/1500 1909/498/1500 1704/498/1501
f 1910/498/1502 1469/498/1502 1296/498/1501
f 1471/498/1477 1908/498/1477 1705/498/1476
f 1909/498/1500 1470/498/1500 1297/498/1476
f 1472/498/1445 1907/498/1445 1706/498/1446
f 1537/498/1503 1338/498/1952 1717/498/1504
f 1801/498/1506 1769/498/1883 1551/498/1507
f 1411/498/1509 1696/498/1634 1665/498/1510
f 1413/498/1512 1698/498/1428 1573/498/1513
f 1768/498/1515 505/498/624 707/498/623
f 1280/498/1517 1464/498/3016 1893/498/1518
f 1291/498/3017 1460/498/1821 1701/498/3018
f 1361/498/1523 1349/498/1739 1555/498/1524
f 505/498/624 1768/498/1515 1952/498/1526
f 694/498/636 489/498/640 1773/498/1528
f 1604/498/1387 1553/498/1764 1350/498/1530
f 1554/498/1532 1773/498/1528 489/498/640
f 1649/498/1533 1884/498/1707 1639/498/1534
f 1648/498/1536 1883/498/1600 1640/498/1537
f 1272/498/1539 1667/498/2109 1892/498/1540
f 1614/498/1542 1372/498/1685 1637/498/1543
f 1841/498/1545 1784/498/1810 1583/498/1546
f 1777/498/1430 1920/498/1430 1474/498/1431
f 1775/498/1445 1918/498/1445 1715/498/1548
f 1848/498/1430 1676/498/1609 502/498/659
f 1321/498/1550 1673/498/1896 1944/498/1551
f 1454/498/1553 485/498/668 678/498/667
f 1582/498/1446 1659/498/1446 1840/498/1477
f 1469/498/1502 1910/498/1502 1703/498/1499
f 1779/498/1555 1846/498/1612 1574/498/1483
f 1853/498/1474 1445/498/1713 483/498/672
f 1921/498/1556 1528/498/1493 1306/498/1495
f 1822/498/1453 1475/498/1824 487/498/675
f 1489/498/1557 1823/498/1616 1708/498/1558
f 1321/498/1550 1594/498/2030 1855/498/1560
f 1467/498/1562 1912/498/1562 1524/498/1431
f 1863/498/1563 1437/498/1656 1277/498/1564
f 1584/498/1566 1852/498/1413 1447/498/1415
f 1860/498/1568 1440/498/2055 1323/498/1569
f 1862/498/1571 1605/498/1696 494/498/692
f 1749/498/1572 1922/498/1925 1726/498/1573
f 1389/498/1575 1378/498/2086 1618/498/1576
f 1876/498/1578 1618/498/1594 1378/498/1579
f 500/498/703 1650/498/2064 1885/498/1581
f 1390/498/1583 1375/498/2088 1616/498/1584
f 1433/498/1541 1892/498/1540 1668/498/1586
f 1540/498/1445 1907/498/1445 1707/498/1472
f 1388/498/1589 1376/498/2069 1620/498/1590
f 1791/498/1592 708/498/716 709/498/597
f 1906/498/1593 1473/498/1636 1300/498/1559
f 1618/498/1594 1876/498/1578 688/498/719
f 1613/498/1595 496/498/2999 689/498/721
f 1635/498/1597 1385/498/1805 1629/498/1598
f 1883/498/1600 1648/498/1536 501/498/727
f 503/498/731 693/498/3000 1890/498/1601
f 1525/498/1603 1826/498/1815 1478/498/1604
f 1526/498/1606 1825/498/1426 1479/498/1607
f 1676/498/1609 1888/498/1622 692/498/738
f 693/498/741 482/498/3001 1441/498/1610
f 684/498/743 503/498/731 1678/498/1602
f 1835/498/1613 1561/498/1968 1344/498/1614
f 1823/498/1616 1489/498/1557 1307/498/1617
f 1854/498/1619 1507/498/2041 1322/498/1620
f 1777/498/1430 1848/498/1430 683/498/538
f 1888/498/1622 1430/498/2054 481/498/753
f 1392/498/1623 1645/498/2075 1880/498/1624
f 1386/498/1626 1650/498/2064 1613/498/1627
f 1622/498/1629 1492/498/1862 1801/498/1506
f 1803/498/1631 1880/498/1856 1641/498/1632
f 1495/498/1398 1901/498/2128 1696/498/1634
f 1851/498/1418 1584/498/2131 1288/498/1635
f 1466/498/1430 1905/498/1430 695/498/538
f 1473/498/1636 1906/498/1593 1707/498/1472
f 1468/498/1498 1911/498/1498 1702/498/1637
f 1824/498/1638 1529/498/1618 1307/498/1617
f 1905/498/1430 1538/498/1430 490/498/538
f 1821/498/1639 1476/498/1860 1301/498/1640
f 1908/498/1477 1471/498/1477 1298/498/1446
f 1477/498/1642 1302/498/3019 1709/498/1643
f 1792/498/1645 1531/498/1953 1343/498/1452
f 1330/498/1431 1474/498/1431 1920/498/1430
f 1775/498/1445 1850/498/1445 1659/498/1446
f 1945/498/1647 1752/498/2159 1599/498/1648
f 1284/498/1463 1443/498/1986 1851/498/1418
f 1654/498/1650 1363/498/1691 1608/498/1651
f 1930/498/1653 698/498/1385 1269/498/1403
f 510/498/788 1764/498/2207 1936/498/1654
f 1778/498/1562 1847/498/1562 1571/498/1431
f 1591/498/1390 1866/498/2053 1439/498/1655
f 1437/498/1656 1887/498/2108 1662/498/1657
f 1762/498/1658 508/498/1380 515/498/794
f 702/498/797 1948/498/2203 1746/498/1660
f 1733/498/1662 1421/498/3020 1425/498/1663
f 1665/498/1510 1895/498/2045 1439/498/1665
f 1829/498/1516 707/498/623 507/498/804
f 1345/498/1667 504/498/809 1110/498/808
f 1597/498/1669 1562/498/1985 1353/498/1670
f 1936/498/1654 1765/498/3021 511/498/815
f 1737/498/1672 1939/498/3022 699/498/817
f 1651/498/1673 1358/498/1478 1612/498/1480
f 1317/498/1675 1502/498/1411 1808/498/1676
f 1930/498/1678 1733/498/3023 513/498/823
f 1632/498/1679 1377/498/2077 1620/498/1680
f 1646/498/1682 1386/498/1626 1372/498/1628
f 1358/498/1478 1651/498/1673 1867/498/1684
f 1372/498/1685 1613/498/1595 1870/498/1596
f 1366/498/1531 1657/498/1695 1861/498/1388
f 1628/498/1686 1872/498/1804 1632/498/1687
f 1431/498/1688 1889/498/2113 1664/498/1689
f 1363/498/1691 1654/498/1650 1864/498/1692
f 1656/498/1565 1365/498/1700 1606/498/1694
f 1657/498/1695 1366/498/1531 1605/498/1696
f 1623/498/1697 1881/498/2097 1646/498/1682
f 1357/498/1699 1590/498/2036 1869/498/1674
f 1365/498/1700 1656/498/1565 1860/498/1568
f 1690/498/1701 1310/498/2021 1774/498/1702
f 1603/498/1397 1860/498/1568 1596/498/1570
f 1434/498/1704 1894/498/2103 1669/498/1705
f 1884/498/1707 1649/498/1533 1387/498/1708
f 1313/498/1710 1718/498/1975 1724/498/1711
f 1445/498/1713 1853/498/1474 1450/498/1714
f 1356/498/860 1365/498/1700 1603/498/1397
f 1510/498/1716 1941/498/1973 1929/498/1717
f 1285/498/1392 1442/498/1470 1852/498/1413
f 1445/498/1713 1601/498/1990 495/498/865
f 1558/498/1508 1551/498/1507 1770/498/1720
f 1346/498/1721 1367/498/1981 1602/498/1722
f 1769/498/1724 1557/498/1723 1347/498/1725
f 1557/498/1723 1769/498/1724 1309/498/1727
f 1797/498/1424 1770/498/1720 1281/498/1728
f 1770/498/1730 1556/498/1479 1348/498/1731
f 1555/498/1524 1771/498/1740 1281/498/1732
f 1734/498/1733 1422/498/3024 1426/498/1734
f 1803/498/1736 1771/498/2155 1308/498/1737
f 1357/498/1699 1347/498/1725 1557/498/1723
f 1349/498/1739 1308/498/1967 1771/498/1740
f 1729/498/1741 1417/498/1746 1721/498/1742
f 1320/498/1744 1768/498/1515 1829/498/1516
f 1417/498/1746 1732/498/1754 1772/498/1747
f 1499/498/1748 1316/498/1752 1587/498/1749
f 1721/498/1742 1772/498/1747 1499/498/1748
f 1316/498/1752 1499/498/1748 1772/498/1747
f 1732/498/1754 1415/498/1756 1446/498/1753
f 1928/498/1755 1446/498/1753 1415/498/1756
f 1350/498/1530 1310/498/1765 1773/498/1528
f 684/498/743 1846/498/1612 1779/498/1555
f 1852/498/1413 1442/498/1470 1283/498/1715
f 1370/498/1759 1595/498/1621 1855/498/1560
f 1494/498/1761 1313/498/1710 1368/498/1712
f 1285/498/1392 1359/498/1394 1611/498/1471
f 1346/498/1721 1309/498/1727 1774/498/1763
f 1553/498/1764 1774/498/1763 1310/498/1765
f 1288/498/1766 1447/498/1866 1794/498/1767
f 1795/498/1769 1448/498/2028 1288/498/1766
f 1694/498/1770 1311/498/1948 1586/498/1771
f 1311/498/1773 1498/498/1776 1806/498/1774
f 1498/498/1776 1315/498/1892 1587/498/1777
f 1810/498/1778 1837/498/1929 1579/498/1779
f 1786/498/1505 1482/498/2156 1337/498/1781
f 1319/498/1412 1503/498/1486 1952/498/1782
f 1850/498/1445 1775/498/1445 1455/498/1549
f 1500/498/1784 1317/498/1675 1588/498/1677
f 1776/498/1786 1849/498/2016 1569/498/1783
f 1778/498/1562 1913/498/1562 1710/498/1637
f 1731/498/1787 1728/498/2005 1924/498/1788
f 1780/498/1498 1845/498/1498 1572/498/1637
f 1455/498/1549 1715/498/1548 1919/498/1432
f 1783/498/1500 1842/498/1500 1576/498/1501
f 1781/498/1502 1915/498/1502 1712/498/1501
f 1780/498/1498 1914/498/1498 1711/498/1499
f 1582/498/1446 1714/498/1446 1918/498/1445
f 1458/498/1431 1474/498/1431 1913/498/1562
f 1459/498/1637 1572/498/1637 1847/498/1562
f 1458/498/1431 1571/498/1431 1848/498/1430
f 1633/498/1791 1874/498/2082 1625/498/1792
f 1871/498/1793 1633/498/1791 1380/498/1791
f 1452/498/1794 1795/498/1769 1481/498/1795
f 1515/498/1797 1581/498/1984 1836/498/1798
f 1409/498/1522 1699/498/1859 1490/498/1800
f 1454/498/1801 1290/498/1488 1487/498/1802
f 1779/498/1554 1461/498/1811 1290/498/1803
f 1785/498/1477 1917/498/1477 1714/498/1446
f 1872/498/1804 1628/498/1686 1385/498/1805
f 1459/498/1637 1710/498/1637 1914/498/1498
f 1781/498/1502 1844/498/1502 1575/498/1499
f 1496/498/1806 1578/498/1998 1839/498/1807
f 1463/498/1501 1576/498/1501 1844/498/1502
f 1876/498/1599 1629/498/1598 499/498/956
f 1462/498/1499 1711/498/1499 1915/498/1502
f 1783/498/1500 1916/498/1500 1713/498/1476
f 1845/498/1498 1780/498/1498 1462/498/1499
f 498/498/957 1624/498/2089 1870/498/1809
f 1481/498/1795 1794/498/1487 1451/498/1489
f 1784/498/1810 1841/498/1545 1573/498/1513
f 1291/498/1520 1490/498/1800 1795/498/1769
f 1461/498/1811 1782/498/1813 1451/498/1812
f 1782/498/1813 1583/498/3025 1292/498/1814
f 1465/498/1476 1577/498/1476 1842/498/1500
f 1463/498/1501 1712/498/1501 1916/498/1500
f 1827/498/1644 1525/498/1603 1303/498/1605
f 1826/498/1815 1526/498/1606 1304/498/1608
f 1369/498/1816 1282/498/3026 1563/498/1817
f 1292/498/1814 1583/498/3025 1784/498/1819
f 1460/498/1821 1291/498/3017 1452/498/1820
f 1809/498/1822 1838/498/1923 1570/498/1823
f 1294/498/1637 1702/498/1637 1912/498/1562
f 1530/498/1641 1301/498/1640 1475/498/1824
f 1545/498/1562 1913/498/1562 1474/498/1431
f 1482/498/1825 1521/498/1438 1819/498/1826
f 1815/498/1827 1789/498/1847 1485/498/1828
f 1484/498/1830 1927/498/1839 1754/498/1831
f 1519/498/1833 1484/498/1853 1788/498/1834
f 1485/498/1836 1789/498/1847 1534/498/1837
f 1341/498/1838 1754/498/1831 1927/498/1839
f 1792/498/1840 1488/498/1407 1522/498/1409
f 1787/498/1842 1483/498/1957 1339/498/1843
f 1488/498/1646 1343/498/1452 1532/498/1454
f 1517/498/1846 1486/498/1441 1789/498/1847
f 1483/498/1462 1523/498/1461 1820/498/1835
f 1788/498/1848 1484/498/1830 1340/498/1832
f 1927/498/1850 1926/498/1854 1518/498/1829
f 1453/498/1852 1289/498/1433 1716/498/1851
f 1716/498/1851 1790/498/1443 1814/498/1442
f 1484/498/1853 1519/498/1833 1926/498/1854
f 1692/498/1855 1642/498/1880 1880/498/1856
f 1538/498/1430 1920/498/1430 696/498/538
f 1520/498/1857 1717/498/1444 1792/498/1840
f 1408/498/1858 1287/498/3027 1490/498/1800
f 1709/498/1643 1302/498/3019 1476/498/1860
f 1879/498/1861 1802/498/1703 1492/498/1862
f 1519/498/1833 1314/498/1900 1722/498/1863
f 1883/498/1864 1799/498/1529 1690/498/1701
f 1447/498/1866 1286/498/2210 1487/498/1867
f 1796/498/1868 1689/498/1877 1548/498/1668
f 1640/498/1865 1690/498/1701 1802/498/1703
f 1698/498/1428 1413/498/1512 1695/498/1435
f 1884/498/1630 1801/498/1506 1558/498/1508
f 1693/498/1633 1641/498/1632 1882/498/1425
f 1691/498/1870 1798/498/1873 1831/498/1871
f 1692/498/1738 1308/498/1737 1831/498/1871
f 1881/498/1468 1800/498/1467 1689/498/1874
f 1878/498/1875 1798/498/1881 1691/498/1876
f 1366/498/1531 1350/498/1530 1554/498/1532
f 1689/498/1877 1800/498/1879 1830/498/1878
f 1800/498/1879 1691/498/1870 1546/498/1872
f 1642/498/1880 1692/498/1855 1798/498/1881
f 1802/498/1703 1774/498/1702 1309/498/1882
f 1769/498/1883 1801/498/1506 1492/498/1862
f 1804/498/1884 1700/498/1451 1408/498/1885
f 1410/498/1887 1494/498/1761 1600/498/1762
f 1700/498/1451 1804/498/3028 1494/498/1888
f 1804/498/1889 1586/498/3029 1313/498/1890
f 1315/498/1892 1500/498/1784 1807/498/1785
f 1697/498/1893 1412/498/1404 1600/498/1894
f 1506/498/1561 1900/498/2060 1673/498/1896
f 1946/498/1897 1719/498/1946 1753/498/1898
f 1805/498/1808 1722/498/1863 1314/498/1900
f 1757/498/1902 1734/498/1733 1759/498/1735
f 1392/498/1623 1643/498/1944 1615/498/1904
f 1928/498/1755 1718/498/1975 1313/498/1710
f 1586/498/1907 1806/498/1909 1497/498/1906
f 1806/498/1909 1587/498/1749 1316/498/1752
f 1450/498/1714 1853/498/1474 1449/498/1910
f 1699/498/1859 1903/498/2153 1694/498/1911
f 1547/498/1745 1828/498/1743 1501/498/1912
f 1828/498/1743 1721/498/1742 1318/498/1751
f 1503/498/1486 506/498/596 706/498/1066
f 1589/498/1913 1952/498/1526 1768/498/1515
f 1588/498/1914 1808/498/1915 1501/498/1912
f 1808/498/1915 1589/498/1913 1320/498/1744
f 1811/498/1799 1836/498/1798 1580/498/1916
f 1327/498/1918 1517/498/1846 1815/498/1827
f 1518/498/1829 1326/498/1922 1511/498/1919
f 1785/498/1477 1840/498/1477 1577/498/1476
f 1513/498/1780 1809/498/1822 1453/498/1852
f 1809/498/1822 1457/498/1434 1289/498/1433
f 1751/498/1921 1951/498/1789 1515/498/1797
f 1513/498/1780 1579/498/1779 1838/498/1923
f 1327/498/1918 1514/498/1917 1810/498/1778
f 1505/498/1552 1944/498/1551 1922/498/1925
f 1513/498/1780 1328/498/1920 1512/498/1924
f 1324/498/1926 1509/498/2201 1950/498/1927
f 1514/498/1917 1580/498/1916 1837/498/1929
f 1326/498/1922 1515/498/1797 1811/498/1799
f 1514/498/1917 1327/498/1918 1511/498/1919
f 1351/498/1930 1559/498/1972 1833/498/1931
f 1902/498/1869 1904/498/2037 1701/498/1429
f 1419/498/1933 1414/498/1974 1747/498/1934
f 1763/498/1936 509/498/1373 703/498/1095
f 1508/498/1932 1282/498/3026 1444/498/1938
f 1812/498/1899 1753/498/1898 1351/498/1930
f 1939/498/1939 1932/498/1939 703/498/1101
f 1325/498/1940 1735/498/2023 1930/498/1653
f 682/498/520 504/498/809 1345/498/1667
f 1813/498/1447 1767/498/1941 1325/498/1940
f 1767/498/1941 1813/498/1447 1549/498/1422
f 1360/498/1942 1652/498/2032 1858/498/1943
f 1926/498/1854 1751/498/1921 1326/498/1922
f 1643/498/1944 1391/498/1698 1373/498/1945
f 1563/498/1817 1282/498/3026 1508/498/1932
f 1730/498/1757 1415/498/1756 1719/498/1946
f 1315/498/1892 1521/498/1438 1816/498/1440
f 1520/498/1857 1317/498/1675 1500/498/1784
f 1520/498/1857 1817/498/1841 1502/498/1411
f 1817/498/1841 1522/498/1409 1319/498/1412
f 1522/498/1409 1818/498/1408 1503/498/1486
f 1311/498/1773 1523/498/1461 1819/498/1826
f 1498/498/1776 1819/498/1826 1521/498/1438
f 1903/498/1947 1504/498/2151 1311/498/1948
f 1314/498/1900 1519/498/1833 1820/498/1835
f 1504/498/1949 1820/498/1835 1523/498/1461
f 1486/498/1441 1790/498/1443 1533/498/1950
f 1338/498/1952 1709/498/1643 1821/498/1639
f 1531/498/1953 1821/498/1639 1530/498/1641
f 1534/498/1837 1342/498/1951 1529/498/1618
f 1536/498/1844 1339/498/1843 1526/498/1606
f 1336/498/1954 1708/498/1558 1823/498/1616
f 1342/498/1951 1533/498/1950 1823/498/1616
f 1754/498/1831 1341/498/1838 1528/498/1493
f 491/498/1121 708/498/1122 1791/498/1845
f 1341/498/1838 1534/498/1837 1824/498/1638
f 1340/498/1832 1754/498/1831 1921/498/1556
f 1535/498/1849 1340/498/1832 1527/498/1419
f 1339/498/1843 1535/498/1849 1825/498/1426
f 1789/498/1847 1486/498/1441 1342/498/1951
f 1537/498/1503 1337/498/1781 1525/498/1603
f 1337/498/1781 1536/498/1844 1826/498/1815
f 1827/498/1644 1709/498/1643 1338/498/1952
f 1925/498/1955 1750/498/1718 1417/498/1746
f 1539/498/1956 1906/498/1593 1708/498/1558
f 1919/498/1432 1539/498/1956 1336/498/1954
f 1531/498/1953 1792/498/1645 1717/498/1504
f 1334/498/1446 1706/498/1446 1907/498/1445
f 1335/498/1588 1715/498/1548 1918/498/1445
f 1541/498/1477 1908/498/1477 1706/498/1446
f 1483/498/1957 1788/498/1848 1535/498/1849
f 1333/498/1476 1705/498/1476 1908/498/1477
f 1542/498/1500 1909/498/1500 1705/498/1476
f 1333/498/1476 1713/498/1476 1916/498/1500
f 1332/498/1501 1704/498/1501 1909/498/1500
f 1543/498/1502 1910/498/1502 1704/498/1501
f 1332/498/1501 1712/498/1501 1915/498/1502
f 1331/498/1499 1703/498/1499 1910/498/1502
f 1544/498/1498 1911/498/1498 1703/498/1499
f 1331/498/1499 1711/498/1499 1914/498/1498
f 1329/498/1637 1702/498/1637 1911/498/1498
f 1547/498/1745 1829/498/1516 1761/498/1666
f 1607/498/1693 1564/498/1980 1354/498/1959
f 1539/498/1956 1919/498/1432 1715/498/1548
f 1418/498/1958 1729/498/1741 1828/498/1743
f 1605/498/1696 1554/498/1532 493/498/1130
f 1766/498/1928 1950/498/1927 1550/498/1960
f 1438/498/1519 1893/498/1518 1666/498/1961
f 1550/498/1960 1345/498/1667 1548/498/1668
f 1344/498/1614 1550/498/1960 1830/498/1878
f 1347/498/1725 1357/498/1699 1612/498/1480
f 1365/498/1700 1356/498/860 1565/498/1963
f 1566/498/1964 1349/498/1739 1361/498/1523
f 1568/498/1965 1835/498/1613 1552/498/1615
f 1348/498/1731 1358/498/1478 1610/498/1525
f 1318/498/1751 1499/498/1748 1807/498/1750
f 1580/498/1916 1406/498/1991 1687/498/1966
f 1552/498/1615 1831/498/1982 1308/498/1967
f 1835/498/1613 1568/498/1965 1356/498/860
f 1561/498/1968 1835/498/1613 1567/498/1396
f 1353/498/1670 1562/498/1985 1832/498/1969
f 1561/498/1968 1832/498/1969 1766/498/1928
f 1766/498/1928 1832/498/1969 1560/498/1970
f 1832/498/1969 1562/498/1985 1352/498/1971
f 1598/498/1818 1563/498/1817 1352/498/1971
f 1559/498/1972 1351/498/1930 1753/498/1898
f 1414/498/1974 1419/498/1933 1724/498/1711
f 1287/498/1976 1408/498/1885 1700/498/1451
f 1834/498/1977 1564/498/1980 1355/498/1978
f 1364/498/1979 1355/498/1978 1564/498/1980
f 1367/498/1981 1346/498/1721 1553/498/1764
f 1324/498/1926 1560/498/1970 1833/498/1931
f 1552/498/1615 1344/498/1614 1546/498/1872
f 1943/498/1790 1756/498/2147 1407/498/1983
f 1565/498/1963 1356/498/860 1568/498/1965
f 1370/498/1759 1352/498/1971 1562/498/1985
f 1354/498/1959 1564/498/1980 1834/498/1977
f 1443/498/1986 1284/498/1463 1362/498/1465
f 1834/498/1977 1568/498/1965 1349/498/1739
f 1606/498/1694 1565/498/1963 1355/498/1978
f 1608/498/1651 1363/498/1691 1354/498/1959
f 1421/498/1987 1735/498/2172 1940/498/1988
f 1497/498/1906 1316/498/1752 1446/498/1753
f 1283/498/1715 1360/498/1469 1601/498/1990
f 1836/498/1798 1688/498/1992 1406/498/1991
f 1688/498/1992 1836/498/1798 1581/498/1984
f 1837/498/1929 1687/498/1966 1405/498/1993
f 1941/498/1973 1753/498/1898 1719/498/1946
f 1838/498/1923 1686/498/2143 1396/498/1994
f 1577/498/1476 1403/498/2000 1682/498/1995
f 1420/498/1996 1728/498/2005 1839/498/1807
f 1685/498/1997 1839/498/1807 1578/498/1998
f 1752/498/1935 1747/498/1934 1444/498/1938
f 1840/498/1477 1684/498/2001 1403/498/2000
f 1684/498/2001 1840/498/1477 1659/498/1446
f 1394/498/2003 1660/498/1496 1843/498/1481
f 1728/498/2005 1731/498/1787 1805/498/1808
f 1841/498/1545 1683/498/2006 1399/498/1514
f 1683/498/2006 1841/498/1545 1660/498/1547
f 1575/498/1499 1401/498/2014 1679/498/2008
f 1842/498/1500 1682/498/1995 1402/498/2009
f 1846/498/1612 1678/498/1602 1400/498/2010
f 1677/498/2011 1889/498/2113 1663/498/2012
f 1681/498/2004 1843/498/1481 1574/498/1483
f 1844/498/1502 1680/498/2135 1401/498/2014
f 1845/498/1498 1679/498/2008 1398/498/2015
f 1847/498/1562 1677/498/2011 1397/498/2013
f 1951/498/1789 1943/498/1790 1581/498/1984
f 1849/498/2016 1675/498/2111 1395/498/2017
f 1572/498/1637 1398/498/2015 1677/498/2011
f 1424/498/2018 1738/498/3030 1934/498/2019
f 1799/498/1529 1773/498/1528 1310/498/2021
f 1314/498/2152 1493/498/2149 1904/498/2150
f 1735/498/2023 1325/498/1940 1755/498/2024
f 1696/498/2026 1413/498/1512 1399/498/1514
f 1490/498/1800 1287/498/3027 1448/498/2028
f 1556/498/1479 1770/498/1730 1551/498/1726
f 1869/498/1674 1433/498/1541 1273/498/1587
f 1854/498/1619 1597/498/1669 1371/498/1395
f 1597/498/1669 1854/498/1619 1595/498/1621
f 1506/498/1561 1855/498/1560 1595/498/1621
f 1369/498/2029 1594/498/2030 1856/498/1649
f 1598/498/1760 1855/498/1560 1594/498/2030
f 1441/498/2031 1858/498/1943 1652/498/2032
f 1724/498/2034 1923/498/2051 1593/498/1399
f 1433/498/1541 1869/498/1674 1590/498/2036
f 1904/498/2037 1902/498/1869 1578/498/1998
f 1431/498/1688 1861/498/1388 1657/498/1695
f 1857/498/1895 1600/498/1894 1368/498/2035
f 1272/498/1539 1590/498/2036 1859/498/2039
f 1861/498/1388 1431/498/1688 1271/498/1690
f 1507/498/2041 1854/498/1619 1596/498/1570
f 1602/498/1722 1859/498/2039 1590/498/2036
f 1867/498/1684 1434/498/1704 1274/498/1706
f 1432/498/2040 1859/498/2039 1658/498/1386
f 1864/498/1692 1436/498/2047 1276/498/2043
f 1895/498/2045 1464/498/3016 1280/498/1517
f 1437/498/1656 1863/498/1563 1655/498/2044
f 1865/498/1652 1435/498/2052 1275/498/2046
f 1436/498/2047 1864/498/1692 1654/498/1650
f 1868/498/2048 1438/498/1389 1278/498/2033
f 1727/498/2049 1416/498/1574 1720/498/2050
f 1435/498/2052 1865/498/1652 1653/498/2042
f 1411/498/1509 1697/498/1893 1857/498/1895
f 1434/498/1704 1867/498/1684 1651/498/1673
f 1279/498/1511 1592/498/1405 1697/498/1893
f 1361/498/1523 1653/498/2042 1865/498/1652
f 1279/498/1511 1439/498/1655 1866/498/2053
f 1430/498/2054 1862/498/1571 691/498/1215
f 1440/498/2055 1860/498/1568 1656/498/1565
f 1609/498/2056 1362/498/1406 1592/498/1405
f 1359/498/2057 1609/498/2056 1866/498/2053
f 1653/498/2042 1361/498/1523 1610/498/1525
f 1364/498/1979 1655/498/2044 1863/498/1563
f 1652/498/2032 1360/498/1942 1611/498/2058
f 1377/498/2059 1387/498/2066 1649/498/1591
f 1322/498/1620 1672/498/2121 1900/498/2060
f 1634/498/2061 1376/498/2065 1616/498/2062
f 496/498/1228 1613/498/1627 1650/498/2064
f 1877/498/1681 1620/498/1680 1376/498/2065
f 1648/498/1577 1618/498/1576 497/498/1230
f 1387/498/2066 1377/498/2059 1617/498/2067
f 1376/498/2069 1388/498/1589 1647/498/1585
f 1374/498/2070 1615/498/2101 1871/498/2071
f 1391/498/1698 1646/498/1682 1614/498/1683
f 1375/498/2073 1619/498/2084 1873/498/2074
f 1374/498/1905 1619/498/2087 1645/498/2075
f 1872/498/2076 1617/498/2085 1377/498/2077
f 1877/498/2078 1631/498/1490 1384/498/1687
f 1630/498/2079 1382/498/2080 1636/498/2080
f 1379/498/2081 1625/498/1792 1874/498/2082
f 1619/498/2084 1374/498/2070 1638/498/2072
f 1635/498/1580 1378/498/1579 1617/498/2085
f 1378/498/2086 1389/498/1575 1644/498/2068
f 1390/498/1583 1645/498/2075 1619/498/2087
f 1624/498/2089 1379/498/2081 1637/498/2083
f 1383/498/1492 1634/498/1491 1875/498/2090
f 1626/498/1793 1381/498/2091 1638/498/2091
f 1381/498/2091 1630/498/2079 1873/498/2079
f 1627/498/2090 1875/498/2090 1636/498/2080
f 1642/498/1625 1878/498/2092 1643/498/1944
f 1391/498/1698 1643/498/1944 1878/498/2092
f 1879/498/2093 1644/498/2094 1389/498/1538
f 1644/498/2094 1879/498/2093 1622/498/1709
f 1621/498/2095 1885/498/1581 1650/498/2064
f 1641/498/2096 1880/498/1624 1645/498/2075
f 1386/498/1626 1646/498/1682 1881/498/2097
f 1882/498/2098 1647/498/1585 1388/498/1535
f 1647/498/1585 1882/498/2098 1641/498/2096
f 1373/498/2099 1614/498/1542 1874/498/1544
f 1875/498/2063 1616/498/2062 1375/498/2073
f 1615/498/2101 1373/498/2099 1633/498/2100
f 1435/498/2052 1896/498/2105 1456/498/2102
f 1273/498/1587 1668/498/1586 1894/498/2103
f 1436/498/2047 1886/498/2107 1661/498/2104
f 1274/498/1706 1669/498/1705 1896/498/2105
f 1687/498/1966 1899/498/2142 1671/498/2106
f 1275/498/2046 1456/498/2102 1886/498/2107
f 1276/498/2043 1661/498/2104 1887/498/2108
f 1432/498/2040 1891/498/2120 1667/498/2109
f 1440/498/2055 1898/498/2119 1671/498/2110
f 1359/498/2057 1591/498/1390 1868/498/2048
f 1675/498/2111 1887/498/2126 1661/498/2112
f 1270/498/2038 1663/498/2012 1889/498/2113
f 1895/498/2114 1683/498/2006 1394/498/2007
f 1890/498/1611 1441/498/1610 1278/498/1962
f 1937/498/2116 1935/498/2177 1760/498/2117
f 1277/498/1564 1662/498/1657 1898/498/2119
f 1271/498/1690 1664/498/1689 1891/498/2120
f 1507/498/2041 1899/498/2122 1672/498/2121
f 1945/498/1647 1749/498/1572 1416/498/1574
f 1323/498/1569 1671/498/2110 1899/498/2122
f 1886/498/2123 1674/498/2124 1395/498/2017
f 1674/498/2124 1886/498/2123 1456/498/2125
f 1887/498/2126 1675/498/2111 1396/498/1994
f 1679/498/2008 1891/498/2120 1664/498/1689
f 1888/498/1622 1676/498/1609 1397/498/2013
f 1312/498/1400 1670/498/2139 1901/498/2128
f 1889/498/2113 1677/498/2011 1398/498/2015
f 1571/498/1431 1397/498/2013 1676/498/1609
f 1683/498/2006 1895/498/2114 1665/498/2027
f 1682/498/1995 1894/498/2134 1668/498/1586
f 1678/498/1602 1890/498/1601 1666/498/2129
f 1400/498/2010 1666/498/2129 1893/498/2130
f 1443/498/1986 1285/498/1392 1584/498/2131
f 1684/498/2001 1896/498/2136 1669/498/2132
f 1891/498/2120 1679/498/2008 1401/498/2014
f 1892/498/1540 1680/498/2135 1402/498/2009
f 1430/498/2054 1888/498/1622 1663/498/2012
f 1681/498/2004 1893/498/2130 1464/498/2133
f 1393/498/2002 1659/498/1446 1850/498/1445
f 1894/498/2134 1682/498/1995 1403/498/2000
f 1902/498/1869 1695/498/1435 1404/498/1437
f 1576/498/1501 1402/498/2009 1680/498/2135
f 1896/498/2136 1684/498/2001 1393/498/2002
f 1688/498/1992 1900/498/2144 1672/498/2137
f 1416/498/1574 1726/498/1573 1897/498/2138
f 1720/498/2050 1897/498/2138 1670/498/2139
f 1897/498/2140 1685/498/1997 1404/498/1437
f 1898/498/2141 1686/498/2143 1405/498/1993
f 1899/498/2142 1687/498/1966 1406/498/1991
f 1579/498/1779 1405/498/1993 1686/498/2143
f 1686/498/2143 1898/498/2141 1662/498/2127
f 1900/498/2144 1688/498/1992 1407/498/1983
f 687/498/1302 694/498/636 1799/498/1529
f 1413/498/1512 1696/498/2026 1901/498/2146
f 1756/498/2147 1944/498/2199 1673/498/2145
f 1938/498/2148 1745/498/2118 1760/498/2117
f 1862/498/1571 1430/498/2054 1270/498/2038
f 1569/498/1783 1395/498/2017 1674/498/2124
f 1367/498/1981 1658/498/1386 1859/498/2039
f 1655/498/2044 1364/498/1979 1607/498/1693
f 1512/498/1924 1814/498/1442 1517/498/1846
f 1680/498/2135 1892/498/1540 1667/498/2109
f 1493/498/2149 1409/498/1522 1701/498/1521
f 1504/498/2151 1903/498/1947 1493/498/2149
f 1903/498/2153 1699/498/1859 1409/498/1522
f 1444/498/1938 1282/498/3026 1369/498/1816
f 1330/498/1431 1524/498/1431 1912/498/1562
f 1538/498/1430 1905/498/1430 1524/498/1431
f 1336/498/1954 1533/498/1950 1790/498/1443
f 1545/498/1562 1912/498/1562 1702/498/1637
f 1693/498/1729 1281/498/1728 1771/498/2155
f 1335/498/1588 1707/498/1472 1906/498/1593
f 1730/498/1757 1414/498/1974 1718/498/1975
f 1544/498/1498 1914/498/1498 1710/498/1637
f 1543/498/1502 1915/498/1502 1711/498/1499
f 1542/498/1500 1916/498/1500 1712/498/1501
f 1541/498/1477 1917/498/1477 1713/498/1476
f 1334/498/1446 1714/498/1446 1917/498/1477
f 1849/498/2016 1776/498/1786 1457/498/1434
f 1329/498/1637 1710/498/1637 1913/498/1562
f 1482/498/2156 1787/498/1842 1536/498/1844
f 1505/498/1552 1856/498/1649 1594/498/2030
f 1312/498/1400 1593/498/1399 1923/498/2051
f 1420/498/1996 1726/498/2214 1922/498/2157
f 1727/498/2049 1419/498/2162 1752/498/2159
f 1423/498/2160 1739/498/2206 1938/498/2148
f 1419/498/2162 1727/498/2049 1923/498/2051
f 1728/498/2005 1420/498/1996 1725/498/2158
f 1942/498/2163 1510/498/1716 1750/498/1718
f 1924/498/1788 1725/498/2158 1756/498/2147
f 1418/498/1958 1736/498/2213 1931/498/2164
f 1723/498/2165 1931/498/2164 1940/498/2025
f 1812/498/1899 1444/498/1938 1747/498/1934
f 1729/498/1741 1418/498/1958 1723/498/2165
f 1932/498/2166 1939/498/3031 1758/498/2167
f 1414/498/1974 1730/498/1757 1946/498/1897
f 1736/498/2169 1949/498/3032 1762/498/2170
f 1415/498/1756 1732/498/1754 1929/498/1717
f 1735/498/2172 1421/498/1987 1733/498/2173
f 1925/498/1955 1723/498/2165 1755/498/2024
f 1931/498/2175 1736/498/2169 1422/498/2171
f 1933/498/1485 1737/498/1672 514/498/1337
f 1741/498/1903 1759/498/1735 1935/498/2177
f 1940/498/1988 1931/498/2175 1734/498/2176
f 1763/498/2178 1932/498/2166 1738/498/2168
f 515/498/794 697/498/1345 1947/498/2180
f 1758/498/2167 1939/498/3031 1737/498/2181
f 1739/498/2183 1423/498/2182 1737/498/2181
f 1933/498/2184 1765/498/3033 1427/498/2185
f 1428/498/2186 1746/498/3034 1948/498/2187
f 1934/498/2019 1738/498/3030 1758/498/2161
f 1760/498/2117 1428/498/2195 1744/498/2020
f 1947/498/2189 1746/498/3034 1428/498/2186
f 1742/498/2191 1947/498/2189 1740/498/2190
f 1745/498/2118 1427/498/3035 1743/498/2193
f 1760/498/2117 1935/498/2177 1740/498/2194
f 1935/498/2177 1759/498/1735 1426/498/1734
f 1427/498/2185 1765/498/3033 1936/498/2196
f 1744/498/2188 1948/498/2187 1763/498/2178
f 1764/498/1664 1425/498/1663 1743/498/2197
f 1937/498/2116 1743/498/2193 1425/498/2198
f 1944/498/2199 1756/498/2147 1725/498/2158
f 704/498/1368 1949/498/2212 1761/498/1666
f 1324/498/1926 1559/498/1972 1941/498/1973
f 1560/498/1970 1352/498/1971 1563/498/1817
f 1509/498/2201 1325/498/1940 1767/498/1941
f 1510/498/2200 1942/498/2163 1509/498/2201
f 1942/498/2163 1755/498/2024 1325/498/1940
f 1814/498/1442 1512/498/1924 1328/498/1920
f 482/498/1371 686/498/577 1858/498/1943
f 1856/498/1649 1505/498/1552 1749/498/1572
f 1422/498/2171 1762/498/2170 1742/498/2191
f 1741/498/1903 1425/498/2198 1421/498/2202
f 509/498/1373 1763/498/1936 1948/498/2203
f 1746/498/2204 1947/498/2180 697/498/1345
f 1739/498/2206 1427/498/3035 1745/498/2118
f 1764/498/2207 510/498/788 513/498/1377
f 1950/498/1927 1767/498/1941 1345/498/1667
f 1793/498/2209 1487/498/1867 1286/498/2210
f 508/498/1380 1762/498/1658 1949/498/2211
f 1418/498/1958 1761/498/1666 1949/498/2212
f 1491/498/1671 488/498/814 680/498/1383
f 1532/498/1454 1822/498/1453 681/498/676
f 1750/498/1718 1929/498/1717 1732/498/1754
f 1726/498/2214 1420/498/1996 1685/498/1997
f 1570/498/1823 1396/498/1994 1675/498/2111
f 1964/498/1384 1979/498/1384 1478/498/1384
f 1983/498/1384 1965/498/1384 1305/498/1384
f 1980/498/1384 1964/498/1384 1304/498/1384
f 1965/498/1384 1980/498/1384 1479/498/1384
f 1966/498/1384 1983/498/1384 1748/498/1384
f 1466/498/1384 1968/498/1384 1953/498/1384
f 1981/498/1384 1966/498/1384 1306/498/1384
f 486/498/1384 1234/498/1384 1968/498/1384
f 1967/498/1384 1981/498/1384 1480/498/1384
f 1467/498/1384 1969/498/1384 1954/498/1384
f 1293/498/1384 1953/498/1384 1969/498/1384
f 1468/498/1384 1970/498/1384 1955/498/1384
f 1294/498/1384 1954/498/1384 1970/498/1384
f 1469/498/1384 1971/498/1384 1956/498/1384
f 1295/498/1384 1955/498/1384 1971/498/1384
f 1470/498/1384 1972/498/1384 1957/498/1384
f 1296/498/1384 1956/498/1384 1972/498/1384
f 1471/498/1384 1973/498/1384 1958/498/1384
f 1297/498/1384 1957/498/1384 1973/498/1384
f 1472/498/1384 1974/498/1384 1959/498/1384
f 1298/498/1384 1958/498/1384 1974/498/1384
f 1473/498/1384 1975/498/1384 1960/498/1384
f 1299/498/1384 1959/498/1384 1975/498/1384
f 1982/498/1384 1967/498/1384 1307/498/1384
f 1976/498/1384 1235/498/1384 487/498/1384
f 1961/498/1384 1976/498/1384 1475/498/1384
f 1960/498/1384 1982/498/1384 1489/498/1384
f 1977/498/1384 1961/498/1384 1301/498/1384
f 1962/498/1384 1977/498/1384 1476/498/1384
f 1978/498/1384 1962/498/1384 1302/498/1384
f 1963/498/1384 1978/498/1384 1477/498/1384
f 1979/498/1384 1963/498/1384 1303/498/1384
f 1722/498/1863 1805/498/1808 1731/498/1787
f 1731/498/1787 1951/498/1789 1751/498/1921
f 2179/498/2215 2049/498/2245 1993/498/2216
f 2179/498/2215 2047/498/2217 2124/498/2217
f 2043/498/2218 2196/498/2276 2260/498/2219
f 1986/498/2221 2029/498/2224 2180/498/2222
f 2029/498/2224 2030/498/2227 2181/498/2225
f 2031/498/2226 2182/498/2229 2181/498/2225
f 1985/498/2228 2045/498/2240 2182/498/2229
f 1984/498/2230 2035/498/2233 2183/498/2231
f 2035/498/2233 2036/498/2235 2184/498/2234
f 2036/498/2235 2037/498/2237 2185/498/2236
f 2037/498/2237 1987/498/2247 2044/498/2238
f 2026/498/2239 2186/498/2242 2045/498/2240
f 2027/498/2241 2187/498/2244 2186/498/2242
f 2028/498/2243 2188/498/2953 2187/498/2244
f 1988/498/2246 1993/498/2216 2049/498/2245
f 2049/498/3036 2188/498/3036 2028/498/3036
f 1987/498/2247 2032/498/2249 2189/498/2248
f 2032/498/2249 2033/498/2251 2190/498/2250
f 2033/498/2251 2034/498/2253 2191/498/2252
f 2034/498/2253 1986/498/2221 2048/498/2223
f 2101/498/2254 2084/498/2384 2083/498/2255
f 1989/498/2257 1992/498/2321 2005/498/2258
f 1990/498/2260 1994/498/3037 2091/498/2261
f 2039/498/2262 2091/498/2261 2092/498/2263
f 2195/498/2265 2069/498/3038 2070/498/2266
f 2039/498/2262 2194/498/2267 2070/498/2266
f 2143/498/2268 2261/498/2529 2197/498/2269
f 2065/498/2271 2000/498/3039 2069/498/2272
f 2192/498/2274 2194/498/2267 2039/498/2262
f 2261/498/2275 2260/498/2219 2196/498/2276
f 2240/498/2278 2304/498/2278 2124/498/2217
f 2199/498/2279 2201/498/2283 2200/498/2280
f 2043/498/2218 1992/498/2321 2085/498/2282
f 2201/498/2283 2203/498/2289 2202/498/2284
f 2079/498/2285 2199/498/2279 2198/498/2281
f 2080/498/2286 2198/498/2281 2035/498/2287
f 2203/498/2289 2077/498/2298 2078/498/2290
f 2205/498/2291 2207/498/2296 2206/498/2292
f 2202/498/2294 2078/498/2299 1987/498/2247
f 2200/498/2280 2202/498/2294 2037/498/2237
f 2198/498/2281 2200/498/2280 2036/498/2295
f 2207/498/2296 2209/498/2300 2208/498/2297
f 2077/498/2298 2205/498/2291 2204/498/2293
f 2078/498/2299 2204/498/2307 2032/498/2249
f 2209/498/2300 2075/498/2310 2076/498/2301
f 2211/498/2302 2213/498/3040 2212/498/2303
f 2208/498/2305 2076/498/2311 1986/498/2221
f 2206/498/2306 2208/498/2305 2034/498/2253
f 2204/498/2307 2206/498/2306 2033/498/2251
f 2212/498/2303 2213/498/3040 2215/498/2308
f 2075/498/2310 2211/498/2302 2210/498/2304
f 2076/498/2311 2210/498/2319 2029/498/2224
f 2214/498/2309 2215/498/2308 2073/498/2312
f 2216/498/2314 2217/498/2396 2219/498/2315
f 2031/498/2226 2214/498/2318 2074/498/2317
f 2030/498/2227 2212/498/3041 2214/498/2318
f 2210/498/2319 2212/498/3041 2030/498/2227
f 2218/498/2320 2085/498/2282 1992/498/2321
f 2220/498/2323 2221/498/2332 2223/498/2324
f 2001/498/2326 2086/498/2356 2219/498/2327
f 2053/498/2329 2216/498/2399 2218/498/2320
f 2222/498/2325 2223/498/2324 2225/498/2330
f 2221/498/2332 2220/498/2323 2074/498/2313
f 1985/498/2228 2074/498/2317 2220/498/2333
f 2224/498/2331 2225/498/2330 2071/498/2334
f 2028/498/2243 2224/498/2337 2072/498/2336
f 2027/498/2241 2222/498/2338 2224/498/2337
f 2026/498/2239 2220/498/2333 2222/498/2338
f 2083/498/2339 1989/498/2257 2003/498/2259
f 2004/498/2341 1999/498/2397 2084/498/2342
f 2069/498/2344 2082/498/2344 2081/498/2345
f 1994/498/2347 1990/498/2347 2070/498/2346
f 2064/498/2348 2065/498/3042 2195/498/2349
f 2081/498/2351 2082/498/3043 2231/498/2352
f 2051/498/2354 2241/498/2451 2240/498/2278
f 2001/498/2326 2066/498/2270 2197/498/2269
f 2061/498/2357 2062/498/2360 2201/498/2358
f 2062/498/2360 2063/498/2364 2203/498/2361
f 1991/498/2362 2061/498/2357 2199/498/2359
f 2063/498/2364 1997/498/2371 2077/498/2365
f 2058/498/2366 2059/498/2369 2207/498/2367
f 2059/498/2369 2060/498/2372 2209/498/2370
f 1997/498/2371 2058/498/2366 2205/498/2368
f 2060/498/2372 1996/498/2379 2075/498/2373
f 2055/498/2374 2056/498/3044 2213/498/2375
f 2213/498/2375 2056/498/3044 2057/498/2377
f 1996/498/2379 2055/498/2374 2211/498/2376
f 1995/498/2380 2073/498/2391 2215/498/2378
f 2217/498/2381 2067/498/2408 2068/498/2382
f 2084/498/2384 2227/498/2401 2226/498/2385
f 2221/498/2386 2040/498/2392 2041/498/2387
f 2223/498/2388 2041/498/2387 2042/498/2389
f 2073/498/2391 1995/498/2380 2040/498/2392
f 2042/498/2389 1998/498/2447 2071/498/2393
f 2000/498/2394 2002/498/2394 2082/498/2394
f 2232/498/2395 2233/498/2415 2217/498/2396
f 1999/498/2397 2089/498/2406 2227/498/2398
f 2216/498/2399 2053/498/2329 2092/498/2263
f 2227/498/2401 2229/498/2423 2228/498/2402
f 2054/498/2322 1992/498/2321 1989/498/2257
f 2091/498/2261 1994/498/3037 2081/498/2351
f 2226/498/2404 2228/498/2428 2088/498/2405
f 2087/498/2403 1989/498/2257 2083/498/2339
f 2089/498/2406 2090/498/2429 2229/498/2407
f 2067/498/2408 2217/498/2381 2233/498/2409
f 2087/498/2403 2088/498/2405 2053/498/2329
f 2160/498/2411 2161/498/2470 2283/498/2412
f 2230/498/2414 2231/498/3045 2233/498/2415
f 2082/498/2416 2002/498/3046 2093/498/2417
f 2091/498/2261 2230/498/2353 2232/498/2400
f 2011/498/2419 2117/498/2498 2166/498/2420
f 2231/498/2422 2093/498/3047 2094/498/2410
f 2229/498/2423 2193/498/2902 2192/498/2424
f 2235/498/2425 2237/498/2430 2236/498/2426
f 2038/498/2264 2088/498/2405 2228/498/2428
f 2090/498/2429 2064/498/2348 2193/498/2350
f 2053/498/2329 2088/498/2405 2038/498/2264
f 2237/498/2430 2239/498/2434 2238/498/2431
f 2235/498/2425 2234/498/2427 2072/498/2335
f 1988/498/2246 2072/498/2336 2234/498/2432
f 2239/498/2434 2101/498/2254 2102/498/2256
f 2257/498/2435 2259/498/3048 2258/498/2436
f 2097/498/2438 2238/498/2440 2102/498/2340
f 2096/498/2439 2236/498/2441 2238/498/2440
f 2095/498/2433 2234/498/2432 2236/498/2441
f 2098/498/2442 2099/498/2445 2237/498/2443
f 2099/498/2445 2100/498/2448 2239/498/2446
f 1998/498/2447 2098/498/2442 2235/498/2444
f 2100/498/2448 2004/498/2341 2101/498/2343
f 2096/498/2439 2051/498/2354 2052/498/2355
f 2003/498/2259 2005/498/2258 2050/498/2449
f 2097/498/2438 2050/498/2449 2051/498/2354
f 1993/498/2216 1988/498/2246 2095/498/2433
f 2051/498/2354 2050/498/2449 2242/498/2450
f 2305/498/2451 2241/498/2451 2242/498/2450
f 2242/498/2450 2103/498/2452 2178/498/2452
f 2103/498/2452 2242/498/2450 2050/498/2449
f 2304/498/2278 2240/498/2278 2241/498/2451
f 2047/498/2217 1993/498/2216 2052/498/2355
f 2010/498/2453 2023/498/2494 2025/498/2454
f 2025/498/2454 2178/498/2452 2121/498/2456
f 2086/498/2457 2197/498/2277 2196/498/2276
f 2243/498/2215 2124/498/2217 2013/498/2458
f 2007/498/2460 2125/498/2487 2244/498/2461
f 2246/498/2463 2123/498/2477 2006/498/2464
f 2245/498/2466 2246/498/2463 2109/498/2465
f 2107/498/2462 2244/498/2461 2245/498/2466
f 1984/498/2230 2046/498/2232 2247/498/2468
f 2260/498/2219 2261/498/2275 2161/498/2470
f 2115/498/2471 2249/498/2475 2122/498/2472
f 2114/498/2474 2248/498/2476 2249/498/2475
f 2113/498/2469 2247/498/2468 2248/498/2476
f 2123/498/2477 2250/498/2483 2104/498/2478
f 2106/498/3036 2252/498/3036 2126/498/3036
f 2126/498/2459 2013/498/2458 2009/498/2479
f 2251/498/2481 2252/498/2952 2106/498/2480
f 2250/498/2483 2251/498/2481 2105/498/2482
f 2008/498/2473 2122/498/2472 2253/498/2484
f 2112/498/2486 2255/498/2489 2125/498/2487
f 2111/498/2488 2254/498/2490 2255/498/2489
f 2110/498/2485 2253/498/2484 2254/498/2490
f 2158/498/2491 2159/498/2508 2176/498/2492
f 2023/498/2494 2010/498/2453 2158/498/2495
f 2167/498/2497 2166/498/2420 2117/498/2498
f 2116/498/2499 2163/498/2620 2130/498/2500
f 2259/498/2501 2257/498/2523 2147/498/2502
f 2020/498/2394 2146/498/2394 2157/498/2394
f 2120/498/2504 2119/498/2607 2288/498/2505
f 2290/498/2507 2292/498/2616 2159/498/2508
f 2134/498/2509 2133/498/3049 2278/498/2510
f 2273/498/2512 2137/498/2597 2136/498/2513
f 2267/498/2515 2140/498/2593 2139/498/2516
f 2304/498/2278 2305/498/2451 2128/498/2518
f 2156/498/2520 2294/498/2632 2296/498/2521
f 2117/498/2498 2011/498/2419 2147/498/2502
f 2117/498/2498 2257/498/2523 2256/498/2524
f 2146/498/2525 2020/498/3050 2142/498/2526
f 2121/498/2220 2260/498/2219 2160/498/2411
f 2021/498/2528 2161/498/2571 2261/498/2529
f 2263/498/2530 2266/498/2534 2265/498/2531
f 2264/498/2533 2267/498/2535 2266/498/2534
f 2267/498/2535 2264/498/2533 2155/498/2536
f 2113/498/2538 2262/498/2532 2080/498/2286
f 2114/498/2539 2263/498/2530 2262/498/2532
f 2115/498/2471 2264/498/2540 2263/498/2530
f 2008/498/2473 2155/498/2549 2264/498/2540
f 2262/498/2532 2265/498/2531 2079/498/2285
f 2269/498/2541 2272/498/2545 2271/498/2542
f 2270/498/2544 2273/498/2546 2272/498/2545
f 2273/498/2546 2270/498/2544 2153/498/2547
f 2110/498/2485 2268/498/2550 2155/498/2549
f 2111/498/2488 2269/498/2551 2268/498/2550
f 2112/498/2486 2270/498/2552 2269/498/2551
f 2007/498/2460 2153/498/2560 2270/498/2552
f 2268/498/2543 2271/498/2542 2154/498/2537
f 2275/498/2553 2278/498/3051 2277/498/2554
f 2279/498/2556 2278/498/3051 2275/498/2553
f 2150/498/2558 2279/498/2556 2276/498/2557
f 2107/498/2462 2274/498/2561 2153/498/2560
f 2108/498/2467 2275/498/2563 2274/498/2561
f 2108/498/2467 2109/498/2465 2276/498/2562
f 2109/498/2465 2006/498/2464 2151/498/2564
f 2274/498/2555 2277/498/2554 2152/498/2548
f 2283/498/2565 2282/498/2611 2280/498/2566
f 2012/498/2455 2160/498/2411 2281/498/2413
f 2130/498/2500 2131/498/2568 2281/498/2413
f 2021/498/2528 2145/498/3052 2283/498/2570
f 2288/498/2572 2287/498/2583 2284/498/2573
f 2289/498/2575 2288/498/2572 2285/498/2574
f 2148/498/2577 2289/498/2575 2286/498/2576
f 2006/498/2464 2104/498/2478 2284/498/2579
f 2104/498/2478 2105/498/2482 2285/498/2580
f 2105/498/2482 2106/498/2480 2286/498/2581
f 2106/498/2480 2009/498/2479 2149/498/2582
f 2151/498/2559 2284/498/2573 2287/498/2583
f 2159/498/2584 2019/498/2617 2024/498/2585
f 2156/498/2345 2157/498/2344 2146/498/2344
f 2014/498/2347 2156/498/2345 2147/498/2346
f 2259/498/2587 2142/498/3053 2141/498/2588
f 2266/498/2517 2139/498/2516 2138/498/2590
f 2154/498/2592 2017/498/2598 2140/498/2593
f 1991/498/2362 2079/498/2363 2265/498/2591
f 2272/498/2514 2136/498/2513 2135/498/2594
f 2152/498/2596 2016/498/2603 2137/498/2597
f 2017/498/2598 2154/498/2592 2271/498/2595
f 2278/498/2510 2133/498/3049 2132/498/2599
f 2015/498/2601 2134/498/2509 2279/498/2511
f 2016/498/2603 2152/498/2596 2277/498/2600
f 2145/498/2604 2144/498/2623 2282/498/2605
f 2119/498/2607 2118/498/2610 2287/498/2608
f 2148/498/2609 2018/498/2654 2120/498/2504
f 2118/498/2610 2015/498/2601 2150/498/2602
f 2282/498/2611 2297/498/2627 2295/498/2612
f 2167/498/2497 2130/498/2500 2280/498/2569
f 2162/498/2614 2290/498/2621 2158/498/2495
f 2291/498/2615 2293/498/2633 2292/498/2616
f 2019/498/2617 2159/498/2584 2292/498/2618
f 2163/498/2620 2291/498/2634 2290/498/2621
f 2166/498/2420 2294/498/2632 2156/498/2520
f 2293/498/2622 2165/498/2638 2164/498/2619
f 2144/498/2623 2169/498/2625 2297/498/2624
f 2131/498/2568 2162/498/2614 2010/498/2453
f 2162/498/2614 2131/498/2568 2130/498/2500
f 2169/498/2625 2168/498/3054 2296/498/2626
f 2297/498/2627 2296/498/3055 2294/498/2628
f 2157/498/2629 2296/498/3056 2168/498/2630
f 2166/498/2420 2167/498/2497 2295/498/2613
f 2256/498/2437 2258/498/2436 2293/498/2633
f 2116/498/2499 2256/498/2524 2291/498/2634
f 2299/498/2635 2302/498/2640 2301/498/2636
f 2258/498/2589 2141/498/2588 2165/498/2638
f 2300/498/2639 2303/498/2641 2302/498/2640
f 2303/498/2641 2300/498/2639 2177/498/2493
f 2009/498/2479 2170/498/2643 2298/498/2642
f 2170/498/2643 2171/498/2645 2299/498/2644
f 2171/498/2645 2172/498/2647 2300/498/2646
f 2172/498/2647 2023/498/2494 2177/498/2496
f 2149/498/2578 2298/498/2637 2301/498/2636
f 2302/498/2648 2174/498/2653 2173/498/2649
f 2176/498/2586 2024/498/2585 2175/498/2651
f 2303/498/2652 2175/498/2651 2174/498/2653
f 2018/498/2654 2148/498/2609 2301/498/2650
f 2129/498/2519 2128/498/2518 2171/498/2645
f 2128/498/2518 2127/498/2655 2172/498/2647
f 2013/498/2458 2129/498/2519 2170/498/2643
f 2127/498/2655 2025/498/2454 2023/498/2494
f 2128/498/2518 2305/498/2451 2306/498/2450
f 2124/498/2217 2304/498/2278 2129/498/2519
f 2127/498/2655 2306/498/2450 2178/498/2452
f 2429/498/2656 2408/498/3057 2358/498/2657
f 2307/498/2659 2330/498/3058 2361/498/2660
f 2330/498/2662 2307/498/3059 2349/498/2663
f 2344/498/2665 2407/498/3060 2348/498/2666
f 2345/498/2668 2408/498/3061 2434/498/2669
f 2066/498/2671 2345/498/2761 2383/498/2672
f 2316/498/2674 2347/498/3062 2419/498/2675
f 2357/498/2677 2314/498/2722 2318/498/2678
f 2309/498/2680 2355/498/2680 2349/498/2681
f 2407/498/2682 2344/498/3063 2343/498/2683
f 2358/498/2676 2408/498/3061 2345/498/2668
f 2410/498/2685 2341/498/2689 2340/498/2686
f 2411/498/2688 2342/498/2691 2341/498/2689
f 2409/498/2687 2340/498/2686 2308/498/2690
f 2342/498/2691 2411/498/2688 2353/498/2692
f 2413/498/2694 2338/498/2698 2337/498/2695
f 2414/498/2697 2339/498/2699 2338/498/2698
f 2412/498/2696 2337/498/2695 2312/498/2693
f 2339/498/2699 2414/498/2697 2352/498/2700
f 2416/498/2702 2335/498/3064 2334/498/2703
f 2336/498/2705 2335/498/3064 2416/498/2702
f 2415/498/2704 2334/498/2703 2311/498/2701
f 2310/498/2707 2336/498/2705 2417/498/2706
f 2347/498/2709 2346/498/2725 2418/498/2710
f 2332/498/2712 2331/498/2717 2420/498/2713
f 2333/498/2715 2332/498/2712 2421/498/2714
f 2331/498/2717 2310/498/2707 2351/498/2708
f 2333/498/2715 2422/498/2716 2350/498/2718
f 2315/498/2720 2348/498/2720 2356/498/2720
f 2423/498/2721 2359/498/2724 2314/498/2722
f 2424/498/2723 2360/498/2738 2359/498/2724
f 2346/498/2725 2363/498/2736 2427/498/2726
f 2361/498/2727 2425/498/3065 2355/498/2728
f 2356/498/2730 2426/498/3066 2362/498/2731
f 2319/498/2733 2320/498/3067 2398/498/2734
f 2363/498/2736 2362/498/3068 2426/498/2737
f 2405/498/2684 2343/498/2683 2360/498/2738
f 2429/498/2739 2365/498/2743 2364/498/2740
f 2430/498/2742 2366/498/2744 2365/498/2743
f 2428/498/2741 2364/498/2740 2313/498/2719
f 2366/498/2744 2430/498/2742 2367/498/2679
f 2245/498/2466 2181/498/2225 2182/498/2229
f 2245/498/2466 2244/498/2461 2180/498/2222
f 2434/498/2745 2408/498/3057 2429/498/2656
f 2326/498/2747 2328/498/2747 2393/498/2747
f 2447/498/2748 2370/498/2798 2371/498/2749
f 2442/498/2751 2373/498/3069 2374/498/2752
f 2376/498/2754 2377/498/2786 2440/498/2755
f 2379/498/2757 2380/498/2782 2437/498/2758
f 2001/498/2760 2316/498/2812 2345/498/2761
f 2387/498/2762 2319/498/3070 2368/498/2763
f 2382/498/2765 2326/498/3071 2386/498/2766
f 2383/498/2670 2434/498/2669 2395/498/2768
f 2327/498/2769 2395/498/2768 2445/498/2770
f 2329/498/2772 2325/498/2804 2394/498/2773
f 2320/498/2775 2319/498/3072 2387/498/2776
f 2381/498/2777 2382/498/3073 2433/498/2778
f 2378/498/2780 2379/498/2757 2436/498/2759
f 2380/498/2782 2323/498/2788 2391/498/2783
f 2308/498/2690 2378/498/2780 2435/498/2781
f 2375/498/2784 2376/498/2754 2439/498/2756
f 2377/498/2786 2322/498/2793 2390/498/2787
f 2323/498/2788 2375/498/2784 2438/498/2785
f 2372/498/2789 2373/498/3069 2442/498/2751
f 2443/498/2753 2374/498/2752 2321/498/2791
f 2322/498/2793 2372/498/2789 2441/498/2790
f 2444/498/2794 2384/498/2808 2385/498/2795
f 2446/498/2797 2369/498/2800 2370/498/2798
f 2371/498/2749 2324/498/2828 2388/498/2799
f 2369/498/2800 2446/498/2797 2389/498/2792
f 2318/498/2801 2314/498/3074 1999/498/2802
f 2325/498/2804 2396/498/2806 2449/498/2805
f 2396/498/2806 2397/498/2821 2450/498/2807
f 2384/498/2808 2444/498/2794 2453/498/2809
f 2068/498/2811 2347/498/2874 2316/498/2812
f 2452/498/2813 2399/498/3075 2400/498/2810
f 2398/498/2814 2320/498/3076 2392/498/2815
f 2399/498/2817 2452/498/3077 2393/498/2818
f 2000/498/3078 2065/498/2867 2344/498/2866
f 2397/498/2821 2381/498/2777 2432/498/2779
f 2401/498/2822 2402/498/2827 2455/498/2823
f 2403/498/2825 2329/498/2772 2404/498/2774
f 2402/498/2827 2403/498/2825 2456/498/2826
f 2324/498/2828 2401/498/2822 2454/498/2824
f 2040/498/2829 1995/498/2848 2310/498/2830
f 2041/498/2832 2040/498/2829 2331/498/2831
f 2042/498/2834 2041/498/2832 2332/498/2833
f 1998/498/2836 2042/498/2834 2333/498/2835
f 2019/498/2838 2325/498/2936 2329/498/2839
f 1996/498/2841 2311/498/2856 2334/498/2842
f 2056/498/2844 2055/498/2843 2334/498/2842
f 2057/498/2846 2056/498/2844 2335/498/2845
f 1995/498/2848 2057/498/2846 2336/498/2847
f 1997/498/2849 2312/498/2864 2337/498/2850
f 2058/498/2851 2337/498/2850 2338/498/2852
f 2059/498/2853 2338/498/2852 2339/498/2854
f 2060/498/2855 2339/498/2854 2311/498/2856
f 2061/498/2857 1991/498/1384 2308/498/2858
f 2062/498/2860 2061/498/2857 2340/498/2859
f 2063/498/2862 2062/498/2860 2341/498/2861
f 1997/498/2849 2063/498/2862 2342/498/2863
f 2064/498/2865 2343/498/2883 2344/498/2866
f 2093/498/3079 2002/498/2872 2317/498/2871
f 2021/498/2869 2143/498/2673 2383/498/2672
f 2000/498/1384 2315/498/1384 2317/498/2871
f 2068/498/2811 2067/498/2881 2346/498/2873
f 1999/498/2802 2314/498/3074 2359/498/2875
f 2145/498/2877 2021/498/2869 2327/498/2870
f 2089/498/2876 2359/498/2875 2360/498/2879
f 2067/498/2881 2094/498/2885 2363/498/2882
f 2090/498/2880 2360/498/2879 2343/498/2883
f 2142/498/3080 2020/498/2930 2326/498/2931
f 2094/498/2885 2093/498/3081 2362/498/2886
f 2098/498/2887 1998/498/2836 2313/498/2837
f 2098/498/2887 2364/498/2888 2365/498/2889
f 2099/498/2890 2365/498/2889 2366/498/2891
f 2100/498/2892 2366/498/2891 2318/498/2801
f 2118/498/2893 2369/498/2897 2321/498/2894
f 2119/498/2896 2370/498/2899 2369/498/2897
f 2120/498/2898 2371/498/2901 2370/498/2899
f 2018/498/2900 2324/498/2946 2371/498/2901
f 2193/498/2902 2195/498/3082 2194/498/2903
f 2016/498/2904 2132/498/2908 2372/498/2905
f 2133/498/2907 2373/498/2910 2372/498/2905
f 2134/498/2909 2374/498/2911 2373/498/2910
f 2015/498/2895 2321/498/2894 2374/498/2911
f 2017/498/2912 2135/498/2915 2375/498/2913
f 2135/498/2915 2136/498/2917 2376/498/2916
f 2136/498/2917 2137/498/2919 2377/498/2918
f 2137/498/2919 2016/498/2904 2322/498/2906
f 2138/498/2920 2378/498/2922 2308/498/2858
f 2139/498/2921 2379/498/2924 2378/498/2922
f 2140/498/2923 2380/498/2925 2379/498/2924
f 2017/498/2912 2323/498/2914 2380/498/2925
f 2141/498/2926 2142/498/3083 2382/498/2927
f 2022/498/3084 2168/498/2944 2399/498/2943
f 2020/498/2930 2022/498/1384 2328/498/1384
f 2043/498/2932 2121/498/2456 2178/498/2452
f 2145/498/2877 2385/498/2878 2384/498/2933
f 2019/498/2838 2164/498/2937 2396/498/2935
f 2164/498/2937 2165/498/2941 2397/498/2938
f 2144/498/2934 2384/498/2933 2400/498/2939
f 2165/498/2941 2141/498/2926 2381/498/2928
f 2219/498/2942 2086/498/2457 2085/498/2282
f 2169/498/2940 2400/498/2939 2399/498/2943
f 2173/498/2945 2401/498/2948 2324/498/2946
f 2173/498/2945 2174/498/2949 2402/498/2947
f 2174/498/2949 2175/498/2951 2403/498/2950
f 2175/498/2951 2024/498/2840 2329/498/2839
f 2043/498/2932 2103/498/2452 2005/498/2258
f 2246/498/2463 2182/498/2229 2045/498/2240
f 2123/498/2477 2045/498/2240 2186/498/2242
f 2250/498/2483 2186/498/2242 2187/498/2244
f 2251/498/2481 2187/498/2244 2179/498/2215
f 2251/498/2481 2243/498/2215 2126/498/2459
f 2049/498/2245 2179/498/2215 2187/498/2244
f 2180/498/2222 2244/498/2461 2125/498/2487
f 2048/498/2223 2125/498/2487 2255/498/2489
f 2191/498/2252 2255/498/2489 2254/498/2490
f 2189/498/2248 2190/498/2250 2254/498/2490
f 2189/498/2248 2253/498/2484 2122/498/2472
f 2185/498/2236 2044/498/2238 2122/498/2472
f 2185/498/2236 2249/498/2475 2248/498/2476
f 2184/498/2234 2248/498/2476 2247/498/2468
f 2428/498/2954 2454/498/2954 2455/498/2746
f 2454/498/2954 2428/498/2954 2350/498/2955
f 2388/498/2955 2350/498/2955 2422/498/2956
f 2448/498/2956 2422/498/2956 2421/498/2957
f 2447/498/2957 2421/498/2957 2420/498/2958
f 2446/498/2958 2420/498/2958 2351/498/2959
f 2443/498/2960 2389/498/2959 2351/498/2959
f 2443/498/2960 2417/498/2960 2416/498/2961
f 2442/498/2961 2416/498/2961 2415/498/2962
f 2441/498/2962 2415/498/2962 2352/498/2963
f 2390/498/2964 2352/498/2963 2414/498/2965
f 2440/498/2965 2414/498/2965 2413/498/2966
f 2438/498/2967 2439/498/2966 2413/498/2966
f 2438/498/2967 2412/498/2967 2353/498/2968
f 2391/498/2968 2353/498/2968 2411/498/2969
f 2436/498/2970 2437/498/2969 2411/498/2969
f 2436/498/2970 2410/498/2970 2409/498/2971
f 2367/498/2973 2430/498/2658 2358/498/2657
f 2357/498/2975 2367/498/2973 2419/498/2974
f 2423/498/2977 2357/498/2975 2418/498/2976
f 2424/498/3085 2423/498/2977 2427/498/2978
f 2405/498/3086 2424/498/3086 2426/498/3086
f 2407/498/3087 2405/498/3087 2356/498/3087
f 2395/498/2982 2434/498/2745 2455/498/2746
f 2395/498/2982 2456/498/2983 2404/498/2984
f 2445/498/2985 2404/498/2984 2394/498/2986
f 2444/498/2987 2394/498/2986 2449/498/2988
f 2453/498/2989 2449/498/2988 2450/498/3088
f 2393/498/3089 2452/498/3089 2450/498/3089
f 2386/498/3090 2393/498/3090 2432/498/3090
o print
v -5.662177 13.165110 6.766630
v -5.561492 13.747822 6.646306
v -6.873484 13.165110 5.531975
v -6.751261 13.747822 5.433606
v -7.820646 13.165110 4.084730
v -7.681580 13.747822 4.012095
v -8.467266 13.165110 2.480510
v -8.316702 13.747822 2.436401
v -8.788494 13.165110 0.780966
v -8.632217 13.747822 0.767079
v -8.771984 13.165110 -0.948590
v -8.616001 13.747822 -0.931721
v -8.418373 13.165110 -2.641692
v -8.268677 13.747822 -2.594718
v -7.741247 13.165110 -4.233275
v -7.603593 13.747822 -4.158000
v -6.766630 13.165110 -5.662177
v -6.646306 13.747822 -5.561492
v -5.531975 13.165110 -6.873484
v -5.433606 13.747822 -6.751261
v -4.084730 13.165110 -7.820646
v -4.012095 13.747822 -7.681580
v -2.480510 13.165110 -8.467266
v -2.436401 13.747822 -8.316702
v -0.780966 13.165110 -8.788494
v -0.767079 13.747822 -8.632217
v 0.948590 13.165110 -8.771984
v 0.931721 13.747822 -8.616001
v 2.641692 13.165110 -8.418373
v 2.594718 13.747822 -8.268677
v 4.233275 13.165110 -7.741247
v 4.158000 13.747822 -7.603593
v 5.662177 13.165110 -6.766630
v 5.561492 13.747822 -6.646306
v 6.873484 13.165110 -5.531975
v 6.751261 13.747822 -5.433606
v 7.820646 13.165110 -4.084730
v 7.681580 13.747822 -4.012095
v 8.467266 13.165110 -2.480510
v 8.316702 13.747822 -2.436401
v 8.788494 13.165110 -0.780966
v 8.632217 13.747822 -0.767079
v 8.771984 13.165110 0.948590
v 8.616001 13.747822 0.931721
v 8.418373 13.165110 2.641692
v 8.268677 13.747822 2.594718
v 7.741247 13.165110 4.233275
v 7.603593 13.747822 4.158000
v 6.766630 13.165110 5.662177
v 6.646306 13.747822 5.561492
v 5.531975 13.165110 6.873484
v 5.433606 13.747822 6.751261
v 4.084730 13.165110 7.820646
v 4.012095 13.747822 7.681580
v 2.480510 13.165110 8.467266
v 2.436401 13.747822 8.316702
v 0.780966 13.165110 8.788494
v 0.767079 13.747822 8.632217
v -0.948590 13.165110 8.771984
v -0.931721 13.747822 8.616001
v -2.641692 13.165110 8.418373
v -2.594718 13.747822 8.268677
v -4.233275 13.165110 7.741247
v -4.158000 13.747822 7.603593
v -5.662177 -23.926786 6.766630
v -5.635518 -24.081081 6.734770
v -6.873484 -23.926786 5.531975
v -6.841120 -24.081081 5.505928
v -7.820646 -23.926786 4.084730
v -7.783824 -24.081081 4.065496
v -8.467266 -23.926786 2.480510
v -8.427399 -24.081081 2.468831
v -8.788494 -23.926786 0.780966
v -8.747113 -24.081081 0.777289
v -8.771984 -23.926786 -0.948590
v -8.730681 -24.081081 -0.944124
v -8.418373 -23.926786 -2.641692
v -8.378735 -24.081081 -2.629253
v -7.741247 -23.926786 -4.233275
v -7.704797 -24.081081 -4.213344
v -6.766630 -23.926786 -5.662177
v -6.734770 -24.081081 -5.635518
v -5.531975 -23.926786 -6.873484
v -5.505928 -24.081081 -6.841120
v -4.084730 -23.926786 -7.820646
v -4.065496 -24.081081 -7.783824
v -2.480510 -23.926786 -8.467266
v -2.468831 -24.081081 -8.427399
v -0.780966 -23.926786 -8.788494
v -0.777289 -24.081081 -8.747113
v 0.948590 -23.926786 -8.771984
v 0.944124 -24.081081 -8.730681
v 2.641692 -23.926786 -8.418373
v 2.629253 -24.081081 -8.378735
v 4.233275 -23.926786 -7.741247
v 4.213344 -24.081081 -7.704797
v 5.662177 -23.926786 -6.766630
v 5.635518 -24.081081 -6.734770
v 6.873484 -23.926786 -5.531975
v 6.841120 -24.081081 -5.505928
v 7.820646 -23.926786 -4.084730
v 7.783824 -24.081081 -4.065496
v 8.467266 -23.926786 -2.480510
v 8.427399 -24.081081 -2.468831
v 8.788494 -23.926786 -0.780966
v 8.747113 -24.081081 -0.777289
v 8.771984 -23.926786 0.948590
v 8.730681 -24.081081 0.944124
v 8.418373 -23.926786 2.641692
v 8.378735 -24.081081 2.629253
v 7.741247 -23.926786 4.233275
v 7.704797 -24.081081 4.213344
v 6.766630 -23.926786 5.662177
v 6.734770 -24.081081 5.635518
v 5.531975 -23.926786 6.873484
v 5.505928 -24.081081 6.841120
v 4.084730 -23.926786 7.820646
v 4.065496 -24.081081 7.783824
v 2.480510 -23.926786 8.467266
v 2.468831 -24.081081 8.427399
v 0.780966 -23.926786 8.788494
v 0.777289 -24.081081 8.747113
v -0.948590 -23.926786 8.771984
v -0.944124 -24.081081 8.730681
v -2.641692 -23.926786 8.418373
v -2.629253 -24.081081 8.378735
v -4.233275 -23.926786 7.741247
v -4.213344 -24.081081 7.704797
vn -0.6363 0.1301 0.7604
vn -0.7724 -0.1301 0.6217
vn -0.6363 -0.1301 0.7604
vn -0.9515 0.1301 0.2787
vn -0.9876 -0.1301 0.0878
vn -0.9515 -0.1301 0.2788
vn -0.9876 0.1301 0.0878
vn -0.9858 -0.1301 -0.1066
vn -0.9858 0.1301 -0.1066
vn -0.9460 -0.1301 -0.2969
vn -0.9460 0.1301 -0.2969
vn -0.8699 -0.1301 -0.4757
vn -0.8699 0.1301 -0.4757
vn -0.7604 -0.1301 -0.6363
vn -0.7604 0.1301 -0.6363
vn -0.6217 -0.1301 -0.7724
vn -0.6217 0.1301 -0.7724
vn -0.4590 -0.1301 -0.8788
vn -0.4590 0.1301 -0.8789
vn -0.2787 -0.1301 -0.9515
vn -0.2787 0.1301 -0.9515
vn -0.0878 -0.1301 -0.9876
vn -0.0878 0.1301 -0.9876
vn 0.1066 -0.1301 -0.9858
vn 0.1066 0.1301 -0.9858
vn 0.2969 -0.1301 -0.9460
vn 0.2969 0.1301 -0.9460
vn 0.4757 -0.1301 -0.8699
vn 0.4757 0.1301 -0.8699
vn 0.6363 -0.1301 -0.7604
vn 0.6363 0.1301 -0.7604
vn 0.7724 -0.1301 -0.6217
vn 0.7724 0.1301 -0.6217
vn 0.8789 -0.1301 -0.4590
vn 0.8789 0.1301 -0.4590
vn 0.9515 -0.1301 -0.2788
vn 0.9515 0.1301 -0.2787
vn 0.9876 -0.1301 -0.0878
vn 0.9876 0.1301 -0.0878
vn 0.9858 -0.1301 0.1066
vn 0.9858 0.1301 0.1066
vn 0.9460 -0.1301 0.2969
vn 0.9460 0.1301 0.2969
vn 0.8699 -0.1301 0.4757
vn 0.8699 0.1301 0.4757
vn 0.7604 -0.1301 0.6363
vn 0.7604 0.1301 0.6363
vn 0.6217 -0.1301 0.7724
vn 0.6217 0.1301 0.7724
vn 0.4590 -0.1301 0.8788
vn 0.4590 0.1301 0.8789
vn 0.2787 -0.1301 0.9515
vn 0.2787 0.1301 0.9515
vn 0.0878 -0.1301 0.9876
vn 0.0878 0.1301 0.9876
vn -0.1066 -0.1301 0.9858
vn -0.1066 0.1301 0.9858
vn -0.2969 -0.1301 0.9460
vn -0.2969 0.1301 0.9460
vn -0.4757 -0.1301 0.8699
vn -0.7724 0.1301 0.6217
vn -0.8789 -0.1301 0.4590
vn -0.8789 0.1301 0.4590
vn -0.4757 0.1301 0.8699
vn -0.7522 0.2600 0.6054
vn -0.8559 0.2600 0.4470
vn -0.9267 0.2600 0.2715
vn -0.9618 0.2600 0.0855
vn -0.9600 0.2600 -0.1038
vn -0.9213 0.2600 -0.2891
vn -0.8472 0.2600 -0.4633
vn -0.7405 0.2600 -0.6197
vn -0.6054 0.2600 -0.7522
vn -0.4470 0.2600 -0.8559
vn -0.2715 0.2600 -0.9267
vn -0.0855 0.2600 -0.9618
vn 0.1038 0.2600 -0.9600
vn 0.2891 0.2600 -0.9213
vn 0.4633 0.2600 -0.8472
vn 0.6197 0.2600 -0.7405
vn 0.7522 0.2600 -0.6054
vn 0.8559 0.2600 -0.4470
vn 0.9267 0.2600 -0.2715
vn 0.9618 0.2600 -0.0855
vn 0.9600 0.2600 0.1038
vn 0.9213 0.2600 0.2891
vn 0.8472 0.2600 0.4633
vn 0.7405 0.2600 0.6197
vn 0.6054 0.2600 0.7522
vn 0.4470 0.2600 0.8559
vn 0.2715 0.2600 0.9267
vn 0.0855 0.2600 0.9618
vn -0.1038 0.2600 0.9600
vn -0.2891 0.2600 0.9213
vn -0.4633 0.2600 0.8472
vn -0.6197 0.2600 0.7405
vn -0.6197 -0.2600 0.7405
vn -0.7522 -0.2600 0.6054
vn -0.9267 -0.2600 0.2715
vn -0.8559 -0.2600 0.4470
vn -0.9618 -0.2600 0.0855
vn -0.9600 -0.2600 -0.1038
vn -0.9213 -0.2600 -0.2891
vn -0.8472 -0.2600 -0.4633
vn -0.7405 -0.2600 -0.6197
vn -0.6054 -0.2600 -0.7522
vn -0.2715 -0.2600 -0.9267
vn -0.4470 -0.2600 -0.8559
vn -0.0855 -0.2600 -0.9618
vn 0.1038 -0.2600 -0.9600
vn 0.2891 -0.2600 -0.9213
vn 0.4633 -0.2600 -0.8472
vn 0.6197 -0.2600 -0.7405
vn 0.7522 -0.2600 -0.6054
vn 0.9267 -0.2600 -0.2715
vn 0.8559 -0.2600 -0.4470
vn 0.9618 -0.2600 -0.0855
vn 0.9600 -0.2600 0.1038
vn 0.9213 -0.2600 0.2891
vn 0.8472 -0.2600 0.4633
vn 0.7405 -0.2600 0.6197
vn 0.6054 -0.2600 0.7522
vn 0.2715 -0.2600 0.9267
vn 0.4470 -0.2600 0.8559
vn 0.0855 -0.2600 0.9618
vn -0.1038 -0.2600 0.9600
vn -0.2891 -0.2600 0.9213
vn -0.4633 -0.2600 0.8472
vt 0.247847 0.983534
vt 0.224972 0.004596
vt 0.255987 0.004571
vt 0.154833 0.983627
vt 0.131930 0.004671
vt 0.162944 0.004646
vt 0.123827 0.983659
vt 0.100915 0.004697
vt 0.092822 0.983686
vt 0.069901 0.004724
vt 0.061821 0.983711
vt 0.038888 0.004749
vt 0.030834 0.983757
vt 0.007861 0.004279
vt 0.991866 0.983691
vt 0.969226 0.004290
vt 1.000000 0.004352
vt 0.960840 0.983131
vt 0.938219 0.004297
vt 0.929857 0.983097
vt 0.907210 0.004304
vt 0.898864 0.983106
vt 0.876201 0.004312
vt 0.867866 0.983118
vt 0.845193 0.004321
vt 0.836867 0.983131
vt 0.814184 0.004329
vt 0.805868 0.983144
vt 0.783175 0.004339
vt 0.774869 0.983158
vt 0.752166 0.004348
vt 0.743869 0.983172
vt 0.721156 0.004358
vt 0.712870 0.983188
vt 0.690147 0.004369
vt 0.681870 0.983205
vt 0.659137 0.004380
vt 0.650870 0.983222
vt 0.628127 0.004392
vt 0.619870 0.983241
vt 0.597117 0.004404
vt 0.588870 0.983260
vt 0.566107 0.004416
vt 0.557869 0.983281
vt 0.535097 0.004429
vt 0.526868 0.983302
vt 0.504086 0.004442
vt 0.495867 0.983324
vt 0.473075 0.004456
vt 0.464866 0.983347
vt 0.442063 0.004470
vt 0.433864 0.983371
vt 0.411052 0.004485
vt 0.402862 0.983396
vt 0.380040 0.004500
vt 0.371860 0.983422
vt 0.349027 0.004515
vt 0.340857 0.983448
vt 0.318015 0.004532
vt 0.309854 0.983476
vt 0.287001 0.004548
vt 0.216843 0.983564
vt 0.193958 0.004620
vt 0.185838 0.983595
vt 0.278851 0.983505
vt 0.216920 0.999786
vt 0.185916 0.999817
vt 0.154911 0.999850
vt 0.123903 0.999885
vt 0.092896 0.999907
vt 0.061890 0.999917
vt 0.030936 0.999873
vt 0.000330 1.000000
vt 0.000023 0.983813
vt 0.960821 0.999233
vt 0.929931 0.999285
vt 0.898940 0.999321
vt 0.867939 0.999337
vt 0.836940 0.999349
vt 0.805941 0.999362
vt 0.774942 0.999376
vt 0.743943 0.999391
vt 0.712944 0.999407
vt 0.681944 0.999424
vt 0.650944 0.999442
vt 0.619945 0.999460
vt 0.588944 0.999480
vt 0.557944 0.999500
vt 0.526943 0.999521
vt 0.495942 0.999544
vt 0.464941 0.999567
vt 0.433940 0.999591
vt 0.402938 0.999616
vt 0.371936 0.999642
vt 0.340934 0.999669
vt 0.309931 0.999697
vt 0.278928 0.999725
vt 0.247924 0.999755
vt 0.255967 0.000297
vt 0.224953 0.000321
vt 0.162924 0.000371
vt 0.193939 0.000346
vt 0.131910 0.000397
vt 0.100896 0.000423
vt 0.069881 0.000451
vt 0.038884 0.000494
vt 0.999931 0.000094
vt 0.969209 0.000036
vt 0.907191 0.000031
vt 0.938201 0.000023
vt 0.876183 0.000039
vt 0.845174 0.000047
vt 0.814165 0.000056
vt 0.783156 0.000065
vt 0.752147 0.000075
vt 0.721138 0.000085
vt 0.659119 0.000106
vt 0.690128 0.000095
vt 0.628109 0.000118
vt 0.597099 0.000130
vt 0.566088 0.000142
vt 0.535078 0.000155
vt 0.504067 0.000168
vt 0.473056 0.000182
vt 0.411033 0.000211
vt 0.442044 0.000196
vt 0.380020 0.000226
vt 0.349008 0.000242
vt 0.317996 0.000257
vt 0.286983 0.000270
vt 0.991448 0.999820
vt 0.007964 0.000023
s 1
f 2457/499/3091 2523/500/3092 2521/501/3093
f 2463/502/3094 2529/503/3095 2527/504/3096
f 2465/505/3097 2531/506/3098 2529/503/3095
f 2467/507/3099 2533/508/3100 2531/506/3098
f 2469/509/3101 2535/510/3102 2533/508/3100
f 2471/511/3103 2537/512/3104 2535/510/3102
f 2473/513/3105 2539/514/3106 2537/515/3104
f 2475/516/3107 2541/517/3108 2539/514/3106
f 2477/518/3109 2543/519/3110 2541/517/3108
f 2479/520/3111 2545/521/3112 2543/519/3110
f 2481/522/3113 2547/523/3114 2545/521/3112
f 2483/524/3115 2549/525/3116 2547/523/3114
f 2485/526/3117 2551/527/3118 2549/525/3116
f 2487/528/3119 2553/529/3120 2551/527/3118
f 2489/530/3121 2555/531/3122 2553/529/3120
f 2491/532/3123 2557/533/3124 2555/531/3122
f 2493/534/3125 2559/535/3126 2557/533/3124
f 2495/536/3127 2561/537/3128 2559/535/3126
f 2497/538/3129 2563/539/3130 2561/537/3128
f 2499/540/3131 2565/541/3132 2563/539/3130
f 2501/542/3133 2567/543/3134 2565/541/3132
f 2503/544/3135 2569/545/3136 2567/543/3134
f 2505/546/3137 2571/547/3138 2569/545/3136
f 2507/548/3139 2573/549/3140 2571/547/3138
f 2509/550/3141 2575/551/3142 2573/549/3140
f 2511/552/3143 2577/553/3144 2575/551/3142
f 2513/554/3145 2579/555/3146 2577/553/3144
f 2515/556/3147 2581/557/3148 2579/555/3146
f 2517/558/3149 2583/559/3150 2581/557/3148
f 2459/560/3151 2525/561/3152 2523/500/3092
f 2461/562/3153 2527/504/3096 2525/561/3152
f 2519/563/3154 2521/501/3093 2583/559/3150
f 2457/499/3091 2460/564/3155 2459/560/3151
f 2459/560/3151 2462/565/3156 2461/562/3153
f 2463/502/3094 2462/565/3156 2464/566/3157
f 2463/502/3094 2466/567/3158 2465/505/3097
f 2465/505/3097 2468/568/3159 2467/507/3099
f 2467/507/3099 2470/569/3160 2469/509/3101
f 2471/511/3103 2470/569/3160 2472/570/3161
f 2471/511/3103 2474/571/3162 2473/572/3105
f 2473/513/3105 2476/573/3163 2475/516/3107
f 2475/516/3107 2478/574/3164 2477/518/3109
f 2479/520/3111 2478/574/3164 2480/575/3165
f 2479/520/3111 2482/576/3166 2481/522/3113
f 2481/522/3113 2484/577/3167 2483/524/3115
f 2483/524/3115 2486/578/3168 2485/526/3117
f 2487/528/3119 2486/578/3168 2488/579/3169
f 2487/528/3119 2490/580/3170 2489/530/3121
f 2489/530/3121 2492/581/3171 2491/532/3123
f 2491/532/3123 2494/582/3172 2493/534/3125
f 2495/536/3127 2494/582/3172 2496/583/3173
f 2495/536/3127 2498/584/3174 2497/538/3129
f 2497/538/3129 2500/585/3175 2499/540/3131
f 2499/540/3131 2502/586/3176 2501/542/3133
f 2503/544/3135 2502/586/3176 2504/587/3177
f 2503/544/3135 2506/588/3178 2505/546/3137
f 2505/546/3137 2508/589/3179 2507/548/3139
f 2507/548/3139 2510/590/3180 2509/550/3141
f 2511/552/3143 2510/590/3180 2512/591/3181
f 2511/552/3143 2514/592/3182 2513/554/3145
f 2513/554/3145 2516/593/3183 2515/556/3147
f 2515/556/3147 2518/594/3184 2517/558/3149
f 2519/563/3154 2518/594/3184 2520/595/3185
f 2519/563/3154 2458/596/3186 2457/499/3091
f 2523/500/3092 2522/597/3187 2521/501/3093
f 2525/561/3152 2524/598/3188 2523/500/3092
f 2525/561/3152 2528/599/3189 2526/600/3190
f 2527/504/3096 2530/601/3191 2528/599/3189
f 2531/506/3098 2530/601/3191 2529/503/3095
f 2533/508/3100 2532/602/3192 2531/506/3098
f 2535/510/3102 2534/603/3193 2533/508/3100
f 2537/512/3104 2536/604/3194 2535/510/3102
f 2539/514/3106 2538/605/3195 2537/515/3104
f 2541/517/3108 2540/606/3196 2539/514/3106
f 2541/517/3108 2544/607/3197 2542/608/3198
f 2543/519/3110 2546/609/3199 2544/607/3197
f 2547/523/3114 2546/609/3199 2545/521/3112
f 2549/525/3116 2548/610/3200 2547/523/3114
f 2551/527/3118 2550/611/3201 2549/525/3116
f 2553/529/3120 2552/612/3202 2551/527/3118
f 2555/531/3122 2554/613/3203 2553/529/3120
f 2557/533/3124 2556/614/3204 2555/531/3122
f 2557/533/3124 2560/615/3205 2558/616/3206
f 2559/535/3126 2562/617/3207 2560/615/3205
f 2563/539/3130 2562/617/3207 2561/537/3128
f 2565/541/3132 2564/618/3208 2563/539/3130
f 2567/543/3134 2566/619/3209 2565/541/3132
f 2569/545/3136 2568/620/3210 2567/543/3134
f 2571/547/3138 2570/621/3211 2569/545/3136
f 2573/549/3140 2572/622/3212 2571/547/3138
f 2573/549/3140 2576/623/3213 2574/624/3214
f 2575/551/3142 2578/625/3215 2576/623/3213
f 2579/555/3146 2578/625/3215 2577/553/3144
f 2581/557/3148 2580/626/3216 2579/555/3146
f 2583/559/3150 2582/627/3217 2581/557/3148
f 2521/501/3093 2584/628/3218 2583/559/3150
f 2457/499/3091 2459/560/3151 2523/500/3092
f 2463/502/3094 2465/505/3097 2529/503/3095
f 2465/505/3097 2467/507/3099 2531/506/3098
f 2467/507/3099 2469/509/3101 2533/508/3100
f 2469/509/3101 2471/511/3103 2535/510/3102
f 2471/511/3103 2473/572/3105 2537/512/3104
f 2473/513/3105 2475/516/3107 2539/514/3106
f 2475/516/3107 2477/518/3109 2541/517/3108
f 2477/518/3109 2479/520/3111 2543/519/3110
f 2479/520/3111 2481/522/3113 2545/521/3112
f 2481/522/3113 2483/524/3115 2547/523/3114
f 2483/524/3115 2485/526/3117 2549/525/3116
f 2485/526/3117 2487/528/3119 2551/527/3118
f 2487/528/3119 2489/530/3121 2553/529/3120
f 2489/530/3121 2491/532/3123 2555/531/3122
f 2491/532/3123 2493/534/3125 2557/533/3124
f 2493/534/3125 2495/536/3127 2559/535/3126
f 2495/536/3127 2497/538/3129 2561/537/3128
f 2497/538/3129 2499/540/3131 2563/539/3130
f 2499/540/3131 2501/542/3133 2565/541/3132
f 2501/542/3133 2503/544/3135 2567/543/3134
f 2503/544/3135 2505/546/3137 2569/545/3136
f 2505/546/3137 2507/548/3139 2571/547/3138
f 2507/548/3139 2509/550/3141 2573/549/3140
f 2509/550/3141 2511/552/3143 2575/551/3142
f 2511/552/3143 2513/554/3145 2577/553/3144
f 2513/554/3145 2515/556/3147 2579/555/3146
f 2515/556/3147 2517/558/3149 2581/557/3148
f 2517/558/3149 2519/563/3154 2583/559/3150
f 2459/560/3151 2461/562/3153 2525/561/3152
f 2461/562/3153 2463/502/3094 2527/504/3096
f 2519/563/3154 2457/499/3091 2521/501/3093
f 2457/499/3091 2458/596/3186 2460/564/3155
f 2459/560/3151 2460/564/3155 2462/565/3156
f 2463/502/3094 2461/562/3153 2462/565/3156
f 2463/502/3094 2464/566/3157 2466/567/3158
f 2465/505/3097 2466/567/3158 2468/568/3159
f 2467/507/3099 2468/568/3159 2470/569/3160
f 2471/511/3103 2469/509/3101 2470/569/3160
f 2471/511/3103 2472/570/3161 2474/571/3162
f 2473/513/3105 2474/629/3162 2476/573/3163
f 2475/516/3107 2476/573/3163 2478/574/3164
f 2479/520/3111 2477/518/3109 2478/574/3164
f 2479/520/3111 2480/575/3165 2482/576/3166
f 2481/522/3113 2482/576/3166 2484/577/3167
f 2483/524/3115 2484/577/3167 2486/578/3168
f 2487/528/3119 2485/526/3117 2486/578/3168
f 2487/528/3119 2488/579/3169 2490/580/3170
f 2489/530/3121 2490/580/3170 2492/581/3171
f 2491/532/3123 2492/581/3171 2494/582/3172
f 2495/536/3127 2493/534/3125 2494/582/3172
f 2495/536/3127 2496/583/3173 2498/584/3174
f 2497/538/3129 2498/584/3174 2500/585/3175
f 2499/540/3131 2500/585/3175 2502/586/3176
f 2503/544/3135 2501/542/3133 2502/586/3176
f 2503/544/3135 2504/587/3177 2506/588/3178
f 2505/546/3137 2506/588/3178 2508/589/3179
f 2507/548/3139 2508/589/3179 2510/590/3180
f 2511/552/3143 2509/550/3141 2510/590/3180
f 2511/552/3143 2512/591/3181 2514/592/3182
f 2513/554/3145 2514/592/3182 2516/593/3183
f 2515/556/3147 2516/593/3183 2518/594/3184
f 2519/563/3154 2517/558/3149 2518/594/3184
f 2519/563/3154 2520/595/3185 2458/596/3186
f 2523/500/3092 2524/598/3188 2522/597/3187
f 2525/561/3152 2526/600/3190 2524/598/3188
f 2525/561/3152 2527/504/3096 2528/599/3189
f 2527/504/3096 2529/503/3095 2530/601/3191
f 2531/506/3098 2532/602/3192 2530/601/3191
f 2533/508/3100 2534/603/3193 2532/602/3192
f 2535/510/3102 2536/604/3194 2534/603/3193
f 2537/512/3104 2538/630/3195 2536/604/3194
f 2539/514/3106 2540/606/3196 2538/605/3195
f 2541/517/3108 2542/608/3198 2540/606/3196
f 2541/517/3108 2543/519/3110 2544/607/3197
f 2543/519/3110 2545/521/3112 2546/609/3199
f 2547/523/3114 2548/610/3200 2546/609/3199
f 2549/525/3116 2550/611/3201 2548/610/3200
f 2551/527/3118 2552/612/3202 2550/611/3201
f 2553/529/3120 2554/613/3203 2552/612/3202
f 2555/531/3122 2556/614/3204 2554/613/3203
f 2557/533/3124 2558/616/3206 2556/614/3204
f 2557/533/3124 2559/535/3126 2560/615/3205
f 2559/535/3126 2561/537/3128 2562/617/3207
f 2563/539/3130 2564/618/3208 2562/617/3207
f 2565/541/3132 2566/619/3209 2564/618/3208
f 2567/543/3134 2568/620/3210 2566/619/3209
f 2569/545/3136 2570/621/3211 2568/620/3210
f 2571/547/3138 2572/622/3212 2570/621/3211
f 2573/549/3140 2574/624/3214 2572/622/3212
f 2573/549/3140 2575/551/3142 2576/623/3213
f 2575/551/3142 2577/553/3144 2578/625/3215
f 2579/555/3146 2580/626/3216 2578/625/3215
f 2581/557/3148 2582/627/3217 2580/626/3216
f 2583/559/3150 2584/628/3218 2582/627/3217
f 2521/501/3093 2522/597/3187 2584/628/3218
