# Blender v2.93.6 OBJ File: 'model.blend'
# www.blender.org
o print
v -10.164299 20.618174 -16.634430
v -15.755637 20.618174 -11.475129
v -18.946985 20.618174 -4.568851
v -19.252485 20.618174 3.032997
v -16.625631 20.618174 10.173099
v -11.466331 20.618174 15.764437
v -4.560051 20.618174 18.955784
v 3.041796 20.618174 19.261284
v 10.181899 20.618174 16.634430
v 15.773235 20.618174 11.475130
v 18.964582 20.618174 4.568851
v 19.270082 20.618174 -3.032994
v 16.643229 20.618174 -10.173099
v 11.483932 20.618174 -15.764440
v 4.577652 20.618174 -18.955786
v -3.024198 20.618174 -19.261286
v -10.932090 -19.047066 -7.964010
v -7.051570 -19.047066 -11.544684
v -13.146960 -19.047066 -3.170889
v -13.358984 -19.047066 2.104972
v -11.535887 -19.047066 7.060371
v -7.955212 -19.047066 10.940889
v -3.162091 -19.047066 13.155760
v 2.113770 -19.047066 13.367784
v 7.069169 -19.047066 11.544683
v 10.949689 -19.047066 7.964010
v 13.164557 -19.047066 3.170891
v 13.376582 -19.047066 -2.104969
v 11.527155 -19.245373 -7.044268
v 7.972810 -19.047066 -10.940889
v 3.179689 -19.047066 -13.155760
v -2.096171 -19.047066 -13.367783
v -10.601956 -21.173222 -7.723702
v -6.838529 -21.173222 -11.196333
v -12.749993 -21.173222 -3.075208
v -12.955623 -21.173222 2.041457
v -11.187536 -21.173222 6.847331
v -7.714905 -21.173222 10.610757
v -3.066411 -21.173222 12.758795
v 2.050254 -21.173222 12.964420
v 6.856128 -21.173222 11.196333
v 10.619555 -21.173222 7.723702
v 12.767592 -21.173222 3.075212
v 12.973219 -21.173222 -2.041452
v 11.205132 -21.173222 -6.847328
v 7.732500 -21.173222 -10.610757
v 3.084010 -21.173222 -12.758794
v -2.032656 -21.173222 -12.964420
v 10.886310 12.874677 -14.946981
v 10.282346 6.227268 -14.118604
v 8.483160 -13.458996 -11.641048
v 3.382043 -13.477474 -13.995306
v 4.102692 6.352862 -16.985222
v 4.342462 12.950789 -17.980005
v -4.324862 12.950790 17.980005
v -4.085093 6.352862 16.985222
v -3.364444 -13.477474 13.995306
v 2.248100 -13.477474 14.220860
v 2.726499 6.352863 17.258965
v 2.885667 12.950790 18.269779
v -2.230502 -13.477474 -14.220861
v -2.708900 6.352862 -17.258965
v -2.868069 12.950790 -18.269779
v 7.519733 -13.477474 12.281419
v 9.124347 6.352863 14.905184
v 9.658222 12.950790 15.778144
v -9.640622 12.950790 -15.778144
v -9.106747 6.352862 -14.905185
v -7.502135 -13.477474 -12.281421
v -11.630294 -13.477474 -8.472242
v -14.116834 6.352863 -10.282226
v -14.944139 12.950790 -10.884431
v 11.647891 -13.477474 8.472242
v 14.134435 6.352863 10.282227
v 14.961736 12.950790 10.884432
v -13.986506 -13.477474 -3.373242
v -16.976423 6.352863 -4.093893
v -17.971207 12.950790 -4.333662
v 14.004105 -13.477474 3.373245
v 16.994020 6.352862 4.093894
v 17.988802 12.950790 4.333663
v -14.212063 -13.477474 2.239303
v -17.250166 6.352862 2.717700
v -18.260981 12.950790 2.876870
v 14.232367 -13.458996 -2.240295
v 17.257549 6.227266 -2.713176
v 18.270123 12.874677 -2.873419
v -12.272622 -13.477474 7.510935
v -14.896386 6.352862 9.115547
v -15.769346 12.950788 9.649423
v 14.725904 4.727478 -9.000523
v -8.463444 -13.477474 11.639093
v -10.273427 6.352862 14.125635
v -10.875632 12.950789 14.952936
v -8.891059 -21.173222 -9.645138
v -11.904633 -21.173222 -5.505116
v -13.104495 -21.173222 -0.526991
v -12.307977 -21.173222 4.531364
v -9.636341 -21.173222 8.899860
v -5.496319 -21.173222 11.913433
v -0.518193 -21.173222 13.113294
v 4.540162 -21.173222 12.316774
v 8.908658 -21.173222 9.645138
v 11.922231 -21.173222 5.505117
v 13.122092 -21.173222 0.526994
v 12.325573 -21.173222 -4.531361
v 9.653936 -21.173222 -8.899858
v 5.513916 -21.173222 -11.913431
v 0.535793 -21.173222 -13.113293
v -4.522563 -21.173222 -12.316774
v 8.197639 -16.584507 -11.249758
v 4.455299 16.057819 -18.448154
v -3.251608 -16.584507 13.527155
v 2.960572 16.057819 18.745474
v -2.942975 16.057819 -18.745476
v 9.909466 16.057819 16.188963
v -7.250889 -16.584507 -11.870600
v -15.333472 16.057819 -11.167831
v 15.351069 16.057819 11.167831
v -18.439356 16.057819 -4.446497
v 18.456953 16.057819 4.446502
v -18.736675 16.057819 2.951776
v 18.751259 16.008337 -2.949928
v -16.180164 16.057819 9.900665
v 16.370981 16.927721 -10.006601
v -11.159032 16.057819 15.342270
v -6.734756 -21.407406 -11.026649
v -10.441150 -21.407406 -7.606648
v -12.556634 -21.407406 -3.028603
v -12.759147 -21.407406 2.010519
v -11.017853 -21.407406 6.743558
v -7.597852 -21.407406 10.449951
v -3.019806 -21.407406 12.565434
v 2.019315 -21.407406 12.767942
v 6.752356 -21.407406 11.026649
v 10.458749 -21.407406 7.606649
v 12.574233 -21.407406 3.028607
v 12.776741 -21.407406 -2.010514
v 11.035448 -21.407406 -6.743555
v 7.615446 -21.407406 -10.449949
v 3.037405 -21.407406 -12.565434
v -2.001717 -21.407406 -12.767942
v -13.213750 20.618174 -14.329812
v -17.691027 20.618174 -8.178969
v -19.473663 20.618174 -0.782955
v -18.290274 20.618174 6.732262
v -14.321012 20.618174 13.222549
v -8.170170 20.618174 17.699825
v -0.774156 20.618174 19.482462
v 6.741060 20.618174 18.299072
v 13.231349 20.618174 14.329812
v 17.708622 20.618174 8.178970
v 19.491261 20.618174 0.782956
v 18.307873 20.618174 -6.732259
v 14.338612 20.618174 -13.222550
v 8.187770 20.618174 -17.699825
v 0.791756 20.618174 -19.482464
v -6.723461 20.618174 -18.299072
v -9.167960 -19.047066 -9.945227
v -12.275296 -19.047066 -5.676397
v -13.512488 -19.047066 -0.543389
v -12.691190 -19.047066 4.672349
v -9.936430 -19.047066 9.176762
v -5.667600 -19.047066 12.284096
v -0.534589 -19.047066 13.521288
v 4.681146 -19.047066 12.699986
v 9.185559 -19.047066 9.945227
v 12.292894 -19.047066 5.676399
v 13.530086 -19.047066 0.543391
v 12.702202 -19.096645 -4.668320
v 9.947444 -19.096642 -9.172735
v 5.685198 -19.047066 -12.284096
v 0.552189 -19.047066 -13.521288
v -4.663548 -19.047066 -12.699987
v -10.737727 -20.512165 -7.822532
v -6.926143 -20.512165 -11.339595
v -12.913251 -20.512165 -3.114559
v -13.121510 -20.512165 2.067578
v -11.330798 -20.512165 6.934945
v -7.813735 -20.512165 10.746529
v -3.105760 -20.512165 12.922052
v 2.076376 -20.512165 13.130308
v 6.943743 -20.512165 11.339595
v 10.755326 -20.512165 7.822532
v 12.930851 -20.512165 3.114562
v 13.139107 -20.512165 -2.067574
v 11.348392 -20.512165 -6.934942
v 7.831331 -20.512165 -10.746528
v 3.123360 -20.512165 -12.922050
v -2.058777 -20.512165 -13.130308
v 11.173615 16.008337 -15.340429
v 10.567676 9.390533 -14.518084
v 8.789777 -10.113735 -12.059410
v 3.269207 -16.584507 -13.527155
v 3.501591 -10.187654 -14.491303
v 4.222912 9.660965 -17.484005
v -4.437700 16.057819 18.448154
v -4.205313 9.660965 17.484003
v -3.483992 -10.187654 14.491303
v 2.173195 -16.584507 13.745164
v 2.327462 -10.187654 14.724853
v 2.806305 9.660966 17.765785
v -2.155597 -16.584507 -13.745165
v -2.309864 -10.187654 -14.724854
v -2.788706 9.660966 -17.765785
v 7.268489 -16.584507 11.870600
v 7.785923 -10.187654 12.716676
v 9.392031 9.660966 15.342885
v -9.891867 16.057819 -16.188965
v -9.374432 9.660965 -15.342886
v -7.768324 -10.187654 -12.716677
v -11.240958 -16.584507 -8.188839
v -12.042787 -10.187654 -8.772500
v -14.531644 9.660966 -10.584169
v 11.258557 -16.584507 8.188840
v 12.060386 -10.187654 8.772500
v 14.549243 9.660966 10.584169
v -13.518354 -16.584507 -3.260405
v -14.482503 -10.187654 -3.492790
v -17.475204 9.660966 -4.214111
v 13.535954 -16.584507 3.260408
v 14.500102 -10.187654 3.492794
v 17.492802 9.660965 4.214113
v -13.736365 -16.584507 2.164397
v -14.716054 -10.187654 2.318664
v -17.756987 9.660965 2.797506
v 13.753962 -16.584507 -2.164392
v 14.744478 -10.113735 -2.322644
v 17.743155 9.390534 -2.785176
v -11.861801 -16.584507 7.259690
v -12.707877 -10.187654 7.777124
v -15.334087 9.660965 9.383231
v 12.291019 -17.484814 -7.511425
v 13.186269 -9.077213 -8.058930
v 15.029684 6.326600 -9.186305
v -8.180041 -16.584507 11.249759
v -8.763701 -10.187654 12.051586
v -10.575371 9.660965 14.540444
v -7.749147 12.950788 16.788700
v -7.319921 6.352862 15.859828
v -6.029845 -13.477474 13.068016
v 13.282253 12.586634 -13.036066
v 12.771935 5.506935 -11.794000
v 10.748668 -13.155308 -10.413874
v -13.583364 12.950788 12.541898
v -12.831349 6.352862 11.847990
v -10.571094 -13.477474 9.762384
v 17.660601 12.586635 -5.876856
v 16.322430 5.506935 -5.988443
v 14.172080 -13.155304 -4.816117
v -17.348299 12.950790 6.385707
v -16.387981 6.352862 6.032404
v -13.501650 -13.477474 4.970519
v 18.488371 12.950790 0.742654
v 17.465948 6.352862 0.701566
v 14.392957 -13.477474 0.578070
v -18.470774 12.950790 -0.742650
v -17.448351 6.352862 -0.701561
v -14.375363 -13.477474 -0.578063
v 16.797497 12.950790 7.757947
v 15.868628 6.352862 7.328721
v 13.076814 -13.477474 6.038644
v -16.779902 12.950790 -7.757944
v -15.851029 6.352863 -7.328718
v -13.059216 -13.477474 -6.038642
v 12.550697 12.950790 13.592164
v 11.856791 6.352863 12.840147
v 9.771184 -13.477474 10.579891
v -6.376906 12.950790 -17.357098
v -6.023604 6.352862 -16.396780
v -4.961719 -13.477474 -13.510448
v -12.533099 12.950789 -13.592164
v -11.839190 6.352863 -12.840148
v -9.753585 -13.477474 -10.579891
v 6.394506 12.950790 17.357098
v 6.041203 6.352863 16.396780
v 4.979317 -13.477474 13.510448
v 0.751451 12.950789 -18.479572
v 0.710362 6.352862 -17.457150
v 0.586864 -13.477474 -14.384161
v -0.733852 12.950789 18.479572
v -0.692763 6.352863 17.457150
v -0.569266 -13.477474 14.384161
v 7.766746 12.950788 -16.788700
v 7.337520 6.352862 -15.859829
v 6.047442 -13.477474 -13.068016
v 5.845445 -16.584507 -12.630884
v -0.549930 -16.584507 13.903002
v 0.567529 -16.584507 -13.903003
v 4.813050 -16.584507 13.058515
v -9.427028 -16.584507 -10.225989
v -4.795451 -16.584507 -13.058515
v 9.444625 -16.584507 10.225987
v -12.622084 -16.584507 -5.836647
v 12.639682 -16.584507 5.836648
v -13.894202 -16.584507 -0.558728
v 13.911799 -16.584507 0.558733
v -13.049719 -16.584507 4.804253
v 13.489415 -16.467480 -5.039868
v -10.217192 -16.584507 9.435827
v 10.636836 -16.467476 -9.704233
v -5.827848 -16.584507 12.630884
v -8.756182 -21.407402 -9.498966
v -11.724083 -21.407402 -5.421686
v -12.905760 -21.407402 -0.519004
v -12.121315 -21.407402 4.462690
v -9.490168 -21.407402 8.764981
v -5.412887 -21.407402 11.732883
v -0.510206 -21.407402 12.914558
v 4.471489 -21.407402 12.130112
v 8.773781 -21.407402 9.498966
v 11.741681 -21.407402 5.421688
v 12.923358 -21.407402 0.519007
v 12.138909 -21.407402 -4.462687
v 9.507762 -21.407402 -8.764979
v 5.430485 -21.407402 -11.732882
v 0.527805 -21.407402 -12.914558
v -4.453890 -21.407402 -12.130112
v -9.004937 -20.512169 -9.768553
v -12.057071 -20.512169 -5.575559
v -13.272286 -20.512169 -0.533734
v -12.465576 -20.512169 4.589345
v -9.759755 -20.512169 9.013739
v -5.566760 -20.512169 12.065872
v -0.524935 -20.512169 13.281086
v 4.598143 -20.512169 12.474375
v 9.022536 -20.512169 9.768552
v 12.074670 -20.512169 5.575560
v 13.289885 -20.512169 0.533737
v 12.483173 -20.512169 -4.589343
v 9.777351 -20.512169 -9.013738
v 5.584359 -20.512169 -12.065872
v 0.542535 -20.512169 -13.281086
v -4.580544 -20.512169 -12.474374
v -7.951142 16.057819 17.225830
v -7.535134 9.660966 16.325565
v -6.243856 -10.187654 13.531151
v 14.031357 15.913179 -12.914570
v 13.134204 7.931772 -12.107081
v 11.263535 -9.750004 -10.290035
v -13.937268 16.057819 12.868456
v -13.208409 9.660965 12.195915
v -10.946050 -10.187654 10.108368
v 17.893728 15.913179 -6.599054
v 16.766178 7.931772 -6.168298
v 14.296407 -9.750006 -5.330867
v -17.800232 16.057819 6.551973
v -16.869486 9.660965 6.209551
v -13.980465 -10.187654 5.146675
v 18.969528 16.057819 0.761991
v 17.978590 9.660965 0.722167
v 14.902738 -10.187654 0.598556
v -18.951933 16.057819 -0.761986
v -17.960995 9.660966 -0.722163
v -14.885141 -10.187654 -0.598551
v 17.234629 16.057819 7.959944
v 16.334362 9.660966 7.543935
v 13.539948 -10.187654 6.252655
v -17.217031 16.057819 -7.959940
v -16.316767 9.660966 -7.543934
v -13.522351 -10.187654 -6.252653
v 12.877255 16.057819 13.946068
v 12.204715 9.660966 13.217208
v 10.117165 -10.187654 10.954844
v -6.543174 16.057819 -17.809031
v -6.200750 9.660966 -16.878283
v -5.137876 -10.187654 -13.989264
v -12.859656 16.057819 -13.946067
v -12.187116 9.660966 -13.217209
v -10.099566 -10.187654 -10.954846
v 6.560772 16.057819 17.809031
v 6.218349 9.660966 16.878283
v 5.155473 -10.187654 13.989263
v 0.770787 16.057819 -18.960732
v 0.730965 9.660966 -17.969793
v 0.607352 -10.187654 -14.893941
v -0.753188 16.057819 18.960732
v -0.713365 9.660966 17.969791
v -0.589754 -10.187654 14.893940
v 7.968742 16.057819 -17.225834
v 7.552733 9.660965 -16.325565
v 6.261453 -10.187654 -13.531151
v 8.335179 -15.076664 -11.438591
v 8.075271 -17.927227 -11.081651
v 4.400641 14.552287 -18.221390
v 4.503887 17.400478 -18.649740
v -3.306264 -15.078976 13.753920
v -3.202886 -17.927227 13.325016
v 2.924291 14.552288 18.515055
v 2.992827 17.400478 18.950310
v -2.906693 14.552288 -18.515055
v -2.975229 17.400478 -18.950310
v 9.787766 14.552288 15.989968
v 10.017653 17.400478 16.365866
v -7.372588 -15.078976 -12.069594
v -7.142406 -17.927227 -11.693213
v -15.144883 14.552288 -11.030557
v -15.501122 17.400478 -11.289865
v 15.162481 14.552288 11.030558
v 15.518720 17.400478 11.289866
v -18.212591 14.552288 -4.391840
v -18.640944 17.400478 -4.495086
v 18.230188 14.552288 4.391843
v 18.658539 17.400478 4.495087
v -18.506256 14.552288 2.915494
v -18.941511 17.400478 2.984029
v 18.520721 14.508754 -2.913789
v 18.956942 17.364912 -2.982701
v -15.981169 14.552286 9.778966
v -16.357067 17.400478 10.008854
v 16.419559 17.714581 -10.036310
v -11.021758 14.552287 15.153683
v -11.281067 17.400478 15.509920
v -10.192533 20.378513 -16.680595
v -10.152668 19.373131 -16.615412
v -15.737617 19.373131 -11.462013
v -15.799389 20.378513 -11.506978
v -18.925314 19.373131 -4.563627
v -18.999594 20.378513 -4.581530
v -19.230467 19.373131 3.029530
v -19.305941 20.378513 3.041414
v -16.606613 19.373131 10.161468
v -16.671795 20.378513 10.201332
v -11.453214 19.373131 15.746416
v -11.498179 20.378513 15.808187
v -4.554828 19.373131 18.934113
v -4.572731 20.378513 19.008392
v 3.038329 19.373131 19.239264
v 3.050213 20.378513 19.314739
v 10.170268 19.373131 16.615412
v 10.210133 20.378513 16.680593
v 15.755216 19.373131 11.462013
v 15.816987 20.378513 11.506979
v 18.942909 19.373131 4.563628
v 19.017191 20.378513 4.581532
v 19.247969 19.371584 -3.029469
v 19.323538 20.378513 -3.041413
v 16.625433 19.383940 -10.162216
v 16.689392 20.378513 -10.201332
v 11.470718 19.371584 -15.746359
v 11.515779 20.378513 -15.808189
v 4.572428 19.373131 -18.934113
v 4.590331 20.378513 -19.008392
v -3.020730 19.373131 -19.239265
v -3.032614 20.378513 -19.314739
v 11.296496 17.364912 -15.508595
v 11.036416 14.508754 -15.151673
v 10.725830 11.125995 -14.731658
v 8.636631 -11.786289 -11.850094
v 3.220485 -17.927227 -13.325015
v 3.323864 -15.078976 -13.753920
v 3.441566 -11.839420 -14.242261
v 4.282941 11.312731 -17.733049
v -4.486286 17.400478 18.649742
v -4.383042 14.552288 18.221390
v -4.265340 11.312733 17.733051
v -3.423967 -11.839420 14.242261
v 2.140852 -17.927227 13.539768
v 2.209478 -15.078976 13.975584
v 2.287613 -11.839420 14.471795
v 2.846154 11.312733 18.018845
v -2.123253 -17.927227 -13.539768
v -2.191881 -15.078976 -13.975587
v -2.270015 -11.839420 -14.471796
v -2.828555 11.312733 -18.018845
v 7.160005 -17.927227 11.693213
v 7.390188 -15.078976 12.069594
v 7.652267 -11.839420 12.498131
v 9.525688 11.312733 15.561434
v -10.000054 17.400478 -16.365866
v -9.770167 14.552288 -15.989969
v -9.508088 11.312733 -15.561434
v -7.634668 -11.839420 -12.498132
v -11.072851 -17.927227 -8.066472
v -11.429546 -15.078976 -8.326116
v -11.835670 -11.839420 -8.621737
v -14.738761 11.312733 -10.734934
v 11.090449 -17.927227 8.066473
v 11.447145 -15.078976 8.326117
v 11.853269 -11.839420 8.621738
v 14.756359 11.312733 10.734934
v -13.316216 -17.927227 -3.211684
v -13.745120 -15.078976 -3.315060
v -14.233460 -11.839420 -3.432765
v -17.724253 11.312733 -4.274139
v 13.333813 -17.927227 3.211687
v 13.762717 -15.078976 3.315065
v 14.251060 -11.839420 3.432767
v 17.741848 11.312733 4.274142
v -13.530971 -17.927227 2.132055
v -13.966788 -15.078976 2.200682
v -14.462996 -11.839420 2.278816
v -18.010048 11.312733 2.837357
v 13.548566 -17.927227 -2.132050
v 13.984722 -15.076664 -2.200802
v 14.488377 -11.786289 -2.281677
v 18.005329 11.125995 -2.828661
v -11.684417 -17.927227 7.151207
v -12.060798 -15.078976 7.381390
v -12.489333 -11.839420 7.643469
v -15.552635 11.312731 9.516889
v 11.690941 -18.510742 -7.144433
v -8.057675 -17.927227 11.081652
v -8.317321 -15.078976 11.438347
v -8.612941 -11.839420 11.844472
v -10.726135 11.312731 14.747561
v 13.800720 4.988375 -10.437274
v 15.583387 4.988374 -7.522366
v 18.850040 20.746195 4.541244
v -19.136097 20.746195 3.014670
v -10.102827 20.746195 -16.533915
v 19.153694 20.746195 -3.014667
v -16.525116 20.746195 10.111627
v 16.542713 20.746195 -10.111627
v -11.396991 20.746195 15.669178
v 11.414590 20.746195 -15.669180
v -4.532444 20.746195 18.841244
v 4.550045 20.746195 -18.841244
v 3.023469 20.746195 19.144896
v -3.005869 20.746195 -19.144896
v 10.120427 20.746195 16.533915
v -15.660379 20.746195 -11.405790
v 15.677978 20.746195 11.405790
v -18.832445 20.746195 -4.541243
v 5.943289 -15.078976 -12.842623
v 5.758227 -17.927219 -12.442138
v -0.559297 -15.078976 14.136067
v -0.541581 -17.927219 13.695248
v 0.576895 -15.078976 -14.136068
v 0.559181 -17.927219 -13.695248
v 4.893588 -15.078976 13.277425
v 4.741260 -17.927219 12.863379
v -9.585207 -15.078976 -10.397415
v -9.286025 -17.927219 -10.073178
v -4.875988 -15.078976 -13.277425
v -4.723660 -17.927219 -12.863380
v 9.602806 -15.078976 10.397414
v 9.303624 -17.927219 10.073178
v -12.833823 -15.078976 -5.934490
v -12.433338 -17.927219 -5.749428
v 12.851421 -15.078976 5.934490
v 12.450936 -17.927219 5.749430
v -14.127268 -15.078976 -0.568094
v -13.686448 -17.927219 -0.550379
v 14.144866 -15.078976 0.568099
v 13.704047 -17.927219 0.550382
v -13.268628 -15.078976 4.884790
v -12.854583 -17.927219 4.732462
v 13.977496 -14.748314 -4.805417
v 12.898921 -18.046623 -4.746743
v 12.971327 -17.216503 -6.332148
v -10.388618 -15.078976 9.594007
v -10.064380 -17.927219 9.294826
v 10.650493 -14.748310 -10.245533
v 11.551177 -17.216503 -8.654290
v 10.106878 -18.046623 -9.312123
v -5.925691 -15.078976 12.842624
v -5.740631 -17.927219 12.442139
v -13.198635 19.373131 -14.313433
v -13.250447 20.378513 -14.369583
v -17.670790 19.373131 -8.169621
v -17.740147 20.378513 -8.201670
v -19.451391 19.373131 -0.782058
v -19.527733 20.378513 -0.785127
v -18.269356 19.373131 6.724566
v -18.341061 20.378513 6.750946
v -14.304633 19.373131 13.207435
v -14.360784 20.378513 13.259247
v -8.160821 19.373131 17.679588
v -8.192870 20.378513 17.748945
v -0.773259 19.373131 19.460190
v -0.776329 20.378513 19.536533
v 6.733364 19.373131 18.278152
v 6.759745 20.378513 18.349857
v 13.216235 19.373131 14.313433
v 13.268046 20.378513 14.369582
v 17.688387 19.373131 8.169621
v 17.757744 20.378513 8.201670
v 19.468987 19.373131 0.782060
v 19.545328 20.378513 0.785130
v 18.286928 19.370420 -6.724548
v 18.358656 20.378513 -6.750944
v 14.322207 19.370420 -13.207420
v 14.378382 20.378513 -13.259248
v 8.178420 19.373131 -17.679592
v 8.210469 20.378513 -17.748949
v 0.790858 19.373131 -19.460190
v 0.793928 20.378513 -19.536533
v -6.715765 19.373131 -18.278154
v -6.742146 20.378513 -18.349859
v 15.856326 17.623262 -10.764482
v 15.412940 16.512281 -11.197372
v -8.038121 17.400478 17.414062
v -7.853299 14.552288 17.014091
v -7.642592 11.312732 16.558107
v -6.136399 -11.839420 13.298609
v 14.115837 17.341074 -13.014649
v 13.516225 14.340044 -13.177928
v 13.081513 10.374724 -12.759430
v 14.108786 6.664444 -10.639837
v 12.342307 -9.168970 -9.244015
v 10.899311 -11.489418 -10.504549
v -14.089660 17.400478 13.009072
v -13.765843 14.552288 12.710277
v -13.396675 11.312731 12.369635
v -10.757783 -11.839420 9.934648
v 18.021305 17.341074 -6.628662
v 17.893480 14.340044 -6.020505
v 17.322886 10.374724 -5.824191
v 15.904056 6.664443 -7.704318
v 14.321430 -11.489422 -4.908908
v 13.856724 -9.168970 -6.767734
v -17.994835 17.400478 6.623569
v -17.581324 14.552287 6.471437
v -17.109901 11.312732 6.297999
v -13.740048 -11.839420 5.058225
v 19.176718 17.400478 0.770317
v 18.736464 14.552287 0.752624
v 18.234554 11.312732 0.732454
v 14.646776 -11.839420 0.588268
v -19.159121 17.400478 -0.770314
v -18.718866 14.552288 -0.752620
v -18.216957 11.312733 -0.732449
v -14.629178 -11.839420 -0.588264
v 17.422861 17.400478 8.046921
v 17.022890 14.552288 7.862098
v 16.566904 11.312733 7.651392
v 13.307406 -11.839420 6.145199
v -17.405264 17.400478 -8.046921
v -17.005293 14.552288 -7.862096
v -16.549307 11.312733 -7.651389
v -13.289808 -11.839420 -6.145197
v 13.017872 17.400478 14.098458
v 12.719076 14.552288 13.774643
v 12.378434 11.312733 13.405475
v 9.943446 -11.839420 10.766579
v -6.614769 17.400478 -18.003633
v -6.462636 14.552288 -17.590122
v -6.289199 11.312733 -17.118698
v -5.049425 -11.839420 -13.748848
v -13.000273 17.400478 -14.098458
v -12.701477 14.552288 -13.774643
v -12.360835 11.312732 -13.405475
v -9.925847 -11.839420 -10.766579
v 6.632367 17.400478 18.003632
v 6.480236 14.552288 17.590122
v 6.306798 11.312733 17.118698
v 5.067023 -11.839420 13.748845
v 0.779115 17.400478 -19.167921
v 0.761421 14.552288 -18.727665
v 0.741252 11.312732 -18.225756
v 0.597065 -11.839420 -14.637978
v -0.761516 17.400478 19.167921
v -0.743822 14.552288 18.727665
v -0.723652 11.312732 18.225756
v -0.579466 -11.839420 14.637978
v 8.055720 17.400478 -17.414062
v 7.870897 14.552288 -17.014093
v 7.660190 11.312731 -16.558107
v 6.153998 -11.839420 -13.298609
v 19.373537 20.746195 0.778225
v -18.179701 20.746195 6.691581
v 18.197298 20.746195 -6.691580
v -14.234426 20.746195 13.142652
v 14.252024 20.746195 -13.142653
v -8.120749 20.746195 17.592871
v 8.138349 20.746195 -17.592873
v -0.769424 20.746195 19.364738
v 0.787023 20.746195 -19.364738
v 6.700380 20.746195 18.188499
v -13.133853 20.746195 -14.243225
v -6.682781 20.746195 -18.188499
v 13.151452 20.746195 14.243225
v -17.584072 20.746195 -8.129549
v 17.601667 20.746195 8.129549
v -19.355938 20.746195 -0.778223
v 16.811169 17.623262 -9.203176
v 16.994522 16.512281 -8.611259
vt 0.222723 0.206307
vt 0.200415 0.186523
vt 0.205499 0.159154
vt 0.227359 0.178762
vt 0.172353 0.194407
vt 0.178201 0.164953
vt 0.195064 0.215750
vt 0.183741 0.137530
vt 0.188802 0.113369
vt 0.210082 0.134853
vt 0.193053 0.093422
vt 0.213927 0.114692
vt 0.231517 0.154278
vt 0.234997 0.133928
vt 0.619229 0.328453
vt 0.617264 0.297894
vt 0.640516 0.289568
vt 0.642879 0.320007
vt 0.615412 0.269154
vt 0.638287 0.260946
vt 0.595497 0.335350
vt 0.593928 0.304693
vt 0.592450 0.275855
vt 0.591129 0.250123
vt 0.613757 0.243511
vt 0.590025 0.228649
vt 0.612375 0.222112
vt 0.636296 0.235416
vt 0.634634 0.214118
vt 0.240724 0.253902
vt 0.245174 0.224322
vt 0.267778 0.240617
vt 0.263764 0.270393
vt 0.249380 0.196574
vt 0.271568 0.212665
vt 0.217828 0.235696
vt 0.253146 0.171884
vt 0.256295 0.151332
vt 0.274958 0.187775
vt 0.277791 0.167045
vt 0.666431 0.309998
vt 0.663664 0.279699
vt 0.686698 0.268268
vt 0.689873 0.298409
vt 0.661056 0.251216
vt 0.683704 0.239945
vt 0.658724 0.225816
vt 0.656777 0.204628
vt 0.681028 0.214697
vt 0.678792 0.193647
vt 0.333706 0.310000
vt 0.336472 0.279700
vt 0.359621 0.289569
vt 0.357257 0.320008
vt 0.339081 0.251217
vt 0.361849 0.260947
vt 0.310264 0.298410
vt 0.313438 0.268269
vt 0.316432 0.239946
vt 0.319109 0.214698
vt 0.341412 0.225817
vt 0.321344 0.193648
vt 0.343359 0.204629
vt 0.363840 0.235417
vt 0.365503 0.214119
vt 0.286947 0.285220
vt 0.290537 0.255254
vt 0.293925 0.227108
vt 0.296954 0.202028
vt 0.299484 0.181124
vt 0.713189 0.285218
vt 0.709599 0.255252
vt 0.732358 0.240615
vt 0.736372 0.270392
vt 0.706211 0.227106
vt 0.728568 0.212664
vt 0.703182 0.202027
vt 0.700652 0.181124
vt 0.725177 0.187774
vt 0.722345 0.167044
vt 0.380908 0.328455
vt 0.382873 0.297895
vt 0.406208 0.304693
vt 0.404639 0.335351
vt 0.384725 0.269155
vt 0.407687 0.275856
vt 0.386380 0.243512
vt 0.387762 0.222113
vt 0.409008 0.250123
vt 0.410111 0.228650
vt 0.759412 0.253900
vt 0.754962 0.224320
vt 0.777413 0.206305
vt 0.782308 0.235694
vt 0.750756 0.196572
vt 0.772777 0.178760
vt 0.746990 0.171882
vt 0.743841 0.151331
vt 0.768619 0.154277
vt 0.765138 0.133927
vt 0.428438 0.340707
vt 0.429613 0.309972
vt 0.453069 0.313738
vt 0.452287 0.344529
vt 0.430721 0.281057
vt 0.453807 0.284770
vt 0.431710 0.255253
vt 0.432537 0.233714
vt 0.454466 0.258916
vt 0.455016 0.237338
vt 0.805071 0.215749
vt 0.799721 0.186522
vt 0.821934 0.164952
vt 0.827783 0.194406
vt 0.794637 0.159153
vt 0.816395 0.137529
vt 0.790054 0.134852
vt 0.786208 0.114692
vt 0.811334 0.113368
vt 0.807083 0.093421
vt 0.476169 0.346820
vt 0.476560 0.315996
vt 0.500068 0.316749
vt 0.500068 0.347584
vt 0.476929 0.286994
vt 0.500068 0.287737
vt 0.477258 0.261109
vt 0.477533 0.239501
vt 0.500068 0.261843
vt 0.500068 0.240229
vt 0.844192 0.151044
vt 0.849697 0.180320
vt 0.840080 0.116539
vt 0.832202 0.087310
vt 0.827540 0.068690
vt 0.523968 0.346820
vt 0.523576 0.315996
vt 0.547067 0.313738
vt 0.547850 0.344528
vt 0.850545 0.051862
vt 0.846958 0.039131
vt 0.152082 0.090900
vt 0.143247 0.071928
vt 0.149590 0.051863
vt 0.523208 0.286994
vt 0.546330 0.284770
vt 0.522878 0.261109
vt 0.522604 0.239501
vt 0.545671 0.258916
vt 0.545121 0.237337
vt 0.150438 0.180322
vt 0.155943 0.151045
vt 0.160055 0.116540
vt 0.167933 0.087311
vt 0.153177 0.039132
vt 0.172595 0.068690
vt 0.571699 0.340706
vt 0.570523 0.309971
vt 0.569416 0.281057
vt 0.568426 0.255253
vt 0.567600 0.233714
vt 0.848053 0.090899
vt 0.369153 0.167373
vt 0.368692 0.173288
vt 0.347100 0.163935
vt 0.347632 0.158151
vt 0.325630 0.153327
vt 0.326250 0.147489
vt 0.390418 0.180989
vt 0.390795 0.175141
vt 0.412227 0.187463
vt 0.412534 0.181494
vt 0.434125 0.192308
vt 0.434351 0.186418
vt 0.456072 0.195940
vt 0.456225 0.189941
vt 0.478062 0.197955
vt 0.478137 0.192044
vt 0.500068 0.198762
vt 0.500068 0.192752
vt 0.522075 0.197954
vt 0.522000 0.192044
vt 0.544065 0.195940
vt 0.543912 0.189940
vt 0.566012 0.192307
vt 0.565786 0.186418
vt 0.587909 0.187462
vt 0.587603 0.181494
vt 0.609719 0.180988
vt 0.609342 0.175140
vt 0.631445 0.173288
vt 0.630983 0.167373
vt 0.653036 0.163935
vt 0.652504 0.158150
vt 0.674506 0.153326
vt 0.673886 0.147489
vt 0.695790 0.141019
vt 0.695100 0.135323
vt 0.716913 0.127397
vt 0.716127 0.121664
vt 0.737789 0.111985
vt 0.736930 0.106405
vt 0.758458 0.095134
vt 0.757492 0.089538
vt 0.778803 0.076282
vt 0.777752 0.070856
vt 0.798883 0.055667
vt 0.797696 0.050257
vt 0.818491 0.032401
vt 0.817173 0.027202
vt 0.837685 0.006124
vt 0.836119 0.001119
vt 0.181644 0.032402
vt 0.162450 0.006124
vt 0.164016 0.001119
vt 0.182962 0.027202
vt 0.008317 0.720305
vt 0.016240 0.724091
vt 0.003652 0.751866
vt 0.201252 0.055668
vt 0.202440 0.050258
vt 0.040571 0.736179
vt 0.024360 0.706975
vt 0.044423 0.709438
vt 0.840933 0.017488
vt 0.821420 0.044032
vt 0.221332 0.076283
vt 0.222384 0.070856
vt 0.241677 0.095135
vt 0.242643 0.089538
vt 0.262347 0.111985
vt 0.263206 0.106406
vt 0.283223 0.127398
vt 0.284009 0.121665
vt 0.304346 0.141019
vt 0.305036 0.135324
vt 0.311208 0.938791
vt 0.309865 0.957438
vt 0.278519 0.945061
vt 0.280068 0.926551
vt 0.367684 0.186192
vt 0.345914 0.176837
vt 0.375636 0.920887
vt 0.344690 0.912428
vt 0.346200 0.887346
vt 0.376850 0.895730
vt 0.283123 0.890056
vt 0.252531 0.876224
vt 0.254896 0.851435
vt 0.285210 0.865162
vt 0.341354 0.967880
vt 0.372951 0.976579
vt 0.372729 0.981189
vt 0.341076 0.972490
vt 0.247312 0.931037
vt 0.278136 0.949632
vt 0.246881 0.935570
vt 0.313848 0.902134
vt 0.315650 0.877141
vt 0.309536 0.962014
vt 0.249070 0.912562
vt 0.342476 0.949214
vt 0.373857 0.957798
vt 0.437765 0.932231
vt 0.406667 0.927501
vt 0.407580 0.902282
vt 0.438375 0.906970
vt 0.404648 0.983273
vt 0.436414 0.988167
vt 0.436302 0.992798
vt 0.404480 0.987911
vt 0.405328 0.964496
vt 0.436869 0.969301
vt 0.500070 0.936027
vt 0.468906 0.935082
vt 0.469211 0.909792
vt 0.500070 0.910729
vt 0.468230 0.991018
vt 0.500070 0.992045
vt 0.500070 0.996683
vt 0.468174 0.995671
vt 0.468458 0.972185
vt 0.500070 0.973151
vt 0.562374 0.932229
vt 0.531234 0.935081
vt 0.530928 0.909791
vt 0.561764 0.906967
vt 0.531910 0.991017
vt 0.563726 0.988164
vt 0.563838 0.992795
vt 0.531966 0.995669
vt 0.531682 0.972184
vt 0.563270 0.969299
vt 0.624502 0.920883
vt 0.593472 0.927498
vt 0.592558 0.902279
vt 0.623289 0.895727
vt 0.595491 0.983269
vt 0.627188 0.976575
vt 0.627410 0.981185
vt 0.595659 0.987907
vt 0.594811 0.964493
vt 0.626282 0.957793
vt 0.686290 0.902129
vt 0.655449 0.912424
vt 0.653939 0.887342
vt 0.684488 0.877136
vt 0.658785 0.967875
vt 0.690273 0.957433
vt 0.690603 0.962009
vt 0.659062 0.972486
vt 0.657662 0.949210
vt 0.688930 0.938786
vt 0.747606 0.876217
vt 0.717015 0.890051
vt 0.714928 0.865156
vt 0.745242 0.851429
vt 0.721620 0.945054
vt 0.752826 0.931030
vt 0.753257 0.935562
vt 0.722002 0.949626
vt 0.720071 0.926544
vt 0.751067 0.912555
vt 0.808390 0.843545
vt 0.778068 0.860698
vt 0.775434 0.836015
vt 0.805500 0.818960
vt 0.783863 0.915182
vt 0.814748 0.897844
vt 0.815273 0.902330
vt 0.784344 0.919707
vt 0.781915 0.896855
vt 0.812609 0.879553
vt 0.868722 0.804698
vt 0.838603 0.824851
vt 0.835469 0.800345
vt 0.865360 0.780230
vt 0.845468 0.878861
vt 0.876067 0.858641
vt 0.876670 0.863088
vt 0.846036 0.883341
vt 0.843165 0.860708
vt 0.873602 0.840486
vt 0.928959 0.759930
vt 0.898839 0.783210
vt 0.895268 0.758712
vt 0.925177 0.734992
vt 0.906566 0.837076
vt 0.937032 0.814620
vt 0.937682 0.819063
vt 0.907203 0.841529
vt 0.903985 0.818976
vt 0.934382 0.796460
vt 0.983894 0.724084
vt 0.959564 0.736172
vt 0.955712 0.709431
vt 0.975774 0.706969
vt 0.967667 0.791983
vt 0.999087 0.770568
vt 0.999660 0.775176
vt 0.968299 0.796478
vt 0.965044 0.773643
vt 0.071175 0.759938
vt 0.074958 0.734999
vt 0.032467 0.791992
vt 0.063102 0.814629
vt 0.062452 0.819072
vt 0.031835 0.796486
vt 0.001046 0.770576
vt 0.035091 0.773651
vt 0.065752 0.796468
vt 0.131414 0.804706
vt 0.101296 0.783217
vt 0.104867 0.758719
vt 0.134776 0.780237
vt 0.010479 0.705534
vt 0.093570 0.837085
vt 0.124069 0.858649
vt 0.123466 0.863096
vt 0.092933 0.841537
vt 0.000474 0.775184
vt 0.096150 0.818984
vt 0.126534 0.840494
vt 0.191747 0.843552
vt 0.161533 0.824859
vt 0.164667 0.800352
vt 0.194637 0.818967
vt 0.154668 0.878869
vt 0.185388 0.897852
vt 0.184864 0.902338
vt 0.154100 0.883349
vt 0.156971 0.860716
vt 0.187528 0.879561
vt 0.222069 0.860705
vt 0.224703 0.836022
vt 0.216274 0.915190
vt 0.215793 0.919715
vt 0.218222 0.896863
vt 0.324276 0.166065
vt 0.389576 0.194030
vt 0.411559 0.200482
vt 0.433621 0.205440
vt 0.455738 0.209027
vt 0.477894 0.211132
vt 0.500068 0.211872
vt 0.522242 0.211132
vt 0.544399 0.209027
vt 0.566515 0.205440
vt 0.588578 0.200481
vt 0.610561 0.194029
vt 0.632452 0.186191
vt 0.654222 0.176836
vt 0.675861 0.166064
vt 0.697331 0.153727
vt 0.718629 0.139914
vt 0.739707 0.124442
vt 0.760569 0.107365
vt 0.781151 0.088417
vt 0.801476 0.067521
vt 0.198659 0.067521
vt 0.178715 0.044032
vt 0.996481 0.751858
vt 0.159202 0.017488
vt 0.856888 0.071928
vt 0.991817 0.720298
vt 0.989654 0.705527
vt 0.218985 0.088418
vt 0.239567 0.107366
vt 0.260429 0.124442
vt 0.281507 0.139915
vt 0.302805 0.153728
vt 0.561078 0.878610
vt 0.591532 0.873968
vt 0.560347 0.848405
vt 0.590438 0.843812
vt 0.621925 0.867482
vt 0.620470 0.837395
vt 0.589315 0.812925
vt 0.618978 0.806575
vt 0.588180 0.781737
vt 0.617467 0.775452
vt 0.559598 0.817470
vt 0.558839 0.786234
vt 0.557311 0.723551
vt 0.585891 0.719152
vt 0.598703 0.398260
vt 0.614421 0.712990
vt 0.574101 0.403768
vt 0.055778 0.472868
vt 0.068298 0.492073
vt 0.061709 0.522517
vt 0.049429 0.501777
vt 0.549450 0.407695
vt 0.548648 0.375995
vt 0.572897 0.372119
vt 0.500069 0.410837
vt 0.500069 0.379094
vt 0.524367 0.378320
vt 0.524768 0.410054
vt 0.597097 0.366686
vt 0.053673 0.683503
vt 0.079280 0.707350
vt 0.059799 0.651034
vt 0.084124 0.677090
vt 0.066666 0.609243
vt 0.089468 0.644704
vt 0.071053 0.559916
vt 0.094898 0.612599
vt 0.079967 0.515364
vt 0.104991 0.554178
vt 0.160460 0.255364
vt 0.134704 0.238544
vt 0.528699 0.726200
vt 0.529463 0.788936
vt 0.120637 0.236938
vt 0.144069 0.210197
vt 0.166370 0.224872
vt 0.839675 0.255362
vt 0.833765 0.224870
vt 0.856066 0.210195
vt 0.865430 0.238542
vt 0.500070 0.882332
vt 0.530585 0.881402
vt 0.500069 0.852088
vt 0.530218 0.851167
vt 0.529843 0.820202
vt 0.500069 0.821112
vt 0.500069 0.789837
vt 0.500069 0.727078
vt 0.920168 0.515360
vt 0.895144 0.554174
vt 0.450687 0.407696
vt 0.451489 0.375995
vt 0.475770 0.378320
vt 0.475370 0.410054
vt 0.920854 0.707343
vt 0.946462 0.683496
vt 0.916011 0.677083
vt 0.940336 0.651028
vt 0.910667 0.644698
vt 0.933469 0.609237
vt 0.905237 0.612594
vt 0.929081 0.559911
vt 0.931837 0.492068
vt 0.938426 0.522512
vt 0.471439 0.726201
vt 0.470675 0.788937
vt 0.944357 0.472863
vt 0.950706 0.501772
vt 0.879498 0.236936
vt 0.891360 0.226350
vt 0.792240 0.296257
vt 0.787274 0.265824
vt 0.810487 0.245716
vt 0.815895 0.275978
vt 0.439060 0.878612
vt 0.469555 0.881403
vt 0.439791 0.848407
vt 0.469920 0.851168
vt 0.470296 0.820202
vt 0.440541 0.817472
vt 0.441299 0.786235
vt 0.442827 0.723553
vt 0.867759 0.579990
vt 0.877451 0.641042
vt 0.401434 0.398262
vt 0.403040 0.366687
vt 0.427240 0.372119
vt 0.426036 0.403769
vt 0.861546 0.752700
vt 0.891196 0.731139
vt 0.857434 0.723321
vt 0.886782 0.701703
vt 0.882179 0.671521
vt 0.853168 0.693188
vt 0.848804 0.662735
vt 0.839889 0.601640
vt 0.414247 0.719154
vt 0.411959 0.781740
vt 0.744545 0.331662
vt 0.740455 0.300885
vt 0.763933 0.284211
vt 0.768460 0.314819
vt 0.378213 0.867486
vt 0.408606 0.873970
vt 0.379668 0.837398
vt 0.409700 0.843814
vt 0.410823 0.812928
vt 0.381160 0.806578
vt 0.382671 0.775455
vt 0.385716 0.712992
vt 0.811976 0.621564
vt 0.820156 0.682744
vt 0.352431 0.382502
vt 0.354849 0.351131
vt 0.378905 0.359695
vt 0.376894 0.391178
vt 0.802237 0.791323
vt 0.831924 0.772784
vt 0.798740 0.761845
vt 0.828115 0.743380
vt 0.824175 0.713223
vt 0.795131 0.731619
vt 0.791458 0.701070
vt 0.783998 0.639731
vt 0.357247 0.705096
vt 0.353450 0.767397
vt 0.696348 0.360344
vt 0.693105 0.329246
vt 0.716843 0.315890
vt 0.720507 0.346835
vt 0.317676 0.849074
vt 0.347897 0.859181
vt 0.319838 0.819167
vt 0.349708 0.829177
vt 0.351567 0.798440
vt 0.322060 0.788526
vt 0.324311 0.757576
vt 0.328854 0.695450
vt 0.755952 0.656229
vt 0.762691 0.717741
vt 0.255591 0.331664
vt 0.259681 0.300887
vt 0.283293 0.315892
vt 0.279629 0.346837
vt 0.742579 0.823579
vt 0.772467 0.808275
vt 0.739733 0.793893
vt 0.769290 0.778699
vt 0.766017 0.748379
vt 0.736804 0.763466
vt 0.733831 0.732724
vt 0.727816 0.671002
vt 0.244184 0.656233
vt 0.272321 0.671006
vt 0.266306 0.732728
vt 0.237445 0.717746
vt 0.303788 0.360346
vt 0.307031 0.329248
vt 0.330887 0.340990
vt 0.328058 0.372234
vt 0.197899 0.791329
vt 0.227670 0.808282
vt 0.201396 0.761851
vt 0.230847 0.778705
vt 0.257558 0.823585
vt 0.260405 0.793898
vt 0.234120 0.748385
vt 0.263333 0.763471
vt 0.205005 0.731625
vt 0.208678 0.701076
vt 0.216138 0.639735
vt 0.300541 0.684094
vt 0.295259 0.746016
vt 0.647705 0.382500
vt 0.645288 0.351130
vt 0.669249 0.340988
vt 0.672078 0.372232
vt 0.287558 0.837199
vt 0.290066 0.807399
vt 0.292645 0.776863
vt 0.699596 0.684090
vt 0.704878 0.746011
vt 0.207896 0.296259
vt 0.212861 0.265826
vt 0.236203 0.284212
vt 0.231676 0.314821
vt 0.682462 0.849069
vt 0.712580 0.837193
vt 0.680299 0.819163
vt 0.710071 0.807394
vt 0.707493 0.776858
vt 0.678078 0.788522
vt 0.675827 0.757572
vt 0.671283 0.695447
vt 0.188160 0.621568
vt 0.179980 0.682749
vt 0.621232 0.359694
vt 0.623243 0.391177
vt 0.138590 0.752707
vt 0.168212 0.772791
vt 0.142701 0.723327
vt 0.172021 0.743386
vt 0.175961 0.713229
vt 0.146967 0.693194
vt 0.151332 0.662741
vt 0.160247 0.601645
vt 0.642891 0.705093
vt 0.646688 0.767394
vt 0.189648 0.245718
vt 0.184240 0.275980
vt 0.652241 0.859177
vt 0.650430 0.829173
vt 0.648571 0.798436
vt 0.132376 0.579995
vt 0.122684 0.641048
vt 0.108939 0.731146
vt 0.113353 0.701709
vt 0.117956 0.671527
vt 1.000000 0.778492
vt 0.968742 0.799641
vt 0.907649 0.844647
vt 0.877101 0.866267
vt 0.938146 0.822236
vt 0.468135 0.998931
vt 0.436222 0.996110
vt 0.500070 1.000000
vt 0.031392 0.799649
vt 0.000133 0.778501
vt 0.532005 0.998929
vt 0.563918 0.996107
vt 0.061989 0.822245
vt 0.595777 0.991157
vt 0.627569 0.984481
vt 0.092487 0.844656
vt 0.123035 0.866275
vt 0.659257 0.975716
vt 0.690838 0.965281
vt 0.153703 0.886488
vt 0.184489 0.905544
vt 0.722270 0.952829
vt 0.753566 0.938803
vt 0.277868 0.952835
vt 0.246572 0.938811
vt 0.309300 0.965287
vt 0.215457 0.922885
vt 0.784681 0.922877
vt 0.815647 0.905536
vt 0.340882 0.975721
vt 0.372570 0.984485
vt 0.846433 0.886480
vt 0.404363 0.991161
vt 0.108775 0.226353
vn 0.2315 -0.1531 -0.9607
vn 0.4145 -0.1531 -0.8970
vn 0.4145 -0.1531 -0.8971
vn 0.4947 -0.1414 -0.8574
vn 0.4961 -0.1656 -0.8523
vn 0.4145 -0.1532 -0.8970
vn 0.5207 -0.1994 -0.8301
vn 0.5569 -0.1905 -0.8084
vn 0.4145 -0.1533 -0.8970
vn 0.5785 -0.1631 -0.7992
vn 0.4142 -0.1577 -0.8964
vn 0.2315 -0.1533 -0.9607
vn 0.2314 -0.1577 -0.9600
vn -0.0397 -0.1532 0.9874
vn -0.0397 -0.1531 0.9874
vn 0.1537 -0.1531 0.9762
vn 0.1537 -0.1532 0.9761
vn -0.2315 -0.1532 0.9607
vn -0.2315 -0.1531 0.9607
vn -0.2315 -0.1533 0.9607
vn -0.0397 -0.1533 0.9874
vn -0.2314 -0.1577 0.9600
vn -0.0396 -0.1577 0.9867
vn 0.1537 -0.1533 0.9761
vn 0.1536 -0.1577 0.9754
vn 0.0397 -0.1532 -0.9874
vn 0.0397 -0.1531 -0.9874
vn -0.1537 -0.1531 -0.9762
vn -0.1537 -0.1532 -0.9761
vn 0.2315 -0.1532 -0.9607
vn 0.0397 -0.1533 -0.9874
vn 0.0396 -0.1577 -0.9867
vn -0.1537 -0.1533 -0.9761
vn -0.1536 -0.1577 -0.9754
vn 0.3412 -0.1532 0.9274
vn 0.3412 -0.1531 0.9274
vn 0.5155 -0.1531 0.8430
vn 0.5155 -0.1532 0.8430
vn 0.5156 -0.1531 0.8430
vn 0.3412 -0.1533 0.9274
vn 0.3410 -0.1577 0.9267
vn 0.5155 -0.1533 0.8430
vn 0.5152 -0.1577 0.8424
vn -0.6701 -0.1532 -0.7262
vn -0.6701 -0.1531 -0.7262
vn -0.7989 -0.1531 -0.5816
vn -0.7989 -0.1532 -0.5815
vn -0.5155 -0.1532 -0.8430
vn -0.5155 -0.1531 -0.8430
vn -0.5156 -0.1531 -0.8430
vn -0.5155 -0.1533 -0.8430
vn -0.6701 -0.1533 -0.7262
vn -0.5152 -0.1577 -0.8424
vn -0.6696 -0.1577 -0.7257
vn -0.7989 -0.1533 -0.5815
vn -0.7984 -0.1577 -0.5811
vn -0.3412 -0.1532 -0.9274
vn -0.3412 -0.1531 -0.9274
vn -0.3412 -0.1533 -0.9274
vn -0.3410 -0.1577 -0.9267
vn 0.6701 -0.1532 0.7262
vn 0.6701 -0.1531 0.7262
vn 0.7989 -0.1531 0.5816
vn 0.7989 -0.1532 0.5815
vn 0.6701 -0.1533 0.7262
vn 0.6696 -0.1577 0.7257
vn 0.7989 -0.1533 0.5815
vn 0.7984 -0.1577 0.5811
vn -0.8970 -0.1532 -0.4145
vn -0.8970 -0.1531 -0.4145
vn -0.9607 -0.1531 -0.2315
vn -0.9607 -0.1532 -0.2315
vn -0.8971 -0.1531 -0.4145
vn -0.8970 -0.1533 -0.4145
vn -0.8964 -0.1577 -0.4142
vn -0.9607 -0.1533 -0.2315
vn -0.9600 -0.1577 -0.2314
vn 0.8970 -0.1532 0.4145
vn 0.8970 -0.1531 0.4145
vn 0.9607 -0.1531 0.2315
vn 0.9607 -0.1532 0.2315
vn 0.8971 -0.1531 0.4145
vn 0.8970 -0.1533 0.4145
vn 0.8964 -0.1577 0.4142
vn 0.9607 -0.1533 0.2315
vn 0.9600 -0.1577 0.2314
vn -0.9874 -0.1532 -0.0397
vn -0.9874 -0.1531 -0.0397
vn -0.9762 -0.1531 0.1537
vn -0.9761 -0.1532 0.1537
vn -0.9874 -0.1533 -0.0397
vn -0.9867 -0.1577 -0.0396
vn -0.9761 -0.1533 0.1537
vn -0.9754 -0.1577 0.1536
vn 0.9874 -0.1532 0.0396
vn 0.9874 -0.1531 0.0397
vn 0.9847 -0.1656 -0.0533
vn 0.9887 -0.1414 -0.0497
vn 0.9762 -0.1994 -0.0854
vn 0.9874 -0.1533 0.0397
vn 0.9867 -0.1577 0.0396
vn 0.9734 -0.1905 -0.1275
vn 0.9750 -0.1631 -0.1509
vn -0.9274 -0.1532 0.3412
vn -0.9274 -0.1531 0.3412
vn -0.8430 -0.1531 0.5155
vn -0.8430 -0.1532 0.5155
vn -0.8430 -0.1531 0.5156
vn -0.9274 -0.1533 0.3412
vn -0.9267 -0.1577 0.3410
vn -0.8430 -0.1533 0.5155
vn -0.8424 -0.1577 0.5152
vn 0.9836 -0.1737 -0.0470
vn 0.9906 -0.1291 -0.0448
vn 0.9356 -0.3217 -0.1452
vn 0.9175 -0.3043 -0.2561
vn 0.9252 -0.1808 -0.3336
vn -0.7262 -0.1532 0.6701
vn -0.7262 -0.1531 0.6701
vn -0.5816 -0.1531 0.7989
vn -0.5815 -0.1532 0.7989
vn 0.7909 -0.3747 -0.4837
vn 0.8373 -0.1913 -0.5121
vn 0.5913 -0.5152 -0.6204
vn 0.7036 -0.5655 -0.4303
vn -0.7262 -0.1533 0.6701
vn -0.7257 -0.1577 0.6696
vn -0.5815 -0.1533 0.7989
vn -0.5811 -0.1577 0.7984
vn 0.4912 -0.1291 -0.8614
vn 0.4900 -0.1737 -0.8542
vn 0.5555 -0.3217 -0.7667
vn 0.6460 -0.3043 -0.7001
vn 0.7185 -0.1808 -0.6716
vn -0.4145 -0.1532 0.8970
vn -0.4145 -0.1531 0.8970
vn -0.4145 -0.1531 0.8971
vn -0.4145 -0.1533 0.8970
vn -0.4142 -0.1577 0.8964
vn 0.8216 -0.5152 -0.2437
vn -0.6162 -0.6473 -0.4485
vn -0.7208 -0.4530 -0.5246
vn -0.6046 -0.4530 -0.6552
vn -0.5169 -0.6473 -0.5601
vn -0.4651 -0.4530 -0.7606
vn -0.3977 -0.6473 -0.6502
vn -0.8093 -0.4530 -0.3739
vn -0.6919 -0.6473 -0.3197
vn -0.8667 -0.4530 -0.2089
vn -0.7410 -0.6473 -0.1786
vn -0.8908 -0.4530 -0.0358
vn -0.7616 -0.6473 -0.0306
vn -0.8807 -0.4530 0.1387
vn -0.7529 -0.6473 0.1185
vn -0.8367 -0.4530 0.3078
vn -0.7153 -0.6473 0.2632
vn -0.7606 -0.4530 0.4651
vn -0.6502 -0.6473 0.3977
vn -0.6552 -0.4530 0.6046
vn -0.5601 -0.6473 0.5169
vn -0.5246 -0.4530 0.7208
vn -0.4485 -0.6473 0.6162
vn -0.3739 -0.4530 0.8093
vn -0.3197 -0.6473 0.6919
vn -0.2089 -0.4530 0.8667
vn -0.1786 -0.6473 0.7410
vn -0.0358 -0.4530 0.8908
vn -0.0306 -0.6473 0.7616
vn 0.1387 -0.4530 0.8807
vn 0.1185 -0.6473 0.7529
vn 0.3078 -0.4530 0.8367
vn 0.2632 -0.6473 0.7153
vn 0.4651 -0.4530 0.7606
vn 0.3977 -0.6473 0.6502
vn 0.6046 -0.4530 0.6552
vn 0.5169 -0.6473 0.5601
vn 0.7208 -0.4530 0.5246
vn 0.6162 -0.6473 0.4485
vn 0.8093 -0.4530 0.3739
vn 0.6919 -0.6473 0.3197
vn 0.8667 -0.4530 0.2089
vn 0.7410 -0.6473 0.1786
vn 0.8908 -0.4530 0.0358
vn 0.7616 -0.6473 0.0306
vn 0.8807 -0.4530 -0.1387
vn 0.7529 -0.6473 -0.1185
vn 0.8367 -0.4530 -0.3078
vn 0.7153 -0.6473 -0.2632
vn 0.7606 -0.4530 -0.4651
vn 0.6502 -0.6473 -0.3977
vn 0.6552 -0.4530 -0.6046
vn 0.5601 -0.6473 -0.5169
vn 0.8477 -0.1122 -0.5184
vn 0.7916 -0.1096 -0.6012
vn 0.8481 -0.1078 -0.5187
vn 0.5246 -0.4530 -0.7208
vn 0.4485 -0.6473 -0.6162
vn 0.7257 -0.1215 -0.6771
vn 0.7918 -0.0831 -0.6050
vn 0.6923 -0.1081 -0.7135
vn 0.8351 -0.2041 -0.5107
vn 0.9188 -0.2040 -0.3379
vn 0.3739 -0.4530 -0.8093
vn 0.3197 -0.6473 -0.6919
vn 0.2089 -0.4530 -0.8667
vn 0.1786 -0.6473 -0.7410
vn 0.0358 -0.4530 -0.8908
vn 0.0306 -0.6473 -0.7616
vn -0.1387 -0.4530 -0.8807
vn -0.1185 -0.6473 -0.7529
vn -0.3078 -0.4530 -0.8367
vn -0.2632 -0.6473 -0.7153
vn -0.8035 -0.1110 -0.5849
vn -0.8064 0.0724 -0.5870
vn -0.6764 0.0724 -0.7330
vn -0.6739 -0.1110 -0.7304
vn -0.7915 -0.2037 -0.5762
vn -0.6639 -0.2037 -0.7195
vn -0.9612 -0.1496 -0.2317
vn -0.8975 -0.1496 -0.4147
vn -0.8971 -0.1528 -0.4145
vn -0.9607 -0.1529 -0.2315
vn -0.6705 -0.1496 -0.7266
vn -0.5159 -0.1496 -0.8435
vn -0.5156 -0.1528 -0.8431
vn -0.6702 -0.1528 -0.7263
vn -0.9054 0.0724 -0.4183
vn -0.9696 0.0724 -0.2337
vn -0.8642 0.4579 -0.2083
vn -0.8070 0.4579 -0.3729
vn -0.5203 0.0724 -0.8509
vn -0.6028 0.4579 -0.6533
vn -0.4638 0.4579 -0.7584
vn -0.7994 -0.1496 -0.5819
vn -0.7990 -0.1528 -0.5816
vn -0.7187 0.4579 -0.5231
vn -0.5185 -0.1110 -0.8478
vn -0.9021 -0.1110 -0.4169
vn -0.9661 -0.1110 -0.2329
vn -0.9767 -0.1496 0.1538
vn -0.9879 -0.1496 -0.0397
vn -0.9874 -0.1528 -0.0397
vn -0.9762 -0.1528 0.1537
vn -0.9966 0.0724 -0.0400
vn -0.9852 0.0724 0.1551
vn -0.8781 0.4579 0.1383
vn -0.8882 0.4579 -0.0357
vn -0.9930 -0.1110 -0.0399
vn -0.9817 -0.1110 0.1546
vn -0.8435 -0.1496 0.5159
vn -0.9279 -0.1496 0.3414
vn -0.9275 -0.1528 0.3412
vn -0.8431 -0.1528 0.5156
vn -0.9360 0.0724 0.3444
vn -0.8509 0.0724 0.5203
vn -0.7584 0.4579 0.4638
vn -0.8343 0.4579 0.3069
vn -0.9327 -0.1110 0.3431
vn -0.8478 -0.1110 0.5185
vn -0.5819 -0.1496 0.7994
vn -0.7266 -0.1496 0.6705
vn -0.7263 -0.1528 0.6702
vn -0.5816 -0.1528 0.7990
vn -0.7330 0.0724 0.6764
vn -0.5870 0.0724 0.8064
vn -0.5231 0.4579 0.7187
vn -0.6533 0.4579 0.6028
vn -0.7304 -0.1110 0.6739
vn -0.5849 -0.1110 0.8035
vn -0.2317 -0.1496 0.9612
vn -0.4147 -0.1496 0.8975
vn -0.4145 -0.1528 0.8971
vn -0.2315 -0.1528 0.9607
vn -0.4183 0.0724 0.9054
vn -0.2337 0.0724 0.9696
vn -0.2083 0.4579 0.8642
vn -0.3729 0.4579 0.8070
vn -0.4169 -0.1110 0.9021
vn -0.2329 -0.1110 0.9661
vn 0.1538 -0.1496 0.9767
vn -0.0397 -0.1496 0.9879
vn -0.0397 -0.1528 0.9874
vn 0.1537 -0.1528 0.9762
vn -0.0400 0.0724 0.9966
vn 0.1551 0.0724 0.9852
vn 0.1383 0.4579 0.8781
vn -0.0357 0.4579 0.8882
vn -0.0399 -0.1110 0.9930
vn 0.1546 -0.1110 0.9817
vn 0.5159 -0.1496 0.8435
vn 0.3414 -0.1496 0.9279
vn 0.3412 -0.1528 0.9275
vn 0.5156 -0.1528 0.8431
vn 0.3443 0.0724 0.9360
vn 0.5203 0.0724 0.8509
vn 0.4638 0.4579 0.7584
vn 0.3069 0.4579 0.8343
vn 0.3431 -0.1110 0.9327
vn 0.5185 -0.1110 0.8478
vn 0.7994 -0.1496 0.5819
vn 0.6705 -0.1496 0.7266
vn 0.6702 -0.1528 0.7263
vn 0.7990 -0.1528 0.5816
vn 0.6764 0.0724 0.7330
vn 0.8064 0.0724 0.5870
vn 0.7187 0.4579 0.5231
vn 0.6028 0.4579 0.6533
vn 0.6739 -0.1110 0.7304
vn 0.8035 -0.1110 0.5849
vn 0.9612 -0.1496 0.2317
vn 0.8975 -0.1496 0.4147
vn 0.8971 -0.1528 0.4145
vn 0.9607 -0.1528 0.2315
vn 0.9054 0.0724 0.4183
vn 0.9696 0.0724 0.2337
vn 0.8642 0.4579 0.2083
vn 0.8070 0.4579 0.3729
vn 0.9021 -0.1110 0.4169
vn 0.9661 -0.1110 0.2329
vn 0.9787 -0.1403 -0.1495
vn 0.9880 -0.1493 0.0400
vn 0.9874 -0.1528 0.0402
vn 0.9809 -0.1354 -0.1397
vn 0.9966 0.0724 0.0400
vn 0.9852 0.0724 -0.1551
vn 0.8781 0.4579 -0.1383
vn 0.8882 0.4579 0.0357
vn 0.9930 -0.1108 0.0400
vn 0.9820 -0.1096 -0.1540
vn 0.8958 -0.1096 -0.4307
vn 0.9334 -0.1215 -0.3376
vn 0.9505 -0.1081 -0.2912
vn 0.8993 -0.0831 -0.4292
vn 0.9360 0.0725 -0.3443
vn 0.8509 0.0725 -0.5203
vn 0.7584 0.4579 -0.4638
vn 0.8343 0.4579 -0.3069
vn 0.9331 -0.1080 -0.3430
vn 0.5790 -0.1403 -0.8031
vn 0.5713 -0.1354 -0.8095
vn 0.7330 0.0725 -0.6764
vn 0.5870 0.0724 -0.8064
vn 0.5231 0.4579 -0.7187
vn 0.6533 0.4579 -0.6028
vn 0.7304 -0.1080 -0.6743
vn 0.5845 -0.1096 -0.8039
vn 0.2317 -0.1496 -0.9612
vn 0.4144 -0.1493 -0.8977
vn 0.4140 -0.1528 -0.8973
vn 0.2315 -0.1528 -0.9607
vn 0.8506 -0.0765 -0.5202
vn 0.4183 0.0724 -0.9054
vn 0.2337 0.0724 -0.9696
vn 0.2083 0.4579 -0.8642
vn 0.3729 0.4579 -0.8070
vn 0.4168 -0.1108 -0.9022
vn 0.2329 -0.1110 -0.9661
vn -0.1538 -0.1496 -0.9767
vn 0.0397 -0.1496 -0.9879
vn 0.0397 -0.1528 -0.9874
vn -0.1537 -0.1528 -0.9762
vn 0.0400 0.0724 -0.9966
vn -0.1551 0.0724 -0.9852
vn -0.1383 0.4579 -0.8781
vn 0.0357 0.4579 -0.8882
vn 0.0399 -0.1110 -0.9930
vn -0.1546 -0.1110 -0.9817
vn -0.3414 -0.1496 -0.9279
vn -0.3412 -0.1528 -0.9275
vn -0.3443 0.0724 -0.9360
vn -0.3069 0.4579 -0.8343
vn -0.3431 -0.1110 -0.9327
vn -0.5108 -0.2037 -0.8352
vn -0.8887 -0.2037 -0.4107
vn -0.9518 -0.2037 -0.2294
vn -0.9782 -0.2037 -0.0393
vn -0.9671 -0.2037 0.1523
vn -0.9188 -0.2037 0.3380
vn -0.8352 -0.2037 0.5108
vn -0.7195 -0.2037 0.6639
vn -0.5762 -0.2037 0.7915
vn -0.4107 -0.2037 0.8887
vn -0.2294 -0.2037 0.9518
vn -0.0393 -0.2037 0.9782
vn 0.1523 -0.2037 0.9671
vn 0.3380 -0.2037 0.9188
vn 0.5108 -0.2037 0.8352
vn 0.6639 -0.2037 0.7195
vn 0.7915 -0.2037 0.5762
vn 0.8887 -0.2037 0.4107
vn 0.9518 -0.2037 0.2294
vn 0.9782 -0.2037 0.0393
vn 0.9671 -0.2038 -0.1522
vn 0.5761 -0.2038 -0.7915
vn 0.7194 -0.2040 -0.6639
vn 0.4107 -0.2037 -0.8887
vn 0.2294 -0.2037 -0.9518
vn 0.0393 -0.2037 -0.9782
vn -0.1523 -0.2037 -0.9671
vn -0.3380 -0.2037 -0.9188
vn 0.8407 -0.1696 -0.5141
vn 0.7770 -0.1702 -0.6060
vn 0.7617 -0.2074 -0.6138
vn 0.8329 -0.2162 -0.5094
vn 0.6191 -0.1303 -0.7744
vn 0.5605 -0.1422 -0.8158
vn 0.6064 -0.1505 -0.7808
vn 0.5542 -0.1516 -0.8184
vn 0.6079 -0.1663 -0.7764
vn 0.5542 -0.1572 -0.8173
vn 0.6534 -0.1793 -0.7354
vn 0.5600 -0.1632 -0.8123
vn 0.6857 -0.1661 -0.7087
vn 0.5658 -0.1566 -0.8095
vn 0.5446 -0.1326 -0.8281
vn 0.6428 -0.1249 -0.7557
vn 0.7791 -0.1332 -0.6126
vn 0.5335 -0.0998 -0.8399
vn 0.5141 -0.1285 -0.8480
vn 0.9853 -0.1326 -0.1075
vn 0.9891 -0.1285 -0.0713
vn 0.9907 -0.0998 -0.0923
vn 0.9656 -0.1249 -0.2279
vn 0.9432 -0.1661 -0.2875
vn 0.9784 -0.1566 -0.1349
vn 0.9816 -0.1422 -0.1273
vn 0.9714 -0.1303 -0.1982
vn 0.9811 -0.1516 -0.1204
vn 0.9713 -0.1505 -0.1841
vn 0.9801 -0.1572 -0.1210
vn 0.9681 -0.1663 -0.1874
vn 0.9782 -0.1632 -0.1285
vn 0.9524 -0.1793 -0.2467
vn 0.8935 -0.1702 -0.4156
vn 0.8935 -0.2074 -0.3984
vn 0.9002 -0.1332 -0.4144
vn 0.8458 -0.1306 -0.5173
vn 0.9874 -0.1533 0.0400
vn 0.9873 -0.1533 0.0407
vn 0.9874 -0.1530 0.0408
vn 0.9874 -0.1532 0.0402
vn 0.9874 -0.1530 0.0402
vn 0.9874 -0.1527 0.0405
vn 0.4142 -0.1533 -0.8972
vn 0.4136 -0.1533 -0.8974
vn 0.4134 -0.1530 -0.8975
vn 0.4140 -0.1532 -0.8972
vn 0.4140 -0.1530 -0.8973
vn 0.4138 -0.1527 -0.8974
vn 0.6277 0.6772 -0.3839
vn 0.6905 0.6772 -0.2540
vn 0.7352 0.6772 0.0295
vn 0.7153 0.6772 0.1724
vn 0.7268 0.6772 -0.1144
vn -0.6905 0.6772 0.2540
vn -0.7268 0.6772 0.1144
vn -0.6277 0.6772 0.3839
vn 0.5408 0.6772 -0.4990
vn -0.5408 0.6772 0.4990
vn -0.4330 0.6772 0.5949
vn 0.4330 0.6772 -0.5949
vn -0.3086 0.6772 0.6679
vn -0.1724 0.6772 0.7153
vn 0.3086 0.6772 -0.6679
vn 0.1724 0.6772 -0.7153
vn -0.0295 0.6772 0.7352
vn 0.1144 0.6772 0.7268
vn 0.0295 0.6772 -0.7352
vn -0.1144 0.6772 -0.7268
vn 0.2540 0.6772 0.6905
vn 0.3839 0.6772 0.6277
vn -0.4990 0.6772 -0.5408
vn -0.3839 0.6772 -0.6277
vn -0.5949 0.6772 -0.4330
vn -0.2540 0.6772 -0.6905
vn 0.4990 0.6772 0.5408
vn 0.5949 0.6772 0.4330
vn -0.6679 0.6772 -0.3086
vn -0.7153 0.6772 -0.1724
vn 0.6679 0.6772 0.3086
vn -0.7352 0.6772 -0.0295
s 1
f 451/1/1 525/2/2 287/3/3 194/4/1
f 51/5/4 383/6/5 525/2/2 286/7/6
f 525/2/2 383/6/5 111/8/7 287/3/3
f 111/8/7 384/9/8 526/10/9 287/3/3
f 526/10/9 384/9/8 30/11/10 172/12/11
f 194/4/1 287/3/3 526/10/9 450/13/12
f 450/13/12 526/10/9 172/12/11 31/14/13
f 283/15/14 527/16/15 459/17/16 58/18/17
f 459/17/16 527/16/15 288/19/15 200/20/16
f 57/21/18 387/22/19 527/16/15 283/15/14
f 527/16/15 387/22/19 113/23/19 288/19/15
f 113/23/19 388/24/20 528/25/21 288/19/15
f 528/25/21 388/24/20 23/26/22 165/27/23
f 200/20/16 288/19/15 528/25/21 458/28/24
f 458/28/24 528/25/21 165/27/23 24/29/25
f 280/30/26 529/31/27 463/32/28 61/33/29
f 463/32/28 529/31/27 289/34/27 203/35/28
f 52/36/30 451/1/1 529/31/27 280/30/26
f 529/31/27 451/1/1 194/4/1 289/34/27
f 194/4/1 450/13/12 530/37/31 289/34/27
f 530/37/31 450/13/12 31/14/13 173/38/32
f 203/35/28 289/34/27 530/37/31 462/39/33
f 462/39/33 530/37/31 173/38/32 32/40/34
f 277/41/35 531/42/36 467/43/37 64/44/38
f 467/43/37 531/42/36 290/45/36 206/46/39
f 58/18/17 459/17/16 531/42/36 277/41/35
f 531/42/36 459/17/16 200/20/16 290/45/36
f 200/20/16 458/28/24 532/47/40 290/45/36
f 532/47/40 458/28/24 24/29/25 166/48/41
f 206/46/39 290/45/36 532/47/40 466/49/42
f 466/49/42 532/47/40 166/48/41 25/50/43
f 274/51/44 533/52/45 475/53/46 70/54/47
f 475/53/46 533/52/45 291/55/45 212/56/46
f 69/57/48 395/58/49 533/52/45 274/51/44
f 533/52/45 395/58/49 117/59/50 291/55/45
f 117/59/50 396/60/51 534/61/52 291/55/45
f 534/61/52 396/60/51 18/62/53 159/63/54
f 212/56/46 291/55/45 534/61/52 474/64/55
f 474/64/55 534/61/52 159/63/54 17/65/56
f 271/66/57 535/67/58 395/58/49 69/57/48
f 395/58/49 535/67/58 292/68/58 117/59/50
f 61/33/29 463/32/28 535/67/58 271/66/57
f 535/67/58 463/32/28 203/35/28 292/68/58
f 203/35/28 462/39/33 536/69/59 292/68/58
f 536/69/59 462/39/33 32/40/34 174/70/60
f 117/59/50 292/68/58 536/69/59 396/60/51
f 396/60/51 536/69/59 174/70/60 18/62/53
f 268/71/61 537/72/62 479/73/63 73/74/64
f 479/73/63 537/72/62 293/75/62 215/76/63
f 64/44/38 467/43/37 537/72/62 268/71/61
f 537/72/62 467/43/37 206/46/39 293/75/62
f 206/46/39 466/49/42 538/77/65 293/75/62
f 538/77/65 466/49/42 25/50/43 167/78/66
f 215/76/63 293/75/62 538/77/65 478/79/67
f 478/79/67 538/77/65 167/78/66 26/80/68
f 265/81/69 539/82/70 483/83/71 76/84/72
f 483/83/71 539/82/70 294/85/73 218/86/71
f 70/54/47 475/53/46 539/82/70 265/81/69
f 539/82/70 475/53/46 212/56/46 294/85/73
f 212/56/46 474/64/55 540/87/74 294/85/73
f 540/87/74 474/64/55 17/65/56 160/88/75
f 218/86/71 294/85/73 540/87/74 482/89/76
f 482/89/76 540/87/74 160/88/75 19/90/77
f 262/91/78 541/92/79 487/93/80 79/94/81
f 487/93/80 541/92/79 295/95/82 221/96/80
f 73/74/64 479/73/63 541/92/79 262/91/78
f 541/92/79 479/73/63 215/76/63 295/95/82
f 215/76/63 478/79/67 542/97/83 295/95/82
f 542/97/83 478/79/67 26/80/68 168/98/84
f 221/96/80 295/95/82 542/97/83 486/99/85
f 486/99/85 542/97/83 168/98/84 27/100/86
f 259/101/87 543/102/88 491/103/89 82/104/90
f 491/103/89 543/102/88 296/105/88 224/106/89
f 76/84/72 483/83/71 543/102/88 259/101/87
f 543/102/88 483/83/71 218/86/71 296/105/88
f 218/86/71 482/89/76 544/107/91 296/105/88
f 544/107/91 482/89/76 19/90/77 161/108/92
f 224/106/89 296/105/88 544/107/91 490/109/93
f 490/109/93 544/107/91 161/108/92 20/110/94
f 256/111/95 545/112/96 495/113/97 85/114/98
f 495/113/97 545/112/96 297/115/96 227/116/99
f 79/94/81 487/93/80 545/112/96 256/111/95
f 545/112/96 487/93/80 221/96/80 297/115/96
f 221/96/80 486/99/85 546/117/100 297/115/96
f 546/117/100 486/99/85 27/100/86 169/118/101
f 227/116/99 297/115/96 546/117/100 494/119/102
f 494/119/102 546/117/100 169/118/101 28/120/103
f 253/121/104 547/122/105 499/123/106 88/124/107
f 499/123/106 547/122/105 298/125/105 230/126/108
f 82/104/90 491/103/89 547/122/105 253/121/104
f 547/122/105 491/103/89 224/106/89 298/125/105
f 224/106/89 490/109/93 548/127/109 298/125/105
f 548/127/109 490/109/93 20/110/94 162/128/110
f 230/126/108 298/125/105 548/127/109 498/129/111
f 498/129/111 548/127/109 162/128/110 21/130/112
f 85/114/98 495/113/97 549/131/113 250/132/114
f 549/131/113 495/113/97 227/116/99 299/133/115
f 227/116/99 494/119/102 550/134/116 299/133/115
f 550/134/116 494/119/102 28/120/103 170/135/117
f 247/136/118 552/137/119 504/138/120 92/139/121
f 502/140/122 550/134/116 170/135/117 29/141/123
f 555/142/124 233/143/125 502/144/122
f 504/138/120 552/137/119 300/145/119 236/146/120
f 88/124/107 499/123/106 552/137/119 247/136/118
f 552/137/119 499/123/106 230/126/108 300/145/119
f 230/126/108 498/129/111 553/147/126 300/145/119
f 553/147/126 498/129/111 21/130/112 163/148/127
f 236/146/120 300/145/119 553/147/126 503/149/128
f 503/149/128 553/147/126 163/148/127 22/150/129
f 244/151/130 554/152/131 383/6/5 51/5/4
f 383/6/5 554/152/131 301/153/132 111/8/7
f 111/8/7 301/153/132 556/154/133 384/9/8
f 556/154/133 502/144/122 29/155/123 171/156/134
f 384/9/8 556/154/133 171/156/134 30/11/10
f 241/157/135 557/158/136 387/22/19 57/21/18
f 387/22/19 557/158/136 302/159/137 113/23/19
f 92/139/121 504/138/120 557/158/136 241/157/135
f 557/158/136 504/138/120 236/146/120 302/159/137
f 236/146/120 503/149/128 558/160/138 302/159/137
f 558/160/138 503/149/128 22/150/129 164/161/139
f 113/23/19 302/159/137 558/160/138 388/24/20
f 388/24/20 558/160/138 164/161/139 23/26/22
f 551/162/140 299/133/115 550/134/116 502/140/122
f 128/163/141 33/164/142 95/165/143 303/166/144
f 95/165/143 34/167/145 127/168/146 303/166/144
f 96/169/147 33/164/142 128/163/141 304/170/148
f 35/171/149 96/169/147 304/170/148 129/172/150
f 97/173/151 35/171/149 129/172/150 305/174/152
f 36/175/153 97/173/151 305/174/152 130/176/154
f 98/177/155 36/175/153 130/176/154 306/178/156
f 37/179/157 98/177/155 306/178/156 131/180/158
f 99/181/159 37/179/157 131/180/158 307/182/160
f 38/183/161 99/181/159 307/182/160 132/184/162
f 100/185/163 38/183/161 132/184/162 308/186/164
f 39/187/165 100/185/163 308/186/164 133/188/166
f 101/189/167 39/187/165 133/188/166 309/190/168
f 40/191/169 101/189/167 309/190/168 134/192/170
f 102/193/171 40/191/169 134/192/170 310/194/172
f 41/195/173 102/193/171 310/194/172 135/196/174
f 103/197/175 41/195/173 135/196/174 311/198/176
f 42/199/177 103/197/175 311/198/176 136/200/178
f 104/201/179 42/199/177 136/200/178 312/202/180
f 43/203/181 104/201/179 312/202/180 137/204/182
f 105/205/183 43/203/181 137/204/182 313/206/184
f 44/207/185 105/205/183 313/206/184 138/208/186
f 106/209/187 44/207/185 138/208/186 314/210/188
f 45/211/189 106/209/187 314/210/188 139/212/190
f 107/213/191 45/214/189 139/215/190 315/216/192
f 411/217/193 591/218/194 438/219/195
f 46/220/196 107/213/191 315/216/192 140/221/197
f 597/222/198 591/218/194 592/223/199 338/224/200
f 187/225/201 29/141/123 170/135/117 330/226/202
f 108/227/203 46/220/196 140/221/197 316/228/204
f 47/229/205 108/227/203 316/228/204 141/230/206
f 109/231/207 47/229/205 141/230/206 317/232/208
f 48/233/209 109/231/207 317/232/208 142/234/210
f 110/235/211 48/233/209 142/234/210 318/236/212
f 34/167/145 110/235/211 318/236/212 127/168/146
f 416/237/213 417/238/214 560/239/215 559/240/216
f 33/164/142 175/241/217 319/242/218 95/165/143
f 402/243/219 629/244/220 359/245/221 120/246/222
f 641/247/223 470/248/224 209/249/225 368/250/226
f 562/251/227 419/252/228 3/253/229 144/254/230
f 414/255/231 560/239/215 143/256/232 1/257/233
f 398/258/234 641/247/223 368/250/226 118/259/235
f 560/239/215 417/238/214 2/260/236 143/256/232
f 560/239/215 414/255/231 415/261/237 559/240/216
f 419/252/228 562/251/227 561/262/238 418/263/239
f 406/264/240 621/265/241 353/266/242 122/267/243
f 629/244/220 398/258/234 118/259/235 359/245/221
f 564/268/244 421/269/245 4/270/246 145/271/247
f 417/238/214 562/251/227 144/254/230 2/260/236
f 562/251/227 417/238/214 416/237/213 561/262/238
f 421/269/245 564/268/244 563/272/248 420/273/249
f 410/274/250 613/275/251 347/276/252 124/277/253
f 621/265/241 402/243/219 120/246/222 353/266/242
f 566/278/254 423/279/255 5/280/256 146/281/257
f 419/252/228 564/268/244 145/271/247 3/253/229
f 564/268/244 419/252/228 418/263/239 563/272/248
f 423/279/255 566/278/254 565/282/258 422/283/259
f 413/284/260 603/285/261 341/286/262 126/287/263
f 613/275/251 406/264/240 122/267/243 347/276/252
f 568/288/264 425/289/265 6/290/266 147/291/267
f 421/269/245 566/278/254 146/281/257 4/270/246
f 566/278/254 421/269/245 420/273/249 565/282/258
f 425/289/265 568/288/264 567/292/268 424/293/269
f 454/294/270 593/295/271 335/296/272 197/297/273
f 603/285/261 410/274/250 124/277/253 341/286/262
f 570/298/274 427/299/275 7/300/276 148/301/277
f 423/279/255 568/288/264 147/291/267 5/280/256
f 568/288/264 423/279/255 422/283/259 567/292/268
f 427/299/275 570/298/274 569/302/278 426/303/279
f 390/304/280 653/305/281 377/306/282 114/307/283
f 593/295/271 413/284/260 126/287/263 335/296/272
f 572/308/284 429/309/285 8/310/286 149/311/287
f 425/289/265 570/298/274 148/301/277 6/290/266
f 570/298/274 425/289/265 424/293/269 569/302/278
f 429/309/285 572/308/284 571/312/288 428/313/289
f 394/314/290 645/315/291 371/316/292 116/317/293
f 653/305/281 454/294/270 197/297/273 377/306/282
f 574/318/294 431/319/295 9/320/296 150/321/297
f 427/299/275 572/308/284 149/311/287 7/300/276
f 572/308/284 427/299/275 426/303/279 571/312/288
f 431/319/295 574/318/294 573/322/298 430/323/299
f 400/324/300 633/325/301 362/326/302 119/327/303
f 645/315/291 390/304/280 114/307/283 371/316/292
f 576/328/304 433/329/305 10/330/306 151/331/307
f 429/309/285 574/318/294 150/321/297 8/310/286
f 574/318/294 429/309/285 428/313/289 573/322/298
f 433/329/305 576/328/304 575/332/308 432/333/309
f 404/334/310 625/335/311 356/336/312 121/337/313
f 633/325/301 394/314/290 116/317/293 362/326/302
f 578/338/314 435/339/315 11/340/316 152/341/317
f 431/319/295 576/328/304 151/331/307 9/320/296
f 576/328/304 431/319/295 430/323/299 575/332/308
f 435/339/315 578/338/314 577/342/318 434/343/319
f 408/344/320 617/345/321 350/346/322 123/347/323
f 625/335/311 400/324/300 119/327/303 356/336/312
f 580/348/324 437/349/325 12/350/326 153/351/327
f 433/329/305 578/338/314 152/341/317 10/330/306
f 578/338/314 433/329/305 432/333/309 577/342/318
f 437/349/325 580/348/324 579/352/328 436/353/329
f 677/354/330 607/355/331 344/356/332 678/357/333
f 617/345/321 404/334/310 121/337/313 350/346/322
f 582/358/334 439/359/335 13/360/336 154/361/337
f 435/339/315 580/348/324 153/351/327 11/340/316
f 580/348/324 435/339/315 434/343/319 579/352/328
f 582/358/334 437/349/325 436/353/329 581/362/338
f 446/363/339 597/222/198 338/224/200 191/364/340
f 607/355/331 408/344/320 123/347/323 344/356/332
f 584/365/341 441/366/342 14/367/343 155/368/344
f 437/349/325 582/358/334 154/361/337 12/350/326
f 584/365/341 439/369/335 438/219/195 583/370/345
f 441/366/342 584/365/341 583/370/345 440/371/346
f 386/372/347 657/373/348 380/374/349 112/375/350
f 591/218/194 411/217/193 125/376/351 592/223/199
f 586/377/352 443/378/353 15/379/354 156/380/355
f 439/369/335 584/365/341 155/368/344 13/381/336
f 443/378/353 586/377/352 585/382/356 442/383/357
f 591/218/194 597/222/198 583/370/345 438/219/195
f 392/384/358 649/385/359 374/386/360 115/387/361
f 657/373/348 446/363/339 191/364/340 380/374/349
f 588/388/362 445/389/363 16/390/364 157/391/365
f 441/366/342 586/377/352 156/380/355 14/367/343
f 586/377/352 441/366/342 440/371/346 585/382/356
f 445/389/363 588/388/362 587/392/366 444/393/367
f 470/248/224 637/394/368 365/395/369 209/249/225
f 649/385/359 386/372/347 112/375/350 374/386/360
f 590/396/370 414/255/231 1/257/233 158/397/371
f 443/378/353 588/388/362 157/391/365 15/379/354
f 588/388/362 443/378/353 442/383/357 587/392/366
f 414/255/231 590/396/370 589/398/372 415/261/237
f 637/394/368 392/384/358 115/387/361 365/395/369
f 445/389/363 590/396/370 158/397/371 16/390/364
f 590/396/370 445/389/363 444/393/367 589/398/372
f 159/63/54 319/242/218 175/241/217 17/65/56
f 95/165/143 319/242/218 176/399/373 34/167/145
f 176/399/373 319/242/218 159/63/54 18/62/53
f 175/241/217 320/400/374 160/88/75 17/65/56
f 177/401/375 19/90/77 160/88/75 320/400/374
f 35/171/149 177/401/375 320/400/374 96/169/147
f 96/169/147 320/400/374 175/241/217 33/164/142
f 177/401/375 321/402/376 161/108/92 19/90/77
f 178/403/377 20/110/94 161/108/92 321/402/376
f 36/175/153 178/403/377 321/402/376 97/173/151
f 97/173/151 321/402/376 177/401/375 35/171/149
f 178/403/377 322/404/378 162/128/110 20/110/94
f 179/405/379 21/130/112 162/128/110 322/404/378
f 37/179/157 179/405/379 322/404/378 98/177/155
f 98/177/155 322/404/378 178/403/377 36/175/153
f 179/405/379 323/406/380 163/148/127 21/130/112
f 180/407/381 22/150/129 163/148/127 323/406/380
f 38/183/161 180/407/381 323/406/380 99/181/159
f 99/181/159 323/406/380 179/405/379 37/179/157
f 180/407/381 324/408/382 164/161/139 22/150/129
f 181/409/383 23/26/22 164/161/139 324/408/382
f 39/187/165 181/409/383 324/408/382 100/185/163
f 100/185/163 324/408/382 180/407/381 38/183/161
f 181/409/383 325/410/384 165/27/23 23/26/22
f 182/411/385 24/29/25 165/27/23 325/410/384
f 40/191/169 182/411/385 325/410/384 101/189/167
f 101/189/167 325/410/384 181/409/383 39/187/165
f 182/411/385 326/412/386 166/48/41 24/29/25
f 183/413/387 25/50/43 166/48/41 326/412/386
f 41/195/173 183/413/387 326/412/386 102/193/171
f 102/193/171 326/412/386 182/411/385 40/191/169
f 183/413/387 327/414/388 167/78/66 25/50/43
f 184/415/389 26/80/68 167/78/66 327/414/388
f 42/199/177 184/415/389 327/414/388 103/197/175
f 103/197/175 327/414/388 183/413/387 41/195/173
f 184/415/389 328/416/390 168/98/84 26/80/68
f 185/417/391 27/100/86 168/98/84 328/416/390
f 43/203/181 185/417/391 328/416/390 104/201/179
f 104/201/179 328/416/390 184/415/389 42/199/177
f 185/417/391 329/418/392 169/118/101 27/100/86
f 186/419/393 28/120/103 169/118/101 329/418/392
f 44/207/185 186/419/393 329/418/392 105/205/183
f 105/205/183 329/418/392 185/417/391 43/203/181
f 45/211/189 187/225/201 330/226/202 106/209/187
f 186/419/393 330/226/202 170/135/117 28/120/103
f 188/420/394 30/11/10 171/156/134 331/421/395
f 106/209/187 330/226/202 186/419/393 44/207/185
f 581/362/338 607/355/331 677/354/330 438/422/195
f 46/220/196 188/420/394 331/421/395 107/213/191
f 187/423/201 331/421/395 171/156/134 29/155/123
f 233/424/125 551/162/140 502/140/122
f 411/425/193 677/354/330 678/357/333 125/426/351
f 107/213/191 331/421/395 187/423/201 45/214/189
f 188/420/394 332/427/396 172/12/11 30/11/10
f 189/428/397 31/14/13 172/12/11 332/427/396
f 301/153/132 555/142/124 502/144/122 556/154/133
f 47/229/205 189/428/397 332/427/396 108/227/203
f 108/227/203 332/427/396 188/420/394 46/220/196
f 189/428/397 333/429/398 173/38/32 31/14/13
f 190/430/399 32/40/34 173/38/32 333/429/398
f 48/233/209 190/430/399 333/429/398 109/231/207
f 109/231/207 333/429/398 189/428/397 47/229/205
f 190/430/399 334/431/400 174/70/60 32/40/34
f 176/399/373 18/62/53 174/70/60 334/431/400
f 34/167/145 176/399/373 334/431/400 110/235/211
f 110/235/211 334/431/400 190/430/399 48/233/209
f 569/302/278 593/295/271 454/294/270 426/303/279
f 413/284/260 593/295/271 569/302/278 424/293/269
f 126/287/263 412/432/120 594/433/136 335/296/272
f 594/433/136 412/432/120 94/434/121 239/435/135
f 197/297/273 335/296/272 594/433/136 455/436/19
f 455/436/19 594/433/136 239/435/135 55/437/18
f 239/435/135 595/438/135 456/439/18 55/437/18
f 456/439/18 595/438/135 336/440/135 198/441/18
f 94/434/121 506/442/121 595/438/135 239/435/135
f 595/438/135 506/442/121 238/443/121 336/440/135
f 93/444/121 240/445/135 336/440/135 238/443/121
f 199/446/18 56/447/18 240/445/135 337/448/135
f 240/445/135 56/447/18 198/441/18 336/440/135
f 91/449/401 507/450/402 600/451/403 235/452/404
f 237/453/121 505/454/121 596/455/135 337/448/135
f 237/453/121 337/448/135 240/445/135 93/444/121
f 231/456/107 500/457/107 606/458/118 343/459/118
f 596/455/135 505/454/121 92/139/121 241/157/135
f 199/446/18 337/448/135 596/455/135 457/460/18
f 457/460/18 596/455/135 241/157/135 57/21/18
f 583/370/345 597/222/198 446/363/339 440/371/346
f 191/364/340 338/224/200 598/461/405 447/462/406
f 438/422/195 677/354/330 411/425/193
f 447/462/406 598/461/405 242/463/407 49/464/408
f 242/463/407 599/465/409 448/466/410 49/464/408
f 448/466/410 599/465/409 339/467/411 192/468/412
f 243/469/413 50/470/414 192/468/412 339/467/411
f 193/471/415 50/470/414 243/469/413 340/472/416
f 600/451/403 507/450/402 243/469/413 339/467/411
f 246/473/118 93/444/121 238/443/121 342/474/118
f 507/450/402 601/475/417 340/472/416 243/469/413
f 193/471/415 340/472/416 602/476/418 449/477/419
f 228/478/420 496/479/421 611/480/422 346/481/423
f 449/477/419 602/476/418 244/151/130 51/5/4
f 567/292/268 603/285/261 413/284/260 424/293/269
f 410/274/250 603/285/261 567/292/268 422/283/259
f 124/277/253 409/482/106 604/483/119 341/286/262
f 604/483/119 409/482/106 90/484/107 245/485/118
f 126/287/263 341/286/262 604/483/119 412/432/120
f 412/432/120 604/483/119 245/485/118 94/434/121
f 245/485/118 605/486/118 506/442/121 94/434/121
f 506/442/121 605/486/118 342/474/118 238/443/121
f 90/484/107 501/487/107 605/486/118 245/485/118
f 605/486/118 501/487/107 232/488/107 342/474/118
f 89/489/107 246/473/118 342/474/118 232/488/107
f 237/453/121 93/444/121 246/473/118 343/459/118
f 228/478/420 346/481/423 249/490/424 86/491/425
f 231/456/107 343/459/118 246/473/118 89/489/107
f 225/492/90 492/493/90 616/494/104 349/495/104
f 606/458/118 500/457/107 88/124/107 247/136/118
f 237/453/121 343/459/118 606/458/118 505/454/121
f 505/454/121 606/458/118 247/136/118 92/139/121
f 408/344/320 607/355/331 581/362/338 436/353/329
f 123/347/323 407/496/426 608/497/427 344/356/332
f 608/497/427 407/496/426 87/498/428 248/499/429
f 87/498/428 497/500/430 609/501/431 248/499/429
f 609/501/431 497/500/430 229/502/432 345/503/433
f 86/491/425 249/490/424 345/503/433 229/502/432
f 249/490/424 508/504/434 610/505/435 345/503/433
f 252/506/104 89/489/107 232/488/107 348/507/104
f 610/505/435 508/504/434 91/508/401 235/509/404
f 249/490/424 346/481/423 612/510/436 508/504/434
f 508/504/434 612/510/436 234/511/437 91/508/401
f 222/512/81 488/513/81 620/514/95 352/515/438
f 611/480/422 496/479/421 85/114/98 250/132/114
f 565/282/258 613/275/251 410/274/250 422/283/259
f 406/264/240 613/275/251 565/282/258 420/273/249
f 122/267/243 405/516/89 614/517/105 347/276/252
f 614/517/105 405/516/89 84/518/90 251/519/104
f 124/277/253 347/276/252 614/517/105 409/482/106
f 409/482/106 614/517/105 251/519/104 90/484/107
f 251/519/104 615/520/104 501/487/107 90/484/107
f 501/487/107 615/520/104 348/507/104 232/488/107
f 84/518/90 493/521/90 615/520/104 251/519/104
f 615/520/104 493/521/90 226/522/90 348/507/104
f 83/523/90 252/506/104 348/507/104 226/522/90
f 231/456/107 89/489/107 252/506/104 349/495/104
f 255/524/439 86/491/425 229/502/432 351/525/440
f 225/492/90 349/495/104 252/506/104 83/523/90
f 219/526/72 484/527/72 624/528/87 355/529/87
f 616/494/104 492/493/90 82/104/90 253/121/104
f 231/456/107 349/495/104 616/494/104 500/457/107
f 500/457/107 616/494/104 253/121/104 88/124/107
f 579/352/328 617/345/321 408/344/320 436/353/329
f 404/334/310 617/345/321 579/352/328 434/343/319
f 121/337/313 403/530/80 618/531/441 350/346/322
f 618/531/441 403/530/80 81/532/81 254/533/442
f 123/347/323 350/346/322 618/531/441 407/496/426
f 407/496/426 618/531/441 254/533/442 87/498/428
f 254/533/442 619/534/443 497/500/430 87/498/428
f 497/500/430 619/534/443 351/525/440 229/502/432
f 81/532/81 489/535/81 619/534/443 254/533/442
f 619/534/443 489/535/81 223/536/81 351/525/440
f 80/537/81 255/524/439 351/525/440 223/536/81
f 228/478/420 86/491/425 255/524/439 352/515/438
f 258/538/87 83/523/90 226/522/90 354/539/87
f 222/512/81 352/515/438 255/524/439 80/537/81
f 216/540/64 480/541/64 628/542/78 358/543/78
f 620/514/95 488/513/81 79/94/81 256/111/95
f 228/478/420 352/515/438 620/514/95 496/479/421
f 496/479/421 620/514/95 256/111/95 85/114/98
f 563/272/248 621/265/241 406/264/240 420/273/249
f 402/243/219 621/265/241 563/272/248 418/263/239
f 120/246/222 401/544/71 622/545/88 353/266/242
f 622/545/88 401/544/71 78/546/72 257/547/87
f 122/267/243 353/266/242 622/545/88 405/516/89
f 405/516/89 622/545/88 257/547/87 84/518/90
f 257/547/87 623/548/87 493/521/90 84/518/90
f 493/521/90 623/548/87 354/539/87 226/522/90
f 78/546/72 485/549/72 623/548/87 257/547/87
f 623/548/87 485/549/72 220/550/72 354/539/87
f 77/551/72 258/538/87 354/539/87 220/550/72
f 225/492/90 83/523/90 258/538/87 355/529/87
f 261/552/78 80/537/81 223/536/81 357/553/78
f 219/526/72 355/529/87 258/538/87 77/551/72
f 213/554/47 476/555/47 632/556/69 361/557/69
f 624/528/87 484/527/72 76/84/72 259/101/87
f 225/492/90 355/529/87 624/528/87 492/493/90
f 492/493/90 624/528/87 259/101/87 82/104/90
f 577/342/318 625/335/311 404/334/310 434/343/319
f 400/324/300 625/335/311 577/342/318 432/333/309
f 119/327/303 399/558/63 626/559/79 356/336/312
f 626/559/79 399/558/63 75/560/64 260/561/78
f 121/337/313 356/336/312 626/559/79 403/530/80
f 403/530/80 626/559/79 260/561/78 81/532/81
f 260/561/78 627/562/78 489/535/81 81/532/81
f 489/535/81 627/562/78 357/553/78 223/536/81
f 75/560/64 481/563/64 627/562/78 260/561/78
f 627/562/78 481/563/64 217/564/64 357/553/78
f 74/565/64 261/552/78 357/553/78 217/564/64
f 222/512/81 80/537/81 261/552/78 358/543/78
f 264/566/69 77/551/72 220/550/72 360/567/69
f 216/540/64 358/543/78 261/552/78 74/565/64
f 207/568/38 468/569/38 636/570/61 364/571/61
f 628/542/78 480/541/64 73/74/64 262/91/78
f 222/512/81 358/543/78 628/542/78 488/513/81
f 488/513/81 628/542/78 262/91/78 79/94/81
f 561/262/238 629/244/220 402/243/219 418/263/239
f 398/258/234 629/244/220 561/262/238 416/237/213
f 118/259/235 397/572/46 630/573/70 359/245/221
f 630/573/70 397/572/46 72/574/47 263/575/69
f 120/246/222 359/245/221 630/573/70 401/544/71
f 401/544/71 630/573/70 263/575/69 78/546/72
f 263/575/69 631/576/69 485/549/72 78/546/72
f 485/549/72 631/576/69 360/567/69 220/550/72
f 72/574/47 477/577/47 631/576/69 263/575/69
f 631/576/69 477/577/47 214/578/47 360/567/69
f 71/579/47 264/566/69 360/567/69 214/578/47
f 219/526/72 77/551/72 264/566/69 361/557/69
f 267/580/61 74/565/64 217/564/64 363/581/61
f 213/554/47 361/557/69 264/566/69 71/579/47
f 204/582/29 464/583/29 640/584/57 367/585/57
f 632/556/69 476/555/47 70/54/47 265/81/69
f 219/526/72 361/557/69 632/556/69 484/527/72
f 484/527/72 632/556/69 265/81/69 76/84/72
f 575/332/308 633/325/301 400/324/300 432/333/309
f 394/314/290 633/325/301 575/332/308 430/323/299
f 116/317/293 393/586/37 634/587/62 362/326/302
f 634/587/62 393/586/37 66/588/38 266/589/61
f 119/327/303 362/326/302 634/587/62 399/558/63
f 399/558/63 634/587/62 266/589/61 75/560/64
f 266/589/61 635/590/61 481/563/64 75/560/64
f 481/563/64 635/590/61 363/581/61 217/564/64
f 66/588/38 469/591/38 635/590/61 266/589/61
f 635/590/61 469/591/38 208/592/38 363/581/61
f 65/593/38 267/580/61 363/581/61 208/592/38
f 216/540/64 74/565/64 267/580/61 364/571/61
f 270/594/57 68/595/48 210/596/48 366/597/57
f 207/568/38 364/571/61 267/580/61 65/593/38
f 211/598/48 473/599/48 644/600/44 370/601/44
f 636/570/61 468/569/38 64/44/38 268/71/61
f 216/540/64 364/571/61 636/570/61 480/541/64
f 480/541/64 636/570/61 268/71/61 73/74/64
f 589/398/372 637/394/368 470/248/224 415/261/237
f 392/384/358 637/394/368 589/398/372 444/393/367
f 115/387/361 391/602/28 638/603/58 365/395/369
f 638/603/58 391/602/28 63/604/29 269/605/57
f 209/249/225 365/395/369 638/603/58 471/606/49
f 471/606/49 638/603/58 269/605/57 67/607/48
f 269/605/57 639/608/57 472/609/48 67/607/48
f 472/609/48 639/608/57 366/597/57 210/596/48
f 63/604/29 465/610/29 639/608/57 269/605/57
f 639/608/57 465/610/29 205/611/29 366/597/57
f 62/612/29 270/594/57 366/597/57 205/611/29
f 211/598/48 68/595/48 270/594/57 367/585/57
f 273/613/44 71/579/47 214/578/47 369/614/44
f 204/582/29 367/585/57 270/594/57 62/612/29
f 201/615/17 460/616/17 648/617/35 373/618/35
f 640/584/57 464/583/29 61/33/29 271/66/57
f 211/598/48 367/585/57 640/584/57 473/599/48
f 473/599/48 640/584/57 271/66/57 69/57/48
f 641/247/223 398/258/234 416/237/213 559/240/216
f 470/248/224 641/247/223 559/240/216 415/261/237
f 209/249/225 471/606/49 642/619/45 368/250/226
f 642/619/45 471/606/49 67/607/48 272/620/44
f 118/259/235 368/250/226 642/619/45 397/572/46
f 397/572/46 642/619/45 272/620/44 72/574/47
f 272/620/44 643/621/44 477/577/47 72/574/47
f 477/577/47 643/621/44 369/614/44 214/578/47
f 67/607/48 472/609/48 643/621/44 272/620/44
f 643/621/44 472/609/48 210/596/48 369/614/44
f 68/595/48 273/613/44 369/614/44 210/596/48
f 213/554/47 71/579/47 273/613/44 370/601/44
f 276/622/35 65/593/38 208/592/38 372/623/35
f 211/598/48 370/601/44 273/613/44 68/595/48
f 195/624/30 452/625/30 652/626/26 376/627/26
f 644/600/44 473/599/48 69/57/48 274/51/44
f 213/554/47 370/601/44 644/600/44 476/555/47
f 476/555/47 644/600/44 274/51/44 70/54/47
f 573/322/298 645/315/291 394/314/290 430/323/299
f 390/304/280 645/315/291 573/322/298 428/313/289
f 114/307/283 389/628/16 646/629/36 371/316/292
f 646/629/36 389/628/16 60/630/17 275/631/35
f 116/317/293 371/316/292 646/629/36 393/586/37
f 393/586/37 646/629/36 275/631/35 66/588/38
f 275/631/35 647/632/35 469/591/38 66/588/38
f 469/591/38 647/632/35 372/623/35 208/592/38
f 60/630/17 461/633/17 647/632/35 275/631/35
f 647/632/35 461/633/17 202/634/17 372/623/35
f 59/635/17 276/622/35 372/623/35 202/634/17
f 207/568/38 65/593/38 276/622/35 373/618/35
f 279/636/26 62/612/29 205/611/29 375/637/26
f 201/615/17 373/618/35 276/622/35 59/635/17
f 199/446/18 457/460/18 656/638/14 379/639/14
f 648/617/35 460/616/17 58/18/17 277/41/35
f 207/568/38 373/618/35 648/617/35 468/569/38
f 468/569/38 648/617/35 277/41/35 64/44/38
f 587/392/366 649/385/359 392/384/358 444/393/367
f 386/372/347 649/385/359 587/392/366 442/383/357
f 112/375/350 385/640/1 650/641/27 374/386/360
f 650/641/27 385/640/1 54/642/30 278/643/26
f 115/387/361 374/386/360 650/641/27 391/602/28
f 391/602/28 650/641/27 278/643/26 63/604/29
f 278/643/26 651/644/26 465/610/29 63/604/29
f 465/610/29 651/644/26 375/637/26 205/611/29
f 54/642/30 453/645/30 651/644/26 278/643/26
f 651/644/26 453/645/30 196/646/30 375/637/26
f 53/647/30 279/636/26 375/637/26 196/646/30
f 204/582/29 62/612/29 279/636/26 376/627/26
f 282/648/14 59/635/17 202/634/17 378/649/14
f 195/624/30 376/627/26 279/636/26 53/647/30
f 193/471/415 449/477/419 660/650/6 382/651/444
f 652/626/26 452/625/30 52/36/30 280/30/26
f 204/582/29 376/627/26 652/626/26 464/583/29
f 464/583/29 652/626/26 280/30/26 61/33/29
f 571/312/288 653/305/281 390/304/280 428/313/289
f 454/294/270 653/305/281 571/312/288 426/303/279
f 197/297/273 455/436/19 654/652/15 377/306/282
f 654/652/15 455/436/19 55/437/18 281/653/14
f 114/307/283 377/306/282 654/652/15 389/628/16
f 389/628/16 654/652/15 281/653/14 60/630/17
f 281/653/14 655/654/14 461/633/17 60/630/17
f 461/633/17 655/654/14 378/649/14 202/634/17
f 55/437/18 456/439/18 655/654/14 281/653/14
f 655/654/14 456/439/18 198/441/18 378/649/14
f 56/447/18 282/648/14 378/649/14 198/441/18
f 201/615/17 59/635/17 282/648/14 379/639/14
f 285/655/445 53/647/30 196/646/30 381/656/446
f 199/446/18 379/639/14 282/648/14 56/447/18
f 656/638/14 457/460/18 57/21/18 283/15/14
f 201/615/17 379/639/14 656/638/14 460/616/17
f 460/616/17 656/638/14 283/15/14 58/18/17
f 585/382/356 657/373/348 386/372/347 442/383/357
f 446/363/339 657/373/348 585/382/356 440/371/346
f 191/364/340 447/462/406 658/657/447 380/374/349
f 658/657/447 447/462/406 49/464/408 284/658/448
f 112/375/350 380/374/349 658/657/447 385/640/1
f 385/640/1 658/657/447 284/658/448 54/642/30
f 284/658/448 659/659/449 453/645/30 54/642/30
f 453/645/30 659/659/449 381/656/446 196/646/30
f 49/464/408 448/466/410 659/659/449 284/658/448
f 659/659/449 448/466/410 192/468/412 381/656/446
f 50/470/414 285/655/445 381/656/446 192/468/412
f 195/624/30 53/647/30 285/655/445 382/651/444
f 193/471/415 382/651/444 285/655/445 50/470/414
f 660/650/6 449/477/419 51/5/4 286/7/6
f 195/624/30 382/651/444 660/650/6 452/625/30
f 452/625/30 660/650/6 286/7/6 52/36/30
f 286/7/6 525/2/2 451/1/1 52/36/30
f 439/359/335 582/358/334 581/362/338 438/422/195
f 13/360/336 514/660/450 663/661/451 154/361/337
f 153/351/327 661/662/452 509/663/453 11/340/316
f 12/350/326 512/664/454 661/662/452 153/351/327
f 146/281/257 662/665/455 510/666/456 4/270/246
f 5/280/256 513/667/457 662/665/455 146/281/257
f 154/361/337 663/661/451 512/664/454 12/350/326
f 155/368/344 665/668/458 514/669/450 13/381/336
f 147/291/267 664/670/459 513/667/457 5/280/256
f 6/290/266 515/671/460 664/670/459 147/291/267
f 14/367/343 516/672/461 665/668/458 155/368/344
f 148/301/277 666/673/462 515/671/460 6/290/266
f 7/300/276 517/674/463 666/673/462 148/301/277
f 156/380/355 667/675/464 516/672/461 14/367/343
f 15/379/354 518/676/465 667/675/464 156/380/355
f 149/311/287 668/677/466 517/674/463 7/300/276
f 8/310/286 519/678/467 668/677/466 149/311/287
f 157/391/365 669/679/468 518/676/465 15/379/354
f 16/390/364 520/680/469 669/679/468 157/391/365
f 150/321/297 670/681/470 519/678/467 8/310/286
f 9/320/296 521/682/471 670/681/470 150/321/297
f 143/256/232 671/683/472 511/684/473 1/257/233
f 2/260/236 522/685/474 671/683/472 143/256/232
f 158/397/371 672/686/475 520/680/469 16/390/364
f 1/257/233 511/684/473 672/686/475 158/397/371
f 151/331/307 673/687/476 521/682/471 9/320/296
f 10/330/306 523/688/477 673/687/476 151/331/307
f 144/254/230 674/689/478 522/685/474 2/260/236
f 3/253/229 524/690/479 674/689/478 144/254/230
f 152/341/317 675/691/480 523/688/477 10/330/306
f 11/340/316 509/663/453 675/691/480 152/341/317
f 145/271/247 676/692/481 524/690/479 3/253/229
f 4/270/246 510/666/456 676/692/481 145/271/247
f 234/693/437 601/475/417 507/450/402 91/449/401
o handle
v 16.370981 16.927721 -10.006601
v 12.291019 -17.484814 -7.511425
v 13.186269 -9.077213 -8.058930
v 15.029684 6.326600 -9.186305
v 13.282253 12.586634 -13.036066
v 10.748668 -13.155308 -10.413874
v 17.660601 12.586635 -5.876856
v 14.172080 -13.155304 -4.816117
v 13.489415 -16.467480 -5.039868
v 10.636836 -16.467476 -9.704233
v 14.031357 15.913179 -12.914570
v 13.134204 7.931772 -12.107081
v 11.263535 -9.750004 -10.290035
v 17.893728 15.913179 -6.599054
v 16.766178 7.931772 -6.168298
v 14.296407 -9.750006 -5.330867
v 20.666046 15.814653 -12.633329
v 20.434954 11.731529 -12.492001
v 18.873444 13.574718 -15.094133
v 22.039948 13.574718 -9.916461
v 19.271925 15.199755 -14.809435
v 19.087223 12.323044 -14.565149
v 21.968052 15.199755 -10.400888
v 21.666447 12.323042 -10.347763
v 24.311092 14.431268 -14.862526
v 23.296190 11.215938 -14.241844
v 22.194489 12.805069 -16.917999
v 25.176561 12.805069 -12.041897
v 22.917786 14.081647 -16.862337
v 22.164503 11.770818 -16.279819
v 25.456533 14.081647 -12.711130
v 24.594797 11.770816 -12.305950
v 27.354128 10.756539 -16.723553
v 25.402054 8.760737 -15.529725
v 24.804831 9.860303 -18.470562
v 27.747873 9.860304 -13.658275
v 25.892996 10.588218 -18.644558
v 24.436468 9.174088 -17.633554
v 28.398518 10.588219 -14.547682
v 26.834953 9.174087 -13.711691
v 28.525394 4.634155 -17.439865
v 26.063499 4.464746 -15.934247
v 25.776745 4.649553 -19.064957
v 28.719791 4.649555 -14.252670
v 27.031656 4.638723 -19.340929
v 25.180414 4.590004 -18.088528
v 29.537178 4.638723 -15.244052
v 27.578901 4.590006 -14.166668
v 27.425428 -0.801506 -16.767162
v 25.023357 0.503880 -15.298128
v 24.756783 -0.110895 -18.441179
v 27.699827 -0.110895 -13.628894
v 25.952700 -0.671665 -18.681074
v 24.119068 0.358059 -17.439444
v 28.458223 -0.671663 -14.584198
v 26.517551 0.358059 -13.517581
v 24.446234 -5.557566 -14.945179
v 22.606232 -3.263903 -13.819889
v 21.982363 -4.450136 -16.744431
v 24.925404 -4.450136 -11.932144
v 23.010210 -5.349903 -16.881540
v 21.549383 -3.641350 -15.867906
v 25.515734 -5.349903 -12.784664
v 23.947870 -3.641348 -11.946045
v 20.375942 -10.027056 -12.455915
v 19.070503 -6.676973 -11.657550
v 18.064217 -8.483858 -14.348217
v 21.007261 -8.483860 -9.535931
v 18.967165 -9.740488 -14.408940
v 17.812832 -7.284180 -13.582747
v 21.472687 -9.740486 -10.312063
v 20.211319 -7.284176 -9.660886
v 15.638971 -14.091022 -9.558931
v 15.141403 -9.051676 -9.254633
v 13.670637 -11.654289 -11.663086
v 16.615326 -11.654293 -6.848112
v 14.303085 -13.541645 -11.534830
v 13.694962 -9.806501 -11.091160
v 16.789286 -13.541645 -7.469543
v 16.117283 -9.806501 -7.130325
v 19.198498 13.050295 -7.779281
v 18.514608 10.296641 -8.111965
v 15.676421 13.050295 -13.538371
v 16.230690 15.353472 -13.294189
v 19.233650 15.353472 -8.383934
v 15.661005 10.296641 -12.778013
v 17.126493 9.547068 -10.468649
v 17.867229 16.075760 -10.921659
v 18.016003 12.656011 -6.862577
v 14.321651 12.656011 -12.903361
v 18.129639 15.383934 -7.541484
v 15.756584 7.790806 -9.630855
v 17.230629 8.808481 -7.178418
v 14.977778 15.383934 -12.695219
v 14.245004 8.808481 -12.060335
v 16.757769 16.202320 -10.243148
v 19.904587 11.572898 -9.112651
v 17.506802 15.346277 -13.904737
v 17.185059 11.572899 -13.559459
v 19.008547 16.042200 -11.619655
v 20.417828 13.411989 -8.721532
v 17.070711 13.411989 -14.194529
v 20.358532 15.346276 -9.241759
v 18.604389 10.932621 -11.372483
v 17.692123 12.562832 -6.522746
v 14.848235 -15.064739 -6.273795
v 13.652287 -15.955311 -8.343934
v 20.654284 12.052863 -9.645691
v 13.871581 12.562832 -12.769870
v 12.354325 -15.064739 -10.351686
v 18.192133 15.325341 -14.240153
v 12.032922 -12.609173 -10.731501
v 13.977496 -14.748314 -4.805417
v 12.971327 -17.216503 -6.332148
v 10.650493 -14.748310 -10.245533
v 11.551177 -17.216503 -8.654290
v 15.412940 16.512281 -11.197372
v 13.516225 14.340044 -13.177928
v 13.081513 10.374724 -12.759430
v 14.108786 6.664444 -10.639837
v 12.342307 -9.168970 -9.244015
v 10.899311 -11.489418 -10.504549
v 17.893480 14.340044 -6.020505
v 17.322886 10.374724 -5.824191
v 15.904056 6.664443 -7.704318
v 14.321430 -11.489422 -4.908908
v 13.856724 -9.168970 -6.767734
v 20.981262 14.848067 -15.756105
v 22.361094 15.337073 -13.669968
v 20.580851 12.259299 -15.385815
v 20.453625 13.382335 -15.945004
v 19.879354 15.667486 -13.900875
v 18.973425 14.425804 -15.125774
v 18.864044 12.873117 -14.968595
v 19.670691 11.904201 -13.682974
v 22.113667 14.425804 -9.991048
v 21.435999 15.667486 -11.355549
v 21.923910 12.873116 -9.965286
v 21.146955 11.904199 -11.269066
v 17.838903 15.476373 -7.239695
v 18.001118 12.052865 -13.983986
v 15.311870 7.038551 -9.358881
v 19.631346 16.001537 -12.000539
v 23.681814 11.673254 -17.789242
v 27.112886 12.708231 -13.756763
v 26.629736 11.673254 -12.968977
v 25.879370 10.773162 -13.122819
v 23.560047 14.368547 -16.049797
v 22.473370 13.492732 -17.060375
v 22.053709 12.235094 -16.719965
v 22.620646 11.384761 -15.391530
v 25.430357 13.492732 -12.225291
v 25.025826 14.368547 -13.653049
v 24.936131 12.235093 -12.006798
v 24.011858 11.384761 -13.116698
v 21.828724 11.680971 -13.344388
v 23.077469 12.259298 -11.303492
v 23.589523 14.848067 -11.491238
v 23.517292 13.382334 -10.935478
v 25.523428 7.365632 -18.910034
v 26.724855 7.724682 -19.153297
v 25.936659 6.700583 -15.856673
v 25.022778 6.978784 -17.992123
v 26.600311 10.731887 -17.887577
v 25.287750 10.262807 -18.738091
v 24.478767 9.497709 -18.160679
v 24.777792 8.888843 -16.690319
v 28.206038 10.262807 -13.966286
v 28.046904 10.731887 -15.522197
v 27.323467 9.497711 -13.509197
v 26.150799 8.888842 -14.445262
v 23.476906 10.773163 -17.051182
v 26.028881 12.957034 -15.913073
v 24.603210 12.708231 -17.860432
v 24.513594 10.268981 -14.986371
v 28.252562 1.771597 -17.273008
v 29.270079 1.846748 -15.080703
v 27.264458 2.399576 -13.974363
v 25.743193 2.416933 -15.738357
v 27.766809 4.634827 -18.600973
v 26.360142 4.646437 -19.393932
v 25.330015 4.636253 -18.681274
v 25.458538 4.510220 -17.106642
v 29.278429 4.646435 -14.622128
v 29.213398 4.634825 -16.235592
v 28.174717 4.636253 -14.029793
v 26.831543 4.510221 -14.861584
v 27.421261 6.978782 -14.070260
v 28.466473 7.365632 -14.097748
v 29.230377 7.724680 -15.056421
v 28.209810 7.805834 -17.246864
v 22.997576 -1.659821 -16.753574
v 23.547195 -2.308062 -17.701433
v 27.165363 -3.051586 -13.793524
v 26.490238 -2.308062 -12.889147
v 26.669914 -0.782490 -17.930149
v 25.317823 -0.420734 -18.756483
v 24.291605 0.160149 -18.046217
v 24.405828 0.469763 -16.462839
v 28.236113 -0.420734 -13.984681
v 28.116507 -0.782492 -15.564766
v 27.136305 0.160149 -13.394736
v 25.778835 0.469763 -14.217782
v 24.865973 2.399578 -17.896227
v 26.764557 1.846746 -19.177580
v 25.515421 2.166838 -18.905138
v 28.458464 2.166838 -14.092852
v 20.150961 -6.526840 -15.624405
v 23.619822 -7.590143 -11.625184
v 23.094006 -6.526838 -10.812119
v 22.213171 -5.536526 -10.885157
v 23.696098 -5.527155 -16.111456
v 22.447456 -4.948229 -17.001057
v 21.617168 -4.004925 -16.410614
v 21.939701 -3.371822 -14.954635
v 25.365742 -4.948229 -12.229252
v 25.142693 -5.527153 -13.746075
v 24.461866 -4.004925 -11.759133
v 23.312706 -3.371822 -12.709575
v 26.113621 -3.223495 -15.964901
v 24.659840 -3.051586 -17.890400
v 23.966322 -1.396414 -14.651678
v 25.396063 -1.659821 -12.831713
v 17.001566 -8.080582 -10.392253
v 15.636808 -8.786011 -12.255306
v 17.986521 -12.107605 -10.994620
v 19.102985 -11.749378 -8.865541
v 19.629795 -9.985086 -13.624632
v 18.457975 -9.184301 -14.561216
v 17.777117 -7.836615 -14.062160
v 18.334780 -6.854540 -12.749976
v 21.376265 -9.184298 -9.789414
v 21.076387 -9.985088 -11.259252
v 20.621815 -7.836611 -9.410679
v 19.707787 -6.854540 -10.504919
v 19.814684 -5.536530 -14.807017
v 22.536671 -7.834068 -13.777349
v 21.114300 -7.590143 -15.722061
v 20.968328 -5.042877 -12.818200
v 12.332818 -10.137671 -10.371832
v 13.858692 -9.397303 -8.470165
v 14.856370 -10.137671 -6.245470
v 15.039917 -12.609169 -5.814646
v 14.908649 -13.978481 -10.722312
v 13.914418 -12.701038 -11.768105
v 13.524866 -10.642876 -11.480533
v 14.342771 -9.251394 -10.326902
v 16.819876 -12.701042 -7.017277
v 16.341877 -13.978474 -8.378785
v 16.386406 -10.642876 -6.801515
v 15.732083 -9.251398 -8.055186
v 16.599878 -11.749374 -12.958468
v 15.786301 -10.240461 -12.955345
v 18.038275 -8.786009 -8.328573
v 18.729551 -10.240463 -8.142723
v 19.818619 13.243046 -8.258934
v 17.819853 9.509457 -7.607149
v 16.385920 13.243046 -13.871874
v 15.553994 15.360210 -12.970489
v 19.808300 15.349796 -8.822157
v 14.895098 9.509458 -12.389534
v 17.864819 10.302751 -10.920186
v 17.263395 16.105259 -10.552374
v 15.533122 11.543237 -13.307233
v 18.694592 15.906521 -9.479983
v 16.960796 15.906521 -12.314979
v 17.905855 9.685158 -9.112962
v 15.857513 14.376905 -13.620965
v 18.927458 11.543236 -7.757022
v 19.354528 14.376905 -7.902862
v 16.274742 9.685160 -11.780065
v 18.560188 12.837394 -7.284615
v 14.945268 12.837395 -13.195516
v 18.637199 15.360210 -7.929017
v 16.391605 8.665621 -10.019214
v 16.858681 8.342755 -6.838677
v 14.576674 15.476373 -12.573899
v 13.773113 8.342755 -11.884011
v 16.465448 16.441074 -10.064374
v 14.870964 7.963332 -11.005094
v 18.216864 14.286512 -7.012642
v 17.694138 10.589354 -6.821342
v 14.546744 14.286511 -13.013798
v 16.576441 7.963332 -8.216396
v 15.785920 16.005793 -11.693036
v 17.605686 16.005793 -8.717465
v 14.138305 10.589352 -12.635624
v 19.210802 10.988512 -8.614677
v 16.882593 15.349796 -13.606089
v 16.425688 10.988512 -13.168726
v 18.450277 16.058617 -11.278234
v 21.069271 13.548330 -9.216868
v 17.808445 13.548331 -14.548771
v 20.969343 15.325341 -9.699025
v 19.399355 11.442772 -11.858660
v 17.004091 12.390602 -14.022582
v 19.810942 15.873964 -10.260792
v 18.164461 15.873964 -12.953018
v 19.346972 11.087175 -10.079144
v 17.191496 14.466835 -14.239294
v 20.234407 12.390601 -8.740563
v 20.512705 14.466835 -8.808661
v 17.791378 11.087175 -12.622752
v 15.041864 -13.942017 -5.893848
v 14.349158 -15.735085 -7.180416
v 16.994522 16.512281 -8.611259
v 18.605959 11.607549 -13.078893
v 21.135155 14.492490 -9.286659
v 12.934017 -15.735085 -9.494369
v 20.935503 12.712353 -9.260359
v 17.900593 14.492490 -14.575626
v 12.104314 -13.942024 -10.697151
v 23.102755 15.230968 -12.431874
v 22.537479 11.855490 -12.172390
v 21.596844 15.230968 -14.894247
v 20.398125 12.756024 -15.795944
v 20.124134 11.607549 -10.596466
v 18.817133 15.836298 -13.303842
v 20.420589 15.836298 -10.681967
v 17.786219 12.712354 -14.409876
v 25.279364 12.919156 -17.082422
v 23.445164 11.185699 -17.533854
v 26.993910 12.239546 -13.219551
v 26.294579 11.185699 -12.874662
v 21.108320 11.855491 -14.509262
v 20.624516 14.156240 -16.020617
v 23.359320 12.756023 -10.953987
v 23.662458 14.156240 -11.053158
v 28.990543 7.566777 -14.446066
v 27.971029 7.171663 -13.905226
v 26.072258 7.566778 -19.217869
v 25.325420 6.789914 -17.025232
v 25.244759 10.423253 -13.888597
v 26.728354 12.919155 -14.713118
v 23.869478 10.423253 -16.137381
v 24.070784 12.239547 -17.999264
v 26.101755 1.991411 -19.235910
v 25.136585 2.421215 -16.909748
v 28.941401 1.782604 -16.069246
v 26.509590 2.421215 -14.664687
v 25.126331 7.171664 -18.556707
v 27.452505 7.793947 -18.408754
v 26.698425 6.789913 -14.780173
v 28.899099 7.793948 -16.043373
v 24.700991 -1.467695 -13.558605
v 25.360880 -3.198322 -17.129583
v 23.126183 -1.944191 -17.333481
v 26.980049 -2.719225 -13.216513
v 27.887606 2.312195 -13.854209
v 29.020044 1.991411 -14.464108
v 25.042906 2.312193 -18.505690
v 27.494808 1.782604 -18.434628
v 21.788528 -7.798342 -14.944846
v 19.828472 -5.989223 -15.316706
v 23.496925 -7.117523 -11.086345
v 22.673172 -5.989223 -10.665225
v 26.807474 -3.198322 -14.764203
v 23.327984 -1.467697 -15.803665
v 24.061764 -2.719225 -17.988316
v 25.970881 -1.944187 -12.682000
v 18.392361 -9.453682 -8.044848
v 16.130842 -11.081924 -13.136212
v 16.228561 -8.283218 -11.464169
v 18.689177 -12.051125 -9.801185
v 21.642050 -5.186893 -11.687854
v 23.235123 -7.798342 -12.579466
v 20.269039 -5.186893 -13.932909
v 20.578638 -7.117521 -15.858146
v 12.047495 -11.256626 -10.682971
v 13.046047 -9.553537 -9.583347
v 14.479408 -9.553537 -7.239606
v 15.003355 -11.256626 -5.849729
v 19.047527 -11.081921 -8.367032
v 15.545556 -9.453682 -12.699772
v 17.244255 -12.051125 -12.163834
v 17.603607 -8.283213 -9.215777
v 14.778607 11.030041 -12.943564
v 18.103498 15.932199 -9.066443
v 16.323374 15.932199 -11.977199
v 17.190214 8.803333 -8.630278
v 15.150800 14.326929 -13.293559
v 18.259975 11.030042 -7.251040
v 18.741102 14.326929 -7.422911
v 15.519023 8.803333 -11.362910
v 14.418915 7.298669 -10.766312
v 17.908236 14.279749 -6.680299
v 17.353745 10.350909 -6.475902
v 14.110291 14.279749 -12.890472
v 16.157932 7.298670 -7.922773
v 15.458115 16.196316 -11.536462
v 17.316959 16.196316 -8.496988
v 13.675718 10.350910 -12.489988
v 16.276237 12.000049 -13.667574
v 19.264883 15.889889 -9.878863
v 17.575691 15.889889 -12.640923
v 18.625738 10.448255 -9.596560
v 16.538637 14.423843 -13.936629
v 19.586786 12.000050 -8.254371
v 19.945841 14.423842 -8.365379
v 17.033205 10.448254 -12.200576
vt 0.000000 0.000000
vt 0.000000 0.000000
vt 0.000000 0.000000
vt 0.000000 0.000000
vt 0.000000 0.000000
vt 0.000000 0.000000
vt 0.000000 0.000000
vt 0.000000 0.000000
vt 0.000000 0.000000
vt 0.000000 0.000000
vt 0.000000 0.000000
vt 0.000000 0.000000
vt 0.000000 0.000000
vt 0.000000 0.000000
vt 0.000000 0.000000
vt 0.000000 0.000000
vt 0.000000 0.000000
vt 0.000000 0.000000
vt 0.000000 0.000000
vt 0.000000 0.000000
vt 0.000000 0.000000
vt 0.000000 0.000000
vt 0.000000 0.000000
vt 0.000000 0.000000
vt 0.000000 0.000000
vt 0.000000 0.000000
vt 0.000000 0.000000
vt 0.000000 0.000000
vt 0.000000 0.000000
vt 0.000000 0.000000
vt 0.000000 0.000000
vt 0.000000 0.000000
vt 0.000000 0.000000
vt 0.000000 0.000000
vt 0.000000 0.000000
vt 0.000000 0.000000
vt 0.000000 0.000000
vt 0.000000 0.000000
vt 0.000000 0.000000
vt 0.000000 0.000000
vt 0.000000 0.000000
vt 0.000000 0.000000
vt 0.000000 0.000000
vt 0.000000 0.000000
vt 0.000000 0.000000
vt 0.000000 0.000000
vt 0.000000 0.000000
vt 0.000000 0.000000
vt 0.000000 0.000000
vt 0.000000 0.000000
vt 0.000000 0.000000
vt 0.000000 0.000000
vt 0.000000 0.000000
vt 0.000000 0.000000
vt 0.000000 0.000000
vt 0.000000 0.000000
vt 0.000000 0.000000
vt 0.000000 0.000000
vt 0.000000 0.000000
vt 0.000000 0.000000
vt 0.000000 0.000000
vt 0.000000 0.000000
vt 0.000000 0.000000
vt 0.000000 0.000000
vt 0.000000 0.000000
vt 0.000000 0.000000
vt 0.000000 0.000000
vt 0.000000 0.000000
vt 0.000000 0.000000
vt 0.000000 0.000000
vt 0.000000 0.000000
vt 0.000000 0.000000
vt 0.000000 0.000000
vt 0.000000 0.000000
vt 0.000000 0.000000
vt 0.000000 0.000000
vt 0.000000 0.000000
vt 0.000000 0.000000
vt 0.000000 0.000000
vt 0.000000 0.000000
vt 0.000000 0.000000
vt 0.000000 0.000000
vt 0.000000 0.000000
vt 0.000000 0.000000
vt 0.000000 0.000000
vt 0.000000 0.000000
vt 0.000000 0.000000
vt 0.000000 0.000000
vt 0.000000 0.000000
vt 0.000000 0.000000
vt 0.000000 0.000000
vt 0.000000 0.000000
vt 0.000000 0.000000
vt 0.000000 0.000000
vt 0.000000 0.000000
vt 0.000000 0.000000
vt 0.000000 0.000000
vt 0.000000 0.000000
vt 0.000000 0.000000
vt 0.000000 0.000000
vt 0.000000 0.000000
vt 0.000000 0.000000
vt 0.000000 0.000000
vt 0.000000 0.000000
vt 0.000000 0.000000
vt 0.000000 0.000000
vt 0.000000 0.000000
vt 0.000000 0.000000
vt 0.000000 0.000000
vt 0.000000 0.000000
vt 0.000000 0.000000
vt 0.000000 0.000000
vt 0.000000 0.000000
vt 0.000000 0.000000
vt 0.000000 0.000000
vt 0.000000 0.000000
vt 0.000000 0.000000
vt 0.000000 0.000000
vt 0.000000 0.000000
vt 0.000000 0.000000
vt 0.000000 0.000000
vt 0.000000 0.000000
vt 0.000000 0.000000
vt 0.000000 0.000000
vt 0.000000 0.000000
vt 0.000000 0.000000
vt 0.000000 0.000000
vt 0.000000 0.000000
vt 0.000000 0.000000
vt 0.000000 0.000000
vt 0.000000 0.000000
vt 0.000000 0.000000
vt 0.000000 0.000000
vt 0.000000 0.000000
vt 0.000000 0.000000
vt 0.000000 0.000000
vt 0.000000 0.000000
vt 0.000000 0.000000
vt 0.000000 0.000000
vt 0.000000 0.000000
vt 0.000000 0.000000
vt 0.000000 0.000000
vt 0.000000 0.000000
vt 0.000000 0.000000
vt 0.000000 0.000000
vt 0.000000 0.000000
vt 0.000000 0.000000
vt 0.000000 0.000000
vt 0.000000 0.000000
vt 0.000000 0.000000
vt 0.000000 0.000000
vt 0.000000 0.000000
vt 0.000000 0.000000
vt 0.000000 0.000000
vt 0.000000 0.000000
vt 0.000000 0.000000
vt 0.000000 0.000000
vt 0.000000 0.000000
vt 0.000000 0.000000
vt 0.000000 0.000000
vt 0.000000 0.000000
vt 0.000000 0.000000
vt 0.000000 0.000000
vt 0.000000 0.000000
vt 0.000000 0.000000
vt 0.000000 0.000000
vt 0.000000 0.000000
vt 0.000000 0.000000
vt 0.000000 0.000000
vt 0.000000 0.000000
vt 0.000000 0.000000
vt 0.000000 0.000000
vt 0.000000 0.000000
vt 0.000000 0.000000
vt 0.000000 0.000000
vt 0.000000 0.000000
vt 0.000000 0.000000
vt 0.000000 0.000000
vt 0.000000 0.000000
vt 0.000000 0.000000
vt 0.000000 0.000000
vt 0.000000 0.000000
vt 0.000000 0.000000
vt 0.000000 0.000000
vt 0.000000 0.000000
vt 0.000000 0.000000
vt 0.000000 0.000000
vt 0.000000 0.000000
vt 0.000000 0.000000
vt 0.000000 0.000000
vt 0.000000 0.000000
vt 0.000000 0.000000
vt 0.000000 0.000000
vt 0.000000 0.000000
vt 0.000000 0.000000
vt 0.000000 0.000000
vt 0.000000 0.000000
vt 0.000000 0.000000
vt 0.000000 0.000000
vt 0.000000 0.000000
vt 0.000000 0.000000
vt 0.000000 0.000000
vt 0.000000 0.000000
vt 0.000000 0.000000
vt 0.000000 0.000000
vt 0.000000 0.000000
vt 0.000000 0.000000
vt 0.000000 0.000000
vt 0.000000 0.000000
vt 0.000000 0.000000
vt 0.000000 0.000000
vt 0.000000 0.000000
vt 0.000000 0.000000
vt 0.000000 0.000000
vt 0.000000 0.000000
vt 0.000000 0.000000
vt 0.000000 0.000000
vt 0.000000 0.000000
vt 0.000000 0.000000
vt 0.000000 0.000000
vt 0.000000 0.000000
vt 0.000000 0.000000
vt 0.000000 0.000000
vt 0.000000 0.000000
vt 0.000000 0.000000
vt 0.000000 0.000000
vt 0.000000 0.000000
vt 0.000000 0.000000
vt 0.000000 0.000000
vt 0.000000 0.000000
vt 0.000000 0.000000
vt 0.000000 0.000000
vt 0.000000 0.000000
vt 0.000000 0.000000
vt 0.000000 0.000000
vt 0.000000 0.000000
vt 0.000000 0.000000
vt 0.000000 0.000000
vt 0.000000 0.000000
vt 0.000000 0.000000
vt 0.000000 0.000000
vt 0.000000 0.000000
vt 0.000000 0.000000
vt 0.000000 0.000000
vt 0.000000 0.000000
vt 0.000000 0.000000
vt 0.000000 0.000000
vt 0.000000 0.000000
vt 0.000000 0.000000
vt 0.000000 0.000000
vt 0.000000 0.000000
vt 0.000000 0.000000
vt 0.000000 0.000000
vt 0.000000 0.000000
vt 0.000000 0.000000
vt 0.000000 0.000000
vt 0.000000 0.000000
vt 0.000000 0.000000
vt 0.000000 0.000000
vt 0.000000 0.000000
vt 0.000000 0.000000
vt 0.000000 0.000000
vt 0.000000 0.000000
vt 0.000000 0.000000
vt 0.000000 0.000000
vt 0.000000 0.000000
vt 0.000000 0.000000
vt 0.000000 0.000000
vt 0.000000 0.000000
vt 0.000000 0.000000
vt 0.000000 0.000000
vt 0.000000 0.000000
vt 0.000000 0.000000
vt 0.000000 0.000000
vt 0.000000 0.000000
vt 0.000000 0.000000
vt 0.000000 0.000000
vt 0.000000 0.000000
vt 0.000000 0.000000
vt 0.000000 0.000000
vt 0.000000 0.000000
vt 0.000000 0.000000
vt 0.000000 0.000000
vt 0.000000 0.000000
vt 0.000000 0.000000
vt 0.000000 0.000000
vt 0.000000 0.000000
vt 0.000000 0.000000
vt 0.000000 0.000000
vt 0.000000 0.000000
vt 0.000000 0.000000
vt 0.000000 0.000000
vt 0.000000 0.000000
vt 0.000000 0.000000
vt 0.000000 0.000000
vt 0.000000 0.000000
vt 0.000000 0.000000
vt 0.000000 0.000000
vt 0.000000 0.000000
vt 0.000000 0.000000
vt 0.000000 0.000000
vt 0.000000 0.000000
vt 0.000000 0.000000
vt 0.000000 0.000000
vt 0.000000 0.000000
vt 0.000000 0.000000
vt 0.000000 0.000000
vt 0.000000 0.000000
vt 0.000000 0.000000
vt 0.000000 0.000000
vt 0.000000 0.000000
vt 0.000000 0.000000
vt 0.000000 0.000000
vt 0.000000 0.000000
vt 0.000000 0.000000
vt 0.000000 0.000000
vt 0.000000 0.000000
vt 0.000000 0.000000
vt 0.000000 0.000000
vt 0.000000 0.000000
vt 0.000000 0.000000
vt 0.000000 0.000000
vt 0.000000 0.000000
vt 0.000000 0.000000
vt 0.000000 0.000000
vt 0.000000 0.000000
vt 0.000000 0.000000
vt 0.000000 0.000000
vt 0.000000 0.000000
vt 0.000000 0.000000
vt 0.000000 0.000000
vt 0.000000 0.000000
vt 0.000000 0.000000
vt 0.000000 0.000000
vt 0.000000 0.000000
vt 0.000000 0.000000
vt 0.000000 0.000000
vt 0.000000 0.000000
vt 0.000000 0.000000
vt 0.000000 0.000000
vt 0.000000 0.000000
vt 0.000000 0.000000
vt 0.000000 0.000000
vt 0.000000 0.000000
vt 0.000000 0.000000
vt 0.000000 0.000000
vt 0.000000 0.000000
vt 0.000000 0.000000
vt 0.000000 0.000000
vt 0.000000 0.000000
vt 0.000000 0.000000
vt 0.000000 0.000000
vt 0.000000 0.000000
vt 0.000000 0.000000
vt 0.000000 0.000000
vt 0.000000 0.000000
vt 0.000000 0.000000
vt 0.000000 0.000000
vt 0.000000 0.000000
vt 0.000000 0.000000
vt 0.000000 0.000000
vt 0.000000 0.000000
vt 0.000000 0.000000
vt 0.000000 0.000000
vt 0.000000 0.000000
vt 0.000000 0.000000
vt 0.000000 0.000000
vt 0.000000 0.000000
vt 0.000000 0.000000
vt 0.000000 0.000000
vt 0.000000 0.000000
vt 0.000000 0.000000
vt 0.000000 0.000000
vt 0.000000 0.000000
vt 0.000000 0.000000
vt 0.000000 0.000000
vt 0.000000 0.000000
vt 0.000000 0.000000
vt 0.000000 0.000000
vt 0.000000 0.000000
vt 0.000000 0.000000
vt 0.000000 0.000000
vt 0.000000 0.000000
vt 0.000000 0.000000
vt 0.000000 0.000000
vt 0.000000 0.000000
vt 0.000000 0.000000
vt 0.000000 0.000000
vt 0.000000 0.000000
vt 0.000000 0.000000
vt 0.000000 0.000000
vt 0.000000 0.000000
vt 0.000000 0.000000
vt 0.000000 0.000000
vt 0.000000 0.000000
vt 0.000000 0.000000
vt 0.000000 0.000000
vt 0.000000 0.000000
vt 0.000000 0.000000
vt 0.000000 0.000000
vn 0.7061 -0.6018 0.3730
vn 0.6237 -0.2094 0.7531
vn 0.7125 -0.2026 0.6717
vn 0.7664 -0.5416 0.3452
vn 0.5306 0.0165 0.8474
vn 0.6697 -0.0159 0.7425
vn 0.7633 -0.0435 0.6445
vn 0.7838 -0.2301 0.5768
vn 0.7940 -0.5577 0.2420
vn 0.5095 -0.8020 -0.3116
vn 0.6095 -0.7875 -0.0911
vn 0.6760 -0.7332 -0.0735
vn 0.5559 -0.7585 -0.3399
vn 0.7053 -0.7025 -0.0954
vn 0.5834 -0.7296 -0.3568
vn 0.7732 0.4225 -0.4729
vn 0.6454 0.6540 -0.3947
vn 0.4440 0.6553 -0.6111
vn 0.6518 0.4261 -0.6273
vn 0.8554 0.4261 -0.2944
vn 0.7463 0.6553 -0.1169
vn 0.4613 -0.8412 -0.2821
vn 0.3306 -0.8160 -0.4742
vn 0.1782 -0.9003 -0.3970
vn 0.3113 -0.9310 -0.1903
vn 0.0542 -0.6662 -0.7437
vn -0.0602 -0.7353 -0.6750
vn -0.2280 -0.7953 -0.5616
vn -0.0412 -0.9620 -0.2700
vn 0.0884 -0.9946 -0.0541
vn 0.4249 0.7190 0.5500
vn 0.5883 0.2362 0.7733
vn 0.5819 0.2500 0.7738
vn 0.4401 0.7268 0.5273
vn 0.6203 -0.0579 0.7822
vn 0.6011 -0.0577 0.7971
vn 0.5743 -0.0613 0.8163
vn 0.5786 0.2586 0.7735
vn 0.4689 0.7338 0.4916
vn -0.0103 -0.6018 -0.7985
vn 0.3587 -0.7875 -0.5011
vn 0.3734 -0.7332 -0.5682
vn 0.0419 -0.5416 -0.8395
vn 0.4062 -0.7025 -0.5843
vn 0.1462 -0.5577 -0.8170
vn 0.6779 -0.3247 0.6595
vn 0.6232 -0.3561 0.6963
vn 0.6867 -0.6662 0.2906
vn 0.5734 -0.7353 0.3611
vn 0.3961 -0.7953 0.4588
vn 0.5416 -0.3922 0.7435
vn -0.4136 -0.0579 -0.9086
vn -0.4204 0.2362 -0.8760
vn -0.4237 0.2500 -0.8706
vn -0.4357 -0.0577 -0.8983
vn -0.2960 0.7190 -0.6288
vn -0.2688 0.7268 -0.6320
vn -0.2240 0.7338 -0.6414
vn -0.4250 0.2586 -0.8675
vn -0.4650 -0.0613 -0.8831
vn -0.5126 0.0165 -0.8584
vn -0.3863 -0.2094 -0.8983
vn -0.2733 -0.2026 -0.9403
vn -0.3558 -0.0159 -0.9344
vn -0.1564 -0.2301 -0.9605
vn -0.2260 -0.0435 -0.9731
vn 0.2875 0.4225 -0.8595
vn 0.5374 0.1955 -0.8203
vn 0.1586 0.9825 -0.0970
vn 0.2763 0.9541 0.1152
vn 0.3484 0.9368 0.0322
vn 0.2506 0.9559 -0.1533
vn 0.5203 0.7406 0.4250
vn 0.6348 0.7068 0.3121
vn 0.4883 0.8673 -0.0961
vn 0.4082 0.8781 -0.2496
vn 0.2216 -0.9620 0.1597
vn 0.0139 -0.9587 0.2840
vn 0.2196 -0.8060 0.5496
vn -0.1249 -0.9892 0.0764
vn -0.3533 -0.9102 0.2160
vn -0.2110 -0.8847 0.4157
vn 0.0271 -0.7500 0.6609
vn 0.0233 0.9541 -0.2984
vn 0.1300 0.9368 -0.3248
vn -0.1413 0.7406 -0.6568
vn 0.3080 0.8673 -0.3909
vn 0.0114 0.7068 -0.7073
vn -0.4152 -0.3922 -0.8208
vn -0.4969 -0.4082 -0.7657
vn -0.3892 -0.8060 -0.4458
vn -0.4907 -0.0639 -0.8690
vn -0.5179 -0.0574 -0.8535
vn -0.5972 -0.3799 -0.7064
vn -0.5760 -0.7500 -0.3252
vn 0.5727 -0.8160 -0.0783
vn 0.4346 -0.9003 0.0222
vn -0.0952 0.9631 -0.2515
vn -0.0493 0.9606 -0.2736
vn 0.0359 0.9991 -0.0219
vn 0.0866 0.9948 -0.0529
vn 0.1805 0.9631 0.1993
vn 0.2211 0.9606 0.1685
vn -0.2782 -0.3247 -0.9039
vn -0.3359 -0.3561 -0.8719
vn 0.5214 0.6966 -0.4927
vn 0.1999 0.5799 -0.7897
vn 0.6071 0.7025 -0.3713
vn 0.7599 0.4545 -0.4647
vn 0.6814 0.4513 -0.5761
vn 0.3444 0.3804 -0.8583
vn -0.7102 -0.3053 -0.6344
vn -0.7826 -0.5966 -0.1778
vn -0.5441 -0.0432 -0.8379
vn -0.5621 -0.0278 -0.8266
vn -0.7986 -0.2011 -0.5672
vn -0.9257 -0.3746 -0.0510
vn 0.6313 0.2675 0.7279
vn 0.6963 0.2279 0.6806
vn 0.7941 0.5799 0.1818
vn 0.5238 -0.0575 0.8499
vn 0.4980 -0.0432 0.8661
vn 0.4797 -0.0278 0.8770
vn 0.7507 0.1517 0.6430
vn 0.9210 0.3804 0.0844
vn 0.3567 -0.3799 0.8535
vn 0.2412 -0.3053 0.9212
vn -0.1983 -0.5966 0.7776
vn -0.3764 -0.3746 0.8473
vn 0.1411 -0.2011 0.9693
vn -0.2464 -0.9587 -0.1418
vn -0.4662 -0.8847 -0.0016
vn -0.4086 0.2684 -0.8723
vn -0.3603 0.2675 -0.8936
vn 0.4552 -0.4082 0.7913
vn 0.5499 -0.0639 0.8327
vn 0.5904 0.2684 0.7612
vn 0.7757 0.0742 0.6267
vn 0.9820 0.1851 0.0384
vn 0.4717 -0.0132 0.8816
vn 0.4738 0.0006 0.8806
vn 0.7833 0.0009 0.6216
vn 0.9996 0.0016 0.0261
vn 0.0932 -0.0934 0.9912
vn -0.4555 -0.1637 0.8750
vn -0.4588 0.0355 0.8878
vn 0.1020 0.0098 0.9947
vn -0.2304 0.1517 -0.9612
vn -0.2045 0.0742 -0.9760
vn -0.5700 -0.0132 -0.8215
vn 0.4131 0.1851 -0.8916
vn 0.4322 0.0016 -0.9018
vn -0.1964 0.0009 -0.9805
vn -0.5681 0.0006 -0.8230
vn -0.7702 -0.4299 0.4711
vn -0.8568 -0.4244 0.2929
vn -0.9184 -0.1773 0.3538
vn -0.8397 -0.1768 0.5135
vn -0.9865 -0.1637 0.0069
vn -0.9994 0.0355 0.0039
vn -0.9284 0.0543 0.3675
vn -0.8516 0.0593 0.5208
vn -0.4651 -0.6941 0.5494
vn -0.6009 -0.7098 0.3675
vn -0.6511 -0.4244 0.6292
vn 0.6761 0.6966 -0.2397
vn 0.8233 0.4513 -0.3441
vn -0.7010 -0.6941 0.1637
vn -0.2886 0.2279 -0.9299
vn -0.2071 -0.0797 -0.9750
vn -0.5628 0.0128 -0.8265
vn 0.4090 -0.1963 -0.8911
vn 0.3477 -0.3731 -0.8601
vn -0.2366 -0.1501 -0.9599
vn -0.5586 0.0226 -0.8291
vn -0.8933 0.2868 0.3460
vn -0.8152 0.2946 0.4986
vn -0.9712 0.2358 -0.0341
vn -0.9151 0.3952 -0.0797
vn -0.8293 0.4682 0.3049
vn -0.7501 0.4763 0.4587
vn 0.8531 0.0023 -0.5217
vn 0.9138 0.0022 -0.4061
vn 0.8909 -0.2320 -0.3905
vn 0.8295 -0.2337 -0.5073
vn 0.9796 -0.1963 0.0419
vn 0.9241 -0.3731 0.0823
vn 0.8258 -0.4430 -0.3489
vn 0.7632 -0.4467 -0.4668
vn -0.7501 0.0543 0.6590
vn -0.7150 0.2868 0.6376
vn -0.4121 0.2358 0.8801
vn -0.6493 0.4682 0.5993
vn -0.3459 0.3952 0.8509
vn -0.8399 -0.0934 -0.5346
vn -0.8390 0.0098 -0.5439
vn 0.7566 0.2187 -0.6162
vn 0.8321 0.2202 -0.5089
vn 0.7778 0.0022 -0.6284
vn -0.7333 -0.1773 0.6563
vn 0.8932 0.2187 -0.3928
vn -0.5816 0.5899 0.5600
vn -0.2857 0.5025 0.8160
vn -0.6834 0.5985 0.4180
vn -0.6163 0.6914 0.3769
vn -0.5123 0.6807 0.5235
vn -0.2257 0.5779 0.7843
vn 0.6868 -0.4430 -0.5762
vn 0.6116 -0.5853 -0.5323
vn 0.2782 -0.4904 -0.8259
vn 0.6886 -0.5904 -0.4211
vn 0.6315 -0.6723 -0.3862
vn 0.5525 -0.6664 -0.5006
vn 0.2205 -0.5546 -0.8023
vn -0.7814 0.1860 -0.5956
vn -0.7527 0.2412 -0.6125
vn -0.8566 0.5025 -0.1174
vn -0.5558 0.0303 -0.8307
vn -0.5529 0.0355 -0.8325
vn -0.7256 0.2778 -0.6295
vn -0.8010 0.5779 -0.1564
vn 0.7467 -0.1501 0.6479
vn 0.7171 -0.1933 0.6696
vn 0.8619 -0.4904 0.1285
vn 0.4835 0.0226 0.8750
vn 0.4863 0.0303 0.8733
vn 0.4891 0.0355 0.8715
vn 0.6935 -0.2138 0.6879
vn 0.8147 -0.5546 0.1692
vn 0.1378 0.1078 0.9846
vn 0.4794 0.0128 0.8775
vn 0.1742 0.1860 0.9669
vn 0.7736 -0.0797 0.6286
vn -0.8137 0.1078 -0.5712
vn 0.7535 -0.2320 -0.6152
vn 0.5004 -0.7226 -0.4768
vn 0.1665 -0.5952 -0.7861
vn 0.5835 -0.7294 -0.3569
vn 0.5332 -0.7805 -0.3261
vn 0.4426 -0.7723 -0.4555
vn 0.1036 -0.6253 -0.7734
vn -0.6942 0.2958 -0.6562
vn -0.7463 0.6309 -0.2122
vn -0.5484 0.0373 -0.8354
vn -0.5428 0.0365 -0.8390
vn -0.6590 0.2977 -0.6906
vn -0.6911 0.6641 -0.2853
vn 0.6728 -0.2239 0.7051
vn 0.7757 -0.5952 0.2099
vn 0.4938 0.0373 0.8688
vn 0.4996 0.0365 0.8655
vn 0.6500 -0.2268 0.7253
vn 0.7357 -0.6253 0.2601
vn 0.2297 0.2778 0.9327
vn 0.2679 0.2958 0.9169
vn -0.1511 0.6309 0.7610
vn -0.0609 0.6641 0.7452
vn 0.3146 0.2977 0.9013
vn 0.7525 -0.5853 -0.3019
vn 0.6973 -0.6664 -0.2638
vn -0.7635 0.5899 0.2626
vn -0.6995 0.6807 0.2176
vn -0.2694 -0.1933 -0.9434
vn -0.2964 -0.2138 -0.9308
vn 0.2023 0.2412 0.9491
vn 0.3656 0.2827 0.8868
vn 0.5069 0.0308 0.8614
vn 0.0397 0.6775 0.7344
vn 0.1942 0.6745 0.7122
vn 0.4465 0.2441 0.8608
vn -0.3496 -0.2268 -0.9090
vn -0.3773 -0.2205 -0.8994
vn -0.5359 0.0308 -0.8437
vn 0.0389 -0.6309 -0.7748
vn -0.4697 0.8347 0.2873
vn -0.5709 0.8152 0.0972
vn -0.5040 0.8633 0.0247
vn -0.3903 0.8892 0.2387
vn -0.6356 0.6775 -0.3699
vn -0.5456 0.6745 -0.4973
vn -0.3956 0.9149 -0.0795
vn -0.2703 0.9485 0.1653
vn 0.6072 -0.7723 -0.1865
vn 0.5842 -0.7992 -0.1409
vn 0.5011 -0.8093 -0.3065
vn 0.7074 -0.6309 0.3184
vn -0.4345 0.7547 0.4916
vn -0.5453 0.7690 0.3335
vn -0.3466 0.8152 0.4639
vn 0.6524 -0.7226 -0.2283
vn -0.6355 0.7547 0.1628
vn -0.3211 -0.2239 -0.9202
vn -0.5629 0.2441 -0.7896
vn -0.3314 0.1539 -0.9308
vn -0.2157 0.5968 -0.7728
vn -0.1614 0.0775 -0.9838
vn 0.0196 0.4672 -0.8839
vn -0.0452 0.9388 -0.3415
vn 0.0802 0.9955 -0.0490
vn 0.2328 0.8348 -0.4989
vn 0.3540 0.9098 -0.2165
vn -0.1094 0.9149 0.3884
vn 0.2834 0.9388 0.1959
vn 0.5897 0.5968 0.5441
vn 0.5502 0.8348 0.0200
vn 0.7958 0.4672 0.3853
vn 0.6776 0.1539 0.7191
vn 0.8022 0.0775 0.5919
vn 0.6288 -0.2205 0.7456
vn -0.6228 0.2827 -0.7295
vn 0.3916 -0.7992 -0.4559
vn -0.2517 0.8633 0.4374
vn 0.1422 -0.4832 -0.8638
vn -0.2201 -0.2147 -0.9515
vn -0.2732 -0.2279 -0.9345
vn 0.1120 -0.5202 -0.8466
vn -0.3362 -0.0564 -0.9401
vn -0.4063 -0.0476 -0.9125
vn -0.4063 -0.0516 -0.9123
vn -0.2653 -0.2572 -0.9292
vn 0.1133 -0.5623 -0.8191
vn 0.2920 0.9396 -0.1786
vn 0.4107 0.9064 0.0983
vn 0.2171 0.9583 0.1859
vn 0.0788 0.9957 -0.0482
vn 0.5798 0.6460 0.4964
vn 0.4506 0.6959 0.5591
vn 0.4289 0.7081 0.5609
vn 0.1749 0.9635 0.2026
vn 0.0295 0.9994 -0.0181
vn -0.1778 0.6460 -0.7423
vn 0.0996 0.9064 -0.4104
vn -0.0666 0.9583 -0.2779
vn -0.2925 0.6959 -0.6558
vn -0.1007 0.9635 -0.2480
vn -0.3039 0.7081 -0.6374
vn 0.8338 -0.4832 0.2669
vn 0.7690 -0.6148 -0.1748
vn 0.7291 -0.6627 -0.1710
vn 0.8047 -0.5202 0.2860
vn 0.6697 -0.6194 -0.4096
vn 0.6290 -0.6755 -0.3847
vn 0.5881 -0.7244 -0.3597
vn 0.6898 -0.7065 -0.1581
vn 0.7808 -0.5623 0.2723
vn -0.3356 0.1801 -0.9246
vn -0.4182 0.2085 -0.8841
vn -0.4198 0.2175 -0.8811
vn 0.6837 -0.0564 0.7276
vn 0.7468 -0.2147 0.6294
vn 0.7074 -0.2279 0.6690
vn 0.6271 -0.0476 0.7774
vn 0.7063 -0.2572 0.6595
vn 0.6270 -0.0516 0.7773
vn 0.6702 0.1801 0.7200
vn 0.5965 0.2085 0.7751
vn 0.5931 0.2175 0.7752
vn 0.5060 -0.6148 -0.6050
vn 0.4844 -0.6627 -0.5711
vn 0.4550 -0.7065 -0.5420
vn 0.7669 -0.4379 -0.4690
vn 0.6516 -0.4356 -0.6209
vn 0.5906 -0.5025 -0.6314
vn 0.7345 -0.5085 -0.4492
vn 0.4922 -0.3400 -0.8013
vn 0.3900 -0.4097 -0.8246
vn 0.9751 0.1955 -0.1046
vn 0.9980 -0.0631 0.0076
vn 0.9429 0.0358 0.3312
vn 0.8961 0.4225 0.1357
vn 0.9893 -0.1373 0.0481
vn 0.9190 -0.1115 0.3781
vn 0.9811 -0.1893 0.0385
vn 0.9257 -0.2240 0.3046
vn 0.9375 -0.3400 -0.0731
vn 0.9117 -0.4097 0.0285
vn 0.4079 -0.1373 -0.9026
vn 0.4479 -0.0631 -0.8918
vn 0.1347 0.0358 -0.9902
vn 0.0820 -0.1115 -0.9904
vn 0.8496 -0.4356 -0.2972
vn 0.8311 -0.5025 -0.2381
vn 0.4126 -0.1893 -0.8910
vn 0.1506 -0.2240 -0.9629
vn -0.2643 -0.2909 -0.9195
vn 0.0956 -0.6119 -0.7851
vn -0.4075 -0.0556 -0.9115
vn 0.1703 0.9637 0.2055
vn 0.0237 0.9996 -0.0145
vn 0.4240 0.7133 0.5580
vn -0.1053 0.9637 -0.2452
vn -0.3036 0.7133 -0.6316
vn 0.6404 -0.7574 -0.1273
vn 0.7425 -0.6119 0.2725
vn 0.5354 -0.7786 -0.3274
vn -0.4198 0.2258 -0.8791
vn 0.6981 -0.2909 0.6542
vn 0.6258 -0.0556 0.7780
vn 0.5913 0.2258 0.7742
vn 0.4051 -0.7574 -0.5120
s 1
f 757/694/482 926/695/483 982/696/484 784/697/485
f 926/695/483 754/698/486 921/699/487 982/696/484
f 982/696/484 921/699/487 686/700/488 791/701/489
f 784/697/485 982/696/484 791/701/489 687/702/490
f 751/703/491 927/704/492 983/705/493 785/706/494
f 927/704/492 757/694/482 784/697/485 983/705/493
f 983/705/493 784/697/485 687/702/490 792/707/495
f 785/706/494 983/705/493 792/707/495 680/708/496
f 679/709/497 957/710/498 1068/711/499 795/712/500
f 679/709/497 984/713/501 1069/714/502 957/710/498
f 782/715/503 981/716/504 985/717/505 973/718/506
f 981/716/504 777/719/507 819/720/508 985/717/505
f 985/717/505 819/720/508 700/721/509 813/722/510
f 973/718/506 985/717/505 813/722/510 696/723/511
f 781/724/512 980/725/513 986/726/514 972/727/515
f 980/725/513 779/728/516 970/729/517 986/726/514
f 986/726/514 970/729/517 698/730/518 814/731/519
f 972/727/515 986/726/514 814/731/519 701/732/520
f 755/733/521 922/734/522 987/735/523 788/736/524
f 922/734/522 751/703/491 785/706/494 987/735/523
f 987/735/523 785/706/494 680/708/496 794/737/525
f 788/736/524 987/735/523 794/737/525 688/738/526
f 779/728/516 979/739/527 988/740/528 970/729/517
f 979/739/527 775/741/529 786/742/530 988/740/528
f 988/740/528 786/742/530 702/743/531 816/744/532
f 970/729/517 988/740/528 816/744/532 698/730/518
f 780/745/533 978/746/534 989/747/535 971/748/536
f 978/746/534 776/749/537 789/750/538 989/747/535
f 989/747/535 789/750/538 699/751/539 811/752/540
f 971/748/536 989/747/535 811/752/540 697/753/541
f 753/754/542 923/755/543 990/756/544 790/757/545
f 923/755/543 755/733/521 788/736/524 990/756/544
f 990/756/544 788/736/524 688/738/526 793/758/546
f 790/757/545 990/756/544 793/758/546 684/759/547
f 795/712/500 1068/711/499 955/760/548 689/761/549
f 695/762/550 815/763/551 991/764/552 807/765/553
f 815/763/551 701/732/520 836/766/554 991/764/552
f 991/764/552 836/766/554 709/767/555 831/768/556
f 807/765/553 991/764/552 831/768/556 703/769/557
f 702/743/531 817/770/558 992/771/559 835/772/560
f 817/770/558 696/723/511 834/773/561 992/771/559
f 992/771/559 834/773/561 704/774/562 833/775/563
f 835/772/560 992/771/559 833/775/563 710/776/564
f 699/751/539 810/777/565 993/778/566 806/779/567
f 810/777/565 695/762/550 807/765/553 993/778/566
f 993/778/566 807/765/553 703/769/557 826/780/568
f 806/779/567 993/778/566 826/780/568 707/781/569
f 700/721/509 812/782/570 994/783/571 808/784/572
f 812/782/570 697/753/541 809/785/573 994/783/571
f 994/783/571 809/785/573 705/786/574 828/787/575
f 808/784/572 994/783/571 828/787/575 708/788/576
f 775/741/529 977/789/577 995/790/578 786/742/530
f 977/789/577 782/715/503 973/718/506 995/790/578
f 995/790/578 973/718/506 696/723/511 817/770/558
f 786/742/530 995/790/578 817/770/558 702/743/531
f 776/749/537 976/791/579 996/792/580 789/750/538
f 976/791/579 778/793/581 821/794/582 996/792/580
f 996/792/580 821/794/582 695/762/550 810/777/565
f 789/750/538 996/792/580 810/777/565 699/751/539
f 778/793/581 975/795/583 997/796/584 821/794/582
f 975/795/583 781/724/512 972/727/515 997/796/584
f 997/796/584 972/727/515 701/732/520 815/763/551
f 821/794/582 997/796/584 815/763/551 695/762/550
f 777/719/507 974/797/585 998/798/586 819/720/508
f 974/797/585 780/745/533 971/748/536 998/798/586
f 998/798/586 971/748/536 697/753/541 812/782/570
f 819/720/508 998/798/586 812/782/570 700/721/509
f 707/781/569 826/780/568 999/799/587 852/800/588
f 826/780/568 703/769/557 851/801/589 999/799/587
f 999/799/587 851/801/589 711/802/590 842/803/591
f 852/800/588 999/799/587 842/803/591 715/804/592
f 708/788/576 828/787/575 1000/805/593 850/806/594
f 828/787/575 705/786/574 822/807/595 1000/805/593
f 1000/805/593 822/807/595 713/808/596 844/809/597
f 850/806/594 1000/805/593 844/809/597 716/810/598
f 709/767/555 830/811/599 1001/812/600 823/813/601
f 830/811/599 706/814/602 824/815/603 1001/812/600
f 1001/812/600 824/815/603 714/816/604 846/817/605
f 823/813/601 1001/812/600 846/817/605 717/818/606
f 706/814/602 832/819/607 1002/820/608 824/815/603
f 832/819/607 710/776/564 825/821/609 1002/820/608
f 1002/820/608 825/821/609 718/822/610 848/823/611
f 824/815/603 1002/820/608 848/823/611 714/816/604
f 696/723/511 813/722/510 1003/824/612 834/773/561
f 813/722/510 700/721/509 808/784/572 1003/824/612
f 1003/824/612 808/784/572 708/788/576 829/825/613
f 834/773/561 1003/824/612 829/825/613 704/774/562
f 697/753/541 811/752/540 1004/826/614 809/785/573
f 811/752/540 699/751/539 806/779/567 1004/826/614
f 1004/826/614 806/779/567 707/781/569 827/827/615
f 809/785/573 1004/826/614 827/827/615 705/786/574
f 698/730/518 816/744/532 1005/828/616 837/829/617
f 816/744/532 702/743/531 835/772/560 1005/828/616
f 1005/828/616 835/772/560 710/776/564 832/819/607
f 837/829/617 1005/828/616 832/819/607 706/814/602
f 701/732/520 814/731/519 1006/830/618 836/766/554
f 814/731/519 698/730/518 837/829/617 1006/830/618
f 1006/830/618 837/829/617 706/814/602 830/811/599
f 836/766/554 1006/830/618 830/811/599 709/767/555
f 717/818/606 846/817/605 1007/831/619 868/832/620
f 846/817/605 714/816/604 867/833/621 1007/831/619
f 1007/831/619 867/833/621 722/834/622 862/835/623
f 868/832/620 1007/831/619 862/835/623 725/836/624
f 714/816/604 848/823/611 1008/837/625 867/833/621
f 848/823/611 718/822/610 866/838/626 1008/837/625
f 1008/837/625 866/838/626 726/839/627 864/840/628
f 867/833/621 1008/837/625 864/840/628 722/834/622
f 713/808/596 843/841/629 1009/842/630 838/843/631
f 843/841/629 715/804/592 839/844/632 1009/842/630
f 1009/842/630 839/844/632 723/845/633 859/846/634
f 838/843/631 1009/842/630 859/846/634 721/847/635
f 712/848/636 845/849/637 1010/850/638 840/851/639
f 845/849/637 716/810/598 841/852/640 1010/850/638
f 1010/850/638 841/852/640 724/853/641 861/854/642
f 840/851/639 1010/850/638 861/854/642 720/855/643
f 710/776/564 833/775/563 1011/856/644 825/821/609
f 833/775/563 704/774/562 853/857/645 1011/856/644
f 1011/856/644 853/857/645 712/848/636 849/858/646
f 825/821/609 1011/856/644 849/858/646 718/822/610
f 703/769/557 831/768/556 1012/859/647 851/801/589
f 831/768/556 709/767/555 823/813/601 1012/859/647
f 1012/859/647 823/813/601 717/818/606 847/860/648
f 851/801/589 1012/859/647 847/860/648 711/802/590
f 704/774/562 829/825/613 1013/861/649 853/857/645
f 829/825/613 708/788/576 850/806/594 1013/861/649
f 1013/861/649 850/806/594 716/810/598 845/849/637
f 853/857/645 1013/861/649 845/849/637 712/848/636
f 705/786/574 827/827/615 1014/862/650 822/807/595
f 827/827/615 707/781/569 852/800/588 1014/862/650
f 1014/862/650 852/800/588 715/804/592 843/841/629
f 822/807/595 1014/862/650 843/841/629 713/808/596
f 721/847/635 859/846/634 1015/863/651 884/864/652
f 859/846/634 723/845/633 883/865/653 1015/863/651
f 1015/863/651 883/865/653 731/866/654 875/867/655
f 884/864/652 1015/863/651 875/867/655 729/868/656
f 720/855/643 861/854/642 1016/869/657 857/870/658
f 861/854/642 724/853/641 882/871/659 1016/869/657
f 1016/869/657 882/871/659 732/872/660 877/873/661
f 857/870/658 1016/869/657 877/873/661 728/874/662
f 719/875/663 863/876/664 1017/877/665 854/878/666
f 863/876/664 725/836/624 855/879/667 1017/877/665
f 1017/877/665 855/879/667 733/880/668 879/881/669
f 854/878/666 1017/877/665 879/881/669 727/882/670
f 726/839/627 865/883/671 1018/884/672 856/885/673
f 865/883/671 720/855/643 857/870/658 1018/884/672
f 1018/884/672 857/870/658 728/874/662 881/886/674
f 856/885/673 1018/884/672 881/886/674 734/887/675
f 716/810/598 844/809/597 1019/888/676 841/852/640
f 844/809/597 713/808/596 838/843/631 1019/888/676
f 1019/888/676 838/843/631 721/847/635 860/889/677
f 841/852/640 1019/888/676 860/889/677 724/853/641
f 715/804/592 842/803/591 1020/890/678 839/844/632
f 842/803/591 711/802/590 869/891/679 1020/890/678
f 1020/890/678 869/891/679 719/875/663 858/892/680
f 839/844/632 1020/890/678 858/892/680 723/845/633
f 718/822/610 849/858/646 1021/893/681 866/838/626
f 849/858/646 712/848/636 840/851/639 1021/893/681
f 1021/893/681 840/851/639 720/855/643 865/883/671
f 866/838/626 1021/893/681 865/883/671 726/839/627
f 711/802/590 847/860/648 1022/894/682 869/891/679
f 847/860/648 717/818/606 868/832/620 1022/894/682
f 1022/894/682 868/832/620 725/836/624 863/876/664
f 869/891/679 1022/894/682 863/876/664 719/875/663
f 734/887/675 881/886/674 1023/895/683 901/896/684
f 881/886/674 728/874/662 900/897/685 1023/895/683
f 1023/895/683 900/897/685 736/898/686 897/899/687
f 901/896/684 1023/895/683 897/899/687 742/900/688
f 731/866/654 874/901/689 1024/902/690 899/903/691
f 874/901/689 727/882/670 898/904/692 1024/902/690
f 1024/902/690 898/904/692 735/905/693 890/906/694
f 899/903/691 1024/902/690 890/906/694 739/907/695
f 732/872/660 876/908/696 1025/909/697 870/910/698
f 876/908/696 729/868/656 871/911/699 1025/909/697
f 1025/909/697 871/911/699 737/912/700 892/913/701
f 870/910/698 1025/909/697 892/913/701 740/914/702
f 733/880/668 878/915/703 1026/916/704 872/917/705
f 878/915/703 730/918/706 873/919/707 1026/916/704
f 1026/916/704 873/919/707 738/920/708 894/921/709
f 872/917/705 1026/916/704 894/921/709 741/922/710
f 722/834/622 864/840/628 1027/923/711 885/924/712
f 864/840/628 726/839/627 856/885/673 1027/923/711
f 1027/923/711 856/885/673 734/887/675 880/925/713
f 885/924/712 1027/923/711 880/925/713 730/918/706
f 725/836/624 862/835/623 1028/926/714 855/879/667
f 862/835/623 722/834/622 885/924/712 1028/926/714
f 1028/926/714 885/924/712 730/918/706 878/915/703
f 855/879/667 1028/926/714 878/915/703 733/880/668
f 724/853/641 860/889/677 1029/927/715 882/871/659
f 860/889/677 721/847/635 884/864/652 1029/927/715
f 1029/927/715 884/864/652 729/868/656 876/908/696
f 882/871/659 1029/927/715 876/908/696 732/872/660
f 723/845/633 858/892/680 1030/928/716 883/865/653
f 858/892/680 719/875/663 854/878/666 1030/928/716
f 1030/928/716 854/878/666 727/882/670 874/901/689
f 883/865/653 1030/928/716 874/901/689 731/866/654
f 739/907/695 890/906/694 1031/929/717 916/930/718
f 890/906/694 735/905/693 915/931/719 1031/929/717
f 1031/929/717 915/931/719 743/932/720 906/933/721
f 916/930/718 1031/929/717 906/933/721 747/934/722
f 740/914/702 892/913/701 1032/935/723 914/936/724
f 892/913/701 737/912/700 886/937/725 1032/935/723
f 1032/935/723 886/937/725 745/938/726 908/939/727
f 914/936/724 1032/935/723 908/939/727 748/940/728
f 741/922/710 894/921/709 1033/941/729 887/942/730
f 894/921/709 738/920/708 888/943/731 1033/941/729
f 1033/941/729 888/943/731 746/944/732 910/945/733
f 887/942/730 1033/941/729 910/945/733 749/946/734
f 738/920/708 896/947/735 1034/948/736 888/943/731
f 896/947/735 742/900/688 889/949/737 1034/948/736
f 1034/948/736 889/949/737 750/950/738 912/951/739
f 888/943/731 1034/948/736 912/951/739 746/944/732
f 727/882/670 879/881/669 1035/952/740 898/904/692
f 879/881/669 733/880/668 872/917/705 1035/952/740
f 1035/952/740 872/917/705 741/922/710 895/953/741
f 898/904/692 1035/952/740 895/953/741 735/905/693
f 728/874/662 877/873/661 1036/954/742 900/897/685
f 877/873/661 732/872/660 870/910/698 1036/954/742
f 1036/954/742 870/910/698 740/914/702 893/955/743
f 900/897/685 1036/954/742 893/955/743 736/898/686
f 729/868/656 875/867/655 1037/956/744 871/911/699
f 875/867/655 731/866/654 899/903/691 1037/956/744
f 1037/956/744 899/903/691 739/907/695 891/957/745
f 871/911/699 1037/956/744 891/957/745 737/912/700
f 730/918/706 880/925/713 1038/958/746 873/919/707
f 880/925/713 734/887/675 901/896/684 1038/958/746
f 1038/958/746 901/896/684 742/900/688 896/947/735
f 873/919/707 1038/958/746 896/947/735 738/920/708
f 746/944/732 912/951/739 1039/959/747 933/960/748
f 912/951/739 750/950/738 932/961/749 1039/959/747
f 1039/959/747 932/961/749 758/962/750 928/963/751
f 933/960/748 1039/959/747 928/963/751 754/698/486
f 745/938/726 907/964/752 1040/965/753 931/966/754
f 907/964/752 747/934/722 930/967/755 1040/965/753
f 1040/965/753 930/967/755 755/733/521 923/755/543
f 931/966/754 1040/965/753 923/755/543 753/754/542
f 744/968/756 909/969/757 1041/970/758 902/971/759
f 909/969/757 748/940/728 903/972/760 1041/970/758
f 1041/970/758 903/972/760 756/973/761 925/974/762
f 902/971/759 1041/970/758 925/974/762 752/975/763
f 743/932/720 911/976/764 1042/977/765 904/978/766
f 911/976/764 749/946/734 905/979/767 1042/977/765
f 1042/977/765 905/979/767 757/694/482 927/704/492
f 904/978/766 1042/977/765 927/704/492 751/703/491
f 742/900/688 897/899/687 1043/980/768 889/949/737
f 897/899/687 736/898/686 917/981/769 1043/980/768
f 1043/980/768 917/981/769 744/968/756 913/982/770
f 889/949/737 1043/980/768 913/982/770 750/950/738
f 735/905/693 895/953/741 1044/983/771 915/931/719
f 895/953/741 741/922/710 887/942/730 1044/983/771
f 1044/983/771 887/942/730 749/946/734 911/976/764
f 915/931/719 1044/983/771 911/976/764 743/932/720
f 736/898/686 893/955/743 1045/984/772 917/981/769
f 893/955/743 740/914/702 914/936/724 1045/984/772
f 1045/984/772 914/936/724 748/940/728 909/969/757
f 917/981/769 1045/984/772 909/969/757 744/968/756
f 737/912/700 891/957/745 1046/985/773 886/937/725
f 891/957/745 739/907/695 916/930/718 1046/985/773
f 1046/985/773 916/930/718 747/934/722 907/964/752
f 886/937/725 1046/985/773 907/964/752 745/938/726
f 756/973/761 924/986/774 1047/987/775 918/988/776
f 924/986/774 753/754/542 790/757/545 1047/987/775
f 1047/987/775 790/757/545 684/759/547 800/989/777
f 918/988/776 1047/987/775 800/989/777 691/990/778
f 752/975/763 925/974/762 1048/991/779 919/992/780
f 925/974/762 756/973/761 918/988/776 1048/991/779
f 1048/991/779 918/988/776 691/990/778 799/993/781
f 919/992/780 1048/991/779 799/993/781 681/994/782
f 758/962/750 929/995/783 1049/996/784 920/997/785
f 929/995/783 752/975/763 919/992/780 1049/996/784
f 1049/996/784 919/992/780 681/994/782 805/998/786
f 920/997/785 1049/996/784 805/998/786 694/999/787
f 754/698/486 928/963/751 1050/1000/788 921/699/487
f 928/963/751 758/962/750 920/997/785 1050/1000/788
f 1050/1000/788 920/997/785 694/999/787 804/1001/789
f 921/699/487 1050/1000/788 804/1001/789 686/700/488
f 749/946/734 910/945/733 1051/1002/790 905/979/767
f 910/945/733 746/944/732 933/960/748 1051/1002/790
f 1051/1002/790 933/960/748 754/698/486 926/695/483
f 905/979/767 1051/1002/790 926/695/483 757/694/482
f 748/940/728 908/939/727 1052/1003/791 903/972/760
f 908/939/727 745/938/726 931/966/754 1052/1003/791
f 1052/1003/791 931/966/754 753/754/542 924/986/774
f 903/972/760 1052/1003/791 924/986/774 756/973/761
f 747/934/722 906/933/721 1053/1004/792 930/967/755
f 906/933/721 743/932/720 904/978/766 1053/1004/792
f 1053/1004/792 904/978/766 751/703/491 922/734/522
f 930/967/755 1053/1004/792 922/734/522 755/733/521
f 750/950/738 913/982/770 1054/1005/793 932/961/749
f 913/982/770 744/968/756 902/971/759 1054/1005/793
f 1054/1005/793 902/971/759 752/975/763 929/995/783
f 932/961/749 1054/1005/793 929/995/783 758/962/750
f 773/1006/794 965/1007/795 1055/1008/796 939/1009/797
f 965/1007/795 768/1010/798 951/1011/799 1055/1008/796
f 1055/1008/796 951/1011/799 761/1012/800 942/1013/801
f 939/1009/797 1055/1008/796 942/1013/801 764/1014/802
f 774/1015/803 964/1016/804 1056/1017/805 941/1018/806
f 964/1016/804 769/1019/807 952/1020/808 1056/1017/805
f 1056/1017/805 952/1020/808 763/1021/809 943/1022/810
f 941/1018/806 1056/1017/805 943/1022/810 766/1023/811
f 772/1024/812 963/1025/813 1057/1026/814 937/1027/815
f 963/1025/813 774/1015/803 941/1018/806 1057/1026/814
f 1057/1026/814 941/1018/806 766/1023/811 944/1028/816
f 937/1027/815 1057/1026/814 944/1028/816 762/1029/817
f 771/1030/818 962/1031/819 1058/1032/820 935/1033/821
f 962/1031/819 770/1034/822 953/1035/823 1058/1032/820
f 1058/1032/820 953/1035/823 765/1036/824 945/1037/825
f 935/1033/821 1058/1032/820 945/1037/825 760/1038/826
f 768/1010/798 961/1039/827 1059/1040/828 951/1011/799
f 961/1039/827 772/1024/812 937/1027/815 1059/1040/828
f 1059/1040/828 937/1027/815 762/1029/817 946/1041/829
f 951/1011/799 1059/1040/828 946/1041/829 761/1012/800
f 767/1042/830 960/1043/831 1060/1044/832 950/1045/833
f 960/1043/831 771/1030/818 935/1033/821 1060/1044/832
f 1060/1044/832 935/1033/821 760/1038/826 947/1046/834
f 950/1045/833 1060/1044/832 947/1046/834 759/1047/835
f 769/1019/807 959/1048/836 1061/1049/837 952/1020/808
f 959/1048/836 767/1042/830 950/1045/833 1061/1049/837
f 1061/1049/837 950/1045/833 759/1047/835 948/1050/838
f 952/1020/808 1061/1049/837 948/1050/838 763/1021/809
f 770/1034/822 958/1051/839 1062/1052/840 953/1035/823
f 958/1051/839 773/1006/794 939/1009/797 1062/1052/840
f 1062/1052/840 939/1009/797 764/1014/802 949/1053/841
f 953/1035/823 1062/1052/840 949/1053/841 765/1036/824
f 682/1054/842 798/1055/843 1063/1056/844 820/1057/845
f 798/1055/843 690/1058/846 956/1059/847 1063/1056/844
f 1063/1056/844 956/1059/847 773/1006/794 958/1051/839
f 820/1057/845 1063/1056/844 958/1051/839 770/1034/822
f 692/1060/848 801/1061/849 1064/1062/850 818/1063/851
f 801/1061/849 685/1064/852 783/1065/853 1064/1062/850
f 1064/1062/850 783/1065/853 767/1042/830 959/1048/836
f 818/1063/851 1064/1062/850 959/1048/836 769/1019/807
f 685/1064/852 802/1066/854 1065/1067/855 783/1065/853
f 802/1066/854 693/1068/856 954/1069/857 1065/1067/855
f 1065/1067/855 954/1069/857 771/1030/818 960/1043/831
f 783/1065/853 1065/1067/855 960/1043/831 767/1042/830
f 683/1070/858 796/1071/859 1066/1072/860 787/1073/861
f 796/1071/859 689/761/549 955/760/548 1066/1072/860
f 1066/1072/860 955/760/548 772/1024/812 961/1039/827
f 787/1073/861 1066/1072/860 961/1039/827 768/1010/798
f 693/1068/856 803/1074/862 1067/1075/863 954/1069/857
f 803/1074/862 682/1054/842 820/1057/845 1067/1075/863
f 1067/1075/863 820/1057/845 770/1034/822 962/1031/819
f 954/1069/857 1067/1075/863 962/1031/819 771/1030/818
f 984/713/501 692/1060/848 818/1063/851 1069/714/502
f 1068/711/499 957/710/498 774/1015/803 963/1025/813
f 955/760/548 1068/711/499 963/1025/813 772/1024/812
f 1069/714/502 818/1063/851 769/1019/807 964/1016/804
f 957/710/498 1069/714/502 964/1016/804 774/1015/803
f 690/1058/846 797/1076/864 1070/1077/865 956/1059/847
f 797/1076/864 683/1070/858 787/1073/861 1070/1077/865
f 1070/1077/865 787/1073/861 768/1010/798 965/1007/795
f 956/1059/847 1070/1077/865 965/1007/795 773/1006/794
f 764/1014/802 942/1013/801 1071/1078/866 968/1079/867
f 942/1013/801 761/1012/800 936/1080/868 1071/1078/866
f 1071/1078/866 936/1080/868 780/745/533 974/797/585
f 968/1079/867 1071/1078/866 974/797/585 777/719/507
f 766/1023/811 943/1022/810 1072/1081/869 969/1082/870
f 943/1022/810 763/1021/809 938/1083/871 1072/1081/869
f 1072/1081/869 938/1083/871 781/724/512 975/795/583
f 969/1082/870 1072/1081/869 975/795/583 778/793/581
f 762/1029/817 944/1028/816 1073/1084/872 967/1085/873
f 944/1028/816 766/1023/811 969/1082/870 1073/1084/872
f 1073/1084/872 969/1082/870 778/793/581 976/791/579
f 967/1085/873 1073/1084/872 976/791/579 776/749/537
f 760/1038/826 945/1037/825 1074/1086/874 966/1087/875
f 945/1037/825 765/1036/824 940/1088/876 1074/1086/874
f 1074/1086/874 940/1088/876 782/715/503 977/789/577
f 966/1087/875 1074/1086/874 977/789/577 775/741/529
f 761/1012/800 946/1041/829 1075/1089/877 936/1080/868
f 946/1041/829 762/1029/817 967/1085/873 1075/1089/877
f 1075/1089/877 967/1085/873 776/749/537 978/746/534
f 936/1080/868 1075/1089/877 978/746/534 780/745/533
f 759/1047/835 947/1046/834 1076/1090/878 934/1091/879
f 947/1046/834 760/1038/826 966/1087/875 1076/1090/878
f 1076/1090/878 966/1087/875 775/741/529 979/739/527
f 934/1091/879 1076/1090/878 979/739/527 779/728/516
f 763/1021/809 948/1050/838 1077/1092/880 938/1083/871
f 948/1050/838 759/1047/835 934/1091/879 1077/1092/880
f 1077/1092/880 934/1091/879 779/728/516 980/725/513
f 938/1083/871 1077/1092/880 980/725/513 781/724/512
f 765/1036/824 949/1053/841 1078/1093/881 940/1088/876
f 949/1053/841 764/1014/802 968/1079/867 1078/1093/881
f 1078/1093/881 968/1079/867 777/719/507 981/716/504
f 940/1088/876 1078/1093/881 981/716/504 782/715/503
o inside
v 0.008799 -18.434875 0.000001
v -9.646434 -10.959272 -7.028165
v -6.221910 -10.959272 -10.188074
v -11.601035 -10.959272 -2.798280
v -11.788143 -10.959272 1.857617
v -10.179276 -10.959272 6.230710
v -7.019366 -10.959272 9.655232
v -2.789482 -10.959272 11.609835
v 1.866415 -10.959272 11.796943
v 6.239508 -10.959272 10.188074
v 9.664031 -10.959272 7.028166
v 11.618632 -10.959272 2.798282
v 11.805742 -10.959272 -1.857615
v 10.196874 -10.959272 -6.230709
v 7.036963 -10.959272 -9.655232
v 2.807080 -10.959272 -11.609835
v -1.848817 -10.959272 -11.796942
v 16.925772 20.048557 4.077444
v 17.198414 20.048557 -2.706778
v -17.180815 20.048557 2.706779
v -14.836495 20.048557 9.078919
v 14.854093 20.048557 -9.078918
v -10.232111 20.048557 14.068874
v 10.249709 20.048557 -14.068876
v -4.068644 20.048557 16.916973
v 4.086244 20.048557 -16.916975
v 2.715578 20.048557 17.189615
v -2.697980 20.048557 -17.189615
v 9.087719 20.048557 14.845293
v -9.070120 20.048557 -14.845294
v -14.060075 20.048557 -10.240909
v 14.077674 20.048557 10.240910
v -16.908175 20.048557 -4.077443
v 18.677250 20.791073 4.499597
v -18.960524 20.791073 2.987024
v -10.010096 20.791073 -16.382286
v -8.089606 -10.959272 -8.776570
v -10.831800 -10.959272 -5.009367
v -11.923610 -10.959272 -0.479535
v -11.198818 -10.959272 4.123303
v -8.767771 -10.959272 8.098406
v -5.000569 -10.959272 10.840599
v -0.470737 -10.959272 11.932409
v 4.132102 -10.959272 11.207619
v 8.107205 -10.959272 8.776570
v 10.849398 -10.959272 5.009369
v 11.941208 -10.959272 0.479537
v 11.216418 -10.959272 -4.123302
v 8.785369 -10.959272 -8.098406
v 5.018167 -10.959272 -10.840599
v 0.488335 -10.959272 -11.932408
v -4.114503 -10.959272 -11.207618
v -8.611819 -16.861736 -6.275056
v -5.554254 -16.861736 -9.096365
v -10.356975 -16.861736 -2.498428
v -10.524035 -16.861736 1.658564
v -9.087565 -16.861736 5.563054
v -6.266258 -16.861736 8.620619
v -2.489630 -16.861736 10.365774
v 1.667362 -16.861736 10.532835
v 5.571853 -16.861736 9.096365
v 8.629418 -16.861736 6.275057
v 10.374574 -16.861736 2.498430
v 10.541633 -16.861736 -1.658561
v 9.105163 -16.861736 -5.563053
v 6.283856 -16.861736 -8.620619
v 2.507228 -16.861736 -10.365773
v -1.649764 -16.861736 -10.532834
v -7.012302 -18.434834 -5.110748
v -4.522054 -18.434834 -7.408575
v -8.433652 -18.434834 -2.034856
v -8.569714 -18.434834 1.350824
v -7.399776 -18.434834 4.530854
v -5.101949 -18.434834 7.021102
v -2.026058 -18.434834 8.442451
v 1.359623 -18.434834 8.578513
v 4.539652 -18.434834 7.408575
v 7.029901 -18.434834 5.110748
v 8.451249 -18.434834 2.034857
v 8.587312 -18.434834 -1.350823
v 7.417374 -18.434834 -4.530853
v 5.119547 -18.434834 -7.021101
v 2.043656 -18.434834 -8.442450
v -1.342025 -18.434834 -8.578512
v -17.378206 20.048557 -0.698741
v 15.804900 20.048557 7.299274
v -15.787301 20.048557 -7.299272
v 11.809182 20.048557 12.788553
v -5.999366 20.048557 -16.330896
v -11.791583 20.048557 -12.788553
v 6.016964 20.048557 16.330894
v 0.707544 20.048557 -17.387005
v -0.689945 20.048557 17.387005
v 7.308073 20.048557 -15.796103
v -7.290474 20.048557 15.796101
v 12.797353 20.048557 -11.800384
v -12.779754 20.048557 11.800383
v 16.339693 20.048557 -6.008164
v -16.322096 20.048557 6.008165
v 17.395802 20.048557 0.698746
v 18.978123 20.791073 -2.987021
v -16.373487 20.791073 10.018895
v 16.391085 20.791073 -10.018895
v -11.292393 20.791073 15.525480
v 11.309990 20.791073 -15.525482
v -4.490796 20.791073 18.668451
v 4.508396 20.791073 -18.668451
v 2.995822 20.791073 18.969322
v -2.978223 20.791073 -18.969324
v 10.027696 20.791073 16.382286
v -15.516681 20.791073 -11.301191
v 15.534279 20.791073 11.301192
v -18.659653 20.791073 -4.499595
v -7.221815 -16.861736 -7.836110
v -9.670168 -16.861736 -4.472585
v -10.644983 -16.861736 -0.428150
v -9.997859 -16.861736 3.681468
v -7.827312 -16.861736 7.230615
v -4.463787 -16.861736 9.678967
v -0.419353 -16.861736 10.653784
v 3.690267 -16.861736 10.006659
v 7.239414 -16.861736 7.836110
v 9.687765 -16.861736 4.472587
v 10.662582 -16.861736 0.428153
v 10.015458 -16.861736 -3.681466
v 7.844908 -16.861736 -7.230614
v 4.481384 -16.861736 -9.678967
v 0.436950 -16.861736 -10.653782
v -3.672668 -16.861736 -10.006659
v -5.880336 -18.434834 -6.382295
v -7.874451 -18.434834 -3.642797
v -8.668412 -18.434834 -0.348716
v -8.141347 -18.434834 2.998453
v -6.373496 -18.434834 5.889135
v -3.633998 -18.434834 7.883250
v -0.339918 -18.434834 8.677212
v 3.007252 -18.434834 8.150146
v 5.897934 -18.434834 6.382295
v 7.892049 -18.434834 3.642797
v 8.686010 -18.434834 0.348718
v 8.158945 -18.434834 -2.998452
v 6.391094 -18.434834 -5.889134
v 3.651596 -18.434834 -7.883249
v 0.357516 -18.434834 -8.677212
v -2.989654 -18.434834 -8.150146
v 19.195946 20.791073 0.771088
v -18.012897 20.791073 6.630214
v 18.030495 20.791073 -6.630213
v -14.103803 20.791073 13.022121
v 14.121403 20.791073 -13.022124
v -8.046195 20.791073 17.431532
v 8.063794 20.791073 -17.431534
v -0.762287 20.791073 19.187151
v 0.779886 20.791073 -19.187151
v 6.639013 20.791073 18.021696
v -13.013323 20.791073 -14.112601
v -6.621414 20.791073 -18.021696
v 13.030922 20.791073 14.112601
v -17.422735 20.791073 -8.054993
v 17.440329 20.791073 8.054995
v -19.178350 20.791073 -0.771086
v 18.451807 20.774981 4.445260
v 18.850040 20.746195 4.541244
v 16.879852 19.487404 -2.656615
v -18.731447 20.774981 2.950952
v -19.136097 20.746195 3.014670
v -14.561378 19.487404 8.910667
v 14.578978 19.487404 -8.910667
v -10.042324 19.487404 13.808147
v 10.059922 19.487404 -13.808149
v -3.993081 19.487404 16.603466
v 4.010680 19.487404 -16.603466
v 2.665415 19.487404 16.871054
v -2.647817 19.487404 -16.871052
v 8.919468 19.487404 14.570178
v -9.889106 20.774981 -16.184450
v -10.102827 20.746195 -16.533915
v -13.799348 19.487404 -10.051123
v 13.816947 19.487404 10.051124
v -16.594669 19.487404 -4.001879
v 16.612263 19.487404 4.001881
v 17.516836 20.332249 -2.756919
v -16.862253 19.487404 2.656617
v -15.111487 20.332249 9.247097
v 15.129086 20.332249 -9.247097
v -10.421814 20.332249 14.329487
v 10.439412 20.332249 -14.329489
v -4.144173 20.332249 17.230345
v 4.161774 20.332249 -17.230347
v 2.765719 20.332249 17.508036
v -2.748120 20.332249 -17.508036
v 9.255898 20.332249 15.120287
v -8.901868 19.487404 -14.570178
v -14.320689 20.332249 -10.430613
v 14.338286 20.332249 10.430614
v -17.221546 20.332249 -4.152972
v 17.239141 20.332249 4.152974
v -17.499237 20.332249 2.756921
v -9.238297 20.332249 -15.120287
v 19.153694 20.746195 -3.014667
v 18.749046 20.774981 -2.950949
v -16.525116 20.746195 10.111627
v -16.175652 20.774981 9.897905
v 16.542713 20.746195 -10.111627
v 16.193249 20.774981 -9.897905
v -11.396991 20.746195 15.669178
v -11.155917 20.774981 15.337992
v 11.414590 20.746195 -15.669180
v 11.173517 20.774981 -15.337995
v -4.532444 20.746195 18.841244
v -4.436459 20.774981 18.443008
v 4.550045 20.746195 -18.841244
v 4.454058 20.774981 -18.443008
v 3.023469 20.746195 19.144896
v 2.959751 20.774981 18.740246
v -3.005869 20.746195 -19.144896
v -2.942152 20.774981 -18.740246
v 10.120427 20.746195 16.533915
v 9.906706 20.774981 16.184450
v -15.660379 20.746195 -11.405790
v -15.329192 20.774981 -11.164717
v 15.677978 20.746195 11.405790
v 15.346790 20.774981 11.164718
v -18.832445 20.746195 -4.541243
v -18.434212 20.774981 -4.445258
v 17.073584 19.487404 0.685797
v -16.019451 19.487404 5.896822
v 16.037048 19.487404 -5.896820
v -12.542756 19.487404 11.581697
v 12.560355 19.487404 -11.581698
v -7.155202 19.487404 15.503366
v 7.172801 19.487404 -15.503366
v -0.676996 19.487404 17.064787
v 0.694595 19.487404 -17.064787
v 5.905620 19.487404 16.028250
v -11.572898 19.487404 -12.551556
v -5.888022 19.487404 -16.028250
v 11.590497 19.487404 12.551556
v -15.494566 19.487404 -7.164001
v 15.512164 19.487404 7.164002
v -17.055986 19.487404 -0.685793
v -17.700283 20.332249 -0.711686
v 16.097506 20.332249 7.434484
v -16.079910 20.332249 -7.434484
v 12.027775 20.332249 13.025450
v -6.110662 20.332249 -16.633410
v -12.010176 20.332249 -13.025450
v 6.128261 20.332249 16.633410
v 0.720487 20.332249 -17.709084
v -0.702888 20.332249 17.709084
v 7.443283 20.332249 -16.088709
v -7.425684 20.332249 16.088709
v 13.034248 20.332249 -12.018976
v -13.016651 20.332249 12.018974
v 16.642208 20.332249 -6.119460
v -16.624611 20.332249 6.119461
v 17.717880 20.332249 0.711689
v 19.373537 20.746195 0.778225
v 18.964243 20.774981 0.761777
v -18.179701 20.746195 6.691581
v -17.795263 20.774981 6.550146
v 18.197298 20.746195 -6.691580
v 17.812860 20.774981 -6.550145
v -14.234426 20.746195 13.142652
v -13.933376 20.774981 12.864865
v 14.252024 20.746195 -13.142653
v 13.950975 20.774981 -12.864866
v -8.120749 20.746195 17.592871
v -7.948922 20.774981 17.221027
v 8.138349 20.746195 -17.592873
v 7.966522 20.774981 -17.221027
v -0.769424 20.746195 19.364738
v -0.752976 20.774981 18.955444
v 0.787023 20.746195 -19.364738
v 0.770575 20.774981 -18.955444
v 6.700380 20.746195 18.188499
v 6.558945 20.774981 17.804062
v -13.133853 20.746195 -14.243225
v -12.856066 20.774981 -13.942175
v -6.682781 20.746195 -18.188499
v -6.541346 20.774981 -17.804062
v 13.151452 20.746195 14.243225
v 12.873666 20.774981 13.942175
v -17.584072 20.746195 -8.129549
v -17.212229 20.774981 -7.957722
v 17.601667 20.746195 8.129549
v 17.229824 20.774981 7.957722
v -19.355938 20.746195 -0.778223
v -18.946646 20.774981 -0.761774
vt 0.000000 0.000000
vt 0.000000 0.000000
vt 0.000000 0.000000
vt 0.000000 0.000000
vt 0.000000 0.000000
vt 0.000000 0.000000
vt 0.000000 0.000000
vt 0.000000 0.000000
vt 0.000000 0.000000
vt 0.000000 0.000000
vt 0.000000 0.000000
vt 0.000000 0.000000
vt 0.000000 0.000000
vt 0.000000 0.000000
vt 0.000000 0.000000
vt 0.000000 0.000000
vt 0.000000 0.000000
vt 0.000000 0.000000
vt 0.000000 0.000000
vt 0.000000 0.000000
vt 0.000000 0.000000
vt 0.000000 0.000000
vt 0.000000 0.000000
vt 0.000000 0.000000
vt 0.000000 0.000000
vt 0.000000 0.000000
vt 0.000000 0.000000
vt 0.000000 0.000000
vt 0.000000 0.000000
vt 0.000000 0.000000
vt 0.000000 0.000000
vt 0.000000 0.000000
vt 0.000000 0.000000
vt 0.000000 0.000000
vt 0.000000 0.000000
vt 0.000000 0.000000
vt 0.000000 0.000000
vt 0.000000 0.000000
vt 0.000000 0.000000
vt 0.000000 0.000000
vt 0.000000 0.000000
vt 0.000000 0.000000
vt 0.000000 0.000000
vt 0.000000 0.000000
vt 0.000000 0.000000
vt 0.000000 0.000000
vt 0.000000 0.000000
vt 0.000000 0.000000
vt 0.000000 0.000000
vt 0.000000 0.000000
vt 0.000000 0.000000
vt 0.000000 0.000000
vt 0.000000 0.000000
vt 0.000000 0.000000
vt 0.000000 0.000000
vt 0.000000 0.000000
vt 0.000000 0.000000
vt 0.000000 0.000000
vt 0.000000 0.000000
vt 0.000000 0.000000
vt 0.000000 0.000000
vt 0.000000 0.000000
vt 0.000000 0.000000
vt 0.000000 0.000000
vt 0.000000 0.000000
vt 0.000000 0.000000
vt 0.000000 0.000000
vt 0.000000 0.000000
vt 0.000000 0.000000
vt 0.000000 0.000000
vt 0.000000 0.000000
vt 0.000000 0.000000
vt 0.000000 0.000000
vt 0.000000 0.000000
vt 0.000000 0.000000
vt 0.000000 0.000000
vt 0.000000 0.000000
vt 0.000000 0.000000
vt 0.000000 0.000000
vt 0.000000 0.000000
vt 0.000000 0.000000
vt 0.000000 0.000000
vt 0.000000 0.000000
vt 0.000000 0.000000
vt 0.000000 0.000000
vt 0.000000 0.000000
vt 0.000000 0.000000
vt 0.000000 0.000000
vt 0.000000 0.000000
vt 0.000000 0.000000
vt 0.000000 0.000000
vt 0.000000 0.000000
vt 0.000000 0.000000
vt 0.000000 0.000000
vt 0.000000 0.000000
vt 0.000000 0.000000
vt 0.000000 0.000000
vt 0.000000 0.000000
vt 0.000000 0.000000
vt 0.000000 0.000000
vt 0.000000 0.000000
vt 0.000000 0.000000
vt 0.000000 0.000000
vt 0.000000 0.000000
vt 0.000000 0.000000
vt 0.000000 0.000000
vt 0.000000 0.000000
vt 0.000000 0.000000
vt 0.000000 0.000000
vt 0.000000 0.000000
vt 0.000000 0.000000
vt 0.000000 0.000000
vt 0.000000 0.000000
vt 0.000000 0.000000
vt 0.000000 0.000000
vt 0.000000 0.000000
vt 0.000000 0.000000
vt 0.000000 0.000000
vt 0.000000 0.000000
vt 0.000000 0.000000
vt 0.000000 0.000000
vt 0.000000 0.000000
vt 0.000000 0.000000
vt 0.000000 0.000000
vt 0.000000 0.000000
vt 0.000000 0.000000
vt 0.000000 0.000000
vt 0.000000 0.000000
vt 0.000000 0.000000
vt 0.000000 0.000000
vt 0.000000 0.000000
vt 0.000000 0.000000
vt 0.000000 0.000000
vt 0.000000 0.000000
vt 0.000000 0.000000
vt 0.000000 0.000000
vt 0.000000 0.000000
vt 0.000000 0.000000
vt 0.000000 0.000000
vt 0.000000 0.000000
vt 0.000000 0.000000
vt 0.000000 0.000000
vt 0.000000 0.000000
vt 0.000000 0.000000
vt 0.000000 0.000000
vt 0.000000 0.000000
vt 0.000000 0.000000
vt 0.000000 0.000000
vt 0.000000 0.000000
vt 0.000000 0.000000
vt 0.000000 0.000000
vt 0.000000 0.000000
vt 0.000000 0.000000
vt 0.000000 0.000000
vt 0.000000 0.000000
vt 0.000000 0.000000
vt 0.000000 0.000000
vt 0.000000 0.000000
vt 0.000000 0.000000
vt 0.000000 0.000000
vt 0.000000 0.000000
vt 0.000000 0.000000
vt 0.000000 0.000000
vt 0.000000 0.000000
vt 0.000000 0.000000
vt 0.000000 0.000000
vt 0.000000 0.000000
vt 0.000000 0.000000
vt 0.000000 0.000000
vt 0.000000 0.000000
vt 0.000000 0.000000
vt 0.000000 0.000000
vt 0.000000 0.000000
vt 0.000000 0.000000
vt 0.000000 0.000000
vt 0.000000 0.000000
vt 0.000000 0.000000
vt 0.000000 0.000000
vt 0.000000 0.000000
vt 0.000000 0.000000
vt 0.000000 0.000000
vt 0.000000 0.000000
vt 0.000000 0.000000
vt 0.000000 0.000000
vt 0.000000 0.000000
vt 0.000000 0.000000
vt 0.000000 0.000000
vt 0.000000 0.000000
vt 0.000000 0.000000
vt 0.000000 0.000000
vt 0.000000 0.000000
vt 0.000000 0.000000
vt 0.000000 0.000000
vt 0.000000 0.000000
vt 0.000000 0.000000
vt 0.000000 0.000000
vt 0.000000 0.000000
vt 0.000000 0.000000
vt 0.000000 0.000000
vt 0.000000 0.000000
vt 0.000000 0.000000
vt 0.000000 0.000000
vt 0.000000 0.000000
vt 0.000000 0.000000
vt 0.000000 0.000000
vt 0.000000 0.000000
vt 0.000000 0.000000
vt 0.000000 0.000000
vt 0.000000 0.000000
vt 0.000000 0.000000
vt 0.000000 0.000000
vt 0.000000 0.000000
vt 0.000000 0.000000
vt 0.000000 0.000000
vt 0.000000 0.000000
vt 0.000000 0.000000
vt 0.000000 0.000000
vt 0.000000 0.000000
vt 0.000000 0.000000
vt 0.000000 0.000000
vt 0.000000 0.000000
vt 0.000000 0.000000
vt 0.000000 0.000000
vt 0.000000 0.000000
vt 0.000000 0.000000
vt 0.000000 0.000000
vt 0.000000 0.000000
vt 0.000000 0.000000
vt 0.000000 0.000000
vt 0.000000 0.000000
vt 0.000000 0.000000
vt 0.000000 0.000000
vt 0.000000 0.000000
vt 0.000000 0.000000
vt 0.000000 0.000000
vt 0.000000 0.000000
vt 0.000000 0.000000
vt 0.000000 0.000000
vt 0.000000 0.000000
vt 0.000000 0.000000
vt 0.000000 0.000000
vt 0.000000 0.000000
vt 0.000000 0.000000
vt 0.000000 0.000000
vt 0.000000 0.000000
vt 0.000000 0.000000
vt 0.000000 0.000000
vt 0.000000 0.000000
vt 0.000000 0.000000
vt 0.000000 0.000000
vt 0.000000 0.000000
vt 0.000000 0.000000
vt 0.000000 0.000000
vt 0.000000 0.000000
vt 0.000000 0.000000
vt 0.000000 0.000000
vt 0.000000 0.000000
vt 0.000000 0.000000
vt 0.000000 0.000000
vt 0.000000 0.000000
vt 0.000000 0.000000
vt 0.000000 0.000000
vt 0.000000 0.000000
vt 0.000000 0.000000
vt 0.000000 0.000000
vt 0.000000 0.000000
vt 0.000000 0.000000
vt 0.000000 0.000000
vt 0.000000 0.000000
vt 0.000000 0.000000
vt 0.000000 0.000000
vt 0.000000 0.000000
vt 0.000000 0.000000
vt 0.000000 0.000000
vt 0.000000 0.000000
vt 0.000000 0.000000
vt 0.000000 0.000000
vt 0.000000 0.000000
vt 0.000000 0.000000
vt 0.000000 0.000000
vt 0.000000 0.000000
vt 0.000000 0.000000
vt 0.000000 0.000000
vt 0.000000 0.000000
vt 0.000000 0.000000
vt 0.000000 0.000000
vt 0.000000 0.000000
vt 0.000000 0.000000
vt 0.000000 0.000000
vn -0.0541 0.9376 -0.3435
vn -0.1201 0.9376 -0.3263
vn 0.0000 1.0000 0.0000
vn 0.0541 0.9376 0.3435
vn 0.1201 0.9376 0.3263
vn -0.4974 0.8672 -0.0200
vn -0.4917 0.8673 0.0774
vn -0.7607 0.6380 0.1198
vn -0.7694 0.6380 -0.0309
vn -0.6569 0.6380 0.4017
vn -0.8019 0.3411 0.4904
vn -0.8822 0.3411 0.3245
vn -0.7227 0.6379 0.2659
vn -0.9392 0.3411 -0.0377
vn -0.9138 0.3411 -0.2203
vn -0.7486 0.6380 -0.1804
vn -0.9286 0.3411 0.1462
vn 0.7227 0.6379 -0.2659
vn 0.8822 0.3411 -0.3245
vn 0.9286 0.3411 -0.1462
vn 0.7607 0.6380 -0.1198
vn 0.8019 0.3411 -0.4904
vn 0.8377 0.1889 -0.5123
vn 0.9216 0.1889 -0.3390
vn -0.7217 0.1889 0.6659
vn -0.8377 0.1889 0.5123
vn -0.6908 0.3411 0.6374
vn 0.9700 0.1889 -0.1527
vn 0.6569 0.6380 -0.4017
vn -0.9216 0.1889 0.3390
vn -0.9700 0.1889 0.1527
vn 0.7217 0.1889 -0.6659
vn 0.6908 0.3411 -0.6374
vn 0.5659 0.6379 -0.5222
vn -0.5659 0.6379 0.5222
vn 0.5779 0.1889 -0.7939
vn 0.5532 0.3411 -0.7600
vn 0.2301 0.1889 -0.9546
vn 0.4119 0.1889 -0.8914
vn 0.3943 0.3411 -0.8533
vn 0.2203 0.3411 -0.9138
vn 0.4532 0.6380 -0.6226
vn -0.4532 0.6380 0.6226
vn -0.5532 0.3411 0.7600
vn -0.5779 0.1889 0.7939
vn 0.3230 0.6380 -0.6990
vn -0.7293 0.5188 0.4460
vn -0.8023 0.5188 0.2951
vn -0.4119 0.1889 0.8914
vn -0.3943 0.3411 0.8533
vn 0.1804 0.6380 -0.7486
vn -0.3230 0.6379 0.6990
vn -0.2301 0.1889 0.9546
vn -0.2203 0.3411 0.9138
vn 0.0394 0.1889 -0.9812
vn 0.0377 0.3411 -0.9392
vn -0.1804 0.6380 0.7486
vn 0.0309 0.6379 -0.7694
vn -0.1527 0.1889 -0.9700
vn -0.1462 0.3411 -0.9286
vn -0.0394 0.1889 0.9812
vn -0.0377 0.3411 0.9392
vn -0.1198 0.6380 -0.7607
vn -0.0309 0.6380 0.7694
vn 0.1527 0.1889 0.9700
vn 0.1462 0.3411 0.9286
vn -0.3390 0.1889 -0.9216
vn -0.3245 0.3411 -0.8822
vn 0.1198 0.6380 0.7607
vn -0.2659 0.6379 -0.7227
vn -0.5123 0.1889 -0.8377
vn -0.4904 0.3411 -0.8019
vn 0.3390 0.1889 0.9216
vn 0.3245 0.3411 0.8822
vn -0.4017 0.6380 -0.6569
vn 0.5222 0.6380 0.5659
vn 0.6374 0.3411 0.6908
vn 0.4904 0.3411 0.8019
vn 0.4017 0.6380 0.6569
vn 0.7939 0.1889 0.5779
vn 0.6659 0.1889 0.7217
vn 0.7600 0.3411 0.5532
vn -0.6659 0.1889 -0.7217
vn -0.6374 0.3411 -0.6908
vn 0.5123 0.1889 0.8377
vn 0.6226 0.6380 0.4532
vn 0.2659 0.6379 0.7227
vn 0.5797 0.5188 0.6283
vn 0.4460 0.5188 0.7293
vn 0.8914 0.1889 0.4119
vn 0.8533 0.3411 0.3943
vn -0.5222 0.6379 -0.5659
vn -0.7939 0.1889 -0.5779
vn -0.7600 0.3411 -0.5532
vn -0.6226 0.6380 -0.4532
vn 0.6990 0.6380 0.3230
vn 0.9546 0.1889 0.2301
vn 0.9138 0.3411 0.2203
vn -0.8914 0.1889 -0.4119
vn -0.8533 0.3411 -0.3943
vn 0.7486 0.6380 0.1804
vn -0.6990 0.6379 -0.3230
vn -0.9546 0.1889 -0.2301
vn 0.9812 0.1889 0.0394
vn 0.9392 0.3411 0.0377
vn 0.7694 0.6379 0.0309
vn -0.9812 0.1889 -0.0394
vn 0.6912 0.5188 0.5031
vn 0.7760 0.5188 0.3586
vn 0.8311 0.5188 0.2003
vn 0.8542 0.5188 0.0343
vn 0.8445 0.5188 -0.1330
vn 0.8023 0.5188 -0.2951
vn 0.7293 0.5188 -0.4460
vn 0.6283 0.5188 -0.5797
vn 0.5031 0.5188 -0.6912
vn 0.3586 0.5188 -0.7760
vn 0.2003 0.5188 -0.8311
vn 0.0343 0.5188 -0.8542
vn -0.1330 0.5188 -0.8445
vn -0.2951 0.5188 -0.8023
vn -0.4460 0.5188 -0.7293
vn -0.5797 0.5188 -0.6283
vn -0.6912 0.5188 -0.5031
vn -0.7760 0.5188 -0.3586
vn -0.8311 0.5188 -0.2003
vn -0.8542 0.5188 -0.0343
vn -0.8445 0.5188 0.1330
vn -0.5031 0.5188 0.6912
vn -0.6283 0.5188 0.5797
vn -0.2966 0.9376 0.1814
vn -0.3263 0.9376 0.1201
vn -0.3586 0.5188 0.7760
vn -0.2003 0.5188 0.8311
vn -0.0343 0.5188 0.8542
vn 0.1330 0.5188 0.8445
vn 0.2951 0.5188 0.8023
vn 0.2358 0.9376 0.2555
vn 0.1814 0.9376 0.2966
vn 0.2811 0.9376 0.2046
vn 0.3157 0.9376 0.1458
vn 0.3380 0.9376 0.0815
vn 0.3474 0.9376 0.0139
vn 0.3435 0.9376 -0.0541
vn 0.3263 0.9376 -0.1201
vn 0.2966 0.9376 -0.1814
vn 0.2555 0.9376 -0.2358
vn 0.2046 0.9376 -0.2811
vn 0.1458 0.9376 -0.3157
vn 0.0815 0.9376 -0.3380
vn 0.0139 0.9376 -0.3474
vn -0.1814 0.9376 -0.2966
vn -0.2358 0.9376 -0.2555
vn -0.2811 0.9376 -0.2046
vn -0.3157 0.9376 -0.1458
vn -0.3380 0.9376 -0.0815
vn -0.3474 0.9376 -0.0139
vn -0.3435 0.9376 0.0541
vn -0.2046 0.9376 0.2811
vn -0.2555 0.9376 0.2358
vn -0.3659 0.8672 0.3376
vn -0.4247 0.8673 0.2597
vn -0.1668 0.9807 0.1020
vn -0.1437 0.9807 0.1326
vn -0.1458 0.9376 0.3157
vn -0.0815 0.9376 0.3380
vn -0.0139 0.9376 0.3474
vn 0.4917 0.8673 -0.0774
vn 0.4975 0.8672 0.0200
vn 0.1954 0.9807 0.0078
vn 0.1932 0.9807 -0.0304
vn 0.4840 0.8673 0.1166
vn -0.4025 0.8673 -0.2929
vn -0.4519 0.8672 -0.2088
vn 0.1901 0.9807 0.0458
vn -0.4840 0.8673 -0.1166
vn -0.1776 0.9807 -0.0820
vn -0.1901 0.9807 -0.0458
vn 0.4025 0.8673 0.2929
vn 0.4519 0.8672 0.2088
vn -0.1581 0.9807 -0.1151
vn 0.1776 0.9807 0.0820
vn -0.2597 0.8673 -0.4247
vn -0.3376 0.8672 -0.3659
vn 0.1581 0.9807 0.1151
vn -0.1326 0.9807 -0.1437
vn 0.0774 0.8673 0.4917
vn 0.1719 0.8672 0.4672
vn -0.1020 0.9807 -0.1668
vn 0.2597 0.8673 0.4247
vn 0.0675 0.9807 0.1836
vn 0.1020 0.9807 0.1668
vn 0.3376 0.8672 0.3659
vn 0.0304 0.9807 0.1932
vn 0.1326 0.9807 0.1437
vn -0.0774 0.8673 -0.4917
vn -0.1719 0.8672 -0.4672
vn -0.0675 0.9807 -0.1836
vn -0.1166 0.8673 0.4840
vn -0.0200 0.8672 0.4975
vn -0.0304 0.9807 -0.1932
vn -0.0078 0.9807 0.1954
vn 0.1166 0.8673 -0.4840
vn 0.0200 0.8672 -0.4975
vn -0.0458 0.9807 0.1901
vn 0.0078 0.9807 -0.1954
vn -0.2929 0.8673 0.4025
vn -0.2088 0.8672 0.4519
vn 0.0458 0.9807 -0.1901
vn -0.0820 0.9807 0.1776
vn 0.2929 0.8673 -0.4025
vn 0.2088 0.8672 -0.4519
vn -0.1151 0.9807 0.1581
vn 0.0820 0.9807 -0.1776
vn 0.1151 0.9807 -0.1581
vn 0.4247 0.8673 -0.2597
vn 0.3659 0.8672 -0.3376
vn 0.1437 0.9807 -0.1326
vn -0.4672 0.8672 0.1719
vn -0.1836 0.9807 0.0675
vn 0.1668 0.9807 -0.1020
vn -0.1932 0.9807 0.0304
vn 0.4672 0.8672 -0.1719
vn 0.1836 0.9807 -0.0675
vn -0.1954 0.9807 -0.0078
vn 0.2380 0.9695 0.0573
vn 0.2446 0.9695 0.0098
vn 0.0985 0.9951 0.0039
vn 0.0959 0.9951 0.0231
vn 0.2418 0.9695 -0.0381
vn 0.0974 0.9951 -0.0153
vn -0.2418 0.9695 0.0381
vn -0.2297 0.9695 0.0845
vn -0.0926 0.9951 0.0341
vn -0.0974 0.9951 0.0153
vn -0.2088 0.9695 0.1277
vn -0.0842 0.9951 0.0515
vn 0.2297 0.9695 -0.0845
vn 0.0926 0.9951 -0.0341
vn 0.2088 0.9695 -0.1277
vn 0.0842 0.9951 -0.0515
vn -0.1799 0.9695 0.1660
vn -0.0725 0.9951 0.0669
vn -0.1440 0.9695 0.1979
vn -0.0580 0.9951 0.0797
vn 0.1799 0.9695 -0.1660
vn 0.0725 0.9951 -0.0669
vn 0.1440 0.9695 -0.1979
vn 0.0580 0.9951 -0.0798
vn -0.1027 0.9695 0.2222
vn -0.0414 0.9951 0.0895
vn -0.0573 0.9695 0.2380
vn -0.0231 0.9951 0.0959
vn 0.1027 0.9695 -0.2222
vn 0.0414 0.9951 -0.0895
vn 0.0573 0.9695 -0.2380
vn 0.0231 0.9951 -0.0959
vn -0.0098 0.9695 0.2446
vn -0.0039 0.9951 0.0985
vn 0.0381 0.9695 0.2418
vn 0.0153 0.9951 0.0974
vn 0.0098 0.9695 -0.2446
vn 0.0039 0.9951 -0.0986
vn -0.0381 0.9695 -0.2418
vn -0.0153 0.9951 -0.0974
vn 0.0845 0.9695 0.2297
vn 0.0341 0.9951 0.0926
vn 0.1277 0.9695 0.2088
vn 0.0515 0.9951 0.0842
vn -0.1277 0.9695 -0.2088
vn -0.1660 0.9695 -0.1799
vn -0.0669 0.9951 -0.0725
vn -0.0515 0.9951 -0.0842
vn -0.1979 0.9695 -0.1440
vn -0.0798 0.9951 -0.0580
vn -0.0845 0.9695 -0.2297
vn -0.0341 0.9951 -0.0926
vn 0.1660 0.9695 0.1799
vn 0.0669 0.9951 0.0725
vn 0.1979 0.9695 0.1440
vn 0.0798 0.9951 0.0580
vn -0.2222 0.9695 -0.1027
vn -0.0895 0.9951 -0.0414
vn -0.2380 0.9695 -0.0573
vn -0.0959 0.9951 -0.0231
vn 0.2222 0.9695 0.1027
vn 0.0895 0.9951 0.0414
vn -0.2446 0.9695 -0.0098
vn -0.0985 0.9951 -0.0039
s 1
f 1154/1094/882 1215/1095/883 1079/1096/884
f 1162/1097/885 1223/1098/886 1079/1096/884
f 1335/1099/887 1260/1100/888 1097/1101/889 1178/1102/890
f 1100/1103/891 1246/1104/892 1306/1105/893 1176/1106/894
f 1178/1102/890 1304/1107/895 1259/1108/896 1096/1109/897
f 1097/1101/889 1242/1110/898 1304/1107/895 1178/1102/890
f 1177/1111/899 1305/1112/900 1261/1113/901 1098/1114/902
f 1245/1115/903 1084/1116/904 1118/1117/905 1305/1112/900
f 1127/1118/906 1092/1119/907 1246/1104/892 1308/1120/908
f 1118/1117/905 1083/1121/909 1261/1113/901 1305/1112/900
f 1099/1122/910 1245/1115/903 1305/1112/900 1177/1111/899
f 1176/1106/894 1306/1105/893 1242/1110/898 1097/1101/889
f 1126/1123/911 1091/1124/912 1242/1110/898 1306/1105/893
f 1119/1125/913 1084/1116/904 1245/1115/903 1307/1126/914
f 1175/1127/915 1307/1126/914 1245/1115/903 1099/1122/910
f 1174/1128/916 1308/1120/908 1246/1104/892 1100/1103/891
f 1085/1129/917 1119/1125/913 1307/1126/914 1247/1130/918
f 1086/1131/919 1120/1132/920 1309/1133/921 1249/1134/922
f 1101/1135/923 1247/1130/918 1307/1126/914 1175/1127/915
f 1102/1136/924 1248/1137/925 1308/1120/908 1174/1128/916
f 1093/1138/926 1127/1118/906 1308/1120/908 1248/1137/925
f 1120/1132/920 1085/1129/917 1247/1130/918 1309/1133/921
f 1092/1119/907 1126/1123/911 1306/1105/893 1246/1104/892
f 1173/1139/927 1309/1133/921 1247/1130/918 1101/1135/923
f 1092/1119/907 1143/1140/928 1203/1141/929 1126/1123/911
f 1128/1142/930 1093/1138/926 1248/1137/925 1310/1143/931
f 1103/1144/932 1249/1134/922 1309/1133/921 1173/1139/927
f 1172/1145/933 1310/1143/931 1248/1137/925 1102/1136/924
f 1094/1146/934 1128/1142/930 1310/1143/931 1250/1147/935
f 1121/1148/936 1086/1131/919 1249/1134/922 1311/1149/937
f 1104/1150/938 1250/1147/935 1310/1143/931 1172/1145/933
f 1171/1151/939 1311/1149/937 1249/1134/922 1103/1144/932
f 1087/1152/940 1121/1148/936 1311/1149/937 1251/1153/941
f 1129/1154/942 1094/1146/934 1250/1147/935 1312/1155/943
f 1105/1156/944 1251/1153/941 1311/1149/937 1171/1151/939
f 1170/1157/945 1312/1155/943 1250/1147/935 1104/1150/938
f 1095/1158/946 1129/1154/942 1312/1155/943 1252/1159/947
f 1122/1160/948 1087/1152/940 1251/1153/941 1313/1161/949
f 1106/1162/950 1252/1159/947 1312/1155/943 1170/1157/945
f 1169/1163/951 1313/1161/949 1251/1153/941 1105/1156/944
f 1088/1164/952 1122/1160/948 1313/1161/949 1253/1165/953
f 1130/1166/954 1095/1158/946 1252/1159/947 1315/1167/955
f 1107/1168/956 1253/1165/953 1313/1161/949 1169/1163/951
f 1168/1169/957 1314/1170/958 1271/1171/959 1108/1172/960
f 1080/1173/961 1115/1174/962 1314/1170/958 1256/1175/963
f 1123/1176/964 1088/1164/952 1253/1165/953 1316/1177/965
f 1115/1174/962 1081/1178/966 1271/1171/959 1314/1170/958
f 1109/1179/967 1256/1175/963 1314/1170/958 1168/1169/957
f 1167/1180/968 1315/1167/955 1252/1159/947 1106/1162/950
f 1115/1174/962 1192/1181/969 1132/1182/970 1081/1178/966
f 1116/1183/971 1080/1173/961 1256/1175/963 1317/1184/972
f 1108/1172/960 1271/1171/959 1315/1167/955 1167/1180/968
f 1166/1185/973 1316/1177/965 1253/1165/953 1107/1168/956
f 1089/1186/974 1123/1176/964 1316/1177/965 1257/1187/975
f 1110/1188/976 1257/1187/975 1316/1177/965 1166/1185/973
f 1165/1189/977 1317/1184/972 1256/1175/963 1109/1179/967
f 1082/1190/978 1116/1183/971 1317/1184/972 1258/1191/979
f 1124/1192/980 1089/1186/974 1257/1187/975 1318/1193/981
f 1111/1194/982 1258/1191/979 1317/1184/972 1165/1189/977
f 1164/1195/983 1318/1193/981 1257/1187/975 1110/1188/976
f 1090/1196/984 1124/1192/980 1318/1193/981 1259/1108/896
f 1117/1197/985 1082/1190/978 1258/1191/979 1319/1198/986
f 1096/1109/897 1259/1108/896 1318/1193/981 1164/1195/983
f 1163/1199/987 1319/1198/986 1258/1191/979 1111/1194/982
f 1083/1121/909 1117/1197/985 1319/1198/986 1261/1113/901
f 1125/1200/988 1090/1196/984 1259/1108/896 1304/1107/895
f 1098/1114/902 1261/1113/901 1319/1198/986 1163/1199/987
f 1081/1178/966 1130/1166/954 1315/1167/955 1271/1171/959
f 1091/1124/912 1125/1200/988 1304/1107/895 1242/1110/898
f 1080/1173/961 1131/1201/989 1192/1181/969 1115/1174/962
f 1116/1183/971 1193/1202/990 1131/1201/989 1080/1173/961
f 1082/1190/978 1133/1203/991 1193/1202/990 1116/1183/971
f 1117/1197/985 1194/1204/992 1133/1203/991 1082/1190/978
f 1083/1121/909 1134/1205/993 1194/1204/992 1117/1197/985
f 1118/1117/905 1195/1206/994 1134/1205/993 1083/1121/909
f 1084/1116/904 1135/1207/995 1195/1206/994 1118/1117/905
f 1119/1125/913 1196/1208/996 1135/1207/995 1084/1116/904
f 1085/1129/917 1136/1209/997 1196/1208/996 1119/1125/913
f 1120/1132/920 1197/1210/998 1136/1209/997 1085/1129/917
f 1086/1131/919 1137/1211/999 1197/1210/998 1120/1132/920
f 1121/1148/936 1198/1212/1000 1137/1211/999 1086/1131/919
f 1087/1152/940 1138/1213/1001 1198/1212/1000 1121/1148/936
f 1122/1160/948 1199/1214/1002 1138/1213/1001 1087/1152/940
f 1088/1164/952 1139/1215/1003 1199/1214/1002 1122/1160/948
f 1123/1176/964 1200/1216/1004 1139/1215/1003 1088/1164/952
f 1089/1186/974 1140/1217/1005 1200/1216/1004 1123/1176/964
f 1124/1192/980 1201/1218/1006 1140/1217/1005 1089/1186/974
f 1090/1196/984 1141/1219/1007 1201/1218/1006 1124/1192/980
f 1125/1200/988 1202/1220/1008 1141/1219/1007 1090/1196/984
f 1091/1124/912 1142/1221/1009 1202/1220/1008 1125/1200/988
f 1126/1123/911 1203/1141/929 1142/1221/1009 1091/1124/912
f 1093/1138/926 1144/1222/1010 1204/1223/1011 1127/1118/906
f 1127/1118/906 1204/1223/1011 1143/1140/928 1092/1119/907
f 1143/1140/928 1159/1224/1012 1219/1225/1013 1203/1141/929
f 1128/1142/930 1205/1226/1014 1144/1222/1010 1093/1138/926
f 1094/1146/934 1145/1227/1015 1205/1226/1014 1128/1142/930
f 1129/1154/942 1206/1228/1016 1145/1227/1015 1094/1146/934
f 1095/1158/946 1146/1229/1017 1206/1228/1016 1129/1154/942
f 1130/1166/954 1207/1230/1018 1146/1229/1017 1095/1158/946
f 1081/1178/966 1132/1182/970 1207/1230/1018 1130/1166/954
f 1132/1182/970 1192/1181/969 1208/1231/1019 1148/1232/1020
f 1131/1201/989 1147/1233/1021 1208/1231/1019 1192/1181/969
f 1079/1096/884 1208/1231/1019 1147/1233/1021
f 1148/1232/1020 1208/1231/1019 1079/1096/884
f 1131/1201/989 1193/1202/990 1209/1234/1022 1147/1233/1021
f 1133/1203/991 1149/1235/1023 1209/1234/1022 1193/1202/990
f 1149/1235/1023 1079/1096/884 1209/1234/1022
f 1147/1233/1021 1209/1234/1022 1079/1096/884
f 1133/1203/991 1194/1204/992 1210/1236/1024 1149/1235/1023
f 1134/1205/993 1150/1237/1025 1210/1236/1024 1194/1204/992
f 1150/1237/1025 1079/1096/884 1210/1236/1024
f 1149/1235/1023 1210/1236/1024 1079/1096/884
f 1134/1205/993 1195/1206/994 1211/1238/1026 1150/1237/1025
f 1135/1207/995 1151/1239/1027 1211/1238/1026 1195/1206/994
f 1151/1239/1027 1079/1096/884 1211/1238/1026
f 1150/1237/1025 1211/1238/1026 1079/1096/884
f 1135/1207/995 1196/1208/996 1212/1240/1028 1151/1239/1027
f 1136/1209/997 1152/1241/1029 1212/1240/1028 1196/1208/996
f 1152/1241/1029 1079/1096/884 1212/1240/1028
f 1151/1239/1027 1212/1240/1028 1079/1096/884
f 1136/1209/997 1197/1210/998 1213/1242/1030 1152/1241/1029
f 1137/1211/999 1153/1243/1031 1213/1242/1030 1197/1210/998
f 1153/1243/1031 1079/1096/884 1213/1242/1030
f 1152/1241/1029 1213/1242/1030 1079/1096/884
f 1137/1211/999 1198/1212/1000 1214/1244/1032 1153/1243/1031
f 1138/1213/1001 1154/1094/882 1214/1244/1032 1198/1212/1000
f 1154/1094/882 1079/1096/884 1214/1244/1032
f 1153/1243/1031 1214/1244/1032 1079/1096/884
f 1138/1213/1001 1199/1214/1002 1215/1095/883 1154/1094/882
f 1139/1215/1003 1155/1245/1033 1215/1095/883 1199/1214/1002
f 1155/1245/1033 1079/1096/884 1215/1095/883
f 1139/1215/1003 1200/1216/1004 1216/1246/1034 1155/1245/1033
f 1140/1217/1005 1156/1247/1035 1216/1246/1034 1200/1216/1004
f 1156/1247/1035 1079/1096/884 1216/1246/1034
f 1155/1245/1033 1216/1246/1034 1079/1096/884
f 1140/1217/1005 1201/1218/1006 1217/1248/1036 1156/1247/1035
f 1141/1219/1007 1157/1249/1037 1217/1248/1036 1201/1218/1006
f 1157/1249/1037 1079/1096/884 1217/1248/1036
f 1156/1247/1035 1217/1248/1036 1079/1096/884
f 1141/1219/1007 1202/1220/1008 1218/1250/1038 1157/1249/1037
f 1142/1221/1009 1158/1251/1039 1218/1250/1038 1202/1220/1008
f 1158/1251/1039 1079/1096/884 1218/1250/1038
f 1142/1221/1009 1203/1141/929 1219/1225/1013 1158/1251/1039
f 1144/1222/1010 1160/1252/1040 1220/1253/1041 1204/1223/1011
f 1157/1249/1037 1218/1250/1038 1079/1096/884
f 1158/1251/1039 1219/1225/1013 1079/1096/884
f 1143/1140/928 1204/1223/1011 1220/1253/1041 1159/1224/1012
f 1331/1254/1042 1263/1255/1043 1283/1256/1044 1345/1257/1045
f 1159/1224/1012 1079/1096/884 1219/1225/1013
f 1160/1252/1040 1079/1096/884 1220/1253/1041
f 1144/1222/1010 1205/1226/1014 1221/1258/1046 1160/1252/1040
f 1145/1227/1015 1161/1259/1047 1221/1258/1046 1205/1226/1014
f 1161/1259/1047 1079/1096/884 1221/1258/1046
f 1160/1252/1040 1221/1258/1046 1079/1096/884
f 1145/1227/1015 1206/1228/1016 1222/1260/1048 1161/1259/1047
f 1146/1229/1017 1162/1097/885 1222/1260/1048 1206/1228/1016
f 1162/1097/885 1079/1096/884 1222/1260/1048
f 1161/1259/1047 1222/1260/1048 1079/1096/884
f 1146/1229/1017 1207/1230/1018 1223/1098/886 1162/1097/885
f 1132/1182/970 1148/1232/1020 1223/1098/886 1207/1230/1018
f 1148/1232/1020 1079/1096/884 1223/1098/886
f 1276/1261/1049 1320/1262/1050 1367/1263/1051 1243/1264/1052
f 1320/1262/1050 1276/1261/1049 1098/1114/902 1163/1199/987
f 1274/1265/1053 1320/1262/1050 1163/1199/987 1111/1194/982
f 1273/1266/1054 1321/1267/1055 1164/1195/983 1110/1188/976
f 1367/1263/1051 1320/1262/1050 1274/1265/1053 1303/1268/1056
f 1275/1269/1057 1321/1267/1055 1365/1270/1058 1240/1271/1059
f 1321/1267/1055 1275/1269/1057 1096/1109/897 1164/1195/983
f 1272/1272/1060 1322/1273/1061 1165/1189/977 1109/1179/967
f 1321/1267/1055 1273/1266/1054 1301/1274/1062 1365/1270/1058
f 1274/1265/1053 1322/1273/1061 1363/1275/1063 1303/1268/1056
f 1322/1273/1061 1274/1265/1053 1111/1194/982 1165/1189/977
f 1270/1276/1064 1323/1277/1065 1166/1185/973 1107/1168/956
f 1322/1273/1061 1272/1272/1060 1299/1278/1066 1363/1275/1063
f 1273/1266/1054 1323/1277/1065 1361/1279/1067 1301/1274/1062
f 1323/1277/1065 1273/1266/1054 1110/1188/976 1166/1185/973
f 1269/1280/1068 1324/1281/1069 1167/1180/968 1106/1162/950
f 1323/1277/1065 1270/1276/1064 1297/1282/1070 1361/1279/1067
f 1277/1283/1071 1324/1281/1069 1359/1284/1072 1254/1285/1073
f 1324/1281/1069 1277/1283/1071 1108/1172/960 1167/1180/968
f 1277/1283/1071 1325/1286/1074 1168/1169/957 1108/1172/960
f 1324/1281/1069 1269/1280/1068 1295/1287/1075 1359/1284/1072
f 1272/1272/1060 1325/1286/1074 1357/1288/1076 1299/1278/1066
f 1325/1286/1074 1272/1272/1060 1109/1179/967 1168/1169/957
f 1268/1289/1077 1326/1290/1078 1169/1163/951 1105/1156/944
f 1325/1286/1074 1277/1283/1071 1254/1285/1073 1357/1288/1076
f 1270/1276/1064 1326/1290/1078 1355/1291/1079 1297/1282/1070
f 1326/1290/1078 1270/1276/1064 1107/1168/956 1169/1163/951
f 1267/1292/1080 1327/1293/1081 1170/1157/945 1104/1150/938
f 1326/1290/1078 1268/1289/1077 1293/1294/1082 1355/1291/1079
f 1269/1280/1068 1327/1293/1081 1353/1295/1083 1295/1287/1075
f 1327/1293/1081 1269/1280/1068 1106/1162/950 1170/1157/945
f 1266/1296/1084 1328/1297/1085 1171/1151/939 1103/1144/932
f 1327/1293/1081 1267/1292/1080 1291/1298/1086 1353/1295/1083
f 1268/1289/1077 1328/1297/1085 1351/1299/1087 1293/1294/1082
f 1328/1297/1085 1268/1289/1077 1105/1156/944 1171/1151/939
f 1265/1300/1088 1329/1301/1089 1172/1145/933 1102/1136/924
f 1328/1297/1085 1266/1296/1084 1289/1302/1090 1351/1299/1087
f 1267/1292/1080 1329/1301/1089 1349/1303/1091 1291/1298/1086
f 1329/1301/1089 1267/1292/1080 1104/1150/938 1172/1145/933
f 1264/1304/1092 1330/1305/1093 1173/1139/927 1101/1135/923
f 1329/1301/1089 1265/1300/1088 1287/1306/1094 1349/1303/1091
f 1266/1296/1084 1330/1305/1093 1347/1307/1095 1289/1302/1090
f 1330/1305/1093 1266/1296/1084 1103/1144/932 1173/1139/927
f 1263/1255/1043 1331/1254/1042 1174/1128/916 1100/1103/891
f 1330/1305/1093 1264/1304/1092 1285/1308/1096 1347/1307/1095
f 1265/1300/1088 1331/1254/1042 1345/1257/1045 1287/1306/1094
f 1331/1254/1042 1265/1300/1088 1102/1136/924 1174/1128/916
f 1262/1309/1097 1332/1310/1098 1175/1127/915 1099/1122/910
f 1264/1304/1092 1332/1310/1098 1343/1311/1099 1285/1308/1096
f 1263/1255/1043 1333/1312/1100 1341/1313/1101 1283/1256/1044
f 1332/1310/1098 1264/1304/1092 1101/1135/923 1175/1127/915
f 1260/1100/888 1333/1312/1100 1176/1106/894 1097/1101/889
f 1332/1310/1098 1262/1309/1097 1281/1314/1102 1343/1311/1099
f 1333/1312/1100 1260/1100/888 1279/1315/1103 1341/1313/1101
f 1333/1312/1100 1263/1255/1043 1100/1103/891 1176/1106/894
f 1276/1261/1049 1334/1316/1104 1177/1111/899 1098/1114/902
f 1262/1309/1097 1334/1316/1104 1339/1317/1105 1281/1314/1102
f 1334/1316/1104 1262/1309/1097 1099/1122/910 1177/1111/899
f 1275/1269/1057 1335/1099/887 1178/1102/890 1096/1109/897
f 1334/1316/1104 1276/1261/1049 1243/1264/1052 1339/1317/1105
f 1279/1315/1103 1260/1100/888 1335/1099/887 1337/1318/1106
f 1335/1099/887 1275/1269/1057 1240/1271/1059 1337/1318/1106
f 1241/1319/1107 1336/1320/1108 1224/1321/1109 1112/1322/1110
f 1336/1320/1108 1278/1323/1111 1179/1324/1112 1224/1321/1109
f 1179/1324/1112 1279/1315/1103 1337/1318/1106 1224/1321/1109
f 1112/1322/1110 1224/1321/1109 1337/1318/1106 1240/1271/1059
f 1244/1325/1113 1338/1326/1114 1225/1327/1115 1113/1328/1116
f 1338/1326/1114 1280/1329/1117 1180/1330/1118 1225/1327/1115
f 1180/1330/1118 1281/1314/1102 1339/1317/1105 1225/1327/1115
f 1113/1328/1116 1225/1327/1115 1339/1317/1105 1243/1264/1052
f 1278/1323/1111 1340/1331/1119 1226/1332/1120 1179/1324/1112
f 1179/1324/1112 1226/1332/1120 1341/1313/1101 1279/1315/1103
f 1340/1331/1119 1282/1333/1121 1181/1334/1122 1226/1332/1120
f 1181/1334/1122 1283/1256/1044 1341/1313/1101 1226/1332/1120
f 1280/1329/1117 1342/1335/1123 1227/1336/1124 1180/1330/1118
f 1342/1335/1123 1284/1337/1125 1182/1338/1126 1227/1336/1124
f 1182/1338/1126 1285/1308/1096 1343/1311/1099 1227/1336/1124
f 1180/1330/1118 1227/1336/1124 1343/1311/1099 1281/1314/1102
f 1282/1333/1121 1344/1339/1127 1228/1340/1128 1181/1334/1122
f 1181/1334/1122 1228/1340/1128 1345/1257/1045 1283/1256/1044
f 1344/1339/1127 1286/1341/1129 1183/1342/1130 1228/1340/1128
f 1183/1342/1130 1287/1306/1094 1345/1257/1045 1228/1340/1128
f 1284/1337/1125 1346/1343/1131 1229/1344/1132 1182/1338/1126
f 1346/1343/1131 1288/1345/1133 1184/1346/1134 1229/1344/1132
f 1184/1346/1134 1289/1302/1090 1347/1307/1095 1229/1344/1132
f 1182/1338/1126 1229/1344/1132 1347/1307/1095 1285/1308/1096
f 1286/1341/1129 1348/1347/1135 1230/1348/1136 1183/1342/1130
f 1348/1347/1135 1290/1349/1137 1185/1350/1138 1230/1348/1136
f 1185/1350/1138 1291/1298/1086 1349/1303/1091 1230/1348/1136
f 1183/1342/1130 1230/1348/1136 1349/1303/1091 1287/1306/1094
f 1288/1345/1133 1350/1351/1139 1231/1352/1140 1184/1346/1134
f 1350/1351/1139 1292/1353/1141 1186/1354/1142 1231/1352/1140
f 1186/1354/1142 1293/1294/1082 1351/1299/1087 1231/1352/1140
f 1184/1346/1134 1231/1352/1140 1351/1299/1087 1289/1302/1090
f 1290/1349/1137 1352/1355/1143 1232/1356/1144 1185/1350/1138
f 1352/1355/1143 1294/1357/1145 1187/1358/1146 1232/1356/1144
f 1187/1358/1146 1295/1287/1075 1353/1295/1083 1232/1356/1144
f 1185/1350/1138 1232/1356/1144 1353/1295/1083 1291/1298/1086
f 1292/1353/1141 1354/1359/1147 1233/1360/1148 1186/1354/1142
f 1354/1359/1147 1296/1361/1149 1188/1362/1150 1233/1360/1148
f 1188/1362/1150 1297/1282/1070 1355/1291/1079 1233/1360/1148
f 1186/1354/1142 1233/1360/1148 1355/1291/1079 1293/1294/1082
f 1255/1363/1151 1356/1364/1152 1234/1365/1153 1114/1366/1154
f 1356/1364/1152 1298/1367/1155 1189/1368/1156 1234/1365/1153
f 1189/1368/1156 1299/1278/1066 1357/1288/1076 1234/1365/1153
f 1114/1366/1154 1234/1365/1153 1357/1288/1076 1254/1285/1073
f 1294/1357/1145 1358/1369/1157 1235/1370/1158 1187/1358/1146
f 1358/1369/1157 1255/1363/1151 1114/1366/1154 1235/1370/1158
f 1114/1366/1154 1254/1285/1073 1359/1284/1072 1235/1370/1158
f 1187/1358/1146 1235/1370/1158 1359/1284/1072 1295/1287/1075
f 1296/1361/1149 1360/1371/1159 1236/1372/1160 1188/1362/1150
f 1360/1371/1159 1300/1373/1161 1190/1374/1162 1236/1372/1160
f 1190/1374/1162 1301/1274/1062 1361/1279/1067 1236/1372/1160
f 1188/1362/1150 1236/1372/1160 1361/1279/1067 1297/1282/1070
f 1298/1367/1155 1362/1375/1163 1237/1376/1164 1189/1368/1156
f 1362/1375/1163 1302/1377/1165 1191/1378/1166 1237/1376/1164
f 1191/1378/1166 1303/1268/1056 1363/1275/1063 1237/1376/1164
f 1189/1368/1156 1237/1376/1164 1363/1275/1063 1299/1278/1066
f 1300/1373/1161 1364/1379/1167 1238/1380/1168 1190/1374/1162
f 1364/1379/1167 1241/1319/1107 1112/1322/1110 1238/1380/1168
f 1112/1322/1110 1240/1271/1059 1365/1270/1058 1238/1380/1168
f 1190/1374/1162 1238/1380/1168 1365/1270/1058 1301/1274/1062
f 1302/1377/1165 1366/1381/1169 1239/1382/1170 1191/1378/1166
f 1366/1381/1169 1244/1325/1113 1113/1328/1116 1239/1382/1170
f 1113/1328/1116 1243/1264/1052 1367/1263/1051 1239/1382/1170
f 1191/1378/1166 1239/1382/1170 1367/1263/1051 1303/1268/1056
f 1159/1224/1012 1220/1253/1041 1079/1096/884
o bottom
v -10.202765 -21.459034 -7.433125
v -6.580923 -21.459034 -10.775111
v -12.269992 -21.459034 -2.959516
v -12.467883 -21.459034 1.964655
v -10.766314 -21.459034 6.589724
v -7.424329 -21.459034 10.211567
v -2.950717 -21.459034 12.278792
v 1.973452 -21.459034 12.476683
v 6.598522 -21.459034 10.775111
v 10.220365 -21.459034 7.433126
v 12.287590 -21.459034 2.959519
v 12.485480 -21.459034 -1.964651
v 10.783909 -21.459034 -6.589721
v 7.441924 -21.459034 -10.211566
v 2.968316 -21.459034 -12.278790
v -1.955853 -21.459034 -12.476681
v 0.008799 -20.339298 0.000001
v -7.766723 -20.559246 -5.659901
v -5.008898 -20.559246 -8.204632
v -9.340797 -20.559246 -2.253502
v -9.491481 -20.559246 1.495973
v -8.195833 -20.559246 5.017697
v -5.651103 -20.559246 7.775524
v -2.244703 -20.559246 9.349598
v 1.504770 -20.559246 9.500279
v 5.026496 -20.559246 8.204632
v 7.784322 -20.559246 5.659901
v 9.358396 -20.559246 2.253505
v 9.509077 -20.559246 -1.495968
v 8.213428 -20.559246 -5.017695
v 5.668698 -20.559246 -7.775523
v 2.262302 -20.559246 -9.349598
v -1.487172 -20.559246 -9.500279
v -6.510334 -20.559246 -7.065049
v -8.717772 -20.559246 -4.032490
v -9.596670 -20.559246 -0.386020
v -9.013222 -20.559246 3.319219
v -7.056253 -20.559246 6.519135
v -4.023692 -20.559246 8.726572
v -0.377223 -20.559246 9.605469
v 3.328016 -20.559246 9.022020
v 6.527933 -20.559246 7.065050
v 8.735372 -20.559246 4.032493
v 9.614267 -20.559246 0.386023
v 9.030818 -20.559246 -3.319215
v 7.073848 -20.559246 -6.519134
v 4.041289 -20.559246 -8.726572
v 0.394821 -20.559246 -9.605469
v -3.310418 -20.559246 -9.022020
v 8.899898 -20.899899 -5.437518
v 6.142252 -20.899899 -8.426088
v -6.124658 -20.899899 8.426089
v -2.433250 -20.899899 10.131863
v 2.450850 -20.899899 -10.131863
v 1.629935 -20.899899 10.295153
v -1.612337 -20.899899 -10.295154
v 5.446319 -20.899899 8.891100
v -5.428720 -20.899899 -8.891100
v -8.417289 -20.899899 -6.133455
v 8.434888 -20.899899 6.133456
v -10.123063 -20.899899 -2.442049
v 10.140661 -20.899899 2.442050
v -10.286354 -20.899899 1.621138
v 10.303950 -20.899899 -1.621134
v -8.882301 -20.899899 5.437520
v -4.416571 -20.383038 -7.236095
v -6.848844 -20.383038 -4.991765
v -8.237103 -20.383038 -1.987483
v -8.369998 -20.383038 1.319375
v -7.227297 -20.383038 4.425370
v -4.982967 -20.383038 6.857643
v -1.978685 -20.383038 8.245901
v 1.328172 -20.383038 8.378797
v 4.434167 -20.383038 7.236096
v 6.866441 -20.383038 4.991766
v 8.254700 -20.383038 1.987484
v 8.387595 -20.383038 -1.319373
v 7.244895 -20.383038 -4.425368
v 5.000565 -20.383038 -6.857641
v 1.996282 -20.383038 -8.245900
v -1.310575 -20.383038 -8.378796
v -8.556233 -21.459034 -9.282274
v -11.456432 -21.459034 -5.298008
v -12.611156 -21.459034 -0.507164
v -11.844604 -21.459034 4.360888
v -9.273479 -21.459034 8.565036
v -5.289209 -21.459034 11.465233
v -0.498367 -21.459034 12.619953
v 4.369686 -21.459034 11.853400
v 8.573834 -21.459034 9.282276
v 11.474032 -21.459034 5.298009
v 12.628749 -21.459034 0.507169
v 11.862197 -21.459034 -4.360885
v 9.291072 -21.459034 -8.565034
v 5.306808 -21.459034 -11.465232
v 0.515966 -21.459034 -12.619952
v -4.352087 -21.459034 -11.853400
v -6.734756 -21.407406 -11.026649
v -10.441150 -21.407406 -7.606648
v -12.556634 -21.407406 -3.028603
v -12.759147 -21.407406 2.010519
v -11.017853 -21.407406 6.743558
v -7.597852 -21.407406 10.449951
v -3.019806 -21.407406 12.565434
v 2.019315 -21.407406 12.767942
v 6.752356 -21.407406 11.026649
v 10.458749 -21.407406 7.606649
v 12.574233 -21.407406 3.028607
v 12.776741 -21.407406 -2.010514
v 11.035448 -21.407406 -6.743555
v 7.615446 -21.407406 -10.449949
v 3.037405 -21.407406 -12.565434
v -2.001717 -21.407406 -12.767942
v -9.279792 -21.416744 -6.761281
v -5.985309 -21.416744 -9.801200
v -11.160172 -21.416744 -2.692020
v -11.340175 -21.416744 1.787078
v -9.792401 -21.416744 5.994109
v -6.752483 -21.416744 9.288590
v -2.683221 -21.416744 11.168971
v 1.795876 -21.416744 11.348973
v 6.002908 -21.416744 9.801200
v 9.297389 -21.416744 6.761281
v 11.177768 -21.416744 2.692023
v 11.357770 -21.416744 -1.787074
v 9.809997 -21.416744 -5.994106
v 6.770078 -21.416744 -9.288590
v 2.700821 -21.416744 -11.168970
v -1.778277 -21.416744 -11.348973
v 7.668080 -20.899899 -7.067450
v -4.362861 -20.899899 9.460554
v 4.380457 -20.899899 -9.460554
v -0.409689 -20.899899 10.413374
v 0.427288 -20.899899 -10.413374
v 3.607191 -20.899899 9.780851
v -7.058652 -20.899899 -7.659284
v -3.589592 -20.899899 -9.780851
v 7.076251 -20.899899 7.659284
v -9.451755 -20.899899 -4.371659
v 9.469353 -20.899899 4.371660
v -10.404574 -20.899899 -0.418487
v 10.422173 -20.899899 0.418491
v -9.772054 -20.899899 3.598394
v 9.789649 -20.899899 -3.598390
v -7.650486 -20.899899 7.067451
v -5.743231 -20.383038 -6.233709
v -7.690921 -20.383038 -3.557990
v -8.466398 -20.383038 -0.340599
v -7.951604 -20.383038 2.928646
v -6.224911 -20.383038 5.752030
v -3.549192 -20.383038 7.699720
v -0.331801 -20.383038 8.475198
v 2.937443 -20.383038 7.960404
v 5.760828 -20.383038 6.233710
v 7.708518 -20.383038 3.557991
v 8.483996 -20.383038 0.340601
v 7.969202 -20.383038 -2.928644
v 6.242508 -20.383038 -5.752028
v 3.566789 -20.383038 -7.699718
v 0.349398 -20.383038 -8.475197
v -2.919846 -20.383038 -7.960402
v -8.756182 -21.407402 -9.498966
v -11.724083 -21.407402 -5.421686
v -12.905760 -21.407402 -0.519004
v -12.121315 -21.407402 4.462690
v -9.490168 -21.407402 8.764981
v -5.412887 -21.407402 11.732883
v -0.510206 -21.407402 12.914558
v 4.471489 -21.407402 12.130112
v 8.773781 -21.407402 9.498966
v 11.741681 -21.407402 5.421688
v 12.923358 -21.407402 0.519007
v 12.138909 -21.407402 -4.462687
v 9.507762 -21.407402 -8.764979
v 5.430485 -21.407402 -11.732882
v 0.527805 -21.407402 -12.914558
v -4.453890 -21.407402 -12.130112
v -7.782081 -21.416744 -8.443294
v -10.420144 -21.416744 -4.819146
v -11.470495 -21.416744 -0.461325
v -10.773230 -21.416744 3.966728
v -8.434496 -21.416744 7.790882
v -4.810347 -21.416744 10.428946
v -0.452527 -21.416744 11.479296
v 3.975526 -21.416744 10.782028
v 7.799680 -21.416744 8.443294
v 10.437743 -21.416744 4.819146
v 11.488095 -21.416744 0.461328
v 10.790823 -21.416744 -3.966723
v 8.452090 -21.416744 -7.790880
v 4.827944 -21.416744 -10.428945
v 0.470126 -21.416744 -11.479296
v -3.957928 -21.416744 -10.782029
vt 0.000000 0.000000
vt 0.000000 0.000000
vt 0.000000 0.000000
vt 0.000000 0.000000
vt 0.000000 0.000000
vt 0.000000 0.000000
vt 0.000000 0.000000
vt 0.000000 0.000000
vt 0.000000 0.000000
vt 0.000000 0.000000
vt 0.000000 0.000000
vt 0.000000 0.000000
vt 0.000000 0.000000
vt 0.000000 0.000000
vt 0.000000 0.000000
vt 0.000000 0.000000
vt 0.000000 0.000000
vt 0.000000 0.000000
vt 0.000000 0.000000
vt 0.000000 0.000000
vt 0.000000 0.000000
vt 0.000000 0.000000
vt 0.000000 0.000000
vt 0.000000 0.000000
vt 0.000000 0.000000
vt 0.000000 0.000000
vt 0.000000 0.000000
vt 0.000000 0.000000
vt 0.000000 0.000000
vt 0.000000 0.000000
vt 0.000000 0.000000
vt 0.000000 0.000000
vt 0.000000 0.000000
vt 0.000000 0.000000
vt 0.000000 0.000000
vt 0.000000 0.000000
vt 0.000000 0.000000
vt 0.000000 0.000000
vt 0.000000 0.000000
vt 0.000000 0.000000
vt 0.000000 0.000000
vt 0.000000 0.000000
vt 0.000000 0.000000
vt 0.000000 0.000000
vt 0.000000 0.000000
vt 0.000000 0.000000
vt 0.000000 0.000000
vt 0.000000 0.000000
vt 0.000000 0.000000
vt 0.000000 0.000000
vt 0.000000 0.000000
vt 0.000000 0.000000
vt 0.000000 0.000000
vt 0.000000 0.000000
vt 0.000000 0.000000
vt 0.000000 0.000000
vt 0.000000 0.000000
vt 0.000000 0.000000
vt 0.000000 0.000000
vt 0.000000 0.000000
vt 0.000000 0.000000
vt 0.000000 0.000000
vt 0.000000 0.000000
vt 0.000000 0.000000
vt 0.000000 0.000000
vt 0.000000 0.000000
vt 0.000000 0.000000
vt 0.000000 0.000000
vt 0.000000 0.000000
vt 0.000000 0.000000
vt 0.000000 0.000000
vt 0.000000 0.000000
vt 0.000000 0.000000
vt 0.000000 0.000000
vt 0.000000 0.000000
vt 0.000000 0.000000
vt 0.000000 0.000000
vt 0.000000 0.000000
vt 0.000000 0.000000
vt 0.000000 0.000000
vt 0.000000 0.000000
vt 0.000000 0.000000
vt 0.000000 0.000000
vt 0.000000 0.000000
vt 0.000000 0.000000
vt 0.000000 0.000000
vt 0.000000 0.000000
vt 0.000000 0.000000
vt 0.000000 0.000000
vt 0.000000 0.000000
vt 0.000000 0.000000
vt 0.000000 0.000000
vt 0.000000 0.000000
vt 0.000000 0.000000
vt 0.000000 0.000000
vt 0.000000 0.000000
vt 0.000000 0.000000
vt 0.000000 0.000000
vt 0.000000 0.000000
vt 0.000000 0.000000
vt 0.000000 0.000000
vt 0.000000 0.000000
vt 0.000000 0.000000
vt 0.000000 0.000000
vt 0.000000 0.000000
vt 0.000000 0.000000
vt 0.000000 0.000000
vt 0.000000 0.000000
vt 0.000000 0.000000
vt 0.000000 0.000000
vt 0.000000 0.000000
vt 0.000000 0.000000
vt 0.000000 0.000000
vt 0.000000 0.000000
vt 0.000000 0.000000
vt 0.000000 0.000000
vt 0.000000 0.000000
vt 0.000000 0.000000
vt 0.000000 0.000000
vt 0.000000 0.000000
vt 0.000000 0.000000
vt 0.000000 0.000000
vt 0.000000 0.000000
vt 0.000000 0.000000
vt 0.000000 0.000000
vt 0.000000 0.000000
vt 0.000000 0.000000
vt 0.000000 0.000000
vt 0.000000 0.000000
vt 0.000000 0.000000
vt 0.000000 0.000000
vt 0.000000 0.000000
vt 0.000000 0.000000
vt 0.000000 0.000000
vt 0.000000 0.000000
vt 0.000000 0.000000
vt 0.000000 0.000000
vt 0.000000 0.000000
vt 0.000000 0.000000
vt 0.000000 0.000000
vt 0.000000 0.000000
vt 0.000000 0.000000
vt 0.000000 0.000000
vt 0.000000 0.000000
vt 0.000000 0.000000
vt 0.000000 0.000000
vt 0.000000 0.000000
vt 0.000000 0.000000
vt 0.000000 0.000000
vt 0.000000 0.000000
vt 0.000000 0.000000
vt 0.000000 0.000000
vt 0.000000 0.000000
vt 0.000000 0.000000
vt 0.000000 0.000000
vt 0.000000 0.000000
vt 0.000000 0.000000
vt 0.000000 0.000000
vt 0.000000 0.000000
vt 0.000000 0.000000
vt 0.000000 0.000000
vt 0.000000 0.000000
vt 0.000000 0.000000
vt 0.000000 0.000000
vt 0.000000 0.000000
vt 0.000000 0.000000
vt 0.000000 0.000000
vt 0.000000 0.000000
vt 0.000000 0.000000
vt 0.000000 0.000000
vt 0.000000 0.000000
vt 0.000000 0.000000
vt 0.000000 0.000000
vt 0.000000 0.000000
vt 0.000000 0.000000
vt 0.000000 0.000000
vt 0.000000 0.000000
vt 0.000000 0.000000
vt 0.000000 0.000000
vt 0.000000 0.000000
vt 0.000000 0.000000
vt 0.000000 0.000000
vt 0.000000 0.000000
vt 0.000000 0.000000
vt 0.000000 0.000000
vt 0.000000 0.000000
vt 0.000000 0.000000
vt 0.000000 0.000000
vt 0.000000 0.000000
vt 0.000000 0.000000
vt 0.000000 0.000000
vt 0.000000 0.000000
vt 0.000000 0.000000
vn -0.3532 -0.9103 0.2160
vn -0.3043 -0.9102 0.2807
vn -0.1687 -0.9733 0.1556
vn -0.1958 -0.9733 0.1197
vn -0.2436 -0.9103 0.3347
vn -0.1350 -0.9733 0.1855
vn -0.1737 -0.9102 0.3758
vn -0.0963 -0.9733 0.2083
vn -0.1651 -0.9598 0.2268
vn -0.2060 -0.9599 0.1901
vn 0.0637 -0.9972 -0.0389
vn 0.0700 -0.9972 -0.0258
vn -0.2154 -0.9733 0.0792
vn -0.2394 -0.9598 0.1464
vn -0.0603 -0.9972 -0.0439
vn -0.0506 -0.9972 -0.0548
vn 0.1556 -0.9733 0.1687
vn 0.1855 -0.9733 0.1350
vn 0.1197 -0.9733 0.1958
vn 0.2160 -0.9103 0.3532
vn 0.2807 -0.9102 0.3043
vn 0.1176 -0.9599 -0.2545
vn 0.1737 -0.9102 -0.3758
vn 0.2436 -0.9103 -0.3347
vn 0.1651 -0.9598 -0.2268
vn 0.0537 -0.9733 -0.2231
vn 0.0970 -0.9103 -0.4024
vn 0.0166 -0.9102 -0.4137
vn 0.0092 -0.9733 -0.2293
vn 0.1350 -0.9733 -0.1855
vn 0.0963 -0.9733 -0.2083
vn 0.0657 -0.9598 -0.2727
vn -0.0537 -0.9733 0.2231
vn -0.0970 -0.9103 0.4024
vn -0.1176 -0.9599 0.2545
vn -0.0166 -0.9102 0.4137
vn -0.0092 -0.9733 0.2293
vn -0.0657 -0.9598 0.2727
vn -0.0357 -0.9733 -0.2267
vn -0.0644 -0.9103 -0.4089
vn 0.0112 -0.9599 -0.2801
vn -0.1429 -0.9102 -0.3885
vn -0.0792 -0.9733 -0.2154
vn -0.0436 -0.9598 -0.2771
vn 0.0357 -0.9733 0.2267
vn 0.0644 -0.9103 0.4089
vn -0.0112 -0.9599 0.2801
vn 0.1429 -0.9102 0.3885
vn 0.0792 -0.9733 0.2154
vn 0.0436 -0.9598 0.2771
vn -0.1197 -0.9733 -0.1958
vn -0.2160 -0.9103 -0.3532
vn -0.0968 -0.9599 -0.2631
vn -0.2807 -0.9102 -0.3043
vn -0.1556 -0.9733 -0.1687
vn -0.1464 -0.9598 -0.2394
vn 0.3347 -0.9103 0.2436
vn 0.1901 -0.9599 0.2060
vn 0.1464 -0.9598 0.2394
vn 0.3758 -0.9102 0.1737
vn 0.2083 -0.9733 0.0963
vn 0.2268 -0.9598 0.1651
vn 0.0968 -0.9599 0.2631
vn -0.0389 -0.9972 -0.0637
vn -0.1855 -0.9733 -0.1350
vn -0.3347 -0.9103 -0.2436
vn -0.1901 -0.9599 -0.2060
vn -0.3758 -0.9102 -0.1737
vn -0.2083 -0.9733 -0.0963
vn -0.2268 -0.9598 -0.1651
vn 0.2231 -0.9733 0.0537
vn 0.4024 -0.9103 0.0970
vn 0.2545 -0.9599 0.1176
vn 0.4137 -0.9102 0.0166
vn 0.2293 -0.9733 0.0092
vn 0.2727 -0.9598 0.0657
vn -0.2231 -0.9733 -0.0537
vn -0.4024 -0.9103 -0.0970
vn -0.2545 -0.9599 -0.1176
vn -0.4137 -0.9102 -0.0166
vn -0.2293 -0.9733 -0.0092
vn -0.2727 -0.9598 -0.0657
vn 0.2267 -0.9733 -0.0357
vn 0.4089 -0.9103 -0.0644
vn 0.2801 -0.9599 0.0112
vn 0.3885 -0.9102 -0.1429
vn 0.2154 -0.9733 -0.0792
vn 0.2771 -0.9598 -0.0436
vn -0.2267 -0.9733 0.0357
vn -0.4089 -0.9103 0.0644
vn -0.2801 -0.9599 -0.0112
vn -0.3885 -0.9102 0.1429
vn -0.2631 -0.9599 0.0968
vn -0.2771 -0.9598 0.0436
vn 0.1958 -0.9733 -0.1197
vn 0.3532 -0.9103 -0.2160
vn 0.2631 -0.9599 -0.0968
vn 0.3043 -0.9102 -0.2807
vn 0.1687 -0.9733 -0.1556
vn 0.2394 -0.9598 -0.1464
vn -0.0790 -0.9964 0.0291
vn -0.0718 -0.9964 0.0439
vn 0.2060 -0.9599 -0.1901
vn 0.0571 -0.9964 0.0619
vn 0.0681 -0.9964 0.0496
vn 0.0439 -0.9964 0.0718
vn 0.0000 -1.0000 0.0000
vn 0.0765 -0.9964 0.0353
vn 0.0819 -0.9964 0.0197
vn 0.0842 -0.9964 0.0034
vn 0.0832 -0.9964 -0.0131
vn 0.0790 -0.9964 -0.0291
vn 0.0718 -0.9964 -0.0439
vn 0.0619 -0.9964 -0.0571
vn 0.0496 -0.9964 -0.0681
vn 0.0353 -0.9964 -0.0765
vn 0.0197 -0.9964 -0.0819
vn 0.0034 -0.9964 -0.0842
vn -0.0131 -0.9964 -0.0832
vn -0.0291 -0.9964 -0.0790
vn -0.0439 -0.9964 -0.0718
vn -0.0571 -0.9964 -0.0619
vn -0.0681 -0.9964 -0.0496
vn -0.0765 -0.9964 -0.0353
vn -0.0819 -0.9964 -0.0197
vn -0.0842 -0.9964 -0.0034
vn -0.0832 -0.9964 0.0131
vn -0.0619 -0.9964 0.0571
vn -0.0496 -0.9964 0.0681
vn -0.0353 -0.9964 0.0765
vn -0.0197 -0.9964 0.0819
vn 0.1471 -0.9850 -0.0900
vn 0.1619 -0.9850 -0.0595
vn -0.0034 -0.9964 0.0842
vn 0.0131 -0.9964 0.0832
vn 0.0291 -0.9964 0.0790
vn -0.0900 -0.9850 -0.1471
vn -0.1169 -0.9850 -0.1267
vn -0.1394 -0.9850 -0.1015
vn -0.1677 -0.9850 -0.0404
vn -0.1566 -0.9850 -0.0723
vn -0.0677 -0.9972 -0.0313
vn -0.0725 -0.9972 -0.0175
vn -0.1704 -0.9850 0.0268
vn -0.1723 -0.9850 -0.0069
vn -0.0746 -0.9972 -0.0030
vn -0.0737 -0.9972 0.0116
vn -0.1471 -0.9850 0.0900
vn -0.1619 -0.9850 0.0595
vn -0.0700 -0.9972 0.0258
vn -0.0637 -0.9972 0.0389
vn -0.1015 -0.9850 0.1394
vn -0.1267 -0.9850 0.1169
vn -0.0548 -0.9972 0.0506
vn -0.0439 -0.9972 0.0603
vn -0.0404 -0.9850 0.1677
vn -0.0723 -0.9850 0.1566
vn -0.0313 -0.9972 0.0677
vn -0.0175 -0.9972 0.0725
vn 0.0268 -0.9850 0.1704
vn -0.0069 -0.9850 0.1723
vn -0.0030 -0.9972 0.0746
vn 0.0116 -0.9972 0.0737
vn 0.0900 -0.9850 0.1471
vn 0.0595 -0.9850 0.1619
vn 0.0258 -0.9972 0.0700
vn 0.0389 -0.9972 0.0637
vn 0.1394 -0.9850 0.1015
vn 0.1169 -0.9850 0.1267
vn 0.0506 -0.9972 0.0548
vn 0.0603 -0.9972 0.0439
vn 0.1677 -0.9850 0.0404
vn 0.1566 -0.9850 0.0723
vn 0.0677 -0.9972 0.0313
vn 0.0725 -0.9972 0.0175
vn 0.1704 -0.9850 -0.0268
vn 0.1723 -0.9850 0.0069
vn 0.0746 -0.9972 0.0030
vn 0.0737 -0.9972 -0.0116
vn 0.0548 -0.9972 -0.0506
vn 0.1267 -0.9850 -0.1169
vn 0.1015 -0.9850 -0.1394
vn 0.0439 -0.9972 -0.0603
vn 0.0313 -0.9972 -0.0677
vn 0.0723 -0.9850 -0.1566
vn 0.0404 -0.9850 -0.1677
vn 0.0175 -0.9972 -0.0725
vn -0.0268 -0.9850 -0.1704
vn 0.0069 -0.9850 -0.1723
vn 0.0030 -0.9972 -0.0746
vn -0.0116 -0.9972 -0.0737
vn -0.0595 -0.9850 -0.1619
vn -0.0258 -0.9972 -0.0700
s 1
f 1417/1383/1171 1497/1384/1172 1557/1385/1173 1493/1386/1174
f 1418/1387/1175 1494/1388/1176 1557/1385/1173 1497/1384/1172
f 1494/1388/1176 1418/1387/1175 1499/1389/1177 1558/1390/1178
f 1398/1391/1179 1418/1387/1175 1497/1384/1172 1413/1392/1180
f 1380/1393/1181 1460/1394/1182 1556/1395/1183 1493/1386/1174
f 1413/1392/1180 1497/1384/1172 1417/1383/1171 1397/1396/1184
f 1368/1397/1185 1449/1398/1186 1545/1399/1187 1481/1400/1188
f 1482/1401/1189 1425/1402/1190 1503/1403/1191 1545/1399/1187
f 1406/1404/1192 1498/1405/1193 1419/1406/1194 1390/1407/1195
f 1487/1408/1196 1420/1409/1197 1500/1410/1198 1551/1411/1199
f 1486/1412/1200 1419/1406/1194 1498/1405/1193 1550/1413/1201
f 1391/1414/1202 1420/1409/1197 1498/1405/1193 1406/1404/1192
f 1495/1415/1203 1558/1390/1178 1499/1389/1177 1421/1416/1204
f 1414/1417/1205 1499/1389/1177 1418/1387/1175 1398/1391/1179
f 1495/1415/1203 1421/1416/1204 1501/1418/1206 1559/1419/1207
f 1399/1420/1208 1421/1416/1204 1499/1389/1177 1414/1417/1205
f 1488/1421/1209 1551/1411/1199 1500/1410/1198 1422/1422/1210
f 1407/1423/1211 1500/1410/1198 1420/1409/1197 1391/1414/1202
f 1488/1421/1209 1422/1422/1210 1502/1424/1212 1552/1425/1213
f 1392/1426/1214 1422/1422/1210 1500/1410/1198 1407/1423/1211
f 1496/1427/1215 1559/1419/1207 1501/1418/1206 1423/1428/1216
f 1415/1429/1217 1501/1418/1206 1421/1416/1204 1399/1420/1208
f 1496/1427/1215 1423/1428/1216 1504/1430/1218 1560/1431/1219
f 1400/1432/1220 1423/1428/1216 1501/1418/1206 1415/1429/1217
f 1489/1433/1221 1552/1425/1213 1502/1424/1212 1424/1434/1222
f 1408/1435/1223 1502/1424/1212 1422/1422/1210 1392/1426/1214
f 1489/1433/1221 1424/1434/1222 1505/1436/1224 1553/1437/1225
f 1393/1438/1226 1424/1434/1222 1502/1424/1212 1408/1435/1223
f 1481/1400/1188 1545/1399/1187 1503/1403/1191 1426/1439/1227
f 1401/1440/1228 1503/1403/1191 1425/1402/1190 1386/1441/1229
f 1481/1400/1188 1426/1439/1227 1506/1442/1230 1546/1443/1231
f 1385/1444/1232 1426/1439/1227 1503/1403/1191 1401/1440/1228
f 1482/1401/1189 1560/1431/1219 1504/1430/1218 1425/1402/1190
f 1416/1445/1233 1504/1430/1218 1423/1428/1216 1400/1432/1220
f 1449/1398/1186 1369/1446/1234 1482/1401/1189 1545/1399/1187
f 1386/1441/1229 1425/1402/1190 1504/1430/1218 1416/1445/1233
f 1490/1447/1235 1553/1437/1225 1505/1436/1224 1427/1448/1236
f 1409/1449/1237 1505/1436/1224 1424/1434/1222 1393/1438/1226
f 1490/1447/1235 1427/1448/1236 1507/1450/1238 1554/1451/1239
f 1394/1452/1240 1427/1448/1236 1505/1436/1224 1409/1449/1237
f 1483/1453/1241 1546/1443/1231 1506/1442/1230 1428/1454/1242
f 1402/1455/1243 1506/1442/1230 1426/1439/1227 1385/1444/1232
f 1483/1453/1241 1428/1454/1242 1508/1456/1244 1547/1457/1245
f 1387/1458/1246 1428/1454/1242 1506/1442/1230 1402/1455/1243
f 1491/1459/1247 1554/1451/1239 1507/1450/1238 1429/1460/1248
f 1410/1461/1249 1507/1450/1238 1427/1448/1236 1394/1452/1240
f 1491/1459/1247 1429/1460/1248 1509/1462/1250 1555/1463/1251
f 1395/1464/1252 1429/1460/1248 1507/1450/1238 1410/1461/1249
f 1484/1465/1253 1547/1457/1245 1508/1456/1244 1430/1466/1254
f 1403/1467/1255 1508/1456/1244 1428/1454/1242 1387/1458/1246
f 1484/1465/1253 1430/1466/1254 1510/1468/1256 1548/1469/1257
f 1388/1470/1258 1430/1466/1254 1508/1456/1244 1403/1467/1255
f 1492/1471/1259 1555/1463/1251 1509/1462/1250 1431/1472/1260
f 1411/1473/1261 1509/1462/1250 1429/1460/1248 1395/1464/1252
f 1397/1396/1184 1417/1383/1171 1511/1474/1262 1412/1475/1263
f 1396/1476/1264 1431/1472/1260 1509/1462/1250 1411/1473/1261
f 1485/1477/1265 1548/1469/1257 1510/1468/1256 1432/1478/1266
f 1404/1479/1267 1510/1468/1256 1430/1466/1254 1388/1470/1258
f 1485/1477/1265 1432/1478/1266 1512/1480/1268 1549/1481/1269
f 1389/1482/1270 1432/1478/1266 1510/1468/1256 1404/1479/1267
f 1492/1471/1259 1431/1472/1260 1511/1474/1262 1556/1395/1183
f 1412/1475/1263 1511/1474/1262 1431/1472/1260 1396/1476/1264
f 1486/1412/1200 1549/1481/1269 1512/1480/1268 1419/1406/1194
f 1397/1396/1184 1412/1475/1263 1524/1483/1271 1445/1484/1272
f 1405/1485/1273 1512/1480/1268 1432/1478/1266 1389/1482/1270
f 1390/1407/1195 1419/1406/1194 1512/1480/1268 1405/1485/1273
f 1385/1444/1232 1401/1440/1228 1513/1486/1274 1434/1487/1275
f 1433/1488/1276 1384/1489/1277 1513/1486/1274
f 1401/1440/1228 1386/1441/1229 1433/1488/1276 1513/1486/1274
f 1387/1458/1246 1402/1455/1243 1514/1490/1278 1435/1491/1279
f 1434/1487/1275 1513/1486/1274 1384/1489/1277
f 1434/1487/1275 1384/1489/1277 1514/1490/1278
f 1402/1455/1243 1385/1444/1232 1434/1487/1275 1514/1490/1278
f 1388/1470/1258 1403/1467/1255 1515/1492/1280 1436/1493/1281
f 1435/1491/1279 1514/1490/1278 1384/1489/1277
f 1435/1491/1279 1384/1489/1277 1515/1492/1280
f 1403/1467/1255 1387/1458/1246 1435/1491/1279 1515/1492/1280
f 1389/1482/1270 1404/1479/1267 1516/1494/1282 1437/1495/1283
f 1436/1493/1281 1515/1492/1280 1384/1489/1277
f 1436/1493/1281 1384/1489/1277 1516/1494/1282
f 1404/1479/1267 1388/1470/1258 1436/1493/1281 1516/1494/1282
f 1390/1407/1195 1405/1485/1273 1517/1496/1284 1438/1497/1285
f 1437/1495/1283 1516/1494/1282 1384/1489/1277
f 1437/1495/1283 1384/1489/1277 1517/1496/1284
f 1405/1485/1273 1389/1482/1270 1437/1495/1283 1517/1496/1284
f 1391/1414/1202 1406/1404/1192 1518/1498/1286 1439/1499/1287
f 1438/1497/1285 1517/1496/1284 1384/1489/1277
f 1438/1497/1285 1384/1489/1277 1518/1498/1286
f 1406/1404/1192 1390/1407/1195 1438/1497/1285 1518/1498/1286
f 1392/1426/1214 1407/1423/1211 1519/1500/1288 1440/1501/1289
f 1439/1499/1287 1518/1498/1286 1384/1489/1277
f 1439/1499/1287 1384/1489/1277 1519/1500/1288
f 1407/1423/1211 1391/1414/1202 1439/1499/1287 1519/1500/1288
f 1393/1438/1226 1408/1435/1223 1520/1502/1290 1441/1503/1291
f 1440/1501/1289 1519/1500/1288 1384/1489/1277
f 1440/1501/1289 1384/1489/1277 1520/1502/1290
f 1408/1435/1223 1392/1426/1214 1440/1501/1289 1520/1502/1290
f 1394/1452/1240 1409/1449/1237 1521/1504/1292 1442/1505/1293
f 1441/1503/1291 1384/1489/1277 1521/1504/1292
f 1409/1449/1237 1393/1438/1226 1441/1503/1291 1521/1504/1292
f 1395/1464/1252 1410/1461/1249 1522/1506/1294 1443/1507/1295
f 1442/1505/1293 1521/1504/1292 1384/1489/1277
f 1442/1505/1293 1384/1489/1277 1522/1506/1294
f 1410/1461/1249 1394/1452/1240 1442/1505/1293 1522/1506/1294
f 1396/1476/1264 1411/1473/1261 1523/1508/1296 1444/1509/1297
f 1443/1507/1295 1522/1506/1294 1384/1489/1277
f 1443/1507/1295 1384/1489/1277 1523/1508/1296
f 1411/1473/1261 1395/1464/1252 1443/1507/1295 1523/1508/1296
f 1412/1475/1263 1396/1476/1264 1444/1509/1297 1524/1483/1271
f 1444/1509/1297 1523/1508/1296 1384/1489/1277
f 1413/1392/1180 1397/1396/1184 1445/1484/1272 1525/1510/1298
f 1398/1391/1179 1413/1392/1180 1525/1510/1298 1446/1511/1299
f 1445/1484/1272 1524/1483/1271 1384/1489/1277
f 1444/1509/1297 1384/1489/1277 1524/1483/1271
f 1399/1420/1208 1414/1417/1205 1526/1512/1300 1447/1513/1301
f 1477/1514/1302 1540/1515/1303 1460/1394/1182 1380/1393/1181
f 1446/1511/1299 1525/1510/1298 1384/1489/1277
f 1446/1511/1299 1384/1489/1277 1526/1512/1300
f 1414/1417/1205 1398/1391/1179 1446/1511/1299 1526/1512/1300
f 1400/1432/1220 1415/1429/1217 1527/1516/1304 1448/1517/1305
f 1447/1513/1301 1526/1512/1300 1384/1489/1277
f 1447/1513/1301 1384/1489/1277 1527/1516/1304
f 1415/1429/1217 1399/1420/1208 1447/1513/1301 1527/1516/1304
f 1386/1441/1229 1416/1445/1233 1528/1518/1306 1433/1488/1276
f 1448/1517/1305 1527/1516/1304 1384/1489/1277
f 1448/1517/1305 1384/1489/1277 1528/1518/1306
f 1416/1445/1233 1400/1432/1220 1448/1517/1305 1528/1518/1306
f 1465/1519/1307 1369/1446/1234 1449/1398/1186 1529/1520/1308
f 1466/1521/1309 1529/1520/1308 1449/1398/1186 1368/1397/1185
f 1467/1522/1310 1530/1523/1311 1450/1524/1312 1370/1525/1313
f 1466/1521/1309 1368/1397/1185 1450/1524/1312 1530/1523/1311
f 1468/1526/1314 1531/1527/1315 1451/1528/1316 1371/1529/1317
f 1467/1522/1310 1370/1525/1313 1451/1528/1316 1531/1527/1315
f 1469/1530/1318 1532/1531/1319 1452/1532/1320 1372/1533/1321
f 1468/1526/1314 1371/1529/1317 1452/1532/1320 1532/1531/1319
f 1470/1534/1322 1533/1535/1323 1453/1536/1324 1373/1537/1325
f 1469/1530/1318 1372/1533/1321 1453/1536/1324 1533/1535/1323
f 1471/1538/1326 1534/1539/1327 1454/1540/1328 1374/1541/1329
f 1470/1534/1322 1373/1537/1325 1454/1540/1328 1534/1539/1327
f 1472/1542/1330 1535/1543/1331 1455/1544/1332 1375/1545/1333
f 1471/1538/1326 1374/1541/1329 1455/1544/1332 1535/1543/1331
f 1473/1546/1334 1536/1547/1335 1456/1548/1336 1376/1549/1337
f 1472/1542/1330 1375/1545/1333 1456/1548/1336 1536/1547/1335
f 1474/1550/1338 1537/1551/1339 1457/1552/1340 1377/1553/1341
f 1473/1546/1334 1376/1549/1337 1457/1552/1340 1537/1551/1339
f 1475/1554/1342 1538/1555/1343 1458/1556/1344 1378/1557/1345
f 1474/1550/1338 1377/1553/1341 1458/1556/1344 1538/1555/1343
f 1476/1558/1346 1539/1559/1347 1459/1560/1348 1379/1561/1349
f 1475/1554/1342 1378/1557/1345 1459/1560/1348 1539/1559/1347
f 1476/1558/1346 1379/1561/1349 1460/1394/1182 1540/1515/1303
f 1477/1514/1302 1380/1393/1181 1461/1562/1350 1541/1563/1351
f 1478/1564/1352 1541/1563/1351 1461/1562/1350 1381/1565/1353
f 1478/1564/1352 1381/1565/1353 1462/1566/1354 1542/1567/1355
f 1479/1568/1356 1542/1567/1355 1462/1566/1354 1382/1569/1357
f 1480/1570/1358 1543/1571/1359 1463/1572/1360 1383/1573/1361
f 1479/1568/1356 1382/1569/1357 1463/1572/1360 1543/1571/1359
f 1465/1519/1307 1544/1574/1362 1464/1575/1363 1369/1446/1234
f 1480/1570/1358 1383/1573/1361 1464/1575/1363 1544/1574/1362
f 1370/1525/1313 1450/1524/1312 1546/1443/1231 1483/1453/1241
f 1450/1524/1312 1368/1397/1185 1481/1400/1188 1546/1443/1231
f 1371/1529/1317 1451/1528/1316 1547/1457/1245 1484/1465/1253
f 1451/1528/1316 1370/1525/1313 1483/1453/1241 1547/1457/1245
f 1372/1533/1321 1452/1532/1320 1548/1469/1257 1485/1477/1265
f 1452/1532/1320 1371/1529/1317 1484/1465/1253 1548/1469/1257
f 1373/1537/1325 1453/1536/1324 1549/1481/1269 1486/1412/1200
f 1453/1536/1324 1372/1533/1321 1485/1477/1265 1549/1481/1269
f 1374/1541/1329 1454/1540/1328 1550/1413/1201 1487/1408/1196
f 1454/1540/1328 1373/1537/1325 1486/1412/1200 1550/1413/1201
f 1375/1545/1333 1455/1544/1332 1551/1411/1199 1488/1421/1209
f 1455/1544/1332 1374/1541/1329 1487/1408/1196 1551/1411/1199
f 1376/1549/1337 1456/1548/1336 1552/1425/1213 1489/1433/1221
f 1456/1548/1336 1375/1545/1333 1488/1421/1209 1552/1425/1213
f 1377/1553/1341 1457/1552/1340 1553/1437/1225 1490/1447/1235
f 1457/1552/1340 1376/1549/1337 1489/1433/1221 1553/1437/1225
f 1378/1557/1345 1458/1556/1344 1554/1451/1239 1491/1459/1247
f 1458/1556/1344 1377/1553/1341 1490/1447/1235 1554/1451/1239
f 1379/1561/1349 1459/1560/1348 1555/1463/1251 1492/1471/1259
f 1459/1560/1348 1378/1557/1345 1491/1459/1247 1555/1463/1251
f 1460/1394/1182 1379/1561/1349 1492/1471/1259 1556/1395/1183
f 1461/1562/1350 1380/1393/1181 1493/1386/1174 1557/1385/1173
f 1381/1565/1353 1461/1562/1350 1557/1385/1173 1494/1388/1176
f 1382/1569/1357 1462/1566/1354 1558/1390/1178 1495/1415/1203
f 1493/1386/1174 1556/1395/1183 1511/1474/1262 1417/1383/1171
f 1462/1566/1354 1381/1565/1353 1494/1388/1176 1558/1390/1178
f 1383/1573/1361 1463/1572/1360 1559/1419/1207 1496/1427/1215
f 1463/1572/1360 1382/1569/1357 1495/1415/1203 1559/1419/1207
f 1369/1446/1234 1464/1575/1363 1560/1431/1219 1482/1401/1189
f 1464/1575/1363 1383/1573/1361 1496/1427/1215 1560/1431/1219
f 1420/1409/1197 1487/1408/1196 1550/1413/1201 1498/1405/1193
f 1441/1503/1291 1520/1502/1290 1384/1489/1277
f 1433/1488/1276 1528/1518/1306 1384/1489/1277
f 1445/1484/1272 1384/1489/1277 1525/1510/1298
