# Blender v2.92.0 OBJ File: 'model.blend'
# www.blender.org
o body
v 15.611332 2.339046 3.462404
v 15.611335 2.339046 -3.165070
v 15.605556 -11.506229 -3.162448
v 15.605556 -11.506230 3.459499
v 15.684960 -1.224871 3.360096
v 15.684960 -1.224869 -3.062945
v 15.688070 -7.427987 -3.060585
v 15.688070 -7.427987 3.357738
v -8.840429 2.230791 -13.386633
v -3.032091 2.230791 -15.818911
v -15.688908 2.230791 -3.025892
v -13.282522 2.230791 -8.897258
v -13.282523 2.230791 9.194409
v -15.688908 2.230791 3.323042
v -3.032092 2.230791 16.116060
v -8.840431 2.230791 13.683784
v 8.789926 2.230910 13.854281
v 3.214147 2.230791 16.128080
v 3.214148 2.230790 -15.830930
v 8.789926 2.230911 -13.557129
v 3.211573 -11.428329 -15.817824
v 8.782783 -11.427916 -13.546053
v 8.782783 -11.427917 13.843206
v 3.211572 -11.428329 16.114977
v -3.029508 -11.428481 16.102928
v -8.833069 -11.428487 13.672650
v -13.271507 -11.428488 9.186967
v -15.675914 -11.428487 3.320431
v -15.675914 -11.428488 -3.023282
v -13.271507 -11.428487 -8.889817
v -8.833068 -11.428488 -13.375500
v -3.029508 -11.428480 -15.805778
v 14.960079 -13.570996 3.640864
v 14.957973 -13.571012 -3.357805
v 15.475255 -12.234278 3.611161
v 15.475256 -12.234279 -3.314353
v 15.858792 2.627816 1.676749
v 15.858793 2.627816 -1.378855
v 12.765679 2.235003 10.044287
v 14.970066 2.271947 5.683934
v 14.970065 2.271947 -5.386760
v 12.765678 2.235003 -9.747133
v 14.958578 -11.453698 5.680324
v 12.755387 -11.430185 10.036563
v 12.755387 -11.430184 -9.739411
v 14.958579 -11.453699 -5.383184
v 15.684960 -1.224870 0.148576
v 15.858793 2.627816 0.148947
v 15.759961 -12.327023 0.148075
v 15.605556 -11.506229 0.148525
v 15.717632 3.762958 0.148694
v 15.688070 -7.427987 0.148576
v 3.198485 3.728774 -15.788532
v 8.747985 3.723822 -13.534448
v 8.747999 3.723798 13.831614
v 3.198485 3.728772 16.085686
v -3.027829 3.730363 16.071751
v -8.819932 3.730425 13.646168
v -13.249679 3.730425 9.169270
v -15.649377 3.730425 3.314220
v -15.649378 3.730425 -3.017070
v -13.249678 3.730425 -8.872119
v -8.819930 3.730425 -13.349016
v -3.027829 3.730362 -15.774599
v 12.713073 -12.170113 10.031620
v 3.202647 -12.169538 -15.780921
v 14.909277 -12.190060 5.680138
v 14.872531 3.746580 5.746344
v 12.699349 3.727799 10.055553
v 12.699334 3.727823 -9.758387
v 14.872531 3.746579 -5.449181
v -8.566689 -13.546831 -12.942628
v -2.955451 -13.546749 -15.301647
v -15.179653 -13.546794 -2.921299
v -12.856613 -13.546807 -8.598570
v -12.853496 -13.546806 8.892968
v -15.178569 -13.546794 3.216445
v -2.949591 -13.546749 15.592743
v -8.561912 -13.546831 13.235618
v 8.470470 -13.535006 13.447788
v 3.085999 -13.543852 15.616696
v 14.420085 -13.563288 5.628320
v 12.305506 -13.540939 9.801517
v 3.079764 -13.543850 -15.327758
v 8.464629 -13.534993 -13.161024
v 8.754266 -12.167902 -13.521307
v 12.713074 -12.170109 -9.734468
v 14.909276 -12.190060 -5.383028
v 8.754263 -12.167906 13.818459
v 3.202646 -12.169538 16.078072
v -3.022134 -12.170086 16.065195
v -8.811903 -12.170107 13.640642
v -13.239839 -12.170107 9.165576
v -15.638552 -12.170107 3.312924
v -15.638552 -12.170107 -3.015774
v -13.239837 -12.170107 -8.868425
v -8.811903 -12.170107 -13.343492
v -3.022134 -12.170086 -15.768044
v 15.759960 -12.327023 1.801203
v 15.249163 -13.574169 1.836055
v 15.248098 -13.574179 -1.553224
v 15.759961 -12.327023 -1.505053
v 15.717631 3.762958 1.866038
v 15.717632 3.762957 -1.568651
v 12.300749 -13.540929 -9.516654
v 14.416989 -13.563299 -5.344832
v 15.248644 -13.574173 0.182355
vt 0.218452 0.996764
vt 0.158700 0.995075
vt 0.158687 0.910468
vt 0.218565 0.911849
vt 0.104374 0.993852
vt 0.104118 0.909256
vt 0.895687 0.994071
vt 0.841360 0.995270
vt 0.841448 0.910667
vt 0.896016 0.909479
vt 0.781610 0.996932
vt 0.781570 0.912020
vt 0.719368 0.998215
vt 0.719328 0.913183
vt 0.656684 0.999112
vt 0.656671 0.914065
vt 0.594047 0.999699
vt 0.594057 0.914648
vt 0.531350 0.999981
vt 0.531379 0.914928
vt 0.468714 0.999960
vt 0.468760 0.914907
vt 0.406016 0.999637
vt 0.406082 0.914585
vt 0.343379 0.999013
vt 0.343467 0.913964
vt 0.280693 0.998080
vt 0.280808 0.913045
vt 0.000747 0.710539
vt 0.001751 0.359517
vt 0.033383 0.360434
vt 0.032403 0.711457
vt 0.282267 0.099511
vt 0.282194 0.141383
vt 0.220247 0.140257
vt 0.220350 0.098441
vt 0.940255 0.011729
vt 0.942194 0.091821
vt 0.894125 0.095673
vt 0.893188 0.015931
vt 0.839996 0.097449
vt 0.839429 0.017704
vt 0.160634 0.138856
vt 0.160849 0.097203
vt 0.344556 0.142231
vt 0.840175 0.139097
vt 0.894492 0.137205
vt 0.963378 0.087136
vt 0.965568 0.129058
vt 0.942636 0.133607
vt 0.780567 0.140473
vt 0.718625 0.141564
vt 0.718590 0.099698
vt 0.780501 0.098662
vt 0.019349 0.078328
vt 0.037473 0.086868
vt 0.035245 0.128784
vt 0.001914 0.122210
vt 0.002825 0.074249
vt 0.943480 0.993877
vt 0.944292 0.910264
vt 0.106315 0.136949
vt 0.106717 0.095414
vt 0.056578 0.993636
vt 0.055840 0.910019
vt 0.344613 0.100348
vt 0.406873 0.142800
vt 0.406914 0.100914
vt 0.469256 0.143091
vt 0.469283 0.101189
vt 0.531577 0.143132
vt 0.531590 0.101246
vt 0.593956 0.142891
vt 0.593952 0.101006
vt 0.656268 0.142370
vt 0.656249 0.100491
vt 0.960987 0.008608
vt 0.161589 0.017503
vt 0.220889 0.018161
vt 0.107847 0.015705
vt 0.058649 0.091553
vt 0.060792 0.011492
vt 0.040067 0.008375
vt 0.780108 0.018330
vt 0.058172 0.133338
vt 0.656049 0.019948
vt 0.718303 0.019174
vt 0.531562 0.020714
vt 0.593834 0.020465
vt 0.407098 0.020407
vt 0.469356 0.020662
vt 0.282671 0.019042
vt 0.344903 0.019855
vt 0.021690 0.004859
vt 0.004254 0.000000
vt 0.979369 0.005083
vt 0.981517 0.078592
vt 0.998047 0.074510
vt 0.998910 0.122480
vt 1.000000 0.930965
vt 0.999705 0.995531
vt 0.982738 0.994686
vt 0.967119 0.913555
vt 0.984906 0.930212
vt 0.015199 0.929952
vt 0.033007 0.913301
vt 0.017316 0.994427
vt 0.000349 0.995266
vt 0.000105 0.930698
vt 0.967902 0.711717
vt 0.967227 0.360706
vt 0.998859 0.359803
vt 0.999557 0.710814
vt 0.995995 0.000440
vn 0.1903 0.0287 -0.9813
vn 0.5420 0.0281 -0.8399
vn 0.5448 0.0136 -0.8384
vn 0.1915 0.0138 -0.9814
vn 0.8011 0.0333 -0.5976
vn 0.8045 0.0162 -0.5937
vn 0.8011 0.0333 0.5976
vn 0.5420 0.0281 0.8399
vn 0.5448 0.0135 0.8384
vn 0.8045 0.0162 0.5937
vn 0.1903 0.0287 0.9813
vn 0.1915 0.0138 0.9814
vn -0.1983 0.0292 0.9797
vn -0.1978 0.0141 0.9801
vn -0.5594 0.0284 0.8284
vn -0.5592 0.0137 0.8289
vn -0.8338 0.0275 0.5514
vn -0.8338 0.0132 0.5518
vn -0.9808 0.0270 0.1931
vn -0.9810 0.0130 0.1933
vn -0.9808 0.0270 -0.1931
vn -0.9810 0.0130 -0.1933
vn -0.8338 0.0275 -0.5514
vn -0.8338 0.0132 -0.5518
vn -0.5594 0.0284 -0.8284
vn -0.5592 0.0137 -0.8289
vn -0.1983 0.0292 -0.9797
vn -0.1978 0.0141 -0.9801
vn 1.0000 0.0005 0.0000
vn 0.9806 -0.0002 -0.1959
vn -0.1938 -0.1857 -0.9633
vn -0.1979 -0.0262 -0.9799
vn 0.1914 -0.0255 -0.9812
vn 0.1885 -0.1844 -0.9646
vn 0.8781 -0.3301 0.3463
vn 0.9132 -0.2016 0.3540
vn 0.7891 -0.1865 0.5852
vn 0.7573 -0.3222 0.5680
vn 0.5345 -0.1843 0.8248
vn 0.5110 -0.3224 0.7968
vn 0.5447 -0.0247 -0.8382
vn 0.5349 -0.1826 -0.8249
vn -0.5591 -0.0262 -0.8286
vn 0.5447 -0.0247 0.8382
vn 0.8042 -0.0269 0.5938
vn 0.9654 -0.1780 0.1903
vn 0.9810 0.0141 0.1935
vn 0.9292 -0.0369 0.3678
vn 0.1914 -0.0255 0.9812
vn -0.1979 -0.0262 0.9799
vn -0.1939 -0.1879 0.9629
vn 0.1882 -0.1865 0.9642
vn 0.9879 -0.1428 -0.0604
vn 0.9655 -0.1777 -0.1903
vn 0.9810 0.0141 -0.1935
vn 0.9944 0.1056 0.0000
vn 0.9900 -0.1413 -0.0001
vn 0.9450 0.0782 0.3175
vn 0.9392 0.0396 0.3410
vn 0.8042 -0.0269 -0.5938
vn 0.7895 -0.1855 -0.5850
vn 0.9450 0.0782 -0.3175
vn 0.9392 0.0396 -0.3410
vn -0.5492 -0.1857 -0.8148
vn -0.8336 -0.0261 -0.5516
vn -0.8193 -0.1853 -0.5425
vn -0.9808 -0.0261 -0.1932
vn -0.9641 -0.1853 -0.1900
vn -0.9808 -0.0261 0.1932
vn -0.9640 -0.1857 0.1901
vn -0.8336 -0.0261 0.5516
vn -0.8191 -0.1866 0.5425
vn -0.5591 -0.0262 0.8286
vn -0.5490 -0.1875 0.8145
vn 0.9139 -0.3494 0.2066
vn 0.5108 -0.3190 -0.7983
vn 0.1769 -0.3212 -0.9303
vn 0.7572 -0.3200 -0.5694
vn 0.9134 -0.2011 -0.3538
vn 0.8782 -0.3289 -0.3472
vn 0.9140 -0.3487 -0.2072
vn 0.1775 -0.3255 0.9287
vn 0.9292 -0.0368 -0.3678
vn -0.5304 -0.3261 0.7825
vn -0.1895 -0.3270 0.9258
vn -0.9287 -0.3227 0.1824
vn -0.7896 -0.3243 0.5208
vn -0.7904 -0.3218 -0.5212
vn -0.9290 -0.3218 -0.1825
vn -0.1903 -0.3226 -0.9272
vn -0.5314 -0.3223 -0.7834
vn 0.9251 -0.3709 -0.0814
vn 0.9252 -0.3793 -0.0001
vn 0.9251 -0.3710 0.0806
vn 0.9879 -0.1428 0.0605
vn 0.9926 0.1212 0.0000
vn 0.9787 0.1195 0.1666
vn 0.9744 0.0779 0.2110
vn 0.9787 0.1195 -0.1665
vn 0.9744 0.0779 -0.2110
vn 0.9806 -0.0002 0.1959
s 1
f 53/1/1 54/2/2 20/3/3 19/4/4
f 54/2/2 70/5/5 42/6/6 20/3/3
f 69/7/7 55/8/8 17/9/9 39/10/10
f 55/8/8 56/11/11 18/12/12 17/9/9
f 56/11/11 57/13/13 15/14/14 18/12/12
f 57/13/13 58/15/15 16/16/16 15/14/14
f 58/15/15 59/17/17 13/18/18 16/16/16
f 59/17/17 60/19/19 14/20/20 13/18/18
f 60/19/19 61/21/21 11/22/22 14/20/20
f 61/21/21 62/23/23 12/24/24 11/22/22
f 62/23/23 63/25/25 9/26/26 12/24/24
f 63/25/25 64/27/27 10/28/28 9/26/26
f 47/29/29 52/30/29 7/31/30 6/32/30
f 98/33/31 32/34/32 21/35/33 66/36/34
f 82/37/35 67/38/36 65/39/37 83/40/38
f 65/39/37 89/41/39 80/42/40 83/40/38
f 21/35/33 22/43/41 86/44/42 66/36/34
f 10/28/28 32/34/32 31/45/43 9/26/26
f 23/46/44 89/41/39 65/39/37 44/47/45
f 35/48/46 4/49/47 43/50/48 67/38/36
f 24/51/49 25/52/50 91/53/51 90/54/52
f 102/55/53 36/56/54 3/57/55 50/58/56 49/59/57
f 68/60/58 69/7/7 39/10/10 40/61/59
f 22/43/41 45/62/60 87/63/61 86/44/42
f 67/38/36 43/50/48 44/47/45 65/39/37
f 70/5/5 71/64/62 41/65/63 42/6/6
f 31/45/43 32/34/32 98/33/31 97/66/64
f 30/67/65 31/45/43 97/66/64 96/68/66
f 29/69/67 30/67/65 96/68/66 95/70/68
f 28/71/69 29/69/67 95/70/68 94/72/70
f 27/73/71 28/71/69 94/72/70 93/74/72
f 26/75/73 27/73/71 93/74/72 92/76/74
f 25/52/50 26/75/73 92/76/74 91/53/51
f 23/46/44 24/51/49 90/54/52 89/41/39
f 33/77/75 35/48/46 67/38/36 82/37/35
f 20/3/3 42/6/6 45/62/60 22/43/41
f 17/9/9 23/46/44 44/47/45 39/10/10
f 66/36/34 86/44/42 85/78/76 84/79/77
f 86/44/42 87/63/61 105/80/78 85/78/76
f 87/63/61 88/81/79 106/82/80 105/80/78
f 106/82/80 88/81/79 36/56/54 34/83/81
f 89/41/39 90/54/52 81/84/82 80/42/40
f 88/81/79 46/85/83 3/57/55 36/56/54
f 91/53/51 92/76/74 79/86/84 78/87/85
f 81/84/82 90/54/52 91/53/51 78/87/85
f 93/74/72 94/72/70 77/88/86 76/89/87
f 79/86/84 92/76/74 93/74/72 76/89/87
f 95/70/68 96/68/66 75/90/88 74/91/89
f 77/88/86 94/72/70 95/70/68 74/91/89
f 97/66/64 98/33/31 73/92/90 72/93/91
f 96/68/66 97/66/64 72/93/91 75/90/88
f 34/83/81 36/56/54 102/55/53 101/94/92
f 101/94/92 102/55/53 49/59/57 107/95/93
f 20/3/3 22/43/41 21/35/33 19/4/4
f 12/24/24 30/67/65 29/69/67 11/22/22
f 73/92/90 98/33/31 66/36/34 84/79/77
f 9/26/26 31/45/43 30/67/65 12/24/24
f 14/20/20 28/71/69 27/73/71 13/18/18
f 11/22/22 29/69/67 28/71/69 14/20/20
f 16/16/16 26/75/73 25/52/50 15/14/14
f 13/18/18 27/73/71 26/75/73 16/16/16
f 18/12/12 24/51/49 23/46/44 17/9/9
f 15/14/14 25/52/50 24/51/49 18/12/12
f 19/4/4 21/35/33 32/34/32 10/28/28
f 39/10/10 44/47/45 43/50/48 40/61/59
f 33/77/75 100/96/94 99/97/95 35/48/46
f 45/62/60 46/85/83 88/81/79 87/63/61
f 41/65/63 46/85/83 45/62/60 42/6/6
f 49/98/57 50/99/56 4/49/47 35/48/46 99/97/95
f 48/100/96 51/101/96 103/102/97 68/60/58 40/61/59 1/103/98 37/104/97
f 38/105/99 2/106/100 41/65/63 71/64/62 104/107/99 51/108/96 48/109/96
f 5/110/101 8/111/101 52/112/29 47/113/29
f 53/1/1 19/4/4 10/28/28 64/27/27
f 46/85/83 41/65/63 2/106/100 6/32/30 7/31/30 3/57/55
f 107/114/93 49/98/57 99/97/95 100/96/94
f 8/111/101 5/110/101 1/103/98 40/61/59 43/50/48 4/49/47
o handle
v 15.611332 2.339046 3.462404
v 15.611335 2.339046 -3.165070
v 15.605556 -11.506229 -3.162448
v 15.605556 -11.506230 3.459499
v 15.684960 -1.224871 3.360096
v 15.684960 -1.224869 -3.062945
v 15.688070 -7.427987 -3.060585
v 15.688070 -7.427987 3.357738
v 23.951111 -8.489264 -1.629341
v 23.951111 -8.489264 1.926493
v 23.931688 -0.507720 1.928725
v 23.931688 -0.507720 -1.631572
v 22.491100 -6.864414 -1.628574
v 22.491100 -6.864414 1.925727
v 22.475554 -1.783275 1.926858
v 22.475552 -1.783275 -1.629705
v 18.245817 -0.160437 1.931761
v 17.941828 2.061712 1.942269
v 18.245819 -0.160437 -1.634608
v 17.941828 2.061710 -1.645116
v 17.997517 -11.060951 -1.641037
v 17.997517 -11.060951 1.938190
v 18.291002 -8.487700 1.929554
v 18.291000 -8.487700 -1.632401
v 20.410494 -0.469187 1.927150
v 16.280903 2.135676 2.168466
v 21.000017 -10.553455 -1.628764
v 20.410494 -0.469188 -1.629998
v 20.447290 -8.178501 -1.628282
v 16.280905 2.135676 -1.871287
v 25.116323 -4.498492 1.927609
v 23.299084 -4.323844 1.926292
v 23.299084 -4.323844 -1.629140
v 25.116325 -4.498492 -1.630456
v 16.670902 -0.305349 2.117000
v 20.954546 1.556472 1.929302
v 16.670904 -0.305348 -1.819848
v 20.954544 1.556472 -1.632149
v 21.000017 -10.553455 1.925916
v 20.447292 -8.178501 1.925434
v 15.858792 2.627816 1.676749
v 15.858793 2.627816 -1.378855
v 19.283545 -0.233480 1.927770
v 21.530373 -0.961970 1.927040
v 16.926779 2.106349 1.989792
v 19.394119 -10.926521 -1.630211
v 22.602831 -9.779383 -1.628980
v 16.971088 -11.112846 1.984897
v 15.932656 -11.272058 2.573122
v 17.401470 -8.473746 1.958842
v 16.166712 -8.052435 2.500734
v 19.283545 -0.233481 -1.630618
v 21.530373 -0.961971 -1.629888
v 19.328167 -8.414265 -1.628753
v 21.556479 -7.685719 -1.628392
v 16.926779 2.106349 -1.692637
v 24.818281 -6.648692 1.927008
v 24.809383 -2.348291 1.928210
v 23.085463 -2.955003 1.926597
v 23.092545 -5.692686 1.925988
v 23.085463 -2.955004 -1.629444
v 23.092545 -5.692686 -1.628835
v 24.809385 -2.348292 -1.631058
v 24.818283 -6.648692 -1.629855
v 17.365652 -0.175355 1.961729
v 22.570421 0.782400 1.929085
v 19.339108 1.929256 1.931009
v 17.365652 -0.175354 -1.664577
v 22.570425 0.782400 -1.631933
v 19.339109 1.929255 -1.633857
v 15.932653 -11.272058 -2.275992
v 16.971087 -11.112846 -1.687745
v 22.602831 -9.779383 1.926133
v 19.394119 -10.926521 1.927364
v 21.556480 -7.685719 1.925544
v 19.328169 -8.414265 1.925905
v 16.166712 -8.052434 -2.203581
v 17.401470 -8.473746 -1.661688
v 16.279770 2.368287 1.235766
vt 0.767111 0.652965
vt 0.732890 0.652965
vt 0.733114 0.644602
vt 0.766886 0.644602
vt 0.769441 0.660656
vt 0.730560 0.660656
vt 0.770784 0.671849
vt 0.729217 0.671750
vt 0.772368 0.699576
vt 0.727632 0.698776
vt 0.726822 0.961322
vt 0.726868 0.893086
vt 0.726976 0.893086
vt 0.726823 0.958023
vt 0.726824 0.954724
vt 0.727084 0.893086
vt 0.729402 0.893087
vt 0.726828 0.930255
vt 0.733009 0.893118
vt 0.726834 0.897538
vt 0.768415 0.900050
vt 0.767036 0.854820
vt 0.733000 0.849123
vt 0.766989 0.807592
vt 0.733012 0.805144
vt 0.732973 0.759575
vt 0.767027 0.760370
vt 0.768397 0.715490
vt 0.731603 0.715490
vt 0.773139 0.902288
vt 0.769060 0.902155
vt 0.726865 0.896859
vt 0.726863 0.900050
vt 0.768981 0.902796
vt 0.726867 0.894459
vt 0.726842 0.850250
vt 0.726852 0.789765
vt 0.726864 0.719658
vt 0.726877 0.644602
vt 0.733120 0.723547
vt 0.732974 0.716492
vt 0.731603 0.715736
vt 0.731454 0.654501
vt 0.729163 0.669743
vt 0.731603 0.715613
vt 0.731161 0.712505
vt 0.726873 0.684985
vt 0.726868 0.893377
vt 0.768507 0.900176
vt 0.768415 0.900050
vt 0.726868 0.893086
vt 0.767026 0.716492
vt 0.766880 0.723547
vt 0.768839 0.712505
vt 0.768547 0.654501
vt 0.768398 0.715736
vt 0.768398 0.715613
vt 0.770838 0.669743
vt 0.773128 0.684985
vt 0.768418 0.715465
vt 0.731583 0.715465
vt 0.718092 0.877280
vt 0.729575 0.901437
vt 0.731917 0.952326
vt 0.717950 0.957402
vt 0.726826 0.953424
vt 0.769228 0.950557
vt 0.773172 0.952119
vt 0.726827 0.954358
vt 0.726826 0.946752
vt 0.768412 0.945589
vt 0.726828 0.929171
vt 0.769213 0.934511
vt 0.726834 0.897794
vt 0.773142 0.910261
vt 0.768560 0.900050
vt 0.768488 0.900050
vt 0.773178 0.961322
vt 0.773164 0.882142
vt 0.773151 0.802962
vt 0.773137 0.723782
vt 0.773123 0.644602
vt 0.726842 0.851973
vt 0.773158 0.862003
vt 0.726851 0.797731
vt 0.773149 0.803178
vt 0.773142 0.906644
vt 0.773136 0.897303
vt 0.726957 0.743264
vt 0.773044 0.745843
vt 0.773177 0.959581
vt 0.773170 0.949949
vt 0.761356 0.957690
vt 0.773133 0.893086
vt 0.773178 0.961322
vt 0.773178 0.961322
vt 0.773133 0.893086
vt 0.773178 0.961322
vt 0.773133 0.893086
vt 0.740290 0.957743
vt 0.735493 0.963514
vt 0.730556 0.952284
vt 0.773175 0.956867
vt 0.729194 0.952243
vt 0.728616 0.899341
vt 0.773136 0.897851
vt 0.773115 0.723547
vt 0.726885 0.723547
vt 0.726885 0.723547
vt 0.773115 0.723547
vt 0.773115 0.723547
vt 0.726885 0.723547
vt 0.726885 0.723547
vt 0.773115 0.723547
vt 0.730448 0.898348
vt 0.728656 0.899199
vt 0.763934 0.644602
vt 0.763929 0.723547
vt 0.768278 0.723547
vt 0.768284 0.644602
vt 0.769887 0.723547
vt 0.769894 0.644602
vt 0.736071 0.723547
vt 0.736066 0.644602
vt 0.731716 0.644602
vt 0.731722 0.723547
vt 0.730107 0.644602
vt 0.730114 0.723547
vt 0.773133 0.893086
vt 0.773178 0.961322
vt 0.773123 0.644602
vt 0.726877 0.644602
vt 0.726877 0.644602
vt 0.773123 0.644602
vt 0.773123 0.644602
vt 0.773123 0.644602
vt 0.726877 0.644602
vt 0.726877 0.644602
vn 0.1188 -0.7121 -0.6919
vn 0.1188 -0.7121 0.6919
vn 0.0694 -0.7133 0.6973
vn 0.0694 -0.7133 -0.6973
vn 0.2431 -0.6887 -0.6830
vn 0.2431 -0.6887 0.6830
vn 0.4212 -0.6072 -0.6737
vn 0.4212 -0.6072 0.6737
vn 0.6036 -0.4346 -0.6684
vn 0.6036 -0.4346 0.6684
vn 0.0672 0.7139 0.6970
vn -0.0028 -0.7013 0.7128
vn -0.0929 -0.6858 0.7218
vn 0.1179 0.7119 0.6923
vn 0.2415 0.6888 0.6835
vn -0.2081 -0.6500 0.7308
vn -0.3588 -0.5662 0.7421
vn 0.4187 0.6084 0.6741
vn -0.5181 -0.4087 0.7513
vn 0.6016 0.4372 0.6685
vn -0.5181 -0.4087 -0.7513
vn -0.6336 -0.2083 -0.7451
vn -0.6336 -0.2083 0.7451
vn -0.6697 -0.0019 -0.7426
vn -0.6697 -0.0019 0.7426
vn -0.6348 0.2045 0.7451
vn -0.6348 0.2045 -0.7451
vn -0.5205 0.4054 -0.7515
vn -0.5205 0.4054 0.7515
vn -0.0028 -0.7013 -0.7128
vn -0.0929 -0.6858 -0.7218
vn -0.2081 -0.6500 -0.7308
vn 0.7064 0.2132 0.6749
vn 0.7357 0.0013 0.6773
vn 0.7073 -0.2104 0.6749
vn -0.0038 0.7010 0.7132
vn -0.0936 0.6852 0.7223
vn -0.2097 0.6489 0.7314
vn -0.3612 0.5640 0.7426
vn -0.3588 -0.5662 -0.7421
vn -0.0936 0.6852 -0.7223
vn -0.0038 0.7010 -0.7132
vn -0.2097 0.6489 -0.7314
vn -0.3612 0.5640 -0.7426
vn 0.8733 -0.3290 0.3591
vn 0.7030 -0.5282 0.4762
vn 0.6510 0.5756 0.4948
vn 0.8339 0.2339 0.4998
vn 0.1179 0.7119 -0.6923
vn 0.0672 0.7139 -0.6970
vn 0.2415 0.6888 -0.6835
vn 0.4187 0.6084 -0.6741
vn 0.6016 0.4372 -0.6685
vn 0.7064 0.2132 -0.6749
vn 0.7357 0.0013 -0.6773
vn 0.7073 -0.2104 -0.6749
vn 0.8733 -0.3290 -0.3592
vn 0.7030 -0.5282 -0.4763
vn 0.6690 0.5729 -0.4735
vn 0.8325 0.2347 -0.5019
vn 0.6944 0.7134 -0.0937
vn 0.2085 0.7205 -0.6614
vn 0.1712 -0.6962 -0.6970
vn 0.4241 0.9051 0.0310
vn 0.6098 0.7786 0.1479
vn 0.2085 0.7205 0.6614
vn 0.1712 -0.6962 0.6970
vn 0.9287 0.2565 -0.2676
vn 0.9287 0.2565 0.2676
vn 0.8274 0.4285 0.3630
vn 0.8274 0.4285 -0.3629
vn 0.3036 0.6818 -0.6655
vn 0.3036 0.6818 0.6655
vn 0.9042 -0.2443 -0.3504
vn 0.7169 -0.5979 -0.3583
vn 0.2579 -0.7444 -0.6158
vn 0.9042 -0.2443 0.3504
vn 0.7169 -0.5979 0.3583
vn 0.2579 -0.7444 0.6158
s 1
f 153/115/102 181/116/103 129/117/104 128/118/105
f 181/116/103 153/115/102 134/119/106 146/120/107
f 146/120/107 134/119/106 154/121/108 180/122/109
f 154/121/108 116/123/110 117/124/111 180/122/109
f 125/125/112 124/126/113 150/127/114 174/128/115
f 143/129/116 132/130/117 151/131/118 173/132/119
f 174/128/115 150/127/114 132/130/117 143/129/116
f 151/131/118 122/133/120 118/134/121 173/132/119
f 122/133/120 123/135/122 168/136/123 166/137/124
f 166/137/124 168/136/123 140/138/125 139/139/126
f 167/140/127 169/141/128 120/142/129 121/143/130
f 126/144/131 159/145/132 150/146/114 124/147/113
f 139/139/126 140/138/125 169/141/128 167/140/127
f 150/146/114 159/145/132 135/148/133 132/149/117
f 118/134/121 122/133/120 166/137/124 165/150/134
f 138/151/135 139/139/126 167/140/127 164/152/136
f 165/150/134 166/137/124 139/139/126 138/151/135
f 167/140/127 121/143/130 117/153/111 164/152/136
f 130/154/137 129/117/104 181/116/103 183/155/138
f 147/156/139 146/157/107 180/158/109 182/159/140
f 183/155/138 181/116/103 146/120/107 147/160/139
f 180/158/109 117/161/111 121/143/130 182/159/140
f 151/162/118 160/163/141 123/164/122 122/165/120
f 130/154/137 183/155/138 161/166/142 131/167/143
f 132/149/117 135/148/133 160/163/141 151/162/118
f 161/166/142 183/155/138 147/160/139 136/168/144
f 128/118/105 131/167/143 161/166/142 153/115/102
f 134/169/106 136/170/144 162/171/145 154/172/108
f 153/115/102 161/166/142 136/168/144 134/119/106
f 162/171/145 120/142/129 116/173/110 154/172/108
f 162/174/145 182/175/140 121/143/130 120/142/129
f 112/176/146 142/177/147 133/178/148 108/179/149
f 136/168/144 147/160/139 182/175/140 162/174/145
f 174/180/115 177/181/150 127/182/151 125/183/112
f 177/181/150 174/180/115 143/184/116 145/185/152
f 145/185/152 143/184/116 173/186/119 176/187/153
f 173/186/119 118/188/121 119/189/154 176/187/153
f 126/144/131 127/182/151 177/181/150 159/145/132
f 135/190/133 145/185/152 176/187/153 160/191/141
f 159/145/132 177/181/150 145/185/152 135/148/133
f 176/187/153 119/189/154 123/164/122 160/191/141
f 123/135/122 119/192/154 170/193/155 168/136/123
f 140/138/125 141/194/156 171/195/157 169/141/128
f 168/136/123 170/193/155 141/194/156 140/138/125
f 171/195/157 116/196/110 120/142/129 169/141/128
f 165/197/134 170/198/155 119/189/154 118/188/121
f 170/198/155 165/197/134 138/199/135 141/200/156
f 113/201/158 144/202/159 142/177/147 112/176/146
f 141/200/156 138/199/135 164/203/136 171/204/157
f 164/203/136 117/124/111 116/123/110 171/204/157
f 137/205/160 109/206/161 149/207/162
f 144/208/159 137/209/160 163/210/163 175/211/164
f 163/210/163 127/212/151 126/213/131 175/211/164
f 133/178/148 186/214/165 148/215/166 108/179/149
f 137/205/160 186/214/165 133/178/148 152/216/167 163/217/163
f 152/216/167 125/218/112 127/182/151 163/217/163
f 172/219/168 175/220/164 126/144/131 124/147/113
f 114/221/169 115/222/170 158/223/171 184/224/172
f 142/177/147 144/202/159 175/220/164 172/219/168
f 185/225/173 157/226/174 130/227/137 131/228/143
f 133/178/148 142/229/147 172/230/168 152/216/167
f 110/231/175 114/232/169 184/233/172 178/234/176
f 172/230/168 124/147/113 125/218/112 152/216/167
f 157/226/174 185/225/173 184/224/172 158/223/171
f 185/235/173 179/236/177 178/234/176 184/233/172
f 185/235/173 131/167/143 128/118/105 179/236/177
f 115/237/170 111/238/178 156/239/179 158/240/171
f 155/241/180 157/242/174 158/240/171 156/239/179
f 155/241/180 129/117/104 130/154/137 157/242/174
f 137/209/160 144/208/159 113/243/158 109/244/161
f 178/245/176 156/246/179 111/247/178 110/248/175
f 149/207/162 148/215/166 186/214/165
f 179/249/177 128/250/105 129/251/104 155/252/180
f 179/249/177 155/252/180 156/246/179 178/245/176
f 186/214/165 137/205/160 149/207/162
o interior
v 7.661856 -19.586515 -2.848783
v 7.758945 -19.586515 2.499827
v 6.260456 -19.800493 -2.409737
v 6.346836 -19.800493 2.072907
v 8.702127 4.076442 -13.479613
v 3.177246 4.084865 -15.717073
v 3.177246 4.084862 16.014227
v 8.702151 4.076405 13.776792
v -8.786086 4.087663 13.584067
v -3.020627 4.087558 15.998559
v -15.584113 4.087663 3.299655
v -13.195453 4.087663 9.127766
v -13.195452 4.087663 -8.830615
v -15.584111 4.087663 -3.002505
v -3.020627 4.087559 -15.701408
v -8.786085 4.087663 -13.286917
v 7.895693 3.356089 -12.473295
v 2.822208 3.349258 -14.520190
v 2.822206 3.349257 14.817342
v 7.895679 3.356055 12.770432
v -8.232390 3.347139 12.569447
v -2.902495 3.347218 14.801618
v -14.517042 3.347139 3.061692
v -12.308771 3.347139 8.449676
v -12.308771 3.347139 -8.152525
v -14.517042 3.347139 -2.764542
v -2.902495 3.347219 -14.504467
v -8.232390 3.347139 -12.272296
v 14.960079 -13.570996 3.640864
v 14.957973 -13.571012 -3.357805
v 14.230518 3.341789 -1.544990
v 14.230516 3.341773 1.848652
v 15.602447 4.111876 1.869337
v 15.602447 4.111876 -1.572913
v 14.766678 4.105803 -5.442700
v 12.626537 4.082222 -9.726701
v 11.463660 3.354170 -9.088810
v 13.432899 3.344704 -5.212228
v 14.766678 4.105801 5.739822
v 12.626562 4.082185 10.023877
v 13.432895 3.344685 5.509660
v 11.463645 3.354136 9.385945
v 12.243485 -12.468731 0.147879
v 15.717632 3.762958 0.148694
v 9.978661 -14.427144 0.144840
v 1.290993 -14.361834 0.148158
v 9.978318 -14.426773 -1.056759
v 9.979001 -14.427514 1.346440
v -8.032837 -14.352058 5.892596
v -9.571153 -14.352600 2.140285
v 2.372327 -14.344648 -9.985361
v 5.884125 -14.335481 -8.589277
v 8.258754 -14.351944 -6.291211
v 9.508555 -14.391778 -3.582877
v -9.571145 -14.352593 -1.842975
v -8.032841 -14.352064 -5.595447
v 5.884303 -14.335526 8.886586
v 2.372359 -14.344623 10.282493
v 9.509025 -14.392294 3.879437
v 8.258687 -14.351768 6.588591
v -5.245713 -14.351028 -8.411363
v -1.534087 -14.349644 -9.965311
v -1.534091 -14.349630 10.262472
v -5.245705 -14.351022 8.708526
v -2.554687 -19.578476 -7.596473
v -4.971000 -19.576996 -6.170036
v 2.936772 -19.580925 -7.599236
v 0.197035 -19.579937 -8.090538
v 7.078958 -19.585670 -4.089628
v 5.322334 -19.582872 -6.201849
v -7.623819 -19.575306 1.516664
v -6.608666 -19.575893 4.155070
v 0.480906 -19.579941 8.011147
v 3.203522 -19.580927 7.421720
v -6.750602 -19.575890 -3.986003
v -7.673114 -19.575306 -1.313520
v -4.753542 -19.576998 6.275055
v -2.287935 -19.578478 7.615204
v 5.539791 -19.582874 5.938044
v 7.220892 -19.585672 3.761785
v 8.026949 -19.586779 -1.535044
v 8.076240 -19.586779 1.173223
v -2.125762 -19.794849 -6.162578
v -4.053984 -19.793522 -4.986291
v 2.309491 -19.797859 -6.249873
v 0.084249 -19.796352 -6.601416
v 5.762614 -19.800167 -3.435472
v 4.281567 -19.799183 -5.150352
v -6.152951 -19.792019 1.215095
v -5.341567 -19.792542 3.338495
v 0.336797 -19.796356 6.504437
v 2.546808 -19.797863 6.065600
v -5.467842 -19.792542 -3.214431
v -6.196805 -19.792019 -1.060713
v -3.860520 -19.793526 5.053375
v -1.888445 -19.794849 6.152894
v 4.475030 -19.799187 4.889312
v 5.888888 -19.800171 3.117454
v 6.573997 -19.800690 -1.312071
v 6.617853 -19.800694 0.963736
v 5.964992 -19.384827 1.940899
v 5.883986 -19.384827 -2.262804
v 0.210524 -19.380947 -0.048489
v 3.198485 3.728774 -15.788532
v 8.747985 3.723822 -13.534448
v 13.725811 3.893829 5.560719
v 11.756611 3.899559 9.557753
v 8.747999 3.723798 13.831614
v 3.198485 3.728772 16.085686
v -3.027829 3.730363 16.071751
v -8.819932 3.730425 13.646168
v -13.249679 3.730425 9.169270
v -15.649377 3.730425 3.314220
v 8.108449 3.900649 13.037300
v 2.909650 3.896996 15.110780
v -15.649378 3.730425 -3.017070
v -13.249678 3.730425 -8.872119
v -8.819930 3.730425 -13.349016
v -3.027829 3.730362 -15.774599
v 11.756618 3.899580 -9.260610
v 13.725814 3.893840 -5.263389
v 7.690101 -3.914503 12.424635
v 2.763268 -3.916353 14.416476
v -14.772278 3.895864 -2.821337
v -12.520958 3.895864 -8.314363
v 14.872531 3.746580 5.746344
v 12.699349 3.727799 10.055553
v -2.931147 3.895906 15.087590
v -8.365104 3.895864 12.811604
v -8.365104 3.895864 -12.514452
v -2.931146 3.895906 -14.790440
v 2.909652 3.896996 -14.813628
v 8.108457 3.900670 -12.740156
v 12.699334 3.727823 -9.758387
v 14.872531 3.746579 -5.449181
v -12.520956 3.895864 8.611514
v -14.772281 3.895864 3.118486
v -8.566689 -13.546831 -12.942628
v -2.955451 -13.546749 -15.301647
v -15.179653 -13.546794 -2.921299
v -12.856613 -13.546807 -8.598570
v -12.853496 -13.546806 8.892968
v -15.178569 -13.546794 3.216445
v -2.949591 -13.546749 15.592743
v -8.561912 -13.546831 13.235618
v 8.470470 -13.535006 13.447788
v 3.085999 -13.543852 15.616696
v 14.420085 -13.563288 5.628320
v 12.305506 -13.540939 9.801517
v 3.079764 -13.543850 -15.327758
v 8.464629 -13.534993 -13.161024
v 15.249163 -13.574169 1.836055
v 15.248098 -13.574179 -1.553224
v 14.511314 3.891620 1.849055
v 14.511314 3.891628 -1.547767
v 15.717631 3.762958 1.866038
v 15.717632 3.762957 -1.568651
v 12.300749 -13.540929 -9.516654
v 14.416989 -13.563299 -5.344832
v 2.607862 -12.424034 -12.276094
v 6.891270 -12.418886 -10.550572
v 11.153900 -3.915486 -8.847629
v 13.074522 -3.920712 -5.090715
v 13.856841 -3.924062 -1.514750
v 13.856843 -3.924062 1.812893
v -7.988737 -3.916983 -11.934006
v -2.804053 -3.916959 -14.105329
v -2.804054 -3.916959 14.402478
v -7.988736 -3.916982 12.231157
v -11.954096 -3.916983 8.223591
v -14.102222 -3.916983 2.982352
v 2.763269 -3.916354 -14.119327
v 7.690103 -3.914501 -12.127482
v -14.102221 -3.916983 -2.685202
v -11.954096 -3.916983 -7.926440
v 13.074522 -3.920712 5.387908
v 11.153899 -3.915487 9.144779
v 9.896028 -12.427094 -7.709781
v 11.561604 -12.452108 -4.442257
v -12.075237 -12.426219 -2.318681
v -10.204742 -12.426203 -6.882493
v 6.891274 -12.418886 10.847728
v 2.607862 -12.424032 12.573244
v 11.561630 -12.452112 4.739341
v 9.896023 -12.427090 8.006937
v -6.752254 -12.426170 -10.371701
v -2.237753 -12.426054 -12.262403
v -2.237753 -12.426054 12.559551
v -6.752254 -12.426170 10.668853
v 12.243466 -12.468727 -1.313552
v 12.243504 -12.468735 1.609310
v -10.204742 -12.426203 7.179643
v -12.075238 -12.426220 2.615836
v 4.214293 -19.383606 4.587410
v -5.002107 -19.377365 3.131412
v -1.982920 -19.379530 -5.788756
v 5.541708 -19.384529 2.923885
v 0.329077 -19.380947 6.103785
v -3.793247 -19.378286 -4.684388
v 6.184929 -19.385017 -1.234815
v 2.403966 -19.382362 5.691779
v 2.181158 -19.382359 -5.870715
v 6.226102 -19.385017 0.901848
v -5.120661 -19.377365 -3.020862
v 0.091970 -19.380945 -6.200763
v -5.805055 -19.376873 -0.998824
v 5.423154 -19.384525 -3.228389
v -3.611612 -19.378288 4.741442
v 4.032659 -19.383602 -4.838420
v -1.760112 -19.379534 5.773736
v -5.763881 -19.376877 1.137838
vt 0.646310 0.999952
vt 0.693890 0.999952
vt 0.693552 1.000000
vt 0.646145 1.000000
vt 0.591041 0.999952
vt 0.591346 0.996779
vt 0.647234 0.996780
vt 0.647332 0.988759
vt 0.591373 0.988745
vt 0.530932 0.996779
vt 0.468740 0.996779
vt 0.468740 0.988744
vt 0.530936 0.988744
vt 0.767281 0.999952
vt 0.766524 0.996795
vt 0.804694 0.996767
vt 0.806110 0.999952
vt 0.590947 1.000000
vt 0.156250 0.996779
vt 0.156250 0.988744
vt 0.218750 0.988744
vt 0.218750 0.996779
vt 0.733455 0.996814
vt 0.732719 0.999952
vt 0.695289 0.996792
vt 0.468738 0.999952
vt 0.530891 0.999952
vt 0.530878 1.000000
vt 0.468738 1.000000
vt 0.406250 0.996779
vt 0.406250 0.988744
vt 0.343750 0.996779
vt 0.343750 0.988744
vt 0.281250 0.996779
vt 0.281250 0.988744
vt 0.093750 0.996779
vt 0.093750 0.988744
vt 0.281250 0.999952
vt 0.218750 0.999952
vt 0.590908 1.000000
vt 0.530873 1.000000
vt 0.031250 0.996779
vt 0.031250 0.988744
vt 0.853690 0.999952
vt 0.853868 1.000000
vt 0.806419 1.000000
vt 0.969058 0.996779
vt 0.969055 0.988744
vt 0.908959 0.999952
vt 0.909064 1.000000
vt 0.767507 1.000000
vt 0.695498 0.988870
vt 0.343750 0.999952
vt 0.406250 0.999952
vt 0.406250 1.000000
vt 0.343750 1.000000
vt 0.852763 0.996775
vt 0.733555 0.989120
vt 0.468738 1.000000
vt 0.909092 1.000000
vt 0.854287 1.000000
vt 0.806908 1.000000
vt 0.156250 0.999952
vt 0.218750 1.000000
vt 0.156250 1.000000
vt 0.693239 1.000000
vt 0.693419 1.000000
vt 0.732278 1.000000
vt 0.732399 1.000000
vt 0.645863 1.000000
vt 0.646044 1.000000
vt 0.093750 1.000000
vt 0.031684 1.000000
vt 0.031033 1.000000
vt 0.093533 1.000000
vt 0.281250 1.000000
vt 0.908654 0.996779
vt 0.031250 0.999952
vt 0.093750 0.999952
vt 0.093750 1.000000
vt 0.031250 1.000000
vt 0.969098 0.999952
vt 0.969112 1.000000
vt 0.804286 0.988591
vt 0.852625 0.988704
vt 0.766195 0.988894
vt 0.908626 0.988743
vt 0.969115 1.000000
vt 0.968637 1.000000
vt 0.909020 1.000000
vt 0.750000 1.000000
vt 0.750000 1.000000
vt 0.732399 1.000000
vt 0.749875 0.989007
vt 0.732467 1.000000
vt 0.530890 0.502080
vt 0.591038 0.502080
vt 0.591318 0.528071
vt 0.530928 0.528071
vt 0.969062 0.528071
vt 0.969098 0.502080
vt 0.031250 0.502080
vt 0.031250 0.528071
vt 0.343750 0.502080
vt 0.406250 0.502080
vt 0.406250 0.528071
vt 0.343750 0.528071
vt 0.767479 1.000000
vt 0.806761 1.000000
vt 0.767601 1.000000
vt 0.530873 1.000000
vt 0.468738 1.000000
vt 0.767602 1.000000
vt 0.590908 1.000000
vt 0.281033 1.000000
vt 0.281250 1.000000
vt 0.218750 1.000000
vt 0.218967 1.000000
vt 0.156467 1.000000
vt 0.406250 1.000000
vt 0.281250 1.000000
vt 0.343750 1.000000
vt 0.281250 1.000000
vt 0.406250 1.000000
vt 0.343750 1.000000
vt 0.343533 1.000000
vt 0.156250 1.000000
vt 0.732399 1.000000
vt 0.854137 1.000000
vt 0.693239 1.000000
vt 0.693239 1.000000
vt 0.969115 1.000000
vt 0.909092 1.000000
vt 0.406250 1.000000
vt 0.909092 1.000000
vt 0.031250 1.000000
vt 0.969115 1.000000
vt 0.156250 1.000000
vt 0.093750 1.000000
vt 0.093750 1.000000
vt 0.733546 0.528036
vt 0.732711 0.502080
vt 0.767289 0.502080
vt 0.766454 0.528036
vt 0.468738 1.000000
vt 0.406250 1.000000
vt 0.854137 1.000000
vt 0.806762 1.000000
vt 0.590908 1.000000
vt 0.645863 1.000000
vt 0.590908 1.000000
vt 0.767602 1.000000
vt 0.806762 1.000000
vt 0.530873 1.000000
vt 0.530873 1.000000
vt 0.218750 1.000000
vt 0.218750 1.000000
vt 0.031250 1.000000
vt 0.468738 1.000000
vt 0.343750 1.000000
vt 0.854137 1.000000
vt 0.645863 1.000000
vt 0.156250 1.000000
vt 0.468738 0.502080
vt 0.468740 0.528071
vt 0.281250 0.502080
vt 0.281250 0.528071
vt 0.646270 0.502080
vt 0.693845 0.502080
vt 0.695329 0.528052
vt 0.647163 0.528069
vt 0.218750 0.528071
vt 0.218750 0.502080
vt 0.093750 0.502080
vt 0.093750 0.528071
vt 0.852837 0.528069
vt 0.853731 0.502080
vt 0.908962 0.502080
vt 0.908682 0.528071
vt 0.714304 0.502080
vt 0.715697 0.528041
vt 0.156250 0.502080
vt 0.156250 0.528071
vt 0.732686 0.501585
vt 0.767315 0.501585
vt 0.785696 0.502080
vt 0.784303 0.528041
vt 0.806155 0.502080
vt 0.804671 0.528052
vt 0.530889 0.501585
vt 0.468738 0.501585
vt 0.646236 0.501585
vt 0.693795 0.501585
vt 0.406250 0.501585
vt 0.343750 0.501585
vt 0.218750 0.501585
vt 0.281250 0.501585
vt 0.591027 0.501585
vt 0.031250 0.501585
vt 0.093750 0.501585
vt 0.969100 0.501585
vt 0.714259 0.501585
vt 0.156250 0.501585
vt 0.733113 0.501585
vt 0.767711 0.501585
vt 0.908973 0.501585
vt 0.785741 0.501585
vt 0.853764 0.501585
vt 0.806206 0.501585
vt 0.646861 0.501585
vt 0.694325 0.501585
vt 0.591717 0.501585
vt 0.344473 0.501585
vt 0.406973 0.501585
vt 0.806674 0.501585
vt 0.854336 0.501585
vt 0.854336 0.501585
vt 0.909629 0.501585
vt 0.909629 0.501585
vt 0.281973 0.501585
vt 0.031973 0.501585
vt 0.094473 0.501585
vt 0.969590 0.501585
vt 0.531608 0.501585
vt 0.219473 0.501585
vt 0.281973 0.501585
vt 0.469462 0.501585
vt 0.469462 0.501585
vt 0.714948 0.501585
vt 0.646861 0.501585
vt 0.094473 0.501585
vt 0.156973 0.501585
vt 0.219473 0.501585
vt 0.694325 0.501585
vt 0.733113 0.501585
vt 0.786306 0.501585
vt 0.767711 0.501585
vt 0.969590 0.501585
vt 0.531608 0.501585
vt 0.344473 0.501585
vt 0.406973 0.501585
vt 0.714948 0.501585
vt 0.591717 0.501585
vt 0.156973 0.501585
vt 0.806674 0.501585
vt 0.786306 0.501585
vt 0.031973 0.501585
vn -0.4358 0.8416 -0.3190
vn -0.5377 0.8224 -0.1856
vn -0.9043 0.2788 -0.3232
vn -0.7638 0.3005 -0.5712
vn -0.2898 0.8449 -0.4495
vn 0.3282 0.7928 0.5135
vn 0.4744 0.8030 0.3607
vn 0.7859 0.2241 0.5763
vn 0.5343 0.2020 0.8208
vn 0.1134 0.7942 0.5969
vn -0.1231 0.7957 0.5929
vn -0.1917 0.1997 0.9609
vn 0.1890 0.2013 0.9611
vn -0.5797 0.8125 0.0605
vn 0.5354 0.8424 -0.0609
vn 0.5263 0.8276 -0.1949
vn -0.5376 0.8225 0.1855
vn -0.5121 0.3038 -0.8034
vn -0.5056 0.7964 -0.3318
vn -0.8184 0.1873 -0.5433
vn -0.9643 0.1839 -0.1905
vn -0.5931 0.7967 -0.1160
vn 0.5353 0.8424 0.0609
vn -0.5798 0.8125 -0.0605
vn 0.5262 0.8277 0.1948
vn 0.1124 0.8236 -0.5559
vn -0.1037 0.8341 -0.5417
vn -0.1773 0.2879 -0.9411
vn 0.1940 0.2734 -0.9421
vn -0.3411 0.7961 0.4998
vn -0.5470 0.1934 0.8144
vn -0.5056 0.7964 0.3318
vn -0.8184 0.1873 0.5433
vn -0.5931 0.7967 0.1160
vn -0.9643 0.1839 0.1905
vn -0.3411 0.7961 -0.4998
vn -0.5470 0.1934 -0.8144
vn 0.5800 0.8065 -0.1143
vn 0.5800 0.8065 0.1143
vn -0.5351 0.1280 -0.8350
vn -0.1867 0.1326 -0.9734
vn -0.1231 0.7957 -0.5929
vn -0.1917 0.1997 -0.9609
vn -0.4358 0.8416 0.3190
vn -0.7638 0.3005 0.5712
vn -0.9043 0.2789 0.3230
vn 0.1134 0.7942 -0.5969
vn 0.1890 0.2014 -0.9611
vn -0.2899 0.8449 0.4495
vn -0.5121 0.3038 0.8034
vn -0.9585 0.2656 0.1038
vn 0.9093 0.2698 0.3168
vn 0.4889 0.8100 -0.3237
vn 0.3231 0.8160 -0.4793
vn 0.5418 0.2644 -0.7978
vn 0.8068 0.2581 -0.5315
vn 0.4744 0.8030 -0.3607
vn 0.9471 0.3049 0.0996
vn 0.1975 0.1373 -0.9706
vn -0.5351 0.1280 0.8350
vn -0.7940 0.1236 0.5952
vn -0.9345 0.1203 0.3349
vn 0.4889 0.8100 0.3237
vn 0.9489 0.2546 0.1862
vn 0.8068 0.2581 0.5315
vn -0.8231 0.4862 -0.2936
vn -0.9345 0.1203 -0.3349
vn -0.9871 0.1191 -0.1068
vn -0.8666 0.4903 -0.0930
vn -0.7009 0.4834 -0.5244
vn -0.7940 0.1236 -0.5952
vn 0.4779 0.5206 0.7075
vn 0.1714 0.5114 0.8420
vn 0.1975 0.1373 0.9706
vn 0.5545 0.1414 0.8201
vn 0.9489 0.2546 -0.1862
vn 0.3282 0.7928 -0.5135
vn 0.1124 0.8236 0.5559
vn 0.3231 0.8160 0.4793
vn 0.5418 0.2644 0.7978
vn 0.1940 0.2734 0.9421
vn -0.1037 0.8341 0.5417
vn -0.1773 0.2879 0.9411
vn 0.9093 0.2697 -0.3168
vn 0.7859 0.2241 -0.5763
vn 0.9472 0.3048 -0.0994
vn 0.5343 0.2020 -0.8208
vn -0.1867 0.1326 0.9734
vn -0.1632 0.5001 0.8504
vn -0.4702 0.4892 0.7345
vn -0.8667 0.4988 0.0001
vn -0.3455 0.9384 0.0002
vn -0.3604 0.9319 -0.0412
vn 0.9496 0.3135 0.0000
vn -0.9584 0.2655 -0.1040
vn 0.0418 -0.9114 0.4094
vn 0.1864 -0.9106 0.3689
vn 0.3074 -0.7909 0.5292
vn 0.0946 -0.7933 0.6014
vn 0.0931 -0.7797 -0.6191
vn 0.0341 -0.9061 -0.4217
vn -0.1206 -0.9063 -0.4050
vn -0.1449 -0.7803 -0.6083
vn -0.3514 -0.9102 0.2194
vn -0.2470 -0.9110 0.3301
vn -0.3494 -0.7926 0.4996
vn -0.5133 -0.7903 0.3344
vn -0.9871 0.1190 0.1068
vn -0.8230 0.4862 0.2936
vn -0.8665 0.4903 0.0931
vn -0.1632 0.5001 -0.8504
vn 0.1714 0.5114 -0.8420
vn -0.3604 0.9319 0.0416
vn -0.4702 0.4892 -0.7345
vn 0.9707 0.1456 -0.1910
vn 0.8318 0.5303 -0.1639
vn 0.8318 0.5303 0.1639
vn 0.9707 0.1456 0.1910
vn 0.8255 0.1442 0.5456
vn 0.5545 0.1414 -0.8201
vn 0.3460 0.9357 -0.0685
vn 0.2954 0.9346 -0.1980
vn 0.0020 1.0000 0.0000
vn 0.4779 0.5206 -0.7075
vn 0.7090 0.5271 -0.4685
vn 0.8255 0.1442 -0.5456
vn 0.7090 0.5271 0.4685
vn -0.7009 0.4834 0.5244
vn -0.3515 0.9273 -0.1288
vn -0.0757 0.9256 0.3707
vn -0.2128 0.9214 0.3252
vn 0.1997 0.9325 -0.3009
vn 0.0688 0.9294 0.3625
vn 0.2954 0.9346 0.1980
vn 0.1997 0.9325 0.3009
vn 0.6358 -0.7696 0.0591
vn 0.4223 -0.9055 0.0406
vn 0.4225 -0.9049 -0.0511
vn 0.6369 -0.7680 -0.0668
vn 0.0688 0.9294 -0.3625
vn -0.3121 0.9210 0.2332
vn -0.3514 0.9273 0.1287
vn -0.2129 0.9213 -0.3252
vn -0.3121 0.9209 -0.2333
vn -0.0757 0.9256 -0.3707
vn 0.3460 0.9357 0.0685
vn -0.1096 -0.9115 0.3964
vn -0.1361 -0.7937 0.5928
vn -0.4090 -0.9091 0.0790
vn -0.6045 -0.7875 0.1200
vn 0.3054 -0.9086 0.2847
vn 0.3748 -0.9082 0.1862
vn 0.5739 -0.7763 0.2606
vn 0.4743 -0.7851 0.3984
vn -0.6091 -0.7848 -0.1138
vn -0.4123 -0.9081 -0.0728
vn -0.2587 -0.9067 -0.3330
vn -0.3625 -0.7813 -0.5080
vn 0.4801 -0.7761 -0.4088
vn 0.3041 -0.9050 -0.2973
vn 0.1824 -0.9058 -0.3824
vn 0.3115 -0.7790 -0.5441
vn 0.4016 -0.9088 0.1125
vn 0.6163 -0.7708 0.1613
vn -0.3603 -0.9073 -0.2167
vn -0.5250 -0.7828 -0.3341
vn -0.2889 -0.9567 -0.0337
vn -0.2873 -0.9568 0.0446
vn 0.4021 -0.9074 -0.1221
vn 0.6188 -0.7669 -0.1703
vn 0.3749 -0.9059 -0.1970
vn 0.5780 -0.7703 -0.2692
vn -0.0059 -0.9608 -0.2772
vn 0.0900 -0.9607 -0.2627
vn -0.1841 -0.9605 -0.2086
vn -0.2492 -0.9570 -0.1485
vn 0.1752 -0.9604 -0.2164
vn 0.2394 -0.9602 -0.1438
vn 0.2763 -0.9601 0.0429
vn 0.2745 -0.9601 -0.0537
vn -0.1010 -0.9608 -0.2583
vn 0.0999 -0.9609 0.2581
vn 0.1831 -0.9606 0.2088
vn 0.0050 -0.9611 0.2761
vn -0.2852 -0.9536 -0.0966
vn 0.2445 -0.9603 0.1341
vn -0.4179 -0.9073 -0.0455
vn -0.4158 -0.9073 0.0616
vn -0.0905 -0.9611 0.2610
vn -0.2809 -0.9537 0.1073
vn -0.1752 -0.9608 0.2147
vn -0.2427 -0.9572 0.1575
vn -0.2836 -0.9038 -0.3205
vn -0.3593 -0.9076 -0.2170
vn -0.1560 -0.9041 -0.3977
vn 0.3673 -0.9038 -0.2194
vn 0.2698 -0.9041 -0.3313
vn -0.3506 -0.9077 0.2307
vn -0.0007 -1.0000 0.0000
vn -0.2709 -0.9038 0.3312
vn -0.1402 -0.9041 0.4035
vn 0.4203 -0.9037 -0.0817
vn 0.1549 -0.9043 0.3979
vn 0.2825 -0.9040 0.3206
vn 0.0078 -0.9043 0.4268
vn -0.0090 -0.9043 -0.4267
vn 0.4232 -0.9037 0.0655
vn 0.1391 -0.9043 -0.4036
vn -0.3868 -0.9128 -0.1306
vn 0.3755 -0.9038 0.2051
vn -0.3814 -0.9129 0.1454
s 1
f 293/253/181 292/254/182 227/255/183 228/256/184
f 293/253/181 300/257/185 194/258/186 226/259/187
f 313/260/188 226/259/187 194/258/186 294/261/189
f 193/262/190 196/263/191 296/264/192 295/265/193
f 341/266/194 220/267/195 221/268/196 307/269/197
f 300/257/185 293/253/181 228/256/184 206/270/198
f 199/271/199 303/272/200 302/273/201 200/274/202
f 193/262/190 295/265/193 294/261/189 194/258/186
f 219/275/203 340/276/204 292/254/182 225/277/205
f 292/254/182 293/253/181 226/259/187 225/277/205
f 314/278/206 301/279/207 205/280/208 208/281/209
f 195/282/210 297/283/211 296/264/192 196/263/191
f 195/282/210 198/284/212 298/285/213 297/283/211
f 197/286/214 299/287/215 298/285/213 198/284/212
f 197/286/214 200/274/202 302/273/201 299/287/215
f 301/279/207 300/257/185 206/270/198 205/280/208
f 199/271/199 202/288/216 304/289/217 303/272/200
f 197/286/214 323/290/218 310/291/219 200/274/202
f 308/292/220 309/293/221 205/280/208 206/270/198
f 194/258/186 300/257/185 301/279/207 193/262/190
f 301/279/207 314/278/206 196/263/191 193/262/190
f 201/294/222 305/295/223 304/289/217 202/288/216
f 307/269/197 306/296/224 223/297/225 224/298/226
f 305/295/223 201/294/222 192/299/227 290/300/228
f 306/296/224 319/301/229 203/302/230 223/297/225
f 217/303/231 341/266/194 307/269/197 224/298/226
f 225/277/205 226/259/187 313/260/188 312/304/232
f 322/305/233 315/306/234 207/307/235 210/308/236
f 222/309/237 306/296/224 307/269/197 221/268/196
f 312/304/232 342/310/238 219/275/203 225/277/205
f 309/293/221 354/311/239 208/281/209 205/280/208
f 203/302/230 359/312/240 348/313/241 223/297/225
f 223/297/225 348/313/241 349/314/242 224/298/226
f 311/315/243 310/291/219 212/316/244 211/317/245
f 370/318/246 362/319/247 351/320/248 377/321/249
f 362/319/247 370/318/246 371/322/250 363/323/251
f 372/324/252 373/325/253 353/326/254 352/327/255
f 310/291/219 323/290/218 209/328/256 212/316/244
f 191/329/257 319/301/229 306/296/224 222/309/237
f 317/330/258 316/331/259 214/332/260 213/333/261
f 316/331/259 311/315/243 211/317/245 214/332/260
f 200/274/202 310/291/219 311/315/243 199/271/199
f 311/315/243 316/331/259 202/288/216 199/271/199
f 315/306/234 314/278/206 208/281/209 207/307/235
f 318/334/262 317/330/258 213/333/261 204/335/263
f 319/301/229 318/334/262 204/335/263 203/302/230
f 196/263/191 314/278/206 315/306/234 195/282/210
f 315/306/234 322/305/233 198/284/212 195/282/210
f 221/268/196 321/336/264 320/337/265 222/309/237
f 202/288/216 316/331/259 317/330/258 201/294/222
f 317/330/258 318/334/262 192/299/227 201/294/222
f 192/299/227 318/334/262 319/301/229 191/329/257
f 323/290/218 322/305/233 210/308/236 209/328/256
f 228/256/184 363/323/251 308/292/220 206/270/198
f 220/267/195 343/338/266 321/336/264 221/268/196
f 198/284/212 322/305/233 323/290/218 197/286/214
f 191/329/257 222/309/237 320/337/265 291/339/267
f 358/340/268 346/341/269 347/342/270 359/312/240
f 229/343/271 231/344/272 234/345/273 377/321/249
f 342/310/238 230/346/274 343/338/266 220/267/195 219/275/203
f 292/254/182 340/276/204 218/347/275 227/255/183
f 259/348/276 260/349/277 332/350/278 333/351/279
f 336/352/280 254/353/281 251/354/282 325/355/283
f 219/275/203 220/267/195 341/266/194 340/276/204
f 340/276/204 341/266/194 217/303/231 218/347/275
f 258/356/284 263/357/285 331/358/286 328/359/287
f 217/303/231 350/360/288 351/320/248 218/347/275
f 365/361/289 376/362/290 350/360/288 349/314/242
f 214/332/260 352/327/255 353/326/254 213/333/261
f 309/293/221 369/363/291 374/364/292 354/311/239
f 349/314/242 350/360/288 217/303/231 224/298/226
f 351/320/248 362/319/247 227/255/183 218/347/275
f 376/362/290 233/365/293 231/344/272 229/343/271
f 368/366/294 369/363/291 309/293/221 308/292/220
f 357/367/295 379/368/296 366/369/297 360/370/298
f 211/317/245 361/371/299 352/327/255 214/332/260
f 208/281/209 354/311/239 355/372/300 207/307/235
f 236/373/301 235/374/302 232/375/303
f 355/372/300 375/376/304 378/377/305 356/378/306
f 360/370/298 366/369/297 367/379/307 361/371/299
f 353/326/254 358/340/268 204/335/263 213/333/261
f 355/372/300 356/378/306 210/308/236 207/307/235
f 210/308/236 356/378/306 357/367/295 209/328/256
f 234/345/273 231/344/272 233/365/293 232/380/303
f 354/311/239 374/364/292 375/376/304 355/372/300
f 356/378/306 378/377/305 379/368/296 357/367/295
f 347/342/270 364/381/308 348/313/241 359/312/240
f 357/367/295 360/370/298 212/316/244 209/328/256
f 204/335/263 358/340/268 359/312/240 203/302/230
f 234/345/273 232/382/303 245/383/309
f 346/341/269 358/340/268 353/326/254 373/325/253
f 212/316/244 360/370/298 361/371/299 211/317/245
f 361/371/299 367/379/307 372/324/252 352/327/255
f 346/341/269 237/384/310 238/385/311 347/342/270
f 227/255/183 362/319/247 363/323/251 228/256/184
f 364/381/308 365/361/289 349/314/242 348/313/241
f 363/323/251 371/322/250 368/366/294 308/292/220
f 376/362/290 229/343/271 377/321/249 351/320/248 350/360/288
f 375/376/304 250/386/312 235/374/302 378/377/305
f 237/384/310 232/387/303 238/385/311
f 237/384/310 248/388/313 232/389/303
f 378/377/305 235/374/302 236/373/301 379/368/296
f 242/390/314 232/391/303 247/392/315
f 338/393/316 268/394/317 267/395/318 339/396/319
f 249/397/320 232/398/303 250/386/312
f 364/381/308 239/399/321 240/400/322 365/361/289
f 365/361/289 240/400/322 233/365/293 376/362/290
f 243/401/323 246/402/324 232/403/303
f 233/365/293 240/400/322 232/404/303
f 240/400/322 239/399/321 232/405/303
f 244/406/325 243/401/323 232/407/303
f 236/373/301 232/408/303 241/409/326
f 242/390/314 247/392/315 372/324/252 367/379/307
f 234/345/273 245/383/309 370/318/246 377/321/249
f 247/392/315 232/410/303 248/388/313
f 244/406/325 232/411/303 249/397/320
f 235/374/302 250/386/312 232/412/303
f 373/325/253 248/388/313 237/384/310 346/341/269
f 236/373/301 241/409/326 366/369/297 379/368/296
f 238/385/311 232/413/303 239/399/321
f 246/402/324 245/383/309 232/414/303
f 238/385/311 239/399/321 364/381/308 347/342/270
f 366/369/297 241/409/326 242/390/314 367/379/307
f 368/366/294 243/401/323 244/406/325 369/363/291
f 371/322/250 246/402/324 243/401/323 368/366/294
f 370/318/246 245/383/309 246/402/324 371/322/250
f 191/329/257 291/339/267 290/300/228 192/299/227
f 244/406/325 249/397/320 374/364/292 369/363/291
f 372/324/252 247/392/315 248/388/313 373/325/253
f 241/409/326 232/415/303 242/390/314
f 374/364/292 249/397/320 250/386/312 375/376/304
f 331/358/286 263/357/285 264/416/327 330/417/328
f 257/418/329 258/356/284 328/359/287 329/419/330
f 265/420/331 266/421/332 334/422/333 335/423/334
f 326/424/335 262/425/336 257/418/329 329/419/330
f 251/354/282 252/426/337 324/427/338 325/355/283
f 332/350/278 260/349/277 265/420/331 335/423/334
f 344/428/339 256/429/340 253/430/341 337/431/342
f 334/422/333 266/421/332 188/432/343 215/433/344
f 252/426/337 261/434/345 327/435/346 324/427/338
f 253/430/341 254/353/281 336/352/280 337/431/342
f 268/394/317 286/436/347 285/437/348 267/395/318
f 339/396/319 267/395/318 187/438/349 216/439/350
f 255/440/351 256/429/340 344/428/339 345/441/352
f 261/434/345 262/425/336 326/424/335 327/435/346
f 215/433/344 188/432/343 268/394/317 338/393/316
f 277/442/353 259/348/276 264/416/327 282/443/354
f 216/439/350 187/438/349 255/440/351 345/441/352
f 259/348/276 333/351/279 330/417/328 264/416/327
f 283/444/355 284/445/356 266/421/332 265/420/331
f 281/446/357 282/443/354 264/416/327 263/357/285
f 276/447/358 281/446/357 263/357/285 258/356/284
f 262/425/336 280/448/359 275/449/360 257/418/329
f 260/349/277 278/450/361 283/444/355 265/420/331
f 277/442/353 278/450/361 260/349/277 259/348/276
f 269/451/362 270/452/363 252/426/337 251/354/282
f 254/353/281 272/453/364 269/451/362 251/354/282
f 266/421/332 284/445/356 190/454/365 188/432/343
f 270/452/363 279/455/366 261/434/345 252/426/337
f 285/437/348 286/436/347 389/456/367 386/457/368
f 271/458/369 272/453/364 254/353/281 253/430/341
f 267/395/318 285/437/348 189/459/370 187/438/349
f 279/455/366 280/448/359 262/425/336 261/434/345
f 190/454/365 286/436/347 268/394/317 188/432/343
f 256/429/340 274/460/371 271/458/369 253/430/341
f 273/461/372 274/460/371 256/429/340 255/440/351
f 189/459/370 273/461/372 255/440/351 187/438/349
f 284/445/356 283/444/355 380/462/373 383/463/374
f 275/449/360 276/447/358 258/356/284 257/418/329
f 278/450/361 387/464/375 380/462/373 283/444/355
f 281/446/357 276/447/358 381/465/376 394/466/377
f 393/467/378 289/468/379 395/469/380
f 388/470/381 395/469/380 289/471/379
f 275/449/360 397/472/382 381/465/376 276/447/358
f 270/452/363 269/451/362 382/473/383 385/474/384
f 269/451/362 272/453/364 391/475/385 382/473/383
f 278/450/361 277/442/353 384/476/386 387/464/375
f 397/472/382 392/477/387 289/478/379
f 396/479/388 394/466/377 289/480/379
f 190/454/365 284/445/356 383/463/374 287/481/389
f 380/462/373 387/464/375 289/482/379
f 382/473/383 289/483/379 385/474/384
f 277/442/353 282/443/354 396/479/388 384/476/386
f 279/455/366 270/452/363 385/474/384 390/484/390
f 390/484/390 289/485/379 392/477/387
f 383/463/374 380/462/373 289/486/379
f 272/453/364 271/458/369 388/470/381 391/475/385
f 389/456/367 287/481/389 289/487/379
f 189/459/370 285/437/348 386/457/368 288/488/391
f 386/457/368 389/456/367 289/489/379
f 391/475/385 388/470/381 289/490/379
f 384/476/386 396/479/388 289/491/379
f 381/465/376 397/472/382 289/492/379
f 271/458/369 274/460/371 395/469/380 388/470/381
f 280/448/359 279/455/366 390/484/390 392/477/387
f 381/465/376 289/493/379 394/466/377
f 286/436/347 190/454/365 287/481/389 389/456/367
f 275/449/360 280/448/359 392/477/387 397/472/382
f 287/481/389 383/463/374 289/494/379
f 387/464/375 384/476/386 289/495/379
f 390/484/390 385/474/384 289/496/379
f 274/460/371 273/461/372 393/467/378 395/469/380
f 393/467/378 288/488/391 289/497/379
f 282/443/354 281/446/357 394/466/377 396/479/388
f 273/461/372 189/459/370 288/488/391 393/467/378
f 288/488/391 386/457/368 289/498/379
f 382/473/383 391/475/385 289/499/379
o body.001
v 15.611332 20.262747 3.462404
v 15.611335 20.262747 -3.165070
v 15.605556 6.417471 -3.162448
v 15.605556 6.417471 3.459499
v 15.684960 16.698830 3.360096
v 15.684960 16.698832 -3.062945
v 15.688070 10.495714 -3.060585
v 15.688070 10.495714 3.357738
v -8.840429 20.154491 -13.386633
v -3.032091 20.154491 -15.818911
v -15.688908 20.154491 -3.025892
v -13.282522 20.154491 -8.897258
v -13.282523 20.154491 9.194409
v -15.688908 20.154491 3.323042
v -3.032092 20.154491 16.116060
v -8.840431 20.154491 13.683784
v 8.789926 20.154612 13.854281
v 3.214147 20.154491 16.128080
v 3.214148 20.154491 -15.830930
v 8.789926 20.154613 -13.557129
v 3.211573 6.495373 -15.817824
v 8.782783 6.495786 -13.546053
v 8.782783 6.495784 13.843206
v 3.211572 6.495373 16.114977
v -3.029508 6.495220 16.102928
v -8.833069 6.495214 13.672650
v -13.271507 6.495214 9.186967
v -15.675914 6.495214 3.320431
v -15.675914 6.495214 -3.023282
v -13.271507 6.495214 -8.889817
v -8.833068 6.495214 -13.375500
v -3.029508 6.495221 -15.805778
v 14.960079 4.352705 3.640864
v 14.957973 4.352690 -3.357805
v 15.475255 5.689424 3.611161
v 15.475256 5.689423 -3.314353
v 15.858792 20.551517 1.676749
v 15.858793 20.551517 -1.378855
v 12.765679 20.158703 10.044287
v 14.970066 20.195648 5.683934
v 14.970065 20.195648 -5.386760
v 12.765678 20.158705 -9.747133
v 14.958578 6.470003 5.680324
v 12.755387 6.493515 10.036563
v 12.755387 6.493517 -9.739411
v 14.958579 6.470003 -5.383184
v 15.684960 16.698832 0.148576
v 15.858793 20.551517 0.148947
v 15.759961 5.596679 0.148075
v 15.605556 6.417471 0.148525
v 15.717632 21.686659 0.148694
v 15.688070 10.495714 0.148576
v 3.198485 21.652475 -15.788532
v 8.747985 21.647522 -13.534448
v 8.747999 21.647499 13.831614
v 3.198485 21.652473 16.085686
v -3.027829 21.654064 16.071751
v -8.819932 21.654125 13.646168
v -13.249679 21.654125 9.169270
v -15.649377 21.654125 3.314220
v -15.649378 21.654125 -3.017070
v -13.249678 21.654125 -8.872119
v -8.819930 21.654125 -13.349016
v -3.027829 21.654064 -15.774599
v 12.713073 5.753589 10.031620
v 3.202647 5.754163 -15.780921
v 14.909277 5.733642 5.680138
v 14.872531 21.670280 5.746344
v 12.699349 21.651501 10.055553
v 12.699334 21.651524 -9.758387
v 14.872531 21.670280 -5.449181
v -8.566689 4.376870 -12.942628
v -2.955451 4.376952 -15.301647
v -15.179653 4.376907 -2.921299
v -12.856613 4.376894 -8.598570
v -12.853496 4.376894 8.892968
v -15.178569 4.376907 3.216445
v -2.949591 4.376952 15.592743
v -8.561912 4.376870 13.235618
v 8.470470 4.388696 13.447788
v 3.085999 4.379850 15.616696
v 14.420085 4.360414 5.628320
v 12.305506 4.382762 9.801517
v 3.079764 4.379851 -15.327758
v 8.464629 4.388708 -13.161024
v 8.754266 5.755800 -13.521307
v 12.713074 5.753593 -9.734468
v 14.909276 5.733641 -5.383028
v 8.754263 5.755796 13.818459
v 3.202646 5.754163 16.078072
v -3.022134 5.753615 16.065195
v -8.811903 5.753594 13.640642
v -13.239839 5.753594 9.165576
v -15.638552 5.753594 3.312924
v -15.638552 5.753594 -3.015774
v -13.239837 5.753594 -8.868425
v -8.811903 5.753594 -13.343492
v -3.022134 5.753616 -15.768044
v 15.759960 5.596679 1.801203
v 15.249163 4.349533 1.836055
v 15.248098 4.349523 -1.553224
v 15.759961 5.596679 -1.505053
v 15.717631 21.686659 1.866038
v 15.717632 21.686657 -1.568651
v 12.300749 4.382772 -9.516654
v 14.416989 4.360402 -5.344832
v 15.248644 4.349528 0.182355
vt 0.218452 0.996764
vt 0.158700 0.995075
vt 0.158687 0.910468
vt 0.218565 0.911849
vt 0.104374 0.993852
vt 0.104118 0.909256
vt 0.895687 0.994071
vt 0.841360 0.995270
vt 0.841448 0.910667
vt 0.896016 0.909479
vt 0.781610 0.996932
vt 0.781570 0.912020
vt 0.719368 0.998215
vt 0.719328 0.913183
vt 0.656684 0.999112
vt 0.656671 0.914065
vt 0.594047 0.999699
vt 0.594057 0.914648
vt 0.531350 0.999981
vt 0.531379 0.914928
vt 0.468714 0.999960
vt 0.468760 0.914907
vt 0.406016 0.999637
vt 0.406082 0.914585
vt 0.343379 0.999013
vt 0.343467 0.913964
vt 0.280693 0.998080
vt 0.280808 0.913045
vt 0.000747 0.710539
vt 0.001751 0.359517
vt 0.033383 0.360434
vt 0.032403 0.711457
vt 0.282267 0.099511
vt 0.282194 0.141383
vt 0.220247 0.140257
vt 0.220350 0.098441
vt 0.940255 0.011729
vt 0.942194 0.091821
vt 0.894125 0.095673
vt 0.893188 0.015931
vt 0.839996 0.097449
vt 0.839429 0.017704
vt 0.160634 0.138856
vt 0.160849 0.097203
vt 0.344556 0.142231
vt 0.840175 0.139097
vt 0.894492 0.137205
vt 0.963378 0.087136
vt 0.965568 0.129058
vt 0.942636 0.133607
vt 0.780567 0.140473
vt 0.718625 0.141564
vt 0.718590 0.099698
vt 0.780501 0.098662
vt 0.019349 0.078328
vt 0.037473 0.086868
vt 0.035245 0.128784
vt 0.001914 0.122210
vt 0.002825 0.074249
vt 0.943480 0.993877
vt 0.944292 0.910264
vt 0.106315 0.136949
vt 0.106717 0.095414
vt 0.056578 0.993636
vt 0.055840 0.910019
vt 0.344613 0.100348
vt 0.406873 0.142800
vt 0.406914 0.100914
vt 0.469256 0.143091
vt 0.469283 0.101189
vt 0.531577 0.143132
vt 0.531590 0.101246
vt 0.593956 0.142891
vt 0.593952 0.101006
vt 0.656268 0.142370
vt 0.656249 0.100491
vt 0.960987 0.008608
vt 0.161589 0.017503
vt 0.220889 0.018161
vt 0.107847 0.015705
vt 0.058649 0.091553
vt 0.060792 0.011492
vt 0.040067 0.008375
vt 0.780108 0.018330
vt 0.058172 0.133338
vt 0.656049 0.019948
vt 0.718303 0.019174
vt 0.531562 0.020714
vt 0.593834 0.020465
vt 0.407098 0.020407
vt 0.469356 0.020662
vt 0.282671 0.019042
vt 0.344903 0.019855
vt 0.021690 0.004859
vt 0.004254 0.000000
vt 0.979369 0.005083
vt 0.981517 0.078592
vt 0.998047 0.074510
vt 0.998910 0.122480
vt 1.000000 0.930965
vt 0.999705 0.995531
vt 0.982738 0.994686
vt 0.967119 0.913555
vt 0.984906 0.930212
vt 0.015199 0.929952
vt 0.033007 0.913301
vt 0.017316 0.994427
vt 0.000349 0.995266
vt 0.000105 0.930698
vt 0.967902 0.711717
vt 0.967227 0.360706
vt 0.998859 0.359803
vt 0.999557 0.710814
vt 0.995995 0.000440
vn 0.1903 0.0287 -0.9813
vn 0.5420 0.0281 -0.8399
vn 0.5448 0.0136 -0.8384
vn 0.1915 0.0138 -0.9814
vn 0.8011 0.0333 -0.5976
vn 0.8045 0.0162 -0.5937
vn 0.8011 0.0333 0.5976
vn 0.5420 0.0281 0.8399
vn 0.5448 0.0135 0.8384
vn 0.8045 0.0162 0.5937
vn 0.1903 0.0287 0.9813
vn 0.1915 0.0138 0.9814
vn -0.1983 0.0292 0.9797
vn -0.1978 0.0141 0.9801
vn -0.5594 0.0284 0.8284
vn -0.5592 0.0137 0.8289
vn -0.8338 0.0275 0.5514
vn -0.8338 0.0132 0.5518
vn -0.9808 0.0270 0.1931
vn -0.9810 0.0130 0.1933
vn -0.9808 0.0270 -0.1931
vn -0.9810 0.0130 -0.1933
vn -0.8338 0.0275 -0.5514
vn -0.8338 0.0132 -0.5518
vn -0.5594 0.0284 -0.8284
vn -0.5592 0.0137 -0.8289
vn -0.1983 0.0292 -0.9797
vn -0.1978 0.0141 -0.9801
vn 1.0000 0.0005 0.0000
vn 0.9806 -0.0002 -0.1959
vn -0.1938 -0.1857 -0.9633
vn -0.1979 -0.0262 -0.9799
vn 0.1914 -0.0255 -0.9812
vn 0.1885 -0.1844 -0.9646
vn 0.8781 -0.3301 0.3463
vn 0.9132 -0.2016 0.3540
vn 0.7891 -0.1865 0.5852
vn 0.7573 -0.3222 0.5680
vn 0.5345 -0.1843 0.8248
vn 0.5110 -0.3224 0.7968
vn 0.5447 -0.0247 -0.8382
vn 0.5349 -0.1826 -0.8249
vn -0.5591 -0.0262 -0.8286
vn 0.5447 -0.0247 0.8382
vn 0.8042 -0.0269 0.5938
vn 0.9654 -0.1780 0.1903
vn 0.9810 0.0141 0.1935
vn 0.9292 -0.0369 0.3678
vn 0.1914 -0.0255 0.9812
vn -0.1979 -0.0262 0.9799
vn -0.1939 -0.1879 0.9629
vn 0.1882 -0.1865 0.9642
vn 0.9879 -0.1428 -0.0604
vn 0.9655 -0.1777 -0.1903
vn 0.9810 0.0141 -0.1935
vn 0.9944 0.1056 0.0000
vn 0.9900 -0.1413 -0.0001
vn 0.9450 0.0782 0.3175
vn 0.9392 0.0396 0.3410
vn 0.8042 -0.0269 -0.5938
vn 0.7895 -0.1855 -0.5850
vn 0.9450 0.0782 -0.3175
vn 0.9392 0.0396 -0.3410
vn -0.5492 -0.1857 -0.8148
vn -0.8336 -0.0261 -0.5516
vn -0.8193 -0.1853 -0.5425
vn -0.9808 -0.0261 -0.1932
vn -0.9641 -0.1853 -0.1900
vn -0.9808 -0.0261 0.1932
vn -0.9640 -0.1857 0.1901
vn -0.8336 -0.0261 0.5516
vn -0.8191 -0.1866 0.5425
vn -0.5591 -0.0262 0.8286
vn -0.5490 -0.1875 0.8145
vn 0.9139 -0.3494 0.2066
vn 0.5108 -0.3190 -0.7983
vn 0.1769 -0.3212 -0.9303
vn 0.7572 -0.3200 -0.5694
vn 0.9134 -0.2011 -0.3538
vn 0.8782 -0.3289 -0.3472
vn 0.9140 -0.3487 -0.2072
vn 0.1775 -0.3255 0.9287
vn 0.9292 -0.0368 -0.3678
vn -0.5304 -0.3261 0.7825
vn -0.1895 -0.3270 0.9258
vn -0.9287 -0.3227 0.1824
vn -0.7896 -0.3243 0.5208
vn -0.7904 -0.3218 -0.5212
vn -0.9290 -0.3218 -0.1825
vn -0.1903 -0.3226 -0.9272
vn -0.5314 -0.3223 -0.7834
vn 0.9251 -0.3709 -0.0814
vn 0.9252 -0.3793 -0.0001
vn 0.9251 -0.3710 0.0806
vn 0.9879 -0.1428 0.0605
vn 0.9926 0.1212 0.0000
vn 0.9787 0.1195 0.1666
vn 0.9744 0.0779 0.2110
vn 0.9787 0.1195 -0.1665
vn 0.9744 0.0779 -0.2110
vn 0.9806 -0.0002 0.1959
s 1
f 450/500/392 451/501/393 417/502/394 416/503/395
f 451/501/393 467/504/396 439/505/397 417/502/394
f 466/506/398 452/507/399 414/508/400 436/509/401
f 452/507/399 453/510/402 415/511/403 414/508/400
f 453/510/402 454/512/404 412/513/405 415/511/403
f 454/512/404 455/514/406 413/515/407 412/513/405
f 455/514/406 456/516/408 410/517/409 413/515/407
f 456/516/408 457/518/410 411/519/411 410/517/409
f 457/518/410 458/520/412 408/521/413 411/519/411
f 458/520/412 459/522/414 409/523/415 408/521/413
f 459/522/414 460/524/416 406/525/417 409/523/415
f 460/524/416 461/526/418 407/527/419 406/525/417
f 444/528/420 449/529/420 404/530/421 403/531/421
f 495/532/422 429/533/423 418/534/424 463/535/425
f 479/536/426 464/537/427 462/538/428 480/539/429
f 462/538/428 486/540/430 477/541/431 480/539/429
f 418/534/424 419/542/432 483/543/433 463/535/425
f 407/527/419 429/533/423 428/544/434 406/525/417
f 420/545/435 486/540/430 462/538/428 441/546/436
f 432/547/437 401/548/438 440/549/439 464/537/427
f 421/550/440 422/551/441 488/552/442 487/553/443
f 499/554/444 433/555/445 400/556/446 447/557/447 446/558/448
f 465/559/449 466/506/398 436/509/401 437/560/450
f 419/542/432 442/561/451 484/562/452 483/543/433
f 464/537/427 440/549/439 441/546/436 462/538/428
f 467/504/396 468/563/453 438/564/454 439/505/397
f 428/544/434 429/533/423 495/532/422 494/565/455
f 427/566/456 428/544/434 494/565/455 493/567/457
f 426/568/458 427/566/456 493/567/457 492/569/459
f 425/570/460 426/568/458 492/569/459 491/571/461
f 424/572/462 425/570/460 491/571/461 490/573/463
f 423/574/464 424/572/462 490/573/463 489/575/465
f 422/551/441 423/574/464 489/575/465 488/552/442
f 420/545/435 421/550/440 487/553/443 486/540/430
f 430/576/466 432/547/437 464/537/427 479/536/426
f 417/502/394 439/505/397 442/561/451 419/542/432
f 414/508/400 420/545/435 441/546/436 436/509/401
f 463/535/425 483/543/433 482/577/467 481/578/468
f 483/543/433 484/562/452 502/579/469 482/577/467
f 484/562/452 485/580/470 503/581/471 502/579/469
f 503/581/471 485/580/470 433/555/445 431/582/472
f 486/540/430 487/553/443 478/583/473 477/541/431
f 485/580/470 443/584/474 400/556/446 433/555/445
f 488/552/442 489/575/465 476/585/475 475/586/476
f 478/583/473 487/553/443 488/552/442 475/586/476
f 490/573/463 491/571/461 474/587/477 473/588/478
f 476/585/475 489/575/465 490/573/463 473/588/478
f 492/569/459 493/567/457 472/589/479 471/590/480
f 474/587/477 491/571/461 492/569/459 471/590/480
f 494/565/455 495/532/422 470/591/481 469/592/482
f 493/567/457 494/565/455 469/592/482 472/589/479
f 431/582/472 433/555/445 499/554/444 498/593/483
f 498/593/483 499/554/444 446/558/448 504/594/484
f 417/502/394 419/542/432 418/534/424 416/503/395
f 409/523/415 427/566/456 426/568/458 408/521/413
f 470/591/481 495/532/422 463/535/425 481/578/468
f 406/525/417 428/544/434 427/566/456 409/523/415
f 411/519/411 425/570/460 424/572/462 410/517/409
f 408/521/413 426/568/458 425/570/460 411/519/411
f 413/515/407 423/574/464 422/551/441 412/513/405
f 410/517/409 424/572/462 423/574/464 413/515/407
f 415/511/403 421/550/440 420/545/435 414/508/400
f 412/513/405 422/551/441 421/550/440 415/511/403
f 416/503/395 418/534/424 429/533/423 407/527/419
f 436/509/401 441/546/436 440/549/439 437/560/450
f 430/576/466 497/595/485 496/596/486 432/547/437
f 442/561/451 443/584/474 485/580/470 484/562/452
f 438/564/454 443/584/474 442/561/451 439/505/397
f 446/597/448 447/598/447 401/548/438 432/547/437 496/596/486
f 445/599/487 448/600/487 500/601/488 465/559/449 437/560/450 398/602/489 434/603/488
f 435/604/490 399/605/491 438/564/454 468/563/453 501/606/490 448/607/487 445/608/487
f 402/609/492 405/610/492 449/611/420 444/612/420
f 450/500/392 416/503/395 407/527/419 461/526/418
f 443/584/474 438/564/454 399/605/491 403/531/421 404/530/421 400/556/446
f 504/613/484 446/597/448 496/596/486 497/595/485
f 405/610/492 402/609/492 398/602/489 437/560/450 440/549/439 401/548/438
o handle.001
v 15.611332 20.262747 3.462404
v 15.611335 20.262747 -3.165070
v 15.605556 6.417471 -3.162448
v 15.605556 6.417471 3.459499
v 15.684960 16.698830 3.360096
v 15.684960 16.698832 -3.062945
v 15.688070 10.495714 -3.060585
v 15.688070 10.495714 3.357738
v 23.951111 9.434438 -1.629341
v 23.951111 9.434438 1.926493
v 23.931688 17.415981 1.928725
v 23.931688 17.415981 -1.631572
v 22.491100 11.059287 -1.628574
v 22.491100 11.059287 1.925727
v 22.475554 16.140427 1.926858
v 22.475552 16.140427 -1.629705
v 18.245817 17.763264 1.931761
v 17.941828 19.985413 1.942269
v 18.245819 17.763264 -1.634608
v 17.941828 19.985413 -1.645116
v 17.997517 6.862750 -1.641037
v 17.997517 6.862750 1.938190
v 18.291002 9.436002 1.929554
v 18.291000 9.436002 -1.632401
v 20.410494 17.454514 1.927150
v 16.280903 20.059378 2.168466
v 21.000017 7.370246 -1.628764
v 20.410494 17.454514 -1.629998
v 20.447290 9.745199 -1.628282
v 16.280905 20.059378 -1.871287
v 25.116323 13.425209 1.927609
v 23.299084 13.599857 1.926292
v 23.299084 13.599857 -1.629140
v 25.116325 13.425209 -1.630456
v 16.670902 17.618351 2.117000
v 20.954546 19.480173 1.929302
v 16.670904 17.618353 -1.819848
v 20.954544 19.480173 -1.632149
v 21.000017 7.370246 1.925916
v 20.447292 9.745199 1.925434
v 15.858792 20.551517 1.676749
v 15.858793 20.551517 -1.378855
v 19.283545 17.690222 1.927770
v 21.530373 16.961731 1.927040
v 16.926779 20.030050 1.989792
v 19.394119 6.997180 -1.630211
v 22.602831 8.144319 -1.628980
v 16.971088 6.810855 1.984897
v 15.932656 6.651642 2.573122
v 17.401470 9.449955 1.958842
v 16.166712 9.871266 2.500734
v 19.283545 17.690220 -1.630618
v 21.530373 16.961731 -1.629888
v 19.328167 9.509437 -1.628753
v 21.556479 10.237983 -1.628392
v 16.926779 20.030050 -1.692637
v 24.818281 11.275009 1.927008
v 24.809383 15.575410 1.928210
v 23.085463 14.968699 1.926597
v 23.092545 12.231016 1.925988
v 23.085463 14.968698 -1.629444
v 23.092545 12.231015 -1.628835
v 24.809385 15.575409 -1.631058
v 24.818283 11.275009 -1.629855
v 17.365652 17.748346 1.961729
v 22.570421 18.706100 1.929085
v 19.339108 19.852959 1.931009
v 17.365652 17.748346 -1.664577
v 22.570425 18.706100 -1.631933
v 19.339109 19.852957 -1.633857
v 15.932653 6.651642 -2.275992
v 16.971087 6.810855 -1.687745
v 22.602831 8.144318 1.926133
v 19.394119 6.997180 1.927364
v 21.556480 10.237983 1.925544
v 19.328169 9.509437 1.925905
v 16.166712 9.871267 -2.203581
v 17.401470 9.449955 -1.661688
v 16.279770 20.291988 1.235766
vt 0.767111 0.652965
vt 0.732890 0.652965
vt 0.733114 0.644602
vt 0.766886 0.644602
vt 0.769441 0.660656
vt 0.730560 0.660656
vt 0.770784 0.671849
vt 0.729217 0.671750
vt 0.772368 0.699576
vt 0.727632 0.698776
vt 0.726822 0.961322
vt 0.726868 0.893086
vt 0.726976 0.893086
vt 0.726823 0.958023
vt 0.726824 0.954724
vt 0.727084 0.893086
vt 0.729402 0.893087
vt 0.726828 0.930255
vt 0.733009 0.893118
vt 0.726834 0.897538
vt 0.768415 0.900050
vt 0.767036 0.854820
vt 0.733000 0.849123
vt 0.766989 0.807592
vt 0.733012 0.805144
vt 0.732973 0.759575
vt 0.767027 0.760370
vt 0.768397 0.715490
vt 0.731603 0.715490
vt 0.773139 0.902288
vt 0.769060 0.902155
vt 0.726865 0.896859
vt 0.726863 0.900050
vt 0.768981 0.902796
vt 0.726867 0.894459
vt 0.726842 0.850250
vt 0.726852 0.789765
vt 0.726864 0.719658
vt 0.726877 0.644602
vt 0.733120 0.723547
vt 0.732974 0.716492
vt 0.731603 0.715736
vt 0.731454 0.654501
vt 0.729163 0.669743
vt 0.731603 0.715613
vt 0.731161 0.712505
vt 0.726873 0.684985
vt 0.726868 0.893377
vt 0.768507 0.900176
vt 0.768415 0.900050
vt 0.726868 0.893086
vt 0.767026 0.716492
vt 0.766880 0.723547
vt 0.768839 0.712505
vt 0.768547 0.654501
vt 0.768398 0.715736
vt 0.768398 0.715613
vt 0.770838 0.669743
vt 0.773128 0.684985
vt 0.768418 0.715465
vt 0.731583 0.715465
vt 0.718092 0.877280
vt 0.729575 0.901437
vt 0.731917 0.952326
vt 0.717950 0.957402
vt 0.726826 0.953424
vt 0.769228 0.950557
vt 0.773172 0.952119
vt 0.726827 0.954358
vt 0.726826 0.946752
vt 0.768412 0.945589
vt 0.726828 0.929171
vt 0.769213 0.934511
vt 0.726834 0.897794
vt 0.773142 0.910261
vt 0.768560 0.900050
vt 0.768488 0.900050
vt 0.773178 0.961322
vt 0.773164 0.882142
vt 0.773151 0.802962
vt 0.773137 0.723782
vt 0.773123 0.644602
vt 0.726842 0.851973
vt 0.773158 0.862003
vt 0.726851 0.797731
vt 0.773149 0.803178
vt 0.773142 0.906644
vt 0.773136 0.897303
vt 0.726957 0.743264
vt 0.773044 0.745843
vt 0.773177 0.959581
vt 0.773170 0.949949
vt 0.761356 0.957690
vt 0.773133 0.893086
vt 0.773178 0.961322
vt 0.773178 0.961322
vt 0.773133 0.893086
vt 0.773178 0.961322
vt 0.773133 0.893086
vt 0.740290 0.957743
vt 0.735493 0.963514
vt 0.730556 0.952284
vt 0.773175 0.956867
vt 0.729194 0.952243
vt 0.728616 0.899341
vt 0.773136 0.897851
vt 0.773115 0.723547
vt 0.726885 0.723547
vt 0.726885 0.723547
vt 0.773115 0.723547
vt 0.773115 0.723547
vt 0.726885 0.723547
vt 0.726885 0.723547
vt 0.773115 0.723547
vt 0.730448 0.898348
vt 0.728656 0.899199
vt 0.763934 0.644602
vt 0.763929 0.723547
vt 0.768278 0.723547
vt 0.768284 0.644602
vt 0.769887 0.723547
vt 0.769894 0.644602
vt 0.736071 0.723547
vt 0.736066 0.644602
vt 0.731716 0.644602
vt 0.731722 0.723547
vt 0.730107 0.644602
vt 0.730114 0.723547
vt 0.773133 0.893086
vt 0.773178 0.961322
vt 0.773123 0.644602
vt 0.726877 0.644602
vt 0.726877 0.644602
vt 0.773123 0.644602
vt 0.773123 0.644602
vt 0.773123 0.644602
vt 0.726877 0.644602
vt 0.726877 0.644602
vn 0.1188 -0.7121 -0.6919
vn 0.1188 -0.7121 0.6919
vn 0.0694 -0.7133 0.6973
vn 0.0694 -0.7133 -0.6973
vn 0.2431 -0.6887 -0.6830
vn 0.2431 -0.6887 0.6830
vn 0.4212 -0.6072 -0.6737
vn 0.4212 -0.6072 0.6737
vn 0.6036 -0.4346 -0.6684
vn 0.6036 -0.4346 0.6684
vn 0.0672 0.7139 0.6970
vn -0.0028 -0.7013 0.7128
vn -0.0929 -0.6858 0.7218
vn 0.1179 0.7119 0.6923
vn 0.2415 0.6888 0.6835
vn -0.2081 -0.6500 0.7308
vn -0.3588 -0.5662 0.7421
vn 0.4187 0.6084 0.6741
vn -0.5181 -0.4087 0.7513
vn 0.6016 0.4372 0.6685
vn -0.5181 -0.4087 -0.7513
vn -0.6336 -0.2083 -0.7451
vn -0.6336 -0.2083 0.7451
vn -0.6697 -0.0019 -0.7426
vn -0.6697 -0.0019 0.7426
vn -0.6348 0.2045 0.7451
vn -0.6348 0.2045 -0.7451
vn -0.5205 0.4054 -0.7515
vn -0.5205 0.4054 0.7515
vn -0.0028 -0.7013 -0.7128
vn -0.0929 -0.6858 -0.7218
vn -0.2081 -0.6500 -0.7308
vn 0.7064 0.2132 0.6749
vn 0.7357 0.0013 0.6773
vn 0.7073 -0.2104 0.6749
vn -0.0038 0.7010 0.7132
vn -0.0936 0.6852 0.7223
vn -0.2097 0.6489 0.7314
vn -0.3612 0.5640 0.7426
vn -0.3588 -0.5662 -0.7421
vn -0.0936 0.6852 -0.7223
vn -0.0038 0.7010 -0.7132
vn -0.2097 0.6489 -0.7314
vn -0.3612 0.5640 -0.7426
vn 0.8733 -0.3290 0.3591
vn 0.7030 -0.5282 0.4762
vn 0.6510 0.5756 0.4948
vn 0.8339 0.2339 0.4998
vn 0.1179 0.7119 -0.6923
vn 0.0672 0.7139 -0.6970
vn 0.2415 0.6888 -0.6835
vn 0.4187 0.6084 -0.6741
vn 0.6016 0.4372 -0.6685
vn 0.7064 0.2132 -0.6749
vn 0.7357 0.0013 -0.6773
vn 0.7073 -0.2104 -0.6749
vn 0.8733 -0.3290 -0.3592
vn 0.7030 -0.5282 -0.4763
vn 0.6690 0.5729 -0.4735
vn 0.8325 0.2347 -0.5019
vn 0.6944 0.7134 -0.0937
vn 0.2085 0.7205 -0.6614
vn 0.1712 -0.6962 -0.6970
vn 0.4241 0.9051 0.0310
vn 0.6098 0.7786 0.1479
vn 0.2085 0.7205 0.6614
vn 0.1712 -0.6962 0.6970
vn 0.9287 0.2565 -0.2676
vn 0.9287 0.2565 0.2676
vn 0.8274 0.4285 0.3630
vn 0.8274 0.4285 -0.3629
vn 0.3036 0.6818 -0.6655
vn 0.3036 0.6818 0.6655
vn 0.9042 -0.2443 -0.3504
vn 0.7169 -0.5979 -0.3583
vn 0.2579 -0.7444 -0.6158
vn 0.9042 -0.2443 0.3504
vn 0.7169 -0.5979 0.3583
vn 0.2579 -0.7444 0.6158
s 1
f 550/614/493 578/615/494 526/616/495 525/617/496
f 578/615/494 550/614/493 531/618/497 543/619/498
f 543/619/498 531/618/497 551/620/499 577/621/500
f 551/620/499 513/622/501 514/623/502 577/621/500
f 522/624/503 521/625/504 547/626/505 571/627/506
f 540/628/507 529/629/508 548/630/509 570/631/510
f 571/627/506 547/626/505 529/629/508 540/628/507
f 548/630/509 519/632/511 515/633/512 570/631/510
f 519/632/511 520/634/513 565/635/514 563/636/515
f 563/636/515 565/635/514 537/637/516 536/638/517
f 564/639/518 566/640/519 517/641/520 518/642/521
f 523/643/522 556/644/523 547/645/505 521/646/504
f 536/638/517 537/637/516 566/640/519 564/639/518
f 547/645/505 556/644/523 532/647/524 529/648/508
f 515/633/512 519/632/511 563/636/515 562/649/525
f 535/650/526 536/638/517 564/639/518 561/651/527
f 562/649/525 563/636/515 536/638/517 535/650/526
f 564/639/518 518/642/521 514/652/502 561/651/527
f 527/653/528 526/616/495 578/615/494 580/654/529
f 544/655/530 543/656/498 577/657/500 579/658/531
f 580/654/529 578/615/494 543/619/498 544/659/530
f 577/657/500 514/660/502 518/642/521 579/658/531
f 548/661/509 557/662/532 520/663/513 519/664/511
f 527/653/528 580/654/529 558/665/533 528/666/534
f 529/648/508 532/647/524 557/662/532 548/661/509
f 558/665/533 580/654/529 544/659/530 533/667/535
f 525/617/496 528/666/534 558/665/533 550/614/493
f 531/668/497 533/669/535 559/670/536 551/671/499
f 550/614/493 558/665/533 533/667/535 531/618/497
f 559/670/536 517/641/520 513/672/501 551/671/499
f 559/673/536 579/674/531 518/642/521 517/641/520
f 509/675/537 539/676/538 530/677/539 505/678/540
f 533/667/535 544/659/530 579/674/531 559/673/536
f 571/679/506 574/680/541 524/681/542 522/682/503
f 574/680/541 571/679/506 540/683/507 542/684/543
f 542/684/543 540/683/507 570/685/510 573/686/544
f 570/685/510 515/687/512 516/688/545 573/686/544
f 523/643/522 524/681/542 574/680/541 556/644/523
f 532/689/524 542/684/543 573/686/544 557/690/532
f 556/644/523 574/680/541 542/684/543 532/647/524
f 573/686/544 516/688/545 520/663/513 557/690/532
f 520/634/513 516/691/545 567/692/546 565/635/514
f 537/637/516 538/693/547 568/694/548 566/640/519
f 565/635/514 567/692/546 538/693/547 537/637/516
f 568/694/548 513/695/501 517/641/520 566/640/519
f 562/696/525 567/697/546 516/688/545 515/687/512
f 567/697/546 562/696/525 535/698/526 538/699/547
f 510/700/549 541/701/550 539/676/538 509/675/537
f 538/699/547 535/698/526 561/702/527 568/703/548
f 561/702/527 514/623/502 513/622/501 568/703/548
f 534/704/551 506/705/552 546/706/553
f 541/707/550 534/708/551 560/709/554 572/710/555
f 560/709/554 524/711/542 523/712/522 572/710/555
f 530/677/539 583/713/556 545/714/557 505/678/540
f 534/704/551 583/713/556 530/677/539 549/715/558 560/716/554
f 549/715/558 522/717/503 524/681/542 560/716/554
f 569/718/559 572/719/555 523/643/522 521/646/504
f 511/720/560 512/721/561 555/722/562 581/723/563
f 539/676/538 541/701/550 572/719/555 569/718/559
f 582/724/564 554/725/565 527/726/528 528/727/534
f 530/677/539 539/728/538 569/729/559 549/715/558
f 507/730/566 511/731/560 581/732/563 575/733/567
f 569/729/559 521/646/504 522/717/503 549/715/558
f 554/725/565 582/724/564 581/723/563 555/722/562
f 582/734/564 576/735/568 575/733/567 581/732/563
f 582/734/564 528/666/534 525/617/496 576/735/568
f 512/736/561 508/737/569 553/738/570 555/739/562
f 552/740/571 554/741/565 555/739/562 553/738/570
f 552/740/571 526/616/495 527/653/528 554/741/565
f 534/708/551 541/707/550 510/742/549 506/743/552
f 575/744/567 553/745/570 508/746/569 507/747/566
f 546/706/553 545/714/557 583/713/556
f 576/748/568 525/749/496 526/750/495 552/751/571
f 576/748/568 552/751/571 553/745/570 575/744/567
f 583/713/556 534/704/551 546/706/553
o interior.001
v 7.661856 -1.662814 -2.848783
v 7.758945 -1.662814 2.499827
v 6.260456 -1.876792 -2.409737
v 6.346836 -1.876792 2.072907
v 8.702127 22.000143 -13.479613
v 3.177246 22.008566 -15.717073
v 3.177246 22.008564 16.014227
v 8.702151 22.000107 13.776792
v -8.786086 22.011364 13.584067
v -3.020627 22.011259 15.998559
v -15.584113 22.011364 3.299655
v -13.195453 22.011364 9.127766
v -13.195452 22.011364 -8.830615
v -15.584111 22.011364 -3.002505
v -3.020627 22.011261 -15.701408
v -8.786085 22.011364 -13.286917
v 7.895693 21.279789 -12.473295
v 2.822208 21.272961 -14.520190
v 2.822206 21.272957 14.817342
v 7.895679 21.279757 12.770432
v -8.232390 21.270840 12.569447
v -2.902495 21.270920 14.801618
v -14.517042 21.270840 3.061692
v -12.308771 21.270840 8.449676
v -12.308771 21.270840 -8.152525
v -14.517042 21.270840 -2.764542
v -2.902495 21.270920 -14.504467
v -8.232390 21.270840 -12.272296
v 14.960079 4.352705 3.640864
v 14.957973 4.352690 -3.357805
v 14.230518 21.265491 -1.544990
v 14.230516 21.265474 1.848652
v 15.602447 22.035578 1.869337
v 15.602447 22.035576 -1.572913
v 14.766678 22.029503 -5.442700
v 12.626537 22.005924 -9.726701
v 11.463660 21.277870 -9.088810
v 13.432899 21.268406 -5.212228
v 14.766678 22.029503 5.739822
v 12.626562 22.005886 10.023877
v 13.432895 21.268387 5.509660
v 11.463645 21.277836 9.385945
v 12.243485 5.454971 0.147879
v 15.717632 21.686659 0.148694
v 9.978661 3.496557 0.144840
v 1.290993 3.561868 0.148158
v 9.978318 3.496928 -1.056759
v 9.979001 3.496187 1.346440
v -8.032837 3.571643 5.892596
v -9.571153 3.571101 2.140285
v 2.372327 3.579053 -9.985361
v 5.884125 3.588221 -8.589277
v 8.258754 3.571757 -6.291211
v 9.508555 3.531923 -3.582877
v -9.571145 3.571108 -1.842975
v -8.032841 3.571637 -5.595447
v 5.884303 3.588176 8.886586
v 2.372359 3.579079 10.282493
v 9.509025 3.531408 3.879437
v 8.258687 3.571933 6.588591
v -5.245713 3.572673 -8.411363
v -1.534087 3.574058 -9.965311
v -1.534091 3.574070 10.262472
v -5.245705 3.572680 8.708526
v -2.554687 -1.654776 -7.596473
v -4.971000 -1.653295 -6.170036
v 2.936772 -1.657223 -7.599236
v 0.197035 -1.656235 -8.090538
v 7.078958 -1.661970 -4.089628
v 5.322334 -1.659171 -6.201849
v -7.623819 -1.651605 1.516664
v -6.608666 -1.652191 4.155070
v 0.480906 -1.656240 8.011147
v 3.203522 -1.657226 7.421720
v -6.750602 -1.652189 -3.986003
v -7.673114 -1.651604 -1.313520
v -4.753542 -1.653296 6.275055
v -2.287935 -1.654777 7.615204
v 5.539791 -1.659174 5.938044
v 7.220892 -1.661971 3.761785
v 8.026949 -1.663077 -1.535044
v 8.076240 -1.663077 1.173223
v -2.125762 -1.871147 -6.162578
v -4.053984 -1.869821 -4.986291
v 2.309491 -1.874158 -6.249873
v 0.084249 -1.872652 -6.601416
v 5.762614 -1.876466 -3.435472
v 4.281567 -1.875482 -5.150352
v -6.152951 -1.868318 1.215095
v -5.341567 -1.868841 3.338495
v 0.336797 -1.872655 6.504437
v 2.546808 -1.874161 6.065600
v -5.467842 -1.868840 -3.214431
v -6.196805 -1.868318 -1.060713
v -3.860520 -1.869824 5.053375
v -1.888445 -1.871148 6.152894
v 4.475030 -1.875484 4.889312
v 5.888888 -1.876469 3.117454
v 6.573997 -1.876989 -1.312071
v 6.617853 -1.876992 0.963736
v 5.964992 -1.461126 1.940899
v 5.883986 -1.461125 -2.262804
v 0.210524 -1.457247 -0.048489
v 3.198485 21.652475 -15.788532
v 8.747985 21.647522 -13.534448
v 13.725811 21.817532 5.560719
v 11.756611 21.823261 9.557753
v 8.747999 21.647499 13.831614
v 3.198485 21.652473 16.085686
v -3.027829 21.654064 16.071751
v -8.819932 21.654125 13.646168
v -13.249679 21.654125 9.169270
v -15.649377 21.654125 3.314220
v 8.108449 21.824350 13.037300
v 2.909650 21.820698 15.110780
v -15.649378 21.654125 -3.017070
v -13.249678 21.654125 -8.872119
v -8.819930 21.654125 -13.349016
v -3.027829 21.654064 -15.774599
v 11.756618 21.823280 -9.260610
v 13.725814 21.817541 -5.263389
v 7.690101 14.009199 12.424635
v 2.763268 14.007348 14.416476
v -14.772278 21.819565 -2.821337
v -12.520958 21.819565 -8.314363
v 14.872531 21.670280 5.746344
v 12.699349 21.651501 10.055553
v -2.931147 21.819607 15.087590
v -8.365104 21.819565 12.811604
v -8.365104 21.819565 -12.514452
v -2.931146 21.819607 -14.790440
v 2.909652 21.820698 -14.813628
v 8.108457 21.824371 -12.740156
v 12.699334 21.651524 -9.758387
v 14.872531 21.670280 -5.449181
v -12.520956 21.819565 8.611514
v -14.772281 21.819565 3.118486
v -8.566689 4.376870 -12.942628
v -2.955451 4.376952 -15.301647
v -15.179653 4.376907 -2.921299
v -12.856613 4.376894 -8.598570
v -12.853496 4.376894 8.892968
v -15.178569 4.376907 3.216445
v -2.949591 4.376952 15.592743
v -8.561912 4.376870 13.235618
v 8.470470 4.388696 13.447788
v 3.085999 4.379850 15.616696
v 14.420085 4.360414 5.628320
v 12.305506 4.382762 9.801517
v 3.079764 4.379851 -15.327758
v 8.464629 4.388708 -13.161024
v 15.249163 4.349533 1.836055
v 15.248098 4.349523 -1.553224
v 14.511314 21.815321 1.849055
v 14.511314 21.815331 -1.547767
v 15.717631 21.686659 1.866038
v 15.717632 21.686657 -1.568651
v 12.300749 4.382772 -9.516654
v 14.416989 4.360402 -5.344832
v 2.607862 5.499668 -12.276094
v 6.891270 5.504816 -10.550572
v 11.153900 14.008215 -8.847629
v 13.074522 14.002989 -5.090715
v 13.856841 13.999639 -1.514750
v 13.856843 13.999639 1.812893
v -7.988737 14.006719 -11.934006
v -2.804053 14.006742 -14.105329
v -2.804054 14.006742 14.402478
v -7.988736 14.006719 12.231157
v -11.954096 14.006719 8.223591
v -14.102222 14.006719 2.982352
v 2.763269 14.007347 -14.119327
v 7.690103 14.009200 -12.127482
v -14.102221 14.006719 -2.685202
v -11.954096 14.006719 -7.926440
v 13.074522 14.002989 5.387908
v 11.153899 14.008214 9.144779
v 9.896028 5.496608 -7.709781
v 11.561604 5.471593 -4.442257
v -12.075237 5.497482 -2.318681
v -10.204742 5.497499 -6.882493
v 6.891274 5.504815 10.847728
v 2.607862 5.499669 12.573244
v 11.561630 5.471589 4.739341
v 9.896023 5.496612 8.006937
v -6.752254 5.497531 -10.371701
v -2.237753 5.497648 -12.262403
v -2.237753 5.497647 12.559551
v -6.752254 5.497531 10.668853
v 12.243466 5.454975 -1.313552
v 12.243504 5.454967 1.609310
v -10.204742 5.497499 7.179643
v -12.075238 5.497482 2.615836
v 4.214293 -1.459904 4.587410
v -5.002107 -1.453665 3.131412
v -1.982920 -1.455829 -5.788756
v 5.541708 -1.460827 2.923885
v 0.329077 -1.457247 6.103785
v -3.793247 -1.454585 -4.684388
v 6.184929 -1.461317 -1.234815
v 2.403966 -1.458660 5.691779
v 2.181158 -1.458656 -5.870715
v 6.226102 -1.461317 0.901848
v -5.120661 -1.453663 -3.020862
v 0.091970 -1.457244 -6.200763
v -5.805055 -1.453173 -0.998824
v 5.423154 -1.460824 -3.228389
v -3.611612 -1.454587 4.741442
v 4.032659 -1.459901 -4.838420
v -1.760112 -1.455832 5.773736
v -5.763881 -1.453176 1.137838
vt 0.646310 0.999952
vt 0.693890 0.999952
vt 0.693552 1.000000
vt 0.646145 1.000000
vt 0.591041 0.999952
vt 0.591346 0.996779
vt 0.647234 0.996780
vt 0.647332 0.988759
vt 0.591373 0.988745
vt 0.530932 0.996779
vt 0.468740 0.996779
vt 0.468740 0.988744
vt 0.530936 0.988744
vt 0.767281 0.999952
vt 0.766524 0.996795
vt 0.804694 0.996767
vt 0.806110 0.999952
vt 0.590947 1.000000
vt 0.156250 0.996779
vt 0.156250 0.988744
vt 0.218750 0.988744
vt 0.218750 0.996779
vt 0.733455 0.996814
vt 0.732719 0.999952
vt 0.695289 0.996792
vt 0.468738 0.999952
vt 0.530891 0.999952
vt 0.530878 1.000000
vt 0.468738 1.000000
vt 0.406250 0.996779
vt 0.406250 0.988744
vt 0.343750 0.996779
vt 0.343750 0.988744
vt 0.281250 0.996779
vt 0.281250 0.988744
vt 0.093750 0.996779
vt 0.093750 0.988744
vt 0.281250 0.999952
vt 0.218750 0.999952
vt 0.590908 1.000000
vt 0.530873 1.000000
vt 0.031250 0.996779
vt 0.031250 0.988744
vt 0.853690 0.999952
vt 0.853868 1.000000
vt 0.806419 1.000000
vt 0.969058 0.996779
vt 0.969055 0.988744
vt 0.908959 0.999952
vt 0.909064 1.000000
vt 0.767507 1.000000
vt 0.695498 0.988870
vt 0.343750 0.999952
vt 0.406250 0.999952
vt 0.406250 1.000000
vt 0.343750 1.000000
vt 0.852763 0.996775
vt 0.733555 0.989120
vt 0.468738 1.000000
vt 0.909092 1.000000
vt 0.854287 1.000000
vt 0.806908 1.000000
vt 0.156250 0.999952
vt 0.218750 1.000000
vt 0.156250 1.000000
vt 0.693239 1.000000
vt 0.693419 1.000000
vt 0.732278 1.000000
vt 0.732399 1.000000
vt 0.645863 1.000000
vt 0.646044 1.000000
vt 0.093750 1.000000
vt 0.031684 1.000000
vt 0.031033 1.000000
vt 0.093533 1.000000
vt 0.281250 1.000000
vt 0.908654 0.996779
vt 0.031250 0.999952
vt 0.093750 0.999952
vt 0.093750 1.000000
vt 0.031250 1.000000
vt 0.969098 0.999952
vt 0.969112 1.000000
vt 0.804286 0.988591
vt 0.852625 0.988704
vt 0.766195 0.988894
vt 0.908626 0.988743
vt 0.969115 1.000000
vt 0.968637 1.000000
vt 0.909020 1.000000
vt 0.750000 1.000000
vt 0.750000 1.000000
vt 0.732399 1.000000
vt 0.749875 0.989007
vt 0.732467 1.000000
vt 0.530890 0.502080
vt 0.591038 0.502080
vt 0.591318 0.528071
vt 0.530928 0.528071
vt 0.969062 0.528071
vt 0.969098 0.502080
vt 0.031250 0.502080
vt 0.031250 0.528071
vt 0.343750 0.502080
vt 0.406250 0.502080
vt 0.406250 0.528071
vt 0.343750 0.528071
vt 0.767479 1.000000
vt 0.806761 1.000000
vt 0.767601 1.000000
vt 0.530873 1.000000
vt 0.468738 1.000000
vt 0.767602 1.000000
vt 0.590908 1.000000
vt 0.281033 1.000000
vt 0.281250 1.000000
vt 0.218750 1.000000
vt 0.218967 1.000000
vt 0.156467 1.000000
vt 0.406250 1.000000
vt 0.281250 1.000000
vt 0.343750 1.000000
vt 0.281250 1.000000
vt 0.406250 1.000000
vt 0.343750 1.000000
vt 0.343533 1.000000
vt 0.156250 1.000000
vt 0.732399 1.000000
vt 0.854137 1.000000
vt 0.693239 1.000000
vt 0.693239 1.000000
vt 0.969115 1.000000
vt 0.909092 1.000000
vt 0.406250 1.000000
vt 0.909092 1.000000
vt 0.031250 1.000000
vt 0.969115 1.000000
vt 0.156250 1.000000
vt 0.093750 1.000000
vt 0.093750 1.000000
vt 0.733546 0.528036
vt 0.732711 0.502080
vt 0.767289 0.502080
vt 0.766454 0.528036
vt 0.468738 1.000000
vt 0.406250 1.000000
vt 0.854137 1.000000
vt 0.806762 1.000000
vt 0.590908 1.000000
vt 0.645863 1.000000
vt 0.590908 1.000000
vt 0.767602 1.000000
vt 0.806762 1.000000
vt 0.530873 1.000000
vt 0.530873 1.000000
vt 0.218750 1.000000
vt 0.218750 1.000000
vt 0.031250 1.000000
vt 0.468738 1.000000
vt 0.343750 1.000000
vt 0.854137 1.000000
vt 0.645863 1.000000
vt 0.156250 1.000000
vt 0.468738 0.502080
vt 0.468740 0.528071
vt 0.281250 0.502080
vt 0.281250 0.528071
vt 0.646270 0.502080
vt 0.693845 0.502080
vt 0.695329 0.528052
vt 0.647163 0.528069
vt 0.218750 0.528071
vt 0.218750 0.502080
vt 0.093750 0.502080
vt 0.093750 0.528071
vt 0.852837 0.528069
vt 0.853731 0.502080
vt 0.908962 0.502080
vt 0.908682 0.528071
vt 0.714304 0.502080
vt 0.715697 0.528041
vt 0.156250 0.502080
vt 0.156250 0.528071
vt 0.732686 0.501585
vt 0.767315 0.501585
vt 0.785696 0.502080
vt 0.784303 0.528041
vt 0.806155 0.502080
vt 0.804671 0.528052
vt 0.530889 0.501585
vt 0.468738 0.501585
vt 0.646236 0.501585
vt 0.693795 0.501585
vt 0.406250 0.501585
vt 0.343750 0.501585
vt 0.218750 0.501585
vt 0.281250 0.501585
vt 0.591027 0.501585
vt 0.031250 0.501585
vt 0.093750 0.501585
vt 0.969100 0.501585
vt 0.714259 0.501585
vt 0.156250 0.501585
vt 0.733113 0.501585
vt 0.767711 0.501585
vt 0.908973 0.501585
vt 0.785741 0.501585
vt 0.853764 0.501585
vt 0.806206 0.501585
vt 0.646861 0.501585
vt 0.694325 0.501585
vt 0.591717 0.501585
vt 0.344473 0.501585
vt 0.406973 0.501585
vt 0.806674 0.501585
vt 0.854336 0.501585
vt 0.854336 0.501585
vt 0.909629 0.501585
vt 0.909629 0.501585
vt 0.281973 0.501585
vt 0.031973 0.501585
vt 0.094473 0.501585
vt 0.969590 0.501585
vt 0.531608 0.501585
vt 0.219473 0.501585
vt 0.281973 0.501585
vt 0.469462 0.501585
vt 0.469462 0.501585
vt 0.714948 0.501585
vt 0.646861 0.501585
vt 0.094473 0.501585
vt 0.156973 0.501585
vt 0.219473 0.501585
vt 0.694325 0.501585
vt 0.733113 0.501585
vt 0.786306 0.501585
vt 0.767711 0.501585
vt 0.969590 0.501585
vt 0.531608 0.501585
vt 0.344473 0.501585
vt 0.406973 0.501585
vt 0.714948 0.501585
vt 0.591717 0.501585
vt 0.156973 0.501585
vt 0.806674 0.501585
vt 0.786306 0.501585
vt 0.031973 0.501585
vn -0.4358 0.8416 -0.3190
vn -0.5377 0.8224 -0.1856
vn -0.9043 0.2788 -0.3232
vn -0.7638 0.3005 -0.5712
vn -0.2898 0.8449 -0.4495
vn 0.3282 0.7928 0.5135
vn 0.4744 0.8030 0.3607
vn 0.7859 0.2241 0.5763
vn 0.5343 0.2020 0.8208
vn 0.1134 0.7942 0.5969
vn -0.1231 0.7957 0.5929
vn -0.1917 0.1997 0.9609
vn 0.1890 0.2013 0.9611
vn -0.5797 0.8125 0.0605
vn 0.5354 0.8424 -0.0609
vn 0.5263 0.8276 -0.1949
vn -0.5376 0.8225 0.1855
vn -0.5121 0.3038 -0.8034
vn -0.5056 0.7964 -0.3318
vn -0.8184 0.1873 -0.5433
vn -0.9643 0.1839 -0.1905
vn -0.5931 0.7967 -0.1160
vn 0.5353 0.8424 0.0609
vn -0.5798 0.8125 -0.0605
vn 0.5262 0.8277 0.1948
vn 0.1124 0.8236 -0.5559
vn -0.1037 0.8341 -0.5417
vn -0.1773 0.2879 -0.9411
vn 0.1940 0.2734 -0.9421
vn -0.3411 0.7961 0.4998
vn -0.5470 0.1934 0.8144
vn -0.5056 0.7964 0.3318
vn -0.8184 0.1873 0.5433
vn -0.5931 0.7967 0.1160
vn -0.9643 0.1839 0.1905
vn -0.3411 0.7961 -0.4998
vn -0.5470 0.1934 -0.8144
vn 0.5800 0.8065 -0.1143
vn 0.5800 0.8065 0.1143
vn -0.5351 0.1280 -0.8350
vn -0.1867 0.1326 -0.9734
vn -0.1231 0.7957 -0.5929
vn -0.1917 0.1997 -0.9609
vn -0.4358 0.8416 0.3190
vn -0.7638 0.3005 0.5712
vn -0.9043 0.2789 0.3230
vn 0.1134 0.7942 -0.5969
vn 0.1890 0.2014 -0.9611
vn -0.2899 0.8449 0.4495
vn -0.5121 0.3038 0.8034
vn -0.9585 0.2656 0.1038
vn 0.9093 0.2698 0.3168
vn 0.4889 0.8100 -0.3237
vn 0.3231 0.8160 -0.4793
vn 0.5418 0.2644 -0.7978
vn 0.8068 0.2581 -0.5315
vn 0.4744 0.8030 -0.3607
vn 0.9471 0.3049 0.0996
vn 0.1975 0.1373 -0.9706
vn -0.5351 0.1280 0.8350
vn -0.7940 0.1236 0.5952
vn -0.9345 0.1203 0.3349
vn 0.4889 0.8100 0.3237
vn 0.9489 0.2546 0.1862
vn 0.8068 0.2581 0.5315
vn -0.8231 0.4862 -0.2936
vn -0.9345 0.1203 -0.3349
vn -0.9871 0.1191 -0.1068
vn -0.8666 0.4903 -0.0930
vn -0.7009 0.4834 -0.5244
vn -0.7940 0.1236 -0.5952
vn 0.4779 0.5206 0.7075
vn 0.1714 0.5114 0.8420
vn 0.1975 0.1373 0.9706
vn 0.5545 0.1414 0.8201
vn 0.9489 0.2546 -0.1862
vn 0.3282 0.7928 -0.5135
vn 0.1124 0.8236 0.5559
vn 0.3231 0.8160 0.4793
vn 0.5418 0.2644 0.7978
vn 0.1940 0.2734 0.9421
vn -0.1037 0.8341 0.5417
vn -0.1773 0.2879 0.9411
vn 0.9093 0.2697 -0.3168
vn 0.7859 0.2241 -0.5763
vn 0.9472 0.3048 -0.0994
vn 0.5343 0.2020 -0.8208
vn -0.1867 0.1326 0.9734
vn -0.1632 0.5001 0.8504
vn -0.4702 0.4892 0.7345
vn -0.8667 0.4988 0.0001
vn -0.3455 0.9384 0.0002
vn -0.3604 0.9319 -0.0412
vn 0.9496 0.3135 0.0000
vn -0.9584 0.2655 -0.1040
vn 0.0418 -0.9114 0.4094
vn 0.1864 -0.9106 0.3689
vn 0.3074 -0.7909 0.5292
vn 0.0946 -0.7933 0.6014
vn 0.0931 -0.7797 -0.6191
vn 0.0341 -0.9061 -0.4217
vn -0.1206 -0.9063 -0.4050
vn -0.1449 -0.7803 -0.6083
vn -0.3514 -0.9102 0.2194
vn -0.2470 -0.9110 0.3301
vn -0.3494 -0.7926 0.4996
vn -0.5133 -0.7903 0.3344
vn -0.9871 0.1190 0.1068
vn -0.8230 0.4862 0.2936
vn -0.8665 0.4903 0.0931
vn -0.1632 0.5001 -0.8504
vn 0.1714 0.5114 -0.8420
vn -0.3604 0.9319 0.0416
vn -0.4702 0.4892 -0.7345
vn 0.9707 0.1456 -0.1910
vn 0.8318 0.5303 -0.1639
vn 0.8318 0.5303 0.1639
vn 0.9707 0.1456 0.1910
vn 0.8255 0.1442 0.5456
vn 0.5545 0.1414 -0.8201
vn 0.3460 0.9357 -0.0685
vn 0.2954 0.9346 -0.1980
vn 0.0020 1.0000 0.0000
vn 0.4779 0.5206 -0.7075
vn 0.7090 0.5271 -0.4685
vn 0.8255 0.1442 -0.5456
vn 0.7090 0.5271 0.4685
vn -0.7009 0.4834 0.5244
vn -0.3515 0.9273 -0.1288
vn -0.0757 0.9256 0.3707
vn -0.2128 0.9214 0.3252
vn 0.1997 0.9325 -0.3009
vn 0.0688 0.9294 0.3625
vn 0.2954 0.9346 0.1980
vn 0.1997 0.9325 0.3009
vn 0.6358 -0.7696 0.0591
vn 0.4223 -0.9055 0.0406
vn 0.4225 -0.9049 -0.0511
vn 0.6369 -0.7680 -0.0668
vn 0.0688 0.9294 -0.3625
vn -0.3121 0.9210 0.2332
vn -0.3514 0.9273 0.1287
vn -0.2129 0.9213 -0.3252
vn -0.3121 0.9209 -0.2333
vn -0.0757 0.9256 -0.3707
vn 0.3460 0.9357 0.0685
vn -0.1096 -0.9115 0.3964
vn -0.1361 -0.7937 0.5928
vn -0.4090 -0.9091 0.0790
vn -0.6045 -0.7875 0.1200
vn 0.3054 -0.9086 0.2847
vn 0.3748 -0.9082 0.1862
vn 0.5739 -0.7763 0.2606
vn 0.4743 -0.7851 0.3984
vn -0.6091 -0.7848 -0.1138
vn -0.4123 -0.9081 -0.0728
vn -0.2587 -0.9067 -0.3330
vn -0.3625 -0.7813 -0.5080
vn 0.4801 -0.7761 -0.4088
vn 0.3041 -0.9050 -0.2973
vn 0.1824 -0.9058 -0.3824
vn 0.3115 -0.7790 -0.5441
vn 0.4016 -0.9088 0.1125
vn 0.6163 -0.7708 0.1613
vn -0.3603 -0.9073 -0.2167
vn -0.5250 -0.7828 -0.3341
vn -0.2889 -0.9567 -0.0337
vn -0.2873 -0.9568 0.0446
vn 0.4021 -0.9074 -0.1221
vn 0.6188 -0.7669 -0.1703
vn 0.3749 -0.9059 -0.1970
vn 0.5780 -0.7703 -0.2692
vn -0.0059 -0.9608 -0.2772
vn 0.0900 -0.9607 -0.2627
vn -0.1841 -0.9605 -0.2086
vn -0.2492 -0.9570 -0.1485
vn 0.1752 -0.9604 -0.2164
vn 0.2394 -0.9602 -0.1438
vn 0.2763 -0.9601 0.0429
vn 0.2745 -0.9601 -0.0537
vn -0.1010 -0.9608 -0.2583
vn 0.0999 -0.9609 0.2581
vn 0.1831 -0.9606 0.2088
vn 0.0050 -0.9611 0.2761
vn -0.2852 -0.9536 -0.0966
vn 0.2445 -0.9603 0.1341
vn -0.4179 -0.9073 -0.0455
vn -0.4158 -0.9073 0.0616
vn -0.0905 -0.9611 0.2610
vn -0.2809 -0.9537 0.1073
vn -0.1752 -0.9608 0.2147
vn -0.2427 -0.9572 0.1575
vn -0.2836 -0.9038 -0.3205
vn -0.3593 -0.9076 -0.2170
vn -0.1560 -0.9041 -0.3977
vn 0.3673 -0.9038 -0.2194
vn 0.2698 -0.9041 -0.3313
vn -0.3506 -0.9077 0.2307
vn -0.0007 -1.0000 0.0000
vn -0.2709 -0.9038 0.3312
vn -0.1402 -0.9041 0.4035
vn 0.4203 -0.9037 -0.0817
vn 0.1549 -0.9043 0.3979
vn 0.2825 -0.9040 0.3206
vn 0.0078 -0.9043 0.4268
vn -0.0090 -0.9043 -0.4267
vn 0.4232 -0.9037 0.0655
vn 0.1391 -0.9043 -0.4036
vn -0.3868 -0.9128 -0.1306
vn 0.3755 -0.9038 0.2051
vn -0.3814 -0.9129 0.1454
s 1
f 690/752/572 689/753/573 624/754/574 625/755/575
f 690/752/572 697/756/576 591/757/577 623/758/578
f 710/759/579 623/758/578 591/757/577 691/760/580
f 590/761/581 593/762/582 693/763/583 692/764/584
f 738/765/585 617/766/586 618/767/587 704/768/588
f 697/756/576 690/752/572 625/755/575 603/769/589
f 596/770/590 700/771/591 699/772/592 597/773/593
f 590/761/581 692/764/584 691/760/580 591/757/577
f 616/774/594 737/775/595 689/753/573 622/776/596
f 689/753/573 690/752/572 623/758/578 622/776/596
f 711/777/597 698/778/598 602/779/599 605/780/600
f 592/781/601 694/782/602 693/763/583 593/762/582
f 592/781/601 595/783/603 695/784/604 694/782/602
f 594/785/605 696/786/606 695/784/604 595/783/603
f 594/785/605 597/773/593 699/772/592 696/786/606
f 698/778/598 697/756/576 603/769/589 602/779/599
f 596/770/590 599/787/607 701/788/608 700/771/591
f 594/785/605 720/789/609 707/790/610 597/773/593
f 705/791/611 706/792/612 602/779/599 603/769/589
f 591/757/577 697/756/576 698/778/598 590/761/581
f 698/778/598 711/777/597 593/762/582 590/761/581
f 598/793/613 702/794/614 701/788/608 599/787/607
f 704/768/588 703/795/615 620/796/616 621/797/617
f 702/794/614 598/793/613 589/798/618 687/799/619
f 703/795/615 716/800/620 600/801/621 620/796/616
f 614/802/622 738/765/585 704/768/588 621/797/617
f 622/776/596 623/758/578 710/759/579 709/803/623
f 719/804/624 712/805/625 604/806/626 607/807/627
f 619/808/628 703/795/615 704/768/588 618/767/587
f 709/803/623 739/809/629 616/774/594 622/776/596
f 706/792/612 751/810/630 605/780/600 602/779/599
f 600/801/621 756/811/631 745/812/632 620/796/616
f 620/796/616 745/812/632 746/813/633 621/797/617
f 708/814/634 707/790/610 609/815/635 608/816/636
f 767/817/637 759/818/638 748/819/639 774/820/640
f 759/818/638 767/817/637 768/821/641 760/822/642
f 769/823/643 770/824/644 750/825/645 749/826/646
f 707/790/610 720/789/609 606/827/647 609/815/635
f 588/828/648 716/800/620 703/795/615 619/808/628
f 714/829/649 713/830/650 611/831/651 610/832/652
f 713/830/650 708/814/634 608/816/636 611/831/651
f 597/773/593 707/790/610 708/814/634 596/770/590
f 708/814/634 713/830/650 599/787/607 596/770/590
f 712/805/625 711/777/597 605/780/600 604/806/626
f 715/833/653 714/829/649 610/832/652 601/834/654
f 716/800/620 715/833/653 601/834/654 600/801/621
f 593/762/582 711/777/597 712/805/625 592/781/601
f 712/805/625 719/804/624 595/783/603 592/781/601
f 618/767/587 718/835/655 717/836/656 619/808/628
f 599/787/607 713/830/650 714/829/649 598/793/613
f 714/829/649 715/833/653 589/798/618 598/793/613
f 589/798/618 715/833/653 716/800/620 588/828/648
f 720/789/609 719/804/624 607/807/627 606/827/647
f 625/755/575 760/822/642 705/791/611 603/769/589
f 617/766/586 740/837/657 718/835/655 618/767/587
f 595/783/603 719/804/624 720/789/609 594/785/605
f 588/828/648 619/808/628 717/836/656 688/838/658
f 755/839/659 743/840/660 744/841/661 756/811/631
f 626/842/662 628/843/663 631/844/664 774/820/640
f 739/809/629 627/845/665 740/837/657 617/766/586 616/774/594
f 689/753/573 737/775/595 615/846/666 624/754/574
f 656/847/667 657/848/668 729/849/669 730/850/670
f 733/851/671 651/852/672 648/853/673 722/854/674
f 616/774/594 617/766/586 738/765/585 737/775/595
f 737/775/595 738/765/585 614/802/622 615/846/666
f 655/855/675 660/856/676 728/857/677 725/858/678
f 614/802/622 747/859/679 748/819/639 615/846/666
f 762/860/680 773/861/681 747/859/679 746/813/633
f 611/831/651 749/826/646 750/825/645 610/832/652
f 706/792/612 766/862/682 771/863/683 751/810/630
f 746/813/633 747/859/679 614/802/622 621/797/617
f 748/819/639 759/818/638 624/754/574 615/846/666
f 773/861/681 630/864/684 628/843/663 626/842/662
f 765/865/685 766/862/682 706/792/612 705/791/611
f 754/866/686 776/867/687 763/868/688 757/869/689
f 608/816/636 758/870/690 749/826/646 611/831/651
f 605/780/600 751/810/630 752/871/691 604/806/626
f 633/872/692 632/873/693 629/874/694
f 752/871/691 772/875/695 775/876/696 753/877/697
f 757/869/689 763/868/688 764/878/698 758/870/690
f 750/825/645 755/839/659 601/834/654 610/832/652
f 752/871/691 753/877/697 607/807/627 604/806/626
f 607/807/627 753/877/697 754/866/686 606/827/647
f 631/844/664 628/843/663 630/864/684 629/879/694
f 751/810/630 771/863/683 772/875/695 752/871/691
f 753/877/697 775/876/696 776/867/687 754/866/686
f 744/841/661 761/880/699 745/812/632 756/811/631
f 754/866/686 757/869/689 609/815/635 606/827/647
f 601/834/654 755/839/659 756/811/631 600/801/621
f 631/844/664 629/881/694 642/882/700
f 743/840/660 755/839/659 750/825/645 770/824/644
f 609/815/635 757/869/689 758/870/690 608/816/636
f 758/870/690 764/878/698 769/823/643 749/826/646
f 743/840/660 634/883/701 635/884/702 744/841/661
f 624/754/574 759/818/638 760/822/642 625/755/575
f 761/880/699 762/860/680 746/813/633 745/812/632
f 760/822/642 768/821/641 765/865/685 705/791/611
f 773/861/681 626/842/662 774/820/640 748/819/639 747/859/679
f 772/875/695 647/885/703 632/873/693 775/876/696
f 634/883/701 629/886/694 635/884/702
f 634/883/701 645/887/704 629/888/694
f 775/876/696 632/873/693 633/872/692 776/867/687
f 639/889/705 629/890/694 644/891/706
f 735/892/707 665/893/708 664/894/709 736/895/710
f 646/896/711 629/897/694 647/885/703
f 761/880/699 636/898/712 637/899/713 762/860/680
f 762/860/680 637/899/713 630/864/684 773/861/681
f 640/900/714 643/901/715 629/902/694
f 630/864/684 637/899/713 629/903/694
f 637/899/713 636/898/712 629/904/694
f 641/905/716 640/900/714 629/906/694
f 633/872/692 629/907/694 638/908/717
f 639/889/705 644/891/706 769/823/643 764/878/698
f 631/844/664 642/882/700 767/817/637 774/820/640
f 644/891/706 629/909/694 645/887/704
f 641/905/716 629/910/694 646/896/711
f 632/873/693 647/885/703 629/911/694
f 770/824/644 645/887/704 634/883/701 743/840/660
f 633/872/692 638/908/717 763/868/688 776/867/687
f 635/884/702 629/912/694 636/898/712
f 643/901/715 642/882/700 629/913/694
f 635/884/702 636/898/712 761/880/699 744/841/661
f 763/868/688 638/908/717 639/889/705 764/878/698
f 765/865/685 640/900/714 641/905/716 766/862/682
f 768/821/641 643/901/715 640/900/714 765/865/685
f 767/817/637 642/882/700 643/901/715 768/821/641
f 588/828/648 688/838/658 687/799/619 589/798/618
f 641/905/716 646/896/711 771/863/683 766/862/682
f 769/823/643 644/891/706 645/887/704 770/824/644
f 638/908/717 629/914/694 639/889/705
f 771/863/683 646/896/711 647/885/703 772/875/695
f 728/857/677 660/856/676 661/915/718 727/916/719
f 654/917/720 655/855/675 725/858/678 726/918/721
f 662/919/722 663/920/723 731/921/724 732/922/725
f 723/923/726 659/924/727 654/917/720 726/918/721
f 648/853/673 649/925/728 721/926/729 722/854/674
f 729/849/669 657/848/668 662/919/722 732/922/725
f 741/927/730 653/928/731 650/929/732 734/930/733
f 731/921/724 663/920/723 585/931/734 612/932/735
f 649/925/728 658/933/736 724/934/737 721/926/729
f 650/929/732 651/852/672 733/851/671 734/930/733
f 665/893/708 683/935/738 682/936/739 664/894/709
f 736/895/710 664/894/709 584/937/740 613/938/741
f 652/939/742 653/928/731 741/927/730 742/940/743
f 658/933/736 659/924/727 723/923/726 724/934/737
f 612/932/735 585/931/734 665/893/708 735/892/707
f 674/941/744 656/847/667 661/915/718 679/942/745
f 613/938/741 584/937/740 652/939/742 742/940/743
f 656/847/667 730/850/670 727/916/719 661/915/718
f 680/943/746 681/944/747 663/920/723 662/919/722
f 678/945/748 679/942/745 661/915/718 660/856/676
f 673/946/749 678/945/748 660/856/676 655/855/675
f 659/924/727 677/947/750 672/948/751 654/917/720
f 657/848/668 675/949/752 680/943/746 662/919/722
f 674/941/744 675/949/752 657/848/668 656/847/667
f 666/950/753 667/951/754 649/925/728 648/853/673
f 651/852/672 669/952/755 666/950/753 648/853/673
f 663/920/723 681/944/747 587/953/756 585/931/734
f 667/951/754 676/954/757 658/933/736 649/925/728
f 682/936/739 683/935/738 786/955/758 783/956/759
f 668/957/760 669/952/755 651/852/672 650/929/732
f 664/894/709 682/936/739 586/958/761 584/937/740
f 676/954/757 677/947/750 659/924/727 658/933/736
f 587/953/756 683/935/738 665/893/708 585/931/734
f 653/928/731 671/959/762 668/957/760 650/929/732
f 670/960/763 671/959/762 653/928/731 652/939/742
f 586/958/761 670/960/763 652/939/742 584/937/740
f 681/944/747 680/943/746 777/961/764 780/962/765
f 672/948/751 673/946/749 655/855/675 654/917/720
f 675/949/752 784/963/766 777/961/764 680/943/746
f 678/945/748 673/946/749 778/964/767 791/965/768
f 790/966/769 686/967/770 792/968/771
f 785/969/772 792/968/771 686/970/770
f 672/948/751 794/971/773 778/964/767 673/946/749
f 667/951/754 666/950/753 779/972/774 782/973/775
f 666/950/753 669/952/755 788/974/776 779/972/774
f 675/949/752 674/941/744 781/975/777 784/963/766
f 794/971/773 789/976/778 686/977/770
f 793/978/779 791/965/768 686/979/770
f 587/953/756 681/944/747 780/962/765 684/980/780
f 777/961/764 784/963/766 686/981/770
f 779/972/774 686/982/770 782/973/775
f 674/941/744 679/942/745 793/978/779 781/975/777
f 676/954/757 667/951/754 782/973/775 787/983/781
f 787/983/781 686/984/770 789/976/778
f 780/962/765 777/961/764 686/985/770
f 669/952/755 668/957/760 785/969/772 788/974/776
f 786/955/758 684/980/780 686/986/770
f 586/958/761 682/936/739 783/956/759 685/987/782
f 783/956/759 786/955/758 686/988/770
f 788/974/776 785/969/772 686/989/770
f 781/975/777 793/978/779 686/990/770
f 778/964/767 794/971/773 686/991/770
f 668/957/760 671/959/762 792/968/771 785/969/772
f 677/947/750 676/954/757 787/983/781 789/976/778
f 778/964/767 686/992/770 791/965/768
f 683/935/738 587/953/756 684/980/780 786/955/758
f 672/948/751 677/947/750 789/976/778 794/971/773
f 684/980/780 780/962/765 686/993/770
f 784/963/766 781/975/777 686/994/770
f 787/983/781 782/973/775 686/995/770
f 671/959/762 670/960/763 790/966/769 792/968/771
f 790/966/769 685/987/782 686/996/770
f 679/942/745 678/945/748 791/965/768 793/978/779
f 670/960/763 586/958/761 685/987/782 790/966/769
f 685/987/782 783/956/759 686/997/770
f 779/972/774 788/974/776 686/998/770
o base
v -1.844862 26.609550 -17.533625
v -1.594838 26.791065 -17.724228
v -1.246790 26.857504 -17.803200
v -0.893974 26.791065 -17.749378
v -0.630931 26.609552 -17.577188
v -0.528142 26.361599 -17.332766
v -0.613148 26.113647 -17.081604
v -0.863172 25.932133 -16.891001
v -1.211219 25.865696 -16.812031
v -1.564034 25.932133 -16.865850
v -1.827077 26.113647 -17.038040
v -1.929867 26.361599 -17.282465
v -1.870614 25.739300 -18.251266
v -1.622001 25.860703 -18.481203
v -1.274470 25.905140 -18.574572
v -0.921140 25.860703 -18.506355
v -0.656684 25.739300 -18.294828
v -0.551966 25.573462 -17.996672
v -0.635043 25.407621 -17.691778
v -0.883656 25.286219 -17.461838
v -1.231188 25.241783 -17.368469
v -1.584519 25.286219 -17.436687
v -1.848973 25.407621 -17.648212
v -1.953692 25.573462 -17.946371
v -1.919356 -17.720699 -18.647192
v -1.658288 -17.678944 -18.910400
v -1.291944 -17.662205 -19.015858
v -0.918487 -17.674992 -18.935310
v -0.637984 -17.713856 -18.690340
v -0.525595 -17.768391 -18.346586
v -0.611435 -17.823986 -17.996159
v -0.872504 -17.865742 -17.732950
v -1.238846 -17.882473 -17.627493
v -1.612304 -17.869694 -17.708040
v -1.892808 -17.830830 -17.953011
v -2.005196 -17.776295 -18.296764
v -2.022614 -20.327541 -19.017040
v -1.720324 -20.116230 -19.228357
v -1.296136 -20.031551 -19.313025
v -0.863711 -20.096226 -19.248358
v -0.538919 -20.292896 -19.051683
v -0.408784 -20.568890 -18.775694
v -0.508177 -20.850231 -18.494349
v -0.810467 -21.061550 -18.283031
v -1.234655 -21.146214 -18.198362
v -1.667079 -21.081562 -18.263029
v -1.991873 -20.884876 -18.459707
v -2.122008 -20.608891 -18.735693
v -1.919355 -20.916126 -20.752050
v -1.658289 -20.652927 -20.793808
v -1.291944 -20.547459 -20.810537
v -0.918486 -20.628010 -20.797756
v -0.637983 -20.872982 -20.758896
v -0.525596 -21.216740 -20.704361
v -0.611435 -21.567158 -20.648764
v -0.872503 -21.830364 -20.607006
v -1.238846 -21.935833 -20.590277
v -1.612304 -21.855297 -20.603056
v -1.892807 -21.610317 -20.641922
v -2.005196 -21.266552 -20.696457
v -1.884933 -20.913006 -30.208593
v -1.637604 -20.647266 -30.208591
v -1.290542 -20.540783 -30.208593
v -0.936742 -20.622112 -30.208591
v -0.671003 -20.869442 -30.208593
v -0.564529 -21.216496 -30.208593
v -0.645851 -21.570293 -30.208590
v -0.893178 -21.836033 -30.208591
v -1.240240 -21.942516 -30.208593
v -1.594041 -21.861187 -30.208591
v -1.859780 -21.613857 -30.208591
v -1.966254 -21.266804 -30.208591
v -1.858820 26.194977 -17.922594
v -1.942835 25.984522 -17.643831
v -1.609521 26.349041 -18.133400
v -1.261738 26.405430 -18.219769
v -0.908658 26.349039 -18.158552
v -0.644890 26.194977 -17.966156
v -0.541109 25.984522 -17.694134
v -0.625124 25.774069 -17.415371
v -0.874423 25.620007 -17.204563
v -1.222206 25.563614 -17.118195
v -1.575286 25.620007 -17.179413
v -1.839054 25.774069 -17.371809
v -1.878570 23.743025 -18.472929
v -1.960827 23.631916 -18.145201
v -1.630557 23.824362 -18.719584
v -1.283244 23.854134 -18.819071
v -0.929694 23.824362 -18.744736
v -0.664640 23.743025 -18.516493
v -0.559102 23.631916 -18.195503
v -0.641360 23.520807 -17.867773
v -0.889372 23.439470 -17.621119
v -1.236684 23.409698 -17.521631
v -1.590235 23.439470 -17.595968
v -1.855289 23.520807 -17.824211
v -1.889238 -15.287746 -18.649872
v -1.971124 -15.295643 -18.296553
v -1.640189 -15.281834 -18.915247
v -1.290716 -15.279491 -19.021576
v -0.934460 -15.281338 -18.940371
v -0.666878 -15.286892 -18.693382
v -0.559666 -15.294666 -18.346796
v -0.641555 -15.302563 -17.993481
v -0.890601 -15.308483 -17.728104
v -1.240074 -15.310841 -17.621771
v -1.596331 -15.308979 -17.702980
v -1.863916 -15.303425 -17.949968
v -1.983893 -19.102367 -18.688725
v -2.078204 -19.269566 -18.351992
v -1.697061 -18.976772 -18.941648
v -1.294566 -18.926456 -19.042986
v -0.884253 -18.964893 -18.965586
v -0.576069 -19.081776 -18.730186
v -0.452588 -19.245792 -18.399866
v -0.546899 -19.413006 -18.063131
v -0.833730 -19.538593 -17.810209
v -1.236227 -19.588917 -17.708874
v -1.646539 -19.550480 -17.786270
v -1.954724 -19.433598 -18.021669
v -1.983892 -20.847263 -19.805132
v -2.078202 -21.183987 -19.637924
v -1.697061 -20.594341 -19.930723
v -1.294563 -20.493000 -19.981037
v -0.884251 -20.570393 -19.942606
v -0.576068 -20.805790 -19.825718
v -0.452588 -21.136112 -19.661699
v -0.546899 -21.472851 -19.494495
v -0.833730 -21.725773 -19.368906
v -1.236227 -21.827114 -19.318588
v -1.646539 -21.749722 -19.357019
v -1.954724 -21.514309 -19.473904
v -6.106696 -20.981922 30.658581
v -5.982209 -20.613522 30.032749
v -5.857723 -20.981922 29.406919
v -5.857723 -21.718739 29.406919
v -5.982209 -22.087139 30.032749
v -6.106696 -21.718739 30.658581
v -11.943042 -20.981922 28.890184
v -11.698854 -20.613522 28.300661
v -11.454666 -20.981922 27.711142
v -11.454666 -21.718739 27.711142
v -11.698854 -22.087139 28.300661
v -11.943042 -21.718739 28.890184
v -17.320406 -20.981922 26.013712
v -16.965902 -20.613522 25.483156
v -16.611397 -20.981922 24.952600
v -16.611397 -21.718739 24.952600
v -16.965902 -22.087139 25.483156
v -17.320406 -21.718739 26.013712
v -22.035751 -20.981922 22.146452
v -21.584549 -20.613522 21.695253
v -21.133350 -20.981922 21.244053
v -21.133350 -21.718739 21.244053
v -21.584549 -22.087139 21.695253
v -22.035751 -21.718739 22.146452
v -25.903011 -20.981922 17.431107
v -25.372458 -20.613522 17.076601
v -24.841900 -20.981922 16.722097
v -24.841900 -21.718739 16.722097
v -25.372458 -22.087139 17.076601
v -25.903009 -21.718739 17.431107
v -28.779484 -20.981922 12.053741
v -28.189964 -20.613522 11.809553
v -27.600443 -20.981922 11.565367
v -27.600443 -21.718739 11.565367
v -28.189964 -22.087139 11.809553
v -28.779484 -21.718739 12.053741
v -30.547884 -20.981922 6.217396
v -29.922050 -20.613522 6.092909
v -29.296219 -20.981922 5.968423
v -29.296219 -21.718739 5.968423
v -29.922050 -22.087139 6.092909
v -30.547884 -21.718739 6.217396
v -31.147572 -20.981922 0.148575
v -30.509480 -20.613522 0.148577
v -29.871384 -20.981922 0.148576
v -29.871384 -21.718739 0.148576
v -30.509480 -22.087139 0.148577
v -31.147572 -21.718739 0.148575
v -30.547884 -20.981922 -5.920242
v -29.922050 -20.613522 -5.795756
v -29.296221 -20.981922 -5.671271
v -29.296221 -21.718739 -5.671271
v -29.922050 -22.087139 -5.795756
v -30.547884 -21.718739 -5.920242
v -28.779484 -20.981922 -11.756591
v -28.189964 -20.613522 -11.512403
v -27.600443 -20.981922 -11.268215
v -27.600443 -21.718739 -11.268215
v -28.189964 -22.087139 -11.512403
v -28.779484 -21.718739 -11.756591
v -25.903011 -20.981922 -17.133957
v -25.372458 -20.613522 -16.779451
v -24.841902 -20.981922 -16.424944
v -24.841902 -21.718739 -16.424944
v -25.372458 -22.087139 -16.779451
v -25.903011 -21.718739 -17.133957
v -22.035751 -20.981922 -21.849302
v -21.584553 -20.613522 -21.398104
v -21.133352 -20.981922 -20.946901
v -21.133352 -21.718739 -20.946901
v -21.584553 -22.087139 -21.398104
v -22.035751 -21.718739 -21.849302
v -17.320408 -20.981922 -25.716564
v -16.965902 -20.613522 -25.186007
v -16.611397 -20.981922 -24.655451
v -16.611397 -21.718739 -24.655451
v -16.965902 -22.087139 -25.186007
v -17.320408 -21.718739 -25.716564
v -11.943042 -20.981922 -28.593039
v -11.698853 -20.613522 -28.003515
v -11.454666 -20.981922 -27.413994
v -11.454666 -21.718739 -27.413994
v -11.698853 -22.087139 -28.003515
v -11.943042 -21.718739 -28.593039
v -6.106695 -20.981922 -30.361435
v -5.982208 -20.613522 -29.735601
v -5.857724 -20.981922 -29.109772
v -5.857724 -21.718739 -29.109772
v -5.982208 -22.087139 -29.735601
v -6.106695 -21.718739 -30.361435
v -0.037879 -20.981922 -30.961124
v -0.037878 -20.613522 -30.323032
v -0.037879 -20.981922 -29.684938
v -0.037879 -21.718739 -29.684938
v -0.037878 -22.087139 -30.323032
v -0.037879 -21.718739 -30.961124
v 6.030935 -20.981922 -30.361439
v 5.906449 -20.613522 -29.735605
v 5.781964 -20.981922 -29.109774
v 5.781963 -21.718739 -29.109772
v 5.906449 -22.087139 -29.735605
v 6.030935 -21.718739 -30.361439
v 11.867276 -20.981922 -28.593046
v 11.623091 -20.613522 -28.003523
v 11.378901 -20.981922 -27.414000
v 11.378901 -21.718739 -27.414000
v 11.623091 -22.087139 -28.003523
v 11.867276 -21.718739 -28.593046
v 17.244646 -20.981922 -25.716570
v 16.890141 -20.613522 -25.186016
v 16.535635 -20.981922 -24.655458
v 16.535635 -21.718739 -24.655458
v 16.890141 -22.087139 -25.186016
v 17.244648 -21.718739 -25.716570
v 21.959993 -20.981922 -21.849310
v 21.508793 -20.613522 -21.398111
v 21.057590 -20.981922 -20.946911
v 21.057590 -21.718739 -20.946911
v 21.508793 -22.087139 -21.398111
v 21.959993 -21.718739 -21.849310
v 25.827255 -20.981922 -17.133966
v 25.296701 -20.613522 -16.779461
v 24.766148 -20.981922 -16.424955
v 24.766148 -21.718739 -16.424955
v 25.296701 -22.087139 -16.779461
v 25.827255 -21.718739 -17.133966
v 28.703732 -20.981922 -11.756597
v 28.114208 -20.613522 -11.512410
v 27.524687 -20.981922 -11.268222
v 27.524687 -21.718739 -11.268222
v 28.114208 -22.087139 -11.512410
v 28.703732 -21.718739 -11.756597
v 30.472132 -20.981922 -5.920247
v 29.846300 -20.613522 -5.795762
v 29.220470 -20.981922 -5.671277
v 29.220467 -21.718739 -5.671276
v 29.846300 -22.087139 -5.795762
v 30.472132 -21.718739 -5.920247
v 31.071819 -20.981922 0.148571
v 30.433723 -20.613522 0.148573
v 29.795631 -20.981922 0.148572
v 29.795631 -21.718739 0.148572
v 30.433723 -22.087139 0.148573
v 31.071819 -21.718739 0.148571
v 30.472134 -20.981922 6.217393
v 29.846302 -20.613522 6.092908
v 29.220474 -20.981922 5.968422
v 29.220470 -21.718739 5.968422
v 29.846302 -22.087139 6.092908
v 30.472134 -21.718739 6.217393
v 28.703735 -20.981922 12.053742
v 28.114216 -20.613522 11.809556
v 27.524693 -20.981922 11.565366
v 27.524693 -21.718739 11.565366
v 28.114216 -22.087139 11.809556
v 28.703735 -21.718739 12.053742
v 25.827263 -20.981922 17.431110
v 25.296703 -20.613522 17.076605
v 24.766151 -20.981922 16.722097
v 24.766150 -21.718739 16.722097
v 25.296703 -22.087139 17.076605
v 25.827259 -21.718739 17.431108
v 21.959995 -20.981922 22.146454
v 21.508793 -20.613522 21.695253
v 21.057594 -20.981922 21.244055
v 21.057594 -21.718739 21.244055
v 21.508793 -22.087139 21.695253
v 21.959995 -21.718739 22.146454
v 17.244650 -20.981922 26.013712
v 16.890146 -20.613522 25.483160
v 16.535641 -20.981922 24.952604
v 16.535641 -21.718739 24.952604
v 16.890146 -22.087139 25.483160
v 17.244650 -21.718739 26.013712
v 11.867286 -20.981922 28.890186
v 11.623097 -20.613522 28.300665
v 11.378910 -20.981922 27.711145
v 11.378910 -21.718739 27.711145
v 11.623097 -22.087139 28.300665
v 11.867286 -21.718739 28.890186
v 6.030938 -20.981922 30.658585
v 5.906453 -20.613522 30.032753
v 5.781967 -20.981922 29.406921
v 5.781967 -21.718739 29.406919
v 5.906453 -22.087139 30.032753
v 6.030938 -21.718739 30.658585
v -0.037880 -20.981922 31.258268
v -0.037880 -20.613522 30.620174
v -0.037879 -20.981922 29.982082
v -0.037879 -21.718739 29.982082
v -0.037880 -22.087139 30.620174
v -0.037880 -21.718739 31.258268
v -3.611926 -20.187717 18.116583
v -3.468183 -20.187717 17.393934
v -3.396311 -20.825802 17.032610
v -3.468183 -21.463894 17.393932
v -3.611926 -21.463894 18.116583
v -3.683799 -20.825802 18.477907
v -7.049078 -20.187717 17.075134
v -6.767114 -20.187717 16.394415
v -6.626132 -20.825802 16.054054
v -6.767115 -21.463894 16.394415
v -7.049078 -21.463894 17.075134
v -7.190059 -20.825802 17.415495
v -10.215927 -20.187717 15.381117
v -9.806578 -20.187717 14.768484
v -9.601904 -20.825802 14.462169
v -9.806578 -21.463894 14.768483
v -10.215925 -21.463894 15.381115
v -10.420600 -20.825802 15.687432
v -12.992897 -20.187717 13.103604
v -12.471895 -20.187717 12.582605
v -12.211394 -20.825802 12.322104
v -12.471895 -21.463894 12.582604
v -12.992895 -21.463894 13.103604
v -13.253397 -20.825802 13.364106
v -15.270407 -20.187717 10.326634
v -14.657776 -20.187717 9.917287
v -14.351460 -20.825802 9.712613
v -14.657776 -21.463894 9.917286
v -15.270407 -21.463894 10.326633
v -15.576723 -20.825802 10.531308
v -16.964430 -20.187717 7.159787
v -16.283710 -20.187717 6.877824
v -15.943348 -20.825802 6.736842
v -16.283709 -21.463894 6.877823
v -16.964430 -21.463894 7.159787
v -17.304787 -20.825802 7.300768
v -18.005875 -20.187717 3.722635
v -17.283226 -20.187717 3.578892
v -16.921902 -20.825802 3.507020
v -17.283224 -21.463894 3.578890
v -18.005875 -21.463894 3.722635
v -18.367199 -20.825802 3.794506
v -18.359045 -20.187717 0.148575
v -17.622238 -20.187717 0.148575
v -17.253836 -20.825802 0.148575
v -17.622238 -21.463894 0.148575
v -18.359045 -21.463894 0.148575
v -18.727448 -20.825802 0.148575
v -18.005878 -20.187717 -3.425486
v -17.283228 -20.187717 -3.281741
v -16.921904 -20.825802 -3.209868
v -17.283226 -21.463894 -3.281741
v -18.005877 -21.463894 -3.425485
v -18.367201 -20.825802 -3.497356
v -16.964430 -20.187717 -6.862637
v -16.283710 -20.187717 -6.580674
v -15.943348 -20.825802 -6.439691
v -16.283709 -21.463894 -6.580672
v -16.964428 -21.463894 -6.862635
v -17.304790 -20.825802 -7.003619
v -15.270409 -20.187717 -10.029486
v -14.657778 -20.187717 -9.620137
v -14.351460 -20.825802 -9.415463
v -14.657778 -21.463894 -9.620135
v -15.270409 -21.463894 -10.029485
v -15.576725 -20.825802 -10.234159
v -12.992896 -20.187717 -12.806456
v -12.471896 -20.187717 -12.285457
v -12.211394 -20.825802 -12.024955
v -12.471895 -21.463894 -12.285455
v -12.992895 -21.463894 -12.806455
v -13.253398 -20.825802 -13.066957
v -10.215927 -20.187717 -15.083966
v -9.806580 -20.187717 -14.471335
v -9.601905 -20.825802 -14.165019
v -9.806579 -21.463894 -14.471336
v -10.215927 -21.463894 -15.083967
v -10.420600 -20.825802 -15.390284
v -7.049078 -20.187717 -16.777988
v -6.767115 -20.187717 -16.097269
v -6.626133 -20.825802 -15.756908
v -6.767114 -21.463894 -16.097269
v -7.049078 -21.463894 -16.777988
v -7.190060 -20.825802 -17.118349
v -3.611927 -20.187717 -17.819437
v -3.468183 -20.187717 -17.096786
v -3.396311 -20.825802 -16.735462
v -3.468182 -21.463894 -17.096786
v -3.611927 -21.463894 -17.819437
v -3.683798 -20.825802 -18.180761
v -0.037869 -20.187717 -18.172607
v -0.037868 -20.187717 -17.435801
v -0.037868 -20.825802 -17.067396
v -0.037867 -21.463894 -17.435801
v -0.037869 -21.463894 -18.172607
v -0.037868 -20.825802 -18.541010
v 3.536188 -20.187717 -17.819441
v 3.392445 -20.187717 -17.096792
v 3.320573 -20.825802 -16.735466
v 3.392444 -21.463894 -17.096790
v 3.536187 -21.463894 -17.819439
v 3.608060 -20.825802 -18.180763
v 6.973340 -20.187717 -16.777992
v 6.691376 -20.187717 -16.097273
v 6.550393 -20.825802 -15.756910
v 6.691374 -21.463894 -16.097271
v 6.973338 -21.463894 -16.777990
v 7.114320 -20.825802 -17.118353
v 10.140185 -20.187717 -15.083973
v 9.730839 -20.187717 -14.471341
v 9.526165 -20.825802 -14.165025
v 9.730839 -21.463894 -14.471342
v 10.140185 -21.463894 -15.083973
v 10.344860 -20.825802 -15.390290
v 12.917158 -20.187717 -12.806460
v 12.396158 -20.187717 -12.285459
v 12.135656 -20.825802 -12.024959
v 12.396156 -21.463894 -12.285459
v 12.917157 -21.463894 -12.806459
v 13.177657 -20.825802 -13.066962
v 15.194672 -20.187717 -10.029490
v 14.582041 -20.187717 -9.620143
v 14.275724 -20.825802 -9.415468
v 14.582040 -21.463894 -9.620141
v 15.194671 -21.463894 -10.029489
v 15.500989 -20.825802 -10.234164
v 16.888695 -20.187717 -6.862641
v 16.207973 -20.187717 -6.580678
v 15.867613 -20.825802 -6.439695
v 16.207972 -21.463894 -6.580677
v 16.888695 -21.463894 -6.862641
v 17.229053 -20.825802 -7.003623
v 17.930141 -20.187717 -3.425488
v 17.207495 -20.187717 -3.281744
v 16.846170 -20.825802 -3.209872
v 17.207495 -21.463894 -3.281744
v 17.930141 -21.463894 -3.425488
v 18.291468 -20.825802 -3.497360
v 18.283314 -20.187717 0.148572
v 17.546507 -20.187717 0.148573
v 17.178102 -20.825802 0.148573
v 17.546505 -21.463894 0.148573
v 18.283312 -21.463894 0.148573
v 18.651714 -20.825802 0.148573
v 17.930145 -20.187717 3.722633
v 17.207495 -20.187717 3.578890
v 16.846170 -20.825802 3.507018
v 17.207495 -21.463894 3.578890
v 17.930143 -21.463894 3.722633
v 18.291468 -20.825802 3.794505
v 16.888695 -20.187717 7.159788
v 16.207977 -20.187717 6.877823
v 15.867615 -20.825802 6.736841
v 16.207975 -21.463894 6.877822
v 16.888695 -21.463894 7.159786
v 17.229053 -20.825802 7.300768
v 15.194674 -20.187717 10.326635
v 14.582042 -20.187717 9.917289
v 14.275725 -20.825802 9.712614
v 14.582041 -21.463894 9.917287
v 15.194674 -21.463894 10.326635
v 15.500990 -20.825802 10.531310
v 12.917162 -20.187717 13.103608
v 12.396160 -20.187717 12.582605
v 12.135658 -20.825802 12.322106
v 12.396160 -21.463894 12.582605
v 12.917162 -21.463894 13.103606
v 13.177663 -20.825802 13.364108
v 10.140192 -20.187717 15.381120
v 9.730844 -20.187717 14.768487
v 9.526169 -20.825802 14.462171
v 9.730843 -21.463894 14.768487
v 10.140190 -21.463894 15.381119
v 10.344864 -20.825802 15.687435
v 6.973343 -20.187717 17.075138
v 6.691379 -20.187717 16.394417
v 6.550397 -20.825802 16.054058
v 6.691379 -21.463894 16.394417
v 6.973342 -21.463894 17.075136
v 7.114324 -20.825802 17.415499
v 3.536191 -20.187717 18.116583
v 3.392447 -20.187717 17.393936
v 3.320575 -20.825802 17.032610
v 3.392447 -21.463894 17.393936
v 3.536190 -21.463894 18.116583
v 3.608062 -20.825802 18.477911
v -0.037868 -20.187717 18.469751
v -0.037868 -20.187717 17.732946
v -0.037868 -20.825802 17.364540
v -0.037868 -21.463894 17.732944
v -0.037868 -21.463894 18.469751
v -0.037868 -20.825802 18.838156
v 17.872946 -21.241642 -2.768559
v 18.049994 -21.241642 -2.461901
v 18.356653 -21.241642 -2.284851
v 18.710751 -21.241642 -2.284851
v 19.017412 -21.241642 -2.461901
v 19.194460 -21.241642 -2.768559
v 19.194462 -21.241642 -3.122657
v 19.017410 -21.241642 -3.429315
v 18.710752 -21.241642 -3.606364
v 18.356653 -21.241642 -3.606363
v 18.049995 -21.241642 -3.429316
v 17.872948 -21.241642 -3.122658
v 17.753948 25.540359 -3.085820
v 17.909643 25.714811 -2.836093
v 18.199583 25.851387 -2.703615
v 18.546080 25.913494 -2.723884
v 18.856287 25.884487 -2.891468
v 19.047091 25.772144 -3.161461
v 19.067358 25.606562 -3.461523
v 18.911663 25.432112 -3.711248
v 18.621725 25.295534 -3.843726
v 18.275229 25.233429 -3.823458
v 17.965019 25.262432 -3.655874
v 17.774218 25.374779 -3.385880
v 17.512327 26.228371 -3.730006
v 17.627970 26.516869 -3.587063
v 17.886553 26.742729 -3.538185
v 18.218792 26.845440 -3.596470
v 18.535656 26.797472 -3.746297
v 18.752253 26.611685 -3.947524
v 18.810537 26.337852 -4.146233
v 18.694891 26.049355 -4.289176
v 18.436310 25.823490 -4.338054
v 18.104074 25.720781 -4.279770
v 17.787207 25.768749 -4.129941
v 17.570610 25.954538 -3.928714
v 16.982620 26.522377 -5.148155
v 17.056511 26.862003 -5.114078
v 17.279995 27.128258 -5.155397
v 17.593195 27.249796 -5.261041
v 17.912188 27.194056 -5.402702
v 18.151497 26.975969 -5.542423
v 18.247002 26.653976 -5.642766
v 18.173109 26.314350 -5.676842
v 17.949625 26.048096 -5.635524
v 17.636427 25.926556 -5.529880
v 17.317436 25.982298 -5.388217
v 17.078123 26.200384 -5.248497
v 15.200568 26.560419 -8.839945
v 15.248495 26.909790 -8.861892
v 15.434703 27.185129 -8.975142
v 15.709297 27.312656 -9.149346
v 15.998695 27.258200 -9.337830
v 16.225357 27.036358 -9.490086
v 16.328554 26.706564 -9.565322
v 16.280626 26.357193 -9.543376
v 16.094419 26.081854 -9.430127
v 15.819825 25.954327 -9.255919
v 15.530427 26.008783 -9.067436
v 15.303761 26.230629 -8.915180
v 11.204042 26.558947 -13.149668
v 11.236204 26.908930 -13.191314
v 11.368597 27.185110 -13.362766
v 11.565754 27.313484 -13.618086
v 11.774841 27.259657 -13.888858
v 11.939842 27.038046 -14.102529
v 12.016533 26.708036 -14.201848
v 11.984377 26.358053 -14.160202
v 11.851980 26.081873 -13.988750
v 11.654823 25.953499 -13.733432
v 11.445734 26.007330 -13.462660
v 11.280737 26.228939 -13.248986
v 5.706731 26.558947 -15.961207
v 5.721675 26.908930 -16.011660
v 5.783195 27.185110 -16.219358
v 5.874805 27.313484 -16.528662
v 5.971960 27.259657 -16.856680
v 6.048628 27.038046 -17.115524
v 6.084265 26.708036 -17.235842
v 6.069321 26.358053 -17.185392
v 6.007802 26.081873 -16.977690
v 5.916191 25.953499 -16.668392
v 5.819036 26.007330 -16.340372
v 5.742368 26.228939 -16.081526
v -0.435005 26.558947 -16.597033
v -0.439295 26.908930 -16.649473
v -0.456962 27.185110 -16.865374
v -0.483268 27.313484 -17.186880
v -0.511168 27.259657 -17.527845
v -0.533183 27.038046 -17.796907
v -0.543417 26.708036 -17.921972
v -0.539126 26.358053 -17.869532
v -0.521460 26.081873 -17.653633
v -0.495153 25.953499 -17.332127
v -0.467254 26.007330 -16.991161
v -0.445238 26.228939 -16.722097
v -6.391689 26.558947 -14.971268
v -6.414635 26.908930 -15.018620
v -6.509099 27.185110 -15.213556
v -6.649770 27.313484 -15.503851
v -6.798957 27.259657 -15.811711
v -6.916682 27.038046 -16.054653
v -6.971404 26.708036 -16.167578
v -6.948460 26.358053 -16.120228
v -6.853994 26.081873 -15.925288
v -6.713323 25.953499 -15.634995
v -6.564136 26.007330 -15.327132
v -6.446410 26.228939 -15.084191
v -11.358838 26.558947 -11.303488
v -11.397341 26.908930 -11.339353
v -11.555845 27.185110 -11.487000
v -11.791884 27.313484 -11.706874
v -12.042210 27.259657 -11.940057
v -12.239744 27.038046 -12.124065
v -12.331562 26.708036 -12.209593
v -12.293062 26.358053 -12.173728
v -12.134560 26.081873 -12.026078
v -11.898520 25.953499 -11.806205
v -11.648196 26.007330 -11.573027
v -11.450657 26.228939 -11.389019
v -14.665609 26.558947 -6.089041
v -14.714468 26.908930 -6.108576
v -14.915609 27.185110 -6.188995
v -15.215136 27.313484 -6.308755
v -15.532789 27.259657 -6.435763
v -15.783459 27.038046 -6.535987
v -15.899975 26.708036 -6.582574
v -15.851117 26.358053 -6.563038
v -15.649978 26.081873 -6.482617
v -15.350452 25.953499 -6.362858
v -15.032795 26.007330 -6.235851
v -14.782125 26.228939 -6.135627
v -15.865411 26.558947 -0.032172
v -15.918026 26.908930 -0.032738
v -16.134634 27.185110 -0.035068
v -16.457195 27.313484 -0.038538
v -16.799280 27.259657 -0.042219
v -17.069229 27.038046 -0.045123
v -17.194706 26.708036 -0.046473
v -17.142090 26.358053 -0.045907
v -16.925482 26.081873 -0.043576
v -16.602921 25.953499 -0.040106
v -16.260836 26.007330 -0.036426
v -15.990889 26.228939 -0.033521
v -14.796197 26.558947 6.049109
v -14.845462 26.908930 6.067588
v -15.048287 27.185110 6.143663
v -15.350320 27.313484 6.256949
v -15.670633 27.259657 6.377093
v -15.923402 27.038046 6.471901
v -16.040894 26.708036 6.515969
v -15.991626 26.358053 6.497491
v -15.788806 26.081873 6.421416
v -15.486772 25.953499 6.308129
v -15.166452 26.007330 6.187985
v -14.913689 26.228939 6.093178
v -11.602373 26.558947 11.333490
v -11.641637 26.908930 11.368518
v -11.803282 27.185110 11.512724
v -12.043993 27.313484 11.727467
v -12.299279 27.259657 11.955207
v -12.500729 27.038046 12.134925
v -12.594367 26.708036 12.218460
v -12.555102 26.358053 12.183433
v -12.393456 26.081873 12.039227
v -12.152744 25.953499 11.824482
v -11.897461 26.007330 11.596740
v -11.696010 26.228939 11.417024
v -6.715281 26.558947 15.107287
v -6.739241 26.908930 15.154132
v -6.837876 27.185110 15.346993
v -6.984762 27.313484 15.634192
v -7.140537 27.259657 15.938773
v -7.263462 27.038046 16.179125
v -7.320600 26.708036 16.290844
v -7.296641 26.358053 16.243998
v -7.198004 26.081873 16.051138
v -7.051119 25.953499 15.763941
v -6.895345 26.007330 15.459357
v -6.772420 26.228939 15.219007
v -0.794953 26.558947 16.860821
v -0.800371 26.908930 16.913160
v -0.822677 27.185110 17.128630
v -0.855895 27.313484 17.449495
v -0.891123 27.259657 17.789782
v -0.918922 27.038046 18.058310
v -0.931844 26.708036 18.183128
v -0.926426 26.358053 18.130789
v -0.904119 26.081873 17.915319
v -0.870901 25.953499 17.594456
v -0.835673 26.007330 17.254168
v -0.807873 26.228939 16.985640
v 5.359041 26.558947 16.357281
v 5.372896 26.908930 16.408041
v 5.429931 27.185110 16.617018
v 5.514867 27.313484 16.928217
v 5.604944 27.259657 17.258251
v 5.676025 27.038046 17.518686
v 5.709064 26.708036 17.639744
v 5.695210 26.358053 17.588980
v 5.638175 26.081873 17.380003
v 5.553239 25.953499 17.068806
v 5.463163 26.007330 16.738771
v 5.392081 26.228939 16.478336
v 10.915567 26.558947 13.664661
v 10.946823 26.908930 13.706991
v 11.075499 27.185110 13.881251
v 11.267118 27.313484 14.140754
v 11.470335 27.259657 14.415962
v 11.630694 27.038046 14.633134
v 11.705234 26.708036 14.734078
v 11.673979 26.358053 14.691752
v 11.545301 26.081873 14.517489
v 11.353685 25.953499 14.257987
v 11.150470 26.007330 13.982780
v 10.990107 26.228939 13.765610
v 15.003889 26.560419 9.441918
v 15.051332 26.909792 9.464892
v 15.235061 27.185129 9.582123
v 15.505838 27.312656 9.762195
v 15.791120 27.258204 9.956861
v 16.014454 27.036358 10.113958
v 16.116005 26.706564 10.191396
v 16.068562 26.357193 10.168418
v 15.884834 26.081854 10.051190
v 15.614054 25.954327 9.871121
v 15.328775 26.008783 9.676455
v 15.105441 26.230629 9.519357
v 16.864952 26.522377 5.789321
v 16.939558 26.862003 5.756842
v 17.162106 27.128258 5.802960
v 17.472958 27.249796 5.915317
v 17.788830 27.194056 6.063808
v 18.025074 26.975969 6.208648
v 18.118401 26.653976 6.311019
v 18.043793 26.314350 6.343499
v 17.821249 26.048096 6.297380
v 17.510395 25.926556 6.185023
v 17.194527 25.982298 6.036532
v 16.958279 26.200384 5.891694
v 17.425045 26.228367 4.382896
v 17.543739 26.516867 4.242473
v 17.803314 26.742731 4.199170
v 18.134222 26.845440 4.264590
v 18.447788 26.797472 4.421202
v 18.660004 26.611685 4.627042
v 18.714003 26.337851 4.826957
v 18.595312 26.049355 4.967379
v 18.335733 25.823490 5.010681
v 18.004829 25.720781 4.945262
v 17.691259 25.768749 4.788651
v 17.479042 25.954538 4.582811
v 17.680473 25.540358 3.744056
v 17.841503 25.714811 3.497737
v 18.134228 25.851387 3.371530
v 18.480207 25.913494 3.399248
v 18.786739 25.884489 3.573467
v 18.971685 25.772144 3.847503
v 18.985493 25.606562 4.147931
v 18.824463 25.432112 4.394249
v 18.531744 25.295534 4.520457
v 18.185760 25.233429 4.492739
v 17.879229 25.262432 4.318521
v 17.694283 25.374779 4.044484
v 17.806269 -21.241642 3.429429
v 17.989872 -21.241642 3.126651
v 18.300270 -21.241642 2.956241
v 18.654287 -21.241642 2.963859
v 18.957064 -21.241642 3.147464
v 19.127476 -21.241642 3.457860
v 19.119858 -21.241642 3.811877
v 18.936251 -21.241642 4.114655
v 18.625854 -21.241642 4.285066
v 18.271837 -21.241642 4.277449
v 17.969061 -21.241642 4.093843
v 17.798649 -21.241642 3.783446
v 17.821600 23.503410 -2.905451
v 17.988991 23.615246 -2.624536
v 18.288092 23.702803 -2.467640
v 18.638754 23.742619 -2.476806
v 18.947018 23.724024 -2.649574
v 19.130287 23.652000 -2.939653
v 19.139448 23.545853 -3.269318
v 18.972061 23.434015 -3.550233
v 18.672956 23.346458 -3.707128
v 18.322296 23.306644 -3.697964
v 18.014032 23.325239 -3.525195
v 17.830765 23.397261 -3.235115
v 17.649086 25.929779 -3.365390
v 17.786625 26.166582 -3.164067
v 18.062355 26.351974 -3.069483
v 18.402386 26.436277 -3.106983
v 18.715611 26.396906 -3.266519
v 18.918106 26.244408 -3.505343
v 18.955606 26.019644 -3.759461
v 18.818069 25.782841 -3.960785
v 18.542343 25.597450 -4.055368
v 18.202311 25.513147 -4.017868
v 17.889078 25.552519 -3.858332
v 17.686586 25.705015 -3.619508
v 17.327627 26.420835 -4.223162
v 17.421110 26.742659 -4.139000
v 17.662041 26.994658 -4.136762
v 17.985867 27.109308 -4.217050
v 18.305817 27.055891 -4.358346
v 18.536163 26.848721 -4.522794
v 18.615183 26.543306 -4.666329
v 18.521702 26.221481 -4.750492
v 18.280771 25.969484 -4.752728
v 17.956947 25.854832 -4.672443
v 17.636997 25.908247 -4.531144
v 17.406647 26.115421 -4.366696
v 16.332678 26.557873 -6.757395
v 16.391577 26.905109 -6.757959
v 16.597595 27.178049 -6.837359
v 16.895527 27.303556 -6.974316
v 17.205545 27.248003 -7.132133
v 17.444580 27.026274 -7.268526
v 17.548582 26.697783 -7.346944
v 17.489681 26.350546 -7.346378
v 17.283665 26.077606 -7.266980
v 16.985733 25.952099 -7.130024
v 16.675714 26.007652 -6.972207
v 16.436680 26.229380 -6.835813
v 13.457870 26.559130 -11.073008
v 13.497496 26.909039 -11.107374
v 13.659233 27.185114 -11.251723
v 13.899749 27.313379 -11.467374
v 14.154598 27.259472 -11.696547
v 14.355493 27.037834 -11.877830
v 14.448599 26.707853 -11.962651
v 14.408977 26.357946 -11.928285
v 14.247237 26.081871 -11.783937
v 14.006720 25.953604 -11.568286
v 13.751873 26.007511 -11.339114
v 13.550980 26.229149 -11.157830
v 8.585266 26.558947 -14.809386
v 8.609224 26.908932 -14.856229
v 8.707855 27.185110 -15.049081
v 8.854733 27.313484 -15.336263
v 9.010500 27.259655 -15.640832
v 9.133418 27.038046 -15.881171
v 9.190554 26.708036 -15.992887
v 9.166595 26.358053 -15.946042
v 9.067965 26.081873 -15.753192
v 8.921088 25.953501 -15.466007
v 8.765321 26.007330 -15.161441
v 8.642401 26.228939 -14.921102
v 2.665234 26.558947 -16.562838
v 2.670654 26.908932 -16.615171
v 2.692959 27.185110 -16.830631
v 2.726173 27.313484 -17.151480
v 2.761400 27.259655 -17.491751
v 2.789199 27.038046 -17.760263
v 2.802119 26.708036 -17.885077
v 2.796702 26.358053 -17.832737
v 2.774396 26.081873 -17.617281
v 2.741180 25.953501 -17.296432
v 2.705954 26.007330 -16.956161
v 2.678157 26.228939 -16.687647
v -3.488449 26.558947 -16.059319
v -3.502302 26.908932 -16.110079
v -3.559336 27.185110 -16.319044
v -3.644267 27.313484 -16.630226
v -3.734339 27.259655 -16.960243
v -3.805416 27.038046 -17.220667
v -3.838455 26.708036 -17.341719
v -3.824602 26.358053 -17.290958
v -3.767569 26.081873 -17.081991
v -3.682636 25.953501 -16.770809
v -3.592565 26.007330 -16.440794
v -3.521487 26.228939 -16.180370
v -9.044697 26.558947 -13.366835
v -9.075951 26.908932 -13.409162
v -9.204620 27.185110 -13.583413
v -9.396230 27.313484 -13.842902
v -9.599433 27.259655 -14.118096
v -9.759788 27.038046 -14.335258
v -9.834324 26.708036 -14.436198
v -9.803070 26.358053 -14.393873
v -9.674399 26.081873 -14.219619
v -9.482793 25.953501 -13.960132
v -9.279587 26.007330 -13.684937
v -9.119232 26.228939 -13.467776
v -13.253106 26.558947 -8.849021
v -13.297538 26.908932 -8.877198
v -13.480469 27.185110 -8.993204
v -13.752873 27.313484 -9.165954
v -14.041770 27.259655 -9.349156
v -14.269743 27.038046 -9.493725
v -14.375710 26.708036 -9.560925
v -14.331277 26.358053 -9.532748
v -14.148348 26.081873 -9.416742
v -13.875940 25.953501 -9.243995
v -13.587045 26.007330 -9.060790
v -13.359074 26.228939 -8.916222
v -15.545307 26.558947 -3.116033
v -15.596918 26.908932 -3.126256
v -15.809402 27.185110 -3.168345
v -16.125816 27.313484 -3.231025
v -16.461384 27.259655 -3.297496
v -16.726189 27.038046 -3.349950
v -16.849276 26.708036 -3.374333
v -16.797661 26.358053 -3.364108
v -16.585180 26.081873 -3.322019
v -16.268764 25.953501 -3.259340
v -15.933197 26.007330 -3.192867
v -15.668392 26.228939 -3.140413
v -15.611729 26.558947 3.057861
v -15.663548 26.908932 3.066972
v -15.876886 27.185110 3.104481
v -16.194578 27.313484 3.160338
v -16.531498 27.259655 3.219575
v -16.797367 27.038046 3.266320
v -16.920950 26.708036 3.288048
v -16.869131 26.358053 3.278938
v -16.655790 26.081873 3.241429
v -16.338100 25.953501 3.185572
v -16.001181 26.007330 3.126335
v -15.735310 26.228939 3.079589
v -13.443396 26.558947 8.838837
v -13.488424 26.908932 8.866053
v -13.673807 27.185110 8.978095
v -13.949870 27.313484 9.144944
v -14.242637 27.259655 9.321890
v -14.473669 27.038046 9.461523
v -14.581056 26.708036 9.526429
v -14.536025 26.358053 9.499211
v -14.350645 26.081873 9.387169
v -14.074584 25.953501 9.220322
v -13.781815 26.007330 9.043374
v -13.550782 26.228939 8.903742
v -9.333158 26.558947 13.446145
v -9.365315 26.908932 13.487790
v -9.497704 27.185110 13.659234
v -9.694850 27.313484 13.914538
v -9.903931 27.259655 14.185299
v -10.068918 27.038046 14.398962
v -10.145606 26.708036 14.498275
v -10.113449 26.358053 14.456629
v -9.981060 26.081873 14.285186
v -9.783915 25.953501 14.029880
v -9.574836 26.007330 13.759124
v -9.409848 26.228939 13.545461
v -3.836120 26.558947 16.257544
v -3.851065 26.908932 16.307993
v -3.912580 27.185110 16.515682
v -4.004186 27.313484 16.824965
v -4.101338 27.259655 17.152971
v -4.178001 27.038046 17.411802
v -4.213635 26.708036 17.532114
v -4.198693 26.358053 17.481665
v -4.137177 26.081873 17.273972
v -4.045570 25.953501 16.964691
v -3.948419 26.007330 16.636688
v -3.871757 26.228939 16.377853
v 2.305305 26.558947 16.893333
v 2.309596 26.908932 16.945776
v 2.327260 27.185110 17.161661
v 2.353566 27.313484 17.483150
v 2.381464 27.259655 17.824100
v 2.403479 27.038046 18.093153
v 2.413711 26.708036 18.218212
v 2.409421 26.358053 18.165771
v 2.391756 26.081873 17.949883
v 2.365451 25.953501 17.628395
v 2.337553 26.007330 17.287445
v 2.315538 26.228939 17.018394
v 8.261689 26.558947 15.267653
v 8.284634 26.908932 15.315003
v 8.379094 27.185110 15.509933
v 8.519760 27.313484 15.800209
v 8.668938 27.259655 16.108057
v 8.786657 27.038046 16.350985
v 8.841375 26.708036 16.463903
v 8.818433 26.358053 16.416553
v 8.723972 26.081873 16.221626
v 8.583307 25.953501 15.931349
v 8.434129 26.007330 15.623502
v 8.316410 26.228939 15.380574
v 13.213551 26.559130 11.636971
v 13.252426 26.909039 11.672183
v 13.411022 27.185114 11.819980
v 13.646843 27.313379 12.040755
v 13.896701 27.259472 12.275354
v 14.093649 27.037834 12.460917
v 14.184912 26.707853 12.547724
v 14.146036 26.357946 12.512513
v 13.987438 26.081871 12.364717
v 13.751618 25.953604 12.143938
v 13.501760 26.007511 11.909340
v 13.304813 26.229149 11.723777
v 16.180538 26.557873 7.384206
v 16.239412 26.905109 7.386038
v 16.443672 27.178049 7.469850
v 16.738590 27.303556 7.613185
v 17.045145 27.248003 7.777636
v 17.281185 27.026274 7.919139
v 17.383478 26.697783 7.999779
v 17.324604 26.350546 7.997946
v 17.120342 26.077606 7.914133
v 16.825424 25.952099 7.770798
v 16.518873 26.007652 7.606347
v 16.282829 26.229380 7.464844
v 17.229784 26.420835 4.871965
v 17.325050 26.742659 4.789832
v 17.565975 26.994659 4.792778
v 17.888000 27.109308 4.880015
v 18.204834 27.055891 5.028163
v 18.431587 26.848721 5.197528
v 18.507504 26.543304 5.342730
v 18.412233 26.221481 5.424861
v 18.171307 25.969482 5.421915
v 17.849287 25.854832 5.334679
v 17.532450 25.908247 5.186532
v 17.305695 26.115421 5.017165
v 17.569620 25.929779 4.021306
v 17.711460 26.166582 3.822989
v 17.989157 26.351974 3.734359
v 18.328308 26.436277 3.779166
v 18.638027 26.396906 3.945405
v 18.835335 26.244408 4.188529
v 18.867359 26.019644 4.443395
v 18.725519 25.782841 4.641712
v 18.447824 25.597450 4.730343
v 18.108675 25.513147 4.685535
v 17.798954 25.552519 4.519298
v 17.601645 25.705015 4.276173
v 17.751987 23.503410 3.565185
v 17.925388 23.615248 3.287936
v 18.227793 23.702805 3.137512
v 18.578178 23.742619 3.154220
v 18.882648 23.724024 3.333581
v 19.059635 23.652000 3.627536
v 19.061703 23.545853 3.957322
v 18.888309 23.434015 4.234570
v 18.585899 23.346458 4.384993
v 18.235518 23.306644 4.368287
v 17.931042 23.325239 4.188926
v 17.754059 23.397261 3.894971
v 1.769125 26.609545 17.830776
v 1.519102 26.791061 18.021379
v 1.171053 26.857500 18.100351
v 0.818239 26.791061 18.046530
v 0.555195 26.609549 17.874340
v 0.452405 26.361593 17.629917
v 0.537412 26.113642 17.378756
v 0.787435 25.932129 17.188154
v 1.135483 25.865690 17.109182
v 1.488298 25.932129 17.163004
v 1.751341 26.113642 17.335192
v 1.854131 26.361593 17.579617
v 1.794877 25.739294 18.548420
v 1.546265 25.860699 18.778355
v 1.198734 25.905134 18.871725
v 0.845403 25.860699 18.803507
v 0.580948 25.739294 18.591980
v 0.476230 25.573456 18.293823
v 0.559307 25.407616 17.988930
v 0.807919 25.286215 17.758989
v 1.155453 25.241777 17.665623
v 1.508783 25.286215 17.733839
v 1.773237 25.407616 17.945364
v 1.877955 25.573456 18.243523
v 1.843619 -17.720707 18.944345
v 1.582552 -17.678944 19.207552
v 1.216207 -17.662212 19.313011
v 0.842750 -17.674999 19.232460
v 0.562247 -17.713863 18.987492
v 0.449859 -17.768398 18.643738
v 0.535699 -17.823986 18.293310
v 0.796767 -17.865749 18.030104
v 1.163110 -17.882473 17.924644
v 1.536568 -17.869701 18.005192
v 1.817071 -17.830830 18.250162
v 1.929459 -17.776295 18.593918
v 1.946878 -20.327541 19.314194
v 1.644587 -20.116238 19.525509
v 1.220399 -20.031559 19.610178
v 0.787975 -20.096226 19.545509
v 0.463181 -20.292896 19.348833
v 0.333047 -20.568890 19.072847
v 0.432439 -20.850239 18.791500
v 0.734731 -21.061550 18.580183
v 1.158918 -21.146221 18.495514
v 1.591342 -21.081562 18.560183
v 1.916137 -20.884884 18.756861
v 2.046271 -20.608898 19.032846
v 1.843617 -20.916134 21.049202
v 1.582551 -20.652935 21.090961
v 1.216207 -20.547459 21.107691
v 0.842749 -20.628017 21.094910
v 0.562246 -20.872982 21.056049
v 0.449858 -21.216747 21.001513
v 0.535698 -21.567165 20.945917
v 0.796766 -21.830364 20.904160
v 1.163109 -21.935841 20.887430
v 1.536567 -21.855297 20.900209
v 1.817070 -21.610317 20.939074
v 1.929459 -21.266552 20.993608
v 1.809192 -20.913006 30.505745
v 1.561863 -20.647266 30.505743
v 1.214801 -20.540783 30.505745
v 0.861001 -20.622112 30.505743
v 0.595263 -20.869450 30.505745
v 0.488789 -21.216503 30.505745
v 0.570109 -21.570293 30.505743
v 0.817437 -21.836033 30.505743
v 1.164500 -21.942516 30.505747
v 1.518299 -21.861187 30.505743
v 1.784039 -21.613865 30.505743
v 1.890513 -21.266811 30.505743
v 1.783084 26.194973 18.219746
v 1.867099 25.984518 17.940983
v 1.533784 26.349037 18.430553
v 1.186001 26.405426 18.516920
v 0.832921 26.349035 18.455704
v 0.569154 26.194973 18.263308
v 0.465373 25.984518 17.991285
v 0.549388 25.774065 17.712523
v 0.798687 25.620003 17.501717
v 1.146470 25.563610 17.415346
v 1.499549 25.620003 17.476564
v 1.763318 25.774065 17.668961
v 1.802833 23.743021 18.770082
v 1.885091 23.631912 18.442354
v 1.554820 23.824358 19.016737
v 1.207507 23.854128 19.116224
v 0.853957 23.824358 19.041887
v 0.588903 23.743021 18.813644
v 0.483365 23.631912 18.492655
v 0.565624 23.520802 18.164925
v 0.813636 23.439466 17.918270
v 1.160949 23.409695 17.818785
v 1.514499 23.439466 17.893120
v 1.779553 23.520802 18.121363
v 1.813501 -15.287754 18.947025
v 1.895388 -15.295650 18.593704
v 1.564453 -15.281834 19.212400
v 1.214980 -15.279491 19.318729
v 0.858723 -15.281345 19.237520
v 0.591141 -15.286900 18.990534
v 0.483930 -15.294674 18.643948
v 0.565819 -15.302570 18.290632
v 0.814865 -15.308483 18.025255
v 1.164337 -15.310841 17.918924
v 1.520594 -15.308987 18.000132
v 1.788179 -15.303432 18.247122
v 1.908156 -19.102367 18.985878
v 2.002467 -19.269573 18.649143
v 1.621324 -18.976780 19.238800
v 1.218829 -18.926456 19.340137
v 0.808516 -18.964893 19.262735
v 0.500331 -19.081776 19.027338
v 0.376851 -19.245800 18.697018
v 0.471163 -19.413006 18.360283
v 0.757994 -19.538593 18.107363
v 1.160491 -19.588917 18.006025
v 1.570803 -19.550480 18.083422
v 1.878987 -19.433598 18.318823
v 1.908154 -20.847271 20.102285
v 2.002465 -21.183994 19.935078
v 1.621324 -20.594349 20.227875
v 1.218826 -20.493008 20.278191
v 0.808514 -20.570393 20.239758
v 0.500331 -20.805790 20.122871
v 0.376851 -21.136112 19.958851
v 0.471162 -21.472858 19.791647
v 0.757994 -21.725780 19.666058
v 1.160490 -21.827122 19.615738
v 1.570803 -21.749722 19.654173
v 1.878987 -21.514317 19.771057
v -16.664083 26.668789 1.076003
v -16.792915 26.893667 0.821799
v -16.845137 26.975979 0.472104
v -16.806759 26.893667 0.120621
v -16.688063 26.668789 -0.138472
v -16.520855 26.361593 -0.235750
v -16.349939 26.054401 -0.145148
v -16.221111 25.829521 0.109057
v -16.168886 25.747210 0.458750
v -16.207264 25.829521 0.810234
v -16.325958 26.054401 1.069326
v -16.493168 26.361593 1.166605
v -17.933813 25.777273 1.102008
v -18.136971 25.925558 0.849422
v -18.216785 25.979496 0.500328
v -18.151863 25.924637 0.148267
v -17.959610 25.775679 -0.112427
v -17.691532 25.572536 -0.211903
v -17.419464 25.369638 -0.123504
v -17.216307 25.221355 0.129083
v -17.136496 25.167418 0.478176
v -17.201414 25.222277 0.830238
v -17.393669 25.371233 1.090933
v -17.661747 25.574377 1.190409
v -18.462215 -17.719311 1.150741
v -18.721886 -17.678112 0.885681
v -18.822407 -17.662174 0.517764
v -18.736845 -17.675747 0.145575
v -18.488127 -17.715206 -0.131157
v -18.142899 -17.769970 -0.238286
v -17.793663 -17.825375 -0.147101
v -17.533991 -17.866581 0.117958
v -17.433470 -17.882519 0.485875
v -17.519030 -17.868946 0.858064
v -17.767748 -17.829487 1.134797
v -18.112976 -17.774723 1.241923
v -18.830336 -20.320507 1.253203
v -19.038813 -20.112034 0.946290
v -19.119520 -20.031338 0.520281
v -19.050823 -20.100033 0.089325
v -18.851141 -20.299709 -0.231103
v -18.573969 -20.576878 -0.355145
v -18.293577 -20.857273 -0.249566
v -18.085100 -21.065746 0.057348
v -18.004396 -21.146442 0.483356
v -18.073092 -21.077770 0.914314
v -18.272774 -20.878071 1.234742
v -18.549948 -20.600903 1.358785
v -20.559704 -20.907375 1.150741
v -20.600899 -20.647709 0.885680
v -20.616848 -20.547184 0.517764
v -20.603275 -20.632748 0.145576
v -20.563816 -20.881451 -0.131157
v -20.509047 -21.226681 -0.238284
v -20.453640 -21.575924 -0.147102
v -20.412443 -21.835590 0.117959
v -20.396494 -21.936115 0.485874
v -20.410067 -21.850567 0.858062
v -20.449526 -21.601849 1.134796
v -20.504295 -21.256618 1.241923
v -30.474522 -20.904163 1.116585
v -30.474524 -20.641987 0.865474
v -30.474520 -20.540508 0.516921
v -30.474522 -20.626896 0.164323
v -30.474520 -20.878002 -0.097844
v -30.474522 -21.226543 -0.199334
v -30.474522 -21.579151 -0.112948
v -30.474522 -21.841312 0.138161
v -30.474522 -21.942806 0.486712
v -30.474522 -21.856426 0.839312
v -30.474525 -21.605312 1.101480
v -30.474522 -21.256756 1.202969
v -17.368435 26.245041 1.090088
v -17.144730 25.985029 1.179561
v -17.536068 26.435251 0.836713
v -17.602709 26.504684 0.487327
v -17.550507 26.434740 0.135549
v -17.393444 26.244160 -0.124365
v -17.173609 25.984011 -0.222768
v -16.949902 25.723995 -0.133297
v -16.782270 25.533789 0.120079
v -16.715630 25.464354 0.469464
v -16.767830 25.534296 0.821243
v -16.924892 25.724876 1.081156
v -18.260485 23.764860 1.110085
v -17.948862 23.633045 1.197539
v -18.492657 23.861055 0.858192
v -18.583170 23.895847 0.509354
v -18.507767 23.859922 0.157043
v -18.286654 23.762899 -0.104343
v -17.979080 23.630779 -0.204762
v -17.667458 23.498962 -0.117309
v -17.435286 23.402769 0.134584
v -17.344774 23.367975 0.483422
v -17.420176 23.403902 0.835734
v -17.641289 23.500925 1.097119
v -18.464968 -15.287556 1.120854
v -18.112850 -15.295437 1.207840
v -18.726778 -15.281719 0.867999
v -18.828129 -15.279476 0.517025
v -18.741867 -15.281460 0.161978
v -18.491102 -15.287090 -0.102009
v -18.143026 -15.294888 -0.204201
v -17.790911 -15.302769 -0.117215
v -17.529100 -15.308605 0.135640
v -17.427750 -15.310841 0.486614
v -17.514011 -15.308880 0.841661
v -17.764776 -15.303234 1.105648
v -18.503407 -19.098186 1.214780
v -18.167814 -19.264828 1.314962
v -18.752930 -18.974285 0.923561
v -18.849522 -18.926342 0.519338
v -18.767305 -18.967152 0.110420
v -18.528307 -19.085827 -0.193623
v -18.196568 -19.250553 -0.311323
v -17.860977 -19.417187 -0.211141
v -17.611454 -19.541088 0.080077
v -17.514860 -19.589054 0.484302
v -17.597076 -19.548222 0.893219
v -17.836075 -19.429569 1.197263
v -19.615574 -20.838833 1.214780
v -19.448936 -21.174435 1.314961
v -19.739473 -20.589329 0.923561
v -19.787439 -20.492733 0.519339
v -19.746616 -20.574947 0.110421
v -19.627943 -20.813953 -0.193622
v -19.463215 -21.145679 -0.311322
v -19.296577 -21.481258 -0.211141
v -19.172676 -21.730801 0.080077
v -19.124712 -21.827381 0.484300
v -19.165539 -21.745174 0.893218
v -19.284212 -21.506176 1.197262
v -21.487228 -20.904552 1.120857
v -21.480303 -21.256733 1.207840
v -21.492380 -20.642704 0.868004
v -21.494375 -20.541348 0.517031
v -21.492682 -20.627628 0.161984
v -21.487745 -20.878429 -0.102006
v -21.480896 -21.226566 -0.204200
v -21.473972 -21.578747 -0.117216
v -21.468824 -21.840611 0.135638
v -21.466831 -21.941967 0.486609
v -21.468527 -21.855686 0.841658
v -21.473455 -21.604870 1.105645
v -4.694079 -20.817028 -16.284122
v -4.825072 -20.478458 -16.284121
v -5.107801 -20.250736 -16.284122
v -5.466506 -20.194904 -16.284122
v -5.805079 -20.325909 -16.284121
v -6.032790 -20.608624 -16.284122
v -6.088629 -20.967327 -16.284122
v -5.957633 -21.305897 -16.284122
v -5.674903 -21.533611 -16.284122
v -5.316197 -21.589451 -16.284122
v -4.977629 -21.458462 -16.284122
v -4.749917 -21.175732 -16.284122
v -4.694081 -20.817028 16.955986
v -4.825075 -20.478458 16.955986
v -5.107805 -20.250736 16.955986
v -5.466511 -20.194904 16.955984
v -5.805084 -20.325909 16.955988
v -6.032794 -20.608624 16.955986
v -6.088634 -20.967327 16.955988
v -5.957636 -21.305897 16.955988
v -5.674905 -21.533611 16.955986
v -5.316202 -21.589451 16.955986
v -4.977633 -21.458462 16.955986
v -4.749921 -21.175732 16.955986
v 6.739494 -21.000027 -16.284121
v 6.739492 -21.000027 16.955988
v 6.700598 -20.639172 -16.284122
v 6.700596 -20.639172 16.955988
v 6.486482 -20.346104 -16.284122
v 6.486480 -20.346104 16.955990
v 6.154522 -20.199360 -16.284122
v 6.154518 -20.199360 16.955988
v 5.793660 -20.238255 -16.284122
v 5.793654 -20.238239 16.955990
v 5.500594 -20.452351 -16.284121
v 5.500590 -20.452351 16.955988
v 5.353850 -20.784328 -16.284124
v 5.353844 -20.784328 16.955988
v 5.392741 -21.145184 -16.284121
v 5.392739 -21.145184 16.955988
v 5.606860 -21.438244 -16.284121
v 5.606853 -21.438244 16.955988
v 5.938820 -21.584995 -16.284122
v 5.938815 -21.584995 16.955988
v 6.299681 -21.546093 -16.284121
v 6.299675 -21.546093 16.955988
v 6.592748 -21.331989 -16.284122
v 6.592745 -21.331989 16.955988
vt 0.125000 0.000000
vt 0.062500 0.000000
vt 0.062500 0.083333
vt 0.125000 0.083333
vt 0.062500 1.000000
vt 0.062500 0.916667
vt 0.000000 0.916667
vt 0.000000 1.000000
vt 0.062500 0.166667
vt 0.125000 0.166667
vt 0.000000 0.000000
vt 0.000000 0.083333
vt 0.062500 0.250000
vt 0.125000 0.250000
vt 0.000000 0.166667
vt 0.062500 0.333333
vt 0.125000 0.333333
vt 0.000000 0.250000
vt 0.062500 0.416667
vt 0.125000 0.416667
vt 0.000000 0.333333
vt 0.062500 0.500000
vt 0.125000 0.500000
vt 0.000000 0.416667
vt 0.062500 0.583333
vt 0.125000 0.583333
vt 0.000000 0.500000
vt 0.062500 0.666667
vt 0.125000 0.666667
vt 0.000000 0.583333
vt 0.062500 0.750000
vt 0.125000 0.750000
vt 0.000000 0.666667
vt 0.062500 0.833333
vt 0.125000 0.833333
vt 0.000000 0.750000
vt 0.125000 0.916667
vt 0.000000 0.833333
vt 0.437500 0.166667
vt 0.437500 0.083333
vt 0.187500 0.083333
vt 0.187500 0.166667
vt 0.437500 0.250000
vt 0.187500 0.250000
vt 0.187500 1.000000
vt 0.187500 0.916667
vt 0.125000 1.000000
vt 0.437500 0.333333
vt 0.187500 0.333333
vt 0.187500 0.000000
vt 0.437500 0.416667
vt 0.187500 0.416667
vt 0.437500 0.500000
vt 0.187500 0.500000
vt 0.437500 0.583333
vt 0.187500 0.583333
vt 0.437500 0.666667
vt 0.187500 0.666667
vt 0.437500 0.750000
vt 0.187500 0.750000
vt 0.437500 0.833333
vt 0.187500 0.833333
vt 0.437500 0.916667
vt 0.437500 1.000000
vt 0.500000 1.000000
vt 0.500000 0.916667
vt 0.500000 0.000000
vt 0.437500 0.000000
vt 0.500000 0.083333
vt 0.500000 0.166667
vt 0.500000 0.250000
vt 0.500000 0.333333
vt 0.500000 0.416667
vt 0.500000 0.500000
vt 0.500000 0.583333
vt 0.500000 0.666667
vt 0.500000 0.750000
vt 0.500000 0.833333
vt 0.625000 1.000000
vt 0.625000 0.916667
vt 0.562500 0.916667
vt 0.562500 1.000000
vt 0.625000 0.000000
vt 0.562500 0.000000
vt 0.562500 0.083333
vt 0.625000 0.083333
vt 0.562500 0.166667
vt 0.625000 0.166667
vt 0.562500 0.250000
vt 0.625000 0.250000
vt 0.562500 0.333333
vt 0.625000 0.333333
vt 0.562500 0.416667
vt 0.625000 0.416667
vt 0.562500 0.500000
vt 0.625000 0.500000
vt 0.562500 0.583333
vt 0.625000 0.583333
vt 0.562500 0.666667
vt 0.625000 0.666667
vt 0.562500 0.750000
vt 0.625000 0.750000
vt 0.562500 0.833333
vt 0.625000 0.833333
vt 0.750000 1.000000
vt 0.750000 0.916667
vt 0.687500 0.916667
vt 0.687500 1.000000
vt 0.750000 0.000000
vt 0.687500 0.000000
vt 0.687500 0.083333
vt 0.750000 0.083333
vt 0.687500 0.166667
vt 0.750000 0.166667
vt 0.687500 0.250000
vt 0.750000 0.250000
vt 0.687500 0.333333
vt 0.750000 0.333333
vt 0.687500 0.416667
vt 0.750000 0.416667
vt 0.687500 0.500000
vt 0.750000 0.500000
vt 0.687500 0.583333
vt 0.750000 0.583333
vt 0.687500 0.666667
vt 0.750000 0.666667
vt 0.687500 0.750000
vt 0.750000 0.750000
vt 0.687500 0.833333
vt 0.750000 0.833333
vt 1.000000 0.083333
vt 1.000000 0.000000
vt 1.000000 1.000000
vt 1.000000 0.916667
vt 1.000000 0.166667
vt 1.000000 0.250000
vt 1.000000 0.333333
vt 1.000000 0.416667
vt 1.000000 0.500000
vt 1.000000 0.583333
vt 1.000000 0.666667
vt 1.000000 0.750000
vt 1.000000 0.833333
vt 0.000000 0.166667
vt 0.031250 0.166667
vt 0.031250 0.000000
vt 0.000000 0.000000
vt 0.000000 0.333333
vt 0.031250 0.333333
vt 0.000000 0.500000
vt 0.031250 0.500000
vt 0.000000 0.666667
vt 0.031250 0.666667
vt 0.000000 0.833333
vt 0.031250 0.833333
vt 0.062500 1.000000
vt 0.062500 0.833333
vt 0.031250 1.000000
vt 0.062500 0.166667
vt 0.062500 0.000000
vt 0.062500 0.333333
vt 0.062500 0.500000
vt 0.062500 0.666667
vt 0.093750 1.000000
vt 0.093750 0.833333
vt 0.093750 0.166667
vt 0.093750 0.000000
vt 0.093750 0.333333
vt 0.093750 0.500000
vt 0.093750 0.666667
vt 0.125000 1.000000
vt 0.125000 0.833333
vt 0.125000 0.166667
vt 0.125000 0.000000
vt 0.125000 0.333333
vt 0.125000 0.500000
vt 0.125000 0.666667
vt 0.156250 1.000000
vt 0.156250 0.833333
vt 0.156250 0.166667
vt 0.156250 0.000000
vt 0.156250 0.333333
vt 0.156250 0.500000
vt 0.156250 0.666667
vt 0.187500 1.000000
vt 0.187500 0.833333
vt 0.187500 0.166667
vt 0.187500 0.000000
vt 0.187500 0.333333
vt 0.187500 0.500000
vt 0.187500 0.666667
vt 0.218750 1.000000
vt 0.218750 0.833333
vt 0.218750 0.166667
vt 0.218750 0.000000
vt 0.218750 0.333333
vt 0.218750 0.500000
vt 0.218750 0.666667
vt 0.250000 1.000000
vt 0.250000 0.833333
vt 0.250000 0.166667
vt 0.250000 0.000000
vt 0.250000 0.333333
vt 0.250000 0.500000
vt 0.250000 0.666667
vt 0.281250 1.000000
vt 0.281250 0.833333
vt 0.281250 0.166667
vt 0.281250 0.000000
vt 0.281250 0.333333
vt 0.281250 0.500000
vt 0.281250 0.666667
vt 0.312500 1.000000
vt 0.312500 0.833333
vt 0.312500 0.166667
vt 0.312500 0.000000
vt 0.312500 0.333333
vt 0.312500 0.500000
vt 0.312500 0.666667
vt 0.343750 1.000000
vt 0.343750 0.833333
vt 0.343750 0.166667
vt 0.343750 0.000000
vt 0.343750 0.333333
vt 0.343750 0.500000
vt 0.343750 0.666667
vt 0.375000 1.000000
vt 0.375000 0.833333
vt 0.375000 0.166667
vt 0.375000 0.000000
vt 0.375000 0.333333
vt 0.375000 0.500000
vt 0.375000 0.666667
vt 0.406250 1.000000
vt 0.406250 0.833333
vt 0.406250 0.166667
vt 0.406250 0.000000
vt 0.406250 0.333333
vt 0.406250 0.500000
vt 0.406250 0.666667
vt 0.437500 1.000000
vt 0.437500 0.833333
vt 0.437500 0.166667
vt 0.437500 0.000000
vt 0.437500 0.333333
vt 0.437500 0.500000
vt 0.437500 0.666667
vt 0.468750 1.000000
vt 0.468750 0.833333
vt 0.468750 0.166667
vt 0.468750 0.000000
vt 0.468750 0.333333
vt 0.468750 0.500000
vt 0.468750 0.666667
vt 0.500000 1.000000
vt 0.500000 0.833333
vt 0.500000 0.166667
vt 0.500000 0.000000
vt 0.500000 0.333333
vt 0.500000 0.500000
vt 0.500000 0.666667
vt 0.531250 1.000000
vt 0.531250 0.833333
vt 0.531250 0.166667
vt 0.531250 0.000000
vt 0.531250 0.333333
vt 0.531250 0.500000
vt 0.531250 0.666667
vt 0.562500 1.000000
vt 0.562500 0.833333
vt 0.562500 0.166667
vt 0.562500 0.000000
vt 0.562500 0.333333
vt 0.562500 0.500000
vt 0.562500 0.666667
vt 0.593750 1.000000
vt 0.593750 0.833333
vt 0.593750 0.166667
vt 0.593750 0.000000
vt 0.593750 0.333333
vt 0.593750 0.500000
vt 0.593750 0.666667
vt 0.625000 1.000000
vt 0.625000 0.833333
vt 0.625000 0.166667
vt 0.625000 0.000000
vt 0.625000 0.333333
vt 0.625000 0.500000
vt 0.625000 0.666667
vt 0.656250 1.000000
vt 0.656250 0.833333
vt 0.656250 0.166667
vt 0.656250 0.000000
vt 0.656250 0.333333
vt 0.656250 0.500000
vt 0.656250 0.666667
vt 0.687500 1.000000
vt 0.687500 0.833333
vt 0.687500 0.166667
vt 0.687500 0.000000
vt 0.687500 0.333333
vt 0.687500 0.500000
vt 0.687500 0.666667
vt 0.718750 1.000000
vt 0.718750 0.833333
vt 0.718750 0.166667
vt 0.718750 0.000000
vt 0.718750 0.333333
vt 0.718750 0.500000
vt 0.718750 0.666667
vt 0.750000 1.000000
vt 0.750000 0.833333
vt 0.750000 0.166667
vt 0.750000 0.000000
vt 0.750000 0.333333
vt 0.750000 0.500000
vt 0.750000 0.666667
vt 0.781250 1.000000
vt 0.781250 0.833333
vt 0.781250 0.166667
vt 0.781250 0.000000
vt 0.781250 0.333333
vt 0.781250 0.500000
vt 0.781250 0.666667
vt 0.812500 1.000000
vt 0.812500 0.833333
vt 0.812500 0.166667
vt 0.812500 0.000000
vt 0.812500 0.333333
vt 0.812500 0.500000
vt 0.812500 0.666667
vt 0.843750 1.000000
vt 0.843750 0.833333
vt 0.843750 0.166667
vt 0.843750 0.000000
vt 0.843750 0.333333
vt 0.843750 0.500000
vt 0.843750 0.666667
vt 0.875000 1.000000
vt 0.875000 0.833333
vt 0.875000 0.166667
vt 0.875000 0.000000
vt 0.875000 0.333333
vt 0.875000 0.500000
vt 0.875000 0.666667
vt 0.906250 1.000000
vt 0.906250 0.833333
vt 0.906250 0.166667
vt 0.906250 0.000000
vt 0.906250 0.333333
vt 0.906250 0.500000
vt 0.906250 0.666667
vt 0.937500 1.000000
vt 0.937500 0.833333
vt 0.937500 0.166667
vt 0.937500 0.000000
vt 0.937500 0.333333
vt 0.937500 0.500000
vt 0.937500 0.666667
vt 0.968750 1.000000
vt 0.968750 0.833333
vt 0.968750 0.166667
vt 0.968750 0.000000
vt 0.968750 0.333333
vt 0.968750 0.500000
vt 0.968750 0.666667
vt 1.000000 1.000000
vt 1.000000 0.833333
vt 1.000000 0.166667
vt 1.000000 0.000000
vt 1.000000 0.333333
vt 1.000000 0.500000
vt 1.000000 0.666667
vt 0.000000 0.250000
vt 0.031250 0.250000
vt 0.031250 0.083333
vt 0.000000 0.083333
vt 0.000000 0.416667
vt 0.031250 0.416667
vt 0.000000 0.583333
vt 0.031250 0.583333
vt 0.000000 0.750000
vt 0.031250 0.750000
vt 0.000000 0.916667
vt 0.031250 0.916667
vt 0.062500 0.083333
vt 0.062500 0.916667
vt 0.062500 0.250000
vt 0.062500 0.416667
vt 0.062500 0.583333
vt 0.062500 0.750000
vt 0.093750 0.083333
vt 0.093750 0.916667
vt 0.093750 0.250000
vt 0.093750 0.416667
vt 0.093750 0.583333
vt 0.093750 0.750000
vt 0.125000 0.083333
vt 0.125000 0.916667
vt 0.125000 0.250000
vt 0.125000 0.416667
vt 0.125000 0.583333
vt 0.125000 0.750000
vt 0.156250 0.083333
vt 0.156250 0.916667
vt 0.156250 0.250000
vt 0.156250 0.416667
vt 0.156250 0.583333
vt 0.156250 0.750000
vt 0.187500 0.083333
vt 0.187500 0.916667
vt 0.187500 0.250000
vt 0.187500 0.416667
vt 0.187500 0.583333
vt 0.187500 0.750000
vt 0.218750 0.083333
vt 0.218750 0.916667
vt 0.218750 0.250000
vt 0.218750 0.416667
vt 0.218750 0.583333
vt 0.218750 0.750000
vt 0.250000 0.083333
vt 0.250000 0.916667
vt 0.250000 0.250000
vt 0.250000 0.416667
vt 0.250000 0.583333
vt 0.250000 0.750000
vt 0.281250 0.083333
vt 0.281250 0.916667
vt 0.281250 0.250000
vt 0.281250 0.416667
vt 0.281250 0.583333
vt 0.281250 0.750000
vt 0.312500 0.083333
vt 0.312500 0.916667
vt 0.312500 0.250000
vt 0.312500 0.416667
vt 0.312500 0.583333
vt 0.312500 0.750000
vt 0.343750 0.083333
vt 0.343750 0.916667
vt 0.343750 0.250000
vt 0.343750 0.416667
vt 0.343750 0.583333
vt 0.343750 0.750000
vt 0.375000 0.083333
vt 0.375000 0.916667
vt 0.375000 0.250000
vt 0.375000 0.416667
vt 0.375000 0.583333
vt 0.375000 0.750000
vt 0.406250 0.083333
vt 0.406250 0.916667
vt 0.406250 0.250000
vt 0.406250 0.416667
vt 0.406250 0.583333
vt 0.406250 0.750000
vt 0.437500 0.083333
vt 0.437500 0.916667
vt 0.437500 0.250000
vt 0.437500 0.416667
vt 0.437500 0.583333
vt 0.437500 0.750000
vt 0.468750 0.083333
vt 0.468750 0.916667
vt 0.468750 0.250000
vt 0.468750 0.416667
vt 0.468750 0.583333
vt 0.468750 0.750000
vt 0.500000 0.083333
vt 0.500000 0.916667
vt 0.500000 0.250000
vt 0.500000 0.416667
vt 0.500000 0.583333
vt 0.500000 0.750000
vt 0.531250 0.083333
vt 0.531250 0.916667
vt 0.531250 0.250000
vt 0.531250 0.416667
vt 0.531250 0.583333
vt 0.531250 0.750000
vt 0.562500 0.083333
vt 0.562500 0.916667
vt 0.562500 0.250000
vt 0.562500 0.416667
vt 0.562500 0.583333
vt 0.562500 0.750000
vt 0.593750 0.083333
vt 0.593750 0.916667
vt 0.593750 0.250000
vt 0.593750 0.416667
vt 0.593750 0.583333
vt 0.593750 0.750000
vt 0.625000 0.083333
vt 0.625000 0.916667
vt 0.625000 0.250000
vt 0.625000 0.416667
vt 0.625000 0.583333
vt 0.625000 0.750000
vt 0.656250 0.083333
vt 0.656250 0.916667
vt 0.656250 0.250000
vt 0.656250 0.416667
vt 0.656250 0.583333
vt 0.656250 0.750000
vt 0.687500 0.083333
vt 0.687500 0.916667
vt 0.687500 0.250000
vt 0.687500 0.416667
vt 0.687500 0.583333
vt 0.687500 0.750000
vt 0.718750 0.083333
vt 0.718750 0.916667
vt 0.718750 0.250000
vt 0.718750 0.416667
vt 0.718750 0.583333
vt 0.718750 0.750000
vt 0.750000 0.083333
vt 0.750000 0.916667
vt 0.750000 0.250000
vt 0.750000 0.416667
vt 0.750000 0.583333
vt 0.750000 0.750000
vt 0.781250 0.083333
vt 0.781250 0.916667
vt 0.781250 0.250000
vt 0.781250 0.416667
vt 0.781250 0.583333
vt 0.781250 0.750000
vt 0.812500 0.083333
vt 0.812500 0.916667
vt 0.812500 0.250000
vt 0.812500 0.416667
vt 0.812500 0.583333
vt 0.812500 0.750000
vt 0.843750 0.083333
vt 0.843750 0.916667
vt 0.843750 0.250000
vt 0.843750 0.416667
vt 0.843750 0.583333
vt 0.843750 0.750000
vt 0.875000 0.083333
vt 0.875000 0.916667
vt 0.875000 0.250000
vt 0.875000 0.416667
vt 0.875000 0.583333
vt 0.875000 0.750000
vt 0.906250 0.083333
vt 0.906250 0.916667
vt 0.906250 0.250000
vt 0.906250 0.416667
vt 0.906250 0.583333
vt 0.906250 0.750000
vt 0.937500 0.083333
vt 0.937500 0.916667
vt 0.937500 0.250000
vt 0.937500 0.416667
vt 0.937500 0.583333
vt 0.937500 0.750000
vt 0.968750 0.083333
vt 0.968750 0.916667
vt 0.968750 0.250000
vt 0.968750 0.416667
vt 0.968750 0.583333
vt 0.968750 0.750000
vt 1.000000 0.083333
vt 1.000000 0.916667
vt 1.000000 0.250000
vt 1.000000 0.416667
vt 1.000000 0.583333
vt 1.000000 0.750000
vt 0.000000 1.000000
vt 0.000000 0.208333
vt 0.062500 0.208333
vt 0.062500 0.125000
vt 0.000000 0.125000
vt 0.000000 0.875000
vt 0.062500 0.875000
vt 0.062500 0.791667
vt 0.000000 0.791667
vt 1.000000 0.125000
vt 1.000000 0.041667
vt 0.937500 0.041667
vt 0.937500 0.125000
vt 0.000000 0.291667
vt 0.062500 0.291667
vt 0.000000 0.375000
vt 0.062500 0.375000
vt 0.000000 0.458333
vt 0.062500 0.458333
vt 0.000000 0.541667
vt 0.062500 0.541667
vt 0.000000 0.625000
vt 0.062500 0.625000
vt 0.000000 0.708333
vt 0.062500 0.708333
vt 0.062500 0.958333
vt 0.000000 0.958333
vt 1.000000 0.958333
vt 0.937500 0.958333
vt 0.062500 0.041667
vt 0.083333 0.041667
vt 0.083333 0.958334
vt 0.083333 0.875000
vt 0.083333 0.125000
vt 0.083333 0.208333
vt 0.083333 0.291667
vt 0.083333 0.375000
vt 0.083333 0.458333
vt 0.083333 0.541667
vt 0.083333 0.625000
vt 0.083333 0.708333
vt 0.083333 0.791667
vt 0.104167 0.041667
vt 0.104167 0.958333
vt 0.125000 0.041667
vt 0.125000 0.958334
vt 0.104167 0.875000
vt 0.104167 0.125000
vt 0.125000 0.875000
vt 0.125000 0.125000
vt 0.104167 0.208333
vt 0.125000 0.208333
vt 0.104167 0.291667
vt 0.125000 0.291667
vt 0.104167 0.375000
vt 0.125000 0.375000
vt 0.104167 0.458333
vt 0.125000 0.458333
vt 0.104167 0.541667
vt 0.125000 0.541667
vt 0.104167 0.625000
vt 0.125000 0.625000
vt 0.104167 0.708333
vt 0.125000 0.708333
vt 0.104167 0.791667
vt 0.125000 0.791667
vt 0.145833 0.041667
vt 0.145833 0.958333
vt 0.166667 0.041667
vt 0.166667 0.958334
vt 0.145833 0.875000
vt 0.145833 0.125000
vt 0.166667 0.875000
vt 0.166667 0.125000
vt 0.145833 0.208333
vt 0.166667 0.208333
vt 0.145833 0.291667
vt 0.166667 0.291667
vt 0.145833 0.375000
vt 0.166667 0.375000
vt 0.145833 0.458333
vt 0.166667 0.458333
vt 0.145833 0.541667
vt 0.166667 0.541667
vt 0.145833 0.625000
vt 0.166667 0.625000
vt 0.145833 0.708333
vt 0.166667 0.708333
vt 0.145833 0.791667
vt 0.166667 0.791667
vt 0.187500 0.041667
vt 0.187500 0.958333
vt 0.208333 0.041667
vt 0.208333 0.958334
vt 0.187500 0.875000
vt 0.187500 0.125000
vt 0.208333 0.875000
vt 0.208333 0.125000
vt 0.187500 0.208333
vt 0.208333 0.208333
vt 0.187500 0.291667
vt 0.208333 0.291667
vt 0.187500 0.375000
vt 0.208333 0.375000
vt 0.187500 0.458333
vt 0.208333 0.458333
vt 0.187500 0.541667
vt 0.208333 0.541667
vt 0.187500 0.625000
vt 0.208333 0.625000
vt 0.187500 0.708333
vt 0.208333 0.708333
vt 0.187500 0.791667
vt 0.208333 0.791667
vt 0.229167 0.041667
vt 0.229167 0.958333
vt 0.250000 0.041667
vt 0.250000 0.958334
vt 0.229167 0.875000
vt 0.229167 0.125000
vt 0.250000 0.875000
vt 0.250000 0.125000
vt 0.229167 0.208333
vt 0.250000 0.208333
vt 0.229167 0.291667
vt 0.250000 0.291667
vt 0.229167 0.375000
vt 0.250000 0.375000
vt 0.229167 0.458333
vt 0.250000 0.458333
vt 0.229167 0.541667
vt 0.250000 0.541667
vt 0.229167 0.625000
vt 0.250000 0.625000
vt 0.229167 0.708333
vt 0.250000 0.708333
vt 0.229167 0.791667
vt 0.250000 0.791667
vt 0.270833 0.041667
vt 0.270833 0.958333
vt 0.291667 0.041667
vt 0.291667 0.958334
vt 0.270833 0.875000
vt 0.270833 0.125000
vt 0.291667 0.875000
vt 0.291667 0.125000
vt 0.270833 0.208333
vt 0.291667 0.208333
vt 0.270833 0.291667
vt 0.291667 0.291667
vt 0.270833 0.375000
vt 0.291667 0.375000
vt 0.270833 0.458333
vt 0.291667 0.458333
vt 0.270833 0.541667
vt 0.291667 0.541667
vt 0.270833 0.625000
vt 0.291667 0.625000
vt 0.270833 0.708333
vt 0.291667 0.708333
vt 0.270833 0.791667
vt 0.291667 0.791667
vt 0.312500 0.041667
vt 0.312500 0.958333
vt 0.333333 0.041667
vt 0.333333 0.958334
vt 0.312500 0.875000
vt 0.312500 0.125000
vt 0.333333 0.875000
vt 0.333333 0.125000
vt 0.312500 0.208333
vt 0.333333 0.208333
vt 0.312500 0.291667
vt 0.333333 0.291667
vt 0.312500 0.375000
vt 0.333333 0.375000
vt 0.312500 0.458333
vt 0.333333 0.458333
vt 0.312500 0.541667
vt 0.333333 0.541667
vt 0.312500 0.625000
vt 0.333333 0.625000
vt 0.312500 0.708333
vt 0.333333 0.708333
vt 0.312500 0.791667
vt 0.333333 0.791667
vt 0.354167 0.041667
vt 0.354167 0.958333
vt 0.375000 0.041667
vt 0.375000 0.958334
vt 0.354167 0.875000
vt 0.354167 0.125000
vt 0.375000 0.875000
vt 0.375000 0.125000
vt 0.354167 0.208333
vt 0.375000 0.208333
vt 0.354167 0.291667
vt 0.375000 0.291667
vt 0.354167 0.375000
vt 0.375000 0.375000
vt 0.354167 0.458333
vt 0.375000 0.458333
vt 0.354167 0.541667
vt 0.375000 0.541667
vt 0.354167 0.625000
vt 0.375000 0.625000
vt 0.354167 0.708333
vt 0.375000 0.708333
vt 0.354167 0.791667
vt 0.375000 0.791667
vt 0.395833 0.041667
vt 0.395833 0.958333
vt 0.416667 0.041667
vt 0.416667 0.958334
vt 0.395833 0.875000
vt 0.395833 0.125000
vt 0.416667 0.875000
vt 0.416667 0.125000
vt 0.395833 0.208333
vt 0.416667 0.208333
vt 0.395833 0.291667
vt 0.416667 0.291667
vt 0.395833 0.375000
vt 0.416667 0.375000
vt 0.395833 0.458333
vt 0.416667 0.458333
vt 0.395833 0.541667
vt 0.416667 0.541667
vt 0.395833 0.625000
vt 0.416667 0.625000
vt 0.395833 0.708333
vt 0.416667 0.708333
vt 0.395833 0.791667
vt 0.416667 0.791667
vt 0.437500 0.041667
vt 0.437500 0.958333
vt 0.458333 0.041667
vt 0.458333 0.958334
vt 0.437500 0.875000
vt 0.437500 0.125000
vt 0.458333 0.875000
vt 0.458333 0.125000
vt 0.437500 0.208333
vt 0.458333 0.208333
vt 0.437500 0.291667
vt 0.458333 0.291667
vt 0.437500 0.375000
vt 0.458333 0.375000
vt 0.437500 0.458333
vt 0.458333 0.458333
vt 0.437500 0.541667
vt 0.458333 0.541667
vt 0.437500 0.625000
vt 0.458333 0.625000
vt 0.437500 0.708333
vt 0.458333 0.708333
vt 0.437500 0.791667
vt 0.458333 0.791667
vt 0.479167 0.041667
vt 0.479167 0.958333
vt 0.500000 0.041667
vt 0.500000 0.958334
vt 0.479167 0.875000
vt 0.479167 0.125000
vt 0.500000 0.875000
vt 0.500000 0.125000
vt 0.479167 0.208333
vt 0.500000 0.208333
vt 0.479167 0.291667
vt 0.500000 0.291667
vt 0.479167 0.375000
vt 0.500000 0.375000
vt 0.479167 0.458333
vt 0.500000 0.458333
vt 0.479167 0.541667
vt 0.500000 0.541667
vt 0.479167 0.625000
vt 0.500000 0.625000
vt 0.479167 0.708333
vt 0.500000 0.708333
vt 0.479167 0.791667
vt 0.500000 0.791667
vt 0.520833 0.041667
vt 0.520833 0.958333
vt 0.541667 0.041667
vt 0.541667 0.958334
vt 0.520833 0.875000
vt 0.520833 0.125000
vt 0.541667 0.875000
vt 0.541667 0.125000
vt 0.520833 0.208333
vt 0.541667 0.208333
vt 0.520833 0.291667
vt 0.541667 0.291667
vt 0.520833 0.375000
vt 0.541667 0.375000
vt 0.520833 0.458333
vt 0.541667 0.458333
vt 0.520833 0.541667
vt 0.541667 0.541667
vt 0.520833 0.625000
vt 0.541667 0.625000
vt 0.520833 0.708333
vt 0.541667 0.708333
vt 0.520833 0.791667
vt 0.541667 0.791667
vt 0.562500 0.041667
vt 0.562500 0.958333
vt 0.583333 0.041667
vt 0.583333 0.958334
vt 0.562500 0.875000
vt 0.562500 0.125000
vt 0.583333 0.875000
vt 0.583333 0.125000
vt 0.562500 0.208333
vt 0.583333 0.208333
vt 0.562500 0.291667
vt 0.583333 0.291667
vt 0.562500 0.375000
vt 0.583333 0.375000
vt 0.562500 0.458333
vt 0.583333 0.458333
vt 0.562500 0.541667
vt 0.583333 0.541667
vt 0.562500 0.625000
vt 0.583333 0.625000
vt 0.562500 0.708333
vt 0.583333 0.708333
vt 0.562500 0.791667
vt 0.583333 0.791667
vt 0.604167 0.041667
vt 0.604167 0.958333
vt 0.625000 0.041667
vt 0.625000 0.958334
vt 0.604167 0.875000
vt 0.604167 0.125000
vt 0.625000 0.875000
vt 0.625000 0.125000
vt 0.604167 0.208333
vt 0.625000 0.208333
vt 0.604167 0.291667
vt 0.625000 0.291667
vt 0.604167 0.375000
vt 0.625000 0.375000
vt 0.604167 0.458333
vt 0.625000 0.458333
vt 0.604167 0.541667
vt 0.625000 0.541667
vt 0.604167 0.625000
vt 0.625000 0.625000
vt 0.604167 0.708333
vt 0.625000 0.708333
vt 0.604167 0.791667
vt 0.625000 0.791667
vt 0.645833 0.041667
vt 0.645833 0.958333
vt 0.666667 0.041667
vt 0.666667 0.958334
vt 0.645833 0.875000
vt 0.645833 0.125000
vt 0.666667 0.875000
vt 0.666667 0.125000
vt 0.645833 0.208333
vt 0.666667 0.208333
vt 0.645833 0.291667
vt 0.666667 0.291667
vt 0.645833 0.375000
vt 0.666667 0.375000
vt 0.645833 0.458333
vt 0.666667 0.458333
vt 0.645833 0.541667
vt 0.666667 0.541667
vt 0.645833 0.625000
vt 0.666667 0.625000
vt 0.645833 0.708333
vt 0.666667 0.708333
vt 0.645833 0.791667
vt 0.666667 0.791667
vt 0.687500 0.041667
vt 0.687500 0.958333
vt 0.708333 0.041667
vt 0.708333 0.958334
vt 0.687500 0.875000
vt 0.687500 0.125000
vt 0.708333 0.875000
vt 0.708333 0.125000
vt 0.687500 0.208333
vt 0.708333 0.208333
vt 0.687500 0.291667
vt 0.708333 0.291667
vt 0.687500 0.375000
vt 0.708333 0.375000
vt 0.687500 0.458333
vt 0.708333 0.458333
vt 0.687500 0.541667
vt 0.708333 0.541667
vt 0.687500 0.625000
vt 0.708333 0.625000
vt 0.687500 0.708333
vt 0.708333 0.708333
vt 0.687500 0.791667
vt 0.708333 0.791667
vt 0.729167 0.041667
vt 0.729167 0.958333
vt 0.750000 0.041667
vt 0.750000 0.958334
vt 0.729167 0.875000
vt 0.729167 0.125000
vt 0.750000 0.875000
vt 0.750000 0.125000
vt 0.729167 0.208333
vt 0.750000 0.208333
vt 0.729167 0.291667
vt 0.750000 0.291667
vt 0.729167 0.375000
vt 0.750000 0.375000
vt 0.729167 0.458333
vt 0.750000 0.458333
vt 0.729167 0.541667
vt 0.750000 0.541667
vt 0.729167 0.625000
vt 0.750000 0.625000
vt 0.729167 0.708333
vt 0.750000 0.708333
vt 0.729167 0.791667
vt 0.750000 0.791667
vt 0.770833 0.041667
vt 0.770833 0.958333
vt 0.791667 0.041667
vt 0.791667 0.958334
vt 0.770833 0.875000
vt 0.770833 0.125000
vt 0.791667 0.875000
vt 0.791667 0.125000
vt 0.770833 0.208333
vt 0.791667 0.208333
vt 0.770833 0.291667
vt 0.791667 0.291667
vt 0.770833 0.375000
vt 0.791667 0.375000
vt 0.770833 0.458333
vt 0.791667 0.458333
vt 0.770833 0.541667
vt 0.791667 0.541667
vt 0.770833 0.625000
vt 0.791667 0.625000
vt 0.770833 0.708333
vt 0.791667 0.708333
vt 0.770833 0.791667
vt 0.791667 0.791667
vt 0.812500 0.041667
vt 0.812500 0.958333
vt 0.833333 0.041667
vt 0.833333 0.958334
vt 0.812500 0.875000
vt 0.812500 0.125000
vt 0.833333 0.875000
vt 0.833333 0.125000
vt 0.812500 0.208333
vt 0.833333 0.208333
vt 0.812500 0.291667
vt 0.833333 0.291667
vt 0.812500 0.375000
vt 0.833333 0.375000
vt 0.812500 0.458333
vt 0.833333 0.458333
vt 0.812500 0.541667
vt 0.833333 0.541667
vt 0.812500 0.625000
vt 0.833333 0.625000
vt 0.812500 0.708333
vt 0.833333 0.708333
vt 0.812500 0.791667
vt 0.833333 0.791667
vt 0.854167 0.041667
vt 0.854167 0.958333
vt 0.875000 0.041667
vt 0.875000 0.958334
vt 0.854167 0.875000
vt 0.854167 0.125000
vt 0.875000 0.875000
vt 0.875000 0.125000
vt 0.854167 0.208333
vt 0.875000 0.208333
vt 0.854167 0.291667
vt 0.875000 0.291667
vt 0.854167 0.375000
vt 0.875000 0.375000
vt 0.854167 0.458333
vt 0.875000 0.458333
vt 0.854167 0.541667
vt 0.875000 0.541667
vt 0.854167 0.625000
vt 0.875000 0.625000
vt 0.854167 0.708333
vt 0.875000 0.708333
vt 0.854167 0.791667
vt 0.875000 0.791667
vt 0.895833 0.041667
vt 0.895833 0.958333
vt 0.916667 0.041667
vt 0.916667 0.958334
vt 0.895833 0.875000
vt 0.895833 0.125000
vt 0.916667 0.875000
vt 0.916667 0.125000
vt 0.895833 0.208333
vt 0.916667 0.208333
vt 0.895833 0.291667
vt 0.916667 0.291667
vt 0.895833 0.375000
vt 0.916667 0.375000
vt 0.895833 0.458333
vt 0.916667 0.458333
vt 0.895833 0.541667
vt 0.916667 0.541667
vt 0.895833 0.625000
vt 0.916667 0.625000
vt 0.895833 0.708333
vt 0.916667 0.708333
vt 0.895833 0.791667
vt 0.916667 0.791667
vt 1.000000 0.208333
vt 0.937500 0.208333
vt 0.937500 0.875000
vt 1.000000 0.291667
vt 0.937500 0.291667
vt 1.000000 0.375000
vt 0.937500 0.375000
vt 1.000000 0.458333
vt 0.937500 0.458333
vt 1.000000 0.541667
vt 0.937500 0.541667
vt 1.000000 0.625000
vt 0.937500 0.625000
vt 1.000000 0.708333
vt 0.937500 0.708333
vt 1.000000 0.791667
vt 0.937500 0.791667
vt 1.000000 0.875000
vt 0.000000 0.041667
vt 0.125000 0.000000
vt 0.062500 0.000000
vt 0.062500 0.083333
vt 0.125000 0.083333
vt 0.062500 1.000000
vt 0.062500 0.916667
vt 0.000000 0.916667
vt 0.000000 1.000000
vt 0.062500 0.166667
vt 0.125000 0.166667
vt 0.000000 0.000000
vt 0.000000 0.083333
vt 0.062500 0.250000
vt 0.125000 0.250000
vt 0.000000 0.166667
vt 0.062500 0.333333
vt 0.125000 0.333333
vt 0.000000 0.250000
vt 0.062500 0.416667
vt 0.125000 0.416667
vt 0.000000 0.333333
vt 0.062500 0.500000
vt 0.125000 0.500000
vt 0.000000 0.416667
vt 0.062500 0.583333
vt 0.125000 0.583333
vt 0.000000 0.500000
vt 0.062500 0.666667
vt 0.125000 0.666667
vt 0.000000 0.583333
vt 0.062500 0.750000
vt 0.125000 0.750000
vt 0.000000 0.666667
vt 0.062500 0.833333
vt 0.125000 0.833333
vt 0.000000 0.750000
vt 0.125000 0.916667
vt 0.000000 0.833333
vt 0.437500 0.166667
vt 0.437500 0.083333
vt 0.187500 0.083333
vt 0.187500 0.166667
vt 0.437500 0.250000
vt 0.187500 0.250000
vt 0.187500 1.000000
vt 0.187500 0.916667
vt 0.125000 1.000000
vt 0.437500 0.333333
vt 0.187500 0.333333
vt 0.187500 0.000000
vt 0.437500 0.416667
vt 0.187500 0.416667
vt 0.437500 0.500000
vt 0.187500 0.500000
vt 0.437500 0.583333
vt 0.187500 0.583333
vt 0.437500 0.666667
vt 0.187500 0.666667
vt 0.437500 0.750000
vt 0.187500 0.750000
vt 0.437500 0.833333
vt 0.187500 0.833333
vt 0.437500 0.916667
vt 0.437500 1.000000
vt 0.500000 1.000000
vt 0.500000 0.916667
vt 0.500000 0.000000
vt 0.437500 0.000000
vt 0.500000 0.083333
vt 0.500000 0.166667
vt 0.500000 0.250000
vt 0.500000 0.333333
vt 0.500000 0.416667
vt 0.500000 0.500000
vt 0.500000 0.583333
vt 0.500000 0.666667
vt 0.500000 0.750000
vt 0.500000 0.833333
vt 0.625000 1.000000
vt 0.625000 0.916667
vt 0.562500 0.916667
vt 0.562500 1.000000
vt 0.625000 0.000000
vt 0.562500 0.000000
vt 0.562500 0.083333
vt 0.625000 0.083333
vt 0.562500 0.166667
vt 0.625000 0.166667
vt 0.562500 0.250000
vt 0.625000 0.250000
vt 0.562500 0.333333
vt 0.625000 0.333333
vt 0.562500 0.416667
vt 0.625000 0.416667
vt 0.562500 0.500000
vt 0.625000 0.500000
vt 0.562500 0.583333
vt 0.625000 0.583333
vt 0.562500 0.666667
vt 0.625000 0.666667
vt 0.562500 0.750000
vt 0.625000 0.750000
vt 0.562500 0.833333
vt 0.625000 0.833333
vt 0.750000 1.000000
vt 0.750000 0.916667
vt 0.687500 0.916667
vt 0.687500 1.000000
vt 0.750000 0.000000
vt 0.687500 0.000000
vt 0.687500 0.083333
vt 0.750000 0.083333
vt 0.687500 0.166667
vt 0.750000 0.166667
vt 0.687500 0.250000
vt 0.750000 0.250000
vt 0.687500 0.333333
vt 0.750000 0.333333
vt 0.687500 0.416667
vt 0.750000 0.416667
vt 0.687500 0.500000
vt 0.750000 0.500000
vt 0.687500 0.583333
vt 0.750000 0.583333
vt 0.687500 0.666667
vt 0.750000 0.666667
vt 0.687500 0.750000
vt 0.750000 0.750000
vt 0.687500 0.833333
vt 0.750000 0.833333
vt 1.000000 0.083333
vt 1.000000 0.000000
vt 1.000000 1.000000
vt 1.000000 0.916667
vt 1.000000 0.166667
vt 1.000000 0.250000
vt 1.000000 0.333333
vt 1.000000 0.416667
vt 1.000000 0.500000
vt 1.000000 0.583333
vt 1.000000 0.666667
vt 1.000000 0.750000
vt 1.000000 0.833333
vt 0.125000 0.000000
vt 0.062500 0.000000
vt 0.062500 0.083333
vt 0.125000 0.083333
vt 0.062500 1.000000
vt 0.062500 0.916667
vt 0.000000 0.916667
vt 0.000000 1.000000
vt 0.062500 0.166667
vt 0.125000 0.166667
vt 0.000000 0.000000
vt 0.000000 0.083333
vt 0.062500 0.250000
vt 0.125000 0.250000
vt 0.000000 0.166667
vt 0.062500 0.333333
vt 0.125000 0.333333
vt 0.000000 0.250000
vt 0.062500 0.416667
vt 0.125000 0.416667
vt 0.000000 0.333333
vt 0.062500 0.500000
vt 0.125000 0.500000
vt 0.000000 0.416667
vt 0.062500 0.583333
vt 0.125000 0.583333
vt 0.000000 0.500000
vt 0.062500 0.666667
vt 0.125000 0.666667
vt 0.000000 0.583333
vt 0.062500 0.750000
vt 0.125000 0.750000
vt 0.000000 0.666667
vt 0.062500 0.833333
vt 0.125000 0.833333
vt 0.000000 0.750000
vt 0.125000 0.916667
vt 0.000000 0.833333
vt 0.437500 0.166667
vt 0.437500 0.083333
vt 0.187500 0.083333
vt 0.187500 0.166667
vt 0.437500 0.250000
vt 0.187500 0.250000
vt 0.187500 1.000000
vt 0.187500 0.916667
vt 0.125000 1.000000
vt 0.437500 0.333333
vt 0.187500 0.333333
vt 0.187500 0.000000
vt 0.437500 0.416667
vt 0.187500 0.416667
vt 0.437500 0.500000
vt 0.187500 0.500000
vt 0.437500 0.583333
vt 0.187500 0.583333
vt 0.437500 0.666667
vt 0.187500 0.666667
vt 0.437500 0.750000
vt 0.187500 0.750000
vt 0.437500 0.833333
vt 0.187500 0.833333
vt 0.437500 0.916667
vt 0.437500 1.000000
vt 0.500000 1.000000
vt 0.500000 0.916667
vt 0.500000 0.000000
vt 0.437500 0.000000
vt 0.500000 0.083333
vt 0.500000 0.166667
vt 0.500000 0.250000
vt 0.500000 0.333333
vt 0.500000 0.416667
vt 0.500000 0.500000
vt 0.500000 0.583333
vt 0.500000 0.666667
vt 0.500000 0.750000
vt 0.500000 0.833333
vt 0.625000 1.000000
vt 0.625000 0.916667
vt 0.562500 0.916667
vt 0.562500 1.000000
vt 0.625000 0.000000
vt 0.562500 0.000000
vt 0.562500 0.083333
vt 0.625000 0.083333
vt 0.562500 0.166667
vt 0.625000 0.166667
vt 0.562500 0.250000
vt 0.625000 0.250000
vt 0.562500 0.333333
vt 0.625000 0.333333
vt 0.562500 0.416667
vt 0.625000 0.416667
vt 0.562500 0.500000
vt 0.625000 0.500000
vt 0.562500 0.583333
vt 0.625000 0.583333
vt 0.562500 0.666667
vt 0.625000 0.666667
vt 0.562500 0.750000
vt 0.625000 0.750000
vt 0.562500 0.833333
vt 0.625000 0.833333
vt 0.750000 1.000000
vt 0.750000 0.916667
vt 0.687500 0.916667
vt 0.687500 1.000000
vt 0.750000 0.000000
vt 0.687500 0.000000
vt 0.687500 0.083333
vt 0.750000 0.083333
vt 0.687500 0.166667
vt 0.750000 0.166667
vt 0.687500 0.250000
vt 0.750000 0.250000
vt 0.687500 0.333333
vt 0.750000 0.333333
vt 0.687500 0.416667
vt 0.750000 0.416667
vt 0.687500 0.500000
vt 0.750000 0.500000
vt 0.687500 0.583333
vt 0.750000 0.583333
vt 0.687500 0.666667
vt 0.750000 0.666667
vt 0.687500 0.750000
vt 0.750000 0.750000
vt 0.687500 0.833333
vt 0.750000 0.833333
vt 0.812500 1.000000
vt 0.812500 0.916667
vt 0.812500 0.083333
vt 0.812500 0.000000
vt 0.812500 0.166667
vt 0.812500 0.250000
vt 0.812500 0.333333
vt 0.812500 0.416667
vt 0.812500 0.500000
vt 0.812500 0.583333
vt 0.812500 0.666667
vt 0.812500 0.750000
vt 1.000000 1.000000
vt 1.000000 0.916667
vt 0.812500 0.833333
vt 1.000000 0.083333
vt 1.000000 0.000000
vt 1.000000 0.166667
vt 1.000000 0.250000
vt 1.000000 0.333333
vt 1.000000 0.416667
vt 1.000000 0.500000
vt 1.000000 0.583333
vt 1.000000 0.666667
vt 1.000000 0.750000
vt 1.000000 0.833333
vt 1.000000 0.000000
vt 0.000000 0.000000
vt 0.000000 0.083333
vt 1.000000 0.083333
vt 0.000000 0.166667
vt 1.000000 0.166667
vt 0.000000 0.250000
vt 1.000000 0.250000
vt 0.000000 0.333333
vt 1.000000 0.333333
vt 0.000000 0.416667
vt 1.000000 0.416667
vt 0.000000 0.500000
vt 1.000000 0.500000
vt 0.000000 0.583333
vt 1.000000 0.583333
vt 0.000000 0.666667
vt 1.000000 0.666667
vt 0.000000 0.750000
vt 1.000000 0.750000
vt 0.000000 0.833333
vt 1.000000 0.833333
vt 0.000000 0.916667
vt 1.000000 0.916667
vt 1.000000 0.958333
vt 1.000000 0.875000
vt 0.000000 0.875000
vt 0.000000 0.958333
vt 0.000000 0.125000
vt 1.000000 0.125000
vt 1.000000 0.041667
vt 0.000000 0.041667
vt 0.000000 0.208333
vt 1.000000 0.208333
vt 0.000000 0.291667
vt 1.000000 0.291667
vt 0.000000 0.375000
vt 1.000000 0.375000
vt 0.000000 0.458333
vt 1.000000 0.458333
vt 0.000000 0.541667
vt 1.000000 0.541667
vt 0.000000 0.625000
vt 1.000000 0.625000
vt 0.000000 0.708333
vt 1.000000 0.708333
vt 0.000000 0.791667
vt 1.000000 0.791667
vt 0.000000 1.000000
vt 1.000000 1.000000
vn -0.8627 0.1877 -0.4695
vn -0.8728 0.3250 -0.3640
vn -0.5157 0.5499 -0.6570
vn -0.5088 0.3172 -0.8003
vn -0.9996 0.0061 0.0270
vn -0.9995 0.0012 0.0323
vn -0.8748 0.3463 -0.3386
vn -0.0278 0.6301 -0.7760
vn -0.0334 0.3645 -0.9306
vn -0.5171 0.5911 -0.6190
vn 0.4673 0.5499 -0.6923
vn 0.4501 0.3172 -0.8347
vn -0.0263 0.6787 -0.7339
vn 0.8445 0.3250 -0.4256
vn 0.8269 0.1877 -0.5301
vn 0.4714 0.5911 -0.6545
vn 0.9990 0.0061 -0.0446
vn 0.9967 0.0102 -0.0800
vn 0.8483 0.3463 -0.4005
vn 0.8812 -0.3244 0.3438
vn 0.8990 -0.1696 0.4036
vn 0.9992 0.0012 -0.0394
vn 0.5234 -0.5719 0.6316
vn 0.5461 -0.3059 0.7798
vn 0.8771 -0.3528 0.3260
vn 0.0268 -0.6634 0.7477
vn 0.0335 -0.3576 0.9333
vn 0.5182 -0.6146 0.5947
vn -0.4768 -0.5719 0.6674
vn -0.4888 -0.3059 0.8170
vn 0.0252 -0.7105 0.7032
vn -0.8543 -0.3244 0.4061
vn -0.8678 -0.1696 0.4671
vn -0.4743 -0.6146 0.6303
vn -0.9999 0.0102 -0.0083
vn -0.8514 -0.3528 0.3880
vn -0.0352 0.0019 -0.9994
vn -0.5176 0.0035 -0.8556
vn -0.5095 0.0545 -0.8587
vn -0.0357 0.0638 -0.9973
vn 0.4555 0.0030 -0.8902
vn 0.4467 0.0544 -0.8930
vn -0.8698 0.0295 -0.4925
vn -0.9996 -0.0012 0.0283
vn 0.8392 0.0056 -0.5438
vn 0.8322 0.0295 -0.5536
vn 0.9993 0.0064 -0.0363
vn 0.9990 -0.0012 -0.0435
vn 0.8762 0.0040 0.4818
vn 0.8759 -0.0255 0.4818
vn 0.5177 0.0001 0.8556
vn 0.5151 -0.0382 0.8563
vn 0.0352 -0.0019 0.9994
vn 0.0357 -0.0419 0.9985
vn -0.4556 -0.0003 0.8902
vn -0.4524 -0.0382 0.8910
vn -0.8391 0.0035 0.5439
vn -0.8390 -0.0255 0.5434
vn -0.9993 0.0064 0.0367
vn -0.8763 0.0060 -0.4816
vn -0.8719 0.0308 -0.4886
vn -0.9984 0.0282 0.0480
vn -0.5058 0.0195 -0.8624
vn -0.0335 0.0121 -0.9994
vn 0.4447 0.0179 -0.8955
vn 0.8330 0.0297 -0.5524
vn 0.9991 0.0298 -0.0290
vn 0.8653 0.0110 0.5012
vn 0.5014 -0.0124 0.8651
vn 0.0333 -0.0233 0.9991
vn -0.4409 -0.0149 0.8974
vn -0.8261 0.0076 0.5634
vn -0.8971 0.2569 -0.3594
vn -0.9955 -0.0525 0.0790
vn -0.9966 0.0304 0.0763
vn -0.8710 0.1066 -0.4796
vn -0.4950 0.1296 -0.8591
vn -0.5361 0.4771 -0.6964
vn -0.0323 0.1299 -0.9910
vn -0.0360 0.5605 -0.8273
vn 0.4339 0.1302 -0.8915
vn 0.4726 0.4971 -0.7277
vn 0.8304 0.1126 -0.5456
vn 0.8610 0.2940 -0.4150
vn 0.9990 0.0438 -0.0027
vn 0.9998 -0.0081 0.0188
vn 0.8474 -0.0609 0.5274
vn 0.8500 -0.3175 0.4202
vn 0.4790 -0.1451 0.8657
vn 0.4905 -0.5375 0.6859
vn 0.0314 -0.1776 0.9836
vn 0.0325 -0.6205 0.7835
vn -0.4201 -0.1528 0.8945
vn -0.4312 -0.5574 0.7094
vn -0.8061 -0.0748 0.5871
vn -0.8106 -0.3546 0.4659
vn -0.8749 0.4820 -0.0465
vn -0.9980 -0.0541 -0.0323
vn -0.9946 -0.0997 -0.0266
vn -0.8904 0.4117 -0.1939
vn -0.5286 0.7960 -0.2948
vn -0.5092 0.8597 -0.0410
vn -0.0353 0.9443 -0.3270
vn -0.0338 0.9988 -0.0351
vn 0.4657 0.8315 -0.3028
vn 0.4477 0.8933 -0.0398
vn 0.8538 0.4754 -0.2122
vn 0.8363 0.5463 -0.0466
vn 0.9982 -0.0286 -0.0519
vn 0.9991 0.0224 -0.0356
vn 0.8509 -0.5092 0.1293
vn 0.8641 -0.5032 -0.0041
vn 0.4899 -0.8313 0.2624
vn 0.5016 -0.8646 0.0278
vn 0.0324 -0.9492 0.3130
vn 0.0333 -0.9986 0.0416
vn -0.4306 -0.8598 0.2745
vn -0.4412 -0.8968 0.0311
vn -0.8113 -0.5646 0.1516
vn -0.8251 -0.5649 0.0008
vn -0.5199 0.8542 -0.0008
vn -0.8778 0.4789 -0.0028
vn -0.9993 -0.0372 -0.0038
vn -0.0349 0.9994 0.0004
vn 0.4582 0.8888 -0.0005
vn 0.8407 0.5415 -0.0026
vn 0.9993 0.0366 -0.0038
vn 0.8777 -0.4793 -0.0028
vn 0.5198 -0.8543 -0.0007
vn 0.0349 -0.9994 0.0004
vn -0.4581 -0.8889 -0.0005
vn -0.8405 -0.5418 -0.0026
vn -0.0060 0.9995 0.0305
vn -0.0120 0.9995 0.0289
vn -0.3342 0.4869 0.8069
vn -0.1704 0.4870 0.8566
vn 0.1673 0.5139 -0.8413
vn 0.3282 0.5141 -0.7924
vn 0.1673 -0.5139 -0.8413
vn 0.3282 -0.5141 -0.7924
vn -0.0060 -0.9995 0.0305
vn -0.0120 -0.9995 0.0289
vn -0.1704 -0.4870 0.8566
vn -0.3342 -0.4869 0.8069
vn -0.4852 0.4870 0.7262
vn -0.4852 -0.4870 0.7262
vn -0.0173 0.9995 0.0258
vn 0.4766 0.5139 -0.7132
vn 0.4766 -0.5139 -0.7132
vn -0.0173 -0.9995 0.0258
vn -0.6176 0.4869 0.6176
vn -0.6176 -0.4869 0.6176
vn -0.0221 0.9995 0.0221
vn 0.6065 0.5141 -0.6065
vn 0.6065 -0.5141 -0.6065
vn -0.0221 -0.9995 0.0221
vn -0.7262 0.4870 0.4852
vn -0.7262 -0.4870 0.4852
vn -0.0258 0.9995 0.0173
vn 0.7132 0.5139 -0.4766
vn 0.7132 -0.5139 -0.4766
vn -0.0258 -0.9995 0.0173
vn -0.8069 0.4869 0.3342
vn -0.8069 -0.4869 0.3342
vn -0.0289 0.9995 0.0120
vn 0.7924 0.5141 -0.3282
vn 0.7924 -0.5141 -0.3282
vn -0.0289 -0.9995 0.0120
vn -0.8566 0.4870 0.1704
vn -0.8566 -0.4870 0.1704
vn -0.0305 0.9995 0.0060
vn 0.8413 0.5139 -0.1673
vn 0.8413 -0.5139 -0.1673
vn -0.0305 -0.9995 0.0060
vn -0.8734 0.4869 0.0000
vn -0.8734 -0.4869 0.0000
vn -0.0313 0.9995 0.0000
vn 0.8577 0.5141 0.0000
vn 0.8577 -0.5141 0.0000
vn -0.0313 -0.9995 0.0000
vn -0.8566 0.4870 -0.1704
vn -0.8566 -0.4870 -0.1704
vn -0.0305 0.9995 -0.0060
vn 0.8413 0.5139 0.1673
vn 0.8413 -0.5139 0.1673
vn -0.0305 -0.9995 -0.0060
vn -0.8069 0.4869 -0.3342
vn -0.8069 -0.4869 -0.3342
vn -0.0289 0.9995 -0.0120
vn 0.7924 0.5141 0.3282
vn 0.7924 -0.5141 0.3282
vn -0.0289 -0.9995 -0.0120
vn -0.7262 0.4870 -0.4852
vn -0.7262 -0.4870 -0.4852
vn -0.0258 0.9995 -0.0173
vn 0.7132 0.5139 0.4766
vn 0.7132 -0.5139 0.4766
vn -0.0258 -0.9995 -0.0173
vn -0.6176 0.4869 -0.6176
vn -0.6176 -0.4869 -0.6176
vn -0.0221 0.9995 -0.0221
vn 0.6065 0.5141 0.6065
vn 0.6065 -0.5141 0.6065
vn -0.0221 -0.9995 -0.0221
vn -0.4852 0.4870 -0.7262
vn -0.4852 -0.4870 -0.7262
vn -0.0173 0.9995 -0.0258
vn 0.4766 0.5139 0.7132
vn 0.4766 -0.5139 0.7132
vn -0.0173 -0.9995 -0.0258
vn -0.3342 0.4869 -0.8069
vn -0.3342 -0.4869 -0.8069
vn -0.0120 0.9995 -0.0289
vn 0.3282 0.5141 0.7924
vn 0.3282 -0.5141 0.7924
vn -0.0120 -0.9995 -0.0289
vn -0.1704 0.4870 -0.8566
vn -0.1704 -0.4870 -0.8566
vn -0.0060 0.9995 -0.0305
vn 0.1673 0.5139 0.8413
vn 0.1673 -0.5139 0.8413
vn -0.0060 -0.9995 -0.0305
vn 0.0000 0.4869 -0.8734
vn 0.0000 -0.4869 -0.8734
vn 0.0000 0.9995 -0.0313
vn 0.0000 0.5141 0.8577
vn 0.0000 -0.5141 0.8578
vn 0.0000 -0.9995 -0.0313
vn 0.1704 0.4870 -0.8566
vn 0.1704 -0.4870 -0.8566
vn 0.0060 0.9995 -0.0305
vn -0.1673 0.5139 0.8413
vn -0.1673 -0.5139 0.8413
vn 0.0060 -0.9995 -0.0305
vn 0.3342 0.4869 -0.8069
vn 0.3342 -0.4869 -0.8069
vn 0.0120 0.9995 -0.0289
vn -0.3282 0.5141 0.7924
vn -0.3282 -0.5141 0.7924
vn 0.0120 -0.9995 -0.0289
vn 0.4852 0.4870 -0.7262
vn 0.4852 -0.4870 -0.7262
vn 0.0173 0.9995 -0.0258
vn -0.4766 0.5139 0.7132
vn -0.4766 -0.5139 0.7132
vn 0.0173 -0.9995 -0.0258
vn 0.6176 0.4869 -0.6176
vn 0.6176 -0.4869 -0.6176
vn 0.0221 0.9995 -0.0221
vn -0.6065 0.5141 0.6065
vn -0.6065 -0.5141 0.6065
vn 0.0221 -0.9995 -0.0221
vn 0.7262 0.4870 -0.4852
vn 0.7262 -0.4870 -0.4852
vn 0.0258 0.9995 -0.0173
vn -0.7132 0.5139 0.4766
vn -0.7132 -0.5139 0.4766
vn 0.0258 -0.9995 -0.0173
vn 0.8069 0.4869 -0.3342
vn 0.8069 -0.4869 -0.3342
vn 0.0289 0.9995 -0.0120
vn -0.7924 0.5141 0.3282
vn -0.7924 -0.5141 0.3282
vn 0.0289 -0.9995 -0.0120
vn 0.8566 0.4870 -0.1704
vn 0.8566 -0.4870 -0.1704
vn 0.0305 0.9995 -0.0060
vn -0.8413 0.5139 0.1673
vn -0.8413 -0.5139 0.1673
vn 0.0305 -0.9995 -0.0060
vn 0.8734 0.4869 0.0000
vn 0.8734 -0.4869 0.0000
vn 0.0313 0.9995 0.0000
vn -0.8577 0.5141 0.0000
vn -0.8578 -0.5141 0.0000
vn 0.0313 -0.9995 0.0000
vn 0.8566 0.4870 0.1704
vn 0.8566 -0.4870 0.1704
vn 0.0305 0.9995 0.0060
vn -0.8413 0.5139 -0.1673
vn -0.8413 -0.5139 -0.1673
vn 0.0305 -0.9995 0.0060
vn 0.8069 0.4869 0.3342
vn 0.8069 -0.4869 0.3342
vn 0.0289 0.9995 0.0120
vn -0.7924 0.5141 -0.3282
vn -0.7924 -0.5141 -0.3282
vn 0.0289 -0.9995 0.0120
vn 0.7262 0.4870 0.4852
vn 0.7262 -0.4870 0.4852
vn 0.0258 0.9995 0.0173
vn -0.7132 0.5139 -0.4766
vn -0.7132 -0.5139 -0.4766
vn 0.0258 -0.9995 0.0173
vn 0.6176 0.4869 0.6176
vn 0.6176 -0.4869 0.6176
vn 0.0221 0.9995 0.0221
vn -0.6065 0.5141 -0.6065
vn -0.6065 -0.5141 -0.6065
vn 0.0221 -0.9995 0.0221
vn 0.4852 0.4870 0.7262
vn 0.4852 -0.4870 0.7262
vn 0.0173 0.9995 0.0258
vn -0.4766 0.5139 -0.7132
vn -0.4766 -0.5139 -0.7132
vn 0.0173 -0.9995 0.0258
vn 0.3342 0.4869 0.8069
vn 0.3342 -0.4869 0.8069
vn 0.0120 0.9995 0.0289
vn -0.3282 0.5141 -0.7924
vn -0.3282 -0.5141 -0.7924
vn 0.0120 -0.9995 0.0289
vn 0.1704 0.4870 0.8566
vn 0.1704 -0.4870 0.8566
vn 0.0060 0.9995 0.0305
vn -0.1673 0.5139 -0.8413
vn -0.1673 -0.5139 -0.8413
vn 0.0060 -0.9995 0.0305
vn 0.0000 0.4869 0.8734
vn 0.0000 -0.4869 0.8734
vn 0.0000 0.9995 0.0313
vn 0.0000 0.5141 -0.8577
vn 0.0000 -0.5141 -0.8578
vn 0.0000 -0.9995 0.0313
vn 0.0928 0.8795 -0.4668
vn 0.1820 0.8796 -0.4395
vn -0.2000 0.8524 0.4830
vn -0.1020 0.8525 0.5126
vn 0.1951 0.0000 -0.9808
vn 0.3827 0.0000 -0.9239
vn 0.0928 -0.8795 -0.4668
vn 0.1820 -0.8796 -0.4395
vn -0.1020 -0.8525 0.5126
vn -0.2000 -0.8524 0.4830
vn -0.1951 0.0000 0.9808
vn -0.3827 0.0000 0.9239
vn -0.2904 0.8525 0.4346
vn -0.5556 0.0000 0.8314
vn 0.2644 0.8795 -0.3957
vn 0.5556 0.0000 -0.8314
vn 0.2644 -0.8795 -0.3957
vn -0.2904 -0.8525 0.4346
vn -0.3696 0.8524 0.3696
vn -0.7071 0.0000 0.7071
vn 0.3364 0.8796 -0.3364
vn 0.7071 0.0000 -0.7071
vn 0.3364 -0.8796 -0.3364
vn -0.3696 -0.8524 0.3696
vn -0.4346 0.8525 0.2904
vn -0.8314 0.0000 0.5556
vn 0.3957 0.8795 -0.2644
vn 0.8314 0.0000 -0.5556
vn 0.3957 -0.8795 -0.2644
vn -0.4346 -0.8525 0.2904
vn -0.4830 0.8524 0.2000
vn -0.9239 0.0000 0.3827
vn 0.4395 0.8796 -0.1820
vn 0.9239 0.0000 -0.3827
vn 0.4395 -0.8796 -0.1820
vn -0.4830 -0.8524 0.2000
vn -0.5126 0.8525 0.1020
vn -0.9808 0.0000 0.1951
vn 0.4668 0.8795 -0.0928
vn 0.9808 0.0000 -0.1951
vn 0.4668 -0.8795 -0.0928
vn -0.5126 -0.8525 0.1020
vn -0.5228 0.8524 0.0000
vn -1.0000 0.0000 0.0000
vn 0.4758 0.8796 0.0000
vn 1.0000 0.0000 0.0000
vn 0.4758 -0.8796 0.0000
vn -0.5228 -0.8524 0.0000
vn -0.5126 0.8525 -0.1020
vn -0.9808 0.0000 -0.1951
vn 0.4668 0.8795 0.0928
vn 0.9808 0.0000 0.1951
vn 0.4668 -0.8795 0.0928
vn -0.5126 -0.8525 -0.1020
vn -0.4830 0.8524 -0.2000
vn -0.9239 0.0000 -0.3827
vn 0.4395 0.8796 0.1820
vn 0.9239 0.0000 0.3827
vn 0.4395 -0.8796 0.1820
vn -0.4830 -0.8524 -0.2000
vn -0.4346 0.8525 -0.2904
vn -0.8314 0.0000 -0.5556
vn 0.3957 0.8795 0.2644
vn 0.8314 0.0000 0.5556
vn 0.3957 -0.8795 0.2644
vn -0.4346 -0.8525 -0.2904
vn -0.3696 0.8524 -0.3696
vn -0.7071 0.0000 -0.7071
vn 0.3364 0.8796 0.3364
vn 0.7071 0.0000 0.7071
vn 0.3364 -0.8796 0.3364
vn -0.3696 -0.8524 -0.3696
vn -0.2904 0.8525 -0.4346
vn -0.5556 0.0000 -0.8314
vn 0.2644 0.8795 0.3957
vn 0.5556 0.0000 0.8314
vn 0.2644 -0.8795 0.3957
vn -0.2904 -0.8525 -0.4346
vn -0.2000 0.8524 -0.4830
vn -0.3827 0.0000 -0.9239
vn 0.1820 0.8796 0.4395
vn 0.3827 0.0000 0.9239
vn 0.1820 -0.8796 0.4395
vn -0.2000 -0.8524 -0.4830
vn -0.1020 0.8525 -0.5126
vn -0.1951 0.0000 -0.9808
vn 0.0928 0.8795 0.4668
vn 0.1951 0.0000 0.9808
vn 0.0928 -0.8795 0.4668
vn -0.1020 -0.8525 -0.5126
vn 0.0000 0.8524 -0.5228
vn 0.0000 0.0000 -1.0000
vn 0.0000 0.8796 0.4757
vn 0.0000 0.0000 1.0000
vn 0.0000 -0.8796 0.4758
vn 0.0000 -0.8524 -0.5228
vn 0.1020 0.8525 -0.5126
vn -0.0928 0.8795 0.4668
vn -0.0928 -0.8795 0.4668
vn 0.1020 -0.8525 -0.5126
vn 0.2000 0.8524 -0.4830
vn -0.1820 0.8796 0.4395
vn -0.1820 -0.8796 0.4395
vn 0.2000 -0.8524 -0.4830
vn 0.2904 0.8525 -0.4346
vn -0.2644 0.8795 0.3957
vn -0.2644 -0.8795 0.3957
vn 0.2904 -0.8525 -0.4346
vn 0.3696 0.8524 -0.3696
vn -0.3364 0.8796 0.3364
vn -0.3364 -0.8796 0.3364
vn 0.3696 -0.8524 -0.3696
vn 0.4346 0.8525 -0.2904
vn -0.3957 0.8795 0.2644
vn -0.3957 -0.8795 0.2644
vn 0.4346 -0.8525 -0.2904
vn 0.4830 0.8524 -0.2000
vn -0.4395 0.8796 0.1820
vn -0.4395 -0.8796 0.1820
vn 0.4830 -0.8524 -0.2000
vn 0.5126 0.8525 -0.1020
vn -0.4668 0.8795 0.0928
vn -0.4668 -0.8795 0.0928
vn 0.5126 -0.8525 -0.1020
vn 0.5228 0.8524 0.0000
vn -0.4757 0.8796 0.0000
vn -0.4758 -0.8796 0.0000
vn 0.5228 -0.8524 0.0000
vn 0.5126 0.8525 0.1020
vn -0.4668 0.8795 -0.0928
vn -0.4668 -0.8795 -0.0928
vn 0.5126 -0.8525 0.1020
vn 0.4830 0.8524 0.2000
vn -0.4395 0.8796 -0.1820
vn -0.4395 -0.8796 -0.1820
vn 0.4830 -0.8524 0.2000
vn 0.4346 0.8525 0.2904
vn -0.3957 0.8795 -0.2644
vn -0.3957 -0.8795 -0.2644
vn 0.4346 -0.8525 0.2904
vn 0.3696 0.8524 0.3696
vn -0.3364 0.8796 -0.3364
vn -0.3364 -0.8796 -0.3364
vn 0.3696 -0.8524 0.3696
vn 0.2904 0.8525 0.4346
vn -0.2644 0.8795 -0.3957
vn -0.2644 -0.8795 -0.3957
vn 0.2904 -0.8525 0.4346
vn 0.2000 0.8524 0.4830
vn -0.1820 0.8796 -0.4395
vn -0.1820 -0.8796 -0.4395
vn 0.2000 -0.8524 0.4830
vn 0.1020 0.8525 0.5126
vn -0.0928 0.8795 -0.4668
vn -0.0928 -0.8795 -0.4668
vn 0.1020 -0.8525 0.5126
vn 0.0000 0.8524 0.5228
vn 0.0000 0.8796 -0.4757
vn 0.0000 -0.8796 -0.4758
vn 0.0000 -0.8524 0.5228
vn 0.2620 0.0045 0.9650
vn 0.2640 0.0642 0.9624
vn -0.2291 0.0511 0.9720
vn -0.2428 0.0035 0.9700
vn -0.9617 -0.0016 -0.2742
vn -0.9594 -0.0256 -0.2808
vn -0.6928 -0.0337 -0.7203
vn -0.6980 -0.0021 -0.7160
vn -0.2219 0.0035 -0.9750
vn -0.6818 0.0017 -0.7315
vn -0.6710 0.0237 -0.7410
vn -0.2082 0.0511 -0.9767
vn 0.6978 0.0040 0.7163
vn 0.6891 0.0581 0.7223
vn 0.9614 0.0024 0.2750
vn 0.9564 0.0349 0.2899
vn 0.9669 0.0004 -0.2550
vn 0.9690 0.0043 -0.2469
vn 0.6981 -0.0012 -0.7159
vn 0.6951 -0.0199 -0.7186
vn 0.2433 -0.0020 -0.9699
vn 0.2352 -0.0317 -0.9714
vn -0.2619 -0.0023 -0.9651
vn -0.2635 -0.0351 -0.9640
vn -0.9657 -0.0060 0.2596
vn -0.9666 -0.0002 0.2561
vn -0.9609 -0.0002 -0.2768
vn -0.9599 -0.0060 -0.2803
vn -0.6868 0.0237 0.7264
vn -0.6813 0.1666 0.7127
vn -0.9511 -0.0249 0.3078
vn -0.9593 -0.1993 -0.1998
vn -0.2464 0.3178 0.9156
vn 0.2374 0.3858 0.8915
vn 0.6638 0.3541 0.6587
vn 0.9370 0.2302 0.2627
vn 0.9749 0.0471 -0.2177
vn 0.7396 -0.1400 -0.6582
vn 0.2891 -0.2787 -0.9158
vn -0.2365 -0.3386 -0.9107
vn -0.6934 -0.3109 -0.6500
vn -0.7299 0.3127 0.6077
vn -0.9528 -0.0549 0.2987
vn -0.7630 0.3857 0.5186
vn -0.9461 -0.0649 0.3171
vn -0.9074 -0.4090 -0.0965
vn -0.3181 0.5860 0.7452
vn -0.8613 -0.5069 0.0346
vn -0.3802 0.7192 0.5815
vn 0.1611 0.7041 0.6915
vn 0.0880 0.8636 0.4964
vn 0.5982 0.6495 0.4693
vn 0.5312 0.7968 0.2877
vn 0.8946 0.4295 0.1231
vn 0.8489 0.5285 0.0010
vn 0.9596 0.0861 -0.2679
vn 0.9503 0.1090 -0.2916
vn 0.7551 -0.2868 -0.5896
vn 0.7911 -0.3532 -0.4993
vn 0.3414 -0.5757 -0.7429
vn 0.4146 -0.7198 -0.5567
vn -0.1571 -0.7038 -0.6928
vn -0.0693 -0.8852 -0.4600
vn -0.6119 -0.6443 -0.4586
vn -0.5354 -0.8078 -0.2466
vn -0.8052 0.4258 0.4127
vn -0.9400 -0.0769 0.3323
vn -0.8336 0.4220 0.3562
vn -0.9298 -0.0959 0.3553
vn -0.8066 -0.5654 0.1721
vn -0.4558 0.8008 0.3885
vn -0.7649 -0.5876 0.2637
vn -0.5109 0.8177 0.2652
vn 0.0010 0.9642 0.2652
vn -0.0600 0.9926 0.1057
vn 0.4534 0.8884 0.0720
vn 0.4024 0.9116 -0.0835
vn 0.7971 0.5861 -0.1451
vn 0.7640 0.5928 -0.2545
vn 0.9387 0.1173 -0.3242
vn 0.9277 0.1089 -0.3570
vn 0.8253 -0.3959 -0.4028
vn 0.8402 -0.4098 -0.3551
vn 0.4861 -0.7981 -0.3560
vn 0.5258 -0.8129 -0.2502
vn 0.0221 -0.9767 -0.2133
vn 0.0761 -0.9939 -0.0801
vn -0.4486 -0.8934 -0.0237
vn -0.3935 -0.9132 0.1059
vn -0.8223 0.4104 0.3941
vn -0.8995 -0.1071 0.4236
vn -0.7651 0.4034 0.5019
vn -0.8309 -0.1116 0.5451
vn -0.7295 -0.5936 0.3397
vn -0.5192 0.8144 0.2591
vn -0.6716 -0.5950 0.4415
vn -0.4888 0.8108 0.3218
vn -0.0779 0.9954 0.0549
vn -0.0779 0.9955 0.0533
vn 0.3797 0.9105 -0.1639
vn 0.3502 0.9084 -0.2282
vn 0.7349 0.5867 -0.3402
vn 0.6793 0.5825 -0.4464
vn 0.8976 0.1085 -0.4271
vn 0.8296 0.1091 -0.5476
vn 0.8246 -0.4005 -0.3995
vn 0.7666 -0.3932 -0.5076
vn 0.5325 -0.8044 -0.2633
vn 0.5024 -0.7977 -0.3335
vn 0.0982 -0.9936 -0.0560
vn 0.1007 -0.9926 -0.0675
vn -0.3633 -0.9170 0.1646
vn -0.3304 -0.9184 0.2175
vn -0.6738 0.4009 0.6207
vn -0.7308 -0.1100 0.6737
vn -0.5577 0.4013 0.7265
vn -0.6052 -0.1087 0.7885
vn -0.5923 -0.5919 0.5466
vn -0.4333 0.8080 0.3991
vn -0.4911 -0.5911 0.6399
vn -0.3588 0.8080 0.4673
vn -0.0712 0.9953 0.0655
vn -0.0585 0.9954 0.0762
vn 0.3085 0.9077 -0.2845
vn 0.2566 0.9068 -0.3344
vn 0.5990 0.5793 -0.5528
vn 0.4972 0.5771 -0.6478
vn 0.7304 0.1072 -0.6745
vn 0.6054 0.1056 -0.7889
vn 0.6759 -0.3912 -0.6246
vn 0.5604 -0.3907 -0.7303
vn 0.4453 -0.7950 -0.4118
vn 0.3703 -0.7937 -0.4826
vn 0.0907 -0.9923 -0.0840
vn 0.0766 -0.9920 -0.0999
vn -0.2917 -0.9178 0.2694
vn -0.2414 -0.9180 0.3146
vn -0.4170 0.4015 0.8154
vn -0.4527 -0.1085 0.8850
vn -0.2601 0.4016 0.8781
vn -0.2823 -0.1085 0.9532
vn -0.3673 -0.5910 0.7182
vn -0.2682 0.8081 0.5244
vn -0.2290 -0.5911 0.7734
vn -0.1672 0.8082 0.5647
vn -0.0436 0.9954 0.0852
vn -0.0272 0.9954 0.0917
vn 0.1921 0.9066 -0.3757
vn 0.1198 0.9066 -0.4046
vn 0.3720 0.5767 -0.7273
vn 0.2320 0.5767 -0.7833
vn 0.4528 0.1053 -0.8853
vn 0.2824 0.1053 -0.9535
vn 0.4191 -0.3907 -0.8195
vn 0.2614 -0.3906 -0.8826
vn 0.2771 -0.7935 -0.5418
vn 0.1728 -0.7934 -0.5836
vn 0.0575 -0.9920 -0.1125
vn 0.0359 -0.9919 -0.1212
vn -0.1805 -0.9181 0.3529
vn -0.1125 -0.9181 0.3800
vn -0.0943 0.4015 0.9109
vn -0.1024 -0.1085 0.9888
vn 0.0747 0.4016 0.9127
vn 0.0811 -0.1085 0.9908
vn -0.0830 -0.5910 0.8023
vn -0.0606 0.8081 0.5859
vn 0.0658 -0.5911 0.8039
vn 0.0480 0.8082 0.5870
vn -0.0099 0.9954 0.0952
vn 0.0078 0.9954 0.0953
vn 0.0434 0.9066 -0.4197
vn -0.0344 0.9066 -0.4206
vn 0.0841 0.5767 -0.8126
vn -0.0666 0.5767 -0.8142
vn 0.1024 0.1053 -0.9891
vn -0.0811 0.1053 -0.9911
vn 0.0948 -0.3906 -0.9156
vn -0.0750 -0.3906 -0.9174
vn 0.0627 -0.7935 -0.6054
vn -0.0496 -0.7934 -0.6066
vn 0.0130 -0.9920 -0.1257
vn -0.0103 -0.9919 -0.1260
vn -0.0408 -0.9181 0.3942
vn 0.0323 -0.9181 0.3949
vn 0.2411 0.4015 0.8835
vn 0.2617 -0.1085 0.9590
vn 0.3994 0.4016 0.8242
vn 0.4335 -0.1085 0.8946
vn 0.2124 -0.5910 0.7782
vn 0.1551 0.8081 0.5682
vn 0.3517 -0.5911 0.7259
vn 0.2568 0.8082 0.5300
vn 0.0252 0.9954 0.0924
vn 0.0417 0.9954 0.0861
vn -0.1111 0.9066 -0.4071
vn -0.1840 0.9066 -0.3798
vn -0.2151 0.5767 -0.7881
vn -0.3562 0.5767 -0.7352
vn -0.2618 0.1053 -0.9593
vn -0.4336 0.1053 -0.8949
vn -0.2423 -0.3907 -0.8880
vn -0.4014 -0.3906 -0.8284
vn -0.1602 -0.7935 -0.5871
vn -0.2654 -0.7934 -0.5477
vn -0.0333 -0.9920 -0.1219
vn -0.0551 -0.9919 -0.1138
vn 0.1043 -0.9181 0.3824
vn 0.1728 -0.9181 0.3566
vn 0.5440 0.4015 0.7367
vn 0.5905 -0.1085 0.7997
vn 0.6701 0.4016 0.6242
vn 0.7274 -0.1085 0.6776
vn 0.4791 -0.5910 0.6489
vn 0.3499 0.8081 0.4738
vn 0.5902 -0.5911 0.5498
vn 0.4309 0.8082 0.4014
vn 0.0569 0.9954 0.0770
vn 0.0700 0.9954 0.0652
vn -0.2506 0.9066 -0.3395
vn -0.3088 0.9066 -0.2877
vn -0.4852 0.5767 -0.6572
vn -0.5978 0.5767 -0.5568
vn -0.5907 0.1053 -0.8000
vn -0.7276 0.1053 -0.6778
vn -0.5468 -0.3907 -0.7405
vn -0.6736 -0.3906 -0.6274
vn -0.3615 -0.7935 -0.4896
vn -0.4453 -0.7934 -0.4148
vn -0.0750 -0.9920 -0.1016
vn -0.0925 -0.9919 -0.0862
vn 0.2354 -0.9181 0.3188
vn 0.2900 -0.9181 0.2701
vn 0.7734 0.4015 0.4905
vn 0.8395 -0.1085 0.5324
vn 0.8503 0.4016 0.3400
vn 0.9230 -0.1085 0.3691
vn 0.6812 -0.5910 0.4320
vn 0.4974 0.8081 0.3154
vn 0.7490 -0.5911 0.2994
vn 0.5468 0.8082 0.2186
vn 0.0808 0.9954 0.0513
vn 0.0888 0.9954 0.0355
vn -0.3564 0.9066 -0.2260
vn -0.3919 0.9066 -0.1567
vn -0.6899 0.5767 -0.4375
vn -0.7585 0.5767 -0.3033
vn -0.8398 0.1053 -0.5325
vn -0.9234 0.1053 -0.3692
vn -0.7774 -0.3907 -0.4930
vn -0.8547 -0.3906 -0.3417
vn -0.5140 -0.7935 -0.3259
vn -0.5651 -0.7934 -0.2259
vn -0.1067 -0.9920 -0.0677
vn -0.1174 -0.9919 -0.0469
vn 0.3347 -0.9181 0.2123
vn 0.3679 -0.9181 0.1471
vn 0.8984 0.4015 0.1780
vn 0.9751 -0.1085 0.1932
vn 0.9157 0.4016 0.0098
vn 0.9940 -0.1085 0.0107
vn 0.7913 -0.5910 0.1567
vn 0.5778 0.8081 0.1144
vn 0.8065 -0.5911 0.0087
vn 0.5889 0.8082 0.0063
vn 0.0939 0.9954 0.0186
vn 0.0956 0.9954 0.0010
vn -0.4139 0.9066 -0.0820
vn -0.4220 0.9066 -0.0045
vn -0.8013 0.5767 -0.1587
vn -0.8169 0.5767 -0.0088
vn -0.9755 0.1053 -0.1932
vn -0.9944 0.1053 -0.0107
vn -0.9030 -0.3907 -0.1789
vn -0.9205 -0.3906 -0.0099
vn -0.5970 -0.7935 -0.1182
vn -0.6086 -0.7934 -0.0065
vn -0.1239 -0.9920 -0.0245
vn -0.1264 -0.9919 -0.0013
vn 0.3888 -0.9181 0.0770
vn 0.3962 -0.9181 0.0042
vn 0.9020 0.4015 -0.1586
vn 0.9791 -0.1085 -0.1721
vn 0.8575 0.4016 -0.3216
vn 0.9308 -0.1085 -0.3491
vn 0.7945 -0.5910 -0.1397
vn 0.5801 0.8081 -0.1020
vn 0.7552 -0.5911 -0.2832
vn 0.5514 0.8082 -0.2068
vn 0.0943 0.9954 -0.0166
vn 0.0896 0.9954 -0.0336
vn -0.4156 0.9066 0.0731
vn -0.3952 0.9066 0.1482
vn -0.8046 0.5767 0.1415
vn -0.7649 0.5767 0.2869
vn -0.9794 0.1053 0.1722
vn -0.9311 0.1053 0.3492
vn -0.9066 -0.3907 0.1594
vn -0.8619 -0.3906 0.3233
vn -0.5994 -0.7935 0.1054
vn -0.5698 -0.7934 0.2137
vn -0.1244 -0.9920 0.0219
vn -0.1184 -0.9919 0.0444
vn 0.3904 -0.9181 -0.0686
vn 0.3710 -0.9181 -0.1392
vn 0.7838 0.4015 -0.4737
vn 0.8508 -0.1085 -0.5142
vn 0.6834 0.4016 -0.6096
vn 0.7418 -0.1085 -0.6618
vn 0.6903 -0.5910 -0.4172
vn 0.5041 0.8081 -0.3047
vn 0.6019 -0.5911 -0.5369
vn 0.4395 0.8082 -0.3920
vn 0.0819 0.9954 -0.0495
vn 0.0714 0.9954 -0.0637
vn -0.3611 0.9066 0.2183
vn -0.3149 0.9066 0.2810
vn -0.6991 0.5767 0.4225
vn -0.6096 0.5767 0.5438
vn -0.8511 0.1053 0.5144
vn -0.7421 0.1053 0.6620
vn -0.7878 -0.3907 0.4761
vn -0.6869 -0.3906 0.6128
vn -0.5208 -0.7935 0.3148
vn -0.4541 -0.7934 0.4052
vn -0.1081 -0.9920 0.0653
vn -0.0943 -0.9919 0.0842
vn 0.3392 -0.9181 -0.2050
vn 0.2957 -0.9181 -0.2638
vn 0.5597 0.4015 -0.7249
vn 0.6076 -0.1085 -0.7868
vn 0.4170 0.4016 -0.8154
vn 0.4527 -0.1085 -0.8850
vn 0.4930 -0.5910 -0.6384
vn 0.3600 0.8081 -0.4662
vn 0.3673 -0.5911 -0.7181
vn 0.2682 0.8082 -0.5243
vn 0.0585 0.9954 -0.0758
vn 0.0435 0.9954 -0.0851
vn -0.2579 0.9066 0.3340
vn -0.1922 0.9066 0.3757
vn -0.4993 0.5767 0.6466
vn -0.3720 0.5767 0.7273
vn -0.6078 0.1053 0.7871
vn -0.4528 0.1053 0.8853
vn -0.5626 -0.3907 0.7286
vn -0.4191 -0.3906 0.8195
vn -0.3720 -0.7935 0.4817
vn -0.2771 -0.7934 0.5419
vn -0.0772 -0.9920 0.1000
vn -0.0576 -0.9919 0.1126
vn 0.2422 -0.9181 -0.3137
vn 0.1804 -0.9181 -0.3528
vn 0.2601 0.4015 -0.8781
vn 0.2823 -0.1085 -0.9532
vn 0.0943 0.4016 -0.9109
vn 0.1024 -0.1085 -0.9888
vn 0.2291 -0.5910 -0.7734
vn 0.1673 0.8081 -0.5647
vn 0.0830 -0.5911 -0.8023
vn 0.0606 0.8082 -0.5858
vn 0.0272 0.9954 -0.0918
vn 0.0098 0.9954 -0.0952
vn -0.1198 0.9066 0.4046
vn -0.0435 0.9066 0.4198
vn -0.2320 0.5767 0.7833
vn -0.0841 0.5767 0.8126
vn -0.2824 0.1053 0.9535
vn -0.1024 0.1053 0.9891
vn -0.2614 -0.3907 0.8826
vn -0.0948 -0.3906 0.9156
vn -0.1728 -0.7935 0.5835
vn -0.0627 -0.7934 0.6054
vn -0.0359 -0.9920 0.1212
vn -0.0130 -0.9919 0.1258
vn 0.1126 -0.9181 -0.3800
vn 0.0408 -0.9181 -0.3941
vn -0.0747 0.4015 -0.9128
vn -0.0811 -0.1085 -0.9908
vn -0.2411 0.4016 -0.8835
vn -0.2617 -0.1085 -0.9590
vn -0.0658 -0.5910 -0.8039
vn -0.0480 0.8081 -0.5870
vn -0.2124 -0.5911 -0.7781
vn -0.1551 0.8082 -0.5681
vn -0.0078 0.9954 -0.0954
vn -0.0252 0.9954 -0.0923
vn 0.0344 0.9066 0.4206
vn 0.1111 0.9066 0.4071
vn 0.0666 0.5767 0.8142
vn 0.2151 0.5767 0.7881
vn 0.0811 0.1053 0.9911
vn 0.2618 0.1053 0.9593
vn 0.0750 -0.3907 0.9174
vn 0.2423 -0.3906 0.8880
vn 0.0496 -0.7935 0.6066
vn 0.1603 -0.7934 0.5871
vn 0.0103 -0.9920 0.1259
vn 0.0333 -0.9919 0.1220
vn -0.0323 -0.9181 -0.3950
vn -0.1043 -0.9181 -0.3823
vn -0.3994 0.4015 -0.8242
vn -0.4335 -0.1085 -0.8946
vn -0.5419 0.4013 -0.7384
vn -0.5882 -0.1087 -0.8014
vn -0.3518 -0.5910 -0.7259
vn -0.2568 0.8081 -0.5300
vn -0.4772 -0.5911 -0.6503
vn -0.3486 0.8080 -0.4749
vn -0.0417 0.9954 -0.0862
vn -0.0569 0.9954 -0.0774
vn 0.1840 0.9066 0.3797
vn 0.2494 0.9068 0.3399
vn 0.3562 0.5767 0.7351
vn 0.4831 0.5771 0.6584
vn 0.4336 0.1053 0.8949
vn 0.5883 0.1056 0.8017
vn 0.4014 -0.3907 0.8284
vn 0.5445 -0.3907 0.7421
vn 0.2654 -0.7935 0.5477
vn 0.3598 -0.7937 0.4904
vn 0.0551 -0.9920 0.1137
vn 0.0744 -0.9920 0.1015
vn -0.1728 -0.9181 -0.3567
vn -0.2346 -0.9180 -0.3197
vn -0.6603 0.4009 -0.6350
vn -0.7161 -0.1100 -0.6892
vn -0.7541 0.4034 -0.5182
vn -0.8190 -0.1116 -0.5629
vn -0.5804 -0.5919 -0.5592
vn -0.4246 0.8080 -0.4083
vn -0.6619 -0.5950 -0.4559
vn -0.4818 0.8108 -0.3323
vn -0.0697 0.9953 -0.0670
vn -0.0767 0.9955 -0.0549
vn 0.3023 0.9077 0.2911
vn 0.3452 0.9084 0.2357
vn 0.5870 0.5793 0.5655
vn 0.6695 0.5825 0.4609
vn 0.7158 0.1072 0.6901
vn 0.8176 0.1091 0.5653
vn 0.6623 -0.3912 0.6390
vn 0.7555 -0.3932 0.5240
vn 0.4363 -0.7950 0.4212
vn 0.4951 -0.7977 0.3442
vn 0.0889 -0.9923 0.0860
vn 0.0992 -0.9926 0.0696
vn -0.2859 -0.9178 -0.2756
vn -0.3257 -0.9184 -0.2246
vn -0.8137 0.4104 -0.4117
vn -0.8902 -0.1071 -0.4428
vn -0.8258 0.4221 -0.3740
vn -0.9219 -0.0959 -0.3753
vn -0.7221 -0.5936 -0.3553
vn -0.5135 0.8144 -0.2702
vn -0.7591 -0.5876 -0.2801
vn -0.5051 0.8177 -0.2762
vn -0.0767 0.9954 -0.0566
vn -0.0577 0.9926 -0.1070
vn 0.3761 0.9105 0.1721
vn 0.4006 0.9116 0.0921
vn 0.7274 0.5867 0.3559
vn 0.7584 0.5928 0.2709
vn 0.8882 0.1085 0.4463
vn 0.9198 0.1089 0.3769
vn 0.8158 -0.4005 0.4172
vn 0.8324 -0.4098 0.3731
vn 0.5267 -0.8044 0.2746
vn 0.5203 -0.8129 0.2615
vn 0.0970 -0.9936 0.0580
vn 0.0744 -0.9939 0.0818
vn -0.3596 -0.9170 -0.1724
vn -0.3912 -0.9132 -0.1144
vn -0.7961 0.4258 -0.4300
vn -0.9327 -0.0769 -0.3524
vn -0.7517 0.3857 -0.5349
vn -0.9391 -0.0649 -0.3374
vn -0.8027 -0.5654 -0.1894
vn -0.4474 0.8008 -0.3982
vn -0.8603 -0.5069 -0.0531
vn -0.3676 0.7192 -0.5895
vn 0.0067 0.9642 -0.2651
vn 0.0986 0.8636 -0.4944
vn 0.4548 0.8884 -0.0622
vn 0.5373 0.7968 -0.2762
vn 0.7938 0.5861 0.1622
vn 0.8488 0.5285 0.0172
vn 0.9315 0.1173 0.3443
vn 0.9438 0.1090 0.3120
vn 0.8164 -0.3958 0.4204
vn 0.7802 -0.3532 0.5163
vn 0.4783 -0.7981 0.3664
vn 0.4025 -0.7198 0.5655
vn 0.0175 -0.9767 0.2138
vn -0.0792 -0.8852 0.4584
vn -0.4490 -0.8934 0.0140
vn -0.5406 -0.8078 0.2351
vn -0.7167 0.3127 -0.6233
vn -0.9461 -0.0549 -0.3191
vn -0.6659 0.1666 -0.7272
vn -0.9443 -0.0249 -0.3282
vn -0.9093 -0.4090 0.0769
vn -0.3020 0.5860 -0.7519
vn -0.9634 -0.1993 0.1792
vn -0.2267 0.3178 -0.9207
vn 0.1760 0.7041 -0.6879
vn 0.2565 0.3858 -0.8862
vn 0.6082 0.6495 -0.4563
vn 0.6778 0.3541 -0.6443
vn 0.8971 0.4295 -0.1039
vn 0.9424 0.2302 -0.2424
vn 0.9536 0.0861 0.2885
vn 0.9699 0.0471 0.2387
vn 0.7422 -0.2868 0.6056
vn 0.7253 -0.1400 0.6740
vn 0.3253 -0.5757 0.7501
vn 0.2693 -0.2787 0.9218
vn -0.1720 -0.7038 0.6892
vn -0.2561 -0.3386 0.9054
vn -0.6217 -0.6443 0.4454
vn -0.7072 -0.3109 0.6350
vn 0.2827 0.0045 -0.9592
vn 0.2846 0.0642 -0.9565
vn -0.9652 -0.0256 0.2601
vn 0.7130 0.0040 -0.7011
vn 0.7045 0.0581 -0.7073
vn 0.9671 0.0024 -0.2542
vn 0.9624 0.0349 -0.2693
vn 0.9612 0.0004 0.2758
vn 0.9635 0.0043 0.2677
vn 0.6826 -0.0012 0.7308
vn 0.6795 -0.0199 0.7334
vn 0.2224 -0.0020 0.9749
vn 0.2142 -0.0317 0.9763
vn -0.2826 -0.0023 0.9592
vn -0.2842 -0.0351 0.9581
vn -0.7133 -0.0021 0.7008
vn -0.7081 -0.0337 0.7053
vn -0.9673 -0.0016 0.2534
vn -0.6974 0.0017 0.7166
vn 0.8627 0.1877 0.4695
vn 0.8728 0.3250 0.3640
vn 0.5157 0.5499 0.6570
vn 0.5088 0.3172 0.8003
vn 0.9996 0.0061 -0.0270
vn 0.9995 0.0012 -0.0323
vn 0.8748 0.3463 0.3386
vn 0.0278 0.6301 0.7760
vn 0.0334 0.3645 0.9306
vn 0.5171 0.5911 0.6190
vn -0.4673 0.5499 0.6923
vn -0.4501 0.3172 0.8347
vn 0.0263 0.6787 0.7339
vn -0.8445 0.3250 0.4256
vn -0.8269 0.1877 0.5301
vn -0.4714 0.5911 0.6545
vn -0.9990 0.0061 0.0446
vn -0.9967 0.0102 0.0800
vn -0.8483 0.3463 0.4005
vn -0.8812 -0.3244 -0.3438
vn -0.8990 -0.1696 -0.4036
vn -0.9992 0.0012 0.0394
vn -0.5234 -0.5719 -0.6316
vn -0.5461 -0.3059 -0.7798
vn -0.8771 -0.3528 -0.3260
vn -0.0268 -0.6634 -0.7477
vn -0.0335 -0.3576 -0.9333
vn -0.5182 -0.6146 -0.5947
vn 0.4768 -0.5719 -0.6675
vn 0.4888 -0.3059 -0.8170
vn -0.0252 -0.7105 -0.7032
vn 0.8543 -0.3244 -0.4061
vn 0.8678 -0.1696 -0.4671
vn 0.4743 -0.6146 -0.6303
vn 0.9999 0.0102 0.0083
vn 0.8514 -0.3528 -0.3880
vn 0.0352 0.0019 0.9994
vn 0.5176 0.0035 0.8556
vn 0.5095 0.0545 0.8587
vn 0.0357 0.0638 0.9973
vn -0.4555 0.0030 0.8902
vn -0.4467 0.0544 0.8930
vn 0.8698 0.0295 0.4925
vn 0.9996 -0.0012 -0.0283
vn -0.8392 0.0056 0.5438
vn -0.8322 0.0295 0.5536
vn -0.9993 0.0064 0.0363
vn -0.9990 -0.0012 0.0435
vn -0.8762 0.0040 -0.4818
vn -0.8759 -0.0255 -0.4818
vn -0.5177 0.0001 -0.8556
vn -0.5151 -0.0382 -0.8563
vn -0.0352 -0.0019 -0.9994
vn -0.0357 -0.0419 -0.9985
vn 0.4556 -0.0003 -0.8901
vn 0.4524 -0.0382 -0.8910
vn 0.8391 0.0035 -0.5439
vn 0.8390 -0.0255 -0.5434
vn 0.9993 0.0064 -0.0367
vn 0.8763 0.0060 0.4816
vn 0.8719 0.0308 0.4886
vn 0.9984 0.0282 -0.0480
vn 0.5058 0.0195 0.8624
vn 0.0335 0.0121 0.9994
vn -0.4447 0.0179 0.8955
vn -0.8330 0.0297 0.5524
vn -0.9991 0.0298 0.0290
vn -0.8653 0.0110 -0.5012
vn -0.5014 -0.0124 -0.8651
vn -0.0333 -0.0233 -0.9991
vn 0.4409 -0.0149 -0.8974
vn 0.8261 0.0076 -0.5634
vn 0.8971 0.2569 0.3594
vn 0.9955 -0.0525 -0.0790
vn 0.9966 0.0304 -0.0763
vn 0.8710 0.1066 0.4796
vn 0.4950 0.1297 0.8591
vn 0.5361 0.4771 0.6964
vn 0.0323 0.1299 0.9910
vn 0.0360 0.5605 0.8273
vn -0.4339 0.1302 0.8915
vn -0.4726 0.4971 0.7277
vn -0.8304 0.1126 0.5456
vn -0.8610 0.2940 0.4150
vn -0.9990 0.0438 0.0027
vn -0.9998 -0.0080 -0.0188
vn -0.8474 -0.0609 -0.5274
vn -0.8500 -0.3175 -0.4202
vn -0.4790 -0.1451 -0.8657
vn -0.4905 -0.5375 -0.6859
vn -0.0314 -0.1776 -0.9836
vn -0.0325 -0.6205 -0.7835
vn 0.4201 -0.1528 -0.8945
vn 0.4312 -0.5574 -0.7094
vn 0.8061 -0.0748 -0.5870
vn 0.8106 -0.3546 -0.4659
vn 0.8749 0.4820 0.0465
vn 0.9980 -0.0541 0.0323
vn 0.9946 -0.0997 0.0266
vn 0.8904 0.4117 0.1939
vn 0.5286 0.7960 0.2948
vn 0.5092 0.8597 0.0410
vn 0.0353 0.9443 0.3270
vn 0.0338 0.9988 0.0351
vn -0.4657 0.8315 0.3029
vn -0.4477 0.8933 0.0398
vn -0.8538 0.4754 0.2122
vn -0.8363 0.5463 0.0466
vn -0.9982 -0.0285 0.0519
vn -0.9991 0.0224 0.0356
vn -0.8508 -0.5092 -0.1293
vn -0.8641 -0.5032 0.0041
vn -0.4899 -0.8313 -0.2624
vn -0.5016 -0.8646 -0.0278
vn -0.0324 -0.9492 -0.3130
vn -0.0333 -0.9986 -0.0416
vn 0.4306 -0.8598 -0.2745
vn 0.4412 -0.8968 -0.0311
vn 0.8113 -0.5646 -0.1516
vn 0.8251 -0.5649 -0.0008
vn 0.5199 0.8542 0.0008
vn 0.8778 0.4790 0.0028
vn 0.9993 -0.0372 0.0038
vn 0.0349 0.9994 -0.0004
vn -0.4582 0.8888 0.0005
vn -0.8407 0.5415 0.0026
vn -0.9993 0.0366 0.0038
vn -0.8776 -0.4793 0.0028
vn -0.5198 -0.8543 0.0007
vn -0.0349 -0.9994 -0.0004
vn 0.4581 -0.8889 0.0005
vn 0.8405 -0.5418 0.0026
vn -0.4596 0.2656 0.8474
vn -0.2831 0.4230 0.8607
vn -0.5034 0.7079 0.4954
vn -0.7537 0.4390 0.4889
vn 0.0123 0.0092 0.9999
vn 0.0160 0.0015 0.9998
vn -0.2472 0.4375 0.8645
vn -0.5898 0.8074 0.0115
vn -0.8649 0.5015 0.0178
vn -0.4468 0.7425 0.4990
vn -0.5231 0.7074 -0.4752
vn -0.7736 0.4384 -0.4575
vn -0.5265 0.8501 0.0103
vn -0.3179 0.4224 -0.8488
vn -0.4947 0.2647 -0.8278
vn -0.4664 0.7422 -0.4811
vn -0.0282 0.0088 -0.9995
vn -0.0802 0.0233 -0.9965
vn -0.2815 0.4374 -0.8540
vn 0.2551 -0.4223 -0.8698
vn 0.3710 -0.2270 -0.9004
vn -0.0238 0.0016 -0.9997
vn 0.4491 -0.7391 -0.5020
vn 0.7237 -0.4250 -0.5437
vn 0.2261 -0.4454 -0.8663
vn 0.5213 -0.8533 -0.0102
vn 0.8641 -0.5030 -0.0178
vn 0.3978 -0.7700 -0.4987
vn 0.4687 -0.7390 0.4838
vn 0.7457 -0.4247 0.5134
vn 0.4627 -0.8865 -0.0090
vn 0.2899 -0.4221 0.8589
vn 0.4082 -0.2263 0.8844
vn 0.4170 -0.7701 0.4827
vn -0.0385 0.0243 0.9989
vn 0.2601 -0.4456 0.8566
vn -0.9998 0.0024 0.0211
vn -0.8650 0.0038 0.5018
vn -0.8704 0.0802 0.4856
vn -0.9954 0.0933 0.0212
vn -0.8856 0.0035 -0.4645
vn -0.8904 0.0799 -0.4481
vn -0.5172 0.0439 0.8547
vn 0.0103 -0.0018 0.9999
vn -0.5351 0.0059 -0.8448
vn -0.5531 0.0433 -0.8320
vn -0.0216 0.0064 -0.9997
vn -0.0322 -0.0024 -0.9995
vn 0.4982 0.0039 -0.8670
vn 0.5029 -0.0369 -0.8635
vn 0.8649 0.0001 -0.5019
vn 0.8685 -0.0530 -0.4928
vn 0.9998 -0.0017 -0.0211
vn 0.9981 -0.0569 -0.0212
vn 0.8855 -0.0001 0.4646
vn 0.8887 -0.0527 0.4554
vn 0.5352 0.0036 0.8447
vn 0.5392 -0.0364 0.8414
vn 0.0220 0.0065 0.9997
vn -0.4980 0.0062 0.8671
vn -0.5016 0.0306 0.8645
vn 0.0327 0.0286 0.9991
vn -0.8694 0.0192 0.4938
vn -0.9997 0.0121 0.0201
vn -0.8892 0.0182 -0.4570
vn -0.5400 0.0300 -0.8411
vn -0.0136 0.0295 -0.9995
vn 0.5139 0.0103 -0.8578
vn 0.8719 -0.0129 -0.4895
vn 0.9995 -0.0233 -0.0200
vn 0.8913 -0.0145 0.4531
vn 0.5513 0.0083 0.8343
vn -0.3707 0.2644 0.8903
vn 0.0670 -0.0436 0.9968
vn 0.0606 0.0331 0.9976
vn -0.4931 0.1079 0.8632
vn -0.8660 0.1298 0.4829
vn -0.7030 0.4813 0.5236
vn -0.9913 0.1299 0.0194
vn -0.8277 0.5608 0.0216
vn -0.8854 0.1301 -0.4462
vn -0.7217 0.4933 -0.4855
vn -0.5328 0.1115 -0.8389
vn -0.4041 0.2867 -0.8686
vn 0.0132 0.0412 -0.9991
vn 0.0309 -0.0169 -0.9994
vn 0.5397 -0.0637 -0.8394
vn 0.4295 -0.3251 -0.8425
vn 0.8718 -0.1467 -0.4674
vn 0.6909 -0.5417 -0.4788
vn 0.9839 -0.1776 -0.0189
vn 0.7837 -0.6207 -0.0195
vn 0.8891 -0.1513 0.4320
vn 0.7050 -0.5536 0.4432
vn 0.5755 -0.0720 0.8146
vn 0.4570 -0.3474 0.8188
vn -0.0580 0.4935 0.8678
vn -0.0471 -0.0400 0.9981
vn -0.0317 -0.0856 0.9958
vn -0.1977 0.4246 0.8835
vn -0.2965 0.8035 0.5162
vn -0.0440 0.8662 0.4977
vn -0.3271 0.9447 0.0212
vn -0.0334 0.9992 0.0203
vn -0.3013 0.8248 -0.4784
vn -0.0426 0.8865 -0.4608
vn -0.2087 0.4629 -0.8615
vn -0.0575 0.5322 -0.8447
vn -0.0468 -0.0428 -0.9980
vn -0.0492 0.0058 -0.9987
vn 0.1338 -0.5205 -0.8433
vn -0.0128 -0.5160 -0.8564
vn 0.2649 -0.8373 -0.4782
vn 0.0262 -0.8713 -0.4899
vn 0.3131 -0.9495 -0.0195
vn 0.0429 -0.9989 -0.0200
vn 0.2722 -0.8544 0.4425
vn 0.0287 -0.8907 0.4537
vn 0.1472 -0.5538 0.8195
vn -0.0092 -0.5530 0.8331
vn -0.0125 0.4882 0.8726
vn -0.0164 -0.0233 0.9996
vn -0.0031 0.8597 0.5108
vn 0.0018 0.9998 0.0211
vn -0.0025 0.8807 -0.4736
vn -0.0118 0.5257 -0.8505
vn -0.0164 0.0207 -0.9996
vn -0.0117 -0.4896 -0.8718
vn -0.0029 -0.8598 -0.5106
vn 0.0015 -0.9998 -0.0211
vn -0.0023 -0.8808 0.4735
vn -0.0004 0.4826 0.8759
vn -0.0005 -0.0216 0.9998
vn -0.0110 -0.5270 0.8498
vn -0.0001 0.8559 0.5171
vn 0.0000 0.9998 0.0214
vn -0.0001 0.8773 -0.4799
vn -0.0003 0.5199 -0.8542
vn -0.0005 0.0216 -0.9998
vn -0.0004 -0.4826 -0.8759
vn -0.0001 -0.8559 -0.5171
vn 0.0000 -0.9998 -0.0215
vn -0.0001 -0.8773 0.4799
vn -0.0003 -0.5199 0.8542
vn 0.9942 0.1072 0.0000
vn 0.8075 0.5899 0.0000
vn 0.4043 0.9146 0.0000
vn -0.1072 0.9942 0.0000
vn -0.5899 0.8074 0.0000
vn -0.9146 0.4043 0.0000
vn -0.9942 -0.1072 0.0000
vn -0.8074 -0.5899 0.0000
vn -0.4043 -0.9146 0.0000
vn 0.1072 -0.9942 0.0000
vn 0.5899 -0.8075 0.0000
vn 0.9146 -0.4043 0.0000
vn 0.9881 -0.1538 0.0000
vn 0.7788 -0.6272 0.0000
vn 0.6272 0.7788 0.0000
vn 0.9326 0.3608 0.0000
vn 0.1538 0.9881 0.0000
vn -0.3608 0.9326 0.0000
vn -0.7788 0.6272 0.0000
vn -0.9881 0.1538 0.0000
vn -0.9326 -0.3608 0.0000
vn -0.6272 -0.7788 0.0000
vn -0.1538 -0.9881 0.0000
vn 0.3608 -0.9326 0.0000
s 1
f 807/999/783 867/1000/784 869/1001/785 808/1002/786
f 867/1003/784 868/1004/787 806/1005/788 795/1006/789
f 808/1002/786 869/1001/785 870/1007/790 809/1008/791
f 869/1001/785 867/1000/784 795/1009/789 796/1010/792
f 809/1008/791 870/1007/790 871/1011/793 810/1012/794
f 870/1007/790 869/1001/785 796/1010/792 797/1013/795
f 810/1012/794 871/1011/793 872/1014/796 811/1015/797
f 871/1011/793 870/1007/790 797/1013/795 798/1016/798
f 811/1015/797 872/1014/796 873/1017/799 812/1018/800
f 872/1014/796 871/1011/793 798/1016/798 799/1019/801
f 812/1018/800 873/1017/799 874/1020/802 813/1021/803
f 873/1017/799 872/1014/796 799/1019/801 800/1022/804
f 813/1021/803 874/1020/802 875/1023/805 814/1024/806
f 874/1020/802 873/1017/799 800/1022/804 801/1025/807
f 814/1024/806 875/1023/805 876/1026/808 815/1027/809
f 875/1023/805 874/1020/802 801/1025/807 802/1028/810
f 815/1027/809 876/1026/808 877/1029/811 816/1030/812
f 876/1026/808 875/1023/805 802/1028/810 803/1031/813
f 816/1030/812 877/1029/811 878/1032/814 817/1033/815
f 877/1029/811 876/1026/808 803/1031/813 804/1034/816
f 817/1033/815 878/1032/814 868/1004/787 818/1035/817
f 878/1032/814 877/1029/811 804/1034/816 805/1036/818
f 894/1037/819 893/1038/820 881/1039/821 882/1040/822
f 868/1004/787 878/1032/814 805/1036/818 806/1005/788
f 895/1041/823 894/1037/819 882/1040/822 883/1042/824
f 879/1043/825 880/1044/826 818/1035/817 807/1045/783
f 896/1046/827 895/1041/823 883/1042/824 884/1047/828
f 881/1039/821 879/1048/825 807/999/783 808/1002/786
f 897/1049/829 896/1046/827 884/1047/828 885/1050/830
f 882/1040/822 881/1039/821 808/1002/786 809/1008/791
f 898/1051/831 897/1049/829 885/1050/830 886/1052/832
f 883/1042/824 882/1040/822 809/1008/791 810/1012/794
f 899/1053/833 898/1051/831 886/1052/832 887/1054/834
f 884/1047/828 883/1042/824 810/1012/794 811/1015/797
f 900/1055/835 899/1053/833 887/1054/834 888/1056/836
f 885/1050/830 884/1047/828 811/1015/797 812/1018/800
f 901/1057/837 900/1055/835 888/1056/836 889/1058/838
f 886/1052/832 885/1050/830 812/1018/800 813/1021/803
f 902/1059/839 901/1057/837 889/1058/838 890/1060/840
f 887/1054/834 886/1052/832 813/1021/803 814/1024/806
f 892/1061/841 902/1059/839 890/1060/840 880/1044/826
f 888/1056/836 887/1054/834 814/1024/806 815/1027/809
f 889/1058/838 888/1056/836 815/1027/809 816/1030/812
f 890/1060/840 889/1058/838 816/1030/812 817/1033/815
f 880/1044/826 890/1060/840 817/1033/815 818/1035/817
f 891/1062/842 892/1061/841 880/1044/826 879/1043/825
f 819/1063/843 830/1064/844 892/1061/841 891/1062/842
f 819/1065/843 891/1066/842 893/1038/820 820/1067/845
f 820/1067/845 893/1038/820 894/1037/819 821/1068/846
f 821/1068/846 894/1037/819 895/1041/823 822/1069/847
f 822/1069/847 895/1041/823 896/1046/827 823/1070/848
f 823/1070/848 896/1046/827 897/1049/829 824/1071/849
f 824/1071/849 897/1049/829 898/1051/831 825/1072/850
f 825/1072/850 898/1051/831 899/1053/833 826/1073/851
f 826/1073/851 899/1053/833 900/1055/835 827/1074/852
f 827/1074/852 900/1055/835 901/1057/837 828/1075/853
f 828/1075/853 901/1057/837 902/1059/839 829/1076/854
f 829/1076/854 902/1059/839 892/1061/841 830/1064/844
f 831/1077/855 842/1078/856 904/1079/857 903/1080/858
f 831/1081/855 903/1082/858 905/1083/859 832/1084/860
f 903/1080/858 904/1079/857 830/1064/844 819/1063/843
f 832/1084/860 905/1083/859 906/1085/861 833/1086/862
f 905/1083/859 903/1082/858 819/1065/843 820/1067/845
f 833/1086/862 906/1085/861 907/1087/863 834/1088/864
f 906/1085/861 905/1083/859 820/1067/845 821/1068/846
f 834/1088/864 907/1087/863 908/1089/865 835/1090/866
f 907/1087/863 906/1085/861 821/1068/846 822/1069/847
f 835/1090/866 908/1089/865 909/1091/867 836/1092/868
f 908/1089/865 907/1087/863 822/1069/847 823/1070/848
f 836/1092/868 909/1091/867 910/1093/869 837/1094/870
f 909/1091/867 908/1089/865 823/1070/848 824/1071/849
f 837/1094/870 910/1093/869 911/1095/871 838/1096/872
f 910/1093/869 909/1091/867 824/1071/849 825/1072/850
f 838/1096/872 911/1095/871 912/1097/873 839/1098/874
f 911/1095/871 910/1093/869 825/1072/850 826/1073/851
f 839/1098/874 912/1097/873 913/1099/875 840/1100/876
f 912/1097/873 911/1095/871 826/1073/851 827/1074/852
f 840/1100/876 913/1099/875 914/1101/877 841/1102/878
f 913/1099/875 912/1097/873 827/1074/852 828/1075/853
f 841/1102/878 914/1101/877 904/1079/857 842/1078/856
f 914/1101/877 913/1099/875 828/1075/853 829/1076/854
f 843/1103/879 854/1104/880 916/1105/881 915/1106/882
f 904/1079/857 914/1101/877 829/1076/854 830/1064/844
f 843/1107/879 915/1108/882 917/1109/883 844/1110/884
f 915/1106/882 916/1105/881 842/1078/856 831/1077/855
f 844/1110/884 917/1109/883 918/1111/885 845/1112/886
f 917/1109/883 915/1108/882 831/1081/855 832/1084/860
f 845/1112/886 918/1111/885 919/1113/887 846/1114/888
f 918/1111/885 917/1109/883 832/1084/860 833/1086/862
f 846/1114/888 919/1113/887 920/1115/889 847/1116/890
f 919/1113/887 918/1111/885 833/1086/862 834/1088/864
f 847/1116/890 920/1115/889 921/1117/891 848/1118/892
f 920/1115/889 919/1113/887 834/1088/864 835/1090/866
f 848/1118/892 921/1117/891 922/1119/893 849/1120/894
f 921/1117/891 920/1115/889 835/1090/866 836/1092/868
f 849/1120/894 922/1119/893 923/1121/895 850/1122/896
f 922/1119/893 921/1117/891 836/1092/868 837/1094/870
f 850/1122/896 923/1121/895 924/1123/897 851/1124/898
f 923/1121/895 922/1119/893 837/1094/870 838/1096/872
f 851/1124/898 924/1123/897 925/1125/899 852/1126/900
f 924/1123/897 923/1121/895 838/1096/872 839/1098/874
f 852/1126/900 925/1125/899 926/1127/901 853/1128/902
f 925/1125/899 924/1123/897 839/1098/874 840/1100/876
f 853/1128/902 926/1127/901 916/1105/881 854/1104/880
f 926/1127/901 925/1125/899 840/1100/876 841/1102/878
f 916/1105/881 926/1127/901 841/1102/878 842/1078/856
f 843/1107/879 844/1110/884 856/1129/903 855/1130/904
f 854/1104/880 843/1103/879 855/1131/904 866/1132/905
f 844/1110/884 845/1112/886 857/1133/906 856/1129/903
f 845/1112/886 846/1114/888 858/1134/907 857/1133/906
f 846/1114/888 847/1116/890 859/1135/908 858/1134/907
f 847/1116/890 848/1118/892 860/1136/909 859/1135/908
f 848/1118/892 849/1120/894 861/1137/910 860/1136/909
f 849/1120/894 850/1122/896 862/1138/911 861/1137/910
f 850/1122/896 851/1124/898 863/1139/912 862/1138/911
f 851/1124/898 852/1126/900 864/1140/913 863/1139/912
f 852/1126/900 853/1128/902 865/1141/914 864/1140/913
f 853/1128/902 854/1104/880 866/1132/905 865/1141/914
f 893/1038/820 891/1066/842 879/1048/825 881/1039/821
f 807/1045/783 818/1035/817 868/1004/787 867/1003/784
f 928/1142/915 934/1143/916 933/1144/917 927/1145/918
f 929/1146/919 935/1147/920 934/1143/916 928/1142/915
f 930/1148/921 936/1149/922 935/1147/920 929/1146/919
f 931/1150/923 937/1151/924 936/1149/922 930/1148/921
f 932/1152/925 938/1153/926 937/1151/924 931/1150/923
f 939/1154/927 944/1155/928 938/1153/926 933/1156/917
f 934/1143/916 940/1157/929 939/1158/927 933/1144/917
f 935/1147/920 941/1159/930 940/1157/929 934/1143/916
f 936/1149/922 942/1160/931 941/1159/930 935/1147/920
f 937/1151/924 943/1161/932 942/1160/931 936/1149/922
f 938/1153/926 944/1155/928 943/1161/932 937/1151/924
f 945/1162/933 950/1163/934 944/1155/928 939/1154/927
f 940/1157/929 946/1164/935 945/1165/933 939/1158/927
f 941/1159/930 947/1166/936 946/1164/935 940/1157/929
f 942/1160/931 948/1167/937 947/1166/936 941/1159/930
f 943/1161/932 949/1168/938 948/1167/937 942/1160/931
f 944/1155/928 950/1163/934 949/1168/938 943/1161/932
f 951/1169/939 956/1170/940 950/1163/934 945/1162/933
f 946/1164/935 952/1171/941 951/1172/939 945/1165/933
f 947/1166/936 953/1173/942 952/1171/941 946/1164/935
f 948/1167/937 954/1174/943 953/1173/942 947/1166/936
f 949/1168/938 955/1175/944 954/1174/943 948/1167/937
f 950/1163/934 956/1170/940 955/1175/944 949/1168/938
f 957/1176/945 962/1177/946 956/1170/940 951/1169/939
f 952/1171/941 958/1178/947 957/1179/945 951/1172/939
f 953/1173/942 959/1180/948 958/1178/947 952/1171/941
f 954/1174/943 960/1181/949 959/1180/948 953/1173/942
f 955/1175/944 961/1182/950 960/1181/949 954/1174/943
f 956/1170/940 962/1177/946 961/1182/950 955/1175/944
f 963/1183/951 968/1184/952 962/1177/946 957/1176/945
f 958/1178/947 964/1185/953 963/1186/951 957/1179/945
f 959/1180/948 965/1187/954 964/1185/953 958/1178/947
f 960/1181/949 966/1188/955 965/1187/954 959/1180/948
f 961/1182/950 967/1189/956 966/1188/955 960/1181/949
f 962/1177/946 968/1184/952 967/1189/956 961/1182/950
f 969/1190/957 974/1191/958 968/1184/952 963/1183/951
f 964/1185/953 970/1192/959 969/1193/957 963/1186/951
f 965/1187/954 971/1194/960 970/1192/959 964/1185/953
f 966/1188/955 972/1195/961 971/1194/960 965/1187/954
f 967/1189/956 973/1196/962 972/1195/961 966/1188/955
f 968/1184/952 974/1191/958 973/1196/962 967/1189/956
f 975/1197/963 980/1198/964 974/1191/958 969/1190/957
f 970/1192/959 976/1199/965 975/1200/963 969/1193/957
f 971/1194/960 977/1201/966 976/1199/965 970/1192/959
f 972/1195/961 978/1202/967 977/1201/966 971/1194/960
f 973/1196/962 979/1203/968 978/1202/967 972/1195/961
f 974/1191/958 980/1198/964 979/1203/968 973/1196/962
f 981/1204/969 986/1205/970 980/1198/964 975/1197/963
f 976/1199/965 982/1206/971 981/1207/969 975/1200/963
f 977/1201/966 983/1208/972 982/1206/971 976/1199/965
f 978/1202/967 984/1209/973 983/1208/972 977/1201/966
f 979/1203/968 985/1210/974 984/1209/973 978/1202/967
f 980/1198/964 986/1205/970 985/1210/974 979/1203/968
f 987/1211/975 992/1212/976 986/1205/970 981/1204/969
f 982/1206/971 988/1213/977 987/1214/975 981/1207/969
f 983/1208/972 989/1215/978 988/1213/977 982/1206/971
f 984/1209/973 990/1216/979 989/1215/978 983/1208/972
f 985/1210/974 991/1217/980 990/1216/979 984/1209/973
f 986/1205/970 992/1212/976 991/1217/980 985/1210/974
f 993/1218/981 998/1219/982 992/1212/976 987/1211/975
f 988/1213/977 994/1220/983 993/1221/981 987/1214/975
f 989/1215/978 995/1222/984 994/1220/983 988/1213/977
f 990/1216/979 996/1223/985 995/1222/984 989/1215/978
f 991/1217/980 997/1224/986 996/1223/985 990/1216/979
f 992/1212/976 998/1219/982 997/1224/986 991/1217/980
f 999/1225/987 1004/1226/988 998/1219/982 993/1218/981
f 994/1220/983 1000/1227/989 999/1228/987 993/1221/981
f 995/1222/984 1001/1229/990 1000/1227/989 994/1220/983
f 996/1223/985 1002/1230/991 1001/1229/990 995/1222/984
f 997/1224/986 1003/1231/992 1002/1230/991 996/1223/985
f 998/1219/982 1004/1226/988 1003/1231/992 997/1224/986
f 1005/1232/993 1010/1233/994 1004/1226/988 999/1225/987
f 1000/1227/989 1006/1234/995 1005/1235/993 999/1228/987
f 1001/1229/990 1007/1236/996 1006/1234/995 1000/1227/989
f 1002/1230/991 1008/1237/997 1007/1236/996 1001/1229/990
f 1003/1231/992 1009/1238/998 1008/1237/997 1002/1230/991
f 1004/1226/988 1010/1233/994 1009/1238/998 1003/1231/992
f 1011/1239/999 1016/1240/1000 1010/1233/994 1005/1232/993
f 1006/1234/995 1012/1241/1001 1011/1242/999 1005/1235/993
f 1007/1236/996 1013/1243/1002 1012/1241/1001 1006/1234/995
f 1008/1237/997 1014/1244/1003 1013/1243/1002 1007/1236/996
f 1009/1238/998 1015/1245/1004 1014/1244/1003 1008/1237/997
f 1010/1233/994 1016/1240/1000 1015/1245/1004 1009/1238/998
f 1017/1246/1005 1022/1247/1006 1016/1240/1000 1011/1239/999
f 1012/1241/1001 1018/1248/1007 1017/1249/1005 1011/1242/999
f 1013/1243/1002 1019/1250/1008 1018/1248/1007 1012/1241/1001
f 1014/1244/1003 1020/1251/1009 1019/1250/1008 1013/1243/1002
f 1015/1245/1004 1021/1252/1010 1020/1251/1009 1014/1244/1003
f 1016/1240/1000 1022/1247/1006 1021/1252/1010 1015/1245/1004
f 1023/1253/1011 1028/1254/1012 1022/1247/1006 1017/1246/1005
f 1018/1248/1007 1024/1255/1013 1023/1256/1011 1017/1249/1005
f 1019/1250/1008 1025/1257/1014 1024/1255/1013 1018/1248/1007
f 1020/1251/1009 1026/1258/1015 1025/1257/1014 1019/1250/1008
f 1021/1252/1010 1027/1259/1016 1026/1258/1015 1020/1251/1009
f 1022/1247/1006 1028/1254/1012 1027/1259/1016 1021/1252/1010
f 1029/1260/1017 1034/1261/1018 1028/1254/1012 1023/1253/1011
f 1024/1255/1013 1030/1262/1019 1029/1263/1017 1023/1256/1011
f 1025/1257/1014 1031/1264/1020 1030/1262/1019 1024/1255/1013
f 1026/1258/1015 1032/1265/1021 1031/1264/1020 1025/1257/1014
f 1027/1259/1016 1033/1266/1022 1032/1265/1021 1026/1258/1015
f 1028/1254/1012 1034/1261/1018 1033/1266/1022 1027/1259/1016
f 1035/1267/1023 1040/1268/1024 1034/1261/1018 1029/1260/1017
f 1030/1262/1019 1036/1269/1025 1035/1270/1023 1029/1263/1017
f 1031/1264/1020 1037/1271/1026 1036/1269/1025 1030/1262/1019
f 1032/1265/1021 1038/1272/1027 1037/1271/1026 1031/1264/1020
f 1033/1266/1022 1039/1273/1028 1038/1272/1027 1032/1265/1021
f 1034/1261/1018 1040/1268/1024 1039/1273/1028 1033/1266/1022
f 1041/1274/1029 1046/1275/1030 1040/1268/1024 1035/1267/1023
f 1036/1269/1025 1042/1276/1031 1041/1277/1029 1035/1270/1023
f 1037/1271/1026 1043/1278/1032 1042/1276/1031 1036/1269/1025
f 1038/1272/1027 1044/1279/1033 1043/1278/1032 1037/1271/1026
f 1039/1273/1028 1045/1280/1034 1044/1279/1033 1038/1272/1027
f 1040/1268/1024 1046/1275/1030 1045/1280/1034 1039/1273/1028
f 1047/1281/1035 1052/1282/1036 1046/1275/1030 1041/1274/1029
f 1042/1276/1031 1048/1283/1037 1047/1284/1035 1041/1277/1029
f 1043/1278/1032 1049/1285/1038 1048/1283/1037 1042/1276/1031
f 1044/1279/1033 1050/1286/1039 1049/1285/1038 1043/1278/1032
f 1045/1280/1034 1051/1287/1040 1050/1286/1039 1044/1279/1033
f 1046/1275/1030 1052/1282/1036 1051/1287/1040 1045/1280/1034
f 1053/1288/1041 1058/1289/1042 1052/1282/1036 1047/1281/1035
f 1048/1283/1037 1054/1290/1043 1053/1291/1041 1047/1284/1035
f 1049/1285/1038 1055/1292/1044 1054/1290/1043 1048/1283/1037
f 1050/1286/1039 1056/1293/1045 1055/1292/1044 1049/1285/1038
f 1051/1287/1040 1057/1294/1046 1056/1293/1045 1050/1286/1039
f 1052/1282/1036 1058/1289/1042 1057/1294/1046 1051/1287/1040
f 1059/1295/1047 1064/1296/1048 1058/1289/1042 1053/1288/1041
f 1054/1290/1043 1060/1297/1049 1059/1298/1047 1053/1291/1041
f 1055/1292/1044 1061/1299/1050 1060/1297/1049 1054/1290/1043
f 1056/1293/1045 1062/1300/1051 1061/1299/1050 1055/1292/1044
f 1057/1294/1046 1063/1301/1052 1062/1300/1051 1056/1293/1045
f 1058/1289/1042 1064/1296/1048 1063/1301/1052 1057/1294/1046
f 1065/1302/1053 1070/1303/1054 1064/1296/1048 1059/1295/1047
f 1060/1297/1049 1066/1304/1055 1065/1305/1053 1059/1298/1047
f 1061/1299/1050 1067/1306/1056 1066/1304/1055 1060/1297/1049
f 1062/1300/1051 1068/1307/1057 1067/1306/1056 1061/1299/1050
f 1063/1301/1052 1069/1308/1058 1068/1307/1057 1062/1300/1051
f 1064/1296/1048 1070/1303/1054 1069/1308/1058 1063/1301/1052
f 1071/1309/1059 1076/1310/1060 1070/1303/1054 1065/1302/1053
f 1066/1304/1055 1072/1311/1061 1071/1312/1059 1065/1305/1053
f 1067/1306/1056 1073/1313/1062 1072/1311/1061 1066/1304/1055
f 1068/1307/1057 1074/1314/1063 1073/1313/1062 1067/1306/1056
f 1069/1308/1058 1075/1315/1064 1074/1314/1063 1068/1307/1057
f 1070/1303/1054 1076/1310/1060 1075/1315/1064 1069/1308/1058
f 1077/1316/1065 1082/1317/1066 1076/1310/1060 1071/1309/1059
f 1072/1311/1061 1078/1318/1067 1077/1319/1065 1071/1312/1059
f 1073/1313/1062 1079/1320/1068 1078/1318/1067 1072/1311/1061
f 1074/1314/1063 1080/1321/1069 1079/1320/1068 1073/1313/1062
f 1075/1315/1064 1081/1322/1070 1080/1321/1069 1074/1314/1063
f 1076/1310/1060 1082/1317/1066 1081/1322/1070 1075/1315/1064
f 1083/1323/1071 1088/1324/1072 1082/1317/1066 1077/1316/1065
f 1078/1318/1067 1084/1325/1073 1083/1326/1071 1077/1319/1065
f 1079/1320/1068 1085/1327/1074 1084/1325/1073 1078/1318/1067
f 1080/1321/1069 1086/1328/1075 1085/1327/1074 1079/1320/1068
f 1081/1322/1070 1087/1329/1076 1086/1328/1075 1080/1321/1069
f 1082/1317/1066 1088/1324/1072 1087/1329/1076 1081/1322/1070
f 1089/1330/1077 1094/1331/1078 1088/1324/1072 1083/1323/1071
f 1084/1325/1073 1090/1332/1079 1089/1333/1077 1083/1326/1071
f 1085/1327/1074 1091/1334/1080 1090/1332/1079 1084/1325/1073
f 1086/1328/1075 1092/1335/1081 1091/1334/1080 1085/1327/1074
f 1087/1329/1076 1093/1336/1082 1092/1335/1081 1086/1328/1075
f 1088/1324/1072 1094/1331/1078 1093/1336/1082 1087/1329/1076
f 1095/1337/1083 1100/1338/1084 1094/1331/1078 1089/1330/1077
f 1090/1332/1079 1096/1339/1085 1095/1340/1083 1089/1333/1077
f 1091/1334/1080 1097/1341/1086 1096/1339/1085 1090/1332/1079
f 1092/1335/1081 1098/1342/1087 1097/1341/1086 1091/1334/1080
f 1093/1336/1082 1099/1343/1088 1098/1342/1087 1092/1335/1081
f 1094/1331/1078 1100/1338/1084 1099/1343/1088 1093/1336/1082
f 1101/1344/1089 1106/1345/1090 1100/1338/1084 1095/1337/1083
f 1096/1339/1085 1102/1346/1091 1101/1347/1089 1095/1340/1083
f 1097/1341/1086 1103/1348/1092 1102/1346/1091 1096/1339/1085
f 1098/1342/1087 1104/1349/1093 1103/1348/1092 1097/1341/1086
f 1099/1343/1088 1105/1350/1094 1104/1349/1093 1098/1342/1087
f 1100/1338/1084 1106/1345/1090 1105/1350/1094 1099/1343/1088
f 1107/1351/1095 1112/1352/1096 1106/1345/1090 1101/1344/1089
f 1102/1346/1091 1108/1353/1097 1107/1354/1095 1101/1347/1089
f 1103/1348/1092 1109/1355/1098 1108/1353/1097 1102/1346/1091
f 1104/1349/1093 1110/1356/1099 1109/1355/1098 1103/1348/1092
f 1105/1350/1094 1111/1357/1100 1110/1356/1099 1104/1349/1093
f 1106/1345/1090 1112/1352/1096 1111/1357/1100 1105/1350/1094
f 1113/1358/1101 1118/1359/1102 1112/1352/1096 1107/1351/1095
f 1108/1353/1097 1114/1360/1103 1113/1361/1101 1107/1354/1095
f 1109/1355/1098 1115/1362/1104 1114/1360/1103 1108/1353/1097
f 1110/1356/1099 1116/1363/1105 1115/1362/1104 1109/1355/1098
f 1111/1357/1100 1117/1364/1106 1116/1363/1105 1110/1356/1099
f 1112/1352/1096 1118/1359/1102 1117/1364/1106 1111/1357/1100
f 927/1365/918 932/1366/925 1118/1359/1102 1113/1358/1101
f 1114/1360/1103 928/1367/915 927/1368/918 1113/1361/1101
f 1115/1362/1104 929/1369/919 928/1367/915 1114/1360/1103
f 1116/1363/1105 930/1370/921 929/1369/919 1115/1362/1104
f 1117/1364/1106 931/1371/923 930/1370/921 1116/1363/1105
f 1118/1359/1102 932/1366/925 931/1371/923 1117/1364/1106
f 1120/1372/1107 1126/1373/1108 1125/1374/1109 1119/1375/1110
f 1121/1376/1111 1127/1377/1112 1126/1373/1108 1120/1372/1107
f 1122/1378/1113 1128/1379/1114 1127/1377/1112 1121/1376/1111
f 1123/1380/1115 1129/1381/1116 1128/1379/1114 1122/1378/1113
f 1124/1382/1117 1130/1383/1118 1129/1381/1116 1123/1380/1115
f 1125/1374/1109 1131/1384/1119 1136/1385/1120 1130/1383/1118
f 1126/1373/1108 1132/1386/1121 1131/1384/1119 1125/1374/1109
f 1127/1377/1112 1133/1387/1122 1132/1386/1121 1126/1373/1108
f 1128/1379/1114 1134/1388/1123 1133/1387/1122 1127/1377/1112
f 1129/1381/1116 1135/1389/1124 1134/1388/1123 1128/1379/1114
f 1130/1383/1118 1136/1385/1120 1135/1389/1124 1129/1381/1116
f 1131/1384/1119 1137/1390/1125 1142/1391/1126 1136/1385/1120
f 1132/1386/1121 1138/1392/1127 1137/1390/1125 1131/1384/1119
f 1133/1387/1122 1139/1393/1128 1138/1392/1127 1132/1386/1121
f 1134/1388/1123 1140/1394/1129 1139/1393/1128 1133/1387/1122
f 1135/1389/1124 1141/1395/1130 1140/1394/1129 1134/1388/1123
f 1136/1385/1120 1142/1391/1126 1141/1395/1130 1135/1389/1124
f 1137/1390/1125 1143/1396/1131 1148/1397/1132 1142/1391/1126
f 1138/1392/1127 1144/1398/1133 1143/1396/1131 1137/1390/1125
f 1139/1393/1128 1145/1399/1134 1144/1398/1133 1138/1392/1127
f 1140/1394/1129 1146/1400/1135 1145/1399/1134 1139/1393/1128
f 1141/1395/1130 1147/1401/1136 1146/1400/1135 1140/1394/1129
f 1142/1391/1126 1148/1397/1132 1147/1401/1136 1141/1395/1130
f 1143/1396/1131 1149/1402/1137 1154/1403/1138 1148/1397/1132
f 1144/1398/1133 1150/1404/1139 1149/1402/1137 1143/1396/1131
f 1145/1399/1134 1151/1405/1140 1150/1404/1139 1144/1398/1133
f 1146/1400/1135 1152/1406/1141 1151/1405/1140 1145/1399/1134
f 1147/1401/1136 1153/1407/1142 1152/1406/1141 1146/1400/1135
f 1148/1397/1132 1154/1403/1138 1153/1407/1142 1147/1401/1136
f 1149/1402/1137 1155/1408/1143 1160/1409/1144 1154/1403/1138
f 1150/1404/1139 1156/1410/1145 1155/1408/1143 1149/1402/1137
f 1151/1405/1140 1157/1411/1146 1156/1410/1145 1150/1404/1139
f 1152/1406/1141 1158/1412/1147 1157/1411/1146 1151/1405/1140
f 1153/1407/1142 1159/1413/1148 1158/1412/1147 1152/1406/1141
f 1154/1403/1138 1160/1409/1144 1159/1413/1148 1153/1407/1142
f 1155/1408/1143 1161/1414/1149 1166/1415/1150 1160/1409/1144
f 1156/1410/1145 1162/1416/1151 1161/1414/1149 1155/1408/1143
f 1157/1411/1146 1163/1417/1152 1162/1416/1151 1156/1410/1145
f 1158/1412/1147 1164/1418/1153 1163/1417/1152 1157/1411/1146
f 1159/1413/1148 1165/1419/1154 1164/1418/1153 1158/1412/1147
f 1160/1409/1144 1166/1415/1150 1165/1419/1154 1159/1413/1148
f 1161/1414/1149 1167/1420/1155 1172/1421/1156 1166/1415/1150
f 1162/1416/1151 1168/1422/1157 1167/1420/1155 1161/1414/1149
f 1163/1417/1152 1169/1423/1158 1168/1422/1157 1162/1416/1151
f 1164/1418/1153 1170/1424/1159 1169/1423/1158 1163/1417/1152
f 1165/1419/1154 1171/1425/1160 1170/1424/1159 1164/1418/1153
f 1166/1415/1150 1172/1421/1156 1171/1425/1160 1165/1419/1154
f 1167/1420/1155 1173/1426/1161 1178/1427/1162 1172/1421/1156
f 1168/1422/1157 1174/1428/1163 1173/1426/1161 1167/1420/1155
f 1169/1423/1158 1175/1429/1164 1174/1428/1163 1168/1422/1157
f 1170/1424/1159 1176/1430/1165 1175/1429/1164 1169/1423/1158
f 1171/1425/1160 1177/1431/1166 1176/1430/1165 1170/1424/1159
f 1172/1421/1156 1178/1427/1162 1177/1431/1166 1171/1425/1160
f 1173/1426/1161 1179/1432/1167 1184/1433/1168 1178/1427/1162
f 1174/1428/1163 1180/1434/1169 1179/1432/1167 1173/1426/1161
f 1175/1429/1164 1181/1435/1170 1180/1434/1169 1174/1428/1163
f 1176/1430/1165 1182/1436/1171 1181/1435/1170 1175/1429/1164
f 1177/1431/1166 1183/1437/1172 1182/1436/1171 1176/1430/1165
f 1178/1427/1162 1184/1433/1168 1183/1437/1172 1177/1431/1166
f 1179/1432/1167 1185/1438/1173 1190/1439/1174 1184/1433/1168
f 1180/1434/1169 1186/1440/1175 1185/1438/1173 1179/1432/1167
f 1181/1435/1170 1187/1441/1176 1186/1440/1175 1180/1434/1169
f 1182/1436/1171 1188/1442/1177 1187/1441/1176 1181/1435/1170
f 1183/1437/1172 1189/1443/1178 1188/1442/1177 1182/1436/1171
f 1184/1433/1168 1190/1439/1174 1189/1443/1178 1183/1437/1172
f 1185/1438/1173 1191/1444/1179 1196/1445/1180 1190/1439/1174
f 1186/1440/1175 1192/1446/1181 1191/1444/1179 1185/1438/1173
f 1187/1441/1176 1193/1447/1182 1192/1446/1181 1186/1440/1175
f 1188/1442/1177 1194/1448/1183 1193/1447/1182 1187/1441/1176
f 1189/1443/1178 1195/1449/1184 1194/1448/1183 1188/1442/1177
f 1190/1439/1174 1196/1445/1180 1195/1449/1184 1189/1443/1178
f 1191/1444/1179 1197/1450/1185 1202/1451/1186 1196/1445/1180
f 1192/1446/1181 1198/1452/1187 1197/1450/1185 1191/1444/1179
f 1193/1447/1182 1199/1453/1188 1198/1452/1187 1192/1446/1181
f 1194/1448/1183 1200/1454/1189 1199/1453/1188 1193/1447/1182
f 1195/1449/1184 1201/1455/1190 1200/1454/1189 1194/1448/1183
f 1196/1445/1180 1202/1451/1186 1201/1455/1190 1195/1449/1184
f 1197/1450/1185 1203/1456/1191 1208/1457/1192 1202/1451/1186
f 1198/1452/1187 1204/1458/1193 1203/1456/1191 1197/1450/1185
f 1199/1453/1188 1205/1459/1194 1204/1458/1193 1198/1452/1187
f 1200/1454/1189 1206/1460/1195 1205/1459/1194 1199/1453/1188
f 1201/1455/1190 1207/1461/1196 1206/1460/1195 1200/1454/1189
f 1202/1451/1186 1208/1457/1192 1207/1461/1196 1201/1455/1190
f 1203/1456/1191 1209/1462/1197 1214/1463/1198 1208/1457/1192
f 1204/1458/1193 1210/1464/1199 1209/1462/1197 1203/1456/1191
f 1205/1459/1194 1211/1465/1200 1210/1464/1199 1204/1458/1193
f 1206/1460/1195 1212/1466/1201 1211/1465/1200 1205/1459/1194
f 1207/1461/1196 1213/1467/1202 1212/1466/1201 1206/1460/1195
f 1208/1457/1192 1214/1463/1198 1213/1467/1202 1207/1461/1196
f 1209/1462/1197 1215/1468/1203 1220/1469/1111 1214/1463/1198
f 1210/1464/1199 1216/1470/1204 1215/1468/1203 1209/1462/1197
f 1211/1465/1200 1217/1471/1117 1216/1470/1204 1210/1464/1199
f 1212/1466/1201 1218/1472/1205 1217/1471/1117 1211/1465/1200
f 1213/1467/1202 1219/1473/1206 1218/1472/1205 1212/1466/1201
f 1214/1463/1198 1220/1469/1111 1219/1473/1206 1213/1467/1202
f 1215/1468/1203 1221/1474/1207 1226/1475/1112 1220/1469/1111
f 1216/1470/1204 1222/1476/1208 1221/1474/1207 1215/1468/1203
f 1217/1471/1117 1223/1477/1118 1222/1476/1208 1216/1470/1204
f 1218/1472/1205 1224/1478/1209 1223/1477/1118 1217/1471/1117
f 1219/1473/1206 1225/1479/1210 1224/1478/1209 1218/1472/1205
f 1220/1469/1111 1226/1475/1112 1225/1479/1210 1219/1473/1206
f 1221/1474/1207 1227/1480/1211 1232/1481/1122 1226/1475/1112
f 1222/1476/1208 1228/1482/1212 1227/1480/1211 1221/1474/1207
f 1223/1477/1118 1229/1483/1120 1228/1482/1212 1222/1476/1208
f 1224/1478/1209 1230/1484/1213 1229/1483/1120 1223/1477/1118
f 1225/1479/1210 1231/1485/1214 1230/1484/1213 1224/1478/1209
f 1226/1475/1112 1232/1481/1122 1231/1485/1214 1225/1479/1210
f 1227/1480/1211 1233/1486/1215 1238/1487/1128 1232/1481/1122
f 1228/1482/1212 1234/1488/1216 1233/1486/1215 1227/1480/1211
f 1229/1483/1120 1235/1489/1126 1234/1488/1216 1228/1482/1212
f 1230/1484/1213 1236/1490/1217 1235/1489/1126 1229/1483/1120
f 1231/1485/1214 1237/1491/1218 1236/1490/1217 1230/1484/1213
f 1232/1481/1122 1238/1487/1128 1237/1491/1218 1231/1485/1214
f 1233/1486/1215 1239/1492/1219 1244/1493/1134 1238/1487/1128
f 1234/1488/1216 1240/1494/1220 1239/1492/1219 1233/1486/1215
f 1235/1489/1126 1241/1495/1132 1240/1494/1220 1234/1488/1216
f 1236/1490/1217 1242/1496/1221 1241/1495/1132 1235/1489/1126
f 1237/1491/1218 1243/1497/1222 1242/1496/1221 1236/1490/1217
f 1238/1487/1128 1244/1493/1134 1243/1497/1222 1237/1491/1218
f 1239/1492/1219 1245/1498/1223 1250/1499/1140 1244/1493/1134
f 1240/1494/1220 1246/1500/1224 1245/1498/1223 1239/1492/1219
f 1241/1495/1132 1247/1501/1138 1246/1500/1224 1240/1494/1220
f 1242/1496/1221 1248/1502/1225 1247/1501/1138 1241/1495/1132
f 1243/1497/1222 1249/1503/1226 1248/1502/1225 1242/1496/1221
f 1244/1493/1134 1250/1499/1140 1249/1503/1226 1243/1497/1222
f 1245/1498/1223 1251/1504/1227 1256/1505/1146 1250/1499/1140
f 1246/1500/1224 1252/1506/1228 1251/1504/1227 1245/1498/1223
f 1247/1501/1138 1253/1507/1144 1252/1506/1228 1246/1500/1224
f 1248/1502/1225 1254/1508/1229 1253/1507/1144 1247/1501/1138
f 1249/1503/1226 1255/1509/1230 1254/1508/1229 1248/1502/1225
f 1250/1499/1140 1256/1505/1146 1255/1509/1230 1249/1503/1226
f 1251/1504/1227 1257/1510/1231 1262/1511/1152 1256/1505/1146
f 1252/1506/1228 1258/1512/1232 1257/1510/1231 1251/1504/1227
f 1253/1507/1144 1259/1513/1150 1258/1512/1232 1252/1506/1228
f 1254/1508/1229 1260/1514/1233 1259/1513/1150 1253/1507/1144
f 1255/1509/1230 1261/1515/1234 1260/1514/1233 1254/1508/1229
f 1256/1505/1146 1262/1511/1152 1261/1515/1234 1255/1509/1230
f 1257/1510/1231 1263/1516/1235 1268/1517/1158 1262/1511/1152
f 1258/1512/1232 1264/1518/1236 1263/1516/1235 1257/1510/1231
f 1259/1513/1150 1265/1519/1156 1264/1518/1236 1258/1512/1232
f 1260/1514/1233 1266/1520/1237 1265/1519/1156 1259/1513/1150
f 1261/1515/1234 1267/1521/1238 1266/1520/1237 1260/1514/1233
f 1262/1511/1152 1268/1517/1158 1267/1521/1238 1261/1515/1234
f 1263/1516/1235 1269/1522/1239 1274/1523/1164 1268/1517/1158
f 1264/1518/1236 1270/1524/1240 1269/1522/1239 1263/1516/1235
f 1265/1519/1156 1271/1525/1162 1270/1524/1240 1264/1518/1236
f 1266/1520/1237 1272/1526/1241 1271/1525/1162 1265/1519/1156
f 1267/1521/1238 1273/1527/1242 1272/1526/1241 1266/1520/1237
f 1268/1517/1158 1274/1523/1164 1273/1527/1242 1267/1521/1238
f 1269/1522/1239 1275/1528/1243 1280/1529/1170 1274/1523/1164
f 1270/1524/1240 1276/1530/1244 1275/1528/1243 1269/1522/1239
f 1271/1525/1162 1277/1531/1168 1276/1530/1244 1270/1524/1240
f 1272/1526/1241 1278/1532/1245 1277/1531/1168 1271/1525/1162
f 1273/1527/1242 1279/1533/1246 1278/1532/1245 1272/1526/1241
f 1274/1523/1164 1280/1529/1170 1279/1533/1246 1273/1527/1242
f 1275/1528/1243 1281/1534/1247 1286/1535/1176 1280/1529/1170
f 1276/1530/1244 1282/1536/1248 1281/1534/1247 1275/1528/1243
f 1277/1531/1168 1283/1537/1174 1282/1536/1248 1276/1530/1244
f 1278/1532/1245 1284/1538/1249 1283/1537/1174 1277/1531/1168
f 1279/1533/1246 1285/1539/1250 1284/1538/1249 1278/1532/1245
f 1280/1529/1170 1286/1535/1176 1285/1539/1250 1279/1533/1246
f 1281/1534/1247 1287/1540/1251 1292/1541/1182 1286/1535/1176
f 1282/1536/1248 1288/1542/1252 1287/1540/1251 1281/1534/1247
f 1283/1537/1174 1289/1543/1180 1288/1542/1252 1282/1536/1248
f 1284/1538/1249 1290/1544/1253 1289/1543/1180 1283/1537/1174
f 1285/1539/1250 1291/1545/1254 1290/1544/1253 1284/1538/1249
f 1286/1535/1176 1292/1541/1182 1291/1545/1254 1285/1539/1250
f 1287/1540/1251 1293/1546/1255 1298/1547/1188 1292/1541/1182
f 1288/1542/1252 1294/1548/1256 1293/1546/1255 1287/1540/1251
f 1289/1543/1180 1295/1549/1186 1294/1548/1256 1288/1542/1252
f 1290/1544/1253 1296/1550/1257 1295/1549/1186 1289/1543/1180
f 1291/1545/1254 1297/1551/1258 1296/1550/1257 1290/1544/1253
f 1292/1541/1182 1298/1547/1188 1297/1551/1258 1291/1545/1254
f 1293/1546/1255 1299/1552/1259 1304/1553/1194 1298/1547/1188
f 1294/1548/1256 1300/1554/1260 1299/1552/1259 1293/1546/1255
f 1295/1549/1186 1301/1555/1192 1300/1554/1260 1294/1548/1256
f 1296/1550/1257 1302/1556/1261 1301/1555/1192 1295/1549/1186
f 1297/1551/1258 1303/1557/1262 1302/1556/1261 1296/1550/1257
f 1298/1547/1188 1304/1553/1194 1303/1557/1262 1297/1551/1258
f 1299/1552/1259 1305/1558/1263 1310/1559/1200 1304/1553/1194
f 1300/1554/1260 1306/1560/1264 1305/1558/1263 1299/1552/1259
f 1301/1555/1192 1307/1561/1198 1306/1560/1264 1300/1554/1260
f 1302/1556/1261 1308/1562/1265 1307/1561/1198 1301/1555/1192
f 1303/1557/1262 1309/1563/1266 1308/1562/1265 1302/1556/1261
f 1304/1553/1194 1310/1559/1200 1309/1563/1266 1303/1557/1262
f 1305/1558/1263 1119/1564/1110 1124/1565/1117 1310/1559/1200
f 1306/1560/1264 1120/1566/1107 1119/1564/1110 1305/1558/1263
f 1307/1561/1198 1121/1567/1111 1120/1566/1107 1306/1560/1264
f 1308/1562/1265 1122/1568/1113 1121/1567/1111 1307/1561/1198
f 1309/1563/1266 1123/1569/1115 1122/1568/1113 1308/1562/1265
f 1310/1559/1200 1124/1565/1117 1123/1569/1115 1309/1563/1266
f 933/1156/917 938/1153/926 932/1152/925 927/1570/918
f 1119/1375/1110 1125/1374/1109 1130/1383/1118 1124/1382/1117
f 1314/1571/1267 1590/1572/1268 1589/1573/1269 1313/1574/1270
f 1322/1575/1271 1598/1576/1272 1597/1577/1273 1321/1578/1274
f 1577/1579/1275 1576/1580/1276 1840/1581/1277 1841/1582/1278
f 1315/1583/1279 1591/1584/1280 1590/1572/1268 1314/1571/1267
f 1316/1585/1281 1592/1586/1282 1591/1584/1280 1315/1583/1279
f 1317/1587/1283 1593/1588/1284 1592/1586/1282 1316/1585/1281
f 1318/1589/1285 1594/1590/1286 1593/1588/1284 1317/1587/1283
f 1319/1591/1287 1595/1592/1288 1594/1590/1286 1318/1589/1285
f 1320/1593/1289 1596/1594/1290 1595/1592/1288 1319/1591/1287
f 1321/1578/1274 1597/1577/1273 1596/1594/1290 1320/1593/1289
f 1587/1595/1291 1598/1576/1272 1322/1575/1271 1311/1596/1292
f 1576/1580/1276 1575/1597/1293 1839/1598/1294 1840/1581/1277
f 1588/1599/1295 1324/1600/1296 1323/1601/1297 1587/1595/1291
f 1323/1601/1297 1334/1602/1298 1598/1576/1272 1587/1595/1291
f 1589/1573/1269 1325/1603/1299 1324/1600/1296 1588/1599/1295
f 1590/1572/1268 1326/1604/1300 1325/1603/1299 1589/1573/1269
f 1591/1584/1280 1327/1605/1301 1326/1604/1300 1590/1572/1268
f 1592/1586/1282 1328/1606/1302 1327/1605/1301 1591/1584/1280
f 1593/1588/1284 1329/1607/1303 1328/1606/1302 1592/1586/1282
f 1594/1590/1286 1330/1608/1304 1329/1607/1303 1593/1588/1284
f 1595/1592/1288 1331/1609/1305 1330/1608/1304 1594/1590/1286
f 1596/1594/1290 1332/1610/1306 1331/1609/1305 1595/1592/1288
f 1597/1577/1273 1333/1611/1307 1332/1610/1306 1596/1594/1290
f 1598/1576/1272 1334/1602/1298 1333/1611/1307 1597/1577/1273
f 1324/1600/1296 1600/1612/1308 1599/1613/1309 1323/1601/1297
f 1600/1612/1308 1336/1614/1310 1335/1615/1311 1599/1613/1309
f 1599/1613/1309 1610/1616/1312 1334/1602/1298 1323/1601/1297
f 1325/1603/1299 1601/1617/1313 1600/1612/1308 1324/1600/1296
f 1335/1615/1311 1346/1618/1314 1610/1616/1312 1599/1613/1309
f 1601/1617/1313 1337/1619/1315 1336/1614/1310 1600/1612/1308
f 1326/1604/1300 1602/1620/1316 1601/1617/1313 1325/1603/1299
f 1602/1620/1316 1338/1621/1317 1337/1619/1315 1601/1617/1313
f 1327/1605/1301 1603/1622/1318 1602/1620/1316 1326/1604/1300
f 1603/1622/1318 1339/1623/1319 1338/1621/1317 1602/1620/1316
f 1328/1606/1302 1604/1624/1320 1603/1622/1318 1327/1605/1301
f 1604/1624/1320 1340/1625/1321 1339/1623/1319 1603/1622/1318
f 1329/1607/1303 1605/1626/1322 1604/1624/1320 1328/1606/1302
f 1605/1626/1322 1341/1627/1323 1340/1625/1321 1604/1624/1320
f 1330/1608/1304 1606/1628/1324 1605/1626/1322 1329/1607/1303
f 1606/1628/1324 1342/1629/1325 1341/1627/1323 1605/1626/1322
f 1331/1609/1305 1607/1630/1326 1606/1628/1324 1330/1608/1304
f 1607/1630/1326 1343/1631/1327 1342/1629/1325 1606/1628/1324
f 1332/1610/1306 1608/1632/1328 1607/1630/1326 1331/1609/1305
f 1608/1632/1328 1344/1633/1329 1343/1631/1327 1607/1630/1326
f 1333/1611/1307 1609/1634/1330 1608/1632/1328 1332/1610/1306
f 1609/1634/1330 1345/1635/1331 1344/1633/1329 1608/1632/1328
f 1334/1602/1298 1610/1616/1312 1609/1634/1330 1333/1611/1307
f 1610/1616/1312 1346/1618/1314 1345/1635/1331 1609/1634/1330
f 1336/1614/1310 1612/1636/1332 1611/1637/1333 1335/1615/1311
f 1612/1636/1332 1348/1638/1334 1347/1639/1335 1611/1637/1333
f 1611/1637/1333 1622/1640/1336 1346/1618/1314 1335/1615/1311
f 1337/1619/1315 1613/1641/1337 1612/1636/1332 1336/1614/1310
f 1347/1639/1335 1358/1642/1338 1622/1640/1336 1611/1637/1333
f 1613/1641/1337 1349/1643/1339 1348/1638/1334 1612/1636/1332
f 1338/1621/1317 1614/1644/1340 1613/1641/1337 1337/1619/1315
f 1614/1644/1340 1350/1645/1341 1349/1643/1339 1613/1641/1337
f 1339/1623/1319 1615/1646/1342 1614/1644/1340 1338/1621/1317
f 1615/1646/1342 1351/1647/1343 1350/1645/1341 1614/1644/1340
f 1340/1625/1321 1616/1648/1344 1615/1646/1342 1339/1623/1319
f 1616/1648/1344 1352/1649/1345 1351/1647/1343 1615/1646/1342
f 1341/1627/1323 1617/1650/1346 1616/1648/1344 1340/1625/1321
f 1617/1650/1346 1353/1651/1347 1352/1649/1345 1616/1648/1344
f 1342/1629/1325 1618/1652/1348 1617/1650/1346 1341/1627/1323
f 1618/1652/1348 1354/1653/1349 1353/1651/1347 1617/1650/1346
f 1343/1631/1327 1619/1654/1350 1618/1652/1348 1342/1629/1325
f 1619/1654/1350 1355/1655/1351 1354/1653/1349 1618/1652/1348
f 1344/1633/1329 1620/1656/1352 1619/1654/1350 1343/1631/1327
f 1620/1656/1352 1356/1657/1353 1355/1655/1351 1619/1654/1350
f 1345/1635/1331 1621/1658/1354 1620/1656/1352 1344/1633/1329
f 1621/1658/1354 1357/1659/1355 1356/1657/1353 1620/1656/1352
f 1346/1618/1314 1622/1640/1336 1621/1658/1354 1345/1635/1331
f 1622/1640/1336 1358/1642/1338 1357/1659/1355 1621/1658/1354
f 1348/1638/1334 1624/1660/1356 1623/1661/1357 1347/1639/1335
f 1624/1660/1356 1360/1662/1358 1359/1663/1359 1623/1661/1357
f 1623/1661/1357 1634/1664/1360 1358/1642/1338 1347/1639/1335
f 1349/1643/1339 1625/1665/1361 1624/1660/1356 1348/1638/1334
f 1359/1663/1359 1370/1666/1362 1634/1664/1360 1623/1661/1357
f 1625/1665/1361 1361/1667/1363 1360/1662/1358 1624/1660/1356
f 1350/1645/1341 1626/1668/1364 1625/1665/1361 1349/1643/1339
f 1626/1668/1364 1362/1669/1365 1361/1667/1363 1625/1665/1361
f 1351/1647/1343 1627/1670/1366 1626/1668/1364 1350/1645/1341
f 1627/1670/1366 1363/1671/1367 1362/1669/1365 1626/1668/1364
f 1352/1649/1345 1628/1672/1368 1627/1670/1366 1351/1647/1343
f 1628/1672/1368 1364/1673/1369 1363/1671/1367 1627/1670/1366
f 1353/1651/1347 1629/1674/1370 1628/1672/1368 1352/1649/1345
f 1629/1674/1370 1365/1675/1371 1364/1673/1369 1628/1672/1368
f 1354/1653/1349 1630/1676/1372 1629/1674/1370 1353/1651/1347
f 1630/1676/1372 1366/1677/1373 1365/1675/1371 1629/1674/1370
f 1355/1655/1351 1631/1678/1374 1630/1676/1372 1354/1653/1349
f 1631/1678/1374 1367/1679/1375 1366/1677/1373 1630/1676/1372
f 1356/1657/1353 1632/1680/1376 1631/1678/1374 1355/1655/1351
f 1632/1680/1376 1368/1681/1377 1367/1679/1375 1631/1678/1374
f 1357/1659/1355 1633/1682/1378 1632/1680/1376 1356/1657/1353
f 1633/1682/1378 1369/1683/1379 1368/1681/1377 1632/1680/1376
f 1358/1642/1338 1634/1664/1360 1633/1682/1378 1357/1659/1355
f 1634/1664/1360 1370/1666/1362 1369/1683/1379 1633/1682/1378
f 1360/1662/1358 1636/1684/1380 1635/1685/1381 1359/1663/1359
f 1636/1684/1380 1372/1686/1382 1371/1687/1383 1635/1685/1381
f 1635/1685/1381 1646/1688/1384 1370/1666/1362 1359/1663/1359
f 1361/1667/1363 1637/1689/1385 1636/1684/1380 1360/1662/1358
f 1371/1687/1383 1382/1690/1386 1646/1688/1384 1635/1685/1381
f 1637/1689/1385 1373/1691/1387 1372/1686/1382 1636/1684/1380
f 1362/1669/1365 1638/1692/1388 1637/1689/1385 1361/1667/1363
f 1638/1692/1388 1374/1693/1389 1373/1691/1387 1637/1689/1385
f 1363/1671/1367 1639/1694/1390 1638/1692/1388 1362/1669/1365
f 1639/1694/1390 1375/1695/1391 1374/1693/1389 1638/1692/1388
f 1364/1673/1369 1640/1696/1392 1639/1694/1390 1363/1671/1367
f 1640/1696/1392 1376/1697/1393 1375/1695/1391 1639/1694/1390
f 1365/1675/1371 1641/1698/1394 1640/1696/1392 1364/1673/1369
f 1641/1698/1394 1377/1699/1395 1376/1697/1393 1640/1696/1392
f 1366/1677/1373 1642/1700/1396 1641/1698/1394 1365/1675/1371
f 1642/1700/1396 1378/1701/1397 1377/1699/1395 1641/1698/1394
f 1367/1679/1375 1643/1702/1398 1642/1700/1396 1366/1677/1373
f 1643/1702/1398 1379/1703/1399 1378/1701/1397 1642/1700/1396
f 1368/1681/1377 1644/1704/1400 1643/1702/1398 1367/1679/1375
f 1644/1704/1400 1380/1705/1401 1379/1703/1399 1643/1702/1398
f 1369/1683/1379 1645/1706/1402 1644/1704/1400 1368/1681/1377
f 1645/1706/1402 1381/1707/1403 1380/1705/1401 1644/1704/1400
f 1370/1666/1362 1646/1688/1384 1645/1706/1402 1369/1683/1379
f 1646/1688/1384 1382/1690/1386 1381/1707/1403 1645/1706/1402
f 1372/1686/1382 1648/1708/1404 1647/1709/1405 1371/1687/1383
f 1648/1708/1404 1384/1710/1406 1383/1711/1407 1647/1709/1405
f 1647/1709/1405 1658/1712/1408 1382/1690/1386 1371/1687/1383
f 1373/1691/1387 1649/1713/1409 1648/1708/1404 1372/1686/1382
f 1383/1711/1407 1394/1714/1410 1658/1712/1408 1647/1709/1405
f 1649/1713/1409 1385/1715/1411 1384/1710/1406 1648/1708/1404
f 1374/1693/1389 1650/1716/1412 1649/1713/1409 1373/1691/1387
f 1650/1716/1412 1386/1717/1413 1385/1715/1411 1649/1713/1409
f 1375/1695/1391 1651/1718/1414 1650/1716/1412 1374/1693/1389
f 1651/1718/1414 1387/1719/1415 1386/1717/1413 1650/1716/1412
f 1376/1697/1393 1652/1720/1416 1651/1718/1414 1375/1695/1391
f 1652/1720/1416 1388/1721/1417 1387/1719/1415 1651/1718/1414
f 1377/1699/1395 1653/1722/1418 1652/1720/1416 1376/1697/1393
f 1653/1722/1418 1389/1723/1419 1388/1721/1417 1652/1720/1416
f 1378/1701/1397 1654/1724/1420 1653/1722/1418 1377/1699/1395
f 1654/1724/1420 1390/1725/1421 1389/1723/1419 1653/1722/1418
f 1379/1703/1399 1655/1726/1422 1654/1724/1420 1378/1701/1397
f 1655/1726/1422 1391/1727/1423 1390/1725/1421 1654/1724/1420
f 1380/1705/1401 1656/1728/1424 1655/1726/1422 1379/1703/1399
f 1656/1728/1424 1392/1729/1425 1391/1727/1423 1655/1726/1422
f 1381/1707/1403 1657/1730/1426 1656/1728/1424 1380/1705/1401
f 1657/1730/1426 1393/1731/1427 1392/1729/1425 1656/1728/1424
f 1382/1690/1386 1658/1712/1408 1657/1730/1426 1381/1707/1403
f 1658/1712/1408 1394/1714/1410 1393/1731/1427 1657/1730/1426
f 1384/1710/1406 1660/1732/1428 1659/1733/1429 1383/1711/1407
f 1660/1732/1428 1396/1734/1430 1395/1735/1431 1659/1733/1429
f 1659/1733/1429 1670/1736/1432 1394/1714/1410 1383/1711/1407
f 1385/1715/1411 1661/1737/1433 1660/1732/1428 1384/1710/1406
f 1395/1735/1431 1406/1738/1434 1670/1736/1432 1659/1733/1429
f 1661/1737/1433 1397/1739/1435 1396/1734/1430 1660/1732/1428
f 1386/1717/1413 1662/1740/1436 1661/1737/1433 1385/1715/1411
f 1662/1740/1436 1398/1741/1437 1397/1739/1435 1661/1737/1433
f 1387/1719/1415 1663/1742/1438 1662/1740/1436 1386/1717/1413
f 1663/1742/1438 1399/1743/1439 1398/1741/1437 1662/1740/1436
f 1388/1721/1417 1664/1744/1440 1663/1742/1438 1387/1719/1415
f 1664/1744/1440 1400/1745/1441 1399/1743/1439 1663/1742/1438
f 1389/1723/1419 1665/1746/1442 1664/1744/1440 1388/1721/1417
f 1665/1746/1442 1401/1747/1443 1400/1745/1441 1664/1744/1440
f 1390/1725/1421 1666/1748/1444 1665/1746/1442 1389/1723/1419
f 1666/1748/1444 1402/1749/1445 1401/1747/1443 1665/1746/1442
f 1391/1727/1423 1667/1750/1446 1666/1748/1444 1390/1725/1421
f 1667/1750/1446 1403/1751/1447 1402/1749/1445 1666/1748/1444
f 1392/1729/1425 1668/1752/1448 1667/1750/1446 1391/1727/1423
f 1668/1752/1448 1404/1753/1449 1403/1751/1447 1667/1750/1446
f 1393/1731/1427 1669/1754/1450 1668/1752/1448 1392/1729/1425
f 1669/1754/1450 1405/1755/1451 1404/1753/1449 1668/1752/1448
f 1394/1714/1410 1670/1736/1432 1669/1754/1450 1393/1731/1427
f 1670/1736/1432 1406/1738/1434 1405/1755/1451 1669/1754/1450
f 1396/1734/1430 1672/1756/1452 1671/1757/1453 1395/1735/1431
f 1672/1756/1452 1408/1758/1454 1407/1759/1455 1671/1757/1453
f 1671/1757/1453 1682/1760/1456 1406/1738/1434 1395/1735/1431
f 1397/1739/1435 1673/1761/1457 1672/1756/1452 1396/1734/1430
f 1407/1759/1455 1418/1762/1458 1682/1760/1456 1671/1757/1453
f 1673/1761/1457 1409/1763/1459 1408/1758/1454 1672/1756/1452
f 1398/1741/1437 1674/1764/1460 1673/1761/1457 1397/1739/1435
f 1674/1764/1460 1410/1765/1461 1409/1763/1459 1673/1761/1457
f 1399/1743/1439 1675/1766/1462 1674/1764/1460 1398/1741/1437
f 1675/1766/1462 1411/1767/1463 1410/1765/1461 1674/1764/1460
f 1400/1745/1441 1676/1768/1464 1675/1766/1462 1399/1743/1439
f 1676/1768/1464 1412/1769/1465 1411/1767/1463 1675/1766/1462
f 1401/1747/1443 1677/1770/1466 1676/1768/1464 1400/1745/1441
f 1677/1770/1466 1413/1771/1467 1412/1769/1465 1676/1768/1464
f 1402/1749/1445 1678/1772/1468 1677/1770/1466 1401/1747/1443
f 1678/1772/1468 1414/1773/1469 1413/1771/1467 1677/1770/1466
f 1403/1751/1447 1679/1774/1470 1678/1772/1468 1402/1749/1445
f 1679/1774/1470 1415/1775/1471 1414/1773/1469 1678/1772/1468
f 1404/1753/1449 1680/1776/1472 1679/1774/1470 1403/1751/1447
f 1680/1776/1472 1416/1777/1473 1415/1775/1471 1679/1774/1470
f 1405/1755/1451 1681/1778/1474 1680/1776/1472 1404/1753/1449
f 1681/1778/1474 1417/1779/1475 1416/1777/1473 1680/1776/1472
f 1406/1738/1434 1682/1760/1456 1681/1778/1474 1405/1755/1451
f 1682/1760/1456 1418/1762/1458 1417/1779/1475 1681/1778/1474
f 1408/1758/1454 1684/1780/1476 1683/1781/1477 1407/1759/1455
f 1684/1780/1476 1420/1782/1478 1419/1783/1479 1683/1781/1477
f 1683/1781/1477 1694/1784/1480 1418/1762/1458 1407/1759/1455
f 1409/1763/1459 1685/1785/1481 1684/1780/1476 1408/1758/1454
f 1419/1783/1479 1430/1786/1482 1694/1784/1480 1683/1781/1477
f 1685/1785/1481 1421/1787/1483 1420/1782/1478 1684/1780/1476
f 1410/1765/1461 1686/1788/1484 1685/1785/1481 1409/1763/1459
f 1686/1788/1484 1422/1789/1485 1421/1787/1483 1685/1785/1481
f 1411/1767/1463 1687/1790/1486 1686/1788/1484 1410/1765/1461
f 1687/1790/1486 1423/1791/1487 1422/1789/1485 1686/1788/1484
f 1412/1769/1465 1688/1792/1488 1687/1790/1486 1411/1767/1463
f 1688/1792/1488 1424/1793/1489 1423/1791/1487 1687/1790/1486
f 1413/1771/1467 1689/1794/1490 1688/1792/1488 1412/1769/1465
f 1689/1794/1490 1425/1795/1491 1424/1793/1489 1688/1792/1488
f 1414/1773/1469 1690/1796/1492 1689/1794/1490 1413/1771/1467
f 1690/1796/1492 1426/1797/1493 1425/1795/1491 1689/1794/1490
f 1415/1775/1471 1691/1798/1494 1690/1796/1492 1414/1773/1469
f 1691/1798/1494 1427/1799/1495 1426/1797/1493 1690/1796/1492
f 1416/1777/1473 1692/1800/1496 1691/1798/1494 1415/1775/1471
f 1692/1800/1496 1428/1801/1497 1427/1799/1495 1691/1798/1494
f 1417/1779/1475 1693/1802/1498 1692/1800/1496 1416/1777/1473
f 1693/1802/1498 1429/1803/1499 1428/1801/1497 1692/1800/1496
f 1418/1762/1458 1694/1784/1480 1693/1802/1498 1417/1779/1475
f 1694/1784/1480 1430/1786/1482 1429/1803/1499 1693/1802/1498
f 1420/1782/1478 1696/1804/1500 1695/1805/1501 1419/1783/1479
f 1696/1804/1500 1432/1806/1502 1431/1807/1503 1695/1805/1501
f 1695/1805/1501 1706/1808/1504 1430/1786/1482 1419/1783/1479
f 1421/1787/1483 1697/1809/1505 1696/1804/1500 1420/1782/1478
f 1431/1807/1503 1442/1810/1506 1706/1808/1504 1695/1805/1501
f 1697/1809/1505 1433/1811/1507 1432/1806/1502 1696/1804/1500
f 1422/1789/1485 1698/1812/1508 1697/1809/1505 1421/1787/1483
f 1698/1812/1508 1434/1813/1509 1433/1811/1507 1697/1809/1505
f 1423/1791/1487 1699/1814/1510 1698/1812/1508 1422/1789/1485
f 1699/1814/1510 1435/1815/1511 1434/1813/1509 1698/1812/1508
f 1424/1793/1489 1700/1816/1512 1699/1814/1510 1423/1791/1487
f 1700/1816/1512 1436/1817/1513 1435/1815/1511 1699/1814/1510
f 1425/1795/1491 1701/1818/1514 1700/1816/1512 1424/1793/1489
f 1701/1818/1514 1437/1819/1515 1436/1817/1513 1700/1816/1512
f 1426/1797/1493 1702/1820/1516 1701/1818/1514 1425/1795/1491
f 1702/1820/1516 1438/1821/1517 1437/1819/1515 1701/1818/1514
f 1427/1799/1495 1703/1822/1518 1702/1820/1516 1426/1797/1493
f 1703/1822/1518 1439/1823/1519 1438/1821/1517 1702/1820/1516
f 1428/1801/1497 1704/1824/1520 1703/1822/1518 1427/1799/1495
f 1704/1824/1520 1440/1825/1521 1439/1823/1519 1703/1822/1518
f 1429/1803/1499 1705/1826/1522 1704/1824/1520 1428/1801/1497
f 1705/1826/1522 1441/1827/1523 1440/1825/1521 1704/1824/1520
f 1430/1786/1482 1706/1808/1504 1705/1826/1522 1429/1803/1499
f 1706/1808/1504 1442/1810/1506 1441/1827/1523 1705/1826/1522
f 1432/1806/1502 1708/1828/1524 1707/1829/1525 1431/1807/1503
f 1708/1828/1524 1444/1830/1526 1443/1831/1527 1707/1829/1525
f 1707/1829/1525 1718/1832/1528 1442/1810/1506 1431/1807/1503
f 1433/1811/1507 1709/1833/1529 1708/1828/1524 1432/1806/1502
f 1443/1831/1527 1454/1834/1530 1718/1832/1528 1707/1829/1525
f 1709/1833/1529 1445/1835/1531 1444/1830/1526 1708/1828/1524
f 1434/1813/1509 1710/1836/1532 1709/1833/1529 1433/1811/1507
f 1710/1836/1532 1446/1837/1533 1445/1835/1531 1709/1833/1529
f 1435/1815/1511 1711/1838/1534 1710/1836/1532 1434/1813/1509
f 1711/1838/1534 1447/1839/1535 1446/1837/1533 1710/1836/1532
f 1436/1817/1513 1712/1840/1536 1711/1838/1534 1435/1815/1511
f 1712/1840/1536 1448/1841/1537 1447/1839/1535 1711/1838/1534
f 1437/1819/1515 1713/1842/1538 1712/1840/1536 1436/1817/1513
f 1713/1842/1538 1449/1843/1539 1448/1841/1537 1712/1840/1536
f 1438/1821/1517 1714/1844/1540 1713/1842/1538 1437/1819/1515
f 1714/1844/1540 1450/1845/1541 1449/1843/1539 1713/1842/1538
f 1439/1823/1519 1715/1846/1542 1714/1844/1540 1438/1821/1517
f 1715/1846/1542 1451/1847/1543 1450/1845/1541 1714/1844/1540
f 1440/1825/1521 1716/1848/1544 1715/1846/1542 1439/1823/1519
f 1716/1848/1544 1452/1849/1545 1451/1847/1543 1715/1846/1542
f 1441/1827/1523 1717/1850/1546 1716/1848/1544 1440/1825/1521
f 1717/1850/1546 1453/1851/1547 1452/1849/1545 1716/1848/1544
f 1442/1810/1506 1718/1832/1528 1717/1850/1546 1441/1827/1523
f 1718/1832/1528 1454/1834/1530 1453/1851/1547 1717/1850/1546
f 1444/1830/1526 1720/1852/1548 1719/1853/1549 1443/1831/1527
f 1720/1852/1548 1456/1854/1550 1455/1855/1551 1719/1853/1549
f 1719/1853/1549 1730/1856/1552 1454/1834/1530 1443/1831/1527
f 1445/1835/1531 1721/1857/1553 1720/1852/1548 1444/1830/1526
f 1455/1855/1551 1466/1858/1554 1730/1856/1552 1719/1853/1549
f 1721/1857/1553 1457/1859/1555 1456/1854/1550 1720/1852/1548
f 1446/1837/1533 1722/1860/1556 1721/1857/1553 1445/1835/1531
f 1722/1860/1556 1458/1861/1557 1457/1859/1555 1721/1857/1553
f 1447/1839/1535 1723/1862/1558 1722/1860/1556 1446/1837/1533
f 1723/1862/1558 1459/1863/1559 1458/1861/1557 1722/1860/1556
f 1448/1841/1537 1724/1864/1560 1723/1862/1558 1447/1839/1535
f 1724/1864/1560 1460/1865/1561 1459/1863/1559 1723/1862/1558
f 1449/1843/1539 1725/1866/1562 1724/1864/1560 1448/1841/1537
f 1725/1866/1562 1461/1867/1563 1460/1865/1561 1724/1864/1560
f 1450/1845/1541 1726/1868/1564 1725/1866/1562 1449/1843/1539
f 1726/1868/1564 1462/1869/1565 1461/1867/1563 1725/1866/1562
f 1451/1847/1543 1727/1870/1566 1726/1868/1564 1450/1845/1541
f 1727/1870/1566 1463/1871/1567 1462/1869/1565 1726/1868/1564
f 1452/1849/1545 1728/1872/1568 1727/1870/1566 1451/1847/1543
f 1728/1872/1568 1464/1873/1569 1463/1871/1567 1727/1870/1566
f 1453/1851/1547 1729/1874/1570 1728/1872/1568 1452/1849/1545
f 1729/1874/1570 1465/1875/1571 1464/1873/1569 1728/1872/1568
f 1454/1834/1530 1730/1856/1552 1729/1874/1570 1453/1851/1547
f 1730/1856/1552 1466/1858/1554 1465/1875/1571 1729/1874/1570
f 1456/1854/1550 1732/1876/1572 1731/1877/1573 1455/1855/1551
f 1732/1876/1572 1468/1878/1574 1467/1879/1575 1731/1877/1573
f 1731/1877/1573 1742/1880/1576 1466/1858/1554 1455/1855/1551
f 1457/1859/1555 1733/1881/1577 1732/1876/1572 1456/1854/1550
f 1467/1879/1575 1478/1882/1578 1742/1880/1576 1731/1877/1573
f 1733/1881/1577 1469/1883/1579 1468/1878/1574 1732/1876/1572
f 1458/1861/1557 1734/1884/1580 1733/1881/1577 1457/1859/1555
f 1734/1884/1580 1470/1885/1581 1469/1883/1579 1733/1881/1577
f 1459/1863/1559 1735/1886/1582 1734/1884/1580 1458/1861/1557
f 1735/1886/1582 1471/1887/1583 1470/1885/1581 1734/1884/1580
f 1460/1865/1561 1736/1888/1584 1735/1886/1582 1459/1863/1559
f 1736/1888/1584 1472/1889/1585 1471/1887/1583 1735/1886/1582
f 1461/1867/1563 1737/1890/1586 1736/1888/1584 1460/1865/1561
f 1737/1890/1586 1473/1891/1587 1472/1889/1585 1736/1888/1584
f 1462/1869/1565 1738/1892/1588 1737/1890/1586 1461/1867/1563
f 1738/1892/1588 1474/1893/1589 1473/1891/1587 1737/1890/1586
f 1463/1871/1567 1739/1894/1590 1738/1892/1588 1462/1869/1565
f 1739/1894/1590 1475/1895/1591 1474/1893/1589 1738/1892/1588
f 1464/1873/1569 1740/1896/1592 1739/1894/1590 1463/1871/1567
f 1740/1896/1592 1476/1897/1593 1475/1895/1591 1739/1894/1590
f 1465/1875/1571 1741/1898/1594 1740/1896/1592 1464/1873/1569
f 1741/1898/1594 1477/1899/1595 1476/1897/1593 1740/1896/1592
f 1466/1858/1554 1742/1880/1576 1741/1898/1594 1465/1875/1571
f 1742/1880/1576 1478/1882/1578 1477/1899/1595 1741/1898/1594
f 1468/1878/1574 1744/1900/1596 1743/1901/1597 1467/1879/1575
f 1744/1900/1596 1480/1902/1598 1479/1903/1599 1743/1901/1597
f 1743/1901/1597 1754/1904/1600 1478/1882/1578 1467/1879/1575
f 1469/1883/1579 1745/1905/1601 1744/1900/1596 1468/1878/1574
f 1479/1903/1599 1490/1906/1602 1754/1904/1600 1743/1901/1597
f 1745/1905/1601 1481/1907/1603 1480/1902/1598 1744/1900/1596
f 1470/1885/1581 1746/1908/1604 1745/1905/1601 1469/1883/1579
f 1746/1908/1604 1482/1909/1605 1481/1907/1603 1745/1905/1601
f 1471/1887/1583 1747/1910/1606 1746/1908/1604 1470/1885/1581
f 1747/1910/1606 1483/1911/1607 1482/1909/1605 1746/1908/1604
f 1472/1889/1585 1748/1912/1608 1747/1910/1606 1471/1887/1583
f 1748/1912/1608 1484/1913/1609 1483/1911/1607 1747/1910/1606
f 1473/1891/1587 1749/1914/1610 1748/1912/1608 1472/1889/1585
f 1749/1914/1610 1485/1915/1611 1484/1913/1609 1748/1912/1608
f 1474/1893/1589 1750/1916/1612 1749/1914/1610 1473/1891/1587
f 1750/1916/1612 1486/1917/1613 1485/1915/1611 1749/1914/1610
f 1475/1895/1591 1751/1918/1614 1750/1916/1612 1474/1893/1589
f 1751/1918/1614 1487/1919/1615 1486/1917/1613 1750/1916/1612
f 1476/1897/1593 1752/1920/1616 1751/1918/1614 1475/1895/1591
f 1752/1920/1616 1488/1921/1617 1487/1919/1615 1751/1918/1614
f 1477/1899/1595 1753/1922/1618 1752/1920/1616 1476/1897/1593
f 1753/1922/1618 1489/1923/1619 1488/1921/1617 1752/1920/1616
f 1478/1882/1578 1754/1904/1600 1753/1922/1618 1477/1899/1595
f 1754/1904/1600 1490/1906/1602 1489/1923/1619 1753/1922/1618
f 1480/1902/1598 1756/1924/1620 1755/1925/1621 1479/1903/1599
f 1756/1924/1620 1492/1926/1622 1491/1927/1623 1755/1925/1621
f 1755/1925/1621 1766/1928/1624 1490/1906/1602 1479/1903/1599
f 1481/1907/1603 1757/1929/1625 1756/1924/1620 1480/1902/1598
f 1491/1927/1623 1502/1930/1626 1766/1928/1624 1755/1925/1621
f 1757/1929/1625 1493/1931/1627 1492/1926/1622 1756/1924/1620
f 1482/1909/1605 1758/1932/1628 1757/1929/1625 1481/1907/1603
f 1758/1932/1628 1494/1933/1629 1493/1931/1627 1757/1929/1625
f 1483/1911/1607 1759/1934/1630 1758/1932/1628 1482/1909/1605
f 1759/1934/1630 1495/1935/1631 1494/1933/1629 1758/1932/1628
f 1484/1913/1609 1760/1936/1632 1759/1934/1630 1483/1911/1607
f 1760/1936/1632 1496/1937/1633 1495/1935/1631 1759/1934/1630
f 1485/1915/1611 1761/1938/1634 1760/1936/1632 1484/1913/1609
f 1761/1938/1634 1497/1939/1635 1496/1937/1633 1760/1936/1632
f 1486/1917/1613 1762/1940/1636 1761/1938/1634 1485/1915/1611
f 1762/1940/1636 1498/1941/1637 1497/1939/1635 1761/1938/1634
f 1487/1919/1615 1763/1942/1638 1762/1940/1636 1486/1917/1613
f 1763/1942/1638 1499/1943/1639 1498/1941/1637 1762/1940/1636
f 1488/1921/1617 1764/1944/1640 1763/1942/1638 1487/1919/1615
f 1764/1944/1640 1500/1945/1641 1499/1943/1639 1763/1942/1638
f 1489/1923/1619 1765/1946/1642 1764/1944/1640 1488/1921/1617
f 1765/1946/1642 1501/1947/1643 1500/1945/1641 1764/1944/1640
f 1490/1906/1602 1766/1928/1624 1765/1946/1642 1489/1923/1619
f 1766/1928/1624 1502/1930/1626 1501/1947/1643 1765/1946/1642
f 1492/1926/1622 1768/1948/1644 1767/1949/1645 1491/1927/1623
f 1768/1948/1644 1504/1950/1646 1503/1951/1647 1767/1949/1645
f 1767/1949/1645 1778/1952/1648 1502/1930/1626 1491/1927/1623
f 1493/1931/1627 1769/1953/1649 1768/1948/1644 1492/1926/1622
f 1503/1951/1647 1514/1954/1650 1778/1952/1648 1767/1949/1645
f 1769/1953/1649 1505/1955/1651 1504/1950/1646 1768/1948/1644
f 1494/1933/1629 1770/1956/1652 1769/1953/1649 1493/1931/1627
f 1770/1956/1652 1506/1957/1653 1505/1955/1651 1769/1953/1649
f 1495/1935/1631 1771/1958/1654 1770/1956/1652 1494/1933/1629
f 1771/1958/1654 1507/1959/1655 1506/1957/1653 1770/1956/1652
f 1496/1937/1633 1772/1960/1656 1771/1958/1654 1495/1935/1631
f 1772/1960/1656 1508/1961/1657 1507/1959/1655 1771/1958/1654
f 1497/1939/1635 1773/1962/1658 1772/1960/1656 1496/1937/1633
f 1773/1962/1658 1509/1963/1659 1508/1961/1657 1772/1960/1656
f 1498/1941/1637 1774/1964/1660 1773/1962/1658 1497/1939/1635
f 1774/1964/1660 1510/1965/1661 1509/1963/1659 1773/1962/1658
f 1499/1943/1639 1775/1966/1662 1774/1964/1660 1498/1941/1637
f 1775/1966/1662 1511/1967/1663 1510/1965/1661 1774/1964/1660
f 1500/1945/1641 1776/1968/1664 1775/1966/1662 1499/1943/1639
f 1776/1968/1664 1512/1969/1665 1511/1967/1663 1775/1966/1662
f 1501/1947/1643 1777/1970/1666 1776/1968/1664 1500/1945/1641
f 1777/1970/1666 1513/1971/1667 1512/1969/1665 1776/1968/1664
f 1502/1930/1626 1778/1952/1648 1777/1970/1666 1501/1947/1643
f 1778/1952/1648 1514/1954/1650 1513/1971/1667 1777/1970/1666
f 1504/1950/1646 1780/1972/1668 1779/1973/1669 1503/1951/1647
f 1780/1972/1668 1516/1974/1670 1515/1975/1671 1779/1973/1669
f 1779/1973/1669 1790/1976/1672 1514/1954/1650 1503/1951/1647
f 1505/1955/1651 1781/1977/1673 1780/1972/1668 1504/1950/1646
f 1515/1975/1671 1526/1978/1674 1790/1976/1672 1779/1973/1669
f 1781/1977/1673 1517/1979/1675 1516/1974/1670 1780/1972/1668
f 1506/1957/1653 1782/1980/1676 1781/1977/1673 1505/1955/1651
f 1782/1980/1676 1518/1981/1677 1517/1979/1675 1781/1977/1673
f 1507/1959/1655 1783/1982/1678 1782/1980/1676 1506/1957/1653
f 1783/1982/1678 1519/1983/1679 1518/1981/1677 1782/1980/1676
f 1508/1961/1657 1784/1984/1680 1783/1982/1678 1507/1959/1655
f 1784/1984/1680 1520/1985/1681 1519/1983/1679 1783/1982/1678
f 1509/1963/1659 1785/1986/1682 1784/1984/1680 1508/1961/1657
f 1785/1986/1682 1521/1987/1683 1520/1985/1681 1784/1984/1680
f 1510/1965/1661 1786/1988/1684 1785/1986/1682 1509/1963/1659
f 1786/1988/1684 1522/1989/1685 1521/1987/1683 1785/1986/1682
f 1511/1967/1663 1787/1990/1686 1786/1988/1684 1510/1965/1661
f 1787/1990/1686 1523/1991/1687 1522/1989/1685 1786/1988/1684
f 1512/1969/1665 1788/1992/1688 1787/1990/1686 1511/1967/1663
f 1788/1992/1688 1524/1993/1689 1523/1991/1687 1787/1990/1686
f 1513/1971/1667 1789/1994/1690 1788/1992/1688 1512/1969/1665
f 1789/1994/1690 1525/1995/1691 1524/1993/1689 1788/1992/1688
f 1514/1954/1650 1790/1976/1672 1789/1994/1690 1513/1971/1667
f 1790/1976/1672 1526/1978/1674 1525/1995/1691 1789/1994/1690
f 1516/1974/1670 1792/1996/1692 1791/1997/1693 1515/1975/1671
f 1792/1996/1692 1528/1998/1694 1527/1999/1695 1791/1997/1693
f 1791/1997/1693 1802/2000/1696 1526/1978/1674 1515/1975/1671
f 1517/1979/1675 1793/2001/1697 1792/1996/1692 1516/1974/1670
f 1527/1999/1695 1538/2002/1698 1802/2000/1696 1791/1997/1693
f 1793/2001/1697 1529/2003/1699 1528/1998/1694 1792/1996/1692
f 1518/1981/1677 1794/2004/1700 1793/2001/1697 1517/1979/1675
f 1794/2004/1700 1530/2005/1701 1529/2003/1699 1793/2001/1697
f 1519/1983/1679 1795/2006/1702 1794/2004/1700 1518/1981/1677
f 1795/2006/1702 1531/2007/1703 1530/2005/1701 1794/2004/1700
f 1520/1985/1681 1796/2008/1704 1795/2006/1702 1519/1983/1679
f 1796/2008/1704 1532/2009/1705 1531/2007/1703 1795/2006/1702
f 1521/1987/1683 1797/2010/1706 1796/2008/1704 1520/1985/1681
f 1797/2010/1706 1533/2011/1707 1532/2009/1705 1796/2008/1704
f 1522/1989/1685 1798/2012/1708 1797/2010/1706 1521/1987/1683
f 1798/2012/1708 1534/2013/1709 1533/2011/1707 1797/2010/1706
f 1523/1991/1687 1799/2014/1710 1798/2012/1708 1522/1989/1685
f 1799/2014/1710 1535/2015/1711 1534/2013/1709 1798/2012/1708
f 1524/1993/1689 1800/2016/1712 1799/2014/1710 1523/1991/1687
f 1800/2016/1712 1536/2017/1713 1535/2015/1711 1799/2014/1710
f 1525/1995/1691 1801/2018/1714 1800/2016/1712 1524/1993/1689
f 1801/2018/1714 1537/2019/1715 1536/2017/1713 1800/2016/1712
f 1526/1978/1674 1802/2000/1696 1801/2018/1714 1525/1995/1691
f 1802/2000/1696 1538/2002/1698 1537/2019/1715 1801/2018/1714
f 1528/1998/1694 1804/2020/1716 1803/2021/1717 1527/1999/1695
f 1804/2020/1716 1540/2022/1718 1539/2023/1719 1803/2021/1717
f 1803/2021/1717 1814/2024/1720 1538/2002/1698 1527/1999/1695
f 1529/2003/1699 1805/2025/1721 1804/2020/1716 1528/1998/1694
f 1539/2023/1719 1550/2026/1722 1814/2024/1720 1803/2021/1717
f 1805/2025/1721 1541/2027/1723 1540/2022/1718 1804/2020/1716
f 1530/2005/1701 1806/2028/1724 1805/2025/1721 1529/2003/1699
f 1806/2028/1724 1542/2029/1725 1541/2027/1723 1805/2025/1721
f 1531/2007/1703 1807/2030/1726 1806/2028/1724 1530/2005/1701
f 1807/2030/1726 1543/2031/1727 1542/2029/1725 1806/2028/1724
f 1532/2009/1705 1808/2032/1728 1807/2030/1726 1531/2007/1703
f 1808/2032/1728 1544/2033/1729 1543/2031/1727 1807/2030/1726
f 1533/2011/1707 1809/2034/1730 1808/2032/1728 1532/2009/1705
f 1809/2034/1730 1545/2035/1731 1544/2033/1729 1808/2032/1728
f 1534/2013/1709 1810/2036/1732 1809/2034/1730 1533/2011/1707
f 1810/2036/1732 1546/2037/1733 1545/2035/1731 1809/2034/1730
f 1535/2015/1711 1811/2038/1734 1810/2036/1732 1534/2013/1709
f 1811/2038/1734 1547/2039/1735 1546/2037/1733 1810/2036/1732
f 1536/2017/1713 1812/2040/1736 1811/2038/1734 1535/2015/1711
f 1812/2040/1736 1548/2041/1737 1547/2039/1735 1811/2038/1734
f 1537/2019/1715 1813/2042/1738 1812/2040/1736 1536/2017/1713
f 1813/2042/1738 1549/2043/1739 1548/2041/1737 1812/2040/1736
f 1538/2002/1698 1814/2024/1720 1813/2042/1738 1537/2019/1715
f 1814/2024/1720 1550/2026/1722 1549/2043/1739 1813/2042/1738
f 1540/2022/1718 1816/2044/1740 1815/2045/1741 1539/2023/1719
f 1816/2044/1740 1552/2046/1742 1551/2047/1743 1815/2045/1741
f 1815/2045/1741 1826/2048/1744 1550/2026/1722 1539/2023/1719
f 1541/2027/1723 1817/2049/1745 1816/2044/1740 1540/2022/1718
f 1551/2047/1743 1562/2050/1746 1826/2048/1744 1815/2045/1741
f 1817/2049/1745 1553/2051/1747 1552/2046/1742 1816/2044/1740
f 1542/2029/1725 1818/2052/1748 1817/2049/1745 1541/2027/1723
f 1818/2052/1748 1554/2053/1749 1553/2051/1747 1817/2049/1745
f 1543/2031/1727 1819/2054/1750 1818/2052/1748 1542/2029/1725
f 1819/2054/1750 1555/2055/1751 1554/2053/1749 1818/2052/1748
f 1544/2033/1729 1820/2056/1752 1819/2054/1750 1543/2031/1727
f 1820/2056/1752 1556/2057/1753 1555/2055/1751 1819/2054/1750
f 1545/2035/1731 1821/2058/1754 1820/2056/1752 1544/2033/1729
f 1821/2058/1754 1557/2059/1755 1556/2057/1753 1820/2056/1752
f 1546/2037/1733 1822/2060/1756 1821/2058/1754 1545/2035/1731
f 1822/2060/1756 1558/2061/1757 1557/2059/1755 1821/2058/1754
f 1547/2039/1735 1823/2062/1758 1822/2060/1756 1546/2037/1733
f 1823/2062/1758 1559/2063/1759 1558/2061/1757 1822/2060/1756
f 1548/2041/1737 1824/2064/1760 1823/2062/1758 1547/2039/1735
f 1824/2064/1760 1560/2065/1761 1559/2063/1759 1823/2062/1758
f 1549/2043/1739 1825/2066/1762 1824/2064/1760 1548/2041/1737
f 1825/2066/1762 1561/2067/1763 1560/2065/1761 1824/2064/1760
f 1550/2026/1722 1826/2048/1744 1825/2066/1762 1549/2043/1739
f 1826/2048/1744 1562/2050/1746 1561/2067/1763 1825/2066/1762
f 1552/2046/1742 1828/2068/1764 1827/2069/1765 1551/2047/1743
f 1828/2068/1764 1564/2070/1766 1563/2071/1767 1827/2069/1765
f 1827/2069/1765 1838/2072/1768 1562/2050/1746 1551/2047/1743
f 1553/2051/1747 1829/2073/1769 1828/2068/1764 1552/2046/1742
f 1563/2071/1767 1574/2074/1770 1838/2072/1768 1827/2069/1765
f 1829/2073/1769 1565/2075/1771 1564/2070/1766 1828/2068/1764
f 1554/2053/1749 1830/2076/1772 1829/2073/1769 1553/2051/1747
f 1830/2076/1772 1566/2077/1773 1565/2075/1771 1829/2073/1769
f 1555/2055/1751 1831/2078/1774 1830/2076/1772 1554/2053/1749
f 1831/2078/1774 1567/2079/1775 1566/2077/1773 1830/2076/1772
f 1556/2057/1753 1832/2080/1776 1831/2078/1774 1555/2055/1751
f 1832/2080/1776 1568/2081/1777 1567/2079/1775 1831/2078/1774
f 1557/2059/1755 1833/2082/1778 1832/2080/1776 1556/2057/1753
f 1833/2082/1778 1569/2083/1779 1568/2081/1777 1832/2080/1776
f 1558/2061/1757 1834/2084/1780 1833/2082/1778 1557/2059/1755
f 1834/2084/1780 1570/2085/1781 1569/2083/1779 1833/2082/1778
f 1559/2063/1759 1835/2086/1782 1834/2084/1780 1558/2061/1757
f 1835/2086/1782 1571/2087/1783 1570/2085/1781 1834/2084/1780
f 1560/2065/1761 1836/2088/1784 1835/2086/1782 1559/2063/1759
f 1836/2088/1784 1572/2089/1785 1571/2087/1783 1835/2086/1782
f 1561/2067/1763 1837/2090/1786 1836/2088/1784 1560/2065/1761
f 1837/2090/1786 1573/2091/1787 1572/2089/1785 1836/2088/1784
f 1562/2050/1746 1838/2072/1768 1837/2090/1786 1561/2067/1763
f 1838/2072/1768 1574/2074/1770 1573/2091/1787 1837/2090/1786
f 1564/2070/1766 1840/1581/1277 1839/1598/1294 1563/2071/1767
f 1578/2092/1788 1577/1579/1275 1841/1582/1278 1842/2093/1789
f 1839/1598/1294 1850/2094/1790 1574/2074/1770 1563/2071/1767
f 1565/2075/1771 1841/1582/1278 1840/1581/1277 1564/2070/1766
f 1579/2095/1791 1578/2092/1788 1842/2093/1789 1843/2096/1792
f 1566/2077/1773 1842/2093/1789 1841/1582/1278 1565/2075/1771
f 1580/2097/1793 1579/2095/1791 1843/2096/1792 1844/2098/1794
f 1567/2079/1775 1843/2096/1792 1842/2093/1789 1566/2077/1773
f 1581/2099/1795 1580/2097/1793 1844/2098/1794 1845/2100/1796
f 1568/2081/1777 1844/2098/1794 1843/2096/1792 1567/2079/1775
f 1582/2101/1797 1581/2099/1795 1845/2100/1796 1846/2102/1798
f 1569/2083/1779 1845/2100/1796 1844/2098/1794 1568/2081/1777
f 1583/2103/1799 1582/2101/1797 1846/2102/1798 1847/2104/1800
f 1570/2085/1781 1846/2102/1798 1845/2100/1796 1569/2083/1779
f 1584/2105/1801 1583/2103/1799 1847/2104/1800 1848/2106/1802
f 1571/2087/1783 1847/2104/1800 1846/2102/1798 1570/2085/1781
f 1585/2107/1803 1584/2105/1801 1848/2106/1802 1849/2108/1804
f 1572/2089/1785 1848/2106/1802 1847/2104/1800 1571/2087/1783
f 1575/1597/1293 1586/2109/1805 1850/2094/1790 1839/1598/1294
f 1573/2091/1787 1849/2108/1804 1848/2106/1802 1572/2089/1785
f 1574/2074/1770 1850/2094/1790 1849/2108/1804 1573/2091/1787
f 1586/2109/1805 1585/2107/1803 1849/2108/1804 1850/2094/1790
f 1313/1574/1270 1589/1573/1269 1588/1599/1295 1312/2110/1806
f 1312/2110/1806 1588/1599/1295 1587/1595/1291 1311/1596/1292
f 1863/2111/1807 1923/2112/1808 1925/2113/1809 1864/2114/1810
f 1923/2115/1808 1924/2116/1811 1862/2117/1812 1851/2118/1813
f 1864/2114/1810 1925/2113/1809 1926/2119/1814 1865/2120/1815
f 1925/2113/1809 1923/2112/1808 1851/2121/1813 1852/2122/1816
f 1865/2120/1815 1926/2119/1814 1927/2123/1817 1866/2124/1818
f 1926/2119/1814 1925/2113/1809 1852/2122/1816 1853/2125/1819
f 1866/2124/1818 1927/2123/1817 1928/2126/1820 1867/2127/1821
f 1927/2123/1817 1926/2119/1814 1853/2125/1819 1854/2128/1822
f 1867/2127/1821 1928/2126/1820 1929/2129/1823 1868/2130/1824
f 1928/2126/1820 1927/2123/1817 1854/2128/1822 1855/2131/1825
f 1868/2130/1824 1929/2129/1823 1930/2132/1826 1869/2133/1827
f 1929/2129/1823 1928/2126/1820 1855/2131/1825 1856/2134/1828
f 1869/2133/1827 1930/2132/1826 1931/2135/1829 1870/2136/1830
f 1930/2132/1826 1929/2129/1823 1856/2134/1828 1857/2137/1831
f 1870/2136/1830 1931/2135/1829 1932/2138/1832 1871/2139/1833
f 1931/2135/1829 1930/2132/1826 1857/2137/1831 1858/2140/1834
f 1871/2139/1833 1932/2138/1832 1933/2141/1835 1872/2142/1836
f 1932/2138/1832 1931/2135/1829 1858/2140/1834 1859/2143/1837
f 1872/2142/1836 1933/2141/1835 1934/2144/1838 1873/2145/1839
f 1933/2141/1835 1932/2138/1832 1859/2143/1837 1860/2146/1840
f 1873/2145/1839 1934/2144/1838 1924/2116/1811 1874/2147/1841
f 1934/2144/1838 1933/2141/1835 1860/2146/1840 1861/2148/1842
f 1950/2149/1843 1949/2150/1844 1937/2151/1845 1938/2152/1846
f 1924/2116/1811 1934/2144/1838 1861/2148/1842 1862/2117/1812
f 1951/2153/1847 1950/2149/1843 1938/2152/1846 1939/2154/1848
f 1935/2155/1849 1936/2156/1850 1874/2147/1841 1863/2157/1807
f 1952/2158/1851 1951/2153/1847 1939/2154/1848 1940/2159/1852
f 1937/2151/1845 1935/2160/1849 1863/2111/1807 1864/2114/1810
f 1953/2161/1853 1952/2158/1851 1940/2159/1852 1941/2162/1854
f 1938/2152/1846 1937/2151/1845 1864/2114/1810 1865/2120/1815
f 1954/2163/1855 1953/2161/1853 1941/2162/1854 1942/2164/1856
f 1939/2154/1848 1938/2152/1846 1865/2120/1815 1866/2124/1818
f 1955/2165/1857 1954/2163/1855 1942/2164/1856 1943/2166/1858
f 1940/2159/1852 1939/2154/1848 1866/2124/1818 1867/2127/1821
f 1956/2167/1859 1955/2165/1857 1943/2166/1858 1944/2168/1860
f 1941/2162/1854 1940/2159/1852 1867/2127/1821 1868/2130/1824
f 1957/2169/1861 1956/2167/1859 1944/2168/1860 1945/2170/1862
f 1942/2164/1856 1941/2162/1854 1868/2130/1824 1869/2133/1827
f 1958/2171/1863 1957/2169/1861 1945/2170/1862 1946/2172/1864
f 1943/2166/1858 1942/2164/1856 1869/2133/1827 1870/2136/1830
f 1948/2173/1865 1958/2171/1863 1946/2172/1864 1936/2156/1850
f 1944/2168/1860 1943/2166/1858 1870/2136/1830 1871/2139/1833
f 1945/2170/1862 1944/2168/1860 1871/2139/1833 1872/2142/1836
f 1946/2172/1864 1945/2170/1862 1872/2142/1836 1873/2145/1839
f 1936/2156/1850 1946/2172/1864 1873/2145/1839 1874/2147/1841
f 1947/2174/1866 1948/2173/1865 1936/2156/1850 1935/2155/1849
f 1875/2175/1867 1886/2176/1868 1948/2173/1865 1947/2174/1866
f 1875/2177/1867 1947/2178/1866 1949/2150/1844 1876/2179/1869
f 1876/2179/1869 1949/2150/1844 1950/2149/1843 1877/2180/1870
f 1877/2180/1870 1950/2149/1843 1951/2153/1847 1878/2181/1871
f 1878/2181/1871 1951/2153/1847 1952/2158/1851 1879/2182/1872
f 1879/2182/1872 1952/2158/1851 1953/2161/1853 1880/2183/1873
f 1880/2183/1873 1953/2161/1853 1954/2163/1855 1881/2184/1874
f 1881/2184/1874 1954/2163/1855 1955/2165/1857 1882/2185/1875
f 1882/2185/1875 1955/2165/1857 1956/2167/1859 1883/2186/1876
f 1883/2186/1876 1956/2167/1859 1957/2169/1861 1884/2187/1877
f 1884/2187/1877 1957/2169/1861 1958/2171/1863 1885/2188/1878
f 1885/2188/1878 1958/2171/1863 1948/2173/1865 1886/2176/1868
f 1887/2189/1879 1898/2190/1880 1960/2191/1881 1959/2192/1882
f 1887/2193/1879 1959/2194/1882 1961/2195/1883 1888/2196/1884
f 1959/2192/1882 1960/2191/1881 1886/2176/1868 1875/2175/1867
f 1888/2196/1884 1961/2195/1883 1962/2197/1885 1889/2198/1886
f 1961/2195/1883 1959/2194/1882 1875/2177/1867 1876/2179/1869
f 1889/2198/1886 1962/2197/1885 1963/2199/1887 1890/2200/1888
f 1962/2197/1885 1961/2195/1883 1876/2179/1869 1877/2180/1870
f 1890/2200/1888 1963/2199/1887 1964/2201/1889 1891/2202/1890
f 1963/2199/1887 1962/2197/1885 1877/2180/1870 1878/2181/1871
f 1891/2202/1890 1964/2201/1889 1965/2203/1891 1892/2204/1892
f 1964/2201/1889 1963/2199/1887 1878/2181/1871 1879/2182/1872
f 1892/2204/1892 1965/2203/1891 1966/2205/1893 1893/2206/1894
f 1965/2203/1891 1964/2201/1889 1879/2182/1872 1880/2183/1873
f 1893/2206/1894 1966/2205/1893 1967/2207/1895 1894/2208/1896
f 1966/2205/1893 1965/2203/1891 1880/2183/1873 1881/2184/1874
f 1894/2208/1896 1967/2207/1895 1968/2209/1897 1895/2210/1898
f 1967/2207/1895 1966/2205/1893 1881/2184/1874 1882/2185/1875
f 1895/2210/1898 1968/2209/1897 1969/2211/1899 1896/2212/1900
f 1968/2209/1897 1967/2207/1895 1882/2185/1875 1883/2186/1876
f 1896/2212/1900 1969/2211/1899 1970/2213/1901 1897/2214/1902
f 1969/2211/1899 1968/2209/1897 1883/2186/1876 1884/2187/1877
f 1897/2214/1902 1970/2213/1901 1960/2191/1881 1898/2190/1880
f 1970/2213/1901 1969/2211/1899 1884/2187/1877 1885/2188/1878
f 1899/2215/1903 1910/2216/1904 1972/2217/1905 1971/2218/1906
f 1960/2191/1881 1970/2213/1901 1885/2188/1878 1886/2176/1868
f 1899/2219/1903 1971/2220/1906 1973/2221/1907 1900/2222/1908
f 1971/2218/1906 1972/2217/1905 1898/2190/1880 1887/2189/1879
f 1900/2222/1908 1973/2221/1907 1974/2223/1909 1901/2224/1910
f 1973/2221/1907 1971/2220/1906 1887/2193/1879 1888/2196/1884
f 1901/2224/1910 1974/2223/1909 1975/2225/1911 1902/2226/1912
f 1974/2223/1909 1973/2221/1907 1888/2196/1884 1889/2198/1886
f 1902/2226/1912 1975/2225/1911 1976/2227/1913 1903/2228/1914
f 1975/2225/1911 1974/2223/1909 1889/2198/1886 1890/2200/1888
f 1903/2228/1914 1976/2227/1913 1977/2229/1915 1904/2230/1916
f 1976/2227/1913 1975/2225/1911 1890/2200/1888 1891/2202/1890
f 1904/2230/1916 1977/2229/1915 1978/2231/1917 1905/2232/1918
f 1977/2229/1915 1976/2227/1913 1891/2202/1890 1892/2204/1892
f 1905/2232/1918 1978/2231/1917 1979/2233/1919 1906/2234/1920
f 1978/2231/1917 1977/2229/1915 1892/2204/1892 1893/2206/1894
f 1906/2234/1920 1979/2233/1919 1980/2235/1921 1907/2236/1922
f 1979/2233/1919 1978/2231/1917 1893/2206/1894 1894/2208/1896
f 1907/2236/1922 1980/2235/1921 1981/2237/1923 1908/2238/1924
f 1980/2235/1921 1979/2233/1919 1894/2208/1896 1895/2210/1898
f 1908/2238/1924 1981/2237/1923 1982/2239/1925 1909/2240/1926
f 1981/2237/1923 1980/2235/1921 1895/2210/1898 1896/2212/1900
f 1909/2240/1926 1982/2239/1925 1972/2217/1905 1910/2216/1904
f 1982/2239/1925 1981/2237/1923 1896/2212/1900 1897/2214/1902
f 1972/2217/1905 1982/2239/1925 1897/2214/1902 1898/2190/1880
f 1899/2219/1903 1900/2222/1908 1912/2241/1927 1911/2242/1928
f 1910/2216/1904 1899/2215/1903 1911/2243/1928 1922/2244/1929
f 1900/2222/1908 1901/2224/1910 1913/2245/1930 1912/2241/1927
f 1901/2224/1910 1902/2226/1912 1914/2246/1931 1913/2245/1930
f 1902/2226/1912 1903/2228/1914 1915/2247/1932 1914/2246/1931
f 1903/2228/1914 1904/2230/1916 1916/2248/1933 1915/2247/1932
f 1904/2230/1916 1905/2232/1918 1917/2249/1934 1916/2248/1933
f 1905/2232/1918 1906/2234/1920 1918/2250/1935 1917/2249/1934
f 1906/2234/1920 1907/2236/1922 1919/2251/1936 1918/2250/1935
f 1907/2236/1922 1908/2238/1924 1920/2252/1937 1919/2251/1936
f 1908/2238/1924 1909/2240/1926 1921/2253/1938 1920/2252/1937
f 1909/2240/1926 1910/2216/1904 1922/2244/1929 1921/2253/1938
f 1949/2150/1844 1947/2178/1866 1935/2160/1849 1937/2151/1845
f 1863/2157/1807 1874/2147/1841 1924/2116/1811 1923/2115/1808
f 1995/2254/1939 2055/2255/1940 2057/2256/1941 1996/2257/1942
f 2055/2258/1940 2056/2259/1943 1994/2260/1944 1983/2261/1945
f 1996/2257/1942 2057/2256/1941 2058/2262/1946 1997/2263/1947
f 2057/2256/1941 2055/2255/1940 1983/2264/1945 1984/2265/1948
f 1997/2263/1947 2058/2262/1946 2059/2266/1949 1998/2267/1950
f 2058/2262/1946 2057/2256/1941 1984/2265/1948 1985/2268/1951
f 1998/2267/1950 2059/2266/1949 2060/2269/1952 1999/2270/1953
f 2059/2266/1949 2058/2262/1946 1985/2268/1951 1986/2271/1954
f 1999/2270/1953 2060/2269/1952 2061/2272/1955 2000/2273/1956
f 2060/2269/1952 2059/2266/1949 1986/2271/1954 1987/2274/1957
f 2000/2273/1956 2061/2272/1955 2062/2275/1958 2001/2276/1959
f 2061/2272/1955 2060/2269/1952 1987/2274/1957 1988/2277/1960
f 2001/2276/1959 2062/2275/1958 2063/2278/1961 2002/2279/1962
f 2062/2275/1958 2061/2272/1955 1988/2277/1960 1989/2280/1963
f 2002/2279/1962 2063/2278/1961 2064/2281/1964 2003/2282/1965
f 2063/2278/1961 2062/2275/1958 1989/2280/1963 1990/2283/1966
f 2003/2282/1965 2064/2281/1964 2065/2284/1967 2004/2285/1968
f 2064/2281/1964 2063/2278/1961 1990/2283/1966 1991/2286/1969
f 2004/2285/1968 2065/2284/1967 2066/2287/1970 2005/2288/1971
f 2065/2284/1967 2064/2281/1964 1991/2286/1969 1992/2289/1972
f 2005/2288/1971 2066/2287/1970 2056/2259/1943 2006/2290/1973
f 2066/2287/1970 2065/2284/1967 1992/2289/1972 1993/2291/1974
f 2082/2292/1975 2081/2293/1976 2069/2294/1977 2070/2295/1978
f 2056/2259/1943 2066/2287/1970 1993/2291/1974 1994/2260/1944
f 2083/2296/1979 2082/2292/1975 2070/2295/1978 2071/2297/1980
f 2067/2298/1981 2068/2299/1982 2006/2290/1973 1995/2300/1939
f 2084/2301/1983 2083/2296/1979 2071/2297/1980 2072/2302/1984
f 2069/2294/1977 2067/2303/1981 1995/2254/1939 1996/2257/1942
f 2085/2304/1985 2084/2301/1983 2072/2302/1984 2073/2305/1986
f 2070/2295/1978 2069/2294/1977 1996/2257/1942 1997/2263/1947
f 2086/2306/1987 2085/2304/1985 2073/2305/1986 2074/2307/1988
f 2071/2297/1980 2070/2295/1978 1997/2263/1947 1998/2267/1950
f 2087/2308/1989 2086/2306/1987 2074/2307/1988 2075/2309/1990
f 2072/2302/1984 2071/2297/1980 1998/2267/1950 1999/2270/1953
f 2088/2310/1991 2087/2308/1989 2075/2309/1990 2076/2311/1992
f 2073/2305/1986 2072/2302/1984 1999/2270/1953 2000/2273/1956
f 2089/2312/1993 2088/2310/1991 2076/2311/1992 2077/2313/1994
f 2074/2307/1988 2073/2305/1986 2000/2273/1956 2001/2276/1959
f 2090/2314/1995 2089/2312/1993 2077/2313/1994 2078/2315/1996
f 2075/2309/1990 2074/2307/1988 2001/2276/1959 2002/2279/1962
f 2080/2316/1997 2090/2314/1995 2078/2315/1996 2068/2299/1982
f 2076/2311/1992 2075/2309/1990 2002/2279/1962 2003/2282/1965
f 2077/2313/1994 2076/2311/1992 2003/2282/1965 2004/2285/1968
f 2078/2315/1996 2077/2313/1994 2004/2285/1968 2005/2288/1971
f 2068/2299/1982 2078/2315/1996 2005/2288/1971 2006/2290/1973
f 2079/2317/1998 2080/2316/1997 2068/2299/1982 2067/2298/1981
f 2007/2318/1999 2018/2319/2000 2080/2316/1997 2079/2317/1998
f 2007/2320/1999 2079/2321/1998 2081/2293/1976 2008/2322/2001
f 2008/2322/2001 2081/2293/1976 2082/2292/1975 2009/2323/2002
f 2009/2323/2002 2082/2292/1975 2083/2296/1979 2010/2324/2003
f 2010/2324/2003 2083/2296/1979 2084/2301/1983 2011/2325/2004
f 2011/2325/2004 2084/2301/1983 2085/2304/1985 2012/2326/2005
f 2012/2326/2005 2085/2304/1985 2086/2306/1987 2013/2327/2006
f 2013/2327/2006 2086/2306/1987 2087/2308/1989 2014/2328/2007
f 2014/2328/2007 2087/2308/1989 2088/2310/1991 2015/2329/2008
f 2015/2329/2008 2088/2310/1991 2089/2312/1993 2016/2330/2009
f 2016/2330/2009 2089/2312/1993 2090/2314/1995 2017/2331/2010
f 2017/2331/2010 2090/2314/1995 2080/2316/1997 2018/2319/2000
f 2019/2332/2011 2030/2333/2012 2092/2334/2013 2091/2335/2014
f 2019/2336/2011 2091/2337/2014 2093/2338/2015 2020/2339/2016
f 2091/2335/2014 2092/2334/2013 2018/2319/2000 2007/2318/1999
f 2020/2339/2016 2093/2338/2015 2094/2340/2017 2021/2341/2018
f 2093/2338/2015 2091/2337/2014 2007/2320/1999 2008/2322/2001
f 2021/2341/2018 2094/2340/2017 2095/2342/2019 2022/2343/2020
f 2094/2340/2017 2093/2338/2015 2008/2322/2001 2009/2323/2002
f 2022/2343/2020 2095/2342/2019 2096/2344/2021 2023/2345/2022
f 2095/2342/2019 2094/2340/2017 2009/2323/2002 2010/2324/2003
f 2023/2345/2022 2096/2344/2021 2097/2346/2023 2024/2347/2024
f 2096/2344/2021 2095/2342/2019 2010/2324/2003 2011/2325/2004
f 2024/2347/2024 2097/2346/2023 2098/2348/2025 2025/2349/2026
f 2097/2346/2023 2096/2344/2021 2011/2325/2004 2012/2326/2005
f 2025/2349/2026 2098/2348/2025 2099/2350/2027 2026/2351/2028
f 2098/2348/2025 2097/2346/2023 2012/2326/2005 2013/2327/2006
f 2026/2351/2028 2099/2350/2027 2100/2352/2029 2027/2353/2030
f 2099/2350/2027 2098/2348/2025 2013/2327/2006 2014/2328/2007
f 2027/2353/2030 2100/2352/2029 2101/2354/2031 2028/2355/2032
f 2100/2352/2029 2099/2350/2027 2014/2328/2007 2015/2329/2008
f 2028/2355/2032 2101/2354/2031 2102/2356/2033 2029/2357/2034
f 2101/2354/2031 2100/2352/2029 2015/2329/2008 2016/2330/2009
f 2029/2357/2034 2102/2356/2033 2092/2334/2013 2030/2333/2012
f 2102/2356/2033 2101/2354/2031 2016/2330/2009 2017/2331/2010
f 2031/2358/2035 2042/2359/2036 2104/2360/2037 2103/2361/2038
f 2092/2334/2013 2102/2356/2033 2017/2331/2010 2018/2319/2000
f 2031/2362/2035 2103/2363/2038 2105/2364/2039 2032/2365/2040
f 2103/2361/2038 2104/2360/2037 2030/2333/2012 2019/2332/2011
f 2032/2365/2040 2105/2364/2039 2106/2366/2041 2033/2367/2042
f 2105/2364/2039 2103/2363/2038 2019/2336/2011 2020/2339/2016
f 2033/2367/2042 2106/2366/2041 2107/2368/2043 2034/2369/2044
f 2106/2366/2041 2105/2364/2039 2020/2339/2016 2021/2341/2018
f 2034/2369/2044 2107/2368/2043 2108/2370/2045 2035/2371/2046
f 2107/2368/2043 2106/2366/2041 2021/2341/2018 2022/2343/2020
f 2035/2371/2046 2108/2370/2045 2109/2372/2047 2036/2373/2048
f 2108/2370/2045 2107/2368/2043 2022/2343/2020 2023/2345/2022
f 2036/2373/2048 2109/2372/2047 2110/2374/2049 2037/2375/2050
f 2109/2372/2047 2108/2370/2045 2023/2345/2022 2024/2347/2024
f 2037/2375/2050 2110/2374/2049 2111/2376/2051 2038/2377/2052
f 2110/2374/2049 2109/2372/2047 2024/2347/2024 2025/2349/2026
f 2038/2377/2052 2111/2376/2051 2112/2378/2053 2039/2379/2054
f 2111/2376/2051 2110/2374/2049 2025/2349/2026 2026/2351/2028
f 2039/2379/2054 2112/2378/2053 2113/2380/2055 2040/2381/2056
f 2112/2378/2053 2111/2376/2051 2026/2351/2028 2027/2353/2030
f 2040/2381/2056 2113/2380/2055 2114/2382/2057 2041/2383/2058
f 2113/2380/2055 2112/2378/2053 2027/2353/2030 2028/2355/2032
f 2041/2383/2058 2114/2382/2057 2104/2360/2037 2042/2359/2036
f 2114/2382/2057 2113/2380/2055 2028/2355/2032 2029/2357/2034
f 2104/2360/2037 2114/2382/2057 2029/2357/2034 2030/2333/2012
f 2115/2384/2059 2116/2385/2060 2042/2359/2036 2031/2358/2035
f 2117/2386/2061 2115/2387/2059 2031/2362/2035 2032/2365/2040
f 2118/2388/2062 2117/2386/2061 2032/2365/2040 2033/2367/2042
f 2119/2389/2063 2118/2388/2062 2033/2367/2042 2034/2369/2044
f 2120/2390/2064 2119/2389/2063 2034/2369/2044 2035/2371/2046
f 2121/2391/2065 2120/2390/2064 2035/2371/2046 2036/2373/2048
f 2122/2392/2066 2121/2391/2065 2036/2373/2048 2037/2375/2050
f 2123/2393/2067 2122/2392/2066 2037/2375/2050 2038/2377/2052
f 2124/2394/2068 2123/2393/2067 2038/2377/2052 2039/2379/2054
f 2125/2395/2069 2124/2394/2068 2039/2379/2054 2040/2381/2056
f 2116/2385/2060 2115/2384/2059 2043/2396/2070 2054/2397/2071
f 2126/2398/2072 2125/2395/2069 2040/2381/2056 2041/2383/2058
f 2115/2387/2059 2117/2386/2061 2044/2399/2073 2043/2400/2070
f 2116/2385/2060 2126/2398/2072 2041/2383/2058 2042/2359/2036
f 2117/2386/2061 2118/2388/2062 2045/2401/2074 2044/2399/2073
f 2118/2388/2062 2119/2389/2063 2046/2402/2075 2045/2401/2074
f 2119/2389/2063 2120/2390/2064 2047/2403/2076 2046/2402/2075
f 2120/2390/2064 2121/2391/2065 2048/2404/2077 2047/2403/2076
f 2121/2391/2065 2122/2392/2066 2049/2405/2078 2048/2404/2077
f 2122/2392/2066 2123/2393/2067 2050/2406/2079 2049/2405/2078
f 2123/2393/2067 2124/2394/2068 2051/2407/2080 2050/2406/2079
f 2124/2394/2068 2125/2395/2069 2052/2408/2081 2051/2407/2080
f 2125/2395/2069 2126/2398/2072 2053/2409/2082 2052/2408/2081
f 2126/2398/2072 2116/2385/2060 2054/2397/2071 2053/2409/2082
f 1995/2300/1939 2006/2290/1973 2056/2259/1943 2055/2258/1940
f 2081/2293/1976 2079/2321/1998 2067/2303/1981 2069/2294/1977
f 2139/2410/2083 2127/2411/2083 2128/2412/2084 2140/2413/2084
f 2140/2413/2084 2128/2412/2084 2129/2414/2085 2141/2415/2085
f 2141/2415/2085 2129/2414/2085 2130/2416/2086 2142/2417/2086
f 2142/2417/2086 2130/2416/2086 2131/2418/2087 2143/2419/2087
f 2143/2419/2087 2131/2418/2087 2132/2420/2088 2144/2421/2088
f 2144/2421/2088 2132/2420/2088 2133/2422/2089 2145/2423/2089
f 2145/2423/2089 2133/2422/2089 2134/2424/2090 2146/2425/2090
f 2146/2425/2090 2134/2424/2090 2135/2426/2091 2147/2427/2091
f 2147/2427/2091 2135/2426/2091 2136/2428/2092 2148/2429/2092
f 2148/2429/2092 2136/2428/2092 2137/2430/2093 2149/2431/2093
f 2149/2431/2093 2137/2430/2093 2138/2432/2094 2150/2433/2094
f 2152/2434/2095 2174/2435/2096 2173/2436/2096 2151/2437/2095
f 2155/2438/2097 2156/2439/2097 2154/2440/2098 2153/2441/2098
f 2157/2442/2099 2158/2443/2099 2156/2439/2097 2155/2438/2097
f 2159/2444/2100 2160/2445/2100 2158/2443/2099 2157/2442/2099
f 2161/2446/2101 2162/2447/2101 2160/2445/2100 2159/2444/2100
f 2163/2448/2102 2164/2449/2102 2162/2447/2101 2161/2446/2101
f 2165/2450/2103 2166/2451/2103 2164/2449/2102 2163/2448/2102
f 2167/2452/2104 2168/2453/2104 2166/2451/2103 2165/2450/2103
f 2169/2454/2105 2170/2455/2105 2168/2453/2104 2167/2452/2104
f 2171/2456/2106 2172/2457/2106 2170/2455/2105 2169/2454/2105
f 2173/2436/2096 2174/2435/2096 2172/2457/2106 2171/2456/2106
f 2127/2458/2083 2139/2459/2083 2150/2433/2094 2138/2432/2094
f 2153/2441/2098 2154/2440/2098 2152/2434/2095 2151/2437/2095
